frame_id,time_s,x,y,yaw,gt_x,gt_y,gt_yaw
139,0.0,0.0,0.0,0.0,0.09339970057504145,1.1358837629051661,-1.0896440779147167
140,0.06786203384399414,-0.011594600940600393,3.2376063989758563e-06,-0.00982183527761602,0.09370636702762268,1.1343231642906988,-1.0826538126854768
141,0.13338398933410645,-0.008370299385835542,0.0002249455732719274,-0.010037805940689072,0.09406280075622767,1.1324690401912356,-1.0747679263816428
142,0.19972491264343262,-0.024090880275293214,-0.0028532500876789265,-0.023363868445355703,0.09435051897858064,1.1303047536340731,-1.0694708989734756
143,0.26868200302124023,-0.0360811036095639,-0.0022798288173762095,-0.03364401624424913,0.09473738511550021,1.127776412528336,-1.061962915228324
144,0.46527886390686035,-0.04706566570436364,-0.002332704824983307,-0.04488421009316099,0.09547754234005583,1.118101379342347,-1.0542749017934834
145,0.5225210189819336,-0.056752423277061974,-0.0018471571141394862,-0.052798296476059686,0.09623966239557535,1.1140222478297752,-1.0391806373671324
146,0.590487003326416,-0.06617695589224923,-0.0031962205082236616,-0.058036323584838304,0.09669418138417112,1.1098984502260956,-1.0333717503974515
147,0.6624939441680908,-0.0752057540140348,-0.0024194676122494415,-0.066143877428846,0.09716019888015609,1.1059907491283272,-1.029665695424497
148,0.7227020263671875,-0.08760703361834361,-0.0017747987758950463,-0.07525926902781116,0.0976629036693496,1.1026245412580014,-1.0239148653665802
149,0.7914278507232666,-0.08155737095693483,-0.003236535281932123,-0.07266331723306067,0.09815945609028374,1.0989757128663145,-1.0192577955683584
150,0.8649969100952148,-0.09543237276019936,-0.003263088089078526,-0.08227963631593399,0.09865327785254346,1.0950234790549314,-1.015467584704958
151,0.9225409030914307,-0.08759098739110832,-0.0031333834989756247,-0.07703713262669154,0.09916008879285672,1.0917457780219324,-1.0097050367382443
152,0.9905140399932861,-0.10128107861453552,-0.0017503049172951128,-0.08624014415369506,0.09965849971207548,1.0880596177825994,-1.0052426440157072
153,1.0650138854980469,-0.09735837175521818,-0.0016302704806257593,-0.08347119080984772,0.10020461225708549,1.0842095654620223,-1.0026596440744393
154,1.1226780414581299,-0.1066296419354399,-0.0026653691612373294,-0.08932850599951812,0.10069192357025505,1.0811952428004823,-0.9999863629722178
155,1.1910719871520996,-0.12257305277692307,-0.002774506254796605,-0.09889926402672117,0.10123173206525532,1.0775571100916268,-0.9981479828717362
156,1.262483835220337,-0.11524236495864569,-0.003203808287667266,-0.09399213696951243,0.10172779991427439,1.0740648211703518,-0.9970251941561591
157,1.330082893371582,-0.14419235411923523,-0.0029546251775524656,-0.10858716876906567,0.10218035205578795,1.071054890141851,-0.99535246267548
158,1.3908820152282715,-0.1280912170607219,-0.0044151482264001484,-0.0986454823229285,0.10263905070921239,1.0679300276535513,-0.9942704203245811
159,1.4649980068206787,-0.12174602425262357,-0.006635584327204288,-0.09610949266001889,0.10327986985586021,1.0637459777965959,-0.9930690683568463
160,1.522495985031128,-0.42874305319844597,0.10434738680371713,-0.32138669600355035,0.10385819364714316,1.0606970328067935,-0.9914080547849639
161,1.590898036956787,-0.7234833301348731,0.2913030395138354,-0.5532811936413181,0.10454035144297297,1.0571092058281453,-0.9894125481801676
162,1.6624870300292969,-0.9594537043576711,0.5169132489982329,-0.7694792021973996,0.10521786280786785,1.0534500848267287,-0.9879406190456804
163,1.7226688861846924,-1.106785288911855,0.7301429863803119,-0.9455746636583784,0.10589411842411219,1.0502839475472832,-0.9839469426749979
164,1.7912828922271729,-1.1089732693416758,0.7348108022929097,-0.9497835513084257,0.10663266182674859,1.0467474591619406,-0.9802933519755181
165,1.8624608516693115,-1.1113418239255284,0.7403742618207712,-0.9551740461460716,0.10743900014451031,1.0430714023544698,-0.9766048738657584
166,1.922658920288086,-1.105975812388851,0.733546013514139,-0.9498847536182884,0.10829269530513294,1.0397273084541894,-0.9710023818805587
167,1.9909908771514893,-1.113838224311395,0.7470566176357788,-0.9617587517654196,0.10923862156598362,1.0359825477148874,-0.9663189467875454
168,2.0623748302459717,-1.1251997676825107,0.7612677110845357,-0.9738658216986493,0.11007594221579171,1.03256445321959,-0.9626102286535011
169,2.1225168704986572,-1.2330514010275992,0.9581954838064952,-1.1060220520620527,0.11088831836954177,1.0295586894231272,-0.9570106661455005
170,2.190279960632324,-1.2979578245156607,1.1358504818543929,-1.21522473436261,0.11181268176522113,1.0259394830423956,-0.9523506668700795
171,2.262528896331787,-1.3297076902344362,1.2675132038526307,-1.2905670377002947,0.11281934575855343,1.0220270994561707,-0.9485370201890863
172,2.3226568698883057,-1.3315797173283341,1.3269975968138192,-1.3151415431657156,0.11385905264397582,1.0184613231385915,-0.9429694156141667
173,2.3901119232177734,-1.3756597357423495,1.7545761567477207,-1.5889458959311258,0.11486896061015928,1.0151190571138737,-0.9378614726433944
174,2.465122938156128,-1.3393063341422569,2.027787001743434,-1.7571606761821716,0.11592420802085342,1.0114245858009194,-0.9343008262659586
175,2.522675037384033,-1.286846093214635,2.1833332733696134,-1.8544501384530783,0.11696417998178008,1.0079612127033701,-0.9293761087781842
176,2.6146838665008545,-1.2010072021829619,2.372796732013438,-1.9722994086405283,0.11835477333879993,1.0030791895143079,-0.9249081234173583
177,2.6869399547576904,-1.0689547871332943,2.6313232459990297,-2.1509962022561857,0.11950736128795365,0.9993113105099695,-0.9207019267916872
178,2.7317419052124023,-0.8132870491018546,2.9367845234042607,-2.4059684586755115,0.12033752111547903,0.9968806439646091,-0.9165886744880595
179,2.86244797706604,-0.5154540140966493,3.3046497554944665,-2.729061555677873,0.12242885337084312,0.9903808277083408,-0.9110881815726101
180,2.9226739406585693,-0.40806182039983013,3.394055661067683,-2.825307015238736,0.12340245915399763,0.987303558174454,-0.909238083563332
181,2.9904730319976807,-0.5675596236572154,3.428358826552225,-2.7822491417635447,0.12452822765442584,0.9837886517532065,-0.9067392395125105
182,3.0643808841705322,-0.17338183094904303,3.5602261535412794,-3.0898623352223584,0.12568656122431804,0.9801230900122493,-0.905075296463429
183,3.122534990310669,-0.027555051062593594,3.5820124613252324,-3.2108376916832717,0.1267035665574061,0.9772154228217441,-0.9023615353126381
184,3.1901779174804688,0.01909036518480739,3.5997560472786265,-3.2710963507988375,0.12790225113351988,0.9739291444273167,-0.8996328604597431
185,3.2643768787384033,-0.03539796820542837,3.625589254150845,-3.2631476527257393,0.12909107430975045,0.970587769710138,-0.897919648930495
186,3.39034104347229,-0.3224988048272527,3.678862264658222,-3.119516539449329,0.13142302869911948,0.9642150972749209,-0.8924740171335013
187,3.462467908859253,-0.6182942374276164,3.5778336541832836,-2.9550504371014177,0.1327540004910505,0.9605551664912388,-0.8906734539204985
188,3.5226588249206543,-0.825537790482416,3.491685831280627,-2.8221341275188125,0.13389914825351584,0.957556646382424,-0.8879450453837124
189,3.590315818786621,-0.9841758463243161,3.4002914630431023,-2.7156929639496403,0.13519477229578308,0.9543005752053796,-0.8859902851435941
190,3.722533941268921,-1.5972341952293523,2.907524631509922,-2.207769118415824,0.1378488332620978,0.9477435315564536,-0.881176088841058
191,3.790433883666992,-1.686244674563264,2.71188576902386,-2.06835818844079,0.1391732250721651,0.944449064101669,-0.8790961600297059
192,3.9225268363952637,-1.7713736699740932,2.450742966697613,-1.8892700146475403,0.14202634217938978,0.9377917720555327,-0.8718094849711402
193,3.9904708862304688,-1.7519895327609158,2.2960786122335035,-1.7983127849191403,0.14358857525889807,0.934341969418781,-0.8672978237684372
194,4.122661828994751,-1.7160062528555544,2.2798393114732423,-1.7861982756812307,0.1464266776774156,0.9281797539890863,-0.8598596148438458
195,4.190317869186401,-1.683927456545939,2.444308271210867,-1.8939642133457657,0.14785723455907884,0.9250968626852236,-0.8558134741996883
196,4.322530031204224,-1.715723303901704,2.345620313097486,-1.8224735730792079,0.15108111298329635,0.9181232141240534,-0.8488991090615158
197,4.390203952789307,-1.7155886988927966,2.347434785394655,-1.8238223265815416,0.1527002246923479,0.9148291061202376,-0.8449925180584781
198,4.462719917297363,-1.444409404099846,2.776883069927142,-2.1497992273772306,0.15439459399631614,0.9113726061995255,-0.8424063223239027
199,4.522666931152344,-1.1985572861619815,2.985972726595458,-2.332509810928215,0.15588714149180377,0.9084371850591862,-0.8384067869988215
200,4.590322017669678,-1.036041098013062,3.1640143456002336,-2.4551171731038233,0.1574101052677515,0.905426283889035,-0.8346892804331798
201,4.662467002868652,-0.884496641411112,3.300105960462175,-2.5533528522112703,0.1590899621574971,0.9020761839061864,-0.832076985719921
202,4.722681045532227,-0.7648646816964147,3.468951719357985,-2.6711942273594986,0.16081069257753655,0.898794570732184,-0.8281035493735232
203,4.790441036224365,-0.7473666096251104,3.5106542037257276,-2.683193052566027,0.16260709364461232,0.8954828236526186,-0.8244150712637631
204,4.864851951599121,-0.9799971774522059,3.339622929161235,-2.511418092768902,0.16443783880090468,0.8920507338265201,-0.8220821421488541
205,4.922507047653198,-1.0566223509337116,3.195313128735776,-2.4111508842689853,0.1659212507034885,0.8893331533421995,-0.8181811437841056
206,4.989715814590454,-0.9964157420004597,3.1000111383180684,-2.312897302951013,0.16769416695697775,0.8861060920011358,-0.8144841435588579
207,5.064359903335571,-1.1027243366752093,2.6180439173219843,-1.9249634828158033,0.16961941746014855,0.8825673752985491,-0.8123605389056286
208,5.122653007507324,-0.9911496387406102,2.6341438184559927,-1.8738395936189787,0.17110052279348936,0.879986825149764,-0.8090707360110536
209,5.1897218227386475,-1.0681091831872291,2.238979782090984,-1.5599018162771838,0.17282621069352633,0.8769951119971001,-0.8057516383444878
210,5.262389898300171,-1.0412827878982291,2.616320217280323,-1.775140276795598,0.17473574496527589,0.8737087692411809,-0.8036107231441733
211,5.3225109577178955,-0.9663328132775385,2.890045774635976,-1.9330172618452879,0.17642842992766047,0.8708528566234612,-0.8003555413437695
212,5.398732900619507,-0.985157899631716,2.886835514862261,-1.8777043561851277,0.17852397961820554,0.8672744758840705,-0.7974060904365067
213,5.464630842208862,-0.993517690491564,2.8641312415653983,-1.8285817499040655,0.18037980867303582,0.8641366608006781,-0.7940840632927418
214,5.522522926330566,-1.1211284459037811,2.5939939100593166,-1.6338292360032913,0.18190681358987293,0.8615974871205079,-0.7918587258858713
215,5.590327978134155,-1.1795784138552357,2.3426278656284554,-1.5288538868563368,0.18362183069325222,0.8588750476686945,-0.7887609369058913
216,5.663076877593994,-1.2206262281918252,2.1676185887840926,-1.479759030223093,0.18564819592686604,0.8556326964352392,-0.7865734163864999
217,5.723301887512207,-1.286666481660398,2.5502677431283156,-1.7662097705900546,0.18755665770795613,0.852640122584284,-0.7832950650846126
218,5.790546894073486,-1.2021666898652952,3.0539914843293947,-2.135872995468506,0.1894511393423543,0.8496593017321092,-0.7803629247244354
219,5.862465858459473,-1.3301431057285835,2.9065972647281386,-2.067866393870066,0.19137973168383718,0.846609246199734,-0.7780795304058014
220,5.923182964324951,-1.3907660954735888,2.86312102437133,-2.0806388355967016,0.1930432233658772,0.8440354268348941,-0.7748126306966013
221,5.989722013473511,-1.4527042555442327,2.7313024838419993,-2.064377791952124,0.19510337344110618,0.8409050093693786,-0.7718282923790585
222,6.0624330043792725,-1.5293337634415665,2.7261198755781444,-2.1314893787323372,0.19743297992853295,0.837399219972847,-0.7697688699081001
223,6.123149871826172,-1.688244651528626,2.5485850768506664,-2.054844618146082,0.19926937540307943,0.8347281322268842,-0.7664729417430179
224,6.190269947052002,-1.8718591096627575,2.327984151230674,-1.9408032565347977,0.20127148716031354,0.8318262285122903,-0.7634710265622806
225,6.264508008956909,-2.081508574274902,2.2632982334407776,-1.8880870827399616,0.20342097875494944,0.8287015148111021,-0.7614406325472045
226,6.323307991027832,-2.126398514423061,2.0672514047880433,-1.8539249282558128,0.20533066857584156,0.8259830129571355,-0.7581798581085114
227,6.390501022338867,-2.208223696855447,1.4574124244441424,-1.5530041675502781,0.20747587598548992,0.8229551331577233,-0.7548607604419458
228,6.464576959609985,-1.7760761667874672,0.48764908198459755,-0.9214448050505347,0.20971240881374517,0.8198699426729015,-0.7526644514909573
229,6.523177862167358,-1.0059508683146878,0.0504430949992718,-0.385803342979243,0.21156340102172003,0.8173585119078669,-0.7493629306875861
230,6.589577913284302,-0.00981650663065059,0.0625503942835331,0.2101011139859712,0.21363304410354078,0.8145424799455414,-0.7460060161335411
231,6.662511825561523,0.27738955957548617,0.13521030693163613,0.33746868469333224,0.2159014740756905,0.811357363481972,-0.7439873400272611
232,6.723172903060913,0.20840801939453196,0.08811301306788115,0.22658514507478383,0.217881846499783,0.8086713518921045,-0.7407207066341699
233,6.790554046630859,0.4292593734582945,0.11283830375084046,0.3503706376680029,0.22002852409954166,0.8058424014332364,-0.7378671295261502
234,6.862649917602539,0.5417770266615594,0.11176500649376328,0.39489806197659855,0.22239765178375767,0.8027980023564215,-0.7356388626420807
235,6.9233598709106445,0.6713365601831605,0.1782865064799551,0.47307964503806305,0.22450861429488211,0.8001467572814943,-0.7323546523857952
236,6.989848852157593,0.7816771379304658,0.2508646391179542,0.543901923688525,0.22663359907705863,0.7974317006605197,-0.7292741739529002
237,7.062330007553101,0.848453521638498,0.2880717824826101,0.5766692766191207,0.22890432885621048,0.7945023780837348,-0.7271332587525857
238,7.123147964477539,0.8941282983225801,0.3140168741515451,0.5972807854140971,0.23093007342769004,0.7919263185838845,-0.7238141610860199
239,7.190116882324219,0.6178140597725261,0.22581646634797636,0.39895509311665167,0.2331719528613962,0.7891453658154146,-0.7216820343173027
240,7.262462854385376,0.39210341367901347,0.13262741726621904,0.20802267606887942,0.23560592247785184,0.7861581104727349,-0.7193520346795921
241,7.3233020305633545,0.37153129448057604,0.1014139771688945,0.17015799039899174,0.23765211073985,0.7836669045506528,-0.7161027118335864
242,7.390300035476685,0.1749195883336318,0.0422436176952504,0.021156464677141967,0.23983966361997663,0.7810382518179222,-0.7130134449690946
243,7.467104911804199,0.03297596214551329,0.003880814671873699,-0.09240193147757925,0.24220392259895296,0.778218768187283,-0.7110965016164554
244,7.523308038711548,-0.005587721502113278,-0.016631779540118893,-0.12337773551358322,0.24427331226829316,0.7757286950137806,-0.7078676851108433
245,7.590167045593262,-0.2808752197356855,-0.016945615442116237,-0.3200475869983063,0.24677608725095582,0.77272571033345,-0.7047872066779489
246,7.66446590423584,-0.46283571271174856,-0.043584813391127554,-0.49269347085856097,0.24940249854404606,0.7697736716507799,-0.7025735871798751
247,7.723168849945068,-0.4325662476667912,0.05045943943483624,-0.5399906007373686,0.25150252635396597,0.7674187600699115,-0.6993884465161404
248,7.790380954742432,-0.6033674745527905,0.20672898354521915,-0.7151328959261056,0.2538385990957708,0.7647799683263689,-0.6961769405576135
249,7.8869240283966064,-0.2542231432203265,0.016098762190194987,-0.4735253160520439,0.2571219937316247,0.7610247282532362,-0.6940738422447781
250,7.941290855407715,-0.16155882625040474,-0.013480077831368821,-0.4169083956121412,0.2591443648549411,0.7587841402781669,-0.6900332942389098
251,8.013690948486328,-0.19680484213982488,0.03211448357018649,-0.45780029029426417,0.2616320702751445,0.7559832626476407,-0.6878894495613963
252,8.124419927597046,-0.06554913459384534,-0.0924486472705435,-0.393411123819692,0.26547447623238074,0.7518984474952698,-0.6820368867498381
253,8.190140008926392,-0.10709079814742581,-0.08343643071857727,-0.4375090963315943,0.2680559841483792,0.7491256494602148,-0.6798725357319303
254,8.262326955795288,-0.3904410951288645,0.08766431098015583,-0.6724009035768707,0.2708283497506989,0.7461423490411244,-0.6778828880815321
255,8.323149919509888,-0.6313089741510365,0.4433802109623707,-0.9636003626160059,0.2730591823545533,0.743768143546144,-0.6748287749434295
256,8.390139818191528,-0.7561317532170058,0.7676326484522487,-1.2019215296993402,0.2754017875474743,0.7412681215354274,-0.672300902436726
257,8.464210987091064,-0.7001969198117173,0.7251845151514291,-1.16572572022971,0.2779453880048287,0.7385686922527219,-0.6707823679831629
258,8.523233890533447,-0.6513743496721639,0.6807106111335288,-1.1302672571145331,0.28028111622971075,0.736242020183824,-0.6684960441873299
259,8.590467929840088,-0.646296722641686,0.6677926618521473,-1.1187206944672516,0.2827321942163365,0.7337832970587601,-0.6661980024827007
260,8.667021036148071,-0.7107069587104762,0.6172769853828755,-1.205924789151617,0.28516648782669063,0.7313023688447274,-0.6648600303510448
261,8.723134994506836,-0.6583449887560362,0.3723058704865426,-1.1163315864818268,0.28732936636467266,0.7291165706098519,-0.6625589260111616
262,8.790364027023315,-0.4961795355028432,0.04612040808744189,-0.9655748336793126,0.2900200731680608,0.7263973618149384,-0.6604442429475844
263,8.862352848052979,-0.24023449982410744,-0.2986180677420637,-0.7785736765501354,0.2926299863252021,0.7238137322281436,-0.6589781727674959
264,8.922518014907837,0.029118287673082888,-0.5531287407875067,-0.614701041402318,0.2948977216814054,0.7216094126631369,-0.6572299406699132
265,8.99041199684143,0.23656707829378423,-0.6672130295277447,-0.5066468891587426,0.2974235138256062,0.7191669333222125,-0.6565143492850088
266,9.12257981300354,0.42522257082094095,-0.7914184521741483,-0.4399825236008238,0.30222741529575986,0.7145201174535062,-0.6551354976306206
267,9.19026494026184,0.37767218426166327,-0.824437522350661,-0.5010919223960131,0.30472120815071974,0.7121083105013793,-0.6544665115647924
268,9.265162944793701,0.9157321991028468,-1.067656604740583,-0.1547665711869814,0.3075023606235458,0.7094754522694456,-0.6540185678694416
269,9.322465896606445,1.1241597246736958,-1.057598354204916,-0.0628169031938442,0.3096789196783961,0.7074458761232688,-0.6531807373905026
270,9.389549016952515,1.0893238818608832,-1.1463948475987646,-0.051677765516486854,0.31216334179950983,0.7051326594666931,-0.6519735264683697
271,9.468513011932373,0.748757512375694,-0.9464497371062921,-0.30577396378279564,0.31508715869691056,0.7024456526462183,-0.6511532728526251
272,9.522433996200562,0.934604553621935,-0.9545834828897545,-0.20448554688635662,0.3171825016455916,0.7005686613230265,-0.6497250195600159
273,9.59050703048706,1.1611156974824937,-0.9527982321509594,-0.08171907787367388,0.31977714275231306,0.6982161452021738,-0.6480000901219712
274,9.662667036056519,1.3909984166349976,-0.9757420617106007,0.027192933493434726,0.3224824586265464,0.6957535598216723,-0.6467754354946984
275,9.722617864608765,1.3131280386876327,-1.0482758544494462,-0.018662085725103583,0.3249505902925332,0.6935960015952334,-0.6441981613497737
276,9.790536880493164,1.2498683246047395,-1.0886479532275923,-0.06307517094493945,0.327667875669931,0.6912279287358697,-0.6419320775782258
277,9.922444820404053,1.2073187791405238,-1.1379592636233866,-0.10282572953119462,0.33283122833259493,0.6867824944061173,-0.6356255789588636
278,9.989645957946777,1.4278372344699735,-1.3094882524174312,-0.013744944505177895,0.33537878332399973,0.6845961039147987,-0.6319866356453792
279,10.122586965560913,1.9317477104298213,-1.6815426280876722,0.18337900316802963,0.3413728882241399,0.6794865533947492,-0.6247929049088573
280,10.189721822738647,2.0898233357727927,-1.7349425584316802,0.18554622469570864,0.3441054319285645,0.6772389497696175,-0.6209125460425574
281,10.3225998878479,1.8123244800991818,-1.8672781547067698,-0.18986578543701416,0.3492712571591498,0.6730231906867785,-0.6137246742604336
282,10.390590906143188,1.6854020394426994,-1.8883849697883777,-0.3608782785672217,0.3524041061030911,0.6705070246640591,-0.6101496468131108
283,10.522634029388428,1.7108397083010938,-2.016282846080537,-0.49946641372990364,0.3581244298299814,0.6658058605903103,-0.602656310453955
284,10.590093851089478,2.268412541141672,-2.202430802727096,-0.20002490205545587,0.36098666647354016,0.6635514617993091,-0.5995671767475178
285,10.722566843032837,3.627569272271043,-2.1086898704620607,0.5388542504643199,0.3666460225608848,0.659145669452267,-0.5929640019827209
286,10.79049301147461,3.685518331466428,-2.1411864307086126,0.4940440386692847,0.3696112448773157,0.6568461474932505,-0.5892610096450199
287,10.86338496208191,3.971607866587066,-2.015467976890416,0.6253095488633372,0.3726899705920989,0.6544462997749552,-0.586805841436076
288,10.922579050064087,4.139406192250015,-1.8169448152305039,0.7393522797060312,0.37499114167334113,0.652643852966274,-0.5830563769373532
289,10.990232944488525,4.130104155049307,-1.7665943719298491,0.7573745439487506,0.3775784170005926,0.6506239894546705,-0.5804587296100903
290,11.06297492980957,4.3719346247748065,-1.5265979735760382,0.9771716622398752,0.3809182637494965,0.648179972893306,-0.578582399464075
291,11.122458934783936,4.580497551121121,-1.1593485497571443,1.2571355618207947,0.3836233262886821,0.6461854471217355,-0.5759120478390524
292,11.189548969268799,4.3875882622247335,-1.6215512494627777,0.8858179718139023,0.3865766473660915,0.643996765422512,-0.57362279456602
293,11.263208866119385,3.996121088428624,-2.058974793642638,0.4578464455765796,0.3895211284175719,0.6418126675777767,-0.5717407386236614
294,11.322556972503662,4.1072625670437635,-2.063018349223937,0.4358631059225245,0.39204162973225865,0.6399359881823522,-0.5690878307037791
295,11.390236854553223,4.279304376217146,-2.1218836227177245,0.45769848348916375,0.3949638180531181,0.6377367436889847,-0.5667170847013905
296,11.475462913513184,4.06856659561181,-2.1607632721462666,0.2571752610478325,0.3985208857528666,0.6352193235772526,-0.5649631268074641
297,11.522620916366577,3.9931366784761617,-2.131157431830912,0.17823872662842472,0.40065224716025677,0.6337385407308609,-0.5617982261680141
298,11.590093851089478,4.057487192594881,-2.073601364948363,0.18146753448666125,0.40361116228920285,0.631646793710787,-0.5602128463710895
299,11.663041830062866,3.70111683636751,-2.0125802480613695,-0.07622261382346157,0.4067377006665548,0.6294157505814326,-0.5584995016837871
300,11.722417831420898,3.4107732594662497,-1.8864158555986958,-0.3059726241191879,0.4093206906859283,0.6275658144374683,-0.5558087768764258
301,11.79052186012268,3.553157466010145,-1.9153038645722769,-0.23810388968964527,0.41197253438277115,0.6257153931874574,-0.5539995583898802
302,11.863240957260132,3.768312617637916,-1.9584178082360242,-0.12535217882926014,0.4147911667501436,0.6237638323198768,-0.5523472000915408
303,11.922538995742798,3.797152710025651,-2.0270244592522504,-0.10500533803283132,0.4176835457874692,0.6218140380153745,-0.5496797779437171
304,11.989806890487671,3.7916251614264036,-2.0216474520551357,-0.1090584989990251,0.4208118247821899,0.6197058521785734,-0.5475766796308815
305,12.064960956573486,4.0797833986053345,-1.9609404875922567,0.08816797336410039,0.4241501548953304,0.6174557924789535,-0.5461542852926704
306,12.122423887252808,3.526336204087951,-1.9437454034488253,-0.293860951952945,0.4266062099814276,0.6158085547032995,-0.5434780747132496
307,12.190088033676147,3.493883542969517,-1.9532301903630134,-0.33681005446642365,0.4294824912974154,0.613866081744296,-0.5411161171424583
308,12.264955997467041,3.655149064712383,-2.0083959602808292,-0.24763605746749928,0.4326880451946517,0.6116692871343601,-0.5396150263940358
309,12.322419881820679,3.562396793123398,-2.0214936301409265,-0.3302617352786087,0.4352559926246791,0.609989505783693,-0.5369389489726695
310,12.390249013900757,3.5226870042213805,-2.0510105737145827,-0.38431474070376537,0.4382510638859499,0.6080588460952565,-0.5343413016454058
311,12.465265035629272,3.4375673706112253,-2.064555354182361,-0.47647496927202526,0.4415819867147519,0.6059583087961911,-0.5326134427301628
312,12.522538900375366,3.5042493375226496,-2.118297007333041,-0.4519015805896688,0.4441929727443802,0.604304528007013,-0.529934302673543
313,12.590226888656616,3.4752795675443258,-2.0077439899406433,-0.5650094005055466,0.44717259684784744,0.6023954365628579,-0.527645049400511
314,12.664862871170044,3.6426839085931753,-2.0739120678813387,-0.5013565454728329,0.45052822230148215,0.6002421965843963,-0.5259985500565695
315,12.722404956817627,3.8670487355078422,-2.1910084094359403,-0.352355363513547,0.45322919885491797,0.5985213113294247,-0.5233050289300634
316,12.790333986282349,3.9425040177315895,-2.2206734653259397,-0.3167989903020482,0.4561881931664873,0.5966986719026334,-0.5207073816027997
317,12.864888906478882,4.315105286019678,-2.288920831861447,-0.0874267607508509,0.45937904765192294,0.5947385352330694,-0.5189823190067009
318,12.922399044036865,3.9846526699282645,-2.129786755951677,-0.330817087982885,0.4620097065237529,0.5931358316367381,-0.5154742700607944
319,12.990358829498291,4.403277681926892,-2.14261022353179,-0.033618275022438304,0.4650975208153193,0.5912287649655497,-0.51193998897815
320,13.064998865127563,4.1931340914243505,-2.113333116048129,-0.156320053443065,0.46845058465012684,0.5891643197624878,-0.5096419472735209
321,13.131350040435791,4.0235817747428735,-2.0598547735240906,-0.25946248615709866,0.4717094331656414,0.5872121674445152,-0.5061105956680751
322,13.209161043167114,3.9722045594889495,-2.031403012072555,-0.2852724871971795,0.4752599489616235,0.5851054667647775,-0.5030358430315247
323,13.276408910751343,3.937864988394075,-2.0163676266212236,-0.29679874679740925,0.4783370333628215,0.5832966473596596,-0.49961794208851673
324,13.402942895889282,3.8832713048759926,-1.9853674327380135,-0.3107865926597199,0.48416051148743683,0.5799125274572037,-0.4937740345505016
325,13.465939044952393,3.8370146032755534,-1.970231756934138,-0.3273294638544559,0.4868325169077619,0.5783626588181464,-0.49046945111187684
326,13.523000955581665,3.7877293811877863,-1.9489425278785513,-0.34758898230518936,0.4894189791355834,0.5768601465911918,-0.4880841908815474
327,13.589689016342163,3.8305636907373843,-1.8914383177613283,-0.36684268821099986,0.49283179673238553,0.5748800280052752,-0.48450636711508027
328,13.665004968643188,4.162150133331365,-1.9905043456724416,-0.27072851104517115,0.4963925914149872,0.5728609920785105,-0.4821326916354925
329,13.722553014755249,4.162150133331365,-1.9905043456724416,-0.27072851104517115,0.4991974483032479,0.5712893544608847,-0.47838016450151655
330,13.790338039398193,4.112734548218618,-1.896137609701336,-0.30967925120193884,0.5023296531493212,0.5695558896149691,-0.47486625660121146
331,13.864823818206787,4.033826985067771,-1.7765843523905078,-0.3619440229361853,0.5058193816542441,0.5676208226965167,-0.47244317948340286
332,13.922315835952759,3.949476521921741,-1.675980971190333,-0.42286902104200824,0.5087530318130397,0.5660038525909845,-0.46780062391312194
333,13.989609956741333,3.9818110327159935,-1.6986695460012282,-0.3837269835023882,0.511781940774516,0.5643260839397993,-0.4654298779107337
334,14.065017938613892,3.8502359757162172,-1.6088271714131273,-0.5370028189020137,0.5152018985898191,0.5624341784818159,-0.4628788359025467
335,14.122428894042969,4.057438113360027,-1.7814975950796899,-0.3541332653796768,0.5179658196974847,0.5609151174741587,-0.45912630876857063
336,14.189644813537598,4.1041878073318125,-1.7967305822490203,-0.32200745417107235,0.5212237522163252,0.5591792292594276,-0.4555309081389088
337,14.262359857559204,4.16361789453918,-1.8177819276042242,-0.2792677802542919,0.5246691219948207,0.5573592967089495,-0.45304671147408326
338,14.322464942932129,4.28269679657445,-1.8708727229609958,-0.19176000385061087,0.5276223090200808,0.5558053296333393,-0.4492884585437635
339,14.389503955841064,4.818857729223634,-1.9211156323657406,0.1840291940620173,0.5308525153261356,0.5541163637542071,-0.4463243602505055
340,14.462501049041748,4.779946105308889,-1.9273871046862336,0.1733098336091257,0.5343574659060061,0.5522990078595857,-0.4436918255129617
341,14.522347927093506,4.687888741773709,-1.9294591129793095,0.12305366572497467,0.5371487668211906,0.5508526437711966,-0.4399392983789856
342,14.589493989944458,4.824256345771605,-1.9477221710051797,0.22977244034009892,0.5401202472595787,0.5493167051136097,-0.43749584807883785
343,14.664275884628296,4.271668436844427,-1.9690238220619776,-0.11973562649832836,0.5433352608104816,0.5476991308562731,-0.43515133421318647
344,14.72245192527771,4.209670968199335,-1.9640315486978643,-0.1453804739334417,0.5461768102894267,0.5462748937920697,-0.431393081282867
345,14.790482997894287,4.289270636741513,-1.9871256013273837,-0.06946275151655375,0.5498723909303975,0.5444193125557764,-0.4276958147415098
346,14.862352848052979,4.311632939183362,-2.0509769556233985,-0.0951317013948456,0.5532583884516866,0.5426898014750241,-0.425307625033981
347,14.92232084274292,4.514765273912539,-2.0749334512313027,0.0036241451413613623,0.5562181624591724,0.5412016776111133,-0.4215086257389834
348,14.990670919418335,4.6241961083444965,-2.0930380690379815,0.03444655952253576,0.5595301159265363,0.5395764604516969,-0.41909713337191673
349,15.068728923797607,5.402455994774947,-1.7619971142067086,0.5741153951061262,0.5631609762246413,0.53782309341211,-0.4165751198196119
350,15.122316837310791,5.3846466099309795,-1.7808449708759455,0.5565669698699964,0.5657648554734384,0.5365811377760848,-0.41281393741209255
351,15.190980911254883,5.1601731598146445,-1.8580919432066907,0.42383746243372533,0.5692358565994093,0.5349211693448391,-0.4095473040190013
352,15.264312028884888,4.9561525591686,-1.8805173371649577,0.3309050636335868,0.5727291386665286,0.5332355179611289,-0.40727842392830843
353,15.322480916976929,4.861836327405395,-1.987713891003402,0.23577075374476947,0.575508688774245,0.5318895065290943,-0.4035229673171334
354,15.390353918075562,4.778937853439844,-2.095745590938448,0.15271770481435182,0.578821614398493,0.5303212349455768,-0.4000964111005824
355,15.46224594116211,4.84677661073247,-2.094198947071893,0.17586952661747893,0.5822918503784478,0.5286964118504133,-0.39765575711957923
356,15.590771913528442,4.78893714475497,-2.1152945209061507,0.08920082053783535,0.588434605441482,0.5258930878986678,-0.391314504247992
357,15.664608001708984,4.62759166311705,-2.126488966333836,-0.046123167760685424,0.5916876567880255,0.5244120638068793,-0.3887517443310087
358,15.722326040267944,4.481768396864275,-2.039220480096743,-0.11181237732345232,0.5946839282815009,0.5230534127182294,-0.3849876324462905
359,15.791250944137573,4.785460290383849,-2.0517454040902177,0.08738123815607972,0.5983760058048138,0.521376786656217,-0.3812932953821327
360,15.862519979476929,5.29398788100991,-1.9626438539989202,0.42218684703479087,0.6018274686493066,0.5198069374050795,-0.3788731477415232
361,15.922456979751587,5.244112194686467,-2.026031774292285,0.3360993034311742,0.6048806304232417,0.5184503233491539,-0.3751061063796062
362,15.990407943725586,5.2889354657535455,-2.046166707008613,0.31382477001892,0.6082730618907084,0.5169606885535822,-0.3719965994908294
363,16.064173936843872,5.434690615496069,-2.0003542988451177,0.3712445565197975,0.6117663234082875,0.5154209077714434,-0.3694891001664657
364,16.122179985046387,5.914483357614334,-1.738882035657889,0.7044377494378591,0.6145944904541571,0.5141914026817749,-0.3657482909412858
365,16.190716981887817,5.914483357614334,-1.738882035657889,0.7044377494378591,0.6177471860708367,0.5128549121254722,-0.3619434326918894
366,16.26429581642151,5.863497346919241,-1.6782462020550641,0.7604057043494756,0.6213099124181821,0.5113259330801423,-0.3596134330541795
367,16.322171926498413,5.745110156900935,-1.7855908321562959,0.6999490555912323,0.6245845208934433,0.5099165039766727,-0.3558667648746012
368,16.390300035476685,5.67485824601594,-1.862993190497991,0.6458472226253192,0.6279894820855066,0.5084750141856703,-0.3536619338081246
369,16.46438694000244,5.770658572965984,-1.7880611506933513,0.7645919969595999,0.6316748494523791,0.506927210463241,-0.3501770543637014
370,16.522326946258545,5.906266386375576,-1.7235541683693443,0.8842369105993253,0.6345398015015993,0.5057351118933897,-0.3464100130017842
371,16.590272903442383,5.903037420551448,-1.8031762989151414,0.8731005357038408,0.637936495616911,0.504351193559842,-0.342741908074364
372,16.722182989120483,5.928381809726749,-1.830187207732352,0.8729301814178275,0.6445521317953385,0.5016625644429108,-0.3366158386188545
373,16.790320873260498,5.982730234318145,-1.7940672771907304,0.9144430694780881,0.6478799125850916,0.5003020247704242,-0.334195690978245
374,16.922312021255493,6.311797886405213,-1.4503142556586388,1.1279584500233777,0.6545933108836999,0.4976279664495945,-0.32679543209918743
375,16.990317821502686,6.464695390335927,-1.1748090623421266,1.2799364308888246,0.657989050700545,0.4962980413821931,-0.32538169303451886
376,17.122325897216797,6.6819027042853945,-0.5452473479035804,1.6078943415000264,0.6645055295351647,0.49376413376186074,-0.31887159574981994
377,17.18947196006775,6.695911605422053,-0.34560790208631054,1.682838961484186,0.6676392666168082,0.49253758454431673,-0.31762670109826263
378,17.322168827056885,6.664149684083878,-0.04190040325353028,1.7844142322267813,0.6736874377854903,0.4901881376813409,-0.31266989251935234
379,17.39002799987793,6.647415240521498,0.07176599214908903,1.8107428667930523,0.6772496030956338,0.4888571361504589,-0.3114423084148805
380,17.522313833236694,6.591428059923943,0.33248514667044254,1.8898376243054864,0.6838424428789299,0.48640615777883334,-0.30882735054053134
381,17.59038281440735,6.554285031117057,0.45567522654219617,1.929562736696253,0.6871530387455956,0.4851736836771691,-0.3083094988665658
382,17.722169876098633,6.471702439318888,0.691131579974922,2.006573395117047,0.6935151362276482,0.4827803401621952,-0.30667178795422123
383,17.790283918380737,6.4555598327964585,0.5971495264975907,1.9298070433735248,0.6966858837145633,0.48163040704595494,-0.30631692173896846
384,17.864537000656128,6.44787960360407,0.5234027378086579,1.8609286130310043,0.7001406622878688,0.4804161319741511,-0.30565073199228526
385,17.922184944152832,6.440980503106318,0.5551942534377414,1.8695129195311926,0.7029156352814963,0.4794375036079453,-0.3049090416286981
386,17.99263596534729,6.437013325739629,0.58006855110148,1.872606709639522,0.7062838731793647,0.4782483302894505,-0.3044377952738088
387,18.065099000930786,6.424269665737679,0.6333254273909759,1.893021307169417,0.7097882661401723,0.4770117388020699,-0.30369304227496813
388,18.122323989868164,6.417601682246361,0.6622784480485946,1.8994561997070822,0.7125283718937518,0.4760461137578005,-0.30295135191138056
389,18.190181970596313,6.427880305831414,0.4387044852048082,1.740267804196865,0.7157396642380346,0.47491521127185965,-0.3024364297146139
390,18.264561891555786,6.404371264694227,0.34789327895891375,1.6696658849256243,0.7193807876041268,0.4736624659879098,-0.3007551761184469
391,18.322168827056885,6.401148573250083,0.30386160662031353,1.6269655281316198,0.7224353911754768,0.47263271478053803,-0.29693287416391057
392,18.390399932861328,6.3991248804646865,0.3105089259947193,1.6164367049186636,0.7259613806575943,0.47145963531834834,-0.2943265715631047
393,18.48927092552185,6.404197215794504,0.31676449274272284,1.5991288238755876,0.7308685975288047,0.46982981878003044,-0.2903238404447156
394,18.60772204399109,6.397202912188368,0.18803900355445632,1.4760054503097049,0.7372608584801903,0.46772206209042183,-0.2809544402556534
395,18.685794830322266,6.400269185215115,0.20787513164397275,1.4654831423444403,0.7411670573291835,0.4664185785275574,-0.2781647790137949
396,18.72231698036194,6.406965746608196,0.23435614716349598,1.4693465004666821,0.743190107260941,0.4657532853774933,-0.27421744164608
397,18.7904269695282,6.372201173508919,0.025485611108581357,1.3050787509725432,0.7464821533075151,0.46470716582440835,-0.2728997095387085
398,18.862185955047607,6.382869343365494,0.035795789363985635,1.2883990977871436,0.7501546062702228,0.46356493907651425,-0.2689755416724772
399,18.922159910202026,6.395958746995702,0.06405078134078201,1.2881366161428032,0.7532999581244527,0.46260208150499443,-0.2649758731893412
400,18.990131855010986,6.414484973691449,0.10356384623683663,1.2912695008116142,0.7565282509543015,0.4615976178958492,-0.26328876063877643
401,19.06489896774292,6.434288019016488,0.1740145303207281,1.3187591784954982,0.760136478333482,0.4604736415035608,-0.2594460855019008
402,19.122148990631104,6.44410285472793,0.21298059910218062,1.3300722020590707,0.7634474917009247,0.4594301428341215,-0.2556006140458807
403,19.189565896987915,6.4538084144976695,0.2506044661965535,1.3423950848592732,0.7671702505544384,0.45826920242401253,-0.25325024122583145
404,19.263999938964844,6.467508299068362,0.29554705263433617,1.3582554372765026,0.7708757984796605,0.45718999226719736,-0.25014925645254327
405,19.32228994369507,6.47931955515176,0.35037269173274965,1.3790664526889285,0.7739294519951334,0.4562964800956921,-0.24678368662495573
406,19.389611959457397,6.493279834430864,0.4106322336575334,1.400609387823034,0.7773546720607791,0.45528627146764333,-0.24462239824230184
407,19.464305877685547,6.50634054453553,0.46986573815416227,1.4207886540969854,0.7811992106631228,0.4541567965347862,-0.24125682841471405
408,19.52284002304077,6.513572467402087,0.5264586618397917,1.4420248213493714,0.784256212701702,0.4532617839171211,-0.23792042020106272
409,19.601488828659058,6.5784666510477425,0.6379726816796226,1.4671093794852303,0.7881426663415633,0.4521139599292838,-0.23598882946242805
410,19.66234803199768,6.622716036757685,0.7031291468751233,1.4730992784355577,0.7911829840762689,0.45125575096198645,-0.23150925935086095
411,19.72296404838562,6.663252760869603,0.800872130082195,1.4982517960907487,0.7940145621652198,0.45045276653796534,-0.2292519640109098
412,19.790503978729248,6.673449033833603,0.8816747667956043,1.5137707440930805,0.7976770979987612,0.4494316506364312,-0.22799814776969998
413,19.8625910282135,6.685935632380467,0.9540097621651378,1.5250838706201966,0.8015923622403546,0.44835142369157793,-0.22459769053183246
414,19.922947883605957,6.695110836921926,1.0031991354901575,1.5274726511928907,0.8046813053086773,0.4475022486840952,-0.22126407863732556
415,19.990238904953003,6.705550919932086,1.056465997201997,1.529664315321767,0.8078364056864558,0.4466276904441573,-0.21973688891021995
416,20.067636966705322,6.710779997997485,1.1147381749930252,1.5336940778694066,0.8116224805226061,0.44558761765381216,-0.21632777639880957
417,20.122819900512695,6.717142177568985,1.1777412854072034,1.5471939778464352,0.8148316123131782,0.4447219997477127,-0.2129330449572855
418,20.19015598297119,6.7253249033324805,1.2563800148387552,1.5679370889500186,0.8183347493322704,0.44378728967974146,-0.211813185718907
419,20.262282848358154,6.728244392530475,1.3341444068155408,1.5872292048451562,0.8221037401560889,0.44281406661545425,-0.20826146093112324
420,20.322988986968994,6.731661321438349,1.4280841512697366,1.620641005197467,0.8254317660631988,0.44195691589208563,-0.20494529274175638
421,20.390388011932373,6.7296775956273,1.5429904177045115,1.6648557069182826,0.8289117121461417,0.4410525794048313,-0.20350545469840492
422,20.462334871292114,6.721555586855239,1.664013159723643,1.7109689666267516,0.8326251514573444,0.44009599442866343,-0.20015439909875815
423,20.52317786216736,6.712355137962356,1.7593539639630136,1.7455498931598876,0.8358282583372029,0.43927462504517256,-0.1967567381800351
424,20.589668035507202,6.696764958506815,1.8547362557490488,1.7787369990803417,0.8391800871798762,0.4384069358889414,-0.19504632296993152
425,20.662912845611572,6.670620930569791,1.9854340857814616,1.831486179167667,0.8428419950909312,0.4375218275514139,-0.1917185700298236
426,20.722818851470947,6.640929847157863,2.0985818391976028,1.877211045470603,0.8459780017120829,0.4367647743791454,-0.1883414154514937
427,20.790503978729248,6.612814100218473,2.1770203093636202,1.900986174017706,0.8495261939033354,0.4358894572375651,-0.18695670484270696
428,20.864290952682495,6.584179375145705,2.255810335113025,1.9256520222963758,0.8534223351021559,0.43495976809163117,-0.18359699396951773
429,20.922955989837646,6.570240198552813,2.3010023870886167,1.9282366564451685,0.8565344126508909,0.4342270135974752,-0.18025765627866733
430,20.99239683151245,6.564279688541532,2.326719489906579,1.9195633517540167,0.8599705795236545,0.43338203718886403,-0.17829703708415096
431,21.06424903869629,6.561413985926893,2.33973284754375,1.912264791737695,0.8636383465268775,0.4325141328371694,-0.1750884606028236
432,21.12276792526245,6.563609421921932,2.341885878082237,1.8979237223236258,0.8667025021932135,0.431817533746539,-0.17171423550169312
433,21.18967604637146,6.562375630302083,2.348838468935421,1.8865749284899156,0.8702324772993097,0.4310303269690933,-0.16953843289109857
434,21.26424288749695,6.553062413988145,2.383832819631684,1.893847335575313,0.8742824214388654,0.430137598290091,-0.16608551137975613
435,21.322804927825928,6.5353110488020345,2.437401093086964,1.9150258455298543,0.877430257413968,0.42943962190481133,-0.16274910316610489
436,21.38980197906494,6.520243097230314,2.479965099021318,1.927211660098367,0.8806895275737261,0.42871001806043696,-0.1606954064914902
437,21.46233582496643,6.500102985296851,2.53448725708238,1.9473998246447328,0.8840565651766296,0.4279617447271056,-0.15749854791895943
438,21.522918939590454,6.480689454844366,2.5806805034927813,1.9659944226789756,0.8873684065949063,0.42724240727420115,-0.15412418965977423
439,21.589812994003296,6.461248645409003,2.622863613314299,1.981076209426019,0.891028482089961,0.4264475593914767,-0.15304507678607396
440,21.66233992576599,6.435412847152833,2.683504526156607,2.0066545127626036,0.8949962820559534,0.42562795161566913,-0.14983650030474654
441,21.72275185585022,6.405853125538651,2.754189155344514,2.0406656593988712,0.8981681540269326,0.4249772802451995,-0.14656400795725721
442,21.79048800468445,6.383452048605994,2.8046842418216817,2.0645088197597037,0.9014223241474764,0.4243013201136593,-0.14505719141249057
443,21.862668991088867,6.356076087990453,2.85510371830522,2.0863532763333272,0.9052296135763096,0.42351781908643255,-0.14181386067893736
444,21.922725915908813,6.326256485497822,2.908031175364352,2.1085254640680247,0.9084667319080416,0.4228600863892943,-0.13852099514910915
445,21.99050998687744,6.293805282735935,2.9586928566794475,2.13061543799647,0.9119537255230468,0.4221527986236734,-0.1371450729719192
446,22.062593936920166,6.264915854256072,3.0098945629451146,2.153554413253974,0.9157019989810687,0.42141983229568075,-0.13393370017144715
447,22.122901916503906,6.241990748850339,3.046284678893478,2.1667119024079433,0.9188413843226843,0.4208174001567311,-0.13067279257470032
448,22.190398931503296,6.2195649449238255,3.079344635178578,2.1775439944303603,0.9219917190916778,0.4202126665705185,-0.129753602524459
449,22.26413893699646,6.193291901720848,3.1179069153212646,2.1943669921779154,0.9257184286221533,0.41950805180207185,-0.1266382366812843
450,22.322754859924316,6.167083378015069,3.1556513201709966,2.2112787086444414,0.9290996441102416,0.4188713398139562,-0.1234151459720161
451,22.390209913253784,6.158471085157553,3.168041813493149,2.205778913495033,0.9327209948035293,0.4181824039534298,-0.12139633670768153
452,22.462410926818848,6.128712316689411,3.2112725989591877,2.2249645466814627,0.9366013195532908,0.41745774206431596,-0.11819654865795122
453,22.522743940353394,6.100691868658342,3.2448871316159185,2.23983300594972,0.9397986600634338,0.4168983448212451,-0.11497931690308122
454,22.590369939804077,6.066432323453373,3.2866655827988467,2.2585186382274,0.9431066925597186,0.4163151844924664,-0.11341151396935119
455,22.66243600845337,6.033769538621003,3.322445760594911,2.277111894545999,0.9466060828235265,0.41571319895847203,-0.11013902162186175
456,22.723093032836914,6.001126768961377,3.3619578610053837,2.2962457719575378,0.9499840952357194,0.4151336783752008,-0.10691300143539434
457,22.790616035461426,5.964304361066214,3.404904579086904,2.3190320628997183,0.9537442835036757,0.4144755604608729,-0.10580472694775812
458,22.86216402053833,5.9223529414211455,3.4490222377876902,2.3434895217374705,0.9574499190174832,0.4138389925080681,-0.10273583326560513
459,22.9221088886261,5.885645491264512,3.4827625357977325,2.3616379363730786,0.9606810983004177,0.41330169423257035,-0.09950994623719231
460,22.989732027053833,5.849044228965602,3.5175362626939717,2.3812256906831504,0.9642423782163871,0.4127123741068621,-0.09780246050428802
461,23.062263011932373,5.811058087672776,3.5548497283578113,2.39884105409034,0.9680530027822208,0.4121140083047736,-0.09472477839053761
462,23.122253894805908,5.773129427356824,3.589780751631206,2.4192082572395956,0.9711902897876565,0.41162870711338956,-0.091504750316523
463,23.190348863601685,5.735238875595467,3.6227129946828107,2.438023860078944,0.9743667615223515,0.41112731409980663,-0.09013748341287653
464,23.26237988471985,5.706185456647732,3.6455695974134708,2.447841187425173,0.9781524495512212,0.41053944461932423,-0.08692318113520532
465,23.322271823883057,5.665882318127731,3.6804293532555215,2.4695105813649385,0.9816653683206227,0.4099950594834681,-0.08392712490886638
466,23.390204906463623,5.625726566967206,3.7147684647024275,2.4886677974109257,0.9852120298839869,0.4094503940318947,-0.08254241430007951
467,23.462185859680176,5.581405833355887,3.7486226072020834,2.511812107985755,0.988974583615445,0.4088942987317284,-0.08008152029479156
468,23.522092819213867,5.551905722590249,3.7693138011758496,2.523514689657032,0.9920489802531641,0.4084647845282364,-0.07770784481520435
469,23.58966302871704,5.519667592527951,3.7927508922616133,2.5405984406561504,0.9953880634908251,0.4079881132036164,-0.07712607727507621
470,23.670922994613647,5.470825783643509,3.824959199354415,2.567579672497278,0.9995477011417904,0.40740086064804404,-0.07523243658197525
471,23.733604907989502,5.470303378153667,3.8241976543344367,2.5674618103735374,1.0028396679598686,0.40693732963175966,-0.07357728196449129
472,23.80381488800049,5.474267654685039,3.821752554153764,2.565262849466408,1.0062664130467707,0.40645313917874437,-0.07241667636143474
473,23.88203501701355,5.4818660623294315,3.8174226298252494,2.5608675912648153,1.0099111213714047,0.40594057558668617,-0.07100000781956717
474,23.934046030044556,5.465122876816348,3.8239286083724013,2.571584945087525,1.0129073512322233,0.40556007350482726,-0.0697753531922939
475,24.00180196762085,5.463703842650111,3.8251604996207282,2.572625919908136,1.0167181570100836,0.40507843502366914,-0.0688124873001759
476,24.06269097328186,5.460034680635623,3.8271708975517593,2.5751615946593747,1.019798085159303,0.40468701716819233,-0.06739009296196466
477,24.122108936309814,5.463377845284341,3.825014405733063,2.5744159801242303,1.0227593312738514,0.40431225349445415,-0.06638075490882415
478,24.18901801109314,5.466157933461036,3.822045975266734,2.5742662923285238,1.0260261808031501,0.40389956499068735,-0.06588620589439709
479,24.26295304298401,5.455422055078282,3.829656865801902,2.586137456031219,1.0295787842211808,0.40346156437898245,-0.06438524830402824
480,24.322242975234985,5.4562809024659416,3.827629185391624,2.5850334909248907,1.032430468408154,0.40311272696426276,-0.06286671385046495
481,24.3891499042511,5.4583172533207325,3.8260010326922274,2.584468356880414,1.0360308299529022,0.4026945518001964,-0.0624769602249321
482,24.465559005737305,5.460315309527019,3.825376277743385,2.5840313003048,1.040143956567475,0.4022409697987637,-0.060964284725767176
483,24.522100925445557,5.4604756544212165,3.823625928804859,2.5829316090813648,1.0431853643434308,0.40191839395162343,-0.05905320032752579
484,24.58899688720703,5.460019659774298,3.822987573013514,2.5829726007909857,1.0465906331096493,0.40154887134629885,-0.05752601060041997
485,24.66580891609192,5.458463595994654,3.8265239414055894,2.5850846474916547,1.0504184906952527,0.4011360173290114,-0.055166982506828055
486,24.7220778465271,5.452868212573152,3.828961852060942,2.588298154171606,1.0531535699424994,0.40084727595687913,-0.05232206067235074
487,24.789144039154053,5.453673638030423,3.8271308453587967,2.5871592809209347,1.0566578065291938,0.4004834251810447,-0.05020151865437499
488,24.862769842147827,5.454282079263471,3.8262616473668425,2.586008467913697,1.0612366711285999,0.40003615107060075,-0.04656537166003565
489,24.9222309589386,5.461080026573324,3.820723966574063,2.580338530261674,1.0645259763578938,0.3997431209215744,-0.04249299887914075
490,24.98926091194153,5.469799903893715,3.814240846349715,2.5731319305901357,1.068021845981623,0.3994245305114714,-0.040162999241430346
491,25.07014799118042,5.466225575543554,3.817586697576737,2.57619970107593,1.0722642412549064,0.3990447164170203,-0.03611086648482058
492,25.12208890914917,5.47684274703524,3.810519788505492,2.5681109326866696,1.0752108912577119,0.39878798660992565,-0.03204129002307042
493,25.189000844955444,5.4807022748109455,3.8087431246847463,2.5648347006608985,1.0787903740600377,0.3984649333605104,-0.029664818224338328
494,25.26271104812622,5.484340005475964,3.804896457193565,2.5608061862995126,1.0826710966582593,0.3981404715287803,-0.025798840427924626
495,25.322082042694092,5.490576558400216,3.8009646224679043,2.5562666609618216,1.0859606669526516,0.3978866723352355,-0.021569341142715606
496,25.38912796974182,5.49773721642831,3.7941399917432683,2.5496352423561315,1.0895407002468862,0.39761854770803695,-0.019762918975314396
497,25.46266794204712,5.499503422654225,3.793491846891812,2.547626774385529,1.0935176093038237,0.3973316919907064,-0.015533419690105093
498,25.522225856781006,5.503030977089654,3.7903881396274572,2.545363344850346,1.0967745983360027,0.39710171519773263,-0.01134173729237495
499,25.589119911193848,5.5515551146976465,3.759689466096443,2.507194503805957,1.1001827921815213,0.3968459062002013,-0.010047307844541793
500,25.665627002716064,5.5540397791264295,3.7584668723479524,2.506441080366161,1.1043997290924719,0.39654856429462515,-0.006041780407008198
501,25.72206997871399,5.447178334028419,3.821860278091565,2.5899646899960187,1.1076372606584262,0.39632776305723305,-0.0023940486619266747
502,25.788991928100586,5.363760558582313,3.8385931098747093,2.6442054246273323,1.1107642653319878,0.3961369431523462,-0.0006109291540641084
503,25.867698907852173,5.378255620227591,3.8147997496938832,2.6323022501234945,1.1145638949872363,0.39592211911217434,0.0028071049469979544
504,25.92223596572876,5.4646362997829385,3.7871540687493543,2.571922515874691,1.1179191604090117,0.39574183067376895,0.006341386029642345
505,25.9892258644104,5.473273231020956,3.8047913460483875,2.5726762457739287,1.1214450912710585,0.395541517111824,0.008296146269760484
506,26.06219482421875,5.497059202003919,3.788708041750439,2.554532917391305,1.125044322811961,0.39534349424923315,0.0117402793495054
507,26.122225046157837,5.497220353026177,3.7889664527603313,2.553549537490204,1.12850183299551,0.39515592433545055,0.01526577200055234
508,26.189143896102905,5.49574456764815,3.789658480819561,2.5537481665568205,1.1322472909831842,0.3949544980942378,0.016769659068119988
509,26.262579917907715,5.496130844961076,3.789818993709677,2.553337374888071,1.1363037777701586,0.3947934387165296,0.020338960719098693
510,26.32206082344055,5.489131696805454,3.7913171712568245,2.557506911868243,1.139545137597114,0.3946723331327602,0.02386152389294657
511,26.389339923858643,5.487715460927062,3.7924257948943403,2.5581335217261216,1.142994917420048,0.3945353637009205,0.02571162190222452
512,26.463253021240234,5.199234563661262,3.8866881474768484,2.7154014119894416,1.1470030794203887,0.39437911250182717,0.029219670848131537
513,26.522199869155884,5.078987190128128,3.9347403561427314,2.7792763251299237,1.1502311625259727,0.3942583392156634,0.0326608744506774
514,26.589287996292114,5.016785410716496,3.9541500173605715,2.8060518840065223,1.1536488775460203,0.3941169123028842,0.03385650062206834
515,26.662822008132935,4.976559048599032,3.975809330251958,2.818040144605589,1.157557699914296,0.3940050406201416,0.03687013371160211
516,26.722246885299683,4.909842601112497,3.99461184434102,2.84722395248313,1.1607357335792583,0.39392686694421647,0.03948229526680618
517,26.788978815078735,4.857171680537468,4.01020198255535,2.865950419117848,1.1641457005274178,0.3938447683426752,0.04078537998818185
518,26.86311984062195,4.795613696792719,4.027874017911321,2.8887520512070055,1.16790573659829,0.3937598888101492,0.043289949835347
519,26.92206597328186,4.747550467448985,4.037061891746174,2.9039832966436907,1.1708493285495172,0.3936970834959942,0.04588466768541113
520,26.98909282684326,4.685641690178629,4.046876025310754,2.9261955961520796,1.1743923020120963,0.3936100337461369,0.04665844914013369
521,27.122190952301025,4.5579416239983725,4.063648087270456,2.97464761844435,1.1817902218607408,0.39349520710988556,0.05184215904391846
522,27.18913984298706,4.511402693338794,4.0685004992421625,2.9906700659511993,1.1852227720366735,0.3934624588626373,0.053089983172675166
523,27.26273798942566,4.466960313318118,4.071385896136057,3.0036848243169554,1.1891040295515436,0.393441295492192,0.05558576458824298
524,27.322064876556396,4.4204913249619215,4.074737441523552,3.0210153269131665,1.1922019322353616,0.39342820192634903,0.058192200347103366
525,27.38898491859436,4.369440310791458,4.077551583416571,3.0398569869134686,1.195480870679085,0.39340361081656317,0.05891937648274963
526,27.463665008544922,4.324878764509771,4.081104311922772,3.057019573984248,1.1991569347476894,0.393385859342204,0.06153446751515276
527,27.52205991744995,4.2710014811851575,4.077294624465336,3.08402730785337,1.2023324975316427,0.3933735874697491,0.06413504431961504
528,27.589223861694336,4.234532898301022,4.07706892676144,3.0962778432549296,1.206278767033262,0.3933471316265758,0.06522587510211186
529,27.66360092163086,4.196695875514724,4.077179378472977,3.1073228522935716,1.210081490442392,0.39333278704428476,0.06795148731975337
530,27.789098024368286,4.141320740390642,4.0767296164882865,3.126882249015942,1.2168077485975113,0.3933075347884875,0.07266674718779308
531,27.866313934326172,4.071086373658601,4.075301865703248,3.1577706992440087,1.220600212748054,0.39329103816751765,0.0748223097741032
532,27.922062873840332,4.031618521582587,4.071534901479183,3.1676722722539292,1.22336423304095,0.39329142147579405,0.07813541532821651
533,27.989107847213745,4.052183102384715,4.068860926427661,3.135148109666794,1.2271437487107895,0.3932814450617433,0.08056728087762222
534,28.065544843673706,4.0716069239705845,4.065608355044113,3.1043699667972326,1.231472650618322,0.3933065653724741,0.08427613216972103
535,28.12205195426941,4.080641221055771,4.064158610818234,3.0847151737804026,1.2345552945899636,0.39335887585333584,0.08810415992060111
536,28.189149856567383,4.065079227520855,4.06373357012985,3.080668821750922,1.2382130337772945,0.39340847521990324,0.09066119404124054
537,28.268033027648926,4.035257176396345,4.060129297084199,3.0845503315277707,1.2426056795391,0.3934740748745179,0.09453569395314239
538,28.32220697402954,3.9927782624840065,4.058895430648003,3.0971766198935926,1.2456205669695934,0.3935283706040606,0.09834934063413596
539,28.389118909835815,3.9449928116473476,4.058929619324182,3.112626334416393,1.2489792858709643,0.39357661801967314,0.10077534722914337
540,28.465428829193115,3.8828291673926665,4.058163476878801,3.1367365722786533,1.2526478691607004,0.39363919170214046,0.10464412134470162
541,28.52204704284668,3.8364142397674987,4.0547879926978485,3.1523637184565048,1.2559002708136828,0.39371960137859013,0.10846056434483958
542,28.588990926742554,3.794215509756878,4.0498341741550865,3.1662594315554053,1.2597817459255953,0.3938145734995224,0.11081093716488903
543,28.66540789604187,3.9137167593040894,4.029915473101375,3.102043588368689,1.2640458825309124,0.39395260833839313,0.11460993645988704
544,28.722051858901978,3.9571021086102514,4.013593912171549,3.0836225179732124,1.267140375883056,0.3940625483409946,0.11840893575488481
545,28.789317846298218,3.9947257431861507,4.010229837559907,3.0742990681932003,1.2705422791356134,0.39417227929038245,0.1208290833954948
546,28.865224838256836,4.033558317128888,4.007748629447058,3.0661740058779166,1.2746605105205582,0.39430897645595153,0.12466310325882701
547,28.922183990478516,4.076458310140382,4.005202945401087,3.054276783899294,1.277831728044193,0.39442271837566256,0.12848247573616423
548,28.989253997802734,4.141960206692838,4.002981480596822,3.028742378721429,1.2813669553958618,0.3945361963313987,0.13076587005479837
549,29.080612897872925,4.2144030289112715,3.9953577574041037,3.0023378368916545,1.2859364885634108,0.39473956196220494,0.13443690445941817
550,29.13256597518921,4.257425215432858,3.992452016999935,2.987209764302212,1.2886962576102279,0.3948963287741282,0.13934417824205214
551,29.201815843582153,4.327760983045913,3.989327821662678,2.9573198695799108,1.292788082295427,0.3950910613508446,0.14188070602229838
552,29.322203874588013,4.258704006177508,3.9664820564106544,2.9761587980035458,1.2995869022677862,0.39544040658493906,0.14821623309754262
553,29.3891339302063,4.204121694917077,3.9655664279632505,2.9968058399455697,1.3030706998323252,0.39561299748629686,0.15065395760134648
554,29.52220392227173,4.100825400822876,3.963505173559092,3.0349066021458215,1.3103070863540032,0.39602872768927516,0.15831880153470346
555,29.588965892791748,4.049712073611273,3.964942901525254,3.0524571717467035,1.3136787937539043,0.3962350692716394,0.16038408296006001
556,29.664820909500122,4.004934428324718,3.9658858443035325,3.065170443445887,1.3172785747393276,0.3964847437962738,0.16375551174204586
557,29.789161920547485,3.932162114296527,3.9642445259485717,3.0839853597311393,1.3242987942445748,0.39694833646398475,0.16874134877683777
558,29.92217493057251,3.869457914216659,3.96446149954034,3.091627712606651,1.3314762629360732,0.39744366654346325,0.1753328056328382
559,29.98924684524536,3.823436562583747,3.9644462169743715,3.1075145682264913,1.3350032131962426,0.3976761838263923,0.1771944883928581
560,30.122191905975342,3.74685891770731,3.960059037114104,3.129281322220468,1.3420721372553226,0.3982797004824504,0.18386171218187158
561,30.18896484375,3.694599024641521,3.955537372314938,3.1495045756509494,1.3456092718329338,0.398569621271304,0.18609863433948357
562,30.32205104827881,3.6044651549074755,3.9461512394414866,3.181262421327129,1.3529114765450854,0.39920221239309717,0.192547612077165
563,30.388986825942993,3.550139120777338,3.944654152842504,3.2011094087818734,1.356343495807848,0.3994828293951086,0.1943744074269047
564,30.522155046463013,3.44843358321357,3.932634859465811,3.2422793131519225,1.363420537310648,0.40013313688028296,0.2009775821917017
565,30.58912682533264,3.403782763571536,3.927175122327389,3.2542550434128925,1.3668518275526227,0.40046182995516166,0.20233606066375134
566,30.669780015945435,3.3600728221506793,3.9180033317279648,3.2619911928523853,1.3711172821447521,0.40089668679095214,0.20559110930610064
567,30.722259044647217,3.336767855440678,3.9130966313568893,3.2629095388369125,1.3739652565686906,0.4011983694592955,0.20888104535872992
568,30.788972854614258,3.320431349070589,3.9046763541864564,3.2582642342416785,1.3774846494617066,0.40155310064821254,0.21094632678408642
569,30.86284303665161,3.3069072878217147,3.898649305703271,3.249695689771314,1.3815840718766812,0.401973752496017,0.2141547701073592
570,30.92201590538025,3.288250578446203,3.893269372463348,3.245474596165562,1.3847623136290474,0.4023097075321662,0.21733711445194964
571,30.989235877990723,3.276041068437292,3.8889514711427986,3.238883797472855,1.388146550322753,0.40265171280029743,0.21856762803362062
572,31.12214493751526,3.2222519486781263,3.875832432139482,3.2487715661280636,1.395201576142367,0.40350440223493533,0.22505149318158246
573,31.189101934432983,3.165902112313517,3.8628445039922292,3.2701483305874275,1.3986242734966696,0.40390448438871396,0.22665724616084532
574,31.262719869613647,3.108907079475115,3.852529504224506,3.292556547325632,1.4023041259530007,0.4043486527623529,0.22977554148121904
575,31.32202982902527,3.0620531416565706,3.841943752658637,3.309940820349279,1.4052851809478297,0.4047150478452668,0.2329054215523348
576,31.38893699645996,2.97635731554225,3.8613642181017664,3.372574675531764,1.4089483305084511,0.40514676016665196,0.23409518876932767
577,31.46257996559143,3.001751713445406,3.8733531420223786,3.3713550930912226,1.4129833553102735,0.40564801754825225,0.23670149137013347
578,31.52202796936035,3.062971691017296,3.89126842618553,3.344321667298763,1.4162054847339074,0.4060632553404998,0.2394621241561096
579,31.589092016220093,2.933391351745414,3.8911624945570193,3.4549204916574996,1.4195928747945679,0.40650921436866744,0.24048890591438984
580,31.664487838745117,3.017086390291965,3.9265391576895454,3.4227643334324074,1.423550964682318,0.40704916268844665,0.2431621870166115
581,31.722355842590332,3.0630849288945705,3.9452347975573736,3.405605815076575,1.4267106924988784,0.40748633674969403,0.24586156709751578
582,31.79848599433899,3.16900371999937,3.9779702373435675,3.3465542807053645,1.4303892631003365,0.4079801788498966,0.24744108794004185
583,31.864815950393677,3.2556498493841777,4.003895083655696,3.3016412634832126,1.4335514043980833,0.4084180549736195,0.25019293229442047
584,31.922016859054565,3.345874582896278,4.023980576651379,3.256829120947478,1.4368036326237883,0.4088739028607334,0.2528632839194432
585,31.989073038101196,3.4635984883940396,4.046517665242944,3.1962711612404684,1.440531820214037,0.4094014265852838,0.25459114283468637
586,32.06279897689819,3.5616053113688833,4.055522891620069,3.1511701476718845,1.444483170284429,0.410008449401923,0.25718586068475047
587,32.12202501296997,3.626013127078184,4.06096467400222,3.125064500404676,1.4475524210264,0.4104918785347766,0.2597719232612722
588,32.189759969711304,3.67407419161349,4.066522425986387,3.109010879932158,1.450852164715126,0.4109956941395268,0.26053984576159656
589,32.262924909591675,3.742659080505947,4.069897280180832,3.079358069003433,1.4548392863182464,0.41161013696805615,0.2631200493837198
590,32.322168827056885,3.800733350817869,4.052617453765271,3.043238444395849,1.4579760667691526,0.4120957075223274,0.265717696710983
591,32.38975286483765,3.824770867442327,4.050379912819516,3.0269031329410008,1.4611837696912173,0.41256708651738416,0.26633142218419165
592,32.462482929229736,3.8399941758341494,4.0478427299056055,3.0164999548230393,1.4649669337467632,0.4131844416627518,0.2689843301040746
593,32.52201294898987,3.8317335095718748,4.049653391231384,3.0212769960236767,1.4681471394834344,0.4137174797570002,0.2715470900210577
594,32.58961796760559,3.8413485945251056,4.047555453098371,3.015080574860852,1.4716956176184133,0.4143032160322385,0.2723295267493227
595,32.66559100151062,3.8486441806450036,4.047724746232209,3.0111829949347273,1.475649965983356,0.41498369016370407,0.2749591320096667
596,32.72214984893799,3.8436977698018495,4.04917134632605,3.015192950946465,1.4785361252024862,0.41549385482285955,0.27750737769870965
597,32.78971481323242,3.847399839600664,4.04900724925815,3.013201360421971,1.4820064593267253,0.4160876597631406,0.2792236518632108
598,32.86453890800476,3.846264076140978,4.048322283833064,3.0123345453757304,1.4859538224227924,0.4167771008195982,0.2823476729799286
599,32.92215394973755,3.688254143950485,4.018664758426597,3.108643093849328,1.489023985845672,0.4173304094957161,0.2856348127134131
600,32.98974394798279,3.629633592962401,4.031985204522362,3.149756606567823,1.4925760906327716,0.4179827360325731,0.2878222000747497
601,33.06269693374634,3.54780983527107,4.025677397836019,3.208509618546326,1.4965380158814428,0.41873974512192996,0.29097844544065726
602,33.12200903892517,3.5493109454213663,4.027151416778722,3.2084804710188575,1.499743666806426,0.4193607750670265,0.29437011424692744
603,33.18961191177368,3.5511328479086224,4.027131797738269,3.2066508438915644,1.5031487467937503,0.41999888863544854,0.29556574041831857
604,33.265095949172974,3.1061606020799513,3.773395036534406,3.5017901725317544,1.5070234967083698,0.4207490786594603,0.2994257261022794
605,33.32216000556946,2.7414949776184216,3.462254309793372,3.7505428440207833,1.510119560780239,0.4213618787763738,0.3037862529131207
606,33.38976287841797,2.641073948196617,3.335566409914505,3.7628557891064243,1.5136320094454234,0.422037089160502,0.3066135978844035
607,33.46462798118591,2.4708490639333904,3.1539539319655305,3.8280075053788107,1.5177390103513864,0.42289528915080243,0.31093910412691006
608,33.52200889587402,2.3580518541953697,3.017230268287224,3.8689080322481293,1.5208952087620087,0.4235740293267476,0.3153286593936331
609,33.589579820632935,2.396139644515324,3.025389971690915,3.811310054668426,1.5243032901274118,0.42430383587400056,0.3181618633193139
610,33.66287088394165,2.5429346434654962,3.0671645124432363,3.7040644553194753,1.5279545320223467,0.42508061518956286,0.3224234536956589
611,33.72201085090637,2.524339236056643,3.043324072000205,3.7139259119924946,1.5308770018518187,0.42570054869316737,0.3260682559635411
612,33.789750814437866,2.505487780876577,3.027626763062995,3.7165424484074983,1.534635622673131,0.4264791859782193,0.327906636064023
613,33.86500096321106,2.4594101950141356,2.98744633388839,3.7432778691164277,1.5388200353932777,0.4273789880052936,0.3315281356723673
614,33.92215394973755,2.439672274847821,2.96441636899909,3.7476974586411154,1.541875028101927,0.42805928529063125,0.3352254022137241
615,33.989835023880005,2.3992088354365486,2.9294504657475064,3.7679818931513545,1.5451403292655144,0.42880813549506075,0.33775607103957195
616,34.062803983688354,2.108120123646255,2.636904636316287,4.038901217303906,1.5486594459543064,0.42963378962589643,0.34116824618623603
617,34.121994972229004,1.8377900879624893,2.2986233706115438,4.299610267053027,1.5521976229960315,0.43044139166443657,0.34484221006805477
618,34.18956804275513,1.8311127977187496,2.157895356446794,4.367124501542803,1.5558537424340568,0.43126124503010155,0.3465671395060989
619,34.277530908584595,1.765032495153041,2.2209997585765633,4.353607991248315,1.560438594397659,0.43231525646502134,0.35017412488650246
620,34.406224966049194,1.9195523605936953,2.4166315796338966,4.158749881170914,1.5671361426305268,0.4338983042993932,0.35629153906846883
621,34.46421003341675,1.7399667398663483,2.0386701134741765,4.3996875093654415,1.5703253958783898,0.434693855830695,0.3591276724713489
622,34.53529095649719,1.7109670000838508,1.9112017219545197,4.446833910844914,1.573652277196961,0.4355250193502904,0.3612221155106418
623,34.58972191810608,1.8176148524678248,1.0162442145736847,5.010590932712785,1.5761240689100267,0.4361552539804153,0.36367422108433195
624,34.664846897125244,2.1367055339719343,0.40849900041132226,5.41416583468859,1.5801466440047423,0.43713367419122917,0.36566107241558554
625,34.72199892997742,2.090343398934616,0.5355937371579746,5.2910141003606155,1.5834376340246241,0.4379494161304989,0.3687676498271631
626,34.78892397880554,1.9821164352598633,0.9726372307984654,4.954378422725577,1.586949259905178,0.43880918369932814,0.37020469155137015
627,34.86274981498718,2.0417422900193376,0.8475836420849727,4.995197753046388,1.5905146278448445,0.4397290536447319,0.3732153951637045
628,34.921988010406494,2.0449702691426355,0.7684310305609574,5.086627972223891,1.5932824375081938,0.4404647654043168,0.37639481003109554
629,34.98917603492737,2.0052227295736733,0.8029969250390044,5.145957691060516,1.5968303318915475,0.44139871108082074,0.3778841828707223
630,35.06929302215576,1.9442156785426847,0.8481824014062347,5.1898380316405275,1.6012073516393381,0.44256066556880463,0.38100833714549426
631,35.122140884399414,1.8465922455262744,0.9757446264122784,5.142752425447819,1.6040682413722989,0.44332565605808166,0.3841237029886693
632,35.18904781341553,1.7274200300821083,1.1734116121410525,5.065741183622997,1.6074612704111486,0.4442197571233717,0.3855927026459568
633,35.26518797874451,1.615164666862221,1.5193703825925753,4.891981318086124,1.6113991628154307,0.44528196829104605,0.38863243471417336
634,35.32195782661438,1.595508604500741,1.716399830378076,4.806527045239806,1.6143752918692662,0.44610725952106695,0.39172463105586436
635,35.38891100883484,1.6230554542166815,2.107153016055066,4.60980092519791,1.6177707123201106,0.4470606790676851,0.3937433071621443
636,35.464751958847046,1.6105195698843826,2.184841194230031,4.624706841746023,1.621701837502734,0.44821379752489515,0.3970361726919727
637,35.52211093902588,1.601187281172249,2.266550190473984,4.618072467422616,1.6245967683765217,0.44907710151633273,0.4007159955281898
638,35.58905291557312,1.6098278224278497,2.4808199931510506,4.525089554423099,1.6278817773808272,0.4500341785533193,0.4031798190106764
639,35.66769194602966,1.5857122267189876,2.612653640556895,4.503886428801727,1.632114046012681,0.45123954793595034,0.40684499446089817
640,35.72212100028992,1.5275963249369837,2.5655950951257065,4.5845579564767345,1.6350017102327175,0.45208467353404247,0.4105043109567214
641,35.78887581825256,1.602096369399721,2.5847628975221673,4.481177194272272,1.6382718645359238,0.4530228157445233,0.4124533454004959
642,35.86644983291626,1.7267778089683519,2.6305984015140673,4.381028204268697,1.6422055292567272,0.4542345127964392,0.41629016158297316
643,35.921963930130005,1.7605209312808492,2.561509222269449,4.3665974862239345,1.6451395238328892,0.4551555476452598,0.42017052044927294
644,35.9890239238739,2.276894654186648,3.292255116429058,3.803401402101972,1.6486328818763334,0.45623361061927,0.42280025886767214
645,36.06553888320923,2.4099238514811137,3.424479766695714,3.731257602210779,1.652558610244512,0.4574705194847438,0.4267940683964093
646,36.12211084365845,2.035246536784599,3.1768547865529495,4.0255539363003106,1.6554890494292056,0.45841159991824354,0.43081411006188364
647,36.18903589248657,1.921376931565424,3.0378544975251316,4.112522740037792,1.658987497220106,0.45949296960782426,0.43330123620390865
648,36.26451396942139,1.889257527883924,2.879415514496413,4.14645717243618,1.662986131201241,0.4607558793228054,0.43735336896051874
649,36.32197403907776,1.8692835223121662,2.7602359082660524,4.172374148257634,1.666054127734937,0.4617513971446944,0.4414402559693545
650,36.38888382911682,2.087844721712836,2.9303718065790796,3.9885213328627316,1.6693167510353868,0.46282812818481256,0.4439739874304559
651,36.521970987319946,3.049085099903772,3.279685653664297,3.3187110561694153,1.6762329874251642,0.46514366183709493,0.4521624088341224
652,36.588902950286865,2.457600305452326,3.0772379301827093,3.7027150926210743,1.6795755623048534,0.4662400967847792,0.45495786245135134
653,36.72210693359375,1.494851087435916,2.009003080726999,4.6273341191198485,1.6861549086320506,0.4684625552375112,0.4625035299259272
654,36.78901696205139,1.6452858222810116,1.2776360775361646,5.11893684470305,1.6897903942423604,0.46969174927615054,0.46475210341330864
655,36.92196488380432,2.732160193690909,0.15900349885392884,6.169844969295122,1.6966064262546015,0.4721126811764147,0.47191667253589425
656,36.98901891708374,3.1988643793610656,0.21841951601829038,6.479786194673837,1.7000278345777,0.47330862470271473,0.4737870771484842
657,37.12197303771973,3.9541029360717728,0.7934629807919884,7.093649391237137,1.7060477539161913,0.4754416277937211,0.47942452312299094
658,37.18905591964722,3.801248291275731,0.6832768600760892,6.995589355926465,1.7098760490264382,0.4767853388585007,0.4810505827055664
659,37.322120904922485,3.4575964979784946,0.4642453390819877,6.766145459056931,1.7165094582363776,0.47926864890323617,0.48650180714084945
660,37.389036893844604,3.160559426254507,0.3489282522549698,6.57423135730118,1.719832478025415,0.480502093444849,0.4881162153936554
661,37.46458387374878,3.362134494704785,0.3906294820295839,6.737940824859538,1.7236114284075943,0.4819031103341981,0.4906498802757296
662,37.52196383476257,3.3434615280535773,0.3686177369535194,6.7411023039527835,1.7264591629238009,0.48295537840900876,0.49314566169129753
663,37.58889102935791,3.18149438174267,0.17510550338270564,6.630076540191709,1.7296723085575938,0.4841404875494916,0.49478630208084057
664,37.66460990905762,3.608748462150272,0.2943158330116593,6.973184161180989,1.733344941888377,0.4855208715289294,0.497197794447907
665,37.72249889373779,3.76945436441968,0.37482254028835255,7.1326649508635915,1.7362533455156641,0.48668499363066703,0.499699368238846
666,37.789172887802124,3.8753483753092866,0.3954109722494487,7.23704912709347,1.7394985353442824,0.4879598409837696,0.5012992622637111
667,37.87829089164734,3.757400290416685,0.11707854931944855,7.038715754638117,1.7438246800801886,0.48963796598902953,0.5036612864135296
668,37.92276692390442,3.631662794827077,0.0568467335730169,6.947672304414207,1.746130714603042,0.49057624895110385,0.5061512754537264
669,37.98900890350342,3.8533634302096624,0.26161688740196604,7.142896340693133,1.7493751261017347,0.4918714830405999,0.5076726728054619
670,38.06772494316101,3.973041242946542,0.6034881170244368,7.367035684110901,1.752777602513916,0.4931973605230268,0.5101277744353783
671,38.12259387969971,3.742112290757417,0.30669385204448635,7.166567060046858,1.7553637403776472,0.49423000846271414,0.5126700945909952
672,38.188880920410156,3.712009592625157,0.24851512809684703,7.137228773717426,1.7589814260179344,0.4957104011520291,0.5147354425953791
673,38.26539397239685,3.7242702144319044,0.26903153450907,7.1669354594291566,1.7629571622104636,0.49737335354213075,0.5178508084385537
674,38.32278299331665,3.748765497850628,0.3058429849502613,7.208908868185339,1.7659450971043797,0.49864935593237414,0.52167311039309
675,38.389015913009644,3.6837388517626217,0.18731259486287763,7.140745426842631,1.7689929511469709,0.4999578924197992,0.5242852719482941
676,38.464656829833984,3.646966246561078,0.12697515549627353,7.120365542492046,1.7727017502012836,0.5015254579447845,0.5281337394605403
677,38.52273392677307,3.6322121983301887,0.09842313060392362,7.116009826011699,1.7757144470289967,0.5027927906638794,0.5321188937157348
678,38.58887195587158,3.3702890820722144,-0.13681918994925585,6.9689589845640585,1.778919416808053,0.5041648905327284,0.5345506926861134
679,38.66455602645874,2.745543511987908,-0.4656835005174193,6.60022228615776,1.7826822752014728,0.5058151393717653,0.5385620790780452
680,38.72258186340332,2.568739761834863,-0.5854324551375518,6.518756188326665,1.7856725048728064,0.5071647623337571,0.542640310813338
681,38.78900599479675,2.3338711874111575,-0.6595854752774641,6.4303268113150525,1.7889778463781618,0.5086373520914744,0.5453688525081787
682,38.86526894569397,2.204736103437782,-0.6766305493410822,6.410309947734374,1.7928006682006152,0.5103534240311572,0.5493423554336043
683,38.92272591590881,2.2134516791201624,-0.6287642593817203,6.460951584800836,1.7954041380566939,0.511557970089759,0.5534962875228826
684,38.989107847213745,2.641569914089281,-0.3846375873888826,6.723197953487868,1.7983418585068063,0.5128954373666096,0.556492410328249
685,39.064525842666626,3.2073467492712604,0.2491931281205783,7.223847950621745,1.8024905654763204,0.5147566782115884,0.5612455536627952
686,39.122700929641724,3.0031367788872756,0.04258287827881585,7.050949614297953,1.8053810256983351,0.5161324988680425,0.5664902499555429
687,39.18884992599487,3.04801944657591,0.13866763440990817,7.115216571523462,1.8083557275718132,0.5175464431566816,0.569957619115799
688,39.267828941345215,3.053104912064643,0.1360927473181903,7.114371818929355,1.8126051686597862,0.5195697730543584,0.5750161604483499
689,39.32257390022278,3.2226599583644484,0.4105545346571998,7.321541580126299,1.8156061226391254,0.5210223336968464,0.5803045325829744
690,39.38886785507202,3.3425745751410347,0.6704892358170699,7.500578954242328,1.8187731437167949,0.5225193395133826,0.583035937175987
691,39.46484684944153,3.3138184496523775,0.7160359059538602,7.488370001318365,1.8224838028843537,0.5242871303941059,0.5866517109879876
692,39.52273392677307,3.2417205247382634,0.5826545469685949,7.37778956045113,1.82535841452529,0.5256812773109804,0.5905234145807449
693,39.592896938323975,3.32466527257565,0.7598838866368127,7.481978342953166,1.8283967448813383,0.527190917161548,0.5929087413901015
694,39.68516302108765,3.3944625379383813,0.9482865715773682,7.582059334560143,1.832583308673026,0.5292807604119196,0.5968066105405687
695,39.79266691207886,3.424765551084647,1.099806447622023,7.653133764243921,1.8379806366211426,0.5320495210384544,0.6058299329459753
696,39.8654420375824,3.428562082053522,1.125635113074192,7.703583196277344,1.841371698296073,0.5337430308155335,0.6067637038031842
697,39.92191290855408,3.424915981385397,1.0229414270196306,7.635715264342226,1.8444220497315478,0.535281671770804,0.6104201574008359
698,39.98914694786072,3.42512414784379,1.0331079129110188,7.642868693500094,1.8475310845289998,0.5368440616916141,0.6118687838757845
699,40.067797899246216,3.4240037905479683,1.0256130636021001,7.637409210517677,1.8508541130535079,0.5385474769072147,0.6137945156600209
700,40.122050046920776,3.421284386606123,0.8101822025069652,7.524445648197439,1.8535651036611365,0.5399647143060163,0.6157463464229398
701,40.18899989128113,3.4086476246447273,0.5820464723847585,7.421291881559839,1.8568531656641931,0.5416723195548991,0.6168022897951562
702,40.26620292663574,2.971388546800732,0.09965801801091478,7.019414732936976,1.860437823413459,0.543543064153531,0.6186523212254074
703,40.321918964385986,2.9204001626305645,0.058595068928770304,6.979251881106301,1.8630928583014952,0.5449356163491259,0.620519796360798
704,40.38886284828186,2.925400887901063,0.06278180759579938,6.983139967542195,1.8662246783780916,0.5465647027744746,0.6216630248377417
705,40.465932846069336,2.917357618727988,0.05682187979796333,6.976272675789113,1.8698090985895808,0.5485215432235868,0.6235508731554715
706,40.52192282676697,3.1983270506687265,0.3183417872381332,7.208289625283797,1.8722928010618882,0.5498971848865439,0.6254358585750298
707,40.58899784088135,3.532300256454185,0.6690250770268946,7.551877005944762,1.8749230244898303,0.5513694666699865,0.6267360803982335
708,40.67014288902283,3.571974132104623,2.029995735154775,8.479103051987297,1.8786805229465662,0.5534281395363616,0.6287257946276592
709,40.7221839427948,2.920735219122884,2.55474867279563,9.048659616009244,1.8814081345984282,0.5549159146663634,0.6310645161179395
710,40.78901386260986,0.9171204227558043,1.8747614002068036,10.52898493960426,1.8843732853714983,0.5565442395455524,0.6323269876326915
711,40.86593985557556,0.9171204227558043,1.8747614002068036,10.52898493960426,1.8879651199895373,0.5585731270227874,0.635104930965753
712,40.9219069480896,0.9190157151961253,1.8757258511953063,10.527279954601081,1.8907312764604334,0.5601796492383903,0.6384268915304907
713,40.989014863967896,0.9175945454392644,1.8662389370275527,10.534431325801282,1.8937350835372466,0.5619240648510342,0.6406376481303926
714,41.06539487838745,0.9277608775982455,1.880692161325519,10.521636134604417,1.8971806260503838,0.5639488032055924,0.6440032179579804
715,41.12205481529236,0.9313978268840674,1.895055995549315,10.51210830169888,1.899886380043441,0.5655689151605076,0.6475171258582855
716,41.18905591964722,0.8400134193892385,1.6394495051959135,10.700061106002634,1.902933421568515,0.5673450660881173,0.6497191606056175
717,41.26523399353027,1.0837889900386193,1.9380534492870167,10.462377139935256,1.9064276237354831,0.5693593234613158,0.6531545718327924
718,41.322075843811035,1.0514528909780292,1.774185304259682,10.565871967704336,1.9091912012834535,0.5710491029265767,0.6567353916554857
719,41.38901090621948,1.1084255001050387,1.8680085858896633,10.497214155645713,1.91229135878139,0.572931663721191,0.659039225735486
720,41.465139865875244,1.102450713654993,1.8644795726524457,10.501518945590096,1.9157489803378625,0.5750659123901913,0.6626695137754273
721,41.5219030380249,1.0931206798348283,1.8401195745495726,10.519000978739635,1.918354349684486,0.5766850049428615,0.666285287587428
722,41.58892202377319,0.943553166153239,1.58207887114288,10.726703508234882,1.9212945016823784,0.578494000812776,0.6686967133754675
723,41.6653618812561,0.943553166153239,1.58207887114288,10.726703508234882,1.924781292529216,0.5806829625549003,0.6722222726055418
724,41.722049951553345,0.9492037250215084,1.6032598914769631,10.711432675573366,1.9273531912097512,0.5823207198979837,0.6758089513826332
725,41.789063930511475,1.18350425559116,2.082738353024955,10.417540894653008,1.9300929537416092,0.5840723893544453,0.6781535318273118
726,41.86537504196167,1.2247513180568168,2.020222338432338,10.414342198374129,1.933565929094134,0.5862947242090445,0.6817169079448648
727,41.98902988433838,1.4273017512351107,2.119872730373748,10.306890395025468,1.939556661988928,0.5901719954924258,0.6889134350005315
728,42.06557583808899,1.284188658808129,2.2045032820711694,10.360881831985347,1.9429616514625305,0.5923758339676597,0.6912435012172694
729,42.12191390991211,1.0767463277743026,2.079988361260652,10.510577296568922,1.9455343563214904,0.5940628093082289,0.6948068773348224
730,42.18892693519592,0.8838133682280134,1.8878175047300467,10.691836781850931,1.9484754802164752,0.5960468634325568,0.6971194332673928
731,42.26527500152588,0.6802465072115713,2.073726284164622,10.754269263252286,1.9518721894461297,0.5983708896109666,0.7006653656798061
732,42.32204794883728,0.7685527107711764,2.5412336916284004,10.55752839824492,1.9544232672102653,0.6001002605194956,0.7042200199447892
733,42.38938903808594,0.9376355440565987,3.0257064377765723,10.363066864037124,1.9573248759727646,0.602080238558334,0.7066110725504897
734,42.4660918712616,1.112253068516267,3.2006410159577854,10.269267696470202,1.9606562446450218,0.6044046414599382,0.7100261105953253
735,42.52205681800842,1.1272053896466172,3.2417068274848475,10.27661648147371,1.9632901120018036,0.6061962275074075,0.7135429479728296
736,42.58889985084534,0.9552713100961402,3.177212061763663,10.390256313789333,1.9662890161770552,0.608230074343754,0.7158293383476898
737,42.66604685783386,0.6450755182293384,2.454904092115953,10.895086086107892,1.9695866705005973,0.6105838771670491,0.7194479750578623
738,42.72188901901245,0.659110089627539,2.437425255239555,10.891328268763665,1.9720384642077513,0.6123757561438388,0.7230753336206047
739,42.78892683982849,0.6626455509882891,2.3729118087494454,10.919107726625516,1.9748659760300469,0.6144472575986653,0.7254781041351014
740,42.92222189903259,0.6754217072118219,2.2739832605127304,10.953424999495233,1.9808502953760696,0.6187327648648594,0.7326659759172254
741,42.98912191390991,0.6873711229634359,2.2412493320029347,10.961349091018885,1.9837441156047655,0.6208189672362161,0.7350483066703557
742,43.12189483642578,0.712812333290044,2.120399900545365,11.015339622785849,1.9894507212326948,0.6250976791202092,0.7420849109025629
743,43.18886685371399,0.6693611571491593,1.7972633003526886,11.192766989171654,1.9920419499267092,0.6270673168379509,0.7444497979505535
744,43.32191300392151,0.890440026201724,0.7615208282486408,11.830272679882594,1.9978824917676057,0.6315322071196018,0.7517190958830064
745,43.38905191421509,1.5127590666660637,0.30729046493048207,12.280628637181875,2.000848765468849,0.633786666184445,0.7540782571346532
746,43.52203297615051,1.5127590666660637,0.30729046493048207,12.280628637181875,2.0065880651834562,0.6382800302639564,0.761225382552099
747,43.589020013809204,1.5157695083115463,0.3063114673740597,12.282018115821726,2.0092421947883197,0.6403991077426215,0.7634564457553129
748,43.721890926361084,2.035672953066447,0.3039573364455289,12.62123114791456,2.0146744240758876,0.6447815138773729,0.7706675536179476
749,43.78887391090393,2.015368573253257,0.33015009203647144,12.609134494524968,2.017679282419776,0.6471966083574219,0.7730645317570735
750,43.86567687988281,2.011248483850629,0.3481302753103935,12.598916070246554,2.020869044527873,0.6498155029034438,0.7766889608426166
751,43.921881914138794,2.0321984574515732,0.3647029390585215,12.602858639029908,2.0232709571262224,0.6518291984087247,0.7803279707351283
752,43.989205837249756,2.0268213137277673,0.3816709025922702,12.590299405221648,2.0260449179396898,0.6541669418308869,0.7827220193970551
753,44.06603288650513,2.1860084820743153,0.4244723467366934,12.649938633075605,2.029175583652017,0.6567839832801514,0.7862417196727309
754,44.12203598022461,2.241851809797832,0.4593628802873103,12.662099793756603,2.031463639070288,0.6587112856829077,0.7897847891869723
755,44.1890709400177,2.3381940273359123,0.5054128624381646,12.694425459114276,2.0339358067716837,0.6608073613807014,0.7920769719372035
756,44.26767182350159,2.4705745702641284,0.5701977165903568,12.747496345405262,2.0371399489479596,0.6635390479302482,0.7957188447278867
757,44.32189702987671,2.5964893663852786,0.6379462804578302,12.801948243600126,2.0396402847682724,0.665685527392577,0.7992997311296074
758,44.388880014419556,2.7262519304640724,0.7259194150202256,12.854884898123142,2.0423971172460016,0.6681337428983375,0.8013301251446839
759,44.4657678604126,2.8401113616763105,0.82216099451085,12.893043746795627,2.045518186120018,0.6709299232091867,0.8048935012622371
760,44.52187991142273,3.1679087392558785,0.978956693320535,13.109432408395437,2.0477378492151095,0.6729296227419442,0.808419060492311
761,44.58908987045288,3.3623502097714066,1.1808954293096339,13.24327645836507,2.050330916797667,0.675250597882246,0.8107054508671715
762,44.66595101356506,3.4997868771045946,1.3625887972692836,13.341200022063653,2.0533787011740934,0.6779912809957027,0.8141815418799975
763,44.72203087806702,3.7595180546808074,1.6766420398103596,13.607273104361395,2.05568180245333,0.6800924520521312,0.8176518405174525
764,44.788995027542114,3.798831767537737,1.729726171045137,13.648646148682726,2.0583291960542343,0.6825296547733853,0.8198946216294627
765,44.8741819858551,3.84052886409555,1.7926131435127954,13.69533539110118,2.0617427145025733,0.685762823728268,0.823466719599586
766,44.94420504570007,3.8734307734355573,1.853887800079655,13.73909329688096,2.0644687935039565,0.6883941903524755,0.8270388175697092
767,45.01275992393494,3.8864513743397406,2.053715720408969,13.84002260618938,2.0671219322430385,0.6909383446752829,0.8304538556145451
768,45.085301876068115,3.393571170201186,1.5143706959358834,13.32951785880867,2.0699117897032595,0.6935883006328546,0.8340113727777002
769,45.140012979507446,3.7368079923857302,2.217898434964727,13.804399943559073,2.072039356675752,0.6956230191373555,0.837115153870133
770,45.189024925231934,3.7516564253460984,2.6239872786888085,14.013907777324322,2.0739236949306794,0.6974241965936494,0.8395004806794899
771,45.26665282249451,3.663603083818048,3.1626150284128096,14.283487465817363,2.0769106365808225,0.7003867743817657,0.84185664587491
772,45.32203698158264,3.5270007732099153,3.45138486749775,14.4243206592118,2.0791164714774557,0.702606183076826,0.8453822051049841
773,45.38886904716492,3.3129679575786875,3.776713355195798,14.59866811896352,2.0814704189347717,0.704964791141492,0.8475319087368964
774,45.468360900878906,2.996693454977258,4.107506163688719,14.803033969964357,2.084453043185513,0.7079948011594953,0.851551950402371
775,45.52186989784241,2.7549585952281115,4.270063199300245,14.927972087525628,2.0866126151983435,0.7102171084634074,0.8561857841200814
776,45.58888101577759,2.377410446032899,4.468675197087354,15.134878562409371,2.0890869982114357,0.712783699756105,0.8592750509845734
777,45.66590690612793,1.6434083541745965,4.64949023677235,15.560909800000031,2.0920096824284014,0.7158375492447838,0.8641328565499594
778,45.72198700904846,1.3456287263285878,4.59457367930782,15.704369437675576,2.094242173485096,0.7181886867560733,0.8689441899543242
779,45.7889838218689,0.938952371192284,4.592950779002192,15.922904929632711,2.0967652513093307,0.7208552574979912,0.8719461051350613
780,45.86610984802246,0.7426325966247155,4.567123519418041,16.023201269884233,2.0997365844489684,0.724034218767035,0.8769232203172833
781,45.92191791534424,0.5744918114695259,4.5190112908709885,16.1192107793104,2.101869384620165,0.7263620062757756,0.8817665116547285
782,46.0010290145874,0.38345154763800254,4.448124308105357,16.228209285382587,2.104668189252819,0.7294124428538178,0.8849837434095987
783,46.065940856933594,0.26874626697418585,4.396645104292042,16.300182899958518,2.1070363904996046,0.7320300135577447,0.8898822953396633
784,46.12196898460388,0.16416733252859073,4.334631546730713,16.37121253516815,2.1092141850603356,0.7344622544410292,0.8949059492619342
785,46.188870906829834,0.1725071013454524,4.339621292714095,16.363618321192398,2.111702746315622,0.7372344577087164,0.8982453535318118
786,46.26549792289734,0.18423440192323373,4.349762800996212,16.352310458912715,2.114371786576113,0.7403191704342115,0.9034173455268002
787,46.322197914123535,0.17995451877886864,4.348145838723507,16.353938666786792,2.116468876509222,0.7427548661241036,0.9083362706392039
788,46.38898992538452,0.18505215735574956,4.352865245451697,16.347610657840843,2.118912258672209,0.7455839346826356,0.9115913192815533
789,46.465065002441406,0.18800564008691836,4.354625583073728,16.345273217603093,2.1216013635036948,0.7487524203084179,0.9165596460321779
790,46.52208590507507,0.04441124139771982,4.288313468838373,16.456070674388346,2.1236459306087405,0.7511902839275134,0.9213942155170532
791,46.588865995407104,0.03521732765462453,4.308973924937428,16.464764972190654,2.1260013705908394,0.7540725328999395,0.9245561866793043
792,46.66789388656616,0.07102710111845473,4.3614738917197124,16.438162907027007,2.128809260787238,0.7574558717260359,0.9292598617966022
793,46.722079038619995,0.6325389706791051,4.746007992101815,16.001837188922195,2.130781328801642,0.7598083233995393,0.9337773153746765
794,46.789175033569336,1.1074755390208808,4.9063098523828526,15.709657325883379,2.1328423939601,0.7623582681658035,0.9365233007746571
795,46.86524200439453,1.458249936743516,4.965565301874458,15.525356583443182,2.135216500057355,0.765335381047354,0.9407557295370654
796,46.92222499847412,1.723552652973451,4.965527865005529,15.394791933665179,2.1374008834453977,0.7680952044869159,0.9450259751869531
797,46.98912692070007,2.0525976770822902,4.907300610521869,15.226531684092414,2.1396196341038967,0.770915591567332,0.947847594361892
798,47.06774401664734,2.4251627639351754,4.777909665525784,15.027495404150075,2.142041351833847,0.7740318708529133,0.952324368154315
799,47.12206983566284,2.688615137466829,4.608619702835763,14.866447974454898,2.144044707121343,0.7766581661435311,0.9574585432618242
800,47.18886089324951,2.966840472149315,4.357034929061495,14.671935931062315,2.1464127862266076,0.7797596607260123,0.9611993524870043
801,47.26571083068848,3.2129926011754373,4.087870425513054,14.501643376569273,2.149082639802449,0.7832664777312762,0.9672730908270936
802,47.3222279548645,3.3607999762627996,3.8403392708333324,14.360246228512242,2.1510443506007086,0.785940789788843,0.9736377129372467
803,47.38898491859436,3.493271567281933,3.561054249054675,14.21730983113819,2.1531685487304895,0.7888615472228214,0.977779993696756
804,47.465168952941895,3.5901338478554683,3.1913338910005913,14.033432700441214,2.155764724513537,0.7924413564974162,0.9841271721017689
805,47.522193908691406,3.6013446359576142,2.8441077880451906,13.85406682946582,2.1577642151055763,0.7952142165567978,0.9906925299790869
806,47.58899784088135,3.574893005097099,2.5020527276536226,13.690851013898063,2.1599131483286946,0.7981802038824821,0.9950703673370137
807,47.664324045181274,3.5156286378038595,2.179851466746855,13.545305543961048,2.1622156531983965,0.8014903454158037,1.0014030315140856
808,47.72206997871399,3.396047424431678,1.902018475090152,13.390668636841879,2.1639994032037175,0.8041038715274716,1.0078753119113053
809,47.78950595855713,3.201862249505456,1.598661083100556,13.205705378407009,2.1662280050450984,0.8073845513541643,1.0121891668240428
810,47.867928981781006,2.87817584299721,1.280263042487313,12.966748937014115,2.168814059967762,0.8112117792837945,1.0187574208890462
811,47.92221283912659,2.6157508841729635,1.117057887870951,12.810693325045975,2.170596852792898,0.8138696400586134,1.0253925868764378
812,47.98975586891174,2.235400553813722,0.9684011729446893,12.598608034065606,2.1726512357127454,0.8169175215204918,1.0288657817015783
813,48.065572023391724,1.8216019263955565,0.8863113032705704,12.384255290175108,2.1748750660408103,0.8202615721915288,1.03089907190434
814,48.12221097946167,1.5574701189162665,0.8816158880881493,12.259737890077062,2.1764991323756973,0.8228264644557352,1.0324582528540407
815,48.189520835876465,1.2404260136585146,0.9180524370613411,12.106565298600055,2.1783361653024977,0.825725058038153,1.0334617985318097
816,48.265064001083374,0.8933593417671851,1.0174275183058445,11.931438633112888,2.180349163579416,0.8289035565559643,1.0349773369291466
817,48.32210397720337,0.6462832440504556,1.1344086402252942,11.797899336149168,2.1820093299166587,0.8315270054921251,1.0365248665490778
818,48.38951897621155,0.3870312793584318,1.2974137101819796,11.651488423435223,2.183905377896899,0.8345369803511739,1.0375575072617562
819,48.465718030929565,0.09960129023804987,1.5577553844495828,11.462229744634788,2.1859106559436636,0.8377916979980644,1.0388606918516727
820,48.52220296859741,-0.06193324571873532,1.7547653796633556,11.34297946844985,2.187371229043022,0.8402409075634557,1.0399078800818056
821,48.58969497680664,-0.2198201860461257,2.001857902735597,11.208537794975609,2.1890734516112276,0.843139826896288,1.0405129502814716
822,48.66523885726929,-0.3444877893798327,2.204642638936145,11.11954079540831,2.191078042598684,0.846551614156178,1.0415717898413734
823,48.72219491004944,-0.4246831604803018,2.3653952415602006,11.052485175292624,2.1925795733073437,0.849107608942621,1.0425927792242826
824,48.78951597213745,-0.5046811300399036,2.57272901721197,10.968693132366598,2.1942796853369915,0.8520021729467027,1.0432385624991134
825,48.86515188217163,-0.5713217568049348,2.8598874937279497,10.843337148918652,2.196234113088573,0.8554547064840161,1.0442072207666022
826,48.92203688621521,-0.5957289499471449,3.09154114655568,10.7429096189356,2.1977256041902615,0.8581304245937731,1.0451962522164304
827,48.989810943603516,-0.5942100845840372,3.3555093574600123,10.629055975302379,2.1992906728287527,0.8610183434411985,1.0458420022017474
828,49.06563997268677,-0.5764381481614914,3.6116059563596674,10.529115148596132,2.201104858948175,0.8643644988996203,1.0468019386166665
829,49.122185945510864,-0.5236220011618988,3.8340546762447127,10.425097609419634,2.20252871414636,0.8669878502430404,1.0481109488714677
830,49.18967390060425,-0.28997382616799694,4.227988984810663,10.1719862392994,2.2041905726192454,0.8700978318905579,1.0490097990288831
831,49.265892028808594,0.03246768643585274,4.5556346835619514,9.918636388273468,2.206053490660976,0.8736310838707154,1.0503769660639888
832,49.32217001914978,0.2771899163065421,4.718834935125471,9.759691002234295,2.207377781332672,0.8762231389611366,1.0517266893939545
833,49.38949799537659,0.607918919528144,4.869489831795763,9.562594568775737,2.208844148004586,0.8791482912609923,1.052689521996559
834,49.46586894989014,0.9939038779169564,4.955179287152065,9.355471004570504,2.2104053203919096,0.882329143926389,1.0543446766140434
835,49.52203297615051,1.324475922287612,4.947714135596834,9.174683322102442,2.211774060887462,0.8850793411124622,1.0562936111892771
836,49.589653968811035,1.6338093792510002,4.8996918117008255,9.013091485974517,2.213479109066742,0.8885007455156608,1.0579109489192822
837,49.72217583656311,2.1939538567168166,4.727426129850902,8.713603172884365,2.216620435665825,0.8949607407677106,1.0635861784917546
838,49.78966188430786,2.4400366733034877,4.541795662875147,8.554974138923484,2.218060350328596,0.8981623068983083,1.0657940389039713
839,49.92205500602722,2.8603373417857036,4.115796848973577,8.257664246061829,2.2210780747369223,0.9046539874933459,1.072804444288955
840,49.9897940158844,3.017369155466468,3.7760924682368726,8.056701949102436,2.2225655380841056,0.9079622016298009,1.0751460952564345
841,50.12205696105957,3.188860884425543,3.0945248874294933,7.685327983851657,2.225446847877086,0.9144997222611565,1.0818947119062632
842,50.20098400115967,3.14765585058554,2.69151542027129,7.475399924920068,2.227064763797966,0.9183483596583966,1.0833287908637572
843,50.2748498916626,3.015301786547072,2.3151990250306653,7.26205092719092,2.228639819779245,0.9220633998259024,1.0883495153088292
844,50.33237886428833,2.799481289144479,1.9957533994433936,7.0318927804400335,2.229866362379347,0.924956675027929,1.0935971410787757
845,50.399444818496704,2.5396802017253854,1.747648773992617,6.820338695514973,2.2312813639299747,0.9283950169912623,1.097020867686668
846,50.52204990386963,2.0898041280671857,1.4242381442469225,6.51185340895072,2.233899428568679,0.9348576740100236,1.107402668564124
847,50.589442014694214,1.8888428245611186,1.3383905601554231,6.399943861573545,2.235133655851316,0.9380798942115234,1.1104308158815985
848,50.72205185890198,1.5379572052384216,1.2177822286183582,6.213731882425375,2.237651498999947,0.9447588819880702,1.1191632878064548
849,50.78972387313843,1.3930111629914455,1.18717243520554,6.146396558244053,2.239039607237891,0.9484140025214027,1.122060540756352
850,50.86522388458252,1.168245362587588,1.1768960759474087,6.0257981317637945,2.2404863275192723,0.952277989550348,1.1263045875590159
851,50.922364950180054,1.0348702980957136,1.1955082157896695,5.949814052400046,2.241579316898474,0.9553405252979297,1.1306417451312916
852,50.98908591270447,0.9203260024386289,1.216250622232464,5.888304926496503,2.242742191944303,0.9588117675833648,1.1335447904565599
853,51.06575584411621,0.8277350963038943,1.2371664770809225,5.841260765085524,2.2440726230921424,0.9627645669925138,1.137559073036177
854,51.122052907943726,0.7612889864724699,1.2547378843373602,5.805895840090122,2.2450489243389034,0.9656445429035236,1.1412853347439023
855,51.18881392478943,0.7061374993320008,1.2743893782453484,5.782304002138188,2.246014595576816,0.9685560359447665,1.142908498138792
856,51.26528596878052,0.6544035062829646,1.289718979672309,5.756305675783054,2.2472385617967694,0.9723077387784472,1.1451803409961976
857,51.32297396659851,0.6464569109921066,1.2948101128809435,5.7518495632252815,2.2482966016932493,0.9756141825057858,1.1473736206014462
858,51.38895392417908,0.6354299347472386,1.3042060624446687,5.741996135540323,2.249283288173047,0.9790331950254046,1.1488542382989892
859,51.46526384353638,0.6284656336325137,1.3096457355528524,5.736569995106018,2.2504041892345983,0.9829097689410753,1.1510068381185865
860,51.522193908691406,0.6308790271832825,1.308338370613213,5.737143691516383,2.2512400343311594,0.9857413263377874,1.153301950346017
861,51.58880686759949,0.6352774820645802,1.3058683409627334,5.740400646462351,2.2522010455338477,0.9890054715663881,1.1548320029712946
862,51.66507387161255,0.641493916293214,1.3029539177834093,5.745023319408205,2.253312810904228,0.9927875266162561,1.1568682226512557
863,51.722038984298706,0.639367236758945,1.304571896700727,5.7440875190569445,2.2541016750385947,0.9956611927486869,1.1590935267686122
864,51.78880500793457,0.6359166348935157,1.3065166913021358,5.741307417637328,2.25498740670146,0.9990201329921766,1.160577040653841
865,51.865028858184814,0.6428129366635431,1.3034959939149495,5.746076682558493,2.256012630218977,1.0030602320454005,1.1628634310287012
866,51.922353982925415,0.6356788972287362,1.309054999040773,5.739292669011933,2.256696276399044,1.0057534816058824,1.1650887351460577
867,51.98901987075806,0.6304974394484381,1.3085189647083248,5.735790274686734,2.2574319783037122,1.008714000009638,1.166604240253881
868,52.06572484970093,0.6249755882631568,1.3141716385382134,5.7275551787885375,2.258504628087845,1.0129582834913393,1.1689546130739306
869,52.12206196784973,0.62135800873434,1.3161954070519317,5.723819718596624,2.2592571848188436,1.0160339862074248,1.1712061160385105
870,52.188753843307495,0.6378893094023254,1.3077860282339744,5.7330747487623555,2.2600273275982343,1.0193956294830813,1.172916531248614
871,52.26586604118347,0.6289053674859891,1.3101562472542976,5.72683814133156,2.2608414645668695,1.0230877510141436,1.1755257966161328
872,52.322818994522095,0.6018948721720698,1.3235719616167099,5.704526853295205,2.261455277031817,1.025843959304159,1.1783794070136664
873,52.38874101638794,0.6088885140214725,1.3232613270143316,5.704294121010208,2.2622603037168516,1.02955322427376,1.1808636036784923
874,52.465184926986694,0.6130352580416338,1.3225777527504017,5.70288608277271,2.2631968679436687,1.0338313821271683,1.184906948003505
875,52.52217698097229,0.6195317844921336,1.319532652091265,5.703235538068656,2.2639182319115485,1.0370476133650353,1.189534956056331
876,52.58889603614807,0.6196985799920728,1.3179823505997714,5.699103623476367,2.2645925424416724,1.04052719625671,1.192638737148764
877,52.66555881500244,0.6141877151052618,1.319661921354981,5.690562945682257,2.265379417767699,1.0446372639189452,1.1972027960459146
878,52.72203087806702,0.6063194064661069,1.3224718207590618,5.681722185960554,2.2659877295054396,1.047826073235825,1.2015515716584457
879,52.78874182701111,0.5971711790397312,1.3268383616019592,5.67561529380171,2.266561648630512,1.0510919125100706,1.2033841593835566
880,52.865952014923096,0.5977286881528661,1.3263108602810303,5.674450004826622,2.2671988514404258,1.0546954230395766,1.2059381641584563
881,52.922027826309204,0.5911959642074069,1.3294435208111453,5.6694214818585005,2.2677616842625703,1.0577959447057717,1.2083147025362155
882,52.98898482322693,0.5962147464517823,1.3273697758873684,5.672161652302623,2.268359490168656,1.0614307258220006,1.2096382603084714
883,53.06932187080383,0.5945651660480845,1.3286241778114276,5.669531510061351,2.2689417569748223,1.0656546132271696,1.2113719448885993
884,53.12217593193054,0.5978995166696099,1.3260828166419327,5.673083770242392,2.269316737351919,1.0683474733009246,1.212695502660855
885,53.188880920410156,0.5930227743662153,1.3280608764195478,5.668688507157512,2.2697488958728798,1.071618445885771,1.2130474726884228
886,53.26599597930908,0.6029158341651245,1.3213903996939624,5.676935122878136,2.270213189871244,1.0751343390995631,1.213431433938585
887,53.32279300689697,0.6184138450889936,1.3128370773970197,5.688520160754668,2.2705627160504056,1.0778188034971814,1.213614692711096
888,53.38852381706238,0.6237236947901897,1.310543239671614,5.691239592127413,2.2710201865311217,1.0814748074436662,1.2136961521509386
889,53.45565891265869,0.615151649590119,1.3158317586773023,5.683600321184601,2.271372796099393,1.0849675073026024,1.213771785925897
