frame_id,time_s,x,y,yaw,gt_x,gt_y,gt_yaw
87,0.0,0.0,0.0,0.0,0.06799938067792057,1.1394441814251262,-1.308996938995747
88,0.06614017486572266,0.004324719067609437,0.007439239982856893,0.009934678270525486,0.06813163085048836,1.136687133522764,-1.308996938995747
89,0.13272714614868164,0.09492885626546664,0.01088955123447469,0.06448249168911552,0.06829265178704237,1.1333916524002083,-1.308996938995747
90,0.2009141445159912,0.08394478383500575,0.014785665920980216,0.05338525679636516,0.06846234237516817,1.1299625617920985,-1.308996938995747
91,0.2730250358581543,0.012145028075123271,0.014135739524076249,-0.012429931747201,0.06864824321003056,1.1262630690214563,-1.308996938995747
92,0.3327150344848633,-0.027443739324051412,0.01480549571014734,-0.04230155373551647,0.06886754725245266,1.123554175848759,-1.308996938995747
93,0.39946603775024414,0.00467565924960147,0.007663636965436959,-0.013744448377552922,0.06912226906845266,1.1205760132327591,-1.308996938995747
94,0.46608400344848633,-0.06854667321441793,0.0013386349528816807,-0.09182078772237924,0.06944765622741737,1.1169623028533775,-1.308996938995747
95,0.532738208770752,-0.22792779229347448,-0.005887016481894026,-0.2336466283561769,0.06976189469626916,1.1134849245076948,-1.308996938995747
96,0.5994830131530762,-0.3001565786844622,0.014617473050563358,-0.30719546427425864,0.07005949166874616,1.110191762948062,-1.308996938995747
97,0.6661300659179688,-0.34115177244832723,0.02897919525618415,-0.35176152499577873,0.07036146457312838,1.1068520982521468,-1.308996938995747
98,0.7328691482543945,-0.5289755344974152,0.10483826319456424,-0.5249651791745079,0.07069661323712247,1.1034963966898164,-1.308996938995747
99,0.8001060485839844,-0.7215498775902713,0.22697969667701498,-0.720548248131116,0.07113670596355216,1.1001027927771247,-1.308996938995747
100,0.8690330982208252,-0.8077895608990144,0.29074022840300573,-0.85199534946456,0.07158850892021643,1.096660555367363,-1.308787614534067
101,0.9327239990234375,-0.8491741504439847,0.3465618988669852,-0.9404489177467316,0.07201957573404107,1.0934522168947172,-1.3079670946022135
102,0.9998250007629395,-0.8616889546204589,0.345237666691867,-0.9661003744997265,0.07246954659093345,1.090075155798131,-1.3074320655392166
103,1.0663561820983887,-0.9033284572977294,0.39790980107432206,-1.026450585980411,0.07293234018075688,1.086696952006931,-1.3063034178692412
104,1.132735013961792,-0.9156906632723105,0.41650690305465976,-1.0445283665972038,0.07340860676816345,1.0833457917242557,-1.304689009616435
105,1.1994731426239014,-0.8980112237722621,0.3693683840550675,-1.010439957822923,0.07397992751168686,1.079885207138188,-1.3032751373937121
106,1.2666020393371582,-0.8968121370689804,0.3761679499561461,-1.0115322394992763,0.07461773813913607,1.0762996469120638,-1.301285489743314
107,1.333625078201294,-0.9088285794895616,0.39048730684093624,-1.0247298226271322,0.07526499789747088,1.0727369324115008,-1.2979839689399424
108,1.3996100425720215,-0.9010724995634789,0.41942028492409317,-1.0645373121588249,0.07590415492815113,1.0691942461629993,-1.2952116182451698
109,1.4663522243499756,-0.9711243869291972,0.5818087523261055,-1.228719913597506,0.07661768182692413,1.0653278548778717,-1.2908192666593021
110,1.5327131748199463,-0.97200015794213,0.6461513591355099,-1.3074532402005532,0.07736691008921312,1.0615133027623866,-1.2850045207352232
111,1.5994720458984375,-0.942812219998381,0.7350637156186439,-1.3873982356454735,0.07808419401421554,1.057900733741724,-1.2808475925897187
112,1.6667470932006836,-0.9787206875486354,0.8407450212626559,-1.4953710819875365,0.07896383820698644,1.0540959565281451,-1.2745702555842928
113,1.732729196548462,-1.0002179518876608,0.969156639158691,-1.6121683425555324,0.07984452732804813,1.0502546471853653,-1.2681272699590642
114,1.7994530200958252,-0.964055946501772,1.045789019452399,-1.7174987337718126,0.08068567027047156,1.0464641731896385,-1.2635748623916827
115,1.8664891719818115,-0.9169864780706942,1.1034349321461925,-1.8260410290191678,0.0815985557099149,1.0425648931767704,-1.2567417236667575
116,1.9328680038452148,-0.8583672745993375,1.1248793417816227,-1.892733206234796,0.08252321284359611,1.0387059025255325,-1.2499525270998184
117,1.9994680881500244,-0.8319737503847436,1.0748615725114317,-1.933210477776409,0.0834556318535237,1.0349531276865218,-1.2454467248515133
118,2.0663511753082275,-0.8043692048924104,1.0369731189396107,-1.9804718423633454,0.08442951287144256,1.0312472022974992,-1.2387997410867846
119,2.1327240467071533,-0.7818561969210553,1.0152525932497845,-2.03622677792666,0.08534833563678192,1.0278570678810488,-1.2329122908649466
120,2.199458122253418,-0.7742231900493075,0.9545390034825119,-2.0468089849148687,0.0862972015903755,1.0242374578128233,-1.2303902773126412
121,2.266350030899048,-0.6187573439273633,1.0730175758505132,-2.204795696290433,0.0873301141965981,1.0203395204116879,-1.2266027296103306
122,2.332674026489258,-0.5385689096775964,1.0702096784321533,-2.2643305244176206,0.08827136827474066,1.0168034297913475,-1.2228852230446892
123,2.3994531631469727,-0.38456306950969765,1.146570822966043,-2.4140575822463055,0.08924374884355993,1.0133262519242379,-1.2203632094923842
124,2.4665021896362305,-0.3615358099870055,1.1151582278612835,-2.4259073886919578,0.09030188879818679,1.009703408602205,-1.2166486324039414
125,2.5328571796417236,-0.3660377377611375,1.0651214679598973,-2.399165518444179,0.09138601483712956,1.006208790871925,-1.2130240701603436
126,2.5994620323181152,-0.3693467961834242,1.0188486159327945,-2.3621771750048364,0.09244790837799746,1.002758898855303,-1.2101822109611202
127,2.6663382053375244,-0.35784526214150175,0.9663221575709185,-2.3656422213854444,0.09356795986032933,0.9991179325488743,-1.2058508457642152
128,2.7327160835266113,-0.34538115949402587,0.8878341976835508,-2.357457899892172,0.09462061253232,0.995734574179015,-1.2016068322510647
129,2.79964017868042,-0.3038740212151738,0.8274932185576703,-2.368404420874977,0.09560872943295266,0.9925468259898084,-1.1986949319151723
130,2.8663601875305176,-0.23489017009480895,0.8231173065763927,-2.418359403181012,0.09689100812579544,0.9887418061559415,-1.1943142982381012
131,2.932690143585205,-0.1853126314290328,0.872168100199646,-2.4572180473437513,0.09820288488500556,0.9849589012671529,-1.1896337926222866
132,2.9995980262756348,-0.15068689510263428,0.9161157352367005,-2.483259823139355,0.09944766156146609,0.9814334111811017,-1.1860995115396427
133,3.0664892196655273,-0.11225789799251878,0.9475280462274511,-2.5246621301689656,0.10073894773098013,0.9777704509830341,-1.180339893050128
134,3.1328701972961426,-0.081505324066213,0.9685953741303251,-2.55257599099126,0.10205166994633762,0.9740737710916743,-1.1740074286101374
135,3.199458122253418,-0.046546935030727196,0.9951629507726134,-2.5877304834686505,0.10340066091819895,0.9703696304212137,-1.1693415703803192
136,3.266519069671631,-0.02175340949781797,1.0129363660579846,-2.6118419233107097,0.10485954417461522,0.966537664312958,-1.162025600549762
137,3.3333511352539062,0.009257204589716666,1.0353748090806263,-2.640491717885246,0.10631364615284891,0.9628559315027883,-1.154698179126518
138,3.3994481563568115,0.02848875773001621,1.0513538213600593,-2.661630517760891,0.10768667242937517,0.9593614342040995,-1.1498024900946253
139,3.4663360118865967,0.10883343517693778,1.0780572418983323,-2.718212041860133,0.10917252487666601,0.9556155994245825,-1.1428212796130919
140,3.5327022075653076,0.21461541893202957,1.1046104067618483,-2.7891784751723088,0.11065104338814422,0.9518949963410678,-1.1363141118055924
141,3.5995500087738037,0.3569701900640745,1.139269011275054,-2.88306813743837,0.11206756831666075,0.9484240652622176,-1.1319944645174838
142,3.6694350242614746,0.5008070040357862,1.1593976294225028,-2.9835314233053274,0.11363344143187147,0.9447064558284308,-1.1258974235178565
143,3.7328941822052,0.5526104798561793,1.1901031999310427,-3.0179217398070888,0.11500809264428608,0.9415613282194717,-1.120603059270779
144,3.7996420860290527,0.5064935678673754,1.1762524051623247,-2.976494494648515,0.1163515591266046,0.9384708178924004,-1.117551875609875
145,3.8663330078125,0.48056167827012797,1.1770893591153486,-2.961634993702952,0.11787749355039659,0.9349763276783486,-1.1130953418417364
146,4.033056020736694,0.386814430832359,1.1931990346702597,-2.920413676624785,0.12161492104291222,0.9264845497678853,-1.10894160948954
147,4.099927186965942,0.37836092410582206,1.1768050502124472,-2.918042681147099,0.12339101579519741,0.922747514237042,-1.1012970055804674
148,4.1671881675720215,0.2733608133922819,1.1618123440167403,-2.8439291749364655,0.12499033632016733,0.9193975558677389,-1.097858598297066
149,4.2331860065460205,0.27746516681363986,1.204901911376436,-2.8831213862659575,0.12656228257602203,0.9160995994757952,-1.0943911625577831
150,4.299798011779785,0.2791214665372087,1.2389996760131465,-2.9242863373221075,0.12807255526577577,0.912878905717906,-1.0923288106096254
151,4.366671085357666,0.3283151367234278,1.2797679519728467,-2.9942860849338384,0.12966126642981338,0.9096000571875,-1.0896118536655268
152,4.433025121688843,0.2870271078434307,1.2876783921827997,-2.9813833514984345,0.13126093528949268,0.9063659852419224,-1.087037642155856
153,4.499783039093018,0.1880666877358037,1.2563047800193174,-2.9013154042719127,0.13284978764387817,0.9033073509450044,-1.0853997980854575
154,4.566680192947388,0.08715696202955182,1.247714155033714,-2.822934113028161,0.13447925180788411,0.9001794811762772,-1.0830873753109416
155,4.6330461502075195,0.053489388268211376,1.255805784547452,-2.810281951053289,0.13611311561531317,0.8970450496946767,-1.080638066056396
156,4.699899196624756,-0.1063956452826226,1.172915895861833,-2.683166144020729,0.13777782360527174,0.8938513596891728,-1.078991699870509
157,4.76681113243103,-0.11258334301641898,1.2230495844643423,-2.6984371831156393,0.13950663996900908,0.8905432824264319,-1.076545320093162
158,4.83302903175354,-0.09425338398612254,1.24998916867327,-2.7199913405422054,0.14113560364045974,0.887542784529527,-1.0742211794098497
159,4.900049209594727,-0.12713732676198003,1.2337968329487128,-2.7059849119609383,0.14281223973982582,0.8844857353596256,-1.0726094343181336
160,4.966677188873291,-0.21041371194765562,1.2119263573837347,-2.6626897154055036,0.14460693278173725,0.8812589105179466,-1.0703928853428608
161,5.033029079437256,-0.24380993572411477,1.212098359371905,-2.6490077926256195,0.14635059332594508,0.8782434140221779,-1.067943576088315
162,5.0997700691223145,-0.2824121349852571,1.2145067054274121,-2.6302237799236194,0.14804603191853366,0.8753391610416146,-1.0662857583097405
163,5.166664123535156,-0.3183468041025195,1.1902728398245757,-2.5979950529985,0.14976892585939372,0.8722433969200893,-1.0638684069882756
164,5.233175992965698,-0.3039471499596414,1.1937376772569803,-2.6067458451207024,0.1515578428281002,0.8691418010950561,-1.0614686325300053
165,5.29990816116333,-0.12775504052945366,1.2464378600232353,-2.721283821890704,0.1533987157532255,0.8660737589823289,-1.0598656758698866
166,5.370010137557983,0.1335628818921478,1.3536247841554212,-2.8864343555403895,0.15535236517040635,0.8629132373541492,-1.05752129516229
167,5.43299412727356,0.39072783321649573,1.4169948580791216,-3.034377084694622,0.15712054995640207,0.8600490714947971,-1.0551737186613848
168,5.566700220108032,0.9352616534778566,1.4813405637413763,-3.329942360650554,0.16073337988863035,0.8540738103000965,-1.0513486203877043
169,5.633768081665039,0.9618531449018526,1.442207245338484,-3.317131955056693,0.16243135106168022,0.851309571918558,-1.0488702826772767
170,5.699771165847778,0.9892688566706539,1.4390439902593104,-3.3334231458145753,0.1643845938239344,0.848287686034398,-1.0471568048319195
171,5.766686201095581,1.0143791098837558,1.4306785360655305,-3.3561528847809243,0.1664445933235283,0.8451545007597463,-1.044960495880931
172,5.834843158721924,0.9915645730606371,1.397675160384691,-3.316610734393758,0.16829239375049213,0.8423396783401165,-1.0423921433256587
173,5.966795206069946,0.9483856219039082,1.3482726001053362,-3.2366303412334307,0.17234842815994011,0.836182422619275,-1.0388607917202133
174,6.0337769985198975,0.8358113282302309,1.292610445544463,-3.1236228489497617,0.17433040817157697,0.8331747562322848,-1.036411482465668
175,6.099757194519043,0.7412251420274721,1.2467372855133403,-3.0181034157838997,0.17628917217599338,0.8302965796646805,-1.0347621868025816
176,6.166659116744995,0.755700246292102,1.1802845412011702,-3.020533829676727,0.1783927138263574,0.8273621512930446,-1.0326297937177555
177,6.233774185180664,0.6926746059781332,1.0936172270722748,-2.981815464180436,0.1804604712146815,0.8244017281450242,-1.030093399095564
178,6.299767017364502,0.6930570226152691,1.0094313262412546,-2.984213539581828,0.18243908119987778,0.8215568611813316,-1.0281966957672095
179,6.366814136505127,0.6954455289579815,0.9553924562909575,-2.998163450596026,0.1845208901251208,0.81869458668189,-1.025220879565155
180,6.433908224105835,0.6724374579667864,0.8991334364155759,-3.013468021279753,0.1866504213688357,0.8157420086583531,-1.02200085149114
181,6.566673040390015,0.6735285402882241,0.7910647434315852,-3.0897442752826314,0.19099552843871803,0.809768589036248,-1.0152521349727701
182,6.633779048919678,0.5465061284297551,0.7217333514557669,-3.0258494146548447,0.1932604040797291,0.8067160294501908,-1.0104291502386369
183,6.69975209236145,0.4828256690316827,0.6670456817425916,-3.0087077929788113,0.19527175716575054,0.8039825974338227,-1.0069326860434717
184,6.767423152923584,0.5431128277244198,0.6448156912203025,-3.0793388910121418,0.1975157680513746,0.8009530310403472,-1.002042855965977
185,6.833968162536621,0.5807130650121323,0.6234089090478501,-3.1345858815464207,0.20004143656986922,0.7976229259864275,-0.9966323778953721
186,6.899774074554443,0.48807768136737506,0.6351259104974613,-3.058050267316202,0.20229615882164712,0.7946967974073241,-0.9929875756274898
187,6.966787099838257,0.41100297008559605,0.6368795286641231,-2.9870029774533196,0.20467523360774503,0.7916266287593328,-0.9876266323531602
188,7.033889055252075,0.32210905394120704,0.6346532944314509,-2.911277349404284,0.2071105649936504,0.7885976153545996,-0.9822595638083236
189,7.0997700691223145,0.22721526709910508,0.6139399993719561,-2.8327829656240766,0.209399387296897,0.7857498987989742,-0.9786525784279205
190,7.166653156280518,0.11435745112801265,0.5882248532158876,-2.753410907371225,0.2117950518223816,0.782733766049619,-0.9736029586850211
191,7.233774185180664,0.02443887916414164,0.5231329484508292,-2.6796681172008583,0.2142733697707754,0.7795804086368493,-0.9682300311857859
192,7.2997660636901855,-0.12758930015173162,0.4114575279026865,-2.5370055352152243,0.21658398339301793,0.7767314748626218,-0.964998285202975
193,7.366659164428711,-0.21262101859752236,0.34136739552736406,-2.459394673745104,0.21896720189636235,0.7739430993379252,-0.9604546660671907
194,7.433773040771484,-0.2755684908673165,0.2430789432056002,-2.374060631397497,0.2214091658879243,0.7711016450696929,-0.9562950747605962
195,7.499897003173828,-0.2273483634381752,0.2915342400919555,-2.4243863707217117,0.22375948570687337,0.7683933166643608,-0.9537613432994947
196,7.566776990890503,-0.0944888077046469,0.3871189432752348,-2.525779126435637,0.22614623536144135,0.7655363337239608,-0.9500379777794546
197,7.633227109909058,-0.0312879040618802,0.41849484118541574,-2.568916550015929,0.2284956478466842,0.7627600963041337,-0.9468935834803984
198,7.6997621059417725,0.03886859012407405,0.47368378689282414,-2.6326662120503297,0.2307871791951661,0.7601138797386939,-0.9450522739027174
199,7.766651153564453,0.01824312652771936,0.4721126957764195,-2.6206953937090596,0.23316008359836432,0.7574588593228772,-0.9426407815356508
200,7.832998991012573,-0.05453733866274257,0.4207937602860521,-2.554992954407537,0.2355135100493379,0.7548644687917687,-0.9405462053383035
201,7.89975905418396,-0.17729459992843194,0.3469075527781402,-2.426279684612098,0.23786986978019012,0.7522809729670281,-0.9392662901184112
202,7.966645002365112,-0.2711824218931129,0.19417442533895168,-2.2743300433575864,0.2402337762573738,0.7496811877797607,-0.9374598679510106
203,8.032995223999023,-0.20370011869240057,0.27724139628691674,-2.3586849410991624,0.24254500903657616,0.7471400492737941,-0.9356856700327998
204,8.099855184555054,-0.12128767518078103,0.3185878245336069,-2.4402927961143313,0.24497013528407852,0.7445259848442691,-0.9344899107033542
205,8.166786193847656,0.10150136077709944,0.49292459380392795,-2.657549069318255,0.2474274331389354,0.7418941988670249,-0.9327940097211918
206,8.232986211776733,0.394755157992157,0.639984336902344,-2.9085443559122663,0.2497160518629276,0.7395135846658424,-0.9310632213287494
207,8.299742221832275,0.7168190558563758,0.6834011233941282,-3.159284406748857,0.25206610306699445,0.737104197945538,-0.9299114041572899
208,8.366641998291016,0.969779602352951,0.6969151208440184,-3.3583244720242984,0.2545316045395676,0.7345853866749436,-0.9281108409442874
209,8.432992219924927,1.118289062375304,0.6551154966812605,-3.46473184910063,0.25681166061007765,0.7321844924108423,-0.9262868419136923
210,8.49974012374878,1.2899459893743817,0.5861632225916893,-3.5952591692301374,0.259075475394297,0.7297969318734958,-0.9247046579100764
211,8.566650152206421,1.4270736067979304,0.5164400647247942,-3.697416353301081,0.2618262691954158,0.7269594164471468,-0.9224268562297313
212,8.633177995681763,1.5738909057178652,0.3756792335328518,-3.8603263620328025,0.2644381754823505,0.7243516857175828,-0.91989312476863
213,8.699854135513306,1.7157786458201651,0.2009547929272706,-4.039689958468384,0.26695834927251694,0.7219004995059312,-0.9174643218544775
214,8.766776084899902,1.858048227458368,0.06470264342514359,-4.194922704864973,0.2696464563047726,0.7192624877536833,-0.9138397596108798
215,8.832978010177612,1.962083429523955,-0.17242125951770323,-4.395198438932907,0.27230454423083306,0.7166039439339584,-0.9097499431248449
216,8.899780988693237,1.9803369098229582,-0.22697013879859598,-4.435873983393446,0.2748472626104542,0.7139956285873249,-0.9067248584426241
217,8.966637134552002,1.986810410577873,-0.23816110860152753,-4.451787891330777,0.27760551948849493,0.7112871750648099,-0.9018376915262198
218,9.03298807144165,2.009641618853692,-0.33833937579471834,-4.5345485704860895,0.2804099307753884,0.7085924296456376,-0.8964389313644111
219,9.099722146987915,2.025359755537981,-0.42171735393578874,-4.58859957134916,0.28284980204041593,0.7062757030438217,-0.8926806784340915
220,9.166616201400757,2.034398527615793,-0.6079376075158462,-4.715129732694362,0.28550844156643895,0.7037223293789064,-0.8870142705827296
221,9.233131170272827,2.018731004650039,-0.795434204235838,-4.840638708113884,0.28858547744182883,0.7007883488092956,-0.8812836805490972
222,9.29989504814148,2.005909613886629,-0.9389225641875881,-4.928603523812225,0.29133245239672634,0.6981967955044261,-0.8775049212783838
223,9.366722106933594,1.9588589440796316,-1.0654118518018907,-5.00503960106475,0.2941286232408143,0.6955386682634154,-0.8721003021621773
224,9.432972192764282,1.9126574069756532,-1.1203252839401174,-5.042425615182888,0.29697062306191013,0.6928753597353998,-0.8664368237880145
225,9.499728202819824,1.82262404271267,-1.301310423475484,-5.217344078152797,0.29973098336853465,0.6903800861633526,-0.8627046698363773
226,9.56662106513977,1.7886194502601862,-1.2942412139986175,-5.2629288932643865,0.3026433249057633,0.6877813688176568,-0.8571573052857424
227,9.632991075515747,1.7526493485854033,-1.2881055120564473,-5.309051974371268,0.3055199847362371,0.6851883194982226,-0.8518749252635701
228,9.699728012084961,1.7302994206378557,-1.2691973652857855,-5.323746740256524,0.3082684137333135,0.6827435524699692,-0.8488264047637566
229,9.766760110855103,1.708038732311159,-1.2370587542893543,-5.328331148421362,0.311125356280726,0.6801855327712582,-0.8446084902292891
230,9.833120107650757,1.672554562918839,-1.2165543419345561,-5.3351728115584915,0.3138488735575974,0.6778032145933849,-0.8409607584842074
231,9.900018215179443,1.6534411384723937,-1.2375603980187235,-5.359039040709761,0.31641862012568184,0.6756232987252153,-0.8390816320190474
232,9.967952013015747,1.6400725814860617,-1.252281657662028,-5.376362774870598,0.31924157869850345,0.673243294323953,-0.8365684068983397
233,10.032982110977173,1.6921706825983545,-1.1646074937228037,-5.306750568441409,0.3219589407217704,0.670949419648884,-0.8338573089086392
234,10.09972620010376,1.6939057945814124,-1.1554852036370782,-5.3038307155933415,0.3246292618802217,0.6687135529927963,-0.8320972257442055
235,10.166960000991821,1.7039107876456345,-1.1341309745290953,-5.28129256518349,0.3274614892400227,0.6663292332229691,-0.8295666900764127
236,10.232984066009521,1.7707182320614343,-1.0302511204790115,-5.201092952807638,0.330293350003106,0.6639462275802344,-0.8270737049799893
237,10.299859046936035,1.8151637922898345,-0.938860793066419,-5.118589641209669,0.33295834351240766,0.661813567736267,-0.8256803390976598
238,10.367396116256714,1.8344241773825893,-0.8958625182753124,-5.080835889342533,0.3356889666562559,0.6596216486716502,-0.8236411566509864
239,10.433123111724854,1.816024313442363,-0.9783472783405903,-5.162689915202539,0.33834650513616393,0.6574957523507696,-0.8215556352013452
240,10.499743223190308,1.8044983533406473,-1.0409714323548651,-5.231275422473136,0.34106331395683986,0.65533713010972,-0.8201185934771384
241,10.56796908378601,1.8854055549486604,-0.9841079171709237,-5.217307866046277,0.3439043880403897,0.6530713426757868,-0.81816383323702
242,10.632966995239258,1.9392407460466372,-1.0106232671692152,-5.233548675568457,0.3466046482405657,0.6509142415720194,-0.8161014812888626
243,10.699773073196411,1.9309135675660796,-1.1509610748964243,-5.320486941365035,0.3493722832213039,0.6487585128231663,-0.8147778902270935
244,10.773369073867798,1.9090084166787558,-1.2773843697038187,-5.399056543615809,0.35251059257657297,0.6463651957685452,-0.8130122144243709
245,10.83296012878418,1.8897773036604253,-1.355992649931783,-5.469811041871368,0.3550128154469037,0.6444243209275363,-0.8109003276799379
246,10.899845123291016,1.8509083225475802,-1.4462771758998474,-5.550984337058293,0.3577246211040775,0.6423540513715869,-0.8098065674202424
247,10.966830015182495,1.8075974683028844,-1.5128334714149818,-5.598258838268551,0.36055019641261327,0.6402347155427011,-0.8074328919406549
248,11.032970190048218,1.7738839457642912,-1.5678581028672656,-5.604992044603947,0.3634328489948437,0.6380501313313929,-0.804846962522188
249,11.099714994430542,1.8125767218763422,-1.5227855562768473,-5.535977412574637,0.3663907932406122,0.6357989981949882,-0.8025664976807532
250,11.166596174240112,1.8449146424375793,-1.4279581400027752,-5.451826407818675,0.3692453064587988,0.6336396247677831,-0.7988894711636808
251,11.232976198196411,1.8801035298520823,-1.330395718720377,-5.3517617949760545,0.3721304859638529,0.6314630127162489,-0.7945437248968895
252,11.299731016159058,1.8480690612871444,-1.351030795179623,-5.362463204923704,0.37506222926339305,0.6293128737200614,-0.7912363451391199
253,11.366600036621094,1.822283213092575,-1.366698527214728,-5.372629323291339,0.37814232644150364,0.6270456822132895,-0.7863347971528292
254,11.433117151260376,1.8251599930058304,-1.3065638911240183,-5.329168363160311,0.38124584852967897,0.6247738954869747,-0.7812092773188624
255,11.49986219406128,1.794079827337547,-1.3339263447889118,-5.350418132458401,0.3842193352162536,0.6226312380585937,-0.7777245310324938
256,11.566596031188965,1.788395607586497,-1.3483924097694844,-5.359633646456923,0.3872510969506718,0.6204168853711067,-0.7725089963536829
257,11.63295602798462,1.8005631090322691,-1.3362944204776772,-5.34237038492369,0.39012131676805456,0.6183241432769504,-0.7673339417234407
258,11.699721097946167,1.77362068304095,-1.3752430130930924,-5.384542337326379,0.3931214003721199,0.616184004309585,-0.7638752944157549
259,11.766594171524048,1.7547255532074229,-1.403750458594097,-5.410582951152001,0.39651998653384546,0.6137570384326213,-0.7592240835719316
260,11.832969188690186,1.7644611351330253,-1.3930353017356047,-5.400208264516791,0.3995883390044074,0.6116412563754976,-0.7552359998395376
261,11.899720191955566,1.7994427723232747,-1.3273643223685154,-5.34641712190233,0.4025989299807168,0.6095827473944715,-0.7527925495393902
262,11.966613054275513,1.9082718018688074,-1.149461795210534,-5.206400821201302,0.4057651395719716,0.6073763444049727,-0.7491679872957921
263,12.033104181289673,1.997579862890387,-0.8850114275436134,-5.008190853737127,0.4087020921565091,0.6053939387436192,-0.7463668744612469
264,12.100809097290039,2.051040445397756,-0.6107980147590426,-4.819584614449445,0.4115183848733359,0.6035469725758161,-0.7453428890221114
265,12.166789054870605,2.036379787834041,-0.2672429093739925,-4.569568620534509,0.41435938534432276,0.6016949693707596,-0.7441066496440967
266,12.232952117919922,1.9367126138274438,0.06375056027227788,-4.3185788874641515,0.41717614899952493,0.599874172466742,-0.7436238185384654
267,12.29970908164978,1.9023743316723278,0.23768036929917208,-4.202606142263925,0.4200093405775066,0.5980527475309623,-0.7436238185384654
268,12.366541147232056,1.9158141602391148,0.2910045430817984,-4.183746606749387,0.42282362508628923,0.5962436527956487,-0.7436323406539538
269,12.432952165603638,1.9258941991143927,0.2812267163743538,-4.192039554859259,0.42563449889240157,0.5944539768982261,-0.7436352701311527
270,12.566550016403198,1.8560313617039064,0.3560939723001734,-4.093368637498937,0.43133494952443274,0.5909381155124438,-0.7436323406539538
271,12.633288145065308,1.8997043312444073,0.23397322488052746,-4.196373079564367,0.4340250731778541,0.5892266047261783,-0.7436323406539538
272,12.766375064849854,1.9794253035653686,-0.043960385253631884,-4.429090480474887,0.43984498936757643,0.5856827368804078,-0.7425036929839778
273,12.83313512802124,1.9500725987955705,-0.05066917745352082,-4.440306971370655,0.4430506636164023,0.5836509745279908,-0.7394407914142778
274,12.96634817123413,1.9107805673924538,-0.08240668611884311,-4.489093241373641,0.44923386510514385,0.5797699568854288,-0.7314441176090969
275,13.033154010772705,1.8449054071510613,0.0032658692034256143,-4.4215348872828475,0.45248830568782306,0.5777474456749566,-0.7261500196781284
276,13.166494131088257,1.822351357442615,0.006603941498242068,-4.42082337300568,0.4589256606839815,0.5737528979532621,-0.7174233734181569
277,13.233278036117554,1.8223438183084324,0.005590660131158805,-4.427880512323284,0.4622191285333331,0.5717295232444822,-0.7121465860342737
278,13.299718141555786,1.816894788196868,0.006139869718065541,-4.42096644351295,0.4654992565905552,0.5697350874675706,-0.7068407701945091
279,13.366345167160034,1.776530235947371,0.053710303890153965,-4.351087940611714,0.4687428018500088,0.5678100056169898,-0.7032630795860965
280,13.433164119720459,1.624745816731377,0.2484662505196419,-4.147249350113247,0.47206021515635055,0.5658242492732402,-0.6979514047919335
281,13.499709129333496,1.5930118561736697,0.3218973185227578,-4.107939067343606,0.4752725900068404,0.563923633149969,-0.6926514479065665
282,13.566344022750854,1.6455530127767244,0.24802673030212563,-4.179216086033209,0.4784470175228492,0.562085978119373,-0.6892218290547629
283,13.633174180984497,1.6912514882703966,0.1807902259450825,-4.2475018226166465,0.48181305067672653,0.5601053573154492,-0.6839391827164815
284,13.699841022491455,1.736829598877442,0.06423379389357534,-4.337903570667371,0.48512642866187705,0.5581806676965853,-0.6798493662304466
285,13.76650619506836,1.7475062704282265,0.013875854149664253,-4.383138169087591,0.488254508275021,0.5564052015205481,-0.6773127052921465
286,13.833364009857178,1.7353003132770972,0.04881678024715063,-4.3514429378968895,0.4914013086691364,0.5546162594568881,-0.6738484653461715
287,13.899923086166382,1.7372714063627772,0.07756756945332016,-4.326303474303274,0.4945792100841647,0.552853736976528,-0.6704071285855709
288,13.966347217559814,1.722733534907934,0.12361327566386042,-4.287304411252504,0.4976840724187373,0.5511604942622342,-0.6680654110390644
289,14.033167123794556,1.7213502615872585,0.11533192584524594,-4.288830478254818,0.500927067629263,0.5493745856588516,-0.6647377912570102
290,14.099696159362793,1.702924738947454,0.15418606239713928,-4.249708786129047,0.5041454264414347,0.547602410487897,-0.6613722214294223
291,14.166347026824951,1.702432953780952,0.14748402604186428,-4.248361055682643,0.5072510824648311,0.5459176837155935,-0.6593592711194867
292,14.233326196670532,1.716514435341161,0.09445970301579518,-4.290487142853152,0.5105096595365247,0.5441389531321834,-0.6559325817448811
293,14.29982304573059,1.7468974021710415,-0.004858261996241356,-4.376334850500087,0.5137472909518066,0.5423919124296305,-0.652540779780556
294,14.366502046585083,1.7646446869022048,-0.047979662282012794,-4.416073841506072,0.5169080333743641,0.5407485904478848,-0.6502398085987281
295,14.433143138885498,1.7506696745320922,-0.09041257415801038,-4.469355284148371,0.5201041272612592,0.5390481686443948,-0.6468189781785214
296,14.499682188034058,1.7727874853787238,-0.27511740844779975,-4.627035128168697,0.5232699840525372,0.5373554883920016,-0.6433865630075726
297,14.566344022750854,1.7486455089145208,-0.5007505365058986,-4.8098479075806955,0.5264610672437064,0.5357265637093176,-0.641062289166206
298,14.633162021636963,1.667767014935548,-0.7501792102535012,-5.029041157503636,0.5297346367165874,0.5340274041619881,-0.6376792756334781
299,14.699687004089355,1.5990394868951139,-0.8812924665297855,-5.1657968916399355,0.532979369069565,0.5323291485877062,-0.6342846773500085
300,14.7765371799469,1.4630440959680049,-1.0388967050876126,-5.351147886927144,0.5365815855703756,0.5305319723283879,-0.6321204594901556
301,14.83327317237854,1.3269777558561089,-1.188437145137085,-5.507137665092589,0.5393946196261852,0.5291056391017381,-0.628699629069949
302,14.900171041488647,1.226596893320492,-1.2468789236169278,-5.590483463131251,0.5427183447629189,0.5274128254735739,-0.6252525665130044
303,14.966494083404541,1.0572477090211176,-1.3463638999536527,-5.743002236989665,0.5458946219766363,0.5258423895224125,-0.6231406797685719
304,15.03315019607544,1.0687888732688806,-1.3168021567619823,-5.757713321617597,0.5491780666158445,0.5242241667656307,-0.6197286377799623
305,15.100037097930908,1.0540557686564211,-1.3347702380514148,-5.806284479718405,0.5525380359926306,0.5225498655871841,-0.6163368358156375
306,15.166330099105835,1.0113318549040728,-1.3854289669927502,-5.844104159325021,0.5557487525549033,0.5209750858582597,-0.6141406600227035
307,15.233143091201782,1.0958225511730897,-1.3864070074524626,-5.825854973838886,0.558892817417401,0.5194562849678614,-0.6107284848760396
308,15.299662113189697,1.1771839070067793,-1.4172377341930569,-5.829959160388987,0.5621604156164421,0.5178878177291657,-0.6073105839330322
309,15.366334199905396,1.1944403515389956,-1.4420180005993515,-5.831808367148909,0.5654448087227841,0.51634471888228,-0.6052686051672136
310,15.43327808380127,1.2196386391232248,-1.458200040800537,-5.835820399714717,0.5688585499348292,0.5147162538227619,-0.6018186131330706
311,15.499798059463501,1.260519179849096,-1.4799104384102684,-5.822053772951876,0.5721965268775624,0.5131254094377612,-0.5984589022598815
312,15.56635308265686,1.3413394115506656,-1.450940253809015,-5.775931790910237,0.5752988192985752,0.5116641719731511,-0.5962277058986126
313,15.633135080337524,1.3185257260040806,-1.4647680933137261,-5.8006047106351515,0.5785690232947223,0.5101286441740404,-0.5927719880681257
314,15.699658155441284,1.30469534520094,-1.4695220014277257,-5.816310987289287,0.5818631801472268,0.5085995504857239,-0.5893337139427794
315,15.76900601387024,1.358853183879073,-1.4286664059477507,-5.758194085427675,0.5852942994308831,0.5070595869390089,-0.58698334112273
316,15.841853141784668,1.3490510149420454,-1.439495242481793,-5.773200819188984,0.5889411932551187,0.5054073652222851,-0.5836032570672013
317,15.903089046478271,1.3528929500033577,-1.4301611111197041,-5.7644889149387595,0.5919955747585184,0.5040165517700579,-0.5803627226527928
318,15.977022171020508,1.3495213033169207,-1.4327499802450157,-5.769528300629215,0.5955942825913711,0.5024182785661386,-0.5786290047831509
319,16.033334016799927,1.3271962174169105,-1.4402521803905461,-5.783186056722623,0.5985096316296532,0.501089729994834,-0.5752722233871608
320,16.099802017211914,1.2511125649005697,-1.453732518839407,-5.835400431100152,0.6015158489091595,0.49974748977104055,-0.5720724353374309
321,16.166445016860962,1.3612270649018252,-1.370232740303809,-5.708350262419981,0.6045586181263976,0.4984169854108376,-0.5698935700915824
322,16.23313617706299,1.5127206138999676,-1.239909481880134,-5.555523106449942,0.6082629544095579,0.49681847990672673,-0.5664262675103536
323,16.299647092819214,1.647148110827518,-1.0532019367896155,-5.382272142207118,0.611688500709637,0.4953360666140413,-0.5629384585887314
324,16.3663330078125,1.7142822574593375,-0.8883775868455296,-5.2700765671944945,0.6149297649839961,0.4939549984209609,-0.5607655854553357
325,16.433134078979492,1.7176310255451994,-0.8389889602892547,-5.24533535865133,0.6183073265201103,0.4924949932926511,-0.5573563397858708
326,16.49964714050293,1.7369324931544983,-0.748237209249278,-5.169092376777995,0.6216816754545504,0.4910424679818757,-0.5539936994354825
327,16.56659507751465,1.6985723691650938,-0.66741505114659,-5.102744803972565,0.6250041904647361,0.4896346831872693,-0.5516491855698312
328,16.63328218460083,1.7129751651900478,-0.4752594308394067,-4.934760633541445,0.6284026758685931,0.4882255664903699,-0.5482079819672847
329,16.699668169021606,1.7451971538649338,-0.3352815621020181,-4.798819562730892,0.6317851566353418,0.48683425366192007,-0.5448510674132402
330,16.766313076019287,1.66288244232365,-0.17258890359844836,-4.649613647792452,0.6351110454543769,0.48548558660519575,-0.542579257845348
331,16.833161115646362,1.550001291919201,0.01029925215477187,-4.466416376049939,0.6384850608027851,0.4840977158712276,-0.539132195288404
332,16.899651050567627,1.3933788422468671,0.22370183614402755,-4.304355471481154,0.6417890153196858,0.48273958984870236,-0.5357346675277355
333,16.966320037841797,1.2405033571106334,0.32967002951037555,-4.186868277098741,0.645138463947894,0.48138329902159555,-0.5334103936863688
334,17.03311800956726,1.036951919029351,0.45974397427603914,-4.016270342072699,0.6485796528747714,0.47998803144673596,-0.530007006971302
335,17.099780082702637,0.8843017441585264,0.5486672277429376,-3.856230355864988,0.6519649868990071,0.478654506532222,-0.5265832470738959
336,17.170051097869873,0.7213980051873978,0.6291322362231642,-3.6891894161644347,0.6554647697021015,0.4772902696826244,-0.5242794795729234
337,17.233135223388672,0.595206546552994,0.6848786140314176,-3.561637198912153,0.6587747965030483,0.4759696914813636,-0.520526952438947
338,17.29965901374817,0.5443373008186154,0.6918109766470454,-3.517022909080618,0.6622206949660805,0.4746410112015105,-0.5167628405542287
339,17.36643409729004,0.6698140342078869,0.6417934536932628,-3.634583687666812,0.6655572054170146,0.47336867548195305,-0.5142729180930594
340,17.433118104934692,0.8879008667458329,0.5464654768418327,-3.805537825986159,0.668995818870091,0.4720219478852308,-0.5103691234091667
341,17.499630212783813,1.1348819686228888,0.4331941055705465,-4.044233770727481,0.6724527959007356,0.4706811206206998,-0.5064683913605278
342,17.566310167312622,1.302815147878435,0.3588774958182649,-4.2352414116062675,0.6758079991293364,0.46941062594476046,-0.5039638215133627
343,17.633288145065308,1.4286269342328075,0.24083963618687573,-4.4415565299792386,0.6793360799098231,0.46811839103098474,-0.5001007731941484
344,17.699772119522095,1.5226735301332952,0.0376376486613364,-4.667483866537222,0.6828606244284392,0.466821484112679,-0.49630763285354856
345,17.76660418510437,1.4148289881696492,-0.45266579926714173,-5.1007998458296315,0.686311575707704,0.465563928277481,-0.49391358419162157
346,17.833120107650757,1.1861326046228078,-0.8300143154651569,-5.446783508710635,0.6898094190419177,0.46426606850557617,-0.49003615480252083
347,17.899656057357788,0.8137017389835388,-1.1188504702716506,-5.821375032480924,0.6932664610196837,0.4629845624402709,-0.48620506441638717
348,17.966305017471313,0.41168414050090557,-1.2641569445607992,-6.120057875576653,0.6964958735054351,0.4618027125291762,-0.48363071974866206
349,18.033125162124634,0.05275070449045238,-1.3032226951858172,-6.321650675606362,0.7000294982335413,0.4605394980406009,-0.4798346499308633
350,18.09962010383606,-0.36120288638138864,-1.2293081590214836,-6.571084746674467,0.7037295929364288,0.4592594567370801,-0.47598904531678876
351,18.16812300682068,-0.8273368745804404,-1.0150740833129077,-6.909499452878812,0.7070671024868703,0.4581080119641136,-0.47354559501664084
352,18.233273029327393,-1.1162018555571196,-0.8133924912772961,-7.1231571743489095,0.7103869828106352,0.45693741594897275,-0.4696274192628616
353,18.29975700378418,-1.2979122562868237,-0.6372384992349691,-7.276225861855935,0.7138974601777579,0.4557080687411489,-0.46597089908618267
354,18.366436004638672,-1.458500825968164,-0.4454145704503246,-7.428842003965534,0.7172595356786354,0.45453791638948143,-0.4635041461264973
355,18.433104038238525,-1.5096551670500213,-0.3250198125570448,-7.5128884527028434,0.7206872765327328,0.45332362549622085,-0.4599204634056323
356,18.499646186828613,-1.539795484520285,-0.20624069687365643,-7.584813497165342,0.7242605683143916,0.4521511043206248,-0.45632213329877164
357,18.56631302833557,-1.5682661611441613,-0.2236716468076509,-7.572075714847011,0.7276870618711937,0.45104521498751216,-0.45393687306844205
358,18.633108139038086,-1.5889726814809884,-0.22072074544064885,-7.581232716979866,0.7311128962213972,0.44990965608916605,-0.4503181697792423
359,18.69962501525879,-1.5051879536992157,-0.3223162180827985,-7.48439411135042,0.7346606774272593,0.44873696263970214,-0.446719972830436
360,18.776416063308716,-1.471157688259254,-0.3584250964018275,-7.408132134038985,0.7386352687194692,0.44744887367244845,-0.4443578821015905
361,18.83326506614685,-1.4249278319166032,-0.41993528379776984,-7.323628600808745,0.7416053274765214,0.44645942883992457,-0.4406956361285684
362,18.899795055389404,-1.435346038801733,-0.38906885668746105,-7.335987476200687,0.7450686414125219,0.44534007800567943,-0.43708865074816483
363,18.966291189193726,-1.3828652640005645,-0.3615726648808736,-7.318307439326582,0.7484832767850448,0.4442925438019338,-0.4348370812045572
364,19.033117055892944,-1.348998664437086,-0.3104195299833632,-7.324489082164976,0.7520226406390248,0.4431736151462696,-0.4312185110734122
365,19.099619150161743,-1.309638395929897,-0.3176523227249947,-7.319288287455528,0.7555367919449337,0.4420610051099508,-0.42762018096655163
366,19.166298151016235,-1.336585360534575,-0.25574607917058023,-7.3762244251912605,0.7589269267887535,0.4410193809459978,-0.42518844857520044
367,19.233097076416016,-1.34536666970807,-0.23365682435055715,-7.413192464219511,0.7624418957402191,0.4399250316770634,-0.4216104916506785
368,19.29962420463562,-1.3071585339897587,-0.2597327255474584,-7.406274774805437,0.7659626629366576,0.4388296063069089,-0.4180005767930766
369,19.366449117660522,-1.175077624394709,-0.4228965323075854,-7.255451082897834,0.7693687955382719,0.43780531238964504,-0.4155657817664714
370,19.433253049850464,-1.0485244231966457,-0.6274246277626812,-7.099122467643243,0.7729511198453058,0.4367197583759645,-0.41154281062379805
371,19.566262006759644,-0.6831215385569623,-1.0471629573636339,-6.720221334392017,0.7801902948089543,0.43460408560366737,-0.4048406994245044
372,19.633280992507935,-0.5789614546476001,-1.1013399536950392,-6.659433176638793,0.7838168774936569,0.4335343633992123,-0.4005414253187346
373,19.69962215423584,-0.5773741504954482,-1.1418390739790902,-6.683350124419266,0.7873294584523183,0.43249749975756224,-0.39626532071444914
374,19.766281127929688,-0.6952384523696804,-1.0844255810119492,-6.806746435524656,0.790721160658509,0.4315174899697794,-0.39352812374606594
375,19.833832025527954,-0.8413108818673974,-1.0254663658830379,-6.953471085491784,0.7943445653053764,0.4304601897380457,-0.38924043439103845
376,19.90005922317505,-0.8457816386299465,-1.021760111769979,-6.955048995608888,0.7979765985707636,0.4294333935869582,-0.3848741817838534
377,19.966434001922607,-0.8933963968418717,-0.9593573962456448,-7.0243129787211975,0.8015021812478144,0.4284750643016966,-0.38211954111032986
378,20.033290147781372,-0.86875041635332,-0.9894595612016281,-6.986172248179291,0.8050511670995635,0.4274915225663856,-0.3778346480744469
379,20.099639177322388,-0.8801273642925086,-0.9764420411622294,-7.015100132960132,0.8086105109213177,0.4265062932045913,-0.37348304285325756
380,20.166290044784546,-0.8956195893130812,-0.9624665776190295,-7.030089869111781,0.8120957522087174,0.42556093517262034,-0.37070217004299644
381,20.233063220977783,-0.8616049957765484,-0.983552204660068,-6.998199759669424,0.8158486704361955,0.4245271592413533,-0.3662340515241162
382,20.299607038497925,-0.8289401001786633,-1.0142846824900806,-6.9691352249531215,0.8196313003488535,0.4234891377747841,-0.3616496860236537
383,20.366283178329468,-0.8022100373734575,-1.0473320283665621,-6.941507058693815,0.8230029793297259,0.42262100486997795,-0.35861567975178127
384,20.433056116104126,-0.7786974218965661,-1.076451699179128,-6.9080865505837075,0.8265902198858586,0.42168558136824363,-0.35403717320571654
385,20.4997341632843,-0.7337253176931575,-1.0443208174385468,-6.926512763384598,0.8302638777123442,0.42073491627735077,-0.349441089796458
386,20.56646203994751,-0.8005377206412988,-0.9703646655593584,-7.01269740376981,0.8338234589224914,0.4198311757171917,-0.3463286534304826
387,20.633064031600952,-0.78166186207485,-0.9731366668449102,-7.0250332126876165,0.8375160555414337,0.41887832259245456,-0.3417384289756219
388,20.699639081954956,-0.7727623693175871,-0.9775787194703892,-7.029899438674141,0.8411564809276728,0.41792759831249066,-0.3371423455663633
389,20.770219087600708,-0.8145408789707169,-0.9422303473219584,-7.093777593612914,0.8448887775269615,0.4170042476891671,-0.3341608035679647
390,20.844187021255493,-0.8220933241987536,-0.8979360858553173,-7.142687541977407,0.8489748934411958,0.4160127216771937,-0.3296897555718857
391,20.89983320236206,-0.8608127620208608,-0.9232235508624053,-7.151750419276457,0.851993536989138,0.4152730321968894,-0.32571046027108885
392,20.96651601791382,-0.8564529922091805,-0.933344142539868,-7.142833304556686,0.8554607467988353,0.4144485837921213,-0.3228596794822136
393,21.046118021011353,-0.8580044958582637,-0.9287010270103142,-7.150807248279071,0.8598498322722722,0.41342345482932613,-0.31828982820969215
394,21.099780082702637,-0.8374380763757464,-0.9536056534899898,-7.124440437057731,0.8629308519118504,0.4126839859889097,-0.31376658225624715
395,21.177772045135498,-0.7955311597481945,-0.9802361652326985,-7.085147727786797,0.867046324044267,0.41172303724051557,-0.31087518826074806
396,21.233012199401855,-0.8618986419294388,-0.9571277173315603,-7.1126413557202035,0.8701276167116802,0.4109909481282016,-0.30709656214808934
397,21.299612998962402,-0.8856139462125602,-0.9934584167869822,-7.096292598473589,0.8736576890612856,0.41018002898921063,-0.3040451121710763
398,21.366499185562134,-0.8640265509520485,-1.0483130935659801,-7.051276872949397,0.8770167536227217,0.4094529467326505,-0.30190699328990633
399,21.432976007461548,-0.8498937615327196,-1.0587187664823094,-7.03498718994671,0.880525519102243,0.40869621570020004,-0.2990185287716062
400,21.4996440410614,-0.742643692309207,-1.1861754152946273,-6.918171243021223,0.8840710429461226,0.40793901452842557,-0.2963540361009817
401,21.56654119491577,-0.7873416660968198,-1.2315931113128615,-6.944611882857105,0.8872105438258935,0.40725357289975794,-0.2947541420761169
402,21.633220195770264,-0.7804299786585069,-1.295916423037921,-6.9092163402340985,0.8905365215086416,0.40652410955042034,-0.292144909998112
403,21.699743032455444,-0.8440956387000557,-1.2565433105479962,-6.99328041264506,0.8944621197318965,0.40569202953942374,-0.2895065163061702
404,21.767083168029785,-0.8769389441872085,-1.2115530426186853,-7.0521223583335075,0.8980643405103491,0.40496312377563676,-0.28778731266446966
405,21.832970142364502,-0.9276622767724024,-1.1573391720600112,-7.132890639754079,0.9015622542799122,0.4042577488175004,-0.28525664383862176
406,21.89960813522339,-0.9708856792373297,-1.0897454827348543,-7.212625091404596,0.9050269881421058,0.4035515225425854,-0.28264448228341765
407,21.967106103897095,-1.0857974593797395,-0.9424987809615051,-7.374821173400046,0.9084767367406769,0.4028686330150008,-0.2810328703497562
408,22.032995223999023,-1.1189039362135977,-0.974048476376734,-7.373160422384286,0.9119946023485801,0.4021766097440969,-0.2784091240438101
409,22.099624156951904,-1.1544728545262684,-0.980534347212251,-7.379247751744102,0.9154997722322127,0.40147779522487875,-0.2758026882849495
410,22.16742205619812,-1.1612051894558564,-0.9505923766827203,-7.411303425601638,0.918962920932684,0.40080032434575197,-0.2741651105306597
411,22.233114004135132,-1.0780689628090858,-1.104120423595361,-7.2595976388710195,0.9224387608624254,0.40014181736682713,-0.2716227237960157
412,22.299609184265137,-0.9439600938464853,-1.3093710952145323,-7.056377695321133,0.9259404370634683,0.3994837422227562,-0.2690919218121135
413,22.36710810661316,-0.9952639274590023,-1.2563159839671092,-7.138552013066147,0.929388587874659,0.3988485160237943,-0.26749788674164626
414,22.43298602104187,-1.0183575911282257,-1.230091879649768,-7.188683092509082,0.9329845857782373,0.3981981902529112,-0.2649321973474641
415,22.499595165252686,-1.1583200754815153,-0.988677060911815,-7.407435246146591,0.9366311081989678,0.3975361920447266,-0.26202628912402376
416,22.566575050354004,-1.2433799188353656,-0.7313483132226821,-7.618987852608339,0.9400578883629147,0.3969160885369976,-0.2603944371660781
417,22.63298201560974,-1.2856248484438448,-0.48637632599920216,-7.810429904561285,0.9435632413603044,0.3962817989909225,-0.2573080997787856
418,22.699770212173462,-1.2519096194436627,-0.48758060264038877,-7.8238108367099635,0.9470812633283325,0.39565264375674397,-0.25404426270483854
419,22.766638040542603,-1.2413480148750784,-0.5699806331930742,-7.706943409109302,0.950637770519622,0.395062568178579,-0.2519906991882786
420,22.83312702178955,-1.2389398395838958,-0.5423340208805052,-7.730548328490406,0.9543460759141522,0.39442835370142815,-0.24794735486326566
421,22.899635076522827,-1.2671524634816658,-0.42033378854705533,-7.822182787404372,0.9580335464263188,0.3937892597169344,-0.2435083979583218
422,22.96649718284607,-1.267963727712687,-0.3474266435866789,-7.86361237372855,0.9615922326451488,0.39319819129734057,-0.24057039864374652
423,23.032843112945557,-1.2692409905645747,-0.26638483877291946,-7.912907926008511,0.9653018708059564,0.3925762266842096,-0.23593356886980957
424,23.09959316253662,-1.270746619408763,-0.18747111076683767,-7.9652623280303345,0.969270339209002,0.39191039603615707,-0.23090418915119482
425,23.166468143463135,-1.2662433567979527,-0.14545873684810343,-7.988471187793318,0.9729050981904371,0.39132981452108073,-0.22803303517998
426,23.23283314704895,-1.257951025433163,-0.08372787606134646,-8.02958634065685,0.9765785095947528,0.3907476738196587,-0.2225410643800191
427,23.29974102973938,-1.2384977505224153,-0.007115601449823303,-8.077930146003075,0.9799891330179535,0.390233098187164,-0.21890505054373388
428,23.366626024246216,-1.2355739778521466,0.00029652699612183267,-8.09020175484588,0.9835405295520352,0.3896906439930903,-0.21349164299592985
429,23.432828187942505,-1.2274806674979764,0.01683616883712647,-8.105878246802172,0.9876431771171228,0.3890634674553069,-0.20794427844529464
430,23.499616146087646,-1.2222398953735754,0.03529529250142048,-8.123404170058635,0.9915117840967484,0.38848405075492615,-0.20425593349358928
431,23.566471099853516,-1.179112012223217,0.15280137109481226,-8.230178694487238,0.9954022076960284,0.38789241948955117,-0.19867368153267417
432,23.63284420967102,-1.1100894285793832,0.2651091257584334,-8.340122429226104,0.9992297513613435,0.3873520603723708,-0.1932690624164674
433,23.699594020843506,-1.0783044543243596,0.31774376469950544,-8.396320057654425,1.0027912157707737,0.38686989810837735,-0.19004890118439804
434,23.766852140426636,-1.0821447455628588,0.2903323749613328,-8.375052517303454,1.0062110895410223,0.3864017431775091,-0.18570302175955228
435,23.832985162734985,-1.0842491315693046,0.2636146968626079,-8.35590982592805,1.0098541552450042,0.38591384267284984,-0.1816334452978024
436,23.899734020233154,-1.1566206502760474,0.02903554952312193,-8.173542533127563,1.01399947655355,0.3853839346507649,-0.17932088936523197
437,23.966480016708374,-1.1659100720005733,0.014888088473163117,-8.177486252450018,1.0174970763413527,0.38491701921068056,-0.17622296722719735
438,24.03283405303955,-1.1167795448520357,0.09982449374455342,-8.27600023107685,1.0210029591998193,0.3844602431673841,-0.1728283689437282
439,24.099589109420776,-1.1411564891790074,0.03343293321698804,-8.219115188680243,1.0245785549375357,0.3840354632551172,-0.17049543982881785
440,24.166476011276245,-1.179880534449003,-0.0489607296746028,-8.141610972506209,1.0282517475410877,0.38360340085031663,-0.16708033520495497
441,24.23285412788391,-1.1958604404299438,-0.07956370006904565,-8.110986738838163,1.0318900325847244,0.3831816951084543,-0.16366829321634543
442,24.299591064453125,-1.1917657964039825,-0.05551041864684664,-8.151806337381826,1.0354636713419347,0.3827753332291831,-0.16138769521685592
443,24.366618156433105,-1.1900148515647022,-0.06644412550697526,-8.161027075386098,1.0391487679403897,0.3823535404623527,-0.1579202594775732
444,24.432979106903076,-1.1979546650135064,-0.08630469739528952,-8.154200330748246,1.0427514301127496,0.38194641695145026,-0.15455468964998553
445,24.499731063842773,-1.2037094503212848,-0.13367067566912766,-8.124926176483118,1.0462856025447305,0.3815571102834896,-0.15229739431003406
446,24.566606998443604,-1.2060543662648056,-0.1414507827911865,-8.113428302319846,1.0499464463892632,0.3811547457082825,-0.14894633871038748
447,24.632830142974854,-1.2233506239470817,-0.2355420318031729,-8.030588664557552,1.0536217909750554,0.3807908087149908,-0.14545280399242175
448,24.69960308074951,-1.220634956143482,-0.225521706018117,-8.039645473887923,1.0572360816937214,0.38043935660496053,-0.14311121960396958
449,24.766475200653076,-1.2169749856120011,-0.224080273021069,-8.045915704259603,1.0609893609663172,0.3800704643191584,-0.13977467823226353
450,24.832841157913208,-1.2126259972098674,-0.20284198352100935,-8.063093950772206,1.0646624901189587,0.37971034007138615,-0.13626369980915773
451,24.906641006469727,-1.2180136208124166,-0.2178188730126004,-8.051153365023737,1.0685283779986388,0.37933897319561205,-0.13396272862732952
452,24.966625213623047,-1.233394000578833,-0.25287723721242805,-8.018749410612529,1.0717104610859207,0.37902939374024336,-0.13062911673282238
453,25.032963037490845,-1.2009816705753815,-0.16035976730051946,-8.071094502578362,1.0752609371971125,0.3787167136974484,-0.12743225816029133
454,25.099745988845825,-1.215256981117568,-0.21213604970205294,-8.024586826178945,1.078776542096923,0.3784410074910097,-0.12556484960392814
455,25.166462182998657,-1.2105962172323461,-0.1856563060723532,-8.051454260270082,1.0823817960607294,0.378150892592091,-0.12303111814282636
456,25.23282504081726,-1.1940189337208345,-0.13367670301697665,-8.097758315741006,1.0859858871956543,0.37786052127020675,-0.12037541390379963
457,25.299599170684814,-1.2579973701354736,-0.08135174921987885,-8.123396949926358,1.089515156471045,0.37758161589782535,-0.11867951292163693
458,25.366453170776367,-1.241624803203689,-0.04195340176873908,-8.142729170431286,1.0930816422821796,0.3772973511757104,-0.11647161921990717
459,25.43283200263977,-1.240025596717584,-0.029193594380328088,-8.137270869556612,1.09660765689487,0.3770163715359585,-0.11430740136005416
460,25.499592065811157,-1.2176537917287995,0.021055903696069075,-8.153270400262357,1.1000872888070476,0.37679487019231783,-0.11310604939231932
461,25.566591024398804,-1.2110041263346396,0.09196220778941817,-8.195910699182638,1.1036191550085377,0.3765713141873065,-0.11133744411239775
462,25.632970094680786,-1.1661601205192533,0.1712783445735372,-8.270842254185903,1.1070700164021072,0.3763547058045966,-0.10965619051623071
463,25.76650619506836,-1.1529026329342422,0.20647921519596668,-8.298497779189312,1.1141962992452858,0.375911735090158,-0.10690727563905081
464,25.83282208442688,-1.2062283860554368,0.027803721391692682,-8.15176118746036,1.1175271179445585,0.37570165168095604,-0.10517941672380755
465,25.966459035873413,-1.1852765593000705,-0.0998296233219432,-8.050619000505442,1.124555888094201,0.37533393206999655,-0.10236352334521186
466,26.03300714492798,-1.1732318945738711,-0.10442284673157703,-8.03067883688418,1.128018393448495,0.3751693681708726,-0.1006240796792265
467,26.166604042053223,-1.136267019086335,-0.061681558292901166,-8.033191582427477,1.1348621479440522,0.37485407480759375,-0.09777036941315255
468,26.232949018478394,-1.1273602351670418,-0.011003419591978987,-8.046883868948187,1.1383338359556825,0.37469424250075667,-0.09603971417876438
469,26.299583196640015,-1.1094894696146647,0.06145960497341744,-8.08203115206413,1.1417795608398753,0.3745388631590021,-0.09487324962130994
470,26.380611181259155,-1.0618807970643545,0.18685929597938386,-8.157007715190044,1.146090389601991,0.37438355733594253,-0.09320051814063102
471,26.432842016220093,-1.1163269419324802,0.2151650934844623,-8.136825642397172,1.1489357576684407,0.3742853503779015,-0.09146107447464576
472,26.500028133392334,-1.0838693214608415,0.3288137642565837,-8.204537163464073,1.1524414538428058,0.37418532960193324,-0.09029753939439018
473,26.566485166549683,-1.0472790208557512,0.4402662233567186,-8.27752216252288,1.1558381265619833,0.37408622802493396,-0.08869178641512675
474,26.632819175720215,-1.0193955217406885,0.503784894496174,-8.316232494658358,1.1591397595697492,0.37399010147089645,-0.08702797652409958
475,26.700051069259644,-1.0296755118990641,0.486893134683615,-8.297605606713153,1.1627097538161264,0.37388769895536317,-0.08557935004915118
476,26.766590118408203,-1.0172723046065801,0.5253036020340281,-8.335131554230342,1.1663153485138156,0.37378769943402035,-0.08330461100406014
477,26.832815170288086,-1.0636630577019264,0.40923376174989606,-8.229534724183212,1.169807485082026,0.37371232738231813,-0.08088725968259504
478,26.89962410926819,-1.0726029638024173,0.24259815211334704,-8.075818819383528,1.1733062035223327,0.3736598055008981,-0.07925540772464906
479,26.966637134552002,-1.0628585811213391,-0.021783679099371706,-7.877632879969248,1.1769173394540975,0.3736129252576881,-0.07696908392881614
480,27.032925128936768,-1.0667631735302392,-0.02961484353791343,-7.8691041082521425,1.180446041167249,0.3735652572580143,-0.07454587365295276
481,27.099555015563965,-1.0555150091117191,0.06594871542051417,-7.951675326472995,1.1839153831453515,0.3735243160573454,-0.072972211764825
482,27.166446208953857,-1.0615259977713594,0.00018584362327742077,-7.898776893788579,1.1874962402642601,0.37347808885914424,-0.07061597999037757
483,27.232969045639038,-1.057408977366503,0.02402712708077582,-7.913967753621805,1.191083835716257,0.3734330018243179,-0.06822486080564964
484,27.299705028533936,-1.055208101729219,0.09304442693642767,-7.970317347311516,1.1946101692486522,0.3733939445487966,-0.06661045255284383
485,27.366446018218994,-1.0444943505995867,0.1410344929964895,-8.012296923664538,1.1981498414467864,0.3733517551664537,-0.06429789662027365
486,27.432812213897705,-1.0231777691942348,0.2119859240408582,-8.07605518213651,1.2016902413161108,0.3733096865796297,-0.06191849534434204
487,27.49955105781555,-1.029763121982658,0.19224557111110255,-8.058610806830155,1.20518960253521,0.3732724451202285,-0.06030408709153609
488,27.56644105911255,-1.0227392750358086,0.25046014378036857,-8.103671784338404,1.2088048209201052,0.3732307476901665,-0.0578489188825925
489,27.632801055908203,-1.0354222022102448,0.23393989886837077,-8.089324145428492,1.212398946570915,0.37319049155612805,-0.055527707676478966
490,27.6995530128479,-1.0396100416302054,0.2521428278917147,-8.0921295897768,1.2160178028128272,0.37315317889347155,-0.05393353944795811
491,27.766422033309937,-1.040887480308483,0.26144606956356126,-8.122101317559164,1.2196119135834642,0.3731393292804795,-0.051615257719043774
492,27.83295512199402,-1.01107437176406,0.3241987862584205,-8.179792455929727,1.2230903536593776,0.37315390809113136,-0.049197906397578955
493,27.89968514442444,-0.9299816633037841,0.4690862590732566,-8.302417579427425,1.2264981637663943,0.37317502950862425,-0.04757763919037434
494,27.96643900871277,-0.9493506251065205,0.42530555230707867,-8.261375745308918,1.2300110388157728,0.37319377479631166,-0.04525642798426159
495,28.032798051834106,-0.9420709250337489,0.44000371533434185,-8.27562914137435,1.2336254448197796,0.37321352166580446,-0.04291178096055547
496,28.099547147750854,-0.9545754943036081,0.3958341463932566,-8.236854421043436,1.237134068999539,0.3732375391475199,-0.04130323166214807
497,28.167073011398315,-0.9867352037693669,0.3558646905334239,-8.190511983212991,1.240728188478863,0.3732591612598909,-0.038833549225262866
498,28.23279905319214,-1.0497064345087401,0.18293983319750584,-8.051963489754336,1.2444112062186063,0.3733018477235919,-0.03628250721707593
499,28.299540996551514,-1.0564928579090729,0.1146890731021525,-8.000605139174413,1.2480333493114057,0.3733597336038259,-0.034516831414353695
500,28.366575002670288,-1.0167402504283747,0.2844989150498312,-8.134811083183314,1.2516830322638959,0.37343759861526277,-0.03154687416669707
501,28.43294405937195,-1.0232225542828504,0.2298039017895016,-8.09187106629627,1.2552227165124814,0.37351260721560386,-0.02835867086770901
502,28.499691009521484,-1.025069587952929,0.2236930280386208,-8.088078255646552,1.2586444625297446,0.3735899506478218,-0.025979269591777352
503,28.5664222240448,-1.0413585234445084,0.14953652350741636,-8.02395376071857,1.2620653592562385,0.3736631722080832,-0.02275324940530968
504,28.632786989212036,-1.0480879122231894,0.11684584539689608,-7.990976754974711,1.265624836725016,0.3737375960118519,-0.018771024627314146
505,28.699537992477417,-1.0365995908007537,0.15940505622700044,-8.026965619924525,1.2696219939557296,0.3738288812818992,-0.015728363081899063
506,28.76642608642578,-1.0410273342027587,0.16342150411515866,-8.03448333087351,1.2735324336947373,0.3739500217873866,-0.011277688268158151
507,28.832796096801758,-1.0407958093719878,0.17169915080598638,-8.042395524946357,1.2773772889303516,0.3740838695255111,-0.006306498619361897
508,28.899537086486816,-1.0363254052192412,0.16168907603411908,-8.033677545276882,1.2810775589815113,0.37422784180281154,-0.0026732811022214817
509,28.966605186462402,-1.0351615480356375,0.15728102180094436,-8.031895390364909,1.284942106187741,0.37437419301150204,0.002562759916983459
510,29.03294014930725,-1.0364198672547773,0.1626165040925537,-8.043465634517174,1.2887784503600224,0.37452197023381995,0.008048871762546369
511,29.099546194076538,-1.0422357852082809,0.12548797347845292,-8.017386091325319,1.2925180260111528,0.37467047614070714,0.011714047212767906
512,29.16640615463257,-1.0424186460109672,0.11462526083291204,-8.011944081373937,1.2964352427503272,0.3748260576146367,0.017078053122351153
513,29.23277711868286,-1.0409959413997139,0.1295260395098325,-8.025511592336976,1.3002108657512892,0.3749971420241311,0.022555509694371496
514,29.299549102783203,-1.0270605494906087,0.22618778684861937,-8.09545733556317,1.3038888503953,0.3751896178758965,0.026252643077674154
515,29.366918087005615,-1.0025839969711672,0.3294027188790894,-8.173563038744605,1.307806994457482,0.37541058685769374,0.03146245196014181
516,29.432778120040894,-0.9213849955633823,0.48388416712870097,-8.341871128254319,1.3115563311961023,0.3756269331977458,0.035482493625616215
517,29.49965810775757,-0.9112477164673041,0.5020402959613176,-8.358284654279501,1.3151450687474027,0.37583933165895644,0.03757986614210815
518,29.566558122634888,-0.9070874776101897,0.5150067283940858,-8.367627030368963,1.318751470994334,0.3760510969560429,0.0405468939125653
519,29.63277506828308,-0.8903751821423829,0.549700065544077,-8.400585111917245,1.3222964173509681,0.37626023453109697,0.0435954144123793
520,29.69953417778015,-0.7994116453906586,0.7279372123935088,-8.549551442325482,1.3257367814802856,0.37646575103445695,0.045579336266433595
521,29.76642417907715,-0.7408446030715304,0.7961950458233401,-8.596538127008827,1.329403085907565,0.3767320162242206,0.048307744803220046
522,29.833630084991455,-0.7080524304642495,0.8581399274023627,-8.64709868379184,1.333096642799853,0.37700527802544903,0.05119927195677339
523,29.899800062179565,-0.7202457142618733,0.8413264064442348,-8.633951212321824,1.3366202378666687,0.3772746804505215,0.05313658849175141
524,29.966423988342285,-0.7554093153067014,0.8111441863330726,-8.593794961905235,1.3402453183803515,0.3775534637639377,0.05606286989753047
525,30.032929182052612,-0.7662417054651829,0.804797247329372,-8.589389847830752,1.3438525379120843,0.3778330939408583,0.05899501025770783
526,30.09964609146118,-0.7787537843483112,0.7914157554267173,-8.57661418319374,1.347279383563294,0.37809683265308447,0.060909024133147756
527,30.166553020477295,-0.796458759762923,0.7668469766333148,-8.548529751492664,1.35085695313126,0.37837759246731145,0.06374808701322679
528,30.232771158218384,-0.7313404513632306,0.8529156451896256,-8.628673445415908,1.3544702609514445,0.3786712548150251,0.06656105091462297
529,30.29953122138977,-0.6521032183470523,0.9107880127181504,-8.71103612395939,1.3577704060709803,0.3789698942649731,0.06845469160772388
530,30.366497039794922,-0.6580000406742799,0.9067871419126178,-8.700477604647615,1.3611058180764852,0.3792798590217562,0.0713897614451
531,30.43278217315674,-0.6898715773000126,0.8841794993829374,-8.666779211038882,1.3650407417827173,0.3796477985929597,0.07431617600893384
532,30.499516010284424,-0.7132763743270983,0.8583369277090698,-8.64184878687027,1.3687664997352225,0.3799983202115904,0.07626507729465361
533,30.566423177719116,-0.7657422923938995,0.8135996773949126,-8.58309901838772,1.372336856811656,0.3803330155849265,0.07895580210201522
534,30.63292121887207,-0.8121620344022844,0.758828385420158,-8.521423944623788,1.3759288753558787,0.380676149016977,0.0818064497328358
535,30.699693202972412,-0.852629941305822,0.7250235102186583,-8.476279511730688,1.3793891711738073,0.38101638523508896,0.08372925203987315
536,30.766871213912964,-0.8201923347259974,0.7729728353961257,-8.524859034886054,1.382713740513904,0.3813717336243042,0.08650146957659126
537,30.832765102386475,-0.7702855096878809,0.8327923695418598,-8.589166882240708,1.3862321351891433,0.3817532671405601,0.08934346193386918
538,30.899524211883545,-0.7619039014117223,0.8686445537349905,-8.61350244526484,1.3902333551324717,0.3821995212095398,0.09124575790051281
539,30.969813108444214,-0.7640865546978076,0.8595015032759531,-8.60574865996323,1.39390348814892,0.38261441492850135,0.0939976022548916
540,31.032764196395874,-0.7535158210398071,0.8678358687088746,-8.613654759644417,1.3972225816483148,0.382986598922266,0.09684252408936901
541,31.099496126174927,-0.7372492432706597,0.886555905208636,-8.629342214293642,1.4007788092201274,0.3833775980901131,0.09893403765146275
542,31.166420221328735,-0.7338620513655862,0.8905776121935308,-8.636769395256634,1.4044164548768017,0.38380099940220236,0.10195046706014085
543,31.23291301727295,-0.7037055457393975,0.9162811727732442,-8.668783930609328,1.408043085920817,0.3842373611414701,0.10519100147454914
544,31.299872159957886,-0.700936050551945,0.9138299325260864,-8.671103081655481,1.4116790200644254,0.3846977949073335,0.10744536733730138
545,31.366414070129395,-0.7412014564066003,0.8817213257083779,-8.625837291586251,1.4153429658271777,0.3851628426675398,0.11081972559648626
546,31.433067083358765,-0.7661095926335996,0.8509015297717266,-8.596665114301782,1.4189048927365504,0.3856198193738998,0.11429288713211316
547,31.4996120929718,-0.7813793747195679,0.8334044369432215,-8.572678332800457,1.4224124768029291,0.38607338887404025,0.11663167520142058
548,31.633151054382324,-0.7759518256047162,0.838194136937677,-8.578892303324038,1.429744674945774,0.3870220283549811,0.12341807544921506
549,31.699504137039185,-0.8651089711660938,0.7382497870729839,-8.463678483726737,1.4333053456929654,0.3875087292052421,0.1257218429501881
550,31.76655411720276,-0.8771756741002792,0.7277684488019548,-8.446964678090655,1.437010674658522,0.38804733110047546,0.1289886095013337
551,31.832893133163452,-0.9149299072027733,0.6757602205943188,-8.38688411969899,1.4403778865756234,0.3885393803922761,0.1323919962164006
552,31.89950704574585,-0.9283699576326137,0.6514331427653728,-8.366230538768223,1.443557197114366,0.38900685755696274,0.13466380578429277
553,31.966390132904053,-0.9382545268712928,0.626557582936869,-8.343694246864054,1.4475188019942138,0.38958929129680925,0.13798277029280395
554,32.03276205062866,-0.9574991244400056,0.5999736596425098,-8.31761938895484,1.4512987553719092,0.3901504963213652,0.14136005802918777
555,32.09948420524597,-0.992424286252938,0.5426155083991773,-8.261497323738057,1.4547671913625524,0.39067151755603247,0.14364638182502085
556,32.16638898849487,-1.0269382456403495,0.48825399039810913,-8.20708681123593,1.4584797854787148,0.3912315898786768,0.14701488112980785
557,32.23275709152222,-1.1080226654707521,0.349921348855862,-8.079650030865063,1.4621695160727812,0.3918024511774459,0.1505056195286289
558,32.29965305328369,-1.1437198034244576,0.22179654040406407,-7.962138788231297,1.4656695548193872,0.3923900670624218,0.152820971780344
559,32.36653399467468,-1.1379388672555493,0.26261969853773176,-8.001100106603346,1.4693059369959924,0.392994173263631,0.1563320833615043
560,32.43288207054138,-1.1104277456051719,0.33277727785953515,-8.08362705403127,1.472909697159456,0.3935903584981802,0.1596569068244138
561,32.56638216972351,-1.0602925027696755,0.4312483322087338,-8.176641205150684,1.4800507929529545,0.3947752741034877,0.1649423494818396
562,32.632745027542114,-1.0765135184716321,0.39425266158486205,-8.144026151909337,1.4835644546668385,0.3953630939686231,0.16795305309417413
563,32.76639199256897,-1.158767994102693,0.245313108776037,-8.005387381749244,1.4908710931964761,0.3966818802402964,0.17305806658774722
564,32.832749128341675,-1.1825380572201847,0.33562781700723215,-8.067118266485515,1.494283547234076,0.397308217886377,0.17607755863167898
565,32.899707078933716,-1.1606155947852717,0.4045720754154764,-8.113970710711738,1.4976890384723547,0.3979388893659938,0.17815442480777716
566,32.966525077819824,-1.1587573423723938,0.4366713956695913,-8.125215565762572,1.5012750393874628,0.3986099941631223,0.1811825721252519
567,33.03275203704834,-1.154418170544567,0.4705006834347625,-8.13653475948966,1.5048525404191462,0.39926376945312514,0.1841932757375864
568,33.09968304634094,-1.1543669817247884,0.4387859023416452,-8.081276494067232,1.5083751182618557,0.39990830645820424,0.18622366975266272
569,33.16638422012329,-1.131690770056588,0.4868932168585654,-8.094336726098735,1.511962520169836,0.40062219612741157,0.18907445054153812
570,33.23275709152222,-1.1094965253267703,0.5145257220704693,-8.106853587802997,1.515542396462854,0.4013338768193042,0.19218395743031447
571,33.299673080444336,-1.1042154625615757,0.582541463745625,-8.125981400596816,1.519023919828294,0.40202553011021136,0.1942260693541872
572,33.36636400222778,-1.1378632323250581,0.623442839579036,-8.129586588917606,1.5222835667380994,0.4026826305491392,0.19695461104902826
573,33.432908058166504,-1.15571850456191,0.5415156098583743,-8.041701067917707,1.525511323806948,0.4033363087839988,0.20005839214146098
574,33.49963307380676,-1.1838700501289132,0.43080939371876337,-7.945017641039991,1.5294310909900062,0.40411780903572864,0.2022022368189746
575,33.56639504432678,-1.1860333662372702,0.3470924460935367,-7.879000667824804,1.533039163788771,0.40486304572329823,0.20541946857384502
576,33.632726192474365,-1.2071562166166194,0.2766219837510851,-7.788618780043129,1.5362127824004472,0.4055445343234623,0.2086018129184352
577,33.699491024017334,-1.2667630955559481,0.17141480737832426,-7.697799206617177,1.5398489589184958,0.40633143593136045,0.2107427281187499
578,33.766377210617065,-1.30717434865633,0.13160194865724983,-7.674404600907703,1.5437458829281427,0.407184325888376,0.2138900518950056
579,33.83274817466736,-1.3330828600550495,0.12894274102571274,-7.679971031921835,1.5472534533583842,0.40797324285861364,0.21720622008437218
580,33.89949917793274,-1.329652083993605,0.12876725769330707,-7.678625251349512,1.5507542643545085,0.40874552370428446,0.21934713528468686
581,33.966517210006714,-1.3030549693728752,0.3008532072108237,-7.7610621472881975,1.5544286324088235,0.40954673927402396,0.22252362067487894
582,34.033080101013184,-1.2958244089078979,0.5921548703211876,-7.945571639730234,1.5579058074088168,0.41033122212589507,0.22571754977021077
583,34.099839210510254,-1.2430415261002459,0.8311238513381414,-8.109823085080233,1.5613124617109646,0.4111142004580244,0.22784980969698282
584,34.16638422012329,-1.1598875623402167,1.0158563869854373,-8.23335423474209,1.564848758526216,0.4119533089060494,0.23086051330931745
585,34.232726097106934,-1.0734735136953435,1.1311163302876133,-8.31283055779712,1.5684018124888175,0.4127937175221234,0.23397880862969106
586,34.29948902130127,-0.97861820502674,1.2350741659975897,-8.387854892303022,1.5718839786195207,0.4136170998509774,0.23614009701234487
587,34.366366147994995,-0.8867480113751117,1.3352330031199573,-8.464895878782725,1.5753702187664145,0.4144562748501329,0.239145074828336
588,34.432738065719604,-0.8693093329103204,1.349851173004519,-8.46668625160227,1.5788735093172541,0.4153004419415619,0.24220810955609015
589,34.49948501586914,-0.7860073279715188,1.4504496421496675,-8.56077759817824,1.5823558330478658,0.416139568467078,0.24433451052846422
590,34.56652522087097,-0.8084666491384951,1.4028559983063371,-8.52514062353173,1.585949844603159,0.41704234877155555,0.24748183430471998
591,34.63286209106445,-0.8358493167500909,1.3331482265193624,-8.476586859015626,1.5895172694575082,0.4179503455937798,0.25061477701108914
592,34.699491024017334,-0.8724457116798512,1.2872186172716558,-8.426105493902217,1.5930683079498682,0.4188577758832333,0.2527643474849467
593,34.76635718345642,-0.9089943381045806,1.2628578700552395,-8.375027961767152,1.5966158218236464,0.4197798255241811,0.25578676900607755
594,34.83273506164551,-0.9286362620566095,1.25384908030101,-8.333439623991096,1.6000420814084557,0.42068711905385925,0.25889347957570935
595,34.89974308013916,-0.9015590250705104,1.3213913858628885,-8.347130706477252,1.603439541433067,0.4215609112910068,0.26087726827170954
596,34.96638822555542,-0.888476365514134,1.3701058906889516,-8.351745113588331,1.6069098615915456,0.4224553768608012,0.26363204210328745
597,35.03272008895874,-0.8937010683362404,1.3556548151715797,-8.299638827615617,1.6104066351472373,0.4233764555550521,0.26658735196494854
598,35.099637031555176,-0.9007781306834276,1.3672181155483714,-8.276919786751375,1.6138467320173444,0.4243135326909143,0.2685799290925459
599,35.166518211364746,-0.9074998268404623,1.3731755956996863,-8.25582525704418,1.617370603585034,0.4252982728511567,0.27138410456234463
600,35.23286700248718,-0.9312950535200657,1.4009437696105043,-8.21016012401972,1.6208581659885477,0.4262898089410758,0.2743773644695394
601,35.2996711730957,-0.9629824511954315,1.4668460100433571,-8.192504575323166,1.6242960539105418,0.42725979728844654,0.27639910321107286
602,35.366377115249634,-0.9855240014777401,1.5508336332774828,-8.188805891306059,1.62786803262176,0.4282441963187448,0.2792003492036726
603,35.43273210525513,-1.102343643287362,1.5228552345150703,-8.086123985154707,1.631328780332324,0.42920953803278905,0.28220812333880824
604,35.49947810173035,-1.1008375281409515,1.57420702205981,-8.075126203669422,1.6346452861616318,0.430140651145064,0.2841803272840665
605,35.56640911102295,-1.0399032886427224,1.7614634808845682,-8.23324940287754,1.638091075245314,0.4311602668150761,0.2871939603736002
606,35.63271617889404,-0.9344604049325266,1.923646551190555,-8.383240595584237,1.6415376649586617,0.4321860506130957,0.29023076296461736
607,35.69960904121399,-0.916845149056817,1.9642236391776688,-8.407013179501217,1.6449634586535584,0.43321509208654313,0.2922407837973546
608,35.768909215927124,-0.917604714624192,1.9674122668941172,-8.409038577644049,1.6486129653129886,0.4343113601456096,0.29512645199651
609,35.83271622657776,-0.9628477711938963,1.8903150122931827,-8.336932168295556,1.6520141516059974,0.4353339478277912,0.2981982751558619
610,35.89946699142456,-1.0341519600881361,1.7059820523507636,-8.18267749384131,1.655372505530938,0.4363447274660698,0.30018792280626017
611,35.96701502799988,-1.0955242798486813,1.4086231710695636,-7.943525879120884,1.6588542465032778,0.437416459770248,0.30308810523335616
612,36.032724142074585,-1.0949619925072451,1.059778256306334,-7.6622725037691195,1.6622803328794424,0.4384993458265381,0.3063431538757058
613,36.099483013153076,-1.0295154376883227,0.8786186489646322,-7.490972869803386,1.6657198855516864,0.43958530456518735,0.30861203396639886
614,36.16698908805847,-0.8902783300087524,0.6604521994998431,-7.270922447190901,1.6692801986570724,0.44071303736550704,0.31186708260874807
615,36.23287105560303,-0.6977802913722714,0.46652586584752875,-7.037850186317292,1.672650290034782,0.44179681425285156,0.3152122792539966
616,36.299604177474976,-0.6481712141669697,0.4456633575608716,-6.9877528903132475,1.6759886718118682,0.44287073192668414,0.3174958067306851
617,36.367157220840454,-0.6714276362649546,0.46329351939754454,-6.999388855150754,1.6794825472343107,0.44399602877630406,0.3207042500539582
618,36.432714223861694,-0.7567311320683391,0.5350782163186572,-7.069041811411413,1.6829722861687173,0.4451326800020755,0.3240639609271474
619,36.499460220336914,-0.7820540109653785,0.5481766920232287,-7.05681930052936,1.6864213129463905,0.4462703396482106,0.3264260516559935
620,36.566978216171265,-0.8570744440137554,0.614702829382672,-7.115026446980402,1.6899695266490045,0.4474861536584372,0.3298352973254582
621,36.6326961517334,-0.926190432878402,0.707508671603355,-7.195662617520017,1.693351557021334,0.44864581178745905,0.3333055293838861
622,36.699541091918945,-0.9932829642043094,0.8019388002683348,-7.269238705254706,1.696626981460139,0.4497692308514373,0.3357053038421563
623,36.77321720123291,-1.0592205447550616,0.9922478407103854,-7.409314533292613,1.7005293775601016,0.4511103950285758,0.3391960422409777
624,36.8328800201416,-1.0317751749084714,1.079123249013168,-7.477419861434467,1.7037445102218092,0.4522168597507287,0.34270995014128275
625,36.899625062942505,-1.0504548957232844,1.1279258281606104,-7.52145044148338,1.7071403544373223,0.4533837914268654,0.34492064016215773
626,36.966331005096436,-1.0415007345111098,1.1298297552884904,-7.537118142370727,1.7106095281923326,0.4546226457672187,0.34824839310226596
627,37.03269720077515,-1.068382696614344,1.2075769423635319,-7.624418445824277,1.7140692363122045,0.45588043551944046,0.35189625800540214
628,37.09947419166565,-1.0857873349637222,1.282283136283907,-7.693415408264892,1.7171075963650988,0.456990498635665,0.3543164056460115
629,37.16634202003479,-1.097651242852295,1.3465508392525316,-7.754295895268479,1.7203635670793136,0.45818129065816904,0.3578418982970584
630,37.2327082157135,-1.102125422114223,1.3447809770217367,-7.749351664428833,1.724190641950205,0.45958092441277704,0.3614490168355163
631,37.29965615272522,-1.0862829302887869,1.4178177767270905,-7.796652383730439,1.727459146612859,0.46079081006760625,0.36403494625398347
632,37.36650204658508,-1.0917178713151399,1.5375106746894553,-7.857362246020659,1.7307091740902978,0.4620020412930941,0.3681394101260135
633,37.43284511566162,-1.1024661216887346,1.633767217410677,-7.899232525227301,1.7345297900065488,0.46343498255206306,0.3723223040921463
634,37.49961519241333,-1.1158571036545089,1.7406445394526215,-7.963540700075024,1.7381252542781542,0.4648149734689265,0.37545817627571454
635,37.566341161727905,-1.0989483635831943,1.955180477334721,-8.088223848463011,1.7416406292374775,0.46620396926018426,0.38037996428629006
636,37.63270115852356,-1.0187965027538715,2.1870885282030197,-8.239890429036839,1.7452184768773689,0.4675842907709599,0.38541227348210383
637,37.69946503639221,-0.8889376297195863,2.4703874904769365,-8.442260053305345,1.7486926785660875,0.46892037898917743,0.3888681244706453
638,37.7663140296936,-0.711305358600925,2.7137743039939193,-8.637691497966106,1.7523676350584345,0.47035773900917016,0.39394983530467986
639,37.83270311355591,-0.7553228271833026,2.7004173996106497,-8.61623676330349,1.7559186960705875,0.471766871122672,0.3991568478680027
640,37.899471044540405,-0.7744426090748432,2.7131067221219087,-8.615368229458564,1.7592424828338693,0.47309832758708953,0.4027142984521307
641,37.96708011627197,-0.7884238102328155,2.7318257263136836,-8.623169358761787,1.7629198130637238,0.47461606305583587,0.4079183815382545
642,38.032833099365234,-0.8033212086612185,2.7388841800497072,-8.621755970265005,1.7665218995493,0.47611041129291987,0.4134190076117585
643,38.099465131759644,-0.7900887194971309,2.7554987665529005,-8.624371927595373,1.769919267352408,0.47751854879541683,0.4171540910405948
644,38.16633415222168,-0.8100086848401997,2.7436661090691206,-8.6128305857008,1.7735818350604415,0.479044821264,0.42307656183076753
645,38.23269200325012,-0.7875000747913075,2.7985815843690864,-8.614247113847354,1.7772871077777996,0.48059418368957296,0.4294062299516133
646,38.299448013305664,-0.7714950580943555,2.7870587731317213,-8.61842180144371,1.780733914669843,0.4820497462102993,0.4336503766228183
647,38.36632204055786,-0.8160706700440851,2.7250249118813903,-8.571907609629609,1.784352766963703,0.48360800412307364,0.4397356997136491
648,38.432697057724,-0.8294031586381403,2.6982613601643037,-8.569639438841133,1.7879702787163145,0.4852073779097051,0.4460567125609524
649,38.499593019485474,-0.8468357481823064,2.6599045536689365,-8.553521450615088,1.7914000507354757,0.48671944517273097,0.45027755657261875
650,38.56648111343384,-0.8484684138309727,2.648356057656952,-8.560273608661557,1.7949764208663817,0.48830538916417254,0.45617958760142546
651,38.63284611701965,-0.9081935977535142,2.6001752786463723,-8.513690966412158,1.7985029900384972,0.48986980706605515,0.4612323365586053
652,38.69945406913757,-0.9156316811323846,2.5731153010349983,-8.501472336042484,1.8018357689715756,0.49134273963150454,0.4641557550662127
653,38.76631999015808,-0.9230101700985794,2.528948656666663,-8.50412564349643,1.805273642930081,0.4928738340833872,0.4682980358257217
654,38.83268213272095,-0.9725563992536197,2.443222741873178,-8.442194053994603,1.8086584441271407,0.4944345012439978,0.4720998980188915
655,38.89949417114258,-0.9883546935646783,2.4042496395209527,-8.424875967366711,1.8119342893506813,0.4959594440937535,0.4746422847535357
656,38.966347217559814,-1.007770599216454,2.363159946613404,-8.405515111305816,1.815220043207992,0.497519707991024,0.4783685797507748
657,39.03270220756531,-1.036611758683045,2.300673864640776,-8.375834474355925,1.818530979983516,0.4990671791984038,0.4821588571932024
658,39.09959316253662,-1.0473971284394148,2.268309631269898,-8.367853256037906,1.8217934817502126,0.5005611588747529,0.4846866631208787
659,39.16658020019531,-1.0064333318478171,2.3408183913528653,-8.457609196490385,1.825174177827741,0.5021380755925436,0.48822673657889376
660,39.23268508911133,-0.9175822931632505,2.4200585946864823,-8.57213415175081,1.8284967893999993,0.5037093300485349,0.4917930421736462
661,39.299437046051025,-0.9875082399400124,2.2872651224170735,-8.499016119070388,1.83166802125501,0.5052608872796881,0.4942452143263637
662,39.36631417274475,-1.096227890467713,2.056819495053989,-8.330201215447085,1.8349754762528057,0.5068877240370424,0.49770099873587775
663,39.432677030563354,-1.1739481597932822,1.795277647259916,-8.148958662139982,1.8383102111251155,0.5085328476630029,0.5013836178912395
664,39.56632614135742,-1.2671733943034034,1.3955426216611695,-7.894131343598308,1.844806756212643,0.5117347106403978,0.5074137469684787
665,39.69957113265991,-1.2657326514486238,1.0023615425042596,-7.653166273445516,1.8511414965851356,0.5149015101599531,0.5134642492280569
666,39.76631307601929,-1.2387824974692863,0.8971595022578333,-7.581328918188903,1.854172015150339,0.5164631992168811,0.5170421395735508
667,39.832683086395264,-1.268002918747887,0.9654458242652312,-7.628108862782249,1.8576592223946484,0.5182999699428109,0.5206870084204606
668,39.89969801902771,-1.2906459350487232,1.0377788120703613,-7.678337103330811,1.8611096282027806,0.5200999448118105,0.5231275292434092
669,39.96629500389099,-1.3170401943064163,1.0821095379622796,-7.703472858252251,1.8644965777703766,0.5218371558265555,0.52678691231826
670,40.0326771736145,-1.335145909246629,1.1664122765898153,-7.752574038276476,1.8677608197993418,0.5235535228403166,0.5302950278431944
671,40.09942007064819,-1.3373870046212668,1.2095570238184037,-7.788866614522641,1.8708999038256284,0.5252148151609635,0.5327064536312336
672,40.166457176208496,-1.3418078540307041,1.2894131923838787,-7.85443683833715,1.8740538984787263,0.5268916012731291,0.5361651675179467
673,40.2328040599823,-1.3434095860622024,1.3305893617678988,-7.893615133559046,1.8772475641809985,0.5286299975749903,0.5398274134909692
674,40.29957318305969,-1.3394249890226184,1.3840210885827664,-7.938258117997011,1.88041887648045,0.5303969814122248,0.5422883740752842
675,40.366305112838745,-1.3100323017806337,1.4558026771556452,-8.007726194966553,1.8836925413652819,0.5321786185009846,0.5459535495255058
676,40.432685136795044,-1.2750478795528497,1.5098377440245965,-8.060266696510277,1.8869513068055306,0.5339479796638574,0.5495779786110491
677,40.49944019317627,-1.2638814107184133,1.5274807419926013,-8.080071887487664,1.8901451960627036,0.535700381278686,0.5520011223078849
678,40.566287994384766,-1.2714240664901553,1.5075953621647724,-8.062587193890632,1.893342848610128,0.5374898123147105,0.5553608331810745
679,40.63266706466675,-1.2976889086619232,1.4305506885232213,-8.011100349735832,1.8964767997701115,0.5392728382209738,0.5590493112908341
680,40.699424028396606,-1.3176345993874015,1.1754046677781333,-7.810271343463585,1.8995975123885223,0.5410720695874198,0.5614869692156109
681,40.76783299446106,-1.3068232513608853,1.0554960448972193,-7.754656881611033,1.902818459369797,0.5429391042934674,0.5650881622206433
682,40.83280420303345,-1.2914780304784559,1.0159452377759612,-7.742068893280148,1.905699327708558,0.5446134676891903,0.5687591966252632
683,40.90012311935425,-1.266418277190302,0.9133105731633238,-7.696382921910697,1.9087822267555015,0.5464111991302716,0.5711124323434843
684,40.96629500389099,-1.2421716583111098,0.8194219764921085,-7.656659019060608,1.912266818746883,0.5484687664464836,0.5747689525201631
685,41.03268599510193,-1.1993244771243174,0.743547306982677,-7.615722390369644,1.9154523759530637,0.5503727877353838,0.578492318040203
686,41.106322050094604,-1.1657098872867702,0.724032170502755,-7.624508578168446,1.918834967941228,0.5524056396408906,0.5809386312385223
687,41.16647005081177,-1.1812993976383197,0.7634015357527835,-7.656390104213693,1.9217369469821892,0.5541805260461397,0.5845835000854321
688,41.23265600204468,-1.1924401901624988,0.7889729232096642,-7.676781817713133,1.9249003626816927,0.556093383426655,0.588242883160283
689,41.30003118515015,-1.2095114517800938,0.7862749173530856,-7.6780214356957694,1.9280137743120378,0.5579626184741188,0.5907182913935115
690,41.36643099784851,-1.2153640669504775,0.8788760892896913,-7.746400432196065,1.9311627878204123,0.5598917783769938,0.5944271426856103
691,41.43281602859497,-1.2163184942119012,0.9462517814222583,-7.79786246920587,1.9342662121534477,0.5618142563911558,0.5980574307255518
692,41.50002717971802,-1.2102008503422217,1.0173371685627326,-7.852225634238319,1.9372464058425565,0.5636851254895343,0.6004659936154196
693,41.566287994384766,-1.2231775459173766,1.1138882573528852,-7.908973737645398,1.9403533586133954,0.5656765904607426,0.604157334623351
694,41.632657051086426,-1.2287528297015902,1.2050120441154542,-7.970087868022641,1.9434789140353275,0.567691109453073,0.607860393540079
695,41.700031042099,-1.2230376143543793,1.335201960495191,-8.05560823712812,1.9465202043902192,0.5696469163439085,0.6103154285909685
696,41.76628112792969,-1.2449331794466858,1.323327121657409,-8.05016962287276,1.9496193413759508,0.5716464391357512,0.6138991778908608
697,41.83261799812317,-1.239248618729327,1.3447676043188492,-8.068823599582274,1.9527366336461447,0.5736592541803147,0.6175090927484632
698,41.907424211502075,-1.236012172896497,1.35277564103912,-8.076231567094485,1.9560283292298484,0.5758282130711905,0.6199700533327783
699,41.97286820411682,-1.2410355660945906,1.34439424213392,-8.072510589987099,1.959009994629967,0.5778205229493968,0.6233501373883069
700,42.03266501426697,-1.2418010114680433,1.3762981815991728,-8.099809960064336,1.9618032804100203,0.5797189095185877,0.6269251648356291
701,42.100022077560425,-1.2483117878859082,1.3739610151944932,-8.077416513318141,1.964800996072231,0.5817501655933246,0.6291329919583322
702,42.16683101654053,-1.2500715942647866,1.367000641861604,-8.070268157516228,1.9678936023550138,0.5838523809967765,0.6327895121350109
703,42.23264002799988,-1.2270642351064143,1.438762567203339,-8.117840920198553,1.9709567348435628,0.5859357217758181,0.6363237932176553
704,42.30001711845398,-1.172576935021529,1.554933973912368,-8.209265435206872,1.9738784146180082,0.5879431476223059,0.6387061239707855
705,42.36683917045593,-1.1234031926751884,1.6191740530559229,-8.259720025457856,1.9765893240461514,0.5898771408600695,0.6423248272599852
706,42.43279719352722,-1.1522337210469291,1.5606728097248792,-8.198597501823976,1.9795230130062003,0.5919570049846747,0.6458532493882313
707,42.49960112571716,-1.1665214634561067,1.5391200047757094,-8.173212367427679,1.9827798713677975,0.5942430965930684,0.6482007593101088
708,42.56697201728821,-1.1746495732747515,1.5259471052174811,-8.158441104479293,1.9857722042626242,0.596385395110706,0.6515808433656375
709,42.63265299797058,-1.1820972054481917,1.5281832015103032,-8.157632265954708,1.9887176117942775,0.5985091556964167,0.6550336982979522
710,42.69939708709717,-1.1592135675619097,1.6279054568663764,-8.224623907321574,1.9916398838294769,0.6006353810666909,0.6572677575573923
711,42.76687812805176,-1.1686126620987018,1.6454092447776023,-8.226520089919179,1.99466510242596,0.6028374916092812,0.6604238697652455
712,42.8326461315155,-1.1744673891863884,1.672708593205103,-8.235848844131711,1.9976293089770152,0.6050018801684711,0.663798161445403
713,42.899397134780884,-1.1846864542661917,1.7065850446129902,-8.239555830143582,2.0004509415482095,0.6071279847295042,0.6660409425574132
714,42.96683120727539,-1.226391417098485,1.7152034615755036,-8.247768863770323,2.003379796498683,0.6093537972008968,0.6690196216576396
715,43.03277802467346,-1.2166797729807,1.808108470025932,-8.335931380084707,2.006308770346752,0.6116017971138551,0.6724142865201365
716,43.09954118728638,-1.177234919406669,1.923741971237666,-8.44737326838801,2.00916318040051,0.6137621141225128,0.6747151911229375
717,43.166850090026855,-1.1420258525319646,2.0233921462899054,-8.523375483769025,2.012091693046779,0.6159820906577245,0.6779644473899161
718,43.23263907432556,-1.0949327827683588,2.09935503681651,-8.608417163171351,2.014886208260527,0.6181358425592546,0.6813591122524127
719,43.29937815666199,-1.1293835374367398,2.0504027383661203,-8.59999659396497,2.017675357303469,0.6203198207277067,0.6835901754556265
720,43.36682415008545,-1.1556212601957379,2.021464391358123,-8.584108760892017,2.02061213077771,0.6226570781453322,0.6867608684704478
721,43.43263506889343,-1.1554612527705852,2.0044896829689294,-8.590145605204423,2.023515113816702,0.624967650018058,0.6900653853300452
722,43.499361991882324,-1.1558541109122522,1.9962635211186226,-8.598964919646214,2.0263348216666337,0.627210406567144,0.6922237442354999
723,43.566827058792114,-1.1655748319688173,2.02999351054409,-8.60927066563852,2.029148426025491,0.629453079583353,0.6953769935451812
724,43.63277721405029,-1.1445418461086614,2.0436655305021163,-8.628938895183495,2.0319003249189507,0.6317024867986178,0.6985855034474815
725,43.69952917098999,-1.0839153589610304,2.1160430745524015,-8.705365416652995,2.0345960801927694,0.6339410399814651,0.7007438623529361
726,43.76680517196655,-1.0932605767418766,2.144312186317104,-8.75867232625459,2.03741763279952,0.6363453451315536,0.7036440447800325
727,43.832651138305664,-1.0969820017373177,2.174176779312687,-8.81251071774545,2.040207304823081,0.6387020368497953,0.7068205301702244
728,43.89936709403992,-1.017169060468432,2.1995966804771805,-8.886634525878078,2.042951409115803,0.6409664775086769,0.7089643748477382
729,43.96681213378906,-0.9662052707124654,2.2150025932895074,-8.93321953068296,2.0457738731629598,0.6433549520903721,0.7119867297898418
730,44.03262400627136,-0.9324047278652826,2.2373733478770466,-8.969972980538738,2.0485267781056185,0.6457135195713956,0.7151341201451247
731,44.099366188049316,-0.926869418655334,2.239452868202996,-8.971970805737872,2.0509348278277475,0.6478379682645409,0.7172546621631002
732,44.16700220108032,-0.9116336986027093,2.2470120965894846,-8.982240981027424,2.0535218948215217,0.6501146433984533,0.7202101051828157
733,44.23278307914734,-0.924014826144825,2.2325907949985346,-8.986291411979932,2.0564869168520703,0.6526964991411808,0.723418615085116
734,44.29938006401062,-0.8968042534643292,2.217559478926275,-9.00696384320751,2.059224984041844,0.6551127711139343,0.7255624597626297
735,44.36684203147888,-0.8170725969303997,2.243292467317854,-9.075192179775152,2.0620101739273045,0.6575852859493608,0.7287272938230527
736,44.43263816833496,-0.7081749277824629,2.2701885744080035,-9.168097669109436,2.0647343973150782,0.6600151821813013,0.7319270818727829
737,44.49935817718506,-0.8265560648504648,2.276708146799489,-9.055263979835638,2.0673564837060057,0.6624264017777739,0.7341146023921739
738,44.56680512428284,-0.8751344885638962,2.25628951807278,-8.995155044083726,2.070003155211317,0.664943321537265,0.7371950808250687
739,44.63262701034546,-0.915872393735396,2.2018592641500385,-8.929454721369515,2.072688024978923,0.6674300443212571,0.7403861470222287
740,44.69952917098999,-0.9605658059206592,2.1395018592502044,-8.856364443429667,2.075343146549547,0.6698855292069872,0.7426259320780128
741,44.766985177993774,-1.0609170168872135,2.0544493215422253,-8.734089458356287,2.0780026982071957,0.6723788612860441,0.7456337727921754
742,44.832770109176636,-1.0653197689756015,2.053368792130695,-8.720855757711476,2.0806292261369994,0.6748588578762197,0.7492436876497779
743,44.899702072143555,-1.0730011842231613,2.0313501238460856,-8.722796687667392,2.083192290368072,0.6772950632502637,0.7516231555047365
744,44.966782093048096,-1.101442350239996,1.9904646373006782,-8.698672346298228,2.0858504843557744,0.6799555937477254,0.7551574365873807
745,45.03261208534241,-1.1462393216433122,1.9284670704753923,-8.658527595541237,2.088455718852482,0.6825550301789445,0.7586596931579166
746,45.09935903549194,-1.1518727366327333,1.9307127233223136,-8.661133503261134,2.0909914750721526,0.6850277009531126,0.760983900420256
747,45.17579913139343,-1.1319962275211872,1.951332029302402,-8.687598734432886,2.0937594099895245,0.6877853824644077,0.7643727729073818
748,45.232617139816284,-1.1433478800629084,1.9408264500072092,-8.67415976945683,2.0958256806578106,0.6898658385129409,0.767988480140355
749,45.2995400428772,-1.169840599383739,1.907370336291459,-8.636825573123788,2.098568291051938,0.6926172360545055,0.7703534337673726
750,45.36724901199341,-1.1435316606410428,1.8930772471595243,-8.625902793461231,2.101424789531008,0.6955176800662735,0.774280397952749
751,45.43262600898743,-1.1788993043271834,1.80778190271041,-8.511276391350826,2.1038711453782266,0.6980801825059314,0.7781811965804154
752,45.49937605857849,-1.2436557899085636,1.7095995205645025,-8.394737347537275,2.106376300951512,0.7007136505393158,0.7808574071598359
753,45.56675601005554,-1.2487736949188806,1.658043990881328,-8.316428315012443,2.109001261308669,0.703470778911748,0.7845574700203376
754,45.632633209228516,-1.3072942383046369,1.5206282472890413,-8.189857884080201,2.111359980658196,0.7059461615617162,0.7886851699728786
755,45.69937205314636,-1.374827104782248,1.404993482632488,-8.08029430647601,2.1137280795276743,0.7084593919166813,0.7913962679625793
756,45.832778215408325,-1.4100360349227667,1.2925720589329097,-7.983948297141438,2.119144420594081,0.7144133222600112,0.799517844022885
757,45.89949822425842,-1.4125130591220683,1.2411272053461715,-7.941329258877062,2.1215972001805934,0.717146485873142,0.8027728926652342
758,45.96684718132019,-1.4191751988467651,1.225206243196038,-7.930641911948455,2.1240968256513613,0.7199250581473138,0.8076685816971271
759,46.0326361656189,-1.410811850526427,1.1127509054446931,-7.862031835945978,2.1266050273283006,0.7227150727010119,0.8130005630946018
760,46.09934401512146,-1.396377002314222,1.0193733456014098,-7.805063023371547,2.1290503657689492,0.7254458791365057,0.8165726610647251
761,46.16675019264221,-1.383347816861852,0.9856017782886136,-7.809091728469436,2.1316654264086417,0.728480743138173,0.8220471881595465
762,46.232856035232544,-1.3539986653961378,0.9089695403489896,-7.7743096479639995,2.134217662181615,0.7314707699448383,0.8274838983668888
763,46.29938220977783,-1.3179127675920466,0.8696080052629599,-7.751044864361014,2.136602848084129,0.7342963859915275,0.8311781688520193
764,46.366913080215454,-1.3195547657696123,0.8526175138103583,-7.739041680383081,2.139087089495456,0.7372359746761035,0.8360446962699756
765,46.432759046554565,-1.3330093486243646,0.8752737918876417,-7.7612594951445315,2.1415444189894823,0.7401446391869395,0.8414581703968071
766,46.49951100349426,-1.3657241418959098,0.9076578281951747,-7.778276173122957,2.1437503596853773,0.7427838949571487,0.8451378600749697
767,46.56675910949707,-1.3658917567290614,0.9279991866018268,-7.7993895533586555,2.1461051648413934,0.745609565300783,0.8506502040572701
768,46.6326470375061,-1.368495078806531,0.9474712494922131,-7.814266990612046,2.1487158892837175,0.7488950428818868,0.8561247311520916
769,46.6995530128479,-1.3661000663784186,0.9920121501358833,-7.842926938963997,2.1509791115033168,0.7517543542976144,0.8597986284548829
770,46.76675009727478,-1.364101408659627,1.037299820885123,-7.87772068810002,2.153233936698424,0.7545917656541652,0.8653604406544316
771,46.8329861164093,-1.3510840489831435,0.9634313834313739,-7.825831956660472,2.1557663979765755,0.757833401555146,0.8708436896018229
772,46.89947700500488,-1.357987487780118,0.9139482064245193,-7.788937637619763,2.1581568711752106,0.7609297001432901,0.8735809531492339
773,46.96689319610596,-1.3945394201903576,0.8241353885222787,-7.70641535536399,2.1605528678275476,0.7640379793638258,0.8774206322298828
774,47.03281211853027,-1.4606251401930623,0.873879346225943,-7.747777584663585,2.162766037588721,0.7669556163039932,0.8811527196024926
775,47.09975814819336,-1.484675070115982,0.7682453562819647,-7.6297884375710785,2.164872264598714,0.7697696305005816,0.8835321874574511
776,47.18077611923218,-1.497908750749639,0.6131287534250608,-7.457676833478409,2.1674010959797276,0.7732485205074661,0.8869996231967342
777,47.232816219329834,-1.5658849750014874,0.6877489383523894,-7.511238649160519,2.1691581742882673,0.7756098034636821,0.8906967565800369
778,47.299559116363525,-1.6232591482176089,0.8030901593852134,-7.5809138812564685,2.1713030719359407,0.7784696215195277,0.8931431363573836
779,47.3667631149292,-1.6853019538189984,0.98905426566595,-7.698121105654537,2.173483343076912,0.7815080728439053,0.8965959912896986
780,47.432589054107666,-1.7146916591985797,1.2215184297722539,-7.8185881329609765,2.1755877776161388,0.7844877814194772,0.9003513813218466
781,47.49945020675659,-1.6980944895660903,1.4728788354376987,-7.956213846641422,2.1774303094278817,0.7871993787576572,0.9028035534745643
782,47.566877126693726,-1.6391626064799092,1.740230504043887,-8.115818343548645,2.1795268370599334,0.790237110917138,0.9065007534368941
783,47.632734060287476,-1.5855479288111882,1.8759265615912515,-8.228987024381963,2.1819273268597064,0.7936521814529713,0.9101542775573467
784,47.69959115982056,-1.5335359669691444,1.9181825298278958,-8.280205981866894,2.1839353379527386,0.7966097499277125,0.9125861431067525
785,47.7667441368103,-1.5596801254519086,1.8891294686557731,-8.285140072570659,2.1859384725251654,0.7995776087777776,0.9161901990099565
786,47.8326141834259,-1.5260453998102297,1.95321146063354,-8.341612966488034,2.187781671535599,0.8023576946468021,0.9197943214921882
787,47.899458169937134,-1.508465572423621,1.9857919277759082,-8.372574014821282,2.1897216991753714,0.8053345727663738,0.9222261870415938
788,47.96675205230713,-1.490927616381971,1.9939479342076094,-8.387380250715237,2.1919130397919777,0.8087536630584042,0.924468901574577
789,48.0325870513916,-1.467064350672199,1.991062450108474,-8.404903235180406,2.1939372522552487,0.811873946812013,0.9292278372844941
790,48.099575996398926,-1.4820123906055964,1.875608803623896,-8.34442309694726,2.195858718778482,0.8148812001146902,0.9316858683916099
791,48.16688108444214,-1.4303964238505809,1.8017916435561752,-8.312591392057154,2.197800711720273,0.8179524034041067,0.9339489561069321
792,48.23273015022278,-1.3288415462290921,1.8106218579689515,-8.305564297765503,2.1997773947465213,0.8211629471316311,0.9387951769215763
793,48.299458026885986,-1.2728549696755853,1.7576959208899101,-8.239467302998536,2.201602037923955,0.8242210351254953,0.9412531414496649
794,48.3666090965271,-1.2239283372091034,1.6802229572624834,-8.164998149952387,2.203573787715387,0.8275090773716299,0.9447787006797391
795,48.43259620666504,-1.18039363581444,1.642161541588671,-8.10673881469487,2.2054864277239683,0.8306909289218981,0.948790087071671
796,48.499444007873535,-1.147392914334982,1.5292977486594561,-7.998415839723807,2.207266952989983,0.8336727743687681,0.9516174986219809
797,48.566633224487305,-1.1445764731446142,1.3453934249306947,-7.84920742652265,2.209184606343405,0.8369528722389031,0.9558063181215394
798,48.63258600234985,-1.1001841766383844,1.1934395589989475,-7.722411421443905,2.211057775449199,0.8401998771761537,0.9600358174067486
799,48.69970202445984,-1.0467105102640557,1.051477576000168,-7.601275522267452,2.212650679572293,0.8431217433317446,0.9628341339221493
800,48.766895055770874,-0.9670712957883266,0.9246976045945223,-7.474073585848963,2.214424967913143,0.8463231711355619,0.9669037103838996
801,48.83258819580078,-0.8570120178731307,0.7787948405698795,-7.345545442932102,2.216482741848724,0.8499667991101028,0.9711390020444798
802,48.89944911003113,-0.7373350427002083,0.6262219062824733,-7.213797912787129,2.218226895714119,0.8531166286777346,0.9739867867771287
803,48.966639041900635,-0.6917449899611225,0.5968134753010662,-7.180033939554504,2.2199939375115574,0.8563472926405322,0.9779894513164906
804,49.03257703781128,-0.6429023756548664,0.5446767189839864,-7.111818218729013,2.221733221196868,0.859720922591096,0.9820851267569234
805,49.09943604469299,-0.6040422628153348,0.5098737441022404,-7.065126378014234,2.2234037021093758,0.8629701772707069,0.9848950946020933
806,49.166635036468506,-0.5907715447599291,0.49548416323777444,-7.049221388457593,2.2251394439426706,0.8662969656329127,0.9889936995197252
807,49.2328040599823,-0.5991281993551104,0.4998265736512809,-7.057939256385343,2.2268770221498,0.8696765930158473,0.9933512302743401
808,49.29957818984985,-0.6246313554701094,0.5175014068046171,-7.0922204583679855,2.2285270508450568,0.8729293552383872,0.9962251805646992
809,49.36664915084839,-0.634659277651607,0.5769212831054997,-7.123455295245038,2.23020426775657,0.8762159718225846,1.0004023487344884
810,49.43258619308472,-0.6575812795108924,0.6815336100713462,-7.173355155397684,2.2318203315640615,0.8795425269521444,1.004701689419285
811,49.4994261264801,-0.5907398290221851,0.702133162407516,-7.143371200547443,2.233352386333297,0.8828294414622065,1.007543681776563
