1.000000000e+00 0.000000000e+00 0.000000000e+00 0.000000000e+00 0.000000000e+00 1.000000000e+00 0.000000000e+00 0.000000000e+00 0.000000000e+00 0.000000000e+00 1.000000000e+00 0.000000000e+00
9.999968699e-01 -1.839096654e-03 -1.696466667e-03 2.450131085e-02 1.844878262e-03 9.999924746e-01 3.412783523e-03 -4.412619805e-02 1.690177462e-03 -3.415902615e-03 9.999927374e-01 1.528455804e+00
9.999936522e-01 -2.837774185e-03 -2.154670715e-03 -5.965116185e-02 2.845330833e-03 9.999897843e-01 3.512173369e-03 -3.341578441e-02 2.144681948e-03 -3.518281826e-03 9.999915110e-01 3.049815123e+00
9.999797654e-01 -3.035440640e-03 -5.590604008e-03 -7.394258570e-02 3.055524040e-03 9.999888974e-01 3.587317922e-03 -3.498140454e-02 5.579652847e-03 -3.604327559e-03 9.999779379e-01 4.563918451e+00
9.999812601e-01 -8.066261349e-04 -6.068674841e-03 -8.682843543e-02 8.261622821e-04 9.999944830e-01 3.217360577e-03 -5.222392457e-02 6.066046153e-03 -3.222313994e-03 9.999764096e-01 6.077060680e+00
9.999702855e-01 -6.084941991e-04 -7.684909047e-03 -1.010115866e-01 6.303668972e-04 9.999957569e-01 2.844086879e-03 -5.597917103e-02 7.683145828e-03 -2.848846681e-03 9.999664261e-01 7.613061699e+00
9.999824298e-01 3.495258846e-04 -5.917594546e-03 -2.239885403e-01 -3.289377801e-04 9.999938916e-01 3.479749881e-03 -7.099142485e-02 5.918774662e-03 -3.477742221e-03 9.999764364e-01 9.091916051e+00
9.999984808e-01 -4.926975525e-04 -1.672045238e-03 -3.422204952e-01 4.949457132e-04 9.999989738e-01 1.344409986e-03 -6.514789102e-02 1.671381134e-03 -1.345235515e-03 9.999976984e-01 1.058767109e+01
9.999976161e-01 -8.421419343e-04 -2.014594924e-03 -3.829233651e-01 8.423562373e-04 9.999996396e-01 1.055290955e-04 -6.115197617e-02 2.014505327e-03 -1.072258506e-04 9.999979651e-01 1.208217174e+01
9.999979559e-01 -3.863829536e-04 -1.984653497e-03 -3.919563375e-01 3.864135784e-04 9.999999252e-01 1.504740818e-05 -8.793084745e-02 1.984647534e-03 -1.581427448e-05 9.999980305e-01 1.357527245e+01
9.999945980e-01 1.133887626e-03 -3.085177627e-03 -4.040005462e-01 -1.132435989e-03 9.999992473e-01 4.722261014e-04 -1.126085211e-01 3.085710757e-03 -4.687297842e-04 9.999951293e-01 1.506393613e+01
9.999879559e-01 9.797586994e-04 -4.809172870e-03 -4.002443281e-01 -9.709840435e-04 9.999978604e-01 1.826562398e-03 -1.378060687e-01 4.810952170e-03 -1.821870769e-03 9.999867677e-01 1.654868181e+01
9.999916280e-01 1.456409329e-03 -3.823966044e-03 -4.378692201e-01 -1.444832008e-03 9.999943700e-01 3.028587788e-03 -1.610920744e-01 3.828355378e-03 -3.023037444e-03 9.999881024e-01 1.803101048e+01
9.999916280e-01 1.456409329e-03 -3.823966044e-03 -4.694353103e-01 -1.444832008e-03 9.999943700e-01 3.028587788e-03 -1.722052462e-01 3.828355378e-03 -3.023037444e-03 9.999881024e-01 1.950480885e+01
9.999903548e-01 1.895867335e-03 -3.961828571e-03 -4.837175452e-01 -1.884360627e-03 9.999940018e-01 2.906110545e-03 -1.802159623e-01 3.967314407e-03 -2.898617001e-03 9.999879291e-01 2.097844777e+01
9.999824547e-01 2.772232151e-03 -5.234978354e-03 -5.243362115e-01 -2.758516355e-03 9.999927488e-01 2.625434671e-03 -1.695991906e-01 5.242218708e-03 -2.610947834e-03 9.999828509e-01 2.244017063e+01
9.999790483e-01 4.095067279e-03 -5.013325576e-03 -5.607053711e-01 -4.082363667e-03 9.999884373e-01 2.541585320e-03 -1.603014535e-01 5.023675571e-03 -2.521065851e-03 9.999842033e-01 2.389712662e+01
9.999598322e-01 6.976942893e-03 -5.626383519e-03 -5.802611390e-01 -6.958678720e-03 9.999704767e-01 3.259234698e-03 -1.804146957e-01 5.648956904e-03 -3.219951586e-03 9.999788604e-01 2.534954298e+01
9.999695505e-01 5.801704263e-03 -5.219023021e-03 -5.713928644e-01 -5.787818589e-03 9.999796812e-01 2.671769572e-03 -2.324105666e-01 5.234417793e-03 -2.641481460e-03 9.999828116e-01 2.678996777e+01
9.999540265e-01 7.045890066e-03 -6.503871689e-03 -5.129609812e-01 -7.046245145e-03 9.999751744e-01 -3.168223129e-05 -2.578536613e-01 6.503486997e-03 7.750864906e-05 9.999788491e-01 2.822208190e+01
9.999705825e-01 5.878301105e-03 -4.927437463e-03 -5.506136195e-01 -5.885703188e-03 9.999815704e-01 -1.489065036e-03 -2.602417202e-01 4.918593480e-03 1.518022666e-03 9.999867514e-01 2.964753387e+01
9.999863085e-01 4.248854284e-03 -3.054510651e-03 -5.928647586e-01 -4.243998776e-03 9.999897232e-01 1.594347036e-03 -2.796774281e-01 3.061253409e-03 -1.581361867e-03 9.999940640e-01 3.106864686e+01
9.999939425e-01 3.477403583e-03 -1.505078960e-04 -6.581221652e-01 -3.477111788e-03 9.999921547e-01 1.897412722e-03 -2.777524387e-01 1.571047850e-04 -1.896877896e-03 9.999981886e-01 3.247881552e+01
9.999973246e-01 2.306638232e-03 -1.739842338e-04 -6.065223545e-01 -2.306569439e-03 9.999972620e-01 3.945686336e-04 -3.041780476e-01 1.748938845e-04 -3.941662712e-04 9.999999070e-01 3.387243856e+01
9.999932038e-01 3.549434002e-03 9.969486687e-04 -6.257052455e-01 -3.547712613e-03 9.999922222e-01 -1.723150488e-03 -2.984543768e-01 -1.003057124e-03 1.719601890e-03 9.999980184e-01 3.525680490e+01
9.999784696e-01 6.302657805e-03 1.826729277e-03 -6.315857899e-01 -6.296312235e-03 9.999741959e-01 -3.458913171e-03 -3.007151382e-01 -1.848482486e-03 3.447337041e-03 9.999923495e-01 3.662502222e+01
9.999585816e-01 7.639291495e-03 4.947353612e-03 -6.604916132e-01 -7.617042301e-03 9.999608622e-01 -4.500526231e-03 -3.227782144e-01 -4.981540816e-03 4.462655625e-03 9.999776342e-01 3.798125245e+01
9.998981937e-01 1.067794952e-02 9.464862943e-03 -7.092166589e-01 -1.063500681e-02 9.999329769e-01 -4.575845233e-03 -3.253792179e-01 -9.513089223e-03 4.474720501e-03 9.999447375e-01 3.931501575e+01
9.998736759e-01 1.075850071e-02 1.169987169e-02 -7.600016110e-01 -1.073123779e-02 9.999395612e-01 -2.390479349e-03 -3.617722105e-01 -1.172488254e-02 2.264623268e-03 9.999286968e-01 4.063773862e+01
9.998566826e-01 1.142065750e-02 1.249731464e-02 -7.138013942e-01 -1.139707736e-02 9.999331373e-01 -1.956414605e-03 -4.004418644e-01 -1.251882258e-02 1.813701355e-03 9.999199916e-01 4.193982571e+01
9.998115370e-01 1.174707088e-02 1.545628609e-02 -7.001737594e-01 -1.171706003e-02 9.999292907e-01 -2.030788980e-03 -4.081210593e-01 -1.547904901e-02 1.849304020e-03 9.998784822e-01 4.322232467e+01
9.997773270e-01 1.013848537e-02 1.850695859e-02 -6.848787099e-01 -1.011253108e-02 9.999477488e-01 -1.495455650e-03 -4.518668803e-01 -1.852115324e-02 1.307970459e-03 9.998276132e-01 4.448499412e+01
9.997632513e-01 8.435206843e-03 2.005713619e-02 -6.072294712e-01 -8.373948430e-03 9.999600197e-01 -3.136225064e-03 -4.880444414e-01 -2.008278901e-02 2.967525143e-03 9.997939165e-01 4.572341424e+01
9.997087723e-01 6.597434271e-03 2.321302118e-02 -5.925975247e-01 -6.474243938e-03 9.999645794e-01 -5.378107658e-03 -4.862787918e-01 -2.324768067e-02 5.226254642e-03 9.997160755e-01 4.695680481e+01
9.996361373e-01 5.800989999e-03 2.634277094e-02 -4.905032472e-01 -5.681489559e-03 9.999732388e-01 -4.608948728e-03 -5.361053622e-01 -2.636880244e-02 4.457605525e-03 9.996423440e-01 4.817183063e+01
9.994704817e-01 7.999334704e-03 3.153992378e-02 -4.417538225e-01 -7.850223114e-03 9.999574311e-01 -4.848708722e-03 -5.469384930e-01 -3.157736760e-02 4.598545803e-03 9.994907319e-01 4.938054940e+01
9.991330144e-01 1.135108578e-02 4.005461701e-02 -4.349859406e-01 -1.110449610e-02 9.999180312e-01 -6.373464389e-03 -5.664213174e-01 -4.012367953e-02 5.923152348e-03 9.991771648e-01 5.057857154e+01
9.988600247e-01 1.269287337e-02 4.601675738e-02 -3.441992323e-01 -1.238532227e-02 9.998990590e-01 -6.962438215e-03 -6.073066930e-01 -4.610048575e-02 6.384568838e-03 9.989164042e-01 5.176027310e+01
9.984449959e-01 1.453574393e-02 5.381730561e-02 -2.598328884e-01 -1.424287148e-02 9.998816182e-01 -5.821536294e-03 -6.500189315e-01 -5.389555498e-02 5.045970814e-03 9.985338288e-01 5.293439570e+01
9.975380084e-01 1.657651247e-02 6.814059733e-02 -3.134460356e-01 -1.624929590e-02 9.998536391e-01 -5.353578669e-03 -6.820467386e-01 -6.821936787e-02 4.233161475e-03 9.976613645e-01 5.409754489e+01
9.964581358e-01 1.990015982e-02 8.170169623e-02 -2.440218633e-01 -1.951136238e-02 9.997942062e-01 -5.554458814e-03 -7.134065535e-01 -8.179541715e-02 3.940674273e-03 9.966413501e-01 5.524423903e+01
9.951026704e-01 2.183463591e-02 9.640500013e-02 -1.452604875e-01 -2.148703552e-02 9.997583484e-01 -4.642426235e-03 -7.271220132e-01 -9.648306939e-02 2.548233081e-03 9.953313638e-01 5.637293373e+01
9.930872127e-01 2.575941093e-02 1.145174252e-01 -6.569972309e-02 -2.547031564e-02 9.996676274e-01 -3.987204939e-03 -7.461051966e-01 -1.145820708e-01 1.042847275e-03 9.934132380e-01 5.749185810e+01
9.908234155e-01 2.632262083e-02 1.325748049e-01 5.610756716e-02 -2.614563408e-02 9.996534122e-01 -3.075933440e-03 -7.559513716e-01 -1.326098228e-01 -4.185454611e-04 9.911682298e-01 5.859939193e+01
9.882027267e-01 2.645877402e-02 1.508486135e-01 2.287413904e-01 -2.623981170e-02 9.996497504e-01 -3.442215134e-03 -7.916386639e-01 -1.508868556e-01 -5.566328307e-04 9.885508823e-01 5.968401002e+01
9.852022976e-01 2.589044685e-02 1.694287981e-01 4.280546480e-01 -2.545470082e-02 9.996647211e-01 -4.743801560e-03 -8.094860895e-01 -1.694948113e-01 3.608448316e-04 9.855310136e-01 6.075117859e+01
9.815743576e-01 2.216019534e-02 1.897912174e-01 6.291220101e-01 -2.129592265e-02 9.997514819e-01 -6.592278374e-03 -7.921255643e-01 -1.898901371e-01 2.429032325e-03 9.818023404e-01 6.180695436e+01
9.770644305e-01 1.815813190e-02 2.121682846e-01 8.522364112e-01 -1.757193494e-02 9.998347966e-01 -4.648289020e-03 -8.126932294e-01 -2.122176379e-01 8.134705704e-04 9.772220896e-01 6.284692167e+01
9.720733262e-01 1.427013430e-02 2.342430613e-01 1.090852382e+00 -1.375294277e-02 9.998980451e-01 -3.841354222e-03 -8.059712908e-01 -2.342739957e-01 5.125465601e-04 9.721704749e-01 6.387184415e+01
9.661869949e-01 9.956418029e-03 2.576500740e-01 1.367787251e+00 -8.952198550e-03 9.999470731e-01 -5.070416753e-03 -8.160669599e-01 -2.576869205e-01 2.592436107e-03 9.662249895e-01 6.487399103e+01
9.598562775e-01 3.296431020e-03 2.804729222e-01 1.746210695e+00 -9.740626996e-04 9.999640836e-01 -8.419181462e-03 -8.118153253e-01 -2.804906019e-01 7.808005966e-03 9.598250139e-01 6.582519001e+01
9.521249216e-01 2.593763018e-04 3.057091207e-01 2.069865965e+00 2.292168987e-03 9.999654737e-01 -7.987326510e-03 -8.488630579e-01 -3.057006374e-01 8.305669593e-03 9.520914537e-01 6.678650490e+01
9.439262556e-01 -3.220442904e-03 3.301406561e-01 2.456657929e+00 5.072605181e-03 9.999758581e-01 -4.748885149e-03 -9.172413026e-01 -3.301173924e-01 6.157270579e-03 9.439198034e-01 6.771083706e+01
9.334845177e-01 -6.582793751e-03 3.585572786e-01 2.787697654e+00 7.995257811e-03 9.999650195e-01 -2.456750853e-03 -9.330434546e-01 -3.585285638e-01 5.160096767e-03 9.335044951e-01 6.865345315e+01
9.229012634e-01 -1.057913949e-02 3.848913350e-01 3.249998545e+00 1.248962083e-02 9.999189655e-01 -2.464084142e-03 -9.744868736e-01 -3.848340777e-01 7.081253204e-03 9.229586061e-01 6.952198800e+01
9.096325301e-01 -8.157547390e-03 4.153337389e-01 3.634911655e+00 1.170033746e-02 9.999136316e-01 -5.985944558e-03 -9.855063027e-01 -4.152490366e-01 1.030455480e-02 9.096494126e-01 7.041072995e+01
8.940112915e-01 -8.798387846e-03 4.479580326e-01 3.923221841e+00 1.556180175e-02 9.998136897e-01 -1.141999361e-02 -1.002993200e+00 -4.477740959e-01 1.718063733e-02 8.939816468e-01 7.132592595e+01
8.802890242e-01 -1.014979396e-02 4.743292270e-01 4.447464172e+00 1.976055765e-02 9.996879522e-01 -1.528131699e-02 -9.805832265e-01 -4.740261114e-01 2.282498566e-02 8.802148975e-01 7.212559402e+01
8.627333926e-01 -1.047063744e-02 5.055506494e-01 4.852343376e+00 1.916682449e-02 9.997442530e-01 -1.200255587e-02 -1.021221076e+00 -5.052956819e-01 2.004480632e-02 8.627134400e-01 7.298954361e+01
8.445122781e-01 -9.960113666e-03 5.354435621e-01 5.366943129e+00 1.582334645e-02 9.998545883e-01 -6.357990372e-03 -1.032573999e+00 -5.353023760e-01 1.384190992e-02 8.445470785e-01 7.379378387e+01
8.244778145e-01 -9.028466972e-03 5.658222514e-01 5.881620793e+00 1.317287291e-02 9.999079856e-01 -3.239719260e-03 -1.052454057e+00 -5.657409379e-01 1.012458126e-02 8.245208815e-01 7.458318277e+01
8.020788241e-01 -3.309417924e-03 5.972090151e-01 6.420555769e+00 1.065731055e-02 9.999047296e-01 -8.772306418e-03 -1.048186332e+00 -5.971230876e-01 1.340072315e-02 8.020376792e-01 7.534169617e+01
7.796020436e-01 3.898154736e-03 6.262630901e-01 6.976240675e+00 8.632741462e-03 9.998187346e-01 -1.696978664e-02 -1.065855303e+00 -6.262157211e-01 1.863604769e-02 7.794270770e-01 7.607928180e+01
7.527923954e-01 5.723294206e-03 6.582331299e-01 7.439674578e+00 7.921413755e-03 9.998110292e-01 -1.775266570e-02 -1.116993343e+00 -6.582103468e-01 1.857820871e-02 7.526048031e-01 7.686914443e+01
7.316747507e-01 2.086235886e-03 6.816507221e-01 8.149367839e+00 1.052019346e-02 9.998416558e-01 -1.435231439e-02 -1.140733136e+00 -6.815727289e-01 1.767232352e-02 7.315369466e-01 7.745723486e+01
7.082088947e-01 1.594569241e-03 7.060011465e-01 8.827334822e+00 1.131607893e-02 9.998433489e-01 -1.360970481e-02 -1.174910895e+00 -7.059122523e-01 1.762767870e-02 7.080799087e-01 7.806687709e+01
6.836858834e-01 4.089198868e-03 7.297649561e-01 9.508693304e+00 1.200497037e-02 9.997859697e-01 -1.684919552e-02 -1.189077257e+00 -7.296776641e-01 2.028036380e-02 6.834904633e-01 7.865181059e+01
6.532517451e-01 5.671098240e-03 7.571195389e-01 1.006581477e+01 9.200153776e-03 9.998386670e-01 -1.542715412e-02 -1.325160554e+00 -7.570848794e-01 1.704343154e-02 6.530941791e-01 7.934523835e+01
6.298762797e-01 6.979486197e-03 7.766641224e-01 1.084244118e+01 1.018287255e-02 9.997994735e-01 -1.724302194e-02 -1.322730356e+00 -7.766287282e-01 1.876964228e-02 6.296789016e-01 7.979430495e+01
6.041498377e-01 7.878471528e-03 7.968317911e-01 1.160514142e+01 1.278985427e-02 9.997264513e-01 -1.958167952e-02 -1.317789493e+00 -7.967680925e-01 2.202163099e-02 6.038838088e-01 8.027787087e+01
5.771201718e-01 1.374017173e-02 8.165436394e-01 1.236235802e+01 1.275432053e-02 9.995848590e-01 -2.583480203e-02 -1.346125354e+00 -8.165596332e-01 2.532424469e-02 5.767053390e-01 8.076560938e+01
5.466382693e-01 2.336487308e-02 8.370428216e-01 1.311316176e+01 1.128137591e-02 9.993144309e-01 -3.526185984e-02 -1.376355988e+00 -8.372928598e-01 2.871847676e-02 5.459999231e-01 8.126986351e+01
5.174080555e-01 3.150195143e-02 8.551587754e-01 1.392802655e+01 1.056040358e-02 9.990110352e-01 -4.319061682e-02 -1.424872608e+00 -8.556736422e-01 3.137799486e-02 5.165636838e-01 8.169242756e+01
4.865767687e-01 3.520817746e-02 8.729280798e-01 1.474234473e+01 1.097444626e-02 9.988624319e-01 -4.640478098e-02 -1.456718097e+00 -8.735688924e-01 3.215939068e-02 4.856368642e-01 8.213467127e+01
4.516004643e-01 3.546276833e-02 8.915152341e-01 1.552421441e+01 1.197859717e-02 9.988787490e-01 -4.580128768e-02 -1.446422904e+00 -8.921398623e-01 3.136298464e-02 4.506693126e-01 8.263442019e+01
4.165359607e-01 3.614829902e-02 9.084002939e-01 1.634510649e+01 1.129865858e-02 9.989261742e-01 -4.493149102e-02 -1.417136134e+00 -9.090490271e-01 2.897928655e-02 4.156802464e-01 8.308498323e+01
3.854631682e-01 3.690770624e-02 9.219847977e-01 1.722260490e+01 9.524093498e-03 9.989873645e-01 -4.397200425e-02 -1.438117557e+00 -9.226740690e-01 2.573065749e-02 3.847213221e-01 8.338929540e+01
3.517339489e-01 3.860421802e-02 9.353036638e-01 1.811560285e+01 4.514932585e-03 9.990677110e-01 -4.293395221e-02 -1.497519044e+00 -9.360891221e-01 1.932416154e-02 3.512317358e-01 8.367595916e+01
3.020346126e-01 4.243017358e-02 9.523522317e-01 1.887608124e+01 -1.590831990e-03 9.990300317e-01 -4.400528495e-02 -1.529089391e+00 -9.532956320e-01 1.177608680e-02 3.018091478e-01 8.422794191e+01
2.641859715e-01 4.054027329e-02 9.636193536e-01 1.977697674e+01 -3.895694914e-03 9.991528991e-01 -4.096715522e-02 -1.588149335e+00 -9.644638905e-01 7.068980688e-03 2.641201119e-01 8.451262568e+01
2.297935372e-01 3.948052544e-02 9.724382851e-01 2.071929814e+01 -1.495739306e-03 9.991900034e-01 -4.021317930e-02 -1.606381395e+00 -9.732382509e-01 7.786214549e-03 2.296664578e-01 8.463954688e+01
1.938619717e-01 3.972227910e-02 9.802242991e-01 2.166405616e+01 -5.715867619e-06 9.991799720e-01 -4.048930196e-02 -1.637749952e+00 -9.810288150e-01 7.843733078e-03 1.937032265e-01 8.480281239e+01
1.587121934e-01 3.884360038e-02 9.865604971e-01 2.261182572e+01 2.496377839e-03 9.992068115e-01 -3.974312351e-02 -1.671271557e+00 -9.873217347e-01 8.770546068e-03 1.584893365e-01 8.495725042e+01
1.250151100e-01 3.938774509e-02 9.913726987e-01 2.357157807e+01 1.121660214e-02 9.990917117e-01 -4.110887304e-02 -1.703786856e+00 -9.920914323e-01 1.625906342e-02 1.244597635e-01 8.504811962e+01
9.118197082e-02 4.181882685e-02 9.949557950e-01 2.452638490e+01 1.302259235e-02 9.989823667e-01 -4.318151266e-02 -1.765913458e+00 -9.957490950e-01 1.689427915e-02 9.054459148e-02 8.513962505e+01
5.495547268e-02 4.619944750e-02 9.974194239e-01 2.547521121e+01 1.352155105e-02 9.988029661e-01 -4.700853753e-02 -1.827194619e+00 -9.983972474e-01 1.607003406e-02 5.426500093e-02 8.529613193e+01
2.339248729e-02 4.973610640e-02 9.984884132e-01 2.642897147e+01 2.113698982e-02 9.985138540e-01 -5.023256894e-02 -1.905167915e+00 -9.995028860e-01 2.228010416e-02 2.230645106e-02 8.542613035e+01
-3.952963340e-03 4.759720743e-02 9.988587888e-01 2.739850873e+01 2.296450113e-02 9.986074896e-01 -4.749435108e-02 -1.961571273e+00 -9.997284660e-01 2.275055036e-02 -5.040504922e-03 8.546359480e+01
-2.504240371e-02 4.574913986e-02 9.986390210e-01 2.837950123e+01 2.529470411e-02 9.986614725e-01 -4.511586493e-02 -1.996147533e+00 -9.993663272e-01 2.413046884e-02 -2.616609472e-02 8.542164511e+01
-4.133724353e-02 4.260706231e-02 9.982363801e-01 2.935874072e+01 2.714210840e-02 9.987695279e-01 -4.150585612e-02 -2.046435099e+00 -9.987765207e-01 2.537850236e-02 -4.244282471e-02 8.533841086e+01
-5.526813597e-02 4.607542525e-02 9.974078846e-01 3.033429477e+01 3.033580482e-02 9.985510397e-01 -4.444727286e-02 -2.100240732e+00 -9.980106072e-01 2.780065300e-02 -5.658578974e-02 8.524838787e+01
-7.169737498e-02 5.039758501e-02 9.961523828e-01 3.131520952e+01 3.108906774e-02 9.983503213e-01 -4.827116962e-02 -2.154664138e+00 -9.969418019e-01 2.750853276e-02 -7.314591128e-02 8.518379960e+01
-8.154756993e-02 5.475406873e-02 9.951643009e-01 3.229643863e+01 3.739328367e-02 9.979549078e-01 -5.184345956e-02 -2.223432027e+00 -9.959677385e-01 3.298475286e-02 -8.342823206e-02 8.507783653e+01
-8.952552378e-02 5.870249046e-02 9.942530856e-01 3.328479928e+01 4.287613283e-02 9.975633012e-01 -5.503723621e-02 -2.274946262e+00 -9.950612131e-01 3.770248997e-02 -9.182431282e-02 8.497990801e+01
-9.563053500e-02 6.374151689e-02 9.933739577e-01 3.427367839e+01 4.521893176e-02 9.971956096e-01 -5.963358482e-02 -2.335590530e+00 -9.943892844e-01 3.921651758e-02 -9.824467295e-02 8.488727388e+01
-9.832322487e-02 6.829291061e-02 9.928084517e-01 3.525978187e+01 4.774458982e-02 9.968173726e-01 -6.384026805e-02 -2.395459026e+00 -9.940085501e-01 4.112425127e-02 -1.012709157e-01 8.475879647e+01
-1.004467527e-01 7.274316710e-02 9.922796388e-01 3.624869042e+01 4.877703223e-02 9.964844759e-01 -6.811380543e-02 -2.460598279e+00 -9.937460697e-01 4.155864536e-02 -1.036418255e-01 8.459781994e+01
-1.034119059e-01 7.476680547e-02 9.918245321e-01 3.724557306e+01 4.858249973e-02 9.963602145e-01 -7.004329818e-02 -2.536150356e+00 -9.934514173e-01 4.094200411e-02 -1.066678670e-01 8.448146763e+01
-1.063012925e-01 7.808577959e-02 9.912631569e-01 3.824853424e+01 5.171393704e-02 9.959966721e-01 -7.291294725e-02 -2.606183584e+00 -9.929882698e-01 4.351137995e-02 -1.099138566e-01 8.440197574e+01
-1.051223192e-01 8.298333303e-02 9.909909507e-01 3.923831275e+01 5.323841325e-02 9.955529100e-01 -7.771791776e-02 -2.658440821e+00 -9.930332166e-01 4.458889800e-02 -1.090727318e-01 8.420701857e+01
-1.058614477e-01 8.406992830e-02 9.908206705e-01 4.023949423e+01 5.747851428e-02 9.952709821e-01 -7.830640164e-02 -2.750232456e+00 -9.927182754e-01 4.866127101e-02 -1.101930416e-01 8.405065806e+01
-1.098125822e-01 8.399344484e-02 9.903970406e-01 4.126013322e+01 5.670071545e-02 9.953298545e-01 -7.812496210e-02 -2.833446865e+00 -9.923337270e-01 4.757711695e-02 -1.140622299e-01 8.398579344e+01
-1.123735408e-01 8.574135739e-02 9.899599017e-01 4.227667787e+01 5.590185114e-02 9.952379106e-01 -7.985289131e-02 -2.860035656e+00 -9.920923195e-01 4.636723892e-02 -1.166315086e-01 8.384323064e+01
-1.160836316e-01 8.786486693e-02 9.893454178e-01 4.330156145e+01 5.506342362e-02 9.951169194e-01 -8.191664112e-02 -2.919429361e+00 -9.917119591e-01 4.496756466e-02 -1.203549263e-01 8.381501693e+01
-1.192456863e-01 9.006316821e-02 9.887715065e-01 4.432143420e+01 5.294904209e-02 9.950370025e-01 -8.424822066e-02 -3.010302217e+00 -9.914518976e-01 4.230826722e-02 -1.234226287e-01 8.369956800e+01
-1.201806633e-01 9.350504532e-02 9.883387145e-01 4.534096699e+01 5.144659660e-02 9.948033597e-01 -8.786081720e-02 -3.061740664e+00 -9.914181035e-01 4.028749187e-02 -1.243666440e-01 8.351109478e+01
-1.242263790e-01 9.772677197e-02 9.874296354e-01 4.637897668e+01 5.168911316e-02 9.944242848e-01 -9.191614339e-02 -3.152732366e+00 -9.909066769e-01 3.962095249e-02 -1.285851383e-01 8.347874264e+01
-1.266767041e-01 1.028265808e-01 9.866000745e-01 4.741385949e+01 4.588176201e-02 9.941554665e-01 -9.772293707e-02 -3.222550660e+00 -9.908823727e-01 3.288773024e-02 -1.306542025e-01 8.335497807e+01
-1.309734414e-01 1.067019721e-01 9.856270323e-01 4.846159675e+01 4.333987899e-02 9.938569001e-01 -1.018337716e-01 -3.286608480e+00 -9.904380912e-01 2.937943679e-02 -1.347933091e-01 8.330008709e+01
-1.356445791e-01 1.049940163e-01 9.851785649e-01 4.950795473e+01 4.064210303e-02 9.941216412e-01 -1.003512931e-01 -3.395061831e+00 -9.899236171e-01 2.642761983e-02 -1.391143892e-01 8.322231012e+01
-1.409578140e-01 1.015986848e-01 9.847886077e-01 5.056671707e+01 3.826323271e-02 9.945361593e-01 -9.712750880e-02 -3.507640799e+00 -9.892759068e-01 2.399031434e-02 -1.440751371e-01 8.315089312e+01
-1.432113040e-01 1.008587614e-01 9.845395028e-01 5.161614365e+01 3.875147502e-02 9.946022910e-01 -9.625282241e-02 -3.607962500e+00 -9.889331856e-01 2.436786574e-02 -1.463467169e-01 8.299447124e+01
-1.479117591e-01 1.029644926e-01 9.836261611e-01 5.268175607e+01 3.844136092e-02 9.944127954e-01 -9.831304149e-02 -3.670325518e+00 -9.882531929e-01 2.327027335e-02 -1.510434411e-01 8.295619125e+01
-1.478058137e-01 1.063807590e-01 9.832784832e-01 5.372687892e+01 3.863024951e-02 9.940606589e-01 -1.017404059e-01 -3.735941172e+00 -9.882616785e-01 2.294646967e-02 -1.510374598e-01 8.274538775e+01
-1.479672120e-01 1.086355787e-01 9.830076374e-01 5.477807289e+01 3.894235724e-02 9.938179168e-01 -1.039684622e-01 -3.834121741e+00 -9.882252764e-01 2.289671110e-02 -1.512829919e-01 8.256383817e+01
-1.482981882e-01 1.081113478e-01 9.830155563e-01 5.583874862e+01 3.881014975e-02 9.938770891e-01 -1.034509740e-01 -3.999245929e+00 -9.881808638e-01 2.280938893e-02 -1.515859892e-01 8.243302236e+01
-1.498354975e-01 1.088062977e-01 9.827057104e-01 5.691190541e+01 3.061573190e-02 9.939601681e-01 -1.053843500e-01 -4.065834896e+00 -9.882368141e-01 1.429593807e-02 -1.522617007e-01 8.228694761e+01
-1.487861524e-01 1.084539218e-01 9.829040786e-01 5.797085206e+01 2.582361298e-02 9.940546944e-01 -1.057752596e-01 -4.160844510e+00 -9.885321552e-01 9.644240621e-03 -1.507022454e-01 8.206134526e+01
-1.475529400e-01 1.110921340e-01 9.827953336e-01 5.904095810e+01 2.210184128e-02 9.937941314e-01 -1.090171224e-01 -4.258106736e+00 -9.888071796e-01 5.635789559e-03 -1.490925866e-01 8.189168865e+01
-1.498761574e-01 1.105300703e-01 9.825071201e-01 6.012118548e+01 1.825005994e-02 9.938715075e-01 -1.090245928e-01 -4.420672168e+00 -9.885363285e-01 1.590626801e-03 -1.509748229e-01 8.182154490e+01
-1.483201265e-01 1.097635150e-01 9.828291361e-01 6.120113880e+01 1.440878630e-02 9.939557577e-01 -1.088316990e-01 -4.542473672e+00 -9.888344285e-01 -1.980556368e-03 -1.490052027e-01 8.163693499e+01
-1.481468620e-01 1.039829714e-01 9.834836292e-01 6.229942967e+01 1.503500924e-02 9.945789729e-01 -1.028912779e-01 -4.675188921e+00 -9.888510787e-01 -4.563344917e-04 -1.489071388e-01 8.147047057e+01
-1.477728506e-01 9.670689907e-02 9.842819516e-01 6.339382960e+01 1.491394564e-02 9.953127461e-01 -9.555161797e-02 -4.758158138e+00 -9.889088729e-01 5.595925482e-04 -1.485224832e-01 8.127550238e+01
-1.485714252e-01 9.150189700e-02 9.846592987e-01 6.449862746e+01 2.035799203e-02 9.957819979e-01 -8.946376278e-02 -4.873104197e+00 -9.886921077e-01 6.753927422e-03 -1.498075455e-01 8.111903542e+01
-1.477845621e-01 9.407655177e-02 9.845350809e-01 6.559336258e+01 2.642347488e-02 9.954859457e-01 -9.115663340e-02 -4.962298632e+00 -9.886665379e-01 1.254329483e-02 -1.496032840e-01 8.093345725e+01
-1.479188605e-01 1.001650634e-01 9.839141074e-01 6.669306926e+01 2.884219680e-02 9.948717936e-01 -9.694453068e-02 -5.044446579e+00 -9.885788478e-01 1.403831982e-02 -1.500492825e-01 8.076183568e+01
-1.446868426e-01 1.068399711e-01 9.836925018e-01 6.778275054e+01 3.353800373e-02 9.941117819e-01 -1.030386691e-01 -5.127263159e+00 -9.889089543e-01 1.808274310e-02 -1.474180943e-01 8.051399798e+01
-1.428636449e-01 1.105041988e-01 9.835541678e-01 6.888706211e+01 3.498273117e-02 9.936905005e-01 -1.065617081e-01 -5.253350806e+00 -9.891239495e-01 1.918361701e-02 -1.458279855e-01 8.033969269e+01
-1.431182695e-01 1.082391573e-01 9.837690002e-01 7.000707091e+01 3.071926585e-02 9.940085517e-01 -1.048967387e-01 -5.363378717e+00 -9.892287337e-01 1.520802172e-02 -1.455858112e-01 8.018571701e+01
-1.410728522e-01 1.027162073e-01 9.846561995e-01 7.112661746e+01 3.034153176e-02 9.945843725e-01 -9.940481578e-02 -5.506609239e+00 -9.895341539e-01 1.585265646e-02 -1.434254213e-01 8.000115266e+01
-1.391284542e-01 1.003363682e-01 9.851780988e-01 7.225258186e+01 2.850154095e-02 9.948472902e-01 -9.729610185e-02 -5.629069521e+00 -9.898640995e-01 1.454243767e-02 -1.412713068e-01 7.981946363e+01
-1.389220337e-01 1.019454735e-01 9.850420240e-01 7.337666113e+01 2.608483075e-02 9.947187605e-01 -9.926816818e-02 -5.717625041e+00 -9.899597215e-01 1.190411867e-02 -1.408475836e-01 7.963341384e+01
-1.400951435e-01 1.087043723e-01 9.841527880e-01 7.450627743e+01 1.806244248e-02 9.940703068e-01 -1.072286026e-01 -5.759783593e+00 -9.899732819e-01 2.753996655e-03 -1.412278888e-01 7.943671046e+01
-1.422151230e-01 1.121956935e-01 9.834566514e-01 7.564478173e+01 1.398744906e-02 9.936839576e-01 -1.113397666e-01 -5.865069475e+00 -9.897369398e-01 -2.078148778e-03 -1.428862178e-01 7.931113404e+01
-1.399667919e-01 1.117670461e-01 9.838279446e-01 7.678090038e+01 1.768830765e-02 9.937325153e-01 -1.103757754e-01 -6.005303444e+00 -9.899981924e-01 1.953308176e-03 -1.410665221e-01 7.911093761e+01
-1.392198975e-01 1.051675310e-01 9.846611654e-01 7.793517091e+01 2.004173040e-02 9.944401709e-01 -1.033783127e-01 -6.138412365e+00 -9.900586595e-01 5.341995509e-03 -1.405535980e-01 7.894496559e+01
-1.400042972e-01 1.051151318e-01 9.845555372e-01 7.908727661e+01 1.810992977e-02 9.944544963e-01 -1.035967435e-01 -6.243026031e+00 -9.899852662e-01 3.326242371e-03 -1.411315305e-01 7.877738840e+01
-1.415984550e-01 1.076594630e-01 9.840524974e-01 8.024132544e+01 1.397806117e-02 9.941868971e-01 -1.067568609e-01 -6.379407492e+00 -9.898254853e-01 -1.361460562e-03 -1.422801992e-01 7.866149032e+01
-1.408646384e-01 1.111260819e-01 9.837724064e-01 8.139105176e+01 1.263475951e-02 9.938013911e-01 -1.104497984e-01 -6.503649186e+00 -9.899482393e-01 -3.128743148e-03 -1.413955249e-01 7.847235826e+01
-1.392015332e-01 1.095749761e-01 9.841830408e-01 8.255650454e+01 1.263240884e-02 9.939748022e-01 -1.088784404e-01 -6.654279126e+00 -9.901834958e-01 -2.723443282e-03 -1.397470123e-01 7.831327029e+01
-1.408921728e-01 1.049372817e-01 9.844478465e-01 8.371115630e+01 1.226127059e-02 9.944753969e-01 -1.042513609e-01 -6.802176167e+00 -9.899490173e-01 -2.617619332e-03 -1.414004638e-01 7.817765669e+01
-1.383139573e-01 1.051632688e-01 9.847892851e-01 8.485914791e+01 1.314385670e-02 9.944538550e-01 -1.043492662e-01 -6.908424941e+00 -9.903012109e-01 -1.489030703e-03 -1.389290990e-01 7.795571664e+01
-1.385457554e-01 1.057534994e-01 9.846934909e-01 8.602392052e+01 1.662368784e-02 9.943905659e-01 -1.044559974e-01 -7.040414532e+00 -9.902165049e-01 1.897302141e-03 -1.395266053e-01 7.781050900e+01
-1.389748556e-01 1.072824542e-01 9.844676046e-01 8.719715140e+01 1.860254854e-02 9.942219880e-01 -1.057193633e-01 -7.157390625e+00 -9.901211717e-01 3.621273141e-03 -1.401675843e-01 7.768870361e+01
-1.400198021e-01 1.051302153e-01 9.845517218e-01 8.838065340e+01 1.832296404e-02 9.944521765e-01 -1.035815503e-01 -7.305566928e+00 -9.899791533e-01 3.536437625e-03 -1.411692941e-01 7.757419890e+01
-1.391785200e-01 1.046540002e-01 9.847217271e-01 8.955620474e+01 2.181758782e-02 9.944826043e-01 -1.026077117e-01 -7.452987210e+00 -9.900269352e-01 7.203463289e-03 -1.406939149e-01 7.739813031e+01
-1.384546660e-01 1.032032312e-01 9.849768518e-01 9.076023176e+01 2.090690388e-02 9.946385879e-01 -1.012767534e-01 -7.577065814e+00 -9.901480732e-01 6.570577293e-03 -1.398700135e-01 7.724543844e+01
-1.382601892e-01 1.032963743e-01 9.849944056e-01 9.196908357e+01 1.636785424e-02 9.946485742e-01 -1.020113091e-01 -7.684984986e+00 -9.902606795e-01 2.018141965e-03 -1.392110400e-01 7.708544536e+01
-1.381704328e-01 1.034654702e-01 9.849892527e-01 9.317977050e+01 1.827529469e-02 9.946253236e-01 -1.019140779e-01 -7.805234961e+00 -9.902398422e-01 3.919456605e-03 -1.393186734e-01 7.694800240e+01
-1.380379618e-01 1.044890270e-01 9.848997738e-01 9.440051558e+01 1.502165834e-02 9.945259030e-01 -1.034049225e-01 -7.928010283e+00 -9.903130166e-01 5.210231579e-04 -1.388519271e-01 7.684154666e+01
-1.359901543e-01 1.076907421e-01 9.848397748e-01 9.561430883e+01 1.540552622e-02 9.941842109e-01 -1.065852926e-01 -8.050327621e+00 -9.905904036e-01 6.774245846e-04 -1.368582968e-01 7.666884879e+01
-1.351657747e-01 1.052283608e-01 9.852193692e-01 9.683409171e+01 1.401867593e-02 9.944480433e-01 -1.042907758e-01 -8.196896822e+00 -9.907238213e-01 -2.850724488e-04 -1.358905025e-01 7.650943320e+01
-1.396866971e-01 1.060508049e-01 9.845003065e-01 9.807052427e+01 1.074579202e-02 9.943519692e-01 -1.055873541e-01 -8.282527106e+00 -9.901374423e-01 -4.169913215e-03 -1.400373422e-01 7.651003128e+01
-1.422865661e-01 1.079847491e-01 9.839175916e-01 9.930348485e+01 8.788705071e-03 9.941300000e-01 -1.078346041e-01 -8.392995148e+00 -9.897864880e-01 -6.696053994e-03 -1.424003900e-01 7.641972745e+01
-1.445914489e-01 1.093959283e-01 9.834255660e-01 1.005423637e+02 5.483710566e-03 9.939430332e-01 -1.097596269e-01 -8.491169180e+00 -9.894762462e-01 -1.047748231e-02 -1.443155589e-01 7.629116894e+01
-1.449718843e-01 1.063014336e-01 9.837088787e-01 1.017782924e+02 3.763551349e-03 9.942640093e-01 -1.068873960e-01 -8.626108265e+00 -9.894286171e-01 -1.179342834e-02 -1.445403979e-01 7.612281660e+01
-1.472120803e-01 1.046341120e-01 9.835549329e-01 1.030189127e+02 1.026499085e-03 9.944044748e-01 -1.056346856e-01 -8.772718752e+00 -9.891044180e-01 -1.454108358e-02 -1.464957582e-01 7.597546338e+01
-1.454194551e-01 1.020577814e-01 9.840921661e-01 1.042333742e+02 -1.261993941e-03 9.946454225e-01 -1.033387188e-01 -8.940832184e+00 -9.893692887e-01 -1.626937852e-02 -1.445119991e-01 7.570015431e+01
-1.493330363e-01 1.028019601e-01 9.834283915e-01 1.054769111e+02 -1.607699678e-03 9.945541098e-01 -1.042091071e-01 -9.077867423e+00 -9.887856489e-01 -1.714291989e-02 -1.483545103e-01 7.555904202e+01
-1.512351373e-01 1.005328788e-01 9.833722965e-01 1.067119887e+02 -1.640520423e-03 9.947879428e-01 -1.019522315e-01 -9.232148161e+00 -9.884964552e-01 -1.703200207e-02 -1.502819649e-01 7.536795932e+01
-1.548705399e-01 9.507450763e-02 9.833493549e-01 1.079516676e+02 -5.527617772e-03 9.952596118e-01 -9.709660379e-02 -9.375847165e+00 -9.879193091e-01 -2.047298283e-02 -1.536108579e-01 7.519407723e+01
-1.574394906e-01 9.452097796e-02 9.829947057e-01 1.091788447e+02 -5.904865801e-03 9.953009108e-01 -9.665003683e-02 -9.507456669e+00 -9.875109819e-01 -2.102098438e-02 -1.561415347e-01 7.498402343e+01
-1.640504179e-01 9.899021695e-02 9.814725658e-01 1.103957000e+02 -1.082549519e-02 9.947116473e-01 -1.021349473e-01 -9.650209714e+00 -9.863925532e-01 -2.738020733e-02 -1.621112433e-01 7.480426945e+01
-1.706895025e-01 1.023179873e-01 9.799980220e-01 1.116217120e+02 -9.416710294e-03 9.943790022e-01 -1.054595921e-01 -9.797969129e+00 -9.852798685e-01 -2.722920278e-02 -1.687665584e-01 7.461446870e+01
-1.793086802e-01 9.839110573e-02 9.788603514e-01 1.128340196e+02 -8.216772249e-03 9.948017457e-01 -1.014986276e-01 -9.923820932e+00 -9.837585486e-01 -2.624265754e-02 -1.775681308e-01 7.439590725e+01
-1.884309042e-01 9.489247957e-02 9.774912847e-01 1.140394897e+02 -5.850570702e-03 9.951948930e-01 -9.773891683e-02 -1.008193878e+01 -9.820690226e-01 -2.413591434e-02 -1.869702984e-01 7.412514942e+01
-2.005646063e-01 9.616044738e-02 9.749497459e-01 1.152447472e+02 -5.254713155e-03 9.950512408e-01 -9.922407013e-02 -1.021600469e+01 -9.796663854e-01 -2.502391781e-02 -1.990667648e-01 7.386564894e+01
-2.115395020e-01 9.692806140e-02 9.725512788e-01 1.164401255e+02 -2.035729312e-03 9.950244130e-01 -9.961060838e-02 -1.034274737e+01 -9.773673285e-01 -2.305142964e-02 -2.102896496e-01 7.355359035e+01
-2.231707344e-01 9.462561945e-02 9.701756622e-01 1.176338561e+02 -8.980850754e-05 9.952751778e-01 -9.709434748e-02 -1.047668941e+01 -9.747793675e-01 -2.175574687e-02 -2.221077942e-01 7.325572548e+01
-2.362931318e-01 9.750242099e-02 9.667775513e-01 1.188068592e+02 4.894119222e-03 9.950596096e-01 -9.915856453e-02 -1.059281038e+01 -9.716694929e-01 -1.869896316e-02 -2.356029400e-01 7.289734407e+01
-2.530630676e-01 1.027726676e-01 9.619755000e-01 1.199953132e+02 7.008875761e-03 9.945101966e-01 -1.044047154e-01 -1.068594720e+01 -9.674243947e-01 -1.967861077e-02 -2.523941219e-01 7.263469550e+01
-2.679737009e-01 1.071030057e-01 9.574544594e-01 1.211547738e+02 6.163635174e-03 9.939717797e-01 -1.094628282e-01 -1.079845680e+01 -9.634065109e-01 -2.343175921e-02 -2.670184402e-01 7.229212957e+01
-2.808644726e-01 1.035834091e-01 9.541413026e-01 1.222725531e+02 2.518019451e-03 9.942348457e-01 -1.071948278e-01 -1.096524331e+01 -9.597441365e-01 -2.770467241e-02 -2.795060706e-01 7.183841257e+01
-2.957793780e-01 9.977330509e-02 9.500314980e-01 1.234267517e+02 -2.140145344e-03 9.944587837e-01 -1.051054104e-01 -1.107017503e+01 -9.552538821e-01 -3.312121840e-02 -2.939268711e-01 7.143027905e+01
-3.084551183e-01 9.734110822e-02 9.462452899e-01 1.245702874e+02 -3.127598630e-03 9.946412586e-01 -1.033391735e-01 -1.118936758e+01 -9.512337558e-01 -3.483497247e-02 -3.064977432e-01 7.100603193e+01
-3.234355702e-01 9.961758742e-02 9.409919066e-01 1.257108531e+02 -4.620668704e-03 9.942648976e-01 -1.068455087e-01 -1.129376933e+01 -9.462389135e-01 -3.890564989e-02 -3.211203342e-01 7.059858187e+01
-3.353205380e-01 1.019782779e-01 9.365685067e-01 1.268357706e+02 -1.999863295e-03 9.940449330e-01 -1.089526126e-01 -1.142925855e+01 -9.421019782e-01 -3.840705765e-02 -3.331197391e-01 7.016660561e+01
-3.470307048e-01 1.046241912e-01 9.319997149e-01 1.279372659e+02 -3.913231988e-04 9.937417923e-01 -1.117009273e-01 -1.156223783e+01 -9.378536862e-01 -3.912836465e-02 -3.448179727e-01 6.969243503e+01
-3.587232773e-01 1.050767678e-01 9.275109073e-01 1.290511344e+02 4.580659654e-03 9.938301171e-01 -1.108183919e-01 -1.173296711e+01 -9.334327120e-01 -3.550452492e-02 -3.569913176e-01 6.925490387e+01
-3.713837622e-01 1.032596174e-01 9.227196501e-01 1.301646701e+02 5.016778363e-03 9.940051791e-01 -1.092178371e-01 -1.186440554e+01 -9.284659030e-01 -3.593265127e-02 -3.696754136e-01 6.881227139e+01
-3.850954615e-01 1.017548517e-01 9.172499309e-01 1.312687305e+02 4.627230290e-03 9.941033609e-01 -1.083378819e-01 -1.199993699e+01 -9.228651441e-01 -3.747609996e-02 -3.832955356e-01 6.835289765e+01
-3.989707318e-01 1.021083796e-01 9.112607936e-01 1.323456018e+02 4.703773069e-03 9.939955302e-01 -1.093195338e-01 -1.216552605e+01 -9.169515961e-01 -3.932893043e-02 -3.970554188e-01 6.786242347e+01
-4.129322079e-01 1.050260322e-01 9.046858705e-01 1.334162360e+02 6.509751142e-03 9.936437577e-01 -1.123819645e-01 -1.229581316e+01 -9.107384997e-01 -4.051685286e-02 -4.109912041e-01 6.735982297e+01
-4.285440988e-01 1.056359326e-01 8.973243589e-01 1.344899762e+02 6.411086041e-03 9.934723385e-01 -1.138929784e-01 -1.243174043e+01 -9.034981203e-01 -4.305534014e-02 -4.264239491e-01 6.684665896e+01
-4.431226158e-01 1.097991459e-01 8.897114672e-01 1.355577246e+02 8.607638429e-03 9.929462753e-01 -1.182522847e-01 -1.252279202e+01 -8.964196874e-01 -4.474194710e-02 -4.409420622e-01 6.631502168e+01
-4.590751929e-01 1.137403004e-01 8.810863246e-01 1.366346244e+02 8.665537882e-03 9.922965881e-01 -1.235815101e-01 -1.264378310e+01 -8.883551518e-01 -4.909811868e-02 -4.565243685e-01 6.579758470e+01
-4.738651550e-01 1.152690631e-01 8.730205369e-01 1.376828345e+02 9.180044141e-03 9.919885081e-01 -1.259941528e-01 -1.280800086e+01 -8.805495680e-01 -5.168987168e-02 -4.711269633e-01 6.522942638e+01
-4.880750235e-01 1.142971401e-01 8.652854646e-01 1.387149728e+02 1.061574627e-02 9.920924660e-01 -1.250593653e-01 -1.295507864e+01 -8.727371181e-01 -5.185270170e-02 -4.854289031e-01 6.460369836e+01
-5.029883925e-01 1.099890008e-01 8.572660595e-01 1.397501927e+02 8.584158784e-03 9.924563558e-01 -1.222975639e-01 -1.311727263e+01 -8.642505362e-01 -5.415534710e-02 -5.001381900e-01 6.397935977e+01
-5.199010243e-01 1.085531503e-01 8.473010908e-01 1.407890799e+02 6.426383527e-03 9.923617260e-01 -1.231945873e-01 -1.327312884e+01 -8.542023335e-01 -5.860391037e-02 -5.166274820e-01 6.335062377e+01
-5.383244165e-01 1.066749550e-01 8.359588964e-01 1.418492911e+02 4.225651816e-03 9.922854244e-01 -1.239023017e-01 -1.343185011e+01 -8.427271008e-01 -6.316716306e-02 -5.346222434e-01 6.276417948e+01
-5.564989428e-01 1.057576708e-01 8.240899476e-01 1.429078884e+02 2.656364204e-03 9.920871052e-01 -1.255233824e-01 -1.355092220e+01 -8.308440710e-01 -6.766454655e-02 -5.523763561e-01 6.214733510e+01
-5.730013803e-01 1.049891136e-01 8.128017619e-01 1.439384868e+02 2.699393115e-03 9.919969903e-01 -1.262326603e-01 -1.372096276e+01 -8.195499567e-01 -7.013741711e-02 -5.686990516e-01 6.148742406e+01
-5.854707089e-01 1.047294486e-01 8.039003618e-01 1.448894267e+02 3.768603422e-03 9.919613891e-01 -1.264847825e-01 -1.388075081e+01 -8.106848011e-01 -7.102355362e-02 -5.811590214e-01 6.071592468e+01
-6.010738095e-01 1.013245674e-01 7.927443520e-01 1.458956690e+02 3.257895439e-03 9.922328217e-01 -1.243519749e-01 -1.403630466e+01 -7.991868753e-01 -7.216203708e-02 -5.967352669e-01 5.999799460e+01
-6.169742403e-01 9.796665024e-02 7.808619098e-01 1.468974205e+02 3.607885972e-03 9.925633186e-01 -1.216759706e-01 -1.417703159e+01 -7.869750758e-01 -7.225367878e-02 -6.127394519e-01 5.926657506e+01
-6.328756315e-01 9.568555423e-02 7.683181045e-01 1.478799488e+02 4.119866260e-03 9.927362120e-01 -1.202407585e-01 -1.433551291e+01 -7.742425084e-01 -7.293207816e-02 -6.286727688e-01 5.850985019e+01
-6.466297729e-01 9.441309529e-02 7.569386397e-01 1.488341048e+02 4.920956562e-03 9.928064569e-01 -1.196291071e-01 -1.447976179e+01 -7.627881233e-01 -7.363088018e-02 -6.424428165e-01 5.770293743e+01
-6.625961031e-01 9.377384197e-02 7.430833538e-01 1.498004242e+02 1.839758680e-03 9.923319814e-01 -1.235874347e-01 -1.464155848e+01 -7.489746454e-01 -8.052145858e-02 -6.576878251e-01 5.692131066e+01
-6.780144386e-01 9.071282035e-02 7.294296438e-01 1.507285947e+02 -1.528498942e-03 9.921795464e-01 -1.248095002e-01 -1.482823923e+01 -7.350469949e-01 -8.573757569e-02 -6.725734037e-01 5.609135366e+01
-6.948773115e-01 8.747763747e-02 7.137879131e-01 1.516927352e+02 -2.026230105e-03 9.923316886e-01 -1.235868686e-01 -1.501541651e+01 -7.191254524e-01 -8.732400956e-02 -6.893715261e-01 5.528722746e+01
-7.116681123e-01 7.951745891e-02 6.980010542e-01 1.525972262e+02 -5.466714959e-03 9.929164920e-01 -1.186884784e-01 -1.518978170e+01 -7.024945644e-01 -8.828257820e-02 -7.061923062e-01 5.440483753e+01
-7.302720755e-01 7.520659287e-02 6.790041709e-01 1.535382985e+02 -7.091780874e-03 9.930338509e-01 -1.176158049e-01 -1.536459584e+01 -6.831196106e-01 -9.070688674e-02 -7.246515427e-01 5.355864910e+01
-7.478877745e-01 7.255565434e-02 6.598481294e-01 1.544287437e+02 -8.662075057e-03 9.928576016e-01 -1.189905518e-01 -1.549915783e+01 -6.637686685e-01 -9.470723296e-02 -7.419175795e-01 5.264980357e+01
-7.655078445e-01 6.548171025e-02 6.400858424e-01 1.552731906e+02 -1.449245512e-02 9.928008040e-01 -1.188971504e-01 -1.566764037e+01 -6.432633277e-01 -1.002931167e-01 -7.590478127e-01 5.170114766e+01
-7.816928252e-01 6.346470514e-02 6.204261102e-01 1.560848019e+02 -1.372342019e-02 9.928176219e-01 -1.188479587e-01 -1.580669538e+01 -6.235126260e-01 -1.014169648e-01 -7.752074590e-01 5.069047693e+01
-7.990914702e-01 6.332922912e-02 5.978647264e-01 1.569100543e+02 -1.280068268e-02 9.924190360e-01 -1.222317451e-01 -1.597221522e+01 -6.010731776e-01 -1.053274216e-01 -7.922229291e-01 4.969091383e+01
-8.128767677e-01 6.107421815e-02 5.792247409e-01 1.576627197e+02 -1.026151587e-02 9.928308819e-01 -1.190862766e-01 -1.615305367e+01 -5.823453115e-01 -1.027461915e-01 -8.064224440e-01 4.863836766e+01
-8.264704648e-01 6.032991069e-02 5.597382180e-01 1.584287774e+02 -7.894023971e-03 9.929019997e-01 -1.186730948e-01 -1.632241550e+01 -5.629247332e-01 -1.024983948e-01 -8.201279314e-01 4.758897962e+01
-8.393830716e-01 6.091362196e-02 5.401162743e-01 1.590995177e+02 -5.724194186e-03 9.926547410e-01 -1.208461778e-01 -1.647919291e+01 -5.435101587e-01 -1.045279664e-01 -8.328689042e-01 4.648331705e+01
-8.523874033e-01 6.202786981e-02 5.192188922e-01 1.597446694e+02 -5.118340875e-03 9.919024267e-01 -1.268990880e-01 -1.661199405e+01 -5.228857592e-01 -1.108247234e-01 -8.451676541e-01 4.537043419e+01
-8.645314146e-01 6.172892626e-02 4.987734685e-01 1.604012229e+02 -2.792439077e-03 9.918231123e-01 -1.275896396e-01 -1.675115064e+01 -5.025710253e-01 -1.116980461e-01 -8.572898640e-01 4.425833635e+01
-8.763729241e-01 5.684666734e-02 4.782666142e-01 1.610519420e+02 -4.231341763e-03 9.920630897e-01 -1.256698921e-01 -1.689333986e+01 -4.816145696e-01 -1.121574003e-01 -8.691766932e-01 4.314824653e+01
-8.859617212e-01 5.920337967e-02 4.599638990e-01 1.616531838e+02 -1.198182942e-04 9.917887390e-01 -1.278869925e-01 -1.705160314e+01 -4.637583575e-01 -1.133580921e-01 -8.786797646e-01 4.200748328e+01
-8.948509524e-01 6.264785923e-02 4.419468505e-01 1.622703091e+02 4.257936293e-03 9.912547912e-01 -1.318931727e-01 -1.720682612e+01 -4.463447579e-01 -1.161429497e-01 -8.872920446e-01 4.088554735e+01
-9.031737210e-01 6.133233687e-02 4.248712441e-01 1.628320510e+02 3.619965573e-03 9.907938336e-01 -1.353309837e-01 -1.732527403e+01 -4.292599742e-01 -1.206893688e-01 -8.950809744e-01 3.972518335e+01
-9.106594755e-01 5.700399745e-02 4.092063830e-01 1.632489042e+02 2.164875062e-03 9.910809598e-01 -1.332435533e-01 -1.756289474e+01 -4.131520700e-01 -1.204536237e-01 -9.026606736e-01 3.852045070e+01
-9.170226742e-01 5.605501774e-02 3.948762464e-01 1.637304586e+02 1.463858644e-03 9.905404085e-01 -1.372135424e-01 -1.765388809e+01 -3.988323860e-01 -1.252498866e-01 -9.084300709e-01 3.732106799e+01
-9.238005591e-01 5.298101910e-02 3.791906363e-01 1.642527695e+02 8.083982191e-04 9.906473039e-01 -1.364451019e-01 -1.783317880e+01 -3.828731821e-01 -1.257415244e-01 -9.152033629e-01 3.615076479e+01
-9.295171336e-01 5.060531140e-02 3.652902966e-01 1.647425512e+02 8.646384912e-04 9.908363804e-01 -1.350648724e-01 -1.804063582e+01 -3.687779152e-01 -1.252292690e-01 -9.210431474e-01 3.497191988e+01
-9.362864568e-01 4.562947530e-02 3.482608532e-01 1.653226582e+02 -1.045114089e-03 9.911593906e-01 -1.326724169e-01 -1.820610035e+01 -3.512357878e-01 -1.245833594e-01 -9.279614259e-01 3.382282589e+01
-9.410221069e-01 4.318621090e-02 3.355776296e-01 1.658148628e+02 -3.771405133e-04 9.916861226e-01 -1.286798040e-01 -1.838987921e+01 -3.383448715e-01 -1.212171002e-01 -9.331822772e-01 3.263147751e+01
-9.444870731e-01 4.256931285e-02 3.257791007e-01 1.662355491e+02 1.867705378e-03 9.922502122e-01 -1.242418131e-01 -1.858336254e+01 -3.285432704e-01 -1.167363270e-01 -9.372470056e-01 3.141549711e+01
-9.468621769e-01 4.681118022e-02 3.182149139e-01 1.665960448e+02 7.432923076e-03 9.922728793e-01 -1.238518659e-01 -1.878645238e+01 -3.215536809e-01 -1.149053804e-01 -9.398936024e-01 3.019062758e+01
-9.492086831e-01 5.116537480e-02 3.104593054e-01 1.670642001e+02 1.259226760e-02 9.920768768e-01 -1.249996209e-01 -1.896571242e+01 -3.143951506e-01 -1.147413389e-01 -9.423322739e-01 2.899866401e+01
-9.507810268e-01 5.397236231e-02 3.051268970e-01 1.674520916e+02 1.556076512e-02 9.917877305e-01 -1.269447134e-01 -1.914223476e+01 -3.094726187e-01 -1.159486170e-01 -9.438128080e-01 2.778163450e+01
-9.527194647e-01 4.974145759e-02 2.997522459e-01 1.678561742e+02 1.255970038e-02 9.921132414e-01 -1.247139536e-01 -1.933717092e+01 -3.035916262e-01 -1.150526127e-01 -9.458303341e-01 2.656361119e+01
-9.541805020e-01 4.294040976e-02 2.961345822e-01 1.682184101e+02 7.201086049e-03 9.926585637e-01 -1.207357456e-01 -1.949989008e+01 -2.991449714e-01 -1.130712037e-01 -9.474846642e-01 2.533021996e+01
-9.562524872e-01 3.599967029e-02 2.903191424e-01 1.686307146e+02 2.009551645e-03 9.931844186e-01 -1.165361422e-01 -1.968715120e+01 -2.925357114e-01 -1.108545645e-01 -9.498074137e-01 2.411611704e+01
-9.582857484e-01 2.862600420e-02 2.843747112e-01 1.690726418e+02 -5.108877909e-03 9.930970796e-01 -1.171839997e-01 -1.985846423e+01 -2.857662049e-01 -1.137485925e-01 -9.515245314e-01 2.291420749e+01
-9.594100030e-01 2.512895821e-02 2.808931855e-01 1.694479912e+02 -9.284264940e-03 9.926679664e-01 -1.205160191e-01 -2.001142884e+01 -2.818621092e-01 -1.182321610e-01 -9.521422727e-01 2.169188293e+01
-9.603440687e-01 2.406228758e-02 2.777773857e-01 1.698214348e+02 -1.039572384e-02 9.924862206e-01 -1.219140302e-01 -2.017669022e+01 -2.786237582e-01 -1.199671128e-01 -9.528781104e-01 2.046695364e+01
-9.609201590e-01 2.252810367e-02 2.759074712e-01 1.701754218e+02 -1.253400025e-02 9.921202849e-01 -1.246604958e-01 -2.033406923e+01 -2.765417635e-01 -1.232470078e-01 -9.530660146e-01 1.923573594e+01
-9.609639718e-01 2.617041289e-02 2.754330306e-01 1.705356347e+02 -8.981468948e-03 9.920409514e-01 -1.255949198e-01 -2.050980042e+01 -2.765277167e-01 -1.231659861e-01 -9.530805642e-01 1.800826785e+01
-9.608525738e-01 2.672776979e-02 2.757679418e-01 1.709073154e+02 -9.754936735e-03 9.914552516e-01 -1.300819942e-01 -2.064870110e+01 -2.768883757e-01 -1.276797177e-01 -9.523816027e-01 1.678984835e+01
-9.606199501e-01 2.851854993e-02 2.763982702e-01 1.712860868e+02 -7.753487436e-03 9.915807257e-01 -1.292576800e-01 -2.086017472e+01 -2.777574389e-01 -1.263105566e-01 -9.523111091e-01 1.559975787e+01
-9.594261153e-01 3.473199373e-02 2.798128265e-01 1.716054187e+02 -1.691846846e-03 9.916572858e-01 -1.288912918e-01 -2.102268339e+01 -2.819550796e-01 -1.241350719e-01 -9.513631362e-01 1.437843998e+01
-9.587177253e-01 3.425852624e-02 2.822882862e-01 1.719609016e+02 -2.609553365e-03 9.916144626e-01 -1.292050607e-01 -2.119186436e+01 -2.843475222e-01 -1.246078282e-01 -9.505889626e-01 1.317708849e+01
-9.581725390e-01 2.945678398e-02 2.846711847e-01 1.723550907e+02 -7.807594429e-03 9.916281923e-01 -1.288897577e-01 -2.138694201e+01 -2.860846501e-01 -1.257212235e-01 -9.499209161e-01 1.198593298e+01
-9.562315540e-01 2.870773951e-02 2.911993834e-01 1.726989761e+02 -8.713711487e-03 9.919406028e-01 -1.264037646e-01 -2.155867200e+01 -2.924812582e-01 -1.234086957e-01 -9.482747531e-01 1.077223120e+01
-9.544992303e-01 2.923728409e-02 2.967766847e-01 1.730619189e+02 -7.410103590e-03 9.925497288e-01 -1.216146632e-01 -2.172663577e+01 -2.981213003e-01 -1.182802484e-01 -9.471713008e-01 9.559174435e+00
-9.519276672e-01 2.598249819e-02 3.052189807e-01 1.734352436e+02 -1.122509728e-02 9.927682140e-01 -1.195210039e-01 -2.188805678e+01 -3.061171566e-01 -1.172014632e-01 -9.447518740e-01 8.352814489e+00
-9.500786613e-01 2.748009647e-02 3.107979755e-01 1.738456067e+02 -1.019943048e-02 9.928461807e-01 -1.189639991e-01 -2.204390948e+01 -3.118437252e-01 -1.161951194e-01 -9.430016889e-01 7.163255164e+00
-9.475860295e-01 2.640368059e-02 3.184078555e-01 1.742562328e+02 -1.235948987e-02 9.928042085e-01 -1.191093891e-01 -2.223262240e+01 -3.192615852e-01 -1.168017517e-01 -9.404410620e-01 5.978002475e+00
-9.450690324e-01 2.667698956e-02 3.257803896e-01 1.747108895e+02 -1.395225936e-02 9.924634750e-01 -1.217439333e-01 -2.240621681e+01 -3.265728992e-01 -1.196017937e-01 -9.375742917e-01 4.813366426e+00
-9.412060960e-01 2.709007927e-02 3.367450258e-01 1.751346987e+02 -1.444161307e-02 9.926422972e-01 -1.202194232e-01 -2.257101843e+01 -3.375241097e-01 -1.180143953e-01 -9.338897568e-01 3.624182418e+00
-9.372913431e-01 2.755295340e-02 3.474561454e-01 1.755963545e+02 -1.618707485e-02 9.923539308e-01 -1.223587129e-01 -2.273132395e+01 -3.481708156e-01 -1.203100610e-01 -9.296787469e-01 2.445937791e+00
-9.332381863e-01 2.745066965e-02 3.582079682e-01 1.760840090e+02 -1.934941511e-02 9.917887053e-01 -1.264150471e-01 -2.287438812e+01 -3.587367947e-01 -1.249064640e-01 -9.250439381e-01 1.277878662e+00
-9.280799237e-01 2.979350922e-02 3.711872871e-01 1.765655277e+02 -1.862421852e-02 9.918330204e-01 -1.261760604e-01 -2.304541486e+01 -3.719150357e-01 -1.240145416e-01 -9.199454330e-01 1.047958379e-01
-9.222163190e-01 3.148468071e-02 3.853904199e-01 1.770497807e+02 -1.858726825e-02 9.919177775e-01 -1.255134900e-01 -2.316188925e+01 -3.862273610e-01 -1.229139438e-01 -9.141775473e-01 -1.074507690e+00
-9.164400750e-01 3.573396136e-02 3.985732969e-01 1.775808979e+02 -1.604513465e-02 9.919229272e-01 -1.258231305e-01 -2.331111922e+01 -3.998501502e-01 -1.217045214e-01 -9.084645655e-01 -2.235632026e+00
-9.109603501e-01 3.744433874e-02 4.107908982e-01 1.781136995e+02 -1.614339848e-02 9.918721597e-01 -1.262101797e-01 -2.346356389e+01 -4.121779121e-01 -1.216040306e-01 -9.029517310e-01 -3.387300363e+00
-9.060722575e-01 3.830420848e-02 4.213856331e-01 1.786717831e+02 -1.511893867e-02 9.923271309e-01 -1.227121955e-01 -2.365522120e+01 -4.228527898e-01 -1.175570196e-01 -8.985409647e-01 -4.519104574e+00
-8.981196568e-01 4.210696431e-02 4.377306084e-01 1.791977041e+02 -1.173150708e-02 9.927567829e-01 -1.195673104e-01 -2.381171223e+01 -4.395946471e-01 -1.125209915e-01 -8.911204030e-01 -5.667629568e+00
-8.897663290e-01 4.467001089e-02 4.542251313e-01 1.797128268e+02 -1.071058735e-02 9.928814927e-01 -1.186238791e-01 -2.397434741e+01 -4.562906563e-01 -1.104125514e-01 -8.829540789e-01 -6.807581125e+00
-8.821387738e-01 5.014651954e-02 4.683124067e-01 1.803368479e+02 -4.890712152e-03 9.932869732e-01 -1.155727900e-01 -2.413983544e+01 -4.709641861e-01 -1.042416204e-01 -8.759717004e-01 -7.886431745e+00
-8.712630805e-01 5.393231919e-02 4.878441857e-01 1.809042486e+02 -3.941320932e-03 9.931437127e-01 -1.168333513e-01 -2.425778203e+01 -4.908004794e-01 -1.037153361e-01 -8.650768859e-01 -8.991508825e+00
-8.606842878e-01 5.734598421e-02 5.058991943e-01 1.815094352e+02 -1.855967436e-03 9.932766454e-01 -1.157499942e-01 -2.440649766e+01 -5.091356520e-01 -1.005631338e-01 -8.547911698e-01 -1.006771291e+01
-8.520233048e-01 6.232946773e-02 5.197800743e-01 1.821807381e+02 3.994508667e-03 9.936319543e-01 -1.126036554e-01 -2.454283919e+01 -5.234886169e-01 -9.386467257e-02 -8.468465570e-01 -1.109797247e+01
-8.419541205e-01 6.791436391e-02 5.352577866e-01 1.829171805e+02 9.162955770e-03 9.937031647e-01 -1.116694264e-01 -2.465941321e+01 -5.394713145e-01 -8.911599024e-02 -8.372747704e-01 -1.208765589e+01
-8.301672583e-01 7.042089163e-02 5.530490224e-01 1.835792552e+02 1.018334936e-02 9.937403783e-01 -1.112490896e-01 -2.481672499e+01 -5.574214048e-01 -8.672346032e-02 -8.256878459e-01 -1.312017476e+01
-8.181995391e-01 7.163162227e-02 5.704545774e-01 1.843013584e+02 1.090111409e-02 9.939626734e-01 -1.091758656e-01 -2.495594391e+01 -5.748310011e-01 -8.310905245e-02 -8.140406658e-01 -1.411039002e+01
-8.038836410e-01 7.434621328e-02 5.901217944e-01 1.850506001e+02 1.131621296e-02 9.938893527e-01 -1.097993532e-01 -2.508525326e+01 -5.946789344e-01 -8.158795991e-02 -7.998127092e-01 -1.507729309e+01
-7.874121086e-01 7.896925479e-02 6.113477145e-01 1.857745511e+02 1.383268247e-02 9.937740994e-01 -1.105517806e-01 -2.523320023e+01 -6.162717162e-01 -7.859323183e-02 -7.836021157e-01 -1.604651862e+01
-7.725509974e-01 8.113197388e-02 6.297480125e-01 1.865443783e+02 1.395446725e-02 9.937329029e-01 -1.109062243e-01 -2.540633437e+01 -6.347993614e-01 -7.689291618e-02 -7.688414987e-01 -1.695096475e+01
-7.559896228e-01 8.205100523e-02 6.494207595e-01 1.873242030e+02 1.399520052e-02 9.939120464e-01 -1.092839351e-01 -2.556816949e+01 -6.544339727e-01 -7.352874715e-02 -7.525355132e-01 -1.784993940e+01
-7.368139460e-01 8.337240458e-02 6.709353554e-01 1.881031190e+02 1.477625356e-02 9.941163724e-01 -1.073047085e-01 -2.572207886e+01 -6.759340732e-01 -6.914969473e-02 -7.337107389e-01 -1.874513410e+01
-7.192816402e-01 8.204664373e-02 6.898567027e-01 1.889371029e+02 1.364006781e-02 9.944780825e-01 -1.040542743e-01 -2.589197732e+01 -6.945846749e-01 -6.543463689e-02 -7.164289481e-01 -1.958847978e+01
-7.004605403e-01 8.209141045e-02 7.089541817e-01 1.897774709e+02 9.786505178e-03 9.943741602e-01 -1.054715785e-01 -2.603225232e+01 -7.136240297e-01 -6.694049509e-02 -6.973232496e-01 -2.041806147e+01
-6.802399595e-01 8.137309310e-02 7.284586586e-01 1.906257295e+02 8.193960258e-03 9.946007839e-01 -1.034511459e-01 -2.620381390e+01 -7.329436926e-01 -6.440264202e-02 -6.772339649e-01 -2.122802244e+01
-6.628704762e-01 8.120937166e-02 7.443169820e-01 1.915414386e+02 6.704235423e-03 9.947044853e-01 -1.025574968e-01 -2.632746507e+01 -7.487040703e-01 -6.299226048e-02 -6.599046826e-01 -2.196249649e+01
-6.387396970e-01 8.175858099e-02 7.650667512e-01 1.924170348e+02 7.635259230e-03 9.949629819e-01 -9.995182544e-02 -2.646590927e+01 -7.693850156e-01 -5.800171573e-02 -6.361466016e-01 -2.274114073e+01
-6.172141618e-01 8.150298634e-02 7.825624203e-01 1.933418188e+02 5.080134663e-03 9.950123211e-01 -9.962265315e-02 -2.659347042e+01 -7.867787940e-01 -5.751298988e-02 -6.145497419e-01 -2.342907109e+01
-5.924588915e-01 8.429382437e-02 8.011785151e-01 1.942726297e+02 7.288797319e-03 9.950308928e-01 -9.929952569e-02 -2.673288259e+01 -8.055677099e-01 -5.299125911e-02 -5.901293004e-01 -2.412515601e+01
-5.641290602e-01 8.617904972e-02 8.211769449e-01 1.951977268e+02 6.251642858e-03 9.949555628e-01 -1.001216510e-01 -2.683832630e+01 -8.256629581e-01 -5.134782792e-02 -5.618221072e-01 -2.483585323e+01
-5.379468065e-01 8.543856514e-02 8.386378748e-01 1.961799541e+02 1.607354599e-04 9.948608877e-01 -1.012511147e-01 -2.693162513e+01 -8.429787705e-01 -5.433291495e-02 -5.351959704e-01 -2.547855396e+01
-5.054513604e-01 8.327941813e-02 8.588267932e-01 1.971455965e+02 -2.345003580e-03 9.951951645e-01 -9.788301919e-02 -2.706175537e+01 -8.628519127e-01 -5.148905711e-02 -5.028274592e-01 -2.614113308e+01
-4.804840121e-01 8.425675276e-02 8.729466844e-01 1.981823953e+02 -3.442216939e-03 9.951853962e-01 -9.794987668e-02 -2.718481778e+01 -8.769967305e-01 -5.006822159e-02 -4.778806419e-01 -2.665649139e+01
-4.494293183e-01 8.636681513e-02 8.891310708e-01 1.992137898e+02 -4.727007493e-03 9.950715454e-01 -9.904683218e-02 -2.731306142e+01 -8.933033881e-01 -4.871747950e-02 -4.468060698e-01 -2.719155585e+01
-4.173647531e-01 8.732078681e-02 9.045339922e-01 2.002409617e+02 -1.380360707e-03 9.953105777e-01 -9.672098277e-02 -2.745610706e+01 -9.087380026e-01 -4.161651228e-02 -4.152870194e-01 -2.773380033e+01
-3.863629000e-01 8.654903989e-02 9.182771767e-01 2.013028096e+02 2.608671328e-03 9.956862556e-01 -9.274737280e-02 -2.760531404e+01 -9.223431597e-01 -3.343866058e-02 -3.849220072e-01 -2.817684139e+01
-3.558187816e-01 8.601962070e-02 9.305877817e-01 2.024010911e+02 1.212941859e-03 9.957966638e-01 -9.158347606e-02 -2.772267696e+01 -9.345541843e-01 -3.145837199e-02 -3.544274924e-01 -2.856915275e+01
-3.214333758e-01 8.811145897e-02 9.428239262e-01 2.035031898e+02 -3.143951465e-03 9.955567041e-01 -9.411144770e-02 -2.778701332e+01 -9.469269774e-01 -3.321475299e-02 -3.197281340e-01 -2.896253589e+01
-2.839030933e-01 8.804539185e-02 9.548020960e-01 2.046100822e+02 -4.500857114e-03 9.956419451e-01 -9.314966192e-02 -2.789271363e+01 -9.588424145e-01 -3.074290496e-02 -2.822695483e-01 -2.937015568e+01
-2.525459182e-01 8.701419865e-02 9.636644065e-01 2.057543984e+02 -5.424481032e-03 9.958051797e-01 -9.133793848e-02 -2.801750605e+01 -9.675697051e-01 -2.829440284e-02 -2.510145266e-01 -2.961981373e+01
-2.151951876e-01 8.744717693e-02 9.726479438e-01 2.068670076e+02 -6.030685649e-03 9.958447777e-01 -9.086698797e-02 -2.813163854e+01 -9.765524369e-01 -2.541987252e-02 -2.137736373e-01 -2.989755704e+01
-1.830393008e-01 8.667974858e-02 9.792768942e-01 2.080136755e+02 -6.594649458e-03 9.959748348e-01 -8.939037448e-02 -2.824183372e+01 -9.830834781e-01 -2.281993948e-02 -1.817309148e-01 -3.007317920e+01
-1.516543115e-01 8.619717369e-02 9.846679730e-01 2.091632679e+02 -8.810164774e-03 9.960328630e-01 -8.854895209e-02 -2.836339694e+01 -9.883943296e-01 -2.210391745e-02 -1.502932667e-01 -3.019138643e+01
-1.183168671e-01 8.535739825e-02 9.893003758e-01 2.102964234e+02 -1.088610815e-02 9.961271091e-01 -8.724835316e-02 -2.849185561e+01 -9.929162158e-01 -2.109258269e-02 -1.169294290e-01 -3.031507461e+01
-8.554228253e-02 8.440468023e-02 9.927529239e-01 2.114583005e+02 -1.190746261e-02 9.962474363e-01 -8.572781381e-02 -2.861031627e+01 -9.962633840e-01 -1.915452119e-02 -8.421623409e-02 -3.038681218e+01
-5.078850552e-02 8.739230768e-02 9.948784409e-01 2.126163280e+02 -1.776529285e-02 9.959273872e-01 -8.839136693e-02 -2.864034307e+01 -9.985514118e-01 -2.216357229e-02 -4.902911367e-02 -3.047716513e+01
-1.928879016e-02 8.537431721e-02 9.961622200e-01 2.137706199e+02 -1.830534302e-02 9.961504236e-01 -8.572775444e-02 -2.878273308e+01 -9.996463660e-01 -1.988867581e-02 -1.765173033e-02 -3.047852860e+01
1.122448953e-02 8.764079255e-02 9.960889028e-01 2.149278778e+02 -2.207573651e-02 9.959305846e-01 -8.737810113e-02 -2.885456237e+01 -9.996932893e-01 -2.100862158e-02 1.311354746e-02 -3.043533268e+01
4.660336874e-02 8.234742624e-02 9.955134491e-01 2.160709246e+02 -1.761966108e-02 9.965089971e-01 -8.160494029e-02 -2.901560000e+01 -9.987580656e-01 -1.373754445e-02 4.789160999e-02 -3.041667757e+01
7.777603959e-02 8.198944353e-02 9.935937896e-01 2.172355888e+02 -1.855439722e-02 9.965591022e-01 -8.078174355e-02 -2.909884468e+01 -9.967981852e-01 -1.215264976e-02 7.902968490e-02 -3.036138620e+01
1.104280756e-01 8.641499814e-02 9.901202393e-01 2.184015256e+02 -2.169455132e-02 9.961851812e-01 -8.452473721e-02 -2.914739748e+01 -9.936473150e-01 -1.214631027e-02 1.118815471e-01 -3.028110918e+01
1.399373573e-01 8.792258471e-02 9.862490330e-01 2.195600359e+02 -2.313275849e-02 9.960682426e-01 -8.551568065e-02 -2.923593682e+01 -9.898901007e-01 -1.084782234e-02 1.414210495e-01 -3.013042984e+01
1.722350390e-01 8.660416779e-02 9.812414634e-01 2.207196146e+02 -1.890123315e-02 9.962348750e-01 -8.460979356e-02 -2.933384201e+01 -9.848745274e-01 -3.973902588e-03 1.732234781e-01 -2.992434128e+01
2.030476367e-01 9.007105086e-02 9.750173655e-01 2.218799597e+02 -2.448310365e-02 9.959158814e-01 -8.690302006e-02 -2.940479163e+01 -9.788627252e-01 -6.225998374e-03 2.044235849e-01 -2.971331255e+01
2.349640928e-01 8.939404535e-02 9.678845901e-01 2.230323919e+02 -2.468348802e-02 9.959895229e-01 -8.599764896e-02 -2.950612602e+01 -9.716905889e-01 -3.684408114e-03 2.362283315e-01 -2.944716639e+01
2.651326218e-01 8.814997472e-02 9.601740857e-01 2.241748177e+02 -2.025091477e-02 9.961016848e-01 -8.585647274e-02 -2.961196816e+01 -9.639992704e-01 3.318948139e-03 2.658841689e-01 -2.913270994e+01
2.928526448e-01 8.649108164e-02 9.522376916e-01 2.252929089e+02 -1.838595125e-02 9.962256187e-01 -8.483203048e-02 -2.971743983e+01 -9.559807975e-01 7.335488715e-03 2.933375281e-01 -2.876370943e+01
3.226243791e-01 8.119292584e-02 9.430382913e-01 2.264248130e+02 -1.442480056e-02 9.966201688e-01 -8.087128151e-02 -2.984374263e+01 -9.464171570e-01 1.248790772e-02 3.227051550e-01 -2.839940990e+01
3.515602115e-01 8.007028268e-02 9.327347788e-01 2.275618004e+02 -1.611718893e-02 9.967055960e-01 -7.948705050e-02 -2.998777683e+01 -9.360265241e-01 1.291142163e-02 3.516925380e-01 -2.804528716e+01
3.810619560e-01 8.150651320e-02 9.209497674e-01 2.286794267e+02 -1.785988072e-02 9.965695671e-01 -8.080917346e-02 -3.011675233e+01 -9.243769850e-01 1.434524871e-02 3.812104451e-01 -2.766943094e+01
4.083650372e-01 8.427779051e-02 9.089198262e-01 2.297472796e+02 -1.934296094e-02 9.963041037e-01 -8.368980121e-02 -3.022930001e+01 -9.126137443e-01 1.659478809e-02 4.084859444e-01 -2.713366457e+01
4.343088449e-01 8.315347360e-02 8.969176813e-01 2.307847684e+02 -1.945300836e-02 9.963635354e-01 -8.295351613e-02 -3.033423851e+01 -9.005539449e-01 1.857969861e-02 4.343470813e-01 -2.655612587e+01
4.626529043e-01 7.960199404e-02 8.829585566e-01 2.318721684e+02 -1.890885486e-02 9.966202226e-01 -7.994114772e-02 -3.045206430e+01 -8.863378280e-01 2.028926897e-02 4.625944230e-01 -2.602252378e+01
4.881632190e-01 7.918749650e-02 8.691524676e-01 2.329406493e+02 -2.245096029e-02 9.966850841e-01 -7.819717035e-02 -3.055336020e+01 -8.724635385e-01 1.865967486e-02 4.883228344e-01 -2.544510580e+01
5.141390953e-01 7.866226881e-02 8.540920549e-01 2.340142938e+02 -2.375657773e-02 9.967095358e-01 -7.749662074e-02 -3.062448611e+01 -8.573777556e-01 1.955373818e-02 5.143160853e-01 -2.488931477e+01
5.351571982e-01 7.796460373e-02 8.411470108e-01 2.350401829e+02 -2.493960947e-02 9.967560448e-01 -7.652060543e-02 -3.072903224e+01 -8.443842662e-01 1.997267486e-02 5.353655790e-01 -2.423624114e+01
5.593636138e-01 7.736494623e-02 8.253041940e-01 2.361120213e+02 -2.598653432e-02 9.967823295e-01 -7.582669522e-02 -3.080744763e+01 -8.285149652e-01 2.096789850e-02 5.595742128e-01 -2.364700560e+01
5.812839849e-01 7.675145675e-02 8.100729244e-01 2.371521699e+02 -2.786615048e-02 9.968352854e-01 -7.445059758e-02 -3.086117008e+01 -8.132234666e-01 2.070332603e-02 5.815831546e-01 -2.301005172e+01
6.036014856e-01 7.223311780e-02 7.940073194e-01 2.381987328e+02 -2.631788888e-02 9.971498959e-01 -7.070681554e-02 -3.098111452e+01 -7.968516896e-01 2.178214251e-02 6.037821817e-01 -2.237682407e+01
6.188467567e-01 6.829171452e-02 7.825374965e-01 2.391421657e+02 -2.544801951e-02 9.974337096e-01 -6.692079810e-02 -3.109582195e+01 -7.850994141e-01 2.149968939e-02 6.189965051e-01 -2.159652325e+01
6.328948194e-01 6.107992480e-02 7.718247148e-01 2.399857423e+02 -1.952890307e-02 9.978255140e-01 -6.295129561e-02 -3.121614179e+01 -7.739914531e-01 2.476865883e-02 6.327114224e-01 -2.070351145e+01
6.464879913e-01 6.018307563e-02 7.605466945e-01 2.408413713e+02 -1.968523013e-02 9.978677137e-01 -6.222955611e-02 -3.128402738e+01 -7.626701573e-01 2.525912402e-02 6.462942115e-01 -1.981184958e+01
6.659150154e-01 5.907969960e-02 7.436845980e-01 2.418461591e+02 -1.992853624e-02 9.979123339e-01 -6.143148522e-02 -3.136284003e+01 -7.457613866e-01 2.608760296e-02 6.657021791e-01 -1.909498836e+01
6.831877001e-01 5.760976715e-02 7.279668133e-01 2.427760148e+02 -2.260761546e-02 9.980739922e-01 -5.776852009e-02 -3.149616379e+01 -7.298927744e-01 2.300914860e-02 6.831742947e-01 -1.827110513e+01
6.974870608e-01 5.746819311e-02 7.142893019e-01 2.436636791e+02 -2.343662751e-02 9.980752754e-01 -5.741488515e-02 -3.153473532e+01 -7.162140214e-01 2.330560718e-02 6.974914510e-01 -1.739474015e+01
7.109099406e-01 5.894825487e-02 7.008082189e-01 2.445146728e+02 -2.615523970e-02 9.980077350e-01 -5.741484381e-02 -3.161680876e+01 -7.027965281e-01 2.248697625e-02 7.110354253e-01 -1.648644472e+01
7.243900239e-01 5.885588691e-02 6.868734074e-01 2.453360536e+02 -2.507118312e-02 9.979389910e-01 -5.906950106e-02 -3.167846246e+01 -6.889343430e-01 2.556862831e-02 7.243726363e-01 -1.554839036e+01
6.693029123e-01 5.750244531e-02 7.407611493e-01 2.446020885e+02 -1.162662504e-02 9.976891433e-01 -6.694172803e-02 -3.157532395e+01 -7.428986695e-01 3.619174140e-02 6.684248085e-01 -1.453555600e+01
6.834224406e-01 5.733515137e-02 7.277681280e-01 2.455435929e+02 -1.285892572e-02 9.977018467e-01 -6.652573278e-02 -3.167546693e+01 -7.299098682e-01 3.610686236e-02 6.825890995e-01 -1.370182400e+01
6.966665152e-01 4.932187019e-02 7.156976455e-01 2.464213283e+02 -6.655385713e-03 9.980352415e-01 -6.230058257e-02 -3.175135896e+01 -7.173642537e-01 3.863948587e-02 6.956259898e-01 -1.279351113e+01
7.095915736e-01 4.646136939e-02 7.030797535e-01 2.473233918e+02 -4.373748129e-03 9.980948813e-01 -6.154249206e-02 -3.182472615e+01 -7.045996516e-01 4.059494002e-02 7.084429277e-01 -1.190110111e+01
7.215391014e-01 4.254481867e-02 6.910653106e-01 2.481693792e+02 -4.456714641e-04 9.981386327e-01 -6.098418934e-02 -3.188446197e+01 -6.923735455e-01 4.369448909e-02 7.202150131e-01 -1.095065554e+01
7.305853997e-01 4.212477595e-02 6.815207091e-01 2.489896105e+02 1.294404416e-03 9.980079858e-01 -6.307443808e-02 -3.198139031e+01 -6.828201068e-01 4.696342697e-02 7.290755368e-01 -9.969547563e+00
7.401260857e-01 3.575819581e-02 6.715167374e-01 2.497662848e+02 7.376024685e-03 9.980934824e-01 -6.127801164e-02 -3.202372927e+01 -6.724276701e-01 5.030657893e-02 7.384512690e-01 -8.946158470e+00
7.498328452e-01 3.404011726e-02 6.607510686e-01 2.506585961e+02 8.018113928e-03 9.981347605e-01 -6.052032508e-02 -3.214473892e+01 -6.615787285e-01 5.067810489e-02 7.481612899e-01 -8.016434700e+00
7.594174228e-01 3.296373150e-02 6.497680896e-01 2.515432669e+02 8.544468441e-03 9.981241790e-01 -6.062273028e-02 -3.223339643e+01 -6.505475924e-01 5.158988053e-02 7.577112341e-01 -7.063551473e+00
7.711607474e-01 3.064999702e-02 6.359022562e-01 2.525389344e+02 7.636790845e-03 9.983232265e-01 -5.737956879e-02 -3.239531782e+01 -6.365946757e-01 4.910512368e-02 7.696336178e-01 -6.246954941e+00
7.758079651e-01 3.039175606e-02 6.302367352e-01 2.533144764e+02 6.364129461e-03 9.984115920e-01 -5.598027202e-02 -3.244754694e+01 -6.309370009e-01 4.744084910e-02 7.743822485e-01 -5.190931017e+00
7.797256330e-01 2.619111698e-02 6.255733072e-01 2.541328289e+02 9.424575546e-03 9.985205645e-01 -5.355240011e-02 -3.251894816e+01 -6.260504090e-01 4.765194197e-02 7.783252391e-01 -4.165253335e+00
7.829122462e-01 2.785564495e-02 6.215082282e-01 2.549765188e+02 6.581632841e-03 9.985703684e-01 -5.304622061e-02 -3.262478373e+01 -6.220973371e-01 4.562107470e-02 7.816096345e-01 -3.158965884e+00
7.857758346e-01 2.750836032e-02 6.178993671e-01 2.557794263e+02 7.265686060e-03 9.985310324e-01 -5.369345516e-02 -3.265846484e+01 -6.184687119e-01 4.668048236e-02 7.844216883e-01 -2.109524277e+00
7.896326334e-01 2.502723533e-02 6.130692797e-01 2.566121613e+02 9.308742292e-03 9.985641566e-01 -5.275388590e-02 -3.271861688e+01 -6.135092921e-01 4.736309378e-02 7.882658725e-01 -1.079236495e+00
7.915549562e-01 2.203635964e-02 6.107005405e-01 2.573615351e+02 1.278493245e-02 9.985337164e-01 -5.260192616e-02 -3.276514511e+01 -6.109642353e-01 4.944508052e-02 7.901125788e-01 2.060453236e-02
7.942386414e-01 1.891535089e-02 6.073114440e-01 2.581580188e+02 1.622694073e-02 9.984984836e-01 -5.232078673e-02 -3.285316058e+01 -6.073892220e-01 5.140999738e-02 7.927391407e-01 1.083639065e+00
7.967438509e-01 1.827282714e-02 6.040408429e-01 2.589660468e+02 1.618700456e-02 9.985388190e-01 -5.155781094e-02 -3.294269729e+01 -6.041003368e-01 5.085598071e-02 7.952838815e-01 2.142601268e+00
7.983934211e-01 2.035871305e-02 6.017918810e-01 2.597660202e+02 1.363636721e-02 9.985605982e-01 -5.187274129e-02 -3.300549284e+01 -6.019817229e-01 4.962111046e-02 7.969665932e-01 3.214470125e+00
8.001740499e-01 1.566022963e-02 5.995633803e-01 2.604880081e+02 1.879220763e-02 9.985136211e-01 -5.116054530e-02 -3.304627447e+01 -5.994733879e-01 5.220446026e-02 7.986903978e-01 4.342416514e+00
8.019530235e-01 1.712312582e-02 5.971416471e-01 2.612817625e+02 1.726200175e-02 9.985075017e-01 -5.181498263e-02 -3.312215806e+01 -5.971376486e-01 5.186104214e-02 8.004605305e-01 5.421214226e+00
8.029988083e-01 2.151524303e-02 5.955921492e-01 2.620677452e+02 1.181039659e-02 9.985774568e-01 -5.199593563e-02 -3.322368284e+01 -5.958635989e-01 4.878685383e-02 8.016024042e-01 6.500162126e+00
8.041045400e-01 1.967297160e-02 5.941623203e-01 2.627990208e+02 1.377071405e-02 9.985677394e-01 -5.169948922e-02 -3.327480578e+01 -5.943284076e-01 4.975383341e-02 8.026819420e-01 7.624642943e+00
8.049405932e-01 2.156041759e-02 5.929635653e-01 2.635580415e+02 1.226235962e-02 9.985217309e-01 -5.295269112e-02 -3.333123574e+01 -5.932286877e-01 4.989490309e-02 8.034862928e-01 8.724535807e+00
8.043276595e-01 2.377814603e-02 5.937100436e-01 2.642796939e+02 9.247431632e-03 9.985769997e-01 -5.252104978e-02 -3.348633315e+01 -5.941140473e-01 4.773442609e-02 8.029632142e-01 9.835592914e+00
8.059533761e-01 2.709128803e-02 5.913587894e-01 2.651181745e+02 6.269467755e-03 9.985056353e-01 -5.428802792e-02 -3.362133432e+01 -5.919458163e-01 4.746112424e-02 8.045791398e-01 1.087198034e+01
8.082666320e-01 2.753115230e-02 5.881726679e-01 2.660112286e+02 6.493604486e-03 9.984287810e-01 -5.565790532e-02 -3.370370650e+01 -5.887808461e-01 4.880578835e-02 8.068178917e-01 1.186012906e+01
8.081403685e-01 3.042554822e-02 5.882035624e-01 2.668262328e+02 3.767983705e-03 9.983773756e-01 -5.681917088e-02 -3.377477912e+01 -5.889778834e-01 4.813420713e-02 8.067144172e-01 1.291634430e+01
8.071274112e-01 3.114438645e-02 5.895552301e-01 2.675167776e+02 2.628562219e-03 9.984080992e-01 -5.634144283e-02 -3.386779819e+01 -5.903714363e-01 4.702440550e-02 8.057606794e-01 1.405297220e+01
8.073571965e-01 2.806231656e-02 5.893953373e-01 2.682662401e+02 5.289243341e-03 9.984841590e-01 -5.478510804e-02 -3.394474106e+01 -5.900393047e-01 4.734860660e-02 8.059849430e-01 1.515718886e+01
8.068767985e-01 2.330411678e-02 5.902599005e-01 2.690143410e+02 8.616717294e-03 9.986508991e-01 -5.120677589e-02 -3.407460445e+01 -5.906569090e-01 4.640366208e-02 8.055874354e-01 1.625740755e+01
8.065160279e-01 2.184128214e-02 5.908086451e-01 2.697378929e+02 1.136802442e-02 9.985596972e-01 -5.243375879e-02 -3.407801331e+01 -5.911029223e-01 4.900499397e-02 8.051061084e-01 1.738377358e+01
8.039281892e-01 2.145201158e-02 5.943393625e-01 2.703885312e+02 1.246429999e-02 9.985220095e-01 -5.290026172e-02 -3.419668902e+01 -5.945957516e-01 4.993603573e-02 8.024726067e-01 1.854357973e+01
8.032217175e-01 2.243415033e-02 5.952575757e-01 2.711327103e+02 1.368441464e-02 9.983319001e-01 -5.609058720e-02 -3.426999888e+01 -5.955229713e-01 5.319892927e-02 8.015748652e-01 1.965298739e+01
8.047894672e-01 2.297551886e-02 5.931155360e-01 2.720036344e+02 1.394328884e-02 9.982430381e-01 -5.758838147e-02 -3.430186631e+01 -5.933965775e-01 5.461650407e-02 8.030551284e-01 2.068315922e+01
8.056472213e-01 2.427901057e-02 5.918978666e-01 2.728352319e+02 1.099449848e-02 9.983748762e-01 -5.591714921e-02 -3.438793435e+01 -5.922935724e-01 5.155711607e-02 8.040710092e-01 2.174572960e+01
8.057418129e-01 2.429414426e-02 5.917684729e-01 2.736434772e+02 9.497136125e-03 9.984999313e-01 -5.392301638e-02 -3.447025554e+01 -5.921907930e-01 4.906813472e-02 8.043024200e-01 2.283266617e+01
8.039675209e-01 2.258282008e-02 5.942442609e-01 2.743297295e+02 1.142914400e-02 9.985073324e-01 -5.340863025e-02 -3.450760559e+01 -5.945633692e-01 4.973050728e-02 8.025093623e-01 2.400336288e+01
8.049926401e-01 2.133746996e-02 5.929009713e-01 2.751643943e+02 1.320324624e-02 9.984612483e-01 -5.385916786e-02 -3.456699174e+01 -5.931378623e-01 5.118445125e-02 8.034722324e-01 2.506569027e+01
8.045638085e-01 2.139860072e-02 5.934805624e-01 2.759216147e+02 1.324443149e-02 9.984555018e-01 -5.395550064e-02 -3.466342857e+01 -5.937185049e-01 5.127095574e-02 8.030377488e-01 2.618946332e+01
8.039850317e-01 2.230367821e-02 5.942311122e-01 2.766901376e+02 1.166819244e-02 9.985122553e-01 -5.326471039e-02 -3.474225910e+01 -5.945350470e-01 4.975763284e-02 8.025286636e-01 2.729027652e+01
8.033145632e-01 2.386046774e-02 5.950767940e-01 2.774673257e+02 9.640020589e-03 9.985452452e-01 -5.305151513e-02 -3.483484184e+01 -5.954769371e-01 4.835360724e-02 8.019159220e-01 2.838977592e+01
8.035580391e-01 2.687854524e-02 5.946192241e-01 2.782764274e+02 6.209997211e-03 9.985469664e-01 -5.352935408e-02 -3.492277699e+01 -5.951940135e-01 4.670652652e-02 8.022235266e-01 2.947644329e+01
8.026748764e-01 2.656733499e-02 5.958248229e-01 2.790733278e+02 3.271974628e-03 9.987961949e-01 -4.894338706e-02 -3.501130073e+01 -5.964078613e-01 4.123515086e-02 8.016216846e-01 3.058672667e+01
8.043490763e-01 2.372433000e-02 5.936831812e-01 2.799480762e+02 2.649092826e-03 9.990493754e-01 -4.351238716e-02 -3.507904452e+01 -5.941511136e-01 3.657187028e-02 8.035215943e-01 3.164444818e+01
8.049813244e-01 2.308156914e-02 5.928510003e-01 2.807793111e+02 2.063328531e-03 9.991280112e-01 -4.170083747e-02 -3.513662145e+01 -5.932965616e-01 3.479164176e-02 8.042317649e-01 3.273293867e+01
8.057385617e-01 2.399937549e-02 5.917849272e-01 2.815887997e+02 1.559975840e-03 9.990892303e-01 -4.264125211e-02 -3.521184324e+01 -5.922693109e-01 3.528087134e-02 8.049672810e-01 3.383488964e+01
8.065697039e-01 2.130885059e-02 5.907548100e-01 2.824114535e+02 5.034367271e-03 9.990662407e-01 -4.291039352e-02 -3.526548475e+01 -5.911175584e-01 3.758430008e-02 8.057092854e-01 3.493941866e+01
8.072018566e-01 1.965231670e-02 5.899482597e-01 2.832150633e+02 4.648824619e-03 9.992029669e-01 -3.964617682e-02 -3.534047119e+01 -5.902571906e-01 3.474503353e-02 8.064671299e-01 3.604326500e+01
8.067354897e-01 2.109729037e-02 5.905359888e-01 2.839921575e+02 1.634594463e-03 9.992789503e-01 -3.793293544e-02 -3.541563252e+01 -5.909104651e-01 3.156713211e-02 8.061193078e-01 3.716978416e+01
8.079053846e-01 2.137382754e-02 5.889244850e-01 2.848057390e+02 4.803312016e-04 9.993178444e-01 -3.692716126e-02 -3.550179125e+01 -5.893120216e-01 3.011653123e-02 8.073440008e-01 3.825908170e+01
8.111803660e-01 2.123134618e-02 5.844105096e-01 2.856661390e+02 1.380681872e-04 9.993337550e-01 -3.649694650e-02 -3.560792669e+01 -5.847960283e-01 2.968629492e-02 8.106369898e-01 3.928651922e+01
8.112538292e-01 2.308448384e-02 5.842382486e-01 2.864261271e+02 -2.106550949e-03 9.993292206e-01 -3.656051580e-02 -3.567557871e+01 -5.846903343e-01 2.842913080e-02 8.107582855e-01 4.038401162e+01
8.139980785e-01 2.400728667e-02 5.803712419e-01 2.872496535e+02 -3.935081634e-03 9.993505322e-01 -3.581939338e-02 -3.576710886e+01 -5.808542359e-01 2.687310917e-02 8.135638836e-01 4.142579566e+01
8.150559900e-01 2.162879527e-02 5.789783488e-01 2.879683917e+02 -2.252970262e-03 9.994137243e-01 -3.416331192e-02 -3.579528517e+01 -5.793778191e-01 2.654059101e-02 8.146268715e-01 4.254082536e+01
8.153360975e-01 2.249602306e-02 5.785507559e-01 2.887128027e+02 -5.757099140e-03 9.995104947e-01 -3.075104511e-02 -3.587102399e+01 -5.789593284e-01 2.174166306e-02 8.150664980e-01 4.362842568e+01
8.153912648e-01 2.144108989e-02 5.785130638e-01 2.893774579e+02 -5.207753063e-03 9.995451298e-01 -2.970543225e-02 -3.586594900e+01 -5.788868323e-01 2.120879679e-02 8.151320275e-01 4.476161519e+01
8.169900303e-01 2.279647476e-02 5.762010162e-01 2.900976849e+02 -2.329570207e-03 9.993406090e-01 -3.623424248e-02 -3.566227444e+01 -5.766470875e-01 2.826071414e-02 8.165044204e-01 4.583325664e+01
8.201556392e-01 2.342699652e-02 5.716606540e-01 2.908855128e+02 -3.411205338e-03 9.993438160e-01 -3.605968796e-02 -3.574961504e+01 -5.721303096e-01 2.762450455e-02 8.196973805e-01 4.685556565e+01
8.198689583e-01 2.513096717e-02 5.719994106e-01 2.915096315e+02 -3.582126327e-03 9.992418337e-01 -3.876759160e-02 -3.577154829e+01 -5.725400069e-01 2.973537079e-02 8.193373836e-01 4.797940947e+01
8.207535636e-01 2.688797393e-02 5.706493009e-01 2.922238602e+02 -6.677997974e-03 9.992750934e-01 -3.747922233e-02 -3.589053986e+01 -5.712433738e-01 2.695041042e-02 8.203381518e-01 4.903085052e+01
8.217773637e-01 2.607929926e-02 5.692115904e-01 2.928838997e+02 -6.363107423e-03 9.993097953e-01 -3.659841421e-02 -3.593019146e+01 -5.697731789e-01 2.645379385e-02 8.213761145e-01 5.011670952e+01
8.241041419e-01 2.728036292e-02 5.657810045e-01 2.936703561e+02 -5.910724112e-03 9.991993527e-01 -3.956914171e-02 -3.596286736e+01 -5.664074740e-01 2.926491815e-02 8.236055718e-01 5.108643212e+01
8.249206687e-01 3.015856798e-02 5.644433993e-01 2.944070511e+02 -6.666657231e-03 9.990252791e-01 -4.363539105e-02 -3.607235842e+01 -5.652092055e-01 3.223278530e-02 8.243176582e-01 5.208754012e+01
8.249341305e-01 3.369322712e-02 5.642237560e-01 2.950609032e+02 -7.199109227e-03 9.987670937e-01 -4.911685360e-02 -3.608156216e+01 -5.651830263e-01 3.645626047e-02 8.241596252e-01 5.312510332e+01
8.227289649e-01 3.605677817e-02 5.672891319e-01 2.957047192e+02 -8.986911850e-03 9.986865194e-01 -5.044275308e-02 -3.614481752e+01 -5.683628118e-01 3.640253661e-02 8.219723654e-01 5.416598354e+01
8.205663763e-01 4.004428837e-02 5.701467153e-01 2.963813576e+02 -1.321181924e-02 9.986050025e-01 -5.112237124e-02 -3.620841915e+01 -5.713985211e-01 3.441662357e-02 8.199507462e-01 5.517785862e+01
8.120110581e-01 4.540533787e-02 5.818731794e-01 2.968749465e+02 -1.895302511e-02 9.984948624e-01 -5.146642201e-02 -3.631316918e+01 -5.833342305e-01 3.076304681e-02 8.116494382e-01 5.628043099e+01
8.090153365e-01 4.876590761e-02 5.857611045e-01 2.976339527e+02 -1.939406832e-02 9.982244685e-01 -5.631856272e-02 -3.627130469e+01 -5.874674931e-01 3.420229009e-02 8.085246736e-01 5.722532158e+01
8.040404418e-01 4.997801377e-02 5.924703925e-01 2.983870365e+02 -2.043972394e-02 9.981953689e-01 -5.646435272e-02 -3.634064017e+01 -5.942231783e-01 3.328969184e-02 8.036109823e-01 5.816352279e+01
8.028135123e-01 4.900487698e-02 5.942129134e-01 2.993150664e+02 -1.883512457e-02 9.982036329e-01 -5.687482206e-02 -3.638995394e+01 -5.959326325e-01 3.446780141e-02 8.022943775e-01 5.893116630e+01
7.920427267e-01 4.940647817e-02 6.084630794e-01 2.998914522e+02 -1.697172306e-02 9.981164430e-01 -5.895359909e-02 -3.639011318e+01 -6.102296942e-01 3.636710250e-02 7.913893821e-01 5.998605702e+01
7.835389950e-01 4.930571191e-02 6.193832336e-01 3.006101583e+02 -1.580702906e-02 9.981056863e-01 -5.945735331e-02 -3.644257842e+01 -6.211415146e-01 3.679654608e-02 7.828341032e-01 6.094912237e+01
7.762538436e-01 5.000374491e-02 6.284342414e-01 3.014105849e+02 -1.636409282e-02 9.981116921e-01 -5.920529158e-02 -3.651462367e+01 -6.302080503e-01 3.567457889e-02 7.756063033e-01 6.184403150e+01
7.634093979e-01 5.110951495e-02 6.438896712e-01 3.020860901e+02 -1.624454031e-02 9.980684111e-01 -5.996300201e-02 -3.659129877e+01 -6.457106210e-01 3.531662754e-02 7.627650554e-01 6.283450245e+01
7.526139122e-01 5.341181122e-02 6.562922197e-01 3.028827981e+02 -1.827909188e-02 9.980152848e-01 -6.026081668e-02 -3.667436779e+01 -6.582083059e-01 3.335670321e-02 7.520965073e-01 6.372614314e+01
7.395585689e-01 5.624880137e-02 6.707377994e-01 3.036532096e+02 -1.840534701e-02 9.978194528e-01 -6.338440467e-02 -3.674788510e+01 -6.728405207e-01 3.453131766e-02 7.389812053e-01 6.464088748e+01
7.253778741e-01 5.922569280e-02 6.857982627e-01 3.044557978e+02 -1.952292927e-02 9.976610058e-01 -6.550856975e-02 -3.685368878e+01 -6.880739750e-01 3.412967608e-02 7.248374785e-01 6.551628608e+01
7.101999730e-01 6.174014494e-02 7.012874965e-01 3.052965395e+02 -2.342596477e-02 9.976678924e-01 -6.410928607e-02 -3.699384800e+01 -7.036101353e-01 2.910207705e-02 7.099900328e-01 6.635806728e+01
6.913161052e-01 6.330964562e-02 7.197735279e-01 3.061009183e+02 -2.515505661e-02 9.976589442e-01 -6.359130570e-02 -3.707777731e+01 -7.221144409e-01 2.585574995e-02 6.912902534e-01 6.723583209e+01
6.731748183e-01 6.486679726e-02 7.366328547e-01 3.069594146e+02 -2.762009419e-02 9.976557266e-01 -6.261135323e-02 -3.715754300e+01 -7.389673839e-01 2.180251750e-02 6.733883395e-01 6.804805504e+01
6.550501723e-01 6.639651391e-02 7.526624573e-01 3.078573078e+02 -2.923945290e-02 9.976129551e-01 -6.255754268e-02 -3.723433408e+01 -7.550194210e-01 1.897089064e-02 6.554279359e-01 6.881566170e+01
6.364472769e-01 6.932615616e-02 7.681983779e-01 3.087554094e+02 -3.149424323e-02 9.974577547e-01 -6.392292426e-02 -3.733476993e+01 -7.706769598e-01 1.648974451e-02 6.370126466e-01 6.955798277e+01
6.167472313e-01 7.138465196e-02 7.839177790e-01 3.096855041e+02 -3.151609223e-02 9.973203185e-01 -6.602210410e-02 -3.742248903e+01 -7.865300939e-01 1.601292488e-02 6.173443104e-01 7.026547790e+01
5.931713572e-01 7.509659903e-02 8.015661182e-01 3.105936807e+02 -3.247471407e-02 9.970615693e-01 -6.938025622e-02 -3.747551293e+01 -8.044209930e-01 1.512375026e-02 5.938671049e-01 7.099812039e+01
5.680066582e-01 7.714871319e-02 8.194000929e-01 3.115001333e+02 -3.452908151e-02 9.969541020e-01 -6.993040198e-02 -3.759364727e+01 -8.222993243e-01 1.142780134e-02 5.689404420e-01 7.169979871e+01
5.440350829e-01 7.925375798e-02 8.353111219e-01 3.125013314e+02 -3.600301650e-02 9.968171795e-01 -7.112871105e-02 -3.765688232e+01 -8.382896942e-01 8.622794106e-03 5.451568912e-01 7.227338393e+01
5.172396606e-01 8.053090160e-02 8.520433718e-01 3.134850919e+02 -3.739102077e-02 9.967389207e-01 -7.150829061e-02 -3.774599010e+01 -8.550234179e-01 5.128152548e-03 5.185640336e-01 7.284092334e+01
4.873955462e-01 8.087069982e-02 8.694282670e-01 3.144667860e+02 -3.719899039e-02 9.967209947e-01 -7.185745449e-02 -3.783492996e+01 -8.723885698e-01 2.681149530e-03 4.888056820e-01 7.342462251e+01
4.562010092e-01 7.966953493e-02 8.863032237e-01 3.154479518e+02 -3.646761225e-02 9.968213306e-01 -7.083324152e-02 -3.797027091e+01 -8.891292102e-01 -7.166029374e-06 4.576562548e-01 7.398727566e+01
4.248779262e-01 8.182847538e-02 9.015447013e-01 3.164322826e+02 -3.761438463e-02 9.966418868e-01 -7.273312601e-02 -3.806974200e+01 -9.044688529e-01 -3.008349408e-03 4.265290658e-01 7.449415714e+01
3.942793191e-01 8.444611025e-02 9.151025478e-01 3.174605282e+02 -3.625273854e-02 9.964232895e-01 -7.633064302e-02 -3.814848462e+01 -9.182753168e-01 -3.079379440e-03 3.959304989e-01 7.492153835e+01
3.654484698e-01 8.544007808e-02 9.269020493e-01 3.185239265e+02 -3.223046168e-02 9.963428529e-01 -7.913353768e-02 -3.820480181e+01 -9.302734078e-01 -9.552507220e-04 3.668657442e-01 7.527793090e+01
3.328003695e-01 8.522721254e-02 9.391380284e-01 3.195361925e+02 -3.000204328e-02 9.963602209e-01 -7.978839209e-02 -3.825172595e+01 -9.425199157e-01 -1.622453410e-03 3.341460402e-01 7.568921193e+01
3.030971876e-01 8.514001919e-02 9.491487091e-01 3.206040409e+02 -2.616737258e-02 9.963689572e-01 -8.101956454e-02 -3.832752631e+01 -9.526003167e-01 -2.799257538e-04 3.042245193e-01 7.597621969e+01
2.653983769e-01 8.872224144e-02 9.600479496e-01 3.216133859e+02 -2.601289661e-02 9.960533872e-01 -8.485858295e-02 -3.839936456e+01 -9.637878557e-01 -2.452297873e-03 2.666588747e-01 7.636496188e+01
2.279692939e-01 9.213033899e-02 9.692997481e-01 3.226529106e+02 -2.535151889e-02 9.957374250e-01 -8.868078097e-02 -3.850218120e+01 -9.733382257e-01 -4.356725854e-03 2.293332017e-01 7.668663160e+01
1.911797206e-01 9.544674999e-02 9.769033895e-01 3.237083773e+02 -2.546926021e-02 9.954082022e-01 -9.227040539e-02 -3.861491098e+01 -9.812245570e-01 -7.240776305e-03 1.927328201e-01 7.695614538e+01
1.588949808e-01 9.655602849e-02 9.825626283e-01 3.247674911e+02 -2.478081551e-02 9.952827404e-01 -9.379860254e-02 -3.871438624e+01 -9.869844458e-01 -9.444576073e-03 1.605381690e-01 7.708988366e+01
1.213661764e-01 9.579673335e-02 9.879743099e-01 3.258403471e+02 -2.453504872e-02 9.953174163e-01 -9.349477122e-02 -3.879052456e+01 -9.923045312e-01 -1.289289493e-02 1.231482466e-01 7.728442401e+01
8.385938526e-02 9.345219246e-02 9.920858286e-01 3.269128025e+02 -2.222582430e-02 9.955204427e-01 -9.189701276e-02 -3.890466609e+01 -9.962297005e-01 -1.434349832e-02 8.556078434e-02 7.743742586e+01
4.412325423e-02 9.147652675e-02 9.948292233e-01 3.279570654e+02 -2.173759405e-02 9.956511905e-01 -9.058798964e-02 -3.904427592e+01 -9.987895752e-01 -1.762815691e-02 4.591985021e-02 7.760517315e+01
4.716460483e-03 9.238338531e-02 9.957123405e-01 3.290273058e+02 -2.165386213e-02 9.954993760e-01 -9.226105683e-02 -3.918859935e+01 -9.997544025e-01 -2.112587211e-02 6.695690556e-03 7.767298059e+01
-3.057884123e-02 9.778464623e-02 9.947377028e-01 3.301008220e+02 -2.220184367e-02 9.948911144e-01 -9.848222504e-02 -3.928596847e+01 -9.992857512e-01 -2.509648330e-02 -2.825161799e-02 7.765447752e+01
-6.697371225e-02 1.023820311e-01 9.924880058e-01 3.311931503e+02 -2.059625139e-02 9.943675944e-01 -1.039657717e-01 -3.938499476e+01 -9.975421376e-01 -2.740450615e-02 -6.448780308e-02 7.765319884e+01
-1.013962352e-01 1.021794535e-01 9.895848436e-01 3.322742471e+02 -1.988348226e-02 9.943046282e-01 -1.047041236e-01 -3.952762499e+01 -9.946474001e-01 -3.029299662e-02 -9.878706260e-02 7.754805197e+01
-1.353439708e-01 1.022026919e-01 9.855133786e-01 3.333366827e+02 -1.845054213e-02 9.942331655e-01 -1.056408546e-01 -3.958145272e+01 -9.906268657e-01 -3.248110885e-02 -1.326777695e-01 7.737656796e+01
-1.699850602e-01 9.834547992e-02 9.805270246e-01 3.344102735e+02 -1.499237281e-02 9.946344833e-01 -1.023595296e-01 -3.968776329e+01 -9.853325875e-01 -3.210001751e-02 -1.675985704e-01 7.721615719e+01
-2.055304813e-01 9.950452423e-02 9.735790009e-01 3.354907706e+02 -1.152696511e-02 9.945025001e-01 -1.040764445e-01 -3.973267522e+01 -9.785828275e-01 -3.261329290e-02 -2.032535923e-01 7.708813230e+01
-2.354735505e-01 1.027713648e-01 9.664317118e-01 3.364807623e+02 -7.063525245e-03 9.941860632e-01 -1.074438377e-01 -3.984356354e+01 -9.718550888e-01 -3.212659674e-02 -2.333785941e-01 7.674377982e+01
-2.710312386e-01 1.051830250e-01 9.568064585e-01 3.375076771e+02 -4.816970642e-03 9.938511150e-01 -1.106198806e-01 -3.997537296e+01 -9.625584993e-01 -3.459035188e-02 -2.688580351e-01 7.647209986e+01
-3.090459186e-01 1.056455219e-01 9.451611735e-01 3.385303202e+02 -2.674629134e-03 9.937106149e-01 -1.119466846e-01 -4.006670946e+01 -9.510433568e-01 -3.712462160e-02 -3.068196473e-01 7.626063471e+01
-3.417087544e-01 1.050755918e-01 9.339134045e-01 3.395669200e+02 -5.655679311e-04 9.937069232e-01 -1.120099594e-01 -4.016116200e+01 -9.398057285e-01 -3.880297519e-02 -3.394989275e-01 7.583495385e+01
-3.709638558e-01 1.032382850e-01 9.228909330e-01 3.405410770e+02 5.691930057e-04 9.938264269e-01 -1.109446222e-01 -4.027071322e+01 -9.286471309e-01 -4.063114177e-02 -3.687324458e-01 7.530206934e+01
-4.077284582e-01 9.967011914e-02 9.076471626e-01 3.415675597e+02 1.404714231e-03 9.940919919e-01 -1.085317394e-01 -4.040171591e+01 -9.131021472e-01 -4.297649388e-02 -4.054596032e-01 7.495373842e+01
-4.413901799e-01 9.766908418e-02 8.919840016e-01 3.425447008e+02 4.870875584e-03 9.943047835e-01 -1.064625383e-01 -4.050844383e+01 -8.973020582e-01 -4.264677585e-02 -4.393521013e-01 7.449991713e+01
-4.731322901e-01 9.506489210e-02 8.758473054e-01 3.435031677e+02 7.197231844e-03 9.945449325e-01 -1.040604491e-01 -4.062746636e+01 -8.809619946e-01 -4.293068245e-02 -4.712355256e-01 7.401508956e+01
-5.029362756e-01 9.348387534e-02 8.592530871e-01 3.443637144e+02 1.094929576e-02 9.947429990e-01 -1.018159071e-01 -4.074636105e+01 -8.642541383e-01 -4.179869692e-02 -5.013159217e-01 7.345789051e+01
-5.327626008e-01 9.089580852e-02 8.413691005e-01 3.452383535e+02 1.236998973e-02 9.949452225e-01 -9.965434016e-02 -4.088901288e+01 -8.461743287e-01 -4.268437831e-02 -5.311939846e-01 7.289392536e+01
-5.602608499e-01 9.285695338e-02 8.230949923e-01 3.460381444e+02 1.578653617e-02 9.947130899e-01 -1.014724298e-01 -4.095657369e+01 -8.281657838e-01 -4.385721091e-02 -5.587646908e-01 7.222629612e+01
-5.917935866e-01 9.324842383e-02 8.006778893e-01 3.468710126e+02 2.050507312e-02 9.947065490e-01 -1.006897383e-01 -4.106990734e+01 -8.058286994e-01 -4.316958267e-02 -5.905730220e-01 7.161940005e+01
-6.173927592e-01 9.244855719e-02 7.812038435e-01 3.476515184e+02 2.222369836e-02 9.947238072e-01 -1.001531559e-01 -4.115800207e+01 -7.863410762e-01 -4.447259468e-02 -6.161898248e-01 7.093322066e+01
-6.448656685e-01 9.029774063e-02 7.589430727e-01 3.484153190e+02 2.344112752e-02 9.948658995e-01 -9.844976161e-02 -4.128855990e+01 -7.639363737e-01 -4.569638999e-02 -6.436715442e-01 7.024489986e+01
-6.761069572e-01 8.835545815e-02 7.314866338e-01 3.492237617e+02 2.433500342e-02 9.949200509e-01 -9.768264860e-02 -4.142984913e+01 -7.364015142e-01 -4.824318857e-02 -6.748224986e-01 6.960415912e+01
-7.060204316e-01 8.712086842e-02 7.028122825e-01 3.500100947e+02 2.484698446e-02 9.948406195e-01 -9.836040397e-02 -4.153651378e+01 -7.077554503e-01 -5.198168900e-02 -7.045424945e-01 6.890194437e+01
-7.292379467e-01 8.734849665e-02 6.786621083e-01 3.506582283e+02 2.694194507e-02 9.947149794e-01 -9.907694643e-02 -4.160905878e+01 -6.837295874e-01 -5.396619173e-02 -7.277372475e-01 6.807883026e+01
-7.518743466e-01 8.694130388e-02 6.535489091e-01 3.512935271e+02 2.981595565e-02 9.947369428e-01 -9.802766674e-02 -4.170144642e+01 -6.586318970e-01 -5.421830259e-02 -7.505094270e-01 6.721056854e+01
-7.782698723e-01 8.315755872e-02 6.223992499e-01 3.520223461e+02 2.878299371e-02 9.948747271e-01 -9.693202026e-02 -4.183191862e+01 -6.272699141e-01 -5.752475733e-02 -7.766745503e-01 6.642460837e+01
-7.997766166e-01 8.540287150e-02 5.941916467e-01 3.526090108e+02 3.349636261e-02 9.946350822e-01 -9.787260538e-02 -4.191885104e+01 -5.993624589e-01 -5.837296234e-02 -7.983465664e-01 6.552896631e+01
-8.243947231e-01 8.336282267e-02 5.598428175e-01 3.532845811e+02 3.450875821e-02 9.946573682e-01 -9.729267918e-02 -4.205047053e+01 -5.649623758e-01 -6.088809089e-02 -8.228670332e-01 6.466657140e+01
-8.449942671e-01 8.327941800e-02 5.282511023e-01 3.538309245e+02 3.652357450e-02 9.944806648e-01 -9.835769329e-02 -4.213751802e+01 -5.335266789e-01 -6.381806846e-02 -8.433721225e-01 6.371747612e+01
-8.626078732e-01 8.288050113e-02 4.990375532e-01 3.543533244e+02 3.948209109e-02 9.945085504e-01 -9.692217368e-02 -4.223600899e+01 -5.043300720e-01 -6.390278398e-02 -8.611432010e-01 6.273519381e+01
-8.813192708e-01 7.879586031e-02 4.659050926e-01 3.548892196e+02 4.029244087e-02 9.949388518e-01 -9.204998799e-02 -4.236263818e+01 -4.708002359e-01 -6.235297490e-02 -8.800336610e-01 6.175416310e+01
-8.972490606e-01 7.854541537e-02 4.344821527e-01 3.552982804e+02 4.318972864e-02 9.949436358e-01 -9.067419100e-02 -4.245191518e+01 -4.394072947e-01 -6.259216642e-02 -8.961045977e-01 6.072340017e+01
-9.125788274e-01 8.040970983e-02 4.009166527e-01 3.557347488e+02 4.826571756e-02 9.948023985e-01 -8.965828689e-02 -4.255706577e+01 -4.060422445e-01 -6.246972439e-02 -9.117166386e-01 5.970769287e+01
-9.269687661e-01 7.707399113e-02 3.671355424e-01 3.561313683e+02 4.877408328e-02 9.951211690e-01 -8.576099210e-02 -4.265183410e+01 -3.719542921e-01 -6.159106150e-02 -9.262054555e-01 5.867046310e+01
-9.392267776e-01 7.902044415e-02 3.340790770e-01 3.564664162e+02 5.528723842e-02 9.952622372e-01 -7.997749961e-02 -4.276032765e+01 -3.388161472e-01 -5.664669965e-02 -9.391457660e-01 5.763102367e+01
-9.504007463e-01 7.480944815e-02 3.018972803e-01 3.567805962e+02 5.539497019e-02 9.958377656e-01 -7.237777252e-02 -4.289231861e+01 -3.060552542e-01 -5.206429818e-02 -9.505890228e-01 5.658813098e+01
-9.597019283e-01 7.211166266e-02 2.716102297e-01 3.570171174e+02 5.513453414e-02 9.960476731e-01 -6.963631333e-02 -4.299468381e+01 -2.755583276e-01 -5.185500070e-02 -9.598847155e-01 5.553110474e+01
-9.684103141e-01 7.680699901e-02 2.372385898e-01 3.573145481e+02 6.143599643e-02 9.955446534e-01 -7.152944479e-02 -4.306694859e+01 -2.416755716e-01 -5.469486294e-02 -9.688144250e-01 5.450281680e+01
-9.765013022e-01 7.264719408e-02 2.028979844e-01 3.575870525e+02 5.866707777e-02 9.955240983e-01 -7.409415422e-02 -4.316622071e+01 -2.073725654e-01 -6.044960625e-02 -9.763925769e-01 5.347219133e+01
-9.816821960e-01 7.265179577e-02 1.761300161e-01 3.577516895e+02 6.015156474e-02 9.953444768e-01 -7.530711566e-02 -4.323939689e+01 -1.807812359e-01 -6.333315862e-02 -9.814820710e-01 5.242012048e+01
-9.858243140e-01 7.502692236e-02 1.500712591e-01 3.579119127e+02 6.456889067e-02 9.952107733e-01 -7.339192820e-02 -4.329893498e+01 -1.548589043e-01 -6.266161255e-02 -9.859473830e-01 5.135981352e+01
-9.883281038e-01 8.021992486e-02 1.295080029e-01 3.580171532e+02 7.181625470e-02 9.950758577e-01 -6.831151367e-02 -4.339961798e+01 -1.343502315e-01 -5.821340906e-02 -9.892225302e-01 5.028057049e+01
-9.904141890e-01 8.340765824e-02 1.101040269e-01 3.581410760e+02 7.662272319e-02 9.949726558e-01 -6.448544336e-02 -4.349908645e+01 -1.149290759e-01 -5.543082772e-02 -9.918259579e-01 4.920032366e+01
-9.919605581e-01 8.587825629e-02 9.294716956e-02 3.582661185e+02 8.038525208e-02 9.948761019e-01 -6.131682521e-02 -4.362851973e+01 -9.773669977e-02 -5.335229050e-02 -9.937811986e-01 4.811070090e+01
-9.926457707e-01 8.923871531e-02 8.179746713e-02 3.583447259e+02 8.428942734e-02 9.945049665e-01 -6.208996683e-02 -4.366955334e+01 -8.688881618e-02 -5.473868131e-02 -9.947130292e-01 4.702189628e+01
-9.934993725e-01 8.857827628e-02 7.150444586e-02 3.584091944e+02 8.425508112e-02 9.945524416e-01 -6.137199816e-02 -4.376922260e+01 -7.655114703e-02 -5.494842878e-02 -9.955503965e-01 4.593700788e+01
-9.939058462e-01 9.024596819e-02 6.329955826e-02 3.584376390e+02 8.643728834e-02 9.944167215e-01 -6.053081121e-02 -4.384111397e+01 -6.840880086e-02 -5.469048497e-02 -9.961572099e-01 4.484843458e+01
-9.946605085e-01 8.796642468e-02 5.396648062e-02 3.585096915e+02 8.471721404e-02 9.946088131e-01 -5.980219592e-02 -4.392038019e+01 -5.893612260e-02 -5.491099271e-02 -9.967503781e-01 4.376113043e+01
-9.953267383e-01 8.521139204e-02 4.542799393e-02 3.586004213e+02 8.253423410e-02 9.949066921e-01 -5.786859453e-02 -4.401489298e+01 -5.012767866e-02 -5.384879476e-02 -9.972900898e-01 4.266936564e+01
-9.956210242e-01 8.513019808e-02 3.862156963e-02 3.585997170e+02 8.283868000e-02 9.949032950e-01 -5.749075385e-02 -4.409372596e+01 -4.331892614e-02 -5.403964338e-02 -9.975987107e-01 4.158019731e+01
-9.958842105e-01 8.590709155e-02 2.888963453e-02 3.587084871e+02 8.416719505e-02 9.948291564e-01 -5.684041544e-02 -4.414671490e+01 -3.362324552e-02 -5.417491275e-02 -9.979652079e-01 4.049750149e+01
-9.960678296e-01 8.634550622e-02 1.983260830e-02 3.588399439e+02 8.511167278e-02 9.947768570e-01 -5.634720846e-02 -4.419348933e+01 -2.459434799e-02 -5.443765517e-02 -9.982142354e-01 3.941642339e+01
-9.965179252e-01 8.277774372e-02 9.993491087e-03 3.589109050e+02 8.210545751e-02 9.950922016e-01 -5.522865410e-02 -4.427525666e+01 -1.451614842e-02 -5.421582364e-02 -9.984237206e-01 3.833801890e+01
-9.965203134e-01 8.333256734e-02 1.717005379e-03 3.589254707e+02 8.312898613e-02 9.951639927e-01 -5.232780540e-02 -4.437061061e+01 -6.069312296e-03 -5.200298812e-02 -9.986284858e-01 3.726388360e+01
-9.963883727e-01 8.477007665e-02 -4.923898401e-03 3.588960967e+02 8.491058040e-02 9.951179515e-01 -5.030363648e-02 -4.444856100e+01 6.356165706e-04 -5.054004956e-02 -9.987218328e-01 3.619597569e+01
-9.960280202e-01 8.837843473e-02 -1.083675424e-02 3.588883332e+02 8.881663546e-02 9.947617608e-01 -5.060281093e-02 -4.451311230e+01 6.307791510e-03 -5.136430164e-02 -9.986600624e-01 3.513637421e+01
-9.956993106e-01 9.158452491e-02 -1.396988736e-02 3.588398362e+02 9.217782213e-02 9.944684370e-01 -5.035649815e-02 -4.455498838e+01 9.280736088e-03 -5.142764428e-02 -9.986335991e-01 3.409200906e+01
-9.955249705e-01 9.367437553e-02 -1.245570226e-02 3.587656898e+02 9.418636019e-02 9.942863188e-01 -5.023590179e-02 -4.458211206e+01 7.678717615e-03 -5.118425191e-02 -9.986597066e-01 3.304927733e+01
-9.953589233e-01 9.536716319e-02 -1.287314978e-02 3.587395531e+02 9.588587239e-02 9.942010307e-01 -4.868480356e-02 -4.461449521e+01 8.155567170e-03 -4.969320685e-02 -9.987312311e-01 3.201062331e+01
-9.951279853e-01 9.807952979e-02 -1.003487491e-02 3.586922629e+02 9.845643006e-02 9.939301450e-01 -4.908358349e-02 -4.467350297e+01 5.159869891e-03 -4.983244551e-02 -9.987442631e-01 3.098541849e+01
-9.947903757e-01 1.017310767e-01 -6.549541180e-03 3.586312138e+02 1.019337662e-01 9.934590468e-01 -5.146483964e-02 -4.469956882e+01 1.271127389e-03 -5.186434656e-02 -9.986533301e-01 2.997099295e+01
-9.946411901e-01 1.033327996e-01 -3.351943238e-03 3.586639239e+02 1.033655545e-01 9.932479936e-01 -5.266863657e-02 -4.477396074e+01 -2.113086773e-03 -5.273287083e-02 -9.986064186e-01 2.897191040e+01
-9.945509558e-01 1.041984621e-01 3.328177942e-03 3.586870621e+02 1.038765116e-01 9.931731869e-01 -5.307250809e-02 -4.488133152e+01 -8.835530816e-03 -5.243759413e-02 -9.985851151e-01 2.798659942e+01
-9.944437654e-01 1.043377414e-01 1.397258849e-02 3.586865669e+02 1.034323429e-01 9.931336938e-01 -5.465543629e-02 -4.494584267e+01 -1.957927319e-02 -5.290654030e-02 -9.984075070e-01 2.701380892e+01
-9.940505265e-01 1.057017540e-01 2.628098138e-02 3.587245211e+02 1.042100470e-01 9.931522675e-01 -5.280946514e-02 -4.502016300e+01 -3.168306935e-02 -4.975653432e-02 -9.982587192e-01 2.605171736e+01
-9.936876820e-01 1.048663059e-01 3.984781637e-02 3.587765594e+02 1.028452297e-01 9.934511045e-01 -4.977711912e-02 -4.509007159e+01 -4.480679979e-02 -4.536475229e-02 -9.979651246e-01 2.510943933e+01
-9.932223714e-01 1.020126297e-01 5.570228361e-02 3.588722144e+02 9.935201210e-02 9.938639918e-01 -4.861628902e-02 -4.521001543e+01 -6.031996943e-02 -4.275265192e-02 -9.972631107e-01 2.420503071e+01
-9.914290478e-01 1.053945458e-01 7.720383931e-02 3.588866159e+02 1.016227075e-01 9.935012122e-01 -5.126564769e-02 -4.525448501e+01 -8.210522759e-02 -4.298058909e-02 -9.956964400e-01 2.331157917e+01
-9.884193684e-01 1.106012669e-01 1.038966401e-01 3.589051742e+02 1.055238198e-01 9.929940752e-01 -5.317414862e-02 -4.530779237e+01 -1.090498763e-01 -4.159478806e-02 -9.931656448e-01 2.244434006e+01
-9.852990142e-01 1.117126386e-01 1.292522301e-01 3.590604908e+02 1.053222712e-01 9.929002476e-01 -5.528397160e-02 -4.537300119e+01 -1.345104896e-01 -4.085810429e-02 -9.900694640e-01 2.161512413e+01
-9.809634674e-01 1.135576552e-01 1.575288375e-01 3.592055334e+02 1.053299833e-01 9.926462724e-01 -5.965712487e-02 -4.540244444e+01 -1.631449366e-01 -4.192895024e-02 -9.857107551e-01 2.080492547e+01
-9.743476914e-01 1.165364385e-01 1.925248940e-01 3.593312697e+02 1.059196371e-01 9.922752528e-01 -6.458214222e-02 -4.544002322e+01 -1.985638607e-01 -4.253329427e-02 -9.791645991e-01 2.000717669e+01
-9.654708727e-01 1.187926827e-01 2.318497196e-01 3.595706292e+02 1.054973808e-01 9.920249263e-01 -6.896990852e-02 -4.550438175e+01 -2.381938215e-01 -4.212889962e-02 -9.703034882e-01 1.924212074e+01
-9.528047203e-01 1.194855005e-01 2.790813147e-01 3.597013209e+02 1.034278910e-01 9.920546085e-01 -7.162628802e-02 -4.557315375e+01 -2.854222073e-01 -3.938107352e-02 -9.575924470e-01 1.847345058e+01
-9.381750810e-01 1.166399454e-01 3.259181500e-01 3.600147925e+02 9.785468546e-02 9.924821134e-01 -7.350996575e-02 -4.565240370e+01 -3.320421327e-01 -3.707260002e-02 -9.425357523e-01 1.775785557e+01
-9.192899585e-01 1.123055456e-01 3.772180228e-01 3.602845340e+02 9.117054085e-02 9.931201084e-01 -7.348729700e-02 -4.574668733e+01 -3.828758347e-01 -3.316496305e-02 -9.232043005e-01 1.703481254e+01
-8.946774254e-01 1.061532478e-01 4.339168037e-01 3.605102227e+02 8.211756986e-02 9.938843470e-01 -7.382824337e-02 -4.581942200e+01 -4.391002269e-01 -3.042026926e-02 -8.979229354e-01 1.633140238e+01
-8.680526240e-01 9.830641771e-02 4.866420555e-01 3.609082167e+02 7.197217690e-02 9.947630369e-01 -7.257069792e-02 -4.589564499e+01 -4.912276944e-01 -2.797049665e-02 -8.705819913e-01 1.568606047e+01
-8.362060568e-01 9.467411072e-02 5.401816762e-01 3.613095362e+02 6.429422748e-02 9.951177202e-01 -7.487973873e-02 -4.589690338e+01 -5.446335308e-01 -2.788432750e-02 -8.382104637e-01 1.504395374e+01
-8.006202797e-01 8.786942799e-02 5.926939609e-01 3.617362961e+02 5.594817589e-02 9.958298561e-01 -7.206038600e-02 -4.597291570e+01 -5.965542468e-01 -2.453286042e-02 -8.021977122e-01 1.448058504e+01
-7.609142970e-01 8.315649887e-02 6.435016933e-01 3.622205583e+02 4.929977615e-02 9.962962066e-01 -7.045140725e-02 -4.603344781e+01 -6.469767884e-01 -2.188299359e-02 -7.621956244e-01 1.391700901e+01
-7.178837176e-01 7.711618102e-02 6.918786474e-01 3.627339000e+02 3.919859236e-02 9.967466323e-01 -7.042457909e-02 -4.607709717e+01 -6.950585863e-01 -2.343598958e-02 -7.185710236e-01 1.338537717e+01
-6.696453943e-01 7.901703734e-02 7.384655400e-01 3.632301482e+02 3.503512026e-02 9.965779994e-01 -7.486542171e-02 -4.609856495e+01 -7.418541543e-01 -2.426105584e-02 -6.701222388e-01 1.290646610e+01
-6.187641039e-01 8.071776616e-02 7.814189824e-01 3.638162246e+02 2.969814426e-02 9.963997042e-01 -7.940812049e-02 -4.614695911e+01 -7.850152890e-01 -2.592820085e-02 -6.189335379e-01 1.244016378e+01
-5.649545816e-01 8.316805735e-02 8.209198469e-01 3.643965557e+02 2.497591460e-02 9.961750156e-01 -8.373495135e-02 -4.621677992e+01 -8.247439145e-01 -2.680322042e-02 -5.648708374e-01 1.205703802e+01
-5.089427630e-01 8.069939597e-02 8.570092598e-01 3.650727729e+02 1.741257607e-02 9.963572826e-01 -8.348034223e-02 -4.627095268e+01 -8.606242305e-01 -2.756397711e-02 -5.084940127e-01 1.166512276e+01
-4.534827783e-01 7.608137542e-02 8.880118209e-01 3.658046793e+02 1.078207137e-02 9.967452805e-01 -7.989113043e-02 -4.632343108e+01 -8.911998186e-01 -2.665464495e-02 -4.528271339e-01 1.133331383e+01
-4.014079738e-01 6.484988480e-02 9.136006409e-01 3.665495595e+02 2.749030324e-03 9.975710179e-01 -6.960249374e-02 -4.639381256e+01 -9.158952350e-01 -2.542748012e-02 -4.006112353e-01 1.111894670e+01
-3.453849463e-01 5.672413818e-02 9.367452220e-01 3.673633094e+02 1.261241444e-03 9.981987584e-01 -5.998039719e-02 -4.647154947e+01 -9.384602539e-01 -1.953486437e-02 -3.448343674e-01 1.081532568e+01
-2.921051392e-01 5.378487300e-02 9.548726486e-01 3.682120557e+02 1.476912963e-03 9.984415910e-01 -5.578716741e-02 -4.651807089e+01 -9.563850722e-01 -1.488545451e-02 -2.917293555e-01 1.058527172e+01
-2.419795161e-01 5.551498847e-02 9.686919014e-01 3.690419761e+02 8.207475305e-05 9.983630276e-01 -5.719491562e-02 -4.658944329e+01 -9.702813546e-01 -1.376049286e-02 -2.415879587e-01 1.040207632e+01
-1.917757801e-01 6.554392394e-02 9.792476930e-01 3.699172829e+02 -2.209596494e-03 9.977361262e-01 -6.721413625e-02 -4.664028212e+01 -9.814362780e-01 -1.505378568e-02 -1.911967983e-01 1.020953915e+01
-1.512238324e-01 7.503272232e-02 9.856477277e-01 3.707801833e+02 -3.247019737e-03 9.970719181e-01 -7.640056890e-02 -4.671409774e+01 -9.884942131e-01 -1.475400445e-02 -1.505374039e-01 1.014328189e+01
-1.085367025e-01 8.598439199e-02 9.903668353e-01 3.716771798e+02 -4.697925792e-03 9.961967620e-01 -8.700540767e-02 -4.675657305e+01 -9.940813416e-01 -1.409594995e-02 -1.077199633e-01 1.001218291e+01
-7.272607792e-02 8.960894459e-02 9.933182545e-01 3.725992219e+02 -8.104055785e-03 9.958696183e-01 -9.043244824e-02 -4.683664482e+01 -9.973190271e-01 -1.462670382e-02 -7.169949557e-02 9.975698017e+00
-3.557809855e-02 9.007313652e-02 9.952994670e-01 3.735166893e+02 -1.003859221e-02 9.958475340e-01 -9.048157655e-02 -4.693023001e+01 -9.993164792e-01 -1.321056792e-02 -3.452615421e-02 9.946534838e+00
-4.975117339e-03 9.196594683e-02 9.957497240e-01 3.744568651e+02 -1.365072667e-02 9.956630187e-01 -9.202614271e-02 -4.702105263e+01 -9.998944474e-01 -1.405054817e-02 -3.698138344e-03 9.993069334e+00
2.637265007e-02 9.405555405e-02 9.952175823e-01 3.753854239e+02 -1.604976910e-02 9.954753735e-01 -9.365460831e-02 -4.712038007e+01 -9.995233305e-01 -1.350309219e-02 2.776289360e-02 1.003074920e+01
5.885987037e-02 9.722912328e-02 9.935200115e-01 3.763326261e+02 -2.100797699e-02 9.951457516e-01 -9.614363180e-02 -4.721529938e+01 -9.980451796e-01 -1.521284384e-02 6.061673713e-02 1.007938891e+01
9.373019503e-02 9.986504778e-02 9.905764094e-01 3.772829683e+02 -2.415597388e-02 9.948917843e-01 -9.801441920e-02 -4.730260921e+01 -9.953045461e-01 -1.474142725e-02 9.566373847e-02 1.012426005e+01
1.205276583e-01 1.003406924e-01 9.876258548e-01 3.781989461e+02 -3.043044379e-02 9.947844605e-01 -9.735432806e-02 -4.740631333e+01 -9.922434538e-01 -1.832000387e-02 1.229524533e-01 1.030482725e+01
1.460084803e-01 1.026131876e-01 9.839471822e-01 3.791405611e+02 -3.454310131e-02 9.945283448e-01 -9.859079800e-02 -4.749845911e+01 -9.886800786e-01 -1.959349461e-02 1.487541500e-01 1.051900127e+01
1.769744917e-01 1.042553479e-01 9.786781145e-01 3.800787580e+02 -3.778123026e-02 9.943605809e-01 -9.909396447e-02 -4.759415146e+01 -9.834900141e-01 -1.943855920e-02 1.799153537e-01 1.067705392e+01
2.069986172e-01 1.054476933e-01 9.726419467e-01 3.810293565e+02 -3.976347185e-02 9.942598465e-01 -9.932886808e-02 -4.769028511e+01 -9.775328326e-01 -1.811468232e-02 2.100033798e-01 1.086902408e+01
2.319854135e-01 1.065418916e-01 9.668668953e-01 3.819632334e+02 -4.312756444e-02 9.941326164e-01 -9.919855989e-02 -4.778963595e+01 -9.717627185e-01 -1.868599539e-02 2.352191584e-01 1.114872081e+01
2.597178799e-01 1.091152975e-01 9.595001171e-01 3.828798982e+02 -4.707795655e-02 9.938450570e-01 -1.002779576e-01 -4.787986079e+01 -9.645363077e-01 -1.912732628e-02 2.632562564e-01 1.143402969e+01
2.907611064e-01 1.094836160e-01 9.505110819e-01 3.838252548e+02 -4.769521111e-02 9.938550774e-01 -9.988619504e-02 -4.796545286e+01 -9.556061667e-01 -1.629180612e-02 2.941962461e-01 1.171168749e+01
3.207951755e-01 1.084262866e-01 9.409219924e-01 3.847277304e+02 -4.781397223e-02 9.940131823e-01 -9.824264640e-02 -4.807673125e+01 -9.459409492e-01 -1.347345102e-02 3.240589247e-01 1.207582736e+01
3.519115834e-01 1.080186571e-01 9.297796552e-01 3.856013382e+02 -4.733881528e-02 9.941017662e-01 -9.757415084e-02 -4.819220260e+01 -9.348354262e-01 -9.677193421e-03 3.549494019e-01 1.246468285e+01
3.882892607e-01 1.123221491e-01 9.146667070e-01 3.865228069e+02 -4.908639944e-02 9.936560142e-01 -1.011842418e-01 -4.828085206e+01 -9.202293059e-01 -5.608940898e-03 3.913394490e-01 1.279068486e+01
4.216576007e-01 1.127529747e-01 8.997175304e-01 3.873555054e+02 -5.100004768e-02 9.936170304e-01 -1.006190444e-01 -4.839644406e+01 -9.053197573e-01 -3.458852117e-03 4.247165802e-01 1.325901577e+01
4.537442551e-01 1.149714609e-01 8.836841710e-01 3.881953695e+02 -5.691493534e-02 9.933566457e-01 -1.000163212e-01 -4.849835066e+01 -8.893125666e-01 -4.912996314e-03 4.572734645e-01 1.377558217e+01
4.878401630e-01 1.165626122e-01 8.651156760e-01 3.890683992e+02 -6.083416906e-02 9.931749549e-01 -9.951237571e-02 -4.858470602e+01 -8.708106449e-01 -4.082459704e-03 4.916016215e-01 1.424808150e+01
5.183219245e-01 1.188621822e-01 8.468849770e-01 3.898232889e+02 -6.629990713e-02 9.928984247e-01 -9.877773286e-02 -4.866690800e+01 -8.526116964e-01 -4.949730723e-03 5.225215740e-01 1.484613842e+01
5.531918399e-01 1.178429241e-01 8.246768055e-01 3.906645821e+02 -6.783309432e-02 9.930288070e-01 -9.639740508e-02 -4.878149368e+01 -8.302875764e-01 -2.614121654e-03 5.573290830e-01 1.535618079e+01
5.840324211e-01 1.189981558e-01 8.029605034e-01 3.914528855e+02 -7.045242524e-02 9.928943172e-01 -9.590271487e-02 -4.889012270e+01 -8.086671669e-01 -5.602200682e-04 5.882661807e-01 1.594487986e+01
6.139107789e-01 1.216011108e-01 7.799530277e-01 3.922702112e+02 -7.487290413e-02 9.925789581e-01 -9.581784844e-02 -4.896044008e+01 -7.858165204e-01 4.262616921e-04 6.184595496e-01 1.646594782e+01
6.385160178e-01 1.220438633e-01 7.598701142e-01 3.930080180e+02 -7.716675683e-02 9.925231715e-01 -9.456767756e-02 -4.906539314e+01 -7.657301004e-01 1.746264572e-03 6.431596722e-01 1.711980622e+01
6.599892666e-01 1.206307255e-01 7.415270703e-01 3.936806484e+02 -7.724397866e-02 9.926896774e-01 -9.273926990e-02 -4.919180427e+01 -7.472934736e-01 3.928421531e-03 6.644825293e-01 1.781196975e+01
6.790602794e-01 1.254246336e-01 7.232881847e-01 3.943894959e+02 -8.242704141e-02 9.920922290e-01 -9.465089574e-02 -4.928218231e+01 -7.294401413e-01 4.655158557e-03 6.840288077e-01 1.848969720e+01
6.957059932e-01 1.277208948e-01 7.068808556e-01 3.950524727e+02 -8.405977683e-02 9.917803220e-01 -9.646629852e-02 -4.938626067e+01 -7.133912846e-01 7.691935060e-03 7.007237039e-01 1.920334343e+01
7.134859512e-01 1.303392382e-01 6.884398887e-01 3.957830561e+02 -8.566545695e-02 9.914016027e-01 -9.891557814e-02 -4.946248070e+01 -6.954129902e-01 1.159935771e-02 7.185166859e-01 1.983556910e+01
7.276182703e-01 1.281946027e-01 6.738974674e-01 3.964156987e+02 -8.335619457e-02 9.916264135e-01 -9.863468437e-02 -4.952530473e+01 -6.808989629e-01 1.559487001e-02 7.322113099e-01 2.057602246e+01
7.432237942e-01 1.227989046e-01 6.576768362e-01 3.970602303e+02 -7.949812731e-02 9.922564543e-01 -9.543152865e-02 -4.960637081e+01 -6.643029727e-01 1.864290595e-02 7.472308897e-01 2.129787191e+01
7.562545765e-01 1.198802822e-01 6.432011609e-01 3.976550778e+02 -7.868139062e-02 9.925999918e-01 -9.249051315e-02 -4.969754455e+01 -6.495292559e-01 1.933841206e-02 7.600906338e-01 2.206246501e+01
7.684079782e-01 1.154843636e-01 6.294541610e-01 3.981717580e+02 -7.533499101e-02 9.930675470e-01 -9.023018519e-02 -4.982716221e+01 -6.355106751e-01 2.191367062e-02 7.717810395e-01 2.287178441e+01
7.802748800e-01 1.148958030e-01 6.147927017e-01 3.987285455e+02 -7.548732021e-02 9.930959560e-01 -8.978912322e-02 -4.990207054e+01 -6.208645393e-01 2.365114381e-02 7.835610042e-01 2.364666032e+01
7.952467263e-01 1.151233832e-01 5.952556181e-01 3.993957756e+02 -7.698663277e-02 9.930337595e-01 -8.920207846e-02 -5.000116752e+01 -6.013781694e-01 2.511093520e-02 7.985698080e-01 2.433478146e+01
8.053347937e-01 1.066692165e-01 5.831445346e-01 3.998177664e+02 -7.118070286e-02 9.939611221e-01 -8.351404247e-02 -5.022697667e+01 -5.885313734e-01 2.574812632e-02 8.080642651e-01 2.516806482e+01
8.176140698e-01 1.047593287e-01 5.661560880e-01 4.003743941e+02 -7.025247745e-02 9.941125278e-01 -8.249164499e-02 -5.032260566e+01 -5.714646291e-01 2.767246178e-02 8.201599920e-01 2.593703794e+01
8.301544902e-01 1.002939405e-01 5.484383720e-01 4.009027354e+02 -6.768327068e-02 9.945405494e-01 -7.942336244e-02 -5.042511524e+01 -5.534098817e-01 2.881355818e-02 8.324105247e-01 2.673583136e+01
8.389428700e-01 9.844561724e-02 5.352413673e-01 4.012848430e+02 -6.695503089e-02 9.947019273e-01 -7.800704873e-02 -5.045976149e+01 -5.400850717e-01 2.960635507e-02 8.410895191e-01 2.761649755e+01
8.510522219e-01 9.495775795e-02 5.164234114e-01 4.017833049e+02 -6.547619112e-02 9.950271912e-01 -7.505835790e-02 -5.054430906e+01 -5.209827099e-01 3.006514428e-02 8.530375743e-01 2.843403560e+01
8.613922403e-01 9.259262024e-02 4.994296897e-01 4.022076877e+02 -6.474784784e-02 9.952396808e-01 -7.284019524e-02 -5.062451709e+01 -5.037967095e-01 3.040698141e-02 8.632869112e-01 2.929159948e+01
8.759735112e-01 8.808523924e-02 4.742482454e-01 4.027503409e+02 -6.201466066e-02 9.955912784e-01 -7.037178571e-02 -5.072020796e+01 -4.783561325e-01 3.223347620e-02 8.775741641e-01 3.007039239e+01
8.887671828e-01 8.555759327e-02 4.503030012e-01 4.032046835e+02 -6.109806174e-02 9.957711281e-01 -6.860675785e-02 -5.079197703e+01 -4.542685566e-01 3.346279433e-02 8.902361034e-01 3.090989361e+01
8.984873725e-01 8.374144202e-02 4.309382929e-01 4.034979226e+02 -6.082362926e-02 9.959164338e-01 -6.671538809e-02 -5.086136965e+01 -4.347653707e-01 3.373170278e-02 8.999117983e-01 3.182690958e+01
9.123324052e-01 8.207526453e-02 4.011399175e-01 4.039684671e+02 -6.146089376e-02 9.960545828e-01 -6.401426838e-02 -5.093446566e+01 -4.048112412e-01 3.374787358e-02 9.137772924e-01 3.265975450e+01
9.226535842e-01 8.197684800e-02 3.768158169e-01 4.043150136e+02 -6.301055439e-02 9.960595946e-01 -6.240956741e-02 -5.098449168e+01 -3.804471495e-01 3.383903753e-02 9.241833617e-01 3.356660677e+01
9.350953514e-01 7.958323812e-02 3.453450332e-01 4.047023978e+02 -6.237211084e-02 9.962062960e-01 -6.068554620e-02 -5.104785549e+01 -3.488644487e-01 3.520687346e-02 9.365116510e-01 3.445612724e+01
9.452290693e-01 7.569630772e-02 3.175091738e-01 4.050146363e+02 -6.061669836e-02 9.965253343e-01 -5.712157151e-02 -5.112352759e+01 -3.207298277e-01 3.474661206e-02 9.465331746e-01 3.536943069e+01
9.550439809e-01 7.219348095e-02 2.875397293e-01 4.053155278e+02 -5.886456411e-02 9.967636933e-01 -5.474580194e-02 -5.118155776e+01 -2.905614526e-01 3.535874779e-02 9.562028034e-01 3.629736240e+01
9.640728932e-01 6.725381431e-02 2.569832311e-01 4.055999932e+02 -5.537523781e-02 9.970477298e-01 -5.319217558e-02 -5.124369819e+01 -2.598019239e-01 3.705062707e-02 9.649508855e-01 3.723126588e+01
9.709677188e-01 6.469014956e-02 2.302973592e-01 4.058062928e+02 -5.419123037e-02 9.971947820e-01 -5.163213462e-02 -5.130982648e+01 -2.329914154e-01 3.765303872e-02 9.717495814e-01 3.819571678e+01
9.772309483e-01 6.192516323e-02 2.029407495e-01 4.060240920e+02 -5.230541350e-02 9.972537327e-01 -5.243220682e-02 -5.135183592e+01 -2.056302929e-01 4.062347538e-02 9.777862322e-01 3.917055405e+01
9.818369289e-01 5.989367078e-02 1.800249793e-01 4.061819937e+02 -5.119498884e-02 9.973031908e-01 -5.258724873e-02 -5.139540278e+01 -1.826891296e-01 4.241572600e-02 9.822553579e-01 4.016530916e+01
9.854862615e-01 5.914937024e-02 1.591168767e-01 4.063406913e+02 -5.157649624e-02 9.973499324e-01 -5.131254534e-02 -5.144872861e+01 -1.617303110e-01 4.236111747e-02 9.859253736e-01 4.115996765e+01
9.888968426e-01 5.536728124e-02 1.379039482e-01 4.065377681e+02 -4.929980682e-02 9.976759626e-01 -4.703405805e-02 -5.150922342e+01 -1.401876022e-01 3.971319349e-02 9.893282056e-01 4.216551069e+01
9.904553155e-01 6.130718070e-02 1.234491701e-01 4.066312624e+02 -5.572973918e-02 9.972846617e-01 -4.814041728e-02 -5.154530756e+01 -1.260653171e-01 4.080114214e-02 9.911825274e-01 4.319088746e+01
9.921682620e-01 5.897989499e-02 1.101068198e-01 4.067662648e+02 -5.366457760e-02 9.972745748e-01 -5.063136883e-02 -5.159739076e+01 -1.127929647e-01 4.432600125e-02 9.926293128e-01 4.422382925e+01
9.929195702e-01 6.214615230e-02 1.012352848e-01 4.068183448e+02 -5.700369783e-02 9.969702245e-01 -5.292400057e-02 -5.167160615e+01 -1.042175876e-01 4.677849032e-02 9.934538073e-01 4.526956439e+01
9.937321426e-01 6.364240597e-02 9.190251861e-02 4.069788004e+02 -5.897677574e-02 9.968713916e-01 -5.262288952e-02 -5.171069178e+01 -9.496403892e-02 4.687294252e-02 9.943765678e-01 4.632175588e+01
9.945509837e-01 6.253756357e-02 8.341099480e-02 4.071772300e+02 -5.834460997e-02 9.969519565e-01 -5.179481579e-02 -5.174327367e+01 -8.639587605e-02 4.664600304e-02 9.951682787e-01 4.737761974e+01
9.951247634e-01 6.130868924e-02 7.725250682e-02 4.073056884e+02 -5.745767839e-02 9.970380368e-01 -5.112502756e-02 -5.181492140e+01 -8.015809616e-02 4.643703126e-02 9.956998954e-01 4.844898624e+01
9.957991287e-01 5.852147122e-02 7.042252968e-02 4.074233074e+02 -5.493164413e-02 9.971415616e-01 -5.187697528e-02 -5.188736314e+01 -7.325714814e-02 4.779062144e-02 9.961673789e-01 4.953253219e+01
9.959832451e-01 5.919738961e-02 6.717919695e-02 4.074888316e+02 -5.558630448e-02 9.969704310e-01 -5.440700797e-02 -5.193768089e+01 -7.019642578e-02 5.045422506e-02 9.962564093e-01 5.062547595e+01
9.959969210e-01 5.895227826e-02 6.719198117e-02 4.075096383e+02 -5.534242053e-02 9.969856392e-01 -5.437694067e-02 -5.201204757e+01 -7.019508483e-02 5.044069860e-02 9.962571887e-01 5.172929137e+01
9.961625535e-01 5.811034287e-02 6.544734588e-02 4.075405665e+02 -5.467271069e-02 9.970889541e-01 -5.314614151e-02 -5.208394432e+01 -6.834516616e-02 4.936401223e-02 9.964397285e-01 5.284651431e+01
9.963299478e-01 5.896278633e-02 6.204856962e-02 4.076314950e+02 -5.578315401e-02 9.970989675e-01 -5.178695448e-02 -5.214074289e+01 -6.492206784e-02 4.813562874e-02 9.967286925e-01 5.397227375e+01
9.965649333e-01 5.924398104e-02 5.786609089e-02 4.076971703e+02 -5.630012711e-02 9.970979375e-01 -5.124449972e-02 -5.220897740e+01 -6.073408805e-02 4.781060317e-02 9.970082832e-01 5.511280083e+01
9.967351709e-01 5.862906686e-02 5.551244507e-02 4.077530475e+02 -5.578876114e-02 9.971185197e-01 -5.140303205e-02 -5.226933123e+01 -5.836619886e-02 4.813823940e-02 9.971339412e-01 5.625926685e+01
9.969832873e-01 5.741305201e-02 5.223089382e-02 4.078090138e+02 -5.465873594e-02 9.971125305e-01 -5.271645052e-02 -5.232737833e+01 -5.510669102e-02 4.970254550e-02 9.972426533e-01 5.740690628e+01
9.971668797e-01 5.691259863e-02 4.918506007e-02 4.078693236e+02 -5.430924764e-02 9.971305052e-01 -5.273766485e-02 -5.239104147e+01 -5.204536135e-02 4.991704910e-02 9.973963949e-01 5.856169584e+01
9.976112247e-01 5.238335731e-02 4.503141486e-02 4.079459710e+02 -4.995668955e-02 9.973215864e-01 -5.342267777e-02 -5.245519435e+01 -4.770926132e-02 5.104544258e-02 9.975561083e-01 5.973012832e+01
9.977484241e-01 5.300360692e-02 4.109379419e-02 4.080300807e+02 -5.076610921e-02 9.972656427e-01 -5.370325868e-02 -5.254998733e+01 -4.382789549e-02 5.149616967e-02 9.977110103e-01 6.091563746e+01
9.979050135e-01 5.187803688e-02 3.865557225e-02 4.080785859e+02 -4.981836653e-02 9.973793177e-01 -5.246548390e-02 -5.262548857e+01 -4.127607458e-02 5.042981196e-02 9.978743006e-01 6.211358056e+01
9.980359886e-01 4.996643898e-02 3.778254226e-02 4.081053835e+02 -4.802807419e-02 9.975645695e-01 -5.057898623e-02 -5.270888117e+01 -4.021777733e-02 4.866502578e-02 9.980051331e-01 6.332339441e+01
9.983315986e-01 4.722156068e-02 3.322865520e-02 4.081994029e+02 -4.550209464e-02 9.976754301e-01 -5.072766154e-02 -5.276967632e+01 -3.554685221e-02 4.913105402e-02 9.981595869e-01 6.453931328e+01
9.981641302e-01 5.018496081e-02 3.390927295e-02 4.081945960e+02 -4.843130866e-02 9.975391302e-01 -5.069607563e-02 -5.282762049e+01 -3.637000721e-02 4.896073378e-02 9.981383016e-01 6.576881732e+01
9.982914216e-01 4.763827713e-02 3.383536751e-02 4.081731258e+02 -4.591849521e-02 9.976978243e-01 -4.990534213e-02 -5.293025755e+01 -3.613487706e-02 4.826640578e-02 9.981806574e-01 6.700054409e+01
9.983245967e-01 4.843981222e-02 3.164781460e-02 4.082468709e+02 -4.681275709e-02 9.976377605e-01 -5.027389604e-02 -5.297700027e+01 -3.400831297e-02 4.870814553e-02 9.982339161e-01 6.824484527e+01
9.984272741e-01 4.978228277e-02 2.578182662e-02 4.083279406e+02 -4.845259512e-02 9.975803292e-01 -4.985812633e-02 -5.306008810e+01 -2.820149443e-02 4.853051676e-02 9.984234896e-01 6.949016723e+01
9.985187066e-01 5.142801663e-02 1.776377149e-02 4.084538060e+02 -5.049258239e-02 9.974916201e-01 -4.960813449e-02 -5.314284481e+01 -2.027046117e-02 4.863771159e-02 9.986107757e-01 7.073899007e+01
9.983826262e-01 5.423289260e-02 1.705652427e-02 4.084723585e+02 -5.332240541e-02 9.973277761e-01 -4.994024561e-02 -5.320780422e+01 -1.971934940e-02 4.894997867e-02 9.986065526e-01 7.200474789e+01
9.984259772e-01 5.423711411e-02 1.427947721e-02 4.085016700e+02 -5.346457188e-02 9.973253767e-01 -4.983605657e-02 -5.328316787e+01 -1.694424887e-02 4.899416735e-02 9.986553279e-01 7.327062235e+01
9.985865032e-01 5.173723881e-02 1.217594542e-02 4.085017335e+02 -5.109069766e-02 9.975166804e-01 -4.847899431e-02 -5.338973724e+01 -1.465387796e-02 4.778839186e-02 9.987499855e-01 7.453516293e+01
9.987131043e-01 5.021407259e-02 7.119148678e-03 4.085754331e+02 -4.980655817e-02 9.975558742e-01 -4.900596579e-02 -5.344477771e+01 -9.562537706e-03 4.858831992e-02 9.987731139e-01 7.580044479e+01
9.990429096e-01 4.372033159e-02 -1.340640973e-03 4.086405936e+02 -4.373380171e-02 9.978604963e-01 -4.859819543e-02 -5.352438334e+01 -7.869565525e-04 4.861031389e-02 9.988175099e-01 7.706265672e+01
9.989905508e-01 4.439393774e-02 -6.859857141e-03 4.086546394e+02 -4.468835578e-02 9.976800240e-01 -5.135679626e-02 -5.358903742e+01 4.564012021e-03 5.161150992e-02 9.986568088e-01 7.832472749e+01
9.990898914e-01 4.135449757e-02 -1.044961685e-02 4.086333712e+02 -4.186711451e-02 9.976169983e-01 -5.484039873e-02 -5.367157348e+01 8.156818260e-03 5.522798331e-02 9.984404520e-01 7.958270381e+01
9.991469904e-01 3.936875171e-02 -1.246566812e-02 4.085641269e+02 -4.001183269e-02 9.976054721e-01 -5.641254602e-02 -5.377071984e+01 1.021492721e-02 5.686319980e-02 9.983297210e-01 8.083579477e+01
9.990585970e-01 4.120629684e-02 -1.356321518e-02 4.084864961e+02 -4.189570557e-02 9.975942979e-01 -5.523012464e-02 -5.385808208e+01 1.125475721e-02 5.574637131e-02 9.983815265e-01 8.209491918e+01
9.989027354e-01 4.173969784e-02 -2.123965102e-02 4.085819234e+02 -4.279237930e-02 9.977406820e-01 -5.179134744e-02 -5.393272530e+01 1.902990870e-02 5.264341383e-02 9.984320375e-01 8.334941582e+01
9.987791846e-01 4.296732780e-02 -2.437107143e-02 4.085253290e+02 -4.415728070e-02 9.977426256e-01 -5.059434327e-02 -5.400895310e+01 2.214215307e-02 5.160873716e-02 9.984218864e-01 8.460621307e+01
9.986531062e-01 4.406240987e-02 -2.739484477e-02 4.084817331e+02 -4.528774799e-02 9.979214518e-01 -4.584534743e-02 -5.409529097e+01 2.531784678e-02 4.702424944e-02 9.985728449e-01 8.586048610e+01
9.985520908e-01 4.528923952e-02 -2.902769045e-02 4.083998556e+02 -4.652658099e-02 9.979706880e-01 -4.347163627e-02 -5.417703487e+01 2.699998686e-02 4.475925248e-02 9.986328705e-01 8.711078391e+01
9.985080684e-01 4.390359158e-02 -3.246709169e-02 4.083455782e+02 -4.529777098e-02 9.980246323e-01 -4.353096906e-02 -5.424892921e+01 3.049179136e-02 4.493671071e-02 9.985243826e-01 8.835773468e+01
9.982650969e-01 4.640808552e-02 -3.623652678e-02 4.082915375e+02 -4.802351245e-02 9.978292733e-01 -4.506088746e-02 -5.431606479e+01 3.406667766e-02 4.672291648e-02 9.983268155e-01 8.960096035e+01
9.980991271e-01 4.640359476e-02 -4.055661341e-02 4.082646557e+02 -4.833943797e-02 9.976706192e-01 -4.813142822e-02 -5.435284804e+01 3.822867032e-02 5.000042039e-02 9.980172978e-01 9.084762706e+01
9.978449982e-01 4.944635811e-02 -4.313255528e-02 4.082114202e+02 -5.159295874e-02 9.974076264e-01 -5.016167311e-02 -5.442544880e+01 4.054042753e-02 5.227891075e-02 9.978092950e-01 9.209070524e+01
9.975080389e-01 5.300848225e-02 -4.655977961e-02 4.081624986e+02 -5.544887600e-02 9.970651259e-01 -5.278784701e-02 -5.449584424e+01 4.362492887e-02 5.523798920e-02 9.975197392e-01 9.333660706e+01
9.970036823e-01 5.925721981e-02 -4.972161889e-02 4.080843129e+02 -6.188558806e-02 9.966696640e-01 -5.310136478e-02 -5.456539456e+01 4.640938995e-02 5.601930784e-02 9.973504929e-01 9.457784600e+01
9.968568882e-01 6.022229597e-02 -5.147445530e-02 4.080147803e+02 -6.300579287e-02 9.965359301e-01 -5.428084416e-02 -5.462395568e+01 4.802722713e-02 5.735342227e-02 9.971980598e-01 9.582602218e+01
9.966204912e-01 6.185599555e-02 -5.405027518e-02 4.079729524e+02 -6.499472649e-02 9.961762615e-01 -5.838271549e-02 -5.468238956e+01 5.023228008e-02 6.169839344e-02 9.968299887e-01 9.708093250e+01
9.964820754e-01 6.516099754e-02 -5.270216220e-02 4.078288188e+02 -6.845903362e-02 9.956371774e-01 -6.340324748e-02 -5.473955678e+01 4.834081316e-02 6.678813872e-02 9.965954597e-01 9.832556371e+01
9.967248566e-01 6.164519055e-02 -5.233957123e-02 4.077340183e+02 -6.499870384e-02 9.957667167e-01 -6.499087958e-02 -5.482603624e+01 4.811162784e-02 6.818002942e-02 9.965122954e-01 9.956768801e+01
9.972529898e-01 5.299889444e-02 -5.174544977e-02 4.076788184e+02 -5.621312959e-02 9.964433745e-01 -6.277487865e-02 -5.493012667e+01 4.823441141e-02 6.551120909e-02 9.966853681e-01 1.008137940e+02
9.974430982e-01 4.898062040e-02 -5.204002926e-02 4.076219894e+02 -5.214281248e-02 9.967593611e-01 -6.125278130e-02 -5.503695402e+01 4.887118709e-02 6.380967744e-02 9.967647326e-01 1.020616877e+02
9.974637141e-01 4.699970839e-02 -5.345246935e-02 4.075499707e+02 -5.028635775e-02 9.968146328e-01 -6.190210017e-02 -5.510687933e+01 5.037282295e-02 6.443302874e-02 9.966498701e-01 1.033038902e+02
9.973101830e-01 5.188223978e-02 -5.177482047e-02 4.074544764e+02 -5.514635273e-02 9.964413668e-01 -6.374544976e-02 -5.518799361e+01 4.828331616e-02 6.642917867e-02 9.966222382e-01 1.045440726e+02
9.969855358e-01 5.836428465e-02 -5.112193015e-02 4.074064822e+02 -6.160792541e-02 9.960234647e-01 -6.435620706e-02 -5.529319169e+01 4.716253800e-02 6.731172363e-02 9.966166900e-01 1.057815432e+02
9.968371425e-01 6.309406624e-02 -4.832028661e-02 4.073156918e+02 -6.615490304e-02 9.957154180e-01 -6.460909457e-02 -5.537724755e+01 4.403680389e-02 6.760136909e-02 9.967400939e-01 1.069997317e+02
9.967312662e-01 6.648141083e-02 -4.590212361e-02 4.072574992e+02 -6.937899977e-02 9.954888633e-01 -6.471844803e-02 -5.546425013e+01 4.139247913e-02 6.769154408e-02 9.968472890e-01 1.082144207e+02
9.969657903e-01 6.515200448e-02 -4.259611834e-02 4.071790385e+02 -6.788478977e-02 9.954936048e-01 -6.621282389e-02 -5.555034810e+01 3.809026520e-02 6.890354884e-02 9.968958986e-01 1.094171151e+02
9.973765875e-01 6.227582209e-02 -3.690074035e-02 4.069888840e+02 -6.458736481e-02 9.957818236e-01 -6.516925658e-02 -5.569516539e+01 3.268661749e-02 6.738161231e-02 9.971917084e-01 1.106126035e+02
9.973528737e-01 6.203603436e-02 -3.793119781e-02 4.070271339e+02 -6.445209905e-02 9.957230678e-01 -6.619289415e-02 -5.575466894e+01 3.366262399e-02 6.846241852e-02 9.970856157e-01 1.118254584e+02
9.975210444e-01 6.165523680e-02 -3.391751518e-02 4.069085856e+02 -6.377512763e-02 9.958160387e-01 -6.544578013e-02 -5.584253787e+01 2.974053053e-02 6.744663681e-02 9.972795255e-01 1.130335876e+02
9.975329065e-01 6.325433411e-02 -3.044650601e-02 4.068120924e+02 -6.506675910e-02 9.959051766e-01 -6.276301569e-02 -5.594679122e+01 2.635180018e-02 6.458922893e-02 9.975639399e-01 1.142441512e+02
9.973687624e-01 6.403372485e-02 -3.398873230e-02 4.068773469e+02 -6.609543241e-02 9.957927452e-01 -6.346812101e-02 -5.602529017e+01 2.978163285e-02 6.554762126e-02 9.974049146e-01 1.154598774e+02
9.970250137e-01 6.399525998e-02 -4.296194640e-02 4.071565741e+02 -6.680671333e-02 9.954765340e-01 -6.755244856e-02 -5.605973086e+01 3.844457299e-02 7.022162738e-02 9.967903179e-01 1.166436704e+02
9.970012264e-01 6.423663917e-02 -4.315331596e-02 4.071603427e+02 -6.725812265e-02 9.950865389e-01 -7.265758748e-02 -5.611657428e+01 3.827400459e-02 7.534211485e-02 9.964229355e-01 1.178563152e+02
9.971590790e-01 6.438324800e-02 -3.909691231e-02 4.070460891e+02 -6.713218589e-02 9.950237490e-01 -7.362749868e-02 -5.624327890e+01 3.416197876e-02 7.604298996e-02 9.965191533e-01 1.190620851e+02
9.973523746e-01 6.316465000e-02 -3.603425947e-02 4.070095543e+02 -6.565619667e-02 9.951861913e-01 -7.275787641e-02 -5.634399061e+01 3.126507164e-02 7.493111324e-02 9.966984617e-01 1.202773959e+02
9.974096732e-01 6.248872589e-02 -3.562447138e-02 4.069753258e+02 -6.488691328e-02 9.953852971e-01 -7.069511191e-02 -5.644699124e+01 3.104242756e-02 7.282355045e-02 9.968616244e-01 1.214966516e+02
9.975441681e-01 6.125311414e-02 -3.396599353e-02 4.068947024e+02 -6.344444078e-02 9.956859097e-01 -6.770799206e-02 -5.658199872e+01 2.967213580e-02 6.969666607e-02 9.971268420e-01 1.227113019e+02
9.975340510e-01 6.205021048e-02 -3.279616525e-02 4.068592606e+02 -6.414617865e-02 9.956700998e-01 -6.727793221e-02 -5.666303432e+01 2.847955127e-02 6.921577694e-02 9.971951120e-01 1.239372977e+02
9.973611064e-01 6.322380247e-02 -3.568717286e-02 4.068835666e+02 -6.550152322e-02 9.956177407e-01 -6.674477421e-02 -5.678908464e+01 3.131092400e-02 6.890620603e-02 9.971316667e-01 1.251559477e+02
9.975118522e-01 6.241247214e-02 -3.278395916e-02 4.068072327e+02 -6.452304957e-02 9.956073442e-01 -6.784388204e-02 -5.690054361e+01 2.840564611e-02 6.979039746e-02 9.971571690e-01 1.263744797e+02
9.975400810e-01 6.148010196e-02 -3.367467557e-02 4.067684786e+02 -6.374283477e-02 9.954483878e-01 -7.084742881e-02 -5.698812341e+01 2.916569436e-02 7.281966916e-02 9.969185815e-01 1.276008107e+02
9.977167647e-01 5.953314478e-02 -3.189141122e-02 4.066697312e+02 -6.168269406e-02 9.955457941e-01 -7.130089200e-02 -5.707659743e+01 2.750459398e-02 7.310524345e-02 9.969448935e-01 1.288246535e+02
9.978144993e-01 5.797600768e-02 -3.170185308e-02 4.066034389e+02 -6.012131905e-02 9.956250416e-01 -7.152764241e-02 -5.719779435e+01 2.741627165e-02 7.327727593e-02 9.969346964e-01 1.300473320e+02
9.977094301e-01 6.125620471e-02 -2.869791683e-02 4.065010250e+02 -6.316271452e-02 9.954701126e-01 -7.106142659e-02 -5.728656679e+01 2.421496520e-02 7.271129376e-02 9.970590269e-01 1.312735564e+02
9.976335010e-01 6.147887025e-02 -3.078548818e-02 4.065140189e+02 -6.353257520e-02 9.954583676e-01 -7.089605298e-02 -5.736432312e+01 2.628706256e-02 7.268415888e-02 9.970085272e-01 1.325079888e+02
9.976984616e-01 6.132373878e-02 -2.893404204e-02 4.064452286e+02 -6.324992876e-02 9.954568566e-01 -7.116946791e-02 -5.743545154e+01 2.443821268e-02 7.283574474e-02 9.970444965e-01 1.337418721e+02
9.977906817e-01 6.004553278e-02 -2.843043347e-02 4.064099780e+02 -6.194273430e-02 9.955247192e-01 -7.136967949e-02 -5.753255230e+01 2.401776887e-02 7.297305993e-02 9.970446727e-01 1.349766719e+02
9.978226670e-01 5.891381877e-02 -2.964940275e-02 4.063879965e+02 -6.091475047e-02 9.955537569e-01 -7.184782720e-02 -5.762186898e+01 2.528474443e-02 7.349747653e-02 9.969748255e-01 1.362096700e+02
9.978503395e-01 5.904702147e-02 -2.842796594e-02 4.063329611e+02 -6.094056636e-02 9.956035761e-01 -7.113203601e-02 -5.772478018e+01 2.410284969e-02 7.271154263e-02 9.970617254e-01 1.374490112e+02
9.978347165e-01 6.025651901e-02 -2.636342965e-02 4.062626271e+02 -6.202721766e-02 9.954379560e-01 -7.249758684e-02 -5.781985946e+01 2.187470630e-02 7.397585920e-02 9.970200948e-01 1.386837417e+02
9.978187876e-01 6.055682490e-02 -2.627808952e-02 4.062431055e+02 -6.238167827e-02 9.952068637e-01 -7.531151715e-02 -5.792885641e+01 2.159150870e-02 7.678651807e-02 9.968137426e-01 1.399190455e+02
9.978342412e-01 6.058427915e-02 -2.561976064e-02 4.062358434e+02 -6.245023524e-02 9.948600856e-01 -7.970808083e-02 -5.802724944e+01 2.065902064e-02 8.113541244e-02 9.964889612e-01 1.411552948e+02
9.978113039e-01 6.068929398e-02 -2.625664359e-02 4.061989486e+02 -6.261611479e-02 9.948140457e-01 -8.015133643e-02 -5.813661949e+01 2.125614982e-02 8.161999852e-02 9.964368279e-01 1.423926607e+02
9.979637679e-01 5.773147405e-02 -2.711816392e-02 4.061954924e+02 -5.967748675e-02 9.952057815e-01 -7.748580596e-02 -5.825440070e+01 2.251478372e-02 7.894637075e-02 9.966245808e-01 1.436331689e+02
9.981390825e-01 5.598533804e-02 -2.416638141e-02 4.061040828e+02 -5.762620740e-02 9.956211188e-01 -7.360576060e-02 -5.837268726e+01 1.993971631e-02 7.486140326e-02 9.969945727e-01 1.448751938e+02
9.983764129e-01 5.286287298e-02 -2.121449795e-02 4.060170907e+02 -5.426185527e-02 9.959328423e-01 -7.192652338e-02 -5.847320028e+01 1.732597257e-02 7.296088242e-02 9.971842961e-01 1.461159493e+02
9.983088207e-01 5.372385493e-02 -2.220914062e-02 4.060074176e+02 -5.520380516e-02 9.958397023e-01 -7.249708365e-02 -5.857637705e+01 1.822192118e-02 7.360050715e-02 9.971213201e-01 1.473602858e+02
9.985228789e-01 5.072937727e-02 -1.945740681e-02 4.059374501e+02 -5.201600785e-02 9.960042027e-01 -7.259451178e-02 -5.870031759e+01 1.569698458e-02 7.349937752e-02 9.971717235e-01 1.485959879e+02
9.982479741e-01 5.658187665e-02 -1.730530238e-02 4.059083302e+02 -5.772607496e-02 9.955162204e-01 -7.493433879e-02 -5.880339112e+01 1.298778371e-02 7.580201907e-02 9.970382999e-01 1.498375931e+02
9.983505934e-01 5.588064402e-02 -1.316989737e-02 4.058541486e+02 -5.673189302e-02 9.954177976e-01 -7.697337602e-02 -5.891528748e+01 8.808228408e-03 7.759356884e-02 9.969461636e-01 1.510801928e+02
9.982070485e-01 5.930095735e-02 -8.129252166e-03 4.057985680e+02 -5.975698068e-02 9.951207544e-01 -7.850979235e-02 -5.901114963e+01 3.433881700e-03 7.885480766e-02 9.968801973e-01 1.523253675e+02
9.981461184e-01 6.073326002e-02 -3.974594624e-03 4.057832738e+02 -6.085770772e-02 9.950505845e-01 -7.855363628e-02 -5.912610072e+01 -8.158957142e-04 7.864989186e-02 9.969019655e-01 1.535690407e+02
9.982555348e-01 5.903229414e-02 -1.037084482e-03 4.057959270e+02 -5.892472396e-02 9.950252803e-01 -8.032788056e-02 -5.919400218e+01 -3.710013796e-03 8.024886129e-02 9.967679550e-01 1.548219494e+02
9.981082920e-01 6.142832170e-02 2.529565149e-03 4.058255533e+02 -6.103423796e-02 9.949739885e-01 -7.938251735e-02 -5.929616860e+01 -7.393186339e-03 7.907795872e-02 9.968410190e-01 1.560742900e+02
9.982679928e-01 5.801017869e-02 9.789468289e-03 4.058178851e+02 -5.711365758e-02 9.955312100e-01 -7.520398944e-02 -5.938964551e+01 -1.410831808e-02 7.451462325e-02 9.971201163e-01 1.573436520e+02
9.981755497e-01 5.821071971e-02 1.603384435e-02 4.057986126e+02 -5.687923905e-02 9.956543479e-01 -7.373717999e-02 -5.949853410e+01 -2.025646116e-02 7.269065730e-02 9.971488074e-01 1.586121590e+02
9.982049625e-01 5.590290929e-02 2.148761465e-02 4.058244991e+02 -5.419271178e-02 9.958373840e-01 -7.328747943e-02 -5.960294767e+01 -2.549515327e-02 7.199145355e-02 9.970793488e-01 1.598783488e+02
9.980189097e-01 5.606298199e-02 2.855167231e-02 4.058514284e+02 -5.382961366e-02 9.958226030e-01 -7.375443037e-02 -5.970689695e+01 -3.256729394e-02 7.207139069e-02 9.968676372e-01 1.611429587e+02
9.976649347e-01 5.755056930e-02 3.677784619e-02 4.058150946e+02 -5.459257108e-02 9.955416619e-01 -7.691846680e-02 -5.979740308e+01 -4.104057968e-02 7.473105998e-02 9.963588407e-01 1.624089815e+02
9.975477441e-01 5.744138945e-02 3.998731059e-02 4.059220959e+02 -5.426618896e-02 9.955986161e-01 -7.641057702e-02 -5.992081687e+01 -4.420044080e-02 7.405323978e-02 9.962742789e-01 1.636671756e+02
9.971189709e-01 6.079930896e-02 4.535638854e-02 4.059673103e+02 -5.707113651e-02 9.952078831e-01 -7.939870808e-02 -6.002874768e+01 -4.996642201e-02 7.658141745e-02 9.958105458e-01 1.649292981e+02
9.970041834e-01 5.880126994e-02 5.025006362e-02 4.060572899e+02 -5.458983445e-02 9.951831507e-01 -8.142755395e-02 -6.011757963e+01 -5.479606022e-02 7.844046928e-02 9.954117161e-01 1.661888315e+02
9.965432611e-01 6.420160552e-02 5.272269570e-02 4.062101753e+02 -5.986290864e-02 9.949866223e-01 -8.011275543e-02 -6.028897119e+01 -5.760174443e-02 7.667969264e-02 9.953905082e-01 1.674358908e+02
9.962120529e-01 6.586374384e-02 5.677598822e-02 4.062864171e+02 -6.129980819e-02 9.950127365e-01 -7.868918483e-02 -6.041093436e+01 -6.167559572e-02 7.491075718e-02 9.952811157e-01 1.687010981e+02
9.960132078e-01 6.496409763e-02 6.113391811e-02 4.063647564e+02 -6.007527701e-02 9.950890798e-01 -7.866819134e-02 -6.048518060e+01 -6.594430238e-02 7.468192054e-02 9.950246026e-01 1.699682297e+02
9.954792115e-01 6.697130529e-02 6.734971162e-02 4.064447036e+02 -6.205241935e-02 9.954251927e-01 -7.265110514e-02 -6.059290196e+01 -7.190713901e-02 6.814345231e-02 9.950808175e-01 1.712403663e+02
9.950238283e-01 6.636216254e-02 7.432122563e-02 4.064996042e+02 -6.094575249e-02 9.954740671e-01 -7.291774101e-02 -6.069417021e+01 -7.882383173e-02 6.802532679e-02 9.945649091e-01 1.725074535e+02
9.944499688e-01 6.534147591e-02 8.246060332e-02 4.065571097e+02 -5.871475726e-02 9.950335896e-01 -8.037868426e-02 -6.077971386e+01 -8.730313198e-02 7.509092574e-02 9.933476310e-01 1.737670711e+02
9.938457044e-01 6.562712991e-02 8.924010129e-02 4.066048894e+02 -5.778676556e-02 9.944631978e-01 -8.777037042e-02 -6.089798033e+01 -9.450611401e-02 8.207330881e-02 9.921353569e-01 1.750241875e+02
9.937039270e-01 6.105160577e-02 9.394257219e-02 4.067283324e+02 -5.253561856e-02 9.945008705e-01 -9.059816454e-02 -6.101926924e+01 -9.895713324e-02 8.509242074e-02 9.914468043e-01 1.762830231e+02
9.933322571e-01 6.004852447e-02 9.841342246e-02 4.068989394e+02 -5.141986778e-02 9.947937835e-01 -8.798480239e-02 -6.113748606e+01 -1.031844184e-01 8.233773717e-02 9.912484415e-01 1.775416893e+02
9.925035567e-01 5.976105673e-02 1.066081890e-01 4.070029423e+02 -5.064902974e-02 9.949875040e-01 -8.622379381e-02 -6.123865687e+01 -1.112266409e-01 8.017782070e-02 9.905554762e-01 1.788092722e+02
9.915896902e-01 6.067027141e-02 1.143197469e-01 4.070673181e+02 -5.086090091e-02 9.949219490e-01 -8.685323380e-02 -6.132287639e+01 -1.190086347e-01 8.030836588e-02 9.896400918e-01 1.800798767e+02
9.911930438e-01 5.948344242e-02 1.183134394e-01 4.072366032e+02 -4.923311733e-02 9.949251099e-01 -8.775036136e-02 -6.142283336e+01 -1.229327052e-01 8.115260833e-02 9.890914033e-01 1.813379405e+02
9.903557219e-01 5.835847637e-02 1.256575996e-01 4.073560671e+02 -4.756556514e-02 9.950507903e-01 -8.724357676e-02 -6.157050161e+01 -1.301270960e-01 8.042520071e-02 9.882300977e-01 1.825981511e+02
9.896012474e-01 5.763094796e-02 1.317878786e-01 4.075029548e+02 -4.641988778e-02 9.951597934e-01 -8.661512372e-02 -6.170790351e+01 -1.361417098e-01 7.959685594e-02 9.874865950e-01 1.838578406e+02
9.890189639e-01 5.824079546e-02 1.358289321e-01 4.076880522e+02 -4.697623987e-02 9.952973861e-01 -8.471331716e-02 -6.184188962e+01 -1.401239520e-01 7.740234467e-02 9.871039232e-01 1.851093218e+02
9.877405370e-01 6.595838834e-02 1.414854145e-01 4.078214695e+02 -5.414238085e-02 9.948401803e-01 -8.579987307e-02 -6.194715495e+01 -1.464145966e-01 7.708765551e-02 9.862151181e-01 1.863740891e+02
9.865379397e-01 7.003989652e-02 1.477745120e-01 4.079712780e+02 -5.733381875e-02 9.944193307e-01 -8.856087164e-02 -6.207089889e+01 -1.531526256e-01 7.889618276e-02 9.850480524e-01 1.876349827e+02
9.858789644e-01 7.149711981e-02 1.514292886e-01 4.082063201e+02 -5.813468987e-02 9.941611465e-01 -9.090639524e-02 -6.216549172e+01 -1.570446606e-01 8.081940807e-02 9.842790244e-01 1.888858322e+02
9.850548490e-01 7.188076198e-02 1.565250797e-01 4.084220992e+02 -5.869908195e-02 9.944536201e-01 -8.727207605e-02 -6.229633527e+01 -1.619301154e-01 7.677990322e-02 9.838106953e-01 1.901429588e+02
9.836930157e-01 7.274290658e-02 1.644886635e-01 4.085353814e+02 -5.912065886e-02 9.945176173e-01 -8.625228402e-02 -6.240088399e+01 -1.698611155e-01 7.512109122e-02 9.826006427e-01 1.914145175e+02
9.823180142e-01 7.276845913e-02 1.724994790e-01 4.086937780e+02 -5.826916752e-02 9.944427848e-01 -8.768267767e-02 -6.250898239e+01 -1.779213956e-01 7.608087277e-02 9.810992191e-01 1.926775994e+02
9.808796143e-01 7.407378128e-02 1.799673779e-01 4.088951469e+02 -5.861159979e-02 9.942362809e-01 -8.977136632e-02 -6.261619123e+01 -1.855798011e-01 7.750672724e-02 9.795676825e-01 1.939387490e+02
9.793696262e-01 7.653432323e-02 1.870230806e-01 4.091321398e+02 -6.096533466e-02 9.942855248e-01 -8.763288826e-02 -6.276309317e+01 -1.926612657e-01 7.442306432e-02 9.784389834e-01 1.951928418e+02
9.780049818e-01 7.960119440e-02 1.927949828e-01 4.094040254e+02 -6.403234603e-02 9.942621254e-01 -8.568946694e-02 -6.289443715e+01 -1.985097333e-01 7.145961050e-02 9.774903631e-01 1.964451097e+02
9.766559208e-01 7.872722278e-02 1.998630451e-01 4.096594256e+02 -6.257685018e-02 9.943378499e-01 -8.588584340e-02 -6.300868081e+01 -2.054929445e-01 7.137411764e-02 9.760524500e-01 1.976987931e+02
9.754360349e-01 7.612994166e-02 2.067093944e-01 4.099280575e+02 -5.909655303e-02 9.944214218e-01 -8.737066605e-02 -6.312000192e+01 -2.122077736e-01 7.300868337e-02 9.744935059e-01 1.989557337e+02
9.741739884e-01 7.653129799e-02 2.124335210e-01 4.102102157e+02 -5.933990232e-02 9.945122920e-01 -8.616308378e-02 -6.326843240e+01 -2.178619205e-01 7.133205058e-02 9.733693657e-01 2.002058934e+02
9.729955871e-01 7.553526619e-02 2.181146743e-01 4.105170358e+02 -5.742414223e-02 9.944443740e-01 -8.822049036e-02 -6.337856228e+01 -2.235666689e-01 7.331309973e-02 9.719275353e-01 2.014547799e+02
9.717180330e-01 7.815408459e-02 2.228362704e-01 4.107891052e+02 -5.950066134e-02 9.942315175e-01 -8.923766531e-02 -6.350195334e+01 -2.285251313e-01 7.345494314e-02 9.707629143e-01 2.027085253e+02
9.702022402e-01 8.003849472e-02 2.286951083e-01 4.110800906e+02 -6.078843345e-02 9.940828073e-01 -9.002298897e-02 -6.361265916e+01 -2.345471798e-01 7.343848820e-02 9.693267813e-01 2.039646731e+02
9.693240430e-01 7.838200784e-02 2.329531296e-01 4.113950564e+02 -5.896020142e-02 9.942664620e-01 -8.920704711e-02 -6.372952310e+01 -2.386097115e-01 7.273557213e-02 9.683878057e-01 2.052223017e+02
9.673559476e-01 8.116416466e-02 2.400725911e-01 4.116447563e+02 -6.185442306e-02 9.942936753e-01 -8.691442638e-02 -6.386747641e+01 -2.457569958e-01 6.922763567e-02 9.668562631e-01 2.064890936e+02
9.656092431e-01 8.282559920e-02 2.464522465e-01 4.119230797e+02 -6.321224896e-02 9.942470105e-01 -8.647018978e-02 -6.400856122e+01 -2.521963546e-01 6.791761374e-02 9.652896956e-01 2.077528350e+02
9.635403848e-01 8.367011602e-02 2.541441293e-01 4.121596523e+02 -6.349247261e-02 9.942178962e-01 -8.659954215e-02 -6.412853840e+01 -2.599204353e-01 6.730591700e-02 9.632815169e-01 2.090254359e+02
9.611674443e-01 8.904222887e-02 2.612060977e-01 4.124635729e+02 -6.894081702e-02 9.939799325e-01 -8.515314128e-02 -6.424150371e+01 -2.672158449e-01 6.383866539e-02 9.615197954e-01 2.102958682e+02
9.576297610e-01 9.470018629e-02 2.719873444e-01 4.126733092e+02 -7.444933300e-02 9.936927747e-01 -8.385682048e-02 -6.435308044e+01 -2.782131154e-01 6.005451059e-02 9.586401401e-01 2.115856693e+02
9.567784299e-01 9.178210265e-02 2.759548544e-01 4.130612037e+02 -7.162260489e-02 9.940317566e-01 -8.228650775e-02 -6.448899944e+01 -2.818603174e-01 5.896535018e-02 9.576418166e-01 2.128264494e+02
9.543551023e-01 9.295628714e-02 2.838405668e-01 4.133704386e+02 -7.032761640e-02 9.935527365e-01 -8.892123560e-02 -6.460923622e+01 -2.902763598e-01 6.490060440e-02 9.547395176e-01 2.140865311e+02
9.529883257e-01 8.881056065e-02 2.896997333e-01 4.136987489e+02 -6.506283652e-02 9.937580971e-01 -9.061827507e-02 -6.474335355e+01 -2.959393155e-01 6.750947185e-02 9.528181320e-01 2.153531131e+02
9.512966377e-01 8.443527885e-02 2.964884326e-01 4.140589733e+02 -6.121390825e-02 9.943462183e-01 -8.676667378e-02 -6.489092047e+01 -3.021383201e-01 6.439162932e-02 9.510868276e-01 2.166142992e+02
9.493141216e-01 8.324233592e-02 3.031062718e-01 4.144397628e+02 -6.030034383e-02 9.946146827e-01 -8.429413696e-02 -6.498851472e+01 -3.084907892e-01 6.174420217e-02 9.492213053e-01 2.178797842e+02
9.466839760e-01 8.263728449e-02 3.113848565e-01 4.148155704e+02 -5.919547344e-02 9.947048565e-01 -8.401276269e-02 -6.511893690e+01 -3.166786156e-01 6.110096222e-02 9.465629017e-01 2.191398234e+02
9.440905228e-01 8.411508018e-02 3.187753723e-01 4.152237267e+02 -5.975343249e-02 9.945478518e-01 -8.546401431e-02 -6.523299156e+01 -3.242261742e-01 6.163784326e-02 9.439693662e-01 2.203887283e+02
9.409235623e-01 8.840468505e-02 3.268752997e-01 4.156336656e+02 -6.371114572e-02 9.942976453e-01 -8.551656249e-02 -6.537975051e+01 -3.325714055e-01 5.963894877e-02 9.411904462e-01 2.216453836e+02
9.388025253e-01 8.627035884e-02 3.334775009e-01 4.161189910e+02 -6.152453096e-02 9.945571674e-01 -8.408788782e-02 -6.549190052e+01 -3.389167309e-01 5.842487461e-02 9.390005237e-01 2.228875359e+02
9.358775177e-01 8.292200857e-02 3.424284048e-01 4.165387424e+02 -5.834520220e-02 9.949658621e-01 -8.147865172e-02 -6.561647805e+01 -3.474609464e-01 5.627498380e-02 9.360042825e-01 2.241594416e+02
9.332791928e-01 7.703990109e-02 3.507916788e-01 4.169837399e+02 -5.242965822e-02 9.954840625e-01 -7.913666796e-02 -6.571269248e+01 -3.553042066e-01 5.546471777e-02 9.331037380e-01 2.254216864e+02
9.310756634e-01 7.258222667e-02 3.575331164e-01 4.175047315e+02 -4.912597671e-02 9.960274323e-01 -7.426972855e-02 -6.588374099e+01 -3.615034542e-01 5.158657324e-02 9.309425751e-01 2.266538551e+02
9.283770110e-01 7.168396398e-02 3.646608490e-01 4.180479413e+02 -4.879821573e-02 9.962387224e-01 -7.160406472e-02 -6.600068823e+01 -3.684221215e-01 4.868076880e-02 9.283831769e-01 2.278742236e+02
9.255031551e-01 7.432133714e-02 3.713761553e-01 4.185782880e+02 -5.068430446e-02 9.960416039e-01 -7.302208226e-02 -6.608580046e+01 -3.753332002e-01 4.875922540e-02 9.256065723e-01 2.291013613e+02
9.228744662e-01 7.432472550e-02 3.778604966e-01 4.191044126e+02 -5.030157825e-02 9.960576080e-01 -7.306841115e-02 -6.616922198e+01 -3.818016120e-01 4.842599159e-02 9.229747843e-01 2.303391680e+02
9.206400415e-01 7.305731885e-02 3.835160258e-01 4.196283243e+02 -4.892772856e-02 9.961811051e-01 -7.231378274e-02 -6.626016082e+01 -3.873344695e-01 4.781039594e-02 9.206987427e-01 2.315798636e+02
9.187064740e-01 7.289604004e-02 3.881553580e-01 4.201900955e+02 -4.938401102e-02 9.963081465e-01 -7.022319117e-02 -6.635641811e+01 -3.918413378e-01 4.534583188e-02 9.189146432e-01 2.327972008e+02
9.159173695e-01 7.454387046e-02 3.943838024e-01 4.206985775e+02 -5.105530558e-02 9.962581666e-01 -6.973536531e-02 -6.645532648e+01 -3.981064280e-01 4.373644681e-02 9.162960194e-01 2.340369742e+02
9.119303826e-01 7.592673666e-02 4.032593557e-01 4.212060539e+02 -5.300999237e-02 9.962958918e-01 -6.770846802e-02 -6.656188553e+01 -4.069065225e-01 4.036863378e-02 9.125773695e-01 2.352694848e+02
9.088520159e-01 7.440200946e-02 4.104294752e-01 4.217377572e+02 -5.203116314e-02 9.964999394e-01 -6.542651545e-02 -6.667316461e+01 -4.138608114e-01 3.810789748e-02 9.095422018e-01 2.364865171e+02
9.064226336e-01 7.252727513e-02 4.160983101e-01 4.222693778e+02 -5.110823020e-02 9.967416711e-01 -6.240184150e-02 -6.678519304e+01 -4.192683605e-01 3.529639330e-02 9.071759512e-01 2.376906028e+02
9.036325444e-01 7.356352971e-02 4.219438729e-01 4.227772551e+02 -5.143300605e-02 9.966485011e-01 -6.361140718e-02 -6.689260559e+01 -4.252092081e-01 3.577949596e-02 9.043876144e-01 2.388956756e+02
9.008387278e-01 7.366442009e-02 4.278587848e-01 4.233095321e+02 -5.110487197e-02 9.966409876e-01 -6.399245151e-02 -6.698448178e+01 -4.311355687e-01 3.578121018e-02 9.015774101e-01 2.400900443e+02
8.979722059e-01 7.129600252e-02 4.342381805e-01 4.238635570e+02 -4.936390979e-02 9.968798718e-01 -6.159322712e-02 -6.709047059e+01 -4.372746526e-01 3.387331166e-02 8.986898669e-01 2.412692787e+02
8.948624043e-01 7.268033089e-02 4.403848849e-01 4.244260940e+02 -5.126297228e-02 9.968598473e-01 -6.035356305e-02 -6.718802312e+01 -4.433885260e-01 3.143269640e-02 8.957782095e-01 2.424427070e+02
8.917072237e-01 7.558221491e-02 4.462572756e-01 4.249585490e+02 -5.499952331e-02 9.967465350e-01 -5.891856565e-02 -6.728190086e+01 -4.492585889e-01 2.799417316e-02 8.929630712e-01 2.436252726e+02
8.900745970e-01 7.590341324e-02 4.494506464e-01 4.255591564e+02 -5.584964153e-02 9.967686816e-01 -5.773225196e-02 -6.737157055e+01 -4.523804033e-01 2.628435342e-02 8.914376610e-01 2.447693209e+02
8.879969959e-01 7.596939525e-02 4.535305791e-01 4.261204570e+02 -5.404101532e-02 9.966653170e-01 -6.113766836e-02 -6.746831890e+01 -4.566627901e-01 2.978081287e-02 8.891412707e-01 2.459283275e+02
8.870780022e-01 7.416416728e-02 4.556229739e-01 4.267300652e+02 -5.049775399e-02 9.966767468e-01 -6.391744034e-02 -6.757291668e+01 -4.588492072e-01 3.369181843e-02 8.878751412e-01 2.470583224e+02
8.863159255e-01 7.365297958e-02 4.571863064e-01 4.273491239e+02 -4.800495088e-02 9.965648675e-01 -6.748325340e-02 -6.763236481e+01 -4.605861535e-01 3.786427602e-02 8.868070206e-01 2.481882442e+02
8.858715975e-01 6.982638800e-02 4.586456021e-01 4.279657553e+02 -4.462356237e-02 9.968493711e-01 -6.557491088e-02 -6.775046383e+01 -4.617794392e-01 3.762455042e-02 8.861964471e-01 2.493192658e+02
8.844802324e-01 6.989621277e-02 4.613125165e-01 4.285552575e+02 -4.513812197e-02 9.968962163e-01 -6.450181249e-02 -6.784487560e+01 -4.643891347e-01 3.622779746e-02 8.848899809e-01 2.504685872e+02
8.835615811e-01 6.746473041e-02 4.634300838e-01 4.291791072e+02 -4.417023751e-02 9.971630005e-01 -6.095031181e-02 -6.794219010e+01 -4.662273292e-01 3.338353700e-02 8.840348505e-01 2.515975095e+02
8.814885194e-01 6.644243133e-02 4.675076399e-01 4.297488083e+02 -4.575156322e-02 9.974106042e-01 -5.548766617e-02 -6.805735106e+01 -4.699838131e-01 2.752253535e-02 8.822458419e-01 2.527533691e+02
8.805369810e-01 6.457335673e-02 4.695582037e-01 4.303712152e+02 -4.459492860e-02 9.975684306e-01 -5.355855384e-02 -6.812047159e+01 -4.718748960e-01 2.622037274e-02 8.812755384e-01 2.538834191e+02
8.807080368e-01 6.382047209e-02 4.693402830e-01 4.309949573e+02 -4.272493151e-02 9.975456595e-01 -5.547285268e-02 -6.817550880e+01 -4.717286658e-01 2.880285573e-02 8.812732047e-01 2.550009121e+02
8.800923473e-01 6.701346214e-02 4.700496315e-01 4.315883829e+02 -4.523013569e-02 9.973204822e-01 -5.749861350e-02 -6.826539065e+01 -4.726433063e-01 2.934368111e-02 8.807651522e-01 2.561219788e+02
8.786665991e-01 6.865402837e-02 4.724739484e-01 4.321634303e+02 -4.684113571e-02 9.972290550e-01 -5.779376939e-02 -6.835639905e+01 -4.751325242e-01 2.865023846e-02 8.794476950e-01 2.572486338e+02
8.779712291e-01 6.918584935e-02 4.736874910e-01 4.327501352e+02 -4.832222243e-02 9.972555153e-01 -5.609278127e-02 -6.845742891e+01 -4.762682897e-01 2.635821581e-02 8.789048644e-01 2.583627200e+02
8.781735627e-01 6.887712929e-02 4.733573014e-01 4.333589293e+02 -4.955564508e-02 9.973541925e-01 -5.318696088e-02 -6.854616813e+01 -4.757682543e-01 2.324985650e-02 8.792633351e-01 2.594580121e+02
8.781355590e-01 6.577139230e-02 4.738692477e-01 4.339599493e+02 -4.587748603e-02 9.975168709e-01 -5.343546078e-02 -6.859019033e+01 -4.762070938e-01 2.518364844e-02 8.789724613e-01 2.605563458e+02
8.776687914e-01 6.402908602e-02 4.749713346e-01 4.345733686e+02 -4.446398512e-02 9.976396913e-01 -5.232590625e-02 -6.866995807e+01 -4.772006356e-01 2.480569654e-02 8.784442104e-01 2.616349222e+02
8.767241972e-01 6.148945577e-02 4.770468833e-01 4.351413097e+02 -4.074858918e-02 9.977245714e-01 -5.371435737e-02 -6.872095174e+01 -4.792642637e-01 2.765368938e-02 8.772348824e-01 2.627323102e+02
8.768503392e-01 6.290117584e-02 4.766308054e-01 4.357400211e+02 -4.288366183e-02 9.976853454e-01 -5.277256031e-02 -6.881487173e+01 -4.788470258e-01 2.583396313e-02 8.775181663e-01 2.638019388e+02
8.753500007e-01 6.617142853e-02 4.789402033e-01 4.362962978e+02 -4.662783603e-02 9.975265028e-01 -5.259962980e-02 -6.889415868e+01 -4.812361387e-01 2.371114071e-02 8.762702555e-01 2.648893063e+02
8.754799892e-01 6.772089130e-02 4.784858090e-01 4.368982386e+02 -4.884371750e-02 9.974621145e-01 -5.180368089e-02 -6.900870480e+01 -4.807796583e-01 2.198206030e-02 8.765658613e-01 2.659350539e+02
8.760130494e-01 7.121477019e-02 4.770006224e-01 4.375541157e+02 -5.237983792e-02 9.972363088e-01 -5.268867969e-02 -6.909983147e+01 -4.794345522e-01 2.117075568e-02 8.773222380e-01 2.669466383e+02
8.751319414e-01 7.404744733e-02 4.781851740e-01 4.381374257e+02 -5.544200358e-02 9.970579512e-01 -5.293039029e-02 -6.917393788e+01 -4.806976902e-01 1.980953108e-02 8.766625994e-01 2.679957177e+02
8.747158609e-01 7.556370072e-02 4.787089825e-01 4.387199278e+02 -5.884185360e-02 9.970213419e-01 -4.986060539e-02 -6.928288577e+01 -4.810507240e-01 1.544573850e-02 8.765566896e-01 2.690353002e+02
8.743895781e-01 7.741730353e-02 4.790087961e-01 4.392867520e+02 -6.119708799e-02 9.969020322e-01 -4.940905358e-02 -6.936414484e+01 -4.813499580e-01 1.388881807e-02 8.764184609e-01 2.700797716e+02
8.737914889e-01 7.918231716e-02 4.798109987e-01 4.398484985e+02 -6.254047632e-02 9.967589218e-01 -5.059980954e-02 -6.944449472e+01 -4.822625039e-01 1.420607452e-02 8.759115622e-01 2.711181241e+02
8.739258641e-01 8.082870725e-02 4.792914604e-01 4.404331993e+02 -6.478761231e-02 9.966484124e-01 -4.994504317e-02 -6.953658650e+01 -4.817220664e-01 1.259611569e-02 8.762335240e-01 2.721470754e+02
8.728609617e-01 8.272733664e-02 4.809053225e-01 4.409659318e+02 -6.703020259e-02 9.965092860e-01 -4.976137911e-02 -6.959631371e+01 -4.833432459e-01 1.119958403e-02 8.753592839e-01 2.732029473e+02
8.732573765e-01 8.090543423e-02 4.804954372e-01 4.415693819e+02 -6.521546481e-02 9.966530016e-01 -4.929236853e-02 -6.965500062e+01 -4.828752402e-01 1.170919114e-02 8.756108709e-01 2.742206116e+02
8.736998597e-01 8.050109697e-02 4.797584065e-01 4.421444226e+02 -6.386144120e-02 9.966581035e-01 -5.093467480e-02 -6.971561390e+01 -4.822554007e-01 1.386355496e-02 8.759209612e-01 2.752497425e+02
8.766200502e-01 7.111957020e-02 4.758984077e-01 4.427276607e+02 -5.127313997e-02 9.971922989e-01 -5.457640697e-02 -6.974361269e+01 -4.784436778e-01 2.344196695e-02 8.778052867e-01 2.762751266e+02
8.781517630e-01 6.813430746e-02 4.735052241e-01 4.432932846e+02 -4.722917672e-02 9.973177289e-01 -5.591737243e-02 -6.979634482e+01 -4.760450462e-01 2.674067727e-02 8.790142491e-01 2.773171332e+02
8.788433649e-01 6.557897432e-02 4.725819909e-01 4.438448729e+02 -4.508295293e-02 9.974911207e-01 -5.458013856e-02 -6.984912149e+01 -4.749756492e-01 2.666200097e-02 8.795949467e-01 2.783743427e+02
8.799253119e-01 6.600901521e-02 4.705042565e-01 4.444215844e+02 -4.833947956e-02 9.976009537e-01 -4.955433361e-02 -6.994904776e+01 -4.726465278e-01 2.086018157e-02 8.810051717e-01 2.794179324e+02
8.791667866e-01 6.496874101e-02 4.720644278e-01 4.449291214e+02 -4.720939151e-02 9.976635607e-01 -4.938312459e-02 -7.000962517e+01 -4.741698374e-01 2.113012857e-02 8.801798015e-01 2.804999783e+02
8.792039444e-01 6.414790181e-02 4.721074781e-01 4.454946527e+02 -4.467778226e-02 9.976288656e-01 -5.235018987e-02 -7.004523834e+01 -4.743462027e-01 2.493377831e-02 8.799852196e-01 2.815577150e+02
8.781706183e-01 6.278406059e-02 4.742093702e-01 4.460536753e+02 -4.342080666e-02 9.977189953e-01 -5.168597408e-02 -7.011910223e+01 -4.763727518e-01 2.479855044e-02 8.788936416e-01 2.826254522e+02
8.770454297e-01 6.305910435e-02 4.762508411e-01 4.466118725e+02 -4.350131468e-02 9.976995683e-01 -5.199237423e-02 -7.015932701e+01 -4.784338511e-01 2.488213649e-02 8.777710005e-01 2.837023138e+02
8.736114734e-01 6.531401120e-02 4.822209799e-01 4.471739787e+02 -4.627917600e-02 9.976114795e-01 -5.127937034e-02 -7.022132544e+01 -4.844184465e-01 2.248145668e-02 8.745475131e-01 2.847796651e+02
8.701638831e-01 6.497154872e-02 4.884603509e-01 4.477500504e+02 -4.548535056e-02 9.976279419e-01 -5.166790533e-02 -7.025712700e+01 -4.906586384e-01 2.274175484e-02 8.710550575e-01 2.858492687e+02
8.650235590e-01 6.517865181e-02 4.974796335e-01 4.482823993e+02 -4.548769498e-02 9.976306896e-01 -5.161275723e-02 -7.031492332e+01 -4.996649998e-01 2.201704911e-02 8.659388763e-01 2.869465932e+02
8.600273849e-01 6.765430972e-02 5.057428118e-01 4.489072401e+02 -4.733868259e-02 9.974753384e-01 -5.293390528e-02 -7.039857202e+01 -5.080471891e-01 2.158340969e-02 8.610587727e-01 2.879936822e+02
8.560542394e-01 6.465292321e-02 5.128266166e-01 4.495485015e+02 -4.320437056e-02 9.976246130e-01 -5.365178411e-02 -7.045661308e+01 -5.150771996e-01 2.377248606e-02 8.568140682e-01 2.890442004e+02
8.526786188e-01 5.653434395e-02 5.193679245e-01 4.502029073e+02 -3.432532546e-02 9.980421054e-01 -5.228506284e-02 -7.050262502e+01 -5.213069586e-01 2.675488213e-02 8.529497237e-01 2.901017639e+02
8.485302024e-01 5.152101982e-02 5.266327754e-01 4.508774058e+02 -2.995413689e-02 9.983295831e-01 -4.940438501e-02 -7.057757098e+01 -5.282984434e-01 2.614628257e-02 8.486560709e-01 2.911552443e+02
8.452383892e-01 4.980786535e-02 5.320631936e-01 4.515626902e+02 -2.538176479e-02 9.982650503e-01 -5.312866884e-02 -7.061892649e+01 -5.337863163e-01 3.140168764e-02 8.450361546e-01 2.922061375e+02
8.409599458e-01 5.540932493e-02 5.382528924e-01 4.522765895e+02 -2.713908186e-02 9.978103441e-01 -6.031573116e-02 -7.070197195e+01 -5.404163578e-01 3.611542470e-02 8.406222911e-01 2.932449350e+02
8.364063646e-01 6.033918179e-02 5.447784654e-01 4.529477242e+02 -2.934100696e-02 9.974259369e-01 -6.542633790e-02 -7.078976210e+01 -5.473239430e-01 3.873865669e-02 8.360238142e-01 2.943189151e+02
8.315602119e-01 6.158468214e-02 5.520099101e-01 4.536383177e+02 -3.163423246e-02 9.974721871e-01 -6.362791301e-02 -7.086198054e+01 -5.545330371e-01 3.544803101e-02 8.314063675e-01 2.953940406e+02
8.276474201e-01 5.569959782e-02 5.584776655e-01 4.543850335e+02 -2.793190340e-02 9.979180264e-01 -5.813279017e-02 -7.096343576e+01 -5.605529028e-01 3.251410960e-02 8.274800758e-01 2.964466029e+02
8.240893757e-01 5.092103375e-02 5.641664197e-01 4.551185600e+02 -2.493504082e-02 9.982469462e-01 -5.367753761e-02 -7.104045099e+01 -5.659107214e-01 3.016757575e-02 8.239144208e-01 2.975185156e+02
8.211338845e-01 4.341502717e-02 5.690819617e-01 4.558297052e+02 -1.369471469e-02 9.983142845e-01 -5.640074660e-02 -7.108423849e+01 -5.705712913e-01 3.851914904e-02 8.203442428e-01 2.986079438e+02
8.178771990e-01 4.500174989e-02 5.736303076e-01 4.565841677e+02 -1.411509654e-02 9.982060335e-01 -5.818486611e-02 -7.115748668e+01 -5.752196549e-01 3.949122815e-02 8.170451588e-01 2.996712993e+02
8.150338411e-01 4.169412337e-02 5.779112717e-01 4.573613620e+02 -1.110198739e-02 9.983482300e-01 -5.636982774e-02 -7.122334865e+01 -5.793069857e-01 3.952735357e-02 8.141504803e-01 3.007274378e+02
8.125667426e-01 3.721021493e-02 5.816791974e-01 4.581471913e+02 -1.070567486e-02 9.987445930e-01 -4.893492107e-02 -7.132985393e+01 -5.827698322e-01 3.353562106e-02 8.119450011e-01 3.017898712e+02
8.100080283e-01 3.325861959e-02 5.854748998e-01 4.589175406e+02 -4.885489389e-03 9.987384969e-01 -4.997546116e-02 -7.138727272e+01 -5.863984363e-01 3.762019335e-02 8.091486854e-01 3.028621729e+02
8.072045769e-01 3.027122208e-02 5.894950586e-01 4.597201067e+02 -9.478981356e-04 9.987493231e-01 -4.998890902e-02 -7.145242748e+01 -5.902710162e-01 3.979249489e-02 8.062237188e-01 3.039044612e+02
8.038919143e-01 2.679943651e-02 5.941713392e-01 4.605028492e+02 3.671598811e-03 9.987417344e-01 -5.001467142e-02 -7.151142682e+01 -5.947640789e-01 4.238794874e-02 8.027820080e-01 3.049656171e+02
8.015082825e-01 2.290689428e-02 5.975447660e-01 4.612927676e+02 7.832638172e-03 9.987781324e-01 -4.879438514e-02 -7.158238091e+01 -5.979323732e-01 4.378945577e-02 8.003495240e-01 3.060170878e+02
7.997522435e-01 1.990485173e-02 6.000001216e-01 4.621038591e+02 1.088621516e-02 9.988049816e-01 -4.764555711e-02 -7.164213353e+01 -6.002314881e-01 4.463637161e-02 7.985798363e-01 3.070432541e+02
7.976762269e-01 1.608557792e-02 6.028713721e-01 4.629290638e+02 1.335933413e-02 9.989276541e-01 -4.432911081e-02 -7.173410213e+01 -6.029379448e-01 4.341423795e-02 7.966059494e-01 3.080603383e+02
7.956152539e-01 1.131123006e-02 6.056966434e-01 4.636932389e+02 1.941143467e-02 9.988362665e-01 -4.415097988e-02 -7.177303977e+01 -6.054911758e-01 4.688463389e-02 7.944698025e-01 3.091174549e+02
7.947191188e-01 8.902090568e-03 6.069120817e-01 4.644785434e+02 2.506815948e-02 9.985579532e-01 -4.747211304e-02 -7.183534427e+01 -6.064594871e-01 5.294116469e-02 7.933499376e-01 3.101477852e+02
7.940461686e-01 1.027629515e-02 6.077705816e-01 4.652979057e+02 2.333556371e-02 9.986046864e-01 -4.737226895e-02 -7.189595890e+01 -6.074093624e-01 5.179843778e-02 7.926984220e-01 3.111505160e+02
7.907055423e-01 9.561957151e-03 6.121219767e-01 4.660127381e+02 2.425561600e-02 9.986035860e-01 -4.693125847e-02 -7.195766095e+01 -6.117159557e-01 5.195620179e-02 7.893694589e-01 3.122296640e+02
7.904323465e-01 1.100987943e-02 6.124503965e-01 4.668603720e+02 2.167089850e-02 9.987099308e-01 -4.592217628e-02 -7.204037191e+01 -6.121658907e-01 4.957072393e-02 7.891740401e-01 3.132083768e+02
7.891790265e-01 1.410767096e-02 6.140011708e-01 4.676252355e+02 1.854535470e-02 9.987328631e-01 -4.678394920e-02 -7.213415878e+01 -6.138831598e-01 4.830778098e-02 7.879173969e-01 3.142485594e+02
7.875645952e-01 1.357297127e-02 6.160826103e-01 4.683878314e+02 1.937926122e-02 9.987173947e-01 -4.677616612e-02 -7.219253949e+01 -6.159273111e-01 4.877847817e-02 7.862914266e-01 3.152986766e+02
7.870866383e-01 1.148971297e-02 6.167354459e-01 4.692142836e+02 2.001354486e-02 9.988244461e-01 -4.414956220e-02 -7.228580311e+01 -6.165177060e-01 4.709259301e-02 7.859314257e-01 3.163092691e+02
7.870978960e-01 9.460912609e-03 6.167555376e-01 4.700579973e+02 1.863879775e-02 9.990609796e-01 -3.911207219e-02 -7.235989315e+01 -6.165464275e-01 4.228061146e-02 7.861824550e-01 3.173031288e+02
7.861339070e-01 1.048185949e-02 6.179673219e-01 4.708442246e+02 1.736544017e-02 9.990868438e-01 -3.903741894e-02 -7.239866174e+01 -6.178122059e-01 4.141991322e-02 7.852340218e-01 3.183544717e+02
7.880277503e-01 1.660163968e-02 6.154158353e-01 4.716911376e+02 1.026936448e-02 9.991427818e-01 -4.010288853e-02 -7.246243394e+01 -6.155540633e-01 3.792211855e-02 7.871817503e-01 3.193537938e+02
7.879878631e-01 1.536625157e-02 6.154989894e-01 4.724609656e+02 1.605773729e-02 9.988355335e-01 -4.549424234e-02 -7.254122813e+01 -6.154813374e-01 4.573243188e-02 7.868235304e-01 3.204062302e+02
7.890156652e-01 1.723263508e-02 6.141313510e-01 4.732720142e+02 1.566542816e-02 9.987172339e-01 -4.815060787e-02 -7.262746611e+01 -6.141733260e-01 4.761221445e-02 7.877335861e-01 3.214304459e+02
7.912276645e-01 5.813571994e-03 6.114940599e-01 4.741228169e+02 2.381735976e-02 9.989031309e-01 -4.031461762e-02 -7.267833218e+01 -6.110577030e-01 4.646221476e-02 7.902213274e-01 3.224502428e+02
7.913494803e-01 -4.593423892e-03 6.113467924e-01 4.749105345e+02 3.195410082e-02 9.989157289e-01 -3.385708073e-02 -7.273504717e+01 -6.105284068e-01 4.632782028e-02 7.906382216e-01 3.235124730e+02
7.944974211e-01 -7.729458090e-03 6.072183326e-01 4.757767901e+02 3.648313871e-02 9.987203903e-01 -3.502231583e-02 -7.278700526e+01 -6.061706266e-01 4.997837026e-02 7.937627693e-01 3.244966813e+02
7.962380022e-01 -4.281776607e-03 6.049683547e-01 4.765750005e+02 3.657590129e-02 9.984864633e-01 -4.107293613e-02 -7.283459109e+01 -6.038768477e-01 5.483109544e-02 7.951894766e-01 3.255328492e+02
7.967314495e-01 -1.496947438e-04 6.043334965e-01 4.773403539e+02 3.287418347e-02 9.985300691e-01 -4.309279776e-02 -7.289380521e+01 -6.034387173e-01 5.420035746e-02 7.955652303e-01 3.265941361e+02
7.959965755e-01 1.490684767e-03 6.052992893e-01 4.781052579e+02 2.884666663e-02 9.987673218e-01 -4.039438921e-02 -7.298131275e+01 -6.046133654e-01 4.961466229e-02 7.949723666e-01 3.276589553e+02
7.967972942e-01 -2.566292549e-03 6.042412483e-01 4.789211399e+02 3.191846920e-02 9.987736130e-01 -3.784813545e-02 -7.303015344e+01 -6.034030852e-01 4.944374759e-02 7.959020245e-01 3.286887689e+02
7.967780992e-01 -6.494614734e-03 6.042371063e-01 4.797042922e+02 3.344101864e-02 9.988837617e-01 -3.336058951e-02 -7.310138877e+01 -6.033459695e-01 4.678729143e-02 7.961058915e-01 3.297411842e+02
7.976335973e-01 -7.123602601e-03 6.031002393e-01 4.804943420e+02 3.322271177e-02 9.989310688e-01 -3.213986975e-02 -7.316696903e+01 -6.022266150e-01 4.567246535e-02 7.970176473e-01 3.307852198e+02
7.980922994e-01 -9.001567227e-03 6.024679687e-01 4.812924815e+02 3.605192351e-02 9.988103604e-01 -3.283478118e-02 -7.320966760e+01 -6.014556845e-01 4.792531514e-02 7.974673810e-01 3.318175945e+02
7.986656497e-01 -9.098543119e-03 6.017062376e-01 4.820926212e+02 3.669107991e-02 9.987616747e-01 -3.359883569e-02 -7.323664378e+01 -6.006554291e-01 4.891148759e-02 7.980104773e-01 3.328498108e+02
7.999115546e-01 -1.126497283e-02 6.000121709e-01 4.829171894e+02 3.645625956e-02 9.988893944e-01 -2.984826349e-02 -7.329935520e+01 -5.990095541e-01 4.575017029e-02 7.994338472e-01 3.338671815e+02
7.992841862e-01 -1.010389863e-02 6.008682892e-01 4.836587930e+02 3.473049457e-02 9.989641518e-01 -2.940095672e-02 -7.335959925e+01 -5.999488165e-01 4.436817262e-02 7.988071625e-01 3.349407824e+02
7.995336431e-01 -9.471043424e-03 6.005466284e-01 4.844275756e+02 3.460321918e-02 9.989412561e-01 -3.031475163e-02 -7.340016797e+01 -5.996236910e-01 4.501851042e-02 7.990148703e-01 3.359920440e+02
8.009444616e-01 -7.042709877e-03 5.986972270e-01 4.852429483e+02 3.316895895e-02 9.989171878e-01 -3.262318439e-02 -7.347523143e+01 -5.978191947e-01 4.598752260e-02 8.003107885e-01 3.370014988e+02
8.008245146e-01 -8.661973017e-03 5.988364276e-01 4.860430743e+02 3.276742855e-02 9.990314023e-01 -2.936925044e-02 -7.357094864e+01 -5.980020004e-01 4.314194558e-02 8.003326684e-01 3.380285306e+02
7.996041281e-01 -8.296988642e-03 6.004701477e-01 4.868079621e+02 3.212585915e-02 9.990637449e-01 -2.897521070e-02 -7.362776098e+01 -5.996675475e-01 4.245931748e-02 7.991220425e-01 3.390792705e+02
8.008184906e-01 -9.400892432e-03 5.988333394e-01 4.876441787e+02 3.468146756e-02 9.989268502e-01 -3.069761723e-02 -7.363940784e+01 -5.979021165e-01 4.535163853e-02 8.002851291e-01 3.400629238e+02
7.990211253e-01 -8.891794229e-03 6.012372055e-01 4.883785965e+02 3.443512185e-02 9.989263550e-01 -3.098966937e-02 -7.369402126e+01 -6.003161364e-01 4.546507692e-02 7.984694503e-01 3.411196400e+02
7.967892375e-01 -1.081545322e-02 6.041605225e-01 4.891192523e+02 3.452976201e-02 9.990209681e-01 -2.765503136e-02 -7.379356549e+01 -6.032699284e-01 4.289675041e-02 7.963826105e-01 3.421695298e+02
7.950841965e-01 -1.282072868e-02 6.063635456e-01 4.898826047e+02 3.588912703e-02 9.990191628e-01 -2.593613057e-02 -7.385830904e+01 -6.054362816e-01 4.238326585e-02 7.947644731e-01 3.432068040e+02
7.920762611e-01 -1.272217518e-02 6.102895566e-01 4.906400610e+02 3.613473659e-02 9.990067529e-01 -2.607275181e-02 -7.391503119e+01 -6.093516861e-01 4.270426014e-02 7.917492461e-01 3.442459135e+02
7.900969541e-01 -1.426267937e-02 6.128159422e-01 4.913990870e+02 3.773387707e-02 9.989649625e-01 -2.539996646e-02 -7.395767851e+01 -6.118193832e-01 4.319235756e-02 7.898173603e-01 3.452821202e+02
7.883844719e-01 -1.183837410e-02 6.150689209e-01 4.921691309e+02 3.586036193e-02 9.989990771e-01 -2.673721131e-02 -7.400677644e+01 -6.141367592e-01 4.313579634e-02 7.880198882e-01 3.463181807e+02
7.883354246e-01 -1.103886688e-02 6.151466506e-01 4.929707507e+02 3.578168473e-02 9.989692876e-01 -2.792908102e-02 -7.404989009e+01 -6.142043059e-01 4.402846746e-02 7.879178667e-01 3.473328316e+02
7.865393015e-01 -8.439154680e-03 6.174825568e-01 4.937708043e+02 3.413228746e-02 9.989722248e-01 -2.982416945e-02 -7.409485543e+01 -6.165962327e-01 4.453397354e-02 7.860189635e-01 3.483645717e+02
7.847692147e-01 -5.910065544e-03 6.197599138e-01 4.946089210e+02 3.258093202e-02 9.989653312e-01 -3.172932198e-02 -7.410788266e+01 -6.189311452e-01 4.509255071e-02 7.841497940e-01 3.493734623e+02
7.845243971e-01 -5.159648253e-03 6.200764859e-01 4.954379471e+02 3.267814293e-02 9.989199106e-01 -3.303257820e-02 -7.413351973e+01 -6.192363114e-01 4.617781153e-02 7.838456483e-01 3.503595013e+02
7.820799187e-01 -1.567907156e-03 6.231761728e-01 4.962249287e+02 2.809569058e-02 9.990687269e-01 -3.274616279e-02 -7.417399832e+01 -6.225444827e-01 4.311868126e-02 7.813956401e-01 3.513888462e+02
7.805899352e-01 -1.954438538e-03 6.250404252e-01 4.970322477e+02 3.049579163e-02 9.989232691e-01 -3.496153688e-02 -7.421808632e+01 -6.242990948e-01 4.635172637e-02 7.798090521e-01 3.523930763e+02
7.783036328e-01 -5.860587213e-04 6.278878178e-01 4.978379683e+02 3.166960234e-02 9.987633854e-01 -3.832409529e-02 -7.427026180e+01 -6.270889024e-01 4.971274010e-02 7.773597314e-01 3.533995395e+02
7.750190690e-01 -7.823431598e-04 6.319373629e-01 4.985850898e+02 3.193210643e-02 9.987702382e-01 -3.792561057e-02 -7.433207842e+01 -6.311305596e-01 4.957216252e-02 7.740909620e-01 3.544552914e+02
7.721051696e-01 -1.866066154e-03 6.354920337e-01 4.993982144e+02 2.960759049e-02 9.990154268e-01 -3.303887961e-02 -7.434845062e+01 -6.348046926e-01 4.432487764e-02 7.714002252e-01 3.554580740e+02
7.683301083e-01 -4.160745350e-03 6.400402588e-01 5.001742086e+02 2.799985879e-02 9.992400672e-01 -2.711634282e-02 -7.442781595e+01 -6.394410470e-01 3.875533948e-02 7.678627293e-01 3.564770486e+02
7.667570238e-01 -1.384725781e-03 6.419359383e-01 5.010100396e+02 2.271920013e-02 9.994297324e-01 -2.498095091e-02 -7.447452408e+01 -6.415352713e-01 3.373859063e-02 7.663512270e-01 3.574295769e+02
7.656833420e-01 1.439738416e-03 6.432160966e-01 5.018509816e+02 2.189514758e-02 9.993596270e-01 -2.830085614e-02 -7.445855944e+01 -6.428449442e-01 3.575280547e-02 7.651614958e-01 3.583500811e+02
7.653659631e-01 7.496048035e-03 6.435516698e-01 5.026576890e+02 1.962839020e-02 9.991951587e-01 -3.498229860e-02 -7.450005887e+01 -6.432959418e-01 3.940614395e-02 7.646028296e-01 3.592630606e+02
7.619743299e-01 8.515424871e-03 6.475512398e-01 5.033817527e+02 2.533253330e-02 9.987563219e-01 -4.294266276e-02 -7.455702460e+01 -6.471115695e-01 4.912532002e-02 7.608109618e-01 3.602215502e+02
7.602596647e-01 6.248777298e-03 6.495892510e-01 5.041184517e+02 2.853516942e-02 9.986673351e-01 -4.300346421e-02 -7.463728603e+01 -6.489922852e-01 5.122993861e-02 7.590681834e-01 3.611609009e+02
7.584386653e-01 -6.085700829e-04 6.517441374e-01 5.048885238e+02 3.373504893e-02 9.986957143e-01 -3.832514589e-02 -7.470867939e+01 -6.508707533e-01 5.105389286e-02 7.574699747e-01 3.620761548e+02
7.570727104e-01 -9.528002869e-04 6.533299345e-01 5.056639717e+02 3.118912193e-02 9.989115065e-01 -3.468487928e-02 -7.478636151e+01 -6.525857413e-01 4.663576255e-02 7.562783587e-01 3.629715773e+02
7.553333178e-01 3.922101504e-03 6.553290746e-01 5.064214269e+02 2.515913998e-02 9.990713530e-01 -3.497784063e-02 -7.484833771e+01 -6.548576919e-01 4.290744434e-02 7.545332031e-01 3.638743435e+02
7.538083088e-01 5.616944399e-03 6.570703795e-01 5.071827689e+02 2.208693735e-02 9.991818154e-01 -3.388018436e-02 -7.493102020e+01 -6.567230777e-01 4.005183678e-02 7.530674933e-01 3.647621939e+02
7.525101374e-01 9.427165689e-03 6.585131902e-01 5.079208895e+02 1.721891301e-02 9.992740960e-01 -3.398220324e-02 -7.500284558e+01 -6.583555287e-01 3.691083377e-02 7.518015617e-01 3.656571801e+02
7.507684069e-01 1.249657847e-02 6.604472989e-01 5.086548765e+02 1.542084731e-02 9.992169890e-01 -3.643633417e-02 -7.506416878e+01 -6.603854909e-01 3.753990551e-02 7.499878392e-01 3.665521404e+02
7.515509105e-01 1.493916573e-02 6.595059137e-01 5.094260284e+02 1.472460005e-02 9.991145615e-01 -3.941166266e-02 -7.510117606e+01 -6.595107391e-01 3.933083177e-02 7.506654852e-01 3.674046292e+02
7.518799939e-01 1.641555294e-02 6.590955958e-01 5.101916842e+02 1.316190408e-02 9.991170287e-01 -3.989896307e-02 -7.513656661e+01 -6.591685969e-01 3.867418512e-02 7.510000455e-01 3.682592236e+02
7.510207813e-01 1.741250482e-02 6.600489306e-01 5.109314343e+02 1.084393166e-02 9.991921175e-01 -3.869782134e-02 -7.518125579e+01 -6.601895146e-01 3.622039351e-02 7.502252248e-01 3.691299391e+02
7.487692528e-01 2.359760206e-02 6.624105670e-01 5.116557570e+02 7.172699565e-03 9.990190946e-01 -4.369669414e-02 -7.522218835e+01 -6.627919421e-01 3.747001301e-02 7.478655224e-01 3.700048504e+02
7.475551670e-01 2.354866123e-02 6.637821426e-01 5.123978240e+02 8.380460145e-03 9.989573399e-01 -4.487762227e-02 -7.530932923e+01 -6.641468513e-01 3.911129821e-02 7.465783725e-01 3.708506410e+02
7.467147580e-01 2.096401212e-02 6.648139442e-01 5.131457705e+02 1.032913292e-02 9.990171822e-01 -4.310427685e-02 -7.536903837e+01 -6.650641918e-01 3.905355125e-02 7.457643334e-01 3.716881276e+02
7.481613077e-01 2.058795604e-02 6.631974018e-01 5.139058658e+02 1.131708736e-02 9.989771524e-01 -4.377867660e-02 -7.541861658e+01 -6.634203654e-01 4.025897487e-02 7.471630570e-01 3.725030364e+02
7.508561254e-01 2.121753733e-02 6.601249087e-01 5.147158243e+02 1.300534033e-02 9.988150885e-01 -4.689648197e-02 -7.546883574e+01 -6.603377469e-01 4.379765984e-02 7.496904861e-01 3.732614723e+02
7.524596360e-01 1.960725560e-02 6.583464527e-01 5.154512694e+02 1.487973534e-02 9.987956237e-01 -4.675356144e-02 -7.551925456e+01 -6.584702649e-01 4.497618880e-02 7.512616407e-01 3.740831708e+02
7.520028813e-01 1.651856763e-02 6.589528082e-01 5.161576555e+02 1.724652878e-02 9.988506347e-01 -4.472098871e-02 -7.557610134e+01 -6.589341574e-01 4.499496094e-02 7.508536673e-01 3.749186806e+02
7.532857461e-01 1.482607768e-02 6.575262521e-01 5.168760340e+02 1.873668968e-02 9.988563463e-01 -4.398790612e-02 -7.563671505e+01 -6.574264379e-01 4.545532803e-02 7.521464564e-01 3.757284681e+02
7.524880515e-01 1.400062038e-02 6.584570714e-01 5.175492151e+02 2.108842510e-02 9.987491745e-01 -4.533613088e-02 -7.567917446e+01 -6.582681905e-01 4.800071942e-02 7.512515693e-01 3.765627211e+02
7.467099076e-01 1.639520116e-02 6.649477508e-01 5.181436785e+02 2.048271446e-02 9.986552789e-01 -4.762449376e-02 -7.573735271e+01 -6.648343946e-01 4.918161625e-02 7.453699728e-01 3.774460579e+02
7.462517201e-01 1.867552664e-02 6.654018297e-01 5.189056320e+02 1.875992696e-02 9.986192870e-01 -4.906714620e-02 -7.582338798e+01 -6.653994555e-01 4.909933198e-02 7.448710091e-01 3.781782570e+02
7.465995740e-01 1.694939610e-02 6.650577374e-01 5.196398453e+02 2.167423951e-02 9.985250167e-01 -4.977969903e-02 -7.589003802e+01 -6.649205242e-01 5.158012278e-02 7.451309868e-01 3.789328971e+02
7.438998189e-01 1.681039960e-02 6.680796883e-01 5.203260589e+02 2.297890815e-02 9.984490292e-01 -5.071001763e-02 -7.593194106e+01 -6.678959718e-01 5.307491472e-02 7.423597674e-01 3.797143507e+02
7.413268723e-01 1.615230668e-02 6.709497532e-01 5.210499542e+02 2.228936179e-02 9.985663448e-01 -4.866661407e-02 -7.602879169e+01 -6.707739207e-01 5.103291059e-02 7.399040406e-01 3.804441332e+02
7.373961255e-01 1.624720157e-02 6.752651202e-01 5.216891033e+02 2.145463537e-02 9.986428689e-01 -4.745649676e-02 -7.611821966e+01 -6.751197321e-01 4.948180377e-02 7.360468045e-01 3.812336620e+02
7.351025883e-01 1.827774652e-02 6.777094574e-01 5.224047388e+02 1.871232096e-02 9.987086566e-01 -4.723206810e-02 -7.619093215e+01 -6.776975975e-01 4.740193240e-02 7.338112994e-01 3.819358023e+02
7.330624380e-01 1.771625251e-02 6.799305821e-01 5.231121661e+02 1.952756721e-02 9.987004355e-01 -4.707562209e-02 -7.623202368e+01 -6.798809721e-01 4.778676044e-02 7.317638208e-01 3.826148524e+02
7.295272232e-01 1.580999633e-02 6.837690214e-01 5.237723619e+02 2.259137217e-02 9.986302700e-01 -4.719336634e-02 -7.625818296e+01 -6.835785693e-01 4.987612594e-02 7.281707984e-01 3.833215855e+02
7.271018657e-01 1.599017493e-02 6.863433479e-01 5.244483160e+02 2.190853468e-02 9.986791063e-01 -4.647643217e-02 -7.632622735e+01 -6.861799276e-01 4.882987759e-02 7.257911201e-01 3.839881480e+02
7.245394720e-01 1.830375274e-02 6.889902221e-01 5.251130467e+02 1.808089790e-02 9.987985114e-01 -4.554793987e-02 -7.640783148e+01 -6.889961064e-01 4.545884217e-02 7.233379978e-01 3.846337249e+02
7.200111272e-01 1.956689271e-02 6.936866103e-01 5.256906903e+02 1.649722843e-02 9.988373090e-01 -4.529758832e-02 -7.644360446e+01 -6.937664002e-01 4.405867410e-02 7.188511773e-01 3.853408783e+02
7.237506060e-01 2.232192339e-02 6.897005089e-01 5.264543377e+02 1.352780008e-02 9.988256469e-01 -4.652231318e-02 -7.648211926e+01 -6.899290246e-01 4.300068296e-02 7.225987008e-01 3.857956618e+02
7.227664284e-01 2.239645269e-02 6.907293890e-01 5.270762658e+02 1.613593002e-02 9.986553873e-01 -4.926509162e-02 -7.651425068e+01 -6.909039888e-01 4.675271540e-02 7.214331999e-01 3.863974439e+02
7.211848681e-01 2.650199085e-02 6.922355311e-01 5.276274802e+02 1.870032762e-02 9.981590090e-01 -5.769653886e-02 -7.654540776e+01 -6.924902048e-01 5.455490199e-02 7.193615773e-01 3.870347939e+02
7.199495725e-01 3.049305941e-02 6.933561757e-01 5.281637770e+02 2.016451353e-02 9.976935180e-01 -6.481540396e-02 -7.657416048e+01 -6.937333821e-01 6.064501237e-02 7.176741441e-01 3.876663009e+02
7.196574948e-01 2.860851786e-02 6.937396074e-01 5.287221310e+02 2.242243689e-02 9.976720824e-01 -6.440225392e-02 -7.662728051e+01 -6.939670918e-01 6.190289728e-02 7.173407188e-01 3.882650676e+02
7.199542171e-01 2.743145222e-02 6.934792288e-01 5.292867843e+02 2.274806293e-02 9.977489498e-01 -6.308374449e-02 -7.667319286e+01 -6.936486510e-01 6.119271701e-02 7.177095516e-01 3.888490931e+02
7.219854035e-01 2.207651679e-02 6.915560025e-01 5.298459831e+02 2.682218307e-02 9.978465595e-01 -5.985661441e-02 -7.673432423e+01 -6.913882033e-01 6.176464360e-02 7.198385105e-01 3.894191932e+02
7.221934132e-01 1.740823407e-02 6.914720727e-01 5.303265633e+02 3.209150519e-02 9.977634410e-01 -5.863660269e-02 -7.677021713e+01 -6.909463143e-01 6.453734784e-02 7.200195286e-01 3.900386464e+02
7.226597313e-01 1.468763633e-02 6.910478899e-01 5.308457610e+02 3.304255628e-02 9.978970976e-01 -5.576353690e-02 -7.684852106e+01 -6.904137182e-01 6.313205139e-02 7.206547314e-01 3.905988556e+02
7.259901668e-01 1.061410608e-02 6.876231661e-01 5.314104043e+02 3.618248375e-02 9.979064766e-01 -5.360496044e-02 -7.693288495e+01 -6.867525796e-01 6.379658820e-02 7.240862447e-01 3.910861531e+02
7.245848705e-01 9.549931064e-03 6.891194122e-01 5.318373314e+02 3.877320256e-02 9.977554540e-01 -5.459572187e-02 -7.694829401e+01 -6.880940373e-01 6.627860062e-02 7.225882250e-01 3.916874286e+02
7.266425028e-01 1.027596877e-02 6.869389183e-01 5.323550759e+02 3.766537259e-02 9.977884289e-01 -5.476833869e-02 -7.700526776e+01 -6.859825018e-01 6.567081301e-02 7.246484331e-01 3.921774864e+02
7.294579538e-01 1.512153466e-02 6.838584888e-01 5.328601141e+02 3.217922478e-02 9.978900870e-01 -5.639035213e-02 -7.706868283e+01 -6.832683156e-01 6.314042691e-02 7.274322617e-01 3.926480509e+02
7.304000265e-01 2.049491985e-02 6.827120619e-01 5.333263435e+02 2.663313406e-02 9.979349260e-01 -5.845134482e-02 -7.710611474e+01 -6.825001666e-01 6.087562567e-02 7.283458525e-01 3.931302047e+02
7.325373893e-01 2.455973266e-02 6.802836121e-01 5.337825096e+02 2.371376413e-02 9.978217123e-01 -6.155881550e-02 -7.716762137e+01 -6.803136267e-01 6.122621911e-02 7.303593084e-01 3.935904649e+02
7.333487160e-01 2.771709872e-02 6.792874378e-01 5.342043784e+02 2.194490694e-02 9.976828429e-01 -6.440004736e-02 -7.719242882e+01 -6.794984046e-01 6.213459165e-02 7.310411826e-01 3.940633499e+02
7.325201402e-01 3.543570096e-02 6.798224439e-01 5.345973857e+02 1.482843231e-02 9.975767199e-01 -6.797650776e-02 -7.726152772e+01 -6.805838389e-01 5.987486209e-02 7.302195828e-01 3.945389299e+02
7.306935796e-01 4.449561544e-02 6.812540149e-01 5.349555064e+02 5.217762804e-03 9.974807047e-01 -7.074615719e-02 -7.734632324e+01 -6.826856287e-01 5.524838470e-02 7.286205792e-01 3.950153560e+02
7.307368359e-01 4.748377329e-02 6.810058501e-01 5.353288072e+02 2.922337195e-03 9.973512491e-01 -7.267699687e-02 -7.741336796e+01 -6.826530133e-01 5.509788746e-02 7.286625325e-01 3.954719671e+02
7.317324441e-01 4.732846322e-02 6.799467971e-01 5.357111243e+02 5.332029325e-03 9.971582527e-01 -7.514644786e-02 -7.742837839e+01 -6.815711260e-01 5.861259022e-02 7.294006886e-01 3.959137814e+02
7.366575632e-01 4.441849972e-02 6.748056250e-01 5.361239945e+02 8.685477402e-03 9.971368814e-01 -7.511725604e-02 -7.748506723e+01 -6.762101723e-01 6.119670379e-02 7.341626293e-01 3.963232807e+02
7.441172066e-01 4.109321798e-02 6.667840208e-01 5.364895151e+02 1.180132156e-02 9.971419937e-01 -7.462287365e-02 -7.750416975e+01 -6.679448418e-01 6.339709692e-02 7.415055606e-01 3.967685575e+02
7.527658648e-01 3.989901017e-02 6.570780941e-01 5.368156346e+02 1.002045991e-02 9.973513534e-01 -7.204073974e-02 -7.755978063e+01 -6.582120806e-01 6.081403445e-02 7.503722477e-01 3.972427120e+02
7.673336274e-01 3.734771081e-02 6.401595526e-01 5.372072384e+02 1.229340560e-02 9.972622336e-01 -7.291714202e-02 -7.760795588e+01 -6.411302337e-01 6.382151611e-02 7.647737166e-01 3.976644994e+02
7.841256348e-01 3.527671480e-02 6.195986945e-01 5.375726723e+02 1.451501608e-02 9.970675638e-01 -7.513712456e-02 -7.765158097e+01 -6.204323518e-01 6.791043051e-02 7.813141943e-01 3.980721400e+02
8.046858214e-01 3.271671114e-02 5.927987396e-01 5.379594621e+02 1.521188037e-02 9.970165162e-01 -7.567473209e-02 -7.769025278e+01 -5.935059626e-01 6.991196746e-02 8.017873716e-01 3.984903115e+02
8.280484825e-01 2.947581943e-02 5.598811363e-01 5.383326182e+02 1.534083672e-02 9.970519655e-01 -7.518002936e-02 -7.775883664e+01 -5.604465803e-01 7.084175432e-02 8.251551833e-01 3.989216983e+02
8.493090999e-01 2.333619281e-02 5.273798204e-01 5.385741016e+02 2.089838983e-02 9.967529661e-01 -7.776105659e-02 -7.772144984e+01 -5.274820473e-01 7.706456205e-02 8.460636756e-01 3.993838826e+02
8.726569914e-01 2.098363726e-02 4.878826318e-01 5.388791481e+02 1.850766482e-02 9.969374241e-01 -7.598183243e-02 -7.772350003e+01 -4.879828294e-01 7.533564551e-02 8.695960549e-01 3.998693379e+02
8.922006651e-01 2.231129990e-02 4.510877732e-01 5.390487337e+02 1.419370995e-02 9.969005287e-01 -7.738135725e-02 -7.770585119e+01 -4.514161182e-01 7.544230742e-02 8.891186346e-01 4.004149753e+02
9.112680140e-01 2.591007016e-02 4.109979013e-01 5.392164473e+02 5.078368940e-03 9.972358491e-01 -7.412740041e-02 -7.777844134e+01 -4.117824872e-01 6.963712793e-02 9.086175508e-01 4.008911581e+02
9.292226552e-01 3.133666661e-02 3.681891775e-01 5.393693674e+02 -4.676839946e-03 9.973152267e-01 -7.307849001e-02 -7.780020808e+01 -3.694907094e-01 6.618422667e-02 9.268744596e-01 4.014346720e+02
9.460088095e-01 3.475322117e-02 3.222724716e-01 5.395578631e+02 -1.138417930e-02 9.971845782e-01 -7.411691779e-02 -7.780281494e+01 -3.239409403e-01 6.644644957e-02 9.437410326e-01 4.019748832e+02
9.601896546e-01 3.400699235e-02 2.772712600e-01 5.396530617e+02 -1.435280022e-02 9.972572248e-01 -7.260871005e-02 -7.782647836e+01 -2.789799711e-01 6.573851323e-02 9.580441658e-01 4.024849971e+02
9.724043692e-01 3.133251887e-02 2.311882698e-01 5.397679348e+02 -1.567376675e-02 9.974754820e-01 -6.926034830e-02 -7.785843246e+01 -2.327747320e-01 6.372547428e-02 9.704406154e-01 4.030517647e+02
9.816922678e-01 3.445890554e-02 1.873309244e-01 5.397839954e+02 -2.299009697e-02 9.977452671e-01 -6.305424223e-02 -7.788516944e+01 -1.890813233e-01 5.759310593e-02 9.802710275e-01 4.035838748e+02
9.890356376e-01 3.972086703e-02 1.422348775e-01 5.398032521e+02 -3.214987114e-02 9.979610293e-01 -5.513773541e-02 -7.792510325e+01 -1.441349834e-01 4.996035231e-02 9.882960436e-01 4.041875878e+02
9.947639117e-01 4.668906482e-02 9.091144688e-02 5.398553235e+02 -4.224825420e-02 9.978464597e-01 -5.017497334e-02 -7.791806353e+01 -9.305828799e-02 4.607140284e-02 9.945941790e-01 4.047989262e+02
9.979629575e-01 4.606763019e-02 4.413285496e-02 5.398486663e+02 -4.404594150e-02 9.979820608e-01 -4.573577813e-02 -7.794930050e+01 -4.615073645e-02 4.369873926e-02 9.979782211e-01 4.053685893e+02
9.991185892e-01 4.185709111e-02 -3.166797352e-03 5.398118697e+02 -4.195473122e-02 9.981908561e-01 -4.306756807e-02 -7.798725470e+01 1.358385039e-03 4.316246998e-02 9.990671429e-01 4.059879906e+02
9.978774699e-01 4.258991551e-02 -4.926108260e-02 5.397475992e+02 -4.472463352e-02 9.980702140e-01 -4.307615559e-02 -7.800425902e+01 4.733140942e-02 4.518790902e-02 9.978565982e-01 4.066137924e+02
9.943950328e-01 4.466895588e-02 -9.582903066e-02 5.396787508e+02 -4.872184646e-02 9.979959157e-01 -4.037739457e-02 -7.802128783e+01 9.383336515e-02 4.482004792e-02 9.945785353e-01 4.072141605e+02
9.894444846e-01 4.881907062e-02 -1.364415998e-01 5.395343511e+02 -5.428859464e-02 9.978522562e-01 -3.665546863e-02 -7.804572629e+01 1.343590723e-01 4.367577397e-02 9.899697301e-01 4.078482496e+02
9.826287762e-01 5.445010693e-02 -1.774144133e-01 5.394124418e+02 -6.185499658e-02 9.974184829e-01 -3.647368006e-02 -7.803348848e+01 1.749704191e-01 4.681405552e-02 9.834601144e-01 4.084705403e+02
9.751420166e-01 5.160742595e-02 -2.154871714e-01 5.392424589e+02 -6.052082304e-02 9.975542378e-01 -3.496816499e-02 -7.806565367e+01 2.131555241e-01 4.714038789e-02 9.758803750e-01 4.091061465e+02
9.664337053e-01 4.441489018e-02 -2.530478430e-01 5.390544791e+02 -5.459454351e-02 9.979516473e-01 -3.334584500e-02 -7.811939177e+01 2.510484597e-01 4.604158001e-02 9.668789189e-01 4.097386423e+02
9.566937731e-01 4.487198828e-02 -2.876169836e-01 5.388663011e+02 -5.761353499e-02 9.976901786e-01 -3.598594227e-02 -7.812026521e+01 2.853378789e-01 5.099815804e-02 9.570692152e-01 4.103681429e+02
9.472875602e-01 4.873409721e-02 -3.166563847e-01 5.386010874e+02 -6.316053259e-02 9.973736164e-01 -3.544878482e-02 -7.813905645e+01 3.140971591e-01 5.358037879e-02 9.478776913e-01 4.109950680e+02
9.391450812e-01 5.570221957e-02 -3.389745997e-01 5.383241230e+02 -7.071146180e-02 9.969808264e-01 -3.207991585e-02 -7.814676462e+01 3.361642541e-01 5.409708463e-02 9.402484245e-01 4.116263507e+02
9.322544083e-01 6.164670800e-02 -3.565128350e-01 5.380471584e+02 -7.638992581e-02 9.967012348e-01 -2.740853665e-02 -7.816122136e+01 3.536471368e-01 5.278571813e-02 9.338883073e-01 4.122587380e+02
9.263509465e-01 6.126490306e-02 -3.716457124e-01 5.378038259e+02 -7.347403407e-02 9.971205591e-01 -1.876584710e-02 -7.818964782e+01 3.694258927e-01 4.469006996e-02 9.281849532e-01 4.129193609e+02
9.231622187e-01 6.031075426e-02 -3.796500111e-01 5.375205628e+02 -7.079039548e-02 9.973972710e-01 -1.368954745e-02 -7.819249154e+01 3.778362580e-01 3.951324743e-02 9.250288998e-01 4.135724805e+02
9.203001576e-01 6.084849447e-02 -3.864519124e-01 5.372689268e+02 -7.160989420e-02 9.973413953e-01 -1.349682683e-02 -7.817574569e+01 3.846032279e-01 4.009491242e-02 9.222107975e-01 4.142502036e+02
9.179322211e-01 5.971765580e-02 -3.922170816e-01 5.369867559e+02 -7.119351209e-02 9.973532315e-01 -1.476534797e-02 -7.817520034e+01 3.902972219e-01 4.147690020e-02 9.197541766e-01 4.149259007e+02
9.161739585e-01 5.591015679e-02 -3.968618552e-01 5.367202538e+02 -6.853385684e-02 9.974920084e-01 -1.768625591e-02 -7.814407509e+01 3.948776877e-01 4.340216066e-02 9.177079406e-01 4.156161384e+02
9.150499347e-01 5.426858912e-02 -3.996730379e-01 5.364250112e+02 -6.638552351e-02 9.976571980e-01 -1.652505865e-02 -7.816225268e+01 3.978398914e-01 4.165375769e-02 9.165088026e-01 4.163060822e+02
9.141308528e-01 5.373341488e-02 -4.018426359e-01 5.361274073e+02 -6.489716482e-02 9.977907904e-01 -1.420903014e-02 -7.817327405e+01 4.001913816e-01 3.906736061e-02 9.155984925e-01 4.170026973e+02
9.140351379e-01 5.343504577e-02 -4.021000654e-01 5.357975099e+02 -6.467145711e-02 9.978025594e-01 -1.441024083e-02 -7.812518018e+01 4.004464626e-01 3.917586360e-02 9.154823222e-01 4.176931796e+02
9.134036559e-01 5.486432133e-02 -4.033406347e-01 5.355036518e+02 -6.659483362e-02 9.976657874e-01 -1.510313523e-02 -7.812508414e+01 4.015705286e-01 4.065566140e-02 9.149252580e-01 4.184092301e+02
9.125135882e-01 5.253199720e-02 -4.056591435e-01 5.352150386e+02 -6.453063551e-02 9.977882905e-01 -1.594755149e-02 -7.811302287e+01 4.039241866e-01 4.072979976e-02 9.138852964e-01 4.191345112e+02
9.155452607e-01 4.894114960e-02 -3.992263012e-01 5.347345651e+02 -6.176574224e-02 9.979037785e-01 -1.931429479e-02 -7.804739104e+01 3.974441707e-01 4.234161988e-02 9.166489614e-01 4.197494007e+02
9.147757855e-01 4.694876700e-02 -4.012244703e-01 5.344634679e+02 -6.054255203e-02 9.979391391e-01 -2.126203433e-02 -7.803870493e+01 3.993993761e-01 4.374114752e-02 9.157329580e-01 4.204996694e+02
9.142267178e-01 4.710444627e-02 -4.024558107e-01 5.341810062e+02 -6.152629329e-02 9.978410125e-01 -2.297452931e-02 -7.804635240e+01 4.005047111e-01 4.576554277e-02 9.151510757e-01 4.212487377e+02
9.128142965e-01 4.550274801e-02 -4.058319358e-01 5.339320414e+02 -5.980238672e-02 9.979539729e-01 -2.261730683e-02 -7.808979362e+01 4.039724430e-01 4.491511938e-02 9.136678266e-01 4.220251157e+02
9.121009044e-01 4.167905656e-02 -4.078416317e-01 5.336397984e+02 -5.601467046e-02 9.981588375e-01 -2.326568012e-02 -7.809988208e+01 4.061210373e-01 4.406576248e-02 9.127562170e-01 4.228030861e+02
9.116899406e-01 4.269160170e-02 -4.086549636e-01 5.333050786e+02 -5.734931549e-02 9.980733882e-01 -2.367631215e-02 -7.811268029e+01 4.068568645e-01 4.502153806e-02 9.123818022e-01 4.235860813e+02
9.117673192e-01 4.297728364e-02 -4.084523335e-01 5.329634193e+02 -5.670365009e-02 9.981584380e-01 -2.155060946e-02 -7.815919288e+01 4.067739565e-01 4.280987961e-02 9.125252120e-01 4.243766885e+02
9.112526798e-01 4.503029254e-02 -4.093785857e-01 5.326120663e+02 -5.727611410e-02 9.982015605e-01 -1.769438957e-02 -7.819294264e+01 4.078455595e-01 3.957167450e-02 9.121930071e-01 4.251774409e+02
9.107212708e-01 4.492957293e-02 -4.105704573e-01 5.322800047e+02 -5.645246763e-02 9.982774202e-01 -1.597846310e-02 -7.818831140e+01 4.091453114e-01 3.772964167e-02 9.116888660e-01 4.259975062e+02
9.109918877e-01 4.246240765e-02 -4.102325249e-01 5.318923477e+02 -5.342888812e-02 9.984544396e-01 -1.529986978e-02 -7.819633061e+01 4.089488164e-01 3.585632493e-02 9.118526139e-01 4.268034253e+02
9.107969832e-01 4.182006301e-02 -4.107309798e-01 5.315265445e+02 -5.387796987e-02 9.983885077e-01 -1.781999039e-02 -7.820844660e+01 4.093238569e-01 3.835974484e-02 9.115824209e-01 4.276221772e+02
9.113881896e-01 4.069627123e-02 -4.095306842e-01 5.311419204e+02 -5.367702358e-02 9.983530822e-01 -2.024599830e-02 -7.821617175e+01 4.080322842e-01 4.043435193e-02 9.120716629e-01 4.284476648e+02
9.104138218e-01 4.182905611e-02 -4.115786718e-01 5.308091518e+02 -5.395413869e-02 9.983833155e-01 -1.788032857e-02 -7.826399276e+01 4.101653617e-01 3.848487101e-02 9.111988207e-01 4.293036797e+02
9.103076351e-01 4.059001837e-02 -4.119374466e-01 5.304437512e+02 -5.140461851e-02 9.985621954e-01 -1.520220827e-02 -7.828411876e+01 4.107281031e-01 3.501417355e-02 9.110853050e-01 4.301487003e+02
9.100342411e-01 4.074736250e-02 -4.125255538e-01 5.300567772e+02 -5.184663338e-02 9.985309510e-01 -1.574377387e-02 -7.829725910e+01 4.112780163e-01 3.571543445e-02 9.108099698e-01 4.309894840e+02
9.109651835e-01 4.290663873e-02 -4.102456030e-01 5.296033135e+02 -5.380794603e-02 9.984377576e-01 -1.505819252e-02 -7.832944623e+01 4.089586035e-01 3.579196238e-02 9.118507532e-01 4.317955969e+02
9.108554608e-01 4.774969253e-02 -4.099540174e-01 5.292149056e+02 -5.806814038e-02 9.982312144e-01 -1.274886690e-02 -7.833032480e+01 4.086201422e-01 3.541764247e-02 9.120170887e-01 4.326468253e+02
9.115016076e-01 4.930499989e-02 -4.083305478e-01 5.288052269e+02 -5.847597684e-02 9.982387418e-01 -9.998727417e-03 -7.834469798e+01 4.071183850e-01 3.299138377e-02 9.127793760e-01 4.334927826e+02
9.112800944e-01 4.904241691e-02 -4.088562473e-01 5.284216051e+02 -5.812868758e-02 9.982608131e-01 -9.818592603e-03 -7.838258730e+01 4.076636424e-01 3.271376506e-02 9.125459793e-01 4.343531098e+02
9.113910998e-01 4.902958058e-02 -4.086102831e-01 5.280382021e+02 -6.057962142e-02 9.980451137e-01 -1.536425961e-02 -7.839457809e+01 4.070581933e-01 3.875630572e-02 9.125796272e-01 4.352183542e+02
9.110116232e-01 4.875868886e-02 -4.094879883e-01 5.276674771e+02 -6.228824000e-02 9.978626056e-01 -1.975842648e-02 -7.839703623e+01 4.076493561e-01 4.350644227e-02 9.121015250e-01 4.360801509e+02
9.122871790e-01 4.630669446e-02 -4.069248002e-01 5.272356243e+02 -5.991327045e-02 9.979878485e-01 -2.075221295e-02 -7.842318785e+01 4.051450395e-01 4.331217342e-02 9.132259045e-01 4.369286879e+02
9.122364005e-01 4.684967616e-02 -4.069764826e-01 5.268563060e+02 -5.951240252e-02 9.980560446e-01 -1.850420774e-02 -7.844728042e+01 4.053184223e-01 4.110036011e-02 9.132511905e-01 4.378051569e+02
9.124951638e-01 5.020389537e-02 -4.059952525e-01 5.264492215e+02 -6.138535574e-02 9.980079862e-01 -1.455670156e-02 -7.848731390e+01 4.044557012e-01 3.820508278e-02 9.137592448e-01 4.386762972e+02
9.125288938e-01 5.200702484e-02 -4.056923557e-01 5.260633527e+02 -6.139258026e-02 9.980621245e-01 -1.014626377e-02 -7.853535056e+01 4.043784974e-01 3.416525936e-02 9.139533718e-01 4.395539062e+02
9.134907242e-01 5.150532069e-02 -4.035862966e-01 5.256647472e+02 -5.893439012e-02 9.982438322e-01 -5.999088720e-03 -7.855952185e+01 4.025685464e-01 2.926522415e-02 9.149219159e-01 4.404294438e+02
9.139534073e-01 5.307671791e-02 -4.023332341e-01 5.252596055e+02 -5.884751280e-02 9.982650068e-01 -1.986548960e-03 -7.858164433e+01 4.015297492e-01 2.549192333e-02 9.154911372e-01 4.413021231e+02
9.144144165e-01 5.338724906e-02 -4.012431640e-01 5.248539275e+02 -5.939497804e-02 9.982313307e-01 -2.539107465e-03 -7.859432141e+01 4.003979415e-01 2.615362538e-02 9.159680542e-01 4.421778895e+02
9.138699927e-01 5.656407757e-02 -4.020474369e-01 5.244610031e+02 -6.740469595e-02 9.976428981e-01 -1.285514655e-02 -7.860760093e+01 4.003726306e-01 3.884781793e-02 9.155285925e-01 4.430457521e+02
9.144586261e-01 5.261125332e-02 -4.012449093e-01 5.240430923e+02 -6.974322189e-02 9.971663055e-01 -2.820003819e-02 -7.863644979e+01 3.986242645e-01 5.377188092e-02 9.155366080e-01 4.439025696e+02
9.147125075e-01 5.458869036e-02 -4.004011782e-01 5.236327871e+02 -7.563521776e-02 9.964511986e-01 -3.693673883e-02 -7.866025333e+01 3.969639058e-01 6.407092729e-02 9.155952019e-01 4.447681099e+02
9.150365040e-01 6.466517163e-02 -3.981540053e-01 5.232372194e+02 -8.488545215e-02 9.958325041e-01 -3.334791915e-02 -7.867562765e+01 3.943382512e-01 6.431204612e-02 9.167122255e-01 4.456605201e+02
9.155260933e-01 7.015620506e-02 -3.960935234e-01 5.228280828e+02 -8.629260374e-02 9.960033087e-01 -2.304334073e-02 -7.871567388e+01 3.928938265e-01 5.527672118e-02 9.179209798e-01 4.465580463e+02
9.156737325e-01 7.129711078e-02 -3.955481483e-01 5.224347030e+02 -8.459117442e-02 9.962833049e-01 -1.624529222e-02 -7.875808922e+01 3.929197741e-01 4.833526976e-02 9.183015588e-01 4.474551806e+02
9.153682605e-01 7.485671075e-02 -3.955975486e-01 5.220453808e+02 -8.803379147e-02 9.960010138e-01 -1.523259886e-02 -7.877211580e+01 3.928752972e-01 4.876938962e-02 9.182976356e-01 4.483506803e+02
9.155107954e-01 7.399245751e-02 -3.954302717e-01 5.216580789e+02 -8.842304987e-02 9.959136929e-01 -1.836519767e-02 -7.879609134e+01 3.924555361e-01 5.177868736e-02 9.183123759e-01 4.492463512e+02
9.167146042e-01 7.325228996e-02 -3.927702083e-01 5.211579760e+02 -8.810056563e-02 9.959130909e-01 -1.988480918e-02 -7.882754308e+01 3.897083843e-01 5.283197249e-02 9.194216431e-01 4.500870160e+02
9.173349252e-01 7.652030048e-02 -3.906933306e-01 5.207134475e+02 -9.228843505e-02 9.954955131e-01 -2.171470106e-02 -7.883960637e+01 3.872718422e-01 5.597612975e-02 9.202647408e-01 4.509583683e+02
9.166395530e-01 8.218537230e-02 -3.911745064e-01 5.203410842e+02 -9.873661967e-02 9.948625828e-01 -2.234997173e-02 -7.886916707e+01 3.873280390e-01 5.911011656e-02 9.200450991e-01 4.518682412e+02
9.164692680e-01 8.501173047e-02 -3.909694189e-01 5.199364199e+02 -1.024174347e-01 9.944557117e-01 -2.384337496e-02 -7.888101564e+01 3.867748052e-01 6.189380531e-02 9.200947815e-01 4.527635082e+02
9.163848004e-01 8.876700497e-02 -3.903323154e-01 5.195684272e+02 -1.065899211e-01 9.940087649e-01 -2.419016375e-02 -7.890411965e+01 3.858464544e-01 6.377298909e-02 9.203561917e-01 4.536788170e+02
9.163002576e-01 9.564512306e-02 -3.889033920e-01 5.191534800e+02 -1.139902091e-01 9.931842897e-01 -2.431458433e-02 -7.890603847e+01 3.839271677e-01 6.661063885e-02 9.209576281e-01 4.545722747e+02
9.149878045e-01 9.385450011e-02 -3.924138765e-01 5.187938778e+02 -1.102403241e-01 9.937160562e-01 -1.937706288e-02 -7.897318493e+01 3.881293452e-01 6.098960913e-02 9.195846231e-01 4.554787399e+02
9.149380662e-01 9.649562648e-02 -3.918889245e-01 5.183868306e+02 -1.119043841e-01 9.935801440e-01 -1.661042695e-02 -7.900379260e+01 3.877702205e-01 5.905160065e-02 9.198625792e-01 4.563506537e+02
9.145558916e-01 9.790101306e-02 -3.924320486e-01 5.180008066e+02 -1.129152943e-01 9.934868213e-01 -1.529941647e-02 -7.903094206e+01 3.883782402e-01 5.830375171e-02 9.196537474e-01 4.572172840e+02
9.146507655e-01 1.009052846e-01 -3.914487205e-01 5.176266575e+02 -1.166885635e-01 9.930285593e-01 -1.667512033e-02 -7.904855401e+01 3.870371511e-01 6.092950044e-02 9.200488246e-01 4.580731178e+02
9.143729117e-01 9.837531454e-02 -3.927397049e-01 5.172753284e+02 -1.150802482e-01 9.931715081e-01 -1.915442218e-02 -7.908438831e+01 3.881735627e-01 6.271086750e-02 9.194501793e-01 4.589265050e+02
9.151679917e-01 9.643342847e-02 -3.913670155e-01 5.168881659e+02 -1.140377347e-01 9.932343473e-01 -2.193003222e-02 -7.910181080e+01 3.866043740e-01 6.470027143e-02 9.199733327e-01 4.597620112e+02
9.155319921e-01 1.007099043e-01 -3.894338026e-01 5.165022512e+02 -1.194892279e-01 9.925396847e-01 -2.423424503e-02 -7.911345824e+01 3.840878752e-01 6.872037103e-02 9.207355835e-01 4.605894754e+02
9.149251010e-01 1.017169727e-01 -3.905966169e-01 5.161454495e+02 -1.214621340e-01 9.922525064e-01 -2.611347264e-02 -7.913741965e+01 3.849142887e-01 7.133457021e-02 9.201914852e-01 4.614242842e+02
9.138253523e-01 1.026435838e-01 -3.929217737e-01 5.158137821e+02 -1.222703549e-01 9.921774101e-01 -2.517830686e-02 -7.917090404e+01 3.872637162e-01 7.105125986e-02 9.192271387e-01 4.622637649e+02
9.145114734e-01 1.036670962e-01 -3.910522960e-01 5.154586180e+02 -1.227346049e-01 9.921490604e-01 -2.400955662e-02 -7.920346027e+01 3.854931671e-01 6.995266404e-02 9.200552391e-01 4.630752385e+02
9.143092035e-01 1.027984170e-01 -3.917539610e-01 5.151325728e+02 -1.211856272e-01 9.923764465e-01 -2.242837948e-02 -7.926249540e+01 3.864618018e-01 6.798142325e-02 9.197966090e-01 4.638816247e+02
9.138085644e-01 1.070265028e-01 -3.917897845e-01 5.147956140e+02 -1.253719307e-01 9.918776358e-01 -2.146240102e-02 -7.928377618e+01 3.863104795e-01 6.873196756e-02 9.198043977e-01 4.646665076e+02
9.138160214e-01 1.058264323e-01 -3.920982596e-01 5.144449067e+02 -1.233022331e-01 9.921759926e-01 -1.957955805e-02 -7.932000941e+01 3.869584451e-01 6.623870486e-02 9.197149535e-01 4.654254554e+02
9.137783603e-01 1.113978331e-01 -3.906400273e-01 5.141165767e+02 -1.299525946e-01 9.912914231e-01 -2.129877049e-02 -7.932433303e+01 3.848654717e-01 7.022704068e-02 9.202970887e-01 4.661760493e+02
9.137491979e-01 1.113044427e-01 -3.907348517e-01 5.138198775e+02 -1.299079169e-01 9.912947663e-01 -2.141540045e-02 -7.936751951e+01 3.849497843e-01 7.032785561e-02 9.202541259e-01 4.669167092e+02
9.140526370e-01 1.093367096e-01 -3.905806713e-01 5.134674886e+02 -1.285357098e-01 9.914318507e-01 -2.326922157e-02 -7.938694439e+01 3.846899377e-01 7.147285716e-02 9.202745691e-01 4.676114179e+02
9.143811780e-01 1.109138574e-01 -3.893650956e-01 5.131344695e+02 -1.304088690e-01 9.911720151e-01 -2.390739141e-02 -7.940953370e+01 3.832761254e-01 7.263713045e-02 9.207731854e-01 4.682942024e+02
9.146609427e-01 1.102806728e-01 -3.888875585e-01 5.128381118e+02 -1.294951980e-01 9.913025249e-01 -2.345842718e-02 -7.944336443e+01 3.829182075e-01 7.181557849e-02 9.209865195e-01 4.689722708e+02
9.155779314e-01 1.097384830e-01 -3.868779095e-01 5.125014154e+02 -1.284348764e-01 9.914575839e-01 -2.272315641e-02 -7.946202308e+01 3.810794327e-01 7.049343703e-02 9.218509323e-01 4.696063507e+02
9.165409900e-01 1.098739502e-01 -3.845521144e-01 5.121777634e+02 -1.284732041e-01 9.914479234e-01 -2.292708215e-02 -7.947331727e+01 3.787443062e-01 7.041825285e-02 9.228185196e-01 4.702260626e+02
9.175180747e-01 1.102441247e-01 -3.821083820e-01 5.118449514e+02 -1.295755196e-01 9.912506680e-01 -2.514553312e-02 -7.950534550e+01 3.759930416e-01 7.258337326e-02 9.237753442e-01 4.708197711e+02
9.172210145e-01 1.072586878e-01 -3.836680655e-01 5.115934214e+02 -1.272524848e-01 9.915019193e-01 -2.703237335e-02 -7.954643768e+01 3.775081664e-01 7.361737559e-02 9.230753308e-01 4.714436946e+02
9.179969405e-01 1.056814185e-01 -3.822473742e-01 5.113132716e+02 -1.263511205e-01 9.915526660e-01 -2.930366686e-02 -7.956953127e+01 3.759215498e-01 7.519806054e-02 9.235952794e-01 4.720543260e+02
9.182410244e-01 1.045826571e-01 -3.819632036e-01 5.110057899e+02 -1.253008888e-01 9.916741234e-01 -2.970050934e-02 -7.960293305e+01 3.756768669e-01 7.513255504e-02 9.237001628e-01 4.726501492e+02
9.180072278e-01 1.046877322e-01 -3.824960242e-01 5.107841907e+02 -1.251862351e-01 9.917085892e-01 -2.902551862e-02 -7.964107324e+01 3.762859768e-01 7.452887309e-02 9.235011157e-01 4.732764992e+02
9.181702468e-01 1.046132049e-01 -3.821249471e-01 5.105428577e+02 -1.248766128e-01 9.917616567e-01 -2.854203857e-02 -7.967508994e+01 3.759909965e-01 7.392491965e-02 9.236697878e-01 4.738903473e+02
9.188437899e-01 1.041759201e-01 -3.806224736e-01 5.102194424e+02 -1.234541935e-01 9.919959182e-01 -2.651717176e-02 -7.971143615e+01 3.748134895e-01 7.135457911e-02 9.243502432e-01 4.744537993e+02
9.192397130e-01 1.043521765e-01 -3.796168769e-01 5.099927461e+02 -1.237234012e-01 9.919515367e-01 -2.691967229e-02 -7.972353829e+01 3.737524180e-01 7.171312299e-02 9.247520522e-01 4.750567747e+02
9.198345494e-01 1.029934465e-01 -3.785455740e-01 5.097338482e+02 -1.220038880e-01 9.921754838e-01 -2.651152056e-02 -7.977427731e+01 3.728531252e-01 7.057024439e-02 9.252028900e-01 4.756283070e+02
9.202757690e-01 1.024249134e-01 -3.776263314e-01 5.095011017e+02 -1.211733410e-01 9.922866376e-01 -2.615817750e-02 -7.979987640e+01 3.720343136e-01 6.983098113e-02 9.255885174e-01 4.762003012e+02
9.210331049e-01 1.070906806e-01 -3.744724366e-01 5.091960781e+02 -1.249835538e-01 9.918745285e-01 -2.374933757e-02 -7.984734677e+01 3.688863388e-01 6.867682204e-02 9.269338505e-01 4.767262124e+02
9.209147074e-01 1.066253677e-01 -3.748961624e-01 5.089855329e+02 -1.237483721e-01 9.920736278e-01 -2.182332435e-02 -7.988369830e+01 3.695976759e-01 6.649021018e-02 9.268099103e-01 4.772779923e+02
9.209239129e-01 1.064775616e-01 -3.749155579e-01 5.087704764e+02 -1.235588431e-01 9.920990014e-01 -2.174359164e-02 -7.993173862e+01 3.696381459e-01 6.634832609e-02 9.268039386e-01 4.778102873e+02
9.215495631e-01 1.040367765e-01 -3.740624972e-01 5.085444839e+02 -1.218933070e-01 9.922449783e-01 -2.432950334e-02 -7.994893040e+01 3.686304713e-01 6.801655800e-02 9.270843130e-01 4.783186970e+02
9.213462797e-01 1.021032794e-01 -3.750945924e-01 5.083722661e+02 -1.217798801e-01 9.921315309e-01 -2.906348641e-02 -7.992930939e+01 3.691756949e-01 7.245650958e-02 9.265308201e-01 4.788268973e+02
9.201314561e-01 1.005736372e-01 -3.784746319e-01 5.082296805e+02 -1.219962738e-01 9.919821877e-01 -3.298861096e-02 -7.991943558e+01 3.721223088e-01 7.652635347e-02 9.250236238e-01 4.793247468e+02
9.188866043e-01 1.004907233e-01 -3.815088767e-01 5.080607949e+02 -1.224025537e-01 9.919136346e-01 -3.354036868e-02 -7.991699926e+01 3.750533606e-01 7.751745626e-02 9.237564726e-01 4.797989798e+02
9.172988304e-01 9.866902051e-02 -3.857813890e-01 5.078967027e+02 -1.206817193e-01 9.921359038e-01 -3.320046651e-02 -7.991473238e+01 3.794717096e-01 7.701151039e-02 9.219926512e-01 4.802635442e+02
9.153699788e-01 9.868730227e-02 -3.903314212e-01 5.076994109e+02 -1.208858113e-01 9.921292951e-01 -3.265091705e-02 -7.991578052e+01 3.840370068e-01 7.707319975e-02 9.200952664e-01 4.807064265e+02
9.117103361e-01 9.466881157e-02 -3.997775371e-01 5.074640447e+02 -1.162123232e-01 9.927731840e-01 -2.993494550e-02 -7.995958713e+01 3.940545128e-01 7.375107560e-02 9.161232558e-01 4.811292683e+02
9.064339655e-01 9.006889640e-02 -4.126318700e-01 5.072769351e+02 -1.121501099e-01 9.932516390e-01 -2.955561788e-02 -7.995810583e+01 4.071852393e-01 7.306692549e-02 9.104182584e-01 4.815780654e+02
8.996261667e-01 8.610620023e-02 -4.280870034e-01 5.070542263e+02 -1.086139920e-01 9.936787441e-01 -2.838228738e-02 -7.995899727e+01 4.229370650e-01 7.202968675e-02 9.032917376e-01 4.820083963e+02
8.892915412e-01 8.513356733e-02 -4.493471157e-01 5.068250125e+02 -1.087507933e-01 9.937034337e-01 -2.695831788e-02 -7.997940840e+01 4.442227140e-01 7.284065934e-02 8.929504010e-01 4.824333936e+02
8.758304956e-01 8.265217879e-02 -4.754887593e-01 5.066002869e+02 -1.065008544e-01 9.940376780e-01 -2.338081822e-02 -8.002075146e+01 4.707212667e-01 7.111759276e-02 8.794110399e-01 4.828555016e+02
8.587428619e-01 8.146936692e-02 -5.058887619e-01 5.063932588e+02 -1.054209389e-01 9.942492913e-01 -1.883540249e-02 -8.004876740e+01 5.014450347e-01 6.950603569e-02 8.623930590e-01 4.832965071e+02
8.387013369e-01 8.121068259e-02 -5.385024536e-01 5.061408732e+02 -1.048493017e-01 9.943987006e-01 -1.333596950e-02 -8.007351519e+01 5.344031170e-01 6.764650169e-02 8.425184030e-01 4.837120014e+02
8.171782064e-01 8.126958916e-02 -5.706268770e-01 5.058150739e+02 -1.040541848e-01 9.945443346e-01 -7.368392134e-03 -8.008971194e+01 5.669149015e-01 6.539740396e-02 8.211763964e-01 4.840652116e+02
7.902143620e-01 8.168450385e-02 -6.073622510e-01 5.055072113e+02 -1.030230086e-01 9.946789381e-01 -2.641018384e-04 -8.010534445e+01 6.041088658e-01 6.278098349e-02 7.944249658e-01 4.844371393e+02
7.607936831e-01 8.341286523e-02 -6.436111137e-01 5.051507908e+02 -1.033841471e-01 9.946189590e-01 6.696607746e-03 -8.011035245e+01 6.407063991e-01 6.144444915e-02 7.653233890e-01 4.847581667e+02
7.270101883e-01 8.621423329e-02 -6.811925514e-01 5.047961384e+02 -1.055241114e-01 9.943288107e-01 1.322414927e-02 -8.011972572e+01 6.784694894e-01 6.226814741e-02 7.319848562e-01 4.850802207e+02
6.958198751e-01 8.697904305e-02 -7.129301141e-01 5.043790679e+02 -1.067402574e-01 9.941397330e-01 1.710873172e-02 -8.008220431e+01 7.102402544e-01 6.419374833e-02 7.010263503e-01 4.852361202e+02
6.562378482e-01 8.863043809e-02 -7.493307227e-01 5.039985248e+02 -1.066454349e-01 9.940032086e-01 2.417379745e-02 -8.006280926e+01 7.469796769e-01 6.404893999e-02 6.617545584e-01 4.854859111e+02
6.121060532e-01 8.969563502e-02 -7.856722425e-01 5.035793088e+02 -1.063353583e-01 9.938587855e-01 3.061871997e-02 -8.005833569e+01 7.835936263e-01 6.480283561e-02 6.178847961e-01 4.857411487e+02
5.650395808e-01 8.930621429e-02 -8.202162350e-01 5.031550874e+02 -1.042972676e-01 9.938810902e-01 3.636562161e-02 -8.003835908e+01 8.184450819e-01 6.499829659e-02 5.708965488e-01 4.859653504e+02
5.169251410e-01 9.109422211e-02 -8.511699251e-01 5.026956387e+02 -1.021236430e-01 9.937832077e-01 4.433618788e-02 -8.001217993e+01 8.499171490e-01 6.400608336e-02 5.230143986e-01 4.861375448e+02
4.636595461e-01 9.280002189e-02 -8.811401598e-01 5.021707128e+02 -9.827390143e-02 9.937498567e-01 5.294773527e-02 -7.994145114e+01 8.805464585e-01 6.204335831e-02 4.698814277e-01 4.863517353e+02
4.068500931e-01 9.821676648e-02 -9.081995753e-01 5.016749163e+02 -9.451607093e-02 9.933932284e-01 6.508921617e-02 -7.993684081e+01 9.085921605e-01 5.935790182e-02 4.134451904e-01 4.865247891e+02
3.475674296e-01 9.891745597e-02 -9.324227683e-01 5.011729046e+02 -9.017203510e-02 9.933370283e-01 7.176734801e-02 -7.985371132e+01 9.333091053e-01 5.913446592e-02 3.541711859e-01 4.866765205e+02
2.796702670e-01 1.012982763e-01 -9.547372418e-01 5.005992159e+02 -8.266930486e-02 9.932659383e-01 8.116995698e-02 -7.982333208e+01 9.565303590e-01 5.622664057e-02 2.861612083e-01 4.868968818e+02
2.160780423e-01 1.037726797e-01 -9.708457707e-01 5.000738081e+02 -7.207695058e-02 9.933181729e-01 9.013279435e-02 -7.981096912e+01 9.737120687e-01 5.049988489e-02 2.221138645e-01 4.870160257e+02
1.532899684e-01 1.076087254e-01 -9.823047123e-01 4.994405026e+02 -6.039305324e-02 9.932151782e-01 9.937951938e-02 -7.979588075e+01 9.863340533e-01 4.409049740e-02 1.587487428e-01 4.870991774e+02
9.184266138e-02 1.076295131e-01 -9.899398029e-01 4.988895228e+02 -5.472647374e-02 9.931845629e-01 1.029049904e-01 -7.973416478e+01 9.942685445e-01 4.472484644e-02 9.710689722e-02 4.871300895e+02
3.082293932e-02 1.099063514e-01 -9.934639099e-01 4.983245390e+02 -4.724550214e-02 9.929853944e-01 1.083875875e-01 -7.969329991e+01 9.984076367e-01 4.359587725e-02 3.579930932e-02 4.871289500e+02
-2.965337592e-02 1.139487261e-01 -9.930439895e-01 4.976560855e+02 -3.846249165e-02 9.926150242e-01 1.150480356e-01 -7.965311304e+01 9.988199608e-01 4.160650880e-02 -2.505163453e-02 4.871015500e+02
-8.637416895e-02 1.177139630e-01 -9.892840471e-01 4.970592843e+02 -2.905981565e-02 9.922748950e-01 1.206070472e-01 -7.959366128e+01 9.958388575e-01 3.916574550e-02 -8.228617337e-02 4.870508390e+02
-1.371511300e-01 1.151637889e-01 -9.838327446e-01 4.964521534e+02 -2.530564964e-02 9.924869991e-01 1.197045558e-01 -7.950500890e+01 9.902268385e-01 4.131414183e-02 -1.332064189e-01 4.869440657e+02
-1.845269084e-01 1.136290294e-01 -9.762367867e-01 4.957736130e+02 -2.146003217e-02 9.925915282e-01 1.195889839e-01 -7.943965165e+01 9.825931442e-01 4.301745833e-02 -1.807213634e-01 4.868289396e+02
-2.254273741e-01 1.116909369e-01 -9.678365738e-01 4.951471346e+02 -1.877319299e-02 9.927244669e-01 1.189356969e-01 -7.939133931e+01 9.740790862e-01 4.498074462e-02 -2.216904742e-01 4.866429728e+02
-2.596065069e-01 1.079178229e-01 -9.596656736e-01 4.944798082e+02 -1.695132227e-02 9.930741076e-01 1.162603523e-01 -7.927878939e+01 9.655656965e-01 4.644954605e-02 -2.559791503e-01 4.864244907e+02
-2.904214868e-01 1.112760055e-01 -9.504067606e-01 4.938162496e+02 -9.068417420e-03 9.928508563e-01 1.190165572e-01 -7.921796853e+01 9.568558532e-01 4.318365071e-02 -2.873361246e-01 4.862121071e+02
-3.180429837e-01 1.122866036e-01 -9.414034094e-01 4.931456338e+02 -1.051876163e-02 9.924826227e-01 1.219327655e-01 -7.911483461e+01 9.480179408e-01 4.868225860e-02 -3.144710186e-01 4.859653328e+02
-3.404491551e-01 1.146863785e-01 -9.332424162e-01 4.924841069e+02 -1.061964637e-02 9.920011497e-01 1.257813264e-01 -7.902667772e+01 9.402029546e-01 5.273285074e-02 -3.365080245e-01 4.856212211e+02
-3.600972611e-01 1.154227153e-01 -9.257470277e-01 4.918279183e+02 -1.120932701e-02 9.917098893e-01 1.280072121e-01 -7.892843000e+01 9.328474224e-01 5.647204764e-02 -3.558182040e-01 4.852826563e+02
-3.818739483e-01 1.162764030e-01 -9.168708119e-01 4.911298481e+02 -1.001401141e-02 9.914754201e-01 1.299084714e-01 -7.882036861e+01 9.241601632e-01 5.879021566e-02 -3.774542401e-01 4.849762096e+02
-4.016040640e-01 1.161621759e-01 -9.084164930e-01 4.904138321e+02 -8.273062121e-03 9.914224927e-01 1.304338816e-01 -7.869323617e+01 9.157760273e-01 5.989816303e-02 -3.971982853e-01 4.847147464e+02
-4.136231694e-01 1.158425733e-01 -9.030483774e-01 4.897294323e+02 -1.128489968e-02 9.911438460e-01 1.323122355e-01 -7.859273076e+01 9.103782317e-01 6.491821655e-02 -4.086527871e-01 4.843398978e+02
-4.243019277e-01 1.077383384e-01 -8.990886077e-01 4.890079829e+02 -2.268972278e-02 9.913200097e-01 1.294983195e-01 -7.841530429e+01 9.052364612e-01 7.534645786e-02 -4.181744381e-01 4.840574004e+02
-4.332294143e-01 1.050061560e-01 -8.951457880e-01 4.882817295e+02 -2.751752627e-02 9.911857539e-01 1.295900726e-01 -7.827786475e+01 9.008635082e-01 8.077442900e-02 -4.265213140e-01 4.837662424e+02
-4.425732093e-01 1.040039340e-01 -8.906807150e-01 4.875576112e+02 -2.755561575e-02 9.912050542e-01 1.294342635e-01 -7.815849266e+01 8.963088990e-01 8.182739291e-02 -4.358149095e-01 4.834344739e+02
-4.532330128e-01 1.061582474e-01 -8.850481696e-01 4.868537964e+02 -2.491878291e-02 9.909861975e-01 1.316260255e-01 -7.806273435e+01 8.910437084e-01 8.171158331e-02 -4.465023257e-01 4.830883887e+02
-4.642222018e-01 1.087935521e-01 -8.790117806e-01 4.861639723e+02 -2.231679232e-02 9.906758440e-01 1.343998990e-01 -7.797612183e+01 8.854375800e-01 8.200814037e-02 -4.574657985e-01 4.827119039e+02
-4.750941692e-01 1.111978125e-01 -8.728806200e-01 4.854679438e+02 -1.823491795e-02 9.905259240e-01 1.361098144e-01 -7.789879790e+01 8.797459964e-01 8.058188569e-02 -4.685654080e-01 4.823398497e+02
-4.880771910e-01 1.105550324e-01 -8.657703162e-01 4.847627579e+02 -1.714452238e-02 9.905395016e-01 1.361527126e-01 -7.778133174e+01 8.726320650e-01 8.129625207e-02 -4.815643243e-01 4.820070650e+02
-4.965696406e-01 1.077569994e-01 -8.612821960e-01 4.840986930e+02 -2.048931344e-02 9.905324876e-01 1.357408527e-01 -7.766978550e+01 8.677550231e-01 8.505186732e-02 -4.896604944e-01 4.815910152e+02
-5.051826337e-01 1.094441412e-01 -8.560446755e-01 4.834382716e+02 -1.724025757e-02 9.904484355e-01 1.368015718e-01 -7.759234668e+01 8.628402402e-01 8.386820902e-02 -4.984705041e-01 4.811714189e+02
-5.156638735e-01 1.118101787e-01 -8.494640978e-01 4.827583720e+02 -1.374958991e-02 9.902408857e-01 1.386864701e-01 -7.750205476e+01 8.566806396e-01 8.319538538e-02 -5.090941067e-01 4.807779857e+02
-5.241755620e-01 1.131558400e-01 -8.440590833e-01 4.820958257e+02 -1.232088000e-02 9.900217032e-01 1.403752936e-01 -7.741399450e+01 8.515210955e-01 8.398084910e-02 -5.175510031e-01 4.803482077e+02
-5.354131945e-01 1.146384811e-01 -8.367740016e-01 4.814237664e+02 -1.061927027e-02 9.897534459e-01 1.423915285e-01 -7.732710853e+01 8.445235001e-01 8.512423242e-02 -5.287096773e-01 4.799382753e+02
-5.435706313e-01 1.172485634e-01 -8.311340103e-01 4.807903219e+02 -6.263966892e-03 9.896014199e-01 1.437003562e-01 -7.722696094e+01 8.393400571e-01 8.331748924e-02 -5.371838275e-01 4.794767946e+02
-5.539849291e-01 1.165149840e-01 -8.243330376e-01 4.801393998e+02 -5.586988621e-03 9.896154787e-01 1.436314375e-01 -7.712505238e+01 8.325079482e-01 8.417519101e-02 -5.475810929e-01 4.790351829e+02
-5.629527481e-01 1.080721321e-01 -8.193928348e-01 4.795399572e+02 -1.332878289e-02 9.900979132e-01 1.397442869e-01 -7.699907669e+01 8.263815989e-01 8.959093955e-02 -5.559378712e-01 4.785459787e+02
-5.724479030e-01 1.058111849e-01 -8.130851071e-01 4.789210652e+02 -1.397158748e-02 9.902356916e-01 1.387013694e-01 -7.692560905e+01 8.198220496e-01 9.075939776e-02 -5.653799949e-01 4.780626941e+02
-5.846083904e-01 1.004983593e-01 -8.050671461e-01 4.782786638e+02 -1.443095612e-02 9.908532933e-01 1.341696638e-01 -7.678106672e+01 8.111872641e-01 9.005459984e-02 -5.778108615e-01 4.776453961e+02
-5.959702859e-01 9.422278866e-02 -7.974593936e-01 4.776432289e+02 -1.997624029e-02 9.910451286e-01 1.320246300e-01 -7.662050960e+01 8.027579761e-01 9.461299693e-02 -5.887512316e-01 4.772168268e+02
-6.051438926e-01 9.263327781e-02 -7.907085083e-01 4.770399628e+02 -2.447958055e-02 9.905727772e-01 1.347825030e-01 -7.651187178e+01 7.957396681e-01 1.009190212e-01 -5.971714425e-01 4.767336749e+02
-6.145851939e-01 9.615975488e-02 -7.829676500e-01 4.764419574e+02 -2.188645902e-02 9.900819165e-01 1.387760121e-01 -7.642687585e+01 7.885467788e-01 1.024260717e-01 -6.063850901e-01 4.762459407e+02
-6.259569307e-01 9.400924744e-02 -7.741706416e-01 4.758326783e+02 -2.347733519e-02 9.899861108e-01 1.391988331e-01 -7.629507476e+01 7.795041601e-01 1.053079380e-01 -6.174815807e-01 4.757942164e+02
-6.372038842e-01 9.547985786e-02 -7.647580053e-01 4.752114009e+02 -1.990309461e-02 9.899266031e-01 1.401755586e-01 -7.618276829e+01 7.704382368e-01 1.045414613e-01 -6.288847320e-01 4.753424813e+02
-6.479679893e-01 9.284450104e-02 -7.559876874e-01 4.746292259e+02 -2.069154900e-02 9.900308058e-01 1.393228744e-01 -7.608786265e+01 7.613864621e-01 1.059193190e-01 -6.395871741e-01 4.748679812e+02
-6.571885960e-01 8.352078627e-02 -7.490843928e-01 4.740928787e+02 -2.644995528e-02 9.906738837e-01 1.336624707e-01 -7.596571754e+01 7.532619392e-01 1.076547001e-01 -6.488504577e-01 4.743561172e+02
-6.681438672e-01 8.261547685e-02 -7.394311703e-01 4.735259290e+02 -2.543667752e-02 9.906989175e-01 1.336735961e-01 -7.586515150e+01 7.435971679e-01 1.081218656e-01 -6.598279428e-01 4.738658346e+02
-6.793959983e-01 8.172629669e-02 -7.292063425e-01 4.729562079e+02 -2.838542390e-02 9.901069772e-01 1.374133961e-01 -7.574085156e+01 7.332225755e-01 1.140569426e-01 -6.703548826e-01 4.733866402e+02
-6.907622552e-01 8.531771965e-02 -7.180309141e-01 4.723815453e+02 -2.940392289e-02 9.888788515e-01 1.457876070e-01 -7.564099870e+01 7.224838518e-01 1.218175018e-01 -6.805715099e-01 4.728943578e+02
-7.008062688e-01 8.767174329e-02 -7.079436694e-01 4.718428672e+02 -2.915312687e-02 9.880698702e-01 1.512217803e-01 -7.552582962e+01 7.127556866e-01 1.266159432e-01 -6.898896536e-01 4.723809384e+02
-7.114791415e-01 8.888235723e-02 -6.970633815e-01 4.713108621e+02 -2.785504065e-02 9.876215522e-01 1.543624509e-01 -7.541672192e+01 7.021549173e-01 1.292423929e-01 -7.001963124e-01 4.718763049e+02
-7.204966295e-01 9.225217645e-02 -6.872948005e-01 4.707901106e+02 -2.159539517e-02 9.876461409e-01 1.552054743e-01 -7.532556221e+01 6.931221002e-01 1.266674239e-01 -7.096034934e-01 4.713560839e+02
-7.281311329e-01 9.462759476e-02 -6.788745625e-01 4.702852190e+02 -1.702185965e-02 9.876229158e-01 1.559205969e-01 -7.524160311e+01 6.852264659e-01 1.250863484e-01 -7.175082549e-01 4.708227003e+02
-7.371874659e-01 9.329365523e-02 -6.692166570e-01 4.697952389e+02 -1.562775343e-02 9.878031000e-01 1.549219445e-01 -7.511590930e+01 6.755075228e-01 1.246648686e-01 -7.267380939e-01 4.702756878e+02
-7.444643741e-01 9.525813313e-02 -6.608318120e-01 4.693562621e+02 -1.264564270e-02 9.875804214e-01 1.566045942e-01 -7.502290003e+01 6.675424207e-01 1.249431842e-01 -7.340138400e-01 4.696733377e+02
-7.512842063e-01 9.669553252e-02 -6.528568108e-01 4.688829256e+02 -1.076030246e-02 9.872826165e-01 1.586103751e-01 -7.493286734e+01 6.598910950e-01 1.261864065e-01 -7.406893637e-01 4.691146224e+02
-7.602439491e-01 9.796046260e-02 -6.422093784e-01 4.683499820e+02 -7.167704126e-03 9.872404127e-01 1.590754272e-01 -7.481533344e+01 6.495981542e-01 1.255392978e-01 -7.498413984e-01 4.685964261e+02
-8.117947767e-01 8.410589427e-02 -5.778541676e-01 4.676642059e+02 4.218508838e-03 9.903920254e-01 1.382238773e-01 -7.458326638e+01 5.839276023e-01 1.097717387e-01 -8.043498746e-01 4.687795083e+02
-8.200083049e-01 8.222668193e-02 -5.664142942e-01 4.671818233e+02 4.454427356e-03 9.905133082e-01 1.373446188e-01 -7.447337725e+01 5.723342887e-01 1.101006767e-01 -8.125954116e-01 4.682101209e+02
-8.240402316e-01 8.609000978e-02 -5.599519684e-01 4.667720840e+02 8.645098058e-03 9.901824187e-01 1.395135832e-01 -7.441541194e+01 5.664653202e-01 1.101239657e-01 -8.166944062e-01 4.675775686e+02
-8.300503343e-01 8.459447430e-02 -5.512351744e-01 4.663315363e+02 8.002970326e-03 9.901335119e-01 1.398984668e-01 -7.431458133e+01 5.576310564e-01 1.117112504e-01 -8.225376596e-01 4.669676520e+02
-8.343262308e-01 8.653572872e-02 -5.444366890e-01 4.659589665e+02 1.047115240e-02 9.899120975e-01 1.412954145e-01 -7.425234979e+01 5.511715664e-01 1.121855910e-01 -8.268157579e-01 4.663045565e+02
-8.383866085e-01 8.398977735e-02 -5.385662559e-01 4.655937630e+02 8.920552188e-03 9.900389828e-01 1.405106269e-01 -7.415470103e+01 5.450030445e-01 1.129979195e-01 -8.307846602e-01 4.656366770e+02
-8.422115769e-01 8.485560560e-02 -5.324276344e-01 4.652187557e+02 1.008838331e-02 9.898441788e-01 1.417981884e-01 -7.408379953e+01 5.390527657e-01 1.140527418e-01 -8.345142826e-01 4.649650136e+02
-8.466192320e-01 8.623869373e-02 -5.251654631e-01 4.648129037e+02 1.196882085e-02 9.896195312e-01 1.432128863e-01 -7.401981130e+01 5.320644917e-01 1.149611725e-01 -8.388631030e-01 4.643081542e+02
-8.508163808e-01 8.597204773e-02 -5.183823813e-01 4.644201077e+02 1.246504515e-02 9.895493519e-01 1.436548042e-01 -7.390912086e+01 5.253152472e-01 1.157622008e-01 -8.429964436e-01 4.636449540e+02
-8.540798156e-01 8.768607777e-02 -5.126975916e-01 4.640754806e+02 1.468668591e-02 9.893602438e-01 1.447432531e-01 -7.383683713e+01 5.199345823e-01 1.160924624e-01 -8.462804324e-01 4.629462962e+02
-8.567622011e-01 8.835311056e-02 -5.080868613e-01 4.637766943e+02 1.591479138e-02 9.892754296e-01 1.451924372e-01 -7.376331717e+01 5.154660514e-01 1.163092957e-01 -8.489799159e-01 4.622162663e+02
-8.615312995e-01 8.720461455e-02 -5.001591499e-01 4.633592314e+02 1.588757051e-02 9.892866066e-01 1.451192445e-01 -7.365926389e+01 5.074558159e-01 1.170784575e-01 -8.536868452e-01 4.615497456e+02
-8.665889108e-01 8.336196095e-02 -4.920106128e-01 4.629320975e+02 1.311620949e-02 9.894126758e-01 1.445355390e-01 -7.352700651e+01 4.988503029e-01 1.187995811e-01 -8.585074460e-01 4.608888428e+02
-8.717750290e-01 8.365535182e-02 -4.827111775e-01 4.624883661e+02 1.494721698e-02 9.893961626e-01 1.444708074e-01 -7.339932336e+01 4.896783429e-01 1.187308536e-01 -8.637812830e-01 4.602306373e+02
-8.736014553e-01 8.609723645e-02 -4.789653048e-01 4.621737468e+02 1.645787135e-02 9.888890848e-01 1.477413839e-01 -7.331473898e+01 4.863636868e-01 1.211843386e-01 -8.653119208e-01 4.594894407e+02
-8.768194592e-01 8.675493531e-02 -4.729283426e-01 4.617797128e+02 1.692406672e-02 9.885466848e-01 1.499634221e-01 -7.321767576e+01 4.805218122e-01 1.234869758e-01 -8.682452158e-01 4.587864814e+02
-8.801801569e-01 8.625288997e-02 -4.667368963e-01 4.613760216e+02 1.644733215e-02 9.883018041e-01 1.516213351e-01 -7.309213985e+01 4.743546950e-01 1.257775138e-01 -8.713022669e-01 4.580911928e+02
-8.833528644e-01 8.350654088e-02 -4.612096862e-01 4.609841311e+02 1.447247865e-02 9.883912945e-01 1.512388717e-01 -7.295979419e+01 4.684850738e-01 1.269224432e-01 -8.743068277e-01 4.573922021e+02
-8.850235171e-01 8.137368661e-02 -4.583794251e-01 4.606344488e+02 1.407265819e-02 9.888316280e-01 1.483710608e-01 -7.284342847e+01 4.653335733e-01 1.248612611e-01 -8.762843893e-01 4.566682557e+02
-8.860546712e-01 8.614549934e-02 -4.555063914e-01 4.602859852e+02 1.980416964e-02 9.887195389e-01 1.484636937e-01 -7.278964123e+01 4.631575483e-01 1.225260234e-01 -8.777656060e-01 4.559356225e+02
-8.879520666e-01 8.727976004e-02 -4.515787538e-01 4.598960554e+02 2.265204059e-02 9.889368555e-01 1.465973424e-01 -7.267783529e+01 4.593778537e-01 1.199422329e-01 -8.801055893e-01 4.552290725e+02
-8.892374753e-01 8.908524814e-02 -4.486875651e-01 4.595584798e+02 2.502798183e-02 9.888595545e-01 1.467323468e-01 -7.260359028e+01 4.567606733e-01 1.192501574e-01 -8.815605976e-01 4.544896319e+02
-8.898316750e-01 9.150820954e-02 -4.470188339e-01 4.592322981e+02 2.742041126e-02 9.886372529e-01 1.477988608e-01 -7.249051584e+01 4.554642810e-01 1.192586676e-01 -8.822299354e-01 4.537450143e+02
-8.920166182e-01 9.562247248e-02 -4.417722214e-01 4.588333027e+02 3.057179161e-02 9.878919786e-01 1.521012959e-01 -7.236742781e+01 4.509675358e-01 1.221711153e-01 -8.841394122e-01 4.530316104e+02
-8.943340191e-01 9.792435613e-02 -4.365518098e-01 4.584372110e+02 3.377390785e-02 9.877456396e-01 1.523741273e-01 -7.223424576e+01 4.461232849e-01 1.215293051e-01 -8.866818159e-01 4.523186040e+02
-8.958071546e-01 9.818977952e-02 -4.334608505e-01 4.580869425e+02 3.470783579e-02 9.877669861e-01 1.520254825e-01 -7.213382188e+01 4.430856665e-01 1.211410269e-01 -8.882566880e-01 4.515828133e+02
-8.977904582e-01 9.201450651e-02 -4.307036379e-01 4.577859306e+02 3.084353039e-02 9.886668006e-01 1.469239052e-01 -7.197311886e+01 4.393415183e-01 1.186224595e-01 -8.904536722e-01 4.508364742e+02
-9.011466443e-01 9.003556137e-02 -4.240616974e-01 4.573641218e+02 2.967006454e-02 9.887106859e-01 1.468702383e-01 -7.184477312e+01 4.324978761e-01 1.197696844e-01 -8.936446776e-01 4.501391337e+02
-9.027760959e-01 9.378554172e-02 -4.197613523e-01 4.570175176e+02 3.241842849e-02 9.879986106e-01 1.510224852e-01 -7.173484975e+01 4.288873585e-01 1.227314862e-01 -8.949819082e-01 4.493948614e+02
-9.044829811e-01 9.665613258e-02 -4.154132027e-01 4.566797287e+02 3.516463509e-02 9.875666342e-01 1.532174643e-01 -7.163951107e+01 4.250576260e-01 1.239747352e-01 -8.966360910e-01 4.486489233e+02
-9.069989446e-01 9.816845895e-02 -4.095312787e-01 4.563239281e+02 3.673345997e-02 9.871867754e-01 1.552833649e-01 -7.153813518e+01 4.195277911e-01 1.257983473e-01 -8.989834305e-01 4.479130257e+02
-9.091365339e-01 9.923377876e-02 -4.045039184e-01 4.559835590e+02 3.662399635e-02 9.864870434e-01 1.596934442e-01 -7.143019987e+01 4.148848584e-01 1.303685943e-01 -9.004857489e-01 4.471725887e+02
-9.109280661e-01 1.013262570e-01 -3.999288036e-01 4.556595182e+02 3.774000090e-02 9.857722919e-01 1.637946303e-01 -7.132003551e+01 4.108354302e-01 1.341118124e-01 -9.017917005e-01 4.464200283e+02
-9.133738030e-01 9.847183173e-02 -3.950336622e-01 4.553319067e+02 3.580088994e-02 9.859759899e-01 1.630019741e-01 -7.118591609e+01 4.055448091e-01 1.347391763e-01 -9.040900188e-01 4.456807695e+02
-9.145545342e-01 9.545133097e-02 -3.930382263e-01 4.550107253e+02 3.526025430e-02 9.868701453e-01 1.576198936e-01 -7.103995811e+01 4.029227201e-01 1.302933606e-01 -9.059122043e-01 4.449458917e+02
-9.166261795e-01 9.366033364e-02 -3.886183076e-01 4.546742350e+02 3.505709185e-02 9.872532865e-01 1.552480232e-01 -7.092385694e+01 3.982052831e-01 1.286805747e-01 -9.082256670e-01 4.442105168e+02
-9.183478159e-01 9.097614881e-02 -3.851761017e-01 4.543320618e+02 3.263541049e-02 9.873144242e-01 1.553871223e-01 -7.079604023e+01 3.944264430e-01 1.301290442e-01 -9.096670890e-01 4.434827783e+02
-9.196584673e-01 9.387430379e-02 -3.813343922e-01 4.540216453e+02 3.527360363e-02 9.868308917e-01 1.578624847e-01 -7.070400632e+01 3.911317891e-01 1.317285325e-01 -9.108586703e-01 4.427362009e+02
-9.207596085e-01 9.668054995e-02 -3.779611284e-01 4.537106953e+02 3.800193206e-02 9.864264849e-01 1.597455570e-01 -7.059222928e+01 3.882751556e-01 1.327240034e-01 -9.119357118e-01 4.419934525e+02
-9.223297543e-01 9.469603040e-02 -3.746204561e-01 4.534157943e+02 3.645868722e-02 9.865074334e-01 1.596052882e-01 -7.045334549e+01 3.846798519e-01 1.335505362e-01 -9.133376516e-01 4.412508519e+02
-9.232215884e-01 9.102985301e-02 -3.733302353e-01 4.531113879e+02 3.313845555e-02 9.867772266e-01 1.586585889e-01 -7.030075571e+01 3.828364422e-01 1.341054470e-01 -9.140306273e-01 4.405153553e+02
-9.243247221e-01 9.305507347e-02 -3.700872348e-01 4.528084096e+02 3.523854525e-02 9.864828295e-01 1.600308469e-01 -7.018982726e+01 3.799763848e-01 1.348791323e-01 -9.151095927e-01 4.397754680e+02
-9.249708846e-01 9.376764100e-02 -3.682885989e-01 4.525220445e+02 3.630574717e-02 9.864537543e-01 1.599715077e-01 -7.007671112e+01 3.782998220e-01 1.345979942e-01 -9.158453061e-01 4.390315528e+02
-9.256908269e-01 9.269341031e-02 -3.667484487e-01 4.522358811e+02 3.474806171e-02 9.862504696e-01 1.615629396e-01 -6.997164391e+01 3.766816496e-01 1.368135335e-01 -9.161839291e-01 4.382932678e+02
-9.262988124e-01 9.290531676e-02 -3.651562846e-01 4.519327964e+02 3.446390797e-02 9.859532599e-01 1.634270733e-01 -6.986082213e+01 3.752102732e-01 1.387975913e-01 -9.164892141e-01 4.375708676e+02
-9.263662944e-01 9.299405400e-02 -3.649624564e-01 4.516596030e+02 3.312468929e-02 9.853993925e-01 1.670053661e-01 -6.974754939e+01 3.751642888e-01 1.426188742e-01 -9.159211828e-01 4.368474505e+02
-9.261489473e-01 9.734331181e-02 -3.643794822e-01 4.513728872e+02 3.710663346e-02 9.849493868e-01 1.688129238e-01 -6.964074414e+01 3.753281566e-01 1.428250158e-01 -9.158219203e-01 4.361382109e+02
-9.267999778e-01 9.794859675e-02 -3.625574073e-01 4.510934742e+02 3.763121867e-02 9.847520769e-01 1.698447479e-01 -6.953073930e+01 3.736652146e-01 1.437686315e-01 -9.163541280e-01 4.354422726e+02
-9.269924766e-01 9.639694348e-02 -3.624811410e-01 4.508345168e+02 3.568062383e-02 9.846911379e-01 1.706172794e-01 -6.943182387e+01 3.733789515e-01 1.452273811e-01 -9.162407797e-01 4.347534483e+02
-9.267422751e-01 9.818256427e-02 -3.626416132e-01 4.505726703e+02 3.746841928e-02 9.845898008e-01 1.708187395e-01 -6.933682952e+01 3.738246556e-01 1.447173393e-01 -9.161397375e-01 4.340812343e+02
-9.258447855e-01 9.887225697e-02 -3.647406063e-01 4.503575790e+02 3.766763115e-02 9.845053466e-01 1.712611227e-01 -6.919201216e+01 3.760220508e-01 1.448223028e-01 -9.152234251e-01 4.334195447e+02
-9.255418093e-01 9.887505811e-02 -3.655079782e-01 4.500715829e+02 3.657807217e-02 9.841367872e-01 1.735996222e-01 -6.911766557e+01 3.768745201e-01 1.473041312e-01 -9.144764016e-01 4.327841814e+02
-9.258858999e-01 1.032185400e-01 -3.634298191e-01 4.497403526e+02 4.165906710e-02 9.839821554e-01 1.733310128e-01 -6.898023646e+01 3.754994308e-01 1.453445935e-01 -9.153551915e-01 4.322111737e+02
-9.249311226e-01 1.003346109e-01 -3.666543117e-01 4.495664438e+02 3.787552571e-02 9.840625665e-01 1.737420784e-01 -6.886656547e+01 3.782431268e-01 1.468122308e-01 -9.139903205e-01 4.315861329e+02
-9.239852307e-01 9.782554934e-02 -3.697045513e-01 4.493326879e+02 3.474034665e-02 9.842033284e-01 1.735998754e-01 -6.875739724e+01 3.808469531e-01 1.475600567e-01 -9.127878329e-01 4.309962481e+02
-9.221317676e-01 1.009816345e-01 -3.734644731e-01 4.491649420e+02 3.690426777e-02 9.838917365e-01 1.749146245e-01 -6.874619408e+01 3.851117737e-01 1.475118989e-01 -9.110044794e-01 4.303893857e+02
-9.210693952e-01 1.012215798e-01 -3.760124479e-01 4.489430095e+02 3.670841773e-02 9.838942162e-01 1.749418859e-01 -6.867847358e+01 3.876643667e-01 1.473307950e-01 -9.099505347e-01 4.298087530e+02
-9.195660761e-01 1.031126243e-01 -3.791648962e-01 4.487579465e+02 3.853244799e-02 9.839673976e-01 1.741361852e-01 -6.853864042e+01 3.910415352e-01 1.455195769e-01 -9.087962206e-01 4.292252875e+02
-9.188691866e-01 1.037967516e-01 -3.806647504e-01 4.485460768e+02 3.909072140e-02 9.839792576e-01 1.739446353e-01 -6.840326258e+01 3.926211066e-01 1.449519059e-01 -9.082057100e-01 4.286525819e+02
-9.196403044e-01 1.000990709e-01 -3.797918990e-01 4.482127456e+02 3.621097907e-02 9.844683875e-01 1.717869582e-01 -6.828334021e+01 3.910888333e-01 1.442295740e-01 -9.089814929e-01 4.281385728e+02
-9.206271490e-01 9.459373587e-02 -3.788108731e-01 4.479263797e+02 3.070700346e-02 9.847445528e-01 1.712753505e-01 -6.824175427e+01 3.892335191e-01 1.460485908e-01 -9.094872603e-01 4.275866577e+02
-9.207874993e-01 9.393723706e-02 -3.785844379e-01 4.476265897e+02 3.083308352e-02 9.850600040e-01 1.694287742e-01 -6.816945791e+01 3.888440589e-01 1.443349717e-01 -9.099273124e-01 4.270415878e+02
-9.189609237e-01 9.488896241e-02 -3.827622048e-01 4.474636387e+02 3.382350872e-02 9.860078631e-01 1.632313208e-01 -6.800877055e+01 3.928953943e-01 1.370568446e-01 -9.093121744e-01 4.264631449e+02
-9.177416162e-01 9.911121486e-02 -3.846131733e-01 4.473005764e+02 3.741621474e-02 9.856324606e-01 1.647078613e-01 -6.794598816e+01 3.954116246e-01 1.367684897e-01 -9.082642938e-01 4.258622012e+02
-9.186826450e-01 9.690169035e-02 -3.829259199e-01 4.469817667e+02 3.420481354e-02 9.853160918e-01 1.672788989e-01 -6.786672011e+01 3.935126789e-01 1.405783116e-01 -9.085072976e-01 4.253289965e+02
-9.181746822e-01 9.773121073e-02 -3.839321077e-01 4.467555512e+02 3.361746742e-02 9.848198705e-01 1.702929490e-01 -6.781564342e+01 3.947469047e-01 1.434518492e-01 -9.075221475e-01 4.247436944e+02
-9.174835541e-01 1.004581789e-01 -3.848793086e-01 4.465642682e+02 3.442449038e-02 9.840062935e-01 1.747757673e-01 -6.774079264e+01 3.962813172e-01 1.471046181e-01 -9.062678131e-01 4.241455818e+02
-9.178204504e-01 1.059296319e-01 -3.826023183e-01 4.462675695e+02 3.945181659e-02 9.833107541e-01 1.776049409e-01 -6.761382595e+01 3.950306001e-01 1.479150904e-01 -9.066818356e-01 4.236037880e+02
-9.177929773e-01 1.104465372e-01 -3.813890576e-01 4.460231574e+02 4.458797897e-02 9.831272778e-01 1.774053769e-01 -6.746796452e+01 3.945477956e-01 1.458160417e-01 -9.072318992e-01 4.230409474e+02
-9.183021135e-01 1.087641281e-01 -3.806462830e-01 4.457550271e+02 4.411905927e-02 9.836458946e-01 1.746260654e-01 -6.734814228e+01 3.934142053e-01 1.435657290e-01 -9.080826749e-01 4.224816822e+02
-9.185340967e-01 1.014564770e-01 -3.821016834e-01 4.455845692e+02 3.706726624e-02 9.843535521e-01 1.722617262e-01 -6.723746894e+01 3.936002172e-01 1.440648043e-01 -9.079230150e-01 4.218739207e+02
-9.193907022e-01 9.367158230e-02 -3.820292808e-01 4.453208107e+02 3.031950764e-02 9.852175596e-01 1.686033441e-01 -6.711112316e+01 3.921752978e-01 1.434294073e-01 -9.086399402e-01 4.212967819e+02
-9.202481470e-01 8.827490762e-02 -3.812491161e-01 4.450453291e+02 2.499261043e-02 9.854946230e-01 1.678562406e-01 -6.698435306e+01 3.905364481e-01 1.449409838e-01 -9.091058211e-01 4.207120719e+02
-9.210496011e-01 8.424225377e-02 -3.802247690e-01 4.447641449e+02 1.957334011e-02 9.851035612e-01 1.708445435e-01 -6.687050122e+01 3.889531034e-01 1.499140300e-01 -9.089781444e-01 4.201138178e+02
-9.211773989e-01 8.398987778e-02 -3.799709201e-01 4.444719788e+02 1.818402914e-02 9.846542367e-01 1.735666306e-01 -6.676382915e+01 3.887178164e-01 1.529762550e-01 -9.085685030e-01 4.195128258e+02
-9.209505637e-01 7.995234457e-02 -3.813891474e-01 4.441897398e+02 1.602875309e-02 9.856694018e-01 1.679253091e-01 -6.661994047e+01 3.893496349e-01 1.485377156e-01 -9.090343276e-01 4.189102548e+02
-9.204611507e-01 7.597524926e-02 -3.833784444e-01 4.439241315e+02 1.416019641e-02 9.867625769e-01 1.615521764e-01 -6.653890111e+01 3.905774686e-01 1.432737881e-01 -9.093524414e-01 4.182898218e+02
-9.200415974e-01 7.138298568e-02 -3.852634533e-01 4.436270240e+02 1.197231293e-02 9.879271622e-01 1.544557732e-01 -6.643212257e+01 3.916377444e-01 1.374932416e-01 -9.097887039e-01 4.176707141e+02
-9.187887337e-01 7.589144436e-02 -3.873857915e-01 4.433698063e+02 1.642097944e-02 9.878440415e-01 1.545784629e-01 -6.632808192e+01 3.944079287e-01 1.356636961e-01 -9.088661878e-01 4.170234568e+02
-9.171959800e-01 8.653740980e-02 -3.889251998e-01 4.430927051e+02 2.391453368e-02 9.863255981e-01 1.630641274e-01 -6.620380461e+01 3.977180275e-01 1.402607973e-01 -9.067233753e-01 4.163656813e+02
-9.148707602e-01 9.825890241e-02 -3.916078144e-01 4.428142829e+02 3.165464194e-02 9.844047251e-01 1.730471635e-01 -6.606891240e+01 4.025040072e-01 1.459195849e-01 -9.037134496e-01 4.156985506e+02
-9.145756034e-01 1.034097868e-01 -3.909704359e-01 4.424803860e+02 3.504942392e-02 9.833858805e-01 1.781116163e-01 -6.593753433e+01 4.028932906e-01 1.491932504e-01 -9.030051885e-01 4.150524855e+02
-9.135211143e-01 1.035412259e-01 -3.933934268e-01 4.421682345e+02 3.489945656e-02 9.834473272e-01 1.778015255e-01 -6.581691950e+01 4.052915021e-01 1.486962309e-01 -9.020134308e-01 4.143940767e+02
-9.127827725e-01 9.978620194e-02 -3.960685852e-01 4.418669747e+02 3.261063643e-02 9.844066863e-01 1.728583882e-01 -6.567068598e+01 4.071414455e-01 1.448661102e-01 -9.018035559e-01 4.137280889e+02
-9.109799368e-01 1.007317691e-01 -3.999608299e-01 4.415946214e+02 3.378553047e-02 9.846839051e-01 1.710442778e-01 -6.557788513e+01 4.110645845e-01 1.423050166e-01 -9.004305579e-01 4.130337446e+02
-9.098308219e-01 1.028168845e-01 -4.020405003e-01 4.412464230e+02 3.656979009e-02 9.849165148e-01 1.691215817e-01 -6.544535723e+01 4.133648825e-01 1.391694910e-01 -8.998673940e-01 4.123682217e+02
-9.082780550e-01 1.055139444e-01 -4.048429106e-01 4.409434885e+02 3.956797305e-02 9.850014002e-01 1.679482573e-01 -6.532351842e+01 4.164917169e-01 1.365249031e-01 -8.988301289e-01 4.116692555e+02
-9.074198460e-01 1.094209840e-01 -4.057293080e-01 4.406065177e+02 4.357003281e-02 9.847989192e-01 1.681449997e-01 -6.521321423e+01 4.179603754e-01 1.349004704e-01 -8.983935595e-01 4.109783890e+02
-9.080858031e-01 1.131240661e-01 -4.032159718e-01 4.402175639e+02 4.789794739e-02 9.845625150e-01 1.683521333e-01 -6.510463647e+01 4.160360091e-01 1.335649647e-01 -8.994856526e-01 4.103061979e+02
-9.063122762e-01 1.156467550e-01 -4.064774115e-01 4.399514589e+02 5.022267273e-02 9.844870414e-01 1.681158778e-01 -6.497962077e+01 4.196138000e-01 1.319511019e-01 -8.980607806e-01 4.095692349e+02
-9.052883669e-01 1.191804825e-01 -4.077364165e-01 4.396080519e+02 5.349308338e-02 9.841798060e-01 1.689041136e-01 -6.483353587e+01 4.214160210e-01 1.310958510e-01 -8.973418608e-01 4.088547447e+02
-9.041346272e-01 1.222712988e-01 -4.093779494e-01 4.393041396e+02 5.486027149e-02 9.834672961e-01 1.725758619e-01 -6.472881191e+01 4.237108998e-01 1.335732271e-01 -8.958946737e-01 4.081178331e+02
-9.019625149e-01 1.238458562e-01 -4.136735737e-01 4.390801685e+02 5.346166328e-02 9.826461149e-01 1.776188712e-01 -6.461760955e+01 4.284920912e-01 1.380898864e-01 -8.929309666e-01 4.073449034e+02
-9.012176381e-01 1.252267106e-01 -4.148795484e-01 4.387779274e+02 5.363010853e-02 9.822088220e-01 1.799712241e-01 -6.450475652e+01 4.300355569e-01 1.399432063e-01 -8.918998368e-01 4.065994737e+02
-9.009490712e-01 1.208179701e-01 -4.167658686e-01 4.384923609e+02 4.789560733e-02 9.822761180e-01 1.812171040e-01 -6.438792373e+01 4.312734422e-01 1.433061271e-01 -8.907674062e-01 4.058405735e+02
-9.022762845e-01 1.193079790e-01 -4.143224741e-01 4.381085008e+02 4.680833774e-02 9.823778509e-01 1.809495444e-01 -6.424809287e+01 4.286099461e-01 1.438727364e-01 -8.919608455e-01 4.051268799e+02
-9.012878410e-01 1.175476674e-01 -4.169685522e-01 4.378411928e+02 4.414783454e-02 9.823956511e-01 1.815206695e-01 -6.413614664e+01 4.309654236e-01 1.451941137e-01 -8.906107303e-01 4.043508753e+02
-9.010924269e-01 1.177145641e-01 -4.173436469e-01 4.374752108e+02 4.537415410e-02 9.827609616e-01 1.792263333e-01 -6.397639788e+01 4.312465934e-01 1.425628767e-01 -8.908996587e-01 4.036229634e+02
-9.011661254e-01 1.163471879e-01 -4.175678942e-01 4.371528175e+02 4.442912458e-02 9.830239637e-01 1.780166837e-01 -6.383681148e+01 4.311909870e-01 1.418704291e-01 -8.910371003e-01 4.028660991e+02
-9.011856670e-01 1.157920036e-01 -4.176800277e-01 4.367455417e+02 4.456937794e-02 9.833027586e-01 1.764348475e-01 -6.371658850e+01 4.311356680e-01 1.403848167e-01 -8.912991299e-01 4.021354566e+02
-9.013745405e-01 1.172170888e-01 -4.168741918e-01 4.363193778e+02 4.695821469e-02 9.834492035e-01 1.749931150e-01 -6.358533258e+01 4.304867754e-01 1.381586708e-01 -8.919603791e-01 4.014117171e+02
-9.001697791e-01 1.186387331e-01 -4.190694689e-01 4.359495156e+02 4.800380776e-02 9.833488245e-01 1.752732831e-01 -6.343751826e+01 4.328856698e-01 1.376587823e-01 -8.908760051e-01 4.006497967e+02
-8.995925271e-01 1.205398401e-01 -4.197659254e-01 4.355439007e+02 4.892163867e-02 9.829199793e-01 1.774119149e-01 -6.328200114e+01 4.339815186e-01 1.390627959e-01 -8.901244746e-01 3.998988864e+02
-8.991356595e-01 1.176814264e-01 -4.215520699e-01 4.351774166e+02 4.244195508e-02 9.820780295e-01 1.836339414e-01 -6.313373034e+01 4.356073303e-01 1.472203310e-01 -8.880160066e-01 3.991162943e+02
-8.970367189e-01 1.197827046e-01 -4.254141847e-01 4.348165785e+02 4.138976249e-02 9.811096092e-01 1.889730729e-01 -6.299494951e+01 4.400136503e-01 1.519079932e-01 -8.850491225e-01 3.983219090e+02
-8.963885972e-01 1.206016633e-01 -4.265474435e-01 4.343973064e+02 4.138231245e-02 9.808422237e-01 1.903576539e-01 -6.283137944e+01 4.413331927e-01 1.529829107e-01 -8.842065607e-01 3.975501485e+02
-8.931576503e-01 1.181579367e-01 -4.339448279e-01 4.341086944e+02 3.763189221e-02 9.811220800e-01 1.896926589e-01 -6.265683810e+01 4.481665453e-01 1.530952845e-01 -8.807431984e-01 3.967213150e+02
-8.911925814e-01 1.211946881e-01 -4.371357118e-01 4.336848013e+02 3.907172311e-02 9.805764373e-01 1.922062723e-01 -6.249332127e+01 4.519393581e-01 1.542131585e-01 -8.786177317e-01 3.959367342e+02
-8.879700386e-01 1.249754072e-01 -4.425950272e-01 4.333403087e+02 4.056994699e-02 9.799039845e-01 1.953004367e-01 -6.230618057e+01 4.581083823e-01 1.554648795e-01 -8.751956246e-01 3.951109692e+02
-8.858098232e-01 1.274603039e-01 -4.462004349e-01 4.328918191e+02 4.120282096e-02 9.793438498e-01 1.979594689e-01 -6.215176439e+01 4.622156258e-01 1.569697255e-01 -8.727641265e-01 3.943229226e+02
-8.840217352e-01 1.259426123e-01 -4.501600050e-01 4.324481484e+02 3.934620578e-02 9.796513956e-01 1.968121419e-01 -6.200272638e+01 4.657869124e-01 1.562741230e-01 -8.709884906e-01 3.935315695e+02
-8.825771022e-01 1.257513155e-01 -4.530389224e-01 4.320171130e+02 4.076357695e-02 9.804063995e-01 1.927216196e-01 -6.182492149e+01 4.683972560e-01 1.516242016e-01 -8.704103125e-01 3.927379060e+02
-8.813994659e-01 1.264607853e-01 -4.551292687e-01 4.315828464e+02 4.104513276e-02 9.803573374e-01 1.929113478e-01 -6.167799565e+01 4.705850386e-01 1.513511177e-01 -8.692770333e-01 3.919341299e+02
-8.797994370e-01 1.290186605e-01 -4.575009682e-01 4.311544999e+02 4.247131685e-02 9.799473291e-01 1.946777324e-01 -6.151493935e+01 4.734439121e-01 1.518466908e-01 -8.676367008e-01 3.911230081e+02
-8.786375860e-01 1.308032772e-01 -4.592237963e-01 4.307016153e+02 4.216483986e-02 9.792442912e-01 1.982491980e-01 -6.135613818e+01 4.756239257e-01 1.548260990e-01 -8.659161393e-01 3.903157464e+02
-8.764656485e-01 1.291678354e-01 -4.638142272e-01 4.303279949e+02 3.984420535e-02 9.794954648e-01 1.974868953e-01 -6.117531391e+01 4.798128868e-01 1.546101704e-01 -8.636407175e-01 3.894746211e+02
-8.758805360e-01 1.229539504e-01 -4.666000565e-01 4.299211616e+02 3.473635295e-02 9.805484173e-01 1.931791579e-01 -6.098829450e+01 4.812760876e-01 1.529938801e-01 -8.631142452e-01 3.886475918e+02
-8.758393095e-01 1.179634324e-01 -4.679638154e-01 4.294324144e+02 3.221592228e-02 9.817946034e-01 1.871937260e-01 -6.080096116e+01 4.815263630e-01 1.488757378e-01 -8.636946083e-01 3.878672061e+02
-8.742265171e-01 1.220812694e-01 -4.699193127e-01 4.289702217e+02 3.561972678e-02 9.813902637e-01 1.886912435e-01 -6.063456939e+01 4.842099048e-01 1.482204911e-01 -8.623058936e-01 3.870537084e+02
-8.736227354e-01 1.251914251e-01 -4.702238013e-01 4.285032335e+02 3.495192411e-02 9.799862357e-01 1.959728061e-01 -6.045558652e+01 4.853469679e-01 1.547710723e-01 -8.605139371e-01 3.862342834e+02
-8.726158228e-01 1.267273823e-01 -4.716797603e-01 4.280720947e+02 3.339857001e-02 9.789733873e-01 2.012352916e-01 -6.027542760e+01 4.872639544e-01 1.598476700e-01 -8.585001812e-01 3.853945908e+02
-8.721051371e-01 1.276646673e-01 -4.723710010e-01 4.275678636e+02 3.602253843e-02 9.794961434e-01 1.982162501e-01 -6.007664973e+01 4.879907854e-01 1.558494074e-01 -8.588224238e-01 3.846093123e+02
-8.712264656e-01 1.274527057e-01 -4.740466785e-01 4.270969413e+02 3.781977002e-02 9.802628411e-01 1.940474874e-01 -5.990253100e+01 4.894222212e-01 1.511309702e-01 -8.588511624e-01 3.837982445e+02
-8.707762795e-01 1.250011788e-01 -4.755243173e-01 4.266233864e+02 3.629610370e-02 9.808465891e-01 1.913702211e-01 -5.970936323e+01 4.903379079e-01 1.493809692e-01 -8.586349993e-01 3.829852288e+02
-8.705636866e-01 1.190206895e-01 -4.774441780e-01 4.261723217e+02 2.925551042e-02 9.811084473e-01 1.912337046e-01 -5.952296497e+01 4.911852835e-01 1.525132457e-01 -8.575993978e-01 3.821535494e+02
-8.698296183e-01 1.190831126e-01 -4.787647098e-01 4.257098644e+02 2.783049338e-02 9.807303256e-01 1.933739694e-01 -5.933623075e+01 4.925666439e-01 1.548781479e-01 -8.563824266e-01 3.813216798e+02
-8.691463321e-01 1.191237417e-01 -4.799939454e-01 4.252343862e+02 2.753225530e-02 9.807068622e-01 1.935355918e-01 -5.914274118e+01 4.937880399e-01 1.549954339e-01 -8.556575174e-01 3.804963418e+02
-8.681401222e-01 1.206887181e-01 -4.814218125e-01 4.247779936e+02 2.975624930e-02 9.808959134e-01 1.922440448e-01 -5.897435014e+01 4.954263759e-01 1.525694611e-01 -8.551463417e-01 3.796567549e+02
-8.668084382e-01 1.186586299e-01 -4.843173144e-01 4.242940057e+02 2.845394122e-02 9.814617105e-01 1.895343875e-01 -5.881944482e+01 4.978287905e-01 1.505092701e-01 -8.541155981e-01 3.788286706e+02
-8.666795009e-01 1.196709059e-01 -4.842989955e-01 4.238056028e+02 2.948279085e-02 9.813912311e-01 1.897419736e-01 -5.863610368e+01 4.979933813e-01 1.501669930e-01 -8.540798946e-01 3.780016643e+02
-8.660070293e-01 1.193234268e-01 -4.855859811e-01 4.233052850e+02 2.790942179e-02 9.811309040e-01 1.913196627e-01 -5.844719911e+01 4.992523304e-01 1.521317488e-01 -8.529965074e-01 3.771784649e+02
-8.641416416e-01 1.219396482e-01 -4.882519283e-01 4.228575826e+02 2.964298150e-02 9.808490796e-01 1.925003292e-01 -5.825352636e+01 5.023748769e-01 1.518743076e-01 -8.512071885e-01 3.763224106e+02
-8.642213396e-01 1.210320241e-01 -4.883366925e-01 4.223197081e+02 2.847521066e-02 9.808436150e-01 1.927043468e-01 -5.806066105e+01 5.023053240e-01 1.526337186e-01 -8.511123953e-01 3.755216617e+02
-8.629381504e-01 1.187441414e-01 -4.911594217e-01 4.218179136e+02 2.632147812e-02 9.812405118e-01 1.909822968e-01 -5.786477068e+01 5.046235512e-01 1.518778680e-01 -8.498753937e-01 3.746935733e+02
-8.610956464e-01 1.183276839e-01 -4.944824031e-01 4.213124498e+02 2.637837105e-02 9.816295512e-01 1.889645620e-01 -5.766109452e+01 5.077582784e-01 1.496729214e-01 -8.483982245e-01 3.738691548e+02
-8.596807004e-01 1.193610352e-01 -4.966910878e-01 4.208105356e+02 2.791811816e-02 9.818433190e-01 1.876280245e-01 -5.749825213e+01 5.100683014e-01 1.474335110e-01 -8.474040876e-01 3.730321037e+02
-8.575599112e-01 1.191208901e-01 -5.004010513e-01 4.203097945e+02 2.761738119e-02 9.820753158e-01 1.864546978e-01 -5.730236102e+01 5.136421701e-01 1.460763075e-01 -8.454782277e-01 3.721969125e+02
-8.564930131e-01 1.206107243e-01 -5.018692774e-01 4.197791890e+02 2.978948430e-02 9.822459521e-01 1.852173757e-01 -5.711182640e+01 5.152982681e-01 1.436869612e-01 -8.448797264e-01 3.713787358e+02
-8.557466050e-01 1.242652347e-01 -5.022508332e-01 4.191511373e+02 3.327970537e-02 9.819394517e-01 1.862454682e-01 -5.692825139e+01 5.163237446e-01 1.426641673e-01 -8.444268625e-01 3.706212004e+02
-8.529726861e-01 1.274248814e-01 -5.061625197e-01 4.186468327e+02 3.449147300e-02 9.813834514e-01 1.889361259e-01 -5.674187003e+01 5.208146840e-01 1.436990639e-01 -8.414883505e-01 3.697748200e+02
-8.505168665e-01 1.296585411e-01 -5.097153348e-01 4.181264802e+02 3.492730838e-02 9.809214453e-01 1.912412125e-01 -5.658528897e+01 5.247867595e-01 1.448508921e-01 -8.388188578e-01 3.689274239e+02
-8.487811066e-01 1.323152876e-01 -5.119211832e-01 4.175949913e+02 3.792891824e-02 9.809249671e-01 1.906504813e-01 -5.638661208e+01 5.273822430e-01 1.424039098e-01 -8.376091548e-01 3.680955323e+02
-8.485298956e-01 1.323729447e-01 -5.123225739e-01 4.169950216e+02 3.870834092e-02 9.811378608e-01 1.893941986e-01 -5.617524174e+01 5.277297420e-01 1.408754827e-01 -8.376487437e-01 3.673137522e+02
-8.479532297e-01 1.346050167e-01 -5.126956308e-01 4.163910976e+02 4.024866544e-02 9.807782599e-01 1.909294370e-01 -5.599833749e+01 5.285407886e-01 1.412639179e-01 -8.370717653e-01 3.665195556e+02
-8.466214392e-01 1.344415511e-01 -5.149345667e-01 4.158376162e+02 4.002984992e-02 9.809121114e-01 1.902867333e-01 -5.581412087e+01 5.306879967e-01 1.404880746e-01 -8.358428986e-01 3.656901589e+02
-8.472799421e-01 1.354197073e-01 -5.135934215e-01 4.151728124e+02 4.260265317e-02 9.811635984e-01 1.884224169e-01 -5.562441017e+01 5.294352780e-01 1.377660921e-01 -8.370894757e-01 3.649435858e+02
-8.457377980e-01 1.363449062e-01 -5.158853008e-01 4.146196008e+02 4.356045633e-02 9.812185424e-01 1.879166271e-01 -5.544023092e+01 5.318176978e-01 1.364559953e-01 -8.357928557e-01 3.641078560e+02
-8.443168327e-01 1.362510421e-01 -5.182323220e-01 4.140911061e+02 4.254908796e-02 9.811259049e-01 1.886306810e-01 -5.524100347e+01 5.341522827e-01 1.372137465e-01 -8.341784741e-01 3.632565478e+02
-8.433273557e-01 1.326341698e-01 -5.207755256e-01 4.135446889e+02 4.056964205e-02 9.820122182e-01 1.844074493e-01 -5.504696058e+01 5.358666580e-01 1.343881699e-01 -8.335386881e-01 3.624138154e+02
-8.416527502e-01 1.317678113e-01 -5.236963739e-01 4.130229472e+02 4.158662607e-02 9.827091921e-01 1.804250437e-01 -5.488706332e+01 5.384154536e-01 1.300764689e-01 -8.325796728e-01 3.615501455e+02
-8.394444267e-01 1.318744866e-01 -5.272022139e-01 4.125022943e+02 4.361267242e-02 9.833290579e-01 1.765273313e-01 -5.470928989e+01 5.416927075e-01 1.251921870e-01 -8.312014960e-01 3.606855620e+02
-8.385918497e-01 1.284504225e-01 -5.293998475e-01 4.119594012e+02 3.849478339e-02 9.833466868e-01 1.776160047e-01 -5.452053306e+01 5.433984369e-01 1.285682015e-01 -8.295711882e-01 3.598532906e+02
-8.379061227e-01 1.272810122e-01 -5.307663078e-01 4.113866121e+02 3.929997245e-02 9.839750197e-01 1.739214557e-01 -5.429245590e+01 5.443976871e-01 1.248707514e-01 -8.294808339e-01 3.590553006e+02
-8.380792350e-01 1.309622636e-01 -5.295961492e-01 4.107826454e+02 4.278494621e-02 9.835471752e-01 1.755118302e-01 -5.414255719e+01 5.438682232e-01 1.244340777e-01 -8.298936776e-01 3.582635589e+02
-8.371706605e-01 1.346125531e-01 -5.301176716e-01 4.102072849e+02 4.616896331e-02 9.831730802e-01 1.767459227e-01 -5.394962105e+01 5.449896440e-01 1.234915175e-01 -8.292985789e-01 3.574438094e+02
-8.375330075e-01 1.357092073e-01 -5.292650304e-01 4.096269068e+02 4.703178999e-02 9.829746489e-01 1.776199607e-01 -5.373443273e+01 5.443587714e-01 1.238702981e-01 -8.296563609e-01 3.566290374e+02
-8.377230120e-01 1.355587815e-01 -5.290028090e-01 4.090785321e+02 4.564479556e-02 9.826919784e-01 1.795355902e-01 -5.355294060e+01 5.441844428e-01 1.262548703e-01 -8.294112369e-01 3.557874262e+02
-8.368562312e-01 1.350268368e-01 -5.305086254e-01 4.085451504e+02 4.272253486e-02 9.822560307e-01 1.826140058e-01 -5.339378627e+01 5.457530882e-01 1.301569955e-01 -8.277757687e-01 3.549209784e+02
-8.372756114e-01 1.381503166e-01 -5.290406795e-01 4.079622920e+02 4.491567397e-02 9.816624871e-01 1.852602055e-01 -5.320086666e+01 5.449331452e-01 1.313516332e-01 -8.281271736e-01 3.540932571e+02
-8.379036101e-01 1.375946204e-01 -5.281905534e-01 4.073670390e+02 4.427099491e-02 9.816481589e-01 1.854911617e-01 -5.300926203e+01 5.440198703e-01 1.320401927e-01 -8.286179869e-01 3.532675864e+02
-8.370452128e-01 1.423998761e-01 -5.282779448e-01 4.068998532e+02 4.841756303e-02 9.810277151e-01 1.877241644e-01 -5.292325704e+01 5.449872029e-01 1.315556824e-01 -8.280592075e-01 3.523568140e+02
-8.358361144e-01 1.391779058e-01 -5.310437839e-01 4.063642201e+02 4.548877958e-02 9.815616507e-01 1.856542402e-01 -5.272697529e+01 5.470911815e-01 1.310199851e-01 -8.267557092e-01 3.514987344e+02
-8.347306135e-01 1.388182969e-01 -5.328736092e-01 4.058146334e+02 4.471747267e-02 9.815949444e-01 1.856655937e-01 -5.254177948e+01 5.488398224e-01 1.311519938e-01 -8.255749535e-01 3.506499565e+02
-8.332348307e-01 1.365275905e-01 -5.357984079e-01 4.052676081e+02 4.173985590e-02 9.818020017e-01 1.852636335e-01 -5.236431846e+01 5.513415469e-01 1.320039640e-01 -8.237702666e-01 3.497978642e+02
-8.329657041e-01 1.393817604e-01 -5.354818958e-01 4.046808927e+02 4.556707986e-02 9.817457106e-01 1.846591480e-01 -5.221716920e+01 5.514451714e-01 1.294143909e-01 -8.241117269e-01 3.489571960e+02
-8.285467321e-01 1.437597905e-01 -5.411501043e-01 4.042999344e+02 4.992168415e-02 9.815953322e-01 1.843323881e-01 -5.214081574e+01 5.576900018e-01 1.257128732e-01 -8.204743356e-01 3.480163439e+02
-8.251254432e-01 1.437426488e-01 -5.463570754e-01 4.038009852e+02 5.106109913e-02 9.821066726e-01 1.812711997e-01 -5.201373514e+01 5.626373318e-01 1.216738862e-01 -8.177008612e-01 3.471571538e+02
-8.229395815e-01 1.411561481e-01 -5.503138987e-01 4.032690632e+02 4.914105024e-02 9.826979173e-01 1.785776039e-01 -5.185842864e+01 5.659996487e-01 1.199155756e-01 -8.156375741e-01 3.463350215e+02
-8.222622044e-01 1.404086707e-01 -5.515163391e-01 4.026721966e+02 4.800750938e-02 9.827464036e-01 1.786191065e-01 -5.171636824e+01 5.670803702e-01 1.203948144e-01 -8.148158948e-01 3.455715518e+02
-8.200815350e-01 1.387861377e-01 -5.551618538e-01 4.021362410e+02 4.316449973e-02 9.823829297e-01 1.818257553e-01 -5.156219364e+01 5.706164228e-01 1.251486608e-01 -8.116247352e-01 3.447801388e+02
-8.190704660e-01 1.338788278e-01 -5.578530552e-01 4.015736745e+02 3.710255004e-02 9.827156309e-01 1.813653485e-01 -5.134847114e+01 5.724918973e-01 1.278532296e-01 -8.098805956e-01 3.440372696e+02
-8.171578765e-01 1.349110732e-01 -5.604034325e-01 4.010305581e+02 3.947188797e-02 9.830388025e-01 1.790996448e-01 -5.117940344e+01 5.750608445e-01 1.242325039e-01 -8.086230952e-01 3.432774706e+02
-8.167759033e-01 1.360741840e-01 -5.606789993e-01 4.004293785e+02 4.218233730e-02 9.832729637e-01 1.771861433e-01 -5.101473277e+01 5.754109611e-01 1.210706216e-01 -8.088535902e-01 3.425639332e+02
-8.144227126e-01 1.382153815e-01 -5.635708948e-01 4.000114418e+02 4.364515061e-02 9.830580795e-01 1.780222267e-01 -5.092794568e+01 5.786283315e-01 1.203882082e-01 -8.066572589e-01 3.417192967e+02
-8.123823604e-01 1.383902184e-01 -5.664653987e-01 3.995332541e+02 4.272040675e-02 9.829445051e-01 1.788716488e-01 -5.077345837e+01 5.815581375e-01 1.211125400e-01 -8.044388637e-01 3.409201180e+02
-8.121727813e-01 1.341622717e-01 -5.677815233e-01 3.990097020e+02 3.858243976e-02 9.834209981e-01 1.771850326e-01 -5.060334196e+01 5.821398189e-01 1.219984643e-01 -8.038840750e-01 3.401633243e+02
-8.117541623e-01 1.347571242e-01 -5.682391199e-01 3.984995978e+02 3.886166540e-02 9.833211144e-01 1.776776772e-01 -5.048602855e+01 5.827048575e-01 1.221478755e-01 -8.034518938e-01 3.393825210e+02
-8.122336519e-01 1.333060791e-01 -5.678961031e-01 3.979437288e+02 3.776822344e-02 9.835131499e-01 1.768486509e-01 -5.031728894e+01 5.821082854e-01 1.221939986e-01 -8.038772112e-01 3.386563505e+02
-8.115048756e-01 1.348868828e-01 -5.685643022e-01 3.974367264e+02 3.867064856e-02 9.832567903e-01 1.780748866e-01 -5.017612198e+01 5.830646772e-01 1.225218883e-01 -8.031338425e-01 3.378965339e+02
-8.125532321e-01 1.398045287e-01 -5.658727231e-01 3.968913541e+02 4.356560326e-02 9.826612262e-01 1.802191796e-01 -5.005984540e+01 5.812566414e-01 1.217850903e-01 -8.045552241e-01 3.371699459e+02
-8.140958389e-01 1.387536003e-01 -5.639108117e-01 3.963498142e+02 4.389884571e-02 9.829622041e-01 1.784886458e-01 -4.989709915e+01 5.790689566e-01 1.205518301e-01 -8.063165630e-01 3.364596702e+02
-8.147108778e-01 1.373651087e-01 -5.633622392e-01 3.958670008e+02 4.334468422e-02 9.832447454e-01 1.770621613e-01 -4.975519662e+01 5.782451245e-01 1.198357105e-01 -8.070142369e-01 3.357188785e+02
-8.147778549e-01 1.360920010e-01 -5.635743203e-01 3.954077267e+02 4.227131061e-02 9.834171739e-01 1.763626901e-01 -4.959797711e+01 5.782302167e-01 1.198733892e-01 -8.070193226e-01 3.349804226e+02
-8.165079329e-01 1.381840647e-01 -5.605532622e-01 3.949008386e+02 4.339681173e-02 9.828768699e-01 1.790803599e-01 -4.946076828e+01 5.757008878e-01 1.218943101e-01 -8.085235092e-01 3.342739565e+02
-8.170904426e-01 1.404778220e-01 -5.591325337e-01 3.944867915e+02 4.274853014e-02 9.819517344e-01 1.842372234e-01 -4.937986594e+01 5.749224051e-01 1.266363804e-01 -8.083485976e-01 3.335208587e+02
-8.167184427e-01 1.426642915e-01 -5.591224242e-01 3.940285760e+02 4.371439420e-02 9.814677605e-01 1.865746145e-01 -4.923942942e+01 5.753781687e-01 1.279372306e-01 -8.078193041e-01 3.328213090e+02
-8.169664073e-01 1.439355461e-01 -5.584339244e-01 3.935709645e+02 4.599338143e-02 9.815292357e-01 1.857012880e-01 -4.909780404e+01 5.748482393e-01 1.260274496e-01 -8.084964958e-01 3.321427672e+02
-8.168046118e-01 1.430446851e-01 -5.588993149e-01 3.931715927e+02 4.387285631e-02 9.813695099e-01 1.870536220e-01 -4.897153780e+01 5.752437732e-01 1.282657517e-01 -8.078629205e-01 3.314423511e+02
-8.177846488e-01 1.424867759e-01 -5.576071976e-01 3.926813301e+02 4.384758424e-02 9.814773890e-01 1.864926923e-01 -4.881562239e+01 5.738515988e-01 1.280611323e-01 -8.088848428e-01 3.308254837e+02
-8.189201515e-01 1.425217124e-01 -5.559292644e-01 3.921858233e+02 4.417206946e-02 9.814531833e-01 1.865434997e-01 -4.864883479e+01 5.722050452e-01 1.282076849e-01 -8.100272685e-01 3.302364219e+02
-8.175993080e-01 1.392681474e-01 -5.586911084e-01 3.917810597e+02 3.911529399e-02 9.815003442e-01 1.874221654e-01 -4.851649776e+01 5.744574530e-01 1.313828658e-01 -8.079215168e-01 3.295964653e+02
-8.175145396e-01 1.373020082e-01 -5.593014716e-01 3.912425031e+02 3.590914310e-02 9.814276564e-01 1.884417382e-01 -4.841412129e+01 5.747873616e-01 1.339698243e-01 -8.072617761e-01 3.290819964e+02
-8.162605647e-01 1.354703528e-01 -5.615749942e-01 3.907330178e+02 3.390792811e-02 9.816741648e-01 1.875262289e-01 -4.825943586e+01 5.766879078e-01 1.340284210e-01 -8.058954271e-01 3.285779196e+02
-8.115404139e-01 1.347607407e-01 -5.685434895e-01 3.903864496e+02 3.161079188e-02 9.817407847e-01 1.875787555e-01 -4.811391293e+01 5.834405835e-01 1.342556310e-01 -8.009822164e-01 3.279715562e+02
-8.077953928e-01 1.336067782e-01 -5.741217921e-01 3.899310235e+02 3.066578879e-02 9.821805457e-01 1.854211021e-01 -4.797726126e+01 5.886647711e-01 1.321764144e-01 -7.974980770e-01 3.274612367e+02
-8.059268711e-01 1.325239888e-01 -5.769915690e-01 3.894120720e+02 2.968412680e-02 9.824429782e-01 1.841864467e-01 -4.786975665e+01 5.912704381e-01 1.313133158e-01 -7.957110544e-01 3.270374528e+02
-8.024912033e-01 1.326695662e-01 -5.817273028e-01 3.889384927e+02 2.906910551e-02 9.825019124e-01 1.839700500e-01 -4.779715395e+01 5.959554142e-01 1.307240545e-01 -7.923057275e-01 3.265772826e+02
-7.993909255e-01 1.326379393e-01 -5.859874788e-01 3.884337690e+02 2.809758544e-02 9.825131044e-01 1.840612002e-01 -4.772555326e+01 6.001538752e-01 1.306720199e-01 -7.891388656e-01 3.261619899e+02
-7.928115495e-01 1.307927106e-01 -5.952672626e-01 3.880477560e+02 2.371408640e-02 9.825820229e-01 1.843100932e-01 -4.759307664e+01 6.090053277e-01 1.320069512e-01 -7.821040057e-01 3.256623878e+02
-7.860081312e-01 1.322719048e-01 -6.039001250e-01 3.876057117e+02 2.094804723e-02 9.819805055e-01 1.878176404e-01 -4.747455777e+01 6.178611471e-01 1.349756642e-01 -7.746155001e-01 3.252081619e+02
-7.794024113e-01 1.355931782e-01 -6.116750537e-01 3.870969122e+02 1.965536906e-02 9.811112956e-01 1.924429581e-01 -4.732432233e+01 6.262152568e-01 1.379678067e-01 -7.673456435e-01 3.248641840e+02
-7.687777681e-01 1.412880151e-01 -6.237134278e-01 3.866685324e+02 1.839581892e-02 9.797718306e-01 1.992705544e-01 -4.723846873e+01 6.392513880e-01 1.417210528e-01 -7.558259099e-01 3.244255864e+02
-7.542093962e-01 1.461333258e-01 -6.401665703e-01 3.863516875e+02 1.545349754e-02 9.786016680e-01 2.051827593e-01 -4.715679965e+01 6.564521125e-01 1.448579525e-01 -7.403288442e-01 3.239040320e+02
-7.406228363e-01 1.480490560e-01 -6.554077291e-01 3.859277854e+02 1.326638693e-02 9.784556192e-01 2.060305908e-01 -4.702311721e+01 6.717900098e-01 1.438960680e-01 -7.266306519e-01 3.235176781e+02
-7.218919430e-01 1.474976253e-01 -6.761038923e-01 3.856694636e+02 6.266707633e-03 9.783739034e-01 2.067492042e-01 -4.691390167e+01 6.919774209e-01 1.450136393e-01 -7.072045626e-01 3.229953743e+02
-7.049356122e-01 1.478815777e-01 -6.936835169e-01 3.851941655e+02 1.838228193e-03 9.784004536e-01 2.067103609e-01 -4.684824818e+01 7.092689219e-01 1.444423462e-01 -6.899811628e-01 3.226858289e+02
-6.835710590e-01 1.484870230e-01 -7.146203267e-01 3.847500365e+02 -3.552490350e-03 9.783991228e-01 2.066943062e-01 -4.675394595e+01 7.298753230e-01 1.438289276e-01 -6.682778258e-01 3.223614426e+02
-6.570274405e-01 1.491116537e-01 -7.389727039e-01 3.843404106e+02 -1.142658669e-02 9.781608368e-01 2.075350824e-01 -4.665577130e+01 7.537800578e-01 1.448001797e-01 -6.409746738e-01 3.219635274e+02
-6.272502199e-01 1.509096636e-01 -7.640572197e-01 3.839488059e+02 -2.123959144e-02 9.773679587e-01 2.104774409e-01 -4.653335287e+01 7.785281250e-01 1.482502843e-01 -6.098490074e-01 3.216043114e+02
-5.954783267e-01 1.548552758e-01 -7.883054015e-01 3.834729536e+02 -2.871831621e-02 9.765162579e-01 2.135210910e-01 -4.643888263e+01 8.028579082e-01 1.497859858e-01 -5.770470844e-01 3.212890404e+02
-5.594966941e-01 1.569566275e-01 -8.138354050e-01 3.830312670e+02 -3.948973144e-02 9.757424452e-01 2.153305406e-01 -4.633037989e+01 8.278913035e-01 1.526148672e-01 -5.397264973e-01 3.210210297e+02
-5.218675211e-01 1.577558401e-01 -8.383122243e-01 3.825818784e+02 -4.833162160e-02 9.757034546e-01 2.136979714e-01 -4.621006877e+01 8.516562363e-01 1.520390198e-01 -5.015633476e-01 3.207993701e+02
-4.800669043e-01 1.582761295e-01 -8.628351142e-01 3.820713796e+02 -5.901593387e-02 9.755328873e-01 2.117845730e-01 -4.610266484e+01 8.752444727e-01 1.525917844e-01 -4.589802397e-01 3.205715751e+02
-4.358580223e-01 1.610012684e-01 -8.854978125e-01 3.815879704e+02 -6.638629591e-02 9.754383251e-01 2.100307923e-01 -4.601811995e+01 8.975637271e-01 1.503285256e-01 -4.144643414e-01 3.204204463e+02
-3.863234067e-01 1.651509519e-01 -9.074576511e-01 3.810520888e+02 -6.940394059e-02 9.758455594e-01 2.071437599e-01 -4.589538118e+01 9.197485083e-01 1.430056199e-01 -3.655298540e-01 3.202292427e+02
-3.338889473e-01 1.678668139e-01 -9.275445561e-01 3.805487838e+02 -7.534390718e-02 9.761135433e-01 2.037784246e-01 -4.581370986e+01 9.395964381e-01 1.379241946e-01 -3.132657818e-01 3.200991687e+02
-2.790546385e-01 1.694140625e-01 -9.452128777e-01 3.800383268e+02 -8.717377234e-02 9.757810555e-01 2.006291733e-01 -4.573661413e+01 9.563102228e-01 1.383842736e-01 -2.575277668e-01 3.199874130e+02
-2.178236023e-01 1.710839978e-01 -9.608762376e-01 3.794487847e+02 -9.657970006e-02 9.759056882e-01 1.956539016e-01 -4.563112905e+01 9.711978376e-01 1.354191765e-01 -1.960520513e-01 3.198868152e+02
-1.585031572e-01 1.734522317e-01 -9.720036381e-01 3.789151794e+02 -1.034156896e-01 9.761173264e-01 1.910501512e-01 -4.554590717e+01 9.819276676e-01 1.308024787e-01 -1.367799959e-01 3.198612108e+02
-9.548272632e-02 1.724252303e-01 -9.803838988e-01 3.783173752e+02 -1.059823527e-01 9.775248023e-01 1.822443467e-01 -4.544634052e+01 9.897731002e-01 1.213045792e-01 -7.506270158e-02 3.198584871e+02
-3.011980154e-02 1.663068852e-01 -9.856139292e-01 3.777833314e+02 -1.100279041e-01 9.795173393e-01 1.686405715e-01 -4.534585430e+01 9.934720217e-01 1.135244554e-01 -1.120446985e-02 3.198838249e+02
3.273212426e-02 1.599482798e-01 -9.865825641e-01 3.772412135e+02 -1.223226517e-01 9.803317924e-01 1.548765498e-01 -4.528311285e+01 9.919504912e-01 1.156119569e-01 5.165363977e-02 3.199405695e+02
9.652036729e-02 1.538558051e-01 -9.833677898e-01 3.766509885e+02 -1.345463283e-01 9.809292166e-01 1.402681629e-01 -4.521585042e+01 9.861952668e-01 1.187697909e-01 1.153803819e-01 3.200377325e+02
1.599305030e-01 1.494805093e-01 -9.757447471e-01 3.761084809e+02 -1.419880641e-01 9.816725187e-01 1.271159142e-01 -4.517903443e+01 9.768631551e-01 1.182143956e-01 1.782238278e-01 3.201645823e+02
2.197482063e-01 1.453323389e-01 -9.646705329e-01 3.755433527e+02 -1.439586590e-01 9.828463900e-01 1.152773965e-01 -4.513729887e+01 9.648764845e-01 1.135406752e-01 2.369005799e-01 3.203566364e+02
2.771823250e-01 1.397928559e-01 -9.505934547e-01 3.750092689e+02 -1.427789651e-01 9.843673191e-01 1.031268549e-01 -4.509174747e+01 9.501495281e-01 1.071398083e-01 2.928087015e-01 3.205656932e+02
3.284137285e-01 1.331696917e-01 -9.350990622e-01 3.744877277e+02 -1.365785708e-01 9.863017392e-01 9.249417987e-02 -4.503753481e+01 9.346072528e-01 9.733813503e-02 3.421031578e-01 3.208327135e+02
3.729749472e-01 1.300538307e-01 -9.186814953e-01 3.739432642e+02 -1.373121555e-01 9.869619814e-01 8.397272930e-02 -4.499472576e+01 9.176246840e-01 9.482641205e-02 3.859700647e-01 3.211125735e+02
4.146713873e-01 1.279974881e-01 -9.009241275e-01 3.734058241e+02 -1.419675154e-01 9.870344818e-01 7.488762451e-02 -4.496495776e+01 8.988286072e-01 9.684820482e-02 4.274664433e-01 3.213782319e+02
4.497674823e-01 1.226553136e-01 -8.846834948e-01 3.728722805e+02 -1.440767082e-01 9.875164336e-01 6.366471166e-02 -4.492831175e+01 8.814483048e-01 9.882796862e-02 4.618245539e-01 3.216788763e+02
4.804377570e-01 1.137904691e-01 -8.696155994e-01 3.723341671e+02 -1.411073760e-01 9.886585654e-01 5.140962369e-02 -4.486621757e+01 8.656028362e-01 9.801005106e-02 4.910455781e-01 3.220030521e+02
5.078501934e-01 1.050163795e-01 -8.550203162e-01 3.717887734e+02 -1.365042396e-01 9.898115343e-01 4.049344634e-02 -4.482116891e+01 8.505614461e-01 9.614929352e-02 5.170111601e-01 3.223296164e+02
5.276171883e-01 1.008473662e-01 -8.434749026e-01 3.712362750e+02 -1.339429983e-01 9.903838883e-01 3.462696805e-02 -4.479170363e+01 8.388559923e-01 9.470777394e-02 5.360513611e-01 3.226772545e+02
5.411229523e-01 9.867889959e-02 -8.351337769e-01 3.706834224e+02 -1.316136256e-01 9.907911424e-01 3.179254239e-02 -4.479875451e+01 8.305804019e-01 9.271130986e-02 5.491273158e-01 3.230438961e+02
5.532831528e-01 9.366518376e-02 -8.277104482e-01 3.701223401e+02 -1.321428266e-01 9.909447710e-01 2.380618050e-02 -4.475175275e+01 8.224451508e-01 9.620443966e-02 5.606502293e-01 3.234170588e+02
5.619929763e-01 8.689603998e-02 -8.225648745e-01 3.695468615e+02 -1.284039164e-01 9.915758553e-01 1.702226347e-02 -4.473875214e+01 8.171146363e-01 9.605415888e-02 5.684164580e-01 3.237810273e+02
5.685906927e-01 8.213931210e-02 -8.185094732e-01 3.689734199e+02 -1.263929666e-01 9.919107817e-01 1.173963791e-02 -4.473153536e+01 8.128526571e-01 9.677879166e-02 5.743730698e-01 3.241753262e+02
5.727474373e-01 7.765142061e-02 -8.160457278e-01 3.683782378e+02 -1.222816537e-01 9.924580592e-01 8.613824147e-03 -4.472160072e+01 8.105600349e-01 9.485387539e-02 5.779231542e-01 3.245714138e+02
5.741549436e-01 7.547232208e-02 -8.152607125e-01 3.677723239e+02 -1.189626912e-01 9.928654118e-01 8.133399247e-03 -4.469759697e+01 8.100580096e-01 9.231577704e-02 5.790369750e-01 3.249745211e+02
5.723342923e-01 7.281826643e-02 -8.167808506e-01 3.671850583e+02 -1.132006557e-01 9.935290514e-01 9.253946163e-03 -4.471821786e+01 8.121693601e-01 8.716377711e-02 5.768738220e-01 3.254245893e+02
5.681064606e-01 7.454574854e-02 -8.195718278e-01 3.665494558e+02 -1.099295261e-01 9.938379999e-01 1.419610003e-02 -4.475334417e+01 8.155798850e-01 8.203024647e-02 5.728005673e-01 3.258239981e+02
5.593883749e-01 7.852703017e-02 -8.251776485e-01 3.659247733e+02 -1.055174974e-01 9.941496491e-01 2.307667703e-02 -4.474674733e+01 8.221622126e-01 7.416185551e-02 5.644017323e-01 3.262706360e+02
5.472357455e-01 8.313044279e-02 -8.328399416e-01 3.652714470e+02 -9.708519366e-02 9.946431509e-01 3.548897664e-02 -4.476739435e+01 8.313287581e-01 6.143559044e-02 5.523750213e-01 3.266971309e+02
5.215818881e-01 8.816271727e-02 -8.486340019e-01 3.647728374e+02 -9.440207460e-02 9.945031547e-01 4.529595568e-02 -4.476271404e+01 8.479626067e-01 5.648726027e-02 5.270375766e-01 3.273057866e+02
5.037195819e-01 8.878919029e-02 -8.592921869e-01 3.640926364e+02 -9.574715234e-02 9.943136665e-01 4.661346910e-02 -4.474878587e+01 8.585447371e-01 5.879466276e-02 5.093565765e-01 3.277027699e+02
4.823344918e-01 8.385748582e-02 -8.719640819e-01 3.634215146e+02 -9.410098479e-02 9.946075078e-01 4.359942696e-02 -4.473885517e+01 8.709181607e-01 6.102317135e-02 4.876245789e-01 3.281179259e+02
4.660383613e-01 8.036324997e-02 -8.811072545e-01 3.626874373e+02 -9.194419540e-02 9.948734462e-01 4.210808741e-02 -4.470198384e+01 8.799741535e-01 6.138871352e-02 4.710381249e-01 3.284213212e+02
4.480556090e-01 7.818610586e-02 -8.905802065e-01 3.619551029e+02 -8.832176489e-02 9.951663373e-01 4.293281859e-02 -4.467765575e+01 8.896321920e-01 5.942132544e-02 4.527953941e-01 3.287538991e+02
4.271795346e-01 7.939280880e-02 -9.006744290e-01 3.612163072e+02 -8.790357808e-02 9.950653140e-01 4.602153599e-02 -4.467020176e+01 8.998836626e-01 5.951304667e-02 4.320504497e-01 3.290872220e+02
4.046034515e-01 8.072103851e-02 -9.109226976e-01 3.604584897e+02 -8.578698767e-02 9.950544428e-01 5.007243404e-02 -4.466368733e+01 9.104595761e-01 5.788583459e-02 4.095272767e-01 3.293963631e+02
3.809304843e-01 8.184639798e-02 -9.209740133e-01 3.597003444e+02 -8.217250336e-02 9.951296535e-01 5.444862225e-02 -4.464799607e+01 9.209449744e-01 5.493760016e-02 3.858007443e-01 3.296936811e+02
3.577206657e-01 8.344539320e-02 -9.300928941e-01 3.589326698e+02 -8.192837392e-02 9.949633594e-01 5.775513029e-02 -4.460214064e+01 9.302277500e-01 5.554079476e-02 3.627555006e-01 3.299645233e+02
3.341256548e-01 8.674118645e-02 -9.385286428e-01 3.581613559e+02 -7.863037593e-02 9.948503555e-01 6.395337509e-02 -4.460381813e+01 9.392429456e-01 5.242839668e-02 3.392255185e-01 3.302505747e+02
3.075815882e-01 8.871658690e-02 -9.473768700e-01 3.573858359e+02 -7.645200925e-02 9.947291970e-01 6.832945881e-02 -4.456136988e+01 9.484453895e-01 5.141198176e-02 3.127429476e-01 3.305189146e+02
2.809433798e-01 9.142197069e-02 -9.553600581e-01 3.565948331e+02 -7.365547297e-02 9.945705234e-01 7.351425165e-02 -4.452806613e+01 9.568937708e-01 4.971415462e-02 2.861517328e-01 3.307473882e+02
2.549312867e-01 9.358304125e-02 -9.624199985e-01 3.557930255e+02 -7.186571865e-02 9.943867400e-01 7.765519763e-02 -4.448788653e+01 9.642848944e-01 4.936826539e-02 2.602257036e-01 3.309648460e+02
2.305849910e-01 9.505035336e-02 -9.683986742e-01 3.549753948e+02 -7.137355913e-02 9.941888916e-01 8.058698968e-02 -4.442615751e+01 9.704310264e-01 5.053590975e-02 2.360291186e-01 3.311310429e+02
2.017751954e-01 9.592619288e-02 -9.747230048e-01 3.541763380e+02 -6.873324474e-02 9.941255209e-01 8.360735530e-02 -4.434613968e+01 9.770171501e-01 5.012598439e-02 2.071831897e-01 3.313601452e+02
1.771425828e-01 9.679384624e-02 -9.794138332e-01 3.533474766e+02 -6.994727257e-02 9.938736562e-01 8.557180888e-02 -4.423786005e+01 9.816964319e-01 5.334891511e-02 1.828278120e-01 3.315058430e+02
1.486077896e-01 1.003135991e-01 -9.837951549e-01 3.525253230e+02 -6.629554468e-02 9.936141713e-01 9.130048955e-02 -4.421021175e+01 9.866714882e-01 5.165327171e-02 1.543091504e-01 3.316965397e+02
1.209712642e-01 9.984719098e-02 -9.876216339e-01 3.516870582e+02 -6.325005511e-02 9.936819487e-01 9.271254197e-02 -4.413271967e+01 9.906388766e-01 5.125156937e-02 1.265223018e-01 3.318335848e+02
9.866912255e-02 9.992787220e-02 -9.900903113e-01 3.508447974e+02 -6.333629752e-02 9.935587028e-01 9.396604442e-02 -4.403566417e+01 9.931026723e-01 5.343710738e-02 1.043626269e-01 3.318707922e+02
7.652402393e-02 9.956715084e-02 -9.920838958e-01 3.499976342e+02 -6.135314570e-02 9.935862073e-01 9.498547310e-02 -4.393432478e+01 9.951783083e-01 5.359879719e-02 8.214197262e-02 3.319102884e+02
5.404251297e-02 1.020341887e-01 -9.933118499e-01 3.491271274e+02 -5.934694162e-02 9.933352760e-01 9.880774212e-02 -4.385987043e+01 9.967734684e-01 5.361020168e-02 5.973775157e-02 3.319248175e+02
3.156554538e-02 1.036701628e-01 -9.941107150e-01 3.482581423e+02 -5.521291830e-02 9.932685190e-01 1.018291842e-01 -4.380068174e+01 9.979755258e-01 5.167345996e-02 3.707699474e-02 3.319637635e+02
8.259044778e-03 1.023691936e-01 -9.947121877e-01 3.473883811e+02 -5.359330807e-02 9.933617287e-01 1.017852307e-01 -4.368341021e+01 9.985286904e-01 5.246926794e-02 1.369052273e-02 3.319471974e+02
-1.470917627e-02 1.025504250e-01 -9.946190479e-01 3.465130798e+02 -4.847790440e-02 9.934837238e-01 1.031502949e-01 -4.358460932e+01 9.987159421e-01 4.973430299e-02 -9.641897514e-03 3.319628806e+02
-3.435506692e-02 1.036102114e-01 -9.940244733e-01 3.456464348e+02 -4.563707275e-02 9.934114383e-01 1.051236027e-01 -4.350017574e+01 9.983671604e-01 4.897589561e-02 -2.940024969e-02 3.318854024e+02
-5.526075091e-02 1.017266257e-01 -9.932763679e-01 3.447620250e+02 -4.505927014e-02 9.935288872e-01 1.042593518e-01 -4.341448215e+01 9.974547166e-01 5.051775825e-02 -5.031942485e-02 3.318764792e+02
-7.415028304e-02 9.721096732e-02 -9.924977397e-01 3.438834765e+02 -4.262883629e-02 9.940188768e-01 1.005447900e-01 -4.332311268e+01 9.963355448e-01 4.976444830e-02 -6.956279066e-02 3.318564338e+02
-9.009698927e-02 9.136710463e-02 -9.917331217e-01 3.430069093e+02 -4.420183443e-02 9.944349060e-01 9.563166566e-02 -4.320108704e+01 9.949516221e-01 5.245254840e-02 -8.555699743e-02 3.317368508e+02
-1.061014071e-01 8.799388613e-02 -9.904542228e-01 3.421121602e+02 -4.410762535e-02 9.946798339e-01 9.309428244e-02 -4.309066493e+01 9.933765695e-01 5.356401815e-02 -1.016557286e-01 3.316448493e+02
-1.179973933e-01 8.758275171e-02 -9.891440121e-01 3.412242865e+02 -4.477447658e-02 9.946205405e-01 9.340892149e-02 -4.299433882e+01 9.920039624e-01 5.531041466e-02 -1.134411593e-01 3.314749213e+02
-1.287090239e-01 8.685726779e-02 -9.878713490e-01 3.403198904e+02 -4.590071933e-02 9.945675607e-01 9.342639387e-02 -4.289847028e+01 9.906195592e-01 5.736882549e-02 -1.240230089e-01 3.313463931e+02
-1.375707021e-01 9.110385481e-02 -9.862932574e-01 3.394124577e+02 -4.709521655e-02 9.940331440e-01 9.838774879e-02 -4.285921195e+01 9.893716908e-01 5.998496622e-02 -1.324592818e-01 3.311795869e+02
-1.461747979e-01 9.031124633e-02 -9.851278126e-01 3.385000276e+02 -5.026508134e-02 9.938598216e-01 9.857016118e-02 -4.275755386e+01 9.879809462e-01 6.392600303e-02 -1.407377564e-01 3.310473376e+02
-1.521867127e-01 8.890225255e-02 -9.843452616e-01 3.375901335e+02 -5.448759170e-02 9.936769628e-01 9.816922124e-02 -4.266997968e+01 9.868486747e-01 6.857465377e-02 -1.463803608e-01 3.308706851e+02
-1.567170736e-01 8.758805896e-02 -9.837520474e-01 3.366798589e+02 -5.467067284e-02 9.937632846e-01 9.718874311e-02 -4.258634549e+01 9.861292392e-01 6.901352174e-02 -1.509511757e-01 3.306956716e+02
-1.613433096e-01 8.576494331e-02 -9.831646408e-01 3.357651256e+02 -5.683441150e-02 9.937559202e-01 9.601573154e-02 -4.250253962e+01 9.852604661e-01 7.136907967e-02 -1.554614690e-01 3.305198866e+02
-1.652763367e-01 8.423525722e-02 -9.826434521e-01 3.348440312e+02 -5.654922233e-02 9.938973556e-01 9.471130907e-02 -4.242627578e+01 9.846247600e-01 7.122126125e-02 -1.595042757e-01 3.303627638e+02
-1.705708916e-01 8.354201362e-02 -9.817974857e-01 3.339208995e+02 -4.957084372e-02 9.944100741e-01 9.322733487e-02 -4.238010196e+01 9.840977098e-01 6.457039935e-02 -1.654761649e-01 3.301863235e+02
-1.745000530e-01 7.768268660e-02 -9.815880662e-01 3.329963846e+02 -4.795170946e-02 9.950298522e-01 8.727099581e-02 -4.228189128e+01 9.834888739e-01 6.229761916e-02 -1.699077443e-01 3.300511439e+02
-1.781795915e-01 7.543409384e-02 -9.811023039e-01 3.320789443e+02 -4.915415503e-02 9.951301125e-01 8.543961749e-02 -4.219241102e+01 9.827695061e-01 6.344885089e-02 -1.736039778e-01 3.298660183e+02
-1.824999216e-01 8.116076280e-02 -9.798503504e-01 3.311481189e+02 -4.657912423e-02 9.947544929e-01 9.107076395e-02 -4.211363759e+01 9.821019111e-01 6.226097847e-02 -1.777622197e-01 3.297341216e+02
-1.859324689e-01 8.702764140e-02 -9.787008259e-01 3.302192613e+02 -4.606657230e-02 9.942023163e-01 9.715773367e-02 -4.204049919e+01 9.814820365e-01 6.315016966e-02 -1.808454262e-01 3.295645569e+02
-1.909040571e-01 8.793539585e-02 -9.776620107e-01 3.292914828e+02 -4.784928777e-02 9.939617246e-01 9.874480119e-02 -4.196763700e+01 9.804417814e-01 6.563121406e-02 -1.855436798e-01 3.294570161e+02
-1.925094602e-01 8.584924866e-02 -9.775326154e-01 3.283766661e+02 -4.720487250e-02 9.942023487e-01 9.660947131e-02 -4.188720913e+01 9.801590727e-01 6.474253965e-02 -1.873408546e-01 3.293003720e+02
-1.921675623e-01 8.351004036e-02 -9.778024858e-01 3.274636929e+02 -4.817639392e-02 9.943686426e-01 9.439299552e-02 -4.182513276e+01 9.801788934e-01 6.524626958e-02 -1.870621854e-01 3.291235634e+02
-1.919192538e-01 8.115052442e-02 -9.780498926e-01 3.265485679e+02 -4.433841242e-02 9.948410038e-01 9.124408158e-02 -4.176756116e+01 9.804086419e-01 6.087667556e-02 -1.873310577e-01 3.289848477e+02
-1.872612190e-01 7.739289741e-02 -9.792566442e-01 3.256613748e+02 -4.336038498e-02 9.952685876e-01 8.695007458e-02 -4.166012268e+01 9.813526955e-01 5.874332204e-02 -1.830194231e-01 3.287340083e+02
-1.875583299e-01 7.778358033e-02 -9.791688248e-01 3.247453965e+02 -3.771120711e-02 9.955544505e-01 8.630875336e-02 -4.161387868e+01 9.815292852e-01 5.311356399e-02 -1.837912174e-01 3.286104396e+02
-1.846653114e-01 7.788207463e-02 -9.797107253e-01 3.238437011e+02 -3.467215941e-02 9.957183712e-01 8.568994444e-02 -4.155138246e+01 9.821896783e-01 4.979264671e-02 -1.811743034e-01 3.284356689e+02
-1.821380453e-01 7.774784235e-02 -9.801943713e-01 3.229411295e+02 -3.313497163e-02 9.958175283e-01 8.514413632e-02 -4.149358362e+01 9.827145090e-01 4.798669924e-02 -1.788000855e-01 3.282787742e+02
-1.761058323e-01 7.577226167e-02 -9.814506102e-01 3.220500289e+02 -3.473435261e-02 9.959337823e-01 8.312295738e-02 -4.142403626e+01 9.837582328e-01 4.872848916e-02 -1.727578472e-01 3.280900290e+02
-1.696600121e-01 7.521680006e-02 -9.826280646e-01 3.211549851e+02 -3.218891839e-02 9.961281744e-01 8.180790769e-02 -4.137275280e+01 9.849768291e-01 4.550926518e-02 -1.665819707e-01 3.279383254e+02
-1.647016724e-01 7.363783822e-02 -9.835907827e-01 3.202515986e+02 -3.229011455e-02 9.962721893e-01 7.999420851e-02 -4.132486690e+01 9.858147431e-01 4.493543896e-02 -1.617099215e-01 3.278515315e+02
-1.567718330e-01 7.326394113e-02 -9.849136954e-01 3.193593425e+02 -3.158233287e-02 9.963628833e-01 7.914266216e-02 -4.125894321e+01 9.871297527e-01 4.351321240e-02 -1.538877894e-01 3.277024350e+02
-1.512878075e-01 7.435510872e-02 -9.856892599e-01 3.184579769e+02 -2.878916227e-02 9.964124543e-01 7.958269284e-02 -4.122572420e+01 9.880704345e-01 4.041705916e-02 -1.486044343e-01 3.276262431e+02
-1.390647674e-01 7.140677085e-02 -9.877054538e-01 3.175756949e+02 -3.027919228e-02 9.966239181e-01 7.631471942e-02 -4.114842895e+01 9.898202670e-01 4.051961205e-02 -1.364331340e-01 3.274470429e+02
-1.302015726e-01 7.067320287e-02 -9.889655448e-01 3.166785632e+02 -3.214242216e-02 9.966312036e-01 7.545269250e-02 -4.109658610e+01 9.909664047e-01 4.161180726e-02 -1.274913421e-01 3.273817852e+02
-1.207387983e-01 7.029685314e-02 -9.901921506e-01 3.157805738e+02 -3.187737260e-02 9.967004711e-01 7.464585763e-02 -4.104227412e+01 9.921723518e-01 4.057737528e-02 -1.180995381e-01 3.272926627e+02
-1.073039191e-01 6.957971553e-02 -9.917885521e-01 3.148901504e+02 -3.423676451e-02 9.966979075e-01 7.362829075e-02 -4.098359602e+01 9.936366101e-01 4.185623526e-02 -1.045674073e-01 3.271740436e+02
-9.215219906e-02 7.063982476e-02 -9.932361186e-01 3.139975895e+02 -3.600297953e-02 9.965918672e-01 7.421883599e-02 -4.094492624e+01 9.950938437e-01 4.259888860e-02 -8.929488796e-02 3.270420555e+02
-7.739067299e-02 7.155746122e-02 -9.944295920e-01 3.130967104e+02 -3.856344354e-02 9.964597664e-01 7.470471769e-02 -4.088302559e+01 9.962547589e-01 4.413007781e-02 -7.435718982e-02 3.269653039e+02
-6.055555255e-02 7.185895579e-02 -9.955748669e-01 3.121986112e+02 -3.794780375e-02 9.965184870e-01 7.423522890e-02 -4.083330512e+01 9.974432261e-01 4.227523497e-02 -5.761783806e-02 3.268934033e+02
-4.670871528e-02 7.205794030e-02 -9.963061523e-01 3.112970138e+02 -3.598904053e-02 9.966258213e-01 7.376829463e-02 -4.079113175e+01 9.982600287e-01 3.930172477e-02 -4.395781560e-02 3.268771892e+02
-3.047739677e-02 7.062821303e-02 -9.970370022e-01 3.104025429e+02 -4.074211360e-02 9.965836037e-01 7.184149883e-02 -4.070411238e+01 9.987047654e-01 4.281093667e-02 -2.749573123e-02 3.268148728e+02
-1.701784203e-02 7.170354672e-02 -9.972808002e-01 3.095018901e+02 -3.943087466e-02 9.966011905e-01 7.232754146e-02 -4.065110615e+01 9.990773740e-01 4.055451290e-02 -1.413266806e-02 3.268427832e+02
-2.296703482e-03 7.206866764e-02 -9.973970284e-01 3.085979491e+02 -3.722471586e-02 9.967022162e-01 7.210418002e-02 -4.060117224e+01 9.993042808e-01 3.729342291e-02 3.936062257e-04 3.268669615e+02
1.455986762e-02 6.811693375e-02 -9.975710970e-01 3.076944196e+02 -3.871128618e-02 9.969672722e-01 6.751069937e-02 -4.053780763e+01 9.991443572e-01 3.763431337e-02 1.715260562e-02 3.268617808e+02
3.256479817e-02 6.317625645e-02 -9.974709492e-01 3.067968378e+02 -3.951448566e-02 9.973013744e-01 6.187547234e-02 -4.048564592e+01 9.986882093e-01 3.739958925e-02 3.497329525e-02 3.268429584e+02
4.828281794e-02 5.841202633e-02 -9.971242674e-01 3.058912851e+02 -3.698885294e-02 9.977083826e-01 5.665516738e-02 -4.044557737e+01 9.981485833e-01 3.414701176e-02 5.033276605e-02 3.268765539e+02
6.395693390e-02 5.590953624e-02 -9.963852841e-01 3.049863180e+02 -3.477590547e-02 9.979478756e-01 5.376498779e-02 -4.040603250e+01 9.973465531e-01 3.121155668e-02 6.576999106e-02 3.269204482e+02
7.830276925e-02 5.783225747e-02 -9.952507756e-01 3.040783212e+02 -3.562314482e-02 9.978407454e-01 5.518005447e-02 -4.036715802e+01 9.962929629e-01 3.113321143e-02 8.019386052e-02 3.270168515e+02
9.111066359e-02 6.055117101e-02 -9.939981905e-01 3.031735351e+02 -3.677666996e-02 9.976734179e-01 5.740407526e-02 -4.033235078e+01 9.951614560e-01 3.132582000e-02 9.312555758e-02 3.271461223e+02
1.054957839e-01 6.020022542e-02 -9.925958757e-01 3.022712891e+02 -3.733248769e-02 9.977019972e-01 5.654210989e-02 -4.029040454e+01 9.937187353e-01 3.109111910e-02 1.075007785e-01 3.272588822e+02
1.274381384e-01 5.882537189e-02 -9.901005487e-01 3.013607511e+02 -3.989194697e-02 9.977359435e-01 5.414443265e-02 -4.024226175e+01 9.910439715e-01 3.259697288e-02 1.294962699e-01 3.272777658e+02
1.430656429e-01 5.753105521e-02 -9.880396751e-01 3.004547250e+02 -3.931500769e-02 9.978514709e-01 5.240965775e-02 -4.020114445e+01 9.889320260e-01 3.134676604e-02 1.450200961e-01 3.274065726e+02
1.592485295e-01 5.686980831e-02 -9.855991735e-01 2.995515551e+02 -4.393040944e-02 9.977587682e-01 5.047335481e-02 -4.015755665e+01 9.862606273e-01 3.525996770e-02 1.613899306e-01 3.275460900e+02
1.786796799e-01 5.604992397e-02 -9.823095123e-01 2.986433886e+02 -4.724115437e-02 9.977133472e-01 4.833580691e-02 -4.013030156e+01 9.827725298e-01 3.776880881e-02 1.809189646e-01 3.276845922e+02
1.932233853e-01 5.109495038e-02 -9.798234685e-01 2.977623763e+02 -4.887162768e-02 9.979046967e-01 4.240023939e-02 -4.010291639e+01 9.799368793e-01 3.969284995e-02 1.953156171e-01 3.279180740e+02
2.123833291e-01 4.758021680e-02 -9.760273790e-01 2.968605962e+02 -4.949977160e-02 9.980554378e-01 3.788292073e-02 -4.007630752e+01 9.759319106e-01 4.026743151e-02 2.143255464e-01 3.281122398e+02
2.314004121e-01 4.991507096e-02 -9.715772409e-01 2.959525604e+02 -5.368860214e-02 9.978161774e-01 3.847609749e-02 -4.005116112e+01 9.713760257e-01 4.325923912e-02 2.335749451e-01 3.283179037e+02
2.496718420e-01 5.461143454e-02 -9.667893062e-01 2.950512286e+02 -5.960573168e-02 9.973818455e-01 4.094644024e-02 -4.002322854e+01 9.664942463e-01 4.740301081e-02 2.522733171e-01 3.285738319e+02
2.690851033e-01 5.740227573e-02 -9.614042781e-01 2.941517341e+02 -6.249889555e-02 9.971590423e-01 4.204441092e-02 -4.000184081e+01 9.610864140e-01 4.877318091e-02 2.719082227e-01 3.288238453e+02
2.904809066e-01 5.408939293e-02 -9.553508154e-01 2.932648885e+02 -6.135543402e-02 9.973994043e-01 3.781453431e-02 -3.996508032e+01 9.549116994e-01 4.763156371e-02 2.930441614e-01 3.291121042e+02
3.084093471e-01 5.152678793e-02 -9.498571812e-01 2.923774012e+02 -6.239219051e-02 9.974774499e-01 3.385190418e-02 -3.991266202e+01 9.492053988e-01 4.882342654e-02 3.108462383e-01 3.294393546e+02
3.225183108e-01 5.289601714e-02 -9.450840971e-01 2.915200891e+02 -6.505528367e-02 9.973151931e-01 3.361868160e-02 -3.991453405e+01 9.443250231e-01 5.064007363e-02 3.250935769e-01 3.298425334e+02
3.386639785e-01 5.346572732e-02 -9.393871011e-01 2.906591941e+02 -6.707007077e-02 9.972162887e-01 3.257728058e-02 -3.990893043e+01 9.385138866e-01 5.197200790e-02 3.413071858e-01 3.302452237e+02
3.583811487e-01 5.259550138e-02 -9.320926271e-01 2.897730948e+02 -6.873007398e-02 9.971888462e-01 2.984261828e-02 -3.989334577e+01 9.310419589e-01 5.336776339e-02 3.609885769e-01 3.305817126e+02
3.780359885e-01 5.178095354e-02 -9.243416707e-01 2.888817091e+02 -7.155184960e-02 9.970823253e-01 2.659265524e-02 -3.986012538e+01 9.230217355e-01 5.608537550e-02 3.806380254e-01 3.309270720e+02
3.965042473e-01 5.296973666e-02 -9.165034582e-01 2.880051602e+02 -7.264563296e-02 9.970137740e-01 2.619439656e-02 -3.984775803e+01 9.151540820e-01 5.619378434e-02 3.991682161e-01 3.313318264e+02
4.165034903e-01 5.595043383e-02 -9.074108174e-01 2.871245806e+02 -7.317086542e-02 9.969295250e-01 2.788452385e-02 -3.984779711e+01 9.061847863e-01 5.478203329e-02 4.193185684e-01 3.317395254e+02
4.363172381e-01 5.729240699e-02 -8.979670639e-01 2.862318909e+02 -7.596731386e-02 9.967532190e-01 2.668309729e-02 -3.982805338e+01 8.965803004e-01 5.657385046e-02 4.392529618e-01 3.321166368e+02
4.546149217e-01 5.832317660e-02 -8.887765074e-01 2.853718330e+02 -7.465798677e-02 9.968374561e-01 2.722629590e-02 -3.983439467e+01 8.875536367e-01 5.397678434e-02 4.575314730e-01 3.325725808e+02
4.717539156e-01 5.856410574e-02 -8.797832055e-01 2.845279106e+02 -7.591614061e-02 9.967843664e-01 2.564500926e-02 -3.981075228e+01 8.784560221e-01 5.469161200e-02 4.746828887e-01 3.330661949e+02
4.876989629e-01 5.739672695e-02 -8.711230322e-01 2.836951868e+02 -7.469371553e-02 9.969208436e-01 2.386797856e-02 -3.981119533e+01 8.698106520e-01 5.342702757e-02 4.904844364e-01 3.335664323e+02
5.053291833e-01 5.539635313e-02 -8.611467126e-01 2.828624629e+02 -7.287315195e-02 9.971120264e-01 2.138014267e-02 -3.980452450e+01 8.598441255e-01 5.195046520e-02 5.079067128e-01 3.340642993e+02
5.215742694e-01 5.121622319e-02 -8.516672942e-01 2.820586810e+02 -6.854625538e-02 9.974854284e-01 1.800641326e-02 -3.980022194e+01 8.504479363e-01 4.898692201e-02 5.237734139e-01 3.345991979e+02
5.384514136e-01 5.038391377e-02 -8.411489383e-01 2.812403895e+02 -6.516102577e-02 9.977115042e-01 1.804979270e-02 -3.980417961e+01 8.401333918e-01 4.509119125e-02 5.405022373e-01 3.351194835e+02
5.540459708e-01 4.998531768e-02 -8.309840734e-01 2.804508350e+02 -6.244330867e-02 9.978790483e-01 1.839125220e-02 -3.978983570e+01 8.301408889e-01 4.169979582e-02 5.559921147e-01 3.356846952e+02
5.706256885e-01 5.027598625e-02 -8.196698414e-01 2.796443693e+02 -6.064079855e-02 9.979788634e-01 1.899688558e-02 -3.978636878e+01 8.189682638e-01 3.886532281e-02 5.725211520e-01 3.362262399e+02
5.877994922e-01 4.796887625e-02 -8.075832737e-01 2.788580371e+02 -5.953359593e-02 9.980988095e-01 1.595360038e-02 -3.977636733e+01 8.068131803e-01 3.870081809e-02 5.895377331e-01 3.367814172e+02
6.031340019e-01 4.565125963e-02 -7.963324294e-01 2.780865541e+02 -5.935982765e-02 9.981613250e-01 1.226295833e-02 -3.976882816e+01 7.954280524e-01 3.987394864e-02 6.047348854e-01 3.373582245e+02
6.175034728e-01 4.697912637e-02 -7.851639464e-01 2.773297748e+02 -6.122988657e-02 9.980567209e-01 1.156212695e-02 -3.976060393e+01 7.841813324e-01 4.093584583e-02 6.191800178e-01 3.379595675e+02
6.339436088e-01 4.906368625e-02 -7.718213884e-01 2.765621954e+02 -6.312280318e-02 9.979384543e-01 1.159107756e-02 -3.974464231e+01 7.707989443e-01 4.137144005e-02 6.357337425e-01 3.385595290e+02
6.516110712e-01 4.878214208e-02 -7.569830345e-01 2.757996908e+02 -6.166637736e-02 9.980335975e-01 1.123370295e-02 -3.973667055e+01 7.560425053e-01 3.936039625e-02 6.533379595e-01 3.391640577e+02
6.680432234e-01 4.820024101e-02 -7.425597541e-01 2.750624043e+02 -5.945096578e-02 9.981671882e-01 1.130694760e-02 -3.976815175e+01 7.417437795e-01 3.659236481e-02 6.696843768e-01 3.397966000e+02
6.808684860e-01 4.796220669e-02 -7.308335868e-01 2.743696043e+02 -5.996368205e-02 9.981539959e-01 9.641438183e-03 -3.977481424e+01 7.299468896e-01 3.725892141e-02 6.824875905e-01 3.404755952e+02
6.948865525e-01 4.790301901e-02 -7.175221111e-01 2.736669091e+02 -6.155835062e-02 9.980788195e-01 7.017091946e-03 -3.976796249e+01 7.164797615e-01 3.929339487e-02 6.965003808e-01 3.411502927e+02
7.068490911e-01 5.070934815e-02 -7.055444171e-01 2.730222594e+02 -6.398782646e-02 9.979216089e-01 7.617121174e-03 -3.978067332e+01 7.044642791e-01 3.976209854e-02 7.086247632e-01 3.418905636e+02
7.194632339e-01 5.377069653e-02 -6.924459310e-01 2.723488879e+02 -6.815453106e-02 9.976525652e-01 6.657262034e-03 -3.977145197e+01 6.911784249e-01 4.240367244e-02 7.214390574e-01 3.425936040e+02
7.343336448e-01 5.824190627e-02 -6.762854267e-01 2.716398088e+02 -7.478801644e-02 9.971885158e-01 4.670813902e-03 -3.974999485e+01 6.746560981e-01 4.714810981e-02 7.366248741e-01 3.432625084e+02
7.481865422e-01 6.248545308e-02 -6.605395266e-01 2.709957112e+02 -8.022682907e-02 9.967707658e-01 3.419990766e-03 -3.977964009e+01 6.586201894e-01 5.043420063e-02 7.507834824e-01 3.439895934e+02
7.618944330e-01 6.474610780e-02 -6.444569920e-01 2.703554018e+02 -8.259339029e-02 9.965802473e-01 2.478439797e-03 -3.976745544e+01 6.424135777e-01 5.133957838e-02 7.646365430e-01 3.447214468e+02
7.733184898e-01 6.215193277e-02 -6.309640644e-01 2.697692970e+02 -7.943816311e-02 9.968394491e-01 8.312645932e-04 -3.974863605e+01 6.290215350e-01 4.947979399e-02 7.758116127e-01 3.455046136e+02
7.870453821e-01 5.920972274e-02 -6.140470464e-01 2.691583967e+02 -7.664711841e-02 9.970560718e-01 -2.099752835e-03 -3.970749065e+01 6.121150102e-01 4.871753745e-02 7.892666316e-01 3.462637391e+02
8.000760689e-01 5.613519293e-02 -5.972663761e-01 2.685658907e+02 -7.349108745e-02 9.972847314e-01 -4.714294423e-03 -3.969086148e+01 5.953799996e-01 4.766554963e-02 8.020290839e-01 3.470392025e+02
8.124429024e-01 5.666508842e-02 -5.802806201e-01 2.679903108e+02 -7.347305820e-02 9.972821307e-01 -5.482837836e-03 -3.972440000e+01 5.783928077e-01 4.708948445e-02 8.143981461e-01 3.478276419e+02
8.235669544e-01 5.443487925e-02 -5.646010233e-01 2.674624057e+02 -7.199880039e-02 9.973653344e-01 -8.863553205e-03 -3.971680930e+01 5.626310019e-01 4.795032589e-02 8.253163769e-01 3.486459813e+02
8.357606628e-01 5.385041452e-02 -5.464469301e-01 2.669068196e+02 -7.082124730e-02 9.974386633e-01 -1.002316383e-02 -3.975021081e+01 5.445075440e-01 4.707701921e-02 8.374337519e-01 3.494539807e+02
8.475979763e-01 5.532097009e-02 -5.277473457e-01 2.663759155e+02 -7.174524247e-02 9.973658188e-01 -1.067912089e-02 -3.978714177e+01 5.257663842e-01 4.691496253e-02 8.493342661e-01 3.502801245e+02
8.585007387e-01 5.711981705e-02 -5.096212398e-01 2.658780830e+02 -7.290022355e-02 9.972782568e-01 -1.102886567e-02 -3.982265087e+01 5.076042149e-01 4.661979163e-02 8.603281676e-01 3.511262713e+02
8.684402534e-01 5.870934362e-02 -4.923055344e-01 2.654132977e+02 -7.365644318e-02 9.972229062e-01 -1.100925652e-02 -3.987289814e+01 4.902920095e-01 4.582235614e-02 8.703528348e-01 3.520027156e+02
8.784497529e-01 6.029631035e-02 -4.740151754e-01 2.649506574e+02 -7.469385351e-02 9.971392279e-01 -1.158397684e-02 -3.990826228e+01 4.719606550e-01 4.558196167e-02 8.804404721e-01 3.528805084e+02
8.893338301e-01 6.033154889e-02 -4.532608992e-01 2.644738267e+02 -7.407881788e-02 9.971725438e-01 -1.261929889e-02 -3.995190430e+01 4.512179820e-01 4.479980102e-02 8.912885675e-01 3.537641864e+02
9.008981774e-01 6.218979932e-02 -4.295519793e-01 2.639941712e+02 -7.502976241e-02 9.970965291e-01 -1.300178657e-02 -4.000342119e+01 4.274962091e-01 4.394246877e-02 9.029485316e-01 3.546490825e+02
9.097029263e-01 6.138891473e-02 -4.106969527e-01 2.635839870e+02 -7.372847567e-02 9.971764343e-01 -1.425730319e-02 -4.004261169e+01 4.086620826e-01 4.324997072e-02 9.116604315e-01 3.555684768e+02
9.178793242e-01 6.195534627e-02 -3.919937261e-01 2.632172681e+02 -7.454105054e-02 9.970738254e-01 -1.695342181e-02 -4.004835763e+01 3.897963289e-01 4.478081950e-02 9.198116656e-01 3.565207646e+02
9.269036173e-01 6.325406111e-02 -3.699305448e-01 2.627888921e+02 -7.605058674e-02 9.969014631e-01 -2.009430685e-02 -4.004353157e+01 3.675132549e-01 4.675892069e-02 9.288420807e-01 3.574550405e+02
9.349627002e-01 6.603136084e-02 -3.485464225e-01 2.624142308e+02 -7.838983898e-02 9.966918496e-01 -2.145670094e-02 -4.009763699e+01 3.459765633e-01 4.738371298e-02 9.370458908e-01 3.584053058e+02
9.428753166e-01 6.963041247e-02 -3.257878805e-01 2.620610628e+02 -8.171475575e-02 9.963777532e-01 -2.353872791e-02 -4.014068798e+01 3.229687850e-01 4.881576261e-02 9.451498216e-01 3.593763928e+02
9.505352718e-01 7.255850097e-02 -3.020231135e-01 2.616867618e+02 -8.471433594e-02 9.960304705e-01 -2.732733393e-02 -4.019274763e+01 2.988413934e-01 5.156128228e-02 9.529088392e-01 3.603342061e+02
9.564213016e-01 7.623954789e-02 -2.818613581e-01 2.613660623e+02 -8.830248702e-02 9.956319492e-01 -3.032643411e-02 -4.023506693e+01 2.783180997e-01 5.389390650e-02 9.589757464e-01 3.613296986e+02
9.628399020e-01 7.919677139e-02 -2.581999118e-01 2.610113348e+02 -9.077939465e-02 9.953164418e-01 -3.323074240e-02 -4.025960439e+01 2.543588500e-01 5.543511645e-02 9.655198203e-01 3.623309673e+02
9.678711407e-01 8.368450737e-02 -2.371125432e-01 2.607310857e+02 -9.445107389e-02 9.949351152e-01 -3.439638211e-02 -4.027846916e+01 2.330331512e-01 5.568679993e-02 9.708730765e-01 3.633636188e+02
9.718766906e-01 8.780321233e-02 -2.185092543e-01 2.605110325e+02 -9.752471348e-02 9.946491437e-01 -3.408828541e-02 -4.030602132e+01 2.143469817e-01 5.443966244e-02 9.752393012e-01 3.644288948e+02
9.758821026e-01 9.070076437e-02 -1.985635747e-01 2.602772993e+02 -9.940145763e-02 9.944568656e-01 -3.427670777e-02 -4.036421410e+01 1.943539866e-01 5.318753441e-02 9.794884451e-01 3.654997497e+02
9.794203195e-01 9.326528345e-02 -1.789900126e-01 2.600548827e+02 -1.010914095e-01 9.942580334e-01 -3.509259092e-02 -4.041027656e+01 1.746893375e-01 5.246474927e-02 9.832248397e-01 3.665715875e+02
9.825713917e-01 9.631087407e-02 -1.589895458e-01 2.598488268e+02 -1.032403405e-01 9.940084851e-01 -3.589656813e-02 -4.045535758e+01 1.545797277e-01 5.168507575e-02 9.866274681e-01 3.676640955e+02
9.852254150e-01 1.024425121e-01 -1.372458139e-01 2.596230576e+02 -1.082588145e-01 9.934855757e-01 -3.558707685e-02 -4.053896818e+01 1.327061069e-01 4.991936167e-02 9.898975434e-01 3.687531521e+02
9.871209472e-01 1.040037945e-01 -1.215542941e-01 2.595399684e+02 -1.094188671e-01 9.932405632e-01 -3.873880735e-02 -4.059946563e+01 1.167036726e-01 5.154022136e-02 9.918285428e-01 3.698624946e+02
9.892252808e-01 1.032264181e-01 -1.038154636e-01 2.593872847e+02 -1.080693206e-01 9.932496266e-01 -4.214500127e-02 -4.064527973e+01 9.876419299e-02 5.291016734e-02 9.937032497e-01 3.709746728e+02
9.912001593e-01 9.991149650e-02 -8.683281123e-02 2.592842401e+02 -1.038810657e-01 9.936831631e-01 -4.245580616e-02 -4.071783518e+01 8.204247940e-02 5.110248680e-02 9.953178223e-01 3.720895215e+02
9.926772590e-01 9.887569058e-02 -6.939349660e-02 2.592146519e+02 -1.019525941e-01 9.938900660e-01 -4.228717586e-02 -4.077198374e+01 6.478833320e-02 4.905236481e-02 9.966926996e-01 3.732222137e+02
9.940270925e-01 9.547543285e-02 -5.286379804e-02 2.591842070e+02 -9.785724212e-02 9.942067660e-01 -4.446196876e-02 -4.079372682e+01 4.831251997e-02 4.936950702e-02 9.976114234e-01 3.743556460e+02
9.947818962e-01 9.443738479e-02 -3.860776383e-02 2.591724332e+02 -9.619283361e-02 9.942775935e-01 -4.646510321e-02 -4.086699090e+01 3.399879168e-02 4.993643368e-02 9.981735494e-01 3.754833323e+02
9.954311769e-01 9.252859680e-02 -2.356333710e-02 2.591434827e+02 -9.357352888e-02 9.944559430e-01 -4.797261912e-02 -4.092995806e+01 1.899386148e-02 4.995834532e-02 9.985706770e-01 3.766196255e+02
9.960302243e-01 8.852430357e-02 -9.340236692e-03 2.591060487e+02 -8.887474209e-02 9.948659315e-01 -4.840515065e-02 -4.104663535e+01 5.007251026e-03 4.904310419e-02 9.987841115e-01 3.777528103e+02
9.965213035e-01 8.333012382e-02 -1.175675318e-03 2.591761340e+02 -8.328240206e-02 9.952352576e-01 -5.070328826e-02 -4.110303212e+01 -3.055037761e-03 5.062481998e-02 9.987130691e-01 3.788889962e+02
9.969269191e-01 7.785415670e-02 8.686096103e-03 2.592202019e+02 -7.732796849e-02 9.957562292e-01 -4.989907067e-02 -4.114572190e+01 -1.253408437e-02 4.907404863e-02 9.987164935e-01 3.800318226e+02
9.972600837e-01 7.188505430e-02 1.746036859e-02 2.592107410e+02 -7.100160002e-02 9.963766718e-01 -4.682201145e-02 -4.119889882e+01 -2.076290678e-02 4.545400895e-02 9.987506369e-01 3.811830438e+02
9.971101604e-01 7.102626929e-02 2.695546598e-02 2.592193119e+02 -6.976162745e-02 9.965360756e-01 -4.526770690e-02 -4.128377384e+01 -3.007729062e-02 4.325643332e-02 9.986111543e-01 3.823237178e+02
9.969185838e-01 7.020899566e-02 3.498619951e-02 2.592590124e+02 -6.858644342e-02 9.966025107e-01 -4.559973150e-02 -4.136075505e+01 -3.806884562e-02 4.305964075e-02 9.983469489e-01 3.834687267e+02
9.964686784e-01 7.205443097e-02 4.310837414e-02 2.592957762e+02 -6.994482380e-02 9.963665800e-01 -4.859382582e-02 -4.141079375e+01 -4.645314378e-02 4.540701776e-02 9.978879237e-01 3.846136927e+02
9.959526499e-01 7.424638111e-02 5.065366824e-02 2.593633185e+02 -7.172244810e-02 9.961731802e-01 -4.994882787e-02 -4.149161857e+01 -5.416834549e-02 4.611366239e-02 9.974664508e-01 3.857800314e+02
9.956596215e-01 7.267429957e-02 5.814090032e-02 2.593997221e+02 -6.984614295e-02 9.963396968e-01 -4.928209456e-02 -4.156281861e+01 -6.150962870e-02 4.500727398e-02 9.970912249e-01 3.869131721e+02
9.954673716e-01 6.845953752e-02 6.601517841e-02 2.594411102e+02 -6.540247386e-02 9.967320591e-01 -4.741011264e-02 -4.162582081e+01 -6.904511909e-02 4.287766423e-02 9.966916662e-01 3.880685955e+02
9.950073324e-01 6.725033907e-02 7.374144293e-02 2.594877037e+02 -6.395163045e-02 9.968820969e-01 -4.621984166e-02 -4.169920425e+01 -7.661982429e-02 4.127319585e-02 9.962057648e-01 3.892289861e+02
9.951419729e-01 6.153417849e-02 7.685049578e-02 2.595549322e+02 -5.801950106e-02 9.972009012e-01 -4.716036592e-02 -4.175348718e+01 -7.953735802e-02 4.247243216e-02 9.959266545e-01 3.903893850e+02
9.951593197e-01 5.804497126e-02 7.930138493e-02 2.596524063e+02 -5.439447371e-02 9.973917333e-01 -4.744440526e-02 -4.182825575e+01 -8.184845490e-02 4.290118497e-02 9.957210045e-01 3.915488018e+02
9.952752180e-01 5.452609580e-02 8.033769596e-02 2.597686135e+02 -5.085178986e-02 9.975952204e-01 -4.709428459e-02 -4.187611314e+01 -8.271236898e-02 4.278645873e-02 9.956545500e-01 3.927134752e+02
9.949749485e-01 5.597965965e-02 8.301282743e-02 2.598179332e+02 -5.217865733e-02 9.975182407e-01 -4.727311241e-02 -4.193094631e+01 -8.545314232e-02 4.270406471e-02 9.954266037e-01 3.938858370e+02
9.949161346e-01 5.755022183e-02 8.264294962e-02 2.599493340e+02 -5.366202813e-02 9.973794559e-01 -4.852430070e-02 -4.200159673e+01 -8.521896439e-02 4.384282140e-02 9.953971746e-01 3.950545434e+02
9.947238498e-01 5.833777273e-02 8.438700658e-02 2.600458318e+02 -5.428134038e-02 9.972934148e-01 -4.959214537e-02 -4.208032234e+01 -8.705170126e-02 4.474984993e-02 9.951981975e-01 3.962281910e+02
9.945104873e-01 5.850184955e-02 8.675496628e-02 2.600955481e+02 -5.424950058e-02 9.972450000e-01 -5.059052962e-02 -4.212309587e+01 -8.947559590e-02 4.560639868e-02 9.949443071e-01 3.974085064e+02
9.941374277e-01 6.047822410e-02 8.962789323e-02 2.601958247e+02 -5.607001953e-02 9.971278886e-01 -5.091293292e-02 -4.218156656e+01 -9.244959570e-02 4.558901445e-02 9.946731694e-01 3.985928581e+02
9.940427560e-01 6.110740942e-02 9.024900944e-02 2.602833524e+02 -5.668863773e-02 9.971016496e-01 -5.074148823e-02 -4.223198483e+01 -9.308811709e-02 4.532311540e-02 9.946257676e-01 3.997794784e+02
9.938298842e-01 6.200624746e-02 9.196405071e-02 2.603465099e+02 -5.739106318e-02 9.969961105e-01 -5.200982159e-02 -4.228450444e+01 -9.491273473e-02 4.641100032e-02 9.944031335e-01 4.009748027e+02
9.934532933e-01 6.418011462e-02 9.450643828e-02 2.604354927e+02 -5.934651657e-02 9.968241454e-01 -5.310003912e-02 -4.235476391e+01 -9.761426617e-02 4.714378084e-02 9.941070963e-01 4.021670290e+02
9.935765052e-01 6.249247731e-02 9.434202940e-02 2.605660552e+02 -5.767595160e-02 9.969303120e-01 -5.294749861e-02 -4.243922692e+01 -9.736124916e-02 4.716612430e-02 9.941308485e-01 4.033625382e+02
9.938684552e-01 5.954845223e-02 9.316370299e-02 2.607113610e+02 -5.500563471e-02 9.972033876e-01 -5.059430805e-02 -4.252771958e+01 -9.591597295e-02 4.515955817e-02 9.943644907e-01 4.045624551e+02
9.935875545e-01 6.114188381e-02 9.510752605e-02 2.607447943e+02 -5.651191868e-02 9.971169346e-01 -5.063814481e-02 -4.258520618e+01 -9.792943640e-02 4.493872169e-02 9.941782218e-01 4.057763435e+02
9.940892305e-01 5.818818969e-02 9.165553161e-02 2.609398138e+02 -5.363958239e-02 9.972399914e-01 -5.133414776e-02 -4.267228428e+01 -9.438960268e-02 4.611435900e-02 9.944667258e-01 4.069787737e+02
9.941083115e-01 6.004958740e-02 9.023697706e-02 2.610660159e+02 -5.545590110e-02 9.970756312e-01 -5.258163786e-02 -4.273446822e+01 -9.313059652e-02 4.726767035e-02 9.945312762e-01 4.081989836e+02
9.937912715e-01 6.331007764e-02 9.149176323e-02 2.611349451e+02 -5.864734853e-02 9.968822129e-01 -5.278581435e-02 -4.280615577e+01 -9.454838539e-02 4.709233224e-02 9.944058101e-01 4.094280397e+02
9.938367449e-01 6.254098071e-02 9.152677345e-02 2.612425110e+02 -5.822962367e-02 9.970978418e-01 -4.904288744e-02 -4.288387170e+01 -9.432833855e-02 4.341105404e-02 9.945942112e-01 4.106564032e+02
9.938463867e-01 6.375924830e-02 9.057658614e-02 2.614360281e+02 -5.966168877e-02 9.970997376e-01 -4.725035609e-02 -4.298547320e+01 -9.332653746e-02 4.155564358e-02 9.947679558e-01 4.118814853e+02
9.935637863e-01 6.211834739e-02 9.472229650e-02 2.613978861e+02 -5.775304838e-02 9.971689365e-01 -4.815285476e-02 -4.300753679e+01 -9.744530742e-02 4.237243133e-02 9.943384681e-01 4.131238825e+02
9.932466896e-01 6.359547859e-02 9.703931563e-02 2.614828664e+02 -5.881801705e-02 9.969484010e-01 -5.132569142e-02 -4.306405094e+01 -1.000072725e-01 4.527141297e-02 9.939562589e-01 4.143631137e+02
9.930003006e-01 6.396015493e-02 9.929502266e-02 2.615443480e+02 -5.911816005e-02 9.969491019e-01 -5.096598178e-02 -4.311339545e+01 -1.022518758e-01 4.473909619e-02 9.937519646e-01 4.156107003e+02
9.931920429e-01 6.026423436e-02 9.968845465e-02 2.616692563e+02 -5.567133034e-02 9.972834844e-01 -4.823229861e-02 -4.316623309e+01 -1.023243320e-01 4.235414630e-02 9.938490114e-01 4.168578366e+02
9.926555569e-01 6.510115818e-02 1.019646239e-01 2.617087450e+02 -6.036879048e-02 9.969809355e-01 -4.883260548e-02 -4.319117022e+01 -1.048358453e-01 4.231847617e-02 9.935887440e-01 4.181140575e+02
9.924996371e-01 6.463220093e-02 1.037648736e-01 2.618318122e+02 -5.977100721e-02 9.969941341e-01 -4.929627974e-02 -4.328039923e+01 -1.066390974e-01 4.272440875e-02 9.933794480e-01 4.193571531e+02
9.927596310e-01 6.156878735e-02 1.031387391e-01 2.620299850e+02 -5.662913270e-02 9.971345455e-01 -5.015814572e-02 -4.336978549e+01 -1.059313759e-01 4.395432489e-02 9.934015104e-01 4.205924179e+02
9.928679000e-01 5.855852681e-02 1.038471570e-01 2.621918582e+02 -5.323787048e-02 9.971589319e-01 -5.328971486e-02 -4.343995188e+01 -1.066726873e-01 4.738104579e-02 9.931646260e-01 4.218326938e+02
9.927792739e-01 5.219632556e-02 1.080039675e-01 2.621831477e+02 -4.628154853e-02 9.973255685e-01 -5.656614347e-02 -4.346054067e+01 -1.106676632e-01 5.115910397e-02 9.925398805e-01 4.230847480e+02
9.928990549e-01 4.733355695e-02 1.091375332e-01 2.622798025e+02 -4.129047370e-02 9.975209658e-01 -5.698262506e-02 -4.350054770e+01 -1.115641678e-01 5.207165413e-02 9.923920492e-01 4.243402275e+02
9.927074405e-01 4.500131935e-02 1.118338892e-01 2.623849512e+02 -3.921555478e-02 9.978024346e-01 -5.340825612e-02 -4.363947863e+01 -1.139915689e-01 4.863314523e-02 9.922906527e-01 4.255882896e+02
9.924214133e-01 4.172454530e-02 1.155802786e-01 2.624373950e+02 -3.584129476e-02 9.979764022e-01 -5.252144462e-02 -4.366497349e+01 -1.175378241e-01 4.798085946e-02 9.919086133e-01 4.268440351e+02
9.925148712e-01 3.916737591e-02 1.156725858e-01 2.625783126e+02 -3.329917322e-02 9.980794585e-01 -5.223561554e-02 -4.374998722e+01 -1.174963638e-01 4.799282375e-02 9.919129465e-01 4.280902019e+02
9.922695796e-01 3.830296936e-02 1.180422122e-01 2.626939279e+02 -3.224206243e-02 9.980826400e-01 -5.283458290e-02 -4.382988976e+01 -1.198396042e-01 4.862022499e-02 9.916020084e-01 4.293369066e+02
9.919042893e-01 4.084424939e-02 1.202398775e-01 2.628220737e+02 -3.464515597e-02 9.979825215e-01 -5.320338245e-02 -4.391087746e+01 -1.221703483e-01 4.860693395e-02 9.913181991e-01 4.305875722e+02
9.913722862e-01 4.150604419e-02 1.243311644e-01 2.628923572e+02 -3.532406957e-02 9.980469859e-01 -5.152110270e-02 -4.398925240e+01 -1.262267811e-01 4.668471067e-02 9.909022846e-01 4.318423569e+02
9.907589695e-01 4.190177588e-02 1.289996338e-01 2.629360970e+02 -3.548239211e-02 9.980338799e-01 -5.166598943e-02 -4.404333462e+01 -1.309109018e-01 4.661132686e-02 9.902977936e-01 4.330974899e+02
9.902076114e-01 4.615096852e-02 1.317534607e-01 2.630657523e+02 -3.984914052e-02 9.979502104e-01 -5.007417991e-02 -4.412577125e+01 -1.337943657e-01 4.433357191e-02 9.900169706e-01 4.343463207e+02
9.902553770e-01 4.493774560e-02 1.318138363e-01 2.632065458e+02 -3.873675648e-02 9.980356344e-01 -4.923754765e-02 -4.420845781e+01 -1.337675301e-01 4.365170583e-02 9.900508959e-01 4.355869112e+02
9.902021171e-01 4.624310251e-02 1.317624486e-01 2.633400532e+02 -3.974277904e-02 9.978795766e-01 -5.154475863e-02 -4.428211701e+01 -1.338666459e-01 4.580312324e-02 9.899402987e-01 4.368315160e+02
9.904121097e-01 4.687420669e-02 1.299486890e-01 2.634922994e+02 -4.015767711e-02 9.977420567e-01 -5.383446138e-02 -4.435622456e+01 -1.321787199e-01 4.809986498e-02 9.900581745e-01 4.380701728e+02
9.905310566e-01 4.465524700e-02 1.298234759e-01 2.636114171e+02 -3.742894221e-02 9.976389994e-01 -5.758038911e-02 -4.440466116e+01 -1.320882291e-01 5.217600829e-02 9.898638108e-01 4.393171714e+02
9.903827387e-01 4.865354970e-02 1.295178093e-01 2.637823198e+02 -4.150907147e-02 9.974935514e-01 -5.730280827e-02 -4.450051293e+01 -1.319811646e-01 5.137554819e-02 9.899199590e-01 4.405505755e+02
9.906944674e-01 4.920686321e-02 1.268982147e-01 2.639524111e+02 -4.185737406e-02 9.973235175e-01 -5.994799078e-02 -4.459136502e+01 -1.295084265e-01 5.407851675e-02 9.901025611e-01 4.417833400e+02
9.908464845e-01 5.047246902e-02 1.252029310e-01 2.641673508e+02 -4.327158014e-02 9.972850427e-01 -5.958283327e-02 -4.470168253e+01 -1.278703031e-01 5.361971222e-02 9.903404021e-01 4.430075488e+02
9.906991080e-01 5.250949877e-02 1.255309920e-01 2.643146784e+02 -4.555187642e-02 9.972959724e-01 -5.766949003e-02 -4.483182388e+01 -1.282197488e-01 5.141494009e-02 9.904121364e-01 4.442405765e+02
9.904572268e-01 5.224831677e-02 1.275327223e-01 2.644179880e+02 -4.536553609e-02 9.973832103e-01 -5.629120675e-02 -4.490830135e+01 -1.301401168e-01 4.996844222e-02 9.902356814e-01 4.454834346e+02
9.905986739e-01 5.139788429e-02 1.267774613e-01 2.646001835e+02 -4.475862329e-02 9.975005202e-01 -5.467520305e-02 -4.501457651e+01 -1.292707733e-01 4.848679901e-02 9.904231911e-01 4.467146592e+02
9.905656588e-01 5.128852670e-02 1.270793555e-01 2.647593051e+02 -4.461558040e-02 9.974993615e-01 -5.481307968e-02 -4.509679203e+01 -1.295728581e-01 4.862623518e-02 9.903768796e-01 4.479424719e+02
9.908423072e-01 4.821873142e-02 1.261208793e-01 2.649202823e+02 -4.165695797e-02 9.976630246e-01 -5.415890781e-02 -4.516981734e+01 -1.284376118e-01 4.840912500e-02 9.905353787e-01 4.491735705e+02
9.909164524e-01 4.837103376e-02 1.254783947e-01 2.651058018e+02 -4.204089801e-02 9.977294748e-01 -5.261613855e-02 -4.529374518e+01 -1.277385898e-01 4.686297296e-02 9.907001133e-01 4.503947261e+02
9.907314848e-01 4.981375482e-02 1.263713373e-01 2.652901307e+02 -4.348498382e-02 9.976812606e-01 -5.235607418e-02 -4.540417252e+01 -1.286863677e-01 4.637555556e-02 9.906003869e-01 4.516177206e+02
9.908950248e-01 4.847214350e-02 1.256085236e-01 2.654689998e+02 -4.226428588e-02 9.977717607e-01 -5.162599781e-02 -4.548754226e+01 -1.278310605e-01 4.584718983e-02 9.907357141e-01 4.528424022e+02
9.906631035e-01 4.948207842e-02 1.270359766e-01 2.656172420e+02 -4.322788220e-02 9.977356033e-01 -5.152684782e-02 -4.555972839e+01 -1.292979723e-01 4.555425074e-02 9.905588547e-01 4.540718124e+02
9.904976062e-01 4.822981232e-02 1.287958748e-01 2.657777841e+02 -4.234216039e-02 9.979461994e-01 -4.806791679e-02 -4.564751264e+01 -1.308496604e-01 4.215766092e-02 9.905054760e-01 4.553028107e+02
9.904937165e-01 4.557346746e-02 1.297892780e-01 2.659554417e+02 -3.923556413e-02 9.979287247e-01 -5.097872976e-02 -4.571626507e+01 -1.318437262e-01 4.540175596e-02 9.902302320e-01 4.565314372e+02
9.904970403e-01 4.654045618e-02 1.294202423e-01 2.661178872e+02 -3.946240210e-02 9.976094451e-01 -5.672842244e-02 -4.577506866e+01 -1.317510228e-01 5.108210088e-02 9.899658009e-01 4.577527155e+02
9.906113920e-01 4.283025679e-02 1.298254178e-01 2.662841528e+02 -3.582603331e-02 9.977981372e-01 -5.581552394e-02 -4.585622448e+01 -1.319301533e-01 5.064036413e-02 9.899646399e-01 4.589759172e+02
9.903050407e-01 4.109375279e-02 1.326922377e-01 2.664175375e+02 -3.451634952e-02 9.980765893e-01 -5.149508240e-02 -4.591687589e+01 -1.345531422e-01 4.641578802e-02 9.898186837e-01 4.602132506e+02
9.900383824e-01 4.290498092e-02 1.341013197e-01 2.665752598e+02 -3.683575170e-02 9.981957224e-01 -4.741758255e-02 -4.602646222e+01 -1.358938142e-01 4.200550381e-02 9.898325156e-01 4.614403408e+02
9.895222625e-01 4.783564427e-02 1.362257068e-01 2.667251806e+02 -4.166119489e-02 9.979866496e-01 -4.782250487e-02 -4.608988975e+01 -1.382390571e-01 4.164610749e-02 9.895228976e-01 4.626649844e+02
9.890968918e-01 4.958919088e-02 1.386659687e-01 2.668604182e+02 -4.278934392e-02 9.977508435e-01 -5.159773537e-02 -4.615957843e+01 -1.409127772e-01 4.510173385e-02 9.889941470e-01 4.638839348e+02
9.893031429e-01 4.870324435e-02 1.375037653e-01 2.670464108e+02 -4.148098848e-02 9.976292291e-01 -5.491128065e-02 -4.622320088e+01 -1.398521329e-01 4.862011042e-02 9.889779905e-01 4.650960547e+02
9.895034655e-01 4.475075095e-02 1.374054657e-01 2.672307381e+02 -3.746466796e-02 9.977742321e-01 -5.516321597e-02 -4.626725974e+01 -1.395682284e-01 4.943634323e-02 9.889776325e-01 4.663111751e+02
9.895301105e-01 4.417665704e-02 1.373993575e-01 2.674184907e+02 -3.711239862e-02 9.978748071e-01 -5.355874544e-02 -4.637920764e+01 -1.394734037e-01 4.789877157e-02 9.890666698e-01 4.675211382e+02
9.893346285e-01 4.220569568e-02 1.394118795e-01 2.675692322e+02 -3.493177002e-02 9.979179312e-01 -5.421783877e-02 -4.645047704e+01 -1.414099160e-01 4.876968166e-02 9.887490854e-01 4.687380911e+02
9.896187597e-01 3.908076663e-02 1.383018590e-01 2.677523414e+02 -3.201038992e-02 9.980821958e-01 -5.298363349e-02 -4.652674085e+01 -1.401072641e-01 4.800650122e-02 9.889718552e-01 4.699478136e+02
9.892857542e-01 3.947937512e-02 1.405527498e-01 2.678586002e+02 -3.239248297e-02 9.981028856e-01 -5.235796738e-02 -4.660084680e+01 -1.423531650e-01 4.724413869e-02 9.886878010e-01 4.711626955e+02
9.891430940e-01 3.897040287e-02 1.416942032e-01 2.680071202e+02 -3.177465306e-02 9.981048987e-01 -5.269708427e-02 -4.666264010e+01 -1.434793049e-01 4.762267283e-02 9.885068387e-01 4.723754763e+02
9.893088834e-01 3.904566543e-02 1.405111003e-01 2.681823728e+02 -3.186228859e-02 9.980852458e-01 -5.301543730e-02 -4.671844601e+01 -1.423120791e-01 4.797163785e-02 9.886586843e-01 4.735791353e+02
9.899905912e-01 3.581236182e-02 1.365141165e-01 2.684204496e+02 -2.898264166e-02 9.982423566e-01 -5.169336394e-02 -4.679096609e+01 -1.381254348e-01 4.721940421e-02 9.892884777e-01 4.747691544e+02
9.897889782e-01 4.010724099e-02 1.367815335e-01 2.685699395e+02 -3.328858041e-02 9.981035670e-01 -5.177972588e-02 -4.686618692e+01 -1.385988784e-01 4.669773889e-02 9.892470228e-01 4.759672925e+02
9.895021765e-01 4.321410314e-02 1.379057068e-01 2.687054148e+02 -3.603070569e-02 9.978815568e-01 -5.416813410e-02 -4.694427234e+01 -1.399543888e-01 4.863064665e-02 9.889630070e-01 4.771634864e+02
9.893970180e-01 4.578395388e-02 1.378309482e-01 2.688640305e+02 -3.859576945e-02 9.977740137e-01 -5.438183747e-02 -4.701328989e+01 -1.400139540e-01 4.848553633e-02 9.889617007e-01 4.783602966e+02
9.894735030e-01 4.382371230e-02 1.379190675e-01 2.690249791e+02 -3.691993952e-02 9.979526886e-01 -5.222403078e-02 -4.708890002e+01 -1.399253551e-01 4.658233104e-02 9.890657114e-01 4.795556722e+02
9.894789589e-01 3.894359069e-02 1.393369534e-01 2.691342911e+02 -3.195001784e-02 9.981315815e-01 -5.208207298e-02 -4.715605603e+01 -1.411048766e-01 4.708229721e-02 9.888744466e-01 4.807557688e+02
9.898365037e-01 3.873641210e-02 1.368326948e-01 2.693046398e+02 -3.163829083e-02 9.980571493e-01 -5.367443698e-02 -4.724984483e+01 -1.386460045e-01 4.879976444e-02 9.891389530e-01 4.819396191e+02
9.904468105e-01 3.696322800e-02 1.328489195e-01 2.694938611e+02 -2.968102813e-02 9.979678419e-01 -5.638460036e-02 -4.733235589e+01 -1.346631063e-01 5.190285507e-02 9.895311725e-01 4.831235966e+02
9.906210784e-01 3.824814631e-02 1.311752963e-01 2.696586123e+02 -3.108732570e-02 9.979348596e-01 -5.621026688e-02 -4.740406114e+01 -1.330543394e-01 5.160518603e-02 9.897643394e-01 4.843057836e+02
9.908972412e-01 3.955415296e-02 1.286783833e-01 2.698264968e+02 -3.262133193e-02 9.979230693e-01 -5.554634529e-02 -4.746211954e+01 -1.306082159e-01 5.084306005e-02 9.901295255e-01 4.854907119e+02
9.908413037e-01 4.144959732e-02 1.285124190e-01 2.699459821e+02 -3.492953039e-02 9.980055955e-01 -5.258097756e-02 -4.753318554e+01 -1.304355736e-01 4.761052591e-02 9.903129803e-01 4.866754336e+02
9.911238044e-01 4.403102289e-02 1.254387236e-01 2.701010456e+02 -3.759472056e-02 9.978746341e-01 -5.322454022e-02 -4.759128459e+01 -1.275156514e-01 4.803627503e-02 9.906726376e-01 4.878511867e+02
9.913916051e-01 4.632183165e-02 1.224621298e-01 2.702472249e+02 -4.013730904e-02 9.978141868e-01 -5.249614357e-02 -4.770457670e+01 -1.246261679e-01 4.712893568e-02 9.910838419e-01 4.890221512e+02
9.915718363e-01 5.068593344e-02 1.192318316e-01 2.704062407e+02 -4.461495838e-02 9.975947811e-01 -5.304863967e-02 -4.777265515e+01 -1.216338727e-01 4.728201385e-02 9.914482398e-01 4.901939875e+02
9.914968170e-01 4.992192429e-02 1.201743040e-01 2.704718907e+02 -4.381759852e-02 9.976372463e-01 -5.291448675e-02 -4.786956474e+01 -1.225319547e-01 4.719879578e-02 9.913416130e-01 4.913680007e+02
9.912415358e-01 5.369554553e-02 1.206524185e-01 2.705790522e+02 -4.703164457e-02 9.972417475e-01 -5.741882465e-02 -4.790053793e+01 -1.234027637e-01 5.124144226e-02 9.910328312e-01 4.925363978e+02
9.913725998e-01 5.235046198e-02 1.201657085e-01 2.706873381e+02 -4.525920785e-02 9.971109401e-01 -6.100309235e-02 -4.797707943e+01 -1.230120826e-01 5.503818948e-02 9.908778054e-01 4.936970914e+02
9.921224157e-01 4.934254680e-02 1.151452359e-01 2.708619544e+02 -4.228222070e-02 9.971190410e-01 -6.297485049e-02 -4.806472467e+01 -1.179208467e-01 5.761016453e-02 9.913504642e-01 4.948504299e+02
9.927714693e-01 4.648501078e-02 1.106523991e-01 2.710224552e+02 -3.986162468e-02 9.973208772e-01 -6.133611272e-02 -4.814537469e+01 -1.132071576e-01 5.648195834e-02 9.919646807e-01 4.960034891e+02
9.927310761e-01 4.688845572e-02 1.108444101e-01 2.711088179e+02 -4.047193372e-02 9.974107213e-01 -5.944640889e-02 -4.821380275e+01 -1.133447534e-01 5.452820985e-02 9.920582852e-01 4.971645658e+02
9.927211985e-01 4.708904646e-02 1.108478407e-01 2.712108770e+02 -4.067038075e-02 9.974011362e-01 -5.947178838e-02 -4.830322975e+01 -1.133602320e-01 5.453068115e-02 9.920563808e-01 4.983172545e+02
9.929587837e-01 4.668947985e-02 1.088712376e-01 2.713601353e+02 -4.041868860e-02 9.974327934e-01 -5.911135561e-02 -4.836794255e+01 -1.113516211e-01 5.429470711e-02 9.922967808e-01 4.994622128e+02
9.923181647e-01 4.860473582e-02 1.137639645e-01 2.713716190e+02 -4.207245683e-02 9.973630692e-01 -5.913388636e-02 -4.845388185e+01 -1.163381637e-01 5.389330011e-02 9.917464111e-01 5.006146405e+02
9.919210579e-01 4.962311466e-02 1.167482821e-01 2.714667317e+02 -4.313778598e-02 9.974167366e-01 -5.743679181e-02 -4.856331427e+01 -1.192968830e-01 5.193650088e-02 9.914992958e-01 5.017572756e+02
9.919203639e-01 4.988579139e-02 1.166421854e-01 2.716216280e+02 -4.350207775e-02 9.974459107e-01 -5.665001744e-02 -4.866545122e+01 -1.191703018e-01 5.111812849e-02 9.915570463e-01 5.028903404e+02
9.914707156e-01 4.904962325e-02 1.207474823e-01 2.717149447e+02 -4.222497248e-02 9.973972069e-01 -5.844538871e-02 -4.874059852e+01 -1.232999259e-01 5.284833225e-02 9.909612414e-01 5.040288148e+02
9.910845436e-01 5.012523051e-02 1.234458941e-01 2.718532996e+02 -4.292522429e-02 9.972562271e-01 -6.031121558e-02 -4.882675758e+01 -1.261303002e-01 5.447457087e-02 9.905168694e-01 5.051593686e+02
9.908803871e-01 5.068207721e-02 1.248494511e-01 2.719994296e+02 -4.341379532e-02 9.972377976e-01 -6.026622196e-02 -4.891466091e+01 -1.275590090e-01 5.429642883e-02 9.903436762e-01 5.062886587e+02
9.911545084e-01 4.659152402e-02 1.242657246e-01 2.721891912e+02 -3.965273873e-02 9.975438623e-01 -5.773996073e-02 -4.901451530e+01 -1.266507036e-01 5.230174608e-02 9.905675780e-01 5.074086482e+02
9.906377318e-01 4.689740118e-02 1.282088846e-01 2.723168931e+02 -4.015314590e-02 9.976955541e-01 -5.469283433e-02 -4.909874670e+01 -1.304783860e-01 4.903279530e-02 9.902379390e-01 5.085374558e+02
9.903851226e-01 4.463614184e-02 1.309386260e-01 2.724515053e+02 -3.782809532e-02 9.978225463e-01 -5.402963290e-02 -4.917904842e+01 -1.330651875e-01 4.855698578e-02 9.899171051e-01 5.096602578e+02
9.897399863e-01 4.234461137e-02 1.364613255e-01 2.725739390e+02 -3.492035592e-02 9.978002875e-01 -5.634851330e-02 -4.925615151e+01 -1.385472057e-01 5.100509873e-02 9.890415318e-01 5.107765632e+02
9.897077421e-01 4.146283176e-02 1.369650278e-01 2.727483933e+02 -3.358749633e-02 9.976738841e-01 -5.931864057e-02 -4.932810205e+01 -1.391059500e-01 5.410780545e-02 9.887981999e-01 5.118831599e+02
9.899148166e-01 3.825753167e-02 1.364002094e-01 2.729729165e+02 -3.050805132e-02 9.978235025e-01 -5.845953057e-02 -4.939573429e+01 -1.383398520e-01 5.370865090e-02 9.889274322e-01 5.129799557e+02
9.898590815e-01 3.576697983e-02 1.374762598e-01 2.731371652e+02 -2.838409567e-02 9.980666050e-01 -5.529371596e-02 -4.948457062e+01 -1.391881531e-01 5.083084758e-02 9.889605063e-01 5.140833871e+02
9.895232674e-01 3.627485152e-02 1.397420423e-01 2.733068975e+02 -2.898219830e-02 9.981271007e-01 -5.387321312e-02 -4.960001845e+01 -1.414345623e-01 4.925876629e-02 9.887213149e-01 5.151759600e+02
9.893245424e-01 3.569112396e-02 1.412908114e-01 2.735015019e+02 -2.829060302e-02 9.981376538e-01 -5.404503499e-02 -4.966627099e+01 -1.429566070e-01 4.947087726e-02 9.884918011e-01 5.162707895e+02
9.887659412e-01 3.433386494e-02 1.454754246e-01 2.736561106e+02 -2.702771624e-02 9.982862052e-01 -5.190525117e-02 -4.971824200e+01 -1.470082175e-01 4.739027603e-02 9.879993652e-01 5.173727589e+02
9.879140405e-01 3.824044974e-02 1.502115728e-01 2.738156949e+02 -3.057302244e-02 9.981249698e-01 -5.302673733e-02 -4.979151742e+01 -1.519576879e-01 4.779343654e-02 9.872307980e-01 5.184640608e+02
9.871556157e-01 3.910359071e-02 1.549022258e-01 2.739862573e+02 -3.026318987e-02 9.977977106e-01 -5.902430012e-02 -4.989336202e+01 -1.568691483e-01 5.357833386e-02 9.861650128e-01 5.195407057e+02
9.865035383e-01 3.972212859e-02 1.588487375e-01 2.741481139e+02 -2.975777119e-02 9.974659437e-01 -6.462326407e-02 -4.996094836e+01 -1.610131794e-01 5.902409428e-02 9.851857248e-01 5.206185815e+02
9.856023622e-01 3.915034149e-02 1.644847544e-01 2.742863819e+02 -2.952684573e-02 9.977283058e-01 -6.055074842e-02 -5.006805255e+01 -1.664816778e-01 5.482224471e-02 9.845193611e-01 5.217071144e+02
9.846333288e-01 3.983127104e-02 1.700314018e-01 2.744178671e+02 -3.078810868e-02 9.979841387e-01 -5.549550663e-02 -5.013186834e+01 -1.718990987e-01 4.940778015e-02 9.838747741e-01 5.227958689e+02
9.839877673e-01 3.860563486e-02 1.740048242e-01 2.745644604e+02 -2.936898760e-02 9.980350263e-01 -5.534933478e-02 -5.020381803e+01 -1.757997055e-01 4.935272283e-02 9.831880656e-01 5.238725365e+02
9.833067406e-01 4.154078078e-02 1.771502677e-01 2.747632329e+02 -3.162187400e-02 9.977892159e-01 -5.845286806e-02 -5.029170396e+01 -1.791868045e-01 5.187527573e-02 9.824464590e-01 5.249323002e+02
9.822536264e-01 4.431365633e-02 1.822473956e-01 2.749657284e+02 -3.369052800e-02 9.975702767e-01 -6.097943435e-02 -5.037457304e+01 -1.845068066e-01 5.375725954e-02 9.813599724e-01 5.259842724e+02
9.806800103e-01 4.560738975e-02 1.902279772e-01 2.751248535e+02 -3.564073854e-02 9.978228745e-01 -5.549098006e-02 -5.045346400e+01 -1.923446258e-01 4.763902930e-02 9.801704279e-01 5.270561476e+02
9.793039243e-01 4.804525408e-02 1.966099626e-01 2.753545240e+02 -3.941273403e-02 9.980891529e-01 -4.758864567e-02 -5.054261358e+01 -1.985206796e-01 3.885481130e-02 9.793262191e-01 5.281084150e+02
9.779351264e-01 4.933778448e-02 2.029991912e-01 2.755782347e+02 -4.011379184e-02 9.979777959e-01 -4.930722756e-02 -5.059904447e+01 -2.050213948e-01 4.007620252e-02 9.779366675e-01 5.291517749e+02
9.769479709e-01 4.925338282e-02 2.077179974e-01 2.758035305e+02 -3.858071595e-02 9.977338244e-01 -5.512480375e-02 -5.066657892e+01 -2.099623550e-01 4.584015611e-02 9.766342660e-01 5.301850261e+02
9.756902917e-01 5.029512738e-02 2.133046059e-01 2.760625754e+02 -3.860758736e-02 9.975340462e-01 -5.861126948e-02 -5.073612522e+01 -2.157264679e-01 4.895127040e-02 9.752260580e-01 5.312089047e+02
9.740067565e-01 5.211873475e-02 2.204415474e-01 2.763028718e+02 -3.997277714e-02 9.974450536e-01 -5.920761907e-02 -5.081008990e+01 -2.229641573e-01 4.885696016e-02 9.736015520e-01 5.322374712e+02
9.723002636e-01 5.336011156e-02 2.275629494e-01 2.765338054e+02 -4.101391639e-02 9.974360175e-01 -5.864511550e-02 -5.088497766e+01 -2.301087919e-01 4.768741348e-02 9.719958099e-01 5.332665945e+02
9.711873687e-01 5.264195718e-02 2.324304609e-01 2.767939477e+02 -3.996312945e-02 9.974619980e-01 -5.892801315e-02 -5.093426496e+01 -2.349426379e-01 4.794149344e-02 9.708262306e-01 5.342870537e+02
9.694793672e-01 5.193367675e-02 2.396093690e-01 2.770386693e+02 -3.984265171e-02 9.976891548e-01 -5.503556623e-02 -5.102172362e+01 -2.419138681e-01 4.380917329e-02 9.693082259e-01 5.353057962e+02
9.682865473e-01 4.899280930e-02 2.449915653e-01 2.773226575e+02 -3.701194144e-02 9.978938292e-01 -5.327308752e-02 -5.109204952e+01 -2.470855694e-01 4.251600051e-02 9.680604894e-01 5.363061616e+02
9.666928938e-01 4.876753804e-02 2.512500275e-01 2.775201998e+02 -3.649985427e-02 9.979133784e-01 -5.326020869e-02 -5.115143742e+01 -2.533231330e-01 4.231567587e-02 9.664557796e-01 5.373281094e+02
9.652362741e-01 4.676762949e-02 2.571608914e-01 2.777676484e+02 -3.383632936e-02 9.979411501e-01 -5.448452683e-02 -5.121611400e+01 -2.591795479e-01 4.388906105e-02 9.648314424e-01 5.383334942e+02
9.658919219e-01 4.098932230e-02 2.556807983e-01 2.782051757e+02 -2.752005141e-02 9.980492641e-01 -5.603849684e-02 -5.123345329e+01 -2.574790126e-01 4.709078271e-02 9.651357502e-01 5.392734338e+02
9.644706720e-01 3.827888237e-02 2.614020851e-01 2.784537013e+02 -2.419143606e-02 9.980867658e-01 -5.689975774e-02 -5.129299212e+01 -2.630800208e-01 4.855445576e-02 9.635514348e-01 5.402737032e+02
9.634933403e-01 3.600157010e-02 2.653007165e-01 2.787410945e+02 -2.109445742e-02 9.980452973e-01 -5.882693686e-02 -5.135754070e+01 -2.668999945e-01 5.108298722e-02 9.623694308e-01 5.412616822e+02
9.624868073e-01 3.544612465e-02 2.690031934e-01 2.790100688e+02 -2.005107665e-02 9.980111264e-01 -5.976408620e-02 -5.146196721e+01 -2.705865853e-01 5.212834087e-02 9.612832756e-01 5.422503324e+02
9.619015625e-01 3.238061462e-02 2.714716927e-01 2.792815639e+02 -1.630292307e-02 9.979879446e-01 -6.127215580e-02 -5.153864199e+01 -2.729095067e-01 5.451200028e-02 9.604940619e-01 5.432427789e+02
9.614646543e-01 2.943686166e-02 2.733481109e-01 2.795673970e+02 -1.338461419e-02 9.980842000e-01 -6.040514789e-02 -5.160263655e+01 -2.746025685e-01 5.441875563e-02 9.600166813e-01 5.442368957e+02
9.619051579e-01 2.435773331e-02 2.722961035e-01 2.798757473e+02 -8.991378646e-03 9.983027914e-01 -5.753861131e-02 -5.166223872e+01 -2.732354703e-01 5.289836963e-02 9.604916138e-01 5.452239492e+02
9.617315321e-01 2.277607485e-02 2.730452536e-01 2.801402958e+02 -7.294998431e-03 9.983142626e-01 -5.757965078e-02 -5.170108182e+01 -2.738964094e-01 5.338430107e-02 9.602764567e-01 5.462279813e+02
9.623671408e-01 2.143840351e-02 2.709056685e-01 2.804774973e+02 -6.542262554e-03 9.984221855e-01 -5.577040621e-02 -5.177781064e+01 -2.716738581e-01 5.189927035e-02 9.609889597e-01 5.472087329e+02
9.627800783e-01 1.784914627e-02 2.696959932e-01 2.806801464e+02 -3.218860604e-03 9.985035288e-01 -5.459250801e-02 -5.184026243e+01 -2.702668306e-01 5.169246533e-02 9.613967596e-01 5.482280694e+02
9.629818257e-01 1.556527813e-02 2.691165650e-01 2.809782320e+02 -2.055509273e-03 9.987265165e-01 -5.040952395e-02 -5.191570489e+01 -2.695584878e-01 4.799028381e-02 9.617874788e-01 5.492292023e+02
9.631665750e-01 1.658912453e-02 2.683932745e-01 2.811673505e+02 -2.384084332e-03 9.985828524e-01 -5.316580671e-02 -5.199585044e+01 -2.688948958e-01 5.056765575e-02 9.618411757e-01 5.502459992e+02
9.646547186e-01 1.912506053e-02 2.628221944e-01 2.815215019e+02 -2.652809010e-03 9.980171295e-01 -6.288697696e-02 -5.204684725e+01 -2.635037692e-01 5.996700198e-02 9.627926684e-01 5.512180781e+02
9.652409243e-01 2.420981766e-02 2.602380504e-01 2.818010422e+02 -6.165355662e-03 9.975326910e-01 -6.993224448e-02 -5.210356836e+01 -2.612890096e-01 6.589700416e-02 9.630086388e-01 5.522143935e+02
9.668466387e-01 2.332856365e-02 2.542899041e-01 2.820770127e+02 -7.484216797e-03 9.979792360e-01 -6.309858165e-02 -5.218449270e+01 -2.552480435e-01 5.910349081e-02 9.650674659e-01 5.532170907e+02
9.675061221e-01 1.945654486e-02 2.520978909e-01 2.823059098e+02 -6.354075912e-03 9.985910187e-01 -5.268399335e-02 -5.227696213e+01 -2.527677381e-01 4.937023696e-02 9.662665524e-01 5.542375096e+02
9.683135981e-01 1.747055100e-02 2.491255820e-01 2.825724521e+02 -5.295820653e-03 9.987622321e-01 -4.945662851e-02 -5.233745354e+01 -2.496812569e-01 4.657020150e-02 9.672075715e-01 5.552408002e+02
9.700067223e-01 1.992535341e-02 2.422600649e-01 2.829320416e+02 -5.822410376e-03 9.982533186e-01 -5.879125380e-02 -5.238293363e+01 -2.430083502e-01 5.561737388e-02 9.684284431e-01 5.562047170e+02
9.723746579e-01 1.750004141e-02 2.327687120e-01 2.832866159e+02 -1.451757742e-03 9.976198522e-01 -6.893854484e-02 -5.245530835e+01 -2.334211154e-01 6.669617017e-02 9.700856683e-01 5.571631336e+02
9.720923533e-01 1.676712455e-02 2.339985473e-01 2.834034855e+02 -5.012083867e-04 9.975887947e-01 -6.939989549e-02 -5.256494555e+01 -2.345979655e-01 6.734582570e-02 9.697568429e-01 5.581838954e+02
9.730325928e-01 1.703124073e-02 2.300380623e-01 2.836701021e+02 -2.445576608e-03 9.979761500e-01 -6.354229452e-02 -5.265614830e+01 -2.306547039e-01 6.126614788e-02 9.711049720e-01 5.591918442e+02
9.736951588e-01 1.744244905e-02 2.271860441e-01 2.839635667e+02 -4.885920693e-03 9.984347388e-01 -5.571534901e-02 -5.276700865e+01 -2.278022507e-01 5.313975261e-02 9.722562940e-01 5.601860031e+02
9.739335956e-01 1.474178513e-02 2.263537742e-01 2.841981191e+02 -2.785062795e-03 9.985878717e-01 -5.305191691e-02 -5.282635451e+01 -2.268162136e-01 5.103863471e-02 9.725993332e-01 5.611938458e+02
9.734896404e-01 1.500975410e-02 2.282380937e-01 2.843747839e+02 -3.307313538e-03 9.986639451e-01 -5.156923890e-02 -5.290169469e+01 -2.287071967e-01 4.944726489e-02 9.722386467e-01 5.622066963e+02
9.736842502e-01 1.616093870e-02 2.273275280e-01 2.846153349e+02 -4.437636742e-03 9.986379036e-01 -5.198696807e-02 -5.297643528e+01 -2.278580442e-01 4.961009504e-02 9.724297148e-01 5.632030877e+02
9.737733066e-01 1.569736346e-02 2.269782812e-01 2.849433700e+02 -4.400651600e-03 9.987299594e-01 -5.019066164e-02 -5.306167875e+01 -2.274778706e-01 4.787547420e-02 9.726056536e-01 5.641752516e+02
9.731104884e-01 1.671215928e-02 2.297317588e-01 2.852114226e+02 -5.600394465e-03 9.987862325e-01 -4.893564595e-02 -5.312917813e+01 -2.302707382e-01 4.633320186e-02 9.720229532e-01 5.651637367e+02
9.719481673e-01 1.388331408e-02 2.347850372e-01 2.854374013e+02 -2.347939739e-03 9.987792813e-01 -4.933998723e-02 -5.316885768e+01 -2.351834333e-01 4.740464904e-02 9.707942892e-01 5.661643914e+02
9.704618439e-01 1.267123663e-02 2.409216663e-01 2.857101640e+02 -9.215216614e-04 9.988071628e-01 -4.882010192e-02 -5.324477040e+01 -2.412528970e-01 4.715603159e-02 9.693159177e-01 5.671457069e+02
9.675941468e-01 1.395347675e-02 2.521247065e-01 2.859314211e+02 -1.131728764e-03 9.987016661e-01 -5.092839385e-02 -5.330011976e+01 -2.525079926e-01 4.899267902e-02 9.663536780e-01 5.681391784e+02
9.633497416e-01 1.729302765e-02 2.676905425e-01 2.861320581e+02 -3.957939848e-03 9.987275698e-01 -5.027500420e-02 -5.339411433e+01 -2.682193320e-01 4.737290924e-02 9.621923910e-01 5.691308558e+02
9.604609228e-01 1.971388423e-02 2.777160033e-01 2.865277256e+02 -5.794477298e-03 9.986893420e-01 -5.085294651e-02 -5.342546738e+01 -2.783545217e-01 4.723304885e-02 9.593163187e-01 5.700703557e+02
9.563229885e-01 2.541387027e-02 2.912052145e-01 2.868216001e+02 -1.241223491e-02 9.988454232e-01 -4.640858661e-02 -5.356974693e+01 -2.920484175e-01 4.076709071e-02 9.555342831e-01 5.710305036e+02
9.519296060e-01 2.684887858e-02 3.051379409e-01 2.871371972e+02 -1.361099006e-02 9.988748622e-01 -4.542852140e-02 -5.363297671e+01 -3.060143236e-01 3.909152500e-02 9.512239938e-01 5.719952863e+02
9.475910125e-01 2.534678105e-02 3.184789064e-01 2.874725289e+02 -1.172883201e-02 9.989358591e-01 -4.460475222e-02 -5.369430260e+01 -3.192705868e-01 3.853167672e-02 9.468799302e-01 5.729512274e+02
9.433818408e-01 3.036197888e-02 3.303162920e-01 2.879096390e+02 -1.686049064e-02 9.989040033e-01 -4.366366995e-02 -5.383743034e+01 -3.312799819e-01 3.562221858e-02 9.428598152e-01 5.738446202e+02
9.367872527e-01 3.243637755e-02 3.483927734e-01 2.882031722e+02 -1.770313491e-02 9.988124373e-01 -4.539068375e-02 -5.388967380e+01 -3.494513445e-01 3.635376966e-02 9.362489847e-01 5.748158210e+02
9.315382996e-01 3.375435547e-02 3.620732522e-01 2.886294117e+02 -1.834234255e-02 9.987766995e-01 -4.592018067e-02 -5.397198595e+01 -3.631803339e-01 3.613513539e-02 9.310178823e-01 5.757325007e+02
9.258382911e-01 3.228204430e-02 3.765386148e-01 2.890816175e+02 -1.558714997e-02 9.987590392e-01 -4.730139900e-02 -5.400991859e+01 -3.775983310e-01 3.792428255e-02 9.251925471e-01 5.766267563e+02
9.183507869e-01 3.515835638e-02 3.942026411e-01 2.894531481e+02 -1.785600559e-02 9.987127848e-01 -4.747564140e-02 -5.409075819e+01 -3.953643830e-01 3.656040808e-02 9.177964596e-01 5.775686587e+02
9.124488071e-01 3.405945024e-02 4.077709262e-01 2.899377609e+02 -1.557706748e-02 9.986987348e-01 -4.856121893e-02 -5.418208431e+01 -4.088942765e-01 3.795775105e-02 9.117920156e-01 5.784419882e+02
9.047518833e-01 3.460167121e-02 4.245312167e-01 2.903992694e+02 -1.510018613e-02 9.986739896e-01 -4.921632702e-02 -5.426348823e+01 -4.256712511e-01 3.811806418e-02 9.040746646e-01 5.793441968e+02
8.972885993e-01 3.291380241e-02 4.402156871e-01 2.908781411e+02 -1.264974422e-02 9.987241516e-01 -4.888816720e-02 -5.433621043e+01 -4.412631341e-01 3.829817922e-02 8.965601463e-01 5.802446751e+02
8.876583872e-01 3.313110733e-02 4.593091740e-01 2.913204466e+02 -1.307484100e-02 9.988196917e-01 -4.677897012e-02 -5.439632403e+01 -4.603168867e-01 3.551835075e-02 8.870438606e-01 5.811570379e+02
8.780539658e-01 3.455201201e-02 4.773126770e-01 2.917641992e+02 -1.548777502e-02 9.989194090e-01 -4.381943776e-02 -5.446873850e+01 -4.783109470e-01 3.108331974e-02 8.776402824e-01 5.820871469e+02
8.685744655e-01 3.228669450e-02 4.945057807e-01 2.922603547e+02 -1.433427498e-02 9.990946813e-01 -4.005429318e-02 -5.454650350e+01 -4.953513161e-01 2.770175445e-02 8.682509352e-01 5.829910005e+02
8.570741578e-01 3.317505975e-02 5.141238212e-01 2.926946397e+02 -1.449552572e-02 9.990823417e-01 -4.030327915e-02 -5.462041113e+01 -5.149890948e-01 2.709040396e-02 8.567685465e-01 5.839183998e+02
8.462319433e-01 3.414567886e-02 5.317194475e-01 2.931793398e+02 -1.396876731e-02 9.990231723e-01 -4.192343803e-02 -5.469104138e+01 -5.326315535e-01 2.804948719e-02 8.458822935e-01 5.848335870e+02
8.379646470e-01 3.563737847e-02 5.445596640e-01 2.937600992e+02 -1.359399216e-02 9.989189617e-01 -4.445347290e-02 -5.474464372e+01 -5.455551794e-01 2.984769893e-02 8.375432294e-01 5.856843560e+02
8.297275287e-01 3.408966608e-02 5.571266667e-01 2.943658191e+02 -1.175402159e-02 9.989790198e-01 -4.362064746e-02 -5.480465761e+01 -5.580448647e-01 2.964477315e-02 8.292810841e-01 5.865310770e+02
8.221144332e-01 3.004186362e-02 5.685291067e-01 2.950080309e+02 -8.445262529e-03 9.991404471e-01 -4.058379521e-02 -5.488164663e+01 -5.692596388e-01 2.856314623e-02 8.216614938e-01 5.873522810e+02
8.121824044e-01 2.853749907e-02 5.827052026e-01 2.955903961e+02 -4.970910786e-03 9.991051684e-01 -4.200181572e-02 -5.489684211e+01 -5.833824063e-01 3.121656011e-02 8.115974953e-01 5.882080448e+02
8.030239663e-01 2.663952690e-02 5.953510269e-01 2.962489712e+02 -2.179095424e-03 9.991249790e-01 -4.176754517e-02 -5.495585497e+01 -5.959427499e-01 3.224301308e-02 8.023793535e-01 5.890096605e+02
7.922965519e-01 2.478901190e-02 6.096324128e-01 2.968820601e+02 -2.747440356e-05 9.991757639e-01 -4.059300573e-02 -5.501942203e+01 -6.101361922e-01 3.214494919e-02 7.916441935e-01 5.898334592e+02
7.819087196e-01 2.230134780e-02 6.229939037e-01 2.975162419e+02 2.617840773e-03 9.992336244e-01 -3.905522826e-02 -5.510418875e+01 -6.233874406e-01 3.216852237e-02 7.812511025e-01 5.906380730e+02
7.708604180e-01 1.712841760e-02 6.367737693e-01 2.981726561e+02 9.961984209e-03 9.991920192e-01 -3.893671296e-02 -5.513064818e+01 -6.369261926e-01 3.635830107e-02 7.700669446e-01 5.914426079e+02
7.566075441e-01 1.523566873e-02 6.536917458e-01 2.987998021e+02 1.286705426e-02 9.991879952e-01 -3.818100469e-02 -5.516811257e+01 -6.537426582e-01 3.729912336e-02 7.557971370e-01 5.922536225e+02
7.434855394e-01 1.361235837e-02 6.686134581e-01 2.994680069e+02 1.554151795e-02 9.991711012e-01 -3.762408406e-02 -5.522622472e+01 -6.685713978e-01 3.836423050e-02 7.426577084e-01 5.930416204e+02
7.295177359e-01 1.469255618e-02 6.838040668e-01 3.001551866e+02 1.624348156e-02 9.991150843e-01 -3.879687718e-02 -5.526389914e+01 -6.837689831e-01 3.941036875e-02 7.286335160e-01 5.938095784e+02
7.158554901e-01 1.755610829e-02 6.980277218e-01 3.008627546e+02 1.570204940e-02 9.990263083e-01 -4.122961227e-02 -5.533162286e+01 -6.980718895e-01 4.047491007e-02 7.148828007e-01 5.945305913e+02
7.008661764e-01 1.666548878e-02 7.130980748e-01 3.015780166e+02 2.118080379e-02 9.987999147e-01 -4.415998142e-02 -5.535573865e+01 -7.129782439e-01 4.605422773e-02 6.996720887e-01 5.952710083e+02
6.860602708e-01 1.938312591e-02 7.272864630e-01 3.023178911e+02 2.088063128e-02 9.987086775e-01 -4.631389323e-02 -5.539556648e+01 -7.272450096e-01 4.696032261e-02 6.847696139e-01 5.959854936e+02
6.678780768e-01 2.072600167e-02 7.439820612e-01 3.030187159e+02 2.171256836e-02 9.986441523e-01 -4.731195899e-02 -5.541568286e+01 -7.439539226e-01 4.775238154e-02 6.665225211e-01 5.967260758e+02
6.515916575e-01 1.876992739e-02 7.583376568e-01 3.037796555e+02 2.569700141e-02 9.985738859e-01 -4.679592363e-02 -5.546966165e+01 -7.581345369e-01 4.997883728e-02 6.501800826e-01 5.974242305e+02
6.361816670e-01 1.606694005e-02 7.713719855e-01 3.045572712e+02 3.121238012e-02 9.984287467e-01 -4.653842700e-02 -5.550672575e+01 -7.709076948e-01 5.368324969e-02 6.346805770e-01 5.980863305e+02
6.221150934e-01 1.127029370e-02 7.828446788e-01 3.053976966e+02 3.488290178e-02 9.985044372e-01 -4.209598514e-02 -5.560877952e+01 -7.821483195e-01 5.349644176e-02 6.207915407e-01 5.986933037e+02
6.063268130e-01 1.109411128e-02 7.951381745e-01 3.062138326e+02 3.516590653e-02 9.985504409e-01 -4.074771251e-02 -5.566578257e+01 -7.944376343e-01 5.266818538e-02 6.050577720e-01 5.993366620e+02
5.925503626e-01 9.990439541e-03 8.054714513e-01 3.070321699e+02 3.814437861e-02 9.984534001e-01 -4.044519970e-02 -5.568903687e+01 -8.046297746e-01 5.469002575e-02 5.912528451e-01 5.999754347e+02
5.808397575e-01 8.487408084e-03 8.139736728e-01 3.078963269e+02 4.127847503e-02 9.983520503e-01 -3.986566369e-02 -5.573455329e+01 -8.129706413e-01 5.675515436e-02 5.795322156e-01 6.005702509e+02
5.686474103e-01 9.028535836e-03 8.225318281e-01 3.087718829e+02 3.941087846e-02 9.984923979e-01 -3.820620345e-02 -5.577466332e+01 -8.216367235e-01 5.414256056e-02 5.674342937e-01 6.011614204e+02
5.560656526e-01 9.650110884e-03 8.310823457e-01 3.096612840e+02 3.878291286e-02 9.985421162e-01 -3.754367790e-02 -5.579929765e+01 -8.302330249e-01 5.310854395e-02 5.548807141e-01 6.017330544e+02
5.444483116e-01 8.336668492e-03 8.387529648e-01 3.105681043e+02 4.216261387e-02 9.984145518e-01 -3.729204711e-02 -5.581299710e+01 -8.377340568e-01 5.566760947e-02 5.432336213e-01 6.023004927e+02
5.330099476e-01 1.095413492e-02 8.460380622e-01 3.114849781e+02 4.230944040e-02 9.983202145e-01 -3.958106430e-02 -5.585539487e+01 -8.450504760e-01 5.689249798e-02 5.316511419e-01 6.028653877e+02
5.217377298e-01 1.544504868e-02 8.529661141e-01 3.124165069e+02 4.197800393e-02 9.981601550e-01 -4.375102369e-02 -5.594226080e+01 -8.520725254e-01 5.863237467e-02 5.201294609e-01 6.033983928e+02
5.115181200e-01 1.468055101e-02 8.591470737e-01 3.132894153e+02 5.195440482e-02 9.974963330e-01 -4.797713515e-02 -5.595253293e+01 -8.577003863e-01 6.917764884e-02 5.094747297e-01 6.040478324e+02
5.008439172e-01 1.044647858e-02 8.654745760e-01 3.141498731e+02 6.086068896e-02 9.970270994e-01 -4.725399132e-02 -5.596009501e+01 -8.633952439e-01 7.634025308e-02 4.987191781e-01 6.047395133e+02
4.935526282e-01 6.303250532e-03 8.696930908e-01 3.150924407e+02 6.005824783e-02 9.973396417e-01 -4.131157079e-02 -5.604889289e+01 -8.676397928e-01 7.262167752e-02 4.918610392e-01 6.053297313e+02
4.862510960e-01 5.295692391e-03 8.738030826e-01 3.160498203e+02 6.001878114e-02 9.974176274e-01 -3.944391561e-02 -5.613140035e+01 -8.717554803e-01 7.162424318e-02 4.846775735e-01 6.059034883e+02
4.789412745e-01 5.403982182e-03 8.778303097e-01 3.170123514e+02 6.205840263e-02 9.972707280e-01 -3.999812185e-02 -5.618996619e+01 -8.756506211e-01 7.363349826e-02 4.772987510e-01 6.064753402e+02
4.724047130e-01 4.640072456e-03 8.813695348e-01 3.180098419e+02 6.329238226e-02 9.972258860e-01 -3.917405660e-02 -5.625247385e+01 -8.791062857e-01 7.428998647e-02 4.708005272e-01 6.070142246e+02
4.661209276e-01 2.694477516e-03 8.847169155e-01 3.190210444e+02 6.308125799e-02 9.973490191e-01 -3.627242616e-02 -5.633767947e+01 -8.824692832e-01 7.271639293e-02 4.647152789e-01 6.075515167e+02
4.629317007e-01 4.765217719e-04 8.863938252e-01 3.200680938e+02 6.662441209e-02 9.971523782e-01 -3.533160580e-02 -5.634535820e+01 -8.838865471e-01 7.541158785e-02 4.615816983e-01 6.080404553e+02
4.594808716e-01 -9.980664374e-04 8.881871044e-01 3.211231725e+02 6.720922973e-02 9.971713503e-01 -3.364844192e-02 -5.639191234e+01 -8.856411508e-01 7.515518656e-02 4.582482404e-01 6.085399233e+02
4.570993633e-01 -3.052184013e-03 8.894103981e-01 3.221567032e+02 6.882111840e-02 9.971173411e-01 -3.194779807e-02 -5.642050713e+01 -8.867490207e-01 7.581353647e-02 4.559917565e-01 6.090821144e+02
4.527494454e-01 -3.701878051e-03 8.916301003e-01 3.231883127e+02 6.773043211e-02 9.972449194e-01 -3.025159927e-02 -5.648019333e+01 -8.890615998e-01 7.408688677e-02 4.517528139e-01 6.096478318e+02
4.503067652e-01 -3.427834482e-03 8.928673290e-01 3.242411683e+02 6.880377309e-02 9.971524213e-01 -3.087214656e-02 -5.650255282e+01 -8.902189944e-01 7.533457755e-02 4.492603292e-01 6.101700872e+02
4.483572525e-01 -9.925065911e-04 8.938538969e-01 3.252864748e+02 6.776643210e-02 9.971591269e-01 -3.288443940e-02 -5.656753302e+01 -8.912819334e-01 7.531726631e-02 4.471507851e-01 6.106996360e+02
4.445565404e-01 1.425637061e-03 8.957496581e-01 3.263191234e+02 6.589282729e-02 9.972373675e-01 -3.428947542e-02 -5.666895911e+01 -8.933239153e-01 7.426708807e-02 4.432344548e-01 6.112533054e+02
4.423521947e-01 1.153825597e-03 8.968406796e-01 3.273773424e+02 6.685402780e-02 9.971744868e-01 -3.425758005e-02 -5.672113118e+01 -8.943461717e-01 7.511132744e-02 4.410251849e-01 6.117736177e+02
4.389176350e-01 2.148008893e-03 8.985247330e-01 3.284505497e+02 6.444989287e-02 9.973460909e-01 -3.386718441e-02 -5.672901869e+01 -8.962128770e-01 7.277472727e-02 4.376143486e-01 6.122809141e+02
4.369232786e-01 7.639868463e-04 8.994984519e-01 3.295091021e+02 6.700550605e-02 9.971936040e-01 -3.339428558e-02 -5.679112016e+01 -8.969996158e-01 7.486208970e-02 4.356459075e-01 6.128108034e+02
4.337104815e-01 2.357178289e-03 9.010492006e-01 3.305617406e+02 6.629238253e-02 9.972030072e-01 -3.451785586e-02 -5.684659661e+01 -8.986103373e-01 7.470345418e-02 4.323411335e-01 6.133475497e+02
4.330159641e-01 3.543620390e-03 9.013792862e-01 3.316339876e+02 6.736058179e-02 9.970688852e-01 -3.627933479e-02 -5.688971636e+01 -8.988658003e-01 7.642696427e-02 4.315080442e-01 6.138442095e+02
4.340057233e-01 4.612169922e-03 9.008983073e-01 3.327265735e+02 6.931858802e-02 9.968514822e-01 -3.849747754e-02 -5.690834056e+01 -8.982393698e-01 7.915712419e-02 4.323195394e-01 6.142961951e+02
4.327316215e-01 1.629533412e-03 9.015213189e-01 3.337941207e+02 7.183973531e-02 9.967559689e-01 -3.628485718e-02 -5.699912974e+01 -8.986558831e-01 8.046665801e-02 4.312107614e-01 6.148060842e+02
4.335927500e-01 -1.706761124e-03 9.011073267e-01 3.348787660e+02 7.483516874e-02 9.966119758e-01 -3.412136060e-02 -5.706476911e+01 -8.979961162e-01 8.222929342e-02 4.322514530e-01 6.152816615e+02
4.344888704e-01 -3.060732343e-03 9.006720010e-01 3.359683780e+02 7.453647062e-02 9.966862720e-01 -3.256976677e-02 -5.711448261e+01 -8.975877317e-01 8.128411332e-02 4.332772286e-01 6.157517128e+02
4.340684832e-01 -1.008914545e-03 9.008793115e-01 3.370232811e+02 7.316234457e-02 9.967356962e-01 -3.413536797e-02 -5.715951465e+01 -8.979041281e-01 8.072753000e-02 4.327253663e-01 6.162872990e+02
4.342950367e-01 -2.009278016e-03 9.007684408e-01 3.380737856e+02 7.295692112e-02 9.967905810e-01 -3.295186420e-02 -5.723745907e+01 -8.978112880e-01 8.002812315e-02 4.330477927e-01 6.168234355e+02
4.400998662e-01 -6.456248145e-05 8.979488313e-01 3.391609621e+02 7.130295933e-02 9.968448298e-01 -3.487510980e-02 -5.730168297e+01 -8.951133983e-01 7.937494015e-02 4.387158797e-01 6.172691867e+02
4.459110760e-01 1.000713036e-03 8.950767067e-01 3.402065468e+02 7.239028148e-02 9.966832270e-01 -3.717784404e-02 -5.736042824e+01 -8.921451448e-01 8.137286719e-02 4.443596483e-01 6.178056787e+02
4.535066625e-01 -1.199740016e-03 8.912520787e-01 3.412750008e+02 7.808289686e-02 9.962074101e-01 -3.839084909e-02 -5.738491963e+01 -8.878258660e-01 8.700204998e-02 4.518803769e-01 6.183069624e+02
4.609010952e-01 -3.651295571e-03 8.874439974e-01 3.423313319e+02 7.890094833e-02 9.962000674e-01 -3.687907373e-02 -5.744403929e+01 -8.839371136e-01 8.701777846e-02 4.594377928e-01 6.188241400e+02
4.685351262e-01 -5.555542955e-03 8.834274002e-01 3.433687070e+02 8.052600039e-02 9.960860464e-01 -3.644381070e-02 -5.750929128e+01 -8.797672412e-01 8.821408062e-02 4.671486671e-01 6.193573568e+02
4.749212823e-01 -4.177311699e-03 8.800183667e-01 3.443786733e+02 7.779634845e-02 9.962729378e-01 -3.725535763e-02 -5.758101538e+01 -8.765828562e-01 8.615557771e-02 4.734762007e-01 6.199273968e+02
4.801315810e-01 -5.732229325e-03 8.771777508e-01 3.453965671e+02 7.911555482e-02 9.961861662e-01 -3.679471901e-02 -5.764542689e+01 -8.736214248e-01 8.706471104e-02 4.787539474e-01 6.204915564e+02
4.875376652e-01 -2.917685952e-03 8.730970806e-01 3.464253790e+02 7.544789163e-02 9.963945725e-01 -3.880040747e-02 -5.769109675e+01 -8.698359849e-01 8.478999398e-02 4.860000168e-01 6.210309832e+02
4.922667052e-01 -6.103245916e-04 8.704442075e-01 3.474131168e+02 7.532333267e-02 9.962784919e-01 -4.189942931e-02 -5.773021868e+01 -8.671792701e-01 8.619045263e-02 4.904807024e-01 6.216417669e+02
4.987202069e-01 4.918594252e-04 8.667628933e-01 3.484124244e+02 7.514969198e-02 9.962096336e-01 -4.380513440e-02 -5.778852980e+01 -8.634990903e-01 8.698347014e-02 4.967929115e-01 6.222205213e+02
5.058183320e-01 3.658622686e-03 8.626322678e-01 3.494392289e+02 7.143220913e-02 9.963790380e-01 -4.611130062e-02 -5.783704460e+01 -8.596774131e-01 8.494366972e-02 5.037254396e-01 6.227477061e+02
5.132841478e-01 4.578653165e-03 8.582065134e-01 3.505032026e+02 6.995427520e-02 9.964350470e-01 -4.715502665e-02 -5.785556999e+01 -8.553629540e-01 8.423914228e-02 5.111340175e-01 6.231751606e+02
5.165712885e-01 4.876504021e-03 8.562302982e-01 3.514714648e+02 6.750308813e-02 9.966394756e-01 -4.640138723e-02 -5.792970432e+01 -8.535791920e-01 8.176781367e-02 5.145061590e-01 6.237701728e+02
5.202387530e-01 2.547847064e-03 8.540170656e-01 3.524027286e+02 7.246894979e-02 9.962570740e-01 -4.711787194e-02 -5.794835983e+01 -8.509405920e-01 8.640226279e-02 5.181068981e-01 6.243948538e+02
5.243857727e-01 4.709442935e-03 8.514677813e-01 3.533767680e+02 6.653344588e-02 9.967006369e-01 -4.648807397e-02 -5.803160770e+01 -8.488774128e-01 8.102877013e-02 5.223422981e-01 6.248916220e+02
5.283221906e-01 1.445218981e-03 8.490427399e-01 3.542975660e+02 6.643403537e-02 9.968622955e-01 -4.303583046e-02 -5.813613052e+01 -8.464408909e-01 7.914211964e-02 5.265684600e-01 6.254470197e+02
5.324906973e-01 2.043641975e-04 8.464358307e-01 3.551974987e+02 6.763731216e-02 9.967919106e-01 -4.279113287e-02 -5.820801241e+01 -8.437291338e-01 8.003652469e-02 5.307685969e-01 6.259973274e+02
5.367766710e-01 4.648848106e-03 8.437115584e-01 3.560981965e+02 7.048953733e-02 9.962417266e-01 -5.033534889e-02 -5.820824895e+01 -8.407746610e-01 8.649167840e-02 5.344316223e-01 6.265345404e+02
5.406284110e-01 1.021999873e-02 8.411994252e-01 3.569424308e+02 6.969100645e-02 9.959451478e-01 -5.688959691e-02 -5.823939106e+01 -8.383698974e-01 8.938016694e-02 5.377240007e-01 6.271120898e+02
5.413721679e-01 1.350439706e-02 8.406746142e-01 3.577723177e+02 6.906616493e-02 9.957775433e-01 -6.047271312e-02 -5.825901438e+01 -8.379415497e-01 9.080041537e-02 5.381535505e-01 6.277208985e+02
5.435953815e-01 1.149621516e-02 8.392686687e-01 3.586180721e+02 6.944309720e-02 9.958621385e-01 -5.861959842e-02 -5.834308119e+01 -8.364697947e-01 9.014675870e-02 5.405477263e-01 6.282702536e+02
5.448721937e-01 1.044713628e-02 8.384540237e-01 3.594355550e+02 6.686039319e-02 9.961973283e-01 -5.586207119e-02 -5.845003615e+01 -8.358492570e-01 8.649705497e-02 5.421017239e-01 6.288283756e+02
5.465503182e-01 1.281803023e-02 8.373281601e-01 3.602599588e+02 6.510509972e-02 9.962061480e-01 -5.774631237e-02 -5.853731851e+01 -8.348916550e-01 8.607559876e-02 5.436422681e-01 6.293455624e+02
5.473061521e-01 1.501912976e-02 8.367977065e-01 3.610667549e+02 6.414750853e-02 9.961450212e-01 -5.983472110e-02 -5.859097543e+01 -8.344705346e-01 8.642639898e-02 5.442328587e-01 6.298712724e+02
5.480354006e-01 1.492310626e-02 8.363220077e-01 3.618261272e+02 6.955679675e-02 9.955648196e-01 -6.334462811e-02 -5.858229735e+01 -8.335580674e-01 9.288697855e-02 5.445667613e-01 6.304445195e+02
5.458586571e-01 1.588738128e-02 8.377266365e-01 3.625784268e+02 6.759486666e-02 9.957263484e-01 -6.292831694e-02 -5.862331141e+01 -8.351462509e-01 9.097598687e-02 5.424519420e-01 6.309975604e+02
5.445481470e-01 1.581268182e-02 8.385805117e-01 3.633128025e+02 6.810577415e-02 9.956869418e-01 -6.300093215e-02 -5.866644438e+01 -8.359598789e-01 9.141921580e-02 5.411225442e-01 6.315473989e+02
5.439375331e-01 1.676630708e-02 8.389581939e-01 3.640450687e+02 6.962025166e-02 9.954515868e-01 -6.503198292e-02 -5.871695235e+01 -8.362326116e-01 9.378181695e-02 5.402962060e-01 6.320586185e+02
5.462821703e-01 1.789975985e-02 8.374099289e-01 3.647705625e+02 7.207622009e-02 9.950586578e-01 -6.828825760e-02 -5.876735044e+01 -8.344943433e-01 9.766199991e-02 5.422926561e-01 6.325473440e+02
5.447419100e-01 2.171901985e-02 8.383224533e-01 3.654635159e+02 7.215733373e-02 9.947431513e-01 -7.265935656e-02 -5.882404344e+01 -8.354936090e-01 1.000717097e-01 5.403110976e-01 6.330514582e+02
5.478681689e-01 2.401105465e-02 8.362200301e-01 3.662093280e+02 7.272731242e-02 9.944364464e-01 -7.620296697e-02 -5.887486158e+01 -8.333973887e-01 1.025652154e-01 5.430738155e-01 6.334615653e+02
5.502330965e-01 2.617600042e-02 8.346007168e-01 3.669344909e+02 7.187691561e-02 9.943139118e-01 -7.857196608e-02 -5.893953985e+01 -8.319118033e-01 1.032214215e-01 5.452229724e-01 6.338789035e+02
5.513083247e-01 2.597281269e-02 8.338972023e-01 3.676386553e+02 7.167875500e-02 9.943450523e-01 -7.835861777e-02 -5.903721180e+01 -8.312167510e-01 1.029724716e-01 5.463290061e-01 6.343021787e+02
5.513149124e-01 2.766503171e-02 8.338384217e-01 3.683268970e+02 7.286103834e-02 9.940348514e-01 -8.115407121e-02 -5.909661256e+01 -8.311095815e-01 1.054957829e-01 5.460105341e-01 6.347221452e+02
5.456058082e-01 3.154866348e-02 8.374478992e-01 3.689664199e+02 7.319369304e-02 9.936785964e-01 -8.512068124e-02 -5.915741478e+01 -8.348394968e-01 1.077382426e-01 5.398476505e-01 6.351863557e+02
5.457059729e-01 3.446332137e-02 8.372677413e-01 3.696336137e+02 7.390857816e-02 9.932806595e-01 -8.905646241e-02 -5.920986412e+01 -8.347110357e-01 1.104799118e-01 5.394920536e-01 6.355744851e+02
5.451313328e-01 3.560509963e-02 8.375942376e-01 3.702788642e+02 7.396989166e-02 9.931583812e-01 -9.035975338e-02 -5.929237798e+01 -8.350810051e-01 1.112146878e-01 5.387680467e-01 6.359576591e+02
5.411037928e-01 3.728397897e-02 8.401289129e-01 3.709014137e+02 7.518853204e-02 9.928707900e-01 -9.248934577e-02 -5.934374579e+01 -8.375878283e-01 1.132143955e-01 5.344428225e-01 6.363459935e+02
5.365891432e-01 3.723214559e-02 8.430218614e-01 3.714852517e+02 7.735017481e-02 9.926500422e-01 -9.307440117e-02 -5.941014961e+01 -8.402910459e-01 1.151506015e-01 5.297653226e-01 6.367533698e+02
5.370421324e-01 4.030744375e-02 8.425918692e-01 3.720882220e+02 7.737542391e-02 9.922931089e-01 -9.678548334e-02 -5.947013180e+01 -8.399992808e-01 1.171737854e-01 5.297844016e-01 6.370813780e+02
5.335906875e-01 5.075158530e-02 8.442187245e-01 3.726357533e+02 7.158701873e-02 9.919053189e-01 -1.048767711e-01 -5.953320975e+01 -8.427077055e-01 1.163963700e-01 5.256382864e-01 6.374405105e+02
5.263231037e-01 5.851348202e-02 8.482689213e-01 3.731314300e+02 6.789269627e-02 9.915520142e-01 -1.105223276e-01 -5.964678996e+01 -8.475698038e-01 1.157617187e-01 5.179040956e-01 6.378138867e+02
5.225689654e-01 6.386015115e-02 8.502020686e-01 3.736473006e+02 6.666773844e-02 9.910772125e-01 -1.154182462e-01 -5.975751846e+01 -8.499865229e-01 1.169950427e-01 5.136487817e-01 6.381194862e+02
5.186403804e-01 7.094401347e-02 8.520440732e-01 3.741596319e+02 6.454898614e-02 9.904584560e-01 -1.217599089e-01 -5.980124906e+01 -8.525523938e-01 1.181481866e-01 5.091123863e-01 6.383989041e+02
5.149462639e-01 7.239849438e-02 8.541597060e-01 3.746447407e+02 6.044600962e-02 9.908801121e-01 -1.204279180e-01 -5.987122254e+01 -8.550886651e-01 1.136444523e-01 5.058738116e-01 6.386749516e+02
5.042100670e-01 7.108083924e-02 8.606507553e-01 3.749980690e+02 5.577441775e-02 9.918457566e-01 -1.145914891e-01 -6.000810649e+01 -8.617780588e-01 1.057804772e-01 4.961341230e-01 6.390538551e+02
4.923643306e-01 7.308526220e-02 8.673153466e-01 3.753312934e+02 4.998932945e-02 9.924491154e-01 -1.120081259e-01 -6.012418792e+01 -8.689524918e-01 9.850531853e-02 4.849930611e-01 6.394212952e+02
4.810859680e-01 7.336248197e-02 8.735984419e-01 3.756539595e+02 4.701583116e-02 9.928993152e-01 -1.092724187e-01 -6.024372219e+01 -8.754117905e-01 9.364238419e-02 4.742207301e-01 6.397578153e+02
4.813107190e-01 8.082612737e-02 8.728156328e-01 3.760663088e+02 4.251037206e-02 9.924155850e-01 -1.153437249e-01 -6.024830823e+01 -8.755186235e-01 9.261988844e-02 4.742243100e-01 6.399443972e+02
4.783492084e-01 8.916762019e-02 8.736310264e-01 3.764236773e+02 4.050117837e-02 9.915329880e-01 -1.233774216e-01 -6.025055469e+01 -8.772352531e-01 9.440057801e-02 4.706876263e-01 6.401787725e+02
4.771376285e-01 9.366048383e-02 8.738234360e-01 3.767769499e+02 3.568543624e-02 9.914198721e-01 -1.257504946e-01 -6.031788068e+01 -8.781037713e-01 9.118306331e-02 4.697014113e-01 6.403584029e+02
4.762768019e-01 9.174028930e-02 8.744964993e-01 3.771022358e+02 3.234056566e-02 9.920417364e-01 -1.216851722e-01 -6.042510615e+01 -8.787004585e-01 8.623753610e-02 4.695195327e-01 6.405240213e+02
4.686918753e-01 9.646439805e-02 8.780788951e-01 3.773388450e+02 2.840956096e-02 9.918593949e-01 -1.241283107e-01 -6.039004272e+01 -8.829047643e-01 8.312376660e-02 4.621359286e-01 6.407889861e+02
4.681608788e-01 9.699076305e-02 8.783041520e-01 3.776254487e+02 2.444098751e-02 9.921562632e-01 -1.225911399e-01 -6.041572479e+01 -8.833051736e-01 7.885899662e-02 4.621181980e-01 6.409511622e+02
4.559728292e-01 9.879860402e-02 8.844928574e-01 3.777722976e+02 2.517586278e-02 9.919896763e-01 -1.237847244e-01 -6.041887930e+01 -8.896375413e-01 7.871034182e-02 4.498329992e-01 6.412210015e+02
4.587508854e-01 9.627075529e-02 8.833343460e-01 3.780216068e+02 2.380342832e-02 9.924252135e-01 -1.205221660e-01 -6.047859724e+01 -8.882460368e-01 7.631603615e-02 4.529843713e-01 6.413481897e+02
4.600740419e-01 9.458337223e-02 8.828283308e-01 3.782517971e+02 2.304666894e-02 9.927026148e-01 -1.183654074e-01 -6.053123203e+01 -8.875813918e-01 7.480310369e-02 4.545368727e-01 6.415016413e+02
4.634834045e-01 9.123515735e-02 8.813962105e-01 3.784599555e+02 2.307457584e-02 9.931053087e-01 -1.149321961e-01 -6.059082981e+01 -8.858051127e-01 7.360700923e-02 4.581826170e-01 6.416752781e+02
4.761138923e-01 9.004494826e-02 8.747613782e-01 3.787221798e+02 2.219699480e-02 9.931962468e-01 -1.143175782e-01 -6.060613315e+01 -8.791034382e-01 7.384526088e-02 4.708758037e-01 6.417871472e+02
4.898460595e-01 8.624746926e-02 8.675322542e-01 3.789620270e+02 1.907910908e-02 9.937956164e-01 -1.095730825e-01 -6.067488508e+01 -8.716001524e-01 7.022568521e-02 4.851613417e-01 6.419249237e+02
5.014162541e-01 7.826412493e-02 8.616591361e-01 3.791243336e+02 1.912305338e-02 9.946545720e-01 -1.014721202e-01 -6.078540046e+01 -8.649948260e-01 6.735732409e-02 4.972393206e-01 6.421082940e+02
5.230453209e-01 7.860109239e-02 8.486727641e-01 3.793642262e+02 1.625652789e-02 9.946373087e-01 -1.021388732e-01 -6.080716819e+01 -8.521498211e-01 6.721973218e-02 5.189626095e-01 6.422446817e+02
5.453879232e-01 7.840598834e-02 8.345085465e-01 3.795674012e+02 1.479809456e-02 9.945593855e-01 -1.031147182e-01 -6.082429216e+01 -8.380531186e-01 6.858665841e-02 5.412604185e-01 6.423949345e+02
5.741884436e-01 8.121741369e-02 8.146848243e-01 3.798133573e+02 1.321679803e-02 9.940183309e-01 -1.084106737e-01 -6.079789753e+01 -8.186164838e-01 7.301568079e-02 5.696804041e-01 6.425224414e+02
6.003765409e-01 8.284998007e-02 7.954142883e-01 3.800297634e+02 1.007628667e-02 9.937564980e-01 -1.111147656e-01 -6.079896387e+01 -7.996539737e-01 7.472552100e-02 5.957932686e-01 6.427139277e+02
6.312313364e-01 8.533168706e-02 7.708861804e-01 3.802404296e+02 6.392178269e-03 9.933231354e-01 -1.151880581e-01 -6.080658333e+01 -7.755682691e-01 7.763795376e-02 6.264712348e-01 6.428557976e+02
6.690954568e-01 8.327324966e-02 7.384963342e-01 3.805179766e+02 2.963726110e-03 9.933956349e-01 -1.147010411e-01 -6.087583106e+01 -7.431705632e-01 7.893464637e-02 6.644297070e-01 6.429807544e+02
6.997021904e-01 8.407358557e-02 7.094705610e-01 3.807237107e+02 -6.453214528e-04 9.931257173e-01 -1.170508147e-01 -6.091569684e+01 -7.144343415e-01 8.144287482e-02 6.949464942e-01 6.432523113e+02
7.433090621e-01 8.314140700e-02 6.637613612e-01 3.809645921e+02 -7.831120159e-03 9.932598442e-01 -1.156440897e-01 -6.095470901e+01 -6.689023185e-01 8.076130487e-02 7.389501336e-01 6.433792866e+02
7.773214063e-01 8.227400643e-02 6.237005846e-01 3.811967883e+02 -1.373020852e-02 9.933939879e-01 -1.139292156e-01 -6.100467170e+01 -6.289538240e-01 7.999607898e-02 7.733160510e-01 6.436818963e+02
8.143503371e-01 8.142937487e-02 5.746327395e-01 3.814731622e+02 -1.887662402e-02 9.933006944e-01 -1.140061555e-01 -6.104599706e+01 -5.800665492e-01 8.199382502e-02 8.104318671e-01 6.439797210e+02
8.431387439e-01 8.091202047e-02 5.315734225e-01 3.815856104e+02 -2.177279408e-02 9.929398700e-01 -1.166034309e-01 -6.106506071e+01 -5.372550642e-01 8.673903157e-02 8.389477555e-01 6.442676079e+02
8.831191353e-01 7.572610429e-02 4.629969222e-01 3.819185233e+02 -2.785455640e-02 9.936094895e-01 -1.093814702e-01 -6.116326473e+01 -4.683211681e-01 8.370029552e-02 8.795848703e-01 6.445560438e+02
9.101076399e-01 7.506745705e-02 4.075155956e-01 3.820394815e+02 -3.485576290e-02 9.938370110e-01 -1.052286624e-01 -6.119824970e+01 -4.129033296e-01 8.156514260e-02 9.071151900e-01 6.448658579e+02
9.339394687e-01 7.842415061e-02 3.487215529e-01 3.821790487e+02 -4.504237846e-02 9.936778801e-01 -1.028370298e-01 -6.123618342e+01 -3.545818002e-01 8.033631278e-02 9.315674017e-01 6.453366128e+02
9.538493817e-01 6.745849974e-02 2.926101637e-01 3.822626518e+02 -4.273341805e-02 9.950164599e-01 -9.008939704e-02 -6.135949256e+01 -2.972292248e-01 7.342748320e-02 9.519785673e-01 6.458313489e+02
9.721446300e-01 6.659376865e-02 2.247222470e-01 3.823563609e+02 -4.859294057e-02 9.952200966e-01 -8.470941750e-02 -6.138661035e+01 -2.292892158e-01 7.142989054e-02 9.707338597e-01 6.462162722e+02
9.844934866e-01 6.138850388e-02 1.643290191e-01 3.823705268e+02 -4.952177364e-02 9.959256176e-01 -7.536416951e-02 -6.145375481e+01 -1.682859734e-01 6.605766952e-02 9.835223513e-01 6.467879955e+02
9.933156096e-01 5.274960272e-02 1.026721930e-01 3.823703333e+02 -4.648861941e-02 9.969649461e-01 -6.244761425e-02 -6.154633676e+01 -1.056546643e-01 5.725710151e-02 9.927530993e-01 6.473768440e+02
9.980661809e-01 4.663119508e-02 4.110267763e-02 3.823267062e+02 -4.452690012e-02 9.977205828e-01 -5.070496862e-02 -6.162794777e+01 -4.337342076e-02 4.877673956e-02 9.978675143e-01 6.478346904e+02
9.983847331e-01 5.231693305e-02 -2.215543443e-02 3.822601639e+02 -5.328613082e-02 9.975337279e-01 -4.568424223e-02 -6.166814849e+01 1.971073366e-02 4.679102737e-02 9.987102116e-01 6.484476978e+02
9.947637964e-01 5.891925800e-02 -8.350754750e-02 3.821600060e+02 -6.258044221e-02 9.971590393e-01 -4.192300787e-02 -6.166167811e+01 8.080023333e-02 4.692942971e-02 9.956249047e-01 6.490654619e+02
9.877152236e-01 6.297496031e-02 -1.430132560e-01 3.820674280e+02 -6.854775492e-02 9.970554341e-01 -3.437537769e-02 -6.168123699e+01 1.404273560e-01 4.375632148e-02 9.891236232e-01 6.495999694e+02
9.781024245e-01 6.271993361e-02 -1.984486257e-01 3.819549259e+02 -6.906862467e-02 9.972929257e-01 -2.522588980e-02 -6.172254775e+01 1.963292444e-01 3.838007762e-02 9.797866081e-01 6.502381325e+02
9.673375308e-01 5.885578098e-02 -2.465645931e-01 3.818015950e+02 -6.474000531e-02 9.977767676e-01 -1.581940832e-02 -6.175079784e+01 2.450853591e-01 3.126530045e-02 9.689972383e-01 6.508075389e+02
9.546414747e-01 5.937122484e-02 -2.917785331e-01 3.816226677e+02 -6.402799201e-02 9.979273995e-01 -6.428179244e-03 -6.180267983e+01 2.907921439e-01 2.481860010e-02 9.564643047e-01 6.514523069e+02
9.408058397e-01 6.024983341e-02 -3.335480917e-01 3.814715343e+02 -6.492925950e-02 9.978856894e-01 -2.888279036e-03 -6.184821474e+01 3.326688491e-01 2.437434039e-02 9.427286610e-01 6.521122309e+02
9.291870885e-01 5.828730833e-02 -3.649848547e-01 3.812159616e+02 -6.323526379e-02 9.979973529e-01 -1.607768718e-03 -6.187316466e+01 3.641602064e-01 2.457383150e-02 9.310120681e-01 6.527169460e+02
9.177708233e-01 5.249667517e-02 -3.936252215e-01 3.809396644e+02 -5.703935254e-02 9.983719183e-01 1.578982895e-04 -6.187849952e+01 3.929926566e-01 2.230721334e-02 9.192709938e-01 6.533621518e+02
9.074255214e-01 4.892707317e-02 -4.173548426e-01 3.806484524e+02 -5.356776607e-02 9.985640396e-01 5.943570085e-04 -6.187654737e+01 4.167846177e-01 2.181743186e-02 9.087434083e-01 6.539947040e+02
8.974662922e-01 4.174286598e-02 -4.391033904e-01 3.803188783e+02 -4.456160891e-02 9.989990607e-01 3.890978783e-03 -6.189125378e+01 4.388262952e-01 1.607513126e-02 8.984281122e-01 6.546440833e+02
8.882531629e-01 3.818029191e-02 -4.577647691e-01 3.799549231e+02 -3.987118106e-02 9.991869845e-01 5.971512534e-03 -6.190892306e+01 4.576205934e-01 1.294740710e-02 8.890532927e-01 6.552948350e+02
8.784933153e-01 3.855507726e-02 -4.761963891e-01 3.795781196e+02 -4.083204364e-02 9.991505078e-01 5.568390888e-03 -6.190024564e+01 4.760065537e-01 1.455227757e-02 8.793213247e-01 6.559377030e+02
8.676859196e-01 3.837452758e-02 -4.956294387e-01 3.791766416e+02 -4.129831348e-02 9.991340536e-01 5.058884683e-03 -6.190746804e+01 4.953943824e-01 1.607913692e-02 8.685193534e-01 6.566032386e+02
8.573055389e-01 3.868015040e-02 -5.133527626e-01 3.787406321e+02 -4.147683190e-02 9.991213597e-01 6.015058183e-03 -6.189227161e+01 5.131343736e-01 1.613550354e-02 8.581566059e-01 6.572584903e+02
8.474841642e-01 3.856313848e-02 -5.294180539e-01 3.782774160e+02 -4.009786455e-02 9.991588215e-01 8.591310305e-03 -6.189852243e+01 5.293040268e-01 1.394753398e-02 8.483175782e-01 6.579256708e+02
8.384902239e-01 4.427698592e-02 -5.431148065e-01 3.778122284e+02 -4.685127687e-02 9.988604272e-01 9.099717747e-03 -6.187614791e+01 5.428987957e-01 1.781559780e-02 8.396091365e-01 6.586105023e+02
8.321377424e-01 4.772385931e-02 -5.525117292e-01 3.773065733e+02 -5.144786568e-02 9.986371483e-01 8.772859870e-03 -6.187665159e+01 5.521774124e-01 2.112532142e-02 8.334589528e-01 6.592772680e+02
8.268108732e-01 5.372693142e-02 -5.599082038e-01 3.768264568e+02 -6.048107666e-02 9.981483931e-01 6.467200207e-03 -6.184607010e+01 5.592189368e-01 2.851669955e-02 8.285294072e-01 6.599827921e+02
8.221877982e-01 5.650981439e-02 -5.664043303e-01 3.763421734e+02 -6.286064774e-02 9.979876283e-01 8.320625082e-03 -6.183130007e+01 5.657347112e-01 2.876342667e-02 8.240854942e-01 6.607108623e+02
8.196535678e-01 5.933404007e-02 -5.697784661e-01 3.758231832e+02 -6.355212124e-02 9.979003113e-01 1.249386307e-02 -6.183323880e+01 5.693234200e-01 2.596999072e-02 8.217033546e-01 6.614294716e+02
8.180917033e-01 5.857693486e-02 -5.720967643e-01 3.753102818e+02 -6.256130926e-02 9.979600729e-01 1.271909682e-02 -6.184153248e+01 5.716747743e-01 2.538573502e-02 8.200875056e-01 6.621749139e+02
8.163913012e-01 5.818205544e-02 -5.745607817e-01 3.747850172e+02 -6.637902884e-02 9.977718495e-01 6.720186039e-03 -6.183171576e+01 5.736715680e-01 3.265248527e-02 8.184343268e-01 6.629187504e+02
8.153074719e-01 5.448055401e-02 -5.764595350e-01 3.742236534e+02 -6.750847541e-02 9.977179953e-01 -1.186441114e-03 -6.182177294e+01 5.750794136e-01 3.988321865e-02 8.171248356e-01 6.636558910e+02
8.155296552e-01 5.306538199e-02 -5.762772307e-01 3.736588465e+02 -6.846881068e-02 9.976405815e-01 -5.029119434e-03 -6.182316824e+01 5.746506794e-01 4.355841265e-02 8.172388031e-01 6.644146943e+02
8.154413183e-01 5.541817984e-02 -5.761807718e-01 3.730789651e+02 -6.949231436e-02 9.975795999e-01 -2.400043232e-03 -6.183821462e+01 5.746531777e-01 4.199722974e-02 8.173187616e-01 6.651874659e+02
8.149171994e-01 5.724958433e-02 -5.767429611e-01 3.725007134e+02 -6.766719540e-02 9.977020726e-01 3.424172820e-03 -6.184912479e+01 5.756136802e-01 3.623616132e-02 8.169184977e-01 6.659881695e+02
8.141909565e-01 6.377409696e-02 -5.770840068e-01 3.719324140e+02 -7.281077805e-02 9.973176634e-01 7.487915604e-03 -6.183131671e+01 5.760136083e-01 3.592134237e-02 8.166504639e-01 6.668118358e+02
8.135983711e-01 6.410093777e-02 -5.778829989e-01 3.713506333e+02 -6.964708709e-02 9.974922457e-01 1.258980066e-02 -6.184696495e+01 5.772408283e-01 3.000482624e-02 8.160225098e-01 6.676447487e+02
8.131068455e-01 6.077054729e-02 -5.789336736e-01 3.707580213e+02 -6.520200549e-02 9.977852814e-01 1.316171604e-02 -6.183571699e+01 5.784513431e-01 2.704575516e-02 8.152684042e-01 6.684837233e+02
8.126888346e-01 5.902825630e-02 -5.797003735e-01 3.701294885e+02 -6.509873451e-02 9.978252411e-01 1.034132400e-02 -6.184529753e+01 5.790500953e-01 2.933348216e-02 8.147640971e-01 6.693099725e+02
8.128681545e-01 5.493596598e-02 -5.798511904e-01 3.694931478e+02 -6.368775771e-02 9.979559765e-01 5.266740080e-03 -6.185799477e+01 5.789552944e-01 3.264825684e-02 8.147053813e-01 6.701464531e+02
8.123438568e-01 5.438488094e-02 -5.806373594e-01 3.688762271e+02 -6.398308848e-02 9.979431436e-01 3.955567354e-03 -6.183906741e+01 5.796581948e-01 3.393769070e-02 8.141526948e-01 6.710176554e+02
8.120815285e-01 5.858150012e-02 -5.805960721e-01 3.682412937e+02 -6.547305547e-02 9.978128350e-01 9.100843085e-03 -6.183405260e+01 5.798593537e-01 3.062277227e-02 8.141408820e-01 6.718972611e+02
8.118202855e-01 6.070164803e-02 -5.807436044e-01 3.676136312e+02 -6.496557518e-02 9.977964751e-01 1.347844142e-02 -6.184109401e+01 5.802820850e-01 2.678627013e-02 8.139749367e-01 6.727932523e+02
8.110297230e-01 6.168136607e-02 -5.817440997e-01 3.669722180e+02 -6.559303433e-02 9.977433621e-01 1.434354574e-02 -6.184535798e+01 5.813160434e-01 2.652531877e-02 8.132453905e-01 6.736879329e+02
8.096123587e-01 6.032823503e-02 -5.838564316e-01 3.663325493e+02 -6.407722498e-02 9.978431864e-01 1.425077223e-02 -6.183569861e+01 5.834568861e-01 2.587429861e-02 8.117318416e-01 6.745997582e+02
8.101722648e-01 6.292181411e-02 -5.828050674e-01 3.656523754e+02 -6.745113321e-02 9.976251656e-01 1.394179343e-02 -6.180975835e+01 5.822982448e-01 2.801560788e-02 8.124923875e-01 6.754952444e+02
8.103314711e-01 6.250690863e-02 -5.826283492e-01 3.649857640e+02 -6.916856461e-02 9.975463077e-01 1.082005572e-02 -6.181906514e+01 5.818750868e-01 3.153173494e-02 8.126666802e-01 6.764114189e+02
8.095824934e-01 5.882855203e-02 -5.840508435e-01 3.643410713e+02 -6.819428739e-02 9.976542503e-01 5.961216878e-03 -6.181663152e+01 5.830314961e-01 3.500283425e-02 8.116951867e-01 6.773484357e+02
8.093595312e-01 5.518358596e-02 -5.847152479e-01 3.636695149e+02 -6.430351270e-02 9.979169864e-01 5.171708658e-03 -6.183385797e+01 5.837826715e-01 3.341347267e-02 8.112221227e-01 6.782912162e+02
8.095062468e-01 5.640822567e-02 -5.843951989e-01 3.629688089e+02 -6.320919508e-02 9.979617672e-01 8.769774816e-03 -6.184395994e+01 5.836987528e-01 2.983996263e-02 8.114218031e-01 6.792286335e+02
8.087169440e-01 5.424176560e-02 -5.856916726e-01 3.622881973e+02 -5.771261041e-02 9.982516827e-01 1.276058414e-02 -6.186826866e+01 5.853598544e-01 2.348209472e-02 8.104334841e-01 6.801903879e+02
8.081921442e-01 5.023036668e-02 -5.867728422e-01 3.616116776e+02 -5.538556736e-02 9.984228021e-01 9.184070262e-03 -6.185788152e+01 5.863087045e-01 2.507625334e-02 8.096995026e-01 6.811447304e+02
8.092659955e-01 4.760634311e-02 -5.855101918e-01 3.608995256e+02 -5.589862410e-02 9.984287577e-01 3.919122779e-03 -6.186201361e+01 5.847767885e-01 2.955760132e-02 8.106555716e-01 6.820853507e+02
8.074343340e-01 4.951444922e-02 -5.878759355e-01 3.602116819e+02 -6.089823556e-02 9.981438886e-01 4.273327041e-04 -6.186076203e+01 5.868059314e-01 3.545556411e-02 8.089509885e-01 6.830588464e+02
8.082545324e-01 5.310807317e-02 -5.864334092e-01 3.594657727e+02 -6.454681413e-02 9.979136836e-01 1.410250241e-03 -6.186856822e+01 5.852848192e-01 3.671256711e-02 8.099962147e-01 6.840062108e+02
8.078478041e-01 5.792871291e-02 -5.865374580e-01 3.587459574e+02 -6.734842800e-02 9.977127871e-01 5.777871290e-03 -6.186700896e+01 5.855306266e-01 3.483473513e-02 8.099014919e-01 6.849907300e+02
8.091561717e-01 6.015709677e-02 -5.845061279e-01 3.580080135e+02 -6.923449718e-02 9.975770600e-01 6.825966164e-03 -6.187416521e+01 5.835005349e-01 3.494471521e-02 8.113605811e-01 6.859688181e+02
8.092213130e-01 5.754174995e-02 -5.846792400e-01 3.572969118e+02 -6.763477253e-02 9.976996343e-01 4.580089853e-03 -6.186198063e+01 5.835978103e-01 3.583834108e-02 8.112516312e-01 6.869682499e+02
8.091724605e-01 5.313531911e-02 -5.851637096e-01 3.565615396e+02 -6.248340039e-02 9.980370687e-01 4.223042641e-03 -6.188047328e+01 5.842394662e-01 3.314584856e-02 8.109041860e-01 6.879686680e+02
8.087722150e-01 5.175548392e-02 -5.858403146e-01 3.558422093e+02 -5.909727947e-02 9.982303975e-01 6.601900846e-03 -6.189681927e+01 5.851452947e-01 2.928213482e-02 8.103996179e-01 6.889905505e+02
8.088383747e-01 5.647078620e-02 -5.853131930e-01 3.551002459e+02 -6.260038575e-02 9.979907637e-01 9.778916409e-03 -6.190489577e+01 5.846893836e-01 2.873126881e-02 8.107483203e-01 6.900104465e+02
8.102809553e-01 5.771783326e-02 -5.831924426e-01 3.543328426e+02 -6.296628218e-02 9.979518910e-01 1.128142460e-02 -6.188090012e+01 5.826491403e-01 2.758033641e-02 8.122556890e-01 6.910180990e+02
8.110212897e-01 5.793699837e-02 -5.821406805e-01 3.535840217e+02 -6.398246525e-02 9.978991349e-01 1.017647327e-02 -6.188848353e+01 5.815072758e-01 2.899345939e-02 8.130243954e-01 6.920429626e+02
8.115171233e-01 5.801246913e-02 -5.814417529e-01 3.528295755e+02 -6.540218099e-02 9.978246756e-01 8.274747027e-03 -6.189738065e+01 5.806569670e-01 3.131245986e-02 8.135459523e-01 6.930707195e+02
8.105569974e-01 5.874014499e-02 -5.827065722e-01 3.520997415e+02 -6.620866039e-02 9.977697368e-01 8.483250872e-03 -6.188670668e+01 5.819052906e-01 3.170406319e-02 8.126383483e-01 6.941287818e+02
8.105925893e-01 5.833397554e-02 -5.826978647e-01 3.513539214e+02 -6.266940300e-02 9.979532069e-01 1.272567614e-02 -6.190478748e+01 5.822475420e-01 2.620198854e-02 8.125892293e-01 6.951856212e+02
8.109461443e-01 6.077205901e-02 -5.819562766e-01 3.505883492e+02 -6.484442398e-02 9.977994368e-01 1.383779328e-02 -6.188857046e+01 5.815165962e-01 2.651491443e-02 8.131023353e-01 6.962373454e+02
8.108784311e-01 6.123421149e-02 -5.820021833e-01 3.498285097e+02 -6.300477028e-02 9.978648871e-01 1.720656821e-02 -6.187606818e+01 5.818131736e-01 2.271647883e-02 8.130051615e-01 6.973003996e+02
8.121478442e-01 6.104550214e-02 -5.802493652e-01 3.490438150e+02 -6.066776542e-02 9.979560839e-01 2.007677398e-02 -6.187255630e+01 5.802889809e-01 1.889712366e-02 8.141913764e-01 6.983577920e+02
8.115045023e-01 5.662510717e-02 -5.815961142e-01 3.483038028e+02 -5.431756199e-02 9.982942407e-01 2.140587249e-02 -6.187347250e+01 5.818161611e-01 1.421992108e-02 8.131960087e-01 6.994494327e+02
8.111809954e-01 5.970876186e-02 -5.817389935e-01 3.475422091e+02 -5.667326406e-02 9.981180599e-01 2.341964171e-02 -6.186580628e+01 5.820425533e-01 1.397147932e-02 8.130382918e-01 7.005356650e+02
8.117869205e-01 6.598051968e-02 -5.802142421e-01 3.467424553e+02 -6.414788255e-02 9.976589162e-01 2.370097238e-02 -6.186496981e+01 5.804197144e-01 1.797937568e-02 8.141189699e-01 7.016048073e+02
8.118902148e-01 6.599748977e-02 -5.800677637e-01 3.459710223e+02 -6.420058500e-02 9.976567190e-01 2.365070639e-02 -6.185426401e+01 5.802693892e-01 1.803891268e-02 8.142248053e-01 7.027004752e+02
8.127205754e-01 7.237014203e-02 -5.781417031e-01 3.451750388e+02 -7.200587626e-02 9.971250752e-01 2.359529863e-02 -6.182614684e+01 5.781871843e-01 2.245321526e-02 8.155951404e-01 7.037908276e+02
8.140353387e-01 7.440149298e-02 -5.760302815e-01 3.443637340e+02 -7.312812470e-02 9.969982543e-01 2.543144230e-02 -6.181743401e+01 5.761933224e-01 2.142192151e-02 8.170326533e-01 7.048775155e+02
8.149794254e-01 7.349428538e-02 -5.748105133e-01 3.435826951e+02 -7.237150773e-02 9.970675404e-01 2.487337348e-02 -6.180842653e+01 5.749529555e-01 2.132861587e-02 8.179084234e-01 7.059917501e+02
8.157748439e-01 7.264480709e-02 -5.737892784e-01 3.427841632e+02 -7.305081569e-02 9.970771613e-01 2.237661237e-02 -6.179650150e+01 5.737377296e-01 2.366149736e-02 8.186972280e-01 7.070930591e+02
8.161156896e-01 7.073448741e-02 -5.735432097e-01 3.419913144e+02 -7.279263555e-02 9.971584144e-01 1.939919636e-02 -6.174757289e+01 5.732856298e-01 2.591773332e-02 8.189455768e-01 7.082174057e+02
8.171806677e-01 7.119372772e-02 -5.719678396e-01 3.411833207e+02 -6.986543361e-02 9.972601076e-01 2.431252584e-02 -6.175269828e+01 5.721316086e-01 2.009305503e-02 8.199156612e-01 7.093364605e+02
8.181286393e-01 6.974684695e-02 -5.707897221e-01 3.403870674e+02 -6.666772477e-02 9.974279594e-01 2.632261881e-02 -6.174039139e+01 5.711575474e-01 1.651796379e-02 8.206742429e-01 7.104637329e+02
8.172452765e-01 6.791268372e-02 -5.722744319e-01 3.396099367e+02 -6.588314395e-02 9.975315801e-01 2.429316727e-02 -6.170107431e+01 5.725116325e-01 1.784976257e-02 8.197022732e-01 7.116010421e+02
8.169069532e-01 7.041774953e-02 -5.724546885e-01 3.388126853e+02 -6.901074453e-02 9.973223353e-01 2.420075795e-02 -6.169732378e+01 5.726260096e-01 1.973575682e-02 8.195791316e-01 7.127189747e+02
8.165629804e-01 7.051237623e-02 -5.729335947e-01 3.380280345e+02 -6.976590551e-02 9.972910923e-01 2.330655614e-02 -6.165288065e+01 5.730249711e-01 2.093996009e-02 8.192703464e-01 7.138400832e+02
8.165433353e-01 7.045380294e-02 -5.729687978e-01 3.372377775e+02 -6.957082892e-02 9.973005400e-01 2.348473265e-02 -6.164901297e+01 5.730766802e-01 2.068561229e-02 8.192406387e-01 7.149494814e+02
8.166060883e-01 7.485721168e-02 -5.723206220e-01 3.364340015e+02 -7.495690695e-02 9.969112222e-01 2.344093029e-02 -6.164624472e+01 5.723075734e-01 2.375737722e-02 8.196948386e-01 7.160383768e+02
8.160683533e-01 7.351160085e-02 -5.732612732e-01 3.356773519e+02 -7.338159132e-02 9.970296025e-01 2.339046507e-02 -6.164341094e+01 5.732779298e-01 2.297860616e-02 8.190387041e-01 7.171519833e+02
8.156509273e-01 7.480068527e-02 -5.736884365e-01 3.349051511e+02 -7.586805553e-02 9.968726776e-01 2.211114737e-02 -6.162219845e+01 5.735482568e-01 2.548964830e-02 8.187751065e-01 7.182441209e+02
8.154451283e-01 7.437794468e-02 -5.740358561e-01 3.341418198e+02 -7.427581380e-02 9.969569385e-01 2.366360456e-02 -6.161815847e+01 5.740490800e-01 2.334060931e-02 8.184881610e-01 7.193337124e+02
8.163897365e-01 7.931112362e-02 -5.720293208e-01 3.333255632e+02 -7.971011295e-02 9.965192820e-01 2.440529767e-02 -6.160496826e+01 5.719738596e-01 2.567228724e-02 8.198700126e-01 7.203861387e+02
8.157200334e-01 7.799357006e-02 -5.731647495e-01 3.325683945e+02 -7.983839408e-02 9.965653897e-01 2.198305995e-02 -6.157791375e+01 5.729106893e-01 2.782853074e-02 8.191452344e-01 7.214770126e+02
8.161140810e-01 7.247534877e-02 -5.733281177e-01 3.318017516e+02 -7.753647007e-02 9.968667579e-01 1.564489975e-02 -6.156153386e+01 5.726656115e-01 3.168581546e-02 8.191764807e-01 7.225590957e+02
8.153205186e-01 6.763935580e-02 -5.750455369e-01 3.310405044e+02 -7.589059049e-02 9.970691711e-01 9.679165328e-03 -6.158126997e+01 5.740148693e-01 3.574892326e-02 8.180641444e-01 7.236413610e+02
8.151643603e-01 6.231854687e-02 -5.758675754e-01 3.302714213e+02 -7.034841720e-02 9.974874169e-01 8.363804543e-03 -6.159085222e+01 5.749418805e-01 3.369349707e-02 8.175002033e-01 7.247263565e+02
8.148677715e-01 6.290779357e-02 -5.762231551e-01 3.294998252e+02 -6.811919149e-02 9.975978820e-01 1.257941094e-02 -6.158389380e+01 5.756303420e-01 2.900129888e-02 8.171955910e-01 7.258196623e+02
8.141548802e-01 6.810941184e-02 -5.766393493e-01 3.287291797e+02 -6.735469621e-02 9.974704242e-01 2.271778592e-02 -6.158808020e+01 5.767279914e-01 2.034357192e-02 8.166829024e-01 7.269200687e+02
8.146771555e-01 7.755161557e-02 -5.747059067e-01 3.279366132e+02 -7.194431952e-02 9.968778683e-01 3.253506779e-02 -6.160131862e+01 5.754347463e-01 1.484124890e-02 8.177130243e-01 7.280024360e+02
8.146716274e-01 8.478349964e-02 -5.736914657e-01 3.271380550e+02 -8.085348331e-02 9.961989938e-01 3.240800904e-02 -6.158522422e+01 5.742585253e-01 1.998306788e-02 8.184300967e-01 7.290721487e+02
8.136314302e-01 8.482802437e-02 -5.751591972e-01 3.263871831e+02 -8.502952443e-02 9.960228976e-01 2.661517217e-02 -6.155863024e+01 5.751294426e-01 2.725057241e-02 8.176084213e-01 7.301675766e+02
8.131292806e-01 7.922430211e-02 -5.766665266e-01 3.256311418e+02 -8.219805520e-02 9.963950675e-01 2.098449934e-02 -6.151764197e+01 5.762501650e-01 3.033775614e-02 8.167100880e-01 7.312484217e+02
8.131151315e-01 7.622059309e-02 -5.770911575e-01 3.248724223e+02 -7.820419692e-02 9.967065049e-01 2.145336125e-02 -6.151217856e+01 5.768256985e-01 2.768689787e-02 8.163979111e-01 7.323302882e+02
8.127927739e-01 7.782974336e-02 -5.773304407e-01 3.241131489e+02 -8.033962906e-02 9.965412739e-01 2.123754574e-02 -6.149489504e+01 5.769865255e-01 2.912078974e-02 8.162343591e-01 7.334040211e+02
8.119283217e-01 7.784116367e-02 -5.785439946e-01 3.233488293e+02 -7.993752732e-02 9.965592838e-01 2.189944419e-02 -6.147643154e+01 5.782580671e-01 2.846659740e-02 8.153571369e-01 7.344754126e+02
8.112726027e-01 7.645675217e-02 -5.796474180e-01 3.225980785e+02 -7.727110793e-02 9.967372742e-01 2.332342299e-02 -6.148621793e+01 5.795394206e-01 2.586834412e-02 8.145335406e-01 7.355561313e+02
8.107191695e-01 7.528449136e-02 -5.805744341e-01 3.218235044e+02 -7.696672034e-02 9.967957459e-01 2.177992067e-02 -6.146183891e+01 5.803538163e-01 2.702751090e-02 8.139158197e-01 7.366201117e+02
8.101506718e-01 7.457683797e-02 -5.814586694e-01 3.210484569e+02 -7.527463341e-02 9.968980219e-01 2.297963403e-02 -6.146639067e+01 5.813687458e-01 2.515212224e-02 8.132513462e-01 7.376879868e+02
8.099621987e-01 7.465180582e-02 -5.817115648e-01 3.202526198e+02 -7.559483138e-02 9.968807804e-01 2.267445830e-02 -6.145661189e+01 5.815897680e-01 2.560893355e-02 8.130790394e-01 7.387452262e+02
8.077810678e-01 7.414375685e-02 -5.848012054e-01 3.194887645e+02 -7.433593386e-02 9.969511557e-01 2.371839170e-02 -6.145775712e+01 5.847768082e-01 2.431247595e-02 8.108298145e-01 7.398253881e+02
8.053006595e-01 7.529017969e-02 -5.880665240e-01 3.187136125e+02 -7.530312860e-02 9.968594780e-01 2.450755060e-02 -6.143581955e+01 5.880648660e-01 2.454730243e-02 8.084411811e-01 7.409012716e+02
8.024147360e-01 7.651864584e-02 -5.918407626e-01 3.179287129e+02 -7.363249450e-02 9.968621667e-01 2.905299116e-02 -6.142295037e+01 5.922067605e-01 2.026616347e-02 8.055311511e-01 7.419747822e+02
7.999543306e-01 7.648624989e-02 -5.951662982e-01 3.171529156e+02 -6.928942276e-02 9.969826551e-01 3.499373327e-02 -6.143278757e+01 5.960470157e-01 1.324534078e-02 8.028402805e-01 7.430550609e+02
7.965873317e-01 7.420587754e-02 -5.999517570e-01 3.163572560e+02 -6.813243395e-02 9.971346948e-01 3.286901165e-02 -6.141013033e+01 6.006717859e-01 1.469313516e-02 7.993606929e-01 7.441219701e+02
7.923320937e-01 7.468465409e-02 -6.055014911e-01 3.155364807e+02 -7.376287256e-02 9.969252176e-01 2.644142750e-02 -6.132724985e+01 6.056144747e-01 2.371313772e-02 7.954047996e-01 7.451730784e+02
7.876278633e-01 7.123942460e-02 -6.120190302e-01 3.147322194e+02 -7.099211827e-02 9.971707850e-01 2.470920311e-02 -6.131927105e+01 6.120477661e-01 2.398687052e-02 7.904569324e-01 7.462526645e+02
7.823112543e-01 7.198320554e-02 -6.187144087e-01 3.139063349e+02 -7.186060613e-02 9.970977057e-01 2.514395650e-02 -6.130267913e+01 6.187286600e-01 2.479079229e-02 7.852135136e-01 7.473197072e+02
7.772065134e-01 7.521832518e-02 -6.247337345e-01 3.130538778e+02 -7.502678154e-02 9.968245264e-01 2.668043545e-02 -6.128382641e+01 6.247567667e-01 2.613555320e-02 7.803819035e-01 7.483709060e+02
7.707808480e-01 7.740730851e-02 -6.323804179e-01 3.122074303e+02 -7.712681518e-02 9.966284064e-01 2.798703124e-02 -6.126527998e+01 6.324146889e-01 2.720161994e-02 7.741522674e-01 7.494268876e+02
7.640354515e-01 7.845930749e-02 -6.403857945e-01 3.113503711e+02 -7.554343991e-02 9.966296809e-01 3.197605028e-02 -6.127440322e+01 6.407363088e-01 2.394610978e-02 7.673874943e-01 7.504896769e+02
7.563602358e-01 8.136272947e-02 -6.490757275e-01 3.104893806e+02 -7.598215201e-02 9.964458316e-01 3.636505453e-02 -6.126461878e+01 6.497275632e-01 2.181308937e-02 7.598541194e-01 7.515516535e+02
7.489637901e-01 8.680848647e-02 -6.568999375e-01 3.095806096e+02 -8.206812948e-02 9.959005982e-01 3.803709648e-02 -6.121307744e+01 6.575089834e-01 2.542214119e-02 7.530176966e-01 7.525778635e+02
7.425643984e-01 8.957851150e-02 -6.637573386e-01 3.086504916e+02 -8.775065813e-02 9.954852870e-01 3.617824492e-02 -6.115603206e+01 6.640014580e-01 3.138046662e-02 7.470725066e-01 7.535750005e+02
7.353351291e-01 8.705959817e-02 -6.720884423e-01 3.077102048e+02 -8.609844483e-02 9.956795260e-01 3.477555472e-02 -6.112987387e+01 6.722122475e-01 3.229408266e-02 7.396538288e-01 7.545693762e+02
7.258988602e-01 8.526938462e-02 -6.824954043e-01 3.067954980e+02 -7.908734308e-02 9.960516498e-01 4.032744961e-02 -6.114231825e+01 6.832393702e-01 2.470309848e-02 7.297764863e-01 7.556056479e+02
7.174883388e-01 9.090770669e-02 -6.906129688e-01 3.058242734e+02 -8.174595105e-02 9.955852914e-01 4.612512432e-02 -6.109458827e+01 6.917572430e-01 2.336057512e-02 7.217521737e-01 7.565909474e+02
7.096032407e-01 9.879368915e-02 -6.976410594e-01 3.048312639e+02 -8.781442107e-02 9.948018545e-01 5.155480304e-02 -6.105432765e+01 6.991079089e-01 2.467949044e-02 7.145901304e-01 7.575609769e+02
7.010786029e-01 1.004743441e-01 -7.059700409e-01 3.038662382e+02 -9.004677498e-02 9.945725182e-01 5.212565986e-02 -6.099813310e+01 7.073756928e-01 2.702614062e-02 7.063209022e-01 7.585503474e+02
6.935709732e-01 1.011353965e-01 -7.132537674e-01 3.028639633e+02 -9.088105268e-02 9.944696916e-01 5.263712314e-02 -6.095784895e+01 7.146327304e-01 2.831367249e-02 6.989266031e-01 7.594942573e+02
6.867845704e-01 1.032790476e-01 -7.194862001e-01 3.018517152e+02 -9.687871078e-02 9.940287586e-01 5.021297097e-02 -6.086707953e+01 7.203759222e-01 3.521740180e-02 6.926891549e-01 7.604223842e+02
6.796957857e-01 1.023400061e-01 -7.263196005e-01 3.008544302e+02 -9.623605129e-02 9.941012864e-01 5.001254705e-02 -6.081689704e+01 7.271535336e-01 3.590481287e-02 6.855352529e-01 7.613693086e+02
6.733874716e-01 1.043918792e-01 -7.318822642e-01 2.998466972e+02 -9.838733728e-02 9.938286309e-01 5.123069639e-02 -6.077566244e+01 7.327136173e-01 3.750983807e-02 6.795025880e-01 7.623123457e+02
6.697512040e-01 1.061877396e-01 -7.349540725e-01 2.988078210e+02 -1.005365127e-01 9.935768561e-01 5.193689165e-02 -6.073234245e+01 7.357484179e-01 3.910492373e-02 6.761250406e-01 7.632201660e+02
6.648326356e-01 1.042003494e-01 -7.396890251e-01 2.977900893e+02 -9.803649169e-02 9.938293061e-01 5.188599592e-02 -6.070890766e+01 7.405311695e-01 3.802101355e-02 6.709455936e-01 7.641634146e+02
6.604153030e-01 1.006388367e-01 -7.441259653e-01 2.967581530e+02 -9.769137433e-02 9.940710226e-01 4.774093963e-02 -6.063111216e+01 7.445186519e-01 4.116584112e-02 6.663312619e-01 7.650902743e+02
6.561640279e-01 9.766560173e-02 -7.482714740e-01 2.957096475e+02 -9.456112230e-02 9.944150368e-01 4.687140599e-02 -6.059661767e+01 7.486701294e-01 4.000205982e-02 6.617347449e-01 7.660046887e+02
6.533631329e-01 9.660423328e-02 -7.508556710e-01 2.946440267e+02 -9.203785205e-02 9.946038486e-01 4.787711439e-02 -6.054795144e+01 7.514290720e-01 3.782600170e-02 6.587287327e-01 7.668966141e+02
6.474597332e-01 1.005431710e-01 -7.554382600e-01 2.935963219e+02 -9.642525786e-02 9.941003962e-01 4.966459384e-02 -6.045436158e+01 7.559749093e-01 4.068750434e-02 6.533348785e-01 7.678060137e+02
6.419425368e-01 1.003932518e-01 -7.601519416e-01 2.925491245e+02 -9.746663108e-02 9.940331925e-01 4.897211485e-02 -6.040093114e+01 7.605327312e-01 4.265216522e-02 6.478971813e-01 7.687151378e+02
6.362184222e-01 9.791443734e-02 -7.652704634e-01 2.914724016e+02 -1.003538391e-01 9.939895519e-01 4.374788796e-02 -6.032808486e+01 7.649543949e-01 4.896461673e-02 6.422205541e-01 7.695862627e+02
6.292238902e-01 9.403538471e-02 -7.715145121e-01 2.904233748e+02 -9.651207185e-02 9.944243711e-01 4.249223635e-02 -6.029841883e+01 7.712086073e-01 4.772333376e-02 6.347911211e-01 7.704893551e+02
6.217629625e-01 9.550185157e-02 -7.773610582e-01 2.893329215e+02 -9.764446994e-02 9.942461443e-01 4.404727048e-02 -6.022626424e+01 7.770948307e-01 4.851804709e-02 6.275106558e-01 7.713615226e+02
6.143947649e-01 9.680899242e-02 -7.830370948e-01 2.882340995e+02 -9.527470341e-02 9.942848264e-01 4.817068498e-02 -6.019454131e+01 7.832252574e-01 4.500781029e-02 6.201068402e-01 7.722340312e+02
6.059875648e-01 1.000098641e-01 -7.891622763e-01 2.871253037e+02 -9.564163915e-02 9.940287873e-01 5.253043785e-02 -6.014487721e+01 7.897035824e-01 4.364398155e-02 6.119341915e-01 7.730909396e+02
5.994625669e-01 1.052653709e-01 -7.934505861e-01 2.859904918e+02 -1.030097496e-01 9.932165839e-01 5.394264485e-02 -6.006939128e+01 7.937465731e-01 4.939654986e-02 6.062395224e-01 7.739081481e+02
5.900684677e-01 1.034022248e-01 -8.007041797e-01 2.848827338e+02 -9.999357885e-02 9.934883567e-01 5.460924227e-02 -6.004722230e+01 8.011369968e-01 4.784208462e-02 5.965657108e-01 7.747609022e+02
5.808459018e-01 1.019920342e-01 -8.075987019e-01 2.837668385e+02 -1.040836746e-01 9.932814391e-01 5.058232329e-02 -5.997308428e+01 8.073317949e-01 5.467730532e-02 5.875591589e-01 7.755907917e+02
5.733618106e-01 1.030980035e-01 -8.127896627e-01 2.826095022e+02 -1.053945550e-01 9.930897961e-01 5.162019683e-02 -5.994895363e+01 8.124950596e-01 5.606655530e-02 5.802657318e-01 7.763491923e+02
5.641275386e-01 1.033602646e-01 -8.191927587e-01 2.814565745e+02 -1.021382938e-01 9.932494118e-01 5.498522449e-02 -5.990850432e+01 8.193460130e-01 5.265227135e-02 5.708763870e-01 7.771332458e+02
5.556907222e-01 1.087931907e-01 -8.242401731e-01 2.803080302e+02 -1.119074433e-01 9.921669021e-01 5.551182352e-02 -5.979510163e+01 8.238231275e-01 6.139120510e-02 5.635127102e-01 7.779020795e+02
5.480981653e-01 1.068286830e-01 -8.295637611e-01 2.791269007e+02 -1.025614413e-01 9.929093826e-01 6.010082190e-02 -5.978018304e+01 8.301021335e-01 5.214010479e-02 5.551683146e-01 7.786357680e+02
5.400203751e-01 1.090298105e-01 -8.345600607e-01 2.779635163e+02 -1.000964792e-01 9.928561933e-01 6.494054400e-02 -5.974257521e+01 8.356785802e-01 4.846730683e-02 5.470760740e-01 7.793852032e+02
5.315198069e-01 1.081823571e-01 -8.401090837e-01 2.768033340e+02 -9.737152147e-02 9.930392789e-01 6.627048633e-02 -5.968687787e+01 8.414306161e-01 4.657862359e-02 5.383539264e-01 7.801270217e+02
5.244036287e-01 1.084250581e-01 -8.445382413e-01 2.756128566e+02 -1.039899964e-01 9.925898056e-01 6.286142331e-02 -5.958197277e+01 8.450958022e-01 5.485877014e-02 5.317928172e-01 7.807954273e+02
5.159226784e-01 1.084126653e-01 -8.497473059e-01 2.744503974e+02 -1.032758594e-01 9.925958701e-01 6.393383717e-02 -5.951839256e+01 8.503869042e-01 5.477346674e-02 5.232991310e-01 7.815117971e+02
5.045512049e-01 1.081926425e-01 -8.565759942e-01 2.733102733e+02 -1.006932694e-01 9.927208386e-01 6.607724329e-02 -5.946914507e+01 8.574899108e-01 5.291208467e-02 5.117727661e-01 7.822548961e+02
4.940325942e-01 1.089891590e-01 -8.625851605e-01 2.721534424e+02 -1.015792013e-01 9.925529743e-01 6.723287184e-02 -5.939579088e+01 8.634891208e-01 5.440548159e-02 5.014245525e-01 7.829488678e+02
4.853320004e-01 1.139124580e-01 -8.668776161e-01 2.709902359e+02 -1.061022279e-01 9.918223131e-01 7.092824862e-02 -5.931591400e+01 8.678681735e-01 5.755389760e-02 4.934494729e-01 7.836195505e+02
4.767226525e-01 1.154664340e-01 -8.714373272e-01 2.698372761e+02 -1.097071805e-01 9.914000649e-01 7.134595927e-02 -5.921609503e+01 8.721810862e-01 6.159069721e-02 4.852903656e-01 7.842730585e+02
4.686630116e-01 1.184263262e-01 -8.754028712e-01 2.686603396e+02 -1.099916423e-01 9.910844134e-01 7.518991981e-02 -5.914828132e+01 8.765026071e-01 6.104826522e-02 4.775105121e-01 7.848861859e+02
4.617984299e-01 1.271280092e-01 -8.778272492e-01 2.674953770e+02 -1.257479132e-01 9.890628641e-01 7.708510304e-02 -5.900015991e+01 8.780260090e-01 7.478716521e-02 4.727337596e-01 7.854697576e+02
4.560545179e-01 1.280396055e-01 -8.806929863e-01 2.663369553e+02 -1.294504962e-01 9.886153580e-01 7.669578148e-02 -5.890971736e+01 8.804867096e-01 7.902868646e-02 4.674372909e-01 7.860643325e+02
4.524056452e-01 1.246391312e-01 -8.830595785e-01 2.651761341e+02 -1.298896789e-01 9.888357414e-01 7.302429561e-02 -5.882544801e+01 8.823025578e-01 8.166372156e-02 4.635442083e-01 7.866448823e+02
4.472617742e-01 1.207773983e-01 -8.862108809e-01 2.640225721e+02 -1.226417427e-01 9.897630447e-01 7.299396050e-02 -5.879087657e+01 8.859548004e-01 7.603903856e-02 4.574955260e-01 7.872407076e+02
4.443115446e-01 1.207938087e-01 -8.876914482e-01 2.628672294e+02 -1.143697377e-01 9.904086206e-01 7.752630126e-02 -5.876415373e+01 8.885419599e-01 6.707920740e-02 4.538651402e-01 7.878161928e+02
4.400366930e-01 1.264697987e-01 -8.890293014e-01 2.617151113e+02 -1.140310448e-01 9.898876463e-01 8.437635005e-02 -5.869260926e+01 8.907101827e-01 6.424825007e-02 4.500083697e-01 7.884032557e+02
4.377503663e-01 1.280534016e-01 -8.899308643e-01 2.605708751e+02 -1.093841537e-01 9.900382807e-01 8.865274746e-02 -5.862734665e+01 8.924179087e-01 5.853656179e-02 4.473966330e-01 7.889628270e+02
4.321020498e-01 1.300513359e-01 -8.923981559e-01 2.594484733e+02 -1.153082684e-01 9.893925342e-01 8.835392715e-02 -5.851206850e+01 8.944226193e-01 6.472297302e-02 4.425145364e-01 7.895323999e+02
4.270214189e-01 1.312872384e-01 -8.946599180e-01 2.583247117e+02 -1.155544864e-01 9.892146512e-01 9.000852437e-02 -5.842322483e+01 8.968276693e-01 6.494639951e-02 4.375866734e-01 7.900826600e+02
4.227754305e-01 1.310666164e-01 -8.967064611e-01 2.572057190e+02 -1.140824222e-01 9.893117887e-01 9.081511857e-02 -5.833619810e+01 8.990251033e-01 6.390404422e-02 4.332091145e-01 7.906137331e+02
4.171830664e-01 1.303835541e-01 -8.994211571e-01 2.561019745e+02 -1.177972212e-01 9.890647102e-01 8.874014753e-02 -5.822882604e+01 9.011559819e-01 6.892842617e-02 4.279798690e-01 7.911419744e+02
4.119923567e-01 1.305991439e-01 -9.017794418e-01 2.549922992e+02 -1.199572070e-01 9.888353046e-01 8.840253854e-02 -5.813361614e+01 9.032566449e-01 7.175377296e-02 4.230588960e-01 7.916371633e+02
4.073505936e-01 1.278217736e-01 -9.042826373e-01 2.538817647e+02 -1.126933160e-01 9.896250745e-01 8.912030346e-02 -5.806372532e+01 9.062922875e-01 6.560340045e-02 4.175290210e-01 7.921297488e+02
4.038257581e-01 1.304793978e-01 -9.054832322e-01 2.527748091e+02 -1.126535058e-01 9.893361026e-01 9.232152346e-02 -5.795775168e+01 9.078733087e-01 6.472405137e-02 4.142183632e-01 7.925962692e+02
4.003286279e-01 1.340906653e-01 -9.065079609e-01 2.516828266e+02 -1.092667459e-01 9.891634880e-01 9.806310324e-02 -5.787860881e+01 9.098339233e-01 5.979370748e-02 4.106421126e-01 7.930736804e+02
3.966580301e-01 1.362747217e-01 -9.077949148e-01 2.505993736e+02 -1.079682129e-01 9.889813245e-01 1.012857581e-01 -5.778748483e+01 9.115949057e-01 5.783718535e-02 4.070007222e-01 7.935354658e+02
3.919654781e-01 1.340178922e-01 -9.101660665e-01 2.495475898e+02 -1.069281630e-01 9.892638990e-01 9.961579247e-02 -5.769445221e+01 9.137447302e-01 5.827643382e-02 4.020875842e-01 7.940127095e+02
3.879137852e-01 1.301146062e-01 -9.124653881e-01 2.484224930e+02 -1.072819824e-01 9.896304811e-01 9.550961783e-02 -5.759037693e+01 9.154307574e-01 6.084159832e-02 3.978502588e-01 7.944999501e+02
3.842527885e-01 1.280308976e-01 -9.143073246e-01 2.472736198e+02 -1.065643025e-01 9.898690072e-01 9.382642449e-02 -5.751084867e+01 9.170571650e-01 6.137945707e-02 3.940034496e-01 7.949782186e+02
3.811242411e-01 1.291397024e-01 -9.154601302e-01 2.461257039e+02 -1.106893613e-01 9.894476368e-01 9.349459550e-02 -5.739181893e+01 9.178737267e-01 6.569864035e-02 3.913968709e-01 7.954361046e+02
3.781486062e-01 1.300146412e-01 -9.165695962e-01 2.450326365e+02 -1.023761713e-01 9.898890173e-01 9.817766078e-02 -5.733972997e+01 9.200667102e-01 5.670914042e-02 3.876355533e-01 7.959011400e+02
3.750559922e-01 1.318161288e-01 -9.175824273e-01 2.439339581e+02 -1.000480494e-01 9.898126179e-01 1.012984167e-01 -5.723882468e+01 9.215874297e-01 5.380975384e-02 3.844231001e-01 7.963573647e+02
3.733591857e-01 1.338547296e-01 -9.179792099e-01 2.428641624e+02 -9.774630347e-02 9.897036391e-01 1.045579592e-01 -5.716195808e+01 9.225229420e-01 5.069139993e-02 3.825987498e-01 7.967732150e+02
3.732655067e-01 1.349484731e-01 -9.178571627e-01 2.417924696e+02 -9.640663532e-02 9.896496763e-01 1.062980659e-01 -5.706965598e+01 9.227018057e-01 4.881011934e-02 3.824120161e-01 7.971558523e+02
3.722205305e-01 1.322841281e-01 -9.186690297e-01 2.407797959e+02 -9.561947376e-02 9.899899420e-01 1.038115165e-01 -5.698008954e+01 9.232057154e-01 4.920187145e-02 3.811435201e-01 7.975441259e+02
3.716414815e-01 1.301067451e-01 -9.192142537e-01 2.397846521e+02 -9.505962392e-02 9.902599328e-01 1.017297076e-01 -5.689639131e+01 9.234967662e-01 4.957318203e-02 3.803895667e-01 7.979570614e+02
3.714226214e-01 1.340854764e-01 -9.187308209e-01 2.388068832e+02 -1.102679216e-01 9.888841578e-01 9.974521462e-02 -5.675408558e+01 9.218927388e-01 6.425890901e-02 3.820792729e-01 7.982886744e+02
3.715355561e-01 1.369895338e-01 -9.182566080e-01 2.378488312e+02 -1.102553196e-01 9.885655802e-01 1.028681586e-01 -5.667939694e+01 9.218487376e-01 6.302349730e-02 3.823910874e-01 7.986743223e+02
3.718903998e-01 1.392125729e-01 -9.177785082e-01 2.369284001e+02 -1.144878496e-01 9.880208811e-01 1.034759432e-01 -5.657900301e+01 9.211894826e-01 6.659277795e-02 3.833736286e-01 7.990480184e+02
3.712308051e-01 1.390194041e-01 -9.180747762e-01 2.360411352e+02 -1.197449810e-01 9.876401938e-01 1.011335111e-01 -5.649096635e+01 9.207870703e-01 7.239097191e-02 3.832893402e-01 7.994514950e+02
3.710413738e-01 1.357441458e-01 -9.186412933e-01 2.351846072e+02 -1.216890879e-01 9.878350142e-01 9.681813186e-02 -5.640233224e+01 9.206085296e-01 7.586508843e-02 3.830462420e-01 7.998402625e+02
3.708593937e-01 1.334216449e-01 -9.190549357e-01 2.343158703e+02 -1.212612143e-01 9.881106370e-01 9.451500967e-02 -5.632300213e+01 9.207383059e-01 7.639393829e-02 3.826289824e-01 8.001591193e+02
3.713253331e-01 1.355428334e-01 -9.185562788e-01 2.334878497e+02 -1.225921961e-01 9.877837064e-01 9.620032684e-02 -5.625325132e+01 9.203741904e-01 7.688621308e-02 3.834056074e-01 8.005349151e+02
3.737172041e-01 1.388373331e-01 -9.170930412e-01 2.326531863e+02 -1.195973944e-01 9.876932700e-01 1.007892237e-01 -5.620249647e+01 9.197999318e-01 7.201527131e-02 3.857225507e-01 8.008364488e+02
3.768580873e-01 1.369374359e-01 -9.160928559e-01 2.318635776e+02 -1.169264055e-01 9.881330832e-01 9.960534959e-02 -5.614086146e+01 9.188613594e-01 6.957836325e-02 3.883975459e-01 8.011835968e+02
3.787006227e-01 1.314384051e-01 -9.161385179e-01 2.311009011e+02 -1.121214663e-01 9.890892547e-01 9.555743302e-02 -5.609681978e+01 9.187026805e-01 6.653113455e-02 3.893057833e-01 8.015173875e+02
3.799856680e-01 1.280383337e-01 -9.160879200e-01 2.303593322e+02 -1.144764430e-01 9.892692439e-01 9.078274701e-02 -5.602280079e+01 9.178812756e-01 7.037434378e-02 3.905655075e-01 8.018530796e+02
3.809163503e-01 1.255501513e-01 -9.160457923e-01 2.296414998e+02 -1.097002439e-01 9.898769274e-01 9.005290143e-02 -5.597136058e+01 9.180787497e-01 6.618782429e-02 3.908331887e-01 8.021881601e+02
3.787684987e-01 1.268556814e-01 -9.167562710e-01 2.289364868e+02 -1.060165139e-01 9.899882080e-01 9.318715959e-02 -5.591477689e+01 9.193992186e-01 6.189494345e-02 3.884251444e-01 8.025087409e+02
3.789656044e-01 1.287513919e-01 -9.164104702e-01 2.282227186e+02 -1.054544243e-01 9.898318801e-01 9.545791489e-02 -5.588262096e+01 9.193826380e-01 6.046427215e-02 3.886896406e-01 8.027408944e+02
3.716692770e-01 1.263371129e-01 -9.197287005e-01 2.275709898e+02 -1.051737564e-01 9.900490672e-01 9.349505649e-02 -5.583232546e+01 9.223884374e-01 6.198208223e-02 3.812581697e-01 8.030574436e+02
3.639909159e-01 1.233207872e-01 -9.232023595e-01 2.269155697e+02 -1.044810613e-01 9.903460086e-01 9.109605416e-02 -5.580117653e+01 9.255238090e-01 6.329902611e-02 3.733616375e-01 8.033070198e+02
3.531767311e-01 1.199955283e-01 -9.278293323e-01 2.262831446e+02 -1.031417260e-01 9.906891042e-01 8.886440852e-02 -5.573930813e+01 9.298537417e-01 6.431307747e-02 3.622648853e-01 8.035693610e+02
3.385698021e-01 1.165796189e-01 -9.336914274e-01 2.256577372e+02 -9.952015754e-02 9.911659751e-01 8.766839799e-02 -5.566685418e+01 9.356635225e-01 6.323924579e-02 3.471808901e-01 8.038081291e+02
3.198024435e-01 1.178034291e-01 -9.401323041e-01 2.250408476e+02 -9.667995522e-02 9.911187609e-01 9.130491780e-02 -5.563666117e+01 9.425387968e-01 6.169241325e-02 3.283514318e-01 8.040491625e+02
2.996870808e-01 1.210513918e-01 -9.463266953e-01 2.244086304e+02 -9.627297698e-02 9.906915332e-01 9.623824617e-02 -5.559438715e+01 9.491676182e-01 6.226432910e-02 3.085514314e-01 8.041913840e+02
2.749787874e-01 1.244886893e-01 -9.533568234e-01 2.237883920e+02 -9.649970440e-02 9.901483830e-01 1.014592861e-01 -5.556189153e+01 9.565952506e-01 6.409950017e-02 2.842829235e-01 8.043577163e+02
2.468369159e-01 1.277928698e-01 -9.605938368e-01 2.231932341e+02 -9.949404708e-02 9.893701535e-01 1.060548628e-01 -5.551005088e+01 9.639359271e-01 6.939511319e-02 2.569277072e-01 8.045011990e+02
2.180295803e-01 1.259934156e-01 -9.677751605e-01 2.226149090e+02 -9.827720451e-02 9.894255105e-01 1.066712250e-01 -5.543811914e+01 9.709813043e-01 7.185275495e-02 2.281063094e-01 8.046562215e+02
1.879791802e-01 1.243804613e-01 -9.742655329e-01 2.220321824e+02 -9.495921779e-02 9.896035221e-01 1.080167399e-01 -5.538161882e+01 9.775717747e-01 7.221059472e-02 1.978359301e-01 8.047039169e+02
1.511124891e-01 1.231914570e-01 -9.808103183e-01 2.214625917e+02 -9.161999463e-02 9.896787564e-01 1.101895448e-01 -5.533443565e+01 9.842615467e-01 7.321081972e-02 1.608396209e-01 8.047743853e+02
1.114499119e-01 1.194278027e-01 -9.865677458e-01 2.208890718e+02 -8.900375180e-02 9.899625012e-01 1.097842358e-01 -5.527584117e+01 9.897763633e-01 7.557278738e-02 1.209607560e-01 8.047903966e+02
6.544386382e-02 1.161232783e-01 -9.910764274e-01 2.203197246e+02 -8.237548218e-02 9.904442313e-01 1.106096949e-01 -5.522073628e+01 9.944502907e-01 7.440167277e-02 7.438420843e-02 8.048219054e+02
2.153318509e-02 1.153139644e-01 -9.930956709e-01 2.197551001e+02 -7.721541807e-02 9.905507908e-01 1.133442104e-01 -5.512448970e+01 9.967818724e-01 7.424163555e-02 3.023372949e-02 8.047476293e+02
-3.459836647e-02 1.200224374e-01 -9.921681146e-01 2.191420911e+02 -6.926464753e-02 9.900873539e-01 1.221860885e-01 -5.506528192e+01 9.969981753e-01 7.294961382e-02 -2.594209329e-02 8.047407565e+02
-9.208892266e-02 1.244229644e-01 -9.879466363e-01 2.185634034e+02 -6.203427925e-02 9.895184341e-01 1.304032851e-01 -5.501651763e+01 9.938165719e-01 7.329525555e-02 -8.340519763e-02 8.046537062e+02
-1.541251784e-01 1.283972237e-01 -9.796732018e-01 2.179308290e+02 -5.820843159e-02 9.886185110e-01 1.387271356e-01 -5.496145833e+01 9.863352411e-01 7.840658506e-02 -1.448972033e-01 8.045360299e+02
-2.194458980e-01 1.296326549e-01 -9.669740806e-01 2.173695943e+02 -4.889709112e-02 9.884263224e-01 1.436052912e-01 -5.487594504e+01 9.743985695e-01 7.879581182e-02 -2.105674422e-01 8.044138699e+02
-2.733678816e-01 1.286232243e-01 -9.532712455e-01 2.168671367e+02 -4.008239314e-02 9.886356808e-01 1.448892417e-01 -5.479637623e+01 9.610740882e-01 7.781745789e-02 -2.651057151e-01 8.041425324e+02
-3.446296646e-01 1.313017803e-01 -9.295107513e-01 2.162275683e+02 -3.003797419e-02 9.881203495e-01 1.507179318e-01 -5.471563722e+01 9.382580212e-01 7.986249022e-02 -3.365915451e-01 8.040009139e+02
-4.075357787e-01 1.318598222e-01 -9.036191545e-01 2.157025593e+02 -2.095917783e-02 9.879088747e-01 1.536123961e-01 -5.462915981e+01 9.129486853e-01 8.154166199e-02 -3.998445390e-01 8.038058011e+02
-4.639456583e-01 1.296070865e-01 -8.763312326e-01 2.152252087e+02 -1.319332699e-02 9.881187602e-01 1.531249549e-01 -5.453030172e+01 8.857654104e-01 8.260338249e-02 -4.567234601e-01 8.035113743e+02
-5.227740372e-01 1.330508300e-01 -8.420242174e-01 2.146267511e+02 6.704217680e-04 9.878088155e-01 1.556704676e-01 -5.445948652e+01 8.524710298e-01 8.081596745e-02 -5.164900026e-01 8.031827792e+02
-5.731125413e-01 1.307129441e-01 -8.089846360e-01 2.141975449e+02 8.744073135e-03 9.881158999e-01 1.534617530e-01 -5.437437889e+01 8.194300191e-01 8.087703443e-02 -5.674445780e-01 8.028166678e+02
-6.228728611e-01 1.295933387e-01 -7.715147215e-01 2.137778427e+02 1.580716496e-02 9.880677469e-01 1.532065958e-01 -5.432201987e+01 7.821633669e-01 8.323277022e-02 -6.174890878e-01 8.024293402e+02
-6.686442220e-01 1.286347629e-01 -7.323714919e-01 2.132833513e+02 2.616990698e-02 9.883837986e-01 1.497083921e-01 -5.420852356e+01 7.431218207e-01 8.093555755e-02 -6.642434758e-01 8.019352511e+02
-7.124924073e-01 1.298233394e-01 -6.895654212e-01 2.128657858e+02 3.756473858e-02 9.883831047e-01 1.472675415e-01 -5.414381061e+01 7.006735759e-01 7.902366035e-02 -7.090922374e-01 8.015176568e+02
-7.508490426e-01 1.246687900e-01 -6.486011162e-01 2.123973696e+02 4.236575760e-02 9.890925980e-01 1.410708162e-01 -5.404028699e+01 6.591136911e-01 7.844440963e-02 -7.479409180e-01 8.010012458e+02
-7.825758396e-01 1.164890716e-01 -6.115597693e-01 2.120525737e+02 4.354756875e-02 9.901747292e-01 1.328819583e-01 -5.396226943e+01 6.210303249e-01 7.735826902e-02 -7.799596360e-01 8.005057621e+02
-8.165109811e-01 1.124434371e-01 -5.662740424e-01 2.116233319e+02 5.004123367e-02 9.909425728e-01 1.246141740e-01 -5.388693468e+01 5.751571026e-01 7.341178983e-02 -8.147423007e-01 8.000610082e+02
-8.440343098e-01 9.998532328e-02 -5.268861537e-01 2.112198758e+02 4.738741408e-02 9.925282304e-01 1.124372926e-01 -5.375800940e+01 5.341914608e-01 6.993316036e-02 -8.424659259e-01 7.995052862e+02
-8.631543213e-01 9.240058940e-02 -4.964138884e-01 2.109352223e+02 4.419424645e-02 9.931659146e-01 1.080200662e-01 -5.369599423e+01 5.030024713e-01 7.129934918e-02 -8.613390254e-01 7.989303685e+02
-8.807270949e-01 8.680095238e-02 -4.656021682e-01 2.106925263e+02 4.143995042e-02 9.934152375e-01 1.068124355e-01 -5.363951658e+01 4.718077096e-01 7.477807529e-02 -8.785247433e-01 7.982607263e+02
-8.963330156e-01 7.851157261e-02 -4.363749055e-01 2.104816246e+02 3.669931597e-02 9.939575211e-01 1.034485690e-01 -5.356273992e+01 4.418600292e-01 7.670970728e-02 -8.937982632e-01 7.976319478e+02
-9.113174773e-01 7.557781403e-02 -4.047078571e-01 2.102529720e+02 3.851440387e-02 9.943453738e-01 9.896422731e-02 -5.351761574e+01 4.098988854e-01 7.460074812e-02 -9.090751521e-01 7.969984806e+02
-9.257923418e-01 7.059079244e-02 -3.713831982e-01 2.099969441e+02 3.842366995e-02 9.948943251e-01 9.332150616e-02 -5.347478359e+01 3.760746754e-01 7.212643030e-02 -9.237779044e-01 7.963043889e+02
-9.381165308e-01 6.037678372e-02 -3.410161559e-01 2.098156844e+02 3.334839520e-02 9.958587467e-01 8.457683558e-02 -5.338711213e+01 3.447103990e-01 6.797058604e-02 -9.362450215e-01 7.956286010e+02
-9.482900965e-01 5.110439167e-02 -3.132638409e-01 2.096500208e+02 2.669773916e-02 9.962981827e-01 8.171390237e-02 -5.332059445e+01 3.162801347e-01 6.912504805e-02 -9.461440716e-01 7.948845686e+02
-9.563207533e-01 4.568107340e-02 -2.887279973e-01 2.094806647e+02 2.173303024e-02 9.960914336e-01 8.561268141e-02 -5.327920601e+01 2.915103639e-01 7.559824968e-02 -9.535756983e-01 7.941498826e+02
-9.629027023e-01 4.014726984e-02 -2.668456157e-01 2.092999269e+02 1.693476603e-02 9.959119431e-01 8.872775926e-02 -5.320564743e+01 2.693169130e-01 8.091723109e-02 -9.596461859e-01 7.933999402e+02
-9.680905881e-01 3.853690875e-02 -2.476197082e-01 2.091180502e+02 1.709495431e-02 9.959590664e-01 8.816632347e-02 -5.311616286e+01 2.500167510e-01 8.111994034e-02 -9.648373850e-01 7.926198004e+02
-9.725755863e-01 3.470584005e-02 -2.299831159e-01 2.089528885e+02 1.614758253e-02 9.964940605e-01 8.209045630e-02 -5.303833121e+01 2.320258273e-01 7.612550232e-02 -9.697262105e-01 7.918439762e+02
-9.769439781e-01 2.928069935e-02 -2.114783778e-01 2.087437847e+02 1.472453778e-02 9.974326710e-01 7.008034487e-02 -5.300884399e+01 2.129874448e-01 6.535064954e-02 -9.748669863e-01 7.910545295e+02
-9.800034563e-01 2.253056422e-02 -1.977007824e-01 2.086000869e+02 1.201612060e-02 9.984565429e-01 5.422310126e-02 -5.296117038e+01 1.986173168e-01 5.076323020e-02 -9.787615930e-01 7.902679862e+02
-9.825718660e-01 1.883970614e-02 -1.849259141e-01 2.084645305e+02 1.150751909e-02 9.991074673e-01 4.064290618e-02 -5.289693482e+01 1.855265621e-01 3.780653768e-02 -9.819116867e-01 7.894555566e+02
-9.847997843e-01 1.863106792e-02 -1.726912510e-01 2.082833279e+02 1.164126764e-02 9.990748097e-01 4.140055002e-02 -5.284606215e+01 1.733028151e-01 3.876090766e-02 -9.841055463e-01 7.886165876e+02
-9.862828122e-01 1.886834450e-02 -1.639823162e-01 2.081508943e+02 1.089049482e-02 9.987189931e-01 4.941426825e-02 -5.279674074e+01 1.647046191e-01 4.695059489e-02 -9.852248627e-01 7.877508133e+02
-9.871822326e-01 1.986604686e-02 -1.583558647e-01 2.080519068e+02 1.120829639e-02 9.984024628e-01 5.537956599e-02 -5.273581140e+01 1.592030584e-01 5.289482412e-02 -9.858278368e-01 7.868672759e+02
-9.878052170e-01 1.880943987e-02 -1.545543859e-01 2.079337580e+02 9.963455539e-03 9.982777702e-01 5.781196230e-02 -5.270811187e+01 1.553756183e-01 5.556706222e-02 -9.862913965e-01 7.859779254e+02
-9.880666320e-01 1.784072302e-02 -1.529903245e-01 2.078516160e+02 9.490073264e-03 9.984335093e-01 5.514042143e-02 -5.263194635e+01 1.537344116e-01 5.303052110e-02 -9.866881445e-01 7.850791912e+02
-9.886207980e-01 1.304336931e-02 -1.498625647e-01 2.076700563e+02 5.585438685e-03 9.987296576e-01 5.007867664e-02 -5.255448626e+01 1.503253826e-01 4.867177310e-02 -9.874377640e-01 7.841855552e+02
-9.883910145e-01 1.008678314e-02 -1.515963699e-01 2.076119934e+02 2.950389003e-03 9.988798552e-01 4.722637165e-02 -5.253800479e+01 1.519029221e-01 4.623085312e-02 -9.873136333e-01 7.832625856e+02
-9.885509297e-01 1.022165541e-02 -1.505409485e-01 2.074789076e+02 3.406423821e-03 9.989603478e-01 4.546008964e-02 -5.249389683e+01 1.508491156e-01 4.442680760e-02 -9.875579999e-01 7.823357528e+02
-9.886816190e-01 8.572205492e-03 -1.497837562e-01 2.073390055e+02 1.544524497e-03 9.988949974e-01 4.697231783e-02 -5.246800861e+01 1.500209011e-01 4.620932256e-02 -9.876023632e-01 7.813943577e+02
-9.887281737e-01 1.094605241e-02 -1.493210718e-01 2.072030888e+02 3.570195180e-03 9.987640298e-01 4.957485748e-02 -5.245423721e+01 1.496791644e-01 4.848295293e-02 -9.875452147e-01 7.804407187e+02
-9.886774251e-01 1.037599643e-02 -1.496973204e-01 2.070643609e+02 2.625541255e-03 9.986499171e-01 5.187918249e-02 -5.241696012e+01 1.500335149e-01 5.089874007e-02 -9.873698713e-01 7.794871118e+02
-9.887223424e-01 8.478003664e-03 -1.495200760e-01 2.069226237e+02 6.707551040e-04 9.986370162e-01 5.218869556e-02 -5.235354742e+01 1.497587385e-01 5.149983797e-02 -9.873804165e-01 7.785227947e+02
-9.888218337e-01 5.782607171e-03 -1.489897404e-01 2.067855919e+02 -1.932316027e-03 9.986667458e-01 5.158485236e-02 -5.226972261e+01 1.490893941e-01 5.129612357e-02 -9.874923090e-01 7.775487824e+02
-9.888250494e-01 7.914445352e-03 -1.488703572e-01 2.066507563e+02 -1.879776730e-04 9.985228326e-01 5.433339167e-02 -5.223534903e+01 1.490804694e-01 5.375420300e-02 -9.873629015e-01 7.765578071e+02
-9.888337983e-01 8.256610967e-03 -1.487936413e-01 2.064974098e+02 -2.678908983e-04 9.983638567e-01 5.717987322e-02 -5.220292729e+01 1.490223055e-01 5.658125168e-02 -9.872137126e-01 7.755654674e+02
-9.890073226e-01 7.972115584e-03 -1.476514856e-01 2.063054415e+02 -7.098190419e-04 9.982780981e-01 5.865436828e-02 -5.217390696e+01 1.478648436e-01 5.811440557e-02 -9.872986903e-01 7.745722489e+02
-9.892532033e-01 1.012713975e-02 -1.458613750e-01 2.061360451e+02 1.627287676e-03 9.982992240e-01 5.827530561e-02 -5.213816099e+01 1.462034597e-01 5.741167433e-02 -9.875871850e-01 7.735707202e+02
-9.893187876e-01 8.464762980e-03 -1.455221090e-01 2.059958221e+02 1.255476440e-04 9.983616201e-01 5.721940050e-02 -5.205910789e+01 1.457680372e-01 5.658995798e-02 -9.876989703e-01 7.725560014e+02
-9.893247465e-01 5.807209849e-03 -1.456118892e-01 2.058586746e+02 -2.521787975e-03 9.983738326e-01 5.695025076e-02 -5.201478400e+01 1.457058219e-01 5.670949470e-02 -9.877012943e-01 7.715327852e+02
-9.893333397e-01 4.627943400e-03 -1.455957595e-01 2.056954909e+02 -3.494855767e-03 9.984534111e-01 5.548487969e-02 -5.195110327e+01 1.456273636e-01 5.540187751e-02 -9.877870737e-01 7.705007676e+02
-9.894218147e-01 3.653950181e-03 -1.450211063e-01 2.055483801e+02 -4.590280059e-03 9.983935641e-01 5.647318366e-02 -5.190109866e+01 1.449944894e-01 5.654148735e-02 -9.878155993e-01 7.694574295e+02
-9.894814334e-01 2.216581437e-03 -1.446429389e-01 2.053956609e+02 -6.115634386e-03 9.983477101e-01 5.713535512e-02 -5.182948682e+01 1.445305920e-01 5.741895641e-02 -9.878329674e-01 7.683999083e+02
-9.892944739e-01 -1.104245220e-03 -1.459288341e-01 2.052611293e+02 -9.731441919e-03 9.982447440e-01 5.841857629e-02 -5.178367628e+01 1.456081832e-01 5.921327267e-02 -9.875687547e-01 7.673329548e+02
-9.892479383e-01 -5.066350838e-03 -1.461603524e-01 2.051171638e+02 -1.353907179e-02 9.982805275e-01 5.703228904e-02 -5.172627634e+01 1.456200881e-01 5.839794986e-02 -9.876155474e-01 7.662613723e+02
-9.892483309e-01 -4.996071306e-03 -1.461601144e-01 2.049725448e+02 -1.335556577e-02 9.983263221e-01 5.626885071e-02 -5.167759320e+01 1.456343663e-01 5.761591767e-02 -9.876593732e-01 7.651777929e+02
-9.890012120e-01 -8.759492740e-03 -1.476478038e-01 2.048363741e+02 -1.719213531e-02 9.982864304e-01 5.593418733e-02 -5.162617392e+01 1.469048439e-01 5.785736008e-02 -9.874570840e-01 7.640799869e+02
-9.889753290e-01 -1.337035534e-02 -1.474755306e-01 2.046590129e+02 -2.175314314e-02 9.982285633e-01 5.537631401e-02 -5.157430191e+01 1.464738861e-01 5.797386470e-02 -9.875142691e-01 7.629832111e+02
-9.890129033e-01 -1.270801797e-02 -1.472819861e-01 2.045366458e+02 -2.137527092e-02 9.981215133e-01 5.741552552e-02 -5.150777866e+01 1.462756813e-01 5.993288794e-02 -9.874266930e-01 7.618720680e+02
-9.890282486e-01 -1.111969955e-02 -1.473074190e-01 2.043554889e+02 -2.043845362e-02 9.978731398e-01 6.189884084e-02 -5.144769452e+01 1.463058202e-01 6.423043800e-02 -9.871519933e-01 7.607632225e+02
-9.890335991e-01 -1.041422250e-02 -1.473230592e-01 2.041680096e+02 -2.052898017e-02 9.975212891e-01 6.730407678e-02 -5.139958091e+01 1.462569683e-01 6.959038546e-02 -9.867958641e-01 7.596516279e+02
-9.891584139e-01 -7.694152829e-03 -1.466507148e-01 2.040072217e+02 -1.780417567e-02 9.975433119e-01 6.775213800e-02 -5.130811525e+01 1.457691445e-01 6.962859245e-02 -9.868653483e-01 7.585344009e+02
-9.899918804e-01 -5.253817573e-03 -1.410265013e-01 2.037124718e+02 -1.511405649e-02 9.975064541e-01 6.893793848e-02 -5.126889117e+01 1.403126579e-01 7.037948186e-02 -9.876026967e-01 7.574378051e+02
-9.898377070e-01 -5.845385443e-03 -1.420814739e-01 2.035923915e+02 -1.538014379e-02 9.976942982e-01 6.610248529e-02 -5.116501305e+01 1.413674819e-01 6.761596597e-02 -9.876453393e-01 7.563106610e+02
-9.903393504e-01 -6.986509581e-03 -1.384888434e-01 2.033291429e+02 -1.638844715e-02 9.976273657e-01 6.686597076e-02 -5.108804301e+01 1.376931003e-01 6.848961913e-02 -9.881041353e-01 7.552005009e+02
-9.903430417e-01 -5.333633058e-03 -1.385359594e-01 2.031772435e+02 -1.509677137e-02 9.974663978e-01 6.951886549e-02 -5.102470602e+01 1.378141762e-01 7.093897042e-02 -9.879144271e-01 7.540570145e+02
-9.902435289e-01 -8.341850637e-03 -1.390976889e-01 2.030628492e+02 -1.837374839e-02 9.973075070e-01 7.099395586e-02 -5.092096489e+01 1.381309484e-01 7.285705132e-02 -9.877305762e-01 7.529144291e+02
-9.903322941e-01 -5.763801726e-03 -1.385955479e-01 2.028859497e+02 -1.552595201e-02 9.974640011e-01 6.945870260e-02 -5.085775507e+01 1.378437235e-01 7.093902412e-02 -9.879103010e-01 7.517772519e+02
-9.905430825e-01 -1.945495440e-03 -1.371882530e-01 2.027523531e+02 -1.116786203e-02 9.977248177e-01 6.648659194e-02 -5.078559238e+01 1.367467754e-01 6.738993320e-02 -9.883111435e-01 7.506316188e+02
-9.905170388e-01 -2.957452640e-03 -1.373581060e-01 2.025945942e+02 -1.206287898e-02 9.977793447e-01 6.550470350e-02 -5.068785298e+01 1.368593540e-01 6.654045914e-02 -9.883531173e-01 7.494878752e+02
-9.900685426e-01 1.112378208e-03 -1.405810925e-01 2.025369265e+02 -8.750965899e-03 9.975419256e-01 6.952357376e-02 -5.066830469e+01 1.403128702e-01 7.006332370e-02 -9.876251461e-01 7.483230003e+02
-9.903057939e-01 2.227903483e-03 -1.388865397e-01 2.023447319e+02 -7.791879064e-03 9.974059927e-01 7.155817465e-02 -5.058486599e+01 1.386856917e-01 7.194666208e-02 -9.877195739e-01 7.471737340e+02
-9.902819891e-01 -5.927273136e-04 -1.390727535e-01 2.021997259e+02 -1.075638419e-02 9.973219271e-01 7.234137052e-02 -5.049474954e+01 1.386574278e-01 7.313427626e-02 -9.876363174e-01 7.460175931e+02
-9.901900628e-01 -2.912920141e-03 -1.396966517e-01 2.020336804e+02 -1.330882769e-02 9.972033541e-01 7.354145617e-02 -5.042110916e+01 1.390917493e-01 7.467921777e-02 -9.874596193e-01 7.448589564e+02
-9.902827284e-01 -4.437262384e-04 -1.390680444e-01 2.018267140e+02 -1.083282618e-02 9.972025824e-01 7.395714636e-02 -5.033711832e+01 1.386461963e-01 7.474498464e-02 -9.875173009e-01 7.436989328e+02
-9.899412238e-01 1.712246590e-03 -1.414688719e-01 2.017128095e+02 -8.743561654e-03 9.972749713e-01 7.325422656e-02 -5.026664542e+01 1.412087945e-01 7.375432049e-02 -9.872286344e-01 7.425189292e+02
-9.895676460e-01 2.820556449e-05 -1.440689877e-01 2.015452694e+02 -1.036718525e-02 9.973935681e-01 7.140442443e-02 -5.018492813e+01 1.436954957e-01 7.215309808e-02 -9.869881129e-01 7.413495928e+02
-9.894195746e-01 -1.015784376e-03 -1.450788526e-01 2.012851681e+02 -1.157296376e-02 9.973415897e-01 7.194317222e-02 -5.011840997e+01 1.446200948e-01 7.286097516e-02 -9.868010471e-01 7.401885815e+02
-9.889962177e-01 7.950863421e-04 -1.479386673e-01 2.011168415e+02 -1.017459499e-02 9.972522516e-01 7.337863590e-02 -4.999634619e+01 1.475905114e-01 7.407640939e-02 -9.862706153e-01 7.390063652e+02
-9.883121005e-01 5.060207354e-04 -1.524432219e-01 2.009526266e+02 -1.140618124e-02 9.969459455e-01 7.725723790e-02 -4.990769524e+01 1.520167458e-01 7.809305809e-02 -9.852879697e-01 7.378171143e+02
-9.881949517e-01 -6.802473931e-03 -1.530505269e-01 2.006204632e+02 -1.855469102e-02 9.969739237e-01 7.548986014e-02 -4.975886160e+01 1.520738665e-01 7.743850393e-02 -9.853308161e-01 7.366686078e+02
-9.874477283e-01 -1.091919102e-02 -1.575682554e-01 2.003645073e+02 -2.280370530e-02 9.970111970e-01 7.381506672e-02 -4.963004883e+01 1.562913141e-01 7.648166001e-02 -9.847454396e-01 7.354969977e+02
-9.869045898e-01 -1.292554086e-02 -1.607863829e-01 2.001531509e+02 -2.497388068e-02 9.970089306e-01 7.314025968e-02 -4.953078024e+01 1.593600823e-01 7.619791792e-02 -9.842754906e-01 7.343089318e+02
-9.857577452e-01 -1.438052941e-02 -1.675555676e-01 2.000283730e+02 -2.708812708e-02 9.969047932e-01 7.380424623e-02 -4.944008980e+01 1.659756044e-01 7.729187386e-02 -9.830961626e-01 7.331082150e+02
-9.846516534e-01 -2.503146745e-02 -1.727267992e-01 1.998154184e+02 -3.855857193e-02 9.964068693e-01 7.540946481e-02 -4.929992128e+01 1.702185597e-01 8.091215292e-02 -9.820788489e-01 7.319138730e+02
-9.838861792e-01 -2.827735532e-02 -1.765456812e-01 1.995430252e+02 -4.256545699e-02 9.960695913e-01 7.767593627e-02 -4.919527228e+01 1.736553145e-01 8.393902776e-02 -9.812227430e-01 7.307230045e+02
-9.827015221e-01 -3.389261063e-02 -1.820686941e-01 1.993278180e+02 -4.871398466e-02 9.957969057e-01 7.755946262e-02 -4.906371896e+01 1.786747495e-01 8.508709355e-02 -9.802221791e-01 7.295221990e+02
-9.819275476e-01 -3.202520631e-02 -1.865279537e-01 1.991141869e+02 -4.772788647e-02 9.956265610e-01 8.031064615e-02 -4.899356826e+01 1.831402201e-01 8.776182081e-02 -9.791616427e-01 7.283130860e+02
-9.813600766e-01 -2.962726410e-02 -1.898805551e-01 1.988877322e+02 -4.582452860e-02 9.956203751e-01 8.148730705e-02 -4.890742313e+01 1.866347036e-01 8.866957682e-02 -9.784197430e-01 7.271015296e+02
-9.807900532e-01 -2.836790562e-02 -1.929925738e-01 1.986714507e+02 -4.482331572e-02 9.956698749e-01 8.143936765e-02 -4.881543158e+01 1.898466275e-01 8.852548879e-02 -9.778146531e-01 7.258859443e+02
-9.810200822e-01 -2.681947987e-02 -1.920424792e-01 1.983793336e+02 -4.307409751e-02 9.957851750e-01 8.097226343e-02 -4.873458804e+01 1.890614198e-01 8.770747300e-02 -9.780404791e-01 7.246775794e+02
-9.811644646e-01 -2.062844005e-02 -1.920696771e-01 1.981227887e+02 -3.692278919e-02 9.959771627e-01 8.164679470e-02 -4.865483785e+01 1.896127661e-01 8.720068180e-02 -9.779790591e-01 7.234559677e+02
-9.809172366e-01 -1.646943675e-02 -1.937269538e-01 1.979604315e+02 -3.323957086e-02 9.959417888e-01 8.363662043e-02 -4.856886290e+01 1.915633208e-01 8.848000340e-02 -9.774839043e-01 7.222141021e+02
-9.819590992e-01 -1.004389222e-02 -1.888265018e-01 1.976011175e+02 -2.646661537e-02 9.960588848e-01 8.465350759e-02 -4.845969487e+01 1.872320641e-01 8.812388045e-02 -9.783549130e-01 7.210160790e+02
-9.822149458e-01 -6.520533517e-04 -1.877588216e-01 1.973771485e+02 -1.716925652e-02 9.961162591e-01 8.635748391e-02 -4.836733922e+01 1.869733053e-01 8.804529075e-02 -9.784114727e-01 7.197766481e+02
-9.829281436e-01 6.548442469e-03 -1.838732783e-01 1.971912329e+02 -9.879219338e-03 9.960463302e-01 8.828425185e-02 -4.830912161e+01 1.837244285e-01 8.859360022e-02 -9.789772767e-01 7.185229008e+02
-9.845397302e-01 1.248788934e-02 -1.747156897e-01 1.968132134e+02 -2.940745251e-03 9.961363629e-01 8.777071613e-02 -4.821041500e+01 1.751367226e-01 8.692755151e-02 -9.806991023e-01 7.173094507e+02
-9.854624987e-01 1.380553704e-02 -1.693312459e-01 1.966105173e+02 -9.000436455e-04 9.962547057e-01 8.646242711e-02 -4.809415096e+01 1.698907108e-01 8.535788497e-02 -9.817592260e-01 7.160570607e+02
-9.863022994e-01 1.172537097e-02 -1.645305133e-01 1.964363432e+02 -2.912721571e-03 9.960766463e-01 8.844676818e-02 -4.796127060e+01 1.649220731e-01 8.771448241e-02 -9.823985339e-01 7.147954033e+02
-9.875022150e-01 1.697243669e-02 -1.566885821e-01 1.961820668e+02 2.576281411e-03 9.957900686e-01 9.162697184e-02 -4.785732525e+01 1.575840669e-01 9.007816377e-02 -9.833886242e-01 7.135365375e+02
-9.883080593e-01 1.849566385e-02 -1.513442778e-01 1.960432342e+02 4.412071866e-03 9.956686379e-01 9.286817084e-02 -4.771885615e+01 1.524064094e-01 9.111461986e-02 -9.841089434e-01 7.122629935e+02
-9.892984622e-01 2.280249945e-02 -1.441131454e-01 1.958271343e+02 9.186016690e-03 9.954869665e-01 9.445272168e-02 -4.760964943e+01 1.456165161e-01 9.211810655e-02 -9.850431892e-01 7.109986581e+02
-9.904435267e-01 2.333902648e-02 -1.359297988e-01 1.955668573e+02 1.054847757e-02 9.955099474e-01 9.406739220e-02 -4.744348438e+01 1.375149082e-01 9.173458725e-02 -9.862425744e-01 7.097475636e+02
-9.911460744e-01 2.420753620e-02 -1.305505814e-01 1.954472890e+02 1.168514135e-02 9.953275884e-01 9.584596651e-02 -4.736914529e+01 1.322607900e-01 9.347185146e-02 -9.867979005e-01 7.084595288e+02
-9.919715215e-01 2.330849192e-02 -1.242948699e-01 1.952824893e+02 1.195938762e-02 9.957530856e-01 9.128398326e-02 -4.722420009e+01 1.258946922e-01 8.906462124e-02 -9.880374587e-01 7.071872499e+02
-9.925125952e-01 2.826862699e-02 -1.188260622e-01 1.951076913e+02 1.739354869e-02 9.956457038e-01 9.158109476e-02 -4.713197545e+01 1.208975302e-01 8.882858314e-02 -9.886825932e-01 7.059100289e+02
-9.932217197e-01 2.720036044e-02 -1.130077688e-01 1.949698545e+02 1.659762651e-02 9.954596929e-01 9.372576252e-02 -4.700111304e+01 1.150440534e-01 9.121480229e-02 -9.891636496e-01 7.046267904e+02
-9.938030809e-01 3.209062447e-02 -1.064219351e-01 1.948288418e+02 2.178285971e-02 9.950807603e-01 9.664257556e-02 -4.689785446e+01 1.089997407e-01 9.372551525e-02 -9.896133509e-01 7.033395600e+02
-9.941955511e-01 3.660030038e-02 -1.011712619e-01 1.947346187e+02 2.671120258e-02 9.948840777e-01 9.742783792e-02 -4.674487535e+01 1.042195658e-01 9.415991694e-02 -9.900869619e-01 7.020543943e+02
-9.946196073e-01 3.707620148e-02 -9.673258025e-02 1.946825770e+02 2.775212309e-02 9.949929593e-01 9.601474130e-02 -4.659386180e+01 9.980809818e-02 9.281360981e-02 -9.906684498e-01 7.007636599e+02
-9.951431784e-01 3.901750033e-02 -9.037526845e-02 1.944777697e+02 3.012833453e-02 9.947583391e-01 9.771453401e-02 -4.647698871e+01 9.371412881e-02 9.451709563e-02 -9.911025077e-01 6.994799536e+02
-9.953672437e-01 4.174494455e-02 -8.661067907e-02 1.943746609e+02 3.312632720e-02 9.945692597e-01 9.866424888e-02 -4.638561220e+01 9.025905257e-02 9.533806777e-02 -9.913445195e-01 6.981818392e+02
-9.956023090e-01 4.217828062e-02 -8.364828159e-02 1.942058427e+02 3.385717450e-02 9.945595385e-01 9.851404048e-02 -4.624837036e+01 8.734834917e-02 9.524871171e-02 -9.916138103e-01 6.968902336e+02
-9.957900848e-01 4.211363195e-02 -8.141590091e-02 1.940608107e+02 3.400253817e-02 9.945495948e-01 9.856434852e-02 -4.611402364e+01 8.512305396e-02 9.538105369e-02 -9.917945958e-01 6.955931388e+02
-9.957396063e-01 4.187331212e-02 -8.215389311e-02 1.940797930e+02 3.360303430e-02 9.944612289e-01 9.958765162e-02 -4.601008446e+01 8.586892632e-02 9.640274893e-02 -9.916315029e-01 6.942836581e+02
-9.959069870e-01 4.047979196e-02 -8.081249674e-02 1.940311521e+02 3.267731673e-02 9.948794373e-01 9.564046295e-02 -4.587488567e+01 8.427019733e-02 9.260826974e-02 -9.921301539e-01 6.929831046e+02
-9.960646232e-01 3.911624097e-02 -7.953103921e-02 1.940108307e+02 3.172291109e-02 9.952361445e-01 9.218825060e-02 -4.578042404e+01 8.275822266e-02 8.930249901e-02 -9.925603963e-01 6.916781423e+02
-9.965214032e-01 3.715269151e-02 -7.459738972e-02 1.938529239e+02 3.043899129e-02 9.955483760e-01 8.920145074e-02 -4.566333916e+01 7.757938417e-02 8.662048556e-02 -9.932161550e-01 6.903751017e+02
-9.966480305e-01 3.628737384e-02 -7.332073288e-02 1.938238023e+02 2.960844071e-02 9.954825564e-01 9.020986685e-02 -4.558036946e+01 7.626298977e-02 8.773657356e-02 -9.932201418e-01 6.890601377e+02
-9.967924456e-01 3.621268527e-02 -7.136849313e-02 1.937393714e+02 2.965344555e-02 9.954171546e-01 9.091403405e-02 -4.544720817e+01 7.433366366e-02 8.850610061e-02 -9.932981308e-01 6.877450240e+02
-9.969336422e-01 3.624134146e-02 -6.935328590e-02 1.936791084e+02 2.986706699e-02 9.954178658e-01 9.083628569e-02 -4.533035755e+01 7.232752869e-02 8.848636990e-02 -9.934479810e-01 6.864309841e+02
-9.970496370e-01 3.822507298e-02 -6.656474364e-02 1.935564068e+02 3.237352052e-02 9.956935427e-01 8.686958202e-02 -4.520228237e+01 6.959868152e-02 8.445835012e-02 -9.939933655e-01 6.851265094e+02
-9.972189388e-01 3.576943598e-02 -6.538299152e-02 1.935003503e+02 3.010721875e-02 9.958725796e-01 8.562336494e-02 -4.509021620e+01 6.817582789e-02 8.341674109e-02 -9.941799152e-01 6.838127606e+02
-9.973951914e-01 3.193767492e-02 -6.467470175e-02 1.934273637e+02 2.642348160e-02 9.960823849e-01 8.439005928e-02 -4.498515099e+01 6.711655345e-02 8.246130854e-02 -9.943316855e-01 6.824965186e+02
-9.973848602e-01 3.223720249e-02 -6.468541856e-02 1.934142989e+02 2.661757648e-02 9.959454066e-01 8.593166846e-02 -4.490976354e+01 6.719334208e-02 8.398517606e-02 -9.941989464e-01 6.811774868e+02
-9.973687741e-01 3.382281326e-02 -6.412133567e-02 1.933578038e+02 2.823858029e-02 9.958880961e-01 8.607835181e-02 -4.478614792e+01 6.676908691e-02 8.404116474e-02 -9.942227978e-01 6.798611453e+02
-9.974207171e-01 3.251129630e-02 -6.399162929e-02 1.933146899e+02 2.694160178e-02 9.959261287e-01 8.605403158e-02 -4.468703009e+01 6.652866374e-02 8.410803690e-02 -9.942332599e-01 6.785403624e+02
-9.975360510e-01 3.584125289e-02 -6.030946456e-02 1.931564583e+02 3.069138059e-02 9.959718102e-01 8.425077168e-02 -4.456676907e+01 6.308617980e-02 8.219220135e-02 -9.946178040e-01 6.772267758e+02
-9.975988886e-01 3.639589159e-02 -5.892195336e-02 1.931184922e+02 3.131762750e-02 9.958948974e-01 8.492678959e-02 -4.448839202e+01 6.177105892e-02 8.287757512e-02 -9.946434757e-01 6.759052512e+02
-9.977545708e-01 3.694130602e-02 -5.586731017e-02 1.930259904e+02 3.207087170e-02 9.958052115e-01 8.569387373e-02 -4.437770454e+01 5.879860223e-02 8.370974087e-02 -9.947539413e-01 6.745845785e+02
-9.980199036e-01 3.733229967e-02 -5.062184659e-02 1.928967306e+02 3.286991199e-02 9.957279681e-01 8.628662906e-02 -4.427553745e+01 5.362686674e-02 8.445183758e-02 -9.949834402e-01 6.732635277e+02
-9.981042837e-01 3.665658055e-02 -4.943818422e-02 1.928859608e+02 3.237068889e-02 9.958662238e-01 8.486814926e-02 -4.416906299e+01 5.234479398e-02 8.310691524e-02 -9.951649427e-01 6.719343417e+02
-9.982623271e-01 3.511638615e-02 -4.731982393e-02 1.928734003e+02 3.110494109e-02 9.960644403e-01 8.299465883e-02 -4.406026748e+01 5.004806642e-02 8.137856093e-02 -9.954258992e-01 6.706063210e+02
-9.984052365e-01 3.379073431e-02 -4.522355634e-02 1.928334089e+02 3.008476133e-02 9.963199263e-01 8.025902796e-02 -4.393678478e+01 4.776914181e-02 7.877049390e-02 -9.957476178e-01 6.692759409e+02
-9.985266501e-01 3.189056362e-02 -4.390354157e-02 1.927952725e+02 2.839086511e-02 9.965372085e-01 7.815082107e-02 -4.382715994e+01 4.624378649e-02 7.678921804e-02 -9.959743612e-01 6.679380612e+02
-9.987586277e-01 2.875622125e-02 -4.067288211e-02 1.926727365e+02 2.550359572e-02 9.966000378e-01 7.834495004e-02 -4.370863085e+01 4.278750057e-02 7.721039005e-02 -9.960962732e-01 6.666024721e+02
-9.989321719e-01 2.706273385e-02 -3.744495050e-02 1.925663544e+02 2.400337540e-02 9.965162792e-01 7.986953866e-02 -4.360037926e+01 3.947599081e-02 7.888544652e-02 -9.961017681e-01 6.652550592e+02
-9.990002899e-01 2.746502827e-02 -3.527170138e-02 1.925183936e+02 2.435329018e-02 9.960139743e-01 8.580839298e-02 -4.349986989e+01 3.748783741e-02 8.486362749e-02 -9.956871129e-01 6.639017727e+02
-9.990376892e-01 3.008198430e-02 -3.191817282e-02 1.923801349e+02 2.725903647e-02 9.959681902e-01 8.546525106e-02 -4.340442236e+01 3.436044916e-02 8.451294829e-02 -9.958297651e-01 6.625595384e+02
-9.990272620e-01 3.182376417e-02 -3.052503445e-02 1.922941537e+02 2.941376119e-02 9.966440470e-01 7.639027597e-02 -4.330330182e+01 3.285362000e-02 7.541811217e-02 -9.966106301e-01 6.612302856e+02
-9.989725032e-01 3.364084540e-02 -3.036826128e-02 1.923095814e+02 3.140444609e-02 9.969578926e-01 7.133527311e-02 -4.320728563e+01 3.267565666e-02 7.030827792e-02 -9.969899937e-01 6.599012942e+02
-9.989187703e-01 3.680438825e-02 -2.840294558e-02 1.923235853e+02 3.457731197e-02 9.965632839e-01 7.527304044e-02 -4.312911168e+01 3.107571093e-02 7.420955549e-02 -9.967583669e-01 6.585612892e+02
-9.988592455e-01 3.916242144e-02 -2.732238138e-02 1.923071750e+02 3.687898304e-02 9.961453647e-01 7.958864881e-02 -4.303275638e+01 3.033394777e-02 7.849023605e-02 -9.964532776e-01 6.572289177e+02
-9.987870028e-01 4.179119263e-02 -2.603880338e-02 1.923261782e+02 3.956121783e-02 9.959323311e-01 8.095493790e-02 -4.294968462e+01 2.931608955e-02 7.982661301e-02 -9.963775784e-01 6.559026112e+02
-9.989292353e-01 3.964280812e-02 -2.385017046e-02 1.923024601e+02 3.758007936e-02 9.959670030e-01 8.147064846e-02 -4.286460069e+01 2.698370807e-02 8.048712127e-02 -9.963903366e-01 6.545820214e+02
-9.990987908e-01 3.668214092e-02 -2.135478368e-02 1.922573582e+02 3.482095456e-02 9.960386210e-01 8.182033079e-02 -4.275778442e+01 2.427153419e-02 8.100299960e-02 -9.964182890e-01 6.532687063e+02
-9.991523247e-01 3.634939418e-02 -1.932235894e-02 1.922214522e+02 3.460892091e-02 9.958780688e-01 8.383969623e-02 -4.270012035e+01 2.229023567e-02 8.309990140e-02 -9.962919009e-01 6.519554412e+02
-9.992039484e-01 3.561320872e-02 -1.797690054e-02 1.921917224e+02 3.397633997e-02 9.958567192e-01 8.435047788e-02 -4.260915635e+01 2.090640836e-02 8.367254126e-02 -9.962739723e-01 6.506501468e+02
-9.992889271e-01 3.332063912e-02 -1.764582858e-02 1.921578900e+02 3.171307693e-02 9.959060452e-01 8.464886188e-02 -4.249829668e+01 2.039414154e-02 8.402906685e-02 -9.962545834e-01 6.493493690e+02
-9.993872472e-01 3.141006044e-02 -1.544468474e-02 1.920773686e+02 2.992192297e-02 9.956156755e-01 8.862338990e-02 -4.238899644e+01 1.816063627e-02 8.810695100e-02 -9.959454586e-01 6.480502137e+02
-9.994025496e-01 3.097271718e-02 -1.533735983e-02 1.921093500e+02 2.955997551e-02 9.959373820e-01 8.505844464e-02 -4.223790346e+01 1.790954114e-02 8.455425446e-02 -9.962579116e-01 6.467681759e+02
-9.995033238e-01 2.764270227e-02 -1.513230687e-02 1.920844529e+02 2.628290655e-02 9.961457968e-01 8.368249693e-02 -4.214661134e+01 1.738719424e-02 8.324321282e-02 -9.963775655e-01 6.454889032e+02
-9.995162042e-01 2.746737560e-02 -1.459112044e-02 1.920792765e+02 2.622799150e-02 9.965103531e-01 7.924145748e-02 -4.205473425e+01 1.671675745e-02 7.882042501e-02 -9.967486597e-01 6.442111772e+02
-9.995053889e-01 2.894526378e-02 -1.229427892e-02 1.919911255e+02 2.789317477e-02 9.965229245e-01 7.851134832e-02 -4.196174352e+01 1.452406247e-02 7.812958927e-02 -9.968374085e-01 6.429401678e+02
-9.994288480e-01 3.168872647e-02 -1.173892603e-02 1.919613848e+02 3.066158749e-02 9.963846343e-01 7.923084951e-02 -4.190714157e+01 1.420721024e-02 7.882566255e-02 -9.967871739e-01 6.416662680e+02
-9.994910922e-01 2.897938865e-02 -1.333235186e-02 1.920058396e+02 2.779788655e-02 9.962782072e-01 8.159050974e-02 -4.182818932e+01 1.564717470e-02 8.117837649e-02 -9.965767593e-01 6.404046039e+02
-9.994701477e-01 2.983353928e-02 -1.301475133e-02 1.919795759e+02 2.867245719e-02 9.962395261e-01 8.175999551e-02 -4.172844386e+01 1.540499974e-02 8.134350989e-02 -9.965670672e-01 6.391456349e+02
-9.994324597e-01 3.145966523e-02 -1.204358768e-02 1.919093392e+02 3.033607961e-02 9.959842028e-01 8.423295112e-02 -4.162739800e+01 1.464516352e-02 8.381979029e-02 -9.963733045e-01 6.378911921e+02
-9.994301214e-01 3.180833056e-02 -1.129878780e-02 1.918136782e+02 3.074652653e-02 9.959748842e-01 8.419430648e-02 -4.150778044e+01 1.393138920e-02 8.379892747e-02 -9.963852950e-01 6.366465565e+02
-9.994190406e-01 3.199577819e-02 -1.174101808e-02 1.918015440e+02 3.090920046e-02 9.960452418e-01 8.329764495e-02 -4.143138556e+01 1.435975817e-02 8.288634692e-02 -9.964555438e-01 6.354058271e+02
-9.994300325e-01 3.170871277e-02 -1.158307727e-02 1.917645425e+02 3.066316593e-02 9.962098573e-01 8.139834397e-02 -4.132882513e+01 1.412021246e-02 8.099677574e-02 -9.966143396e-01 6.341644546e+02
-9.995172491e-01 2.852107851e-02 -1.232139504e-02 1.917328722e+02 2.737791852e-02 9.960329849e-01 8.466842774e-02 -4.124974394e+01 1.468735075e-02 8.429021984e-02 -9.963329968e-01 6.329266861e+02
-9.995710072e-01 2.669430970e-02 -1.205053141e-02 1.917350750e+02 2.551217486e-02 9.956680799e-01 8.941031069e-02 -4.119702545e+01 1.438507599e-02 8.906451905e-02 -9.959219754e-01 6.316868623e+02
-9.995487749e-01 2.780586576e-02 -1.136135516e-02 1.916509168e+02 2.665951250e-02 9.954992043e-01 9.094286447e-02 -4.109206081e+01 1.383896510e-02 9.059894058e-02 -9.957913009e-01 6.304549278e+02
-9.995942783e-01 2.606848306e-02 -1.147662759e-02 1.916264790e+02 2.488647740e-02 9.953302373e-01 9.326511704e-02 -4.100227201e+01 1.385431458e-02 9.294166453e-02 -9.955751629e-01 6.292236797e+02
-9.996052744e-01 2.519113542e-02 -1.243792808e-02 1.916439359e+02 2.392752506e-02 9.953791360e-01 9.299381251e-02 -4.090783993e+01 1.472307383e-02 9.265949663e-02 -9.955889959e-01 6.279972355e+02
-9.996503661e-01 2.298511053e-02 -1.307020705e-02 1.916986156e+02 2.167086528e-02 9.954225280e-01 9.308256691e-02 -4.081924349e+01 1.514989164e-02 9.276677939e-02 -9.955726018e-01 6.267740088e+02
-9.996899430e-01 2.067777132e-02 -1.387255329e-02 1.916831047e+02 1.931703665e-02 9.955781752e-01 9.192904439e-02 -4.071372899e+01 1.571209905e-02 9.163256453e-02 -9.956689224e-01 6.255508504e+02
-9.997073480e-01 2.005570023e-02 -1.352727971e-02 1.916685980e+02 1.873457981e-02 9.956217105e-01 9.157742707e-02 -4.061693857e+01 1.530470279e-02 9.129719885e-02 -9.957060749e-01 6.243293978e+02
-9.996546870e-01 2.241625610e-02 -1.371197291e-02 1.916462103e+02 2.110855901e-02 9.958042303e-01 8.904135918e-02 -4.048342324e+01 1.565041454e-02 8.872117206e-02 -9.959335410e-01 6.231129221e+02
-9.996072928e-01 2.136304771e-02 -1.813506099e-02 1.917872493e+02 1.966260725e-02 9.958142286e-01 8.926031569e-02 -4.038017690e+01 1.996602415e-02 8.886867994e-02 -9.958432184e-01 6.219031803e+02
-9.995524125e-01 2.364965801e-02 -1.832125631e-02 1.917597140e+02 2.192492605e-02 9.957710436e-01 8.921505637e-02 -4.029442166e+01 2.035368209e-02 8.877343263e-02 -9.958438659e-01 6.206845446e+02
-9.995220682e-01 2.449353680e-02 -1.886005873e-02 1.917366991e+02 2.274390770e-02 9.958631858e-01 8.797289290e-02 -4.018619505e+01 2.093680546e-02 8.750189642e-02 -9.959443098e-01 6.194661431e+02
-9.996096103e-01 2.125486110e-02 -1.813443872e-02 1.917366020e+02 1.955831651e-02 9.958316115e-01 8.908913380e-02 -4.010656593e+01 1.995242450e-02 8.869967523e-02 -9.958585584e-01 6.182406641e+02
-9.996611847e-01 2.079413364e-02 -1.565630530e-02 1.916363199e+02 1.927654469e-02 9.956160853e-01 9.152609153e-02 -4.001338611e+01 1.749087518e-02 9.119328162e-02 -9.956795944e-01 6.170218547e+02
-9.995898830e-01 2.438458122e-02 -1.501525887e-02 1.916158763e+02 2.295810031e-02 9.957861197e-01 8.878586269e-02 -3.991291943e+01 1.711699244e-02 8.840472828e-02 -9.959375546e-01 6.157957513e+02
-9.995017393e-01 2.752328225e-02 -1.545128047e-02 1.915929942e+02 2.611868211e-02 9.960614294e-01 8.473159618e-02 -3.982347115e+01 1.772251615e-02 8.428581068e-02 -9.962840030e-01 6.145702875e+02
-9.993229488e-01 3.401255443e-02 -1.402819133e-02 1.915402723e+02 3.272355889e-02 9.959567298e-01 8.366218376e-02 -3.973120141e+01 1.681703614e-02 8.314648784e-02 -9.963954280e-01 6.133383626e+02
-9.991952735e-01 3.778647854e-02 -1.345315637e-02 1.915156606e+02 3.656036220e-02 9.959626162e-01 8.198662723e-02 -3.962576198e+01 1.649682674e-02 8.142879815e-02 -9.965426261e-01 6.121085268e+02
-9.990131248e-01 4.252171883e-02 -1.283276979e-02 1.914943825e+02 4.133966697e-02 9.958203919e-01 8.144187497e-02 -3.953791133e+01 1.624218235e-02 8.083099957e-02 -9.965954751e-01 6.108747619e+02
-9.989474748e-01 4.403917227e-02 -1.282551377e-02 1.914625477e+02 4.281343676e-02 9.955594183e-01 8.383587657e-02 -3.943348688e+01 1.646062364e-02 8.319853288e-02 -9.963970353e-01 6.096370071e+02
-9.989348445e-01 4.450259094e-02 -1.219409385e-02 1.914373953e+02 4.326694557e-02 9.952123097e-01 8.763806297e-02 -3.934316346e+01 1.603583317e-02 8.701711361e-02 -9.960777450e-01 6.083949812e+02
-9.988195621e-01 4.713839439e-02 -1.172408217e-02 1.914522650e+02 4.590817845e-02 9.949505949e-01 8.925106693e-02 -3.923996052e+01 1.587203452e-02 8.860748033e-02 -9.959401553e-01 6.071510404e+02
-9.985931498e-01 5.204920003e-02 -1.012926387e-02 1.914653793e+02 5.092162087e-02 9.945868417e-01 9.057595024e-02 -3.912531629e+01 1.478883832e-02 8.993272491e-02 -9.958380367e-01 6.059108387e+02
-9.985817764e-01 5.236230356e-02 -9.624192596e-03 1.915034791e+02 5.128355056e-02 9.945976645e-01 9.025233061e-02 -3.902034770e+01 1.429801941e-02 8.963076985e-02 -9.958724274e-01 6.046705466e+02
-9.985811567e-01 5.204314180e-02 -1.127762355e-02 1.916567635e+02 5.084313708e-02 9.947649124e-01 8.864392001e-02 -3.888851643e+01 1.583189230e-02 8.794475842e-02 -9.959995335e-01 6.034384334e+02
-9.986791508e-01 5.018610785e-02 -1.101400189e-02 1.916517570e+02 4.901730118e-02 9.948617456e-01 8.858561607e-02 -3.879030356e+01 1.540317643e-02 8.792873119e-02 -9.960076708e-01 6.021940004e+02
-9.987116207e-01 4.978879382e-02 -9.806873704e-03 1.916179350e+02 4.872374537e-02 9.948513421e-01 8.886396212e-02 -3.869163577e+01 1.418081095e-02 8.827164401e-02 -9.959954927e-01 6.009471662e+02
-9.986426073e-01 5.137321382e-02 -8.586949613e-03 1.916020597e+02 5.041054745e-02 9.947727044e-01 8.880339728e-02 -3.859072367e+01 1.310417901e-02 8.824998337e-02 -9.960121590e-01 5.997002837e+02
-9.986918760e-01 5.057952192e-02 -7.499917486e-03 1.915917553e+02 4.971341140e-02 9.947891694e-01 8.901171361e-02 -3.845517408e+01 1.196300661e-02 8.852242877e-02 -9.960023424e-01 5.984540426e+02
-9.987253573e-01 4.989411514e-02 -7.631375265e-03 1.915758553e+02 4.900025696e-02 9.946846427e-01 9.056178243e-02 -3.834588251e+01 1.210931178e-02 9.007240917e-02 -9.958615997e-01 5.972037088e+02
-9.986426225e-01 5.175594487e-02 -5.851049831e-03 1.914963669e+02 5.101952742e-02 9.946224304e-01 9.012895677e-02 -3.821033911e+01 1.048429472e-02 8.970809995e-02 -9.959129161e-01 5.959579764e+02
-9.987806572e-01 4.862415406e-02 -8.537587669e-03 1.915437673e+02 4.768382655e-02 9.949578504e-01 8.823337579e-02 -3.810889513e+01 1.278481313e-02 8.771868421e-02 -9.960632415e-01 5.947087084e+02
-9.987029565e-01 5.009658520e-02 -9.095983293e-03 1.915050530e+02 4.910313598e-02 9.948985323e-01 8.812373437e-02 -3.801043941e+01 1.346427860e-02 8.756279275e-02 -9.960680050e-01 5.934557027e+02
-9.988098877e-01 4.769487861e-02 -1.019836694e-02 1.914638046e+02 4.659440868e-02 9.948978850e-01 8.948273338e-02 -3.790433602e+01 1.441420181e-02 8.890105200e-02 -9.959361595e-01 5.921965633e+02
-9.988365365e-01 4.719314488e-02 -9.918693839e-03 1.914064193e+02 4.611445800e-02 9.948880821e-01 8.983964010e-02 -3.777833722e+01 1.410780544e-02 8.927771976e-02 -9.959068524e-01 5.909389883e+02
-9.989764409e-01 4.368228708e-02 -1.174429088e-02 1.913929583e+02 4.247892613e-02 9.951899643e-01 8.827500064e-02 -3.766795022e+01 1.554385434e-02 8.768576109e-02 -9.960269052e-01 5.896808185e+02
-9.990175046e-01 4.227567582e-02 -1.329634251e-02 1.913804622e+02 4.097239969e-02 9.954125068e-01 8.645926092e-02 -3.757327510e+01 1.689046932e-02 8.582953204e-02 -9.961666545e-01 5.884195513e+02
-9.990032485e-01 4.235887986e-02 -1.407958765e-02 1.913889257e+02 4.103022840e-02 9.956141709e-01 8.407700729e-02 -3.744986959e+01 1.757924484e-02 8.341551471e-02 -9.963597854e-01 5.871598826e+02
-9.989523233e-01 4.370337938e-02 -1.357462350e-02 1.913438410e+02 4.243750782e-02 9.956777613e-01 8.261267203e-02 -3.733150837e+01 1.712640368e-02 8.195004747e-02 -9.964892754e-01 5.858949017e+02
-9.988307420e-01 4.670598487e-02 -1.247797508e-02 1.913050530e+02 4.548552747e-02 9.953656704e-01 8.472454744e-02 -3.721367382e+01 1.637729146e-02 8.405791530e-02 -9.963262775e-01 5.846259611e+02
-9.986497325e-01 5.018435381e-02 -1.342543990e-02 1.913193190e+02 4.881394542e-02 9.949230640e-01 8.800736005e-02 -3.711209802e+01 1.777387230e-02 8.723317788e-02 -9.960293480e-01 5.833542323e+02
-9.983853313e-01 5.616547055e-02 -8.495306005e-03 1.911739962e+02 5.518310848e-02 9.944582184e-01 8.948562154e-02 -3.700883221e+01 1.347422892e-02 8.887233451e-02 -9.959518830e-01 5.820869265e+02
-9.982908631e-01 5.750189290e-02 -1.043479686e-02 1.912166985e+02 5.634198594e-02 9.943930082e-01 8.948813301e-02 -3.688288803e+01 1.552202608e-02 8.874726836e-02 -9.959332252e-01 5.808082424e+02
-9.982450944e-01 5.804338574e-02 -1.173442795e-02 1.912513313e+02 5.674052060e-02 9.942337849e-01 9.099282542e-02 -3.677910459e+01 1.694829638e-02 9.016732405e-02 -9.957824104e-01 5.795247732e+02
-9.982728986e-01 5.736839398e-02 -1.265255957e-02 1.912218979e+02 5.593039307e-02 9.939944462e-01 9.405760006e-02 -3.667965358e+01 1.797250740e-02 9.318749042e-02 -9.954863538e-01 5.782350330e+02
-9.982719569e-01 5.766929927e-02 -1.128503126e-02 1.911517912e+02 5.635546360e-02 9.939588071e-01 9.418041968e-02 -3.658803680e+01 1.664817502e-02 9.338169869e-02 -9.954911836e-01 5.769490220e+02
-9.980447106e-01 6.169136880e-02 -1.004642439e-02 1.911419704e+02 6.051321120e-02 9.939359814e-01 9.181185208e-02 -3.646379714e+01 1.564950151e-02 9.102439194e-02 -9.957256917e-01 5.756604786e+02
-9.979804374e-01 6.288520004e-02 -8.972073679e-03 1.910890207e+02 6.181910203e-02 9.939750127e-01 9.051007030e-02 -3.636986442e+01 1.460976092e-02 8.977263401e-02 -9.958551245e-01 5.743737376e+02
-9.979692672e-01 6.323526957e-02 -7.657832304e-03 1.910181431e+02 6.227799681e-02 9.938931313e-01 9.109278052e-02 -3.630685453e+01 1.337134346e-02 9.043088096e-02 -9.958129658e-01 5.730828383e+02
-9.977399406e-01 6.689940444e-02 -6.283367981e-03 1.910044254e+02 6.605433833e-02 9.936705106e-01 9.086110714e-02 -3.619124120e+01 1.232215142e-02 9.024071192e-02 -9.958437520e-01 5.717899010e+02
-9.976673587e-01 6.797605580e-02 -6.252778172e-03 1.909718465e+02 6.710481199e-02 9.934187094e-01 9.282355356e-02 -3.611080807e+01 1.252140588e-02 9.218743800e-02 -9.956629403e-01 5.704936044e+02
-9.974949809e-01 7.055089390e-02 -5.131705238e-03 1.909493074e+02 6.976713036e-02 9.931959379e-01 9.324364024e-02 -3.601452882e+01 1.167521097e-02 9.265203880e-02 -9.956300965e-01 5.691998080e+02
-9.974411115e-01 7.129345646e-02 -5.335928045e-03 1.909201911e+02 7.048442487e-02 9.931206429e-01 9.350579957e-02 -3.593269773e+01 1.196557194e-02 9.289042884e-02 -9.956044362e-01 5.678930969e+02
-9.974347125e-01 7.137566631e-02 -5.432185142e-03 1.909106332e+02 7.057390901e-02 9.932425763e-01 9.213309926e-02 -3.584388788e+01 1.197153891e-02 9.151338083e-02 -9.957318833e-01 5.666111778e+02
-9.972846197e-01 7.356912029e-02 -3.312377912e-03 1.908628896e+02 7.295903413e-02 9.931323746e-01 9.146073416e-02 -3.574721071e+01 1.001831549e-02 9.097071559e-02 -9.958031745e-01 5.653174963e+02
-9.973498907e-01 7.275066674e-02 7.320868335e-04 1.907806351e+02 7.252330379e-02 9.933309715e-01 8.963231211e-02 -3.559734003e+01 5.793605942e-03 8.944787005e-02 -9.959746546e-01 5.640273111e+02
-9.972413004e-01 7.419461078e-02 2.224542332e-03 1.907590974e+02 7.409349221e-02 9.931846967e-01 8.996839755e-02 -3.549046739e+01 4.465788838e-03 8.988502588e-02 -9.959421363e-01 5.627317649e+02
-9.973676573e-01 7.242245729e-02 3.569847365e-03 1.907172439e+02 7.245011130e-02 9.933231614e-01 8.977793932e-02 -3.538551379e+01 2.955926906e-03 8.980024886e-02 -9.959554095e-01 5.614494991e+02
-9.975112155e-01 7.045017636e-02 2.854383501e-03 1.907460236e+02 7.042092366e-02 9.934518184e-01 8.996876147e-02 -3.528125770e+01 3.502622633e-03 8.994585694e-02 -9.959404974e-01 5.601629556e+02
-9.976409048e-01 6.861961174e-02 1.993467397e-03 1.907349302e+02 6.850992784e-02 9.933617698e-01 9.240554188e-02 -3.517940772e+01 4.360598106e-03 9.232412072e-02 -9.957194594e-01 5.588771348e+02
-9.976409048e-01 6.861961174e-02 1.993467397e-03 1.907374770e+02 6.850992784e-02 9.933617698e-01 9.240554188e-02 -3.506882448e+01 4.360598106e-03 9.232412072e-02 -9.957194594e-01 5.575833793e+02
-9.979751973e-01 6.358905631e-02 1.391972290e-03 1.907157453e+02 6.346326312e-02 9.940673986e-01 8.833131490e-02 -3.493993506e+01 4.233190684e-03 8.824080051e-02 -9.960901773e-01 5.563019694e+02
-9.981459135e-01 6.085317187e-02 1.275476409e-03 1.906886697e+02 6.073643864e-02 9.944243444e-01 8.620503578e-02 -3.483203088e+01 3.977485067e-03 8.612267208e-02 -9.962766006e-01 5.550076133e+02
-9.982069247e-01 5.985761043e-02 -4.318766575e-05 1.907290240e+02 5.963297006e-02 9.945226759e-01 8.584029366e-02 -3.472834000e+01 5.181145970e-03 8.568380014e-02 -9.963089090e-01 5.537111733e+02
-9.980758285e-01 6.200180662e-02 -6.453373485e-04 1.907215064e+02 6.174590358e-02 9.947995223e-01 8.100218369e-02 -3.462322286e+01 5.664263015e-03 8.080647466e-02 -9.967137151e-01 5.524147023e+02
-9.980515409e-01 6.236563836e-02 -1.910202894e-03 1.907698723e+02 6.202689915e-02 9.950203219e-01 7.802065586e-02 -3.453072652e+01 6.766498706e-03 7.775015184e-02 -9.969499127e-01 5.511164909e+02
-9.978859278e-01 6.498018714e-02 1.118220111e-03 1.907171248e+02 6.485961377e-02 9.946508742e-01 8.039197096e-02 -3.441441185e+01 4.111646706e-03 8.029454386e-02 -9.967627002e-01 5.498103259e+02
-9.977725876e-01 6.660229813e-02 3.741291453e-03 1.906774702e+02 6.667905893e-02 9.941486772e-01 8.498417938e-02 -3.434405649e+01 1.940741702e-03 8.504435036e-02 -9.963752767e-01 5.484913612e+02
-9.979012283e-01 6.465137689e-02 3.652120354e-03 1.906908379e+02 6.472749718e-02 9.942711565e-01 8.506008719e-02 -3.424318115e+01 1.868053828e-03 8.511795810e-02 -9.963691302e-01 5.471764271e+02
-9.981189274e-01 6.114478302e-02 4.463429534e-03 1.907238290e+02 6.130292858e-02 9.945095513e-01 8.480980685e-02 -3.412984659e+01 7.467539344e-04 8.492389475e-02 -9.963871609e-01 5.458572999e+02
-9.983164380e-01 5.786064990e-02 4.053993190e-03 1.907659331e+02 5.799615779e-02 9.947328526e-01 8.451625724e-02 -3.401179356e+01 8.575253613e-04 8.460908490e-02 -9.964138535e-01 5.445408879e+02
-9.988234703e-01 4.829564276e-02 4.382470372e-03 1.907416764e+02 4.849272427e-02 9.953828600e-01 8.283367556e-02 -3.385487880e+01 -3.617302896e-04 8.294873720e-02 -9.965537498e-01 5.432278769e+02
-9.986713030e-01 5.128924662e-02 5.004179061e-03 1.907516798e+02 5.152807802e-02 9.951740374e-01 8.350743949e-02 -3.377954970e+01 -6.969954215e-04 8.365433913e-02 -9.964945889e-01 5.419036390e+02
-9.988223394e-01 4.825082869e-02 5.078574653e-03 1.907850871e+02 4.850272771e-02 9.956063864e-01 8.009624632e-02 -3.368737205e+01 -1.191551099e-03 8.024824485e-02 -9.967741968e-01 5.405812244e+02
-9.987401716e-01 5.000128016e-02 4.235743391e-03 1.908157130e+02 5.017898360e-02 9.957757214e-01 7.689461736e-02 -3.359333323e+01 -3.730211259e-04 7.701028864e-02 -9.970302284e-01 5.392598768e+02
-9.985861296e-01 5.304089050e-02 3.522170521e-03 1.908224761e+02 5.315438887e-02 9.955892704e-01 7.730857347e-02 -3.351587987e+01 5.938804006e-04 7.738648798e-02 -9.970009924e-01 5.379305473e+02
-9.984421965e-01 5.560206455e-02 4.646572622e-03 1.908249578e+02 5.579547780e-02 9.952829658e-01 7.936424050e-02 -3.343442309e+01 -2.118389570e-04 7.949986434e-02 -9.968348543e-01 5.365946432e+02
-9.982176275e-01 5.939905510e-02 5.772375626e-03 1.908176032e+02 5.967263225e-02 9.948322517e-01 8.214601589e-02 -3.337846858e+01 -8.631497173e-04 8.234405394e-02 -9.966035881e-01 5.352608934e+02
-9.983647079e-01 5.703694938e-02 3.833586445e-03 1.908263380e+02 5.715859082e-02 9.949416582e-01 8.260745927e-02 -3.327516280e+01 8.974826183e-04 8.269149434e-02 -9.965747896e-01 5.339291553e+02
-9.986896802e-01 5.108188566e-02 3.092504998e-03 1.908564373e+02 5.116269063e-02 9.952695262e-01 8.258903905e-02 -3.315731327e+01 1.140927865e-03 8.263904188e-02 -9.965788915e-01 5.325939860e+02
-9.986148255e-01 5.259647830e-02 1.428547400e-03 1.908690403e+02 5.253177612e-02 9.951166852e-01 8.356551563e-02 -3.308516062e+01 2.973680477e-03 8.352480694e-02 -9.965012613e-01 5.312575471e+02
-9.985755125e-01 5.335677101e-02 -2.823296959e-05 1.909742652e+02 5.316088369e-02 9.949544899e-01 8.508515410e-02 -3.300244379e+01 4.567959604e-03 8.496245048e-02 -9.963736828e-01 5.299196546e+02
-9.986249799e-01 5.234410632e-02 -2.871239134e-03 1.910231365e+02 5.189966133e-02 9.948938917e-01 8.655962898e-02 -3.289910844e+01 7.387464698e-03 8.629159141e-02 -9.962425340e-01 5.285804890e+02
-9.987662137e-01 4.960854820e-02 -2.245491640e-03 1.910263927e+02 4.922993085e-02 9.950506172e-01 8.631733989e-02 -3.280324454e+01 6.516455758e-03 8.610029734e-02 -9.962651628e-01 5.272384909e+02
-9.987823716e-01 4.932938054e-02 -6.216431032e-04 1.909859205e+02 4.909175985e-02 9.950587820e-01 8.630190909e-02 -3.269118157e+01 4.875791143e-03 8.616630788e-02 -9.962688362e-01 5.259020091e+02
-9.987095109e-01 5.075884896e-02 1.688790929e-03 1.909393105e+02 5.071588401e-02 9.950024742e-01 8.601148438e-02 -3.259890636e+01 2.685492792e-03 8.598613602e-02 -9.962927143e-01 5.245605322e+02
-9.986321581e-01 5.212708326e-02 4.071865553e-03 1.908993932e+02 5.228436417e-02 9.949781436e-01 8.535126849e-02 -3.248525748e+01 3.976954503e-04 8.544741635e-02 -9.963426022e-01 5.232184715e+02
-9.985869602e-01 5.281891679e-02 5.851911844e-03 1.908429105e+02 5.312698478e-02 9.948580050e-01 8.622687122e-02 -3.239343994e+01 -1.267411407e-03 8.641592365e-02 -9.962583409e-01 5.218809876e+02
-9.986216703e-01 5.215599133e-02 5.874708422e-03 1.908852746e+02 5.246724780e-02 9.949717293e-01 8.531380763e-02 -3.228205150e+01 -1.395542587e-03 8.550444685e-02 -9.963368115e-01 5.205423281e+02
-9.987984853e-01 4.854532018e-02 6.703561552e-03 1.908619826e+02 4.893543512e-02 9.953224907e-01 8.329743509e-02 -3.215101103e+01 -2.628504924e-03 8.352539369e-02 -9.965021824e-01 5.192054645e+02
-9.989132969e-01 4.618811783e-02 6.235633167e-03 1.909132939e+02 4.654405116e-02 9.955515183e-01 8.191962956e-02 -3.203900772e+01 -2.424180564e-03 8.212083887e-02 -9.966194315e-01 5.178719409e+02
-9.987054995e-01 5.013167761e-02 8.610464960e-03 1.908287431e+02 5.067697886e-02 9.952100221e-01 8.359937648e-02 -3.192952638e+01 -4.378244032e-03 8.392750940e-02 -9.964622442e-01 5.165300270e+02
-9.987713517e-01 4.899340445e-02 7.445350588e-03 1.908261443e+02 4.944939863e-02 9.951571113e-01 8.495340333e-02 -3.181635574e+01 -3.247137136e-03 8.521719359e-02 -9.963571077e-01 5.151859194e+02
-9.985422054e-01 5.338325695e-02 7.980723116e-03 1.907934664e+02 5.387160982e-02 9.948615796e-01 8.572215000e-02 -3.170864036e+01 -3.363587246e-03 8.602711912e-02 -9.962871178e-01 5.138457555e+02
-9.984205196e-01 5.554890120e-02 8.413416023e-03 1.907702325e+02 5.606176158e-02 9.948514258e-01 8.442582178e-02 -3.161086598e+01 -3.680337293e-03 8.476414378e-02 -9.963942468e-01 5.125071927e+02
-9.982855779e-01 5.818525118e-02 6.354643715e-03 1.908445800e+02 5.851083464e-02 9.949047652e-01 8.210353477e-02 -3.151141878e+01 -1.545050520e-03 8.233459016e-02 -9.966035461e-01 5.111730095e+02
-9.983084651e-01 5.783680060e-02 5.925621586e-03 1.908446883e+02 5.812645884e-02 9.950496253e-01 8.060743162e-02 -3.141943143e+01 -1.234211589e-03 8.081551673e-02 -9.967283125e-01 5.098380289e+02
-9.983078397e-01 5.784761618e-02 5.925411435e-03 1.908205264e+02 5.813722885e-02 9.950485554e-01 8.061287185e-02 -3.132502256e+01 -1.232809619e-03 8.082094895e-02 -9.967278738e-01 5.085011822e+02
-9.984872083e-01 5.476844600e-02 4.869522142e-03 1.908395272e+02 5.498214942e-02 9.953397610e-01 7.921946395e-02 -3.125474932e+01 -5.081020717e-04 7.936735820e-02 -9.968453061e-01 5.071658087e+02
-9.987067995e-01 5.071719771e-02 3.534758427e-03 1.908842384e+02 5.083904098e-02 9.957919098e-01 7.624870055e-02 -3.113413953e+01 3.472365763e-04 7.632979942e-02 -9.970825649e-01 5.058393550e+02
-9.989971936e-01 4.476582887e-02 7.922833388e-04 1.909258891e+02 4.469766024e-02 9.961385555e-01 7.556518624e-02 -3.106161609e+01 2.593514215e-03 7.552482220e-02 -9.971405492e-01 5.045043180e+02
-9.991715177e-01 4.069692483e-02 1.962734949e-04 1.909491762e+02 4.059466804e-02 9.962953232e-01 7.581359952e-02 -3.096597596e+01 2.889833996e-03 7.575875695e-02 -9.971219883e-01 5.031692303e+02
-9.992860735e-01 3.777953018e-02 2.245541278e-04 1.909299269e+02 3.768148400e-02 9.962281137e-01 7.816425833e-02 -3.089222706e+01 2.729301821e-03 7.811691632e-02 -9.969404688e-01 5.018309408e+02
-9.992472076e-01 3.879286207e-02 3.632815305e-04 1.909016299e+02 3.869881649e-02 9.960798214e-01 7.954489893e-02 -3.083450955e+01 2.723916891e-03 7.949907670e-02 -9.968312180e-01 5.004954369e+02
-9.992395745e-01 3.888122003e-02 2.919499085e-03 1.908020007e+02 3.899057458e-02 9.962618862e-01 7.708429917e-02 -3.072914588e+01 8.854593183e-05 7.713951525e-02 -9.970203044e-01 4.991661690e+02
-9.992108587e-01 3.956853789e-02 3.462754947e-03 1.908129304e+02 3.971783957e-02 9.962169341e-01 7.729368262e-02 -3.065846759e+01 -3.912571070e-04 7.737022013e-02 -9.970023550e-01 4.978299654e+02
-9.991707056e-01 4.027564608e-02 5.981081768e-03 1.907847199e+02 4.061950660e-02 9.961338814e-01 7.789317028e-02 -3.058963429e+01 -2.820760439e-03 7.807152250e-02 -9.969437701e-01 4.965016739e+02
-9.991364089e-01 4.117754495e-02 5.553932533e-03 1.908403433e+02 4.148551963e-02 9.960914248e-01 7.797964602e-02 -3.049757370e+01 -2.321214191e-03 7.814271127e-02 -9.969394809e-01 4.951677689e+02
-9.991185464e-01 4.159032238e-02 5.689937093e-03 1.909312828e+02 4.190881386e-02 9.960365352e-01 7.845299131e-02 -3.040576436e+01 -2.404500028e-03 7.862229715e-02 -9.969015763e-01 4.938409608e+02
-9.990460695e-01 4.322547850e-02 6.205563752e-03 1.909003270e+02 4.358241581e-02 9.958806175e-01 7.951332387e-02 -3.034228923e+01 -2.742999190e-03 7.970792715e-02 -9.968144874e-01 4.925136228e+02
-9.988453997e-01 4.731019893e-02 8.343410644e-03 1.908375489e+02 4.781980027e-02 9.957713906e-01 7.843853850e-02 -3.026714230e+01 -4.597186759e-03 7.874695357e-02 -9.968840370e-01 4.911760931e+02
-9.989497810e-01 4.498553360e-02 8.696941889e-03 1.908288716e+02 4.552266315e-02 9.959914661e-01 7.699796484e-02 -3.012496727e+01 -5.198285368e-03 7.731300807e-02 -9.969933182e-01 4.898427323e+02
-9.990169365e-01 4.375736557e-02 7.103063745e-03 1.909745728e+02 4.417774814e-02 9.959936264e-01 7.774974456e-02 -3.007330182e+01 -3.672482222e-03 7.798710898e-02 -9.969476033e-01 4.885090713e+02
-9.990287960e-01 4.354809746e-02 6.710292262e-03 1.910007674e+02 4.394052143e-02 9.959556735e-01 7.836789478e-02 -2.996435976e+01 -3.270380930e-03 7.858663730e-02 -9.969019235e-01 4.871728449e+02
-9.990025461e-01 4.413947222e-02 6.754244888e-03 1.910387381e+02 4.452667466e-02 9.960898182e-01 7.630497566e-02 -2.987611564e+01 -3.359773209e-03 7.652960903e-02 -9.970616485e-01 4.858370210e+02
-9.991170419e-01 4.185478761e-02 3.648757401e-03 1.911650740e+02 4.200951354e-02 9.964476745e-01 7.298789398e-02 -2.978050663e+01 -5.809030264e-04 7.307673125e-02 -9.973261522e-01 4.845092107e+02
-9.991293705e-01 4.164087105e-02 2.557119450e-03 1.912109318e+02 4.171720822e-02 9.965849550e-01 7.126080286e-02 -2.969549095e+01 4.189751301e-04 7.130543698e-02 -9.974544396e-01 4.831686694e+02
-9.991300334e-01 4.166559110e-02 1.776212665e-03 1.912559317e+02 4.168485986e-02 9.965077560e-01 7.235098273e-02 -2.961709688e+01 1.244536765e-03 7.236208097e-02 -9.973776518e-01 4.818302670e+02
-9.991584163e-01 4.043400878e-02 6.895658365e-03 1.911355657e+02 4.082030637e-02 9.966727927e-01 7.054818859e-02 -2.948570566e+01 -4.020169003e-03 7.077029927e-02 -9.974845377e-01 4.804994291e+02
-9.991531954e-01 4.079912228e-02 5.321999245e-03 1.912508665e+02 4.107058421e-02 9.967370992e-01 6.948641709e-02 -2.939364098e+01 -2.469649262e-03 6.964615329e-02 -9.975687015e-01 4.791677516e+02
-9.991286817e-01 4.127673971e-02 6.173182097e-03 1.912518216e+02 4.160516612e-02 9.967397737e-01 6.912910921e-02 -2.929918806e+01 -3.299631879e-03 6.932571202e-02 -9.975886217e-01 4.778290960e+02
-9.993408291e-01 3.597234795e-02 4.888502505e-03 1.912882206e+02 3.622433372e-02 9.969529648e-01 6.908388839e-02 -2.919668499e+01 -2.388497395e-03 6.921543305e-02 -9.975988768e-01 4.764922397e+02
-9.995034624e-01 3.127248902e-02 3.854889556e-03 1.913487178e+02 3.146596631e-02 9.970401559e-01 7.014855975e-02 -2.910156096e+01 -1.649759620e-03 7.023502617e-02 -9.975291070e-01 4.751567844e+02
-9.996334022e-01 2.674640769e-02 4.206053707e-03 1.913309967e+02 2.697378581e-02 9.972291326e-01 6.932872451e-02 -2.901558253e+01 -2.340104959e-03 6.941676194e-02 -9.975850024e-01 4.738180277e+02
-9.996922160e-01 2.439776554e-02 4.496914095e-03 1.913538253e+02 2.464121627e-02 9.975224037e-01 6.589282635e-02 -2.894268304e+01 -2.878134830e-03 6.598335503e-02 -9.978165729e-01 4.724833469e+02
-9.996971378e-01 2.403675466e-02 5.278929193e-03 1.913252010e+02 2.432621644e-02 9.976422132e-01 6.417358927e-02 -2.886371005e+01 -3.723957782e-03 6.428256989e-02 -9.979247884e-01 4.711472425e+02
-9.997989167e-01 1.993375910e-02 2.184378102e-03 1.913926591e+02 2.003581060e-02 9.975139315e-01 6.756125206e-02 -2.879536113e+01 -8.321978656e-04 6.759143241e-02 -9.977127371e-01 4.698024994e+02
-9.997367057e-01 2.294440258e-02 2.715927500e-04 1.914127361e+02 2.290794425e-02 9.973268134e-01 6.938626199e-02 -2.871928164e+01 1.321159596e-03 6.937421461e-02 -9.975898320e-01 4.684637016e+02
-9.996256760e-01 2.735875740e-02 7.867656593e-05 1.914259571e+02 2.729940683e-02 9.972593974e-01 6.876362923e-02 -2.867928456e+01 1.802826505e-03 6.874003718e-02 -9.976329772e-01 4.671238265e+02
-9.995961081e-01 2.841866625e-02 4.851869291e-06 1.913689161e+02 2.836116200e-02 9.975625732e-01 6.375387814e-02 -2.856824280e+01 1.806960142e-03 6.372826607e-02 -9.979656522e-01 4.657934162e+02
-9.996095953e-01 2.793947230e-02 2.071623670e-04 1.913374399e+02 2.789329835e-02 9.974731215e-01 6.534015480e-02 -2.849007973e+01 1.618930553e-03 6.532042414e-02 -9.978630273e-01 4.644543519e+02
-9.996725180e-01 2.556198432e-02 -1.200692564e-03 1.913542508e+02 2.542581313e-02 9.974673289e-01 6.642631817e-02 -2.839501959e+01 2.895640108e-03 6.637403616e-02 -9.977906106e-01 4.631122583e+02
-9.997637359e-01 2.155882918e-02 -2.772944138e-03 1.913584084e+02 2.132719886e-02 9.975642964e-01 6.641253825e-02 -2.835730729e+01 4.197966636e-03 6.633770822e-02 -9.977883972e-01 4.617690823e+02
-9.997503449e-01 2.221605800e-02 -2.386364154e-03 1.913216399e+02 2.201385169e-02 9.976388073e-01 6.505536488e-02 -2.827681353e+01 3.826003248e-03 6.498659041e-02 -9.978788026e-01 4.604380535e+02
-9.997508621e-01 2.181388586e-02 -4.729495083e-03 1.913353756e+02 2.145656487e-02 9.976111026e-01 6.566356492e-02 -2.820515070e+01 6.150574315e-03 6.554572692e-02 -9.978306109e-01 4.590959454e+02
-9.997991265e-01 1.971155443e-02 -3.627850131e-03 1.912818193e+02 1.942256943e-02 9.975394312e-01 6.736354394e-02 -2.811527174e+01 4.946763718e-03 6.727955021e-02 -9.977219010e-01 4.577570338e+02
-9.998294464e-01 1.804630788e-02 -3.925427692e-03 1.912387353e+02 1.772914437e-02 9.974124212e-01 6.967165528e-02 -2.805412819e+01 5.172586480e-03 6.959017805e-02 -9.975622544e-01 4.564188336e+02
-9.999015025e-01 1.296219657e-02 -5.382074790e-03 1.912344309e+02 1.256824120e-02 9.976258880e-01 6.770987348e-02 -2.796566102e+01 6.246965831e-03 6.763556101e-02 -9.976905363e-01 4.550849702e+02
-9.999776861e-01 6.254991567e-03 2.345707610e-03 1.910288786e+02 6.386839434e-03 9.981050669e-01 6.120035693e-02 -2.785960975e+01 -1.958454935e-03 6.121397297e-02 -9.981227449e-01 4.537765187e+02
-9.999926824e-01 1.752157086e-03 3.400749303e-03 1.909566467e+02 1.942700508e-03 9.983802607e-01 5.686018794e-02 -2.778822668e+01 -3.295612995e-03 5.686637849e-02 -9.983763589e-01 4.524511790e+02
-9.999945062e-01 2.125275358e-03 2.543781729e-03 1.910386142e+02 2.270339840e-03 9.982875873e-01 5.845287574e-02 -2.776242770e+01 -2.415197268e-03 5.845832986e-02 -9.982869279e-01 4.511177489e+02
-9.999987341e-01 5.292949400e-04 1.500565119e-03 1.910591889e+02 6.133257415e-04 9.983988033e-01 5.656371013e-02 -2.769366231e+01 -1.468223534e-03 5.656455886e-02 -9.983978641e-01 4.497818399e+02
-9.999947457e-01 3.057288842e-03 1.077722784e-03 1.911111012e+02 3.112910443e-03 9.984218777e-01 5.607195280e-02 -2.764768405e+01 -9.045938497e-04 5.607501304e-02 -9.984261488e-01 4.484529983e+02
-9.999678949e-01 7.944523970e-03 1.045802678e-03 1.911283668e+02 7.989358152e-03 9.985133710e-01 5.391862512e-02 -2.757967592e+01 -6.158901477e-04 5.392524935e-02 -9.985447853e-01 4.471202020e+02
-9.999396863e-01 1.095544488e-02 7.758804143e-04 1.911543856e+02 1.098110423e-02 9.985517698e-01 5.266667254e-02 -2.751635831e+01 -1.977699327e-04 5.267201604e-02 -9.986118463e-01 4.457834568e+02
-9.998886804e-01 1.467074810e-02 2.719561148e-03 1.911016442e+02 1.479540624e-02 9.984545325e-01 5.356904407e-02 -2.742944206e+01 -1.929460204e-03 5.360331780e-02 -9.985604446e-01 4.444396844e+02
-9.998671812e-01 1.621849956e-02 1.606282652e-03 1.911535597e+02 1.628249497e-02 9.983388483e-01 5.526684697e-02 -2.735293757e+01 -7.072690393e-04 5.528566079e-02 -9.984703278e-01 4.431074445e+02
-9.998128302e-01 1.933363571e-02 7.177660619e-04 1.912338988e+02 1.934404439e-02 9.983307498e-01 5.441986676e-02 -2.729980626e+01 3.355659485e-04 5.442356550e-02 -9.985178831e-01 4.417678876e+02
-9.998302089e-01 1.842695416e-02 -2.568383564e-05 1.912815173e+02 1.840251584e-02 9.985740541e-01 5.011193348e-02 -2.726072500e+01 9.490575131e-04 5.010295227e-02 -9.987436075e-01 4.404300777e+02
-9.999020057e-01 1.391423910e-02 -1.540445480e-03 1.912817534e+02 1.382739582e-02 9.988186511e-01 4.658438915e-02 -2.719112364e+01 2.186812005e-03 4.655852380e-02 -9.989131703e-01 4.390891934e+02
-9.999133254e-01 1.308105109e-02 -1.492588177e-03 1.912950072e+02 1.299988448e-02 9.988857071e-01 4.536901098e-02 -2.715996937e+01 2.084399347e-03 4.534567517e-02 -9.989691812e-01 4.377459862e+02
-9.999162959e-01 1.283625805e-02 -1.622250001e-03 1.912853511e+02 1.274927578e-02 9.988850693e-01 4.545408977e-02 -2.710192510e+01 2.203901731e-03 4.542960256e-02 -9.989651115e-01 4.364025247e+02
-9.999238811e-01 1.229852217e-02 -9.891283789e-04 1.913250951e+02 1.224208185e-02 9.989271092e-01 4.466275769e-02 -2.706195080e+01 1.537353068e-03 4.464724902e-02 -9.990016315e-01 4.350610892e+02
-9.998837216e-01 1.508231713e-02 -2.251017852e-03 1.914238328e+02 1.496560199e-02 9.988719578e-01 4.506487114e-02 -2.700753585e+01 2.928161287e-03 4.502594323e-02 -9.989815265e-01 4.337187941e+02
-9.999062081e-01 1.367217749e-02 -8.041438824e-04 1.914275551e+02 1.362041945e-02 9.988388512e-01 4.621075112e-02 -2.696960972e+01 1.435011743e-03 4.619546415e-02 -9.989313890e-01 4.323751694e+02
-9.998976377e-01 1.425524604e-02 1.225566398e-03 1.914161271e+02 1.429688786e-02 9.988103143e-01 4.662140035e-02 -2.693668917e+01 -5.595088265e-04 4.663414986e-02 -9.989118795e-01 4.310327287e+02
-9.998927206e-01 1.438534549e-02 2.758458587e-03 1.914035491e+02 1.449530333e-02 9.988741655e-01 4.516954286e-02 -2.687350636e+01 -2.105573540e-03 4.520468179e-02 -9.989755269e-01 4.296897621e+02
-9.999040838e-01 1.340614733e-02 3.478283551e-03 1.914028285e+02 1.354475207e-02 9.989627921e-01 4.347274606e-02 -2.681753391e+01 -2.891873809e-03 4.351568881e-02 -9.990485583e-01 4.283463866e+02
-9.999523163e-01 8.660320898e-03 4.512638535e-03 1.914025813e+02 8.834036246e-03 9.991600721e-01 4.001387478e-02 -2.675178025e+01 -4.162315248e-03 4.005183158e-02 -9.991889340e-01 4.270012301e+02
-9.999937615e-01 1.655370076e-03 3.120354744e-03 1.914321094e+02 1.772952982e-03 9.992737192e-01 3.806429661e-02 -2.667924554e+01 -3.055077993e-03 3.806959139e-02 -9.992704202e-01 4.256569887e+02
-9.999700499e-01 6.545587231e-03 4.129715105e-03 1.915024553e+02 6.695488588e-03 9.992781781e-01 3.739375997e-02 -2.658850529e+01 -3.881970068e-03 3.742029048e-02 -9.992920755e-01 4.243118256e+02
-9.999776673e-01 2.755038043e-03 6.088901097e-03 1.914612055e+02 2.980886542e-03 9.992959495e-01 3.739946008e-02 -2.654084991e+01 -5.981577268e-03 3.741677518e-02 -9.992818450e-01 4.229643265e+02
-9.999824397e-01 4.206176536e-04 5.911284370e-03 1.914999676e+02 6.411461188e-04 9.993018855e-01 3.735412341e-02 -2.651330743e+01 -5.891445813e-03 3.735725746e-02 -9.992846072e-01 4.216216959e+02
-9.999792970e-01 -6.758997739e-05 6.434366980e-03 1.914846757e+02 1.768831745e-04 9.992782272e-01 3.798675239e-02 -2.651400655e+01 -6.432290352e-03 3.798710408e-02 -9.992575271e-01 4.202779050e+02
-9.999774516e-01 -1.368950758e-03 6.574370992e-03 1.914696085e+02 -1.117335792e-03 9.992723754e-01 3.812441963e-02 -2.647198502e+01 -6.621777771e-03 3.811621420e-02 -9.992513729e-01 4.189353697e+02
-9.999636231e-01 -3.970143795e-03 7.549198366e-03 1.914540795e+02 -3.694983040e-03 9.993406274e-01 3.612004219e-02 -2.643646796e+01 -7.687622393e-03 3.609083409e-02 -9.993189442e-01 4.175973954e+02
-9.999298879e-01 -6.544627116e-03 9.868494052e-03 1.914435461e+02 -6.212986299e-03 9.994270818e-01 3.327021174e-02 -2.640609249e+01 -1.008058134e-02 3.320656628e-02 -9.993976715e-01 4.162618997e+02
-9.999179552e-01 -8.240898551e-03 9.806650458e-03 1.914906151e+02 -7.912464997e-03 9.994216799e-01 3.307111387e-02 -2.640212927e+01 -1.007351477e-02 3.299080578e-02 -9.994048884e-01 4.149321455e+02
-9.998806603e-01 -1.115868581e-02 1.068405020e-02 1.915012322e+02 -1.077904479e-02 9.993307608e-01 3.495486775e-02 -2.637933076e+01 -1.106695040e-02 3.483553239e-02 -9.993317809e-01 4.136030234e+02
-9.998410195e-01 -1.409502193e-02 1.092089960e-02 1.915727386e+02 -1.371250922e-02 9.993160418e-01 3.434262212e-02 -2.636610612e+01 -1.139749017e-02 3.418740938e-02 -9.993504482e-01 4.122842000e+02
-9.998427290e-01 -1.364384739e-02 1.132972915e-02 1.916029785e+02 -1.325296523e-02 9.993377932e-01 3.388707834e-02 -2.632607143e+01 -1.178457665e-02 3.373159638e-02 -9.993614477e-01 4.109692530e+02
-9.998427290e-01 -1.364384739e-02 1.132972915e-02 1.916865685e+02 -1.325296523e-02 9.993377932e-01 3.388707834e-02 -2.630401627e+01 -1.178457665e-02 3.373159638e-02 -9.993614477e-01 4.096612951e+02
-9.998589534e-01 -1.236658872e-02 1.136401043e-02 1.916573032e+02 -1.197428558e-02 9.993513129e-01 3.396424481e-02 -2.628956078e+01 -1.177666059e-02 3.382337836e-02 -9.993584389e-01 4.083545648e+02
-9.998416411e-01 -1.253920615e-02 1.262778603e-02 1.916776716e+02 -1.208798815e-02 9.993073238e-01 3.519592622e-02 -2.627595836e+01 -1.306036804e-02 3.503770811e-02 -9.993006484e-01 4.070489967e+02
-9.998383438e-01 -1.133544267e-02 1.395686557e-02 1.917067389e+02 -1.083558165e-02 9.993150500e-01 3.538390829e-02 -2.623189786e+01 -1.434839807e-02 3.522695751e-02 -9.992763306e-01 4.057469913e+02
-9.998443741e-01 -8.090396398e-03 1.567715118e-02 1.917051960e+02 -7.542935081e-03 9.993703184e-01 3.467089225e-02 -2.621456139e+01 -1.594778083e-02 3.454724483e-02 -9.992758159e-01 4.044445397e+02
-9.998133586e-01 -4.685959317e-03 1.874272478e-02 1.916924957e+02 -4.107353592e-03 9.995173995e-01 3.079119435e-02 -2.618019813e+01 -1.887796581e-02 3.070846444e-02 -9.993500951e-01 4.031543786e+02
-9.998235804e-01 -5.199459343e-03 1.804920288e-02 1.917836301e+02 -4.673673345e-03 9.995669855e-01 2.905164781e-02 -2.616175248e+01 -1.819244017e-02 2.896216645e-02 -9.994149429e-01 4.018720542e+02
-9.997880234e-01 -3.055949586e-03 2.036097831e-02 1.918109781e+02 -2.445788701e-03 9.995491556e-01 2.992496571e-02 -2.611035601e+01 -2.044324787e-02 2.986882366e-02 -9.993447488e-01 4.005855834e+02
-9.997999241e-01 -2.015996951e-03 1.990094312e-02 1.918827502e+02 -1.370876671e-03 9.994747827e-01 3.237714510e-02 -2.609250678e+01 -1.995576302e-02 3.234338548e-02 -9.992775755e-01 3.992994674e+02
-9.997811959e-01 -2.385347053e-03 2.078149214e-02 1.919958348e+02 -1.714400971e-03 9.994785583e-01 3.224394936e-02 -2.608348767e+01 -2.084756882e-02 3.220126644e-02 -9.992639578e-01 3.980138867e+02
-9.997461090e-01 -1.039048855e-03 2.250861689e-02 1.920176703e+02 -3.747260391e-04 9.995647605e-01 2.949829054e-02 -2.605072297e+01 -2.252947042e-02 2.948236663e-02 -9.993113694e-01 3.967404275e+02
-9.995482909e-01 -2.179561710e-03 2.997438383e-02 1.918235571e+02 -1.331760395e-03 9.995992915e-01 2.827512717e-02 -2.601190086e+01 -3.002400023e-02 2.822243634e-02 -9.991506661e-01 3.954716031e+02
-9.995398052e-01 -3.543669418e-03 3.012673603e-02 1.919016004e+02 -2.710777888e-03 9.996142034e-01 2.764228689e-02 -2.597858066e+01 -3.021306837e-02 2.754789916e-02 -9.991637923e-01 3.941884973e+02
-9.994838013e-01 -5.879524910e-03 3.158420668e-02 1.919799808e+02 -4.975848793e-03 9.995781385e-01 2.861443722e-02 -2.594144710e+01 -3.173912181e-02 2.844250825e-02 -9.990914132e-01 3.929098847e+02
-9.993846245e-01 -7.026479275e-03 3.436569243e-02 1.920009161e+02 -5.913758282e-03 9.994583298e-01 3.237397711e-02 -2.594547211e+01 -3.457455263e-02 3.215082456e-02 -9.988848406e-01 3.916215921e+02
-9.992353911e-01 -1.106298917e-02 3.749991231e-02 1.919557350e+02 -9.741904769e-03 9.993317308e-01 3.523048486e-02 -2.589849607e+01 -3.786460674e-02 3.483822674e-02 -9.986754075e-01 3.903415626e+02
-9.991609499e-01 -1.437032408e-02 3.835218360e-02 1.920417666e+02 -1.306373358e-02 9.993329034e-01 3.410406166e-02 -2.583990943e+01 -3.881668541e-02 3.357442393e-02 -9.986821431e-01 3.890606853e+02
-9.991390207e-01 -1.626146115e-02 3.816781751e-02 1.922548059e+02 -1.505497703e-02 9.993844409e-01 3.168733073e-02 -2.580350677e+01 -3.865960526e-02 3.108543298e-02 -9.987688075e-01 3.877987151e+02
-9.990515925e-01 -1.419333317e-02 4.116387853e-02 1.923183349e+02 -1.296380252e-02 9.994663124e-01 2.998383174e-02 -2.579374628e+01 -4.156748039e-02 2.942175445e-02 -9.987024106e-01 3.865162031e+02
-9.990108382e-01 -1.189824461e-02 4.284596709e-02 1.924578234e+02 -1.063389522e-02 9.995047497e-01 2.961714981e-02 -2.573418627e+01 -4.317713970e-02 2.913223413e-02 -9.986426025e-01 3.852463276e+02
-9.988106322e-01 -9.461960087e-03 4.783087269e-02 1.924643903e+02 -8.046022557e-03 9.995261958e-01 2.970934908e-02 -2.570858140e+01 -4.808931889e-02 2.928916545e-02 -9.984135226e-01 3.839663094e+02
-9.987234334e-01 -1.158985116e-02 4.916481373e-02 1.926489147e+02 -1.017553251e-02 9.995299274e-01 2.892028282e-02 -2.570128220e+01 -4.947688447e-02 2.838308599e-02 -9.983718938e-01 3.826949887e+02
-9.985641315e-01 -1.239699720e-02 5.211515755e-02 1.927511898e+02 -1.106606543e-02 9.996071696e-01 2.574973060e-02 -2.566138365e+01 -5.241390447e-02 2.513604763e-02 -9.983090512e-01 3.814198232e+02
-9.984073625e-01 -1.899799530e-02 5.312075626e-02 1.929118410e+02 -1.764970517e-02 9.995129396e-01 2.573657900e-02 -2.567151697e+01 -5.358382665e-02 2.475802427e-02 -9.982563868e-01 3.801477341e+02
-9.979600047e-01 -2.160953236e-02 6.007376388e-02 1.929174777e+02 -2.027322712e-02 9.995352522e-01 2.276567105e-02 -2.565546131e+01 -6.053780024e-02 2.150134013e-02 -9.979343000e-01 3.788713724e+02
-9.976203424e-01 -2.515172232e-02 6.419535280e-02 1.930196694e+02 -2.359179156e-02 9.994104561e-01 2.494328685e-02 -2.563647234e+01 -6.478487345e-02 2.336944699e-02 -9.976255756e-01 3.775922307e+02
-9.971478154e-01 -2.874421158e-02 6.978541749e-02 1.931339232e+02 -2.655089706e-02 9.991301336e-01 3.215627331e-02 -2.558993357e+01 -7.064902022e-02 3.021169225e-02 -9.970436147e-01 3.763021782e+02
-9.964705423e-01 -3.095983264e-02 7.802529836e-02 1.930761988e+02 -2.843270591e-02 9.990410786e-01 3.329421060e-02 -2.560929792e+01 -7.898126142e-02 3.095822972e-02 -9.963952772e-01 3.750132690e+02
-9.959261721e-01 -2.860126416e-02 8.551624103e-02 1.930359597e+02 -2.611105695e-02 9.992058471e-01 3.009797150e-02 -2.559276923e+01 -8.630916809e-02 2.774243810e-02 -9.958820636e-01 3.737266571e+02
-9.953435440e-01 -2.633051902e-02 9.272504069e-02 1.930747599e+02 -2.419677287e-02 9.994176160e-01 2.406127692e-02 -2.557185070e+01 -9.330458502e-02 2.170558989e-02 -9.954009854e-01 3.724518226e+02
-9.949586889e-01 -2.469988282e-02 9.719631282e-02 1.931955084e+02 -2.284904207e-02 9.995366540e-01 2.010966498e-02 -2.557371403e+01 -9.764798367e-02 1.778744326e-02 -9.950620474e-01 3.711763247e+02
-9.945485220e-01 -2.440821474e-02 1.013778894e-01 1.933574041e+02 -2.232136133e-02 9.995159956e-01 2.166867100e-02 -2.556640735e+01 -1.018577157e-01 1.928765222e-02 -9.946119807e-01 3.698910967e+02
-9.940720010e-01 -2.288377408e-02 1.062882388e-01 1.935108190e+02 -2.016981090e-02 9.994442684e-01 2.653927274e-02 -2.553503731e+01 -1.068364898e-01 2.423813428e-02 -9.939811252e-01 3.686032469e+02
-9.935588929e-01 -2.366784425e-02 1.108176858e-01 1.936495403e+02 -2.026269150e-02 9.992903115e-01 3.175368704e-02 -2.554711316e+01 -1.114905811e-01 2.930369356e-02 -9.933333498e-01 3.673125417e+02
-9.930276630e-01 -2.164718862e-02 1.158769161e-01 1.937525025e+02 -1.820849723e-02 9.993642439e-01 3.065222094e-02 -2.549723961e+01 -1.164667811e-01 2.832855882e-02 -9.927905024e-01 3.660247329e+02
-9.926831077e-01 -2.302833083e-02 1.185324585e-01 1.939618012e+02 -1.973860227e-02 9.993887444e-01 2.885351095e-02 -2.545022628e+01 -1.191244531e-01 2.630272786e-02 -9.925308717e-01 3.647539727e+02
-9.913721233e-01 -2.139632080e-02 1.293194129e-01 1.938817917e+02 -1.809132080e-02 9.994803617e-01 2.667790750e-02 -2.542513895e+01 -1.298230226e-01 2.410817482e-02 -9.912440561e-01 3.634661808e+02
-9.910130060e-01 -2.301763037e-02 1.317702950e-01 1.940833581e+02 -1.969442845e-02 9.994556452e-01 2.646777010e-02 -2.540536431e+01 -1.323077905e-01 2.363476376e-02 -9.909268623e-01 3.621926010e+02
-9.904229882e-01 -2.524995683e-02 1.357377769e-01 1.942502696e+02 -2.196187297e-02 9.994292739e-01 2.566715212e-02 -2.541190467e+01 -1.363084023e-01 2.244028169e-02 -9.904122643e-01 3.609161591e+02
-9.900328734e-01 -2.463332608e-02 1.386654563e-01 1.944789916e+02 -2.142501114e-02 9.994681904e-01 2.458262201e-02 -2.537000357e+01 -1.391972644e-01 2.136669496e-02 -9.900341337e-01 3.596591248e+02
-9.891904062e-01 -2.819510936e-02 1.439005768e-01 1.945626705e+02 -2.477735020e-02 9.993680164e-01 2.548824670e-02 -2.541729105e+01 -1.445282779e-01 2.164725412e-02 -9.892638542e-01 3.583880430e+02
-9.884375333e-01 -2.936481508e-02 1.487580266e-01 1.946630827e+02 -2.544813498e-02 9.992793047e-01 2.816493554e-02 -2.545630355e+01 -1.494778755e-01 2.405366507e-02 -9.884724508e-01 3.571228688e+02
-9.878131813e-01 -3.351702403e-02 1.519925258e-01 1.948519629e+02 -2.969170661e-02 9.991843478e-01 2.736862619e-02 -2.542610208e+01 -1.527858677e-01 2.252217223e-02 -9.880026470e-01 3.558728077e+02
-9.873498080e-01 -3.771826225e-02 1.540054846e-01 1.951003586e+02 -3.419746405e-02 9.990910554e-01 2.544791757e-02 -2.536168932e+01 -1.548253533e-01 1.985939951e-02 -9.877422307e-01 3.546385921e+02
-9.871192771e-01 -3.759696427e-02 1.555056301e-01 1.953632473e+02 -3.444924621e-02 9.991443187e-01 2.288842044e-02 -2.534804981e+01 -1.562331019e-01 1.723654930e-02 -9.875698047e-01 3.534173712e+02
-9.867815801e-01 -3.656870017e-02 1.578760377e-01 1.955737240e+02 -3.399323954e-02 9.992417522e-01 1.898368776e-02 -2.532090921e+01 -1.584505373e-01 1.336603544e-02 -9.872764437e-01 3.521939206e+02
-9.863695318e-01 -3.460791119e-02 1.608646614e-01 1.957814022e+02 -3.213970646e-02 9.993227104e-01 1.792093038e-02 -2.529832151e+01 -1.613759154e-01 1.250651671e-02 -9.868137621e-01 3.509743365e+02
-9.858632730e-01 -3.194292468e-02 1.644787420e-01 1.959826124e+02 -2.936025666e-02 9.994048240e-01 1.811002596e-02 -2.528852660e+01 -1.649593354e-01 1.302487138e-02 -9.862143633e-01 3.497587127e+02
-9.857002153e-01 -3.000519952e-02 1.658154805e-01 1.962360253e+02 -2.734030244e-02 9.994580906e-01 1.833120417e-02 -2.528616236e+01 -1.662756550e-01 1.353562651e-02 -9.859864063e-01 3.485613282e+02
-9.852021161e-01 -3.103852933e-02 1.685627486e-01 1.964789805e+02 -2.834835305e-02 9.994297871e-01 1.834315930e-02 -2.529690358e+01 -1.690359766e-01 1.329324305e-02 -9.855202323e-01 3.473703846e+02
-9.848505958e-01 -3.441587048e-02 1.699554408e-01 1.967531276e+02 -3.170339353e-02 9.993233284e-01 1.864886592e-02 -2.528138326e+01 -1.704822537e-01 1.297818248e-02 -9.852752752e-01 3.461948525e+02
-9.843392979e-01 -3.455481264e-02 1.728644311e-01 1.969299050e+02 -3.130283300e-02 9.992785952e-01 2.150399567e-02 -2.527447793e+01 -1.734827924e-01 1.575608158e-02 -9.847108543e-01 3.450064887e+02
-9.845920661e-01 -3.627196505e-02 1.710637538e-01 1.972843423e+02 -3.274122982e-02 9.991894980e-01 2.341706728e-02 -2.527283845e+01 -1.717744893e-01 1.745542098e-02 -9.849816410e-01 3.438661312e+02
-9.841004741e-01 -3.161566007e-02 1.747761625e-01 1.974259493e+02 -2.779220561e-02 9.993187728e-01 2.428134276e-02 -2.525866701e+01 -1.754247709e-01 1.903786588e-02 -9.843087470e-01 3.426877623e+02
-9.834487226e-01 -2.824986986e-02 1.789708214e-01 1.975817205e+02 -2.426695771e-02 9.994075741e-01 2.440523718e-02 -2.525924131e+01 -1.795542392e-01 1.965822198e-02 -9.835516405e-01 3.415177730e+02
-9.830123704e-01 -2.524125098e-02 1.817953764e-01 1.977901866e+02 -2.166173244e-02 9.995309384e-01 2.164884720e-02 -2.523947823e+01 -1.822565472e-01 1.734308180e-02 -9.830980462e-01 3.403582341e+02
-9.828029858e-01 -2.352596959e-02 1.831524498e-01 1.980035428e+02 -2.005639060e-02 9.995830189e-01 2.077329100e-02 -2.522720473e+01 -1.835647905e-01 1.674267535e-02 -9.828650215e-01 3.392061962e+02
-9.818438911e-01 -2.418703970e-02 1.881423945e-01 1.981210098e+02 -2.039489106e-02 9.995484717e-01 2.206583682e-02 -2.525846383e+01 -1.885911502e-01 1.782806344e-02 -9.818938528e-01 3.380471155e+02
-9.825295653e-01 -2.290546549e-02 1.846916157e-01 1.985698724e+02 -1.977580379e-02 9.996282356e-01 1.876987290e-02 -2.517844446e+01 -1.850528867e-01 1.478952991e-02 -9.826172698e-01 3.369811859e+02
-9.820284050e-01 -2.406561712e-02 1.871925690e-01 1.987957011e+02 -2.084287870e-02 9.995990456e-01 1.916565919e-02 -2.517852745e+01 -1.875787467e-01 1.491958971e-02 -9.821362531e-01 3.358528372e+02
-9.813570665e-01 -2.299744279e-02 1.908125404e-01 1.989892562e+02 -1.932974122e-02 9.995913183e-01 2.106080661e-02 -2.516930095e+01 -1.912189035e-01 1.697981437e-02 -9.814005384e-01 3.347220035e+02
-9.808920980e-01 -2.028238047e-02 1.934924213e-01 1.992247125e+02 -1.653229293e-02 9.996432760e-01 2.097627252e-02 -2.514417079e+01 -1.938488466e-01 1.737658657e-02 -9.808775045e-01 3.336078905e+02
-9.804807251e-01 -1.822051452e-02 1.957691512e-01 1.995040967e+02 -1.540385922e-02 9.997549148e-01 1.590067622e-02 -2.508566982e+01 -1.960108896e-01 1.257470610e-02 -9.805210900e-01 3.325175900e+02
-9.799792671e-01 -1.451316054e-02 1.985698978e-01 1.996614529e+02 -1.210345804e-02 9.998377121e-01 1.334375109e-02 -2.509043568e+01 -1.987313323e-01 1.067321698e-02 -9.799958877e-01 3.314076666e+02
-9.793262335e-01 -1.389734619e-02 2.018092965e-01 1.998780978e+02 -1.144913946e-02 9.998460874e-01 1.329356295e-02 -2.505900214e+01 -2.019629808e-01 1.070819215e-02 -9.793346154e-01 3.303156229e+02
-9.784390840e-01 -1.115129672e-02 2.062343509e-01 2.000914561e+02 -7.745617895e-03 9.998201048e-01 1.731367912e-02 -2.504133049e+01 -2.063903203e-01 1.534296786e-02 -9.783494412e-01 3.292215258e+02
-9.775772866e-01 -1.108482001e-02 2.102849864e-01 2.003143223e+02 -7.216466897e-03 9.997904974e-01 1.915421377e-02 -2.502543694e+01 -2.104532522e-01 1.720720968e-02 -9.774524748e-01 3.281450274e+02
-9.770025911e-01 -1.203225399e-02 2.128876744e-01 2.005740309e+02 -8.574287462e-03 9.998160083e-01 1.715899757e-02 -2.500756875e+01 -2.130549662e-01 1.493902497e-02 -9.769259987e-01 3.270867600e+02
-9.764085800e-01 -1.228595899e-02 2.155814002e-01 2.008202375e+02 -9.493418424e-03 9.998571474e-01 1.398427092e-02 -2.501059727e+01 -2.157224140e-01 1.160775767e-02 -9.763857332e-01 3.260400027e+02
-9.731667494e-01 -1.358029758e-02 2.296999204e-01 2.007316120e+02 -1.074017547e-02 9.998496935e-01 1.361025602e-02 -2.506235127e+01 -2.298502263e-01 1.077803116e-02 -9.731663309e-01 3.249734514e+02
-9.728011696e-01 -1.578000543e-02 2.311036042e-01 2.010347646e+02 -1.292121455e-02 9.998201971e-01 1.387860442e-02 -2.507337637e+01 -2.312810555e-01 1.051498336e-02 -9.728301540e-01 3.239543143e+02
-9.721913199e-01 -1.804063562e-02 2.334921262e-01 2.013213126e+02 -1.517188999e-02 9.997858076e-01 1.407667042e-02 -2.507726522e+01 -2.336960660e-01 1.014269994e-02 -9.722567945e-01 3.229365729e+02
-9.702591711e-01 -1.620869749e-02 2.415251932e-01 2.015164427e+02 -1.319271280e-02 9.998135643e-01 1.409925389e-02 -2.503307993e+01 -2.417086948e-01 1.049355789e-02 -9.702921169e-01 3.219060028e+02
-9.672286758e-01 -1.514586399e-02 2.534547130e-01 2.015996208e+02 -1.196625966e-02 9.998292373e-01 1.408207449e-02 -2.497347904e+01 -2.536247176e-01 1.058768135e-02 -9.672447486e-01 3.208694601e+02
-9.654350674e-01 -1.520769705e-02 2.601996475e-01 2.018807220e+02 -1.134910958e-02 9.998023200e-01 1.632539650e-02 -2.497483347e+01 -2.603964829e-01 1.280807595e-02 -9.654168141e-01 3.198695850e+02
-9.623464659e-01 -1.159130409e-02 2.715785729e-01 2.021610744e+02 -7.197861147e-03 9.998267104e-01 1.716799359e-02 -2.498495902e+01 -2.717305106e-01 1.456677310e-02 -9.622631338e-01 3.188873014e+02
-9.591523567e-01 -1.095037039e-02 2.826779899e-01 2.024403015e+02 -6.556886324e-03 9.998426342e-01 1.648375314e-02 -2.500714793e+01 -2.828140093e-01 1.395694323e-02 -9.590732192e-01 3.179109851e+02
-9.548668072e-01 -1.026282085e-02 2.968569605e-01 2.026976088e+02 -5.539962832e-03 9.998444207e-01 1.674644092e-02 -2.505785929e+01 -2.969826414e-01 1.434604405e-02 -9.547751053e-01 3.169418341e+02
-9.506749236e-01 -1.016629997e-02 3.100223153e-01 2.029917854e+02 -5.465170246e-03 9.998565967e-01 1.602865839e-02 -2.508253813e+01 -3.101408092e-01 1.354371886e-02 -9.505941543e-01 3.159920015e+02
-9.467720480e-01 -8.585775731e-03 3.217902634e-01 2.033458117e+02 -4.191778708e-03 9.998883153e-01 1.434523801e-02 -2.506983589e+01 -3.218774894e-01 1.223279680e-02 -9.467022977e-01 3.150644889e+02
-9.418570882e-01 -6.818322387e-03 3.359445429e-01 2.037005741e+02 -2.807833636e-03 9.999188984e-01 1.242226280e-02 -2.504437016e+01 -3.360019963e-01 1.075671988e-02 -9.417998468e-01 3.141514387e+02
-9.371689330e-01 -5.637022414e-03 3.488303529e-01 2.041200655e+02 -2.236605440e-03 9.999459857e-01 1.015003646e-02 -2.497475682e+01 -3.488687270e-01 8.732102976e-03 -9.371309202e-01 3.132715758e+02
-9.306642850e-01 -4.939420942e-03 3.658409363e-01 2.044616361e+02 -1.553279645e-03 9.999531958e-01 9.549526912e-03 -2.496484921e+01 -3.658709826e-01 8.319150356e-03 -9.306283984e-01 3.123693224e+02
-9.249598611e-01 -3.394877504e-03 3.800496418e-01 2.048270883e+02 -2.891651071e-04 9.999661023e-01 8.228652168e-03 -2.495631627e+01 -3.800646942e-01 7.501275871e-03 -9.249294887e-01 3.114906682e+02
-9.185028120e-01 -4.815353888e-03 3.953851245e-01 2.051721266e+02 -1.438538722e-03 9.999599218e-01 8.836597081e-03 -2.501784119e+01 -3.954118295e-01 7.547662456e-03 -9.184729272e-01 3.105929746e+02
-9.128250605e-01 -4.926474609e-03 4.083211221e-01 2.056087792e+02 -2.434692396e-03 9.999751104e-01 6.622003152e-03 -2.498596636e+01 -4.083435822e-01 5.050594097e-03 -9.128143351e-01 3.097424703e+02
-9.075241559e-01 -6.097712844e-03 4.199556219e-01 2.060099179e+02 -4.034458374e-03 9.999750351e-01 5.801070534e-03 -2.500288951e+01 -4.199805110e-01 3.570318164e-03 -9.075261006e-01 3.088686929e+02
-9.030872312e-01 -9.941755824e-03 4.293420715e-01 2.064443732e+02 -7.556565563e-03 9.999450947e-01 7.259880416e-03 -2.504210214e+01 -4.293906743e-01 3.311953791e-03 -9.031127725e-01 3.080108167e+02
-8.988962684e-01 -1.227651211e-02 4.379894815e-01 2.068833027e+02 -1.045708174e-02 9.999237671e-01 6.565784354e-03 -2.502835206e+01 -4.380366972e-01 1.321867248e-03 -8.989561194e-01 3.071523216e+02
-8.934475320e-01 -1.243898861e-02 4.489952997e-01 2.072842523e+02 -9.584101662e-03 9.999168261e-01 8.630518043e-03 -2.506575288e+01 -4.490653099e-01 3.407698447e-03 -8.934924370e-01 3.062709309e+02
-8.880459363e-01 -1.511652914e-02 4.595061540e-01 2.076977472e+02 -1.101672710e-02 9.998720034e-01 1.160209608e-02 -2.510810343e+01 -4.596227222e-01 5.240940375e-03 -8.880988041e-01 3.053983274e+02
-8.827054047e-01 -1.738869298e-02 4.696049422e-01 2.081405143e+02 -1.347169564e-02 9.998407988e-01 1.170001769e-02 -2.509545842e+01 -4.697336286e-01 4.001293999e-03 -8.827991322e-01 3.045400775e+02
-8.795500256e-01 -2.084214644e-02 4.753497212e-01 2.086640816e+02 -1.623343216e-02 9.997730074e-01 1.379889261e-02 -2.510805260e+01 -4.755294188e-01 4.420258900e-03 -8.796887138e-01 3.037323360e+02
-8.741187887e-01 -2.011757013e-02 4.852954014e-01 2.091545333e+02 -1.495966356e-02 9.997829587e-01 1.449978875e-02 -2.511094785e+01 -4.854817727e-01 5.414681843e-03 -8.742300210e-01 3.029111017e+02
-8.715009323e-01 -2.247234799e-02 4.898786774e-01 2.096970850e+02 -1.690679290e-02 9.997324833e-01 1.578360285e-02 -2.511865236e+01 -4.901023213e-01 5.473147252e-03 -8.716477266e-01 3.021331406e+02
-8.674211139e-01 -2.498354093e-02 4.969471138e-01 2.102263687e+02 -1.905317369e-02 9.996739294e-01 1.700033897e-02 -2.512903682e+01 -4.972098026e-01 5.278033294e-03 -8.676142891e-01 3.013490480e+02
-8.629621839e-01 -2.803047007e-02 5.044903982e-01 2.107387087e+02 -2.082011244e-02 9.995846768e-01 1.992477698e-02 -2.513301636e+01 -5.048393725e-01 6.690782243e-03 -8.631873733e-01 3.005609464e+02
-8.562099355e-01 -2.645027848e-02 5.159505104e-01 2.111890189e+02 -1.799559896e-02 9.996094128e-01 2.138177305e-02 -2.513000514e+01 -5.163145406e-01 9.022448055e-03 -8.563514995e-01 2.997420223e+02
-8.492084317e-01 -2.631492152e-02 5.274017106e-01 2.116787280e+02 -1.653772213e-02 9.995929694e-01 2.324648786e-02 -2.511491655e+01 -5.277987715e-01 1.101909055e-02 -8.492979668e-01 2.989463109e+02
-8.425648155e-01 -2.596578070e-02 5.379686885e-01 2.121754129e+02 -1.585764197e-02 9.996001536e-01 2.341085543e-02 -2.509370450e+01 -5.383614648e-01 1.119424823e-02 -8.426396751e-01 2.981644756e+02
-8.339298779e-01 -2.603913081e-02 5.512557686e-01 2.126734406e+02 -1.398419998e-02 9.995625554e-01 2.606031313e-02 -2.509045378e+01 -5.516932126e-01 1.402360284e-02 -8.339292162e-01 2.973850475e+02
-8.270969688e-01 -2.512192336e-02 5.614975451e-01 2.132085278e+02 -1.124594952e-02 9.995403106e-01 2.815485919e-02 -2.508793871e+01 -5.619467349e-01 1.697222564e-02 -8.269992810e-01 2.966389785e+02
-8.190528050e-01 -2.368107232e-02 5.732291946e-01 2.137570796e+02 -1.028760186e-02 9.995933380e-01 2.659556266e-02 -2.507531267e+01 -5.736258955e-01 1.588601647e-02 -8.189633487e-01 2.959140118e+02
-8.092663592e-01 -1.990793672e-02 5.871044489e-01 2.142995479e+02 -7.956580386e-03 9.997053803e-01 2.293131765e-02 -2.504937683e+01 -5.873879916e-01 1.388620020e-02 -8.091863325e-01 2.951838912e+02
-7.982835981e-01 -1.687867041e-02 6.020451872e-01 2.148273677e+02 -6.034127504e-03 9.997812013e-01 2.002845073e-02 -2.500144321e+01 -6.022515141e-01 1.235556629e-02 -7.982107828e-01 2.944493333e+02
-7.849027095e-01 -1.427051437e-02 6.194546706e-01 2.153476705e+02 -2.232186501e-03 9.997933847e-01 2.020408793e-02 -2.497020989e+01 -6.196150046e-01 1.447550500e-02 -7.847723911e-01 2.937081762e+02
-7.732197921e-01 -1.089653701e-02 6.340444926e-01 2.159393028e+02 2.873103549e-03 9.997818982e-01 2.068577386e-02 -2.495387435e+01 -6.341316097e-01 1.781632524e-02 -7.730198446e-01 2.930185868e+02
-7.585041589e-01 -7.458525915e-03 6.516255146e-01 2.164998040e+02 8.457059570e-03 9.997376322e-01 2.128720190e-02 -2.496974729e+01 -6.516133202e-01 2.165726697e-02 -7.582420746e-01 2.923078732e+02
-7.461643156e-01 -4.419254558e-03 6.657471624e-01 2.171586162e+02 1.341709381e-02 9.996750643e-01 2.167365634e-02 -2.498363846e+01 -6.656266188e-01 2.510450109e-02 -7.458625667e-01 2.916821920e+02
-7.327025017e-01 2.452696637e-04 6.805490312e-01 2.177944266e+02 1.951542144e-02 9.995962665e-01 2.065071997e-02 -2.496802391e+01 -6.802692058e-01 2.841203534e-02 -7.324114717e-01 2.910341925e+02
-7.196356406e-01 1.586926705e-03 6.943500749e-01 2.184434223e+02 2.227700909e-02 9.995353598e-01 2.080382918e-02 -2.493869425e+01 -6.939944378e-01 3.043921987e-02 -7.193366209e-01 2.903957440e+02
-7.015716752e-01 8.765118235e-04 7.125983555e-01 2.190728171e+02 2.286165588e-02 9.995121666e-01 2.127847456e-02 -2.489883446e+01 -7.122320754e-01 3.121955343e-02 -7.012494637e-01 2.897210905e+02
-6.879901118e-01 -1.797966764e-05 7.257200602e-01 2.197802470e+02 2.432138380e-02 9.994376950e-01 2.308168402e-02 -2.490045731e+01 -7.253123991e-01 3.353048649e-02 -6.876028142e-01 2.891323122e+02
-6.720791942e-01 1.431475365e-03 7.404778914e-01 2.204707541e+02 2.851254796e-02 9.993065480e-01 2.394697770e-02 -2.490384108e+01 -7.399301260e-01 3.720717686e-02 -6.716539545e-01 2.885116516e+02
-6.571039606e-01 2.553197115e-03 7.537956395e-01 2.212132917e+02 2.885220125e-02 9.993466752e-01 2.176633269e-02 -2.489578392e+01 -7.532475924e-01 3.605140691e-02 -6.567483237e-01 2.879467859e+02
-6.394882895e-01 3.341166735e-03 7.687935771e-01 2.219330214e+02 3.065692880e-02 9.993060115e-01 2.115769361e-02 -2.490779887e+01 -7.681893518e-01 3.709894725e-02 -6.391469219e-01 2.873386394e+02
-6.235268368e-01 4.303664308e-03 7.817901012e-01 2.227092683e+02 3.473732201e-02 9.991497668e-01 2.220499760e-02 -2.490766396e+01 -7.810298344e-01 4.100270640e-02 -6.231461914e-01 2.867862912e+02
-6.059573343e-01 3.372115403e-03 7.954899986e-01 2.234899502e+02 3.608300406e-02 9.990782845e-01 2.325076835e-02 -2.491349798e+01 -7.946783788e-01 4.279264246e-02 -6.055204901e-01 2.862285988e+02
-5.827805279e-01 5.516278988e-03 8.126108706e-01 2.242211419e+02 4.212039124e-02 9.988378477e-01 2.342705014e-02 -2.487214627e+01 -8.115372628e-01 4.788031644e-02 -5.823355960e-01 2.856037901e+02
-5.643659825e-01 4.587990698e-03 8.255119552e-01 2.250384560e+02 4.504212146e-02 9.986661103e-01 2.524296610e-02 -2.486286983e+01 -8.242949989e-01 5.142908111e-02 -5.638198333e-01 2.850832486e+02
-5.458485769e-01 3.724117302e-03 8.378755648e-01 2.258461032e+02 4.543169328e-02 9.986505939e-01 2.515854866e-02 -2.486354297e+01 -8.366512370e-01 5.179886365e-02 -5.452811984e-01 2.845587723e+02
-5.261695882e-01 7.485939715e-03 8.503467088e-01 2.266647870e+02 4.684130295e-02 9.986982387e-01 2.019208647e-02 -2.482395560e+01 -8.490886036e-01 5.045580962e-02 -5.258352922e-01 2.840577491e+02
-5.084836308e-01 6.911548768e-03 8.610439174e-01 2.275182272e+02 4.555839930e-02 9.987831158e-01 1.888702975e-02 -2.480647702e+01 -8.598655880e-01 4.883152807e-02 -5.081797442e-01 2.836038446e+02
-4.860675384e-01 5.088425482e-03 8.739064344e-01 2.283717870e+02 4.655104729e-02 9.987141383e-01 2.007660066e-02 -2.479798313e+01 -8.726805533e-01 5.043984362e-02 -4.856793944e-01 2.831312181e+02
-4.643457828e-01 4.927181512e-04 8.856538552e-01 2.292362875e+02 4.499799423e-02 9.987214281e-01 2.303669832e-02 -2.479504646e+01 -8.845101325e-01 5.054964078e-02 -4.637742546e-01 2.826649608e+02
-4.431186566e-01 -9.438916131e-04 8.964624728e-01 2.301264523e+02 4.470277967e-02 9.987321116e-01 2.314801921e-02 -2.478620744e+01 -8.953477077e-01 5.033168358e-02 -4.425146370e-01 2.822432507e+02
-4.201548157e-01 -3.537666040e-03 9.074455443e-01 2.310309032e+02 4.394230622e-02 9.987399729e-01 2.423922867e-02 -2.480553742e+01 -9.063878886e-01 5.005947864e-02 -4.194699560e-01 2.818573777e+02
-3.957980957e-01 -3.976280503e-03 9.183289479e-01 2.319360587e+02 4.245867890e-02 9.988420257e-01 2.262450767e-02 -2.480033598e+01 -9.173555080e-01 4.794577098e-02 -3.951709441e-01 2.814667922e+02
-3.707044435e-01 -6.656639389e-03 9.287270346e-01 2.328753916e+02 4.669899019e-02 9.985758368e-01 2.579733498e-02 -2.478896038e+01 -9.275760992e-01 5.293380138e-02 -3.698656415e-01 2.811453099e+02
-3.424636312e-01 -1.379361494e-02 9.394298258e-01 2.338158376e+02 5.074518942e-02 9.981611509e-01 3.315482598e-02 -2.479306259e+01 -9.381596810e-01 5.902586655e-02 -3.411339326e-01 2.808093470e+02
-3.133479726e-01 -2.005061221e-02 9.494266802e-01 2.347699174e+02 5.399626432e-02 9.977834232e-01 3.889272254e-02 -2.477752270e+01 -9.481020259e-01 6.345244973e-02 -3.115707546e-01 2.804899676e+02
-2.830049048e-01 -1.893879054e-02 9.589314606e-01 2.357240150e+02 5.972600776e-02 9.975166474e-01 3.732749780e-02 -2.474354235e+01 -9.572570333e-01 6.783701281e-02 -2.811709655e-01 2.801984546e+02
-2.536387221e-01 -1.937182630e-02 9.671050258e-01 2.366924475e+02 6.028537106e-02 9.975392669e-01 3.579224692e-02 -2.472392500e+01 -9.654185997e-01 6.738058511e-02 -2.518467472e-01 2.799192560e+02
-2.256006902e-01 -2.163674371e-02 9.739795583e-01 2.376744580e+02 6.236582664e-02 9.973819614e-01 3.660227888e-02 -2.468339328e+01 -9.722215963e-01 6.900053966e-02 -2.236606654e-01 2.796826784e+02
-1.984405386e-01 -2.377167589e-02 9.798246068e-01 2.386681636e+02 6.498784446e-02 9.971866470e-01 3.735466570e-02 -2.460163449e+01 -9.779559973e-01 7.108936912e-02 -1.963373854e-01 2.794598635e+02
-1.712824220e-01 -2.810075492e-02 9.848211409e-01 2.396723725e+02 6.651763894e-02 9.969824822e-01 4.001667010e-02 -2.457185855e+01 -9.829739242e-01 7.236212925e-02 -1.688963784e-01 2.792520483e+02
-1.465523443e-01 -3.125047187e-02 9.887091678e-01 2.407076859e+02 6.377037906e-02 9.971233086e-01 4.096884481e-02 -2.460019313e+01 -9.871452523e-01 6.905443866e-02 -1.441379039e-01 2.791401198e+02
-1.512966259e-01 -3.526559266e-02 9.878591342e-01 2.412867881e+02 6.340845337e-02 9.969589318e-01 4.530183615e-02 -2.474480134e+01 -9.864525833e-01 6.949263480e-02 -1.486003859e-01 2.799775296e+02
-1.292659625e-01 -3.595995813e-02 9.909577147e-01 2.423143911e+02 6.281658101e-02 9.970380932e-01 4.437474298e-02 -2.469117889e+01 -9.896183042e-01 6.798471943e-02 -1.266242072e-01 2.798119001e+02
-1.125764720e-01 -3.575468105e-02 9.929995673e-01 2.433612979e+02 6.054434220e-02 9.972487017e-01 4.277159739e-02 -2.464584251e+01 -9.917968142e-01 6.493558115e-02 -1.101019969e-01 2.797437987e+02
-9.562266384e-02 -3.762755748e-02 9.947062245e-01 2.444191260e+02 6.091753246e-02 9.971910762e-01 4.357765158e-02 -2.465025413e+01 -9.935518911e-01 6.476205985e-02 -9.306188911e-02 2.796774761e+02
-8.259354956e-02 -3.779060640e-02 9.958665451e-01 2.454790233e+02 6.186361572e-02 9.971591837e-01 4.297040206e-02 -2.458384290e+01 -9.946613487e-01 6.515698328e-02 -8.002105290e-02 2.797020193e+02
-6.990744311e-02 -3.840296179e-02 9.968140057e-01 2.465463789e+02 6.041636312e-02 9.972613610e-01 4.265724916e-02 -2.453329473e+01 -9.957222567e-01 6.320593615e-02 -6.739582458e-02 2.796390169e+02
-5.751522317e-02 -3.869375123e-02 9.975945032e-01 2.476157129e+02 6.210865538e-02 9.971743850e-01 4.225826288e-02 -2.444839953e+01 -9.964108159e-01 6.438974662e-02 -5.494949043e-02 2.795232728e+02
-4.596617868e-02 -3.940131636e-02 9.981656409e-01 2.486940570e+02 6.437773315e-02 9.970278016e-01 4.232103820e-02 -2.437800872e+01 -9.968663992e-01 6.620497768e-02 -4.329299064e-02 2.794136319e+02
-3.617943556e-02 -4.068268876e-02 9.985168838e-01 2.497875210e+02 6.472833200e-02 9.969775461e-01 4.296528423e-02 -2.436899032e+01 -9.972468558e-01 6.618679210e-02 -3.343676230e-02 2.793452695e+02
-2.947568676e-02 -4.233679356e-02 9.986685035e-01 2.508912894e+02 6.541816231e-02 9.968789063e-01 4.419174287e-02 -2.434241614e+01 -9.974225022e-01 6.663364023e-02 -2.661409515e-02 2.793394095e+02
-2.420953999e-02 -4.432316287e-02 9.987238634e-01 2.519986396e+02 6.784827547e-02 9.966403873e-01 4.587537299e-02 -2.431362929e+01 -9.974018797e-01 6.887231348e-02 -2.112095515e-02 2.793159699e+02
-1.844170199e-02 -4.774569045e-02 9.986892673e-01 2.531157680e+02 6.722372508e-02 9.965396626e-01 4.888426836e-02 -2.434585361e+01 -9.975674786e-01 6.803712186e-02 -1.516824431e-02 2.792732038e+02
-1.791634283e-02 -4.827906101e-02 9.986731882e-01 2.542345387e+02 6.540969621e-02 9.966372183e-01 4.935409521e-02 -2.430792407e+01 -9.976976377e-01 6.620715474e-02 -1.469817537e-02 2.793998808e+02
-1.406924961e-02 -4.877354797e-02 9.987107676e-01 2.553422454e+02 6.605336800e-02 9.965825501e-01 4.960013424e-02 -2.423691427e+01 -9.977168981e-01 6.666604652e-02 -1.079951155e-02 2.793976768e+02
-1.363225194e-02 -4.859452033e-02 9.987255550e-01 2.564279147e+02 6.746785626e-02 9.964973833e-01 4.940701769e-02 -2.411104931e+01 -9.976283126e-01 6.805540110e-02 -1.030593527e-02 2.794740755e+02
-1.388367937e-02 -5.332771804e-02 9.984805446e-01 2.575418757e+02 6.495811385e-02 9.964192773e-01 5.412085813e-02 -2.411289256e+01 -9.977914045e-01 6.561080954e-02 -1.036989779e-02 2.794982584e+02
-1.344418476e-02 -5.936690154e-02 9.981456932e-01 2.586613056e+02 6.218298878e-02 9.962541010e-01 6.009194762e-02 -2.408423774e+01 -9.979742130e-01 6.287556969e-02 -9.702212828e-03 2.794598488e+02
-1.360785998e-02 -6.274200586e-02 9.979370055e-01 2.598034692e+02 6.280455629e-02 9.960051529e-01 6.347694935e-02 -2.398883104e+01 -9.979330708e-01 6.353877627e-02 -9.613014825e-03 2.793780331e+02
-1.396386027e-02 -6.577141855e-02 9.977370050e-01 2.609422282e+02 6.304816484e-02 9.957907836e-01 6.652551509e-02 -2.390191109e+01 -9.979127915e-01 6.383444015e-02 -9.758316123e-03 2.793526800e+02
-1.433990222e-02 -6.785734611e-02 9.975919746e-01 2.620989150e+02 5.969939162e-02 9.958566021e-01 6.859745398e-02 -2.384669489e+01 -9.981133953e-01 6.053931475e-02 -1.022944402e-02 2.793414292e+02
-1.430872705e-02 -6.489728007e-02 9.977893582e-01 2.632514747e+02 6.143055125e-02 9.959494176e-01 6.565854881e-02 -2.376140582e+01 -9.980087914e-01 6.223424056e-02 -1.026409268e-02 2.792999855e+02
-1.549552610e-02 -6.355599386e-02 9.978579680e-01 2.644149289e+02 6.200804979e-02 9.959957849e-01 6.440029684e-02 -2.370157908e+01 -9.979553549e-01 6.287314305e-02 -1.149249545e-02 2.793277200e+02
-1.717556512e-02 -6.562409162e-02 9.976965864e-01 2.655833735e+02 6.117775040e-02 9.959051775e-01 6.655944899e-02 -2.365379618e+01 -9.979790994e-01 6.218002889e-02 -1.309049993e-02 2.792922908e+02
-2.023224918e-02 -7.085973230e-02 9.972810810e-01 2.667576192e+02 6.034543611e-02 9.955801007e-01 7.196312523e-02 -2.360370892e+01 -9.979724868e-01 6.163733764e-02 -1.586676323e-02 2.793203736e+02
-2.413055574e-02 -7.687994983e-02 9.967483080e-01 2.679387385e+02 6.038842205e-02 9.951058321e-01 7.821522445e-02 -2.353963485e+01 -9.978832370e-01 6.207943434e-02 -1.936979789e-02 2.793125982e+02
-2.863758789e-02 -8.230398718e-02 9.961957349e-01 2.691140835e+02 6.549664217e-02 9.943083029e-01 8.403087940e-02 -2.343232019e+01 -9.974417669e-01 6.765391728e-02 -2.308395662e-02 2.792761835e+02
-3.357797751e-02 -8.847067100e-02 9.955126618e-01 2.702985845e+02 6.821875620e-02 9.935483736e-01 9.059707888e-02 -2.335490246e+01 -9.971051703e-01 7.095470224e-02 -2.732598580e-02 2.792240321e+02
-3.558394714e-02 -9.207711516e-02 9.951158664e-01 2.714788701e+02 7.287819294e-02 9.928561943e-01 9.447405179e-02 -2.327023020e+01 -9.967058501e-01 7.588400577e-02 -2.861932857e-02 2.791206788e+02
-4.141923074e-02 -9.305991355e-02 9.947986227e-01 2.726660236e+02 7.539934472e-02 9.925228273e-01 9.598633249e-02 -2.316557250e+01 -9.962928215e-01 7.898284434e-02 -3.409287550e-02 2.791006644e+02
-4.756999233e-02 -9.436807727e-02 9.944002020e-01 2.738541357e+02 7.666483494e-02 9.922457250e-01 9.783110126e-02 -2.309997462e+01 -9.959214823e-01 8.088935209e-02 -3.996640846e-02 2.790804118e+02
-5.556380391e-02 -9.471832161e-02 9.939522641e-01 2.750442957e+02 7.610788754e-02 9.921920831e-01 9.880516008e-02 -2.299466951e+01 -9.955502263e-01 8.113759767e-02 -4.792115498e-02 2.790678837e+02
-6.214989063e-02 -9.816260889e-02 9.932278154e-01 2.762377596e+02 7.551295515e-02 9.918367706e-01 1.027502506e-01 -2.288650530e+01 -9.952061016e-01 8.138748432e-02 -5.422999813e-02 2.790195577e+02
-7.051421844e-02 -1.033167049e-01 9.921458580e-01 2.774413049e+02 7.541132084e-02 9.912232105e-01 1.085802914e-01 -2.277870899e+01 -9.946561605e-01 8.247548400e-02 -6.210408081e-02 2.789768502e+02
-7.609576413e-02 -1.060338568e-01 9.914465472e-01 2.786322123e+02 7.531127533e-02 9.908780932e-01 1.117533720e-01 -2.263523360e+01 -9.942523052e-01 8.317106213e-02 -6.741608068e-02 2.788718249e+02
-8.350152810e-02 -1.066145183e-01 9.907879891e-01 2.798273434e+02 7.654452094e-02 9.906365664e-01 1.130492356e-01 -2.250505770e+01 -9.935635013e-01 8.527917590e-02 -7.455890986e-02 2.787622755e+02
-9.343357827e-02 -1.081804957e-01 9.897308456e-01 2.810273330e+02 7.435763600e-02 9.905449876e-01 1.152890691e-01 -2.235601615e+01 -9.928449569e-01 8.436591621e-02 -8.450611670e-02 2.786670958e+02
-1.033499313e-01 -1.096952916e-01 9.885776321e-01 2.822272515e+02 7.553779653e-02 9.901639554e-01 1.177683433e-01 -2.222384481e+01 -9.917725712e-01 8.684632621e-02 -9.404723610e-02 2.785574656e+02
-1.139266076e-01 -1.100317721e-01 9.873772011e-01 2.834237468e+02 7.714542489e-02 9.898673792e-01 1.192105492e-01 -2.206032720e+01 -9.904894303e-01 8.975288717e-02 -1.042837847e-01 2.784656170e+02
-1.221796086e-01 -1.103253518e-01 9.863571666e-01 2.846142033e+02 7.964156215e-02 9.895082687e-01 1.205429704e-01 -2.193628764e+01 -9.893075178e-01 9.328291852e-02 -1.121112496e-01 2.782741578e+02
-1.334494378e-01 -1.118783243e-01 9.847205127e-01 2.858142988e+02 7.913166904e-02 9.892324827e-01 1.231148815e-01 -2.182519740e+01 -9.878914042e-01 9.435218943e-02 -1.231594001e-01 2.781721094e+02
-1.463409464e-01 -1.084938785e-01 9.832667012e-01 2.870103944e+02 7.378497630e-02 9.900016571e-01 1.202185354e-01 -2.172328282e+01 -9.864786387e-01 9.014320449e-02 -1.368725611e-01 2.781298205e+02
-1.538546436e-01 -1.005643568e-01 9.829626436e-01 2.881593174e+02 7.782533194e-02 9.904834855e-01 1.135151209e-01 -2.154737464e+01 -9.850238405e-01 9.396422249e-02 -1.445640292e-01 2.778672422e+02
-1.657432139e-01 -9.515657854e-02 9.815673245e-01 2.893352961e+02 7.561050848e-02 9.911778482e-01 1.088555199e-01 -2.143282635e+01 -9.832661074e-01 9.225886823e-02 -1.570861648e-01 2.777755202e+02
-1.795244730e-01 -9.563345124e-02 9.790940744e-01 2.905095669e+02 7.540873209e-02 9.909975262e-01 1.106229006e-01 -2.133442426e+01 -9.808590555e-01 9.369176069e-02 -1.706967113e-01 2.776098584e+02
-1.907333771e-01 -9.865478991e-02 9.766719056e-01 2.916621549e+02 7.095440339e-02 9.909490692e-01 1.139535647e-01 -2.120896523e+01 -9.790741808e-01 9.103392061e-02 -1.820070708e-01 2.773873720e+02
-2.089040730e-01 -9.766480862e-02 9.730471075e-01 2.928223983e+02 6.890208943e-02 9.910580040e-01 1.142651949e-01 -2.108770780e+01 -9.755058126e-01 9.091544345e-02 -2.003067442e-01 2.772945361e+02
-2.294967630e-01 -9.566936854e-02 9.685962047e-01 2.939745932e+02 6.728469097e-02 9.912173673e-01 1.138459534e-01 -2.097716834e+01 -9.709809505e-01 9.129897409e-02 -2.210440933e-01 2.771862484e+02
-2.471999818e-01 -9.609462207e-02 9.641877372e-01 2.951028480e+02 6.130897319e-02 9.915252548e-01 1.145376750e-01 -2.088515298e+01 -9.670229464e-01 8.742707131e-02 -2.392135624e-01 2.769568094e+02
-2.653759532e-01 -9.515973629e-02 9.594374539e-01 2.962413365e+02 5.848125084e-02 9.916963737e-01 1.145349107e-01 -2.077919038e+01 -9.623697557e-01 8.650391351e-02 -2.576073101e-01 2.767227522e+02
-2.834528486e-01 -9.546093732e-02 9.542230830e-01 2.973634029e+02 5.729121793e-02 9.915702977e-01 1.162155799e-01 -2.071608556e+01 -9.572733147e-01 8.761023978e-02 -2.755943522e-01 2.764789115e+02
-2.965598824e-01 -9.704009915e-02 9.500712896e-01 2.984199177e+02 5.311049176e-02 9.916088357e-01 1.178609039e-01 -2.066133343e+01 -9.535363191e-01 8.541156918e-02 -2.889175523e-01 2.761121881e+02
-3.118920829e-01 -9.677720125e-02 9.451759106e-01 2.994829600e+02 5.109381118e-02 9.916510621e-01 1.183959180e-01 -2.052375582e+01 -9.487427212e-01 8.521938898e-02 -3.043433992e-01 2.757608871e+02
-3.261744377e-01 -9.535931024e-02 9.404875534e-01 3.005314177e+02 4.947721657e-02 9.918131623e-01 1.177227938e-01 -2.038457679e+01 -9.440138989e-01 8.493087244e-02 -3.187859872e-01 2.754060076e+02
-3.422373461e-01 -9.574942487e-02 9.347222297e-01 3.015840224e+02 4.630304019e-02 9.918671281e-01 1.185564365e-01 -2.025784011e+01 -9.384719641e-01 8.385492114e-02 -3.350204841e-01 2.750576251e+02
-3.591409172e-01 -9.428375447e-02 9.285086834e-01 3.026286256e+02 4.451233886e-02 9.920213823e-01 1.179501114e-01 -2.013609949e+01 -9.322212470e-01 8.369080434e-02 -3.520786787e-01 2.747049507e+02
-3.734890824e-01 -9.058667186e-02 9.232009317e-01 3.036446673e+02 4.620390461e-02 9.921685809e-01 1.160461390e-01 -1.999422536e+01 -9.264831917e-01 8.599745374e-02 -3.663786749e-01 2.742950459e+02
-3.864093930e-01 -8.806383700e-02 9.181135777e-01 3.046474346e+02 4.773203864e-02 9.921881020e-01 1.152580704e-01 -1.987478742e+01 -9.210914360e-01 8.836023378e-02 -3.791873357e-01 2.738566359e+02
-4.033224188e-01 -8.508967992e-02 9.110931746e-01 3.056650672e+02 4.664307568e-02 9.924611776e-01 1.133368188e-01 -1.975894027e+01 -9.138683986e-01 8.820746779e-02 -3.963129983e-01 2.734508916e+02
-4.182979872e-01 -7.986410506e-02 9.047919753e-01 3.066561144e+02 4.940087645e-02 9.926522898e-01 1.104580685e-01 -1.963488604e+01 -9.069654609e-01 9.090190429e-02 -4.112790980e-01 2.730187209e+02
-4.351014650e-01 -7.710277964e-02 8.970740641e-01 3.076487396e+02 5.072287450e-02 9.926454770e-01 1.099188199e-01 -1.954195955e+01 -8.989515589e-01 9.332801474e-02 -4.279906266e-01 2.726129536e+02
-4.467906025e-01 -7.430260406e-02 8.915476883e-01 3.085939328e+02 5.343999868e-02 9.925490775e-01 1.095011199e-01 -1.944331907e+01 -8.930410540e-01 9.656837863e-02 -4.394908693e-01 2.721153584e+02
-4.588538239e-01 -7.151728226e-02 8.856288425e-01 3.095245563e+02 5.572581022e-02 9.924765855e-01 1.090177110e-01 -1.934102781e+01 -8.867625400e-01 9.937557837e-02 -4.514163179e-01 2.716188196e+02
-4.734679696e-01 -6.966747504e-02 8.780515501e-01 3.104657462e+02 5.294800581e-02 9.928132126e-01 1.073239658e-01 -1.925020106e+01 -8.792181700e-01 9.730553873e-02 -4.663765021e-01 2.711585492e+02
-4.868176705e-01 -6.729444971e-02 8.709075799e-01 3.113681911e+02 5.011304529e-02 9.932342704e-01 1.047586124e-01 -1.917436494e+01 -8.720649279e-01 9.464217466e-02 -4.801516639e-01 2.706460396e+02
-5.035384154e-01 -6.321245003e-02 8.616572697e-01 3.122983739e+02 4.704863391e-02 9.938337639e-01 1.004035650e-01 -1.906547051e+01 -8.626908428e-01 9.109684946e-02 -4.974594192e-01 2.702164785e+02
-5.158362871e-01 -5.864099577e-02 8.546778098e-01 3.131664495e+02 4.728148119e-02 9.941851075e-01 9.674933343e-02 -1.899076959e+01 -8.553814275e-01 9.031724972e-02 -5.100641214e-01 2.696904644e+02
-5.290198632e-01 -5.343394954e-02 8.469254970e-01 3.140304058e+02 5.012519982e-02 9.943055331e-01 9.404239017e-02 -1.891027896e+01 -8.471277641e-01 9.220260215e-02 -5.233289897e-01 2.691855720e+02
-5.444414389e-01 -5.360701991e-02 8.370841099e-01 3.148761400e+02 4.844985911e-02 9.942797807e-01 9.518575979e-02 -1.880800601e+01 -8.373984301e-01 9.237967921e-02 -5.387298619e-01 2.686641395e+02
-5.555236316e-01 -5.697250990e-02 8.295466400e-01 3.156945882e+02 4.674450785e-02 9.939323901e-01 9.956583236e-02 -1.874407823e+01 -8.301857899e-01 9.408792220e-02 -5.494897789e-01 2.681174350e+02
-5.701732511e-01 -5.923556913e-02 8.193861184e-01 3.165065199e+02 4.126604152e-02 9.940728957e-01 1.005792812e-01 -1.866383498e+01 -8.204874024e-01 9.116043733e-02 -5.643493574e-01 2.676033661e+02
-5.825287168e-01 -5.311482059e-02 8.110728142e-01 3.172943607e+02 3.924697222e-02 9.948605918e-01 9.333851275e-02 -1.857317338e+01 -8.118620383e-01 8.620451626e-02 -5.774502681e-01 2.671009835e+02
-5.945746820e-01 -5.127553288e-02 8.024037433e-01 3.180183088e+02 3.577582180e-02 9.952889560e-01 9.011095731e-02 -1.849925840e+01 -8.032440713e-01 8.228434712e-02 -5.899391902e-01 2.665385342e+02
-6.081381205e-01 -5.241779405e-02 7.920987321e-01 3.187840324e+02 3.080554113e-02 9.955076377e-01 8.952967015e-02 -1.841833009e+01 -7.932332854e-01 7.884743540e-02 -6.037913852e-01 2.660558852e+02
-6.220354441e-01 -5.668785848e-02 7.809343077e-01 3.195173327e+02 2.768777996e-02 9.951594414e-01 9.429248703e-02 -1.837766112e+01 -7.824993886e-01 8.027560631e-02 -6.174548841e-01 2.655600261e+02
-6.324520473e-01 -5.584686361e-02 7.725836755e-01 3.201726191e+02 2.765426911e-02 9.951338103e-01 9.457241152e-02 -1.832233564e+01 -7.741057094e-01 8.117775216e-02 -6.278300115e-01 2.649996148e+02
-6.432356634e-01 -5.426902340e-02 7.637425970e-01 3.208036933e+02 2.719201051e-02 9.952366237e-01 9.361974940e-02 -1.827275212e+01 -7.651852559e-01 8.098725834e-02 -6.386960060e-01 2.644482243e+02
-6.555782228e-01 -5.504628343e-02 7.531182513e-01 3.214338364e+02 2.350924438e-02 9.953682208e-01 9.321706084e-02 -1.822470542e+01 -7.547612266e-01 7.881631610e-02 -6.512476327e-01 2.639204530e+02
-6.669766894e-01 -5.253130257e-02 7.432244332e-01 3.220177274e+02 2.342983402e-02 9.955394019e-01 9.139114867e-02 -1.815065014e+01 -7.447101038e-01 7.836939089e-02 -6.627707748e-01 2.633753485e+02
-6.824436349e-01 -5.303158419e-02 7.290118903e-01 3.226127894e+02 2.344299569e-02 9.952634679e-01 9.434540436e-02 -1.810459980e+01 -7.305621884e-01 8.147564329e-02 -6.779679996e-01 2.628706568e+02
-6.969136733e-01 -4.926316235e-02 7.154610211e-01 3.231614394e+02 2.777743202e-02 9.950350112e-01 9.557060618e-02 -1.803141452e+01 -7.166168755e-01 8.647813209e-02 -6.920851006e-01 2.623457606e+02
-7.100460902e-01 -4.688030532e-02 7.025929026e-01 3.236419622e+02 3.221804318e-02 9.945734508e-01 9.892243770e-02 -1.798121917e+01 -7.034177617e-01 9.287565860e-02 -7.046825984e-01 2.617855559e+02
-7.230703204e-01 -4.389703402e-02 6.893782432e-01 3.241076484e+02 3.660484374e-02 9.941417357e-01 1.016970732e-01 -1.793283786e+01 -6.898038831e-01 9.876871821e-02 -7.172275393e-01 2.612467286e+02
-7.370108262e-01 -3.967692255e-02 6.747153355e-01 3.245817070e+02 3.639279700e-02 9.944976113e-01 9.823474670e-02 -1.785954067e+01 -6.749004419e-01 9.695485006e-02 -7.315115519e-01 2.607371340e+02
-7.517862847e-01 -3.182369572e-02 6.586384703e-01 3.250062840e+02 4.002008778e-02 9.947915081e-01 9.374565584e-02 -1.781227552e+01 -6.581912904e-01 9.683546770e-02 -7.465970248e-01 2.602397087e+02
-7.664739149e-01 -2.211301261e-02 6.418946583e-01 3.253883174e+02 4.508004011e-02 9.950901862e-01 8.810965464e-02 -1.776022198e+01 -6.406914450e-01 9.647038888e-02 -7.617138153e-01 2.597223759e+02
-7.851666543e-01 -1.508333885e-02 6.191008140e-01 3.257991065e+02 4.773617048e-02 9.952548278e-01 8.478847692e-02 -1.772304957e+01 -6.174419673e-01 9.612658675e-02 -7.807208825e-01 2.592532169e+02
-8.018984387e-01 -1.026959874e-02 5.973721029e-01 3.261353407e+02 4.971301806e-02 9.952381433e-01 8.384303134e-02 -1.768251305e+01 -5.953885369e-01 9.693076607e-02 -7.975693805e-01 2.587431928e+02
-8.205945757e-01 -4.653606970e-03 5.714918077e-01 3.264742943e+02 5.338187202e-02 9.949710914e-01 8.475200935e-02 -1.762751890e+01 -5.690122301e-01 1.000543417e-01 -8.162194623e-01 2.582452822e+02
-8.392198319e-01 2.279978163e-03 5.437875278e-01 3.267753297e+02 5.795645366e-02 9.946705836e-01 8.527297100e-02 -1.758205729e+01 -5.406950372e-01 1.030787650e-01 -8.348794194e-01 2.577541535e+02
-8.576600986e-01 1.032439616e-02 5.141133748e-01 3.270416390e+02 6.184629004e-02 9.946118668e-01 8.320018576e-02 -1.751936495e+01 -5.104842717e-01 1.031534844e-01 -8.536774373e-01 2.572514715e+02
-8.759093577e-01 1.729457944e-02 4.821656298e-01 3.272591775e+02 6.330406998e-02 9.948374770e-01 7.931575613e-02 -1.746321793e+01 -4.783047060e-01 9.999645978e-02 -8.724822728e-01 2.567544900e+02
-8.952742915e-01 2.266761579e-02 4.449383352e-01 3.274955426e+02 6.288057822e-02 9.951363806e-01 7.582622874e-02 -1.741660184e+01 -4.410555247e-01 9.586325300e-02 -8.923453708e-01 2.562683476e+02
-9.133230252e-01 3.000001969e-02 4.061293518e-01 3.276884695e+02 6.449483804e-02 9.953522637e-01 7.151424279e-02 -1.736824632e+01 -4.020963410e-01 9.150885134e-02 -9.110129871e-01 2.557483733e+02
-9.304152552e-01 3.748601881e-02 3.645850399e-01 3.278711463e+02 6.748475793e-02 9.952695419e-01 6.988809940e-02 -1.733456690e+01 -3.602405590e-01 8.962888700e-02 -9.285436997e-01 2.552428976e+02
-9.437992623e-01 4.209304716e-02 3.278278936e-01 3.279401438e+02 6.814602279e-02 9.953286361e-01 6.838878342e-02 -1.732082832e+01 -3.234177979e-01 8.688545045e-02 -9.422589063e-01 2.547154699e+02
-9.580426480e-01 4.417703160e-02 2.832007671e-01 3.280742920e+02 6.504296007e-02 9.957827429e-01 6.470040383e-02 -1.726942971e+01 -2.791481648e-01 8.040596240e-02 -9.568757408e-01 2.541691576e+02
-9.716079618e-01 4.350250256e-02 2.325628967e-01 3.282048005e+02 6.018993649e-02 9.960589816e-01 6.514350886e-02 -1.725672376e+01 -2.288124564e-01 7.729189785e-02 -9.703972498e-01 2.536460869e+02
-9.837559927e-01 4.183061765e-02 1.745690300e-01 3.283528627e+02 5.412825501e-02 9.963312828e-01 6.628805978e-02 -1.726144224e+01 -1.711557151e-01 7.466039303e-02 -9.824110885e-01 2.530865526e+02
-9.913913278e-01 4.491549361e-02 1.229871277e-01 3.283298716e+02 5.337239202e-02 9.963677297e-01 6.635310820e-02 -1.722216357e+01 -1.195601226e-01 7.234601324e-02 -9.901875739e-01 2.525495083e+02
-9.968467784e-01 4.409782586e-02 6.596879640e-02 3.283345765e+02 4.858659300e-02 9.964972593e-01 6.806287727e-02 -1.716713223e+01 -6.273629990e-02 7.105345900e-02 -9.954976457e-01 2.520123537e+02
-9.992305237e-01 3.729431429e-02 1.214473806e-02 3.282625565e+02 3.811249818e-02 9.963718271e-01 7.609612067e-02 -1.719808802e+01 -9.262722207e-03 7.650043281e-02 -9.970265221e-01 2.514258823e+02
-9.982924451e-01 3.589909258e-02 -4.608089897e-02 3.281846376e+02 3.211038858e-02 9.962390011e-01 8.047841688e-02 -1.717076445e+01 4.879669090e-02 7.886131999e-02 -9.956906021e-01 2.508906375e+02
-9.932989191e-01 3.692097039e-02 -1.095175748e-01 3.281252210e+02 2.765315707e-02 9.959999148e-01 8.496747983e-02 -1.711865558e+01 1.122165770e-01 8.136959918e-02 -9.903466202e-01 2.502818108e+02
-9.850495466e-01 3.631733245e-02 -1.683996501e-01 3.279319276e+02 2.134362354e-02 9.957229560e-01 8.989018041e-02 -1.706047878e+01 1.709439690e-01 8.495202272e-02 -9.816115898e-01 2.497582452e+02
-9.728025289e-01 3.663044904e-02 -2.287213369e-01 3.277082192e+02 1.443618942e-02 9.950850783e-01 9.796572538e-02 -1.700002435e+01 2.311857179e-01 9.199944086e-02 -9.685500848e-01 2.492291330e+02
-9.565046041e-01 3.151024898e-02 -2.900104249e-01 3.274676423e+02 1.093856800e-03 9.945295356e-01 1.044500184e-01 -1.693608678e+01 2.917151793e-01 9.958969362e-02 -9.513065474e-01 2.486133925e+02
-9.357107882e-01 2.909338435e-02 -3.515663462e-01 3.272314354e+02 -9.557011116e-03 9.941369748e-01 1.077048697e-01 -1.687329523e+01 3.526386030e-01 1.041405320e-01 -9.299466465e-01 2.480615843e+02
-9.116780864e-01 2.720856102e-02 -4.100033671e-01 3.269078263e+02 -2.047142021e-02 9.935586823e-01 1.114543218e-01 -1.679890626e+01 4.103949169e-01 1.100038141e-01 -9.052486802e-01 2.474543859e+02
-8.847354562e-01 2.945793346e-02 -4.651616953e-01 3.265598866e+02 -2.662931094e-02 9.931759172e-01 1.135450450e-01 -1.673513793e+01 4.653321957e-01 1.128442626e-01 -8.779135037e-01 2.469233990e+02
-8.562559370e-01 2.800641891e-02 -5.157920228e-01 3.262006217e+02 -3.499601773e-02 9.930896508e-01 1.120188568e-01 -1.667264680e+01 5.153649668e-01 1.139674779e-01 -8.493587964e-01 2.463762617e+02
-8.272435399e-01 2.208652159e-02 -5.614092191e-01 3.257315358e+02 -4.628880809e-02 9.931508361e-01 1.072789024e-01 -1.658451063e+01 5.599334532e-01 1.147327426e-01 -8.205552546e-01 2.458333634e+02
-7.993503773e-01 1.947516479e-02 -6.005494919e-01 3.252806278e+02 -5.279463458e-02 9.933326490e-01 1.024840233e-01 -1.649783805e+01 5.985413109e-01 1.136264336e-01 -7.929926435e-01 2.453104875e+02
-7.736919629e-01 2.261918648e-02 -6.331580521e-01 3.248042589e+02 -5.404202041e-02 9.933641149e-01 1.015243584e-01 -1.642857229e+01 6.312528864e-01 1.127657205e-01 -7.673354453e-01 2.447707200e+02
-7.491964359e-01 2.740475087e-02 -6.617806888e-01 3.243064469e+02 -5.464004349e-02 9.931809474e-01 1.029857828e-01 -1.638424183e+01 6.600902711e-01 1.133163070e-01 -7.425902292e-01 2.441876054e+02
-7.282065088e-01 2.994671437e-02 -6.847032020e-01 3.237518748e+02 -5.476773397e-02 9.933072687e-01 1.016915201e-01 -1.630398633e+01 6.831659943e-01 1.115520696e-01 -7.216927046e-01 2.436614925e+02
-7.098582835e-01 3.331143186e-02 -7.035563701e-01 3.231953773e+02 -5.445057590e-02 9.932963498e-01 1.019681138e-01 -1.623996595e+01 7.022366782e-01 1.106919598e-01 -7.032858152e-01 2.431001362e+02
-6.958841386e-01 3.836200105e-02 -7.171287350e-01 3.226166805e+02 -4.755890875e-02 9.939184947e-01 9.931855901e-02 -1.616587798e+01 7.165775714e-01 1.032200700e-01 -6.898276606e-01 2.425335135e+02
-6.848474026e-01 4.409976967e-02 -7.273508407e-01 3.220194240e+02 -4.104145166e-02 9.942481712e-01 9.892508935e-02 -1.609104824e+01 7.275298168e-01 9.760012486e-02 -6.790983590e-01 2.419657145e+02
-6.804590081e-01 4.751759058e-02 -7.312438833e-01 3.214114491e+02 -3.666656224e-02 9.944374705e-01 9.874047058e-02 -1.601500805e+01 7.318682269e-01 9.400104203e-02 -6.749316281e-01 2.413828408e+02
-6.783063637e-01 5.012839966e-02 -7.330672688e-01 3.207556905e+02 -3.481059509e-02 9.943575629e-01 1.002060856e-01 -1.592209744e+01 7.339541535e-01 9.348893341e-02 -6.727340632e-01 2.408182387e+02
-6.785780446e-01 5.266268538e-02 -7.326380273e-01 3.201129662e+02 -3.174620900e-02 9.943918246e-01 1.008815015e-01 -1.586064377e+01 7.338419555e-01 9.171445194e-02 -6.731006193e-01 2.402100802e+02
-6.808227482e-01 5.465994608e-02 -7.304058296e-01 3.194556743e+02 -2.850044570e-02 9.944793747e-01 1.009876123e-01 -1.575895007e+01 7.318935101e-01 8.957155545e-02 -6.755063481e-01 2.395976837e+02
-6.858685397e-01 5.419538277e-02 -7.257046278e-01 3.187615444e+02 -2.744553809e-02 9.945872574e-01 1.002144198e-01 -1.562358286e+01 7.272077342e-01 8.865127179e-02 -6.806686883e-01 2.390041632e+02
-6.908138542e-01 5.568487331e-02 -7.208851599e-01 3.180661888e+02 -2.438938605e-02 9.946678168e-01 1.002052493e-01 -1.548897375e+01 7.226211848e-01 8.680512092e-02 -6.857721883e-01 2.383795220e+02
-6.955964140e-01 5.793010255e-02 -7.160933822e-01 3.173918998e+02 -2.081066232e-02 9.947008122e-01 1.006837152e-01 -1.539299452e+01 7.181312869e-01 8.493760879e-02 -6.907047542e-01 2.377046248e+02
-7.008721153e-01 5.892831431e-02 -7.108485997e-01 3.166974888e+02 -1.825429201e-02 9.947732880e-01 1.004633578e-01 -1.528788550e+01 7.130533352e-01 8.338800403e-02 -6.961331640e-01 2.370263860e+02
-7.065199717e-01 6.017243178e-02 -7.051303482e-01 3.160153652e+02 -1.555182900e-02 9.948179848e-01 1.004754586e-01 -1.518194557e+01 7.075222047e-01 8.195398476e-02 -7.019229831e-01 2.363103166e+02
-7.114636996e-01 6.757994957e-02 -6.994657637e-01 3.153025355e+02 -8.604490098e-03 9.944526537e-01 1.048326399e-01 -1.510975489e+01 7.026701694e-01 8.060316406e-02 -7.069354730e-01 2.355947949e+02
-7.176364005e-01 6.816063575e-02 -6.930744003e-01 3.145826222e+02 -6.110485021e-03 9.945443130e-01 1.041358317e-01 -1.498952259e+01 6.963911678e-01 7.896668420e-02 -7.133047064e-01 2.348758969e+02
-7.218328050e-01 7.081026503e-02 -6.884354059e-01 3.138830258e+02 -1.619007478e-03 9.945763462e-01 1.039964923e-01 -1.490898651e+01 6.920655897e-01 7.618266181e-02 -7.178031914e-01 2.341156994e+02
-7.288605493e-01 7.236022141e-02 -6.808276566e-01 3.131462942e+02 3.435369209e-03 9.947733908e-01 1.020494938e-01 -1.479868379e+01 6.846535605e-01 7.204095574e-02 -7.252996641e-01 2.333747185e+02
-7.343582906e-01 7.052432776e-02 -6.750883055e-01 3.124460437e+02 2.063118940e-03 9.948149267e-01 1.016808985e-01 -1.469792001e+01 6.787589002e-01 7.327742332e-02 -7.306960891e-01 2.325798152e+02
-7.398997477e-01 6.638886300e-02 -6.694332545e-01 3.117618985e+02 -2.724439602e-03 9.948145803e-01 1.016687184e-01 -1.460347411e+01 6.727116327e-01 7.704848957e-02 -7.358821845e-01 2.317599654e+02
-7.463439171e-01 6.432972668e-02 -6.624442948e-01 3.110410170e+02 -3.908055063e-03 9.948772084e-01 1.010151835e-01 -1.448274584e+01 6.655490099e-01 7.798093655e-02 -7.422691486e-01 2.309646055e+02
-7.517060083e-01 6.057177696e-02 -6.567108473e-01 3.103384349e+02 -7.665971456e-03 9.949034956e-01 1.005398795e-01 -1.438956409e+01 6.594537967e-01 8.061075809e-02 -7.474105938e-01 2.301439383e+02
-7.583435287e-01 5.386539905e-02 -6.496257471e-01 3.096171981e+02 -1.390096038e-02 9.950169867e-01 9.873175545e-02 -1.424125422e+01 6.517068788e-01 8.390300960e-02 -7.538159120e-01 2.293324721e+02
-7.637769561e-01 5.692961978e-02 -6.429648355e-01 3.089165081e+02 -9.832497071e-03 9.949613193e-01 9.977622529e-02 -1.415008176e+01 6.454053636e-01 8.252873151e-02 -7.593687676e-01 2.284817875e+02
-7.684023608e-01 5.717845208e-02 -6.374075905e-01 3.082289871e+02 -9.965322395e-03 9.948108466e-01 1.012525149e-01 -1.403768907e+01 6.398894469e-01 8.415464365e-02 -7.638452014e-01 2.276152966e+02
-7.739884921e-01 5.795315399e-02 -6.305420256e-01 3.074958267e+02 -8.471640174e-03 9.947659564e-01 1.018279100e-01 -1.392778346e+01 6.331429897e-01 8.415535570e-02 -7.694464443e-01 2.267727673e+02
-7.790758840e-01 5.964950373e-02 -6.240854939e-01 3.068109758e+02 -3.880508023e-03 9.949854965e-01 9.994400113e-02 -1.385994986e+01 6.269176251e-01 8.028572979e-02 -7.749377349e-01 2.258919643e+02
-7.837792117e-01 6.063595529e-02 -6.180723487e-01 3.061192514e+02 -2.402836850e-04 9.951924880e-01 9.793801113e-02 -1.378329540e+01 6.210395234e-01 7.691028986e-02 -7.799966139e-01 2.250068089e+02
-7.883050089e-01 5.997589288e-02 -6.123545585e-01 3.054342692e+02 -6.171695741e-04 9.951602339e-01 9.826356418e-02 -1.367980301e+01 6.152843506e-01 7.783958643e-02 -7.844527817e-01 2.241049678e+02
-7.933636398e-01 6.281084407e-02 -6.054989124e-01 3.047084001e+02 2.956513007e-04 9.947023016e-01 1.027970999e-01 -1.359407969e+01 6.087479344e-01 8.137646478e-02 -7.891792087e-01 2.232204669e+02
-7.963845372e-01 6.225587682e-02 -6.015778209e-01 3.040795136e+02 -1.283799948e-03 9.945115266e-01 1.046191919e-01 -1.349520394e+01 6.047892366e-01 8.408941234e-02 -7.919336778e-01 2.222643991e+02
-7.998096976e-01 6.205091987e-02 -5.970377970e-01 3.034079330e+02 1.715954674e-04 9.946661004e-01 1.031470756e-01 -1.337435116e+01 6.002536282e-01 8.239558236e-02 -7.955542406e-01 2.213343678e+02
-8.041851026e-01 5.988584162e-02 -5.913543834e-01 3.027174165e+02 -1.651012450e-03 9.946825041e-01 1.029756779e-01 -1.325288857e+01 5.943766440e-01 8.378783956e-02 -7.998099793e-01 2.204144596e+02
-8.066953439e-01 5.997365053e-02 -5.879164765e-01 3.020562333e+02 -1.892624694e-03 9.945699020e-01 1.040534867e-01 -1.317286124e+01 5.909644998e-01 8.505216847e-02 -8.022014015e-01 2.194704377e+02
-8.098786885e-01 5.534630811e-02 -5.839805615e-01 3.013708466e+02 -6.362846791e-03 9.946515268e-01 1.030914860e-01 -1.304209972e+01 5.865628902e-01 8.720737632e-02 -8.051949139e-01 2.185590521e+02
-8.125279035e-01 5.295605309e-02 -5.805118969e-01 3.007095161e+02 -9.014935407e-03 9.946043219e-01 1.033487964e-01 -1.295285852e+01 5.828525859e-01 8.920705813e-02 -8.076663691e-01 2.176420399e+02
-8.160246539e-01 4.944412840e-02 -5.758984653e-01 3.000406449e+02 -1.241519610e-02 9.946054967e-01 1.029843133e-01 -1.283685150e+01 5.778837488e-01 9.118763102e-02 -8.110087477e-01 2.167445097e+02
-8.189121949e-01 4.842343534e-02 -5.718723529e-01 2.994161847e+02 -1.301596816e-02 9.946109291e-01 1.028575918e-01 -1.273165306e+01 5.737712102e-01 9.167480863e-02 -8.138687411e-01 2.158301352e+02
-8.223386456e-01 4.890608616e-02 -5.668927119e-01 2.987816402e+02 -1.377145034e-02 9.942968089e-01 1.057553925e-01 -1.263797620e+01 5.688316967e-01 9.477368103e-02 -8.169751833e-01 2.149378633e+02
-8.260333202e-01 5.306877266e-02 -5.611173311e-01 2.981438292e+02 -9.696873021e-03 9.940719131e-01 1.082912846e-01 -1.254711248e+01 5.635378643e-01 9.489329286e-02 -8.206219218e-01 2.140650502e+02
-8.296253731e-01 5.424777859e-02 -5.556787910e-01 2.975616893e+02 -9.837857910e-03 9.936936624e-01 1.116965616e-01 -1.245635317e+01 5.582337833e-01 9.813299062e-02 -8.238597935e-01 2.131726550e+02
-8.349355555e-01 5.661566960e-02 -5.474278803e-01 2.969473529e+02 -6.293970519e-03 9.936472053e-01 1.123637722e-01 -1.235418404e+01 5.503117335e-01 9.726200352e-02 -8.292750440e-01 2.123209823e+02
-8.393252707e-01 5.809753715e-02 -5.405162034e-01 2.963759233e+02 -3.918369716e-03 9.936006769e-01 1.128819794e-01 -1.224259407e+01 5.436154305e-01 9.686264027e-02 -8.337265095e-01 2.114629738e+02
-8.426817445e-01 6.002006855e-02 -5.350561361e-01 2.958362888e+02 -1.141883257e-03 9.935656515e-01 1.132518975e-01 -1.212645450e+01 5.384107851e-01 9.604627820e-02 -8.371911006e-01 2.106119157e+02
-8.468728472e-01 5.655215584e-02 -5.287799488e-01 2.952837902e+02 -4.855815267e-03 9.934658488e-01 1.140264372e-01 -1.200634387e+01 5.317732615e-01 9.913355125e-02 -8.410646452e-01 2.097835176e+02
-8.502754352e-01 5.122858526e-02 -5.238390176e-01 2.947961510e+02 -1.106235482e-02 9.932929367e-01 1.150945967e-01 -1.191448617e+01 5.262217295e-01 1.036570014e-01 -8.440058753e-01 2.089412374e+02
-8.489362652e-01 5.160823868e-02 -5.259693978e-01 2.945829129e+02 -1.299636415e-02 9.928811185e-01 1.183983913e-01 -1.197784338e+01 5.283354164e-01 1.073483780e-01 -8.422220690e-01 2.080057592e+02
-8.508075878e-01 4.899873763e-02 -5.231878938e-01 2.941020809e+02 -1.409661974e-02 9.931565117e-01 1.159371750e-01 -1.188324334e+01 5.252882388e-01 1.060154090e-01 -8.442943795e-01 2.071992669e+02
-8.508385085e-01 4.420077298e-02 -5.235648232e-01 2.936829965e+02 -1.917061497e-02 9.931803840e-01 1.150009234e-01 -1.179635633e+01 5.250774419e-01 1.078842738e-01 -8.441887606e-01 2.063842952e+02
-8.506653137e-01 4.217344396e-02 -5.240132867e-01 2.932438857e+02 -2.233332902e-02 9.929780303e-01 1.161716567e-01 -1.174971311e+01 5.252330401e-01 1.105261599e-01 -8.437500942e-01 2.055917568e+02
-8.502983660e-01 4.226813925e-02 -5.246008894e-01 2.927935494e+02 -2.204985939e-02 9.930335856e-01 1.157501684e-01 -1.165741982e+01 5.258388464e-01 1.099895549e-01 -8.434428288e-01 2.048404579e+02
-8.479506269e-01 3.934892109e-02 -5.286127096e-01 2.923633158e+02 -2.510669451e-02 9.931403354e-01 1.142012610e-01 -1.158222258e+01 5.294803002e-01 1.101087487e-01 -8.411460487e-01 2.041016770e+02
-8.438667793e-01 3.388244979e-02 -5.354818749e-01 2.919284510e+02 -3.159850992e-02 9.931337179e-01 1.126363729e-01 -1.148685612e+01 5.356215015e-01 1.119705226e-01 -8.370019171e-01 2.033954897e+02
-8.372772009e-01 3.138507364e-02 -5.458771529e-01 2.914655928e+02 -3.645540339e-02 9.929255221e-01 1.130040310e-01 -1.143508041e+01 5.455619969e-01 1.145158706e-01 -8.302097463e-01 2.027259778e+02
-8.273251719e-01 2.963301418e-02 -5.609411239e-01 2.910412441e+02 -4.140373266e-02 9.926742064e-01 1.135061709e-01 -1.133274391e+01 5.601953150e-01 1.171315687e-01 -8.200374410e-01 2.020686415e+02
-8.144659423e-01 2.893148765e-02 -5.794896012e-01 2.906859966e+02 -4.564955333e-02 9.924647409e-01 1.137095260e-01 -1.125275474e+01 5.784127826e-01 1.190659777e-01 -8.070080209e-01 2.013883358e+02
-8.020858542e-01 3.069982841e-02 -5.964191505e-01 2.902127348e+02 -4.603167518e-02 9.925288046e-01 1.129940570e-01 -1.120392264e+01 5.954320846e-01 1.180851074e-01 -7.946801495e-01 2.008215764e+02
-7.861033606e-01 2.931480796e-02 -6.173995047e-01 2.897522417e+02 -4.967654291e-02 9.926469295e-01 1.103825820e-01 -1.112712497e+01 6.160955668e-01 1.174423916e-01 -7.788668289e-01 2.002555949e+02
-7.647056546e-01 2.752048287e-02 -6.437918024e-01 2.893473089e+02 -5.417579363e-02 9.928044743e-01 1.067907264e-01 -1.104493645e+01 6.420983143e-01 1.165414042e-01 -7.577122514e-01 1.996892376e+02
-7.425687283e-01 2.183566025e-02 -6.694138389e-01 2.889135058e+02 -5.999959772e-02 9.932812698e-01 9.895639060e-02 -1.095888667e+01 6.670770061e-01 1.136464822e-01 -7.362694785e-01 1.991803834e+02
-7.130993458e-01 1.918863780e-02 -7.008003419e-01 2.885819164e+02 -6.353882760e-02 9.937423671e-01 9.186362347e-02 -1.090196664e+01 6.981777284e-01 1.100359219e-01 -7.074178083e-01 1.985810372e+02
-6.840708372e-01 1.438858979e-02 -7.292736511e-01 2.881047090e+02 -6.895050500e-02 9.940528771e-01 8.428941409e-02 -1.083393332e+01 7.261493769e-01 1.079437166e-01 -6.790104834e-01 1.981495744e+02
-6.530564824e-01 1.448241048e-02 -7.571707143e-01 2.875427591e+02 -7.174684367e-02 9.941369090e-01 8.089620872e-02 -1.074373903e+01 7.539029256e-01 1.071544024e-01 -6.481884856e-01 1.977931029e+02
-6.131558215e-01 1.063951734e-02 -7.898903337e-01 2.870731215e+02 -8.315257255e-02 9.934851066e-01 7.792940782e-02 -1.071235338e+01 7.855734137e-01 1.134642833e-01 -6.082764734e-01 1.973781272e+02
-5.694653870e-01 1.132170871e-02 -8.219373406e-01 2.865355269e+02 -9.038648300e-02 9.929796187e-01 7.630046284e-02 -1.067694217e+01 8.170308787e-01 1.177424981e-01 -5.644441934e-01 1.969920532e+02
-5.264915663e-01 1.321977794e-02 -8.500775659e-01 2.859936577e+02 -9.700298344e-02 9.924154428e-01 7.551165568e-02 -1.069234623e+01 8.446283513e-01 1.222163099e-01 -5.212160030e-01 1.966802996e+02
-4.806170036e-01 1.640785069e-02 -8.767770973e-01 2.854303357e+02 -1.025073724e-01 9.919194376e-01 7.475338079e-02 -1.064600040e+01 8.709187875e-01 1.258038623e-01 -4.750514223e-01 1.964004779e+02
-4.328913380e-01 1.887333425e-02 -9.012485155e-01 2.848206454e+02 -1.084475088e-01 9.914291481e-01 7.285178253e-02 -1.061275194e+01 8.948990040e-01 1.292750619e-01 -4.271343243e-01 1.961191874e+02
-3.823164347e-01 1.984240764e-02 -9.238183926e-01 2.842336210e+02 -1.129475041e-01 9.912690185e-01 6.803377323e-02 -1.056026511e+01 9.171025052e-01 1.303534113e-01 -3.767372866e-01 1.958879765e+02
-3.314512436e-01 1.967505694e-02 -9.432671760e-01 2.835857823e+02 -1.190530794e-01 9.909186578e-01 6.250262253e-02 -1.051758622e+01 9.359307867e-01 1.330154340e-01 -3.260988453e-01 1.957047093e+02
-2.778745729e-01 2.465048425e-02 -9.603010337e-01 2.829687800e+02 -1.242125391e-01 9.903563293e-01 6.136437146e-02 -1.053523934e+01 9.525528683e-01 1.363330282e-01 -2.721329428e-01 1.955400852e+02
-2.261301183e-01 2.869884752e-02 -9.736742503e-01 2.823356846e+02 -1.259736042e-01 9.903104244e-01 5.844582403e-02 -1.050920320e+01 9.659170879e-01 1.358736158e-01 -2.203237162e-01 1.954468729e+02
-1.697272596e-01 3.341426666e-02 -9.849244357e-01 2.816620423e+02 -1.241239008e-01 9.907411958e-01 5.500127530e-02 -1.050202009e+01 9.776430405e-01 1.315878787e-01 -1.640082790e-01 1.953503394e+02
-1.106122031e-01 3.779402011e-02 -9.931447793e-01 2.810211595e+02 -1.253745741e-01 9.907632058e-01 5.166707156e-02 -1.048392782e+01 9.859240116e-01 1.302301124e-01 -1.048520918e-01 1.952700984e+02
-5.254106338e-02 4.049237010e-02 -9.977974768e-01 2.803403338e+02 -1.240457632e-01 9.911743410e-01 4.675547457e-02 -1.045718382e+01 9.908844964e-01 1.262291319e-01 -4.705444692e-02 1.952391257e+02
4.411891770e-03 3.909377279e-02 -9.992258064e-01 2.796897214e+02 -1.246644947e-01 9.914617987e-01 3.823958086e-02 -1.041788196e+01 9.921891448e-01 1.243992713e-01 9.247827578e-03 1.952446821e+02
6.031071373e-02 3.572825902e-02 -9.975400289e-01 2.790397364e+02 -1.205770616e-01 9.923019068e-01 2.825062663e-02 -1.039914630e+01 9.908702186e-01 1.185766301e-01 6.415444472e-02 1.953126831e+02
1.169909694e-01 3.083108004e-02 -9.926542991e-01 2.783703895e+02 -1.174493287e-01 9.929334007e-01 1.699755730e-02 -1.040606526e+01 9.861636620e-01 1.145980204e-01 1.197853308e-01 1.954499865e+02
1.728476000e-01 2.600290056e-02 -9.846052795e-01 2.777148414e+02 -1.099110938e-01 9.939170964e-01 6.953912195e-03 -1.042544457e+01 9.787968424e-01 1.070170762e-01 1.746541919e-01 1.955948477e+02
2.270474153e-01 2.065190073e-02 -9.736647114e-01 2.770254895e+02 -1.004081241e-01 9.949436511e-01 -2.310782654e-03 -1.038856467e+01 9.686938009e-01 9.828850439e-02 2.279730029e-01 1.957277265e+02
2.730431425e-01 1.817160632e-02 -9.618301488e-01 2.763746661e+02 -8.636372826e-02 9.962473958e-01 -5.694985012e-03 -1.041674690e+01 9.581172939e-01 8.462221420e-02 2.735878873e-01 1.959888082e+02
3.153098077e-01 1.523284140e-02 -9.488665268e-01 2.757135137e+02 -7.306886024e-02 9.972926041e-01 -8.270634471e-03 -1.042339037e+01 9.461715842e-01 7.194040780e-02 3.155691856e-01 1.962509004e+02
3.495185118e-01 1.147368946e-02 -9.368592020e-01 2.750775986e+02 -5.824740247e-02 9.982569283e-01 -9.505009311e-03 -1.045293805e+01 9.351171317e-01 5.789179170e-02 3.495775886e-01 1.965847363e+02
3.782025172e-01 2.751843659e-03 -9.257187928e-01 2.744470631e+02 -4.141787852e-02 9.990445015e-01 -1.395146317e-02 -1.045469750e+01 9.247958776e-01 4.361778699e-02 3.779551208e-01 1.969290399e+02
4.000545726e-01 -6.434896874e-03 -9.164687289e-01 2.738412034e+02 -2.583674043e-02 9.994987327e-01 -1.829607153e-02 -1.047794363e+01 9.161270664e-01 3.099799173e-02 3.996877815e-01 1.973350903e+02
4.158489968e-01 -1.664694585e-02 -9.092813047e-01 2.732201868e+02 -1.085431093e-02 9.996703875e-01 -2.326586175e-02 -1.053005111e+01 9.093688997e-01 1.954470728e-02 4.155312367e-01 1.977383327e+02
4.265376350e-01 -2.673091006e-02 -9.040747228e-01 2.725538124e+02 2.920860782e-03 9.995986755e-01 -2.817723424e-02 -1.056722660e+01 9.044650986e-01 9.377974454e-03 4.264445323e-01 1.980850884e+02
4.324486407e-01 -3.679272311e-02 -9.009075805e-01 2.718654619e+02 1.442781683e-02 9.993215465e-01 -3.388635177e-02 -1.059582986e+01 9.015431278e-01 1.655977205e-03 4.326860831e-01 1.984235513e+02
4.347943788e-01 -4.249253497e-02 -8.995266714e-01 2.711906510e+02 1.902500526e-02 9.990966094e-01 -3.800018761e-02 -1.061799511e+01 9.003287718e-01 -5.912316924e-04 4.352100104e-01 1.988289405e+02
4.344122933e-01 -4.803949110e-02 -8.994321357e-01 2.704835191e+02 1.831174224e-02 9.988413333e-01 -4.450472895e-02 -1.060501234e+01 9.005279782e-01 2.863231933e-03 4.347886411e-01 1.992197503e+02
4.328368748e-01 -5.166478755e-02 -8.999905497e-01 2.697397389e+02 2.117639951e-02 9.986635741e-01 -4.714473371e-02 -1.067756944e+01 9.012235016e-01 1.347419771e-03 4.333524946e-01 1.995591335e+02
4.249274712e-01 -5.434916465e-02 -9.035943849e-01 2.690134126e+02 1.890415070e-02 9.985111128e-01 -5.116825944e-02 -1.070877776e+01 9.050299870e-01 4.661114671e-03 4.253222269e-01 1.999696997e+02
4.191002086e-01 -5.742280423e-02 -9.061223078e-01 2.682298136e+02 2.074244881e-02 9.983430959e-01 -5.367321288e-02 -1.076534206e+01 9.077030164e-01 3.699259122e-03 4.195968893e-01 2.002980587e+02
4.101586340e-01 -5.688115783e-02 -9.102386659e-01 2.674295722e+02 1.890679082e-02 9.983690047e-01 -5.386895028e-02 -1.080168409e+01 9.118181991e-01 4.885123005e-03 4.105651073e-01 2.006250003e+02
3.953683989e-01 -5.710216971e-02 -9.167459688e-01 2.666554761e+02 1.737747903e-02 9.983521123e-01 -5.469079482e-02 -1.083182301e+01 9.183582375e-01 5.692278139e-03 3.957091680e-01 2.010461583e+02
3.862179577e-01 -5.698294733e-02 -9.206457695e-01 2.658308948e+02 1.643320973e-02 9.983566761e-01 -5.489897077e-02 -1.087972052e+01 9.222611554e-01 6.073803353e-03 3.865196892e-01 2.013776673e+02
3.759667058e-01 -5.690178056e-02 -9.248844379e-01 2.649886024e+02 1.518031207e-02 9.983570802e-01 -5.525123083e-02 -1.093605911e+01 9.265088204e-01 6.732588849e-03 3.762128094e-01 2.017065515e+02
3.625905922e-01 -5.686706526e-02 -9.302119110e-01 2.641335546e+02 1.607292210e-02 9.983696983e-01 -5.476866491e-02 -1.098466465e+01 9.318099182e-01 4.907379062e-03 3.629134801e-01 2.020433440e+02
3.485489979e-01 -5.560135065e-02 -9.356399339e-01 2.632490128e+02 1.586505524e-02 9.984459054e-01 -5.342353397e-02 -1.103400722e+01 9.371562816e-01 3.776739992e-03 3.488894383e-01 2.023697330e+02
3.308738387e-01 -5.235269923e-02 -9.422216818e-01 2.623779251e+02 1.502667413e-02 9.986256403e-01 -5.020985544e-02 -1.107684222e+01 9.435553518e-01 2.454669445e-03 3.312057860e-01 2.027782317e+02
3.162435927e-01 -4.970245692e-02 -9.473751400e-01 2.614480794e+02 1.892204027e-02 9.987584402e-01 -4.608182388e-02 -1.115966796e+01 9.484892970e-01 -3.353189013e-03 3.167914292e-01 2.030645439e+02
2.999905914e-01 -5.033287842e-02 -9.526133772e-01 2.605219084e+02 2.345848173e-02 9.986943137e-01 -4.538025257e-02 -1.121733368e+01 9.536536817e-01 -8.733214703e-03 3.007796307e-01 2.034108719e+02
2.808505681e-01 -5.265830622e-02 -9.583058286e-01 2.595983597e+02 2.335547566e-02 9.985729859e-01 -4.802617505e-02 -1.126356191e+01 9.594672898e-01 -8.893509906e-03 2.816796502e-01 2.037938455e+02
2.648100597e-01 -5.779455006e-02 -9.625671001e-01 2.586356135e+02 2.293532213e-02 9.982974380e-01 -5.363018041e-02 -1.130333405e+01 9.640278021e-01 -7.874975237e-03 2.656847408e-01 2.040727747e+02
2.458020137e-01 -5.909466456e-02 -9.675170235e-01 2.576687091e+02 2.327257561e-02 9.982119601e-01 -5.505696923e-02 -1.136180918e+01 9.690406376e-01 -8.983499180e-03 2.467377950e-01 2.043898758e+02
2.346737733e-01 -5.202846930e-02 -9.706808222e-01 2.566433832e+02 1.555938957e-02 9.986397302e-01 -4.976539640e-02 -1.141442924e+01 9.719496517e-01 -3.424567710e-03 2.351640849e-01 2.045752713e+02
2.199701889e-01 -4.049213029e-02 -9.746658419e-01 2.556000722e+02 9.377134761e-03 9.991797449e-01 -3.939424638e-02 -1.147686808e+01 9.754615243e-01 -4.740131323e-04 2.201694574e-01 2.048237524e+02
2.069160179e-01 -3.702635041e-02 -9.776578189e-01 2.545507929e+02 4.351777711e-03 9.993085535e-01 -3.692528762e-02 -1.152559587e+01 9.783490295e-01 3.385883967e-03 2.069340770e-01 2.050287098e+02
1.971401711e-01 -4.101774011e-02 -9.795168697e-01 2.534819735e+02 3.796025240e-03 9.991488206e-01 -4.107583936e-02 -1.160064602e+01 9.803679631e-01 4.379427238e-03 1.971280738e-01 2.051627593e+02
1.799983232e-01 -4.615204513e-02 -9.825836312e-01 2.524571068e+02 7.152905477e-03 9.989337281e-01 -4.560967849e-02 -1.165733753e+01 9.836409099e-01 1.181337813e-03 1.801365173e-01 2.054610023e+02
1.614867380e-01 -4.166131839e-02 -9.859951156e-01 2.514069690e+02 1.353522862e-02 9.991080580e-01 -3.999857441e-02 -1.175907058e+01 9.867820585e-01 -6.886430001e-03 1.619065967e-01 2.057514266e+02
1.488785559e-01 -4.012470720e-02 -9.880410839e-01 2.503275446e+02 1.857104529e-02 9.991136495e-01 -3.777607313e-02 -1.180994214e+01 9.886810870e-01 -1.272490850e-02 1.494917550e-01 2.059194120e+02
1.379507287e-01 -4.301562750e-02 -9.895045489e-01 2.492472748e+02 1.998583629e-02 9.989739123e-01 -4.064097438e-02 -1.187059714e+01 9.902374275e-01 -1.416962389e-02 1.386688824e-01 2.060579474e+02
1.263177263e-01 -4.653653534e-02 -9.908976652e-01 2.481681780e+02 2.142145115e-02 9.987940469e-01 -4.417661581e-02 -1.189569711e+01 9.917585157e-01 -1.564617627e-02 1.271622732e-01 2.061973491e+02
1.178967045e-01 -4.209043858e-02 -9.921334396e-01 2.470867960e+02 1.655341713e-02 9.990457853e-01 -4.041662173e-02 -1.195724109e+01 9.928878846e-01 -1.165821217e-02 1.184809463e-01 2.063081459e+02
1.133987669e-01 -3.430180263e-02 -9.929572529e-01 2.460002522e+02 1.136324246e-02 9.993832622e-01 -3.322607255e-02 -1.203686658e+01 9.934845728e-01 -7.515418363e-03 1.137186093e-01 2.063760991e+02
1.082793208e-01 -3.263344772e-02 -9.935847456e-01 2.449148914e+02 1.046771109e-02 9.994430855e-01 -3.168510504e-02 -1.207403008e+01 9.940653981e-01 -6.969716409e-03 1.085606160e-01 2.064512252e+02
1.017810833e-01 -3.273258052e-02 -9.942681677e-01 2.438263546e+02 1.195437786e-02 9.994266133e-01 -3.167865933e-02 -1.212259717e+01 9.947349918e-01 -8.661569109e-03 1.021140210e-01 2.066119686e+02
9.536643061e-02 -3.395677653e-02 -9.948628957e-01 2.427244506e+02 1.483332964e-02 9.993555189e-01 -3.268821308e-02 -1.218043871e+01 9.953317117e-01 -1.163977107e-02 9.580866081e-02 2.067407589e+02
9.128182347e-02 -3.482023921e-02 -9.952161472e-01 2.416092607e+02 1.679204640e-02 9.993002218e-01 -3.342295465e-02 -1.223683796e+01 9.956835119e-01 -1.366080748e-02 9.180264951e-02 2.068455287e+02
8.556206473e-02 -3.934276220e-02 -9.955557645e-01 2.405028976e+02 2.122030902e-02 9.990653614e-01 -3.765769715e-02 -1.228671311e+01 9.961068374e-01 -1.790393065e-02 8.631696069e-02 2.069621200e+02
8.339420214e-02 -4.289895319e-02 -9.955928319e-01 2.393821449e+02 2.179508792e-02 9.989125014e-01 -4.121636412e-02 -1.233124353e+01 9.962782649e-01 -1.826182750e-02 8.423849752e-02 2.070008596e+02
7.906611519e-02 -4.144080276e-02 -9.960076352e-01 2.382734827e+02 2.022841691e-02 9.989965265e-01 -3.995936805e-02 -1.237914618e+01 9.966641162e-01 -1.698822569e-02 7.982505628e-02 2.071355279e+02
7.505228163e-02 -3.674391522e-02 -9.965024033e-01 2.371504484e+02 1.555249117e-02 9.992424701e-01 -3.567360253e-02 -1.240712135e+01 9.970583108e-01 -1.282070957e-02 7.556688670e-02 2.072486632e+02
6.970835442e-02 -3.131249022e-02 -9.970758613e-01 2.360322858e+02 1.573549881e-02 9.994174091e-01 -3.028591233e-02 -1.246912572e+01 9.974433013e-01 -1.357830492e-02 7.016046062e-02 2.073989774e+02
6.462278484e-02 -2.925197817e-02 -9.974809359e-01 2.349086702e+02 1.297085804e-02 9.995104550e-01 -2.847116574e-02 -1.249514579e+01 9.978254620e-01 -1.109829760e-02 6.497057233e-02 2.075237507e+02
6.126862080e-02 -2.810021374e-02 -9.977256808e-01 2.337779769e+02 1.025774827e-02 9.995685603e-01 -2.752220639e-02 -1.253192623e+01 9.980686022e-01 -8.548171253e-03 6.153043200e-02 2.075816406e+02
5.966406230e-02 -2.731642171e-02 -9.978446837e-01 2.326585185e+02 4.312659027e-03 9.996232282e-01 -2.710724358e-02 -1.256105161e+01 9.982091968e-01 -2.686035612e-03 5.975938897e-02 2.076220348e+02
5.429641803e-02 -2.321207049e-02 -9.982550269e-01 2.315442914e+02 4.622784656e-03 9.997248965e-01 -2.299480944e-02 -1.260895934e+01 9.985141606e-01 -3.366182236e-03 5.438878529e-02 2.077149603e+02
5.258209093e-02 -2.056218166e-02 -9.984048880e-01 2.304270060e+02 4.286754500e-03 9.997834258e-01 -2.036480605e-02 -1.265183117e+01 9.986074041e-01 -3.209092563e-03 5.265884803e-02 2.077230441e+02
4.832902269e-02 -2.131578286e-02 -9.986039971e-01 2.293215786e+02 5.487045296e-03 9.997628410e-01 -2.107496480e-02 -1.270081262e+01 9.988163985e-01 -4.460852912e-03 4.843452169e-02 2.078115441e+02
4.837412537e-02 -2.519073639e-02 -9.985115777e-01 2.282144133e+02 3.160286694e-03 9.996807749e-01 -2.506712924e-02 -1.276942080e+01 9.988242871e-01 -1.942982400e-03 4.843829308e-02 2.077754829e+02
4.738071204e-02 -2.913848619e-02 -9.984518099e-01 2.271015633e+02 3.135375359e-03 9.995738428e-01 -2.902244456e-02 -1.280926372e+01 9.988719826e-01 -1.755417114e-03 4.745188049e-02 2.078313974e+02
4.449301123e-02 -2.787061205e-02 -9.986208494e-01 2.259901640e+02 2.473153343e-03 9.996107781e-01 -2.778805007e-02 -1.287639906e+01 9.990066343e-01 -1.233368468e-03 4.454462187e-02 2.079151060e+02
5.029399539e-02 -2.624278023e-02 -9.983896186e-01 2.248809811e+02 6.648935276e-04 9.996553837e-01 -2.624255692e-02 -1.288366878e+01 9.987342349e-01 6.560202411e-04 5.029411191e-02 2.077628251e+02
5.366069722e-02 -2.708272971e-02 -9.981918930e-01 2.237701288e+02 1.948958196e-03 9.996330727e-01 -2.701705959e-02 -1.289400898e+01 9.985573249e-01 -4.956800167e-04 5.369379076e-02 2.076704510e+02
5.872744001e-02 -2.847831718e-02 -9.978677634e-01 2.226616795e+02 3.404885324e-03 9.995929064e-01 -2.832716386e-02 -1.290922155e+01 9.982682478e-01 -1.734043487e-03 5.880049785e-02 2.075448689e+02
6.476647504e-02 -2.984753451e-02 -9.974539731e-01 2.215563945e+02 6.142629074e-03 9.995455732e-01 -2.951127105e-02 -1.293579066e+01 9.978815420e-01 -4.215648775e-03 6.492038575e-02 2.074087444e+02
6.073020990e-02 -3.024570296e-02 -9.976958650e-01 2.204596631e+02 7.248712507e-03 9.995278066e-01 -2.986000680e-02 -1.298676245e+01 9.981278965e-01 -5.418606015e-03 6.092077590e-02 2.075790336e+02
6.708796108e-02 -3.194755847e-02 -9.972354581e-01 2.193588708e+02 1.039910076e-02 9.994553384e-01 -3.131908632e-02 -1.299198550e+01 9.976928707e-01 -8.269218371e-03 6.738364672e-02 2.074501572e+02
9.337682924e-02 -3.391706129e-02 -9.950529638e-01 2.184414250e+02 1.124372053e-02 9.993917800e-01 -3.300983011e-02 -1.298408259e+01 9.955673491e-01 -8.105744163e-03 9.370138954e-02 2.068384965e+02
9.708697911e-02 -3.350179862e-02 -9.947118919e-01 2.173444601e+02 9.769607142e-03 9.994172425e-01 -3.270673027e-02 -1.300710238e+01 9.952279504e-01 -6.542546765e-03 9.735770035e-02 2.068926997e+02
9.737999663e-02 -3.065208729e-02 -9.947751433e-01 2.162701482e+02 7.342269985e-03 9.995205406e-01 -3.007956203e-02 -1.307752807e+01 9.952201904e-01 -4.374760028e-03 9.755836277e-02 2.070844542e+02
1.032985574e-01 -2.917868740e-02 -9.942223153e-01 2.151827612e+02 4.797960736e-03 9.995726062e-01 -2.883720647e-02 -1.312995142e+01 9.946388227e-01 -1.791397805e-03 1.033944064e-01 2.071226978e+02
1.076650328e-01 -2.710106266e-02 -9.938177766e-01 2.141035622e+02 1.909087462e-03 9.996321831e-01 -2.705279891e-02 -1.317242316e+01 9.941853932e-01 1.015355425e-03 1.076771701e-01 2.072081558e+02
1.118201506e-01 -2.649774116e-02 -9.933751173e-01 2.130268539e+02 4.022891841e-04 9.996455516e-01 -2.661971754e-02 -1.320243101e+01 9.937283794e-01 2.576996760e-03 1.117911759e-01 2.073139207e+02
1.142238046e-01 -2.349055958e-02 -9.931772833e-01 2.119721087e+02 -9.056494140e-04 9.997175329e-01 -2.374940646e-02 -1.326973836e+01 9.934546302e-01 3.612217988e-03 1.141702659e-01 2.074931926e+02
1.209753189e-01 -2.392729909e-02 -9.923670977e-01 2.109070662e+02 -2.790381711e-03 9.996973015e-01 -2.444420387e-02 -1.325428371e+01 9.926515935e-01 5.726228359e-03 1.208719336e-01 2.076121799e+02
1.235814475e-01 -1.996836262e-02 -9.921335043e-01 2.098600366e+02 -2.005312692e-03 9.997904530e-01 -2.037225602e-02 -1.330093511e+01 9.923324063e-01 4.507170796e-03 1.235155085e-01 2.077968899e+02
1.291383551e-01 -2.065719144e-02 -9.914114008e-01 2.088024775e+02 2.862541830e-03 9.997865983e-01 -2.045883193e-02 -1.333205721e+01 9.916224539e-01 -1.959367040e-04 1.291699288e-01 2.078790831e+02
1.356496263e-01 -2.463117771e-02 -9.904506469e-01 2.077582410e+02 4.451456900e-03 9.996959800e-01 -2.425143640e-02 -1.333465213e+01 9.907468715e-01 -1.119250081e-03 1.357180307e-01 2.080298563e+02
1.489196762e-01 -2.827735895e-02 -9.884449003e-01 2.067110365e+02 7.103055038e-03 9.995958454e-01 -2.752621402e-02 -1.338867177e+01 9.888237844e-01 -2.921783650e-03 1.490603453e-01 2.080043262e+02
1.530989551e-01 -2.917411785e-02 -9.877801278e-01 2.056766004e+02 9.768664948e-03 9.995599668e-01 -2.800796159e-02 -1.342389841e+01 9.881625793e-01 -5.361303457e-03 1.533165787e-01 2.081954733e+02
1.589965691e-01 -3.024155203e-02 -9.868158590e-01 2.046454423e+02 1.257268424e-02 9.995117244e-01 -2.860490323e-02 -1.345858471e+01 9.871990775e-01 -7.858842728e-03 1.592991524e-01 2.083801765e+02
1.679708303e-01 -2.736091978e-02 -9.854121880e-01 2.036133635e+02 1.608928487e-02 9.995576909e-01 -2.501114515e-02 -1.350047405e+01 9.856606592e-01 -1.165343459e-02 1.683367529e-01 2.085530456e+02
1.791076520e-01 -2.895521738e-02 -9.834032969e-01 2.025817229e+02 1.989927587e-02 9.994689455e-01 -2.580398915e-02 -1.348029638e+01 9.836282163e-01 -1.494732159e-02 1.795887239e-01 2.086859548e+02
1.882474479e-01 -2.883781910e-02 -9.816981606e-01 2.015685050e+02 2.352406939e-02 9.994144425e-01 -2.484733888e-02 -1.355410492e+01 9.818398630e-01 -1.841608752e-02 1.888156011e-01 2.088840486e+02
1.994370035e-01 -3.212837146e-02 -9.793838111e-01 2.005459768e+02 2.919274832e-02 9.992135451e-01 -2.683420881e-02 -1.356763082e+01 9.794757093e-01 -2.323917091e-02 2.002180707e-01 2.090343387e+02
2.112715152e-01 -3.439232813e-02 -9.768221510e-01 1.995263289e+02 3.326360779e-02 9.990548597e-01 -2.798070222e-02 -1.357539056e+01 9.768612385e-01 -2.658110355e-02 2.122158469e-01 2.091761469e+02
2.228121641e-01 -3.222130518e-02 -9.743287572e-01 1.985300299e+02 3.404710100e-02 9.991010973e-01 -2.525454876e-02 -1.362977929e+01 9.742666650e-01 -2.754604894e-02 2.237089197e-01 2.094318270e+02
2.382469094e-01 -3.270472509e-02 -9.706538060e-01 1.975311812e+02 3.331284633e-02 9.991199409e-01 -2.548721301e-02 -1.366039893e+01 9.706331256e-01 -2.626299134e-02 2.391267255e-01 2.096479595e+02
2.513190355e-01 -3.230092413e-02 -9.673651806e-01 1.965494674e+02 3.258503648e-02 9.991588230e-01 -2.489702325e-02 -1.370952008e+01 9.673556522e-01 -2.526453383e-02 2.521601585e-01 2.099439817e+02
2.647017148e-01 -3.379172365e-02 -9.637380980e-01 1.955738391e+02 3.101692316e-02 9.991671104e-01 -2.651482408e-02 -1.373597952e+01 9.638313922e-01 -2.287367113e-02 2.655293628e-01 2.102478528e+02
2.800799873e-01 -3.639354410e-02 -9.592865634e-01 1.945829109e+02 2.627145070e-02 9.991974365e-01 -3.023729248e-02 -1.379123716e+01 9.596171172e-01 -1.673298916e-02 2.808113165e-01 2.105053765e+02
2.972520282e-01 -4.096149698e-02 -9.539200111e-01 1.935971249e+02 2.418700478e-02 9.990817732e-01 -3.536381292e-02 -1.384834727e+01 9.544926508e-01 -1.256050275e-02 2.979698194e-01 2.108140795e+02
3.153855486e-01 -4.140423617e-02 -9.480599374e-01 1.926157487e+02 2.246399862e-02 9.990934994e-01 -3.616003727e-02 -1.388124874e+01 9.486976992e-01 -9.892863929e-03 3.160297561e-01 2.111354958e+02
3.337546604e-01 -3.569961428e-02 -9.419837388e-01 1.916351946e+02 2.080061560e-02 9.993182298e-01 -3.050262098e-02 -1.390832681e+01 9.424304542e-01 -9.413449744e-03 3.342696904e-01 2.115021859e+02
3.542870917e-01 -2.888782206e-02 -9.346904035e-01 1.906326627e+02 2.256734786e-02 9.994957653e-01 -2.233673920e-02 -1.396234622e+01 9.348643599e-01 -1.317986510e-02 3.547603694e-01 2.118234259e+02
3.783742206e-01 -2.491919223e-02 -9.253172337e-01 1.896103880e+02 2.300779373e-02 9.995819160e-01 -1.751098683e-02 -1.403229899e+01 9.253667330e-01 -1.466380206e-02 3.787893640e-01 2.120638879e+02
3.982464230e-01 -2.843548220e-02 -9.168376137e-01 1.886370868e+02 2.797534024e-02 9.994309527e-01 -1.884545488e-02 -1.405363998e+01 9.168517693e-01 -1.814370919e-02 3.988152942e-01 2.124625407e+02
4.150085618e-01 -3.274708334e-02 -9.092279814e-01 1.876874419e+02 3.317397660e-02 9.992321552e-01 -2.084675652e-02 -1.407130662e+01 9.092125059e-01 -2.151112533e-02 4.157762506e-01 2.129166093e+02
4.338344494e-01 -3.305565543e-02 -9.003860251e-01 1.867371671e+02 3.602954448e-02 9.991639187e-01 -1.932189098e-02 -1.412049226e+01 9.002719269e-01 -2.405799640e-02 4.346627088e-01 2.133602627e+02
4.500149071e-01 -2.935394384e-02 -8.925384750e-01 1.858624321e+02 3.698072916e-02 9.992148463e-01 -1.421677321e-02 -1.419067328e+01 8.922550135e-01 -2.660896374e-02 4.507471065e-01 2.139498392e+02
4.673720680e-01 -2.785839187e-02 -8.836216725e-01 1.849293054e+02 3.833883172e-02 9.992017608e-01 -1.122387041e-02 -1.420137749e+01 8.832290099e-01 -2.863129908e-02 4.680670515e-01 2.144449216e+02
4.870439319e-01 -2.331701740e-02 -8.730661631e-01 1.839966708e+02 3.837134774e-02 9.992495918e-01 -5.281372984e-03 -1.423557974e+01 8.725341530e-01 -3.092846468e-02 4.875731555e-01 2.149444258e+02
5.072367257e-01 -2.121535044e-02 -8.615455954e-01 1.830527323e+02 3.819302376e-02 9.992681304e-01 -2.120513714e-03 -1.428013208e+01 8.609600438e-01 -3.182942896e-02 5.076757730e-01 2.154137132e+02
5.295842976e-01 -2.434402495e-02 -8.479079196e-01 1.820767613e+02 4.023024732e-02 9.991840927e-01 -3.560357373e-03 -1.432111923e+01 8.473027788e-01 -3.222603595e-02 5.301315721e-01 2.157959885e+02
5.487205617e-01 -3.381356876e-02 -8.353217271e-01 1.811610440e+02 3.849421615e-02 9.991438442e-01 -1.515829262e-02 -1.435003635e+01 8.351191175e-01 -2.383738828e-02 5.495523983e-01 2.162954198e+02
5.653640379e-01 -3.640862302e-02 -8.240375700e-01 1.802665832e+02 3.833895466e-02 9.991055346e-01 -1.783970912e-02 -1.436265984e+01 8.239500162e-01 -2.150680905e-02 5.662542079e-01 2.168499417e+02
5.828955194e-01 -3.010707343e-02 -8.119891487e-01 1.793857013e+02 4.045403644e-02 9.991493236e-01 -8.006246737e-03 -1.440127423e+01 8.115394534e-01 -2.818143327e-02 5.836176166e-01 2.174507575e+02
5.986931385e-01 -2.298983060e-02 -8.006484832e-01 1.785270587e+02 3.883906749e-02 9.992454175e-01 3.499667365e-04 -1.444493517e+01 8.000362821e-01 -3.130596315e-02 5.991342787e-01 2.180851692e+02
6.153662430e-01 -2.589129370e-02 -7.878159860e-01 1.776475499e+02 4.000259802e-02 9.991983073e-01 -1.592108318e-03 -1.443196255e+01 7.872256215e-01 -3.053495649e-02 6.159086274e-01 2.186923116e+02
6.332726894e-01 -3.184981059e-02 -7.732731021e-01 1.767610567e+02 3.823666281e-02 9.992202399e-01 -9.842242113e-03 -1.444027370e+01 7.729836082e-01 -2.333455974e-02 6.339967191e-01 2.192671483e+02
6.452110965e-01 -3.125189145e-02 -7.633648933e-01 1.759818249e+02 3.380670209e-02 9.993522177e-01 -1.233903705e-02 -1.447844615e+01 7.632560173e-01 -1.784556590e-02 6.458496635e-01 2.199983539e+02
6.594226744e-01 -2.637559131e-02 -7.513095664e-01 1.751552347e+02 3.023920317e-02 9.995061397e-01 -8.547940179e-03 -1.451062852e+01 7.511639815e-01 -1.708229705e-02 6.598945886e-01 2.207005618e+02
6.719394991e-01 -1.974482907e-02 -7.403427931e-01 1.743841595e+02 2.563804282e-02 9.996655377e-01 -3.391687659e-03 -1.451263280e+01 7.401621446e-01 -1.670193133e-02 6.722209794e-01 2.214753724e+02
6.848794113e-01 -1.560737057e-02 -7.284892600e-01 1.735937121e+02 2.266837079e-02 9.997430337e-01 -1.074272027e-04 -1.451413117e+01 7.283037395e-01 -1.644008998e-02 6.850572140e-01 2.222322685e+02
6.994519873e-01 -1.213406709e-02 -7.145765753e-01 1.728061133e+02 1.926864221e-02 9.998125689e-01 1.883209353e-03 -1.453549538e+01 7.144197904e-01 -1.508613488e-02 6.995546952e-01 2.229760972e+02
7.120367562e-01 -1.292420463e-02 -7.020232352e-01 1.720339984e+02 2.032865000e-02 9.997909035e-01 2.212524747e-03 -1.455984639e+01 7.018478495e-01 -1.584658359e-02 7.121506034e-01 2.237475345e+02
7.239463678e-01 -1.393188921e-02 -6.897155638e-01 1.712792535e+02 2.178438258e-02 9.997591244e-01 2.670943482e-03 -1.457117671e+01 6.895122169e-01 -1.695864755e-02 7.240754844e-01 2.245418591e+02
7.347128299e-01 -1.518311023e-02 -6.782083240e-01 1.705949617e+02 2.483262288e-02 9.996813973e-01 4.521580853e-03 -1.462018433e+01 6.779235934e-01 -2.016375501e-02 7.348557849e-01 2.254039847e+02
7.438719014e-01 -1.990453550e-02 -6.680257508e-01 1.699105795e+02 2.996599526e-02 9.995444869e-01 3.585779654e-03 -1.462033767e+01 6.676500830e-01 -2.268541721e-02 7.441295173e-01 2.262736594e+02
7.559878121e-01 -2.148938082e-02 -6.542328595e-01 1.691494979e+02 3.172906538e-02 9.994891526e-01 3.834083928e-03 -1.463790457e+01 6.538162543e-01 -2.365671790e-02 7.562834557e-01 2.270860969e+02
7.688688169e-01 -2.189968980e-02 -6.390314124e-01 1.684276670e+02 3.247527780e-02 9.994609075e-01 4.821898454e-03 -1.465107809e+01 6.385813173e-01 -2.446013000e-02 7.691655240e-01 2.279392190e+02
7.816937562e-01 -2.285976853e-02 -6.232433734e-01 1.676708174e+02 3.267463390e-02 9.994566929e-01 4.322883749e-03 -1.465213172e+01 6.228059407e-01 -2.374342029e-02 7.820159910e-01 2.287685636e+02
7.940612003e-01 -2.716067516e-02 -6.072306876e-01 1.669540424e+02 3.410311915e-02 9.994183137e-01 -1.068991516e-04 -1.465867945e+01 6.068803733e-01 -2.062357602e-02 7.945255695e-01 2.296346869e+02
8.055101504e-01 -3.244899729e-02 -5.916928766e-01 1.662355644e+02 3.781709151e-02 9.992791676e-01 -3.318539091e-03 -1.468542599e+01 5.913740485e-01 -1.970298674e-02 8.061566393e-01 2.305086805e+02
8.141856221e-01 -3.390806932e-02 -5.796136780e-01 1.656114546e+02 3.956656611e-02 9.992127985e-01 -2.875790637e-03 -1.470636539e+01 5.792549177e-01 -2.059189552e-02 8.148863198e-01 2.314653116e+02
8.269691604e-01 -3.348980033e-02 -5.612490009e-01 1.648546204e+02 4.157757932e-02 9.991339264e-01 1.643798318e-03 -1.473552274e+01 5.607078674e-01 -2.469474537e-02 8.276453691e-01 2.323214525e+02
8.362378685e-01 -3.217962873e-02 -5.474218655e-01 1.642364072e+02 4.107619193e-02 9.991479548e-01 4.013827532e-03 -1.474891464e+01 5.468262738e-01 -2.584252020e-02 8.368471727e-01 2.332924881e+02
8.448764427e-01 -3.506008479e-02 -5.338113778e-01 1.636441986e+02 4.344565394e-02 9.990508383e-01 3.146059681e-03 -1.475012597e+01 5.331944033e-01 -2.584981610e-02 8.455977266e-01 2.342857901e+02
8.535504714e-01 -3.943757577e-02 -5.195154188e-01 1.630637021e+02 4.351644809e-02 9.990432700e-01 -4.343200975e-03 -1.474914498e+01 5.191896682e-01 -1.890032452e-02 8.544500373e-01 2.352716894e+02
8.627578685e-01 -3.774176378e-02 -5.042067232e-01 1.624691036e+02 3.899230209e-02 9.992068917e-01 -8.073900737e-03 -1.477650213e+01 5.041115559e-01 -1.269435948e-02 8.635452463e-01 2.362677143e+02
8.703759945e-01 -3.051015467e-02 -4.914415109e-01 1.619044053e+02 3.343435317e-02 9.994368990e-01 -2.833533496e-03 -1.480341318e+01 4.912512313e-01 -1.396478950e-02 8.709059722e-01 2.372884319e+02
8.786238676e-01 -1.870388082e-02 -4.771480527e-01 1.613102536e+02 2.413025424e-02 9.996950573e-01 5.246254447e-03 -1.481403346e+01 4.769044246e-01 -1.612318819e-02 8.788072671e-01 2.383083920e+02
8.862612603e-01 -3.926405410e-03 -4.631690425e-01 1.607537711e+02 1.084223323e-02 9.998659352e-01 1.227019024e-02 -1.478728365e+01 4.630587701e-01 -1.589638105e-02 8.861850149e-01 2.393605310e+02
8.936178018e-01 -4.527475920e-03 -4.488058894e-01 1.602063084e+02 9.710715739e-03 9.999100833e-01 9.248095282e-03 -1.476218644e+01 4.487236637e-01 -1.262248899e-02 8.935814156e-01 2.403981899e+02
8.998789173e-01 -2.013561077e-02 -4.356747541e-01 1.596853599e+02 1.813672230e-02 9.997972576e-01 -8.746603664e-03 -1.480775294e+01 4.357625426e-01 -3.082779470e-05 9.000616676e-01 2.414379985e+02
9.055909782e-01 -3.727306095e-02 -4.225111823e-01 1.591841276e+02 2.692692093e-02 9.991741020e-01 -3.043114851e-02 -1.482520661e+01 4.232964932e-01 1.618124835e-02 9.058467012e-01 2.424884713e+02
9.100097362e-01 -4.921750804e-02 -4.116550947e-01 1.587546259e+02 4.043035749e-02 9.987309126e-01 -3.003249061e-02 -1.489392288e+01 4.126107927e-01 1.068649622e-02 9.108447357e-01 2.435908671e+02
9.145027441e-01 -5.273760243e-02 -4.011277556e-01 1.583244393e+02 5.010271628e-02 9.985982965e-01 -1.706341268e-02 -1.491974674e+01 4.014653769e-01 -4.493052406e-03 9.158631795e-01 2.447248795e+02
9.212882023e-01 -4.876563085e-02 -3.858107847e-01 1.577579836e+02 5.145622154e-02 9.986696126e-01 -3.355903682e-03 -1.493224528e+01 3.854611596e-01 -1.676061074e-02 9.225718272e-01 2.457958412e+02
9.267528211e-01 -4.339852996e-02 -3.731565037e-01 1.572458777e+02 4.772890943e-02 9.988575172e-01 2.368854798e-03 -1.494801828e+01 3.726273740e-01 -2.000569583e-02 9.277653864e-01 2.468866523e+02
9.325579396e-01 -3.807768414e-02 -3.590066564e-01 1.567818572e+02 4.175782734e-02 9.991246357e-01 2.499232567e-03 -1.495094875e+01 3.585972298e-01 -1.732201715e-02 9.333316530e-01 2.479940471e+02
9.367233811e-01 -3.941978605e-02 -3.478439128e-01 1.564197837e+02 4.234873084e-02 9.991025550e-01 8.182905241e-04 -1.494873490e+01 3.474994852e-01 -1.549726011e-02 9.375521013e-01 2.491383923e+02
9.410189528e-01 -4.014632355e-02 -3.359636933e-01 1.560317898e+02 4.340061153e-02 9.990553711e-01 2.179991037e-03 -1.495278449e+01 3.355588137e-01 -1.663244263e-02 9.418724141e-01 2.502824776e+02
9.456204103e-01 -3.745292132e-02 -3.231088335e-01 1.556496092e+02 4.236592782e-02 9.990686484e-01 8.183145418e-03 -1.501284864e+01 3.225014228e-01 -2.142695484e-02 9.463264330e-01 2.514297849e+02
9.498310160e-01 -3.762653382e-02 -3.104920048e-01 1.552710645e+02 4.372188465e-02 9.989631126e-01 1.269238085e-02 -1.500388264e+01 3.096924893e-01 -2.563091262e-02 9.504912511e-01 2.525797692e+02
9.537410880e-01 -3.790605423e-02 -2.982298915e-01 1.549913011e+02 4.436956919e-02 9.989036165e-01 1.493004780e-02 -1.498769775e+01 2.973369779e-01 -2.747173184e-02 9.543772973e-01 2.537560454e+02
9.580486715e-01 -3.996616895e-02 -2.838053001e-01 1.546467728e+02 4.581074674e-02 9.988522582e-01 1.398362521e-02 -1.498725846e+01 2.829206929e-01 -2.639832628e-02 9.587799591e-01 2.549133393e+02
9.619110659e-01 -4.107024560e-02 -2.702597568e-01 1.542786315e+02 4.630569915e-02 9.988424379e-01 1.302176922e-02 -1.500351470e+01 2.694121071e-01 -2.504035090e-02 9.626993806e-01 2.560600280e+02
9.651885284e-01 -4.160644303e-02 -2.582247248e-01 1.539914172e+02 4.666465723e-02 9.988195488e-01 1.348772154e-02 -1.498615791e+01 2.573587270e-01 -2.506816238e-02 9.659907209e-01 2.572374579e+02
9.683582437e-01 -4.028711377e-02 -2.462910075e-01 1.537044279e+02 4.549207936e-02 9.988447861e-01 1.547785513e-02 -1.497859690e+01 2.453829306e-01 -2.619239867e-02 9.690723273e-01 2.584165186e+02
9.720162182e-01 -3.836487850e-02 -2.317598057e-01 1.534067143e+02 4.325382855e-02 9.989352093e-01 1.604848998e-02 -1.495207281e+01 2.308973317e-01 -2.562389144e-02 9.726406523e-01 2.595913601e+02
9.753783712e-01 -3.663941562e-02 -2.174731849e-01 1.531287408e+02 4.081339031e-02 9.990581894e-01 1.473096528e-02 -1.494959203e+01 2.167286323e-01 -2.324408290e-02 9.759551283e-01 2.607742688e+02
9.781056851e-01 -3.635108967e-02 -2.049094117e-01 1.529118945e+02 4.010731888e-02 9.990943804e-01 1.420641044e-02 -1.494640275e+01 2.042074232e-01 -2.211373793e-02 9.786778382e-01 2.619653431e+02
9.807603922e-01 -3.639809686e-02 -1.917921574e-01 1.526280410e+02 3.940878189e-02 9.991522472e-01 1.190524233e-02 -1.493009609e+01 1.911962369e-01 -1.923448543e-02 9.813633545e-01 2.631493444e+02
9.832898270e-01 -3.663162556e-02 -1.783234142e-01 1.523931786e+02 3.977706671e-02 9.991091672e-01 1.409457162e-02 -1.496194781e+01 1.776482508e-01 -2.095223124e-02 9.838709788e-01 2.643460480e+02
9.852689744e-01 -4.057729743e-02 -1.661280560e-01 1.521720078e+02 4.333351634e-02 9.989760982e-01 1.299852050e-02 -1.493890589e+01 1.654305123e-01 -2.000595179e-02 9.860185127e-01 2.655433689e+02
9.876318393e-01 -4.009026602e-02 -1.515787605e-01 1.519553922e+02 4.245467728e-02 9.990215253e-01 1.239324224e-02 -1.492351673e+01 1.509335961e-01 -1.867518799e-02 9.883674858e-01 2.667468114e+02
9.893542723e-01 -4.220755736e-02 -1.392718423e-01 1.517572959e+02 4.429790353e-02 9.989469858e-01 1.194216917e-02 -1.493749244e+01 1.386211373e-01 -1.798448672e-02 9.901821744e-01 2.679521305e+02
9.906366982e-01 -4.286809753e-02 -1.296196685e-01 1.516120220e+02 4.467618609e-02 9.989401582e-01 1.107243490e-02 -1.492789186e+01 1.290076379e-01 -1.675967278e-02 9.915019630e-01 2.691663314e+02
9.915828603e-01 -4.622961798e-02 -1.209390490e-01 1.514737090e+02 4.788801819e-02 9.987938798e-01 1.084082078e-02 -1.491810774e+01 1.202920150e-01 -1.654110345e-02 9.926007370e-01 2.703815122e+02
9.923846854e-01 -5.050728910e-02 -1.123461164e-01 1.513524347e+02 5.196577767e-02 9.985978922e-01 1.008997486e-02 -1.490970051e+01 1.116789778e-01 -1.585128983e-02 9.936179057e-01 2.715996486e+02
9.935123478e-01 -5.021263203e-02 -1.020387492e-01 1.511881148e+02 5.146415477e-02 9.986280422e-01 9.668197854e-03 -1.489545306e+01 1.014132907e-01 -1.485681193e-02 9.947334415e-01 2.728199466e+02
9.942758241e-01 -5.169508628e-02 -9.350510000e-02 1.510485358e+02 5.285655303e-02 9.985521832e-01 9.986102944e-03 -1.489449852e+01 9.285348929e-02 -1.487129801e-02 9.955687189e-01 2.740340737e+02
9.949802320e-01 -5.249790604e-02 -8.519570282e-02 1.509225575e+02 5.344834408e-02 9.985308458e-01 8.912037238e-03 -1.488790550e+01 8.460267391e-02 -1.342087012e-02 9.963243788e-01 2.752434931e+02
9.953422427e-01 -5.383092144e-02 -7.997531930e-02 1.508430320e+02 5.467472370e-02 9.984689095e-01 8.397099063e-03 -1.488470645e+01 7.940084627e-02 -1.273061590e-02 9.967614745e-01 2.764535879e+02
9.957898199e-01 -5.436671220e-02 -7.380308362e-02 1.507461386e+02 5.510737965e-02 9.984481014e-01 8.035261491e-03 -1.489014782e+01 7.325169797e-02 -1.206852614e-02 9.972404622e-01 2.776650322e+02
9.961737671e-01 -5.354853203e-02 -6.906794100e-02 1.507133032e+02 5.421760359e-02 9.984983037e-01 7.847866938e-03 -1.490711099e+01 6.854398017e-02 -1.156253742e-02 9.975810897e-01 2.788834759e+02
9.964964822e-01 -5.596179380e-02 -6.215334717e-02 1.505818429e+02 5.663038521e-02 9.983542235e-01 9.046760603e-03 -1.493914854e+01 6.154478370e-02 -1.253483311e-02 9.980256097e-01 2.800942426e+02
9.967072417e-01 -5.474056406e-02 -5.981759799e-02 1.505530315e+02 5.540000297e-02 9.984197969e-01 9.420660712e-03 -1.492866699e+01 5.920738176e-02 -1.270353586e-02 9.981648692e-01 2.813150222e+02
9.966790275e-01 -5.539398121e-02 -5.968603754e-02 1.506158604e+02 5.614692927e-02 9.983617928e-01 1.101149424e-02 -1.495499809e+01 5.897828894e-02 -1.432611309e-02 9.981564626e-01 2.825195350e+02
9.967821868e-01 -5.561222384e-02 -5.772826486e-02 1.506533989e+02 5.625985577e-02 9.983694909e-01 9.653407432e-03 -1.493355245e+01 5.709729094e-02 -1.287012842e-02 9.982856601e-01 2.837299748e+02
9.970826653e-01 -5.519894085e-02 -5.271845478e-02 1.505472632e+02 5.569172245e-02 9.984165716e-01 7.923482886e-03 -1.491195528e+01 5.219761102e-02 -1.083634899e-02 9.985779804e-01 2.849339719e+02
9.972331315e-01 -5.755832951e-02 -4.704381176e-02 1.503877805e+02 5.798546182e-02 9.982872315e-01 7.764639674e-03 -1.488269363e+01 4.651631691e-02 -1.047101309e-02 9.988626483e-01 2.861320894e+02
9.975581729e-01 -5.587563307e-02 -4.189994515e-02 1.502523790e+02 5.623509974e-02 9.983897647e-01 7.449250872e-03 -1.491223537e+01 4.141624477e-02 -9.787308684e-03 9.990940412e-01 2.873389867e+02
9.977692278e-01 -5.429273211e-02 -3.884414190e-02 1.502266207e+02 5.460721609e-02 9.984828075e-01 7.080610521e-03 -1.493738279e+01 3.840078217e-02 -9.185985742e-03 9.992201947e-01 2.885507233e+02
9.978174741e-01 -5.471595485e-02 -3.696555945e-02 1.501266367e+02 5.492937249e-02 9.984787915e-01 4.781944116e-03 -1.492779383e+01 3.664767849e-02 -6.802002384e-03 9.993050988e-01 2.897599975e+02
9.979650659e-01 -5.391448509e-02 -3.404343521e-02 1.500634036e+02 5.404758223e-02 9.985338520e-01 3.000886463e-03 -1.493672143e+01 3.383173124e-02 -4.834745220e-03 9.994158490e-01 2.909703452e+02
9.979632652e-01 -5.483351140e-02 -3.259765862e-02 1.500281786e+02 5.492883779e-02 9.984881972e-01 2.035372030e-03 -1.495808591e+01 3.243677079e-02 -3.821778019e-03 9.994664826e-01 2.921814601e+02
9.978582057e-01 -5.795349222e-02 -3.033799689e-02 1.499956317e+02 5.805907422e-02 9.983097369e-01 2.610193848e-03 -1.496611794e+01 3.013544785e-02 -4.365999363e-03 9.995362889e-01 2.933949317e+02
9.975899571e-01 -6.184575513e-02 -3.145441206e-02 1.499779270e+02 6.200924876e-02 9.980665337e-01 4.248223350e-03 -1.497632940e+01 3.113086143e-02 -6.188449411e-03 9.994961594e-01 2.946121903e+02
9.969908780e-01 -7.146541943e-02 -3.003136838e-02 1.498765381e+02 7.162154073e-02 9.974232293e-01 4.154101355e-03 -1.499587313e+01 2.965710983e-02 -6.292494030e-03 9.995403245e-01 2.958299952e+02
9.960401806e-01 -8.334873595e-02 -3.093455659e-02 1.497775273e+02 8.345921965e-02 9.965085497e-01 2.295434108e-03 -1.501486521e+01 3.063522860e-02 -4.868118557e-03 9.995187763e-01 2.970406092e+02
9.950719773e-01 -9.379579531e-02 -3.215756268e-02 1.497274059e+02 9.388152385e-02 9.955826970e-01 1.163107566e-03 -1.503253410e+01 3.190641838e-02 -4.176376733e-03 9.994821351e-01 2.982551218e+02
9.944979007e-01 -9.852056086e-02 -3.560371636e-02 1.497059802e+02 9.866330111e-02 9.951182836e-01 2.270392476e-03 -1.502656706e+01 3.520622878e-02 -5.770680740e-03 9.993634077e-01 2.994750399e+02
9.938665055e-01 -1.038251684e-01 -3.807497493e-02 1.496792254e+02 1.039895010e-01 9.945756046e-01 2.355938536e-03 -1.504306097e+01 3.762383549e-02 -6.300886042e-03 9.992721080e-01 3.006994065e+02
9.942982561e-01 -9.943389591e-02 -3.852114084e-02 1.495565138e+02 9.967123761e-02 9.950111936e-01 4.285913688e-03 -1.506108095e+01 3.790280123e-02 -8.100926287e-03 9.992485940e-01 3.019175084e+02
9.947216383e-01 -9.401365493e-02 -4.111319611e-02 1.496067510e+02 9.424171983e-02 9.955426888e-01 3.640464613e-03 -1.504689374e+01 4.058768842e-02 -7.495827233e-03 9.991478630e-01 3.031358971e+02
9.950289392e-01 -8.871926303e-02 -4.523607540e-02 1.496548655e+02 8.884766380e-02 9.960448789e-01 8.318373776e-04 -1.503196445e+01 4.498336124e-02 -4.846821882e-03 9.989759785e-01 3.043470172e+02
9.953306006e-01 -8.455964437e-02 -4.654741643e-02 1.496303578e+02 8.454393970e-02 9.964170755e-01 -2.309543050e-03 -1.504420551e+01 4.657593469e-02 -1.636543097e-03 9.989134117e-01 3.055514894e+02
9.955090606e-01 -8.222835698e-02 -4.690637058e-02 1.495667628e+02 8.221666187e-02 9.966120910e-01 -2.181856493e-03 -1.506618687e+01 4.692686654e-02 -1.684427302e-03 9.988969075e-01 3.067491777e+02
9.955769016e-01 -8.182877391e-02 -4.615934163e-02 1.494586348e+02 8.188686178e-02 9.966414298e-01 -6.342832403e-04 -1.510427026e+01 4.605621486e-02 -3.148365884e-03 9.989338881e-01 3.079419663e+02
9.959782224e-01 -7.831747787e-02 -4.351727322e-02 1.492678000e+02 7.845728347e-02 9.969163306e-01 1.511424275e-03 -1.515633049e+01 4.326470940e-02 -4.919592703e-03 9.990515315e-01 3.091207891e+02
9.959540756e-01 -7.760272212e-02 -4.531331810e-02 1.492460496e+02 7.772545720e-02 9.969743478e-01 9.503299801e-04 -1.516228361e+01 4.510246757e-02 -4.468483383e-03 9.989723720e-01 3.103156389e+02
9.963238465e-01 -7.288826785e-02 -4.501214652e-02 1.491543776e+02 7.302155370e-02 9.973294870e-01 1.321787228e-03 -1.520078412e+01 4.479559822e-02 -4.603785010e-03 9.989855652e-01 3.115084653e+02
9.965669643e-01 -6.853070305e-02 -4.645243096e-02 1.490965291e+02 6.866149879e-02 9.976392636e-01 1.224075593e-03 -1.520973371e+01 4.625888225e-02 -4.409366829e-03 9.989197532e-01 3.127015550e+02
9.968838167e-01 -6.236962655e-02 -4.829788489e-02 1.490151530e+02 6.254357512e-02 9.980400306e-01 2.097273713e-03 -1.523856653e+01 4.807241633e-02 -5.111460615e-03 9.988307743e-01 3.138994237e+02
9.971589642e-01 -5.723568725e-02 -4.897015664e-02 1.489280367e+02 5.729857908e-02 9.983570797e-01 -1.197017403e-04 -1.523570557e+01 4.889655379e-02 -2.686558729e-03 9.988002350e-01 3.150933108e+02
9.970923455e-01 -5.748583312e-02 -5.002233107e-02 1.488395645e+02 5.745551927e-02 9.983459729e-01 -2.044917130e-03 -1.525355489e+01 5.005714654e-02 -8.350877889e-04 9.987460061e-01 3.162776170e+02
9.968168863e-01 -5.882423845e-02 -5.381267661e-02 1.487919156e+02 5.879460516e-02 9.982678179e-01 -2.134978498e-03 -1.529435304e+01 5.384505174e-02 -1.035712456e-03 9.985487658e-01 3.174621218e+02
9.963831809e-01 -6.127230818e-02 -5.887496049e-02 1.487121299e+02 6.136557658e-02 9.981153319e-01 -2.242350511e-04 -1.531240306e+01 5.877774013e-02 -3.389471863e-03 9.982653399e-01 3.186537783e+02
9.963760416e-01 -5.737900525e-02 -6.278880083e-02 1.486084120e+02 5.753657521e-02 9.983431517e-01 7.028022521e-04 -1.531463627e+01 6.264444322e-02 -4.312907888e-03 9.980265891e-01 3.198481206e+02
9.957661147e-01 -5.954890222e-02 -7.002694499e-02 1.485521602e+02 5.966946904e-02 9.982181210e-01 -3.706848471e-04 -1.533508865e+01 6.992423932e-02 -3.809355216e-03 9.975450313e-01 3.210328248e+02
9.952594546e-01 -5.946766994e-02 -7.695592443e-02 1.484805205e+02 5.961362666e-02 9.982214456e-01 -4.012413934e-04 -1.536354975e+01 7.684291503e-02 -4.188282458e-03 9.970344150e-01 3.222193543e+02
9.943927029e-01 -6.135742869e-02 -8.613024014e-02 1.484309803e+02 6.172134413e-02 9.980921917e-01 1.566043817e-03 -1.539003372e+01 8.586983174e-02 -6.873336736e-03 9.962826553e-01 3.234269400e+02
9.938117584e-01 -6.152846067e-02 -9.247938883e-02 1.483289607e+02 6.217307543e-02 9.980569501e-01 4.102812809e-03 -1.541348100e+01 9.204725701e-02 -9.827151629e-03 9.957061462e-01 3.246320416e+02
9.932604571e-01 -6.281719362e-02 -9.740464379e-02 1.481849329e+02 6.364177344e-02 9.979583126e-01 5.378762415e-03 -1.541287491e+01 9.686789520e-02 -1.154151629e-02 9.952303273e-01 3.258285012e+02
9.923681936e-01 -6.377054294e-02 -1.055399744e-01 1.480736975e+02 6.490766622e-02 9.978640479e-01 7.371343059e-03 -1.543340083e+01 1.048444715e-01 -1.416543982e-02 9.943877398e-01 3.270321910e+02
9.921201096e-01 -6.270332101e-02 -1.084711102e-01 1.478898619e+02 6.368473116e-02 9.979543338e-01 5.603810178e-03 -1.543507298e+01 1.078978370e-01 -1.246760626e-02 9.940838071e-01 3.282166952e+02
9.916573726e-01 -6.350725761e-02 -1.121716701e-01 1.477229288e+02 6.407137119e-02 9.979442976e-01 1.427651289e-03 -1.544701465e+01 1.118504123e-01 -8.602733635e-03 9.936878173e-01 3.294050329e+02
9.908827777e-01 -6.456940025e-02 -1.182459869e-01 1.476115194e+02 6.512280359e-02 9.978769218e-01 8.182108422e-04 -1.546046191e+01 1.179421101e-01 -8.511261213e-03 9.929839964e-01 3.305980517e+02
9.899149312e-01 -6.811002282e-02 -1.242153522e-01 1.474741389e+02 6.879372564e-02 9.976301615e-01 1.218232004e-03 -1.547227188e+01 1.238380081e-01 -9.751182912e-03 9.922545350e-01 3.317959578e+02
9.890642133e-01 -7.302851447e-02 -1.281359358e-01 1.472732931e+02 7.409082628e-02 9.972452243e-01 3.537239663e-03 -1.545594568e+01 1.275246307e-01 -1.299225453e-02 9.917503062e-01 3.329852031e+02
9.886759033e-01 -7.329906627e-02 -1.309473374e-01 1.470804410e+02 7.434651216e-02 9.972275830e-01 3.121517256e-03 -1.549667359e+01 1.303554924e-01 -1.282164670e-02 9.913844113e-01 3.341730596e+02
9.886346601e-01 -6.942605686e-02 -1.333474091e-01 1.469121600e+02 6.994696274e-02 9.975504068e-01 -7.799141469e-04 -1.552131611e+01 1.330749085e-01 -8.556196096e-03 9.910690492e-01 3.353564166e+02
9.879794946e-01 -6.618800932e-02 -1.396984814e-01 1.467643867e+02 6.640184827e-02 9.977880371e-01 -3.134890255e-03 -1.552081503e+01 1.395969657e-01 -6.179030074e-03 9.901891268e-01 3.365485034e+02
9.883331850e-01 -5.655387656e-02 -1.414184377e-01 1.465453811e+02 5.732303140e-02 9.983547463e-01 1.367736149e-03 -1.556994997e+01 1.411084178e-01 -9.458312572e-03 9.899489657e-01 3.377280514e+02
9.877640254e-01 -5.834917804e-02 -1.446291933e-01 1.463400939e+02 5.944146463e-02 9.982265383e-01 3.238919936e-03 -1.557836991e+01 1.441837106e-01 -1.179625967e-02 9.894806243e-01 3.389103726e+02
9.862473146e-01 -6.483738465e-02 -1.520274583e-01 1.461611517e+02 6.693965243e-02 9.977186959e-01 8.745667383e-03 -1.556425395e+01 1.511135912e-01 -1.880205619e-02 9.883375766e-01 3.400988757e+02
9.843472758e-01 -6.992782253e-02 -1.617731135e-01 1.460090799e+02 7.309918730e-02 9.972301870e-01 1.372817955e-02 -1.557687528e+01 1.603650505e-01 -2.533877926e-02 9.867324849e-01 3.412863389e+02
9.823666770e-01 -7.802906615e-02 -1.699034334e-01 1.458361339e+02 8.065583041e-02 9.967048854e-01 8.602820106e-03 -1.557998333e+01 1.686723121e-01 -2.215482631e-02 9.854231653e-01 3.424614518e+02
9.815277808e-01 -7.937539658e-02 -1.740768850e-01 1.455541848e+02 8.101856565e-02 9.967098403e-01 2.342264440e-03 -1.562196199e+01 1.733182261e-01 -1.640245715e-02 9.847292785e-01 3.436115074e+02
9.808396290e-01 -7.635549172e-02 -1.792301904e-01 1.453014607e+02 7.682923698e-02 9.970349636e-01 -4.306945229e-03 -1.565082088e+01 1.790276253e-01 -9.545696210e-03 9.837977379e-01 3.447629673e+02
9.800786470e-01 -7.084399854e-02 -1.855450717e-01 1.451191125e+02 7.095926835e-02 9.974609996e-01 -6.027979498e-03 -1.564277189e+01 1.855010189e-01 -7.258248543e-03 9.826172652e-01 3.459379385e+02
9.787758820e-01 -6.889656548e-02 -1.930052749e-01 1.449791556e+02 6.925689796e-02 9.975868853e-01 -4.887580340e-03 -1.562879629e+01 1.928762685e-01 -8.583100870e-03 9.811855459e-01 3.471253012e+02
9.775473523e-01 -7.068508730e-02 -1.985064042e-01 1.447494409e+02 7.212749190e-02 9.973954199e-01 3.554746129e-05 -1.565186299e+01 1.979868657e-01 -1.435251839e-02 9.800995900e-01 3.482993919e+02
9.762826424e-01 -7.144156753e-02 -2.043729548e-01 1.445159134e+02 7.361571353e-02 9.972820331e-01 3.045175913e-03 -1.568273837e+01 2.035999237e-01 -1.801801328e-02 9.788883605e-01 3.494746764e+02
9.755628777e-01 -6.926789259e-02 -2.085162600e-01 1.441672665e+02 7.166853937e-02 9.974206006e-01 3.970642284e-03 -1.568561279e+01 2.077033753e-01 -1.881766700e-02 9.780108401e-01 3.506134386e+02
9.746409653e-01 -6.867783124e-02 -2.129749849e-01 1.439321158e+02 7.108909607e-02 9.974631988e-01 3.675248447e-03 -1.572977255e+01 2.121823016e-01 -1.872224685e-02 9.770507399e-01 3.517835862e+02
9.740936621e-01 -6.533348020e-02 -2.165019026e-01 1.436463921e+02 6.725191555e-02 9.977349036e-01 1.497313068e-03 -1.575447661e+01 2.159136802e-01 -1.601869084e-02 9.762810478e-01 3.529387876e+02
9.728296528e-01 -6.360401931e-02 -2.226140055e-01 1.433860568e+02 6.558614314e-02 9.978457617e-01 1.514476844e-03 -1.576784103e+01 2.220381151e-01 -1.607372201e-02 9.749054882e-01 3.541026871e+02
9.711777374e-01 -6.571909034e-02 -2.291174448e-01 1.431257342e+02 6.846694236e-02 9.976451417e-01 4.055732076e-03 -1.577275547e+01 2.283113667e-01 -1.962580759e-02 9.733903367e-01 3.552699250e+02
9.697406805e-01 -6.705854420e-02 -2.347470218e-01 1.428327513e+02 7.039302546e-02 9.975022135e-01 5.844309004e-03 -1.576684731e+01 2.337687630e-01 -2.219201727e-02 9.720389292e-01 3.564318240e+02
9.681795499e-01 -6.693968277e-02 -2.411377988e-01 1.425924930e+02 7.031231815e-02 9.975104150e-01 5.399061476e-03 -1.578774695e+01 2.401760543e-01 -2.218221854e-02 9.704758689e-01 3.576000000e+02
9.670483420e-01 -6.735345311e-02 -2.455219268e-01 1.423071089e+02 6.958810506e-02 9.975757180e-01 4.272216331e-04 -1.578735796e+01 2.448979375e-01 -1.749854961e-02 9.693909433e-01 3.587571285e+02
9.666952032e-01 -6.812749469e-02 -2.466962275e-01 1.419958931e+02 6.950719769e-02 9.975765656e-01 -3.121724184e-03 -1.579139521e+01 2.463110506e-01 -1.412940766e-02 9.690878320e-01 3.598974313e+02
9.656907531e-01 -7.288271991e-02 -2.492578555e-01 1.417300118e+02 7.372595606e-02 9.972607046e-01 -5.964099221e-03 -1.579811766e+01 2.490097444e-01 -1.261729823e-02 9.684187890e-01 3.610553305e+02
9.641866775e-01 -7.767188479e-02 -2.535963906e-01 1.414903335e+02 7.837037279e-02 9.968971221e-01 -7.362916567e-03 -1.582123623e+01 2.533814035e-01 -1.277521760e-02 9.672820985e-01 3.622185699e+02
9.629654759e-01 -8.683960516e-02 -2.552574684e-01 1.411413388e+02 8.785835286e-02 9.961052603e-01 -7.431033987e-03 -1.585396247e+01 2.549086150e-01 -1.527067154e-02 9.668445607e-01 3.633556857e+02
9.624386509e-01 -8.968292224e-02 -2.562592764e-01 1.408404460e+02 9.075792220e-02 9.958435753e-01 -7.653302368e-03 -1.587279681e+01 2.558805245e-01 -1.589172546e-02 9.665777828e-01 3.645119296e+02
9.617263472e-01 -9.185545352e-02 -2.581569460e-01 1.405529860e+02 9.228851000e-02 9.956772948e-01 -1.046688030e-02 -1.587713571e+01 2.580024497e-01 -1.375864534e-02 9.660462906e-01 3.656693797e+02
9.619819157e-01 -9.069621257e-02 -2.576140346e-01 1.402376984e+02 9.148347857e-02 9.957663338e-01 -8.954415536e-03 -1.592857244e+01 2.573355144e-01 -1.495344221e-02 9.662064105e-01 3.668160871e+02
9.627437461e-01 -8.679118813e-02 -2.561089007e-01 1.399116190e+02 8.814607619e-02 9.960882219e-01 -6.206721697e-03 -1.595833924e+01 2.556457483e-01 -1.659951218e-02 9.666280089e-01 3.679697920e+02
9.632004549e-01 -8.307079628e-02 -2.556249725e-01 1.395951466e+02 8.536399481e-02 9.963475534e-01 -2.131035923e-03 -1.597777276e+01 2.548683428e-01 -1.976855406e-02 9.667736716e-01 3.691283882e+02
9.633766274e-01 -8.270045635e-02 -2.550805916e-01 1.392542346e+02 8.523124919e-02 9.963605494e-01 -1.135636125e-03 -1.600935187e+01 2.542461560e-01 -2.064679216e-02 9.669191291e-01 3.702795413e+02
9.635396436e-01 -8.164418258e-02 -2.548049894e-01 1.389932840e+02 8.398353270e-02 9.964656858e-01 -1.703903937e-03 -1.601728097e+01 2.540435424e-01 -1.975764417e-02 9.669909586e-01 3.714484777e+02
9.640986071e-01 -8.089302372e-02 -2.529232978e-01 1.386786018e+02 8.403202953e-02 9.964617460e-01 1.614556536e-03 -1.603297493e+01 2.518977846e-01 -2.281024974e-02 9.674849863e-01 3.726093844e+02
9.649831668e-01 -8.073269554e-02 -2.495790851e-01 1.382976175e+02 8.381049357e-02 9.964802414e-01 1.711599920e-03 -1.604824132e+01 2.485624449e-01 -2.256901142e-02 9.683529061e-01 3.737459260e+02
9.647365847e-01 -8.090545316e-02 -2.504748087e-01 1.380803708e+02 8.227452415e-02 9.965970710e-01 -5.018046389e-03 -1.606611851e+01 2.500284481e-01 -1.576660277e-02 9.681101122e-01 3.749145483e+02
9.651607777e-01 -8.299846007e-02 -2.481449755e-01 1.377469545e+02 8.292226500e-02 9.964977354e-01 -1.077781135e-02 -1.609009584e+01 2.481704479e-01 -1.017442264e-02 9.686629496e-01 3.760580944e+02
9.656861433e-01 -8.372617810e-02 -2.458458860e-01 1.374512183e+02 8.471882419e-02 9.963833348e-01 -6.555220339e-03 -1.613051968e+01 2.455055873e-01 -1.449748894e-02 9.692867633e-01 3.772017362e+02
9.656307444e-01 -8.477583650e-02 -2.457037301e-01 1.371666455e+02 8.769991304e-02 9.961464742e-01 9.628737882e-04 -1.615131727e+01 2.446752760e-01 -2.247797629e-02 9.693444950e-01 3.783534741e+02
9.663358521e-01 -8.335917819e-02 -2.434055636e-01 1.368512209e+02 8.740386558e-02 9.961558099e-01 5.845220762e-03 -1.616816926e+01 2.419826135e-01 -2.692303354e-02 9.699069878e-01 3.794926128e+02
9.677454406e-01 -8.130378556e-02 -2.384501134e-01 1.365278850e+02 8.440621584e-02 9.964274615e-01 2.811514198e-03 -1.616271214e+01 2.373696544e-01 -2.284750178e-02 9.711506777e-01 3.806253627e+02
9.689734078e-01 -7.923758799e-02 -2.341194988e-01 1.362368818e+02 7.951965349e-02 9.967991568e-01 -8.250193958e-03 -1.616165737e+01 2.340238445e-01 -1.062288287e-02 9.721728214e-01 3.817640434e+02
9.705010548e-01 -7.497678286e-02 -2.291422805e-01 1.360099244e+02 7.197830781e-02 9.971759979e-01 -2.142784213e-02 -1.619292230e+01 2.301017729e-01 4.302469794e-03 9.731570597e-01 3.829126937e+02
9.716225200e-01 -7.202526539e-02 -2.253043271e-01 1.357766264e+02 6.944856283e-02 9.973978159e-01 -1.935184653e-02 -1.623031715e+01 2.261118656e-01 3.155628174e-03 9.740962305e-01 3.840828005e+02
9.724695895e-01 -7.179928424e-02 -2.216929413e-01 1.355143811e+02 7.158339470e-02 9.973938399e-01 -9.019183622e-03 -1.627386508e+01 2.217627449e-01 -7.098651526e-03 9.750748146e-01 3.852636769e+02
9.724900603e-01 -7.474115527e-02 -2.206282900e-01 1.352978527e+02 7.619431995e-02 9.970911221e-01 -1.928689983e-03 -1.627255583e+01 2.201306617e-01 -1.493499068e-02 9.753560569e-01 3.864643597e+02
9.730032323e-01 -7.977693053e-02 -2.165648894e-01 1.350534266e+02 8.164417842e-02 9.966614882e-01 -3.257444160e-04 -1.630996897e+01 2.158678718e-01 -1.736431210e-02 9.762681714e-01 3.876530770e+02
9.742373881e-01 -7.866420840e-02 -2.113609565e-01 1.348015931e+02 7.981032484e-02 9.968051966e-01 -3.116418998e-03 -1.632147326e+01 2.109308504e-01 -1.383265469e-02 9.774031072e-01 3.888330748e+02
9.760548688e-01 -7.865780236e-02 -2.028049390e-01 1.344843245e+02 7.910830865e-02 9.968485868e-01 -5.896647854e-03 -1.635241657e+01 2.026296342e-01 -1.028810386e-02 9.792014023e-01 3.899992608e+02
9.780508876e-01 -7.316343516e-02 -1.950988803e-01 1.342238020e+02 7.338049773e-02 9.972852094e-01 -6.124847146e-03 -1.637316664e+01 1.950173426e-01 -8.326040757e-03 9.807644534e-01 3.911812037e+02
9.802350798e-01 -7.230099786e-02 -1.841514432e-01 1.338912922e+02 7.275793434e-02 9.973404303e-01 -4.283587093e-03 -1.638985774e+01 1.839713873e-01 -9.199556281e-03 9.828885475e-01 3.923589685e+02
9.815760493e-01 -7.057925108e-02 -1.775585220e-01 1.336671147e+02 7.195384193e-02 9.974071077e-01 1.306167722e-03 -1.641661497e+01 1.770059435e-01 -1.405812078e-02 9.841093766e-01 3.935581593e+02
9.827931601e-01 -7.339103083e-02 -1.695032775e-01 1.334180586e+02 7.470361090e-02 9.972048396e-01 1.370514531e-03 -1.638554585e+01 1.689289051e-01 -1.400943919e-02 9.855286706e-01 3.947464168e+02
9.830435234e-01 -7.032668222e-02 -1.693504910e-01 1.334015361e+02 7.120590294e-02 9.974612467e-01 -8.836018406e-04 -1.642651808e+01 1.689826926e-01 -1.119013556e-02 9.855554933e-01 3.959534551e+02
9.847920388e-01 -6.533117261e-02 -1.609859568e-01 1.331817275e+02 6.613299212e-02 9.978107457e-01 -3.783057510e-04 -1.644533721e+01 1.606582328e-01 -1.027393052e-02 9.869566245e-01 3.971482464e+02
9.866842142e-01 -6.208657494e-02 -1.503313631e-01 1.329133839e+02 6.287997154e-02 9.980209583e-01 5.253214468e-04 -1.644857325e+01 1.500012357e-01 -9.971158212e-03 9.886355270e-01 3.983383518e+02
9.890154182e-01 -5.519954806e-02 -1.371186069e-01 1.326729764e+02 5.576309638e-02 9.984439917e-01 2.691463829e-04 -1.646914092e+01 1.368903925e-01 -7.912348016e-03 9.905545998e-01 3.995268593e+02
9.901974370e-01 -5.394271705e-02 -1.288379567e-01 1.325095289e+02 5.447221177e-02 9.985151144e-01 5.869869090e-04 -1.649498230e+01 1.286149834e-01 -7.599321396e-03 9.916654861e-01 4.007255045e+02
9.911568676e-01 -5.226896496e-02 -1.219672871e-01 1.323636305e+02 5.284240845e-02 9.986017827e-01 1.469528809e-03 -1.650416058e+01 1.217199395e-01 -7.901578771e-03 9.925330329e-01 4.019247546e+02
9.922826234e-01 -5.052251474e-02 -1.132372326e-01 1.322138893e+02 5.093123905e-02 9.987019045e-01 7.175361193e-04 -1.651300138e+01 1.130539881e-01 -6.479311187e-03 9.935677200e-01 4.031206174e+02
9.923962439e-01 -4.919603702e-02 -1.128248422e-01 1.321660099e+02 4.936606298e-02 9.987799221e-01 -1.288001297e-03 -1.653077214e+01 1.127505517e-01 -4.291510618e-03 9.936140579e-01 4.043179462e+02
9.929009443e-01 -4.860690212e-02 -1.085591261e-01 1.320401645e+02 4.863500537e-02 9.988137575e-01 -2.390400483e-03 -1.653337783e+01 1.085465386e-01 -2.906342783e-03 9.940871200e-01 4.055076419e+02
9.932252690e-01 -4.954748375e-02 -1.051123770e-01 1.319392028e+02 4.978616801e-02 9.987598373e-01 -3.534948372e-04 -1.656132483e+01 1.049995353e-01 -4.882042455e-03 9.944602874e-01 4.066984418e+02
9.935197037e-01 -4.995391754e-02 -1.020940967e-01 1.317921982e+02 5.040762937e-02 9.987269816e-01 1.867372460e-03 -1.658270260e+01 1.018708465e-01 -7.001592719e-03 9.947729934e-01 4.078834838e+02
9.942531673e-01 -4.731336031e-02 -9.603168831e-02 1.316344329e+02 4.775796443e-02 9.988562074e-01 2.335309992e-03 -1.658971799e+01 9.581135661e-02 -6.908167311e-03 9.953755378e-01 4.090738851e+02
9.947468219e-01 -4.523855702e-02 -9.182719254e-02 1.314993988e+02 4.572376091e-02 9.989490416e-01 3.185904539e-03 -1.659927833e+01 9.158656026e-02 -7.367853012e-03 9.957698613e-01 4.102597024e+02
9.949693506e-01 -4.564982541e-02 -8.917446274e-02 1.313871461e+02 4.596100722e-02 9.989421991e-01 1.438265135e-03 -1.660462578e+01 8.901447736e-02 -5.529577854e-03 9.960149831e-01 4.114499139e+02
9.953047283e-01 -4.128876932e-02 -8.754276303e-02 1.313043976e+02 4.132231872e-02 9.991448453e-01 -1.429722172e-03 -1.661446211e+01 8.752693189e-02 -2.194460717e-03 9.961597365e-01 4.126396909e+02
9.954956824e-01 -4.185595311e-02 -8.506718256e-02 1.311849804e+02 4.179672535e-02 9.991230624e-01 -2.477905338e-03 -1.663321857e+01 8.509629903e-02 -1.088785601e-03 9.963721365e-01 4.138263685e+02
9.955845565e-01 -4.320880784e-02 -8.333300546e-02 1.311009578e+02 4.305400619e-02 9.990660621e-01 -3.654612403e-03 -1.666063494e+01 8.341308905e-02 5.065593607e-05 9.965150546e-01 4.150169336e+02
9.958022822e-01 -4.301349366e-02 -8.079389870e-02 1.309977940e+02 4.275236513e-02 9.990733878e-01 -4.959954628e-03 -1.668146522e+01 8.093237906e-02 1.485003881e-03 9.967184882e-01 4.162053137e+02
9.957896550e-01 -4.612525892e-02 -7.921757032e-02 1.308922665e+02 4.569791339e-02 9.989293573e-01 -7.199991539e-03 -1.670185485e+01 7.946485808e-02 3.549599423e-03 9.968313482e-01 4.173923463e+02
9.958672971e-01 -4.628536604e-02 -7.814084343e-02 1.308590603e+02 4.586286292e-02 9.989218416e-01 -7.193904185e-03 -1.672821341e+01 7.838956771e-02 3.580411125e-03 9.969163738e-01 4.185861343e+02
9.958371694e-01 -4.744605170e-02 -7.782804202e-02 1.307910610e+02 4.713035853e-02 9.988713868e-01 -5.889145103e-03 -1.675408319e+01 7.801962095e-02 2.196566066e-03 9.969494039e-01 4.197781058e+02
9.963285015e-01 -4.335320276e-02 -7.382422996e-02 1.306648019e+02 4.302857935e-02 9.990559282e-01 -5.982781487e-03 -1.677814346e+01 7.401390733e-02 2.784263977e-03 9.972533226e-01 4.209676186e+02
9.967630923e-01 -4.166407186e-02 -6.875640308e-02 1.305830128e+02 4.128369198e-02 9.991233304e-01 -6.944600471e-03 -1.682798884e+01 6.898546676e-02 4.083603273e-03 9.976093071e-01 4.221583415e+02
9.969964374e-01 -4.071560421e-02 -6.588128204e-02 1.304927238e+02 4.027056832e-02 9.991562254e-01 -8.069610148e-03 -1.685344922e+01 6.615425214e-02 5.392295900e-03 9.977948377e-01 4.233477392e+02
9.970072574e-01 -4.607162206e-02 -6.208006348e-02 1.303387092e+02 4.559208399e-02 9.989185108e-01 -9.119795535e-03 -1.690257513e+01 6.243308834e-02 6.262142866e-03 9.980295061e-01 4.245316259e+02
9.970780228e-01 -4.961650009e-02 -5.808286586e-02 1.302480225e+02 4.929384771e-02 9.987599601e-01 -6.975575733e-03 -1.696642316e+01 5.835694445e-02 4.092065316e-03 9.982873945e-01 4.257199387e+02
9.971074417e-01 -5.224481532e-02 -5.520171259e-02 1.301360716e+02 5.199334787e-02 9.986295099e-01 -5.982789723e-03 -1.709313680e+01 5.543862893e-02 3.095362308e-03 9.984572986e-01 4.269064308e+02
9.971177053e-01 -5.627366790e-02 -5.088768135e-02 1.300534307e+02 5.609231798e-02 9.984131368e-01 -4.985998357e-03 -1.709816971e+01 5.108750998e-02 2.117219236e-03 9.986919363e-01 4.281006929e+02
9.975092373e-01 -5.197918601e-02 -4.768108430e-02 1.299844167e+02 5.193065969e-02 9.986481430e-01 -2.256761730e-03 -1.716804976e+01 4.773393093e-02 -2.249694906e-04 9.988600609e-01 4.292920148e+02
9.977799728e-01 -5.105490304e-02 -4.276122934e-02 1.298826340e+02 5.069366355e-02 9.986691538e-01 -9.490713563e-03 -1.722835126e+01 4.318886818e-02 7.301920548e-03 9.990402412e-01 4.304728576e+02
9.979739764e-01 -5.185507295e-02 -3.686453390e-02 1.298477554e+02 5.135358437e-02 9.985763749e-01 -1.442334710e-02 -1.725737827e+01 3.755997634e-02 1.250099911e-02 9.992161794e-01 4.316622754e+02
9.980849420e-01 -5.113597152e-02 -3.480748301e-02 1.298120371e+02 5.065040918e-02 9.986083694e-01 -1.469219798e-02 -1.727523542e+01 3.551034367e-02 1.290104831e-02 9.992860343e-01 4.328576656e+02
9.979682499e-01 -5.452335901e-02 -3.296324418e-02 1.297824814e+02 5.422744579e-02 9.984804582e-01 -9.806053005e-03 -1.730382822e+01 3.344781410e-02 7.998617019e-03 9.994084580e-01 4.340606917e+02
9.978544033e-01 -5.903142004e-02 -2.831750777e-02 1.296571947e+02 5.891247483e-02 9.982505437e-01 -5.017204587e-03 -1.735529731e+01 2.856414024e-02 3.338185226e-03 9.995863877e-01 4.352579354e+02
9.976809483e-01 -6.292796554e-02 -2.593832198e-02 1.295834585e+02 6.281308064e-02 9.980116513e-01 -5.221191085e-03 -1.737783414e+01 2.621530649e-02 3.579816962e-03 9.996499100e-01 4.364584718e+02
9.981362905e-01 -5.665426975e-02 -2.267684482e-02 1.295020135e+02 5.647769130e-02 9.983689154e-01 -8.353390873e-03 -1.737318115e+01 2.311311223e-02 7.057086738e-03 9.997079481e-01 4.376550503e+02
9.980942712e-01 -5.729955256e-02 -2.290386737e-02 1.295014533e+02 5.713137826e-02 9.983351644e-01 -7.931275415e-03 -1.742575998e+01 2.332019473e-02 6.607631044e-03 9.997062107e-01 4.388608918e+02
9.977974888e-01 -6.259963635e-02 -2.194212506e-02 1.295389200e+02 6.236833359e-02 9.979917781e-01 -1.107257175e-02 -1.743731483e+01 2.259119937e-02 9.679690511e-03 9.996979250e-01 4.400605527e+02
9.975594287e-01 -6.624826573e-02 -2.205342185e-02 1.295037885e+02 6.590668792e-02 9.976995515e-01 -1.587177966e-02 -1.745909225e+01 2.305416697e-02 1.437957546e-02 9.996307984e-01 4.412608724e+02
9.967070328e-01 -7.748134199e-02 -2.391092512e-02 1.295105825e+02 7.706427645e-02 9.968654596e-01 -1.789839904e-02 -1.749922834e+01 2.522276733e-02 1.599678206e-02 9.995538580e-01 4.424617959e+02
9.964096015e-01 -8.017607140e-02 -2.719749300e-02 1.294883968e+02 7.960722751e-02 9.965967469e-01 -2.139190178e-02 -1.750380841e+01 2.882005169e-02 1.914997932e-02 9.994011622e-01 4.436721515e+02
9.960730207e-01 -8.419084615e-02 -2.739413795e-02 1.294114906e+02 8.368961375e-02 9.963115154e-01 -1.895818521e-02 -1.755038613e+01 2.888920075e-02 1.659113198e-02 9.994449202e-01 4.448865017e+02
9.961859539e-01 -8.233832195e-02 -2.887812232e-02 1.293741406e+02 8.185001920e-02 9.964874006e-01 -1.770409252e-02 -1.758293769e+01 3.023441031e-02 1.527289343e-02 9.994261449e-01 4.460985985e+02
9.956778512e-01 -8.752585780e-02 -3.106188719e-02 1.294144037e+02 8.697179767e-02 9.960340471e-01 -1.876388745e-02 -1.757617397e+01 3.258102255e-02 1.598127897e-02 9.993413209e-01 4.473130722e+02
9.958185823e-01 -8.534437895e-02 -3.258355709e-02 1.293725287e+02 8.491773299e-02 9.962858739e-01 -1.426310463e-02 -1.759855259e+01 3.367981345e-02 1.143654283e-02 9.993672376e-01 4.485288121e+02
9.959762361e-01 -8.364220061e-02 -3.217637831e-02 1.293275455e+02 8.339980529e-02 9.964772636e-01 -8.805435185e-03 -1.761847760e+01 3.279953539e-02 6.086500507e-03 9.994434176e-01 4.497531339e+02
9.963457989e-01 -7.913189493e-02 -3.214330748e-02 1.292806373e+02 7.886316126e-02 9.968397447e-01 -9.545953740e-03 -1.766063818e+01 3.279711583e-02 6.976148064e-03 9.994376832e-01 4.509739826e+02
9.964303656e-01 -7.830218565e-02 -3.154828300e-02 1.292814387e+02 7.787641609e-02 9.968574579e-01 -1.450766687e-02 -1.766334468e+01 3.258512322e-02 1.199901259e-02 9.993969349e-01 4.522123513e+02
9.970942633e-01 -7.051313756e-02 -2.882581474e-02 1.292185153e+02 7.010883502e-02 9.974294785e-01 -1.480495255e-02 -1.772017444e+01 2.979566102e-02 1.274098897e-02 9.994748050e-01 4.534621559e+02
9.977446644e-01 -6.135503902e-02 -2.722395866e-02 1.292311382e+02 6.090362459e-02 9.979969461e-01 -1.711268760e-02 -1.777049777e+01 2.821937722e-02 1.541605498e-02 9.994828723e-01 4.547098887e+02
9.977893743e-01 -6.151633094e-02 -2.514170923e-02 1.291868139e+02 6.111895981e-02 9.979977114e-01 -1.628007171e-02 -1.780011556e+01 2.609285856e-02 1.470744745e-02 9.995513262e-01 4.559738516e+02
9.980697847e-01 -5.805936719e-02 -2.204120522e-02 1.291463980e+02 5.767758242e-02 9.981804727e-01 -1.757954319e-02 -1.781656206e+01 2.302175780e-02 1.627432745e-02 9.996024935e-01 4.572263400e+02
9.987078678e-01 -4.757155052e-02 -1.787574987e-02 1.291187281e+02 4.731591976e-02 9.987752864e-01 -1.446136046e-02 -1.785806821e+01 1.854180653e-02 1.359686693e-02 9.997356284e-01 4.584857930e+02
9.986506010e-01 -5.000145587e-02 -1.402966314e-02 1.291308767e+02 4.981065381e-02 9.986656023e-01 -1.363501542e-02 -1.789387016e+01 1.469271261e-02 1.291778965e-02 9.998086091e-01 4.597382050e+02
9.987963094e-01 -4.842899281e-02 -7.782355082e-03 1.291100113e+02 4.833461212e-02 9.987604323e-01 -1.188966478e-02 -1.791927099e+01 8.348512817e-03 1.149919619e-02 9.998990303e-01 4.609990452e+02
9.984645674e-01 -5.527859349e-02 -3.575578850e-03 1.291457474e+02 5.523049640e-02 9.983968328e-01 -1.238372152e-02 -1.794424346e+01 4.254401306e-03 1.216722615e-02 9.999169259e-01 4.622605285e+02
9.981165606e-01 -6.130204699e-02 2.321764350e-03 1.291295688e+02 6.132783486e-02 9.980270625e-01 -1.344913340e-02 -1.798618590e+01 -1.492724246e-03 1.356619155e-02 9.999068608e-01 4.635252847e+02
9.976536091e-01 -6.814888816e-02 6.557835156e-03 1.291776037e+02 6.824386388e-02 9.975474471e-01 -1.555203696e-02 -1.798853247e+01 -5.481897691e-03 1.596307781e-02 9.998575543e-01 4.647875923e+02
9.971864211e-01 -7.412397196e-02 1.117490218e-02 1.291866821e+02 7.424055354e-02 9.971860749e-01 -1.040539039e-02 -1.802915882e+01 -1.037216798e-02 1.120574493e-02 9.998834179e-01 4.660638726e+02
9.968007235e-01 -7.849851488e-02 1.504330039e-02 1.291998036e+02 7.853978480e-02 9.969086148e-01 -2.171636449e-03 -1.805236463e+01 -1.482632551e-02 3.346186358e-03 9.998844849e-01 4.673464399e+02
9.964944716e-01 -8.190774626e-02 1.702613363e-02 1.292306362e+02 8.195894504e-02 9.966329824e-01 -2.330193817e-03 -1.805057459e+01 -1.677794542e-02 3.717469207e-03 9.998523296e-01 4.686306648e+02
9.966077675e-01 -7.985170612e-02 1.991639508e-02 1.292041933e+02 8.001764837e-02 9.967638776e-01 -7.677779071e-03 -1.806145522e+01 -1.923885943e-02 9.245397357e-03 9.997721685e-01 4.699021095e+02
9.964754065e-01 -8.148601280e-02 1.991968729e-02 1.292571507e+02 8.174165297e-02 9.965767363e-01 -1.237379783e-02 -1.807566620e+01 -1.884320550e-02 1.395845339e-02 9.997250098e-01 4.711735308e+02
9.960890065e-01 -8.637987661e-02 1.857977389e-02 1.293563183e+02 8.656109457e-02 9.962042524e-01 -9.179568192e-03 -1.810502059e+01 -1.771631979e-02 1.075195253e-02 9.997852407e-01 4.724510202e+02
9.957650388e-01 -8.958147437e-02 2.066753250e-02 1.293167118e+02 8.971206308e-02 9.959526755e-01 -5.478491342e-03 -1.814570337e+01 -2.009311296e-02 7.309417123e-03 9.997713935e-01 4.737278740e+02
9.952991208e-01 -9.475578403e-02 2.002502131e-02 1.293572503e+02 9.496817214e-02 9.954307475e-01 -9.933438448e-03 -1.817514688e+01 -1.899227118e-02 1.178848222e-02 9.997501314e-01 4.749962503e+02
9.947245481e-01 -1.011258075e-01 1.722337069e-02 1.294572233e+02 1.014332217e-01 9.946791114e-01 -1.802128810e-02 -1.821566257e+01 -1.530930974e-02 1.967323964e-02 9.996892461e-01 4.762558327e+02
9.940882972e-01 -1.078428939e-01 1.258442202e-02 1.296019693e+02 1.080549803e-01 9.939890443e-01 -1.760400610e-02 -1.825530507e+01 -1.061031066e-02 1.885974592e-02 9.997658382e-01 4.775157275e+02
9.940951932e-01 -1.082827509e-01 7.042207007e-03 1.297208609e+02 1.083599317e-01 9.940428809e-01 -1.169940592e-02 -1.826725829e+01 -5.733411884e-03 1.239341626e-02 9.999067613e-01 4.787896640e+02
9.943913690e-01 -1.056829112e-01 4.114315289e-03 1.297567338e+02 1.057106250e-01 9.943706475e-01 -7.230430976e-03 -1.826163247e+01 -3.327021363e-03 7.624804997e-03 9.999653960e-01 4.800703440e+02
9.946231101e-01 -1.035415603e-01 2.003515756e-03 1.297963216e+02 1.035491883e-01 9.946155637e-01 -4.176857147e-03 -1.828591285e+01 -1.560249647e-03 4.361861077e-03 9.999892698e-01 4.813523650e+02
9.942419082e-01 -1.071567970e-01 -6.699218359e-04 1.298229777e+02 1.071551505e-01 9.942400087e-01 -2.139820303e-03 -1.828851462e+01 8.953593819e-04 2.055713447e-03 9.999974862e-01 4.826140709e+02
9.934784314e-01 -1.140063911e-01 -1.774586296e-03 1.297949696e+02 1.139960323e-01 9.934679736e-01 -5.127390700e-03 -1.828188001e+01 2.347549961e-03 4.891656273e-03 9.999852802e-01 4.838810066e+02
9.922863164e-01 -1.236910565e-01 -8.269747939e-03 1.299363424e+02 1.236018183e-01 9.922758072e-01 -1.055049224e-02 -1.829170286e+01 9.510872343e-03 9.446953195e-03 9.999101452e-01 4.851460065e+02
9.910922066e-01 -1.326953247e-01 -1.132205287e-02 1.299685599e+02 1.324887129e-01 9.910320989e-01 -1.738159547e-02 -1.828314756e+01 1.352697427e-02 1.572671960e-02 9.997848225e-01 4.863950165e+02
9.906693247e-01 -1.356226971e-01 -1.344518748e-02 1.299441682e+02 1.353638564e-01 9.906215426e-01 -1.858993793e-02 -1.832080824e+01 1.584030989e-02 1.659648882e-02 9.997367859e-01 4.876581496e+02
9.896626830e-01 -1.429126494e-01 -1.198952106e-02 1.298485897e+02 1.427074825e-01 9.896271671e-01 -1.651195160e-02 -1.837003302e+01 1.422492251e-02 1.463026796e-02 9.997917817e-01 4.889208708e+02
9.899607233e-01 -1.406373534e-01 -1.410323472e-02 1.298328611e+02 1.404910647e-01 9.900221521e-01 -1.088113841e-02 -1.839790672e+01 1.549280930e-02 8.790521190e-03 9.998413372e-01 4.901873137e+02
9.905401858e-01 -1.361738235e-01 -1.693606151e-02 1.298321418e+02 1.360703357e-01 9.906735573e-01 -7.125067555e-03 -1.839647223e+01 1.774835599e-02 4.753170166e-03 9.998311874e-01 4.914574192e+02
9.908339918e-01 -1.339916377e-01 -1.715347541e-02 1.297740410e+02 1.338778219e-01 9.909685095e-01 -7.625089093e-03 -1.842451438e+01 1.802025213e-02 5.258727537e-03 9.998237926e-01 4.927167400e+02
9.916873572e-01 -1.276800777e-01 -1.593685729e-02 1.297153995e+02 1.274301103e-01 9.917212797e-01 -1.582625322e-02 -1.845220626e+01 1.782561775e-02 1.366385975e-02 9.997477413e-01 4.939683178e+02
9.929264447e-01 -1.174114843e-01 -1.765272542e-02 1.297234081e+02 1.169878587e-01 9.928582382e-01 -2.337434137e-02 -1.848151834e+01 2.027106998e-02 2.114384713e-02 9.995709187e-01 4.952237014e+02
9.928382654e-01 -1.180078421e-01 -1.860988664e-02 1.296789042e+02 1.174117264e-01 9.926177738e-01 -3.040463081e-02 -1.850921031e+01 2.206048912e-02 2.800186200e-02 9.993644133e-01 4.964717731e+02
9.933704133e-01 -1.134342088e-01 -1.865213700e-02 1.296206800e+02 1.128555469e-01 9.931703634e-01 -2.960160270e-02 -1.857736232e+01 2.188258407e-02 2.730035919e-02 9.993877340e-01 4.977193554e+02
9.925348520e-01 -1.202264535e-01 -2.049798850e-02 1.296068283e+02 1.197953626e-01 9.925742543e-01 -2.110499493e-02 -1.865139008e+01 2.288315434e-02 1.849187906e-02 9.995671121e-01 4.989824044e+02
9.919615277e-01 -1.246996444e-01 -2.150177507e-02 1.295519693e+02 1.244367866e-01 9.921402226e-01 -1.316300751e-02 -1.868655523e+01 2.297419826e-02 1.038158524e-02 9.996821539e-01 5.002412015e+02
9.932942483e-01 -1.133606888e-01 -2.271322374e-02 1.295234025e+02 1.131051150e-01 9.935076121e-01 -1.224163759e-02 -1.873138601e+01 2.395348115e-02 9.590566426e-03 9.996670705e-01 5.014892775e+02
9.944872488e-01 -1.032720464e-01 -1.816580344e-02 1.294131775e+02 1.028563240e-01 9.944417185e-01 -2.249989173e-02 -1.875691078e+01 2.038844265e-02 2.050738766e-02 9.995817918e-01 5.027231176e+02
9.952716118e-01 -9.590448574e-02 -1.538663228e-02 1.293554386e+02 9.544892965e-02 9.950398187e-01 -2.802250977e-02 -1.876338272e+01 1.799779619e-02 2.642137088e-02 9.994888646e-01 5.039601040e+02
9.960192021e-01 -8.809812761e-02 -1.358193799e-02 1.292723587e+02 8.765707859e-02 9.956921405e-01 -3.022247489e-02 -1.881220617e+01 1.618597235e-02 2.891161232e-02 9.994509157e-01 5.051986452e+02
9.958528379e-01 -9.008791881e-02 -1.270008656e-02 1.292107486e+02 8.972721143e-02 9.956117889e-01 -2.657429710e-02 -1.887466352e+01 1.503837902e-02 2.532454583e-02 9.995661632e-01 5.064366466e+02
9.959351985e-01 -8.951164635e-02 -1.003720548e-02 1.291440531e+02 8.917887795e-02 9.955706869e-01 -2.976802019e-02 -1.891062297e+01 1.265733205e-02 2.875191237e-02 9.995064379e-01 5.076706584e+02
9.955472579e-01 -9.380805934e-02 -9.257718605e-03 1.291538660e+02 9.353957867e-02 9.952734687e-01 -2.609731151e-02 -1.895479637e+01 1.166209985e-02 2.511514381e-02 9.996165390e-01 5.089048876e+02
9.958356006e-01 -9.064721175e-02 -9.723150257e-03 1.292266005e+02 9.041052717e-02 9.956501175e-01 -2.251177851e-02 -1.902067232e+01 1.172148565e-02 2.153895533e-02 9.996992949e-01 5.101380307e+02
9.959491481e-01 -8.971047902e-02 -6.109360329e-03 1.291583001e+02 8.959210803e-02 9.958251947e-01 -1.747671835e-02 -1.904126281e+01 7.651699715e-03 1.685857229e-02 9.998286053e-01 5.113773055e+02
9.958310186e-01 -9.119226962e-02 -2.133643107e-03 1.291173577e+02 9.115089001e-02 9.957264547e-01 -1.484394460e-02 -1.906814623e+01 3.478177884e-03 1.458757700e-02 9.998875461e-01 5.126114037e+02
9.951018563e-01 -9.882715226e-02 -2.342977333e-03 1.291552596e+02 9.877608534e-02 9.949753262e-01 -1.635191756e-02 -1.908415747e+01 3.947218082e-03 1.604039339e-02 9.998635533e-01 5.138392325e+02
9.944358900e-01 -1.053410486e-01 -7.240521302e-04 1.291735682e+02 1.053024733e-01 9.942166644e-01 -2.108585528e-02 -1.915049067e+01 2.941070800e-03 2.089228678e-02 9.997774065e-01 5.150545459e+02
9.932682704e-01 -1.158239384e-01 1.719991306e-03 1.291415512e+02 1.158258716e-01 9.928627511e-01 -2.842401946e-02 -1.918736639e+01 1.584466579e-03 2.843189614e-02 9.995944761e-01 5.162728641e+02
9.927108180e-01 -1.204935544e-01 2.556402441e-03 1.291667503e+02 1.205177389e-01 9.923154079e-01 -2.802866280e-02 -1.921504753e+01 8.405156762e-04 2.813244861e-02 9.996038510e-01 5.174936206e+02
9.918613824e-01 -1.272263293e-01 4.945636619e-03 1.291249919e+02 1.273049620e-01 9.916201426e-01 -2.197588532e-02 -1.926347652e+01 -2.108281665e-03 2.242663608e-02 9.997462684e-01 5.187232093e+02
9.922277086e-01 -1.242836914e-01 6.143148935e-03 1.291174879e+02 1.243780079e-01 9.920600907e-01 -1.862491837e-02 -1.929463989e+01 -3.779599283e-03 1.924423271e-02 9.998076686e-01 5.199501304e+02
9.919556592e-01 -1.262656348e-01 8.997761445e-03 1.289980112e+02 1.263957792e-01 9.918545972e-01 -1.576594262e-02 -1.933052798e+01 -6.933774302e-03 1.677639507e-02 9.998352241e-01 5.211657326e+02
9.917001052e-01 -1.284084234e-01 6.494468742e-03 1.290374212e+02 1.284853810e-01 9.916223715e-01 -1.328830951e-02 -1.934637950e+01 -4.733729622e-03 1.401246223e-02 9.998906154e-01 5.223940402e+02
9.917838562e-01 -1.278666536e-01 3.860235420e-03 1.290849744e+02 1.279027352e-01 9.917221963e-01 -1.131263525e-02 -1.937327481e+01 -2.381772337e-03 1.171342368e-02 9.999285589e-01 5.236180112e+02
9.925086566e-01 -1.221103265e-01 3.954079226e-03 1.290595256e+02 1.221432785e-01 9.924662279e-01 -9.581545228e-03 -1.942287438e+01 -2.754284479e-03 9.992730783e-03 9.999462782e-01 5.248430443e+02
9.926889005e-01 -1.206092560e-01 4.706831977e-03 1.290249667e+02 1.206550417e-01 9.926323837e-01 -1.110457966e-02 -1.945965952e+01 -3.332838754e-03 1.159129598e-02 9.999272644e-01 5.260644914e+02
9.924428512e-01 -1.226241196e-01 4.529051320e-03 1.290322190e+02 1.226802452e-01 9.923256334e-01 -1.547238372e-02 -1.947053258e+01 -2.597006288e-03 1.591108174e-02 9.998700381e-01 5.272816790e+02
9.931833054e-01 -1.164498556e-01 5.133514647e-03 1.290197135e+02 1.165300226e-01 9.929861217e-01 -1.998289129e-02 -1.952765715e+01 -2.770503994e-03 2.044488260e-02 9.997871429e-01 5.285033472e+02
9.927741353e-01 -1.199013128e-01 4.815746537e-03 1.290362216e+02 1.199871168e-01 9.924246088e-01 -2.639105174e-02 -1.954918507e+01 -1.614943622e-03 2.677818112e-02 9.996400957e-01 5.297198799e+02
9.930664842e-01 -1.171658642e-01 9.545586691e-03 1.289833460e+02 1.174382954e-01 9.924151966e-01 -3.633626842e-02 -1.959316394e+01 -5.215815003e-03 3.720534776e-02 9.992940295e-01 5.309320415e+02
9.927436073e-01 -1.198402220e-01 9.922266311e-03 1.289461867e+02 1.201138212e-01 9.921654322e-01 -3.435731393e-02 -1.964742453e+01 -5.727141513e-03 3.529980509e-02 9.993603572e-01 5.321553997e+02
9.927152609e-01 -1.201921939e-01 8.381370369e-03 1.289065611e+02 1.203868208e-01 9.923054641e-01 -2.892886559e-02 -1.969215450e+01 -4.839855793e-03 2.972713288e-02 9.995463338e-01 5.333801958e+02
9.921360460e-01 -1.250068523e-01 6.273197994e-03 1.288678181e+02 1.251154565e-01 9.919015986e-01 -2.184814038e-02 -1.973240789e+01 -3.491227861e-03 2.246120164e-02 9.997416195e-01 5.346094544e+02
9.925921358e-01 -1.213110879e-01 6.668729475e-03 1.288590739e+02 1.214127716e-01 9.924409665e-01 -1.788482114e-02 -1.978470979e+01 -4.448693217e-03 1.856200174e-02 9.998178140e-01 5.358368482e+02
9.921121839e-01 -1.252371095e-01 5.392685307e-03 1.288778055e+02 1.253192944e-01 9.919258401e-01 -1.944742056e-02 -1.978634807e+01 -2.913605167e-03 1.996983040e-02 9.997963377e-01 5.370589597e+02
9.919067334e-01 -1.269383641e-01 2.772002609e-03 1.289063461e+02 1.269685058e-01 9.916391814e-01 -2.303763103e-02 -1.982533035e+01 1.755327963e-04 2.320313837e-02 9.997307555e-01 5.382775430e+02
9.912762160e-01 -1.317974401e-01 -9.477728311e-04 1.288904038e+02 1.317509330e-01 9.910730722e-01 -2.039257779e-02 -1.989271559e+01 3.627001682e-03 2.008980740e-02 9.997916005e-01 5.395002279e+02
9.909490703e-01 -1.342216742e-01 -2.117112715e-03 1.288141443e+02 1.341526070e-01 9.907564663e-01 -2.011721742e-02 -1.990259359e+01 4.797709713e-03 1.965112171e-02 9.997953868e-01 5.407211950e+02
9.905610677e-01 -1.370157616e-01 -3.930922133e-03 1.287683440e+02 1.368936192e-01 9.903272511e-01 -2.262902416e-02 -1.990746390e+01 6.993432289e-03 2.187731218e-02 9.997362028e-01 5.419354952e+02
9.916003814e-01 -1.292706147e-01 -4.218041756e-03 1.287518119e+02 1.291344400e-01 9.913376046e-01 -2.395934136e-02 -1.993690824e+01 7.278742196e-03 2.321339757e-02 9.997040352e-01 5.431530621e+02
9.924822731e-01 -1.223485454e-01 -3.125868395e-03 1.286861321e+02 1.222282742e-01 9.921662095e-01 -2.581591973e-02 -1.998062708e+01 6.259921224e-03 2.523977319e-02 9.996618264e-01 5.443639371e+02
9.934168458e-01 -1.145284578e-01 -2.490536438e-03 1.286452870e+02 1.144309479e-01 9.931155735e-01 -2.504028537e-02 -2.001192700e+01 5.341215789e-03 2.459044687e-02 9.996833405e-01 5.455775599e+02
9.938536891e-01 -1.106990674e-01 -7.490713426e-04 1.285370657e+02 1.106465731e-01 9.935502412e-01 -2.480431572e-02 -2.004696167e+01 3.490054630e-03 2.456897851e-02 9.996920450e-01 5.467878276e+02
9.937412155e-01 -1.117059435e-01 -4.228226758e-04 1.284927803e+02 1.116641484e-01 9.934596913e-01 -2.385287814e-02 -2.006669516e+01 3.084565543e-03 2.365637399e-02 9.997153902e-01 5.479962614e+02
9.944390282e-01 -1.053075062e-01 1.161195905e-03 1.284968983e+02 1.052974089e-01 9.940276241e-01 -2.866248819e-02 -2.014217288e+01 1.864114347e-03 2.862536782e-02 9.995884720e-01 5.491977138e+02
9.940641351e-01 -1.087593619e-01 2.810088730e-03 1.284232192e+02 1.087925197e-01 9.935076047e-01 -3.326901092e-02 -2.016116492e+01 8.264718767e-04 3.337724719e-02 9.994424827e-01 5.503927718e+02
9.940871161e-01 -1.085141028e-01 3.936389278e-03 1.283628266e+02 1.085841990e-01 9.935978456e-01 -3.118962767e-02 -2.023859323e+01 -5.266734429e-04 3.143263670e-02 9.995057338e-01 5.515998390e+02
9.939888536e-01 -1.093679447e-01 4.981126979e-03 1.283224582e+02 1.094557917e-01 9.937104428e-01 -2.364287522e-02 -2.027341410e+01 -2.364025226e-03 2.404596764e-02 9.997080588e-01 5.528057811e+02
9.941738513e-01 -1.076970468e-01 4.438405816e-03 1.283725784e+02 1.077613387e-01 9.940044260e-01 -1.851202386e-02 -2.031621079e+01 -2.418104725e-03 1.888245861e-02 9.998187863e-01 5.540110267e+02
9.941835368e-01 -1.075904475e-01 4.836408332e-03 1.283365566e+02 1.076452520e-01 9.941038744e-01 -1.303789384e-02 -2.041511836e+01 -3.405139427e-03 1.348267581e-02 9.999033066e-01 5.552114728e+02
9.942430069e-01 -1.070184552e-01 5.281434498e-03 1.283551097e+02 1.070957404e-01 9.940931927e-01 -1.758484268e-02 -2.042640173e+01 -3.368335384e-03 1.804922600e-02 9.998314257e-01 5.564029682e+02
9.936765452e-01 -1.120366927e-01 7.396149098e-03 1.283501822e+02 1.122086523e-01 9.932404616e-01 -2.970864716e-02 -2.046368238e+01 -4.017695971e-03 3.035069779e-02 9.995312368e-01 5.575888375e+02
9.935618180e-01 -1.127852906e-01 1.069541747e-02 1.282682643e+02 1.131230160e-01 9.927986502e-01 -3.942110268e-02 -2.049723676e+01 -6.172275506e-03 4.037720033e-02 9.991654441e-01 5.587671598e+02
9.937232333e-01 -1.112119120e-01 1.208495886e-02 1.282604541e+02 1.115852965e-01 9.930797409e-01 -3.662444396e-02 -2.054956524e+01 -7.928253371e-03 3.774306458e-02 9.992560252e-01 5.599600745e+02
9.941414298e-01 -1.076839307e-01 9.326767480e-03 1.283609470e+02 1.078821477e-01 9.938666572e-01 -2.430041102e-02 -2.064025628e+01 -6.652799441e-03 2.516423706e-02 9.996611933e-01 5.611552616e+02
9.949239974e-01 -1.001885932e-01 9.406655385e-03 1.283840705e+02 1.003297360e-01 9.948260389e-01 -1.597173989e-02 -2.066931461e+01 -7.757799565e-03 1.683443455e-02 9.998281944e-01 5.623538201e+02
9.956758878e-01 -9.229701011e-02 1.052560823e-02 1.284191840e+02 9.247232486e-02 9.955596366e-01 -1.760338215e-02 -2.069045746e+01 -8.854131164e-03 1.850059061e-02 9.997896441e-01 5.635364828e+02
9.958800421e-01 -8.996741733e-02 1.134925086e-02 1.285098334e+02 9.023222574e-02 9.955941739e-01 -2.550267381e-02 -2.067200284e+01 -9.004838333e-03 2.642167203e-02 9.996103281e-01 5.647123490e+02
9.954136756e-01 -9.456891752e-02 1.443379185e-02 1.285594106e+02 9.496314509e-02 9.950394482e-01 -2.963945973e-02 -2.070774360e+01 -1.155922066e-02 3.087420182e-02 9.994564363e-01 5.658880564e+02
9.947401232e-01 -1.003806149e-01 2.039165328e-02 1.285116073e+02 1.009808391e-01 9.944079222e-01 -3.091527902e-02 -2.075552863e+01 -1.717432685e-02 3.281183472e-02 9.993139777e-01 5.670663193e+02
9.946110013e-01 -1.008428156e-01 2.407660099e-02 1.285435656e+02 1.014706689e-01 9.944866502e-01 -2.645762647e-02 -2.086113857e+01 -2.127579671e-02 2.875811516e-02 9.993599508e-01 5.682409267e+02
9.947924179e-01 -9.807796060e-02 2.772650311e-02 1.285744991e+02 9.874703608e-02 9.948258205e-01 -2.388743876e-02 -2.091450515e+01 -2.524020993e-02 2.650095297e-02 9.993300913e-01 5.694210881e+02
9.943487122e-01 -1.013137341e-01 3.172011701e-02 1.285713494e+02 1.020097713e-01 9.945585624e-01 -2.114881772e-02 -2.097135020e+01 -2.940484828e-02 2.426506154e-02 9.992730166e-01 5.705946171e+02
9.944858882e-01 -9.923652052e-02 3.391063602e-02 1.286301571e+02 9.996811698e-02 9.947773194e-01 -2.060243694e-02 -2.100625336e+01 -3.168901744e-02 2.387881523e-02 9.992124941e-01 5.717675317e+02
9.943589747e-01 -9.843523258e-02 3.950613032e-02 1.286867170e+02 9.936477971e-02 9.948012875e-01 -2.229437224e-02 -2.102474311e+01 -3.710619758e-02 2.609412706e-02 9.989705835e-01 5.729340251e+02
9.940776966e-01 -9.947554733e-02 4.375098449e-02 1.287376244e+02 1.005493355e-01 9.946647296e-01 -2.306310331e-02 -2.106562537e+01 -4.122334633e-02 2.732564904e-02 9.987762235e-01 5.741022682e+02
9.928578071e-01 -1.087605029e-01 4.903598627e-02 1.287783878e+02 1.099458347e-01 9.936906807e-01 -2.215275604e-02 -2.109317713e+01 -4.631725768e-02 2.738583922e-02 9.985513144e-01 5.752689599e+02
9.930534250e-01 -1.053868751e-01 5.233069549e-02 1.288778729e+02 1.064543849e-01 9.941538975e-01 -1.804139869e-02 -2.113052078e+01 -5.012343824e-02 2.348690476e-02 9.984668278e-01 5.764326441e+02
9.942050364e-01 -9.171222359e-02 5.608220483e-02 1.289894342e+02 9.268026235e-02 9.955843496e-01 -1.490542557e-02 -2.114993187e+01 -5.446755570e-02 2.001676263e-02 9.983148875e-01 5.775957854e+02
9.941549002e-01 -8.810598282e-02 6.239687721e-02 1.290051059e+02 8.897712232e-02 9.959693690e-01 -1.131758629e-02 -2.121826207e+01 -6.114823135e-02 1.680332844e-02 9.979872454e-01 5.787591262e+02
9.948369219e-01 -7.536639526e-02 6.796620661e-02 1.290991050e+02 7.642276874e-02 9.969897700e-01 -1.307512935e-02 -2.122363096e+01 -6.677618733e-02 1.820178712e-02 9.976019425e-01 5.799160493e+02
9.944249855e-01 -7.212691127e-02 7.691980790e-02 1.291141257e+02 7.368338784e-02 9.971265644e-01 -1.758900186e-02 -2.126642218e+01 -7.543014341e-02 2.315865496e-02 9.968821245e-01 5.810730391e+02
9.936126372e-01 -7.806810591e-02 8.148188735e-02 1.291776637e+02 7.973616462e-02 9.966638238e-01 -1.741741509e-02 -2.128294277e+01 -7.985030481e-02 2.380321692e-02 9.965226218e-01 5.822271551e+02
9.927508899e-01 -8.486884504e-02 8.510552158e-02 1.292665928e+02 8.668805291e-02 9.960745645e-01 -1.790652093e-02 -2.129971445e+01 -8.325173959e-02 2.515434655e-02 9.962110252e-01 5.833821084e+02
9.918961020e-01 -9.266580091e-02 8.692049294e-02 1.293797357e+02 9.443597250e-02 9.953946797e-01 -1.647054401e-02 -2.131716886e+01 -8.499394008e-02 2.454548968e-02 9.960790878e-01 5.845323232e+02
9.916558000e-01 -9.085402515e-02 9.145665918e-02 1.294778062e+02 9.323178226e-02 9.953999647e-01 -2.206229940e-02 -2.132573185e+01 -8.903150661e-02 3.040487450e-02 9.955646310e-01 5.856781575e+02
9.919768729e-01 -8.443252193e-02 9.409055715e-02 1.296015543e+02 8.755386829e-02 9.957214811e-01 -2.954745688e-02 -2.134841741e+01 -9.119322262e-02 3.754838613e-02 9.951250750e-01 5.868139887e+02
9.920834291e-01 -7.990135322e-02 9.688262672e-02 1.296897074e+02 8.341737263e-02 9.959749199e-01 -3.279482936e-02 -2.137492360e+01 -9.387231515e-02 4.061690094e-02 9.947553749e-01 5.879520343e+02
9.922806255e-01 -7.644967744e-02 9.764531235e-02 1.297907249e+02 7.957642482e-02 9.964203176e-01 -2.853319477e-02 -2.141672463e+01 -9.511441961e-02 3.608320122e-02 9.948121681e-01 5.890935894e+02
9.917800778e-01 -7.702915875e-02 1.021703769e-01 1.298388806e+02 7.991473417e-02 9.965017780e-01 -2.445080168e-02 -2.146042104e+01 -9.992953753e-02 3.241473650e-02 9.944663757e-01 5.902322406e+02
9.916193081e-01 -8.175064479e-02 1.000398918e-01 1.300453995e+02 8.407077063e-02 9.962749259e-01 -1.919316168e-02 -2.148394001e+01 -9.809818242e-02 2.744274050e-02 9.947982924e-01 5.913522555e+02
9.906725870e-01 -8.901449390e-02 1.031709516e-01 1.300920964e+02 9.120924674e-02 9.956909591e-01 -1.674476771e-02 -2.148439927e+01 -1.012358567e-01 2.599872713e-02 9.945226833e-01 5.924850830e+02
9.899422874e-01 -9.761756129e-02 1.023966765e-01 1.302543979e+02 1.002784465e-01 9.947344617e-01 -2.115617942e-02 -2.151877034e+01 -9.979228825e-02 3.121157630e-02 9.945186457e-01 5.935959376e+02
9.899578425e-01 -9.876214741e-02 1.011410316e-01 1.304065368e+02 1.023281261e-01 9.942773008e-01 -3.068556362e-02 -2.154953262e+01 -9.753165970e-02 4.072698659e-02 9.943987570e-01 5.946998093e+02
9.894499502e-01 -1.052640758e-01 9.954029545e-02 1.305033663e+02 1.093625152e-01 9.933264098e-01 -3.663992199e-02 -2.161204259e+01 -9.501913678e-02 4.713934606e-02 9.943587108e-01 5.958074053e+02
9.896750400e-01 -1.048506633e-01 9.772232870e-02 1.305733920e+02 1.085505720e-01 9.935319484e-01 -3.333227862e-02 -2.165934817e+01 -9.359534411e-02 4.359593886e-02 9.946553703e-01 5.969256618e+02
9.902612432e-01 -1.051421621e-01 9.125675850e-02 1.306912803e+02 1.073968939e-01 9.940121086e-01 -2.014535065e-02 -2.170409551e+01 -8.859219721e-02 2.974985239e-02 9.956236080e-01 5.980506615e+02
9.915516295e-01 -9.823616138e-02 8.470550484e-02 1.308243531e+02 9.964945709e-02 9.949426844e-01 -1.261112184e-02 -2.174325240e+01 -8.303825417e-02 2.094543598e-02 9.963262202e-01 5.991653230e+02
9.912570204e-01 -1.027737091e-01 8.274710964e-02 1.309082226e+02 1.045931016e-01 9.943531011e-01 -1.794974974e-02 -2.175139107e+01 -8.043508271e-02 2.644759229e-02 9.964089132e-01 6.002705939e+02
9.923779499e-01 -9.415063670e-02 7.950888066e-02 1.310127306e+02 9.678310088e-02 9.948555966e-01 -2.992278813e-02 -2.177758930e+01 -7.628260535e-02 3.738983116e-02 9.963849480e-01 6.013633898e+02
9.927879055e-01 -9.291476437e-02 7.575632751e-02 1.311093889e+02 9.616476611e-02 9.945436718e-01 -4.043788695e-02 -2.181416845e+01 -7.158569939e-02 4.743133460e-02 9.963060555e-01 6.024514513e+02
9.934779551e-01 -8.678353598e-02 7.396060140e-02 1.311541511e+02 9.013767659e-02 9.949883618e-01 -4.328231877e-02 -2.187951192e+01 -6.983374496e-02 4.966666631e-02 9.963214694e-01 6.035486823e+02
9.939581740e-01 -8.229815261e-02 7.262342842e-02 1.311921485e+02 8.524534571e-02 9.956175730e-01 -3.845620165e-02 -2.195564520e+01 -6.914028719e-02 4.441466523e-02 9.966177593e-01 6.046523296e+02
9.940163633e-01 -8.452545780e-02 6.918754615e-02 1.312558963e+02 8.695922237e-02 9.956668234e-01 -3.294951237e-02 -2.197504403e+01 -6.610267168e-02 3.876884967e-02 9.970593829e-01 6.057392452e+02
9.933639857e-01 -9.255831187e-02 6.827115657e-02 1.313441526e+02 9.484641289e-02 9.950071021e-01 -3.106484753e-02 -2.203185251e+01 -6.505497581e-02 3.733397506e-02 9.971830446e-01 6.068165193e+02
9.928704423e-01 -9.791441100e-02 6.797832718e-02 1.313924170e+02 1.003548934e-01 9.943889993e-01 -3.345763787e-02 -2.208286359e+01 -6.432091583e-02 4.004105749e-02 9.971256358e-01 6.078954761e+02
9.933478341e-01 -9.610490163e-02 6.343444192e-02 1.314702001e+02 9.842489372e-02 9.945457569e-01 -3.451489127e-02 -2.212791240e+01 -5.977140483e-02 4.052882069e-02 9.973889882e-01 6.089724732e+02
9.932260154e-01 -9.984190391e-02 5.944473573e-02 1.315176050e+02 1.020155048e-01 9.941767019e-01 -3.472062915e-02 -2.215392197e+01 -5.563199760e-02 4.054971686e-02 9.976275865e-01 6.100618385e+02
9.935336109e-01 -9.890790410e-02 5.575114846e-02 1.315852818e+02 1.007922571e-01 9.943908055e-01 -3.206005147e-02 -2.221925906e+01 -5.226743693e-02 3.747202279e-02 9.979298385e-01 6.111539173e+02
9.941835495e-01 -9.385883816e-02 5.281655338e-02 1.316287941e+02 9.565801977e-02 9.948792958e-01 -3.263020256e-02 -2.228158060e+01 -4.948346253e-02 3.749273751e-02 9.980709802e-01 6.122453546e+02
9.945781701e-01 -9.071461282e-02 5.084410162e-02 1.316395449e+02 9.263424854e-02 9.950214133e-01 -3.675980274e-02 -2.233561939e+01 -4.725631858e-02 4.127040249e-02 9.980298564e-01 6.133263813e+02
9.945275754e-01 -9.288455601e-02 4.782636409e-02 1.316886460e+02 9.497163087e-02 9.945340299e-01 -4.338724067e-02 -2.238633768e+01 -4.353494202e-02 4.769195506e-02 9.979129152e-01 6.143937661e+02
9.943595903e-01 -9.636557345e-02 4.430216162e-02 1.317696113e+02 9.836230015e-02 9.941170897e-01 -4.534390571e-02 -2.242346596e+01 -3.967194450e-02 4.944581002e-02 9.979886015e-01 6.154562096e+02
9.947045146e-01 -9.322018300e-02 4.327731590e-02 1.318036903e+02 9.501726090e-02 9.946098457e-01 -4.150873300e-02 -2.250210861e+01 -3.917459280e-02 4.540101612e-02 9.982004303e-01 6.165319865e+02
9.950321803e-01 -9.086465913e-02 4.067645268e-02 1.318959393e+02 9.244404314e-02 9.949619504e-01 -3.879196026e-02 -2.255886735e+01 -3.694670445e-02 4.235954454e-02 9.984190553e-01 6.176064395e+02
9.946388087e-01 -9.479602784e-02 4.132013189e-02 1.319468012e+02 9.630692225e-02 9.946914075e-01 -3.624886904e-02 -2.260471107e+01 -3.766453135e-02 4.003394665e-02 9.984881903e-01 6.186869784e+02
9.947013423e-01 -9.459791431e-02 4.025511502e-02 1.319579231e+02 9.599054893e-02 9.947948042e-01 -3.419228155e-02 -2.263834851e+01 -3.681106074e-02 3.787521895e-02 9.986042327e-01 6.197664418e+02
9.947697426e-01 -9.255966501e-02 4.319569008e-02 1.319870137e+02 9.397063586e-02 9.950650193e-01 -3.186105839e-02 -2.269184939e+01 -4.003347129e-02 3.575354332e-02 9.985584636e-01 6.208423416e+02
9.949270829e-01 -8.960028888e-02 4.573716055e-02 1.320453128e+02 9.102119284e-02 9.953973426e-01 -2.998787907e-02 -2.276816632e+01 -4.283972544e-02 3.399880396e-02 9.985032996e-01 6.219145505e+02
9.948172665e-01 -8.852828552e-02 5.001348809e-02 1.320789199e+02 9.047386880e-02 9.951707708e-01 -3.807382332e-02 -2.281613760e+01 -4.640135119e-02 4.240141060e-02 9.980225624e-01 6.229833908e+02
9.942928092e-01 -9.096557163e-02 5.574113763e-02 1.321230987e+02 9.341258286e-02 9.946990977e-01 -4.298597957e-02 -2.284681289e+01 -5.153541510e-02 4.794757402e-02 9.975194891e-01 6.240515222e+02
9.944972570e-01 -8.446744459e-02 6.197141776e-02 1.321538974e+02 8.699747082e-02 9.954319798e-01 -3.932700886e-02 -2.290936418e+01 -5.836647913e-02 4.450195904e-02 9.973028275e-01 6.251319213e+02
9.940777969e-01 -8.622292002e-02 6.614334224e-02 1.322337323e+02 8.829383901e-02 9.956708504e-01 -2.904747175e-02 -2.295777344e+01 -6.335243998e-02 3.471549633e-02 9.973872381e-01 6.262190464e+02
9.941162097e-01 -8.160282931e-02 7.123159351e-02 1.322781943e+02 8.348631617e-02 9.962229315e-01 -2.387269851e-02 -2.299585094e+01 -6.901446716e-02 2.967909989e-02 9.971740843e-01 6.273069470e+02
9.936290153e-01 -8.154320820e-02 7.779514880e-02 1.323581017e+02 8.404833795e-02 9.960253670e-01 -2.948465850e-02 -2.304687361e+01 -7.508166799e-02 3.583536514e-02 9.965332758e-01 6.283803969e+02
9.929293661e-01 -8.535101461e-02 8.250138331e-02 1.324900094e+02 8.872670700e-02 9.953251890e-01 -3.814891424e-02 -2.313393813e+01 -7.885965640e-02 4.519925330e-02 9.958605234e-01 6.294476544e+02
9.926743295e-01 -8.510315036e-02 8.576205049e-02 1.326212691e+02 8.868839666e-02 9.952998044e-01 -3.889302744e-02 -2.319944220e+01 -8.204903292e-02 4.621420869e-02 9.955562280e-01 6.305299008e+02
9.916759080e-01 -9.145586141e-02 9.063508692e-02 1.326697755e+02 9.434679180e-02 9.951417908e-01 -2.813359390e-02 -2.328870069e+01 -8.762178064e-02 3.645053695e-02 9.954867060e-01 6.316254881e+02
9.908653492e-01 -9.544442666e-02 9.526920387e-02 1.327711551e+02 9.790273814e-02 9.949645535e-01 -2.146138922e-02 -2.332866796e+01 -9.274111090e-02 3.059246284e-02 9.952201704e-01 6.327312371e+02
9.896086106e-01 -1.026437614e-01 1.006928795e-01 1.328105389e+02 1.055136661e-01 9.941380503e-01 -2.358819923e-02 -2.338377013e+01 -9.768144142e-02 3.396755994e-02 9.946378943e-01 6.338493074e+02
9.888242231e-01 -1.059992876e-01 1.048370491e-01 1.328497703e+02 1.096772168e-01 9.935160385e-01 -2.994644015e-02 -2.340195119e+01 -1.009829884e-01 4.111000117e-02 9.940384318e-01 6.349471748e+02
9.882825198e-01 -1.072997301e-01 1.085561096e-01 1.329246532e+02 1.113713403e-01 9.932587147e-01 -3.214887585e-02 -2.343568265e+01 -1.043747362e-01 4.386221147e-02 9.935703402e-01 6.360277143e+02
9.882418475e-01 -1.048129603e-01 1.113206817e-01 1.330231784e+02 1.084282066e-01 9.937397891e-01 -2.691756840e-02 -2.346717193e+01 -1.078024807e-01 3.867136939e-02 9.934199265e-01 6.371400217e+02
9.878944023e-01 -1.053966524e-01 1.138252849e-01 1.331605248e+02 1.087753990e-01 9.937796049e-01 -2.387487283e-02 -2.348995893e+01 -1.106009150e-01 3.596724401e-02 9.932138717e-01 6.382549744e+02
9.875940745e-01 -1.004801950e-01 1.206717632e-01 1.332114698e+02 1.043408450e-01 9.941991634e-01 -2.609619969e-02 -2.351972509e+01 -1.173496148e-01 3.836344592e-02 9.923493911e-01 6.393731755e+02
9.873965792e-01 -9.722623533e-02 1.248801604e-01 1.333155858e+02 1.017902249e-01 9.943324889e-01 -3.068634179e-02 -2.354703730e+01 -1.211888833e-01 4.301116853e-02 9.916971786e-01 6.404925141e+02
9.869548531e-01 -9.953804619e-02 1.265396987e-01 1.335248239e+02 1.042902759e-01 9.940483916e-01 -3.148544910e-02 -2.359562358e+01 -1.226525838e-01 4.427157688e-02 9.914617346e-01 6.416046525e+02
9.860417638e-01 -1.018217957e-01 1.317344376e-01 1.336027583e+02 1.067817998e-01 9.937949305e-01 -3.113331612e-02 -2.363212039e+01 -1.277469661e-01 4.476559028e-02 9.907960207e-01 6.427386163e+02
9.850171222e-01 -1.061691313e-01 1.359021140e-01 1.336786783e+02 1.116585362e-01 9.931849736e-01 -3.340628043e-02 -2.371002670e+01 -1.314292217e-01 4.808038932e-02 9.901588942e-01 6.438831492e+02
9.845598707e-01 -1.042863202e-01 1.405924052e-01 1.338051087e+02 1.108499542e-01 9.930450759e-01 -3.967070507e-02 -2.376466504e+01 -1.354774839e-01 5.464284594e-02 9.892724654e-01 6.450248912e+02
9.839416539e-01 -1.082251369e-01 1.419371040e-01 1.340577224e+02 1.148489433e-01 9.926047881e-01 -3.931227302e-02 -2.379687107e+01 -1.366328729e-01 5.498230934e-02 9.890947395e-01 6.461577444e+02
9.828673791e-01 -1.154212888e-01 1.436998305e-01 1.341737798e+02 1.207868958e-01 9.922499895e-01 -2.916306217e-02 -2.384612274e+01 -1.392201170e-01 4.602047893e-02 9.891915257e-01 6.473277119e+02
9.818232129e-01 -1.219358244e-01 1.454470121e-01 1.342619414e+02 1.269427794e-01 9.915791179e-01 -2.561998579e-02 -2.384257950e+01 -1.410982259e-01 4.361774475e-02 9.890342679e-01 6.484929790e+02
9.813501687e-01 -1.256686838e-01 1.454621201e-01 1.345093582e+02 1.308883053e-01 9.910335164e-01 -2.684810917e-02 -2.388943321e+01 -1.407838698e-01 4.538668684e-02 9.889994695e-01 6.496290380e+02
9.808891465e-01 -1.248541567e-01 1.492244012e-01 1.345546293e+02 1.314112488e-01 9.907140857e-01 -3.488099786e-02 -2.390567099e+01 -1.434836787e-01 5.382415714e-02 9.881879346e-01 6.507964842e+02
9.807835282e-01 -1.266912277e-01 1.483677987e-01 1.347535600e+02 1.335455257e-01 9.903463402e-01 -3.714457061e-02 -2.394012707e+01 -1.422296152e-01 5.624463869e-02 9.882344242e-01 6.519537976e+02
9.810872496e-01 -1.260748837e-01 1.468772699e-01 1.349271910e+02 1.327973711e-01 9.904575472e-01 -3.686062182e-02 -2.398584222e+01 -1.408285019e-01 5.566840139e-02 9.884676839e-01 6.531278944e+02
9.819588690e-01 -1.211233398e-01 1.452099040e-01 1.351120797e+02 1.270897732e-01 9.913584151e-01 -3.250665214e-02 -2.405361011e+01 -1.400177460e-01 5.037488914e-02 9.888667258e-01 6.543064914e+02
9.826010796e-01 -1.164073932e-01 1.447219307e-01 1.352873179e+02 1.218144901e-01 9.921277017e-01 -2.904915705e-02 -2.411129638e+01 -1.402010998e-01 4.617296128e-02 9.890458580e-01 6.554917520e+02
9.830914835e-01 -1.127988659e-01 1.442482271e-01 1.354385791e+02 1.176484690e-01 9.927274333e-01 -2.551628774e-02 -2.414260123e+01 -1.403209639e-01 4.205542823e-02 9.892124989e-01 6.566906855e+02
9.830374536e-01 -1.154723162e-01 1.424903824e-01 1.356592592e+02 1.201918523e-01 9.924372993e-01 -2.494244680e-02 -2.414454128e+01 -1.385326082e-01 4.164554239e-02 9.894818671e-01 6.578844398e+02
9.835075739e-01 -1.107280460e-01 1.430110204e-01 1.357918067e+02 1.156439919e-01 9.929369843e-01 -2.650683686e-02 -2.419103130e+01 -1.390658810e-01 4.260804009e-02 9.893660777e-01 6.590882823e+02
9.831443767e-01 -1.154579469e-01 1.417624668e-01 1.360185196e+02 1.211757459e-01 9.921035533e-01 -3.235704059e-02 -2.421534373e+01 -1.369071695e-01 4.898981516e-02 9.893717324e-01 6.602831356e+02
9.831361720e-01 -1.171683436e-01 1.404095671e-01 1.362006536e+02 1.238220249e-01 9.915140716e-01 -3.959737372e-02 -2.425277722e+01 -1.345785029e-01 5.631540734e-02 9.893013704e-01 6.614857816e+02
9.832300722e-01 -1.167824877e-01 1.400731086e-01 1.363471242e+02 1.238044017e-01 9.913969211e-01 -4.248075955e-02 -2.429583236e+01 -1.339070398e-01 5.911002768e-02 9.892294523e-01 6.627046580e+02
9.837009224e-01 -1.141524793e-01 1.389305823e-01 1.365290291e+02 1.209764512e-01 9.917799911e-01 -4.167910068e-02 -2.436386044e+01 -1.330307990e-01 5.780709860e-02 9.894246540e-01 6.639257210e+02
9.840168992e-01 -1.089452130e-01 1.408605075e-01 1.366723979e+02 1.162600383e-01 9.922095875e-01 -4.476313222e-02 -2.444242999e+01 -1.348864170e-01 6.042412656e-02 9.890169763e-01 6.651487606e+02
9.842732815e-01 -1.026309930e-01 1.437810369e-01 1.368299439e+02 1.104620960e-01 9.927415403e-01 -4.756426730e-02 -2.452685069e+01 -1.378558400e-01 6.269859216e-02 9.884658082e-01 6.663753573e+02
9.843003408e-01 -1.009562017e-01 1.447780521e-01 1.370264891e+02 1.085806581e-01 9.930345232e-01 -4.574578118e-02 -2.459758410e+01 -1.391512837e-01 6.074768418e-02 9.884061104e-01 6.676081075e+02
9.837916237e-01 -1.025514622e-01 1.470960189e-01 1.371943676e+02 1.100272149e-01 9.929719045e-01 -4.359826778e-02 -2.466068746e+01 -1.415911479e-01 5.907617593e-02 9.881608939e-01 6.688499424e+02
9.833461139e-01 -1.082176240e-01 1.460115276e-01 1.374233486e+02 1.151802590e-01 9.925356747e-01 -4.008044966e-02 -2.473089877e+01 -1.405842390e-01 5.623059999e-02 9.884706325e-01 6.700784321e+02
9.830553519e-01 -1.103142018e-01 1.463999728e-01 1.376193725e+02 1.168760984e-01 9.924578871e-01 -3.697729085e-02 -2.479080526e+01 -1.412166874e-01 5.346138130e-02 9.885341309e-01 6.713160904e+02
9.822122510e-01 -1.157606761e-01 1.478464066e-01 1.378391332e+02 1.215143857e-01 9.921220251e-01 -3.046541329e-02 -2.483509349e+01 -1.431549795e-01 4.788896744e-02 9.885409949e-01 6.725599198e+02
9.816081489e-01 -1.141568886e-01 1.530151848e-01 1.379604317e+02 1.197358549e-01 9.924185994e-01 -2.772451293e-02 -2.490097972e+01 -1.486901712e-01 4.553601179e-02 9.878348570e-01 6.738084746e+02
9.814087193e-01 -1.135915541e-01 1.547057999e-01 1.381812456e+02 1.199385718e-01 9.922557611e-01 -3.229928172e-02 -2.493715911e+01 -1.498387956e-01 5.025398940e-02 9.874324645e-01 6.750372677e+02
9.807015806e-01 -1.142692898e-01 1.586409129e-01 1.384068288e+02 1.218896690e-01 9.917718502e-01 -3.913445777e-02 -2.498602148e+01 -1.528637250e-01 5.771591296e-02 9.865604670e-01 6.762705896e+02
9.798710217e-01 -1.168218018e-01 1.618809667e-01 1.385900950e+02 1.247432531e-01 9.913972534e-01 -3.963088170e-02 -2.504498962e+01 -1.558585948e-01 5.902671094e-02 9.860141712e-01 6.775168531e+02
9.791253795e-01 -1.194670719e-01 1.644418131e-01 1.388390918e+02 1.273408066e-01 9.911244998e-01 -3.816470782e-02 -2.509356230e+01 -1.584228838e-01 5.830818715e-02 9.856481853e-01 6.787489916e+02
9.787794227e-01 -1.195005596e-01 1.664645846e-01 1.391134629e+02 1.276818922e-01 9.910360113e-01 -3.930596294e-02 -2.514326786e+01 -1.602753134e-01 5.972638086e-02 9.852637126e-01 6.799771522e+02
9.776630833e-01 -1.219756793e-01 1.711631652e-01 1.392531044e+02 1.304272649e-01 9.906909079e-01 -3.899043036e-02 -2.521576546e+01 -1.648139073e-01 6.044384785e-02 9.844708819e-01 6.812266994e+02
9.765958311e-01 -1.234915131e-01 1.760977823e-01 1.394240867e+02 1.311672227e-01 9.908244440e-01 -3.258958166e-02 -2.529275180e+01 -1.704574505e-01 5.492510660e-02 9.838330602e-01 6.824736245e+02
9.761839057e-01 -1.205577996e-01 1.803629651e-01 1.396305341e+02 1.282614902e-01 9.912357337e-01 -3.163400812e-02 -2.534589636e+01 -1.749684897e-01 5.401423228e-02 9.830912930e-01 6.837147639e+02
9.762525232e-01 -1.132758626e-01 1.846607428e-01 1.398869786e+02 1.212225889e-01 9.920999830e-01 -3.229098302e-02 -2.542807377e+01 -1.795441309e-01 5.390920696e-02 9.822717050e-01 6.849451596e+02
9.754434439e-01 -1.107318500e-01 1.903905068e-01 1.400597784e+02 1.190847816e-01 9.923365265e-01 -3.297018416e-02 -2.549741638e+01 -1.852806047e-01 5.483316191e-02 9.811546371e-01 6.861912516e+02
9.746453434e-01 -1.121902241e-01 1.935970250e-01 1.403694172e+02 1.203425663e-01 9.922533283e-01 -3.083827611e-02 -2.553048991e+01 -1.886375393e-01 5.335434502e-02 9.805963454e-01 6.874096637e+02
9.734335335e-01 -1.159700314e-01 1.974287405e-01 1.406021521e+02 1.233751010e-01 9.920301754e-01 -2.558740919e-02 -2.558303780e+01 -1.928878955e-01 4.926543295e-02 9.799832534e-01 6.886459652e+02
9.724068409e-01 -1.208353835e-01 1.995588784e-01 1.408714585e+02 1.275023846e-01 9.916190135e-01 -2.085363079e-02 -2.562613875e+01 -1.953665216e-01 4.572244609e-02 9.796639118e-01 6.898741377e+02
9.712706504e-01 -1.237571542e-01 2.032670421e-01 1.411292822e+02 1.304848254e-01 9.912488989e-01 -1.998326126e-02 -2.565268213e+01 -1.990151601e-01 4.593241965e-02 9.789193934e-01 6.911057592e+02
9.708964822e-01 -1.251227945e-01 2.042163243e-01 1.414384284e+02 1.322919109e-01 9.909713968e-01 -2.178396087e-02 -2.566861325e+01 -1.996468661e-01 4.816613875e-02 9.786833767e-01 6.923263309e+02
9.706057575e-01 -1.246232781e-01 2.058968236e-01 1.417320091e+02 1.317821657e-01 9.910482384e-01 -2.137404740e-02 -2.571910482e+01 -2.013899805e-01 4.787930279e-02 9.783402517e-01 6.935501167e+02
9.697012851e-01 -1.249015200e-01 2.099500608e-01 1.419559410e+02 1.317556644e-01 9.911015312e-01 -1.892616455e-02 -2.577671065e+01 -2.057179200e-01 4.601483583e-02 9.775289112e-01 6.947866234e+02
9.692623999e-01 -1.213359494e-01 2.140280063e-01 1.421810875e+02 1.278602316e-01 9.916489648e-01 -1.685502018e-02 -2.582671920e+01 -2.101955311e-01 4.370260777e-02 9.766820981e-01 6.960241264e+02
9.685861486e-01 -1.247842784e-01 2.151040597e-01 1.425000974e+02 1.315411034e-01 9.911592210e-01 -1.733022888e-02 -2.585279849e+01 -2.110398322e-01 4.508084501e-02 9.764373542e-01 6.972322449e+02
9.673247286e-01 -1.282849039e-01 2.186912273e-01 1.426973595e+02 1.353075093e-01 9.906512189e-01 -1.737931286e-02 -2.591139454e+01 -2.144172274e-01 4.640200437e-02 9.756393322e-01 6.984638624e+02
9.663455023e-01 -1.314784011e-01 2.211103801e-01 1.429275092e+02 1.386257205e-01 9.901980055e-01 -1.705343299e-02 -2.593030647e+01 -2.167008992e-01 4.713109402e-02 9.750996771e-01 6.996892271e+02
9.668513698e-01 -1.277639813e-01 2.210764434e-01 1.432487479e+02 1.341687636e-01 9.908576543e-01 -1.413689310e-02 -2.595827670e+01 -2.172491004e-01 4.332982753e-02 9.751540157e-01 7.008965865e+02
9.660837077e-01 -1.287510851e-01 2.238424174e-01 1.435013046e+02 1.342936726e-01 9.908945850e-01 -9.650432332e-03 -2.601710505e+01 -2.205617357e-01 3.938374577e-02 9.745775707e-01 7.021231447e+02
9.662402671e-01 -1.242129321e-01 2.257230466e-01 1.437953622e+02 1.288936725e-01 9.916399066e-01 -6.059443994e-03 -2.604628519e+01 -2.230833195e-01 3.494915122e-02 9.741726692e-01 7.033399814e+02
9.663864403e-01 -1.200992973e-01 2.273178543e-01 1.440713338e+02 1.237578271e-01 9.923107138e-01 -1.856724400e-03 -2.608227761e+01 -2.253469510e-01 2.992667700e-02 9.738188464e-01 7.045568423e+02
9.664490729e-01 -1.158537722e-01 2.292467950e-01 1.443076025e+02 1.187878284e-01 9.929191488e-01 1.007832074e-03 -2.612069493e+01 -2.277402937e-01 2.625771058e-02 9.733678088e-01 7.057866190e+02
9.654411159e-01 -1.169468031e-01 2.329096327e-01 1.445536963e+02 1.205258371e-01 9.927095317e-01 -1.143759001e-03 -2.613581325e+01 -2.310778534e-01 2.917586042e-02 9.724977094e-01 7.070079927e+02
9.658152092e-01 -1.045612305e-01 2.372086228e-01 1.447941545e+02 1.105922107e-01 9.937906894e-01 -1.222409928e-02 -2.617748941e+01 -2.344575539e-01 3.803964700e-02 9.713818202e-01 7.082159464e+02
9.650776763e-01 -1.044194256e-01 2.402533294e-01 1.451224264e+02 1.139650190e-01 9.931406269e-01 -2.614707549e-02 -2.620765570e+01 -2.358750796e-01 5.261443410e-02 9.703580103e-01 7.094060858e+02
9.652757599e-01 -9.921072239e-02 2.416607951e-01 1.454098595e+02 1.098839721e-01 9.934589282e-01 -3.106236865e-02 -2.627761213e+01 -2.369983545e-01 5.653839956e-02 9.698634901e-01 7.106154944e+02
9.641559359e-01 -1.026493909e-01 2.446761816e-01 1.456949843e+02 1.108614120e-01 9.936347658e-01 -1.999248533e-02 -2.633724361e+01 -2.410665440e-01 4.640102038e-02 9.693987140e-01 7.118354137e+02
9.645500748e-01 -1.040642045e-01 2.425155553e-01 1.459977877e+02 1.080365666e-01 9.941420840e-01 -3.101134035e-03 -2.639524795e+01 -2.407722025e-01 2.919174700e-02 9.701425609e-01 7.130659566e+02
9.635089629e-01 -1.104254331e-01 2.438374502e-01 1.463280762e+02 1.121218340e-01 9.936701226e-01 6.955706086e-03 -2.641647893e+01 -2.430620759e-01 2.063761695e-02 9.697911714e-01 7.142866289e+02
9.626678436e-01 -1.141287118e-01 2.454490988e-01 1.466833106e+02 1.187502129e-01 9.929158545e-01 -4.061143205e-03 -2.641623912e+01 -2.432468086e-01 3.305666470e-02 9.694009733e-01 7.154664603e+02
9.621205436e-01 -1.105216508e-01 2.492168220e-01 1.470040174e+02 1.201741015e-01 9.924673609e-01 -2.380594014e-02 -2.644189283e+01 -2.447084899e-01 5.285359173e-02 9.681550769e-01 7.166528662e+02
9.615726609e-01 -1.123148402e-01 2.505262351e-01 1.473594650e+02 1.210826136e-01 9.924446984e-01 -1.981214935e-02 -2.646501354e+01 -2.464082355e-01 4.938519249e-02 9.679070638e-01 7.178472180e+02
9.613392537e-01 -1.117086652e-01 2.516903124e-01 1.476673399e+02 1.183765421e-01 9.929026536e-01 -1.145926725e-02 -2.652335937e+01 -2.486238796e-01 4.081047230e-02 9.677399815e-01 7.190717512e+02
9.608654888e-01 -1.098490162e-01 2.543043573e-01 1.479917476e+02 1.149948392e-01 9.933513547e-01 -5.410459290e-03 -2.653610821e+01 -2.520192442e-01 3.444241229e-02 9.671091049e-01 7.202867639e+02
9.604147773e-01 -1.100615566e-01 2.559099632e-01 1.483072355e+02 1.158098832e-01 9.932434272e-01 -7.454205693e-03 -2.655518799e+01 -2.533604675e-01 3.679603225e-02 9.666718810e-01 7.214953045e+02
9.596281271e-01 -1.095624985e-01 2.590558175e-01 1.486358359e+02 1.165181339e-01 9.931208101e-01 -1.160090293e-02 -2.658892223e+01 -2.560026995e-01 4.131725319e-02 9.657926809e-01 7.226945359e+02
9.588495033e-01 -1.087223683e-01 2.622729049e-01 1.489588682e+02 1.176423412e-01 9.928836520e-01 -1.850224812e-02 -2.662432945e+01 -2.583948714e-01 4.859526999e-02 9.648163505e-01 7.238896405e+02
9.584674122e-01 -1.045677921e-01 2.653409066e-01 1.492222908e+02 1.146808229e-01 9.931391769e-01 -2.286666119e-02 -2.665009262e+01 -2.611293333e-01 5.234646309e-02 9.638834572e-01 7.250995146e+02
9.576801482e-01 -1.072379284e-01 2.671118875e-01 1.495509629e+02 1.161353076e-01 9.930758638e-01 -1.768951665e-02 -2.669635558e+01 -2.633653813e-01 4.796202013e-02 9.635031503e-01 7.263045026e+02
9.568485365e-01 -1.127640891e-01 2.678154933e-01 1.498753600e+02 1.193234270e-01 9.928208363e-01 -8.288950212e-03 -2.672711464e+01 -2.649581062e-01 3.988793235e-02 9.634345618e-01 7.275153823e+02
9.559211015e-01 -1.204617509e-01 2.677756792e-01 1.502456849e+02 1.244553621e-01 9.922230397e-01 2.074191052e-03 -2.676069880e+01 -2.659430590e-01 3.134335611e-02 9.634790519e-01 7.287107648e+02
9.544166786e-01 -1.226563769e-01 2.721106703e-01 1.505126674e+02 1.274465227e-01 9.918454410e-01 7.012336547e-05 -2.676782077e+01 -2.699003289e-01 3.461263182e-02 9.622659602e-01 7.299160517e+02
9.535268344e-01 -1.210756312e-01 2.759117027e-01 1.508492061e+02 1.273428230e-01 9.918469380e-01 -4.843233627e-03 -2.677214476e+01 -2.730757799e-01 3.975352835e-02 9.611707837e-01 7.310973443e+02
9.533211422e-01 -1.126958766e-01 2.801400350e-01 1.511679757e+02 1.212196280e-01 9.925375358e-01 -1.323033509e-02 -2.680967767e+01 -2.765584958e-01 4.657122898e-02 9.598679696e-01 7.322826655e+02
9.526998061e-01 -1.100134360e-01 2.833021768e-01 1.515323281e+02 1.199814439e-01 9.926125489e-01 -1.802168020e-02 -2.685861605e+01 -2.792266688e-01 5.116025545e-02 9.588613537e-01 7.334547530e+02
9.519603154e-01 -1.103828310e-01 2.856347119e-01 1.518821435e+02 1.197726060e-01 9.926794351e-01 -1.555833837e-02 -2.688875389e+01 -2.818263310e-01 4.902213451e-02 9.582122675e-01 7.346361624e+02
9.515208109e-01 -1.117286176e-01 2.865743577e-01 1.522331311e+02 1.194238528e-01 9.927983167e-01 -9.457572641e-03 -2.689955654e+01 -2.834538584e-01 4.322289111e-02 9.580113213e-01 7.358207370e+02
9.504892992e-01 -1.122439137e-01 2.897781839e-01 1.525927188e+02 1.195578063e-01 9.927981376e-01 -7.601907869e-03 -2.692019112e+01 -2.868379734e-01 4.187077608e-02 9.570636421e-01 7.369993741e+02
9.494112364e-01 -1.190203056e-01 2.906070733e-01 1.529838566e+02 1.257922155e-01 9.920456538e-01 -4.662536366e-03 -2.695855664e+01 -2.877405475e-01 4.098277201e-02 9.568311187e-01 7.381618873e+02
9.489020672e-01 -1.196106832e-01 2.920242306e-01 1.533631551e+02 1.260417061e-01 9.920196644e-01 -3.236326169e-03 -2.698046227e+01 -2.893066801e-01 3.987818885e-02 9.564054448e-01 7.393265837e+02
9.482769795e-01 -1.208676600e-01 2.935332671e-01 1.537285577e+02 1.271044420e-01 9.918869189e-01 -2.191116059e-03 -2.703072841e+01 -2.908869728e-01 3.938716703e-02 9.559463479e-01 7.404932598e+02
9.475320883e-01 -1.214574406e-01 2.956873885e-01 1.541332865e+02 1.298144404e-01 9.914999638e-01 -8.719681574e-03 -2.702913529e+01 -2.921149648e-01 4.664667097e-02 9.552449609e-01 7.416378577e+02
9.468444978e-01 -1.151938969e-01 3.003595564e-01 1.544423101e+02 1.255047146e-01 9.919766610e-01 -1.519442656e-02 -2.705777783e+01 -2.961993646e-01 5.208329959e-02 9.537050206e-01 7.428121767e+02
9.470446257e-01 -1.087361097e-01 3.021306593e-01 1.547720193e+02 1.189596100e-01 9.927767370e-01 -1.558722689e-02 -2.709608077e+01 -2.982533957e-01 5.070314486e-02 9.531390785e-01 7.439829949e+02
9.473084590e-01 -1.022355723e-01 3.035697141e-01 1.552643183e+02 1.110504362e-01 9.937438954e-01 -1.186891051e-02 -2.714156961e+01 -3.004571254e-01 4.495506851e-02 9.527353030e-01 7.450981289e+02
9.464308364e-01 -1.055909577e-01 3.051544224e-01 1.556318860e+02 1.126079200e-01 9.936246482e-01 -5.432756552e-03 -2.716914608e+01 -3.026353056e-01 3.950453311e-02 9.522873850e-01 7.462602529e+02
9.456381634e-01 -1.046784482e-01 3.079137645e-01 1.559883640e+02 1.113330397e-01 9.937748082e-01 -4.072459782e-03 -2.720075981e+01 -3.055706435e-01 3.813204875e-02 9.514055543e-01 7.474188192e+02
9.440956498e-01 -1.134962161e-01 3.095190026e-01 1.563734430e+02 1.208397493e-01 9.926614119e-01 -4.590889415e-03 -2.719297770e+01 -3.067265215e-01 4.173643738e-02 9.508821750e-01 7.485702966e+02
9.432973300e-01 -1.151438845e-01 3.113390965e-01 1.567653363e+02 1.232406827e-01 9.923562499e-01 -6.388062195e-03 -2.721945210e+01 -3.082237519e-01 4.439548483e-02 9.502774120e-01 7.497111040e+02
9.422107064e-01 -1.166609317e-01 3.140528805e-01 1.571382282e+02 1.258886083e-01 9.920018277e-01 -9.188697924e-03 -2.723440557e+01 -3.104690694e-01 4.819336961e-02 9.493610251e-01 7.508600094e+02
9.419517531e-01 -1.174994458e-01 3.145167327e-01 1.575366737e+02 1.270309362e-01 9.918492997e-01 -9.904941954e-03 -2.722841462e+01 -3.107893759e-01 4.928333244e-02 9.492002513e-01 7.519998604e+02
9.410928722e-01 -1.221126078e-01 3.153295369e-01 1.579352304e+02 1.304154217e-01 9.914453772e-01 -5.280327876e-03 -2.723988493e+01 -3.119872170e-01 4.609311347e-02 9.489675449e-01 7.531433021e+02
9.395366971e-01 -1.255073144e-01 3.186200070e-01 1.582730896e+02 1.347640040e-01 9.908524143e-01 -7.082109241e-03 -2.721102937e+01 -3.148165467e-01 4.959240942e-02 9.478560729e-01 7.542980321e+02
9.384939809e-01 -1.280892406e-01 3.206589999e-01 1.586686037e+02 1.399186820e-01 9.900637057e-01 -1.402216260e-02 -2.717948118e+01 -3.156767496e-01 5.802589982e-02 9.470909063e-01 7.554247098e+02
9.373194271e-01 -1.331995707e-01 3.220095742e-01 1.591087355e+02 1.464070550e-01 9.890777430e-01 -1.703504061e-02 -2.714946730e+01 -3.162234428e-01 6.311174794e-02 9.465831403e-01 7.565381234e+02
9.371785572e-01 -1.310108442e-01 3.233148785e-01 1.595153039e+02 1.443364948e-01 9.893743276e-01 -1.747615862e-02 -2.716722494e+01 -3.175898742e-01 6.304441740e-02 9.461300509e-01 7.576655340e+02
9.359616812e-01 -1.318238860e-01 3.264937892e-01 1.598443466e+02 1.443437756e-01 9.894241966e-01 -1.430502071e-02 -2.720497138e+01 -3.211551116e-01 6.051629746e-02 9.450910919e-01 7.588163628e+02
9.361612152e-01 -1.237843961e-01 3.290586609e-01 1.602105143e+02 1.363543845e-01 9.905419003e-01 -1.530443024e-02 -2.728573449e+01 -3.240519417e-01 5.919600519e-02 9.441854543e-01 7.599506011e+02
9.352112172e-01 -1.222102935e-01 3.323320980e-01 1.605808100e+02 1.340629756e-01 9.908891113e-01 -1.287973536e-02 -2.734029065e+01 -3.277302210e-01 5.659870294e-02 9.430744876e-01 7.610849070e+02
9.347545644e-01 -1.223614521e-01 3.335589593e-01 1.610190930e+02 1.338389895e-01 9.909357229e-01 -1.155499569e-02 -2.735956890e+01 -3.291216024e-01 5.544427901e-02 9.426584232e-01 7.621922595e+02
9.345143460e-01 -1.234866294e-01 3.338172997e-01 1.615187548e+02 1.342306708e-01 9.909072508e-01 -9.216691642e-03 -2.737482362e+01 -3.296438445e-01 5.342165063e-02 9.425927345e-01 7.632691072e+02
9.330227381e-01 -1.272824624e-01 3.365527373e-01 1.618666421e+02 1.384109475e-01 9.903323625e-01 -9.177223215e-03 -2.740234613e+01 -3.321309678e-01 5.514514119e-02 9.416198987e-01 7.644058554e+02
9.329106916e-01 -1.240582710e-01 3.380638800e-01 1.622789463e+02 1.352709669e-01 9.907610318e-01 -9.713048124e-03 -2.742143237e+01 -3.337355346e-01 5.479163436e-02 9.410730417e-01 7.655168682e+02
9.323879006e-01 -1.219424187e-01 3.402687899e-01 1.627075869e+02 1.344232836e-01 9.908353664e-01 -1.325358719e-02 -2.747725609e+01 -3.355341767e-01 5.809753237e-02 9.402348074e-01 7.666164039e+02
9.324744787e-01 -1.179360926e-01 3.414416855e-01 1.631771554e+02 1.304916154e-01 9.913512306e-01 -1.395263301e-02 -2.751350290e+01 -3.368431160e-01 5.756575130e-02 9.397993932e-01 7.676983807e+02
9.323017917e-01 -1.199887134e-01 3.411980039e-01 1.636550673e+02 1.333493407e-01 9.909417812e-01 -1.588520388e-02 -2.751932729e+01 -3.362013125e-01 6.030833291e-02 9.398572139e-01 7.687727912e+02
9.313390202e-01 -1.255514615e-01 3.418251892e-01 1.640836121e+02 1.370019103e-01 9.905256211e-01 -9.458886271e-03 -2.754088231e+01 -3.373990309e-01 5.564013379e-02 9.397159515e-01 7.698818537e+02
9.310641213e-01 -1.268593443e-01 3.420910826e-01 1.645223049e+02 1.358334402e-01 9.907290204e-01 -2.298828714e-03 -2.756275879e+01 -3.386279352e-01 4.860776555e-02 9.396639860e-01 7.709817498e+02
9.312491720e-01 -1.245830780e-01 3.424237671e-01 1.648925137e+02 1.318106170e-01 9.912725150e-01 2.182246634e-03 -2.758382854e+01 -3.397071398e-01 4.310287265e-02 9.395430812e-01 7.720997840e+02
9.315230545e-01 -1.224026389e-01 3.424651703e-01 1.653010835e+02 1.312299397e-01 9.913484735e-01 -2.628135805e-03 -2.758628767e+01 -3.391806330e-01 4.738985272e-02 9.395268490e-01 7.731923371e+02
9.317377523e-01 -1.142617213e-01 3.446868433e-01 1.656411048e+02 1.250098734e-01 9.921143193e-01 -9.039302199e-03 -2.760950336e+01 -3.409359067e-01 5.151151775e-02 9.386742092e-01 7.742936923e+02
9.316677374e-01 -1.123153525e-01 3.455148168e-01 1.660180512e+02 1.227302023e-01 9.924050326e-01 -8.339581103e-03 -2.765038876e+01 -3.419539800e-01 5.017482202e-02 9.383762373e-01 7.753885878e+02
9.320774077e-01 -1.073491887e-01 3.459882335e-01 1.664087464e+02 1.149922540e-01 9.933651406e-01 -1.574446914e-03 -2.765961576e+01 -3.435236346e-01 4.125347323e-02 9.382375304e-01 7.764739058e+02
9.322793492e-01 -1.075337050e-01 3.453863305e-01 1.668654741e+02 1.125051883e-01 9.936348833e-01 5.683422986e-03 -2.768123764e+01 -3.437990657e-01 3.355921628e-02 9.384433821e-01 7.775292237e+02
9.317176797e-01 -1.096221636e-01 3.462443452e-01 1.672707158e+02 1.124158195e-01 9.935879321e-01 1.207081764e-02 -2.769045617e+01 -3.453474321e-01 2.767674761e-02 9.380667081e-01 7.785892405e+02
9.305378597e-01 -1.145862980e-01 3.478063713e-01 1.676696225e+02 1.155343817e-01 9.931387847e-01 1.808759404e-02 -2.768753989e+01 -3.474925873e-01 2.335240301e-02 9.373918962e-01 7.796400353e+02
9.290763487e-01 -1.216668777e-01 3.493054668e-01 1.680584693e+02 1.212092257e-01 9.923544742e-01 2.325771092e-02 -2.765360825e+01 -3.494645359e-01 2.073085603e-02 9.367202196e-01 7.806853071e+02
9.281634277e-01 -1.257530980e-01 3.502838988e-01 1.684859277e+02 1.241424750e-01 9.918929849e-01 2.714686764e-02 -2.764085917e+01 -3.508579447e-01 1.828838044e-02 9.362500936e-01 7.817062973e+02
9.262554589e-01 -1.288856024e-01 3.541741469e-01 1.688386552e+02 1.263720769e-01 9.915193360e-01 3.032333359e-02 -2.761793964e+01 -3.550787561e-01 1.667056925e-02 9.346877388e-01 7.827501546e+02
9.243820919e-01 -1.300060509e-01 3.586309733e-01 1.691934012e+02 1.265378148e-01 9.914048477e-01 3.323566572e-02 -2.760668078e+01 -3.598693231e-01 1.465792547e-02 9.328875685e-01 7.837889379e+02
9.226916696e-01 -1.251921457e-01 3.646464170e-01 1.695066414e+02 1.223696504e-01 9.920022722e-01 3.093801388e-02 -2.753701162e+01 -3.656032705e-01 1.607540689e-02 9.306319519e-01 7.848272762e+02
9.218877245e-01 -1.135851179e-01 3.704341297e-01 1.699311452e+02 1.106653469e-01 9.934285998e-01 2.920270838e-02 -2.752536948e+01 -3.713168518e-01 1.407260308e-02 9.283995677e-01 7.858256987e+02
9.188413927e-01 -1.100791050e-01 3.789631720e-01 1.703157450e+02 1.083354251e-01 9.937744977e-01 2.599390946e-02 -2.750825631e+01 -3.794653222e-01 1.717085637e-02 9.250466101e-01 7.868292051e+02
9.165288050e-01 -1.020492349e-01 3.867310477e-01 1.707348073e+02 9.860468701e-02 9.947100316e-01 2.879355500e-02 -2.752182520e+01 -3.876236129e-01 1.174337136e-02 9.217429294e-01 7.878255762e+02
9.126499913e-01 -1.039230399e-01 3.953099987e-01 1.711640411e+02 9.847219409e-02 9.945548276e-01 3.411629849e-02 -2.749247980e+01 -3.967029371e-01 7.790803396e-03 9.179139846e-01 7.888232280e+02
9.085388640e-01 -1.095100397e-01 4.031931099e-01 1.716155058e+02 1.008148458e-01 9.939841287e-01 4.280091965e-02 -2.747369690e+01 -4.054546824e-01 1.761552279e-03 9.141134489e-01 7.898172814e+02
9.029491765e-01 -1.138297530e-01 4.143978426e-01 1.719814309e+02 1.011608184e-01 9.934852642e-01 5.247398106e-02 -2.743260385e+01 -4.176712505e-01 -5.460513074e-03 9.085818121e-01 7.908370589e+02
8.973967121e-01 -1.261815470e-01 4.227970653e-01 1.724567305e+02 1.102481316e-01 9.919657532e-01 6.204267872e-02 -2.738941944e+01 -4.272288505e-01 -9.064309414e-03 9.040980852e-01 7.918195735e+02
8.921860918e-01 -1.347109109e-01 4.311112943e-01 1.729383555e+02 1.169384756e-01 9.908354548e-01 6.760543167e-02 -2.731527802e+01 -4.362675446e-01 -9.903128324e-03 8.997625006e-01 7.927854662e+02
8.868547430e-01 -1.449697647e-01 4.387168017e-01 1.734514776e+02 1.262675843e-01 9.894022342e-01 7.169181339e-02 -2.726987830e+01 -4.444605291e-01 -8.184513986e-03 8.957610462e-01 7.937384855e+02
8.808909775e-01 -1.474108030e-01 4.497789912e-01 1.738872444e+02 1.249607066e-01 9.889800179e-01 7.939361404e-02 -2.723399108e+01 -4.565259112e-01 -1.373241773e-02 8.896041328e-01 7.947368749e+02
8.736995132e-01 -1.593984742e-01 4.596099293e-01 1.743806576e+02 1.324336042e-01 9.870453987e-01 9.056887660e-02 -2.717291366e+01 -4.680924066e-01 -1.826218392e-02 8.834907988e-01 7.957030144e+02
8.669118565e-01 -1.728684999e-01 4.675257370e-01 1.748584485e+02 1.393242306e-01 9.845882439e-01 1.057106837e-01 -2.711379665e+01 -4.785943917e-01 -2.650418142e-02 8.776359932e-01 7.966909506e+02
8.618685898e-01 -1.732597095e-01 4.766168346e-01 1.753896781e+02 1.374062597e-01 9.844551283e-01 1.093966189e-01 -2.701857475e+01 -4.881619134e-01 -2.879537316e-02 8.722779218e-01 7.976402846e+02
8.543611190e-01 -1.670948024e-01 4.920837381e-01 1.758434135e+02 1.355751642e-01 9.857734897e-01 9.934788263e-02 -2.692885107e+01 -5.016836185e-01 -1.816463459e-02 8.648604471e-01 7.986024979e+02
8.485188587e-01 -1.599962375e-01 5.043976115e-01 1.763288818e+02 1.339458847e-01 9.870933660e-01 8.777919329e-02 -2.683569073e+01 -5.119318768e-01 -6.920316590e-03 8.589981739e-01 7.995277193e+02
7.969468979e-01 -1.668140268e-01 5.805589740e-01 1.757331621e+02 1.226175714e-01 9.857772389e-01 1.149267870e-01 -2.708829964e+01 -5.914732226e-01 -2.040381496e-02 8.060664435e-01 8.003535526e+02
7.927631614e-01 -1.680914625e-01 5.858940435e-01 1.763952231e+02 1.150185531e-01 9.852084124e-01 1.270240787e-01 -2.696448540e+01 -5.985794036e-01 -3.331132502e-02 8.003705724e-01 8.011579400e+02
7.841198266e-01 -1.723812082e-01 5.961885747e-01 1.769472302e+02 1.145923659e-01 9.843473688e-01 1.338986456e-01 -2.686130681e+01 -6.099382651e-01 -3.667392350e-02 7.915998586e-01 8.020442280e+02
7.790344246e-01 -1.743610256e-01 6.022487842e-01 1.776225738e+02 1.166058842e-01 9.840868907e-01 1.340748272e-01 -2.677956932e+01 -6.160425579e-01 -3.422315390e-02 7.869690862e-01 8.028427762e+02
7.730007353e-01 -1.732788092e-01 6.102821623e-01 1.782642262e+02 1.150781642e-01 9.843153023e-01 1.337176195e-01 -2.672907003e+01 -6.238805009e-01 -3.313366730e-02 7.808170597e-01 8.036712126e+02
7.646855219e-01 -1.762286328e-01 6.198383027e-01 1.788615049e+02 1.193548936e-01 9.839692989e-01 1.325097285e-01 -2.661013049e+01 -6.332538685e-01 -2.734753621e-02 7.734608266e-01 8.045235763e+02
7.593745337e-01 -1.761649894e-01 6.263515099e-01 1.795144008e+02 1.148485183e-01 9.838255336e-01 1.374668590e-01 -2.654391350e+01 -6.404374562e-01 -3.245328904e-02 7.673243439e-01 8.053419115e+02
7.536833669e-01 -1.833483961e-01 6.311455839e-01 1.802144722e+02 1.182192735e-01 9.824566539e-01 1.442328900e-01 -2.644670548e+01 -6.465180475e-01 -3.409235773e-02 7.621365530e-01 8.061163034e+02
7.481163741e-01 -1.861419047e-01 6.369247068e-01 1.808273390e+02 1.206107095e-01 9.820048637e-01 1.453255119e-01 -2.625966054e+01 -6.525143275e-01 -3.190045420e-02 7.571046251e-01 8.069463522e+02
7.435702121e-01 -1.855097802e-01 6.424091073e-01 1.814897543e+02 1.164509155e-01 9.819892941e-01 1.487824270e-01 -2.613190526e+01 -6.584394611e-01 -3.582105215e-02 7.517807714e-01 8.077493189e+02
7.388939339e-01 -1.850126715e-01 6.479244291e-01 1.821820546e+02 1.188584983e-01 9.822755750e-01 1.449391328e-01 -2.601073255e+01 -6.632559173e-01 -3.008332132e-02 7.477877921e-01 8.085269622e+02
7.329989272e-01 -1.811340811e-01 6.556698997e-01 1.828234910e+02 1.196045863e-01 9.831972396e-01 1.379055149e-01 -2.587811846e+01 -6.696322242e-01 -2.266346738e-02 7.423469886e-01 8.093454748e+02
7.303917853e-01 -1.787119949e-01 6.592343004e-01 1.835485487e+02 1.211100870e-01 9.837555921e-01 1.325038937e-01 -2.570268085e+01 -6.722054647e-01 -1.693983203e-02 7.401708284e-01 8.100819390e+02
7.232471452e-01 -1.803540856e-01 6.666228100e-01 1.842257742e+02 1.223554338e-01 9.834893712e-01 1.333334334e-01 -2.555676865e+01 -6.796636777e-01 -1.486810194e-02 7.333731825e-01 8.108684810e+02
7.185242116e-01 -1.836977466e-01 6.708040662e-01 1.849275185e+02 1.233313101e-01 9.828567365e-01 1.370475225e-01 -2.544387519e+01 -6.844796165e-01 -1.574081879e-02 7.288620454e-01 8.116386888e+02
7.145913925e-01 -1.874777148e-01 6.739519628e-01 1.856684478e+02 1.260822872e-01 9.821583689e-01 1.395284747e-01 -2.531234723e+01 -6.880860401e-01 -1.473244211e-02 7.254795356e-01 8.123672162e+02
7.112057881e-01 -1.898240243e-01 6.768701255e-01 1.863427798e+02 1.272216513e-01 9.817092432e-01 1.416390248e-01 -2.517395923e+01 -6.913761483e-01 -1.462195914e-02 7.223470218e-01 8.130391454e+02
7.079935910e-01 -1.944899250e-01 6.789099676e-01 1.870120085e+02 1.289406372e-01 9.807710189e-01 1.465009233e-01 -2.506308096e+01 -6.943481743e-01 -1.618263097e-02 7.194572505e-01 8.137059676e+02
7.008667711e-01 -1.964133403e-01 6.857168285e-01 1.876338610e+02 1.327519252e-01 9.804627668e-01 1.451540194e-01 -2.494898192e+01 -7.008300047e-01 -1.070339977e-02 7.132480226e-01 8.143995230e+02
6.972781099e-01 -1.925596519e-01 6.904520389e-01 1.882748309e+02 1.351592162e-01 9.812825100e-01 1.371736925e-01 -2.483047819e+01 -7.039426282e-01 -2.327256673e-03 7.102530254e-01 8.150457733e+02
6.925712419e-01 -1.896270005e-01 6.959789332e-01 1.889117777e+02 1.365117497e-01 9.818487820e-01 1.316719847e-01 -2.469938556e+01 -7.083146314e-01 3.817071987e-03 7.058865439e-01 8.156866923e+02
6.907911446e-01 -1.915064126e-01 6.972323060e-01 1.895718756e+02 1.391526780e-01 9.814727943e-01 1.317106155e-01 -2.455986621e+01 -7.095379671e-01 6.037215722e-03 7.046413451e-01 8.162952806e+02
6.867290044e-01 -1.936973867e-01 7.006315700e-01 1.901763299e+02 1.375558469e-01 9.810575883e-01 1.363979378e-01 -2.446166841e+01 -7.137798424e-01 2.707548931e-03 7.003649090e-01 8.169551601e+02
6.832397444e-01 -1.926533921e-01 7.043210363e-01 1.907731327e+02 1.338723774e-01 9.812668013e-01 1.385411537e-01 -2.434971115e+01 -7.178172735e-01 -3.676908514e-04 6.962314461e-01 8.176059619e+02
6.802187161e-01 -1.953304694e-01 7.065044274e-01 1.913876941e+02 1.354799432e-01 9.807374816e-01 1.407095493e-01 -2.423123425e+01 -7.203802352e-01 3.910724264e-06 6.935793515e-01 8.182200259e+02
6.790402826e-01 -1.987720340e-01 7.066781255e-01 1.920069519e+02 1.398775808e-01 9.800413730e-01 1.412556884e-01 -2.413003956e+01 -7.206514809e-01 2.930123991e-03 6.932913222e-01 8.188057010e+02
6.771069571e-01 -1.949326024e-01 7.095966806e-01 1.925812479e+02 1.379989938e-01 9.808056246e-01 1.377555966e-01 -2.403953765e+01 -7.228294725e-01 4.648355082e-03 6.910108150e-01 8.194128363e+02
6.783485592e-01 -1.871690159e-01 7.105005219e-01 1.931687498e+02 1.366074240e-01 9.822768076e-01 1.283381664e-01 -2.391741887e+01 -7.219291128e-01 1.000163584e-02 6.918947343e-01 8.199769911e+02
6.786589181e-01 -1.812913816e-01 7.117271302e-01 1.937337918e+02 1.393368564e-01 9.832386920e-01 1.175879029e-01 -2.383634087e+01 -7.211153259e-01 1.936774193e-02 6.925442782e-01 8.205562068e+02
6.793064870e-01 -1.763600346e-01 7.123481136e-01 1.943277206e+02 1.446199800e-01 9.838297365e-01 1.056603568e-01 -2.375937682e+01 -7.194635211e-01 3.124400418e-02 6.938271067e-01 8.210895082e+02
6.827151166e-01 -1.705910506e-01 7.104919163e-01 1.949148818e+02 1.436778920e-01 9.847229266e-01 9.837388467e-02 -2.367815897e+01 -7.164193834e-01 3.492064265e-02 6.967953902e-01 8.216221186e+02
6.898248972e-01 -1.688641103e-01 7.040074740e-01 1.955488664e+02 1.434725258e-01 9.850177370e-01 9.568538107e-02 -2.357650420e+01 -7.096176757e-01 3.499957234e-02 7.037171195e-01 8.220884055e+02
6.946537236e-01 -1.707917019e-01 6.987749272e-01 1.961455647e+02 1.432053622e-01 9.847952557e-01 9.833884568e-02 -2.350811525e+01 -7.049456919e-01 3.175687120e-02 7.085499789e-01 8.225935076e+02
6.958940268e-01 -1.696164352e-01 6.978264601e-01 1.966824368e+02 1.417753994e-01 9.850316410e-01 9.804285998e-02 -2.345692855e+01 -7.040108235e-01 3.070718448e-02 7.095250730e-01 8.231356460e+02
6.983774752e-01 -1.633819417e-01 6.968322921e-01 1.972398101e+02 1.373988474e-01 9.860929901e-01 9.349958087e-02 -2.338643198e+01 -7.024175816e-01 3.044595253e-02 7.111136232e-01 8.236227570e+02
7.005627459e-01 -1.605581670e-01 6.952934014e-01 1.977848228e+02 1.348741704e-01 9.865891493e-01 9.192827959e-02 -2.332953897e+01 -7.007287615e-01 2.937559274e-02 7.128227531e-01 8.241012745e+02
7.003490805e-01 -1.568060785e-01 6.963641427e-01 1.982910224e+02 1.318478590e-01 9.872036496e-01 8.969446057e-02 -2.326806325e+01 -7.015178598e-01 2.899668835e-02 7.120617140e-01 8.245958482e+02
6.953332111e-01 -1.552292547e-01 7.017233102e-01 1.987561054e+02 1.290282254e-01 9.874942236e-01 9.059180611e-02 -2.323592166e+01 -7.070102139e-01 2.755062201e-02 7.066664847e-01 8.251020301e+02
6.900317295e-01 -1.518594809e-01 7.076686444e-01 1.992069163e+02 1.247657527e-01 9.880618424e-01 9.037312998e-02 -2.318430890e+01 -7.129444012e-01 2.593248390e-02 7.007408844e-01 8.255927424e+02
6.870937701e-01 -1.472907172e-01 7.114826742e-01 1.996880980e+02 1.194700561e-01 9.888110812e-01 8.932833420e-02 -2.315160118e+01 -7.166791868e-01 2.362393310e-02 6.970027640e-01 8.260178051e+02
6.750874613e-01 -1.467714137e-01 7.229903676e-01 2.000683884e+02 1.157140668e-01 9.889460173e-01 9.271477523e-02 -2.317101927e+01 -7.286063233e-01 2.106957347e-02 6.846085734e-01 8.265016522e+02
6.660549220e-01 -1.446004742e-01 7.317523787e-01 2.005047016e+02 1.100181711e-01 9.893442556e-01 9.536218288e-02 -2.316689457e+01 -7.377444292e-01 1.698960712e-02 6.748662907e-01 8.269027884e+02
6.557655654e-01 -1.448408917e-01 7.409403750e-01 2.009297457e+02 1.103943827e-01 9.892715348e-01 9.568129756e-02 -2.309970620e+01 -7.468497865e-01 1.905115511e-02 6.647198282e-01 8.272749575e+02
6.470324051e-01 -1.457432707e-01 7.484036116e-01 2.013744677e+02 1.094247681e-01 9.891500182e-01 9.802276049e-02 -2.309436973e+01 -7.545696038e-01 1.846998920e-02 6.559600389e-01 8.275670756e+02
6.280508511e-01 -1.394709309e-01 7.655716739e-01 2.016044517e+02 1.082395286e-01 9.899010753e-01 9.154269777e-02 -2.303576119e+01 -7.706077685e-01 2.537164788e-02 6.368044807e-01 8.278920407e+02
6.151628442e-01 -1.361514787e-01 7.765548596e-01 2.019242787e+02 1.059042855e-01 9.903189953e-01 8.973611224e-02 -2.301463998e+01 -7.812547328e-01 2.703816556e-02 6.236264749e-01 8.281343993e+02
6.038772156e-01 -1.344102629e-01 7.856628983e-01 2.022629112e+02 1.045191921e-01 9.905216221e-01 8.912157244e-02 -2.298279794e+01 -7.901949424e-01 2.829836440e-02 6.122018912e-01 8.283456198e+02
5.902124799e-01 -1.329857466e-01 7.962185754e-01 2.025956344e+02 1.049438134e-01 9.906070420e-01 8.766119106e-02 -2.294939750e+01 -8.003974167e-01 3.181948466e-02 5.986246702e-01 8.285633544e+02
5.803281101e-01 -1.286663337e-01 8.041543752e-01 2.029568525e+02 1.065649217e-01 9.909476476e-01 8.164972194e-02 -2.291576275e+01 -8.073804569e-01 3.831101922e-02 5.887860933e-01 8.287277938e+02
5.592843356e-01 -1.198055620e-01 8.202729176e-01 2.032470973e+02 1.047267063e-01 9.917849368e-01 7.345036523e-02 -2.286442767e+01 -8.223340860e-01 4.482484223e-02 5.672366213e-01 8.289953596e+02
5.351142389e-01 -1.079105907e-01 8.378592099e-01 2.035199895e+02 9.748703633e-02 9.930699009e-01 6.563878240e-02 -2.279151759e+01 -8.391358823e-01 4.655616415e-02 5.419257279e-01 8.292756154e+02
5.115273430e-01 -1.012052314e-01 8.532861645e-01 2.038497496e+02 8.937490249e-02 9.939198910e-01 6.430689779e-02 -2.278419038e+01 -8.546062861e-01 4.336763119e-02 5.174624086e-01 8.294952137e+02
4.850404370e-01 -9.647971654e-02 8.691532884e-01 2.041942490e+02 8.793190274e-02 9.942389547e-01 6.129340440e-02 -2.275116654e+01 -8.700596272e-01 4.669652277e-02 4.907297421e-01 8.296928865e+02
4.479069742e-01 -9.361381449e-02 8.891657867e-01 2.044977895e+02 8.934336169e-02 9.942120151e-01 5.966768531e-02 -2.273435380e+01 -8.896050282e-01 5.271548810e-02 4.536782684e-01 8.299419557e+02
4.159023952e-01 -8.907409266e-02 9.050364654e-01 2.048637351e+02 9.087606860e-02 9.942810250e-01 5.609619888e-02 -2.269365223e+01 -9.048573025e-01 5.891561245e-02 4.216185631e-01 8.300816537e+02
3.827995114e-01 -8.310401418e-02 9.200860052e-01 2.052400364e+02 8.929023848e-02 9.946111842e-01 5.268629456e-02 -2.266545805e+01 -9.195062737e-01 6.198641101e-02 3.881570525e-01 8.301938856e+02
3.463540962e-01 -7.463287964e-02 9.351303510e-01 2.056028270e+02 8.550348131e-02 9.951926262e-01 4.775763129e-02 -2.260768385e+01 -9.341991194e-01 6.341584927e-02 3.510704136e-01 8.303312320e+02
3.095926120e-01 -7.160381183e-02 9.481694515e-01 2.059676679e+02 7.375239504e-02 9.959649165e-01 5.113188130e-02 -2.266570477e+01 -9.480047462e-01 5.409971527e-02 3.136243326e-01 8.304607655e+02
2.658400144e-01 -6.143397277e-02 9.620576665e-01 2.063165021e+02 6.792841557e-02 9.966804908e-01 4.487459812e-02 -2.262335207e+01 -9.616209321e-01 5.342158916e-02 2.691306685e-01 8.306297848e+02
2.288491012e-01 -5.506397264e-02 9.719033120e-01 2.067000430e+02 6.750664979e-02 9.968930552e-01 4.058434136e-02 -2.258358004e+01 -9.711183971e-01 5.632224647e-02 2.318552640e-01 8.306837397e+02
1.936815364e-01 -5.060627137e-02 9.797583721e-01 2.071114900e+02 6.876110101e-02 9.969130069e-01 3.789944085e-02 -2.255176917e+01 -9.786518142e-01 6.002884246e-02 1.965633857e-01 8.306848979e+02
1.083766880e-01 -7.696258027e-02 9.911262557e-01 2.072664329e+02 6.937286507e-02 9.951536391e-01 6.968959815e-02 -2.276338218e+01 -9.916863915e-01 6.120454017e-02 1.131905702e-01 8.309870003e+02
6.438859217e-02 -7.297107016e-02 9.952534010e-01 2.076969751e+02 6.548842628e-02 9.954820759e-01 6.875101835e-02 -2.274771085e+01 -9.957737570e-01 6.075079769e-02 6.887644994e-02 8.310295586e+02
-2.550791536e-02 -8.086524052e-02 9.963985945e-01 2.079464138e+02 5.577073619e-02 9.950554856e-01 8.218397421e-02 -2.286018778e+01 -9.981177141e-01 5.766622502e-02 -2.087187710e-02 8.313759115e+02
-7.154440941e-02 -7.501639014e-02 9.946124565e-01 2.083783373e+02 4.388573981e-02 9.959653770e-01 7.827521776e-02 -2.284242154e+01 -9.964714945e-01 4.924945771e-02 -6.796360491e-02 8.313671043e+02
-1.174404072e-01 -6.819680785e-02 9.907355581e-01 2.088350015e+02 3.322599385e-02 9.968109216e-01 7.255356542e-02 -2.280356797e+01 -9.925239464e-01 4.143889383e-02 -1.147999738e-01 8.313234031e+02
-1.607769490e-01 -6.353928049e-02 9.849434159e-01 2.092836005e+02 2.325744795e-02 9.974046761e-01 6.813958641e-02 -2.277446479e+01 -9.867167090e-01 3.386254503e-02 -1.588819192e-01 8.312247549e+02
-2.065157234e-01 -6.027648462e-02 9.765848665e-01 2.097581028e+02 1.683187853e-02 9.977340861e-01 6.514124174e-02 -2.274198517e+01 -9.782984942e-01 2.989044851e-02 -2.050332101e-01 8.311271451e+02
-2.540961803e-01 -5.640097370e-02 9.655330452e-01 2.102430011e+02 1.853686857e-02 9.978308732e-01 6.316591714e-02 -2.269391098e+01 -9.670013008e-01 3.394817743e-02 -2.524995160e-01 8.310078817e+02
-2.962582406e-01 -5.519506637e-02 9.535116987e-01 2.107215695e+02 1.744164545e-02 9.978496772e-01 6.318077738e-02 -2.268032917e+01 -9.549486080e-01 3.534863893e-02 -2.946584970e-01 8.308159630e+02
-3.346108592e-01 -5.534252079e-02 9.407299178e-01 2.112173602e+02 1.156793644e-02 9.979575896e-01 6.282381869e-02 -2.265331396e+01 -9.422853898e-01 3.190383585e-02 -3.332872477e-01 8.306222620e+02
-3.714513561e-01 -5.584706554e-02 9.267712746e-01 2.117292470e+02 8.045390925e-03 9.979582190e-01 6.336138274e-02 -2.263542934e+01 -9.284175579e-01 3.099190874e-02 -3.702436223e-01 8.304302272e+02
-4.084752481e-01 -5.253409263e-02 9.112563530e-01 2.122527865e+02 3.342106472e-03 9.982495864e-01 5.904738423e-02 -2.256746875e+01 -9.127632782e-01 2.716491068e-02 -4.075846729e-01 8.302259076e+02
-4.425106023e-01 -5.342193091e-02 8.951706341e-01 2.127767683e+02 -2.214839059e-03 9.982860775e-01 5.848078355e-02 -2.253270452e+01 -8.967605373e-01 2.389570787e-02 -4.418704944e-01 8.299989648e+02
-4.721995273e-01 -5.535634002e-02 8.797518298e-01 2.132944761e+02 -7.776553992e-03 9.982489929e-01 5.863849759e-02 -2.249845391e+01 -8.814573907e-01 2.084763324e-02 -4.718031841e-01 8.297075380e+02
-5.006549981e-01 -5.418858834e-02 8.639491708e-01 2.138233873e+02 -9.252154128e-03 9.983167261e-01 5.725479989e-02 -2.246560848e+01 -8.655974645e-01 2.067151085e-02 -5.003136198e-01 8.294277059e+02
-5.248689517e-01 -5.338428879e-02 8.495073286e-01 2.143188461e+02 -8.751098168e-03 9.983169954e-01 5.732883217e-02 -2.241726790e+01 -8.511380627e-01 2.265600202e-02 -5.244527660e-01 8.290635483e+02
-5.465855414e-01 -5.392900666e-02 8.356649497e-01 2.148557532e+02 -6.449817518e-03 9.981656650e-01 6.019721877e-02 -2.239270986e+01 -8.373784364e-01 2.751304298e-02 -5.459307527e-01 8.287170648e+02
-5.644744893e-01 -5.339969869e-02 8.237214476e-01 2.153665440e+02 -7.030277072e-03 9.981801217e-01 5.989173382e-02 -2.235021638e+01 -8.254205753e-01 2.801636585e-02 -5.638226291e-01 8.283183198e+02
-5.803029176e-01 -5.269907268e-02 8.126938732e-01 2.159060281e+02 -8.316178569e-03 9.982355935e-01 5.879235586e-02 -2.231338018e+01 -8.143582535e-01 2.735886827e-02 -5.797172822e-01 8.279322431e+02
-5.916468481e-01 -5.211939123e-02 8.045107682e-01 2.164448493e+02 -9.940534958e-03 9.983038582e-01 5.736368610e-02 -2.226480264e+01 -8.061359643e-01 2.594177666e-02 -5.911614258e-01 8.275197447e+02
-6.015863260e-01 -4.818357527e-02 7.973532689e-01 2.169784466e+02 -7.531756999e-03 9.984769027e-01 5.465480192e-02 -2.221814954e+01 -7.987722861e-01 2.687411042e-02 -6.010329584e-01 8.270768525e+02
-6.078706768e-01 -4.642643721e-02 7.926776307e-01 2.175161943e+02 -5.669837383e-03 9.985175640e-01 5.413434596e-02 -2.216688466e+01 -7.940158016e-01 2.841232826e-02 -6.072327778e-01 8.266134960e+02
-6.139629519e-01 -4.996202105e-02 7.877520486e-01 2.181426894e+02 -6.882449959e-03 9.982956837e-01 5.795135760e-02 -2.213851137e+01 -7.893048369e-01 3.015832252e-02 -6.132604259e-01 8.262410359e+02
-6.163965493e-01 -5.015599933e-02 7.858369231e-01 2.187115749e+02 -4.732097946e-03 9.981873120e-01 5.999747775e-02 -2.208094276e+01 -7.874216794e-01 3.326358096e-02 -6.155165578e-01 8.257644784e+02
-6.189595537e-01 -4.938847472e-02 7.838685154e-01 2.193439365e+02 -5.046376183e-03 9.982504771e-01 5.891111174e-02 -2.202274978e+01 -7.854066495e-01 3.250790002e-02 -6.181259026e-01 8.253555289e+02
-6.200123336e-01 -4.828098124e-02 7.831051354e-01 2.199366152e+02 -5.119040316e-03 9.983325249e-01 5.749752331e-02 -2.196387550e+01 -7.845753639e-01 3.164042684e-02 -6.192256307e-01 8.248645462e+02
-6.201984208e-01 -4.792687101e-02 7.829795232e-01 2.205449790e+02 -8.146131355e-03 9.984715334e-01 5.466477388e-02 -2.191408266e+01 -7.844026768e-01 2.752475239e-02 -6.196408869e-01 8.243755054e+02
-6.196922715e-01 -4.555019331e-02 7.835219643e-01 2.211754690e+02 -8.432936897e-03 9.986432286e-01 5.138664661e-02 -2.185385901e+01 -7.847995758e-01 2.523651648e-02 -6.192356127e-01 8.238959430e+02
-6.217301599e-01 -4.075236437e-02 7.821706035e-01 2.218914397e+02 -3.563707379e-03 9.987823192e-01 4.920547572e-02 -2.176730927e+01 -7.832234089e-01 2.780510114e-02 -6.211183206e-01 8.235171287e+02
-6.217791076e-01 -4.410414526e-02 7.819498486e-01 2.225367705e+02 -5.682870390e-03 9.986409305e-01 5.180730536e-02 -2.170552591e+01 -7.831720413e-01 2.776898045e-02 -6.211847048e-01 8.230014496e+02
-6.219088969e-01 -4.665043574e-02 7.816988300e-01 2.232336755e+02 -7.333777242e-03 9.985271843e-01 5.375572448e-02 -2.166977505e+01 -7.830552596e-01 2.769835823e-02 -6.213350637e-01 8.225291799e+02
-6.207208939e-01 -4.574184330e-02 7.826961452e-01 2.239168068e+02 -6.170885767e-03 9.985507726e-01 5.346283548e-02 -2.161106152e+01 -7.840073291e-01 2.835557053e-02 -6.201035958e-01 8.220214788e+02
-6.198995235e-01 -4.373719618e-02 7.834613190e-01 2.246103144e+02 -5.401577850e-03 9.986595792e-01 5.147686735e-02 -2.157285968e+01 -7.846626050e-01 2.767855823e-02 -6.193048472e-01 8.214968661e+02
-6.186217795e-01 -4.009637763e-02 7.846651352e-01 2.253095252e+02 -3.060982146e-03 9.988123635e-01 4.862605177e-02 -2.153313733e+01 -7.856829668e-01 2.767928870e-02 -6.180098160e-01 8.209899800e+02
-6.157341152e-01 -3.758667398e-02 7.870570128e-01 2.259890361e+02 4.225602266e-04 9.988457354e-01 4.803142994e-02 -2.147866836e+01 -7.879538824e-01 2.990716900e-02 -6.150075125e-01 8.204154893e+02
-6.135119543e-01 -3.637449902e-02 7.888472461e-01 2.266966344e+02 9.522330406e-04 9.989037795e-01 4.680098851e-02 -2.143946743e+01 -7.896848581e-01 2.946413233e-02 -6.128047729e-01 8.198575958e+02
-6.118190606e-01 -3.559960797e-02 7.901962446e-01 2.274104987e+02 4.012963248e-03 9.988341668e-01 4.810616658e-02 -2.139634591e+01 -7.909875683e-01 3.260329813e-02 -6.109629217e-01 8.192862384e+02
-6.091460742e-01 -3.610135796e-02 7.922359195e-01 2.281071977e+02 3.005916583e-03 9.988510717e-01 4.782782684e-02 -2.133108536e+01 -7.930523468e-01 3.151552805e-02 -6.083376914e-01 8.186746573e+02
-6.082737487e-01 -3.792536651e-02 7.928207321e-01 2.288760444e+02 3.489988359e-03 9.987203692e-01 5.045239450e-02 -2.131444092e+01 -7.937196398e-01 3.345580226e-02 -6.073630237e-01 8.181359413e+02
-6.085231619e-01 -3.491666561e-02 7.927675497e-01 2.296714481e+02 3.857343654e-03 9.988895120e-01 4.695597599e-02 -2.128459856e+01 -7.935267370e-01 3.163177586e-02 -6.077127187e-01 8.176171077e+02
-6.084465213e-01 -3.439213972e-02 7.928492994e-01 2.304315213e+02 1.065940975e-03 9.990241858e-01 4.415359575e-02 -2.128983979e+01 -7.935941624e-01 2.771023229e-02 -6.078161305e-01 8.170412352e+02
-6.098966607e-01 -3.669657570e-02 7.916308639e-01 2.312222697e+02 -4.563016178e-03 9.990733590e-01 4.279722326e-02 -2.127244766e+01 -7.924678177e-01 2.248965912e-02 -6.094989525e-01 8.164938676e+02
-6.105475855e-01 -3.966042572e-02 7.909859016e-01 2.319551072e+02 -4.563248913e-03 9.989049183e-01 4.656329984e-02 -2.119168876e+01 -7.919664277e-01 2.481964474e-02 -6.100599664e-01 8.158613021e+02
-6.115624830e-01 -4.584882940e-02 7.898665800e-01 2.327272304e+02 -7.474583527e-03 9.986098101e-01 5.217832606e-02 -2.117270974e+01 -7.911608307e-01 2.600638292e-02 -6.110549959e-01 8.152806942e+02
-6.132687428e-01 -4.893044676e-02 7.883573178e-01 2.334838766e+02 -1.117951037e-02 9.985171544e-01 5.327767656e-02 -2.113477598e+01 -7.897952061e-01 2.386008492e-02 -6.129063784e-01 8.146886842e+02
-6.155432188e-01 -4.889230617e-02 7.865850801e-01 2.342647923e+02 -1.267319522e-02 9.985588100e-01 5.215067604e-02 -2.107962900e+01 -7.880012284e-01 2.213244871e-02 -6.152757259e-01 8.141307203e+02
-6.176960412e-01 -5.040436262e-02 7.847999751e-01 2.350183364e+02 -1.585704559e-02 9.985392843e-01 5.165125277e-02 -2.102997974e+01 -7.862570539e-01 1.946016537e-02 -6.175930271e-01 8.135272709e+02
-6.201011911e-01 -5.433230840e-02 7.826381751e-01 2.357698928e+02 -1.972839336e-02 9.983634376e-01 5.367715415e-02 -2.098829618e+01 -7.842737426e-01 1.784507345e-02 -6.201582459e-01 8.129249501e+02
-6.219501827e-01 -5.561697578e-02 7.810792035e-01 2.365178962e+02 -2.121766565e-02 9.983052117e-01 5.418962067e-02 -2.095800611e+01 -7.827693024e-01 1.713056710e-02 -6.220761712e-01 8.123188994e+02
-6.243695991e-01 -5.397972224e-02 7.792616976e-01 2.372778231e+02 -2.171023479e-02 9.984232213e-01 5.176617521e-02 -2.091855119e+01 -7.808272981e-01 1.540327164e-02 -6.245570188e-01 8.117341205e+02
-6.244346198e-01 -4.828718295e-02 7.795830640e-01 2.379630293e+02 -1.865901521e-02 9.987245913e-01 4.691515719e-02 -2.086707171e+01 -7.808541777e-01 1.474919609e-02 -6.245392017e-01 8.110783623e+02
-6.255759333e-01 -4.613333886e-02 7.787980911e-01 2.386914337e+02 -1.466703657e-02 9.987691424e-01 4.738225559e-02 -2.082755953e+01 -7.800254033e-01 1.821853868e-02 -6.254825778e-01 8.104621331e+02
-6.282351047e-01 -4.638550943e-02 7.766395803e-01 2.394516212e+02 -1.144679522e-02 9.986641859e-01 5.038665220e-02 -2.079029811e+01 -7.779393447e-01 2.276462948e-02 -6.279268648e-01 8.098950588e+02
-6.298416093e-01 -4.596588884e-02 7.753622922e-01 2.402059259e+02 -9.217830053e-03 9.986194225e-01 5.171344655e-02 -2.077397776e+01 -7.766688991e-01 2.542412256e-02 -6.293957699e-01 8.093535370e+02
-6.289952466e-01 -3.982646377e-02 7.763883259e-01 2.408794272e+02 -5.052716202e-03 9.988752341e-01 4.714590963e-02 -2.071101504e+01 -7.773927256e-01 2.573168318e-02 -6.284890060e-01 8.087311649e+02
-6.296813140e-01 -3.570001774e-02 7.760328289e-01 2.415822296e+02 -6.172340886e-03 9.991419084e-01 4.095545311e-02 -2.067004330e+01 -7.768290321e-01 2.099894437e-02 -6.293613424e-01 8.081640689e+02
-6.292026627e-01 -3.364731870e-02 7.765126317e-01 2.422232651e+02 -3.778790191e-03 9.991831394e-01 4.023399930e-02 -2.063971797e+01 -7.772320953e-01 2.238106118e-02 -6.288158380e-01 8.075285735e+02
-6.314917446e-01 -3.328464135e-02 7.746678702e-01 2.429798295e+02 -2.608434317e-03 9.991637623e-01 4.080407095e-02 -2.059352709e+01 -7.753782126e-01 2.374676369e-02 -6.310504882e-01 8.070497697e+02
-6.293861906e-01 -3.123406783e-02 7.764647166e-01 2.436112072e+02 1.586864644e-03 9.991381735e-01 4.147760934e-02 -2.057393616e+01 -7.770910532e-01 2.733757894e-02 -6.287942046e-01 8.064405375e+02
-6.303063171e-01 -2.845707843e-02 7.758248135e-01 2.443108778e+02 3.109385500e-03 9.992274250e-01 3.917760556e-02 -2.056003639e+01 -7.763403109e-01 2.710623070e-02 -6.297308742e-01 8.059338399e+02
-6.295238774e-01 -2.774296373e-02 7.764856829e-01 2.449788469e+02 1.078767124e-03 9.993301624e-01 3.657954130e-02 -2.051838091e+01 -7.769803884e-01 2.386534190e-02 -6.290722704e-01 8.054104274e+02
-6.281362084e-01 -2.850080789e-02 7.775812547e-01 2.456649365e+02 1.976340336e-03 9.992672872e-01 3.822280402e-02 -2.050999440e+01 -7.781008918e-01 2.554589239e-02 -6.276196377e-01 8.049000980e+02
-6.255062950e-01 -2.875356967e-02 7.796891093e-01 2.463542647e+02 6.398546310e-03 9.990980368e-01 4.197822646e-02 -2.055604614e+01 -7.801928823e-01 3.124652178e-02 -6.247581303e-01 8.044320278e+02
-6.201403008e-01 -2.672009906e-02 7.840357413e-01 2.469923465e+02 9.947285354e-03 9.990715999e-01 4.191646238e-02 -2.052270638e+01 -7.844278544e-01 3.379311483e-02 -6.192987700e-01 8.039501526e+02
-6.139449917e-01 -2.494972089e-02 7.889544084e-01 2.475964182e+02 9.278176126e-03 9.992031972e-01 3.881863175e-02 -2.049142580e+01 -7.892942814e-01 3.115256250e-02 -6.132243107e-01 8.034932506e+02
-6.074052041e-01 -2.224570443e-02 7.940806298e-01 2.482103046e+02 1.085045218e-02 9.992822492e-01 3.629399534e-02 -2.048678204e+01 -7.943180633e-01 3.066129555e-02 -6.067278626e-01 8.030807446e+02
-5.971616038e-01 -1.854736359e-02 8.019064873e-01 2.487236320e+02 1.279525340e-02 9.993851625e-01 3.264320021e-02 -2.042626481e+01 -8.020188904e-01 2.975386250e-02 -5.965571282e-01 8.025781970e+02
-5.871789567e-01 -1.462699024e-02 8.093249804e-01 2.492836304e+02 1.727753603e-02 9.993824627e-01 3.059705768e-02 -2.041585946e+01 -8.092727350e-01 3.194908992e-02 -5.865636335e-01 8.021442439e+02
-5.762019221e-01 -1.256176612e-02 8.172108339e-01 2.498652088e+02 2.366967137e-02 9.992060080e-01 3.204840321e-02 -2.042435711e+01 -8.169645596e-01 3.780946341e-02 -5.754470895e-01 8.017267657e+02
-5.660417355e-01 -1.264379327e-02 8.242796177e-01 2.505231744e+02 2.739963032e-02 9.990413967e-01 3.414012258e-02 -2.046292892e+01 -8.239211212e-01 4.190969104e-02 -5.651526907e-01 8.014569331e+02
-5.494827109e-01 -1.221463800e-02 8.354157965e-01 2.511048213e+02 3.063599793e-02 9.989261614e-01 3.475571418e-02 -2.043304025e+01 -8.349432232e-01 4.469146066e-02 -5.485184476e-01 8.010662418e+02
-5.296102345e-01 -1.426260186e-02 8.481212046e-01 2.516767421e+02 2.967364681e-02 9.989351176e-01 3.532853647e-02 -2.040289024e+01 -8.477219321e-01 4.387720356e-02 -5.286230385e-01 8.006896811e+02
-5.053942723e-01 -1.602997230e-02 8.627396302e-01 2.522522122e+02 3.008064548e-02 9.988924308e-01 3.618102476e-02 -2.039161771e+01 -8.623640672e-01 4.423744764e-02 -5.043523212e-01 8.003407588e+02
-4.795554206e-01 -1.469802894e-02 8.773884924e-01 2.528694249e+02 2.932082053e-02 9.990330114e-01 3.276174099e-02 -2.039046238e+01 -8.770216007e-01 4.143682100e-02 -4.786607377e-01 8.000977266e+02
-4.511124464e-01 -1.348207991e-02 8.923652807e-01 2.534806343e+02 2.921705208e-02 9.991268418e-01 2.986499401e-02 -2.042033843e+01 -8.919887469e-01 3.954475339e-02 -4.503246473e-01 7.999024865e+02
-4.132485880e-01 -1.029501077e-02 9.105600569e-01 2.540505466e+02 3.043811085e-02 9.992211645e-01 2.511146718e-02 -2.039045561e+01 -9.101094033e-01 3.809300630e-02 -4.126133747e-01 7.996127549e+02
-3.741597762e-01 -1.064968727e-02 9.273031036e-01 2.546737594e+02 2.997487290e-02 9.992726962e-01 2.357086196e-02 -2.038919517e+01 -9.268796949e-01 3.661506111e-02 -3.735684254e-01 7.994650988e+02
-3.272133199e-01 -1.574362652e-02 9.448193380e-01 2.552887476e+02 2.867286409e-02 9.992353807e-01 2.658045901e-02 -2.038910489e+01 -9.445153838e-01 3.578815671e-02 -3.265117114e-01 7.992655385e+02
-2.756753123e-01 -2.401295223e-02 9.609508314e-01 2.559147489e+02 2.906673217e-02 9.990225429e-01 3.330291209e-02 -2.036063989e+01 -9.608112444e-01 3.711249114e-02 -2.747078734e-01 7.990777380e+02
-2.218737018e-01 -3.202767080e-02 9.745492747e-01 2.565338548e+02 2.971595928e-02 9.987740782e-01 3.958917037e-02 -2.033125564e+01 -9.746225024e-01 3.774346235e-02 -2.206499691e-01 7.989505722e+02
-1.700054560e-01 -3.772314374e-02 9.847208281e-01 2.571657735e+02 2.816417481e-02 9.986728426e-01 4.311998017e-02 -2.035324854e+01 -9.850405698e-01 3.506448143e-02 -1.687173908e-01 7.989068536e+02
-1.130996105e-01 -3.760770272e-02 9.928716628e-01 2.577650876e+02 3.138347139e-02 9.986495850e-01 4.140149895e-02 -2.033687981e+01 -9.930878893e-01 3.584225283e-02 -1.117666188e-01 7.988742543e+02
-5.408247976e-02 -3.539735981e-02 9.979088697e-01 2.584077505e+02 3.885625928e-02 9.985399447e-01 3.752559147e-02 -2.031294982e+01 -9.977801744e-01 4.080448282e-02 -5.262810736e-02 7.988561105e+02
2.992867252e-03 -3.507593614e-02 9.993801686e-01 2.590652258e+02 4.559192800e-02 9.983502087e-01 3.490325171e-02 -2.030537771e+01 -9.989556641e-01 4.545920789e-02 4.587109201e-03 7.989441233e+02
6.280870104e-02 -3.753989690e-02 9.973193186e-01 2.596498036e+02 4.543063212e-02 9.983640170e-01 3.471811147e-02 -2.030145621e+01 -9.969910354e-01 4.312824758e-02 6.441140831e-02 7.990163598e+02
1.264459360e-01 -3.697493787e-02 9.912841567e-01 2.603165807e+02 4.363187826e-02 9.985452541e-01 3.168019466e-02 -2.026284415e+01 -9.910134633e-01 3.924575778e-02 1.278752753e-01 7.991137736e+02
1.901092854e-01 -3.543385653e-02 9.811232855e-01 2.609804115e+02 4.514551290e-02 9.986068459e-01 2.731757660e-02 -2.020957700e+01 -9.807243967e-01 3.909998897e-02 1.914441135e-01 7.992386971e+02
2.494047413e-01 -3.938647321e-02 9.675980471e-01 2.615346602e+02 4.817662805e-02 9.984399905e-01 2.822406532e-02 -2.020399283e+01 -9.672002313e-01 3.957639550e-02 2.509131750e-01 7.994561174e+02
3.095806032e-01 -4.192861386e-02 9.499483362e-01 2.622071665e+02 5.029924291e-02 9.983507393e-01 2.767286565e-02 -2.015479568e+01 -9.495419086e-01 3.921469967e-02 3.111790017e-01 7.996861707e+02
3.673586707e-01 -4.670652335e-02 9.289058659e-01 2.627745936e+02 5.077165306e-02 9.982561533e-01 3.011464173e-02 -2.015652339e+01 -9.286925467e-01 3.609921160e-02 3.690894209e-01 7.999300796e+02
4.217563767e-01 -5.097909172e-02 9.052749256e-01 2.634374688e+02 5.274070624e-02 9.981070136e-01 3.163553857e-02 -2.016189172e+01 -9.051740035e-01 3.440234879e-02 4.236466709e-01 8.002527379e+02
4.745146573e-01 -5.682210036e-02 8.784116853e-01 2.641009380e+02 5.751595365e-02 9.977832453e-01 3.347402721e-02 -2.018802607e+01 -8.783665266e-01 3.463876923e-02 4.767309520e-01 8.005854618e+02
5.190891112e-01 -6.087293388e-02 8.525496939e-01 2.646348983e+02 6.081245194e-02 9.975631211e-01 3.420036685e-02 -2.019151074e+01 -8.525540102e-01 3.409259926e-02 5.215259863e-01 8.009700370e+02
5.606473441e-01 -5.989740432e-02 8.258854985e-01 2.652261110e+02 6.229784214e-02 9.976047937e-01 3.006084740e-02 -2.015167994e+01 -8.257078990e-01 3.459735015e-02 5.630359570e-01 8.014329416e+02
5.989040448e-01 -5.654559190e-02 7.988219709e-01 2.658149593e+02 6.153660294e-02 9.978042172e-01 2.449470642e-02 -2.012166646e+01 -7.984529990e-01 3.448681169e-02 6.010686052e-01 8.019042379e+02
6.309551497e-01 -5.508014004e-02 7.738616009e-01 2.663232664e+02 6.069207006e-02 9.979240166e-01 2.154367191e-02 -2.011966450e+01 -7.734417055e-01 3.337417176e-02 6.329882249e-01 8.023860809e+02
6.592752464e-01 -5.646040261e-02 7.497788824e-01 2.668840309e+02 6.283838708e-02 9.978255850e-01 1.988565094e-02 -2.013947523e+01 -7.492713038e-01 3.400477821e-02 6.613895890e-01 8.029296594e+02
6.853403238e-01 -6.061441210e-02 7.256958961e-01 2.674358955e+02 6.584461833e-02 9.976058659e-01 2.114290724e-02 -2.014154337e+01 -7.252400478e-01 3.329308241e-02 6.876906600e-01 8.034460021e+02
7.067542254e-01 -7.151504764e-02 7.038352526e-01 2.680115795e+02 7.814411373e-02 9.966812705e-01 2.280224799e-02 -2.011932543e+01 -7.031301177e-01 3.888499692e-02 7.099971793e-01 8.040161359e+02
7.261448564e-01 -7.731633357e-02 6.831806730e-01 2.685819882e+02 8.753392321e-02 9.959672030e-01 1.967594361e-02 -2.009735820e+01 -6.819468159e-01 4.551389932e-02 7.299842637e-01 8.046016782e+02
7.444392426e-01 -8.446915355e-02 6.623255816e-01 2.690896618e+02 9.907690801e-02 9.949585694e-01 1.553098672e-02 -2.009362076e+01 -6.602984025e-01 5.405929474e-02 7.490551464e-01 8.052178193e+02
7.614242260e-01 -8.942047989e-02 6.420569491e-01 2.696106512e+02 1.104843830e-01 9.938503823e-01 7.390453928e-03 -2.008982282e+01 -6.387694022e-01 6.530999522e-02 7.666213246e-01 8.058770169e+02
7.767822419e-01 -9.719425754e-02 6.222239347e-01 2.701212066e+02 1.235362208e-01 9.923397526e-01 7.858632883e-04 -2.007539773e+01 -6.175339268e-01 7.625674872e-02 7.828389090e-01 8.065330134e+02
7.898853486e-01 -1.048305901e-01 6.042281716e-01 2.706515208e+02 1.350564103e-01 9.908269964e-01 -4.650728283e-03 -2.008452897e+01 -5.981980458e-01 8.527842999e-02 7.967977707e-01 8.072217051e+02
8.012378284e-01 -1.059618924e-01 5.888888009e-01 2.711652665e+02 1.371274285e-01 9.905182599e-01 -8.345368010e-03 -2.011398014e+01 -5.824208193e-01 8.743943147e-02 8.081709813e-01 8.079339598e+02
8.110361353e-01 -1.060066650e-01 5.753111977e-01 2.716781317e+02 1.380624336e-01 9.903490001e-01 -1.214999439e-02 -2.010692288e+01 -5.684708891e-01 8.928294850e-02 8.178443638e-01 8.086482845e+02
8.186906108e-01 -1.048172362e-01 5.645874873e-01 2.722043565e+02 1.392563253e-01 9.900906061e-01 -1.811815755e-02 -2.010960524e+01 -5.570936723e-01 9.345554424e-02 8.251743461e-01 8.093766165e+02
8.236379591e-01 -1.027202741e-01 5.577356522e-01 2.727273775e+02 1.370333193e-01 9.903652173e-01 -1.996511585e-02 -2.013671472e+01 -5.503111681e-01 9.287239500e-02 8.297784864e-01 8.101170723e+02
8.275799949e-01 -1.026549501e-01 5.518816116e-01 2.732702282e+02 1.369631780e-01 9.903498843e-01 -2.117060597e-02 -2.013933930e+01 -5.443826227e-01 9.310782937e-02 8.336537004e-01 8.108638170e+02
8.288977134e-01 -1.044976372e-01 5.495532954e-01 2.738033921e+02 1.356129710e-01 9.906297928e-01 -1.617824694e-02 -2.017094088e+01 -5.427132786e-01 8.793666701e-02 8.353020052e-01 8.116357157e+02
8.292266127e-01 -1.074995115e-01 5.484770550e-01 2.743306036e+02 1.370961608e-01 9.904705456e-01 -1.314309350e-02 -2.019421909e+01 -5.418374918e-01 8.609270144e-02 8.360623058e-01 8.124247653e+02
8.306347952e-01 -1.088430679e-01 5.460760236e-01 2.748748184e+02 1.369520507e-01 9.905178286e-01 -1.088884895e-02 -2.022410887e+01 -5.397128615e-01 8.383088811e-02 8.376648550e-01 8.132099937e+02
8.305934876e-01 -1.095506204e-01 5.459973626e-01 2.753819649e+02 1.386303907e-01 9.902690474e-01 -1.219953006e-02 -2.023598966e+01 -5.393478221e-01 8.582467793e-02 8.376980670e-01 8.140346362e+02
8.305849227e-01 -1.127380863e-01 5.453611739e-01 2.758882221e+02 1.425325774e-01 9.897114035e-01 -1.248207698e-02 -2.024804751e+01 -5.383429674e-01 8.809915865e-02 8.381082196e-01 8.148720790e+02
8.304862989e-01 -1.137507927e-01 5.453010769e-01 2.764151811e+02 1.444868863e-01 9.894124460e-01 -1.365838013e-02 -2.025772215e+01 -5.379740207e-01 9.013195229e-02 8.381289783e-01 8.157094318e+02
8.307760437e-01 -1.162248428e-01 5.443371668e-01 2.769393991e+02 1.473985819e-01 9.889809191e-01 -1.379854117e-02 -2.025662512e+01 -5.367353383e-01 9.169802388e-02 8.387530322e-01 8.165589106e+02
8.325944050e-01 -1.211428694e-01 5.404729059e-01 2.774905811e+02 1.504856664e-01 9.885591148e-01 -1.024405863e-02 -2.028337760e+01 -5.330484228e-01 8.986257130e-02 8.412990534e-01 8.174043210e+02
8.334712138e-01 -1.227110759e-01 5.387650023e-01 2.779992437e+02 1.503205265e-01 9.886097913e-01 -7.376983516e-03 -2.032970492e+01 -5.317231189e-01 8.713594220e-02 8.424237962e-01 8.182808612e+02
8.358430318e-01 -1.242302088e-01 5.347272963e-01 2.785700226e+02 1.529279433e-01 9.881920280e-01 -9.463616046e-03 -2.033536601e+01 -5.272375843e-01 8.968484316e-02 8.449716910e-01 8.191213295e+02
8.382166900e-01 -1.264217923e-01 5.304812070e-01 2.791176835e+02 1.553425953e-01 9.878095577e-01 -1.004767222e-02 -2.033610130e+01 -5.227441618e-01 9.082845400e-02 8.476371472e-01 8.199841376e+02
8.406136804e-01 -1.309314662e-01 5.255716806e-01 2.796673560e+02 1.593720321e-01 9.871777864e-01 -8.976274209e-03 -2.034577285e+01 -5.176574115e-01 9.130700566e-02 8.507019661e-01 8.208480508e+02
8.434279886e-01 -1.340210947e-01 5.202572193e-01 2.802398453e+02 1.601975732e-01 9.870700140e-01 -5.433683599e-03 -2.036286086e+01 -5.128020726e-01 8.792686480e-02 8.539923307e-01 8.217075692e+02
8.447995104e-01 -1.436646818e-01 5.154359770e-01 2.807665408e+02 1.696711159e-01 9.854948448e-01 -3.409293215e-03 -2.031817745e+01 -5.074697032e-01 9.033476665e-02 8.569213093e-01 8.225913059e+02
8.469797849e-01 -1.471668350e-01 5.108494559e-01 2.812973241e+02 1.715288238e-01 9.851789317e-01 -5.789982551e-04 -2.034570055e+01 -5.031929119e-01 8.811580612e-02 8.596699938e-01 8.234724122e+02
8.489485803e-01 -1.489826221e-01 5.070409119e-01 2.818206790e+02 1.727674381e-01 9.849626350e-01 1.412995831e-04 -2.036335763e+01 -4.994374038e-01 8.748020330e-02 8.619219766e-01 8.243571059e+02
8.514584540e-01 -1.496309163e-01 5.026222141e-01 2.823632209e+02 1.725303092e-01 9.850037374e-01 9.641863313e-04 -2.034378708e+01 -4.952290315e-01 8.589660140e-02 8.645056277e-01 8.252267750e+02
8.528461095e-01 -1.473876383e-01 5.009295335e-01 2.828737575e+02 1.692030872e-01 9.855793513e-01 1.912481329e-03 -2.034926424e+01 -4.939876808e-01 8.312777125e-02 8.654859588e-01 8.261180320e+02
8.532135216e-01 -1.454299290e-01 5.008760548e-01 2.833047193e+02 1.679314282e-01 9.857986649e-01 1.662379506e-04 -2.033830712e+01 -4.937871220e-01 8.397099478e-02 8.655190062e-01 8.270450890e+02
8.547091033e-01 -1.426737639e-01 4.991157639e-01 2.838133706e+02 1.680242102e-01 9.857649208e-01 -5.948580807e-03 -2.031111068e+01 -4.911621051e-01 8.894783821e-02 8.665148981e-01 8.279263520e+02
8.549483506e-01 -1.362864664e-01 5.004890777e-01 2.842487130e+02 1.605068574e-01 9.870198991e-01 -5.409945652e-03 -2.038311904e+01 -4.932553766e-01 8.495715315e-02 8.657259472e-01 8.288402752e+02
8.555238426e-01 -1.393484306e-01 4.986591719e-01 2.847965974e+02 1.658523543e-01 9.861097108e-01 -8.979686193e-03 -2.035172404e+01 -4.904813466e-01 9.038613330e-02 8.667516343e-01 8.296899607e+02
8.562786359e-01 -1.436209087e-01 4.961450718e-01 2.853437050e+02 1.707758540e-01 9.852638360e-01 -9.527914681e-03 -2.033804381e+01 -4.874653889e-01 9.288814815e-02 8.681873568e-01 8.305428687e+02
8.553857058e-01 -1.491423797e-01 4.960562921e-01 2.858549318e+02 1.784475030e-01 9.838774580e-01 -1.190110462e-02 -2.029968237e+01 -4.862836447e-01 9.870004143e-02 8.682087991e-01 8.314035586e+02
8.551000087e-01 -1.492411191e-01 4.965189458e-01 2.863634704e+02 1.777380048e-01 9.840236677e-01 -1.032584175e-02 -2.033858980e+01 -4.870453540e-01 9.707991413e-02 8.679644655e-01 8.322671539e+02
8.521388780e-01 -1.534101042e-01 5.003245672e-01 2.868053262e+02 1.823629428e-01 9.831889031e-01 -9.128956826e-03 -2.034611451e+01 -4.905130882e-01 9.901979944e-02 8.657898068e-01 8.331630677e+02
8.513098654e-01 -1.553070054e-01 5.011499249e-01 2.873648298e+02 1.815228843e-01 9.833801147e-01 -3.604513083e-03 -2.038442575e+01 -4.922610645e-01 9.403873739e-02 8.653529686e-01 8.339866483e+02
8.500252149e-01 -1.593109263e-01 5.020728660e-01 2.879332785e+02 1.842485438e-01 9.828796823e-01 -6.460294570e-05 -2.039960656e+01 -4.934669271e-01 9.256110855e-02 8.648253194e-01 8.347968280e+02
8.467855110e-01 -1.625778866e-01 5.064807293e-01 2.884166567e+02 1.871229645e-01 9.823333849e-01 2.473283628e-03 -2.037842218e+01 -4.979350304e-01 9.267983479e-02 8.622477334e-01 8.356583512e+02
8.429760963e-01 -1.632156973e-01 5.125933449e-01 2.889020184e+02 1.871751450e-01 9.823140111e-01 4.964741039e-03 -2.036986630e+01 -5.043379484e-01 9.175957563e-02 8.586171522e-01 8.365094807e+02
8.386177399e-01 -1.629378517e-01 5.197802831e-01 2.894125843e+02 1.869762372e-01 9.823444214e-01 6.270919295e-03 -2.034114359e+01 -5.116250316e-01 9.192765734e-02 8.542769649e-01 8.373316938e+02
8.315210257e-01 -1.580070007e-01 5.325472482e-01 2.898470109e+02 1.836914314e-01 9.829720807e-01 4.831839408e-03 -2.029635083e+01 -5.242425411e-01 9.380659026e-02 8.463864849e-01 8.381945938e+02
8.247422795e-01 -1.533871801e-01 5.443092370e-01 2.903479042e+02 1.781409280e-01 9.839774172e-01 7.365603980e-03 -2.029067060e+01 -5.367177864e-01 9.088902758e-02 8.388523126e-01 8.390079175e+02
8.148003609e-01 -1.467226290e-01 5.608679364e-01 2.908292787e+02 1.719494250e-01 9.850741392e-01 7.895287980e-03 -2.029985139e+01 -5.536549170e-01 9.000783568e-02 8.278676358e-01 8.398349810e+02
8.055423096e-01 -1.455931489e-01 5.743728949e-01 2.913975981e+02 1.691509677e-01 9.855098734e-01 1.257932714e-02 -2.030714783e+01 -5.678816228e-01 8.702255076e-02 8.184971216e-01 8.405987187e+02
7.985832314e-01 -1.405986508e-01 5.852322974e-01 2.920731717e+02 1.639983134e-01 9.863724989e-01 1.318508819e-02 -2.031684654e+01 -5.791108492e-01 8.544771938e-02 8.107584792e-01 8.412332957e+02
7.859999025e-01 -1.425656846e-01 6.015639441e-01 2.926439212e+02 1.677964938e-01 9.857169914e-01 1.436487341e-02 -2.028287810e+01 -5.950197391e-01 8.964953152e-02 7.986954812e-01 8.419859090e+02
7.733291958e-01 -1.409871225e-01 6.181299105e-01 2.932240272e+02 1.686608989e-01 9.855776814e-01 1.378895260e-02 -2.027731252e+01 -6.111591087e-01 9.359094669e-02 7.859550105e-01 8.426812608e+02
7.569341148e-01 -1.418783798e-01 6.379038102e-01 2.937745237e+02 1.731477805e-01 9.848022729e-01 1.357679455e-02 -2.022957341e+01 -6.301353759e-01 1.001748899e-01 7.699963633e-01 8.434234948e+02
7.422937955e-01 -1.429386038e-01 6.546514162e-01 2.943977178e+02 1.775517584e-01 9.840184256e-01 1.353185989e-02 -2.020578258e+01 -6.461232810e-01 1.061898945e-01 7.558097724e-01 8.441000654e+02
7.250355449e-01 -1.450678748e-01 6.732598090e-01 2.949882203e+02 1.818741846e-01 9.831918197e-01 1.598832896e-02 -2.018909286e+01 -6.642629296e-01 1.108564720e-01 7.392331181e-01 8.447638153e+02
7.071050376e-01 -1.446456948e-01 6.921561159e-01 2.956222770e+02 1.828623032e-01 9.829624537e-01 1.860625227e-02 -2.014991850e+01 -6.830547883e-01 1.134126868e-01 7.215079477e-01 8.454215274e+02
6.867273848e-01 -1.456785799e-01 7.121679930e-01 2.962298097e+02 1.815052247e-01 9.830444433e-01 2.606675728e-02 -2.016108978e+01 -7.038901565e-01 1.113614555e-01 7.015249631e-01 8.460979435e+02
6.668629901e-01 -1.480050298e-01 7.303343506e-01 2.968755078e+02 1.813014441e-01 9.828522574e-01 3.363371104e-02 -2.019002195e+01 -7.227887235e-01 1.099815953e-01 6.822613208e-01 8.466766280e+02
6.415055482e-01 -1.443294030e-01 7.534186453e-01 2.974590647e+02 1.826481279e-01 9.826336811e-01 3.272170831e-02 -2.010522206e+01 -7.450572415e-01 1.166193476e-01 6.567264535e-01 8.473466711e+02
6.208314007e-01 -1.424037561e-01 7.709017720e-01 2.981356956e+02 1.819374595e-01 9.826868145e-01 3.500550470e-02 -2.010525921e+01 -7.625399220e-01 1.185233934e-01 6.359914091e-01 8.478800626e+02
5.982287941e-01 -1.378546567e-01 7.893784920e-01 2.988270432e+02 1.797143283e-01 9.830785944e-01 3.548573530e-02 -2.008232519e+01 -7.809129722e-01 1.206340368e-01 6.128803790e-01 8.484381737e+02
5.769319617e-01 -1.349400553e-01 8.055685527e-01 2.995559107e+02 1.786744732e-01 9.832222171e-01 3.673560235e-02 -2.004456227e+01 -7.970100026e-01 1.227405937e-01 5.913626658e-01 8.489398009e+02
5.536066002e-01 -1.334506333e-01 8.220162168e-01 3.002620968e+02 1.785107994e-01 9.831492876e-01 3.938746905e-02 -1.999113461e+01 -8.134209407e-01 1.249336091e-01 5.681003138e-01 8.494112549e+02
5.272831702e-01 -1.327513786e-01 8.392553425e-01 3.009914522e+02 1.755196180e-01 9.834339576e-01 4.528261076e-02 -1.997622264e+01 -8.313635319e-01 1.234290185e-01 5.418486461e-01 8.499096998e+02
4.998344572e-01 -1.309501879e-01 8.561644490e-01 3.017428246e+02 1.736379302e-01 9.835863783e-01 4.906837754e-02 -1.992936512e+01 -8.485372028e-01 1.241365570e-01 5.143682831e-01 8.504037571e+02
4.750015105e-01 -1.264476562e-01 8.708527747e-01 3.024872912e+02 1.705672422e-01 9.840840425e-01 4.985391816e-02 -1.987060057e+01 -8.632962301e-01 1.248582697e-01 4.890092347e-01 8.508229732e+02
4.478294374e-01 -1.220665069e-01 8.857474600e-01 3.032552879e+02 1.646432485e-01 9.849552275e-01 5.249572011e-02 -1.986576359e+01 -8.788295601e-01 1.223232104e-01 4.611893716e-01 8.512728987e+02
4.209880055e-01 -1.183890046e-01 8.993070348e-01 3.040157556e+02 1.618791340e-01 9.853355823e-01 5.393455539e-02 -1.982108483e+01 -8.925044791e-01 1.228732430e-01 4.339791711e-01 8.516376888e+02
3.890892435e-01 -1.144923688e-01 9.140574698e-01 3.048073407e+02 1.550801982e-01 9.862260094e-01 5.751860988e-02 -1.975317413e+01 -9.080526927e-01 1.193723412e-01 4.014854311e-01 8.520340255e+02
3.628197337e-01 -1.133584084e-01 9.249387613e-01 3.056742153e+02 1.493558720e-01 9.868154214e-01 6.235501235e-02 -1.969812684e+01 -9.198122984e-01 1.155214062e-01 3.749668523e-01 8.522754891e+02
3.322184142e-01 -1.103763803e-01 9.367219331e-01 3.064882882e+02 1.425074573e-01 9.876021685e-01 6.582994260e-02 -1.963768405e+01 -9.323746832e-01 1.116199418e-01 3.438290836e-01 8.525672399e+02
2.991523927e-01 -1.079243627e-01 9.480823687e-01 3.073230847e+02 1.340651568e-01 9.884814319e-01 7.022102545e-02 -1.961325699e+01 -9.447403768e-01 1.060980237e-01 3.101754822e-01 8.528824097e+02
2.699563065e-01 -1.052880432e-01 9.570987517e-01 3.081906682e+02 1.344086802e-01 9.883920701e-01 7.081964739e-02 -1.950339927e+01 -9.534452786e-01 1.095241696e-01 2.809742995e-01 8.530720256e+02
2.380222582e-01 -1.055417755e-01 9.655083315e-01 3.090291968e+02 1.307190781e-01 9.885151297e-01 7.583113405e-02 -1.943982814e+01 -9.624229461e-01 1.081608613e-01 2.490849270e-01 8.532769395e+02
2.048426342e-01 -1.056416991e-01 9.730772460e-01 3.098811093e+02 1.265576026e-01 9.886717378e-01 8.069304858e-02 -1.936524038e+01 -9.705785225e-01 1.066209468e-01 2.158918833e-01 8.535440098e+02
1.735680251e-01 -1.046306765e-01 9.792479575e-01 3.107345840e+02 1.217578759e-01 9.889912990e-01 8.409060648e-02 -1.928775415e+01 -9.772661666e-01 1.046357107e-01 1.843968756e-01 8.536894734e+02
1.405921090e-01 -1.032608607e-01 9.846679915e-01 3.116176033e+02 1.156564482e-01 9.894499675e-01 8.724877017e-02 -1.922467105e+01 -9.832890953e-01 1.016167140e-01 1.510516420e-01 8.538519637e+02
1.092165830e-01 -1.009249379e-01 9.888811329e-01 3.125174914e+02 1.059645860e-01 9.903455452e-01 8.937117896e-02 -1.913821658e+01 -9.883538053e-01 9.502556502e-02 1.188566257e-01 8.539356464e+02
7.508747216e-02 -9.788280474e-02 9.923612387e-01 3.133887974e+02 9.410085350e-02 9.914252001e-01 9.067029278e-02 -1.904311162e+01 -9.927270022e-01 8.657383646e-02 8.365446758e-02 8.540447516e+02
3.834415338e-02 -9.550612712e-02 9.946900550e-01 3.142970698e+02 8.699825408e-02 9.919614149e-01 9.189045183e-02 -1.897136212e+01 -9.954702556e-01 8.301283656e-02 4.634478695e-02 8.541875719e+02
6.746401640e-03 -9.152439995e-02 9.957799809e-01 3.152187363e+02 8.411435274e-02 9.923254045e-01 9.063700791e-02 -1.889460611e+01 -9.964332701e-01 8.314791490e-02 1.439314140e-02 8.542111522e+02
-2.198188825e-02 -8.560287414e-02 9.960868158e-01 3.161218684e+02 8.462832146e-02 9.925922685e-01 8.717015421e-02 -1.881634689e+01 -9.961700878e-01 8.621331984e-02 -1.457462477e-02 8.541565128e+02
-4.628483301e-02 -8.278876612e-02 9.954917049e-01 3.170420233e+02 9.087206124e-02 9.920787166e-01 8.672997534e-02 -1.873676861e+01 -9.947864006e-01 9.447666559e-02 -3.839501190e-02 8.540038395e+02
-7.121323437e-02 -8.405738768e-02 9.939129896e-01 3.179816539e+02 9.408417662e-02 9.914342300e-01 9.058882508e-02 -1.865464224e+01 -9.930140195e-01 9.996260849e-02 -6.269476808e-02 8.539210143e+02
-9.658205529e-02 -8.706250393e-02 9.915099732e-01 3.189328395e+02 9.512269677e-02 9.907999473e-01 9.626597052e-02 -1.855407798e+01 -9.907691856e-01 1.036126678e-01 -8.741187512e-02 8.538807214e+02
-1.191214890e-01 -9.189028905e-02 9.886183519e-01 3.198997052e+02 9.430105439e-02 9.901598567e-01 1.033961764e-01 -1.845257349e+01 -9.883913102e-01 1.055444595e-01 -1.092839654e-01 8.537931887e+02
-1.377396291e-01 -9.612784114e-02 9.857926926e-01 3.208569192e+02 9.202886658e-02 9.897316547e-01 1.093706517e-01 -1.835171821e+01 -9.861837974e-01 1.057860572e-01 -1.274787348e-01 8.536106020e+02
-1.552418697e-01 -9.447947317e-02 9.833481535e-01 3.218214184e+02 8.661302482e-02 9.902810494e-01 1.088192410e-01 -1.824075053e+01 -9.840722259e-01 1.020640605e-01 -1.455499287e-01 8.534242261e+02
-1.696446643e-01 -8.947024092e-02 9.814355628e-01 3.227877862e+02 8.327519752e-02 9.910072414e-01 1.047372374e-01 -1.814822736e+01 -9.819806156e-01 9.949735383e-02 -1.606684388e-01 8.532011173e+02
-1.851267725e-01 -8.526386490e-02 9.790087596e-01 3.237766430e+02 8.001827222e-02 9.916129791e-01 1.014927380e-01 -1.806219912e+01 -9.794514558e-01 9.712761245e-02 -1.767514432e-01 8.530349383e+02
-1.986970873e-01 -8.507726916e-02 9.763612681e-01 3.247738688e+02 7.943088615e-02 9.915498177e-01 1.025655561e-01 -1.793707352e+01 -9.768368348e-01 9.793271799e-02 -1.902602978e-01 8.528269496e+02
-2.111077842e-01 -8.622519325e-02 9.736522580e-01 3.257837263e+02 8.208817530e-02 9.910188145e-01 1.055615501e-01 -1.779622515e+01 -9.740097715e-01 1.022102022e-01 -2.021337172e-01 8.525574238e+02
-2.208148899e-01 -8.373571735e-02 9.717145229e-01 3.267997747e+02 8.273020488e-02 9.911088006e-01 1.042068067e-01 -1.767031783e+01 -9.718006471e-01 1.034005561e-01 -2.119241076e-01 8.522893863e+02
-2.296807473e-01 -8.586035172e-02 9.694713788e-01 3.278371212e+02 7.852724959e-02 9.912187064e-01 1.063905406e-01 -1.763085145e+01 -9.700928952e-01 1.005657798e-01 -2.209214759e-01 8.520503710e+02
-2.360470191e-01 -8.650851655e-02 9.678832994e-01 3.288961295e+02 7.849988525e-02 9.910766211e-01 1.077260371e-01 -1.753654966e+01 -9.685657297e-01 1.014071379e-01 -2.271497735e-01 8.517681061e+02
-2.430340339e-01 -8.582559458e-02 9.662134473e-01 3.299399570e+02 8.234283820e-02 9.906573884e-01 1.087087660e-01 -1.737379253e+01 -9.665164848e-01 1.059806875e-01 -2.336963383e-01 8.515155446e+02
-2.490566496e-01 -8.854915076e-02 9.644323891e-01 3.310025943e+02 8.047171612e-02 9.904759524e-01 1.117214868e-01 -1.727155484e+01 -9.651399319e-01 1.054345086e-01 -2.395589201e-01 8.512379300e+02
-2.547971290e-01 -9.068276970e-02 9.627331189e-01 3.320716971e+02 7.245339993e-02 9.910042754e-01 1.125212467e-01 -1.719170697e+01 -9.642763753e-01 9.842337830e-02 -2.459347692e-01 8.509688386e+02
-2.612209837e-01 -8.828150317e-02 9.612335688e-01 3.331389630e+02 7.212957733e-02 9.912397999e-01 1.106389770e-01 -1.705665021e+01 -9.625803456e-01 9.823459344e-02 -2.525649281e-01 8.507045000e+02
-2.663010967e-01 -9.028995260e-02 9.596517339e-01 3.342094021e+02 7.062866134e-02 9.910988477e-01 1.128479782e-01 -1.694141100e+01 -9.612987663e-01 9.783045767e-02 -2.575536516e-01 8.503972533e+02
-2.725914377e-01 -9.521038995e-02 9.574073792e-01 3.352903137e+02 6.762746741e-02 9.907343425e-01 1.177794052e-01 -1.682777093e+01 -9.597501934e-01 9.685269373e-02 -2.636268613e-01 8.500866426e+02
-2.809735864e-01 -9.457462134e-02 9.550442318e-01 3.363945639e+02 6.764030950e-02 9.907065161e-01 1.180058789e-01 -1.666243877e+01 -9.573289050e-01 9.775602244e-02 -2.719653063e-01 8.498083894e+02
-2.877995111e-01 -9.309680755e-02 9.531549852e-01 3.374844066e+02 6.782583395e-02 9.907833783e-01 1.172516674e-01 -1.651983830e+01 -9.552858722e-01 9.839350432e-02 -2.788326033e-01 8.494751682e+02
-2.940099323e-01 -9.213892339e-02 9.513509229e-01 3.385913758e+02 6.584335490e-02 9.910257242e-01 1.163299903e-01 -1.638508248e+01 -9.535317574e-01 9.684230900e-02 -2.853046702e-01 8.491278761e+02
-3.038174771e-01 -9.080003818e-02 9.483935331e-01 3.397153335e+02 6.372691329e-02 9.912819596e-01 1.153211046e-01 -1.626160980e+01 -9.505965607e-01 9.547475949e-02 -2.953823779e-01 8.488787194e+02
-3.115498213e-01 -9.102817081e-02 9.458597047e-01 3.408235602e+02 5.929206577e-02 9.915990551e-01 1.149598404e-01 -1.613652272e+01 -9.483781734e-01 9.189769354e-02 -3.035352601e-01 8.485890111e+02
-3.163442195e-01 -9.084499531e-02 9.442846613e-01 3.419162086e+02 5.909388181e-02 9.915838935e-01 1.151924272e-01 -1.599457100e+01 -9.468021166e-01 9.224190463e-02 -3.083134494e-01 8.482202197e+02
-3.219769905e-01 -9.417623728e-02 9.420518319e-01 3.430390604e+02 5.365035382e-02 9.916262866e-01 1.174689207e-01 -1.590110726e+01 -9.452261407e-01 8.836370366e-02 -3.142282590e-01 8.478972558e+02
-3.269152581e-01 -9.371881218e-02 9.403952351e-01 3.441396017e+02 5.028022398e-02 9.919365722e-01 1.163345853e-01 -1.578549876e+01 -9.437151652e-01 8.531483404e-02 -3.195669977e-01 8.475205695e+02
-3.323582757e-01 -9.209740146e-02 9.386458572e-01 3.452444927e+02 4.617925775e-02 9.924382733e-01 1.137266454e-01 -1.567623680e+01 -9.420220023e-01 8.114396073e-02 -3.255920836e-01 8.471336466e+02
-3.367117868e-01 -9.103863998e-02 9.371964248e-01 3.463365453e+02 4.560322171e-02 9.925704554e-01 1.128017605e-01 -1.555621598e+01 -9.405028011e-01 8.072085866e-02 -3.300585163e-01 8.467049542e+02
-3.411139482e-01 -9.320149992e-02 9.353901618e-01 3.474312757e+02 4.398462784e-02 9.924002585e-01 1.149220583e-01 -1.543290214e+01 -9.389923465e-01 8.034430518e-02 -3.344221371e-01 8.462556330e+02
-3.456110255e-01 -9.408616668e-02 9.336491912e-01 3.485259198e+02 4.098046016e-02 9.924982139e-01 1.151863593e-01 -1.527984884e+01 -9.374825977e-01 7.807104927e-02 -3.391626311e-01 8.458055901e+02
-3.509683917e-01 -9.278137551e-02 9.317793754e-01 3.496303289e+02 4.244413082e-02 9.924799821e-01 1.148128077e-01 -1.513733176e+01 -9.354248681e-01 7.984423217e-02 -3.443910783e-01 8.453633887e+02
-3.572745269e-01 -9.156675666e-02 9.295001030e-01 3.507213205e+02 4.229623139e-02 9.925756254e-01 1.140379614e-01 -1.499742914e+01 -9.330412323e-01 8.005721013e-02 -3.507490583e-01 8.449046603e+02
-3.649853389e-01 -9.173222039e-02 9.264830825e-01 3.518318464e+02 4.496443785e-02 9.922360502e-01 1.159561126e-01 -1.489296220e+01 -9.299268260e-01 8.398107202e-02 -3.580269233e-01 8.444900730e+02
-3.716563387e-01 -9.288247759e-02 9.237122990e-01 3.529343894e+02 4.696161507e-02 9.918277560e-01 1.186267644e-01 -1.475224600e+01 -9.271818444e-01 8.746741034e-02 -3.642571613e-01 8.440620441e+02
-3.773845279e-01 -9.379485226e-02 9.212944392e-01 3.540221824e+02 4.530869525e-02 9.917959598e-01 1.195319883e-01 -1.460438960e+01 -9.249475878e-01 8.685217195e-02 -3.700387277e-01 8.436011384e+02
-3.841962671e-01 -9.628076570e-02 9.182174266e-01 3.551150872e+02 4.389303769e-02 9.915181316e-01 1.223323179e-01 -1.446724572e+01 -9.222074764e-01 8.730297200e-02 -3.767115096e-01 8.431407013e+02
-3.924435464e-01 -9.902163306e-02 9.144303030e-01 3.562095564e+02 4.185676077e-02 9.912352718e-01 1.253022244e-01 -1.433555469e+01 -9.188232009e-01 8.744913974e-02 -3.848591606e-01 8.426845953e+02
-3.989901785e-01 -9.776559192e-02 9.117284280e-01 3.572866090e+02 4.536587898e-02 9.909775736e-01 1.261165558e-01 -1.418294176e+01 -9.158322851e-01 9.168062866e-02 -3.909550970e-01 8.421825002e+02
-4.041058714e-01 -9.722459979e-02 9.095305503e-01 3.583765290e+02 4.122259271e-02 9.913892521e-01 1.242901791e-01 -1.405389677e+01 -9.137828750e-01 8.771959857e-02 -3.966183675e-01 8.417033565e+02
-4.104148199e-01 -9.312008583e-02 9.071319227e-01 3.594571479e+02 4.459531558e-02 9.915326099e-01 1.219604088e-01 -1.393226103e+01 -9.108078466e-01 9.050819358e-02 -4.027869579e-01 8.412091852e+02
-4.178415169e-01 -9.571076918e-02 9.034643963e-01 3.605418598e+02 4.240234828e-02 9.912973134e-01 1.246261505e-01 -1.380052962e+01 -9.075298935e-01 9.038299178e-02 -4.101468117e-01 8.407266832e+02
-4.250245631e-01 -9.820059122e-02 8.998392993e-01 3.616218449e+02 4.039625888e-02 9.910496427e-01 1.272350110e-01 -1.366906349e+01 -9.042799694e-01 9.042814624e-02 -4.172535049e-01 8.402308866e+02
-4.321446588e-01 -1.002340587e-01 8.962165628e-01 3.627088315e+02 3.772451348e-02 9.909246035e-01 1.290166314e-01 -1.353509082e+01 -9.010149028e-01 8.956318194e-02 -4.244414935e-01 8.397620214e+02
-4.381244924e-01 -9.985240678e-02 8.933512333e-01 3.637677813e+02 3.588897395e-02 9.910759298e-01 1.283763330e-01 -1.339755916e+01 -8.981975900e-01 8.830627485e-02 -4.306310382e-01 8.392588642e+02
-4.448156699e-01 -9.672589750e-02 8.903836929e-01 3.648244394e+02 3.493555810e-02 9.915205624e-01 1.251658143e-01 -1.324932889e+01 -8.949405157e-01 8.678176678e-02 -4.376647100e-01 8.387524367e+02
-4.506917150e-01 -9.217884311e-02 8.879076748e-01 3.658729367e+02 3.385327465e-02 9.921739136e-01 1.201868583e-01 -1.309596037e+01 -8.920375182e-01 8.422580368e-02 -4.440440070e-01 8.382210551e+02
-4.561649695e-01 -8.888880002e-02 8.854446916e-01 3.669216927e+02 2.928853881e-02 9.929601110e-01 1.147710739e-01 -1.298223221e+01 -8.894131223e-01 7.828792464e-02 -4.503501957e-01 8.376826088e+02
-4.598905186e-01 -8.530055473e-02 8.838690663e-01 3.679693481e+02 3.056168939e-02 9.932651771e-01 1.117598811e-01 -1.285208298e+01 -8.874495445e-01 7.840984156e-02 -4.541863083e-01 8.371485777e+02
-4.624823028e-01 -8.289438032e-02 8.827449469e-01 3.690064391e+02 3.310329441e-02 9.933112785e-01 1.106204131e-01 -1.272404164e+01 -8.860103225e-01 8.038174927e-02 -4.566448104e-01 8.365862369e+02
-4.641588317e-01 -8.182266537e-02 8.819646424e-01 3.700458921e+02 3.722511678e-02 9.930424326e-01 1.117184756e-01 -1.261026744e+01 -8.849694174e-01 8.468635392e-02 -4.578835570e-01 8.360165031e+02
-4.666131141e-01 -8.307014999e-02 8.805518451e-01 3.711072132e+02 3.704173803e-02 9.928706684e-01 1.132949487e-01 -1.250847321e+01 -8.836855275e-01 8.548207958e-02 -4.602094117e-01 8.354862534e+02
-4.676882815e-01 -8.437620727e-02 8.798569924e-01 3.721491645e+02 3.385557732e-02 9.929927834e-01 1.132216060e-01 -1.235569096e+01 -8.832448535e-01 8.274048475e-02 -4.615544832e-01 8.349313615e+02
-4.688634515e-01 -8.775350305e-02 8.789006693e-01 3.732006436e+02 2.943122570e-02 9.929478016e-01 1.148410481e-01 -1.221127281e+01 -8.827801916e-01 7.971189414e-02 -4.629742403e-01 8.343891467e+02
-4.685514607e-01 -9.238226741e-02 8.785926504e-01 3.742489633e+02 2.620192872e-02 9.926266414e-01 1.183461434e-01 -1.209071505e+01 -8.830475568e-01 7.847208036e-02 -4.626760692e-01 8.338285609e+02
-4.700678042e-01 -9.703183542e-02 8.772805038e-01 3.753155274e+02 2.091595657e-02 9.924350747e-01 1.209758044e-01 -1.200198339e+01 -8.823824467e-01 7.521599165e-02 -4.644822628e-01 8.332967860e+02
-4.712456020e-01 -9.389319789e-02 8.769901083e-01 3.763662765e+02 1.728478149e-02 9.931434894e-01 1.156168062e-01 -1.187512711e+01 -8.818326479e-01 6.964249385e-02 -4.663915781e-01 8.327534171e+02
-4.726002090e-01 -8.711474990e-02 8.769606963e-01 3.774112969e+02 1.874337495e-02 9.938836022e-01 1.088304696e-01 -1.174558605e+01 -8.810775950e-01 6.787050580e-02 -4.680767737e-01 8.321989312e+02
-4.726002090e-01 -8.711474990e-02 8.769606963e-01 3.784455074e+02 1.874337495e-02 9.938836022e-01 1.088304696e-01 -1.163069535e+01 -8.810775950e-01 6.787050580e-02 -4.680767737e-01 8.316103980e+02
-4.733470001e-01 -8.828079266e-02 8.764411670e-01 3.794943905e+02 2.212709806e-02 9.934597890e-01 1.120180302e-01 -1.151111405e+01 -8.805980973e-01 7.241649821e-02 -4.682978131e-01 8.310201326e+02
-4.740718479e-01 -8.878109435e-02 8.759987445e-01 3.805524993e+02 2.773674667e-02 9.929038794e-01 1.156397819e-01 -1.135697308e+01 -8.800491781e-01 7.911892036e-02 -4.682452782e-01 8.304596604e+02
-4.749691188e-01 -8.894462816e-02 8.754959676e-01 3.816142442e+02 2.912249936e-02 9.927453411e-01 1.166557664e-01 -1.120139610e+01 -8.795204467e-01 8.090451733e-02 -4.689330900e-01 8.299191330e+02
-4.746718264e-01 -8.826925441e-02 8.757255254e-01 3.826838893e+02 2.677812781e-02 9.930496292e-01 1.146096240e-01 -1.106456170e+01 -8.797554143e-01 7.785224960e-02 -4.690089958e-01 8.293736344e+02
-4.745627967e-01 -8.533080322e-02 8.760757992e-01 3.837427944e+02 2.766727456e-02 9.933521626e-01 1.117407845e-01 -1.092855511e+01 -8.797867207e-01 7.726664888e-02 -4.690471096e-01 8.288049878e+02
-4.735588495e-01 -8.096677313e-02 8.770327233e-01 3.848065551e+02 3.306337408e-02 9.934295581e-01 1.095651696e-01 -1.077352616e+01 -8.801413690e-01 8.088321665e-02 -4.677703239e-01 8.282350940e+02
-4.738863030e-01 -7.786786716e-02 8.771364586e-01 3.859026591e+02 3.676931816e-02 9.934641626e-01 1.080600524e-01 -1.063350649e+01 -8.798180431e-01 8.345988826e-02 -4.679259108e-01 8.277017402e+02
-4.753222628e-01 -7.738625097e-02 8.764017998e-01 3.870159368e+02 3.541604213e-02 9.936338688e-01 1.069459616e-01 -1.050137290e+01 -8.790986580e-01 8.187247952e-02 -4.695555842e-01 8.271860352e+02
-4.749468164e-01 -7.566521357e-02 8.767555515e-01 3.881059182e+02 3.644830138e-02 9.937504293e-01 1.055064242e-01 -1.036654467e+01 -8.792593718e-01 8.206619088e-02 -4.692207341e-01 8.266110798e+02
-4.744474624e-01 -7.290307260e-02 8.772597947e-01 3.891658534e+02 3.668651473e-02 9.940613349e-01 1.024507792e-01 -1.023415955e+01 -8.795190191e-01 8.079111657e-02 -4.689553182e-01 8.259675335e+02
-4.745309361e-01 -7.080542777e-02 8.773864497e-01 3.902668808e+02 3.614225621e-02 9.943516991e-01 9.979196296e-02 -1.010485891e+01 -8.794965196e-01 7.906509946e-02 -4.692915747e-01 8.253883068e+02
-4.749896139e-01 -6.704948830e-02 8.774333210e-01 3.913578100e+02 4.272027609e-02 9.941604861e-01 9.909543807e-02 -9.962818138e+00 -8.789538354e-01 8.455349759e-02 -4.693515328e-01 8.247660798e+02
-4.752193570e-01 -6.612207710e-02 8.773792986e-01 3.924810221e+02 4.449796000e-02 9.940900790e-01 9.901942402e-02 -9.826466537e+00 -8.787414263e-01 8.609753595e-02 -4.694685507e-01 8.241842088e+02
-4.766851894e-01 -6.529155152e-02 8.766460195e-01 3.935908051e+02 4.583499112e-02 9.940354639e-01 9.895782014e-02 -9.690061078e+00 -8.778783423e-01 8.735278975e-02 -4.708493457e-01 8.235639112e+02
-4.796203336e-01 -6.687853720e-02 8.749237663e-01 3.947458317e+02 4.526371268e-02 9.938781297e-01 1.007842235e-01 -9.538747912e+00 -8.763078979e-01 8.794046089e-02 -4.736569892e-01 8.230141934e+02
-4.812181895e-01 -6.902234332e-02 8.738792652e-01 3.958843140e+02 4.102328284e-02 9.940298613e-01 1.011025479e-01 -9.398217767e+00 -8.756404196e-01 8.450178131e-02 -4.755137270e-01 8.224171085e+02
-4.848790143e-01 -6.515216480e-02 8.721510975e-01 3.970887761e+02 4.764371274e-02 9.937728326e-01 1.007255372e-01 -9.222896102e+00 -8.732825534e-01 9.039221555e-02 -4.787555005e-01 8.219538538e+02
-4.854197865e-01 -6.672768869e-02 8.717310631e-01 3.981756330e+02 4.106874705e-02 9.942421362e-01 9.897440372e-02 -9.139344527e+00 -8.733160876e-01 8.384503646e-02 -4.798843829e-01 8.212297507e+02
-4.881703884e-01 -6.768878012e-02 8.701194751e-01 3.993436497e+02 4.333180814e-02 9.938784061e-01 1.016271041e-01 -9.014997307e+00 -8.716719717e-01 8.731519305e-02 -4.822489303e-01 8.206320867e+02
-4.916242977e-01 -6.972653045e-02 8.680113829e-01 4.005309665e+02 4.575498315e-02 9.933438841e-01 1.057090792e-01 -8.885443073e+00 -8.696045259e-01 9.168499803e-02 -4.851616532e-01 8.200625375e+02
-4.927796667e-01 -7.225148084e-02 8.671493087e-01 4.017055363e+02 4.865275667e-02 9.927000764e-01 1.103606251e-01 -8.738940479e+00 -8.687929036e-01 9.657267637e-02 -4.856671791e-01 8.194720057e+02
-4.942677613e-01 -7.234075412e-02 8.662945200e-01 4.028579390e+02 4.849042659e-02 9.926856589e-01 1.105615718e-01 -8.564143087e+00 -8.679562539e-01 9.665401140e-02 -4.871446842e-01 8.188699244e+02
-4.951731071e-01 -7.735084167e-02 8.653441173e-01 4.039625186e+02 4.258884025e-02 9.926701264e-01 1.131026561e-01 -8.443415315e+00 -8.677498399e-01 9.285939602e-02 -4.882492681e-01 8.181851293e+02
-4.962213129e-01 -7.700627703e-02 8.647742144e-01 4.050774762e+02 4.559850843e-02 9.923723053e-01 1.145337670e-01 -8.318785745e+00 -8.669977997e-01 9.626651053e-02 -4.889249168e-01 8.175355813e+02
-4.993915769e-01 -7.676176009e-02 8.629691101e-01 4.062578032e+02 4.562576529e-02 9.923548696e-01 1.146738952e-01 -8.162815660e+00 -8.651741688e-01 9.664080343e-02 -4.920713492e-01 8.170545727e+02
-5.014665037e-01 -7.717559522e-02 8.617280738e-01 4.073856330e+02 4.447495475e-02 9.923972082e-01 1.147595724e-01 -8.023608017e+00 -8.640331730e-01 9.587339865e-02 -4.942215772e-01 8.164524813e+02
-5.037004568e-01 -8.205507324e-02 8.599725663e-01 4.085225154e+02 3.955622891e-02 9.922438971e-01 1.178446153e-01 -7.906062676e+00 -8.629722791e-01 9.337565824e-02 -4.965479150e-01 8.158860422e+02
-5.052108540e-01 -8.478190318e-02 8.588212980e-01 4.096004190e+02 3.648932099e-02 9.921740795e-01 1.194115796e-01 -7.788174189e+00 -8.622241718e-01 9.166583211e-02 -4.981634800e-01 8.152210809e+02
-5.075913142e-01 -8.470622771e-02 8.574239982e-01 4.107343176e+02 3.673975722e-02 9.921224705e-01 1.197630738e-01 -7.652207487e+00 -8.608142935e-01 9.229224554e-02 -5.004806624e-01 8.146784163e+02
-5.089806031e-01 -8.434742359e-02 8.566354288e-01 4.118130106e+02 3.614025357e-02 9.922158591e-01 1.191703448e-01 -7.529854225e+00 -8.600189694e-01 9.161441558e-02 -5.019702891e-01 8.140501281e+02
-5.107211511e-01 -8.395290375e-02 8.556376662e-01 4.129241177e+02 3.645580999e-02 9.922111738e-01 1.191132257e-01 -7.371134853e+00 -8.589731543e-01 9.202660789e-02 -5.036826617e-01 8.134908734e+02
-5.124770092e-01 -8.840141589e-02 8.541384576e-01 4.140120757e+02 3.323209218e-02 9.918998204e-01 1.225984275e-01 -7.238263545e+00 -8.580576572e-01 9.121368340e-02 -5.053880893e-01 8.128923167e+02
-5.139603610e-01 -9.377881460e-02 8.526724349e-01 4.150925219e+02 2.942951698e-02 9.914934620e-01 1.267857178e-01 -7.117239098e+00 -8.573089588e-01 9.025657121e-02 -5.068284725e-01 8.122860469e+02
-5.155563161e-01 -9.923640868e-02 8.510897838e-01 4.161736785e+02 2.625059703e-02 9.909753735e-01 1.314485268e-01 -6.974974037e+00 -8.564534962e-01 9.011073318e-02 -5.082985979e-01 8.117012573e+02
-5.173631624e-01 -1.023523013e-01 8.496230721e-01 4.172712748e+02 2.162644054e-02 9.909409457e-01 1.325456118e-01 -6.815523244e+00 -8.554926389e-01 8.694853973e-02 -5.104628255e-01 8.111803114e+02
-5.183525636e-01 -1.056739802e-01 8.486127678e-01 4.183217322e+02 1.460751952e-02 9.910968051e-01 1.323395000e-01 -6.661693900e+00 -8.550422447e-01 8.099464668e-02 -5.121939350e-01 8.105844932e+02
-5.207152638e-01 -1.031304615e-01 8.474784492e-01 4.193891049e+02 1.465888695e-02 9.914504907e-01 1.296574007e-01 -6.497674844e+00 -8.536045519e-01 7.993767839e-02 -5.147516261e-01 8.100496789e+02
-5.219263555e-01 -1.045979092e-01 8.465531034e-01 4.204329369e+02 9.190829888e-03 9.917058708e-01 1.281990421e-01 -6.347498190e+00 -8.529410343e-01 7.469098440e-02 -5.166360893e-01 8.094830538e+02
-5.223443598e-01 -1.024681110e-01 8.465557607e-01 4.214613873e+02 1.294200896e-02 9.916870764e-01 1.280204941e-01 -6.198646736e+00 -8.526364256e-01 7.782691527e-02 -5.166760078e-01 8.089177683e+02
-5.228306268e-01 -1.039704812e-01 8.460722633e-01 4.224537838e+02 1.271022580e-02 9.914728005e-01 1.296924674e-01 -6.072778074e+00 -8.523418245e-01 7.856096356e-02 -5.170508575e-01 8.083139566e+02
-5.246909524e-01 -1.049121512e-01 8.448034357e-01 4.234428491e+02 9.567750043e-03 9.915876435e-01 1.290829322e-01 -5.965339159e+00 -8.512390162e-01 7.581151476e-02 -5.192732918e-01 8.077359993e+02
-5.245910172e-01 -1.066755758e-01 8.446446508e-01 4.244067517e+02 9.527224147e-03 9.913210629e-01 1.311174365e-01 -5.863877511e+00 -8.513010611e-01 7.683014832e-02 -5.190218027e-01 8.071576994e+02
-5.233015025e-01 -1.069914356e-01 8.454042644e-01 4.253046986e+02 9.745583334e-03 9.912703589e-01 1.314842163e-01 -5.753148423e+00 -8.520918736e-01 7.704484563e-02 -5.176905742e-01 8.065264597e+02
-5.233015025e-01 -1.069914356e-01 8.454042644e-01 4.262350656e+02 9.745583334e-03 9.912703589e-01 1.314842163e-01 -5.604763321e+00 -8.520918736e-01 7.704484563e-02 -5.176905742e-01 8.059948988e+02
-5.240437802e-01 -1.083130155e-01 8.447759508e-01 4.271515752e+02 7.845984536e-03 9.912243832e-01 1.319570488e-01 -5.487759026e+00 -8.516551866e-01 7.577936972e-02 -5.185951506e-01 8.054832547e+02
-5.242795637e-01 -1.078180132e-01 8.446929709e-01 4.280691684e+02 8.761458994e-03 9.912165158e-01 1.319585377e-01 -5.373658733e+00 -8.515011309e-01 7.658390743e-02 -5.187299193e-01 8.050299069e+02
-5.242136917e-01 -1.075071643e-01 8.447734697e-01 4.289104065e+02 9.634011080e-03 9.911871426e-01 1.321182584e-01 -5.270750036e+00 -8.515322609e-01 7.739675693e-02 -5.185581459e-01 8.044965960e+02
-5.253761334e-01 -1.063851902e-01 8.441931709e-01 4.297820547e+02 1.209412037e-02 9.911189165e-01 1.324274355e-01 -5.145448163e+00 -8.507841387e-01 7.978398783e-02 -5.194235887e-01 8.040767648e+02
-5.237412293e-01 -1.098795610e-01 8.447612721e-01 4.305733061e+02 9.892999691e-03 9.907951233e-01 1.350079706e-01 -5.035503029e+00 -8.518199653e-01 7.906646349e-02 -5.178332174e-01 8.035700001e+02
-5.235938939e-01 -1.101773443e-01 8.448138180e-01 4.313328527e+02 1.237721995e-02 9.905144343e-01 1.368501369e-01 -4.905644785e+00 -8.518780656e-01 8.211034248e-02 -5.172636204e-01 8.030644250e+02
-5.226360275e-01 -1.099819052e-01 8.454321755e-01 4.320520988e+02 1.369732159e-02 9.904330634e-01 1.373125277e-01 -4.797895544e+00 -8.524458729e-01 8.334463038e-02 -5.161295442e-01 8.025481960e+02
-5.203871664e-01 -1.069048932e-01 8.472122171e-01 4.327333185e+02 1.218068600e-02 9.911023586e-01 1.325433725e-01 -4.653941327e+00 -8.538435617e-01 7.929349605e-02 -5.144547731e-01 8.020358776e+02
-5.205325601e-01 -1.024574797e-01 8.476722944e-01 4.334758594e+02 1.391893317e-02 9.916242514e-01 1.284040781e-01 -4.542487443e+00 -8.537283626e-01 7.863719753e-02 -5.147466115e-01 8.016512932e+02
-5.238645689e-01 -9.803588816e-02 8.461411691e-01 4.342390039e+02 1.486284722e-02 9.921515286e-01 1.241549037e-01 -4.415704980e+00 -8.516718906e-01 7.761642201e-02 -5.182959404e-01 8.013704613e+02
-5.221697107e-01 -9.655605295e-02 8.473580836e-01 4.349090539e+02 1.641612134e-02 9.922482626e-01 1.231823702e-01 -4.315357376e+00 -8.526835897e-01 7.823243571e-02 -5.165369123e-01 8.009249691e+02
-5.224663316e-01 -9.677739883e-02 8.471499675e-01 4.355775040e+02 1.682909155e-02 9.921739728e-01 1.237238435e-01 -4.224367649e+00 -8.524938205e-01 7.889830700e-02 -5.167488201e-01 8.005224775e+02
-5.238739181e-01 -9.677895209e-02 8.462800673e-01 4.362422532e+02 1.723578247e-02 9.921167537e-01 1.241260438e-01 -4.124097474e+00 -8.516214216e-01 7.961269604e-02 -5.180760301e-01 8.001496993e+02
-5.238134624e-01 -9.483445485e-02 8.465375850e-01 4.368955744e+02 1.821187811e-02 9.923095818e-01 1.224337430e-01 -4.024579513e+00 -8.516382942e-01 7.954948217e-02 -5.180580043e-01 7.997860451e+02
-5.231061697e-01 -9.343868252e-02 8.471299474e-01 4.375148806e+02 1.888389576e-02 9.924571109e-01 1.211291935e-01 -3.926998551e+00 -8.520582924e-01 7.936054205e-02 -5.173959516e-01 7.993842586e+02
-5.250127731e-01 -9.233957875e-02 8.460703223e-01 4.381662904e+02 1.805516548e-02 9.926648864e-01 1.195426045e-01 -3.827476918e+00 -8.509028141e-01 7.803733398e-02 -5.194945384e-01 7.990401851e+02
-5.250431971e-01 -9.214751019e-02 8.460723831e-01 4.388023241e+02 1.839396931e-02 9.926604986e-01 1.195273878e-01 -3.755346821e+00 -8.508767849e-01 7.831967130e-02 -5.194946834e-01 7.986835020e+02
-5.669007950e-01 -8.301816248e-02 8.195922604e-01 4.392872538e+02 1.436779230e-02 9.937613520e-01 1.105981091e-01 -3.620429791e+00 -8.236607646e-01 7.447388736e-02 -5.621713128e-01 7.991990728e+02
-5.669436171e-01 -8.157059118e-02 8.197079807e-01 4.398541931e+02 1.277372345e-02 9.940949824e-01 1.077589806e-01 -3.533843433e+00 -8.236575545e-01 7.156398928e-02 -5.625538449e-01 7.987837171e+02
-5.670237011e-01 -7.965062208e-02 8.198413876e-01 4.404229354e+02 1.298279755e-02 9.943258804e-01 1.055816773e-01 -3.445618636e+00 -8.235991558e-01 7.051114820e-02 -5.627722529e-01 7.983927833e+02
-5.670427711e-01 -7.955161757e-02 8.198378107e-01 4.409848070e+02 1.315915248e-02 9.943233058e-01 1.055840906e-01 -3.403186498e+00 -8.235832274e-01 7.065906606e-02 -5.627770108e-01 7.979887062e+02
-5.672666312e-01 -7.884592442e-02 8.197511143e-01 4.415712759e+02 1.248766235e-02 9.944683030e-01 1.042921508e-01 -3.336137552e+00 -8.234395105e-01 6.939823216e-02 -5.631440828e-01 7.976310845e+02
-5.675072484e-01 -7.659792859e-02 8.197977069e-01 4.421364219e+02 1.186617415e-02 9.947990352e-01 1.011635976e-01 -3.250540541e+00 -8.232828900e-01 6.713893725e-02 -5.636467389e-01 7.972348847e+02
-5.674315783e-01 -7.694980374e-02 8.198171330e-01 4.426927552e+02 1.076672083e-02 9.948453636e-01 1.008304530e-01 -3.212380991e+00 -8.233501574e-01 6.604112528e-02 -5.636781778e-01 7.968056703e+02
-5.682008047e-01 -7.771791291e-02 8.192116769e-01 4.432968518e+02 9.718813481e-03 9.948268361e-01 1.011192899e-01 -3.133232553e+00 -8.228325408e-01 6.541782739e-02 -5.645060829e-01 7.964264620e+02
-5.726302126e-01 -7.539964407e-02 8.163391043e-01 4.439471985e+02 8.193332442e-03 9.951855440e-01 9.766576791e-02 -3.019456280e+00 -8.197728398e-01 6.261490711e-02 -5.692555354e-01 7.961259126e+02
-5.721482690e-01 -7.279211777e-02 8.169134996e-01 4.445229813e+02 9.186405513e-03 9.954222476e-01 9.513232370e-02 -2.958650340e+00 -8.200987552e-01 6.193429301e-02 -5.688604179e-01 7.956708316e+02
-5.722244474e-01 -6.861539798e-02 8.172215788e-01 4.451280161e+02 1.032189492e-02 9.958122206e-01 9.083765575e-02 -2.858845632e+00 -8.200320971e-01 6.041480263e-02 -5.691198568e-01 7.952473444e+02
-5.759630543e-01 -6.589935725e-02 8.148152151e-01 4.457850513e+02 1.086069524e-02 9.960406309e-01 8.823325245e-02 -2.794061852e+00 -8.174035756e-01 5.966855330e-02 -5.729668912e-01 7.948859798e+02
-5.772812282e-01 -6.432026432e-02 8.140081616e-01 4.464222154e+02 1.289901835e-02 9.960499855e-01 8.785238633e-02 -2.699769742e+00 -8.164435063e-01 6.121543969e-02 -5.741712907e-01 7.944606895e+02
-5.785480445e-01 -6.441980339e-02 8.131003930e-01 4.470838336e+02 1.800636117e-02 9.956245250e-01 9.169283625e-02 -2.643765745e+00 -8.154495271e-01 6.768969045e-02 -5.748566557e-01 7.940427707e+02
-5.800116431e-01 -6.689507882e-02 8.118568484e-01 4.477689531e+02 1.844596354e-02 9.952884264e-01 9.518768180e-02 -2.587397018e+00 -8.143993126e-01 7.018544554e-02 -5.760449313e-01 7.936400543e+02
-5.788949565e-01 -6.917947732e-02 8.124622018e-01 4.483935996e+02 1.749566562e-02 9.951113077e-01 9.719766970e-02 -2.507476861e+00 -8.152144080e-01 7.048180778e-02 -5.748545761e-01 7.931322953e+02
-5.790603287e-01 -7.060504587e-02 8.122216836e-01 4.490472340e+02 1.845355664e-02 9.948527185e-01 9.963701541e-02 -2.425681048e+00 -8.150758259e-01 7.268422173e-02 -5.747768279e-01 7.926284612e+02
-5.778561574e-01 -7.179922412e-02 8.129742510e-01 4.497105890e+02 1.910081531e-02 9.946601269e-01 1.014218458e-01 -2.354141090e+00 -8.159150815e-01 7.413570910e-02 -5.733990551e-01 7.921135083e+02
-5.777278296e-01 -7.295540232e-02 8.129625232e-01 4.504319163e+02 1.711457704e-02 9.946958039e-01 1.014265697e-01 -2.283274844e+00 -8.160500267e-01 7.251046170e-02 -5.734148471e-01 7.916598462e+02
-5.780284637e-01 -7.149805256e-02 8.128782957e-01 4.511646014e+02 1.548340348e-02 9.950138026e-01 9.852815299e-02 -2.184389202e+00 -8.158696951e-01 6.953819954e-02 -5.740392665e-01 7.912050453e+02
-5.755515883e-01 -7.061287694e-02 8.147111088e-01 4.518897766e+02 1.606943113e-02 9.950960330e-01 9.759947972e-02 -2.107842512e+00 -8.176075725e-01 6.926547962e-02 -5.715943936e-01 7.907040793e+02
-5.742722405e-01 -7.135934201e-02 8.155484278e-01 4.526253890e+02 1.574718807e-02 9.950466765e-01 9.815364282e-02 -2.045125642e+00 -8.185129320e-01 6.920950685e-02 -5.703039754e-01 7.901921370e+02
-5.737707852e-01 -6.982292000e-02 8.160342186e-01 4.533726933e+02 1.649987725e-02 9.951717460e-01 9.675200247e-02 -1.941273004e+00 -8.188497055e-01 6.897793686e-02 -5.698484045e-01 7.896874898e+02
-5.723219646e-01 -7.210122972e-02 8.168530967e-01 4.541263832e+02 1.398320987e-02 9.951241564e-01 9.763392447e-02 -1.858101748e+00 -8.199097747e-01 6.730026775e-02 -5.685232056e-01 7.891645540e+02
-5.715092797e-01 -7.146805900e-02 8.174774980e-01 4.548950889e+02 1.320217941e-02 9.952704591e-01 9.624144533e-02 -1.759675384e+00 -8.204893940e-01 6.579536369e-02 -5.678627690e-01 7.886431341e+02
-5.688932730e-01 -7.036448346e-02 8.193956819e-01 4.556548558e+02 1.364024850e-02 9.953887924e-01 9.494785676e-02 -1.671212814e+00 -8.222982352e-01 6.519195771e-02 -5.653101990e-01 7.880823101e+02
-5.691375792e-01 -6.925466821e-02 8.193205764e-01 4.564694593e+02 1.101796197e-02 9.957148193e-01 9.181831607e-02 -1.578875927e+00 -8.221684867e-01 6.128449709e-02 -5.659356765e-01 7.875826380e+02
-5.690616081e-01 -6.778086754e-02 8.194965773e-01 4.572786809e+02 1.422075020e-02 9.956366935e-01 9.222442645e-02 -1.472219871e+00 -8.221719142e-01 6.413523653e-02 -5.656147231e-01 7.870449506e+02
-5.690984859e-01 -7.297905079e-02 8.190244023e-01 4.580997697e+02 1.171696528e-02 9.952327823e-01 9.682159743e-02 -1.390141003e+00 -8.221858829e-01 6.469750498e-02 -5.655303765e-01 7.864867211e+02
-5.689245770e-01 -7.473569072e-02 8.189868145e-01 4.589306165e+02 1.611448391e-02 9.946579126e-01 1.019605818e-01 -1.310472019e+00 -8.222318099e-01 7.120543070e-02 -5.646810051e-01 7.859174713e+02
-5.680419342e-01 -7.449081794e-02 8.196215463e-01 4.597846603e+02 1.517184711e-02 9.947783722e-01 1.009247504e-01 -1.200056991e+00 -8.228597548e-01 6.976466322e-02 -5.639456673e-01 7.853686056e+02
-5.680441928e-01 -7.447322307e-02 8.196215798e-01 4.606264784e+02 1.520324209e-02 9.947778529e-01 1.009251444e-01 -1.109350532e+00 -8.228576161e-01 6.979084751e-02 -5.639455481e-01 7.847791732e+02
-5.696932974e-01 -7.503978888e-02 8.184244479e-01 4.615068185e+02 1.555594974e-02 9.946600182e-01 1.020267641e-01 -9.891964987e-01 -8.217101431e-01 7.085533324e-02 -5.654838304e-01 7.842158105e+02
-5.697830892e-01 -7.859512892e-02 8.180281394e-01 4.624038506e+02 1.419334668e-02 9.943265148e-01 1.054197837e-01 -8.777001755e-01 -8.216725504e-01 7.167696702e-02 -5.654349054e-01 7.836456227e+02
-5.707604019e-01 -7.608437755e-02 8.175840820e-01 4.632857852e+02 1.470043427e-02 9.945914341e-01 1.028191446e-01 -7.696041870e-01 -8.209850552e-01 7.070393734e-02 -5.665549332e-01 7.830557246e+02
-5.717839979e-01 -7.457682468e-02 8.170075624e-01 4.641680697e+02 1.141583613e-02 9.950401286e-01 9.881710936e-02 -6.797007180e-01 -8.203247762e-01 6.582886630e-02 -5.680966660e-01 7.824404938e+02
-5.736786188e-01 -7.248016795e-02 8.158673101e-01 4.650628991e+02 8.722236969e-03 9.954800328e-01 9.456969273e-02 -5.647769151e-01 -8.190340438e-01 6.136879872e-02 -5.704534211e-01 7.818216431e+02
-5.747362720e-01 -7.414955009e-02 8.149724302e-01 4.659792895e+02 5.081236214e-03 9.955439130e-01 9.416208592e-02 -4.620819071e-01 -8.183229184e-01 5.825943365e-02 -5.717984257e-01 7.811996273e+02
-5.762198093e-01 -7.899407256e-02 8.134682955e-01 4.668910418e+02 -5.283590246e-04 9.953539255e-01 9.628231329e-02 -3.691007008e-01 -8.172945933e-01 5.504997289e-02 -5.735843864e-01 7.805657941e+02
-5.785004314e-01 -8.379866462e-02 8.113661533e-01 4.677989084e+02 -4.517704657e-03 9.950227268e-01 9.954578626e-02 -2.733492114e-01 -8.156695662e-01 5.392176764e-02 -5.759996543e-01 7.799067508e+02
-5.809660563e-01 -8.833236365e-02 8.091204082e-01 4.687244530e+02 -8.867063591e-03 9.947214899e-01 1.022278471e-01 -1.843495505e-01 -8.138794853e-01 5.221638708e-02 -5.786826698e-01 7.792539554e+02
-5.833630762e-01 -8.642072359e-02 8.076007553e-01 4.696616338e+02 -8.767467340e-03 9.949353165e-01 1.001341476e-01 -4.660092163e-02 -8.121641785e-01 5.133395115e-02 -5.811662177e-01 7.785990804e+02
-5.861765009e-01 -8.675116171e-02 8.055255090e-01 4.705768723e+02 -1.266984605e-02 9.951108023e-01 9.794879395e-02 4.496260007e-02 -8.100843072e-01 4.720939711e-02 -5.844096919e-01 7.779022141e+02
-5.898446268e-01 -9.097814161e-02 8.023754071e-01 4.714853993e+02 -1.889515024e-02 9.949160498e-01 9.891929603e-02 1.193402105e-01 -8.072956643e-01 4.318601138e-02 -5.885649318e-01 7.771753061e+02
-5.933302527e-01 -9.367872513e-02 7.994895294e-01 4.724266465e+02 -2.465467668e-02 9.948540346e-01 9.827307202e-02 2.094106145e-01 -8.045814801e-01 3.859723080e-02 -5.925866145e-01 7.764755811e+02
-5.966790141e-01 -9.186398282e-02 7.972045928e-01 4.733785116e+02 -2.443984025e-02 9.950455457e-01 9.636937347e-02 3.126400348e-01 -8.021077535e-01 3.801802986e-02 -5.959679363e-01 7.757828751e+02
-5.999232467e-01 -9.084964672e-02 7.948826579e-01 4.743203837e+02 -2.224862010e-02 9.950420357e-01 9.693475163e-02 4.176758869e-01 -7.997481460e-01 4.046836864e-02 -5.989701279e-01 7.750560077e+02
-6.040483278e-01 -9.299170511e-02 7.915037337e-01 4.753204942e+02 -2.065863019e-02 9.946623339e-01 1.010943247e-01 5.264551684e-01 -7.966798847e-01 4.471447483e-02 -6.027452008e-01 7.743899331e+02
-6.095867026e-01 -9.724190528e-02 7.867325237e-01 4.763214382e+02 -2.102093244e-02 9.940815793e-01 1.065829915e-01 6.492546712e-01 -7.924406429e-01 4.843372311e-02 -6.080230275e-01 7.737100107e+02
-6.135091515e-01 -9.995866537e-02 7.833356791e-01 4.772527106e+02 -2.157656182e-02 9.937079057e-01 1.099047320e-01 7.950377554e-01 -7.893927875e-01 5.052586817e-02 -6.118056584e-01 7.729316254e+02
-6.174837374e-01 -9.920561071e-02 7.803025573e-01 4.781983939e+02 -1.962209480e-02 9.936487584e-01 1.108021583e-01 9.300691398e-01 -7.863388630e-01 5.310736007e-02 -6.155085709e-01 7.721660801e+02
-6.213761010e-01 -9.723253613e-02 7.774558348e-01 4.791490196e+02 -1.902266723e-02 9.938496126e-01 1.090920973e-01 1.034847210e+00 -7.832814815e-01 5.299793842e-02 -6.194040194e-01 7.714025052e+02
-6.265620390e-01 -9.195088507e-02 7.739283210e-01 4.801432709e+02 -1.705730077e-02 9.943958829e-01 1.043354045e-01 1.146632562e+00 -7.791848688e-01 5.217147561e-02 -6.246191458e-01 7.707076084e+02
-6.295314307e-01 -9.123017986e-02 7.716004355e-01 4.810409325e+02 -2.001209538e-02 9.946570842e-01 1.012758651e-01 1.254856212e+00 -7.767172548e-01 4.831499877e-02 -6.279936043e-01 7.698965310e+02
-6.350597123e-01 -9.439885152e-02 7.666733455e-01 4.820411740e+02 -2.105153564e-02 9.942512422e-01 1.049823809e-01 1.374946908e+00 -7.721761423e-01 5.053042938e-02 -6.333961486e-01 7.692107271e+02
-6.393861267e-01 -1.005562098e-01 7.622819882e-01 4.829875513e+02 -2.443162163e-02 9.935676156e-01 1.105734558e-01 1.486923689e+00 -7.684975451e-01 5.207534850e-02 -6.377301006e-01 7.684641101e+02
-6.450794387e-01 -9.233542549e-02 7.585161086e-01 4.839327509e+02 -1.582823027e-02 9.940737643e-01 1.075491439e-01 1.653403616e+00 -7.639515593e-01 5.737177373e-02 -6.427180522e-01 7.677394962e+02
-6.478040939e-01 -8.708523422e-02 7.568130667e-01 4.848236435e+02 -1.402822625e-02 9.946398598e-01 1.024439273e-01 1.787724368e+00 -7.616777959e-01 5.574685055e-02 -6.455534245e-01 7.669618290e+02
-6.530636625e-01 -8.602449835e-02 7.524012483e-01 4.857247521e+02 -1.281006931e-02 9.946400358e-01 1.026016630e-01 1.863833143e+00 -7.571946611e-01 5.736710570e-02 -6.506652445e-01 7.661922759e+02
-6.566853938e-01 -8.680865130e-02 7.491518882e-01 4.866243925e+02 -1.217553523e-02 9.944441124e-01 1.045593788e-01 1.965079560e+00 -7.540663432e-01 5.954129161e-02 -6.540938653e-01 7.654327230e+02
-6.602709436e-01 -8.753186386e-02 7.459091458e-01 4.874952250e+02 -1.352458537e-02 9.944096326e-01 1.047213837e-01 2.074233084e+00 -7.509056976e-01 5.905637489e-02 -6.577636186e-01 7.646561984e+02
-6.632289477e-01 -8.617948026e-02 7.434382692e-01 4.883520227e+02 -1.159253267e-02 9.944119809e-01 1.049305742e-01 2.175012023e+00 -7.483267843e-01 6.097466186e-02 -6.605218502e-01 7.638810671e+02
-6.658816070e-01 -8.537297398e-02 7.411566236e-01 4.892163691e+02 -1.167518954e-02 9.945018525e-01 1.040661101e-01 2.277262006e+00 -7.459660685e-01 6.064256458e-02 -6.632172374e-01 7.631199385e+02
-6.672112374e-01 -8.512481018e-02 7.399884670e-01 4.900540544e+02 -9.145393390e-03 9.943096951e-01 1.061347822e-01 2.353114423e+00 -7.448124102e-01 6.404683376e-02 -6.641931019e-01 7.623379422e+02
-6.685863566e-01 -8.581330992e-02 7.386666093e-01 4.909219388e+02 -7.037169064e-03 9.940050695e-01 1.091072872e-01 2.403491783e+00 -7.436012117e-01 6.774952180e-02 -6.651821106e-01 7.615980217e+02
-6.673102716e-01 -8.336741727e-02 7.400992333e-01 4.917526177e+02 -3.060676508e-03 9.940140289e-01 1.092096273e-01 2.507402787e+00 -7.447735453e-01 7.061150172e-02 -6.635709322e-01 7.608247617e+02
-6.675945931e-01 -8.051175346e-02 7.401589807e-01 4.925963660e+02 1.261618473e-03 9.940120876e-01 1.092628853e-01 2.589317081e+00 -7.445239201e-01 7.387710969e-02 -6.634955200e-01 7.600770251e+02
-6.667126234e-01 -8.098438339e-02 7.409020228e-01 4.934535599e+02 1.187325883e-03 9.939625297e-01 1.097136264e-01 2.700801045e+00 -7.453139392e-01 7.402715183e-02 -6.625912109e-01 7.593623473e+02
-6.641499371e-01 -7.899269382e-02 7.434144304e-01 4.942757138e+02 6.560453619e-03 9.937480226e-01 1.114532551e-01 2.811197294e+00 -7.475706131e-01 7.889880823e-02 -6.594794588e-01 7.586173069e+02
-6.624194567e-01 -7.766494154e-02 7.450963832e-01 4.950983801e+02 8.640079950e-03 9.937532142e-01 1.112649910e-01 2.922751773e+00 -7.490833147e-01 8.014178719e-02 -6.576104329e-01 7.578936270e+02
-6.596474292e-01 -7.539734621e-02 7.477837316e-01 4.959264565e+02 1.267411500e-02 9.936978952e-01 1.113726176e-01 3.033140050e+00 -7.514683200e-01 8.294415791e-02 -6.545346673e-01 7.571816231e+02
-6.564050348e-01 -7.220138645e-02 7.509456639e-01 4.967393109e+02 1.650446557e-02 9.937970360e-01 1.099775152e-01 3.170131460e+00 -7.542281041e-01 8.458375152e-02 -6.511417327e-01 7.564733764e+02
-6.542431364e-01 -6.929185844e-02 7.531032843e-01 4.975554445e+02 2.337066496e-02 9.934659923e-01 1.117100453e-01 3.252919168e+00 -7.559230983e-01 9.068605497e-02 -6.483489099e-01 7.557803528e+02
-6.512422100e-01 -7.334020481e-02 7.553176804e-01 4.983816855e+02 2.217828023e-02 9.930544548e-01 1.155464139e-01 3.335682763e+00 -7.585457849e-01 9.200034913e-02 -6.450924181e-01 7.551207700e+02
-6.475359000e-01 -7.241237303e-02 7.585866506e-01 4.991526312e+02 2.284221120e-02 9.931831178e-01 1.143045401e-01 3.471102054e+00 -7.616925178e-01 9.134408972e-02 -6.414676653e-01 7.544366674e+02
-6.431451292e-01 -6.973827667e-02 7.625620732e-01 4.999194911e+02 2.277584108e-02 9.936615111e-01 1.100820715e-01 3.597311154e+00 -7.654055159e-01 8.816674067e-02 -6.374802131e-01 7.537810925e+02
-6.396546087e-01 -7.136055060e-02 7.653428339e-01 5.006772439e+02 1.917961732e-02 9.938895474e-01 1.087000913e-01 3.657134577e+00 -7.684231411e-01 8.420949706e-02 -6.343773615e-01 7.531422460e+02
-6.367335763e-01 -7.291947849e-02 7.676282320e-01 5.014442898e+02 1.556272922e-02 9.941003674e-01 1.073417954e-01 3.722104995e+00 -7.709268151e-01 8.029451557e-02 -6.318422560e-01 7.525572651e+02
-6.334900742e-01 -7.100990558e-02 7.704855088e-01 5.021614102e+02 1.464137367e-02 9.945014893e-01 1.036938668e-01 3.823194270e+00 -7.736122776e-01 7.697000163e-02 -6.289671397e-01 7.519445210e+02
-6.307606931e-01 -6.895160584e-02 7.729079014e-01 5.028674546e+02 1.573818292e-02 9.947026931e-01 1.015817991e-01 3.890280372e+00 -7.758177992e-01 7.623797196e-02 -6.263341872e-01 7.513462411e+02
-6.284728431e-01 -6.378610295e-02 7.752117250e-01 5.035678119e+02 1.791003540e-02 9.951809919e-01 9.640551821e-02 3.972091419e+00 -7.776253057e-01 7.447231956e-02 -6.243018160e-01 7.507668247e+02
-6.282213933e-01 -6.259443132e-02 7.755126164e-01 5.043095917e+02 1.422647543e-02 9.956676784e-01 9.188841912e-02 4.045979814e+00 -7.779045497e-01 6.875908187e-02 -6.246092381e-01 7.502554981e+02
-6.260457847e-01 -5.943007360e-02 7.775183225e-01 5.050113811e+02 1.487719634e-02 9.959997602e-01 8.810872121e-02 4.123894166e+00 -7.796443705e-01 6.672738625e-02 -6.226572985e-01 7.497061972e+02
-6.231918496e-01 -5.621555686e-02 7.800459792e-01 5.056906323e+02 1.891659183e-02 9.960379289e-01 8.689422737e-02 4.186292704e+00 -7.818401890e-01 6.890758568e-02 -6.196593125e-01 7.491377515e+02
-6.232006165e-01 -5.475450376e-02 7.801428946e-01 5.063824237e+02 1.884293211e-02 9.962052225e-01 8.497116357e-02 4.239165514e+00 -7.818349797e-01 6.765426112e-02 -6.198039734e-01 7.486042859e+02
-6.218745902e-01 -5.224941924e-02 7.813718656e-01 5.070422448e+02 2.117773357e-02 9.962847934e-01 8.347523006e-02 4.290825685e+00 -7.828304399e-01 6.845880967e-02 -6.184576733e-01 7.480418692e+02
-6.196636425e-01 -4.813293806e-02 7.833901904e-01 5.076738467e+02 2.450761308e-02 9.964444645e-01 8.060897015e-02 4.375078361e+00 -7.844847654e-01 6.914947174e-02 -6.162807830e-01 7.474708214e+02
-6.179837816e-01 -4.444674414e-02 7.849334574e-01 5.083400417e+02 2.805710869e-02 9.965178578e-01 7.851724475e-02 4.459365645e+00 -7.856900434e-01 7.054534716e-02 -6.145848271e-01 7.469478397e+02
-6.170544694e-01 -4.641763588e-02 7.855502434e-01 5.090168604e+02 2.683836848e-02 9.964366636e-01 7.996047354e-02 4.509651128e+00 -7.864626398e-01 7.042285446e-02 -6.136099232e-01 7.464526018e+02
-6.159109316e-01 -4.752811920e-02 7.863808252e-01 5.096860986e+02 2.531367340e-02 9.964692227e-01 8.005189617e-02 4.561128416e+00 -7.874090057e-01 6.921102533e-02 -6.125331760e-01 7.459442066e+02
-6.159101365e-01 -4.520152167e-02 7.865186115e-01 5.103680993e+02 2.553715916e-02 9.966825209e-01 7.727746154e-02 4.609242398e+00 -7.874024113e-01 6.768142285e-02 -6.127125490e-01 7.454646395e+02
-6.157116882e-01 -3.908645415e-02 7.870015032e-01 5.110361176e+02 2.569358361e-02 9.972419854e-01 6.962946406e-02 4.706660252e+00 -7.875525105e-01 6.309256379e-02 -6.130092753e-01 7.449875422e+02
-6.154629253e-01 -4.200462855e-02 7.870457412e-01 5.116809792e+02 1.849335679e-02 9.975343099e-01 6.770004693e-02 4.741131049e+00 -7.879488456e-01 5.622198663e-02 -6.131685779e-01 7.444688306e+02
-6.164961402e-01 -4.448879640e-02 7.861000293e-01 5.123637576e+02 1.398242965e-02 9.976263193e-01 6.742565340e-02 4.796687882e+00 -7.872337650e-01 5.255924343e-02 -6.144107138e-01 7.439755842e+02
-6.159649370e-01 -4.314256954e-02 7.865913266e-01 5.130373795e+02 1.622707765e-02 9.975925409e-01 6.742257973e-02 4.862178952e+00 -7.876064235e-01 5.429402360e-02 -6.137819488e-01 7.434477112e+02
-6.167415605e-01 -4.301451811e-02 7.859895666e-01 5.137065796e+02 1.228270089e-02 9.978584213e-01 6.424722846e-02 4.919575628e+00 -7.870698716e-01 4.927801069e-02 -6.148924254e-01 7.429066896e+02
-6.174495441e-01 -4.454260938e-02 7.853483408e-01 5.144041578e+02 5.733014427e-03 9.981141193e-01 6.111740737e-02 4.974940727e+00 -7.865895963e-01 4.223932868e-02 -6.160297444e-01 7.423818672e+02
-6.187004998e-01 -4.225327832e-02 7.844898674e-01 5.151001176e+02 1.105875937e-02 9.979853228e-01 6.247398926e-02 5.026079295e+00 -7.855491044e-01 4.732817305e-02 -6.169867491e-01 7.418356302e+02
-6.204715180e-01 -3.985823385e-02 7.832154343e-01 5.157966951e+02 1.134235968e-02 9.981470299e-01 5.978174946e-02 5.081531694e+00 -7.841469545e-01 4.597638400e-02 -6.188697164e-01 7.412769026e+02
-6.213030878e-01 -3.934990402e-02 7.825816623e-01 5.165030624e+02 1.559043922e-03 9.986741872e-01 5.145325293e-02 5.117888249e+00 -7.835687861e-01 3.318814411e-02 -6.204180079e-01 7.407280644e+02
-6.222952610e-01 -3.822227941e-02 7.818488763e-01 5.172376555e+02 -7.211346907e-03 9.990447098e-01 4.310062988e-02 5.136380109e+00 -7.827493881e-01 2.118313424e-02 -6.219764226e-01 7.402076567e+02
-6.223663574e-01 -3.878617947e-02 7.817645102e-01 5.179574468e+02 -8.010964526e-03 9.990348368e-01 4.318818420e-02 5.167823889e+00 -7.826850845e-01 2.061618513e-02 -6.220763871e-01 7.396384143e+02
-6.224453962e-01 -4.361436561e-02 7.814470653e-01 5.187115971e+02 -9.178830525e-03 9.987842457e-01 4.843324920e-02 5.227089027e+00 -7.826094031e-01 2.297428281e-02 -6.220889844e-01 7.390978061e+02
-6.238051135e-01 -4.795790838e-02 7.801071846e-01 5.195053013e+02 -1.188818101e-02 9.985824269e-01 5.188263516e-02 5.295370174e+00 -7.814895083e-01 2.309059770e-02 -6.234909564e-01 7.386083066e+02
-6.224197892e-01 -4.794962806e-02 7.812134402e-01 5.202343494e+02 -9.678483165e-03 9.985168600e-01 5.357618090e-02 5.312412109e+00 -7.826237493e-01 2.578591409e-02 -6.219607332e-01 7.379929714e+02
-6.210368067e-01 -4.920785559e-02 7.822351767e-01 5.209594978e+02 -1.326930473e-02 9.985442879e-01 5.228030865e-02 5.327749980e+00 -7.836690694e-01 2.208827901e-02 -6.207857099e-01 7.373649259e+02
-6.203652900e-01 -4.204301939e-02 7.831853494e-01 5.217148740e+02 -1.126444454e-02 9.989368395e-01 4.470238180e-02 5.362629321e+00 -7.842321208e-01 1.890965812e-02 -6.201793334e-01 7.367788816e+02
-6.203243720e-01 -3.095652381e-02 7.837342453e-01 5.225155993e+02 -4.874097863e-03 9.993536850e-01 3.561538189e-02 5.442068378e+00 -7.843302345e-01 1.827309199e-02 -6.200743321e-01 7.362497381e+02
-6.204697299e-01 -2.662388360e-02 7.837783380e-01 5.233110093e+02 -6.371674553e-03 9.995617199e-01 2.890968351e-02 5.477012482e+00 -7.842045116e-01 1.294360303e-02 -6.203674291e-01 7.356909037e+02
-6.200794349e-01 -2.517180950e-02 7.841351123e-01 5.240884010e+02 -9.676396586e-03 9.996545072e-01 2.443836271e-02 5.492773870e+00 -7.844793571e-01 7.566123818e-03 -6.201087743e-01 7.350932606e+02
-6.200222341e-01 -1.988611003e-02 7.843321820e-01 5.248955838e+02 -8.065999645e-03 9.997874683e-01 1.897255375e-02 5.531960562e+00 -7.845427769e-01 5.436982063e-03 -6.200508611e-01 7.345212153e+02
-6.189153985e-01 -1.542439529e-02 7.853061935e-01 5.256621834e+02 -3.487495098e-03 9.998512756e-01 1.688976478e-02 5.562038257e+00 -7.854499137e-01 7.714583997e-03 -6.188771431e-01 7.338815919e+02
-6.194207880e-01 -1.083581234e-02 7.849843773e-01 5.264670316e+02 1.066674854e-03 9.998922009e-01 1.464406829e-02 5.566163167e+00 -7.850584371e-01 9.908163417e-03 -6.193424567e-01 7.332754902e+02
-6.188624388e-01 -5.818056164e-03 7.854778368e-01 5.272752722e+02 5.142859208e-03 9.999211249e-01 1.145840052e-02 5.586236484e+00 -7.854825478e-01 1.113077562e-02 -6.187837045e-01 7.326527056e+02
-6.184475046e-01 -2.177375087e-03 7.858230991e-01 5.280944210e+02 9.325302087e-03 9.999054126e-01 1.010962766e-02 5.584720421e+00 -7.857707826e-01 1.358031179e-02 -6.183687025e-01 7.320409625e+02
-6.179488993e-01 2.309801710e-03 7.862148706e-01 5.289035238e+02 1.322802884e-02 9.998846815e-01 7.459424558e-03 5.614569444e+00 -7.861069756e-01 1.500961618e-02 -6.179081924e-01 7.314057802e+02
-6.192426842e-01 3.492450579e-03 7.851918879e-01 5.297250410e+02 1.133677100e-02 9.999256416e-01 4.493196725e-03 5.647298165e+00 -7.851178100e-01 1.168391983e-02 -6.192362315e-01 7.307726379e+02
-6.202621802e-01 7.312478967e-03 7.843604755e-01 5.305740086e+02 1.363573140e-02 9.999059618e-01 1.460982811e-03 5.670269057e+00 -7.842760322e-01 1.160152115e-02 -6.203035628e-01 7.301668840e+02
-6.193432214e-01 1.133583039e-02 7.850385170e-01 5.313651779e+02 1.615808707e-02 9.998680209e-01 -1.690277064e-03 5.679451083e+00 -7.849540690e-01 1.163785907e-02 -6.194446463e-01 7.294991408e+02
-6.191750146e-01 1.326177596e-02 7.851410234e-01 5.321691467e+02 1.774020426e-02 9.998384303e-01 -2.898004260e-03 5.700139695e+00 -7.850526011e-01 1.213419030e-02 -6.193102413e-01 7.288561743e+02
-6.201244455e-01 1.406659736e-02 7.843773346e-01 5.329838839e+02 2.014898438e-02 9.997949880e-01 -2.000103403e-03 5.695478271e+00 -7.842446624e-01 1.456409365e-02 -6.202807402e-01 7.282239132e+02
-6.199769669e-01 1.072566237e-02 7.845466976e-01 5.338075071e+02 1.786921865e-02 9.998402306e-01 4.519236925e-04 5.688835666e+00 -7.844165039e-01 1.429941876e-02 -6.200695727e-01 7.275875247e+02
-6.212155993e-01 9.417735112e-03 7.835831069e-01 5.346429241e+02 1.746878511e-02 9.998457306e-01 1.832096116e-03 5.655867503e+00 -7.834449698e-01 1.482637160e-02 -6.212842811e-01 7.269666236e+02
-6.221640374e-01 7.867188166e-03 7.828473785e-01 5.354777850e+02 1.441231407e-02 9.998951491e-01 1.405714900e-03 5.652961574e+00 -7.827542372e-01 1.215722754e-02 -6.222121873e-01 7.263332186e+02
-6.236680014e-01 7.290510224e-03 7.816553413e-01 5.363313381e+02 1.117260465e-02 9.999374996e-01 -4.120211746e-04 5.692503261e+00 -7.816094914e-01 8.476161679e-03 -6.237104759e-01 7.257232199e+02
-6.233165023e-01 6.702934707e-03 7.819409240e-01 5.371530032e+02 9.897498555e-03 9.999507859e-01 -6.820600270e-04 5.677882929e+00 -7.819070133e-01 7.314119895e-03 -6.233521686e-01 7.250646305e+02
-6.233146278e-01 5.627705195e-03 7.819508960e-01 5.379811987e+02 9.914759803e-03 9.999505979e-01 7.066781879e-04 5.660413969e+00 -7.819082889e-01 8.193338163e-03 -6.233396321e-01 7.244047518e+02
-6.232149948e-01 6.242545184e-03 7.820256396e-01 5.388156116e+02 1.065974007e-02 9.999430518e-01 5.129245804e-04 5.679137576e+00 -7.819779027e-01 8.655852339e-03 -6.232460477e-01 7.237477969e+02
-6.239103583e-01 7.535623761e-03 7.814595826e-01 5.396682956e+02 1.264506435e-02 9.999199452e-01 4.534669998e-04 5.676873087e+00 -7.813936058e-01 1.016452947e-02 -6.239556997e-01 7.231028174e+02
-6.235794070e-01 7.413470827e-03 7.817248644e-01 5.405294963e+02 1.387280366e-02 9.999025138e-01 1.583736965e-03 5.641736354e+00 -7.816369160e-01 1.183230132e-02 -6.236214622e-01 7.224743571e+02
-6.223645910e-01 6.415768450e-03 7.827011906e-01 5.414134715e+02 1.557198573e-02 9.998699862e-01 4.186167416e-03 5.581995654e+00 -7.825725712e-01 1.479353415e-02 -6.223835812e-01 7.218428993e+02
-6.200165232e-01 9.212033978e-03 7.845346706e-01 5.422119434e+02 1.711870915e-02 9.998518644e-01 1.788592953e-03 5.601643632e+00 -7.844019765e-01 1.453917803e-02 -6.200823748e-01 7.211443476e+02
-6.192213587e-01 1.204360965e-02 7.851241051e-01 5.430528644e+02 1.811429176e-02 9.998353708e-01 -1.050624433e-03 5.615513772e+00 -7.850075040e-01 1.357139802e-02 -6.193375782e-01 7.204680576e+02
-6.175516295e-01 1.353072449e-02 7.864139523e-01 5.438135117e+02 1.704439235e-02 9.998474425e-01 -3.818431753e-03 5.644357676e+00 -7.863456451e-01 1.104586920e-02 -6.176880403e-01 7.196938174e+02
-6.182079105e-01 1.255624426e-02 7.859143211e-01 5.447347412e+02 1.834902607e-02 9.998304559e-01 -1.540374464e-03 5.616862738e+00 -7.858004153e-01 1.346849069e-02 -6.183334918e-01 7.191114313e+02
-6.179137672e-01 1.358785611e-02 7.861284542e-01 5.456638208e+02 2.168021139e-02 9.997649279e-01 -2.393513259e-04 5.655020747e+00 -7.859469096e-01 1.689553258e-02 -6.180631006e-01 7.185307390e+02
-6.162412639e-01 1.369538262e-02 7.874383412e-01 5.464703643e+02 1.925740384e-02 9.998118710e-01 -2.318402779e-03 5.600470052e+00 -7.873219526e-01 1.373532267e-02 -6.163890686e-01 7.177927560e+02
-6.161660752e-01 1.711118104e-02 7.874303622e-01 5.473103316e+02 2.156657619e-02 9.997556542e-01 -4.849200104e-03 5.571232394e+00 -7.873209324e-01 1.399426430e-02 -6.163845471e-01 7.170901434e+02
-6.159137528e-01 1.640153636e-02 7.876428370e-01 5.481869885e+02 2.342723074e-02 9.997224230e-01 -2.498378674e-03 5.546599623e+00 -7.874651827e-01 1.691350470e-02 -6.161270319e-01 7.164216311e+02
-6.158418088e-01 1.782611375e-02 7.876681384e-01 5.490982267e+02 2.702840651e-02 9.996335540e-01 -1.490930800e-03 5.607758039e+00 -7.874060781e-01 2.037123712e-02 -6.160979475e-01 7.158011273e+02
-6.050299662e-01 1.231335655e-02 7.961074810e-01 5.494858333e+02 2.313624601e-02 9.997300725e-01 2.120428889e-03 5.492905189e+00 -7.958664801e-01 1.970186155e-02 -6.051515368e-01 7.147653606e+02
-6.046357263e-01 1.047002110e-02 7.964333099e-01 5.503600056e+02 2.646736815e-02 9.996255021e-01 6.952266053e-03 5.490423250e+00 -7.960622569e-01 2.528308206e-02 -6.046864054e-01 7.140782721e+02
-6.051756842e-01 6.039672226e-03 7.960690382e-01 5.512934992e+02 2.523894444e-02 9.996141106e-01 1.160283022e-02 5.508335259e+00 -7.956917663e-01 2.711369294e-02 -6.050945882e-01 7.134541080e+02
-6.059397163e-01 4.333789360e-03 7.954987609e-01 5.522026545e+02 1.969216920e-02 9.997604492e-01 9.553146521e-03 5.494009303e+00 -7.952667972e-01 2.145372709e-02 -6.058799047e-01 7.128079386e+02
-6.069307425e-01 7.907810446e-03 7.947153832e-01 5.531480957e+02 1.605532068e-02 9.998684311e-01 2.312397263e-03 5.571603416e+00 -7.945925374e-01 1.416287531e-02 -6.069778517e-01 7.122210077e+02
-6.077356437e-01 9.766755736e-03 7.940793398e-01 5.540767843e+02 1.465691187e-02 9.998919977e-01 -1.080714595e-03 5.629542874e+00 -7.940041325e-01 1.098196212e-02 -6.078131573e-01 7.116008481e+02
-6.075960891e-01 8.981982186e-03 7.941953894e-01 5.549732468e+02 1.617947147e-02 9.998685313e-01 1.069991416e-03 5.625284027e+00 -7.940813669e-01 1.349978424e-02 -6.076615329e-01 7.109359907e+02
-6.077123518e-01 8.406542902e-03 7.941127297e-01 5.559040985e+02 1.390926485e-02 9.999032597e-01 5.931450494e-05 5.640980162e+00 -7.940354084e-01 1.108157044e-02 -6.077704903e-01 7.103299498e+02
-6.062660000e-01 9.285608088e-03 7.952077180e-01 5.567594827e+02 1.513822286e-02 9.998854015e-01 -1.342468741e-04 5.623128998e+00 -7.951178350e-01 1.195664234e-02 -6.063370904e-01 7.096482336e+02
-6.056345546e-01 8.753748907e-03 7.956947644e-01 5.576645793e+02 1.584324324e-02 9.998739272e-01 1.058911414e-03 5.632323077e+00 -7.955851795e-01 1.324769904e-02 -6.056968884e-01 7.090492343e+02
-6.066301998e-01 4.112613980e-03 7.949735135e-01 5.585661016e+02 1.290547228e-02 9.999057914e-01 4.675152855e-03 5.609540020e+00 -7.948793930e-01 1.309559755e-02 -6.066261253e-01 7.084649391e+02
-6.047327898e-01 2.542873354e-03 7.964243760e-01 5.593654825e+02 1.262695821e-02 9.998998255e-01 6.395229972e-03 5.570074903e+00 -7.963283323e-01 1.392382257e-02 -6.047043197e-01 7.077824924e+02
-6.071649370e-01 3.453046162e-03 7.945683204e-01 5.603169862e+02 1.207070025e-02 9.999152465e-01 4.878312349e-03 5.583488542e+00 -7.944841330e-01 1.255293623e-02 -6.071551583e-01 7.073631538e+02
-6.049428332e-01 2.399911634e-03 7.962652880e-01 5.611202675e+02 1.215218771e-02 9.999068221e-01 6.218644615e-03 5.541657153e+00 -7.961761695e-01 1.343828974e-02 -6.049156301e-01 7.067312915e+02
-6.027478971e-01 2.146401333e-03 7.979287973e-01 5.619019443e+02 1.327767744e-02 9.998849059e-01 7.340176067e-03 5.577539611e+00 -7.978212054e-01 1.501891688e-02 -6.027070236e-01 7.060914485e+02
-6.021031920e-01 1.834623719e-03 7.984161699e-01 5.627357995e+02 1.320317464e-02 9.998834993e-01 7.659243187e-03 5.607834066e+00 -7.983091020e-01 1.515328290e-02 -6.020572694e-01 7.055525311e+02
-6.017022463e-01 4.514849190e-03 7.987077206e-01 5.635630986e+02 1.517738078e-02 9.998680999e-01 5.781852748e-03 5.644390145e+00 -7.985762668e-01 1.560124500e-02 -6.016914053e-01 7.050420591e+02
-5.998813847e-01 6.337252248e-03 8.000638496e-01 5.643587855e+02 1.656236680e-02 9.998527146e-01 4.498561790e-03 5.647312584e+00 -7.999175034e-01 1.594955441e-02 -5.998979909e-01 7.044828071e+02
-5.974747790e-01 6.599953358e-03 8.018605422e-01 5.650753654e+02 1.731273888e-02 9.998392152e-01 4.670428899e-03 5.646827508e+00 -8.017007905e-01 1.667286566e-02 -5.974929774e-01 7.038843992e+02
-5.967937364e-01 4.946510071e-03 8.023794416e-01 5.658369434e+02 1.309474997e-02 9.999078679e-01 3.575378772e-03 5.675476095e+00 -8.022878310e-01 1.264072183e-02 -5.968035258e-01 7.033553153e+02
-5.954813336e-01 3.296265320e-03 8.033623815e-01 5.665236039e+02 1.263180697e-02 9.999063782e-01 5.260451122e-03 5.709047868e+00 -8.032698294e-01 1.328041898e-02 -5.954672213e-01 7.027570678e+02
-5.961379779e-01 -3.066522308e-03 8.028761472e-01 5.672521937e+02 6.412851645e-03 9.999426213e-01 8.580764032e-03 5.723976033e+00 -8.028563923e-01 1.026404494e-02 -5.960841071e-01 7.022375021e+02
-5.953458664e-01 -8.688311819e-03 8.034225617e-01 5.679700597e+02 2.803140406e-03 9.999129869e-01 1.289034484e-02 5.683294659e+00 -8.034646488e-01 9.926319764e-03 -5.952697089e-01 7.017189802e+02
-5.977379270e-01 -1.422587615e-02 8.015653405e-01 5.686953983e+02 -3.497257078e-03 9.998793050e-01 1.513752572e-02 5.680662558e+00 -8.016839401e-01 6.244993185e-03 -5.977155346e-01 7.012285430e+02
-6.015116120e-01 -1.901757870e-02 7.986376602e-01 5.694094431e+02 -8.581859638e-03 9.998127434e-01 1.734444792e-02 5.673240298e+00 -7.988179595e-01 3.579090528e-03 -6.015621811e-01 7.007371220e+02
-6.071203543e-01 -2.296430158e-02 7.942779843e-01 5.701390703e+02 -1.438197071e-02 9.997361350e-01 1.791143055e-02 5.679618967e+00 -7.944797256e-01 -5.488886394e-04 -6.072904284e-01 7.002789194e+02
-6.132198554e-01 -2.576164868e-02 7.894920813e-01 5.708201624e+02 -1.918072787e-02 9.996589687e-01 1.772134301e-02 5.695274550e+00 -7.896793708e-01 -4.275953366e-03 -6.135048554e-01 6.997556220e+02
-6.201189976e-01 -2.838835178e-02 7.839939606e-01 5.714701658e+02 -2.410233993e-02 9.995627289e-01 1.712974866e-02 5.728224965e+00 -7.841374280e-01 -8.273606368e-03 -6.205320632e-01 6.991998223e+02
-6.307001098e-01 -2.954261566e-02 7.754641225e-01 5.721656857e+02 -2.709498842e-02 9.995041524e-01 1.604091600e-02 5.759694761e+00 -7.755535011e-01 -1.089418394e-02 -6.311878355e-01 6.987111268e+02
-6.425606797e-01 -3.295724139e-02 7.655256972e-01 5.728520088e+02 -2.835661517e-02 9.994129832e-01 1.922476158e-02 5.748676760e+00 -7.657099159e-01 -9.354641730e-03 -6.431180416e-01 6.982068651e+02
-6.554309126e-01 -3.949866703e-02 7.542215684e-01 5.735065139e+02 -3.143408695e-02 9.991928457e-01 2.501110286e-02 5.739115637e+00 -7.546007004e-01 -7.315216387e-03 -6.561434832e-01 6.976727923e+02
-6.718114554e-01 -4.608308252e-02 7.392873040e-01 5.742096497e+02 -3.540726984e-02 9.989198288e-01 3.009154262e-02 5.747901259e+00 -7.398754582e-01 -5.960302024e-03 -6.727174601e-01 6.972026960e+02
-6.866762167e-01 -4.631635490e-02 7.254864359e-01 5.748816343e+02 -3.512592110e-02 9.989165863e-01 3.052578162e-02 5.792813845e+00 -7.261142769e-01 -4.522051071e-03 -6.875591669e-01 6.967039038e+02
-7.038408881e-01 -5.088187778e-02 7.085330188e-01 5.755908877e+02 -3.874566590e-02 9.986964106e-01 3.323030005e-02 5.778124784e+00 -7.093002027e-01 -4.063739726e-03 -7.048948208e-01 6.962669386e+02
-7.190522922e-01 -6.219368508e-02 6.921674268e-01 5.762569900e+02 -4.732603563e-02 9.980575146e-01 4.051473571e-02 5.770037864e+00 -6.933426624e-01 -3.625326723e-03 -7.205989242e-01 6.957604177e+02
-7.320765734e-01 -7.154514035e-02 6.774549310e-01 5.768116135e+02 -5.224831310e-02 9.974372882e-01 4.887708870e-02 5.804049440e+00 -6.792157274e-01 3.858942708e-04 -7.339385851e-01 6.951309382e+02
-7.472998868e-01 -8.352219111e-02 6.592169012e-01 5.774239234e+02 -6.001570538e-02 9.964981093e-01 5.822055778e-02 5.821852487e+00 -6.617711042e-01 3.944848916e-03 -7.496955674e-01 6.945514462e+02
-7.661143433e-01 -9.353240005e-02 6.358620158e-01 5.780721603e+02 -7.224748444e-02 9.956161438e-01 5.940366372e-02 5.833649187e+00 -6.386306553e-01 -4.294322651e-04 -7.695132888e-01 6.940223961e+02
-7.843306115e-01 -9.799466094e-02 6.125541105e-01 5.786487766e+02 -8.268679912e-02 9.951478154e-01 5.332652981e-02 5.856741298e+00 -6.148076001e-01 -8.824508949e-03 -7.886277594e-01 6.934203588e+02
-8.029482083e-01 -1.069095538e-01 5.863825731e-01 5.792116535e+02 -9.620578173e-02 9.941292145e-01 4.951315397e-02 5.899454026e+00 -5.882334760e-01 -1.665689558e-02 -8.085195888e-01 6.928130037e+02
-8.200533998e-01 -1.093857133e-01 5.617358697e-01 5.796306119e+02 -9.995440770e-02 9.938522166e-01 4.761184619e-02 5.899962674e+00 -5.634904950e-01 -1.710371980e-02 -8.259454733e-01 6.920930987e+02
-8.392426968e-01 -1.157890191e-01 5.312857978e-01 5.800953490e+02 -1.076641966e-01 9.931054773e-01 4.636735737e-02 5.920037164e+00 -5.329916666e-01 -1.828699252e-02 -8.459228506e-01 6.913898273e+02
-8.571660486e-01 -1.204348380e-01 5.007612355e-01 5.804807772e+02 -1.135259620e-01 9.925431218e-01 4.438476501e-02 5.956423363e+00 -5.023725920e-01 -1.880428737e-02 -8.644467466e-01 6.906543696e+02
-8.747324934e-01 -1.247191851e-01 4.682821690e-01 5.808598099e+02 -1.192647266e-01 9.919981200e-01 4.142046566e-02 5.985289323e+00 -4.697009580e-01 -1.961771765e-02 -8.826075885e-01 6.899051689e+02
-8.908641811e-01 -1.283630552e-01 4.357567406e-01 5.812289169e+02 -1.255093737e-01 9.914582783e-01 3.546659613e-02 6.015814758e+00 -4.365872284e-01 -2.309563547e-02 -8.993654339e-01 6.891652568e+02
-9.051921868e-01 -1.385243587e-01 4.017936124e-01 5.815693099e+02 -1.362845386e-01 9.900753979e-01 3.431079935e-02 6.017575112e+00 -4.025588522e-01 -2.370038959e-02 -9.150872429e-01 6.884165338e+02
-9.189066054e-01 -1.433911840e-01 3.674909780e-01 5.818925742e+02 -1.409136785e-01 9.894474944e-01 3.371929782e-02 6.043556059e+00 -3.684480775e-01 -2.079962003e-02 -9.294156175e-01 6.876277043e+02
-9.319345806e-01 -1.443107831e-01 3.326745187e-01 5.821726520e+02 -1.424989977e-01 9.893408785e-01 2.997768896e-02 6.079636447e+00 -3.334546043e-01 -1.946854048e-02 -9.425651186e-01 6.868340777e+02
-9.428753264e-01 -1.497457995e-01 2.975942110e-01 5.823634183e+02 -1.493265591e-01 9.884897650e-01 2.428092257e-02 6.095917620e+00 -2.978047979e-01 -2.154483675e-02 -9.543836348e-01 6.860127453e+02
-9.528674294e-01 -1.520374264e-01 2.625419643e-01 5.825093990e+02 -1.528166572e-01 9.880982870e-01 1.757397248e-02 6.102013118e+00 -2.620891668e-01 -2.337511939e-02 -9.647605260e-01 6.851407916e+02
-9.625994842e-01 -1.515625493e-01 2.245685344e-01 5.827525389e+02 -1.526780027e-01 9.881970011e-01 1.249458254e-02 6.156664177e+00 -2.238116630e-01 -2.225939658e-02 -9.743781908e-01 6.843101009e+02
-9.702447527e-01 -1.521464429e-01 1.883522758e-01 5.828841955e+02 -1.526258360e-01 9.882106663e-01 1.204297189e-02 6.142462783e+00 -1.879640233e-01 -1.706279328e-02 -9.820276916e-01 6.834017666e+02
-9.774040267e-01 -1.478108011e-01 1.511070339e-01 5.830113872e+02 -1.478513498e-01 9.889480868e-01 1.102995887e-02 6.137913801e+00 -1.510673591e-01 -1.156065271e-02 -9.884558687e-01 6.825177975e+02
-9.829843947e-01 -1.438660143e-01 1.142114257e-01 5.831150651e+02 -1.436895861e-01 9.895740937e-01 9.819156823e-03 6.118757432e+00 -1.144333111e-01 -6.758914562e-03 -9.934079396e-01 6.816205732e+02
-9.867746034e-01 -1.426557645e-01 7.697541823e-02 5.832308545e+02 -1.426657554e-01 9.897562063e-01 5.397620584e-03 6.111139500e+00 -7.695689962e-02 -5.655521279e-03 -9.970183803e-01 6.806856846e+02
-9.894945519e-01 -1.380217155e-01 4.301787833e-02 5.832608804e+02 -1.380871269e-01 9.904190070e-01 1.461501339e-03 6.094110439e+00 -4.280744326e-02 -4.494067612e-03 -9.990732336e-01 6.797628109e+02
-9.910306451e-01 -1.328204386e-01 1.473063245e-02 5.831885166e+02 -1.328639515e-01 9.911322439e-01 -2.011334252e-03 6.072515298e+00 -1.433285850e-02 -3.950463916e-03 -9.998894754e-01 6.788259547e+02
-9.916950384e-01 -1.282395451e-01 -9.775987594e-03 5.831386756e+02 -1.281891189e-01 9.917337965e-01 -5.623752783e-03 6.039768083e+00 1.041636479e-02 -4.323872495e-03 -9.999363997e-01 6.778586994e+02
-9.917404273e-01 -1.248375890e-01 -2.943639415e-02 5.831190520e+02 -1.245910384e-01 9.921570442e-01 -1.007337031e-02 6.029361663e+00 3.046306107e-02 -6.322657664e-03 -9.995158958e-01 6.768935041e+02
-9.912814064e-01 -1.236960491e-01 -4.539229796e-02 5.830969458e+02 -1.231570725e-01 9.922813256e-01 -1.449504729e-02 6.004428832e+00 4.683490967e-02 -8.778288336e-03 -9.988640713e-01 6.759131073e+02
-9.907794695e-01 -1.237301430e-01 -5.519868193e-02 5.830420940e+02 -1.229416614e-01 9.922600925e-01 -1.747159617e-02 5.963267222e+00 5.693321233e-02 -1.052428112e-02 -9.983225174e-01 6.749211435e+02
-9.904577287e-01 -1.230462644e-01 -6.207337965e-02 5.829576906e+02 -1.221339580e-01 9.923449408e-01 -1.829794510e-02 5.926772752e+00 6.384969804e-02 -1.054207360e-02 -9.979038434e-01 6.739182524e+02
-9.905218099e-01 -1.195247024e-01 -6.767857517e-02 5.828642707e+02 -1.184485687e-01 9.927645356e-01 -1.971074324e-02 5.889472302e+00 6.954480997e-02 -1.150749071e-02 -9.975124546e-01 6.729025417e+02
-9.906026909e-01 -1.166968528e-01 -7.133129334e-02 5.828280194e+02 -1.154239034e-01 9.930786445e-01 -2.172851514e-02 5.855601073e+00 7.337323343e-02 -1.329098925e-02 -9.972159837e-01 6.718718013e+02
-9.910185790e-01 -1.122314655e-01 -7.270676891e-02 5.827396799e+02 -1.108160163e-01 9.935693995e-01 -2.323055812e-02 5.832504166e+00 7.484642032e-02 -1.496484021e-02 -9.970827784e-01 6.708367292e+02
-9.916284995e-01 -1.063550613e-01 -7.322240089e-02 5.826470668e+02 -1.048703706e-01 9.942000651e-01 -2.384189350e-02 5.810601639e+00 7.533342178e-02 -1.596344076e-02 -9.970306134e-01 6.697839536e+02
-9.918790605e-01 -1.031115799e-01 -7.445758186e-02 5.825736272e+02 -1.015972213e-01 9.945395001e-01 -2.385764777e-02 5.785796124e+00 7.651100600e-02 -1.609921783e-02 -9.969387550e-01 6.687237030e+02
-9.923275862e-01 -9.887460429e-02 -7.422785385e-02 5.824448009e+02 -9.735098408e-02 9.949635823e-01 -2.388003066e-02 5.778080840e+00 7.621513995e-02 -1.647065856e-02 -9.969553500e-01 6.676573373e+02
-9.926751269e-01 -9.300931220e-02 -7.710616297e-02 5.824184645e+02 -9.169587755e-02 9.955778559e-01 -2.041075168e-02 5.745073268e+00 7.866357839e-02 -1.319092824e-02 -9.968139450e-01 6.665699734e+02
-9.931742778e-01 -8.775532573e-02 -7.683655870e-02 5.823299056e+02 -8.657576558e-02 9.960724290e-01 -1.855675258e-02 5.740969766e+00 7.816323153e-02 -1.177790545e-02 -9.968709998e-01 6.654773110e+02
-9.933936208e-01 -8.551387258e-02 -7.652771830e-02 5.822372669e+02 -8.435565738e-02 9.962686199e-01 -1.824719103e-02 5.724566331e+00 7.780255226e-02 -1.167109718e-02 -9.969004706e-01 6.643724772e+02
-9.936444820e-01 -8.457835846e-02 -7.427748383e-02 5.821410461e+02 -8.338434992e-02 9.963356049e-01 -1.903713853e-02 5.705711672e+00 7.561543171e-02 -1.272256795e-02 -9.970558875e-01 6.632653263e+02
-9.935156584e-01 -8.772355444e-02 -7.232713554e-02 5.820235119e+02 -8.667883987e-02 9.960832101e-01 -1.746474592e-02 5.681859501e+00 7.357591494e-02 -1.108226634e-02 -9.972280422e-01 6.621443399e+02
-9.931455453e-01 -9.178215465e-02 -7.237376578e-02 5.819877398e+02 -9.098179010e-02 9.957500818e-01 -1.428595632e-02 5.647717025e+00 7.337737904e-02 -7.603339111e-03 -9.972752626e-01 6.610091916e+02
-9.930339205e-01 -9.396097467e-02 -7.109829743e-02 5.819096665e+02 -9.307435594e-02 9.955355362e-01 -1.568949970e-02 5.624669123e+00 7.225508234e-02 -8.962777162e-03 -9.973459138e-01 6.598697328e+02
-9.935212408e-01 -9.047095342e-02 -6.877899820e-02 5.818173415e+02 -8.941649816e-02 9.958268414e-01 -1.826449369e-02 5.588184499e+00 7.014437869e-02 -1.199618527e-02 -9.974647150e-01 6.587248142e+02
-9.931968875e-01 -9.336232199e-02 -6.959467999e-02 5.817713865e+02 -9.209013357e-02 9.955233371e-01 -2.127657329e-02 5.574367226e+00 7.126955835e-02 -1.472284299e-02 -9.973484286e-01 6.575665247e+02
-9.933431791e-01 -9.410596278e-02 -6.643339713e-02 5.816571360e+02 -9.277521327e-02 9.954249244e-01 -2.284687605e-02 5.561959848e+00 6.827948658e-02 -1.653141590e-02 -9.975292597e-01 6.564001017e+02
-9.935276518e-01 -9.241483185e-02 -6.604773946e-02 5.816508442e+02 -9.108486676e-02 9.955803010e-01 -2.287818369e-02 5.567342788e+00 6.787011183e-02 -1.671415857e-02 -9.975541513e-01 6.552190750e+02
-9.933020333e-01 -9.614306023e-02 -6.409042468e-02 5.815452999e+02 -9.486135155e-02 9.952303425e-01 -2.275718095e-02 5.518822218e+00 6.597268033e-02 -1.652504980e-02 -9.976845835e-01 6.540354432e+02
-9.931873057e-01 -9.825288597e-02 -6.265258315e-02 5.815051183e+02 -9.707266422e-02 9.950424798e-01 -2.161854137e-02 5.510870705e+00 6.446606578e-02 -1.538940769e-02 -9.978012289e-01 6.528363302e+02
-9.930725900e-01 -9.973250967e-02 -6.213097056e-02 5.814238809e+02 -9.863215269e-02 9.949119564e-01 -2.054014250e-02 5.447042971e+00 6.386336543e-02 -1.426974114e-02 -9.978566255e-01 6.516282625e+02
-9.924590742e-01 -1.072292674e-01 -5.938745799e-02 5.813244898e+02 -1.060504322e-01 9.941023584e-01 -2.266730778e-02 5.409178879e+00 6.146781085e-02 -1.619830970e-02 -9.979776165e-01 6.504181022e+02
-9.922694112e-01 -1.094635558e-01 -5.847345949e-02 5.812512723e+02 -1.080591736e-01 9.937866070e-01 -2.667198442e-02 5.393689061e+00 6.102975116e-02 -2.014720057e-02 -9.979325928e-01 6.491952906e+02
-9.925459399e-01 -1.075583720e-01 -5.730404752e-02 5.811712341e+02 -1.059160564e-01 9.938925613e-01 -3.097362567e-02 5.374214970e+00 6.028553932e-02 -2.467332767e-02 -9.978761850e-01 6.479567230e+02
-9.926885716e-01 -1.062136495e-01 -5.734161130e-02 5.811347918e+02 -1.046394603e-01 9.940636754e-01 -2.979920357e-02 5.327940293e+00 6.016629505e-02 -2.358113357e-02 -9.979097890e-01 6.467029707e+02
-9.931463929e-01 -1.032838596e-01 -5.470545322e-02 5.809623255e+02 -1.020271910e-01 9.944599830e-01 -2.529416015e-02 5.284671706e+00 5.701486256e-02 -1.953936019e-02 -9.981821071e-01 6.454545689e+02
-9.933071783e-01 -1.023020984e-01 -5.362023972e-02 5.808912973e+02 -1.013318158e-01 9.946410527e-01 -2.051924362e-02 5.234998186e+00 5.543205336e-02 -1.494847572e-02 -9.983505549e-01 6.441870677e+02
-9.932073480e-01 -1.031601047e-01 -5.382524166e-02 5.807938106e+02 -1.023276764e-01 9.945877689e-01 -1.800601675e-02 5.176667909e+00 5.539142959e-02 -1.237589623e-02 -9.983880141e-01 6.429189454e+02
-9.926551912e-01 -1.064576624e-01 -5.746683753e-02 5.808963247e+02 -1.054166214e-01 9.942093018e-01 -2.086145213e-02 5.240007451e+00 5.935492585e-02 -1.465026890e-02 -9.981294317e-01 6.416433367e+02
-9.929251260e-01 -1.047391061e-01 -5.594116303e-02 5.808376780e+02 -1.037123162e-01 9.943864401e-01 -2.096099013e-02 5.231385736e+00 5.782256934e-02 -1.501090617e-02 -9.982140167e-01 6.403650900e+02
-9.926889739e-01 -1.083292434e-01 -5.322946705e-02 5.806878729e+02 -1.072617541e-01 9.939755940e-01 -2.252630947e-02 5.274996911e+00 5.534904920e-02 -1.665213302e-02 -9.983281971e-01 6.390903829e+02
-9.934252898e-01 -1.024572650e-01 -5.107545776e-02 5.806281323e+02 -1.016606723e-01 9.946569181e-01 -1.796449115e-02 5.200172255e+00 5.264315003e-02 -1.265401445e-02 -9.985332116e-01 6.378057894e+02
-9.935601027e-01 -1.017871959e-01 -4.977638991e-02 5.805277810e+02 -1.010419408e-01 9.947322189e-01 -1.727248802e-02 5.173061961e+00 5.127229691e-02 -1.213175193e-02 -9.986110215e-01 6.365278870e+02
-9.933800135e-01 -1.025672824e-01 -5.173104773e-02 5.804640856e+02 -1.017463273e-01 9.946426315e-01 -1.826801662e-02 5.144628575e+00 5.332760626e-02 -1.288363848e-02 -9.984939550e-01 6.352427697e+02
-9.931634457e-01 -1.042482734e-01 -5.252301959e-02 5.803964086e+02 -1.034605496e-01 9.944794680e-01 -1.750721019e-02 5.095269699e+00 5.405816101e-02 -1.195346072e-02 -9.984662388e-01 6.339636454e+02
-9.930945262e-01 -1.047527587e-01 -5.282160084e-02 5.803452369e+02 -1.038728220e-01 9.944063070e-01 -1.914506461e-02 5.058105365e+00 5.453163135e-02 -1.352613013e-02 -9.984204250e-01 6.326857240e+02
-9.927470574e-01 -1.076321469e-01 -5.355932112e-02 5.802894790e+02 -1.066064614e-01 9.940653272e-01 -2.166073977e-02 5.033984972e+00 5.557285600e-02 -1.579386597e-02 -9.983297108e-01 6.314103496e+02
-9.928016640e-01 -1.072177500e-01 -5.337799296e-02 5.802358015e+02 -1.061199262e-01 9.940872714e-01 -2.300126178e-02 4.997219253e+00 5.552852691e-02 -1.717122229e-02 -9.983094369e-01 6.301361512e+02
-9.924602939e-01 -1.098352688e-01 -5.439465737e-02 5.802061445e+02 -1.087261185e-01 9.938066555e-01 -2.295566667e-02 4.980085273e+00 5.657911434e-02 -1.686846773e-02 -9.982556079e-01 6.288521380e+02
-9.922899831e-01 -1.114617152e-01 -5.419294736e-02 5.801414843e+02 -1.103657326e-01 9.936289904e-01 -2.282179961e-02 4.942237312e+00 5.639144050e-02 -1.666479881e-02 -9.982696479e-01 6.275700385e+02
-9.923696825e-01 -1.110101023e-01 -5.365790135e-02 5.801150904e+02 -1.097734461e-01 9.936300261e-01 -2.547865220e-02 4.935387656e+00 5.614448971e-02 -1.939402926e-02 -9.982342751e-01 6.262893366e+02
-9.922879522e-01 -1.116353998e-01 -5.387167515e-02 5.800954072e+02 -1.104680212e-01 9.935852363e-01 -2.419079300e-02 4.892407206e+00 5.622664993e-02 -1.805313510e-02 -9.982548012e-01 6.250088966e+02
-9.918801535e-01 -1.158574303e-01 -5.244823107e-02 5.800132236e+02 -1.148349042e-01 9.931383515e-01 -2.211695167e-02 4.845617845e+00 5.465076293e-02 -1.591447783e-02 -9.983786974e-01 6.237254031e+02
-9.918584877e-01 -1.167155219e-01 -5.093355764e-02 5.799471191e+02 -1.158368050e-01 9.930691712e-01 -1.988607139e-02 4.796830735e+00 5.290155907e-02 -1.382418812e-02 -9.985040395e-01 6.224413575e+02
-9.913386935e-01 -1.212738321e-01 -5.040091698e-02 5.799026455e+02 -1.205461731e-01 9.925579052e-01 -1.724601637e-02 4.753278051e+00 5.211731907e-02 -1.102100567e-02 -9.985801533e-01 6.211537235e+02
-9.905433840e-01 -1.279246162e-01 -4.958928353e-02 5.798479386e+02 -1.273194025e-01 9.917454472e-01 -1.519005310e-02 4.721170990e+00 5.112312788e-02 -8.732728648e-03 -9.986541770e-01 6.198684207e+02
-9.895819999e-01 -1.356847382e-01 -4.813644502e-02 5.797967916e+02 -1.351997143e-01 9.907303308e-01 -1.320791076e-02 4.716898681e+00 4.948234802e-02 -6.562277131e-03 -9.987534399e-01 6.185791177e+02
-9.886478528e-01 -1.417014038e-01 -4.996133890e-02 5.797852100e+02 -1.412532417e-01 9.898957382e-01 -1.240762472e-02 4.688239327e+00 5.121469429e-02 -5.209570457e-03 -9.986740787e-01 6.172896514e+02
-9.884909710e-01 -1.423467960e-01 -5.121513326e-02 5.797522590e+02 -1.415957222e-01 9.897604569e-01 -1.802468881e-02 4.687910319e+00 5.325647040e-02 -1.056539836e-02 -9.985249725e-01 6.160033425e+02
-9.890771409e-01 -1.390292569e-01 -4.896197591e-02 5.796658236e+02 -1.379012773e-01 9.901118601e-01 -2.572435066e-02 4.677512676e+00 5.205427039e-02 -1.869144819e-02 -9.984693199e-01 6.147231913e+02
-9.900805494e-01 -1.320887990e-01 -4.788585274e-02 5.796159721e+02 -1.307270607e-01 9.909476857e-01 -3.054700869e-02 4.636990975e+00 5.148729264e-02 -2.398402236e-02 -9.983856096e-01 6.134422438e+02
-9.904180348e-01 -1.286464073e-01 -5.022169008e-02 5.796391673e+02 -1.272273084e-01 9.914041709e-01 -3.051199676e-02 4.651842375e+00 5.371525178e-02 -2.383006142e-02 -9.982719068e-01 6.121537263e+02
-9.903194507e-01 -1.283054346e-01 -5.296320477e-02 5.796738920e+02 -1.270990087e-01 9.915605335e-01 -2.556463079e-02 4.638263330e+00 5.579630464e-02 -1.858558030e-02 -9.982691764e-01 6.108556450e+02
-9.900386470e-01 -1.300820092e-01 -5.387159056e-02 5.796328298e+02 -1.291707829e-01 9.914190450e-01 -2.007949300e-02 4.630927749e+00 5.602130166e-02 -1.292083856e-02 -9.983459649e-01 6.095568590e+02
-9.897575259e-01 -1.322792823e-01 -5.368641709e-02 5.795109018e+02 -1.317436478e-01 9.911930837e-01 -1.341201251e-02 4.588873954e+00 5.498773670e-02 -6.201795892e-03 -9.984677694e-01 6.082660113e+02
-9.894035967e-01 -1.337661818e-01 -5.645468514e-02 5.795099100e+02 -1.332745390e-01 9.910015502e-01 -1.240260742e-02 4.601470657e+00 5.760572993e-02 -4.747212254e-03 -9.983281243e-01 6.069704465e+02
-9.881523775e-01 -1.419749488e-01 -5.829230360e-02 5.794659754e+02 -1.414646300e-01 9.898604153e-01 -1.281080481e-02 4.586503579e+00 5.952005721e-02 -4.412728071e-03 -9.982173564e-01 6.056840215e+02
-9.873509856e-01 -1.478911072e-01 -5.715112966e-02 5.793539008e+02 -1.470765693e-01 9.889571329e-01 -1.822833245e-02 4.584760224e+00 5.921582560e-02 -9.592169935e-03 -9.981991165e-01 6.044047720e+02
-9.869232369e-01 -1.498887586e-01 -5.929489465e-02 5.793631485e+02 -1.489493221e-01 9.886428913e-01 -1.998331525e-02 4.580021308e+00 6.161675040e-02 -1.089006381e-02 -9.980404714e-01 6.031215578e+02
-9.862852148e-01 -1.536372078e-01 -6.030823724e-02 5.793292582e+02 -1.523762233e-01 9.880061574e-01 -2.500638798e-02 4.611381313e+00 6.342682137e-02 -1.547388931e-02 -9.978665227e-01 6.018437320e+02
-9.868756784e-01 -1.491375097e-01 -6.192252013e-02 5.793363206e+02 -1.476105418e-01 9.886328968e-01 -2.856787252e-02 4.617559485e+00 6.547918181e-02 -1.905252183e-02 -9.976720294e-01 6.005667201e+02
-9.876698514e-01 -1.438651035e-01 -6.173408076e-02 5.792905073e+02 -1.423999356e-01 9.894261706e-01 -2.753382150e-02 4.558630202e+00 6.504247120e-02 -1.840339626e-02 -9.977127803e-01 5.992907839e+02
-9.881694702e-01 -1.404177711e-01 -6.167615271e-02 5.792330282e+02 -1.391575638e-01 9.899721807e-01 -2.429514229e-02 4.523162686e+00 6.446914512e-02 -1.542501473e-02 -9.978004802e-01 5.980097867e+02
-9.876387966e-01 -1.439530305e-01 -6.202525603e-02 5.791606496e+02 -1.425915331e-01 9.894435330e-01 -2.586792974e-02 4.505011543e+00 6.509425534e-02 -1.670389465e-02 -9.977393035e-01 5.967309282e+02
-9.878397346e-01 -1.426079663e-01 -6.193243636e-02 5.790525295e+02 -1.413303376e-01 9.896576763e-01 -2.456459828e-02 4.412273729e+00 6.479501846e-02 -1.551295411e-02 -9.977780083e-01 5.954599671e+02
-9.874327876e-01 -1.448947025e-01 -6.310321087e-02 5.789843237e+02 -1.435023162e-01 9.893060391e-01 -2.608919829e-02 4.390948899e+00 6.620857423e-02 -1.670587287e-02 -9.976659453e-01 5.941798743e+02
-9.873862077e-01 -1.450219454e-01 -6.353827360e-02 5.789201726e+02 -1.438047074e-01 9.893304885e-01 -2.335359951e-02 4.326837418e+00 6.624713570e-02 -1.392191921e-02 -9.977061176e-01 5.928957573e+02
-9.875275424e-01 -1.439694062e-01 -6.373510084e-02 5.788561931e+02 -1.429399642e-01 9.895200421e-01 -2.045123185e-02 4.278313140e+00 6.601151138e-02 -1.108586169e-02 -9.977572771e-01 5.916143114e+02
-9.874682748e-01 -1.433803611e-01 -6.594299252e-02 5.787970645e+02 -1.423713980e-01 9.896156922e-01 -1.977793896e-02 4.260338025e+00 6.809398822e-02 -1.014169123e-02 -9.976273627e-01 5.903303348e+02
-9.871905405e-01 -1.440029087e-01 -6.868769158e-02 5.787340622e+02 -1.428904784e-01 9.895184769e-01 -2.086851845e-02 4.246178371e+00 7.097286731e-02 -1.078638690e-02 -9.974199246e-01 5.890498621e+02
-9.868798104e-01 -1.449808033e-01 -7.105495441e-02 5.786165302e+02 -1.439109490e-01 9.893889455e-01 -1.997881878e-02 4.224059694e+00 7.319753162e-02 -9.491106973e-03 -9.972723000e-01 5.877692768e+02
-9.862270900e-01 -1.469800113e-01 -7.584855415e-02 5.784771547e+02 -1.462324401e-01 9.891311914e-01 -1.534795007e-02 4.168373418e+00 7.728001261e-02 -4.045044976e-03 -9.970012223e-01 5.864887035e+02
-9.858093850e-01 -1.468971699e-01 -8.124701759e-02 5.783767403e+02 -1.462084638e-01 9.891490681e-01 -1.439465722e-02 4.154641026e+00 8.247994614e-02 -2.311386558e-03 -9.965900441e-01 5.852066301e+02
-9.855828872e-01 -1.456928984e-01 -8.602297282e-02 5.782432115e+02 -1.444213796e-01 9.892964317e-01 -2.085750083e-02 4.101774779e+00 8.814100981e-02 -8.133239479e-03 -9.960748028e-01 5.839319146e+02
-9.854539375e-01 -1.436064162e-01 -9.087207649e-02 5.781521924e+02 -1.414772523e-01 9.895022469e-01 -2.948712362e-02 4.043538106e+00 9.415266402e-02 -1.620187039e-02 -9.954259266e-01 5.826587760e+02
-9.860079097e-01 -1.373656173e-01 -9.444092970e-02 5.779927719e+02 -1.345736440e-01 9.902727477e-01 -3.535278517e-02 3.979708554e+00 9.837853612e-02 -2.214886576e-02 -9.949025537e-01 5.813868360e+02
-9.863222064e-01 -1.331089805e-01 -9.721370498e-02 5.778234575e+02 -1.303422448e-01 9.908753876e-01 -3.430547260e-02 3.896865954e+00 1.008930341e-01 -2.116519689e-02 -9.946721219e-01 5.801100037e+02
-9.862725468e-01 -1.290001526e-01 -1.030796978e-01 5.776907653e+02 -1.259154093e-01 9.913904738e-01 -3.591988618e-02 3.851335315e+00 1.068259013e-01 -2.244747527e-02 -9.940243144e-01 5.788201459e+02
-9.858705431e-01 -1.283604801e-01 -1.076236934e-01 5.775442499e+02 -1.254241614e-01 9.915323635e-01 -3.365043502e-02 3.789739199e+00 1.110317611e-01 -1.967636116e-02 -9.936220553e-01 5.775331275e+02
-9.854053049e-01 -1.273148095e-01 -1.129925855e-01 5.774152437e+02 -1.241218373e-01 9.916535351e-01 -3.488604102e-02 3.729707894e+00 1.164910066e-01 -2.035204256e-02 -9.929832022e-01 5.762417221e+02
-9.853248177e-01 -1.249169416e-01 -1.163218003e-01 5.772971476e+02 -1.213476545e-01 9.919088161e-01 -3.730478836e-02 3.678771953e+00 1.200406193e-01 -2.264195616e-02 -9.925107513e-01 5.749531641e+02
-9.846376793e-01 -1.260638680e-01 -1.208161486e-01 5.771743515e+02 -1.220570706e-01 9.917151236e-01 -4.003979429e-02 3.628662342e+00 1.248627731e-01 -2.467822494e-02 -9.918670642e-01 5.736549143e+02
-9.841815937e-01 -1.259457059e-01 -1.245964276e-01 5.770096645e+02 -1.218062561e-01 9.917341344e-01 -4.033165703e-02 3.563347305e+00 1.286461293e-01 -2.451705013e-02 -9.913874559e-01 5.723627104e+02
-9.837058940e-01 -1.270146135e-01 -1.272399393e-01 5.768245201e+02 -1.227512640e-01 9.915969085e-01 -4.083746166e-02 3.489744304e+00 1.313576849e-01 -2.455318834e-02 -9.910309277e-01 5.710706493e+02
-9.837231383e-01 -1.239793653e-01 -1.300688442e-01 5.766457133e+02 -1.194178878e-01 9.919412040e-01 -4.233220928e-02 3.405983993e+00 1.342689663e-01 -2.611062711e-02 -9.906008681e-01 5.697782587e+02
-9.839005977e-01 -1.203671119e-01 -1.321036423e-01 5.764561971e+02 -1.158733998e-01 9.924082852e-01 -4.122075462e-02 3.320027265e+00 1.360623723e-01 -2.524982695e-02 -9.903784514e-01 5.684866017e+02
-9.832162214e-01 -1.223537672e-01 -1.353344656e-01 5.762833580e+02 -1.179764564e-01 9.922130409e-01 -3.993541239e-02 3.253127636e+00 1.391668698e-01 -2.329886459e-02 -9.899948208e-01 5.671832430e+02
-9.822434115e-01 -1.263790379e-01 -1.386586433e-01 5.761124256e+02 -1.223540720e-01 9.917886479e-01 -3.721235003e-02 3.198725524e+00 1.422229293e-01 -1.958613602e-02 -9.896408549e-01 5.658792984e+02
-9.809700001e-01 -1.307849182e-01 -1.435031849e-01 5.759532202e+02 -1.270606803e-01 9.912822952e-01 -3.485677610e-02 3.116969370e+00 1.468109071e-01 -1.595983936e-02 -9.890358138e-01 5.645752862e+02
-9.798262397e-01 -1.359762017e-01 -1.464616418e-01 5.757222849e+02 -1.324835422e-01 9.906226646e-01 -3.338933122e-02 3.058229511e+00 1.496283763e-01 -1.331198576e-02 -9.886526893e-01 5.632760693e+02
-9.787560815e-01 -1.395906115e-01 -1.501698843e-01 5.755354342e+02 -1.362595889e-01 9.901465212e-01 -3.229846730e-02 3.016133835e+00 1.531987513e-01 -1.115023461e-02 -9.881324885e-01 5.619672273e+02
-9.778646001e-01 -1.408287420e-01 -1.547517021e-01 5.753405665e+02 -1.374523074e-01 9.899796272e-01 -3.236048358e-02 2.971357044e+00 1.577583186e-01 -1.037319281e-02 -9.874232678e-01 5.606579219e+02
-9.785428230e-01 -1.351340815e-01 -1.555401025e-01 5.750897579e+02 -1.316828890e-01 9.907645268e-01 -3.233062262e-02 2.906662127e+00 1.584725851e-01 -1.115492867e-02 -9.873003633e-01 5.593648840e+02
-9.793069706e-01 -1.280710709e-01 -1.567024508e-01 5.748727833e+02 -1.241990312e-01 9.916643909e-01 -3.429776270e-02 2.891118127e+00 1.597887916e-01 -1.412574551e-02 -9.870501534e-01 5.580591707e+02
-9.788378040e-01 -1.272930593e-01 -1.602280580e-01 5.746927482e+02 -1.231751483e-01 9.917527611e-01 -3.541671444e-02 2.849443981e+00 1.634149208e-01 -1.493110419e-02 -9.864444362e-01 5.567482850e+02
-9.779158927e-01 -1.283862515e-01 -1.649165768e-01 5.745141788e+02 -1.243407428e-01 9.916337526e-01 -3.466814513e-02 2.792683679e+00 1.679877571e-01 -1.339668044e-02 -9.856980483e-01 5.554322943e+02
-9.774686398e-01 -1.288408219e-01 -1.671977897e-01 5.742763916e+02 -1.250718336e-01 9.916012334e-01 -3.292461476e-02 2.746861796e+00 1.700355689e-01 -1.127104427e-02 -9.853734667e-01 5.541172640e+02
-9.769971306e-01 -1.283107046e-01 -1.703319405e-01 5.740583040e+02 -1.249167107e-01 9.916970667e-01 -3.054084569e-02 2.688525666e+00 1.728364032e-01 -8.561012875e-03 -9.849133397e-01 5.528012159e+02
-9.759278243e-01 -1.315362909e-01 -1.739628865e-01 5.738629380e+02 -1.281974645e-01 9.912844024e-01 -3.034210963e-02 2.650254443e+00 1.764377845e-01 -7.310108085e-03 -9.842846491e-01 5.514841764e+02
-9.747759505e-01 -1.342942056e-01 -1.782607994e-01 5.736558120e+02 -1.310482410e-01 9.909245306e-01 -2.991543300e-02 2.594269077e+00 1.806604683e-01 -5.800080437e-03 -9.835284207e-01 5.501765805e+02
-9.734781080e-01 -1.363835513e-01 -1.836842402e-01 5.734380814e+02 -1.326755111e-01 9.906302521e-01 -3.238691725e-02 2.541250998e+00 1.863802079e-01 -7.157554480e-03 -9.824516210e-01 5.488681759e+02
-9.727483351e-01 -1.383306832e-01 -1.860787432e-01 5.731443182e+02 -1.342905431e-01 9.903514378e-01 -3.420642628e-02 2.459841383e+00 1.890151492e-01 -8.285628730e-03 -9.819392149e-01 5.475807929e+02
-9.719038324e-01 -1.383002534e-01 -1.904625437e-01 5.728888822e+02 -1.346092597e-01 9.903739314e-01 -3.224628954e-02 2.402154681e+00 1.930888082e-01 -5.702270375e-03 -9.811647141e-01 5.462847481e+02
-9.707321386e-01 -1.397971463e-01 -1.952840826e-01 5.726683108e+02 -1.364366672e-01 9.901753646e-01 -3.062324666e-02 2.362892450e+00 1.976465302e-01 -3.083060346e-03 -9.802685060e-01 5.449853322e+02
-9.692601429e-01 -1.421311514e-01 -2.008320470e-01 5.724465376e+02 -1.388820423e-01 9.898468039e-01 -3.025034014e-02 2.354146116e+00 2.030924755e-01 -1.428484153e-03 -9.791585192e-01 5.436928705e+02
-9.683103720e-01 -1.436042697e-01 -2.043351099e-01 5.721533613e+02 -1.408165031e-01 9.896340998e-01 -2.819682672e-02 2.297217954e+00 2.062661772e-01 1.470475867e-03 -9.784948144e-01 5.424176474e+02
-9.669118625e-01 -1.474939594e-01 -2.081513441e-01 5.719062723e+02 -1.452883916e-01 9.890494538e-01 -2.593185575e-02 2.242714348e+00 2.096967653e-01 5.168155059e-03 -9.777528097e-01 5.411383431e+02
-9.656263254e-01 -1.486102633e-01 -2.132622549e-01 5.716433641e+02 -1.471340119e-01 9.888521574e-01 -2.286904588e-02 2.156760587e+00 2.142834158e-01 9.295178408e-03 -9.767272994e-01 5.398687266e+02
-9.646907771e-01 -1.508889923e-01 -2.158800978e-01 5.713518388e+02 -1.498858714e-01 9.884779477e-01 -2.110858645e-02 2.099832930e+00 2.165777694e-01 1.199411792e-02 -9.761916876e-01 5.386077910e+02
-9.640099172e-01 -1.493377134e-01 -2.199616488e-01 5.710916577e+02 -1.485639719e-01 9.886974471e-01 -2.015202996e-02 2.022479348e+00 2.204849787e-01 1.325161947e-02 -9.753003480e-01 5.373496345e+02
-9.635894532e-01 -1.484687417e-01 -2.223789521e-01 5.707824560e+02 -1.472074298e-01 9.888534908e-01 -2.233262929e-02 1.975673921e+00 2.232159004e-01 1.121634793e-02 -9.747044964e-01 5.361016584e+02
-9.632617696e-01 -1.463904458e-01 -2.251590562e-01 5.705089155e+02 -1.440259438e-01 9.892059492e-01 -2.698365554e-02 1.941719768e+00 2.266788273e-01 6.436421787e-03 -9.739482952e-01 5.348484203e+02
-9.624075745e-01 -1.447217654e-01 -2.298418396e-01 5.702288240e+02 -1.418605328e-01 9.894613179e-01 -2.901533287e-02 1.883815941e+00 2.316187597e-01 4.680909684e-03 -9.727953738e-01 5.336015145e+02
-9.623830944e-01 -1.392992497e-01 -2.332691548e-01 5.699222231e+02 -1.369917502e-01 9.902270364e-01 -2.614721469e-02 1.823255167e+00 2.346317112e-01 6.792312400e-03 -9.720606075e-01 5.323554904e+02
-9.624026354e-01 -1.358050077e-01 -2.352406581e-01 5.696069903e+02 -1.340453205e-01 9.906957449e-01 -2.353280932e-02 1.799716989e+00 2.362477924e-01 8.884871701e-03 -9.716522216e-01 5.311046761e+02
-9.624731468e-01 -1.335897974e-01 -2.362185591e-01 5.692684394e+02 -1.319928216e-01 9.909921967e-01 -2.263539520e-02 1.755342852e+00 2.371146067e-01 9.393194087e-03 -9.714362723e-01 5.298679217e+02
-9.621562759e-01 -1.333517948e-01 -2.376396422e-01 5.689560039e+02 -1.316511326e-01 9.910272383e-01 -2.308662573e-02 1.717596227e+00 2.385860013e-01 9.072586217e-03 -9.710789917e-01 5.286255312e+02
-9.612015862e-01 -1.353288402e-01 -2.403697477e-01 5.686440038e+02 -1.337515974e-01 9.907492861e-01 -2.294258844e-02 1.671847494e+00 2.412509498e-01 1.009738532e-02 -9.704102339e-01 5.273809694e+02
-9.594989077e-01 -1.421570596e-01 -2.432143428e-01 5.683529194e+02 -1.408152776e-01 9.897690120e-01 -2.298609244e-02 1.649376568e+00 2.439936551e-01 1.219316462e-02 -9.697001717e-01 5.261260826e+02
-9.578608720e-01 -1.453538937e-01 -2.477393699e-01 5.681074461e+02 -1.446724146e-01 9.892555725e-01 -2.105480466e-02 1.621617455e+00 2.481379501e-01 1.567347930e-02 -9.685979041e-01 5.248659671e+02
-9.563669867e-01 -1.503908219e-01 -2.504890966e-01 5.677914097e+02 -1.504975701e-01 9.884307847e-01 -1.884317751e-02 1.586804252e+00 2.504249752e-01 1.967700748e-02 -9.679360243e-01 5.236091289e+02
-9.539142296e-01 -1.587852369e-01 -2.546269647e-01 5.675160419e+02 -1.589770083e-01 9.870804174e-01 -1.996397941e-02 1.588917323e+00 2.545072758e-01 2.143590905e-02 -9.668332578e-01 5.223438140e+02
-9.536261031e-01 -1.609194914e-01 -2.543662179e-01 5.671585228e+02 -1.611783971e-01 9.867232741e-01 -1.996759158e-02 1.540998608e+00 2.542022421e-01 2.195672272e-02 -9.669018164e-01 5.210973204e+02
-9.516711814e-01 -1.646628775e-01 -2.592452492e-01 5.669795734e+02 -1.639366629e-01 9.861647153e-01 -2.457488456e-02 1.517784037e+00 2.597050886e-01 1.911259159e-02 -9.654988223e-01 5.198139194e+02
-9.510699395e-01 -1.660988256e-01 -2.605324364e-01 5.666682524e+02 -1.631132035e-01 9.860486294e-01 -3.319914729e-02 1.485790988e+00 2.624119912e-01 1.092156931e-02 -9.648941218e-01 5.185609359e+02
-9.525674227e-01 -1.579512629e-01 -2.601282446e-01 5.663030172e+02 -1.528642394e-01 9.874451833e-01 -3.980620887e-02 1.423799209e+00 2.631498232e-01 1.846208463e-03 -9.647532130e-01 5.173176336e+02
-9.544533964e-01 -1.481051079e-01 -2.590050020e-01 5.659012919e+02 -1.429145329e-01 9.889716227e-01 -3.886599687e-02 1.349115922e+00 2.619048498e-01 -8.020383860e-05 -9.650936966e-01 5.160768989e+02
-9.558677556e-01 -1.398469209e-01 -2.583789322e-01 5.655072798e+02 -1.353494262e-01 9.901722565e-01 -3.520561453e-02 1.302868395e+00 2.607630471e-01 1.319528455e-03 -9.654019329e-01 5.148297213e+02
-9.560417568e-01 -1.363596342e-01 -2.595962429e-01 5.651697572e+02 -1.330619497e-01 9.906438279e-01 -3.032035354e-02 1.239761607e+00 2.613018881e-01 5.554858151e-03 -9.652411444e-01 5.135625041e+02
-9.561965892e-01 -1.360379991e-01 -2.591944165e-01 5.648355745e+02 -1.336244314e-01 9.906643326e-01 -2.699428539e-02 1.161128297e+00 2.604469122e-01 8.822862903e-03 -9.654478562e-01 5.122961748e+02
-9.562741781e-01 -1.370242428e-01 -2.583874090e-01 5.644995001e+02 -1.353081511e-01 9.905005688e-01 -2.450157855e-02 1.119196626e+00 2.592901859e-01 1.153169570e-02 -9.657306144e-01 5.110248197e+02
-9.571598031e-01 -1.373995402e-01 -2.548852244e-01 5.641106865e+02 -1.357234920e-01 9.904501870e-01 -2.423965303e-02 1.086492613e+00 2.557816353e-01 1.139269120e-02 -9.666674514e-01 5.097677094e+02
-9.578897196e-01 -1.360353752e-01 -2.528668856e-01 5.637658822e+02 -1.348231948e-01 9.906209414e-01 -2.220037312e-02 1.026106476e+00 2.535152684e-01 1.282681218e-02 -9.672463397e-01 5.084979455e+02
-9.588968089e-01 -1.321470853e-01 -2.511056704e-01 5.634390031e+02 -1.310419005e-01 9.911502564e-01 -2.119409426e-02 9.684054346e-01 2.516841874e-01 1.258241492e-02 -9.677276232e-01 5.072266851e+02
-9.602103305e-01 -1.276665025e-01 -2.483895837e-01 5.630783253e+02 -1.271269672e-01 9.917179936e-01 -1.827991520e-02 9.359296361e-01 2.486661524e-01 1.402445104e-02 -9.684877177e-01 5.059590376e+02
-9.607679786e-01 -1.268670140e-01 -2.466366801e-01 5.627267971e+02 -1.275479499e-01 9.917434845e-01 -1.328086553e-02 8.520879359e-01 2.462852243e-01 1.869817258e-02 -9.690170105e-01 5.046905795e+02
-9.610296752e-01 -1.271157131e-01 -2.454863723e-01 5.624004423e+02 -1.282278855e-01 9.916778659e-01 -1.151606055e-02 8.128006596e-01 2.449072740e-01 2.041092251e-02 -9.693316364e-01 5.034201514e+02
-9.618047784e-01 -1.266829283e-01 -2.426582039e-01 5.620350080e+02 -1.278462227e-01 9.917328503e-01 -1.101349007e-02 7.841094177e-01 2.420473333e-01 2.043010740e-02 -9.700493282e-01 5.021582024e+02
-9.605181990e-01 -1.308583767e-01 -2.455216380e-01 5.618178823e+02 -1.323087206e-01 9.911513094e-01 -1.065289994e-02 7.917431624e-01 2.447431142e-01 2.225234952e-02 -9.693325750e-01 5.008709649e+02
-9.605739436e-01 -1.316923858e-01 -2.448567221e-01 5.615297295e+02 -1.334027949e-01 9.910148012e-01 -9.662200147e-03 7.735332826e-01 2.439290740e-01 2.338331340e-02 -9.695111281e-01 4.995924174e+02
-9.602398393e-01 -1.350134240e-01 -2.443579882e-01 5.612308344e+02 -1.369657471e-01 9.905342920e-01 -9.066449261e-03 7.141837700e-01 2.432690592e-01 2.476270864e-02 -9.696427038e-01 4.983223698e+02
-9.598021805e-01 -1.387768703e-01 -2.439687573e-01 5.609276380e+02 -1.404563893e-01 9.900302588e-01 -1.058722472e-02 7.158133439e-01 2.430057139e-01 2.410532939e-02 -9.697252993e-01 4.970496574e+02
-9.594197046e-01 -1.400656241e-01 -2.447354724e-01 5.606795516e+02 -1.413598284e-01 9.898811197e-01 -1.235992485e-02 7.065814140e-01 2.439902240e-01 2.273740892e-02 -9.695111040e-01 4.957658903e+02
-9.600966687e-01 -1.387931149e-01 -2.427979776e-01 5.603092012e+02 -1.397408741e-01 9.900974078e-01 -1.340190581e-02 6.749567717e-01 2.422537405e-01 2.106167650e-02 -9.699842942e-01 4.945124168e+02
-9.606283834e-01 -1.365691493e-01 -2.419544926e-01 5.599952422e+02 -1.369123742e-01 9.904622513e-01 -1.547677114e-02 6.390755127e-01 2.417604410e-01 1.825913840e-02 -9.701641578e-01 4.932397132e+02
-9.610877733e-01 -1.355846197e-01 -2.406804996e-01 5.596642397e+02 -1.362073055e-01 9.905796217e-01 -1.412738213e-02 5.876684249e-01 2.403286540e-01 1.920478810e-02 -9.705015787e-01 4.919680808e+02
-9.610503149e-01 -1.344284026e-01 -2.414773217e-01 5.593814994e+02 -1.355164833e-01 9.907002781e-01 -1.217545751e-02 5.910632638e-01 2.408683770e-01 2.102293016e-02 -9.703300786e-01 4.906792590e+02
-9.607752987e-01 -1.361335035e-01 -2.416164203e-01 5.590857315e+02 -1.375109723e-01 9.904365288e-01 -1.123453949e-02 5.948960978e-01 2.408351258e-01 2.243104084e-02 -9.703068023e-01 4.893976525e+02
-9.599110410e-01 -1.394677592e-01 -2.431450955e-01 5.587666832e+02 -1.404554239e-01 9.899968876e-01 -1.335801307e-02 5.719316443e-01 2.425758999e-01 2.132854322e-02 -9.698979462e-01 4.881231310e+02
-9.591799499e-01 -1.433436292e-01 -2.437753632e-01 5.585177318e+02 -1.437457960e-01 9.894814599e-01 -1.623534891e-02 5.627841414e-01 2.435384361e-01 1.946906247e-02 -9.696958213e-01 4.868325459e+02
-9.583860587e-01 -1.474356024e-01 -2.444563470e-01 5.582063353e+02 -1.472592396e-01 9.889134402e-01 -1.910298750e-02 5.411447507e-01 2.445626276e-01 1.769041889e-02 -9.694721091e-01 4.855565085e+02
-9.572762011e-01 -1.502003759e-01 -2.471075106e-01 5.579679457e+02 -1.501906714e-01 9.884744438e-01 -1.900095117e-02 5.125538920e-01 2.471134092e-01 1.892408457e-02 -9.688017558e-01 4.842637247e+02
-9.577145983e-01 -1.471374428e-01 -2.472515340e-01 5.576231156e+02 -1.477637283e-01 9.888911964e-01 -1.612706729e-02 4.859075875e-01 2.468777608e-01 2.108968072e-02 -9.688171121e-01 4.829896409e+02
-9.568998120e-01 -1.460302453e-01 -2.510336974e-01 5.573755712e+02 -1.469893430e-01 9.890238611e-01 -1.503113869e-02 4.852351513e-01 2.504733175e-01 2.251598446e-02 -9.678616366e-01 4.816981204e+02
-9.567228292e-01 -1.477318772e-01 -2.507124261e-01 5.570019198e+02 -1.487094745e-01 9.887648679e-01 -1.515018958e-02 4.868000510e-01 2.501338048e-01 2.278878092e-02 -9.679430516e-01 4.804366368e+02
-9.569452219e-01 -1.479409692e-01 -2.497384870e-01 5.566047214e+02 -1.487452437e-01 9.887499748e-01 -1.575880181e-02 4.642329312e-01 2.492602952e-01 2.206710203e-02 -9.681850795e-01 4.791919592e+02
-9.569005185e-01 -1.486028965e-01 -2.495166866e-01 5.562736971e+02 -1.491738368e-01 9.886694321e-01 -1.673082299e-02 4.033507875e-01 2.491757696e-01 2.121162828e-02 -9.682259564e-01 4.779337300e+02
-9.565431915e-01 -1.513009546e-01 -2.492652079e-01 5.559549750e+02 -1.518734664e-01 9.882528694e-01 -1.705040339e-02 3.802213891e-01 2.489167992e-01 2.154732389e-02 -9.682851542e-01 4.766748509e+02
-9.557361377e-01 -1.533203440e-01 -2.511201053e-01 5.556690499e+02 -1.539150191e-01 9.879309919e-01 -1.739316577e-02 3.519207590e-01 2.507560608e-01 2.202787873e-02 -9.677996541e-01 4.754060398e+02
-9.558791104e-01 -1.547231390e-01 -2.497115868e-01 5.553234400e+02 -1.560167089e-01 9.876445724e-01 -1.473041617e-02 2.915870934e-01 2.489054296e-01 2.487868284e-02 -9.682082102e-01 4.741613057e+02
-9.557795627e-01 -1.540011588e-01 -2.505375633e-01 5.550810122e+02 -1.556251444e-01 9.877247388e-01 -1.344078629e-02 2.819195390e-01 2.495320459e-01 2.614351563e-02 -9.680135715e-01 4.728938627e+02
-9.557795627e-01 -1.540011588e-01 -2.505375633e-01 5.547692172e+02 -1.556251444e-01 9.877247388e-01 -1.344078629e-02 2.711116098e-01 2.495320459e-01 2.614351563e-02 -9.680135715e-01 4.716392117e+02
-9.560971740e-01 -1.527155563e-01 -2.501122803e-01 5.544568582e+02 -1.538536141e-01 9.879780274e-01 -1.511564482e-02 2.177234107e-01 2.494138315e-01 2.402865297e-02 -9.680988403e-01 4.703951604e+02
-9.563642128e-01 -1.528401186e-01 -2.490128324e-01 5.541418566e+02 -1.528041005e-01 9.880622344e-01 -1.959407358e-02 1.991453040e-01 2.490349361e-01 1.931111112e-02 -9.683019578e-01 4.691637688e+02
-9.562033783e-01 -1.545227505e-01 -2.485916711e-01 5.538592140e+02 -1.540965001e-01 9.878262721e-01 -2.129612193e-02 1.517228578e-01 2.488561191e-01 1.794368275e-02 -9.683742336e-01 4.679208397e+02
-9.569422661e-01 -1.521223279e-01 -2.472251943e-01 5.535394255e+02 -1.517904448e-01 9.881997144e-01 -2.051792782e-02 1.168854403e-01 2.474291014e-01 1.789194988e-02 -9.687407898e-01 4.666783026e+02
-9.582315033e-01 -1.478857859e-01 -2.447900743e-01 5.532525480e+02 -1.483663498e-01 9.887934331e-01 -1.658230463e-02 6.809785161e-02 2.444991051e-01 2.042892310e-02 -9.694342921e-01 4.654278870e+02
-9.601576841e-01 -1.426560784e-01 -2.403049416e-01 5.529043110e+02 -1.437087858e-01 9.895315619e-01 -1.323150954e-02 2.664433912e-02 2.396768794e-01 2.182959581e-02 -9.706072647e-01 4.641963603e+02
-9.624834572e-01 -1.389738311e-01 -2.330490695e-01 5.526153277e+02 -1.394621266e-01 9.901217516e-01 -1.446486460e-02 2.287337701e-02 2.327571906e-01 1.857932596e-02 -9.723573926e-01 4.629471254e+02
-9.642579855e-01 -1.381869193e-01 -2.260772275e-01 5.523232656e+02 -1.389178629e-01 9.902217944e-01 -1.275245887e-02 -1.224610873e-02 2.256288209e-01 1.910950501e-02 -9.740259042e-01 4.617042210e+02
-9.656844382e-01 -1.401189474e-01 -2.186784084e-01 5.520468951e+02 -1.411373057e-01 9.899285009e-01 -1.103739401e-02 -3.094698388e-02 2.180225371e-01 2.020504175e-02 -9.757345590e-01 4.604562848e+02
-9.675626192e-01 -1.414343591e-01 -2.093296441e-01 5.517680713e+02 -1.425418668e-01 9.897396127e-01 -9.864851417e-03 -6.264697399e-02 2.085770698e-01 2.029337677e-02 -9.777953696e-01 4.592168534e+02
-9.702674702e-01 -1.386645636e-01 -1.983763469e-01 5.514742672e+02 -1.400159207e-01 9.901225691e-01 -7.269116554e-03 -9.826094519e-02 1.974248671e-01 2.072285953e-02 -9.800989669e-01 4.579808074e+02
-9.722187399e-01 -1.378765811e-01 -1.891580559e-01 5.512692217e+02 -1.393626751e-01 9.902262027e-01 -5.487469096e-03 -1.252100159e-01 1.880658569e-01 2.102655240e-02 -9.819313202e-01 4.567310354e+02
-9.741026178e-01 -1.389846337e-01 -1.783461847e-01 5.509912258e+02 -1.408173262e-01 9.900326761e-01 -2.404328358e-03 -1.629809590e-01 1.769027152e-01 2.277217032e-02 -9.839648660e-01 4.554986732e+02
-9.755883853e-01 -1.401382230e-01 -1.690815808e-01 5.508322349e+02 -1.420338141e-01 9.898614041e-01 -8.923435586e-04 -1.690857013e-01 1.674923824e-01 2.314474180e-02 -9.856016552e-01 4.542454068e+02
-9.773839195e-01 -1.396870811e-01 -1.587708832e-01 5.506509638e+02 -1.413446746e-01 9.899600712e-01 -8.604898272e-04 -1.884343592e-01 1.572970342e-01 2.160038990e-02 -9.873150795e-01 4.530002739e+02
-9.785318105e-01 -1.419527753e-01 -1.494152114e-01 5.504885929e+02 -1.436366953e-01 9.896303682e-01 4.838741015e-04 -1.979312400e-01 1.477971434e-01 2.193499339e-02 -9.887744234e-01 4.517543690e+02
-9.805420793e-01 -1.401511572e-01 -1.374586621e-01 5.502999909e+02 -1.422084818e-01 9.898230009e-01 5.212923606e-03 -1.936917775e-01 1.353291481e-01 2.465927860e-02 -9.904937868e-01 4.505078049e+02
-9.817439473e-01 -1.409586433e-01 -1.277085854e-01 5.501041380e+02 -1.434087424e-01 9.896114840e-01 1.015102219e-02 -1.861535104e-01 1.249510084e-01 2.828023222e-02 -9.917597864e-01 4.492635564e+02
-9.824416965e-01 -1.427041485e-01 -1.201825236e-01 5.499942729e+02 -1.452727759e-01 9.893082681e-01 1.284411648e-02 -1.677371148e-01 1.170646555e-01 3.007784439e-02 -9.926687210e-01 4.480117877e+02
-9.830229933e-01 -1.436036332e-01 -1.142094182e-01 5.498680126e+02 -1.462925392e-01 9.891202877e-01 1.547738196e-02 -1.639454529e-01 1.107442443e-01 3.192260812e-02 -9.933361261e-01 4.467667969e+02
-9.834102531e-01 -1.449705500e-01 -1.090312512e-01 5.498058792e+02 -1.475581778e-01 9.889238198e-01 1.600820777e-02 -9.617924816e-02 1.055028827e-01 3.183108840e-02 -9.939094142e-01 4.455078618e+02
-9.838239338e-01 -1.472374033e-01 -1.020373181e-01 5.496499443e+02 -1.497845196e-01 9.885597698e-01 1.772510174e-02 -7.859800202e-02 9.826018979e-02 3.272199000e-02 -9.946226453e-01 4.442615372e+02
-9.831853475e-01 -1.530729223e-01 -9.957536292e-02 5.495976452e+02 -1.556195399e-01 9.876478249e-01 1.828477063e-02 -5.111911718e-02 9.554648733e-02 3.347319073e-02 -9.948620076e-01 4.430064255e+02
-9.832038288e-01 -1.561620371e-01 -9.446506849e-02 5.494120938e+02 -1.585823067e-01 9.871699063e-01 1.863405819e-02 -3.728709122e-02 9.034314032e-02 3.330156582e-02 -9.953537676e-01 4.417676611e+02
-9.825972087e-01 -1.590711171e-01 -9.591196541e-02 5.493667542e+02 -1.614131112e-01 9.867383330e-01 1.712511681e-02 -2.580942240e-02 9.191590140e-02 3.230854072e-02 -9.952424957e-01 4.405163521e+02
-9.826724880e-01 -1.604844701e-01 -9.273357613e-02 5.492497192e+02 -1.627036850e-01 9.865312866e-01 1.683839030e-02 -5.415343668e-02 8.878227403e-02 3.163471745e-02 -9.955485686e-01 4.392712188e+02
-9.833392568e-01 -1.572009302e-01 -9.127854910e-02 5.491436841e+02 -1.591757983e-01 9.871403786e-01 1.472882170e-02 -1.690973323e-02 8.778935705e-02 2.901276451e-02 -9.957164698e-01 4.380259937e+02
-9.838560637e-01 -1.550953222e-01 -8.928990435e-02 5.490471422e+02 -1.569656465e-01 9.875008546e-01 1.427753582e-02 -2.383944883e-02 8.595947783e-02 2.806248775e-02 -9.959033412e-01 4.367781389e+02
-9.841483966e-01 -1.544829585e-01 -8.710309462e-02 5.489719923e+02 -1.560603074e-01 9.876798973e-01 1.155858703e-02 -2.563769050e-02 8.424437083e-02 2.496870061e-02 -9.961322452e-01 4.355303042e+02
-9.839431832e-01 -1.559170904e-01 -8.686583421e-02 5.488960055e+02 -1.572714901e-01 9.875150265e-01 8.930334521e-03 -2.362769364e-02 8.438892479e-02 2.244846096e-02 -9.961799918e-01 4.342809830e+02
-9.834819662e-01 -1.593142179e-01 -8.591974212e-02 5.488496524e+02 -1.606822230e-01 9.869632788e-01 9.203772810e-03 -2.190007447e-02 8.333333853e-02 2.285751974e-02 -9.962595488e-01 4.330258642e+02
-9.832770779e-01 -1.614091415e-01 -8.434024655e-02 5.487682841e+02 -1.627580373e-01 9.866219497e-01 9.324675109e-03 -1.618910575e-02 8.170685069e-02 2.289579229e-02 -9.963933828e-01 4.317753491e+02
-9.833217397e-01 -1.628197489e-01 -8.104372609e-02 5.486211017e+02 -1.640059975e-01 9.864256143e-01 8.157225711e-03 -6.548893324e-03 7.861544985e-02 2.131283451e-02 -9.966771665e-01 4.305365253e+02
-9.831573238e-01 -1.634726203e-01 -8.172135030e-02 5.485730425e+02 -1.646040645e-01 9.863330080e-01 7.259427049e-03 -8.318760743e-04 7.941774770e-02 2.058882528e-02 -9.966287782e-01 4.292897876e+02
-9.833200478e-01 -1.625414632e-01 -8.162080850e-02 5.484987489e+02 -1.637755184e-01 9.864600224e-01 8.614165723e-03 1.150544686e-02 7.911550548e-02 2.183797207e-02 -9.966262287e-01 4.280483634e+02
-9.832978714e-01 -1.622071176e-01 -8.254784718e-02 5.484302527e+02 -1.638459670e-01 9.863944171e-01 1.343700036e-02 -9.884020348e-03 7.924515850e-02 2.673770570e-02 -9.964965128e-01 4.268024856e+02
-9.828971741e-01 -1.641013020e-01 -8.356977780e-02 5.483131999e+02 -1.659019198e-01 9.860277056e-01 1.503052801e-02 5.209839009e-03 7.993558704e-02 2.863785008e-02 -9.963885665e-01 4.255695165e+02
-9.829710633e-01 -1.637134447e-01 -8.346134883e-02 5.481865211e+02 -1.655481467e-01 9.860797306e-01 1.551051310e-02 -1.427533796e-03 7.976026484e-02 2.906325717e-02 -9.963902986e-01 4.243437001e+02
-9.825001131e-01 -1.659181210e-01 -8.464458028e-02 5.480694374e+02 -1.677783675e-01 9.857058704e-01 1.530870782e-02 1.044667753e-02 8.089466764e-02 2.924233666e-02 -9.962936005e-01 4.231218092e+02
-9.814692674e-01 -1.701389529e-01 -8.815221979e-02 5.480050214e+02 -1.721228053e-01 9.849557609e-01 1.535868035e-02 1.118205413e-02 8.421292692e-02 3.024708011e-02 -9.959886029e-01 4.219033731e+02
-9.807145338e-01 -1.727389839e-01 -9.143438386e-02 5.479077256e+02 -1.744469545e-01 9.846054785e-01 1.096867251e-02 4.234703944e-02 8.813207793e-02 2.670758636e-02 -9.957506925e-01 4.206857355e+02
-9.810208385e-01 -1.697423545e-01 -9.373178497e-02 5.477473027e+02 -1.707495539e-01 9.853105598e-01 2.773191224e-03 8.219238287e-02 9.188418951e-02 1.872521885e-02 -9.955936229e-01 4.194893290e+02
-9.807991068e-01 -1.691039122e-01 -9.714411493e-02 5.476103831e+02 -1.696769518e-01 9.854968343e-01 -2.391986005e-03 6.311050518e-02 9.613971193e-02 1.413705957e-02 -9.952674512e-01 4.182954799e+02
-9.809476498e-01 -1.649007988e-01 -1.027104420e-01 5.474866459e+02 -1.654655857e-01 9.862108300e-01 -3.055932886e-03 4.022571496e-02 1.017980760e-01 1.399733326e-02 -9.947066032e-01 4.171021312e+02
-9.809311320e-01 -1.609424294e-01 -1.089570961e-01 5.473721533e+02 -1.617282146e-01 9.868339674e-01 -1.644826642e-03 3.780357778e-02 1.077872858e-01 1.600797495e-02 -9.940450924e-01 4.159048622e+02
-9.805352983e-01 -1.589421533e-01 -1.152732432e-01 5.472458997e+02 -1.602349661e-01 9.870769203e-01 1.977120013e-03 2.548841438e-02 1.134693102e-01 2.040944018e-02 -9.933318531e-01 4.147152206e+02
-9.796116027e-01 -1.590316843e-01 -1.227600555e-01 5.471481522e+02 -1.605670091e-01 9.870213773e-01 2.652597617e-03 8.473508369e-03 1.207449520e-01 2.230973035e-02 -9.924328353e-01 4.135319972e+02
-9.789223517e-01 -1.595538187e-01 -1.274896398e-01 5.470144473e+02 -1.613137713e-01 9.868968441e-01 3.533591297e-03 -1.264416342e-03 1.252553252e-01 2.402494611e-02 -9.918336078e-01 4.123628319e+02
-9.786649104e-01 -1.593888441e-01 -1.296541148e-01 5.468768454e+02 -1.610631700e-01 9.869410232e-01 2.464125095e-03 -2.001362282e-02 1.275682107e-01 2.329405550e-02 -9.915562206e-01 4.112091965e+02
-9.786871168e-01 -1.576661216e-01 -1.315785751e-01 5.467215509e+02 -1.595167254e-01 9.871887432e-01 3.577662370e-03 -2.675562079e-02 1.293288120e-01 2.449039551e-02 -9.912992883e-01 4.100748074e+02
-9.797280079e-01 -1.509955214e-01 -1.316563069e-01 5.465675509e+02 -1.533599709e-01 9.881384149e-01 7.949362167e-03 -4.660095603e-02 1.288943363e-01 2.797902015e-02 -9.912635495e-01 4.089624494e+02
-9.798408341e-01 -1.473527051e-01 -1.349041144e-01 5.464791423e+02 -1.504278518e-01 9.885376542e-01 1.283618600e-02 -6.128523785e-02 1.314663500e-01 3.287075531e-02 -9.907755105e-01 4.078631733e+02
-9.805639246e-01 -1.426694668e-01 -1.346841227e-01 5.463141401e+02 -1.460396839e-01 9.891583492e-01 1.543278645e-02 -5.409565719e-02 1.310221371e-01 3.480206036e-02 -9.907683968e-01 4.067979516e+02
-9.807999524e-01 -1.419443555e-01 -1.337282817e-01 5.461917555e+02 -1.454064816e-01 9.892354283e-01 1.643844489e-02 -5.492630538e-02 1.299554096e-01 3.556778490e-02 -9.908816903e-01 4.057470687e+02
-9.817609090e-01 -1.384050263e-01 -1.303440308e-01 5.460455120e+02 -1.415059655e-01 9.898268877e-01 1.479169329e-02 -6.542942471e-02 1.269707816e-01 3.296636417e-02 -9.913584818e-01 4.047206680e+02
-9.822490524e-01 -1.393072547e-01 -1.256196155e-01 5.459052499e+02 -1.419165959e-01 9.898055991e-01 1.202313157e-02 -6.351401956e-02 1.226640893e-01 2.963721781e-02 -9.920056232e-01 4.037152995e+02
-9.827715035e-01 -1.370868738e-01 -1.239651601e-01 5.458133498e+02 -1.399129966e-01 9.900598829e-01 1.434509342e-02 -6.796545590e-02 1.207664079e-01 3.144228605e-02 -9.921828750e-01 4.027180497e+02
-9.838184068e-01 -1.341748426e-01 -1.187369109e-01 5.456792891e+02 -1.373774619e-01 9.903331688e-01 1.917414446e-02 -5.560959735e-02 1.150164134e-01 3.517565171e-02 -9.927405996e-01 4.017457056e+02
-9.849335456e-01 -1.298607987e-01 -1.142019426e-01 5.455758874e+02 -1.332737581e-01 9.908182689e-01 2.274342567e-02 -8.619804337e-02 1.101998917e-01 3.762088496e-02 -9.931971873e-01 4.007987084e+02
-9.852370505e-01 -1.305870843e-01 -1.107021579e-01 5.455064539e+02 -1.336757066e-01 9.908042746e-01 2.092115952e-02 -8.780098928e-02 1.069521380e-01 3.541049067e-02 -9.936334019e-01 3.998668646e+02
-9.858990028e-01 -1.287576626e-01 -1.068860172e-01 5.453969883e+02 -1.316371510e-01 9.910899532e-01 2.030677356e-02 -9.754144878e-02 1.033190051e-01 3.409059860e-02 -9.940638884e-01 3.989644672e+02
-9.866724825e-01 -1.269175155e-01 -1.018300371e-01 5.452849790e+02 -1.297311552e-01 9.913166433e-01 2.147417044e-02 -1.049428185e-01 9.822036217e-02 3.439850141e-02 -9.945700094e-01 3.980780917e+02
-9.870415695e-01 -1.275920801e-01 -9.730982044e-02 5.451920233e+02 -1.303365619e-01 9.912175841e-01 2.236250430e-02 -8.295346805e-02 9.360192669e-02 3.475574878e-02 -9.950028730e-01 3.972006390e+02
-9.873706611e-01 -1.283611687e-01 -9.285789090e-02 5.450689518e+02 -1.309522135e-01 9.911368360e-01 2.234480010e-02 -4.905908933e-02 8.916667152e-02 3.422254641e-02 -9.954286122e-01 3.963461894e+02
-9.880212701e-01 -1.247635794e-01 -9.081860535e-02 5.449882391e+02 -1.274018430e-01 9.915647820e-01 2.383387515e-02 -5.706065265e-02 8.707893103e-02 3.511883330e-02 -9.955822052e-01 3.955004772e+02
-9.881059144e-01 -1.240013447e-01 -9.094156644e-02 5.448996043e+02 -1.265267881e-01 9.917073229e-01 2.252903833e-02 -4.432353730e-02 8.739378635e-02 3.376762033e-02 -9.956013630e-01 3.946774756e+02
-9.876647936e-01 -1.256039248e-01 -9.349817898e-02 5.448382277e+02 -1.280386527e-01 9.915574985e-01 2.048976867e-02 -1.724472104e-02 9.013522510e-02 3.220840401e-02 -9.954085894e-01 3.938720631e+02
-9.872824280e-01 -1.259120767e-01 -9.705439832e-02 5.447634269e+02 -1.283275788e-01 9.915491175e-01 1.903628333e-02 -4.521033295e-03 9.383730504e-02 3.124894397e-02 -9.950970122e-01 3.930881774e+02
-9.860993996e-01 -1.293097318e-01 -1.043406311e-01 5.446943314e+02 -1.317408865e-01 9.911430733e-01 1.672564305e-02 1.187985014e-02 1.012537054e-01 3.023907381e-02 -9.944009682e-01 3.923260022e+02
-9.837714061e-01 -1.336839788e-01 -1.196762896e-01 5.446743297e+02 -1.364444492e-01 9.905320268e-01 1.513988396e-02 3.986792076e-02 1.165192377e-01 3.122335034e-02 -9.926975217e-01 3.915770035e+02
-9.819243296e-01 -1.339228967e-01 -1.337507709e-01 5.445789326e+02 -1.370298604e-01 9.904642891e-01 1.425866283e-02 5.485676505e-02 1.305658007e-01 3.232877739e-02 -9.909124188e-01 3.908604767e+02
-9.794937348e-01 -1.349522964e-01 -1.495991351e-01 5.444578942e+02 -1.385687559e-01 9.902542571e-01 1.397162002e-02 3.591730088e-02 1.462556782e-01 3.441488030e-02 -9.886480125e-01 3.901709535e+02
-9.757116669e-01 -1.378636066e-01 -1.702362154e-01 5.443471713e+02 -1.414071250e-01 9.899123282e-01 8.809511128e-03 3.846459469e-02 1.673044174e-01 3.266815658e-02 -9.853639041e-01 3.894829364e+02
-9.711550596e-01 -1.397740921e-01 -1.931865765e-01 5.442139139e+02 -1.433203682e-01 9.896664147e-01 4.433932182e-03 4.274919889e-02 1.905705176e-01 3.199360694e-02 -9.811520203e-01 3.888202273e+02
-9.654367952e-01 -1.420876391e-01 -2.185014814e-01 5.440463598e+02 -1.461596444e-01 9.892578535e-01 2.501519817e-03 8.462364507e-04 2.157988715e-01 3.435115809e-02 -9.758334105e-01 3.881781315e+02
-9.581086935e-01 -1.408925887e-01 -2.493531829e-01 5.438690652e+02 -1.455593415e-01 9.893494833e-01 2.793655899e-04 -4.584401121e-02 2.466580821e-01 3.656334770e-02 -9.684125733e-01 3.875193651e+02
-9.502875665e-01 -1.408218098e-01 -2.777098464e-01 5.436245152e+02 -1.458207521e-01 9.893073956e-01 -2.680532478e-03 -8.241386306e-02 2.751178823e-01 3.794858199e-02 -9.606612597e-01 3.869113783e+02
-9.417002623e-01 -1.406406034e-01 -3.056482238e-01 5.433449873e+02 -1.456697299e-01 9.893124868e-01 -6.413523931e-03 -1.181573114e-01 3.032836062e-01 3.848407703e-02 -9.521229070e-01 3.862921292e+02
-9.309243834e-01 -1.397573684e-01 -3.374132042e-01 5.430948935e+02 -1.453865541e-01 9.893369953e-01 -8.663699827e-03 -2.057773505e-01 3.350261815e-01 4.099009364e-02 -9.413167745e-01 3.857054642e+02
-9.196271611e-01 -1.371329341e-01 -3.680766807e-01 5.427997874e+02 -1.425712182e-01 9.897053412e-01 -1.252139296e-02 -2.222711015e-01 3.660045522e-01 4.096212768e-02 -9.297111228e-01 3.851353618e+02
-9.048609746e-01 -1.335452789e-01 -4.042181034e-01 5.425484121e+02 -1.409318000e-01 9.899516141e-01 -1.157711257e-02 -2.548321429e-01 4.017024327e-01 4.649150755e-02 -9.145893588e-01 3.845013409e+02
-8.896263013e-01 -1.310468271e-01 -4.374834547e-01 5.422272648e+02 -1.406568271e-01 9.900024616e-01 -1.052535460e-02 -2.531272050e-01 4.344890114e-01 5.217140238e-02 -8.991648591e-01 3.839450264e+02
-8.728335278e-01 -1.299383471e-01 -4.704015930e-01 5.419092971e+02 -1.436267861e-01 9.896081655e-01 -6.857491483e-03 -3.378998984e-01 4.664043085e-01 6.157682047e-02 -8.824258134e-01 3.833460789e+02
-8.540137974e-01 -1.291487809e-01 -5.039653026e-01 5.415580755e+02 -1.412200894e-01 9.898740659e-01 -1.436036161e-02 -3.497896894e-01 5.007168064e-01 5.890607816e-02 -8.636045124e-01 3.828296015e+02
-8.286897453e-01 -1.332795734e-01 -5.436081873e-01 5.412528107e+02 -1.421789842e-01 9.895030784e-01 -2.586105630e-02 -3.708005380e-01 5.413487254e-01 5.585886772e-02 -8.389406084e-01 3.822976322e+02
-8.018105940e-01 -1.390469001e-01 -5.811761617e-01 5.408720448e+02 -1.443121674e-01 9.888222069e-01 -3.747854674e-02 -4.249589923e-01 5.798911706e-01 5.382009570e-02 -8.129142806e-01 3.817336076e+02
-7.704216371e-01 -1.390158596e-01 -6.221937735e-01 5.405621788e+02 -1.437219265e-01 9.886861100e-01 -4.293930394e-02 -5.058073393e-01 6.211235858e-01 5.634151896e-02 -7.816847986e-01 3.811943578e+02
-7.425490530e-01 -1.369389922e-01 -6.556436657e-01 5.400040722e+02 -1.449069122e-01 9.885383896e-01 -4.235373848e-02 -6.043914276e-01 6.539288117e-01 6.355757072e-02 -7.538816515e-01 3.807607213e+02
-7.132207386e-01 -1.326398157e-01 -6.882752773e-01 5.394659999e+02 -1.439938506e-01 9.887152971e-01 -4.132592761e-02 -6.836695306e-01 6.859897587e-01 6.963289884e-02 -7.242715722e-01 3.804072799e+02
-6.807752564e-01 -1.292906953e-01 -7.209916548e-01 5.389527283e+02 -1.423701636e-01 9.888833263e-01 -4.290109050e-02 -7.586734659e-01 7.185233376e-01 7.344169896e-02 -6.916144375e-01 3.800103718e+02
-6.439155233e-01 -1.256264534e-01 -7.547123910e-01 5.383836825e+02 -1.393804236e-01 9.891821023e-01 -4.573692088e-02 -8.104624143e-01 7.522937567e-01 7.574141939e-02 -6.544595793e-01 3.795065896e+02
-6.073890642e-01 -1.227017327e-01 -7.848712057e-01 5.378041005e+02 -1.384193279e-01 9.892324504e-01 -4.753155598e-02 -8.753157960e-01 7.822522703e-01 7.977119745e-02 -6.178332636e-01 3.791592671e+02
-5.682472026e-01 -1.208739741e-01 -8.139315691e-01 5.371969812e+02 -1.418446460e-01 9.887339637e-01 -4.780424024e-02 -9.437161665e-01 8.105400750e-01 8.828720951e-02 -5.789906351e-01 3.788416360e+02
-5.265505749e-01 -1.170479263e-01 -8.420476679e-01 5.365102459e+02 -1.407810392e-01 9.888068043e-01 -4.941460018e-02 -9.935389164e-01 8.384063401e-01 9.252505962e-02 -5.371349200e-01 3.784404525e+02
-4.834102970e-01 -1.146070848e-01 -8.678592633e-01 5.358498583e+02 -1.439940129e-01 9.882990967e-01 -5.030526449e-02 -1.061085959e+00 8.634698657e-01 1.006484551e-01 -4.942566940e-01 3.781942985e+02
-4.395623942e-01 -1.124300689e-01 -8.911477887e-01 5.351081780e+02 -1.420228255e-01 9.883541491e-01 -5.464057979e-02 -1.147965664e+00 8.869128586e-01 1.025453828e-01 -4.504109521e-01 3.778690060e+02
-3.931582585e-01 -1.128970158e-01 -9.125134780e-01 5.344355772e+02 -1.431977684e-01 9.878419748e-01 -6.051968235e-02 -1.204218907e+00 9.082516077e-01 1.068760808e-01 -4.045448312e-01 3.775821207e+02
-3.466764261e-01 -1.132175238e-01 -9.311268699e-01 5.337450093e+02 -1.429513669e-01 9.874698350e-01 -6.684483342e-02 -1.268432674e+00 9.270277031e-01 1.099323308e-01 -3.585171131e-01 3.772848677e+02
-3.055031571e-01 -1.146267192e-01 -9.452663838e-01 5.329392060e+02 -1.411111538e-01 9.872161377e-01 -7.410762214e-02 -1.341200372e+00 9.416769421e-01 1.107475176e-01 -3.177727554e-01 3.770613751e+02
-2.641771274e-01 -1.143869414e-01 -9.576669948e-01 5.321947609e+02 -1.384043374e-01 9.871612410e-01 -7.973031871e-02 -1.398984656e+00 9.544918463e-01 1.114823393e-01 -2.766170697e-01 3.768189836e+02
-2.312664542e-01 -1.137914991e-01 -9.662128761e-01 5.314055122e+02 -1.336940998e-01 9.874315350e-01 -8.429028040e-02 -1.471303407e+00 9.636605807e-01 1.096834464e-01 -2.435730419e-01 3.766734332e+02
-2.004937201e-01 -1.110093635e-01 -9.733854270e-01 5.305741280e+02 -1.303764346e-01 9.877457150e-01 -8.579270284e-02 -1.546295019e+00 9.709810778e-01 1.097056234e-01 -2.125098179e-01 3.764860533e+02
-1.746617044e-01 -1.074453909e-01 -9.787485770e-01 5.297510315e+02 -1.234277803e-01 9.885765838e-01 -8.649809869e-02 -1.630175347e+00 9.768617466e-01 1.056968590e-01 -1.859282172e-01 3.763556993e+02
-1.540742245e-01 -1.046131166e-01 -9.825055874e-01 5.288983205e+02 -1.178435995e-01 9.892270549e-01 -8.684883331e-02 -1.718227452e+00 9.810066357e-01 1.024008283e-01 -1.647423776e-01 3.762443659e+02
-1.365841971e-01 -1.029236826e-01 -9.852672088e-01 5.280606744e+02 -1.105201007e-01 9.899620765e-01 -8.809310057e-02 -1.805352611e+00 9.844440383e-01 9.685970573e-02 -1.465883111e-01 3.761039253e+02
-1.218884730e-01 -1.049936443e-01 -9.869749413e-01 5.272155036e+02 -1.045957775e-01 9.902111633e-01 -9.242064331e-02 -1.888776490e+00 9.870171850e-01 9.196840028e-02 -1.316772185e-01 3.759510938e+02
-1.142335907e-01 -1.086611708e-01 -9.874935122e-01 5.263455534e+02 -9.802572448e-02 9.903825026e-01 -9.763941793e-02 -1.966506613e+00 9.886059094e-01 8.564606565e-02 -1.237865394e-01 3.758479318e+02
-1.116897387e-01 -1.091108006e-01 -9.877349014e-01 5.254542829e+02 -9.367246899e-02 9.906842316e-01 -9.884443282e-02 -2.046766483e+00 9.893183870e-01 8.148365805e-02 -1.208699410e-01 3.758082109e+02
-1.097649440e-01 -1.075580884e-01 -9.881209008e-01 5.245504941e+02 -9.211066422e-02 9.909506645e-01 -9.763404176e-02 -2.140520594e+00 9.896803942e-01 8.029967739e-02 -1.186788911e-01 3.757054243e+02
-1.072779990e-01 -1.033236859e-01 -9.888456133e-01 5.236476441e+02 -9.039652435e-02 9.914794698e-01 -9.379194677e-02 -2.275452702e+00 9.901110540e-01 7.932639419e-02 -1.157040356e-01 3.755462467e+02
-1.097993138e-01 -1.041596624e-01 -9.884810951e-01 5.227082012e+02 -9.197115848e-02 9.912921673e-01 -9.423982702e-02 -2.334798571e+00 9.896895557e-01 8.056428311e-02 -1.184228846e-01 3.754932411e+02
-1.124653368e-01 -1.056424077e-01 -9.880239014e-01 5.217627330e+02 -9.178648261e-02 9.911855407e-01 -9.553253638e-02 -2.420858016e+00 9.894072921e-01 7.994313976e-02 -1.211705607e-01 3.753931499e+02
-1.137758471e-01 -1.051980485e-01 -9.879212657e-01 5.208095744e+02 -9.121643165e-02 9.912844490e-01 -9.505105926e-02 -2.527730737e+00 9.893101734e-01 7.930013782e-02 -1.223800185e-01 3.752532671e+02
-1.158002611e-01 -1.075511713e-01 -9.874325522e-01 5.198389952e+02 -9.578482746e-02 9.906964633e-01 -9.667359735e-02 -2.593900638e+00 9.886432958e-01 8.338622882e-02 -1.250246795e-01 3.751105880e+02
-1.205457270e-01 -1.081852996e-01 -9.867951503e-01 5.188524876e+02 -9.838867597e-02 9.904516436e-01 -9.656712778e-02 -2.678822288e+00 9.878200221e-01 8.544871366e-02 -1.300389219e-01 3.750007550e+02
-1.268380163e-01 -1.094911832e-01 -9.858619571e-01 5.178521540e+02 -1.017475309e-01 9.900827018e-01 -9.686941541e-02 -2.771691882e+00 9.866912169e-01 8.802229545e-02 -1.367205834e-01 3.748972776e+02
-1.319521184e-01 -1.093492814e-01 -9.852062592e-01 5.168497312e+02 -1.048510066e-01 9.898607239e-01 -9.582282442e-02 -2.878468245e+00 9.856951379e-01 9.065584334e-02 -1.420796017e-01 3.747360068e+02
-1.363135315e-01 -1.117253116e-01 -9.843455064e-01 5.158393524e+02 -1.100900642e-01 9.891742780e-01 -9.702796262e-02 -2.962329844e+00 9.845297349e-01 9.514043577e-02 -1.471376858e-01 3.745629550e+02
-1.400809723e-01 -1.156334040e-01 -9.833647528e-01 5.148170748e+02 -1.194205798e-01 9.878802759e-01 -9.915284015e-02 -3.036742846e+00 9.829120237e-01 1.035445627e-01 -1.521922377e-01 3.744060087e+02
-1.446023677e-01 -1.161581844e-01 -9.826481728e-01 5.137915688e+02 -1.215427682e-01 9.876503987e-01 -9.886377217e-02 -3.124103048e+00 9.819966959e-01 1.051378435e-01 -1.569347734e-01 3.742334801e+02
-1.490378622e-01 -1.130641882e-01 -9.823462755e-01 5.127562235e+02 -1.255708651e-01 9.875627842e-01 -9.461345105e-02 -3.237701514e+00 9.808260159e-01 1.092530852e-01 -1.613818141e-01 3.740672896e+02
-1.545356375e-01 -1.097283157e-01 -9.818749582e-01 5.117255423e+02 -1.242511268e-01 9.880814660e-01 -9.086624237e-02 -3.362287912e+00 9.801430478e-01 1.079569972e-01 -1.663276662e-01 3.738751396e+02
-1.588255403e-01 -1.078198814e-01 -9.814017123e-01 5.106935349e+02 -1.231552302e-01 9.884190419e-01 -8.865995117e-02 -3.462119802e+00 9.795954456e-01 1.067832891e-01 -1.702647706e-01 3.736411076e+02
-1.642019065e-01 -1.055166745e-01 -9.807670291e-01 5.096553648e+02 -1.210884398e-01 9.888989635e-01 -8.611869577e-02 -3.584011062e+00 9.789664569e-01 1.046186953e-01 -1.751559446e-01 3.734302261e+02
-1.699723491e-01 -1.053869933e-01 -9.797974189e-01 5.086063936e+02 -1.207619233e-01 9.889988563e-01 -8.542727965e-02 -3.700883662e+00 9.780214509e-01 1.038019453e-01 -1.808291949e-01 3.732370217e+02
-1.736184044e-01 -1.069457170e-01 -9.789888984e-01 5.075610637e+02 -1.226995060e-01 9.886893236e-01 -8.624530502e-02 -3.801557572e+00 9.771394378e-01 1.051476820e-01 -1.847768495e-01 3.730148247e+02
-1.771222092e-01 -1.081841042e-01 -9.782248835e-01 5.065057726e+02 -1.221046145e-01 9.886764874e-01 -8.723110865e-02 -3.916075392e+00 9.765849610e-01 1.039952056e-01 -1.883263419e-01 3.728302447e+02
-1.790905291e-01 -1.107860671e-01 -9.775750763e-01 5.054458539e+02 -1.244233895e-01 9.882118510e-01 -8.919729636e-02 -4.018028102e+00 9.759330933e-01 1.056588135e-01 -1.907637612e-01 3.726436029e+02
-1.788101631e-01 -1.119386646e-01 -9.774950951e-01 5.043857970e+02 -1.245204217e-01 9.880926995e-01 -9.037412141e-02 -4.125707341e+00 9.759721257e-01 1.055582900e-01 -1.906196665e-01 3.724131298e+02
-1.793993937e-01 -1.119810852e-01 -9.773822661e-01 5.033135941e+02 -1.289493927e-01 9.876055572e-01 -8.948361582e-02 -4.233667749e+00 9.752886299e-01 1.099795432e-01 -1.916157311e-01 3.722289631e+02
-1.785361377e-01 -1.098985775e-01 -9.777766361e-01 5.022410215e+02 -1.334448273e-01 9.872654732e-01 -8.659886517e-02 -4.319525420e+00 9.748422055e-01 1.150182074e-01 -1.909279612e-01 3.719979579e+02
-1.784167704e-01 -1.087303383e-01 -9.779290207e-01 5.011635872e+02 -1.300812058e-01 9.877587043e-01 -8.609077720e-02 -4.412550401e+00 9.753185818e-01 1.118501478e-01 -1.903764914e-01 3.717680287e+02
-1.797191817e-01 -1.171270608e-01 -9.767201582e-01 5.000854432e+02 -1.284198807e-01 9.871830452e-01 -9.475214769e-02 -4.497814502e+00 9.752996206e-01 1.084015078e-01 -1.924571722e-01 3.715704327e+02
-1.810907483e-01 -1.229355894e-01 -9.757525207e-01 4.990125253e+02 -1.257764202e-01 9.869041342e-01 -1.009976334e-01 -4.623006984e+00 9.753904003e-01 1.044369221e-01 -1.941816065e-01 3.713585042e+02
-1.844638645e-01 -1.246929487e-01 -9.748973029e-01 4.979186244e+02 -1.210003640e-01 9.872546686e-01 -1.033785822e-01 -4.736051563e+00 9.753624940e-01 9.889331570e-02 -1.972007036e-01 3.712054649e+02
-1.862460418e-01 -1.224680902e-01 -9.748404889e-01 4.968100141e+02 -1.192065837e-01 9.876875129e-01 -1.013072909e-01 -4.844141076e+00 9.752446884e-01 9.733932241e-02 -1.985518924e-01 3.710438409e+02
-1.861792734e-01 -1.172931524e-01 -9.754894128e-01 4.957005488e+02 -1.164741077e-01 9.884823200e-01 -9.662549013e-02 -4.959754909e+00 9.755875463e-01 9.562959538e-02 -1.976965353e-01 3.708438702e+02
-1.886511178e-01 -1.157396394e-01 -9.752000265e-01 4.945864246e+02 -1.124413995e-01 9.890457995e-01 -9.563126119e-02 -5.077008521e+00 9.755858176e-01 9.161191144e-02 -1.995985226e-01 3.706886792e+02
-1.869052172e-01 -1.150575480e-01 -9.756168308e-01 4.935003567e+02 -1.093126311e-01 9.893860043e-01 -9.573966302e-02 -5.183075516e+00 9.762772088e-01 8.875300023e-02 -1.974986493e-01 3.703789960e+02
-1.880309385e-01 -1.158712117e-01 -9.753041723e-01 4.924168583e+02 -1.045709945e-01 9.897339343e-01 -9.742508106e-02 -5.300802763e+00 9.765803978e-01 8.366959783e-02 -1.982173683e-01 3.701121598e+02
-1.924501836e-01 -1.191290319e-01 -9.740488697e-01 4.912951783e+02 -1.015600265e-01 9.896915523e-01 -1.009761972e-01 -5.401551452e+00 9.760371345e-01 7.949154133e-02 -2.025650686e-01 3.700244187e+02
-1.918596184e-01 -1.178545562e-01 -9.743203736e-01 4.901966109e+02 -1.017099844e-01 9.898056013e-01 -9.969930190e-02 -5.532513502e+00 9.761377802e-01 7.996983993e-02 -2.018907100e-01 3.697617776e+02
-1.894673422e-01 -1.152875416e-01 -9.750953333e-01 4.890880266e+02 -1.076479283e-01 9.895357040e-01 -9.607816649e-02 -5.620336988e+00 9.759682627e-01 8.676331769e-02 -1.998951649e-01 3.694984943e+02
-1.916783855e-01 -1.133627679e-01 -9.748888549e-01 4.879703961e+02 -1.109765898e-01 9.894399511e-01 -9.323507758e-02 -5.760844580e+00 9.751633674e-01 9.031869138e-02 -2.022348658e-01 3.693012283e+02
-1.911226198e-01 -1.145508382e-01 -9.748590922e-01 4.868588781e+02 -1.142275332e-01 9.890146279e-01 -9.381970170e-02 -5.883539371e+00 9.748970278e-01 9.342468214e-02 -2.021079263e-01 3.690652513e+02
-1.924423419e-01 -1.196125224e-01 -9.739911650e-01 4.857339620e+02 -1.212456420e-01 9.878365828e-01 -9.735697157e-02 -5.969847114e+00 9.737892171e-01 9.935658046e-02 -2.046040824e-01 3.688964109e+02
-1.922327679e-01 -1.201877338e-01 -9.739617403e-01 4.846179420e+02 -1.230180953e-01 9.875944509e-01 -9.758969587e-02 -6.102868999e+00 9.736082945e-01 1.010549808e-01 -2.046332809e-01 3.686525460e+02
-1.921815025e-01 -1.204060428e-01 -9.739448932e-01 4.834960911e+02 -1.263676281e-01 9.872185761e-01 -9.711182029e-02 -6.231899151e+00 9.731893406e-01 1.044120105e-01 -2.049405753e-01 3.684330592e+02
-1.906693717e-01 -1.239672204e-01 -9.737953168e-01 4.823744791e+02 -1.337965244e-01 9.860186892e-01 -9.932590071e-02 -6.296949334e+00 9.724935377e-01 1.113520217e-01 -2.045899471e-01 3.681693411e+02
-1.906540327e-01 -1.288368677e-01 -9.731660194e-01 4.812376436e+02 -1.429731134e-01 9.844236245e-01 -1.023172343e-01 -6.377305238e+00 9.711898520e-01 1.196293823e-01 -2.061045420e-01 3.679780313e+02
-1.932473767e-01 -1.289179799e-01 -9.726436171e-01 4.801087079e+02 -1.418088477e-01 9.845910423e-01 -1.023265856e-01 -6.503863354e+00 9.708479295e-01 1.181551263e-01 -2.085513462e-01 3.677534612e+02
-1.900007571e-01 -1.303658040e-01 -9.730901651e-01 4.789761926e+02 -1.534854280e-01 9.829023272e-01 -1.017115455e-01 -6.532658175e+00 9.697122953e-01 1.300298898e-01 -2.067614376e-01 3.674952114e+02
-1.901252561e-01 -1.314076538e-01 -9.729256989e-01 4.778346527e+02 -1.610272173e-01 9.817547465e-01 -1.011328481e-01 -6.615328091e+00 9.684640532e-01 1.374396093e-01 -2.078165814e-01 3.672934692e+02
-1.895211370e-01 -1.313880666e-01 -9.730462037e-01 4.767114494e+02 -1.613263149e-01 9.817053572e-01 -1.011356109e-01 -6.738399093e+00 9.685326834e-01 1.378106223e-01 -2.072502681e-01 3.670303746e+02
-1.883287063e-01 -1.279940688e-01 -9.737298479e-01 4.756061596e+02 -1.581994291e-01 9.824772305e-01 -9.854659855e-02 -6.914338073e+00 9.692807844e-01 1.354843527e-01 -2.052772544e-01 3.667333183e+02
-1.885555112e-01 -1.288721048e-01 -9.735701309e-01 4.744890493e+02 -1.584302342e-01 9.823589547e-01 -9.935162272e-02 -7.050815346e+00 9.691989889e-01 1.355096479e-01 -2.056464326e-01 3.664871705e+02
-1.909606256e-01 -1.319328341e-01 -9.726909924e-01 4.733692980e+02 -1.615890961e-01 9.816325745e-01 -1.014221510e-01 -7.196399220e+00 9.682060749e-01 1.378086208e-01 -2.087720780e-01 3.663017474e+02
-1.912768034e-01 -1.313968725e-01 -9.727014169e-01 4.722747849e+02 -1.595642259e-01 9.819791783e-01 -1.012726579e-01 -7.357931781e+00 9.684794486e-01 1.358372383e-01 -2.087960785e-01 3.660288776e+02
-1.968545465e-01 -1.262843286e-01 -9.722656817e-01 4.711804213e+02 -1.499094137e-01 9.838863308e-01 -9.744154998e-02 -7.589047506e+00 9.689042549e-01 1.265699662e-01 -2.126137071e-01 3.658278147e+02
-1.979485623e-01 -1.291938315e-01 -9.716611141e-01 4.700779628e+02 -1.534587566e-01 9.831371988e-01 -9.945681676e-02 -7.660845247e+00 9.681253931e-01 1.294225725e-01 -2.144365198e-01 3.656002937e+02
-1.993567772e-01 -1.309582287e-01 -9.711368687e-01 4.689878598e+02 -1.531615321e-01 9.830140267e-01 -1.011185854e-01 -7.778819071e+00 9.678834746e-01 1.285821354e-01 -2.160282713e-01 3.653599147e+02
-1.989675828e-01 -1.302791170e-01 -9.713080112e-01 4.679136366e+02 -1.558335409e-01 9.827198419e-01 -9.988803672e-02 -7.930067648e+00 9.675369804e-01 1.314878855e-01 -2.158312476e-01 3.651052506e+02
-1.969183637e-01 -1.324197469e-01 -9.714361372e-01 4.668685614e+02 -1.567333651e-01 9.823456401e-01 -1.021356725e-01 -8.033374048e+00 9.678108340e-01 1.321440652e-01 -2.141964885e-01 3.647734412e+02
-1.968537066e-01 -1.347662618e-01 -9.711264968e-01 4.658133128e+02 -1.569649967e-01 9.820635436e-01 -1.044661963e-01 -8.152078136e+00 9.677864475e-01 1.318683095e-01 -2.144764346e-01 3.645119751e+02
-1.995186883e-01 -1.335857850e-01 -9.707456572e-01 4.647787224e+02 -1.555817743e-01 9.824159071e-01 -1.032148100e-01 -8.306902488e+00 9.674640068e-01 1.304370483e-01 -2.167938466e-01 3.642625983e+02
-2.021903995e-01 -1.340907745e-01 -9.701230368e-01 4.637369710e+02 -1.554500196e-01 9.824181590e-01 -1.033917415e-01 -8.403858701e+00 9.669303665e-01 1.299008276e-01 -2.194799336e-01 3.640445851e+02
-2.049999552e-01 -1.305237096e-01 -9.700198862e-01 4.627195864e+02 -1.482763328e-01 9.837710431e-01 -1.010379331e-01 -8.557000743e+00 9.674653211e-01 1.231182197e-01 -2.210265967e-01 3.637880530e+02
-2.078475869e-01 -1.274030527e-01 -9.698287698e-01 4.617102540e+02 -1.442146071e-01 9.846377302e-01 -9.844128935e-02 -8.688384112e+00 9.674717193e-01 1.194026905e-01 -2.230279573e-01 3.635229570e+02
-2.074051527e-01 -1.252559506e-01 -9.702030970e-01 4.607150367e+02 -1.448654670e-01 9.847668742e-01 -9.616756213e-02 -8.822872524e+00 9.674694306e-01 1.206032768e-01 -2.223909857e-01 3.632389658e+02
-2.107809388e-01 -1.255656491e-01 -9.694352292e-01 4.597152145e+02 -1.482489466e-01 9.843510309e-01 -9.526435729e-02 -8.925755484e+00 9.662264981e-01 1.236378409e-01 -2.260974096e-01 3.630262839e+02
-2.148325213e-01 -1.227206536e-01 -9.689100211e-01 4.587354138e+02 -1.493375507e-01 9.845354154e-01 -9.158772760e-02 -9.077284509e+00 9.651659359e-01 1.250186270e-01 -2.298370274e-01 3.627975906e+02
-2.178198302e-01 -1.239802928e-01 -9.680823356e-01 4.577553796e+02 -1.559867412e-01 9.835707354e-01 -9.086663293e-02 -9.162652983e+00 9.634431266e-01 1.312154542e-01 -2.335804924e-01 3.626226021e+02
-2.220998443e-01 -1.213745932e-01 -9.674398520e-01 4.568078453e+02 -1.571904685e-01 9.836996760e-01 -8.732756800e-02 -9.308705240e+00 9.622696170e-01 1.326768843e-01 -2.375584740e-01 3.623988366e+02
-2.239364563e-01 -1.203460988e-01 -9.671449116e-01 4.558874912e+02 -1.573110695e-01 9.837978848e-01 -8.599389086e-02 -9.415285541e+00 9.618241476e-01 1.328854332e-01 -2.392399856e-01 3.621264533e+02
-2.265885173e-01 -1.218039604e-01 -9.663443688e-01 4.549688778e+02 -1.623099120e-01 9.829985644e-01 -8.584471393e-02 -9.486179169e+00 9.603713533e-01 1.373958430e-01 -2.425061773e-01 3.619047637e+02
-2.312535762e-01 -1.219624952e-01 -9.652185935e-01 4.540843671e+02 -1.634121290e-01 9.828855905e-01 -8.504347145e-02 -9.595084545e+00 9.590715612e-01 1.380618184e-01 -2.472259588e-01 3.616727605e+02
-2.364227003e-01 -1.240294582e-01 -9.637017175e-01 4.532158638e+02 -1.646300916e-01 9.825927279e-01 -8.607243445e-02 -9.693185345e+00 9.576018169e-01 1.383048246e-01 -2.527262071e-01 3.614528779e+02
-2.397827678e-01 -1.270893910e-01 -9.624720832e-01 4.523739068e+02 -1.651644394e-01 9.822821839e-01 -8.855743418e-02 -9.789287512e+00 9.566738902e-01 1.377316154e-01 -2.565249889e-01 3.612097956e+02
-2.434761980e-01 -1.329619547e-01 -9.607499465e-01 4.515353506e+02 -1.680582611e-01 9.813590841e-01 -9.322429417e-02 -9.837734902e+00 9.552359718e-01 1.387640686e-01 -2.612829336e-01 3.610124448e+02
-2.501305350e-01 -1.355148069e-01 -9.586816221e-01 4.507121517e+02 -1.657990451e-01 9.815259826e-01 -9.548519341e-02 -9.921642171e+00 9.539105787e-01 1.350647350e-01 -2.679778447e-01 3.608610281e+02
-2.517489045e-01 -1.370663695e-01 -9.580372119e-01 4.499332415e+02 -1.658152802e-01 9.813909545e-01 -9.683536179e-02 -1.002564894e+01 9.534819253e-01 1.344790125e-01 -2.697917961e-01 3.606005669e+02
-2.532509780e-01 -1.387642181e-01 -9.573966962e-01 4.491509440e+02 -1.661517140e-01 9.811921683e-01 -9.826259093e-02 -1.013196093e+01 9.530254719e-01 1.341880048e-01 -2.715437890e-01 3.604087583e+02
-2.531670561e-01 -1.371526608e-01 -9.576510791e-01 4.483904603e+02 -1.673135073e-01 9.811900712e-01 -9.629244196e-02 -1.023451691e+01 9.528444952e-01 1.358498868e-01 -2.713524945e-01 3.601862282e+02
-2.547917457e-01 -1.365622903e-01 -9.573045008e-01 4.476145325e+02 -1.698521700e-01 9.809067009e-01 -9.472214396e-02 -1.030925715e+01 9.519618725e-01 1.384658264e-01 -2.731223320e-01 3.600878553e+02
-2.554054446e-01 -1.377017917e-01 -9.569776776e-01 4.468600164e+02 -1.726147429e-01 9.803971596e-01 -9.500294774e-02 -1.039858381e+01 9.513002730e-01 1.409241856e-01 -2.741681317e-01 3.600317208e+02
-2.469894325e-01 -1.400701753e-01 -9.588412623e-01 4.461506746e+02 -1.753883233e-01 9.796169250e-01 -9.792658663e-02 -1.052560140e+01 9.530137230e-01 1.439827292e-01 -2.665217016e-01 3.598364698e+02
-2.374867678e-01 -1.460457942e-01 -9.603492391e-01 4.454545979e+02 -1.783410781e-01 9.783840139e-01 -1.046861080e-01 -1.063268518e+01 9.548793091e-01 1.464081532e-01 -2.583992215e-01 3.596848889e+02
-2.204332631e-01 -1.504158518e-01 -9.637345319e-01 4.447915163e+02 -1.824335392e-01 9.769605443e-01 -1.107524205e-01 -1.069650006e+01 9.581895326e-01 1.514039840e-01 -2.427954969e-01 3.594554046e+02
-2.016278350e-01 -1.512357057e-01 -9.677158558e-01 4.441088748e+02 -1.805145208e-01 9.768206350e-01 -1.150476200e-01 -1.075919423e+01 9.626841247e-01 1.514899615e-01 -2.242544707e-01 3.592565724e+02
-1.841378061e-01 -1.487594300e-01 -9.715780465e-01 4.434402749e+02 -1.758830029e-01 9.775129513e-01 -1.163339986e-01 -1.088181980e+01 9.670359030e-01 1.494625771e-01 -2.061613456e-01 3.591836477e+02
-1.707064682e-01 -1.475576020e-01 -9.742104782e-01 4.428016237e+02 -1.720288182e-01 9.780004903e-01 -1.179878247e-01 -1.108192307e+01 9.701883258e-01 1.474509923e-01 -1.923351695e-01 3.593267654e+02
-1.495113019e-01 -1.495165426e-01 -9.773899806e-01 4.421897237e+02 -1.687248762e-01 9.778602974e-01 -1.237786526e-01 -1.122329475e+01 9.742578133e-01 1.464036960e-01 -1.714283263e-01 3.593805231e+02
-1.188678612e-01 -1.534596729e-01 -9.809793884e-01 4.415817238e+02 -1.619166382e-01 9.777549167e-01 -1.333353858e-01 -1.128262369e+01 9.796190249e-01 1.429875926e-01 -1.410713100e-01 3.593011672e+02
-8.635643781e-02 -1.565946856e-01 -9.838804145e-01 4.409394953e+02 -1.539622467e-01 9.778032738e-01 -1.421139836e-01 -1.139701827e+01 9.842957849e-01 1.392079817e-01 -1.085492772e-01 3.592769923e+02
-4.494376797e-02 -1.593753751e-01 -9.861944775e-01 4.403356895e+02 -1.409526477e-01 9.783278546e-01 -1.516804536e-01 -1.146351311e+01 9.889956566e-01 1.321896316e-01 -6.643412120e-02 3.591764160e+02
3.397985834e-03 -1.577497123e-01 -9.874732816e-01 4.396981841e+02 -1.251840917e-01 9.796438162e-01 -1.569297184e-01 -1.160997920e+01 9.921277120e-01 1.241491908e-01 -1.641893865e-02 3.590378366e+02
5.251294327e-02 -1.589901177e-01 -9.858826164e-01 4.390917808e+02 -1.138464273e-01 9.798551193e-01 -1.640821017e-01 -1.169523632e+01 9.921095614e-01 1.208556477e-01 3.335461943e-02 3.590181919e+02
9.557595137e-02 -1.576420299e-01 -9.828602281e-01 4.385053060e+02 -1.046393279e-01 9.803186090e-01 -1.674097843e-01 -1.181905672e+01 9.899069899e-01 1.188461831e-01 7.719932765e-02 3.591278879e+02
1.432201222e-01 -1.553624251e-01 -9.774203361e-01 4.378480332e+02 -9.402848222e-02 9.809982152e-01 -1.697090048e-01 -1.193946415e+01 9.852140078e-01 1.162110951e-01 1.258901912e-01 3.592138398e+02
1.895008683e-01 -1.532268372e-01 -9.698509975e-01 4.372609982e+02 -8.261050413e-02 9.817581809e-01 -1.712494637e-01 -1.205953526e+01 9.783991647e-01 1.125718019e-01 1.733858815e-01 3.593370022e+02
2.371700000e-01 -1.537986680e-01 -9.592165349e-01 4.366195394e+02 -7.420859491e-02 9.816353546e-01 -1.757416145e-01 -1.217450715e+01 9.686296896e-01 1.128627500e-01 2.214012740e-01 3.594972656e+02
2.790751529e-01 -1.527373288e-01 -9.480444965e-01 4.360990348e+02 -7.253993766e-02 9.810953065e-01 -1.794155984e-01 -1.233583462e+01 9.575254652e-01 1.188415242e-01 2.627197664e-01 3.597603307e+02
3.261282355e-01 -1.615959508e-01 -9.314113606e-01 4.355517934e+02 -6.302704571e-02 9.793718302e-01 -1.919854415e-01 -1.242115002e+01 9.432221189e-01 1.213159797e-01 3.092158915e-01 3.599869932e+02
3.732530737e-01 -1.656002212e-01 -9.128300552e-01 4.349780104e+02 -5.360382997e-02 9.784463948e-01 -1.994223707e-01 -1.259117400e+01 9.261796653e-01 1.233661999e-01 3.563313182e-01 3.602740524e+02
4.303036304e-01 -1.691059570e-01 -8.867028594e-01 4.344139389e+02 -4.023793163e-02 9.777260080e-01 -2.059921409e-01 -1.272201447e+01 9.017869452e-01 1.243182551e-01 4.139145769e-01 3.604667681e+02
4.813830466e-01 -1.670642482e-01 -8.604416886e-01 4.338372723e+02 -3.370807233e-02 9.774127592e-01 -2.086338037e-01 -1.289545876e+01 8.758619345e-01 1.294366067e-01 4.648785181e-01 3.607694145e+02
5.304001251e-01 -1.621857649e-01 -8.320886280e-01 4.333269399e+02 -2.611807685e-02 9.779367371e-01 -2.072621151e-01 -1.307847172e+01 8.473450025e-01 1.316644065e-01 5.144617874e-01 3.610871598e+02
5.767149465e-01 -1.627500380e-01 -8.005699817e-01 4.328206529e+02 -1.200576664e-02 9.781609792e-01 -2.075017118e-01 -1.321415425e+01 8.168572287e-01 1.292807950e-01 5.621661178e-01 3.614507382e+02
6.189378325e-01 -1.650472604e-01 -7.679032240e-01 4.323288944e+02 2.641504197e-03 9.781045725e-01 -2.080972552e-01 -1.337500090e+01 7.854355365e-01 1.267708445e-01 6.058218971e-01 3.619057414e+02
6.628986344e-01 -1.645806298e-01 -7.303962054e-01 4.318576524e+02 1.287245405e-02 9.779017485e-01 -2.086683259e-01 -1.352748415e+01 7.485984908e-01 1.289239567e-01 6.503682902e-01 3.623350602e+02
7.033546247e-01 -1.691998731e-01 -6.904083392e-01 4.314064454e+02 2.787138831e-02 9.770756611e-01 -2.110600346e-01 -1.364084687e+01 7.102925155e-01 1.292074125e-01 6.919465203e-01 3.628110993e+02
7.395010293e-01 -1.693966338e-01 -6.514929072e-01 4.310184618e+02 3.983432601e-02 9.771355308e-01 -2.088525340e-01 -1.379261899e+01 6.719757839e-01 1.284948830e-01 7.293405315e-01 3.633861977e+02
7.737418736e-01 -1.717306728e-01 -6.097803613e-01 4.306332515e+02 5.525108588e-02 9.771816500e-01 -2.050934917e-01 -1.391529958e+01 6.310870230e-01 1.249983954e-01 7.655746669e-01 3.639570233e+02
8.074308972e-01 -1.701966586e-01 -5.648791408e-01 4.302164444e+02 6.818083122e-02 9.779878290e-01 -1.972084696e-01 -1.404715649e+01 5.860091472e-01 1.207182822e-01 8.012617399e-01 3.645483883e+02
8.364595327e-01 -1.681819215e-01 -5.215844049e-01 4.298869504e+02 8.019772607e-02 9.790652405e-01 -1.870817456e-01 -1.416643724e+01 5.421289282e-01 1.146564263e-01 8.324362613e-01 3.652024760e+02
8.651251481e-01 -1.640840728e-01 -4.739566385e-01 4.295198795e+02 8.842331473e-02 9.800680244e-01 -1.778988055e-01 -1.429537916e+01 4.937001069e-01 1.119959134e-01 8.623903524e-01 3.658497133e+02
8.875333553e-01 -1.672133954e-01 -4.293299706e-01 4.292067183e+02 1.005539098e-01 9.796549413e-01 -1.736810501e-01 -1.442447063e+01 4.496370252e-01 1.109769180e-01 8.862903978e-01 3.665180474e+02
9.063724018e-01 -1.687773664e-01 -3.873025560e-01 4.289212803e+02 1.095077293e-01 9.792595522e-01 -1.704663798e-01 -1.454732513e+01 4.080405941e-01 1.120933986e-01 9.060562585e-01 3.672133135e+02
9.209640044e-01 -1.726674221e-01 -3.493011078e-01 4.286626077e+02 1.200305060e-01 9.785785814e-01 -1.672621821e-01 -1.467313671e+01 3.706993123e-01 1.121156602e-01 9.219610071e-01 3.679429324e+02
9.314416255e-01 -1.782487582e-01 -3.172441939e-01 4.284514603e+02 1.320957826e-01 9.779675482e-01 -1.616483185e-01 -1.480967557e+01 3.390681385e-01 1.086593524e-01 9.344655920e-01 3.686975210e+02
9.416727774e-01 -1.826140347e-01 -2.826738310e-01 4.280635129e+02 1.434976596e-01 9.776644283e-01 -1.535600447e-01 -1.495914720e+01 3.044023687e-01 1.040402806e-01 9.468446641e-01 3.694191313e+02
9.486249968e-01 -1.857166629e-01 -2.561638863e-01 4.277895325e+02 1.515812626e-01 9.774107946e-01 -1.472795279e-01 -1.508691598e+01 2.777296101e-01 1.008833964e-01 9.553474782e-01 3.702129923e+02
9.531032457e-01 -1.899302756e-01 -2.356282950e-01 4.275472340e+02 1.590973929e-01 9.767387226e-01 -1.437688677e-01 -1.520862189e+01 2.574533405e-01 9.953872702e-02 9.611502584e-01 3.710357442e+02
9.554576045e-01 -1.928874978e-01 -2.233722885e-01 4.273549249e+02 1.639102044e-01 9.762194921e-01 -1.418765240e-01 -1.533253116e+01 2.454265897e-01 9.894400628e-02 9.643525666e-01 3.718875789e+02
9.579238566e-01 -1.946304050e-01 -2.109523417e-01 4.270745558e+02 1.669457739e-01 9.756737404e-01 -1.420910305e-01 -1.546300291e+01 2.334758950e-01 1.008947860e-01 9.671138757e-01 3.727393166e+02
9.579288630e-01 -1.981918746e-01 -2.075867873e-01 4.269036354e+02 1.711511662e-01 9.750804612e-01 -1.411572615e-01 -1.561845070e+01 2.303900425e-01 9.968989433e-02 9.679784880e-01 3.736458809e+02
9.579135030e-01 -2.014483655e-01 -2.045000654e-01 4.266820420e+02 1.749243441e-01 9.744945675e-01 -1.405767110e-01 -1.577161956e+01 2.276031514e-01 9.888828988e-02 9.687197281e-01 3.745423433e+02
9.579119260e-01 -2.019112182e-01 -2.040504886e-01 4.264832219e+02 1.753592390e-01 9.743655198e-01 -1.409289578e-01 -1.591319779e+01 2.272748980e-01 9.921539103e-02 9.687633493e-01 3.754682949e+02
9.576271609e-01 -2.019331394e-01 -2.053612131e-01 4.262910138e+02 1.751948770e-01 9.743642701e-01 -1.411418585e-01 -1.603438817e+01 2.285978471e-01 9.918304476e-02 9.684553412e-01 3.764275539e+02
9.576743994e-01 -2.004673538e-01 -2.065734369e-01 4.260719308e+02 1.744800888e-01 9.750374624e-01 -1.373267838e-01 -1.620082737e+01 2.289463767e-01 9.547139362e-02 9.687459778e-01 3.773985174e+02
9.564581070e-01 -2.021897388e-01 -2.104927532e-01 4.258973349e+02 1.764194193e-01 9.750230622e-01 -1.349304145e-01 -1.632756397e+01 2.325168341e-01 9.192027957e-02 9.682389086e-01 3.784064107e+02
9.559516661e-01 -2.022220160e-01 -2.127502485e-01 4.257041663e+02 1.762919933e-01 9.750790299e-01 -1.346923103e-01 -1.647366601e+01 2.346860565e-01 9.125317309e-02 9.677785456e-01 3.794302268e+02
9.550347423e-01 -2.050198820e-01 -2.141856413e-01 4.254804325e+02 1.786843813e-01 9.744589651e-01 -1.360206497e-01 -1.664539108e+01 2.366020559e-01 9.163281734e-02 9.672760175e-01 3.804570057e+02
9.547495431e-01 -2.049405969e-01 -2.155287955e-01 4.252577659e+02 1.783662564e-01 9.744561671e-01 -1.364575283e-01 -1.681353898e+01 2.379890512e-01 9.183969844e-02 9.669160673e-01 3.815099300e+02
9.538804600e-01 -2.070781009e-01 -2.173263172e-01 4.250077821e+02 1.810483763e-01 9.743380682e-01 -1.337415950e-01 -1.697845008e+01 2.394442596e-01 8.822691732e-02 9.668931987e-01 3.825764864e+02
9.535725924e-01 -2.073671005e-01 -2.183991680e-01 4.247458532e+02 1.812364303e-01 9.742990662e-01 -1.337710209e-01 -1.713105529e+01 2.405258142e-01 8.797849361e-02 9.666473594e-01 3.836637669e+02
9.532928207e-01 -2.053965287e-01 -2.214612021e-01 4.245133393e+02 1.793368264e-01 9.748669239e-01 -1.321846566e-01 -1.728213240e+01 2.430454705e-01 8.629453502e-02 9.661688013e-01 3.847745757e+02
9.531486499e-01 -2.031861585e-01 -2.241049668e-01 4.242646581e+02 1.778914156e-01 9.756875959e-01 -1.280170283e-01 -1.743553852e+01 2.446677245e-01 8.215290787e-02 9.661203881e-01 3.859046330e+02
9.521921131e-01 -2.032760486e-01 -2.280548789e-01 4.240262383e+02 1.783064891e-01 9.759478739e-01 -1.254294360e-01 -1.761254883e+01 2.480664743e-01 7.876925493e-02 9.655353069e-01 3.870462863e+02
9.527350216e-01 -2.008455523e-01 -2.279408758e-01 4.237464307e+02 1.745733254e-01 9.759849983e-01 -1.302974947e-01 -1.774829693e+01 2.486365475e-01 8.434658975e-02 9.649173644e-01 3.881905201e+02
9.517211643e-01 -2.030970722e-01 -2.301703818e-01 4.235103483e+02 1.752982610e-01 9.751321854e-01 -1.356014037e-01 -1.790448941e+01 2.519867955e-01 8.870625817e-02 9.636565024e-01 3.893531360e+02
9.525413310e-01 -2.008504173e-01 -2.287446671e-01 4.231811849e+02 1.732222073e-01 9.755513692e-01 -1.352538096e-01 -1.808920324e+01 2.503179572e-01 8.921118765e-02 9.640447522e-01 3.905009859e+02
9.521839937e-01 -2.009209631e-01 -2.301660460e-01 4.228760689e+02 1.745770230e-01 9.760485379e-01 -1.298156955e-01 -1.828650122e+01 2.507359272e-01 8.342672432e-02 9.644539784e-01 3.916716364e+02
9.505052858e-01 -2.033923609e-01 -2.348856088e-01 4.226318673e+02 1.782295663e-01 9.761414573e-01 -1.240245021e-01 -1.847330474e+01 2.545072168e-01 7.602238459e-02 9.640781471e-01 3.928677208e+02
9.511522951e-01 -2.009554833e-01 -2.343634043e-01 4.222917746e+02 1.771749840e-01 9.769982533e-01 -1.186736624e-01 -1.864769606e+01 2.528207599e-01 7.135339392e-02 9.648784154e-01 3.940510958e+02
9.516278713e-01 -1.980426154e-01 -2.349117219e-01 4.219808740e+02 1.749596427e-01 9.777716441e-01 -1.155497097e-01 -1.880123975e+01 2.525737873e-01 6.886025337e-02 9.651242135e-01 3.952535951e+02
9.528314389e-01 -1.958976580e-01 -2.318110364e-01 4.216503904e+02 1.707726861e-01 9.774652035e-01 -1.240905541e-01 -1.896864112e+01 2.508962707e-01 7.865038787e-02 9.648135456e-01 3.964291029e+02
9.540377808e-01 -1.932098933e-01 -2.290891745e-01 4.213578994e+02 1.641785468e-01 9.764710318e-01 -1.398203448e-01 -1.914271120e+01 2.507136165e-01 9.578236373e-02 9.633111757e-01 3.975858011e+02
9.552063301e-01 -1.908585615e-01 -2.261722272e-01 4.210365735e+02 1.600978673e-01 9.760218486e-01 -1.474788930e-01 -1.931801878e+01 2.488966447e-01 1.046630809e-01 9.628582968e-01 3.987622205e+02
9.562144171e-01 -1.837134091e-01 -2.278231152e-01 4.207491088e+02 1.550348059e-01 9.782082063e-01 -1.381047215e-01 -1.950580826e+01 2.482301301e-01 9.673721330e-02 9.638587625e-01 3.999637153e+02
9.551520106e-01 -1.825143529e-01 -2.331805042e-01 4.204762010e+02 1.559791225e-01 9.794675545e-01 -1.277255770e-01 -1.968919048e+01 2.517044893e-01 8.562605125e-02 9.640088326e-01 4.011821811e+02
9.543270881e-01 -1.826494628e-01 -2.364296567e-01 4.201987903e+02 1.568072349e-01 9.798140898e-01 -1.239993565e-01 -1.984231409e+01 2.543055247e-01 8.126206416e-02 9.637038845e-01 4.023909167e+02
9.547932836e-01 -1.824496426e-01 -2.346953631e-01 4.198541360e+02 1.564616351e-01 9.797282497e-01 -1.251092064e-01 -2.003092210e+01 2.527638073e-01 8.273260976e-02 9.639843220e-01 4.035670169e+02
9.543388472e-01 -1.852380742e-01 -2.343591700e-01 4.195498904e+02 1.586778116e-01 9.790398764e-01 -1.276803525e-01 -2.022292886e+01 2.530982354e-01 8.466272023e-02 9.637289593e-01 4.047584227e+02
9.541702341e-01 -1.841388090e-01 -2.359068956e-01 4.192543487e+02 1.566341657e-01 9.789818927e-01 -1.306146694e-01 -2.040644262e+01 2.549998089e-01 8.767754990e-02 9.629578105e-01 4.059535433e+02
9.542709434e-01 -1.809933576e-01 -2.379251377e-01 4.189723215e+02 1.530274040e-01 9.794571144e-01 -1.313254533e-01 -2.057010061e+01 2.568065035e-01 8.891099802e-02 9.623644082e-01 4.071689859e+02
9.530795109e-01 -1.814010233e-01 -2.423491586e-01 4.187041165e+02 1.538492486e-01 9.797293406e-01 -1.282997579e-01 -2.077055399e+01 2.607102887e-01 8.499463454e-02 9.616683719e-01 4.083739785e+02
9.526228564e-01 -1.796319564e-01 -2.454425669e-01 4.184132319e+02 1.517155158e-01 9.800461665e-01 -1.284208467e-01 -2.092220956e+01 2.636135348e-01 8.509918819e-02 9.608673334e-01 4.095919123e+02
9.532454874e-01 -1.753891136e-01 -2.460928679e-01 4.180819818e+02 1.473189869e-01 9.807300980e-01 -1.283183190e-01 -2.107913186e+01 2.638563186e-01 8.606470655e-02 9.607146868e-01 4.108118847e+02
9.519741017e-01 -1.788574116e-01 -2.485062094e-01 4.177824768e+02 1.511065221e-01 9.803593434e-01 -1.267374324e-01 -2.128951756e+01 2.662933134e-01 8.309984438e-02 9.603032267e-01 4.120340663e+02
9.510870915e-01 -1.796886958e-01 -2.512873197e-01 4.174883022e+02 1.512010180e-01 9.801058133e-01 -1.285723408e-01 -2.145895663e+01 2.693911590e-01 8.428859513e-02 9.593351011e-01 4.132650273e+02
9.504735957e-01 -1.805569117e-01 -2.529805240e-01 4.171931690e+02 1.511261557e-01 9.797344457e-01 -1.314583618e-01 -2.164018179e+01 2.715894493e-01 8.671572774e-02 9.584985934e-01 4.145018398e+02
9.502766724e-01 -1.809502814e-01 -2.534388321e-01 4.168776466e+02 1.507534652e-01 9.794411019e-01 -1.340467105e-01 -2.181838687e+01 2.724841989e-01 8.917467983e-02 9.580189131e-01 4.157304966e+02
9.510622778e-01 -1.763028189e-01 -2.537673341e-01 4.165397847e+02 1.451813663e-01 9.799183393e-01 -1.366836464e-01 -2.197332570e+01 2.727689767e-01 9.315237177e-02 9.575592519e-01 4.169646717e+02
9.501498286e-01 -1.800611835e-01 -2.545452287e-01 4.162299097e+02 1.491784577e-01 9.794158504e-01 -1.359793359e-01 -2.218170939e+01 2.737902318e-01 9.122807810e-02 9.574530520e-01 4.182034222e+02
9.498996650e-01 -1.804157563e-01 -2.552269211e-01 4.158845687e+02 1.502075364e-01 9.796092149e-01 -1.334296895e-01 -2.239146188e+01 2.740954621e-01 8.840781032e-02 9.576302714e-01 4.194355182e+02
9.505189994e-01 -1.766543148e-01 -2.555521176e-01 4.155182718e+02 1.463379413e-01 9.802140100e-01 -1.332880394e-01 -2.255690572e+01 2.740416732e-01 8.929584306e-02 9.575632688e-01 4.206780347e+02
9.505120604e-01 -1.772064765e-01 -2.551953911e-01 4.151867526e+02 1.467415771e-01 9.800582715e-01 -1.339876640e-01 -2.275682457e+01 2.738498357e-01 8.990911645e-02 9.575607648e-01 4.219206050e+02
9.518264016e-01 -1.744694595e-01 -2.521644480e-01 4.148309364e+02 1.440390242e-01 9.803732170e-01 -1.346146907e-01 -2.294135107e+01 2.707014234e-01 9.180829566e-02 9.582755221e-01 4.231611761e+02
9.525897707e-01 -1.742567324e-01 -2.494139530e-01 4.144665194e+02 1.446745194e-01 9.805638932e-01 -1.325282416e-01 -2.313419387e+01 2.676602551e-01 9.016120347e-02 9.592856432e-01 4.244022213e+02
9.526510973e-01 -1.748746788e-01 -2.487463239e-01 4.141691070e+02 1.454535022e-01 9.804866738e-01 -1.322465923e-01 -2.330670901e+01 2.670190361e-01 8.980383734e-02 9.594978401e-01 4.256644813e+02
9.523962036e-01 -1.775560742e-01 -2.478211287e-01 4.138609010e+02 1.483542098e-01 9.800774279e-01 -1.320578049e-01 -2.345885596e+01 2.663315598e-01 8.900604430e-02 9.597632127e-01 4.269298587e+02
9.525680370e-01 -1.780484929e-01 -2.468053260e-01 4.135154067e+02 1.495493600e-01 9.801820188e-01 -1.299161225e-01 -2.370881705e+01 2.650455126e-01 8.684436724e-02 9.603170998e-01 4.281738594e+02
9.519972710e-01 -1.811094717e-01 -2.467803786e-01 4.132074470e+02 1.524228655e-01 9.796050443e-01 -1.309245097e-01 -2.383710255e+01 2.654589725e-01 8.702480350e-02 9.601865535e-01 4.294450162e+02
9.532288819e-01 -1.794042711e-01 -2.432463898e-01 4.128025202e+02 1.515536384e-01 9.800093380e-01 -1.288921727e-01 -2.407276394e+01 2.615075398e-01 8.599886628e-02 9.613625755e-01 4.306761988e+02
9.540308391e-01 -1.779775380e-01 -2.411413570e-01 4.124191551e+02 1.502141265e-01 9.801826111e-01 -1.291424215e-01 -2.426774632e+01 2.593470152e-01 8.698301443e-02 9.618591794e-01 4.319345303e+02
9.534682684e-01 -1.787618349e-01 -2.427806985e-01 4.121873112e+02 1.500239757e-01 9.797975428e-01 -1.322481831e-01 -2.441108028e+01 2.615168597e-01 8.967152057e-02 9.610244276e-01 4.332397990e+02
9.530405656e-01 -1.815452139e-01 -2.423943390e-01 4.119308861e+02 1.515233472e-01 9.788605940e-01 -1.373776283e-01 -2.462135815e+01 2.622105175e-01 9.419805096e-02 9.604021927e-01 4.345320212e+02
9.541154021e-01 -1.822009656e-01 -2.376270345e-01 4.114307162e+02 1.526000193e-01 9.786526451e-01 -1.376671143e-01 -2.484075523e+01 2.576374070e-01 9.508842411e-02 9.615514329e-01 4.357645192e+02
9.534968965e-01 -1.841665877e-01 -2.385924064e-01 4.110997922e+02 1.556464667e-01 9.787540276e-01 -1.334718357e-01 -2.505231726e+01 2.581043313e-01 9.012891605e-02 9.619038064e-01 4.370490999e+02
9.522137956e-01 -1.880474823e-01 -2.406803522e-01 4.107643568e+02 1.591999127e-01 9.780650055e-01 -1.343288238e-01 -2.523630387e+01 2.606612271e-01 8.959346807e-02 9.612641339e-01 4.383398143e+02
9.500474181e-01 -1.953289619e-01 -2.434265802e-01 4.104569331e+02 1.653234546e-01 9.764909190e-01 -1.383244029e-01 -2.540441570e+01 2.647226071e-01 9.117061861e-02 9.600051352e-01 4.396352244e+02
9.485321211e-01 -1.977622075e-01 -2.473396948e-01 4.102576978e+02 1.670424209e-01 9.759931117e-01 -1.397650729e-01 -2.560890312e+01 2.690420877e-01 9.125543965e-02 9.587954943e-01 4.409502942e+02
9.478887702e-01 -1.980674933e-01 -2.495518933e-01 4.099353325e+02 1.672030526e-01 9.759972593e-01 -1.395438608e-01 -2.581554847e+01 2.712010666e-01 9.054622029e-02 9.582543313e-01 4.422377798e+02
9.478216016e-01 -1.979723212e-01 -2.498823153e-01 4.096003042e+02 1.681097442e-01 9.763584654e-01 -1.358795827e-01 -2.605388085e+01 2.708751102e-01 8.678195155e-02 9.586947207e-01 4.435227371e+02
9.481568125e-01 -1.964690221e-01 -2.497970821e-01 4.092973762e+02 1.663914815e-01 9.765649835e-01 -1.365090029e-01 -2.623387073e+01 2.707628737e-01 8.786783448e-02 9.586275136e-01 4.448180083e+02
9.485480349e-01 -1.963092353e-01 -2.484337127e-01 4.089875135e+02 1.654039029e-01 9.762538317e-01 -1.398928339e-01 -2.642302323e+01 2.699966192e-01 9.160316695e-02 9.584939673e-01 4.461123331e+02
9.487727643e-01 -1.954422492e-01 -2.482590764e-01 4.086725809e+02 1.653274772e-01 9.766696854e-01 -1.370516357e-01 -2.663605069e+01 2.692527940e-01 8.898681246e-02 9.589495712e-01 4.474039315e+02
9.488294143e-01 -1.936963238e-01 -2.494082531e-01 4.083563007e+02 1.650703421e-01 9.775186680e-01 -1.311832145e-01 -2.683854559e+01 2.692109298e-01 8.330058696e-02 9.594719837e-01 4.487008330e+02
9.498288593e-01 -1.908156347e-01 -2.478195544e-01 4.080203344e+02 1.619721000e-01 9.779043044e-01 -1.321673571e-01 -2.703799619e+01 2.675634071e-01 8.539651639e-02 9.597485390e-01 4.499882836e+02
9.516056302e-01 -1.865348511e-01 -2.442365122e-01 4.076831397e+02 1.566190465e-01 9.781361046e-01 -1.368219105e-01 -2.722495395e+01 2.644186054e-01 9.194841073e-02 9.600147347e-01 4.512690398e+02
9.514407231e-01 -1.886202559e-01 -2.432754601e-01 4.073574819e+02 1.579219765e-01 9.774448913e-01 -1.402217306e-01 -2.740388249e+01 2.642370143e-01 9.499412328e-02 9.597681578e-01 4.525696016e+02
9.515934588e-01 -1.865115369e-01 -2.443017308e-01 4.070462790e+02 1.572568297e-01 9.783702992e-01 -1.343943719e-01 -2.762974702e+01 2.640836583e-01 8.947068952e-02 9.603409900e-01 4.538603774e+02
9.518174936e-01 -1.842003273e-01 -2.451809500e-01 4.067325199e+02 1.565313640e-01 9.793324728e-01 -1.280852834e-01 -2.783629719e+01 2.637070172e-01 8.353530488e-02 9.609789082e-01 4.551640930e+02
9.513883637e-01 -1.850952563e-01 -2.461705254e-01 4.064145455e+02 1.582517805e-01 9.794725082e-01 -1.248598404e-01 -2.802460627e+01 2.642282261e-01 7.983327528e-02 9.611504007e-01 4.564640725e+02
9.517320742e-01 -1.853624374e-01 -2.446361088e-01 4.060888178e+02 1.573953551e-01 9.790114765e-01 -1.294728970e-01 -2.818588329e+01 2.635009699e-01 8.471892158e-02 9.609318099e-01 4.577673473e+02
9.519221753e-01 -1.857213518e-01 -2.436221492e-01 4.057285194e+02 1.566280518e-01 9.785303600e-01 -1.339626366e-01 -2.838345297e+01 2.632713913e-01 8.936394183e-02 9.605739224e-01 4.590530148e+02
9.525679260e-01 -1.837775853e-01 -2.425698776e-01 4.053796471e+02 1.545979380e-01 9.787861067e-01 -1.344516078e-01 -2.859149394e+01 2.621332179e-01 9.057348632e-02 9.607718874e-01 4.603483295e+02
9.526509445e-01 -1.829860552e-01 -2.428420919e-01 4.050427122e+02 1.540505448e-01 9.790189253e-01 -1.333805594e-01 -2.878758028e+01 2.621537862e-01 8.965515932e-02 9.608524053e-01 4.616594186e+02
9.521812516e-01 -1.834596501e-01 -2.443223709e-01 4.047058657e+02 1.552217375e-01 9.792397400e-01 -1.303677255e-01 -2.899542017e+01 2.631673922e-01 8.620956112e-02 9.608906469e-01 4.629692860e+02
9.518538003e-01 -1.851817770e-01 -2.442991042e-01 4.043550901e+02 1.580420775e-01 9.792906142e-01 -1.265408817e-01 -2.922588490e+01 2.626728851e-01 8.183888121e-02 9.614080054e-01 4.642843629e+02
9.515919286e-01 -1.862249139e-01 -2.445262416e-01 4.040070699e+02 1.587149457e-01 9.790011100e-01 -1.279312025e-01 -2.941721232e+01 2.632154392e-01 8.292833053e-02 9.611662315e-01 4.655977357e+02
9.502419524e-01 -1.913702613e-01 -2.458000306e-01 4.036925280e+02 1.640538339e-01 9.781944207e-01 -1.273656735e-01 -2.965103300e+01 2.648142208e-01 8.070376888e-02 9.609164012e-01 4.669191877e+02
9.495819583e-01 -1.945527545e-01 -2.458522530e-01 4.033495029e+02 1.676552780e-01 9.777385692e-01 -1.261705120e-01 -2.985788478e+01 2.649260507e-01 7.859081405e-02 9.610607013e-01 4.682329253e+02
9.491230645e-01 -1.966498401e-01 -2.459557862e-01 4.030027820e+02 1.700182949e-01 9.774294877e-01 -1.254008609e-01 -3.004663563e+01 2.650644974e-01 7.720386598e-02 9.611349413e-01 4.695553429e+02
9.473842580e-01 -2.026514801e-01 -2.477810430e-01 4.026874821e+02 1.763694475e-01 9.764493230e-01 -1.242599594e-01 -3.025233828e+01 2.671270964e-01 7.402092379e-02 9.608142470e-01 4.708834064e+02
9.477178382e-01 -2.012040764e-01 -2.476849185e-01 4.023344856e+02 1.748979314e-01 9.767197286e-01 -1.242146743e-01 -3.044079712e+01 2.669112452e-01 7.440088274e-02 9.608448865e-01 4.722039403e+02
9.474794399e-01 -2.028186410e-01 -2.472798207e-01 4.019618070e+02 1.756003069e-01 9.761321680e-01 -1.277909342e-01 -3.062000127e+01 2.672961711e-01 7.765687036e-02 9.604801754e-01 4.735114109e+02
9.462972125e-01 -2.063578025e-01 -2.488735479e-01 4.016331582e+02 1.783255496e-01 9.752650222e-01 -1.306067948e-01 -3.081242879e+01 2.696693974e-01 7.921233370e-02 9.596894405e-01 4.748372668e+02
9.473814778e-01 -2.035250398e-01 -2.470746724e-01 4.012592291e+02 1.749913226e-01 9.755933367e-01 -1.326487031e-01 -3.100691876e+01 2.680417366e-01 8.243300062e-02 9.598741729e-01 4.761473441e+02
9.465384362e-01 -2.048116755e-01 -2.492331565e-01 4.009411899e+02 1.764447697e-01 9.754845116e-01 -1.315188609e-01 -3.120889413e+01 2.700596822e-01 8.051177009e-02 9.594715332e-01 4.774795381e+02
9.466902314e-01 -2.038081505e-01 -2.494791446e-01 4.005715502e+02 1.759686575e-01 9.758458777e-01 -1.294598572e-01 -3.140895787e+01 2.698381688e-01 7.865787200e-02 9.596876064e-01 4.787977504e+02
9.476680497e-01 -1.996461005e-01 -2.491318971e-01 4.002160780e+02 1.717390544e-01 9.766135395e-01 -1.293510406e-01 -3.159851985e+01 2.691300146e-01 7.979617195e-02 9.597924808e-01 4.801206554e+02
9.485246232e-01 -1.981378872e-01 -2.470676360e-01 3.998092962e+02 1.713345446e-01 9.771417224e-01 -1.258512144e-01 -3.179404590e+01 2.663559891e-01 7.704175485e-02 9.607908488e-01 4.814326018e+02
9.481185401e-01 -2.008742181e-01 -2.464158731e-01 3.994133638e+02 1.750126567e-01 9.768609227e-01 -1.229361935e-01 -3.200290154e+01 2.654087489e-01 7.343218771e-02 9.613354825e-01 4.827508852e+02
9.482187249e-01 -1.990490050e-01 -2.475090772e-01 3.990938261e+02 1.723562153e-01 9.770173034e-01 -1.254213857e-01 -3.217265352e+01 2.667856532e-01 7.626717861e-02 9.607334348e-01 4.840974274e+02
9.483011778e-01 -2.005248648e-01 -2.459972658e-01 3.987321548e+02 1.720003699e-01 9.761260959e-01 -1.326413120e-01 -3.235846339e+01 2.667222319e-01 8.347229169e-02 9.601518773e-01 4.854232628e+02
9.483057073e-01 -2.012350376e-01 -2.453991548e-01 3.983863193e+02 1.720352725e-01 9.757491146e-01 -1.353422712e-01 -3.256246163e+01 2.666836150e-01 8.612853778e-02 9.599279788e-01 4.867527225e+02
9.482345860e-01 -1.996538572e-01 -2.469605378e-01 3.980434104e+02 1.714754372e-01 9.764404182e-01 -1.309972676e-01 -3.274708175e+01 2.672963605e-01 8.186847361e-02 9.601303082e-01 4.880959669e+02
9.485819316e-01 -1.981169851e-01 -2.468642932e-01 3.976846353e+02 1.706751148e-01 9.769501335e-01 -1.282124869e-01 -3.295052795e+01 2.665751755e-01 7.948645687e-02 9.605308839e-01 4.894376579e+02
9.473911852e-01 -2.024419667e-01 -2.479257797e-01 3.973794279e+02 1.730150038e-01 9.755609012e-01 -1.354501253e-01 -3.313443066e+01 2.692874869e-01 8.542937506e-02 9.592632961e-01 4.907788644e+02
9.490458300e-01 -2.011788471e-01 -2.425676897e-01 3.969781656e+02 1.698425109e-01 9.748882263e-01 -1.440363419e-01 -3.334517641e+01 2.654534500e-01 9.549878417e-02 9.593823263e-01 4.920915505e+02
9.492560137e-01 -2.009810770e-01 -2.419083032e-01 3.966547859e+02 1.697735075e-01 9.749359076e-01 -1.437947572e-01 -3.358385109e+01 2.647451163e-01 9.542841694e-02 9.595850356e-01 4.934382443e+02
9.492934227e-01 -1.964146874e-01 -2.454857800e-01 3.963559821e+02 1.669957720e-01 9.765882419e-01 -1.356016885e-01 -3.381344925e+01 2.663726896e-01 8.773070364e-02 9.598692171e-01 4.947949092e+02
9.482598981e-01 -1.951982047e-01 -2.504013308e-01 3.960810577e+02 1.666830083e-01 9.773180176e-01 -1.306379240e-01 -3.399661613e+01 2.702220205e-01 8.214105738e-02 9.592877078e-01 4.961817896e+02
9.484504993e-01 -1.962953675e-01 -2.488167582e-01 3.956910159e+02 1.685238655e-01 9.772727471e-01 -1.285989292e-01 -3.420962348e+01 2.684052109e-01 8.003815675e-02 9.599752790e-01 4.975267428e+02
9.475938774e-01 -2.032514908e-01 -2.464846342e-01 3.953224214e+02 1.755341304e-01 9.758691853e-01 -1.298734082e-01 -3.441752174e+01 2.669337230e-01 7.980078051e-02 9.604052389e-01 4.988795375e+02
9.465732466e-01 -2.077191372e-01 -2.466816754e-01 3.950074651e+02 1.796816210e-01 9.749038306e-01 -1.314421397e-01 -3.463234899e+01 2.677939581e-01 8.009544959e-02 9.601411953e-01 5.002375237e+02
9.475474159e-01 -2.084120235e-01 -2.423186395e-01 3.945964625e+02 1.805710550e-01 9.746410429e-01 -1.321700858e-01 -3.484856018e+01 2.637195266e-01 8.148169087e-02 9.611517806e-01 5.015637178e+02
9.477810076e-01 -2.043069842e-01 -2.448873573e-01 3.942988672e+02 1.754915520e-01 9.752572890e-01 -1.344467755e-01 -3.503662844e+01 2.662965955e-01 8.445043797e-02 9.601844858e-01 5.029295917e+02
9.492914172e-01 -1.967747838e-01 -2.452049951e-01 3.939733359e+02 1.675899184e-01 9.765850566e-01 -1.348897570e-01 -3.523531593e+01 2.660064368e-01 8.695580348e-02 9.600412824e-01 5.042880472e+02
9.501881786e-01 -1.925826236e-01 -2.450599078e-01 3.936182042e+02 1.629287302e-01 9.771917639e-01 -1.362001669e-01 -3.541625373e+01 2.657003090e-01 8.948848895e-02 9.598933046e-01 5.056424548e+02
9.502095630e-01 -1.921376089e-01 -2.453261616e-01 3.932597887e+02 1.628226512e-01 9.773983064e-01 -1.348381808e-01 -3.562789639e+01 2.656888605e-01 8.817987284e-02 9.600175725e-01 5.069919804e+02
9.512369222e-01 -1.920271386e-01 -2.413998673e-01 3.928667674e+02 1.644997015e-01 9.778232609e-01 -1.296206721e-01 -3.584319574e+01 2.609370922e-01 8.358976303e-02 9.617299961e-01 5.083304236e+02
9.504983278e-01 -1.931439463e-01 -2.434098291e-01 3.925315236e+02 1.658017882e-01 9.777638409e-01 -1.284041998e-01 -3.604257659e+01 2.627978233e-01 8.169019227e-02 9.613865074e-01 5.096928512e+02
9.493342193e-01 -1.975974934e-01 -2.443762890e-01 3.922085381e+02 1.696720958e-01 9.767968057e-01 -1.306881032e-01 -3.625102354e+01 2.645296201e-01 8.260285133e-02 9.608334138e-01 5.110501123e+02
9.493378028e-01 -2.005846781e-01 -2.419163556e-01 3.918132255e+02 1.728999624e-01 9.762002897e-01 -1.309144660e-01 -3.647726774e+01 2.624182525e-01 8.245472270e-02 9.614249214e-01 5.123898194e+02
9.495141866e-01 -2.007405896e-01 -2.410933949e-01 3.914663534e+02 1.730321618e-01 9.761271568e-01 -1.312845945e-01 -3.664224070e+01 2.616919570e-01 8.293967367e-02 9.615811615e-01 5.137583905e+02
9.499306062e-01 -2.003845184e-01 -2.397454653e-01 3.911162025e+02 1.718908261e-01 9.758789949e-01 -1.345872623e-01 -3.684591952e+01 2.609317674e-01 8.663851355e-02 9.614615857e-01 5.151055954e+02
9.499565040e-01 -2.011796870e-01 -2.389756768e-01 3.908056657e+02 1.718890324e-01 9.754208412e-01 -1.378707477e-01 -3.704575785e+01 2.608386496e-01 8.989391559e-02 9.611879540e-01 5.164725041e+02
9.507309542e-01 -1.978718359e-01 -2.386574726e-01 3.904739415e+02 1.686187924e-01 9.760410983e-01 -1.375190072e-01 -3.726946600e+01 2.601506401e-01 9.050144210e-02 9.613173948e-01 5.178295855e+02
9.506533179e-01 -1.958407071e-01 -2.406339268e-01 3.901682295e+02 1.670267528e-01 9.766658354e-01 -1.350033700e-01 -3.746305410e+01 2.614580905e-01 8.814909817e-02 9.611812542e-01 5.192141710e+02
9.493483519e-01 -1.988833605e-01 -2.432758018e-01 3.898522723e+02 1.702224869e-01 9.762719889e-01 -1.338555512e-01 -3.763744505e+01 2.641249927e-01 8.566453498e-02 9.606766239e-01 5.206028365e+02
9.486545460e-01 -2.027571142e-01 -2.427840706e-01 3.894950440e+02 1.735497618e-01 9.753328741e-01 -1.364047829e-01 -3.783106957e+01 2.644523255e-01 8.726589981e-02 9.604424138e-01 5.219611464e+02
9.487950545e-01 -2.016418271e-01 -2.431635624e-01 3.891593495e+02 1.712004222e-01 9.751477766e-01 -1.406315369e-01 -3.806111743e+01 2.654776073e-01 9.180080219e-02 9.597365538e-01 5.233219283e+02
9.496178248e-01 -1.990375432e-01 -2.420951121e-01 3.888232990e+02 1.682040689e-01 9.754449381e-01 -1.421779305e-01 -3.830172373e+01 2.644491976e-01 9.429331422e-02 9.597788249e-01 5.246901558e+02
9.490355051e-01 -1.987539067e-01 -2.445986397e-01 3.885208174e+02 1.689289335e-01 9.759746435e-01 -1.376099949e-01 -3.853413003e+01 2.660725942e-01 8.927698366e-02 9.598098743e-01 5.260610125e+02
9.490871480e-01 -1.963309693e-01 -2.463488097e-01 3.881865587e+02 1.682368260e-01 9.770656607e-01 -1.305337700e-01 -3.872322698e+01 2.663267841e-01 8.244298170e-02 9.603505604e-01 5.274470458e+02
9.481031222e-01 -1.994327017e-01 -2.476430236e-01 3.878254483e+02 1.727814194e-01 9.769610337e-01 -1.252745777e-01 -3.892420331e+01 2.669214318e-01 7.598510517e-02 9.607180716e-01 5.288228424e+02
9.459647609e-01 -2.065337072e-01 -2.499889975e-01 3.875047695e+02 1.802245867e-01 9.757568675e-01 -1.241677649e-01 -3.913177623e+01 2.695733099e-01 7.240416632e-02 9.602540639e-01 5.301998538e+02
9.455025877e-01 -2.099705929e-01 -2.488718681e-01 3.871248218e+02 1.826862879e-01 9.747586769e-01 -1.283403370e-01 -3.933136439e+01 2.695377095e-01 7.588064301e-02 9.599955995e-01 5.315622053e+02
9.457154794e-01 -2.112196631e-01 -2.469989596e-01 3.867267516e+02 1.825963208e-01 9.740391430e-01 -1.338145414e-01 -3.954342826e+01 2.688509172e-01 8.144938188e-02 9.597318284e-01 5.329181930e+02
9.464875336e-01 -2.083273734e-01 -2.464975744e-01 3.863551074e+02 1.787342378e-01 9.742942055e-01 -1.371308619e-01 -3.976112393e+01 2.687292707e-01 8.573509515e-02 9.593925539e-01 5.342863246e+02
9.470730495e-01 -2.044326560e-01 -2.475074304e-01 3.860432685e+02 1.749798769e-01 9.751492801e-01 -1.358893821e-01 -3.992865907e+01 2.691369199e-01 8.538835178e-02 9.593092034e-01 5.356779267e+02
9.472995387e-01 -2.010060260e-01 -2.494396950e-01 3.856934829e+02 1.727800748e-01 9.762715904e-01 -1.305405203e-01 -4.015162637e+01 2.697603190e-01 8.056276546e-02 9.595514635e-01 5.370598185e+02
9.478732653e-01 -1.983117435e-01 -2.494167703e-01 3.853159910e+02 1.703044770e-01 9.768482113e-01 -1.294757010e-01 -4.036835950e+01 2.693188780e-01 8.024976286e-02 9.597016815e-01 5.384309716e+02
9.484021281e-01 -1.953410813e-01 -2.497504060e-01 3.849718514e+02 1.658929718e-01 9.769734322e-01 -1.341731519e-01 -4.055830847e+01 2.702090399e-01 8.581826573e-02 9.589693947e-01 5.398081442e+02
9.497057763e-01 -1.918617305e-01 -2.474833628e-01 3.846057351e+02 1.613333472e-01 9.771441371e-01 -1.384228537e-01 -4.076701030e+01 2.683849652e-01 9.153366446e-02 9.589531264e-01 5.411697905e+02
9.506951068e-01 -1.876415242e-01 -2.469199713e-01 3.842341689e+02 1.573078043e-01 9.779319580e-01 -1.374894186e-01 -4.098067400e+01 2.672696551e-01 9.186807901e-02 9.592326035e-01 5.425293699e+02
9.515459657e-01 -1.851823164e-01 -2.454949792e-01 3.838662170e+02 1.554373749e-01 9.784921430e-01 -1.356183933e-01 -4.117558176e+01 2.653290365e-01 9.088803996e-02 9.598645043e-01 5.438878874e+02
9.508495404e-01 -1.890723648e-01 -2.452280417e-01 3.835009762e+02 1.599090004e-01 9.779935423e-01 -1.340065027e-01 -4.140699083e+01 2.651683676e-01 8.820585046e-02 9.601590831e-01 5.452291837e+02
9.502153335e-01 -1.919669096e-01 -2.454374169e-01 3.831492131e+02 1.629534923e-01 9.775338196e-01 -1.336928974e-01 -4.162235479e+01 2.655879880e-01 8.704215687e-02 9.601493027e-01 5.465666085e+02
9.508261786e-01 -1.899812151e-01 -2.446154453e-01 3.827793830e+02 1.612486518e-01 9.779454297e-01 -1.327464078e-01 -4.184392961e+01 2.644398806e-01 8.677484891e-02 9.604903306e-01 5.478851164e+02
9.512833881e-01 -1.857239096e-01 -2.461027120e-01 3.824477090e+02 1.578688704e-01 9.790472718e-01 -1.286229350e-01 -4.204802484e+01 2.648345431e-01 8.350490423e-02 9.606714297e-01 5.492141410e+02
9.512600035e-01 -1.843150287e-01 -2.472496227e-01 3.821089178e+02 1.577119497e-01 9.797231269e-01 -1.235699618e-01 -4.225573902e+01 2.650119745e-01 7.855294222e-02 9.610401077e-01 5.505304420e+02
9.521272650e-01 -1.816847795e-01 -2.458542500e-01 3.817554473e+02 1.552019015e-01 9.801607040e-01 -1.232775900e-01 -4.244670443e+01 2.633743365e-01 7.921890753e-02 9.614355535e-01 5.518335216e+02
9.521632976e-01 -1.845838318e-01 -2.435443775e-01 3.814157291e+02 1.560047354e-01 9.788972667e-01 -1.319949384e-01 -4.266390496e+01 2.627690570e-01 8.768665963e-02 9.608660013e-01 5.531203278e+02
9.518523910e-01 -1.871311394e-01 -2.428146669e-01 3.811030280e+02 1.565183426e-01 9.777118889e-01 -1.399338087e-01 -4.284730370e+01 2.635887597e-01 9.519138115e-02 9.599268549e-01 5.544065216e+02
9.517873444e-01 -1.880810849e-01 -2.423352154e-01 3.807611380e+02 1.570311513e-01 9.773608986e-01 -1.417987710e-01 -4.304915623e+01 2.635186305e-01 9.690809784e-02 9.597743234e-01 5.556881035e+02
9.517516094e-01 -1.877394715e-01 -2.427401180e-01 3.804077342e+02 1.574384515e-01 9.777136039e-01 -1.388857182e-01 -4.326450980e+01 2.634046469e-01 9.396807752e-02 9.600979077e-01 5.569689949e+02
9.518103151e-01 -1.873988254e-01 -2.427731540e-01 3.800655029e+02 1.574501322e-01 9.778998519e-01 -1.375548452e-01 -4.345954411e+01 2.631854477e-01 9.270145536e-02 9.602811361e-01 5.582485445e+02
9.522123159e-01 -1.841763888e-01 -2.436611650e-01 3.797289387e+02 1.557822075e-01 9.790346225e-01 -1.312368537e-01 -4.365323583e+01 2.627234465e-01 8.700727419e-02 9.609402296e-01 5.595302717e+02
9.529619144e-01 -1.812790035e-01 -2.429022696e-01 3.793754754e+02 1.548050226e-01 9.801160367e-01 -1.241288022e-01 -4.384156389e+01 2.605743554e-01 8.068752965e-02 9.620761549e-01 5.608121252e+02
9.529755942e-01 -1.791418205e-01 -2.444293867e-01 3.790661095e+02 1.546237764e-01 9.811146351e-01 -1.162134271e-01 -4.403394882e+01 2.606319334e-01 7.295396496e-02 9.626778871e-01 5.621030891e+02
9.541041619e-01 -1.736553391e-01 -2.439858019e-01 3.787557280e+02 1.488037833e-01 9.819229760e-01 -1.169816369e-01 -4.420848482e+01 2.598897505e-01 7.530665621e-02 9.626973694e-01 5.633844526e+02
9.541026216e-01 -1.737833724e-01 -2.439006497e-01 3.784382076e+02 1.464646125e-01 9.811415267e-01 -1.261325568e-01 -4.436916269e+01 2.612207969e-01 8.462058894e-02 9.615628171e-01 5.646580869e+02
9.544979687e-01 -1.740475534e-01 -2.421591976e-01 3.781207780e+02 1.442224833e-01 9.801550959e-01 -1.359994971e-01 -4.456842529e+01 2.610239513e-01 9.488644286e-02 9.606576184e-01 5.659125491e+02
9.549222090e-01 -1.722573659e-01 -2.417663638e-01 3.778043971e+02 1.419127270e-01 9.802287696e-01 -1.378852319e-01 -4.476727955e+01 2.607380922e-01 9.735994628e-02 9.604877345e-01 5.671827636e+02
9.558576293e-01 -1.665915013e-01 -2.420402119e-01 3.774864013e+02 1.374729127e-01 9.815767525e-01 -1.326961837e-01 -4.494800723e+01 2.596871016e-01 9.356468666e-02 9.611494466e-01 5.684635821e+02
9.550367449e-01 -1.687795933e-01 -2.437586197e-01 3.771697092e+02 1.419655917e-01 9.821000821e-01 -1.237949898e-01 -4.515688738e+01 2.602894285e-01 8.362342741e-02 9.619025605e-01 5.697376568e+02
9.544718831e-01 -1.691897338e-01 -2.456791776e-01 3.768673781e+02 1.433342634e-01 9.824101685e-01 -1.196893886e-01 -4.536400281e+01 2.616079380e-01 7.902591214e-02 9.619335694e-01 5.710095588e+02
9.558425464e-01 -1.645819863e-01 -2.434703193e-01 3.764949509e+02 1.378490211e-01 9.827671538e-01 -1.231518118e-01 -4.554180597e+01 2.595432025e-01 8.415159621e-02 9.620581245e-01 5.722609028e+02
9.559627346e-01 -1.653840352e-01 -2.424528222e-01 3.761384572e+02 1.378431934e-01 9.823325756e-01 -1.265779006e-01 -4.573643390e+01 2.591032693e-01 8.758328472e-02 9.618703988e-01 5.735264888e+02
9.572658450e-01 -1.611792404e-01 -2.401319523e-01 3.757834395e+02 1.335681605e-01 9.828382959e-01 -1.272337634e-01 -4.589926079e+01 2.565183201e-01 8.972255292e-02 9.623659465e-01 5.747972384e+02
9.572286868e-01 -1.614660173e-01 -2.400874141e-01 3.754533858e+02 1.342426201e-01 9.829279867e-01 -1.258232567e-01 -4.606685064e+01 2.563048187e-01 8.821166721e-02 9.625624872e-01 5.760648544e+02
9.560092817e-01 -1.665125647e-01 -2.414949669e-01 3.751607870e+02 1.404179488e-01 9.825928840e-01 -1.216306870e-01 -4.628589210e+01 2.575442736e-01 8.236983784e-02 9.627492700e-01 5.773229606e+02
9.543959447e-01 -1.715287200e-01 -2.443486830e-01 3.748875088e+02 1.456018569e-01 9.819629443e-01 -1.206187190e-01 -4.646039295e+01 2.606309267e-01 7.954039430e-02 9.621563520e-01 5.785894580e+02
9.543163826e-01 -1.723406924e-01 -2.440879505e-01 3.745634815e+02 1.457897315e-01 9.816282529e-01 -1.230907281e-01 -4.661669293e+01 2.608171697e-01 8.188198165e-02 9.619094266e-01 5.798357442e+02
9.543911967e-01 -1.727727719e-01 -2.434892462e-01 3.742148367e+02 1.460037046e-01 9.814648263e-01 -1.241358648e-01 -4.678542764e+01 2.604234282e-01 8.292384462e-02 9.619268548e-01 5.810690592e+02
9.540871025e-01 -1.728613711e-01 -2.446155091e-01 3.739145665e+02 1.462547494e-01 9.815477816e-01 -1.231807640e-01 -4.696603171e+01 2.613950060e-01 8.174899825e-02 9.617638754e-01 5.823113625e+02
9.545209131e-01 -1.713539053e-01 -2.439829206e-01 3.735701721e+02 1.445494719e-01 9.817028025e-01 -1.239558700e-01 -4.714442614e+01 2.607590393e-01 8.305086793e-02 9.618249720e-01 5.835423468e+02
9.532860319e-01 -1.743188553e-01 -2.466955168e-01 3.732802580e+02 1.464226812e-01 9.809877254e-01 -1.273714293e-01 -4.731539488e+01 2.642085156e-01 8.529958542e-02 9.606861303e-01 5.847843293e+02
9.533599727e-01 -1.760396755e-01 -2.451831868e-01 3.729216430e+02 1.468304306e-01 9.802002216e-01 -1.328470932e-01 -4.747950420e+01 2.637149733e-01 9.065074827e-02 9.603316379e-01 5.860080814e+02
9.533061601e-01 -1.758114748e-01 -2.455558807e-01 3.726160657e+02 1.452869631e-01 9.797930586e-01 -1.374673076e-01 -4.766572018e+01 2.647622775e-01 9.537236302e-02 9.595858736e-01 5.872464399e+02
9.538998464e-01 -1.717295248e-01 -2.461382808e-01 3.722765636e+02 1.407467864e-01 9.803103507e-01 -1.384989472e-01 -4.785919404e+01 2.650762628e-01 9.747095245e-02 9.592882718e-01 5.884741546e+02
9.534956126e-01 -1.717667378e-01 -2.476737864e-01 3.719609314e+02 1.424657137e-01 9.809770149e-01 -1.318621126e-01 -4.808606900e+01 2.656118165e-01 9.044492312e-02 9.598281507e-01 5.897216529e+02
9.536456278e-01 -1.677819683e-01 -2.498183894e-01 3.716717396e+02 1.391445985e-01 9.819241257e-01 -1.283113091e-01 -4.827680350e+01 2.668310276e-01 8.760263939e-02 9.597536039e-01 5.909916136e+02
9.529049355e-01 -1.688021304e-01 -2.519484565e-01 3.713859140e+02 1.392856989e-01 9.815702698e-01 -1.308407409e-01 -4.844548269e+01 2.693913103e-01 8.958597091e-02 9.588548773e-01 5.922517109e+02
9.520831489e-01 -1.718834369e-01 -2.529698832e-01 3.710752308e+02 1.418612829e-01 9.809631303e-01 -1.326149064e-01 -4.863931197e+01 2.709484344e-01 9.037378547e-02 9.583420709e-01 5.934978124e+02
9.508228945e-01 -1.763844375e-01 -2.546062716e-01 3.707572443e+02 1.461559108e-01 9.802436427e-01 -1.332698413e-01 -4.881934280e+01 2.730829052e-01 8.950380477e-02 9.578177258e-01 5.947319837e+02
9.506415453e-01 -1.757812277e-01 -2.556982839e-01 3.704406554e+02 1.455783138e-01 9.804005078e-01 -1.327471236e-01 -4.899904764e+01 2.740211797e-01 8.897080568e-02 9.575993885e-01 5.959682853e+02
9.505875863e-01 -1.758334858e-01 -2.558629046e-01 3.701282198e+02 1.458510956e-01 9.804706127e-01 -1.319273876e-01 -4.918394452e+01 2.740633113e-01 8.809065195e-02 9.576686997e-01 5.972108537e+02
9.508692221e-01 -1.735189992e-01 -2.563959427e-01 3.698006517e+02 1.441753729e-01 9.810729684e-01 -1.292644284e-01 -4.938705239e+01 2.739729628e-01 8.594758583e-02 9.578892567e-01 5.984579271e+02
9.498663113e-01 -1.750152988e-01 -2.590822955e-01 3.694754489e+02 1.472562916e-01 9.814105596e-01 -1.230808601e-01 -4.957868949e+01 2.758071341e-01 7.875886452e-02 9.579809320e-01 5.997152487e+02
9.491974085e-01 -1.760361064e-01 -2.608362877e-01 3.691341347e+02 1.501959360e-01 9.818213933e-01 -1.160514217e-01 -4.976259939e+01 2.765238878e-01 7.097915833e-02 9.583822299e-01 6.009794330e+02
9.486169051e-01 -1.805962282e-01 -2.598287316e-01 3.687692697e+02 1.556214170e-01 9.812337671e-01 -1.138519603e-01 -4.992363423e+01 2.755139597e-01 6.756697889e-02 9.589195802e-01 6.022342793e+02
9.464086531e-01 -1.899415854e-01 -2.612141946e-01 3.684537213e+02 1.650713508e-01 9.796394693e-01 -1.142714285e-01 -5.007959254e+01 2.776006312e-01 6.502848875e-02 9.584931847e-01 6.035145853e+02
9.452423408e-01 -1.945563101e-01 -2.620396141e-01 3.681184386e+02 1.691922348e-01 9.786935553e-01 -1.163310474e-01 -5.022956083e+01 2.790894208e-01 6.562596367e-02 9.580200040e-01 6.047870939e+02
9.451790507e-01 -1.957082463e-01 -2.614093427e-01 3.677769451e+02 1.699445025e-01 9.783635761e-01 -1.179982165e-01 -5.039959631e+01 2.788466033e-01 6.710436159e-02 9.579882966e-01 6.060640021e+02
9.460894539e-01 -1.947926797e-01 -2.587867021e-01 3.674225839e+02 1.679760992e-01 9.781878598e-01 -1.221987769e-01 -5.058048023e+01 2.769454375e-01 7.214099336e-02 9.581737325e-01 6.073353674e+02
9.463130474e-01 -1.960977688e-01 -2.569772000e-01 3.670705162e+02 1.687213987e-01 9.777324906e-01 -1.247888878e-01 -5.076660063e+01 2.757257802e-01 7.473180006e-02 9.583269026e-01 6.086144779e+02
9.465477367e-01 -1.947459888e-01 -2.571407823e-01 3.667544811e+02 1.673024800e-01 9.779722741e-01 -1.248203163e-01 -5.093475901e+01 2.757848116e-01 7.512809732e-02 9.582789295e-01 6.099085134e+02
9.465478670e-01 -1.968105529e-01 -2.555635766e-01 3.663873265e+02 1.706474862e-01 9.778714397e-01 -1.210243066e-01 -5.112374806e+01 2.737271833e-01 7.094401734e-02 9.591873516e-01 6.111982026e+02
9.454778448e-01 -1.983890948e-01 -2.582893958e-01 3.661122201e+02 1.742021360e-01 9.781330492e-01 -1.136193378e-01 -5.127244882e+01 2.751822318e-01 6.243000214e-02 9.593629314e-01 6.125256909e+02
9.451123200e-01 -1.994888766e-01 -2.587796179e-01 3.657739237e+02 1.770431878e-01 9.783074068e-01 -1.075654563e-01 -5.142445479e+01 2.746241289e-01 5.584626946e-02 9.599285296e-01 6.138365292e+02
9.461105791e-01 -1.967852668e-01 -2.571970664e-01 3.654137749e+02 1.747373774e-01 9.788740329e-01 -1.061719203e-01 -5.161276598e+01 2.726565993e-01 5.550843619e-02 9.605088195e-01 6.151385850e+02
9.462680855e-01 -1.977984643e-01 -2.558368188e-01 3.650667991e+02 1.752408454e-01 9.785413143e-01 -1.083860801e-01 -5.179107398e+01 2.717854971e-01 5.772922806e-02 9.606247862e-01 6.164434724e+02
9.476438632e-01 -1.948914370e-01 -2.529593571e-01 3.646760568e+02 1.713006913e-01 9.787893299e-01 -1.123722419e-01 -5.197112542e+01 2.694943074e-01 6.315675270e-02 9.609287398e-01 6.177377623e+02
9.493199458e-01 -1.904807405e-01 -2.500174554e-01 3.643207363e+02 1.656024577e-01 9.792003753e-01 -1.172282006e-01 -5.214227284e+01 2.671469006e-01 6.988356391e-02 9.611185260e-01 6.190449212e+02
9.506669234e-01 -1.846544736e-01 -2.492691842e-01 3.639799457e+02 1.593704903e-01 9.801122832e-01 -1.182411059e-01 -5.231251962e+01 2.661455384e-01 7.268175623e-02 9.611888028e-01 6.203611944e+02
9.516989171e-01 -1.805667194e-01 -2.483240445e-01 3.636336676e+02 1.558141776e-01 9.809368831e-01 -1.161239575e-01 -5.248076673e+01 2.645583362e-01 7.182263785e-02 9.616914242e-01 6.216815794e+02
9.518469839e-01 -1.798935840e-01 -2.482450759e-01 3.632812358e+02 1.556943400e-01 9.811983786e-01 -1.140570661e-01 -5.267476909e+01 2.640958004e-01 6.991452114e-02 9.619591301e-01 6.229965210e+02
9.522648188e-01 -1.776257991e-01 -2.482756338e-01 3.629391596e+02 1.543742310e-01 9.818323119e-01 -1.103354343e-01 -5.284791905e+01 2.633634592e-01 6.674119230e-02 9.623852148e-01 6.243158950e+02
9.518764697e-01 -1.795676226e-01 -2.483679839e-01 3.625949939e+02 1.579502370e-01 9.818963022e-01 -1.045532128e-01 -5.302235423e+01 2.626459768e-01 6.029196114e-02 9.630067343e-01 6.256438860e+02
9.513857196e-01 -1.816825111e-01 -2.487100273e-01 3.622566520e+02 1.591450094e-01 9.813213204e-01 -1.080802119e-01 -5.320766522e+01 2.637007366e-01 6.324501051e-02 9.625289555e-01 6.269591096e+02
9.513725281e-01 -1.826365594e-01 -2.480608794e-01 3.619218701e+02 1.575760141e-01 9.804857352e-01 -1.175479602e-01 -5.338590501e+01 2.646887087e-01 7.274345542e-02 9.615863337e-01 6.282669180e+02
9.517387040e-01 -1.824561320e-01 -2.467857354e-01 3.615662070e+02 1.565446397e-01 9.802316745e-01 -1.209943807e-01 -5.357362870e+01 2.639833613e-01 7.652205109e-02 9.614869529e-01 6.295744243e+02
9.522325754e-01 -1.783970188e-01 -2.478459725e-01 3.612019536e+02 1.538133847e-01 9.813379039e-01 -1.154008711e-01 -5.376017097e+01 2.638078185e-01 7.176644077e-02 9.619017688e-01 6.308881532e+02
9.528239858e-01 -1.738731778e-01 -2.487861937e-01 3.608477429e+02 1.518497784e-01 9.827802815e-01 -1.052832521e-01 -5.393364562e+01 2.628080991e-01 6.253827956e-02 9.628192284e-01 6.322064216e+02
9.518536709e-01 -1.751324797e-01 -2.516012793e-01 3.605365655e+02 1.540489663e-01 9.828525214e-01 -1.013402047e-01 -5.408978652e+01 2.650349131e-01 5.770212881e-02 9.625107580e-01 6.335223287e+02
9.515496530e-01 -1.766422298e-01 -2.516958095e-01 3.602109046e+02 1.550044069e-01 9.824763675e-01 -1.035075897e-01 -5.427313199e+01 2.655689961e-01 5.947865141e-02 9.622553706e-01 6.348228793e+02
9.512388549e-01 -1.783643331e-01 -2.516561256e-01 3.598880057e+02 1.548248880e-01 9.817327063e-01 -1.105899973e-01 -5.443873419e+01 2.667843604e-01 6.623487089e-02 9.614775332e-01 6.361163575e+02
9.519068084e-01 -1.741654415e-01 -2.520710753e-01 3.595740757e+02 1.498683845e-01 9.822588524e-01 -1.127253932e-01 -5.459762262e+01 2.672319131e-01 6.952658438e-02 9.611207826e-01 6.374235006e+02
9.527179502e-01 -1.712288241e-01 -2.510163283e-01 3.591836298e+02 1.485488673e-01 9.831190550e-01 -1.068183395e-01 -5.479381899e+01 2.650693141e-01 6.447955825e-02 9.620710188e-01 6.387087214e+02
9.522709501e-01 -1.712793625e-01 -2.526725500e-01 3.588428600e+02 1.494741028e-01 9.833596362e-01 -1.032536604e-01 -5.497414132e+01 2.661532080e-01 6.055745859e-02 9.620266442e-01 6.400064559e+02
9.530101767e-01 -1.668790637e-01 -2.528299452e-01 3.584842409e+02 1.454745440e-01 9.841677706e-01 -1.012470068e-01 -5.511717698e+01 2.657230892e-01 5.970910685e-02 9.621985566e-01 6.413047973e+02
9.524363570e-01 -1.693744736e-01 -2.533323383e-01 3.581406543e+02 1.476179641e-01 9.836981858e-01 -1.026976922e-01 -5.528080191e+01 2.665969291e-01 6.041661182e-02 9.619126314e-01 6.425993462e+02
9.523767242e-01 -1.709768996e-01 -2.524786625e-01 3.578127628e+02 1.473451646e-01 9.829654499e-01 -1.098559364e-01 -5.542474975e+01 2.669606295e-01 6.742272679e-02 9.613460346e-01 6.438971351e+02
9.520303920e-01 -1.730060767e-01 -2.524025161e-01 3.574641485e+02 1.489507949e-01 9.825230044e-01 -1.116342537e-01 -5.559913878e+01 2.673046827e-01 6.868364694e-02 9.611611536e-01 6.451873857e+02
9.522559238e-01 -1.720778367e-01 -2.521861887e-01 3.570955630e+02 1.485638088e-01 9.828066563e-01 -1.096351726e-01 -5.577567525e+01 2.667160482e-01 6.693500187e-02 9.614479992e-01 6.464801057e+02
9.503197237e-01 -1.802225512e-01 -2.537956950e-01 3.567827915e+02 1.572258214e-01 9.816036964e-01 -1.083246243e-01 -5.596646323e+01 2.686493325e-01 6.303979039e-02 9.611729922e-01 6.477793700e+02
9.499683846e-01 -1.823968836e-01 -2.535575776e-01 3.564460214e+02 1.593384216e-01 9.812038304e-01 -1.088591322e-01 -5.614255696e+01 2.686472328e-01 6.301126980e-02 9.611754492e-01 6.490710106e+02
9.506209245e-01 -1.800803096e-01 -2.527665722e-01 3.560669753e+02 1.562666779e-01 9.814024458e-01 -1.114897521e-01 -5.633351662e+01 2.681428412e-01 6.648549867e-02 9.610822520e-01 6.503413764e+02
9.514411715e-01 -1.769453304e-01 -2.518929280e-01 3.557062808e+02 1.527878061e-01 9.818245027e-01 -1.125901071e-01 -5.650156811e+01 2.672369424e-01 6.863669557e-02 9.611833439e-01 6.516241627e+02
9.528890774e-01 -1.693863095e-01 -2.516161449e-01 3.553466267e+02 1.461166712e-01 9.832895284e-01 -1.085892337e-01 -5.668740233e+01 2.658050500e-01 6.670818124e-02 9.617160152e-01 6.529027734e+02
9.532650682e-01 -1.676667973e-01 -2.513434995e-01 3.549972323e+02 1.454988076e-01 9.838279176e-01 -1.044639919e-01 -5.687548575e+01 2.647938947e-01 6.301169488e-02 9.622441061e-01 6.541846426e+02
9.518703322e-01 -1.725404622e-01 -2.533232316e-01 3.546787630e+02 1.501481439e-01 9.830329387e-01 -1.053649670e-01 -5.702182129e+01 2.672048009e-01 6.225777311e-02 9.616265201e-01 6.554748510e+02
9.518848986e-01 -1.724033983e-01 -2.533618127e-01 3.543444156e+02 1.500050481e-01 9.830551841e-01 -1.053612388e-01 -5.718378233e+01 2.672332790e-01 6.228622116e-02 9.616167642e-01 6.567558826e+02
9.522798944e-01 -1.701480754e-01 -2.534021215e-01 3.540097754e+02 1.477111808e-01 9.834170982e-01 -1.052246080e-01 -5.732811002e+01 2.671037435e-01 6.277295201e-02 9.616211035e-01 6.580359503e+02
9.528858499e-01 -1.657130992e-01 -2.540624449e-01 3.536908814e+02 1.442781985e-01 9.843760831e-01 -1.009332869e-01 -5.749578296e+01 2.668189622e-01 5.952222899e-02 9.619068280e-01 6.593236535e+02
9.528608981e-01 -1.666006523e-01 -2.535751005e-01 3.533580242e+02 1.465039278e-01 9.845103795e-01 -9.631153493e-02 -5.767401322e+01 2.656928830e-01 5.462174743e-02 9.625090943e-01 6.606014597e+02
9.535647851e-01 -1.654418598e-01 -2.516807335e-01 3.529942127e+02 1.444863131e-01 9.844700581e-01 -9.971163435e-02 -5.781489361e+01 2.642686245e-01 5.871708193e-02 9.626600638e-01 6.618638867e+02
9.533464275e-01 -1.676482683e-01 -2.510471017e-01 3.526450687e+02 1.463335520e-01 9.840218619e-01 -1.014271501e-01 -5.796280669e+01 2.640399225e-01 5.995859711e-02 9.626462933e-01 6.631363206e+02
9.534035071e-01 -1.686814630e-01 -2.501365959e-01 3.522940761e+02 1.478606324e-01 9.839442590e-01 -9.995463295e-02 -5.811663986e+01 2.629809612e-01 5.831174236e-02 9.630372551e-01 6.644085467e+02
9.542928642e-01 -1.647030209e-01 -2.493953573e-01 3.519628108e+02 1.443029633e-01 9.846576047e-01 -9.811246748e-02 -5.825096135e+01 2.617284549e-01 5.763953852e-02 9.634188598e-01 6.656970783e+02
9.547453665e-01 -1.630494973e-01 -2.487491642e-01 3.516234373e+02 1.437115241e-01 9.851317662e-01 -9.414032629e-02 -5.839447524e+01 2.604002363e-01 5.413191882e-02 9.639820809e-01 6.669820292e+02
9.554021026e-01 -1.600558795e-01 -2.481711865e-01 3.512843517e+02 1.422922424e-01 9.859001798e-01 -8.805539892e-02 -5.855030132e+01 2.587658017e-01 4.881547864e-02 9.647058147e-01 6.682683860e+02
9.546983649e-01 -1.648684070e-01 -2.477285620e-01 3.509632098e+02 1.478334376e-01 9.852666748e-01 -8.599333826e-02 -5.869886956e+01 2.582562812e-01 4.547513451e-02 9.650055468e-01 6.695596282e+02
9.554238633e-01 -1.609114352e-01 -2.475333339e-01 3.506368694e+02 1.437644333e-01 9.858701705e-01 -8.597554711e-02 -5.883515228e+01 2.578701788e-01 4.655659989e-02 9.650572283e-01 6.708509319e+02
9.555206983e-01 -1.630307595e-01 -2.457664880e-01 3.503100578e+02 1.460918854e-01 9.855455115e-01 -8.577415532e-02 -5.896406253e+01 2.561978848e-01 4.605449119e-02 9.655266064e-01 6.721498129e+02
9.570549189e-01 -1.581459624e-01 -2.429727081e-01 3.499584960e+02 1.408713129e-01 9.861968554e-01 -8.701169765e-02 -5.908053415e+01 2.533794693e-01 4.904708884e-02 9.661227808e-01 6.734439371e+02
9.579505053e-01 -1.542736835e-01 -2.419306924e-01 3.496367045e+02 1.368448331e-01 9.867324127e-01 -8.736496693e-02 -5.920720037e+01 2.521989711e-01 5.058434899e-02 9.663523698e-01 6.747360583e+02
9.595146812e-01 -1.484399590e-01 -2.393682416e-01 3.493029588e+02 1.314250411e-01 9.876205015e-01 -8.563412654e-02 -5.937588254e+01 2.491165090e-01 5.070822064e-02 9.671450984e-01 6.760282413e+02
9.604889829e-01 -1.433894530e-01 -2.385380022e-01 3.489836843e+02 1.265253394e-01 9.883450048e-01 -8.464921660e-02 -5.951155711e+01 2.478956478e-01 5.112353827e-02 9.674368877e-01 6.773371807e+02
9.604304951e-01 -1.452459782e-01 -2.376486271e-01 3.486540831e+02 1.280977686e-01 9.880118716e-01 -8.615975458e-02 -5.964545190e+01 2.473140227e-01 5.230819690e-02 9.675224167e-01 6.786525682e+02
9.605199256e-01 -1.479715722e-01 -2.355968723e-01 3.483168506e+02 1.310210601e-01 9.876306981e-01 -8.613411575e-02 -5.979149626e+01 2.454281040e-01 5.186538249e-02 9.680263570e-01 6.799776726e+02
9.599667284e-01 -1.508468065e-01 -2.360277978e-01 3.479942683e+02 1.345325432e-01 9.873545688e-01 -8.385672512e-02 -5.991700303e+01 2.456926437e-01 4.874624616e-02 9.681213397e-01 6.813159338e+02
9.596289538e-01 -1.517287437e-01 -2.368346667e-01 3.476924091e+02 1.361691994e-01 9.873829353e-01 -8.082628375e-02 -6.005109291e+01 2.461101788e-01 4.531365518e-02 9.681820348e-01 6.826751821e+02
9.594656656e-01 -1.527650640e-01 -2.368300481e-01 3.473690895e+02 1.371482799e-01 9.872192008e-01 -8.117018429e-02 -6.017980803e+01 2.462031392e-01 4.539917117e-02 9.681543934e-01 6.840250125e+02
9.591628623e-01 -1.532849885e-01 -2.377189853e-01 3.470451341e+02 1.372745366e-01 9.870827838e-01 -8.260314462e-02 -6.031533075e+01 2.473101398e-01 4.659710509e-02 9.678152740e-01 6.853908085e+02
9.591260937e-01 -1.521687922e-01 -2.385828892e-01 3.467144530e+02 1.358934970e-01 9.872118159e-01 -8.334139467e-02 -6.044441613e+01 2.482138067e-01 4.751304317e-02 9.675393619e-01 6.867587968e+02
9.600397287e-01 -1.501881079e-01 -2.361509083e-01 3.463562535e+02 1.340757908e-01 9.874922868e-01 -8.296183322e-02 -6.059387749e+01 2.456570813e-01 4.798453607e-02 9.681684165e-01 6.881242824e+02
9.598454940e-01 -1.498847158e-01 -2.371311867e-01 3.460605779e+02 1.339509843e-01 9.875870371e-01 -8.203034740e-02 -6.072780287e+01 2.464827814e-01 4.697250345e-02 9.680081727e-01 6.895104381e+02
9.603366382e-01 -1.480294541e-01 -2.363066272e-01 3.457304805e+02 1.324675630e-01 9.879116595e-01 -8.051644468e-02 -6.087316608e+01 2.453688776e-01 4.601992878e-02 9.683368629e-01 6.908851780e+02
9.600294963e-01 -1.500092527e-01 -2.363061370e-01 3.453854667e+02 1.344366555e-01 9.876238473e-01 -8.078317787e-02 -6.101484630e+01 2.454998003e-01 4.578602683e-02 9.683147669e-01 6.922559555e+02
9.587226876e-01 -1.567045912e-01 -2.372645767e-01 3.450570555e+02 1.423736765e-01 9.868533458e-01 -7.648666581e-02 -6.115517050e+01 2.461311531e-01 3.954927173e-02 9.684293008e-01 6.936318931e+02
9.583481925e-01 -1.535984610e-01 -2.407825881e-01 3.447440004e+02 1.396246212e-01 9.874231601e-01 -7.416513997e-02 -6.127646998e+01 2.491459554e-01 3.745685019e-02 9.677413277e-01 6.950117226e+02
9.574913344e-01 -1.583907040e-01 -2.410865602e-01 3.443895833e+02 1.441390335e-01 9.866530845e-01 -7.576034542e-02 -6.142696831e+01 2.498685327e-01 3.778989044e-02 9.675420614e-01 6.963639007e+02
9.572247996e-01 -1.583753473e-01 -2.421527046e-01 3.440405709e+02 1.425211592e-01 9.864092529e-01 -8.175882217e-02 -6.156548987e+01 2.518102503e-01 4.374968801e-02 9.667872375e-01 6.977161100e+02
9.567716240e-01 -1.587622618e-01 -2.436854606e-01 3.436927179e+02 1.412583114e-01 9.860704389e-01 -8.781331939e-02 -6.170892443e+01 2.542324703e-01 4.959469552e-02 9.658707042e-01 6.990610644e+02
9.557228426e-01 -1.615452102e-01 -2.459613651e-01 3.433540196e+02 1.437878534e-01 9.856305649e-01 -8.864221723e-02 -6.184917768e+01 2.567467648e-01 4.935113511e-02 9.652178843e-01 7.003931349e+02
9.539053889e-01 -1.634302846e-01 -2.517042929e-01 3.430381310e+02 1.464886672e-01 9.855737378e-01 -8.476719716e-02 -6.196470405e+01 2.619266680e-01 4.398805977e-02 9.640847842e-01 7.017468356e+02
9.540469140e-01 -1.581366061e-01 -2.545334942e-01 3.426750215e+02 1.430690901e-01 9.867298628e-01 -7.678159515e-02 -6.210586623e+01 2.632977807e-01 3.683736848e-02 9.640110409e-01 7.031166945e+02
9.556274515e-01 -1.461021530e-01 -2.557935396e-01 3.423070607e+02 1.319282788e-01 9.886542864e-01 -7.181664951e-02 -6.223918684e+01 2.633839465e-01 3.488356034e-02 9.640601817e-01 7.044697758e+02
9.557728730e-01 -1.423883449e-01 -2.573398035e-01 3.419468508e+02 1.271302761e-01 9.890406465e-01 -7.507657683e-02 -6.237713172e+01 2.652095552e-01 3.904047526e-02 9.634000898e-01 7.058248176e+02
9.557126451e-01 -1.410439408e-01 -2.583020455e-01 3.415764917e+02 1.241366629e-01 9.889764218e-01 -8.072004772e-02 -6.252406013e+01 2.668397063e-01 4.508041638e-02 9.626859962e-01 7.071474290e+02
9.549439687e-01 -1.422412385e-01 -2.604792636e-01 3.412239794e+02 1.247552241e-01 9.887463238e-01 -8.256416450e-02 -6.266507670e+01 2.692919433e-01 4.634800201e-02 9.619426760e-01 7.084747692e+02
9.544173976e-01 -1.418516455e-01 -2.626129126e-01 3.408478208e+02 1.244988441e-01 9.888532113e-01 -8.166617636e-02 -6.280251407e+01 2.712701034e-01 4.524861546e-02 9.614390744e-01 7.098003825e+02
9.541974739e-01 -1.398074770e-01 -2.645015128e-01 3.404610912e+02 1.226566984e-01 9.891897429e-01 -8.036782215e-02 -6.292987423e+01 2.728782059e-01 4.424389060e-02 9.610306774e-01 7.111322616e+02
9.530440637e-01 -1.397041241e-01 -2.686815408e-01 3.400972673e+02 1.222161357e-01 9.892062206e-01 -8.083482759e-02 -6.303979343e+01 2.770744103e-01 4.420193293e-02 9.598312145e-01 7.124777858e+02
9.516464694e-01 -1.433734448e-01 -2.716855768e-01 3.397307652e+02 1.260853563e-01 9.887762516e-01 -8.014990495e-02 -6.319388523e+01 2.801276142e-01 4.201880132e-02 9.590427207e-01 7.138122313e+02
9.506943524e-01 -1.434938914e-01 -2.749359042e-01 3.393599966e+02 1.263165853e-01 9.888158066e-01 -7.929325844e-02 -6.333304747e+01 2.832390661e-01 4.065468838e-02 9.581872613e-01 7.151482168e+02
9.504912576e-01 -1.435825354e-01 -2.755910464e-01 3.389562895e+02 1.260636520e-01 9.887619509e-01 -8.036018960e-02 -6.346246993e+01 2.840322604e-01 4.163964391e-02 9.579101289e-01 7.164680856e+02
9.498844280e-01 -1.420271401e-01 -2.784741729e-01 3.385820039e+02 1.240954811e-01 9.889512989e-01 -8.109031950e-02 -6.359343887e+01 2.869144212e-01 4.246904531e-02 9.570143652e-01 7.177986745e+02
9.491512926e-01 -1.406935885e-01 -2.816329844e-01 3.381875165e+02 1.230076238e-01 9.892070349e-01 -7.961511491e-02 -6.372661415e+01 2.897946657e-01 4.092378504e-02 9.562135199e-01 7.191164528e+02
9.476098606e-01 -1.429276314e-01 -2.856698169e-01 3.377942667e+02 1.264262475e-01 9.890989923e-01 -7.549561116e-02 -6.386460486e+01 2.933461369e-01 3.542422259e-02 9.553497624e-01 7.204258296e+02
9.460166194e-01 -1.413137191e-01 -2.916898842e-01 3.373920113e+02 1.247612070e-01 9.893717205e-01 -7.468761610e-02 -6.397594343e+01 2.991441074e-01 3.426414408e-02 9.535925605e-01 7.217312485e+02
9.441614858e-01 -1.427750602e-01 -2.969416963e-01 3.370021993e+02 1.256846272e-01 9.891567516e-01 -7.597562306e-02 -6.411184141e+01 3.045693078e-01 3.441225075e-02 9.518683384e-01 7.230228147e+02
9.410581367e-01 -1.484539504e-01 -3.039259909e-01 3.366277484e+02 1.299074516e-01 9.882545695e-01 -8.047956160e-02 -6.425544506e+01 3.123037581e-01 3.625369534e-02 9.492902782e-01 7.243149349e+02
9.419384002e-01 -1.386440881e-01 -3.058265310e-01 3.361693133e+02 1.183522967e-01 9.894106687e-01 -8.401941736e-02 -6.435521589e+01 3.142368280e-01 4.294584324e-02 9.483727487e-01 7.255844187e+02
9.407094970e-01 -1.360714098e-01 -3.107253027e-01 3.357409320e+02 1.148676874e-01 9.896824195e-01 -8.563949379e-02 -6.449021289e+01 3.191724561e-01 4.486958818e-02 9.466338592e-01 7.268626876e+02
9.387906940e-01 -1.354376783e-01 -3.167470097e-01 3.352970539e+02 1.142971105e-01 9.898473710e-01 -8.448877290e-02 -6.464785626e+01 3.249741580e-01 4.311400578e-02 9.447396356e-01 7.281376914e+02
9.368245519e-01 -1.330976236e-01 -3.234884567e-01 3.348669437e+02 1.114904449e-01 9.901646710e-01 -8.452103323e-02 -6.478214705e+01 3.315563900e-01 4.311550713e-02 9.424496874e-01 7.294279966e+02
9.342441826e-01 -1.304545784e-01 -3.319177762e-01 3.344389258e+02 1.088623413e-01 9.905922144e-01 -8.292198425e-02 -6.492860511e+01 3.396127174e-01 4.133603515e-02 9.396566045e-01 7.307180314e+02
9.312741605e-01 -1.293000083e-01 -3.406023280e-01 3.340008715e+02 1.081975015e-01 9.908789450e-01 -8.032569394e-02 -6.507469278e+01 3.478817883e-01 3.795292229e-02 9.367698955e-01 7.320074664e+02
9.283189570e-01 -1.273400430e-01 -3.492970478e-01 3.335508488e+02 1.056828502e-01 9.911394291e-01 -8.045972453e-02 -6.521958452e+01 3.564478213e-01 3.777757997e-02 9.335511797e-01 7.332909950e+02
9.249356426e-01 -1.281799733e-01 -3.578602401e-01 3.331168733e+02 1.043619627e-01 9.908847059e-01 -8.518262917e-02 -6.532708740e+01 3.655169459e-01 4.144145284e-02 9.298816958e-01 7.345833003e+02
9.229636865e-01 -1.266520085e-01 -3.634519256e-01 3.326270445e+02 1.008775117e-01 9.908987211e-01 -8.912604644e-02 -6.545645417e+01 3.714320410e-01 4.559597852e-02 9.273398760e-01 7.358564136e+02
9.219501979e-01 -1.201275523e-01 -3.682080984e-01 3.320519354e+02 9.431449546e-02 9.916995597e-01 -8.738855310e-02 -6.557585585e+01 3.756495821e-01 4.584053280e-02 9.256273748e-01 7.370997668e+02
9.193412887e-01 -1.161789388e-01 -3.759176094e-01 3.315228831e+02 9.152615511e-02 9.923498048e-01 -8.285425614e-02 -6.572071589e+01 3.826676859e-01 4.176504519e-02 9.229415600e-01 7.383685070e+02
9.173808965e-01 -1.119379666e-01 -3.819452610e-01 3.309687636e+02 8.723997279e-02 9.928528117e-01 -8.144004815e-02 -6.584756721e+01 3.883316597e-01 4.139065021e-02 9.205896676e-01 7.396253840e+02
9.146129945e-01 -1.106128018e-01 -3.889060020e-01 3.304195122e+02 8.493467394e-02 9.929510671e-01 -8.266970145e-02 -6.598186903e+01 3.953089570e-01 4.257917873e-02 9.175608111e-01 7.408822371e+02
9.099375873e-01 -1.164795190e-01 -3.980528970e-01 3.298827242e+02 9.014547912e-02 9.923531021e-01 -8.431555815e-02 -6.614207810e+01 4.048300628e-01 4.083922644e-02 9.134794895e-01 7.421537032e+02
9.063385368e-01 -1.169497817e-01 -4.060458168e-01 3.293020623e+02 8.901253412e-02 9.922154588e-01 -8.709335244e-02 -6.627844226e+01 4.130704850e-01 4.279289449e-02 9.096931035e-01 7.434149198e+02
9.014753014e-01 -1.172983859e-01 -4.166333756e-01 3.287432662e+02 8.842413244e-02 9.921867957e-01 -8.801440398e-02 -6.641425869e+01 4.237020814e-01 4.250236658e-02 9.048038987e-01 7.446837011e+02
8.964679371e-01 -1.182917424e-01 -4.270272843e-01 3.281637528e+02 8.870921169e-02 9.921094813e-01 -8.859713785e-02 -6.655862100e+01 4.341381273e-01 4.154323964e-02 8.998879073e-01 7.459392866e+02
8.923482925e-01 -1.173218847e-01 -4.358326517e-01 3.275658100e+02 8.699146707e-02 9.922267317e-01 -8.898650206e-02 -6.670979597e+01 4.428848717e-01 4.149323139e-02 8.956178326e-01 7.471760982e+02
8.870673679e-01 -1.209788074e-01 -4.455060191e-01 3.269587526e+02 8.936860554e-02 9.917977947e-01 -9.138045036e-02 -6.687106658e+01 4.529069851e-01 4.124636389e-02 8.906031666e-01 7.484199104e+02
8.826205180e-01 -1.233619641e-01 -4.536108983e-01 3.263191837e+02 8.940101591e-02 9.913911767e-01 -9.566082287e-02 -6.702861586e+01 4.615067493e-01 4.387892989e-02 8.860508788e-01 7.496646315e+02
8.794369779e-01 -1.203053287e-01 -4.605618631e-01 3.256353937e+02 8.292324559e-02 9.914609171e-01 -1.006428598e-01 -6.716543765e+01 4.687369595e-01 5.031776796e-02 8.819035010e-01 7.508918078e+02
8.773175121e-01 -1.127747651e-01 -4.664716877e-01 3.249476968e+02 7.424763221e-02 9.921899513e-01 -1.002316795e-01 -6.731155498e+01 4.741321252e-01 5.330058936e-02 8.788388789e-01 7.521340716e+02
8.732635199e-01 -1.094175983e-01 -4.748037637e-01 3.242842163e+02 7.073568228e-02 9.926053516e-01 -9.864623308e-02 -6.746763887e+01 4.820863907e-01 5.255858855e-02 8.745457717e-01 7.533776596e+02
8.706088741e-01 -1.061259359e-01 -4.803930413e-01 3.235632399e+02 6.517742137e-02 9.927299473e-01 -1.011887124e-01 -6.762503751e+01 4.876393054e-01 5.678501133e-02 8.711965165e-01 7.545838716e+02
8.650467938e-01 -1.081942798e-01 -4.898857442e-01 3.228929449e+02 6.428509458e-02 9.923237831e-01 -1.056453320e-01 -6.779893603e+01 4.975554956e-01 5.989580436e-02 8.653617864e-01 7.558078595e+02
8.615368036e-01 -1.051768327e-01 -4.966811552e-01 3.221775905e+02 5.936336035e-02 9.924644756e-01 -1.071926120e-01 -6.793629285e+01 5.042125817e-01 6.286571788e-02 8.612883222e-01 7.570096056e+02
8.553845528e-01 -1.053919211e-01 -5.071585647e-01 3.215000936e+02 6.041262139e-02 9.926990150e-01 -1.043981840e-01 -6.810887953e+01 5.144585328e-01 5.866181558e-02 8.555064052e-01 7.582364628e+02
8.511591753e-01 -1.037420596e-01 -5.145538295e-01 3.207554925e+02 6.018271499e-02 9.930978176e-01 -1.006715721e-01 -6.829773804e+01 5.214461614e-01 5.472028585e-02 8.515277982e-01 7.594101677e+02
8.465166695e-01 -9.963291992e-02 -5.229558391e-01 3.200243442e+02 5.693462262e-02 9.936403084e-01 -9.714621077e-02 -6.846812791e+01 5.293089618e-01 5.246159345e-02 8.468056472e-01 7.605835530e+02
8.442197158e-01 -8.930775192e-02 -5.285046802e-01 3.192472577e+02 4.286474712e-02 9.941122579e-01 -9.951598964e-02 -6.857106178e+01 5.342805302e-01 6.135914102e-02 8.430773220e-01 7.617198448e+02
8.388344424e-01 -9.027768901e-02 -5.368488773e-01 3.185187911e+02 4.081264499e-02 9.938073309e-01 -1.033504571e-01 -6.874811123e+01 5.428545903e-01 6.478370039e-02 8.373242896e-01 7.628678411e+02
8.347496460e-01 -9.052465857e-02 -5.431374732e-01 3.177458002e+02 3.787334359e-02 9.934966077e-01 -1.073783046e-01 -6.890214685e+01 5.493256215e-01 6.906356964e-02 8.327494130e-01 7.639814826e+02
8.285090186e-01 -8.995414400e-02 -5.527034088e-01 3.170133672e+02 3.648192142e-02 9.935870694e-01 -1.070224508e-01 -6.906914187e+01 5.587860731e-01 6.850538339e-02 8.264775478e-01 7.651283547e+02
8.233085248e-01 -8.714106125e-02 -5.608649646e-01 3.162667283e+02 3.289352532e-02 9.938089166e-01 -1.061218789e-01 -6.922606232e+01 5.666401760e-01 6.892222167e-02 8.210777298e-01 7.662607470e+02
8.170179450e-01 -9.056440844e-02 -5.694556747e-01 3.154935753e+02 3.663098970e-02 9.937458379e-01 -1.054863981e-01 -6.941657036e+01 5.754475199e-01 6.532455528e-02 8.152256463e-01 7.673611417e+02
8.109744914e-01 -8.935414653e-02 -5.782181343e-01 3.146818401e+02 3.390698951e-02 9.937860041e-01 -1.060174232e-01 -6.957302720e+01 5.840981856e-01 6.637178967e-02 8.089648294e-01 7.684404787e+02
8.042499751e-01 -9.004955565e-02 -5.874291915e-01 3.138595723e+02 3.431422755e-02 9.938408279e-01 -1.053705011e-01 -6.973061986e+01 5.932996809e-01 6.458704395e-02 8.023864421e-01 7.695084813e+02
7.970933365e-01 -9.581742354e-02 -5.962056979e-01 3.130646395e+02 4.075394760e-02 9.936156313e-01 -1.052002521e-01 -6.991906290e+01 6.024793180e-01 5.955668414e-02 7.959093370e-01 7.706004987e+02
7.913479274e-01 -9.596474509e-02 -6.037874009e-01 3.122415301e+02 3.752262021e-02 9.933656444e-01 -1.087048736e-01 -7.007934757e+01 6.102134961e-01 6.336769111e-02 7.896986925e-01 7.716680435e+02
7.841970722e-01 -9.395953958e-02 -6.133567941e-01 3.114159362e+02 3.353653761e-02 9.934421515e-01 -1.093068720e-01 -7.024068979e+01 6.196049165e-01 6.514826577e-02 7.822055043e-01 7.727249281e+02
7.785553436e-01 -9.079882023e-02 -6.209727460e-01 3.105640641e+02 2.816330569e-02 9.935363794e-01 -1.099649532e-01 -7.039722946e+01 6.269437018e-01 6.812515667e-02 7.760802522e-01 7.737689821e+02
7.749743310e-01 -8.089380407e-02 -6.267942077e-01 3.096719726e+02 1.412571866e-02 9.937437830e-01 -1.107869930e-01 -7.053204413e+01 6.318348284e-01 7.700315716e-02 7.712686065e-01 7.747710037e+02
7.685723844e-01 -8.031871967e-02 -6.347010267e-01 3.088035001e+02 1.389951386e-02 9.939501627e-01 -1.089489682e-01 -7.073132882e+01 6.396118303e-01 7.491313254e-02 7.650390376e-01 7.757913547e+02
7.649948435e-01 -6.886363506e-02 -6.403441959e-01 3.079398365e+02 -9.235016514e-04 9.941487686e-01 -1.080156148e-01 -7.085294659e+01 6.440357417e-01 8.322274725e-02 7.604550859e-01 7.768228487e+02
7.592348808e-01 -7.203993090e-02 -6.468173189e-01 3.070913907e+02 6.720128114e-03 9.946696015e-01 -1.028942357e-01 -7.106964436e+01 6.507820185e-01 7.377419755e-02 7.556719739e-01 7.778481106e+02
7.528403680e-01 -7.327954955e-02 -6.541112198e-01 3.062313040e+02 1.051281897e-02 9.949951256e-01 -9.936891180e-02 -7.125083057e+01 6.581191844e-01 6.793237529e-02 7.498428712e-01 7.788661304e+02
7.457572215e-01 -7.974789028e-02 -6.614275778e-01 3.053558623e+02 1.632103577e-02 9.946987655e-01 -1.015282700e-01 -7.142729448e+01 6.660178604e-01 6.492025741e-02 7.431053558e-01 7.798656295e+02
7.401086145e-01 -8.412753902e-02 -6.672044634e-01 3.044472388e+02 1.985125265e-02 9.944449802e-01 -1.033688016e-01 -7.161752068e+01 6.721942923e-01 6.325929613e-02 7.376673335e-01 7.808267718e+02
7.357288501e-01 -8.081660796e-02 -6.724371607e-01 3.035236094e+02 1.416853068e-02 9.944744441e-01 -1.040184252e-01 -7.177639087e+01 6.771279878e-01 6.700190980e-02 7.328085918e-01 7.817770622e+02
7.319596183e-01 -6.990839188e-02 -6.777521183e-01 3.025993706e+02 -6.698280174e-05 9.947149913e-01 -1.026746391e-01 -7.188842858e+01 6.813480114e-01 7.519908737e-02 7.280865227e-01 7.827382795e+02
7.263709306e-01 -6.751010112e-02 -6.839792815e-01 3.016847519e+02 2.858230274e-03 9.954523667e-01 -9.521773000e-02 -7.207846444e+01 6.872969531e-01 6.720842086e-02 7.232606214e-01 7.836998349e+02
7.212220317e-01 -6.394789402e-02 -6.897459300e-01 3.007911162e+02 -1.790829611e-03 9.955542726e-01 -9.417262512e-02 -7.221054443e+01 6.927016486e-01 6.915458945e-02 7.179011553e-01 7.846773460e+02
7.160381447e-01 -6.156041485e-02 -6.953414202e-01 2.998828269e+02 -7.013045716e-03 9.954192120e-01 -9.534888323e-02 -7.233629611e+01 6.980259254e-01 7.314989861e-02 7.123263997e-01 7.856329583e+02
7.117191555e-01 -6.179117064e-02 -6.997411628e-01 2.989553612e+02 -7.072404344e-03 9.954429059e-01 -9.509680386e-02 -7.249085898e+01 7.024285193e-01 7.263106937e-02 7.080387722e-01 7.865677498e+02
7.077609580e-01 -6.162303519e-02 -7.037592115e-01 2.980239820e+02 -9.407687619e-03 9.952778169e-01 -9.661036448e-02 -7.263931168e+01 7.063893556e-01 7.499779094e-02 7.038390510e-01 7.875018343e+02
7.054999205e-01 -5.740542448e-02 -7.063812564e-01 2.971027062e+02 -1.880660654e-02 9.948466833e-01 -9.963126134e-02 -7.275826975e+01 7.084604250e-01 8.357448131e-02 7.007846547e-01 7.884424578e+02
7.013325626e-01 -6.238555498e-02 -7.100990629e-01 2.961781534e+02 -1.321032401e-02 9.948544146e-01 -1.004498934e-01 -7.292556860e+01 7.127118099e-01 7.982941984e-02 6.968996626e-01 7.893693192e+02
6.994184057e-01 -6.203102620e-02 -7.120154813e-01 2.952377631e+02 -1.700441707e-02 9.945002310e-01 -1.033447644e-01 -7.302336335e+01 7.145101424e-01 8.438863856e-02 6.945169646e-01 7.902874416e+02
6.958681388e-01 -6.508173270e-02 -7.152145842e-01 2.943090970e+02 -8.697205220e-03 9.950486801e-01 -9.900748922e-02 -7.319434086e+01 7.181169069e-01 7.511652527e-02 6.918566438e-01 7.912109154e+02
6.937584261e-01 -6.369937135e-02 -7.173852775e-01 2.933807546e+02 -6.199945340e-03 9.955158586e-01 -9.439139722e-02 -7.336477978e+01 7.201810931e-01 6.993257668e-02 6.902525826e-01 7.921269392e+02
6.916863180e-01 -6.379045726e-02 -7.193752950e-01 2.924467424e+02 -6.075309227e-03 9.955422307e-01 -9.412097254e-02 -7.351130944e+01 7.221725058e-01 6.947261631e-02 6.882153932e-01 7.930188843e+02
6.910237319e-01 -6.413032672e-02 -7.199815991e-01 2.915021506e+02 -1.036871117e-02 9.950746005e-01 -9.858513720e-02 -7.364895747e+01 7.227576992e-01 7.558995067e-02 6.869552151e-01 7.938916310e+02
6.886401359e-01 -6.711916252e-02 -7.219901532e-01 2.905769902e+02 -9.587491804e-03 9.947767664e-01 -1.016231520e-01 -7.381445495e+01 7.250398908e-01 7.690385591e-02 6.843997031e-01 7.947684108e+02
6.880757553e-01 -6.613538280e-02 -7.226187557e-01 2.896244232e+02 -1.265068476e-02 9.945933484e-01 -1.030729423e-01 -7.393062252e+01 7.255285764e-01 8.006361469e-02 6.835189116e-01 7.956220532e+02
6.875906982e-01 -6.210400638e-02 -7.234377127e-01 2.886832451e+02 -1.488878660e-02 9.949200997e-01 -9.956063131e-02 -7.408858471e+01 7.259458353e-01 7.922807372e-02 6.831731527e-01 7.964789993e+02
6.878435035e-01 -5.685963400e-02 -7.236285627e-01 2.877495305e+02 -2.081502453e-02 9.949720276e-01 -9.796631639e-02 -7.421183967e+01 7.255605071e-01 8.244784057e-02 6.832015106e-01 7.973514019e+02
6.858558659e-01 -5.601691891e-02 -7.255782770e-01 2.868395901e+02 -2.116292616e-02 9.950761758e-01 -9.682734548e-02 -7.434812940e+01 7.274296267e-01 8.176496238e-02 6.812933503e-01 7.982534405e+02
6.858090914e-01 -5.478871305e-02 -7.257162579e-01 2.859120971e+02 -2.570019706e-02 9.947171899e-01 -9.938416384e-02 -7.447830134e+01 7.273275672e-01 8.680961394e-02 6.807780115e-01 7.991308512e+02
6.850124563e-01 -5.790562959e-02 -7.262264611e-01 2.850012976e+02 -2.484404791e-02 9.943997453e-01 -1.027225385e-01 -7.464528906e+01 7.281076211e-01 8.840862340e-02 6.797376018e-01 8.000161365e+02
6.848429354e-01 -5.854988410e-02 -7.263346783e-01 2.840695607e+02 -2.403348108e-02 9.944095941e-01 -1.028199926e-01 -7.480123780e+01 7.282942713e-01 8.787189627e-02 6.796072279e-01 8.008890972e+02
6.843195113e-01 -5.925705475e-02 -7.267705332e-01 2.831427413e+02 -2.033254542e-02 9.947543077e-01 -1.002519567e-01 -7.498118825e+01 7.288987543e-01 8.338146490e-02 6.795249350e-01 8.017593961e+02
6.852214616e-01 -5.946373760e-02 -7.259033079e-01 2.821967508e+02 -2.018530994e-02 9.947283251e-01 -1.005391089e-01 -7.514574400e+01 7.280550129e-01 8.354413838e-02 6.804089029e-01 8.026190696e+02
6.853099120e-01 -6.153745368e-02 -7.256469295e-01 2.812945104e+02 -2.292863133e-02 9.941062383e-01 -1.059578450e-01 -7.528379879e+01 7.278905154e-01 8.925205237e-02 6.798598890e-01 8.035216289e+02
6.861260210e-01 -5.902671647e-02 -7.250840848e-01 2.803309357e+02 -2.347120289e-02 9.943878136e-01 -1.031599674e-01 -7.546563364e+01 7.271039719e-01 8.779933364e-02 6.808899258e-01 8.043595384e+02
6.872484184e-01 -5.943140279e-02 -7.239872373e-01 2.793467772e+02 -2.015652474e-02 9.947037282e-01 -1.007879337e-01 -7.560093063e+01 7.261427724e-01 8.385941470e-02 6.824106335e-01 8.051865993e+02
6.860938811e-01 -6.434769580e-02 -7.246616868e-01 2.784186718e+02 -1.519835894e-02 9.945955928e-01 -1.027064588e-01 -7.575364550e+01 7.273542439e-01 8.147994139e-02 6.814079710e-01 8.060614824e+02
6.841701186e-01 -7.048127440e-02 -7.259088364e-01 2.774945652e+02 -1.061263498e-02 9.942519760e-01 -1.065381632e-01 -7.591748588e+01 7.292452405e-01 8.059403327e-02 6.794895003e-01 8.069308519e+02
6.829455551e-01 -7.473342716e-02 -7.266362802e-01 2.765900167e+02 -7.639222132e-03 9.939675777e-01 -1.094079370e-01 -7.602467510e+01 7.304293334e-01 8.027060023e-02 6.782548339e-01 8.078354254e+02
6.812871991e-01 -7.437437444e-02 -7.282281269e-01 2.756874124e+02 -9.758564204e-03 9.938139358e-01 -1.106283480e-01 -7.617336627e+01 7.319511751e-01 8.247613830e-02 6.763469257e-01 8.087187247e+02
6.812128206e-01 -7.500461301e-02 -7.282330678e-01 2.747555628e+02 -1.322413651e-02 9.933147986e-01 -1.146770822e-01 -7.632210911e+01 7.319659932e-01 8.774975213e-02 6.756669044e-01 8.095649526e+02
6.819946303e-01 -7.329472858e-02 -7.276752071e-01 2.738085250e+02 -1.780959270e-02 9.930061494e-01 -1.167116345e-01 -7.649474086e+01 7.311403030e-01 9.255630707e-02 6.759195125e-01 8.103875196e+02
6.811766607e-01 -7.138000941e-02 -7.286310803e-01 2.728952022e+02 -2.030051554e-02 9.930115292e-01 -1.162582986e-01 -7.668095929e+01 7.318375817e-01 9.398402618e-02 6.749672265e-01 8.112527748e+02
6.804373234e-01 -6.892122494e-02 -7.295580263e-01 2.719726615e+02 -2.306984552e-02 9.930592181e-01 -1.153307053e-01 -7.687509322e+01 7.324430566e-01 9.530610735e-02 6.741245543e-01 8.121010457e+02
6.805072649e-01 -6.884260943e-02 -7.295002108e-01 2.710446553e+02 -2.918753954e-02 9.922398145e-01 -1.208645445e-01 -7.702348041e+01 7.321597844e-01 1.035415169e-01 6.732170559e-01 8.129572995e+02
6.814097177e-01 -6.936612553e-02 -7.286076703e-01 2.701040973e+02 -3.604939165e-02 9.911095534e-01 -1.280714427e-01 -7.719920277e+01 7.310138425e-01 1.135349889e-01 6.728510744e-01 8.137741244e+02
6.810256052e-01 -6.965374451e-02 -7.289392848e-01 2.691539290e+02 -3.859877961e-02 9.906670313e-01 -1.307247771e-01 -7.741261651e+01 7.312415875e-01 1.171630873e-01 6.719810650e-01 8.145897876e+02
6.801669956e-01 -6.878348745e-02 -7.298230539e-01 2.682104460e+02 -3.757175987e-02 9.910085754e-01 -1.284148212e-01 -7.763866384e+01 7.320937242e-01 1.147642596e-01 6.714670087e-01 8.154073449e+02
6.792157441e-01 -6.776977959e-02 -7.308031403e-01 2.672516073e+02 -4.082794883e-02 9.906971048e-01 -1.298165058e-01 -7.780881751e+01 7.328021913e-01 1.180106078e-01 6.701301701e-01 8.162134586e+02
6.769779641e-01 -7.045833751e-02 -7.326229991e-01 2.663224677e+02 -3.752328240e-02 9.908086976e-01 -1.299620256e-01 -7.798374048e+01 7.350461478e-01 1.154718472e-01 6.681118268e-01 8.170522480e+02
6.739897581e-01 -6.983991854e-02 -7.354319763e-01 2.654074291e+02 -3.514137330e-02 9.913631146e-01 -1.263497480e-01 -7.816977969e+01 7.379043907e-01 1.110025257e-01 6.657143152e-01 8.179023401e+02
6.729895654e-01 -6.166688384e-02 -7.370768212e-01 2.644581191e+02 -4.380615428e-02 9.914460948e-01 -1.229457681e-01 -7.828428572e+01 7.383536183e-01 1.150297200e-01 6.645314874e-01 8.187359988e+02
6.714164589e-01 -5.476503788e-02 -7.390539421e-01 2.634955640e+02 -4.749936353e-02 9.920349876e-01 -1.166635928e-01 -7.846134111e+01 7.395564544e-01 1.134344482e-01 6.634673140e-01 8.195391246e+02
6.701935663e-01 -5.257438947e-02 -7.403219011e-01 2.625390690e+02 -4.899950675e-02 9.921773418e-01 -1.148179894e-01 -7.861929691e+01 7.405671016e-01 1.132256858e-01 6.623747520e-01 8.203513820e+02
6.693739676e-01 -5.085041989e-02 -7.411833284e-01 2.615936309e+02 -5.049871468e-02 9.922331643e-01 -1.136803741e-01 -7.876125035e+01 7.412073740e-01 1.135234885e-01 6.616071692e-01 8.211745662e+02
6.658959288e-01 -4.956675497e-02 -7.443962311e-01 2.606476569e+02 -4.108435344e-02 9.938399631e-01 -1.029281482e-01 -7.896652304e+01 7.449125371e-01 9.912247273e-02 6.597575672e-01 8.220030995e+02
6.647272179e-01 -4.777024754e-02 -7.455573279e-01 2.596743727e+02 -3.356250825e-02 9.950365848e-01 -9.367898897e-02 -7.911345854e+01 7.463318858e-01 8.729374769e-02 6.598246114e-01 8.228218461e+02
6.631542503e-01 -4.914874648e-02 -7.468673517e-01 2.587339656e+02 -2.981829458e-02 9.953148229e-01 -9.197430377e-02 -7.922499447e+01 7.478885677e-01 8.326346117e-02 6.585817234e-01 8.236870462e+02
6.619450540e-01 -4.999830961e-02 -7.478829551e-01 2.577855528e+02 -2.300818801e-02 9.959472488e-01 -8.694653986e-02 -7.935941880e+01 7.491991516e-01 7.476126366e-02 6.581119849e-01 8.245544250e+02
6.601832371e-01 -5.248709958e-02 -7.492684418e-01 2.568052964e+02 -1.215797784e-02 9.966779645e-01 -8.053085566e-02 -7.951496355e+01 7.510061764e-01 6.227471009e-02 6.573519479e-01 8.253911663e+02
6.586823999e-01 -5.795271667e-02 -7.501859627e-01 2.558691231e+02 -4.808242103e-03 9.966848614e-01 -8.121679538e-02 -7.966115646e+01 7.524057262e-01 5.710314942e-02 6.562201258e-01 8.262698468e+02
6.587361961e-01 -6.791985598e-02 -7.493020199e-01 2.548963783e+02 1.404984439e-03 9.960262732e-01 -8.904880162e-02 -7.980044823e+01 7.523726802e-01 5.760691117e-02 6.562139848e-01 8.271150350e+02
6.605394397e-01 -7.227089431e-02 -7.473048685e-01 2.538936221e+02 2.536814087e-03 9.955654168e-01 -9.403757452e-02 -7.993242010e+01 7.507870625e-01 6.021975326e-02 6.577935604e-01 8.279352448e+02
6.595825834e-01 -7.078265214e-02 -7.482918093e-01 2.529450268e+02 1.982986803e-03 9.957163557e-01 -9.243920622e-02 -8.006446078e+01 7.516294855e-01 5.948743766e-02 6.568975272e-01 8.288340136e+02
6.624208193e-01 -7.204879794e-02 -7.456591908e-01 2.519525164e+02 4.332407612e-03 9.957161072e-01 -9.236159423e-02 -8.020488996e+01 7.491194086e-01 5.795174336e-02 6.598952243e-01 8.296801693e+02
6.646164980e-01 -7.519148417e-02 -7.433916540e-01 2.509605755e+02 5.345744728e-03 9.953766552e-01 -9.589962100e-02 -8.038449016e+01 7.471655329e-01 5.976248826e-02 6.619457013e-01 8.305100094e+02
6.664128909e-01 -7.777453451e-02 -7.415153273e-01 2.499802540e+02 4.794981962e-03 9.949709441e-01 -1.000491312e-01 -8.054931518e+01 7.455674798e-01 6.311847810e-02 6.634343907e-01 8.313564619e+02
6.665468267e-01 -7.486708640e-02 -7.416941736e-01 2.490453319e+02 2.692261667e-03 9.951793692e-01 -9.803455916e-02 -8.068643105e+01 7.454583017e-01 6.334778952e-02 6.635352123e-01 8.322645670e+02
6.677614462e-01 -7.287400481e-02 -7.407995886e-01 2.480717075e+02 4.091191559e-03 9.955405729e-01 -9.424558219e-02 -8.082250184e+01 7.443640998e-01 5.990281324e-02 6.650817542e-01 8.331378611e+02
6.691365692e-01 -7.883608003e-02 -7.389459549e-01 2.471010650e+02 1.032910899e-02 9.952476391e-01 -9.682688903e-02 -8.098943125e+01 7.430676694e-01 5.715775902e-02 6.667708972e-01 8.339930202e+02
6.718265277e-01 -8.383361980e-02 -7.359490750e-01 2.461336773e+02 8.009488694e-03 9.943385906e-01 -1.059557231e-01 -8.112610879e+01 7.406652178e-01 6.528928972e-02 6.686945071e-01 8.348481700e+02
6.756569363e-01 -8.410506296e-02 -7.324029238e-01 2.451510684e+02 4.083047943e-03 9.938827101e-01 -1.103652452e-01 -8.129003261e+01 7.372048787e-01 7.157860717e-02 6.718671519e-01 8.356838077e+02
6.760236012e-01 -9.036632029e-02 -7.313180011e-01 2.442395542e+02 7.250948874e-03 9.932197258e-01 -1.160258590e-01 -8.144815008e+01 7.368442945e-01 7.313346961e-02 6.720952174e-01 8.365955872e+02
6.777267729e-01 -9.148128598e-02 -7.296009838e-01 2.432641199e+02 8.718736278e-03 9.931607499e-01 -1.164289844e-01 -8.163981426e+01 7.352621335e-01 7.254584133e-02 6.738892313e-01 8.374340850e+02
6.782023630e-01 -9.199622807e-02 -7.290941290e-01 2.423478434e+02 1.252051108e-02 9.934357764e-01 -1.137039797e-01 -8.180794084e+01 7.347685293e-01 6.798567661e-02 6.749023308e-01 8.383473524e+02
6.771484865e-01 -9.610802266e-02 -7.295431277e-01 2.413942073e+02 1.969504247e-02 9.934459509e-01 -1.125932856e-01 -8.198936340e+01 7.355827842e-01 6.187399008e-02 6.746032737e-01 8.392242702e+02
6.770489866e-01 -1.058742456e-01 -7.282824410e-01 2.404440448e+02 2.987608827e-02 9.927359710e-01 -1.165448896e-01 -8.218877653e+01 7.353312785e-01 5.714836893e-02 6.752939914e-01 8.400920568e+02
6.771382248e-01 -1.102739003e-01 -7.275462126e-01 2.394869882e+02 2.759976867e-02 9.918178472e-01 -1.246419300e-01 -8.235335060e+01 7.353380701e-01 6.431970802e-02 6.746413105e-01 8.409478991e+02
6.775649961e-01 -1.128347805e-01 -7.267557970e-01 2.385055906e+02 2.967454894e-02 9.915506535e-01 -1.262803338e-01 -8.256437109e+01 7.348639991e-01 6.399698344e-02 6.751883359e-01 8.417763343e+02
6.780660411e-01 -1.095882667e-01 -7.267852886e-01 2.375601579e+02 2.977123327e-02 9.921057379e-01 -1.218190397e-01 -8.276195822e+01 7.343977924e-01 6.096405965e-02 6.759757879e-01 8.426539244e+02
6.757245336e-01 -1.059145566e-01 -7.295056280e-01 2.366467167e+02 3.158092891e-02 9.928749805e-01 -1.148996000e-01 -8.296104044e+01 7.364774264e-01 5.460201324e-02 6.742548632e-01 8.435698081e+02
6.767851115e-01 -1.018725652e-01 -7.290979998e-01 2.356912808e+02 2.882103037e-02 9.932864481e-01 -1.120329424e-01 -8.313034129e+01 7.356162458e-01 5.480887183e-02 6.751775518e-01 8.444333440e+02
6.785318907e-01 -1.020625166e-01 -7.274460227e-01 2.346939500e+02 2.689862618e-02 9.930886274e-01 -1.142429077e-01 -8.329395050e+01 7.340782909e-01 5.795015750e-02 6.765876455e-01 8.452511320e+02
6.790630138e-01 -1.044548498e-01 -7.266103548e-01 2.337386665e+02 2.396419235e-02 9.924513137e-01 -1.202751319e-01 -8.344193542e+01 7.336887220e-01 6.426176327e-02 6.764401563e-01 8.461176379e+02
6.806954192e-01 -1.021248217e-01 -7.254131699e-01 2.327893969e+02 1.862195851e-02 9.923274063e-01 -1.222274164e-01 -8.360570145e+01 7.323298225e-01 6.969102848e-02 6.773744840e-01 8.469885306e+02
6.862682575e-01 -9.932299739e-02 -7.205350935e-01 2.318036507e+02 1.758812688e-02 9.926089338e-01 -1.200756523e-01 -8.378604480e+01 7.271358447e-01 6.973124602e-02 6.829429088e-01 8.478274023e+02
6.903915839e-01 -9.718222905e-02 -7.168787033e-01 2.308294940e+02 1.425434055e-02 9.925710804e-01 -1.208282419e-01 -8.393443638e+01 7.232954269e-01 7.320016811e-02 6.866479890e-01 8.486861647e+02
6.947576203e-01 -9.871931751e-02 -7.124369062e-01 2.298777278e+02 1.305630793e-02 9.921036534e-01 -1.247392230e-01 -8.406802066e+01 7.191254284e-01 7.736173012e-02 6.905604832e-01 8.495743067e+02
6.964654739e-01 -1.040093500e-01 -7.100126046e-01 2.289574576e+02 2.132671598e-02 9.920031561e-01 -1.243981890e-01 -8.427318270e+01 7.172733195e-01 7.149680647e-02 6.931141261e-01 8.504810463e+02
6.976397639e-01 -1.087299682e-01 -7.081500927e-01 2.280621766e+02 2.764616698e-02 9.917663467e-01 -1.250408054e-01 -8.445168670e+01 7.159151131e-01 6.765580228e-02 6.949016069e-01 8.514191993e+02
6.993199247e-01 -1.102187364e-01 -7.062602021e-01 2.272232429e+02 3.061674356e-02 9.917525621e-01 -1.244567019e-01 -8.458708622e+01 7.141528254e-01 6.541166387e-02 6.969268658e-01 8.524191889e+02
7.065603139e-01 -1.083281373e-01 -6.993121889e-01 2.262627592e+02 3.055167367e-02 9.919619065e-01 -1.227932057e-01 -8.480396461e+01 7.069930113e-01 6.539564820e-02 7.041905219e-01 8.532899468e+02
7.123877623e-01 -1.108312641e-01 -6.929791534e-01 2.253623198e+02 3.369765319e-02 9.917138952e-01 -1.239678112e-01 -8.499549007e+01 7.009765647e-01 6.496138043e-02 7.102195961e-01 8.542210190e+02
7.175643186e-01 -1.099554438e-01 -6.877581327e-01 2.245028835e+02 3.285383094e-02 9.917042349e-01 -1.242712204e-01 -8.517111368e+01 6.957169500e-01 6.657710418e-02 7.152240311e-01 8.551987360e+02
7.258806356e-01 -1.081846788e-01 -6.792594337e-01 2.235732960e+02 3.359357888e-02 9.919506878e-01 -1.220872821e-01 -8.531446207e+01 6.869998358e-01 6.580203858e-02 7.236721062e-01 8.561171958e+02
7.324292821e-01 -1.067618475e-01 -6.724204448e-01 2.227044458e+02 3.621483269e-02 9.923399775e-01 -1.181095043e-01 -8.550346279e+01 6.798792780e-01 6.215526556e-02 7.306852197e-01 8.570893851e+02
7.408593381e-01 -1.094988006e-01 -6.626744705e-01 2.218213457e+02 3.747164227e-02 9.918232531e-01 -1.219938961e-01 -8.565448819e+01 6.706141344e-01 6.554881643e-02 7.389046186e-01 8.580426131e+02
7.484519678e-01 -1.120428571e-01 -6.536559111e-01 2.209517094e+02 3.955492897e-02 9.914124939e-01 -1.246461978e-01 -8.580648776e+01 6.620083531e-01 6.743637887e-02 7.464564792e-01 8.590200704e+02
7.565385556e-01 -1.119043912e-01 -6.443033611e-01 2.200808415e+02 4.198503675e-02 9.915289678e-01 -1.229128253e-01 -8.596588559e+01 6.525999315e-01 6.593719102e-02 7.548282032e-01 8.600055374e+02
7.637729696e-01 -1.122418852e-01 -6.356513275e-01 2.192229822e+02 4.457246247e-02 9.915858065e-01 -1.215355257e-01 -8.616449936e+01 6.439442107e-01 6.449300440e-02 7.623493332e-01 8.609938673e+02
7.720555501e-01 -1.171623495e-01 -6.246624780e-01 2.183677616e+02 4.563861620e-02 9.905442373e-01 -1.293801790e-01 -8.636479935e+01 6.339143036e-01 7.137995417e-02 7.701023035e-01 8.619792087e+02
7.795239492e-01 -1.218459902e-01 -6.144070046e-01 2.175571127e+02 4.515702068e-02 9.892769316e-01 -1.388956304e-01 -8.656229818e+01 6.247425518e-01 8.052768055e-02 7.766672625e-01 8.630026093e+02
7.903089839e-01 -1.232687276e-01 -6.001804151e-01 2.166713209e+02 4.763320694e-02 9.889492797e-01 -1.403937314e-01 -8.674475412e+01 6.108541459e-01 8.236590933e-02 7.874471852e-01 8.639891318e+02
8.002935719e-01 -1.254290877e-01 -5.863426837e-01 2.158381892e+02 5.506288038e-02 9.891175756e-01 -1.364349691e-01 -8.695603360e+01 5.970747675e-01 7.690231172e-02 7.984909244e-01 8.650161737e+02
8.084805311e-01 -1.299118244e-01 -5.740053560e-01 2.150441142e+02 6.069360898e-02 9.885366876e-01 -1.382443604e-01 -8.715254238e+01 5.853849303e-01 7.692941731e-02 8.070974837e-01 8.660657992e+02
8.166698744e-01 -1.323345366e-01 -5.617275912e-01 2.142576942e+02 6.741745098e-02 9.885662895e-01 -1.348761602e-01 -8.734863799e+01 5.731537347e-01 7.227905447e-02 8.162539646e-01 8.671262149e+02
8.234047563e-01 -1.219032081e-01 -5.542059321e-01 2.135091444e+02 6.340890281e-02 9.903019329e-01 -1.236179306e-01 -8.754768468e+01 5.639006281e-01 6.664600191e-02 8.231490704e-01 8.682289030e+02
8.302150692e-01 -1.141279400e-01 -5.456351824e-01 2.127793756e+02 5.945372997e-02 9.913629351e-01 -1.168964705e-01 -8.771790982e+01 5.542636493e-01 6.460916455e-02 8.298297795e-01 8.693452092e+02
8.360986430e-01 -1.135683108e-01 -5.366947904e-01 2.120595714e+02 5.730797290e-02 9.910653171e-01 -1.204380902e-01 -8.790668790e+01 5.455775431e-01 6.994123329e-02 8.351367364e-01 8.704499554e+02
8.393256120e-01 -1.196726595e-01 -5.302932883e-01 2.113693835e+02 6.080087541e-02 9.900136356e-01 -1.271859069e-01 -8.808685876e+01 5.402182620e-01 7.450809300e-02 8.382200030e-01 8.715722756e+02
8.400205508e-01 -1.296861847e-01 -5.268272655e-01 2.107167949e+02 7.378343556e-02 9.892974618e-01 -1.258830276e-01 -8.829715853e+01 5.375141662e-01 6.687320455e-02 8.405988911e-01 8.727246084e+02
8.412546120e-01 -1.290211795e-01 -5.250182977e-01 2.100165543e+02 7.641490435e-02 9.897336623e-01 -1.207809595e-01 -8.848143594e+01 5.352115844e-01 6.148831626e-02 8.424771492e-01 8.738627039e+02
8.407550609e-01 -1.310337289e-01 -5.253199877e-01 2.093439323e+02 8.268305883e-02 9.899646283e-01 -1.146016865e-01 -8.867692307e+01 5.350648927e-01 5.291688449e-02 8.431520408e-01 8.750148441e+02
8.423474885e-01 -1.222419501e-01 -5.248881921e-01 2.086434052e+02 7.702970930e-02 9.912453005e-01 -1.072342211e-01 -8.885316852e+01 5.334014740e-01 4.989649196e-02 8.443892513e-01 8.761546160e+02
8.442714533e-01 -1.174255121e-01 -5.228928784e-01 2.079245057e+02 7.373444209e-02 9.918726801e-01 -1.036909758e-01 -8.901193676e+01 5.308191267e-01 4.898811621e-02 8.460680937e-01 8.772839467e+02
8.453173194e-01 -1.170497391e-01 -5.212849394e-01 2.072072039e+02 7.271594294e-02 9.918323241e-01 -1.047904221e-01 -8.916102082e+01 5.292929445e-01 5.067543280e-02 8.469244237e-01 8.784141839e+02
8.465016304e-01 -1.148827241e-01 -5.198431970e-01 2.064929262e+02 6.967490148e-02 9.919478719e-01 -1.057583446e-01 -8.930191704e+01 5.278071597e-01 5.330458762e-02 8.476899333e-01 8.795474022e+02
8.440297759e-01 -1.253508531e-01 -5.214411770e-01 2.058026700e+02 8.118597368e-02 9.909595475e-01 -1.068082996e-01 -8.948296749e+01 5.301156243e-01 4.781567554e-02 8.465760959e-01 8.806906870e+02
8.391970513e-01 -1.442254822e-01 -5.243541928e-01 2.051632205e+02 1.012179391e-01 9.887675849e-01 -1.099708679e-01 -8.969251033e+01 5.343250303e-01 3.921317734e-02 8.443690477e-01 8.818517711e+02
8.384125024e-01 -1.435489333e-01 -5.257929056e-01 2.044456038e+02 9.757473193e-02 9.886401577e-01 -1.143232711e-01 -8.983327907e+01 5.362309647e-01 4.454595801e-02 8.428950172e-01 8.829841573e+02
8.370661348e-01 -1.444550797e-01 -5.276864750e-01 2.037208370e+02 9.864452714e-02 9.885552329e-01 -1.141394270e-01 -9.001468442e+01 5.381352462e-01 4.348886619e-02 8.417358108e-01 8.841133981e+02
8.365631181e-01 -1.415796046e-01 -5.292611501e-01 2.029900711e+02 9.399016031e-02 9.887986050e-01 -1.159446785e-01 -9.017346886e+01 5.397480887e-01 4.724970146e-02 8.404995339e-01 8.852424619e+02
8.308902179e-01 -1.516087507e-01 -5.353841915e-01 2.023564079e+02 1.054066330e-01 9.876299304e-01 -1.160885971e-01 -9.037301845e+01 5.463614989e-01 4.002383473e-02 8.365926160e-01 8.864202139e+02
8.321616200e-01 -1.434924449e-01 -5.356462979e-01 2.016055547e+02 9.633743631e-02 9.886617467e-01 -1.151826763e-01 -9.051887794e+01 5.461008483e-01 4.424781142e-02 8.365500551e-01 8.875232488e+02
8.301771042e-01 -1.466622864e-01 -5.378625748e-01 2.008902493e+02 1.003756924e-01 9.883314735e-01 -1.145670936e-01 -9.072402806e+01 5.483891830e-01 4.112264965e-02 8.352114892e-01 8.886436451e+02
8.268362544e-01 -1.539847452e-01 -5.409533313e-01 2.001983170e+02 1.072865154e-01 9.873130663e-01 -1.170577325e-01 -9.088480144e+01 5.521153973e-01 3.875057915e-02 8.328667244e-01 8.897820698e+02
8.242393187e-01 -1.596094612e-01 -5.432811109e-01 1.994854168e+02 1.120279618e-01 9.864517540e-01 -1.198443692e-01 -9.105267906e+01 5.550489000e-01 3.791776563e-02 8.309530442e-01 8.909087293e+02
8.235752132e-01 -1.623772190e-01 -5.434680367e-01 1.987257422e+02 1.114586158e-01 9.857960759e-01 -1.256307040e-01 -9.120672701e+01 5.561482223e-01 4.289213872e-02 8.299755534e-01 8.920057725e+02
8.213782716e-01 -1.687569783e-01 -5.448475174e-01 1.980203173e+02 1.169331369e-01 9.847613199e-01 -1.287314425e-01 -9.139827527e+01 5.582690897e-01 4.202648044e-02 8.285948337e-01 8.931406171e+02
8.192367394e-01 -1.745935799e-01 -5.462309463e-01 1.972827269e+02 1.257831378e-01 9.840387725e-01 -1.258820739e-01 -9.163073189e+01 5.594906318e-01 3.442057743e-02 8.281216437e-01 8.942462016e+02
8.223325669e-01 -1.600132567e-01 -5.460447849e-01 1.965348435e+02 1.100972688e-01 9.862546852e-01 -1.232083089e-01 -9.177260435e+01 5.582541902e-01 4.120016549e-02 8.286463694e-01 8.953577433e+02
8.246227861e-01 -1.507463486e-01 -5.452272912e-01 1.957951536e+02 1.024247747e-01 9.876967440e-01 -1.181706705e-01 -9.193447870e+01 5.563330173e-01 4.160144510e-02 8.299174017e-01 8.964772404e+02
8.247930097e-01 -1.584691721e-01 -5.427743662e-01 1.950400255e+02 1.123667414e-01 9.867152500e-01 -1.173317126e-01 -9.216081850e+01 5.541572038e-01 3.578458952e-02 8.316425053e-01 8.975692405e+02
8.277798853e-01 -1.568327764e-01 -5.386872393e-01 1.943297599e+02 1.063213031e-01 9.865880126e-01 -1.238542447e-01 -9.231602851e+01 5.508867779e-01 4.525012325e-02 8.333523770e-01 8.986819625e+02
8.234176089e-01 -1.743662293e-01 -5.399813510e-01 1.936872339e+02 1.214314961e-01 9.837187475e-01 -1.324832726e-01 -9.253939194e+01 5.542903869e-01 4.351831621e-02 8.311848910e-01 8.998187669e+02
8.260341523e-01 -1.709823812e-01 -5.370592189e-01 1.929635212e+02 1.178218423e-01 9.842062420e-01 -1.321214844e-01 -9.268816243e+01 5.511674815e-01 4.585955175e-02 8.331334280e-01 9.009331900e+02
8.249787209e-01 -1.775106579e-01 -5.365632083e-01 1.922633369e+02 1.302048197e-01 9.835512722e-01 -1.251942488e-01 -9.288084728e+01 5.499607396e-01 3.341947544e-02 8.345216136e-01 9.020587189e+02
8.252988299e-01 -1.793408900e-01 -5.354611906e-01 1.915469976e+02 1.329291735e-01 9.832816890e-01 -1.244465949e-01 -9.305736784e+01 5.488275469e-01 3.152721569e-02 8.353408636e-01 9.031839437e+02
