1.000000000e+00 0.000000000e+00 0.000000000e+00 0.000000000e+00 0.000000000e+00 1.000000000e+00 0.000000000e+00 0.000000000e+00 0.000000000e+00 0.000000000e+00 1.000000000e+00 0.000000000e+00
9.990502130e-01 -1.315494556e-03 4.355389071e-02 4.563386965e-02 1.461260198e-03 9.999934373e-01 -3.315120339e-03 -1.158451560e-02 -4.354924386e-02 3.375615248e-03 9.990455788e-01 1.033213773e+00
9.960323991e-01 -5.196085359e-03 8.883952224e-02 1.285002037e-01 5.943778407e-03 9.999490927e-01 -8.153747431e-03 -3.248492573e-02 -8.879263209e-02 8.649439049e-03 9.960125781e-01 2.073937572e+00
9.908789348e-01 -4.361126977e-03 1.346845094e-01 2.576134386e-01 6.056123606e-03 9.999075079e-01 -1.217780507e-02 -5.611679757e-02 -1.346189432e-01 1.288239655e-02 9.908136979e-01 3.115335971e+00
9.835977329e-01 -2.707963603e-03 1.803556677e-01 4.280568865e-01 5.507353670e-03 9.998719877e-01 -1.502255886e-02 -7.245554617e-02 -1.802918994e-01 1.576943729e-02 9.834867340e-01 4.145490726e+00
9.740756611e-01 -4.576918044e-03 2.261761666e-01 6.697204798e-01 8.161979736e-03 9.998554050e-01 -1.491814815e-02 -1.007260469e-01 -2.260751835e-01 1.637745031e-02 9.739721713e-01 5.215173976e+00
9.625596621e-01 -5.855823728e-03 2.710066536e-01 9.827105337e-01 1.074899046e-02 9.998048496e-01 -1.657473571e-02 -1.191959050e-01 -2.708567079e-01 1.886721994e-02 9.624347624e-01 6.289985035e+00
9.492108793e-01 -8.877412625e-03 3.145153384e-01 1.320291051e+00 1.570420425e-02 9.996927353e-01 -1.917844975e-02 -1.495812330e-01 -3.142484440e-01 2.314360627e-02 9.490586330e-01 7.285063854e+00
9.341189217e-01 -1.079934880e-02 3.567985624e-01 1.699166534e+00 1.962160772e-02 9.995844734e-01 -2.111570633e-02 -1.732101372e-01 -3.564222672e-01 2.672554226e-02 9.339426711e-01 8.279656843e+00
9.168831190e-01 -1.084256445e-02 3.990085023e-01 2.101940163e+00 2.131103712e-02 9.995349828e-01 -2.180957965e-02 -2.058541407e-01 -3.985864848e-01 2.850012041e-02 9.166878189e-01 9.210673241e+00
8.975234177e-01 -1.181886009e-02 4.408083815e-01 2.573085629e+00 2.310366313e-02 9.995281320e-01 -2.024189176e-02 -2.540769059e-01 -4.403611420e-01 2.835186022e-02 8.973729641e-01 1.014692109e+01
8.755265607e-01 -1.211443392e-02 4.830180969e-01 3.038986804e+00 2.441824555e-02 9.995175859e-01 -1.919230947e-02 -2.943599007e-01 -4.825525782e-01 2.859783120e-02 8.754000076e-01 1.105719102e+01
8.514823436e-01 -1.147239793e-02 5.242577635e-01 3.582533718e+00 2.450951738e-02 9.995387117e-01 -1.793452784e-02 -3.207072296e-01 -5.238101775e-01 2.812023857e-02 8.513707477e-01 1.197059166e+01
8.257664773e-01 -1.131906695e-02 5.638985757e-01 4.164849290e+00 2.581067757e-02 9.995095400e-01 -1.773382188e-02 -3.522851466e-01 -5.634212757e-01 2.919859994e-02 8.256536247e-01 1.283478993e+01
7.986332574e-01 -1.281790202e-02 6.016814951e-01 4.802916093e+00 2.903963991e-02 9.994293359e-01 -1.725403722e-02 -3.815301083e-01 -6.011169765e-01 3.125226191e-02 7.985497334e-01 1.365676333e+01
7.697966658e-01 -1.083224900e-02 6.381972703e-01 5.447856855e+00 2.883393762e-02 9.994254286e-01 -1.781619018e-02 -4.122148722e-01 -6.376375910e-01 3.211658408e-02 7.696666990e-01 1.444810272e+01
7.389090335e-01 -1.265133686e-02 6.736864136e-01 6.133216420e+00 3.231160110e-02 9.993387674e-01 -1.667298364e-02 -4.359406341e-01 -6.730300147e-01 3.408770489e-02 7.388292277e-01 1.520495122e+01
7.068625215e-01 -1.100389629e-02 7.072653603e-01 6.859318217e+00 3.210575204e-02 9.993476242e-01 -1.653924521e-02 -4.594470880e-01 -7.066219614e-01 3.439825886e-02 7.067546699e-01 1.593830954e+01
6.725942594e-01 -8.667162053e-03 7.399607034e-01 7.628588445e+00 3.245320697e-02 9.993148526e-01 -1.779367050e-02 -4.848228574e-01 -7.392995006e-01 3.598201849e-02 6.724147104e-01 1.664920499e+01
6.375300321e-01 -1.009325032e-02 7.703593866e-01 8.434323704e+00 3.777117236e-02 9.991212454e-01 -1.816798255e-02 -5.121973126e-01 -7.694990557e-01 4.068001167e-02 6.373510335e-01 1.729027698e+01
6.004576322e-01 -7.639883786e-03 7.996200748e-01 9.220971616e+00 3.702146381e-02 9.991477340e-01 -1.825422897e-02 -5.418440572e-01 -7.987991256e-01 4.056399677e-02 6.002287223e-01 1.789174173e+01
5.631453581e-01 -7.378099426e-03 8.263249175e-01 1.005308558e+01 4.127155307e-02 9.989633328e-01 -1.920725419e-02 -5.715355591e-01 -8.253265806e-01 4.492018872e-02 5.628660694e-01 1.844924190e+01
5.244019159e-01 -5.754538892e-03 8.514514172e-01 1.090149984e+01 4.610778321e-02 9.987018828e-01 -2.164767203e-02 -6.066426982e-01 -8.502215611e-01 5.061061804e-02 5.239865098e-01 1.896284754e+01
4.851059422e-01 -4.194055915e-03 8.744453297e-01 1.179900485e+01 4.708865005e-02 9.986628873e-01 -2.133299284e-02 -6.350015428e-01 -8.731866260e-01 5.152521171e-02 4.846547933e-01 1.947507195e+01
4.462630484e-01 -5.913444769e-03 8.948822955e-01 1.270405015e+01 5.198491402e-02 9.984608504e-01 -1.932612054e-02 -6.664462470e-01 -8.933906538e-01 5.514491266e-02 4.458835927e-01 1.992561302e+01
4.089324514e-01 -7.755049311e-03 9.125317032e-01 1.361326770e+01 5.734154788e-02 9.982062158e-01 -1.721329929e-02 -7.075492582e-01 -9.107613283e-01 5.936505703e-02 4.086436014e-01 2.032518678e+01
3.741689925e-01 -5.368524384e-03 9.273449973e-01 1.460144965e+01 5.948726231e-02 9.980626946e-01 -1.822424787e-02 -7.269650808e-01 -9.254506095e-01 6.198416357e-02 3.737634718e-01 2.072301780e+01
3.410853880e-01 -5.594036047e-03 9.400156726e-01 1.563362594e+01 6.057184276e-02 9.980349668e-01 -1.603922929e-02 -7.276090281e-01 -9.380787866e-01 6.240922826e-02 3.407539850e-01 2.111162034e+01
3.088071171e-01 -7.622606172e-03 9.510941385e-01 1.660876291e+01 6.390820077e-02 9.978742975e-01 -1.275258039e-02 -7.550442852e-01 -9.489751874e-01 6.472080274e-02 3.086378321e-01 2.140411093e+01
2.762310714e-01 -6.998654671e-03 9.610657699e-01 1.768865986e+01 6.511783948e-02 9.978118880e-01 -1.145002775e-02 -7.553988867e-01 -9.588827155e-01 6.574537997e-02 2.760823842e-01 2.173521363e+01
2.451746606e-01 -4.213926896e-03 9.694697667e-01 1.870136485e+01 6.293646523e-02 9.979503678e-01 -1.157863504e-02 -7.761721220e-01 -9.674339187e-01 6.385378818e-02 2.449373524e-01 2.197790815e+01
2.143000187e-01 -2.044909332e-03 9.767657449e-01 1.988379905e+01 6.237349356e-02 9.979855196e-01 -1.159525812e-02 -7.799760786e-01 -9.747743581e-01 6.340915593e-02 2.139958637e-01 2.226334470e+01
1.840096720e-01 -1.323174284e-03 9.829235422e-01 2.100832441e+01 6.475679912e-02 9.978428516e-01 -1.077963536e-02 -7.808990273e-01 -9.807889669e-01 6.563453954e-02 1.836984204e-01 2.248149732e+01
1.533186146e-01 -5.648490879e-04 9.881766458e-01 2.214448224e+01 6.645097984e-02 9.977421533e-01 -9.739754994e-03 -7.730801153e-01 -9.859399930e-01 6.715859211e-02 1.530099794e-01 2.267488998e+01
1.234379657e-01 -8.614386946e-04 9.923519167e-01 2.327263356e+01 6.500695589e-02 9.978586914e-01 -7.219951089e-03 -7.835265390e-01 -9.902207654e-01 6.540099335e-02 1.232296464e-01 2.281513236e+01
9.423343471e-02 -9.803005114e-04 9.955496466e-01 2.445360719e+01 6.570982917e-02 9.978250298e-01 -5.237201909e-03 -7.870434768e-01 -9.933792217e-01 6.591091673e-02 9.409289518e-02 2.294156692e+01
6.772895111e-02 -5.801636450e-04 9.977035895e-01 2.559637770e+01 6.890226586e-02 9.976150008e-01 -4.097307340e-03 -7.962132513e-01 -9.953216902e-01 6.902154430e-02 6.760739221e-02 2.301080749e+01
4.446266446e-02 1.876406974e-04 9.990110291e-01 2.672713179e+01 7.339208936e-02 9.972971838e-01 -3.453757048e-03 -7.984761931e-01 -9.963115340e-01 7.347306996e-02 4.432871871e-02 2.302072276e+01
2.170424894e-02 8.202066187e-04 9.997640986e-01 2.796450013e+01 7.729335039e-02 9.970052699e-01 -2.495933234e-03 -7.952260806e-01 -9.967721222e-01 7.732928913e-02 2.157585405e-02 2.306183290e+01
2.373338949e-03 1.032473622e-03 9.999966506e-01 2.924136576e+01 8.328148632e-02 9.965253081e-01 -1.226545398e-03 -7.979667521e-01 -9.965232367e-01 8.328411839e-02 2.279106390e-03 2.302607215e+01
-1.436170801e-02 1.517891041e-03 9.998957132e-01 3.053919391e+01 8.718673777e-02 9.961919520e-01 -2.599874824e-04 -7.629313340e-01 -9.960884570e-01 8.717391148e-02 -1.443935790e-02 2.295429071e+01
-2.936171851e-02 1.771360937e-03 9.995672823e-01 3.181361194e+01 9.037299119e-02 9.959075915e-01 8.897795468e-04 -7.581690853e-01 -9.954750685e-01 9.036001065e-02 -2.940164155e-02 2.288997776e+01
-4.352872281e-02 1.884333983e-03 9.990503989e-01 3.306857311e+01 9.333017786e-02 9.956328080e-01 2.188516925e-03 -7.487330857e-01 -9.946832301e-01 9.333681476e-02 -4.351448974e-02 2.282840153e+01
-5.649467518e-02 1.467654897e-03 9.984018217e-01 3.433775168e+01 9.367533034e-02 9.955954043e-01 3.837099257e-03 -7.357447068e-01 -9.939986339e-01 9.374239614e-02 -5.638332204e-02 2.275922189e+01
-6.807326957e-02 1.520401776e-03 9.976791660e-01 3.559831393e+01 9.359398378e-02 9.955985439e-01 4.868838460e-03 -7.413834810e-01 -9.932805224e-01 9.370820543e-02 -6.791594853e-02 2.265743107e+01
-7.919235907e-02 4.632617857e-03 9.968485889e-01 3.683482275e+01 9.343995275e-02 9.956209904e-01 2.796210721e-03 -7.338630215e-01 -9.924704255e-01 9.336692357e-02 -7.927844656e-02 2.255557628e+01
-8.903526600e-02 8.783626783e-03 9.959897436e-01 3.808465872e+01 9.443600620e-02 9.955308769e-01 -3.375905663e-04 -7.221670044e-01 -9.915415080e-01 9.402723613e-02 -8.946684707e-02 2.244703888e+01
-9.737941336e-02 1.136701736e-02 9.951824158e-01 3.935268595e+01 9.583602772e-02 9.953951419e-01 -1.991813432e-03 -7.232402027e-01 -9.906223830e-01 9.518036797e-02 -9.802036477e-02 2.230039982e+01
-1.038083282e-01 1.263300591e-02 9.945170879e-01 4.061507868e+01 9.573326410e-02 9.954034917e-01 -2.651566398e-03 -7.232169138e-01 -9.899792791e-01 9.493311236e-02 -1.045405713e-01 2.215075137e+01
-1.095353748e-01 1.391808452e-02 9.938854504e-01 4.195090285e+01 9.557316867e-02 9.954165788e-01 -3.406478300e-03 -7.139120784e-01 -9.893774664e-01 9.461565191e-02 -1.103635235e-01 2.201247282e+01
-1.151983141e-01 1.582173733e-02 9.932165026e-01 4.327602043e+01 9.626460380e-02 9.953447274e-01 -4.690379952e-03 -7.142506856e-01 -9.886670190e-01 9.507126925e-02 -1.161851078e-01 2.186572719e+01
-1.190365183e-01 1.793411339e-02 9.927278957e-01 4.457450128e+01 9.609623857e-02 9.953510926e-01 -6.458746374e-03 -7.198864647e-01 -9.882286275e-01 9.462859002e-02 -1.202065294e-01 2.170878701e+01
-1.232315335e-01 1.903543807e-02 9.921953645e-01 4.593880581e+01 9.698426749e-02 9.952609544e-01 -7.048720948e-03 -7.358207464e-01 -9.876274809e-01 9.535871594e-02 -1.244936717e-01 2.153511080e+01
-1.251022223e-01 1.806192134e-02 9.919794358e-01 4.734806402e+01 9.681172281e-02 9.952851495e-01 -5.912824606e-03 -7.441944142e-01 -9.874091980e-01 9.529553067e-02 -1.262609897e-01 2.132491313e+01
-1.269086582e-01 1.647254078e-02 9.917776202e-01 4.877922586e+01 9.699338666e-02 9.952765014e-01 -4.119302671e-03 -7.406746075e-01 -9.871608154e-01 9.567309502e-02 -1.279069329e-01 2.112007201e+01
-1.286671439e-01 1.559156935e-02 9.915652621e-01 5.023081326e+01 9.713716100e-02 9.952663460e-01 -3.045087696e-03 -7.416396851e-01 -9.869190129e-01 9.592603178e-02 -1.295725989e-01 2.091482912e+01
-1.299803152e-01 1.658996033e-02 9.913777741e-01 5.169270832e+01 1.003551339e-01 9.949455527e-01 -3.492024344e-03 -7.485753178e-01 -9.864248399e-01 9.903595480e-02 -1.309882242e-01 2.070244756e+01
-1.304335033e-01 1.647973428e-02 9.913200894e-01 5.315764625e+01 1.005435397e-01 9.949271513e-01 -3.310624893e-03 -7.575935622e-01 -9.863458308e-01 9.923901435e-02 -1.314287647e-01 2.050009768e+01
-1.307073825e-01 1.796756196e-02 9.912581636e-01 5.466000161e+01 1.025582714e-01 9.947167882e-01 -4.506910993e-03 -7.622252771e-01 -9.861021150e-01 1.010726372e-01 -1.318595498e-01 2.028819406e+01
-1.301095621e-01 1.847171862e-02 9.913275430e-01 5.620403250e+01 1.028874951e-01 9.946802793e-01 -5.030433520e-03 -7.647741755e-01 -9.861468781e-01 1.013407002e-01 -1.313179245e-01 2.005953034e+01
-1.298443980e-01 2.013275428e-02 9.913299675e-01 5.771385806e+01 1.020682690e-01 9.947539260e-01 -6.833389129e-03 -7.636963169e-01 -9.862669521e-01 1.002960565e-01 -1.312181400e-01 1.988851736e+01
-1.283671488e-01 2.067349082e-02 9.915112112e-01 5.923203641e+01 1.027640830e-01 9.946779696e-01 -7.435048083e-03 -7.618883546e-01 -9.863880668e-01 1.009373245e-01 -1.298084673e-01 1.968232909e+01
-1.267593732e-01 2.013415068e-02 9.917291350e-01 6.074873560e+01 1.020707582e-01 9.947514511e-01 -7.149180182e-03 -7.684531588e-01 -9.866679389e-01 1.003203191e-01 -1.281491784e-01 1.948436240e+01
-1.254959089e-01 2.111649958e-02 9.918693817e-01 6.232783391e+01 1.027986029e-01 9.946686412e-01 -8.169539241e-03 -7.768625059e-01 -9.867538822e-01 1.009375429e-01 -1.269975918e-01 1.929007753e+01
-1.237438839e-01 2.220682535e-02 9.920656773e-01 6.391771599e+01 1.031523714e-01 9.946211721e-01 -9.397466106e-03 -7.817957417e-01 -9.869382146e-01 1.011710483e-01 -1.253689735e-01 1.907825281e+01
-1.226440621e-01 2.251903685e-02 9.921952061e-01 6.551136970e+01 1.047651119e-01 9.944504616e-01 -9.620332406e-03 -8.088833499e-01 -9.869056213e-01 1.027675652e-01 -1.243226536e-01 1.886812314e+01
-1.209612013e-01 2.227370803e-02 9.924073104e-01 6.714841465e+01 1.053787918e-01 9.943870252e-01 -9.473873207e-03 -8.366180642e-01 -9.870479715e-01 1.034327123e-01 -1.226294255e-01 1.864791809e+01
-1.203362651e-01 2.072824368e-02 9.925167622e-01 6.884533395e+01 1.066664139e-01 9.942640163e-01 -7.832118564e-03 -8.479218388e-01 -9.869860483e-01 1.049257158e-01 -1.218570256e-01 1.844886671e+01
-1.192538371e-01 1.917066841e-02 9.926787032e-01 7.051740718e+01 1.089251837e-01 9.940311651e-01 -6.111237927e-03 -8.656573629e-01 -9.868707244e-01 1.073989215e-01 -1.206301992e-01 1.823901022e+01
-1.179615668e-01 1.996432948e-02 9.928174527e-01 7.215921410e+01 1.105795626e-01 9.938436931e-01 -6.846459513e-03 -8.963721850e-01 -9.868420487e-01 1.089777005e-01 -1.194430060e-01 1.801321294e+01
-1.162061051e-01 2.220111812e-02 9.929769642e-01 7.385978255e+01 1.131358530e-01 9.935390042e-01 -8.973622029e-03 -9.059142944e-01 -9.867605687e-01 1.112985062e-01 -1.179670404e-01 1.779729048e+01
-1.150292732e-01 2.175858555e-02 9.931237739e-01 7.562980367e+01 1.121956912e-01 9.936473860e-01 -8.774911112e-03 -9.293700236e-01 -9.870057716e-01 1.104148366e-01 -1.167397562e-01 1.755180071e+01
-1.137427268e-01 2.156388558e-02 9.932761907e-01 7.731023647e+01 1.132855528e-01 9.935252795e-01 -8.596660061e-03 -9.535895774e-01 -9.870303823e-01 1.115460348e-01 -1.154491512e-01 1.732185298e+01
-1.138929497e-01 2.087096625e-02 9.932737784e-01 7.898434622e+01 1.142449499e-01 9.934221922e-01 -7.774278231e-03 -9.857429462e-01 -9.869024711e-01 1.125910776e-01 -1.155281862e-01 1.716205756e+01
-1.149433268e-01 2.112015529e-02 9.931475070e-01 8.075500626e+01 1.159113736e-01 9.932296611e-01 -7.706736141e-03 -1.014472471e+00 -9.865863293e-01 1.142312538e-01 -1.166131877e-01 1.703709938e+01
-1.147327183e-01 2.080471146e-02 9.931785174e-01 8.254882161e+01 1.176267617e-01 9.930316778e-01 -7.213304854e-03 -1.043190634e+00 -9.864078002e-01 1.159967707e-01 -1.163804145e-01 1.682635693e+01
-1.141882381e-01 2.203589336e-02 9.932147128e-01 8.435769176e+01 1.187251896e-01 9.928917968e-01 -8.379092075e-03 -1.067742162e+00 -9.863393816e-01 1.169628113e-01 -1.159927806e-01 1.659881588e+01
-1.133999073e-01 2.164453371e-02 9.933136338e-01 8.615121734e+01 1.201077685e-01 9.927292677e-01 -7.919907690e-03 -1.149338711e+00 -9.862629391e-01 1.184065672e-01 -1.151750836e-01 1.633689997e+01
-1.153554166e-01 2.237089302e-02 9.930723393e-01 8.792181838e+01 1.196355734e-01 9.927817644e-01 -8.467462945e-03 -1.178158599e+00 -9.860935338e-01 1.178300110e-01 -1.171991087e-01 1.616571757e+01
-1.161834877e-01 2.316232466e-02 9.929576546e-01 8.973256578e+01 1.195277673e-01 9.927884839e-01 -9.172733866e-03 -1.201594290e+00 -9.860093864e-01 1.176202912e-01 -1.181141696e-01 1.594885111e+01
-1.175301020e-01 2.182916617e-02 9.928293724e-01 9.149170896e+01 1.189438762e-01 9.928707356e-01 -7.749624048e-03 -1.254609172e+00 -9.859203971e-01 1.171801598e-01 -1.192886445e-01 1.577805168e+01
-1.179116977e-01 2.244531144e-02 9.927703861e-01 9.328150450e+01 1.191802361e-01 9.928380120e-01 -8.291760649e-03 -1.253054575e+00 -9.858462877e-01 1.173409134e-01 -1.197422530e-01 1.557873138e+01
-1.181439324e-01 2.156920593e-02 9.927621974e-01 9.510272812e+01 1.170472478e-01 9.930969044e-01 -7.647238707e-03 -1.280264444e+00 -9.860740099e-01 1.152966081e-01 -1.198529897e-01 1.536642925e+01
-1.194392973e-01 2.308248436e-02 9.925731475e-01 9.696923954e+01 1.175898333e-01 9.930219807e-01 -8.942985519e-03 -1.291214879e+00 -9.858533793e-01 1.156483670e-01 -1.213201130e-01 1.513934223e+01
-1.218149218e-01 2.410952275e-02 9.922599739e-01 9.881620338e+01 1.172228575e-01 9.930578898e-01 -9.738031177e-03 -1.328361225e+00 -9.856063750e-01 1.151293120e-01 -1.237954564e-01 1.494231080e+01
-1.264316620e-01 2.469268907e-02 9.916679414e-01 1.006851475e+02 1.188149936e-01 9.928702471e-01 -9.574433925e-03 -1.379593116e+00 -9.848340125e-01 1.166145085e-01 -1.284640972e-01 1.473431621e+01
-1.297815562e-01 2.497461831e-02 9.912280344e-01 1.024567229e+02 1.166678794e-01 9.931231551e-01 -9.747033430e-03 -1.373100801e+00 -9.846549414e-01 1.143794876e-01 -1.318028044e-01 1.449429582e+01
-1.328292302e-01 2.492172057e-02 9.908255666e-01 1.042891829e+02 1.156986332e-01 9.932391998e-01 -9.471969360e-03 -1.378501480e+00 -9.843628507e-01 1.133790094e-01 -1.348146073e-01 1.420292103e+01
-1.357845484e-01 2.665929452e-02 9.903796436e-01 1.062229229e+02 1.144995950e-01 9.933619346e-01 -1.104127357e-02 -1.380008605e+00 -9.840997913e-01 1.118988338e-01 -1.379356801e-01 1.388557971e+01
-1.394710269e-01 2.854506920e-02 9.898146350e-01 1.081362622e+02 1.154692601e-01 9.932339857e-01 -1.237334359e-02 -1.413892312e+00 -9.834707330e-01 1.125674406e-01 -1.418234420e-01 1.360230977e+01
-1.435028023e-01 3.052166584e-02 9.891791413e-01 1.100319324e+02 1.156286155e-01 9.931956591e-01 -1.387105238e-02 -1.453072009e+00 -9.828717968e-01 1.123868797e-01 -1.460555383e-01 1.332176747e+01
-1.478340488e-01 3.242991470e-02 9.884803461e-01 1.119382729e+02 1.136425218e-01 9.933992977e-01 -1.559527252e-02 -1.451366235e+00 -9.824614350e-01 1.100278870e-01 -1.505436575e-01 1.302677066e+01
-1.512509452e-01 3.108121479e-02 9.880066344e-01 1.138236515e+02 1.112214485e-01 9.936937129e-01 -1.423356688e-02 -1.505275930e+00 -9.822183774e-01 1.077346886e-01 -1.537540110e-01 1.272707920e+01
-1.569395787e-01 3.030466911e-02 9.871431485e-01 1.158073964e+02 1.097095575e-01 9.938777610e-01 -1.306939623e-02 -1.546648535e+00 -9.814956860e-01 1.062479325e-01 -1.593034690e-01 1.240822277e+01
-1.629083932e-01 2.980420492e-02 9.861909373e-01 1.177968656e+02 1.091902848e-01 9.939484113e-01 -1.200155856e-02 -1.587370710e+00 -9.805806123e-01 1.057273147e-01 -1.651768682e-01 1.208365833e+01
-1.694561186e-01 2.907522487e-02 9.851087530e-01 1.197828856e+02 1.096137710e-01 9.939190088e-01 -1.047975106e-02 -1.639758876e+00 -9.794230164e-01 1.062056274e-01 -1.716127025e-01 1.176743463e+01
-1.749612658e-01 3.104646490e-02 9.840857038e-01 1.217577657e+02 1.098792116e-01 9.938746658e-01 -1.181979267e-02 -1.665289367e+00 -9.784248128e-01 1.060625554e-01 -1.773009306e-01 1.142776775e+01
-1.796446131e-01 3.224543795e-02 9.832029519e-01 1.237319345e+02 1.099107778e-01 9.938626916e-01 -1.251283733e-02 -1.695948829e+00 -9.775722142e-01 1.058167374e-01 -1.820861999e-01 1.107309106e+01
-1.852148918e-01 3.203211135e-02 9.821758436e-01 1.257074441e+02 1.103294090e-01 9.938273029e-01 -1.160661540e-02 -1.735225132e+00 -9.764849540e-01 1.062131623e-01 -1.876057003e-01 1.069106149e+01
-1.917555879e-01 3.192660172e-02 9.809232827e-01 1.276571104e+02 1.094212040e-01 9.939350483e-01 -1.095992042e-02 -1.775920405e+00 -9.753239434e-01 1.052321807e-01 -1.940860468e-01 1.037418037e+01
-1.973736569e-01 3.239185092e-02 9.797930432e-01 1.296356776e+02 1.088609840e-01 9.939968699e-01 -1.093201059e-02 -1.815025027e+00 -9.742653261e-01 1.045035438e-01 -1.997150059e-01 9.996019301e+00
-2.013120756e-01 3.239622206e-02 9.789912834e-01 1.317070004e+02 1.079385342e-01 9.940999803e-01 -1.070055834e-02 -1.862832737e+00 -9.735618732e-01 1.035167325e-01 -2.036211311e-01 9.534518941e+00
-2.063309483e-01 3.214107452e-02 9.779542377e-01 1.336230765e+02 1.098820095e-01 9.938994095e-01 -9.481973090e-03 -1.884374715e+00 -9.722929002e-01 1.055031524e-01 -2.086039335e-01 9.160600058e+00
-2.089523402e-01 3.189244615e-02 9.774056432e-01 1.355510110e+02 1.126563736e-01 9.935990330e-01 -8.336856666e-03 -1.922567987e+00 -9.714151847e-01 1.083689696e-01 -2.112077305e-01 8.710459701e+00
-2.113497805e-01 3.211475667e-02 9.768827528e-01 1.375385000e+02 1.149485071e-01 9.933409335e-01 -7.786564561e-03 -1.982251016e+00 -9.706276892e-01 1.106455254e-01 -2.136339316e-01 8.225310461e+00
-2.146144508e-01 3.295012924e-02 9.761428822e-01 1.395583484e+02 1.154737028e-01 9.932771800e-01 -8.140494898e-03 -2.001392922e+00 -9.698486797e-01 1.109717652e-01 -2.169765099e-01 7.806391746e+00
-2.179018557e-01 3.388146458e-02 9.753824007e-01 1.415864541e+02 1.148724951e-01 9.933408873e-01 -8.842597777e-03 -2.012725446e+00 -9.691868195e-01 1.101177916e-01 -2.203428710e-01 7.358310240e+00
-2.219330022e-01 3.485236408e-02 9.744388412e-01 1.435698871e+02 1.136053995e-01 9.934789947e-01 -9.659204702e-03 -2.041823692e+00 -9.684211665e-01 1.085578176e-01 -2.244451927e-01 6.914950865e+00
-2.263953082e-01 3.548250936e-02 9.733890055e-01 1.455712107e+02 1.121922997e-01 9.936349156e-01 -1.012632140e-02 -2.081032488e+00 -9.675526096e-01 1.069141994e-01 -2.289351473e-01 6.453259682e+00
-2.312289061e-01 3.490973121e-02 9.722728545e-01 1.474967464e+02 1.109070938e-01 9.937872086e-01 -9.305945675e-03 -2.115686453e+00 -9.665571941e-01 1.056801530e-01 -2.336640660e-01 6.020822355e+00
-2.342030123e-01 3.449137385e-02 9.715756760e-01 1.493360439e+02 1.110524991e-01 9.937781066e-01 -8.509828501e-03 -2.174604722e+00 -9.658241514e-01 1.059028794e-01 -2.365761794e-01 5.491168548e+00
-2.392595837e-01 3.506432487e-02 9.703222891e-01 1.513547984e+02 1.110601661e-01 9.937771029e-01 -8.526975193e-03 -2.205306109e+00 -9.645830660e-01 1.057239940e-01 -2.416649457e-01 5.011946940e+00
-2.430539501e-01 3.570399550e-02 9.693554570e-01 1.533132884e+02 1.112843080e-01 9.937505340e-01 -8.699361925e-03 -2.229974939e+00 -9.636081051e-01 1.057596369e-01 -2.455082871e-01 4.510807444e+00
-2.472703929e-01 3.532454533e-02 9.683023956e-01 1.551805339e+02 1.114957024e-01 9.937344596e-01 -7.780247011e-03 -2.264928861e+00 -9.625102914e-01 1.060377310e-01 -2.496596452e-01 4.056679635e+00
-2.506860756e-01 3.583325069e-02 9.674050184e-01 1.571833886e+02 1.122454992e-01 9.936505250e-01 -7.718943486e-03 -2.282554874e+00 -9.615390993e-01 1.066518275e-01 -2.531164718e-01 3.514576247e+00
-2.539153550e-01 3.694239643e-02 9.665206940e-01 1.591354455e+02 1.135699228e-01 9.934966808e-01 -8.137436711e-03 -2.300254907e+00 -9.605357178e-01 1.077014604e-01 -2.564596075e-01 2.953373928e+00
-2.578550883e-01 3.802115924e-02 9.654352101e-01 1.611494592e+02 1.146626446e-01 9.933681544e-01 -8.496336504e-03 -2.357405354e+00 -9.593556334e-01 1.085085308e-01 -2.605046399e-01 2.455785619e+00
-2.614628773e-01 3.971161293e-02 9.643962627e-01 1.632994068e+02 1.145601926e-01 9.933675190e-01 -9.845526358e-03 -2.391213332e+00 -9.583909046e-01 1.079071820e-01 -2.642780998e-01 1.873849957e+00
-2.631241928e-01 4.097961809e-02 9.638912439e-01 1.651558721e+02 1.161205976e-01 9.931793438e-01 -1.052605442e-02 -2.436462467e+00 -9.577482268e-01 1.091579677e-01 -2.660880909e-01 1.288284430e+00
-2.663309379e-01 4.235513939e-02 9.629506081e-01 1.671636210e+02 1.161730682e-01 9.931617920e-01 -1.155305768e-02 -2.457210105e+00 -9.568550829e-01 1.087919900e-01 -2.694302381e-01 7.339571548e-01
-2.698070761e-01 4.259942810e-02 9.619716370e-01 1.692730365e+02 1.166505757e-01 9.931091752e-01 -1.126096835e-02 -2.499204637e+00 -9.558225698e-01 1.091762563e-01 -2.729171306e-01 1.487356875e-01
-2.736022849e-01 4.246937608e-02 9.609048558e-01 1.711837139e+02 1.177369511e-01 9.929907364e-01 -1.036377133e-02 -2.582325252e+00 -9.546097632e-01 1.102984565e-01 -2.766847492e-01 -4.046935704e-01
-2.767254810e-01 4.314055996e-02 9.599801562e-01 1.732484421e+02 1.203757487e-01 9.926789336e-01 -9.910296631e-03 -2.633191695e+00 -9.533796134e-01 1.128158984e-01 -2.798926326e-01 -1.031627142e+00
-2.791934931e-01 4.346163739e-02 9.592507907e-01 1.752895697e+02 1.225029309e-01 9.924244862e-01 -9.309736350e-03 -2.669960534e+00 -9.523885895e-01 1.149118155e-01 -2.824026369e-01 -1.628435240e+00
-2.813434650e-01 4.296198875e-02 9.586449406e-01 1.772635848e+02 1.237238724e-01 9.922831424e-01 -8.158968867e-03 -2.704919829e+00 -9.515977396e-01 1.163117918e-01 -2.844878011e-01 -2.208982446e+00
-2.840988637e-01 4.236054513e-02 9.578587682e-01 1.793422612e+02 1.236887631e-01 9.922949581e-01 -7.197635518e-03 -2.749397483e+00 -9.507833221e-01 1.164315262e-01 -2.871493935e-01 -2.815065328e+00
-2.857713696e-01 4.307258523e-02 9.573293460e-01 1.813997041e+02 1.219958478e-01 9.924964225e-01 -8.237986517e-03 -2.756813238e+00 -9.505007824e-01 1.144360245e-01 -2.888817386e-01 -3.464128295e+00
-2.883340803e-01 4.498516805e-02 9.564725782e-01 1.834821708e+02 1.212373473e-01 9.925718014e-01 -1.013531437e-02 -2.795361095e+00 -9.498236488e-01 1.130378416e-01 -2.916461600e-01 -4.098988921e+00
-2.920205014e-01 4.641769706e-02 9.552849963e-01 1.854513417e+02 1.211693358e-01 9.925687860e-01 -1.118914991e-02 -2.862475914e+00 -9.487054437e-01 1.124837873e-01 -2.954748361e-01 -4.669576575e+00
-2.947154721e-01 4.671567446e-02 9.544424740e-01 1.874385131e+02 1.212558208e-01 9.925587820e-01 -1.113957807e-02 -2.947665261e+00 -9.478606524e-01 1.124486996e-01 -2.981869775e-01 -5.271673808e+00
-2.987878603e-01 4.714332929e-02 9.531544057e-01 1.894691674e+02 1.201602140e-01 9.926886913e-01 -1.143176443e-02 -3.017333111e+00 -9.467245310e-01 1.111155649e-01 -3.022680826e-01 -5.860033074e+00
-3.025026949e-01 4.727576382e-02 9.519753787e-01 1.914613950e+02 1.220136109e-01 9.924727220e-01 -1.051546090e-02 -3.087833808e+00 -9.453067218e-01 1.129729982e-01 -3.059939597e-01 -6.458847076e+00
-3.062489734e-01 4.606448303e-02 9.508362791e-01 1.935262682e+02 1.226023774e-01 9.924186899e-01 -8.590755163e-03 -3.158224873e+00 -9.440234231e-01 1.139438784e-01 -3.095748200e-01 -7.114864496e+00
-3.101281646e-01 4.539187574e-02 9.496104986e-01 1.955475385e+02 1.225284932e-01 9.924372353e-01 -7.423097107e-03 -3.208899249e+00 -9.427657662e-01 1.140522321e-01 -3.133445364e-01 -7.746427781e+00
-3.148230022e-01 4.518940751e-02 9.480740450e-01 1.976552264e+02 1.223217244e-01 9.924679772e-01 -6.686553003e-03 -3.256238440e+00 -9.412352910e-01 1.138649714e-01 -3.179793944e-01 -8.404507919e+00
-3.185844104e-01 4.594209622e-02 9.467804905e-01 1.997875854e+02 1.212621964e-01 9.925932150e-01 -7.361334248e-03 -3.271094152e+00 -9.401060861e-01 1.124634754e-01 -3.217957637e-01 -9.114431300e+00
-3.196511848e-01 4.664793010e-02 9.463863327e-01 2.017683543e+02 1.208848639e-01 9.926335080e-01 -8.097442083e-03 -3.310404720e+00 -9.397925142e-01 1.118154261e-01 -3.229355056e-01 -9.856974620e+00
-3.229239976e-01 4.702035185e-02 9.452561443e-01 2.039308463e+02 1.212015805e-01 9.925959210e-01 -7.969597040e-03 -3.360486100e+00 -9.386321264e-01 1.119929645e-01 -3.262319838e-01 -1.059668602e+01
-3.264668793e-01 4.821963627e-02 9.439778829e-01 2.060877355e+02 1.236484138e-01 9.922944448e-01 -7.924937192e-03 -3.411811166e+00 -9.370861468e-01 1.141341383e-01 -3.299135522e-01 -1.132290721e+01
-3.298889104e-01 4.782238073e-02 9.428076828e-01 2.082026386e+02 1.249771541e-01 9.921377006e-01 -6.594992562e-03 -3.463153285e+00 -9.357104348e-01 1.156538062e-01 -3.332719301e-01 -1.204240367e+01
-3.302507674e-01 4.741812242e-02 9.427014121e-01 2.103241061e+02 1.264838821e-01 9.919529391e-01 -5.585169100e-03 -3.497961633e+00 -9.353802747e-01 1.173920278e-01 -3.335908475e-01 -1.282913424e+01
-3.325490884e-01 4.791231857e-02 9.418680977e-01 2.124679575e+02 1.271006153e-01 9.918741327e-01 -5.580182284e-03 -3.530108349e+00 -9.344819620e-01 1.178563302e-01 -3.359365239e-01 -1.359905162e+01
-3.336881761e-01 4.921667568e-02 9.413978542e-01 2.145784858e+02 1.269073436e-01 9.918907652e-01 -6.872849818e-03 -3.553977243e+00 -9.341020968e-01 1.171769123e-01 -3.372281779e-01 -1.437610015e+01
-3.348845673e-01 4.967807831e-02 9.409486783e-01 2.166851318e+02 1.265652042e-01 9.919312439e-01 -7.325058767e-03 -3.587089298e+00 -9.337202877e-01 1.166383125e-01 -3.384699815e-01 -1.514597555e+01
-3.358350729e-01 5.167373330e-02 9.405023281e-01 2.187865501e+02 1.266477017e-01 9.919044026e-01 -9.274472975e-03 -3.608917089e+00 -9.333676465e-01 1.159977650e-01 -3.396606469e-01 -1.593262333e+01
-3.377695526e-01 5.328911640e-02 9.397191067e-01 2.209402485e+02 1.253545805e-01 9.920487886e-01 -1.119956242e-02 -3.634936269e+00 -9.328440162e-01 1.140152232e-01 -3.417639103e-01 -1.673030939e+01
-3.387852341e-01 5.388804781e-02 9.393192447e-01 2.230266221e+02 1.235983929e-01 9.922555108e-01 -1.234660313e-02 -3.675679079e+00 -9.327100313e-01 1.119155023e-01 -3.428219916e-01 -1.750357157e+01
-3.409668234e-01 5.496408967e-02 9.384671407e-01 2.251064501e+02 1.240577283e-01 9.921893494e-01 -1.303744616e-02 -3.731184772e+00 -9.318536931e-01 1.119787650e-01 -3.451223708e-01 -1.826979365e+01
-3.433596421e-01 5.403771770e-02 9.376481650e-01 2.270019632e+02 1.254364365e-01 9.920380028e-01 -1.123839410e-02 -3.806319635e+00 -9.307899100e-01 1.137564335e-01 -3.474041123e-01 -1.894577785e+01
-3.458746226e-01 5.295744822e-02 9.367850629e-01 2.290377425e+02 1.257047201e-01 9.920205914e-01 -9.667966358e-03 -3.868153061e+00 -9.298220630e-01 1.144143999e-01 -3.497717488e-01 -1.972218273e+01
-3.450264541e-01 5.177206371e-02 9.371640195e-01 2.307149612e+02 1.236527144e-01 9.922820401e-01 -9.292963914e-03 -3.887648473e+00 -9.304121410e-01 1.126765564e-01 -3.487653100e-01 -2.070708136e+01
-3.480791379e-01 5.203297514e-02 9.360200229e-01 2.326508988e+02 1.222236042e-01 9.924550052e-01 -9.718702186e-03 -3.937592011e+00 -9.294634497e-01 1.110208633e-01 -3.518125404e-01 -2.141049236e+01
-3.516594061e-01 5.131186060e-02 9.347206829e-01 2.345703512e+02 1.204450450e-01 9.926775526e-01 -9.179746793e-03 -3.987879730e+00 -9.283472697e-01 1.093543304e-01 -3.552646579e-01 -2.210290409e+01
-3.550932858e-01 5.129297423e-02 9.334226209e-01 2.366120166e+02 1.198542094e-01 9.927510867e-01 -8.958140381e-03 -4.011240915e+00 -9.271158109e-01 1.086936548e-01 -3.586669242e-01 -2.286799727e+01
-3.591361083e-01 5.132545510e-02 9.318728204e-01 2.386562129e+02 1.186275130e-01 9.928983223e-01 -8.968535974e-03 -4.080705494e+00 -9.257152742e-01 1.073248300e-01 -3.626742505e-01 -2.365942473e+01
-3.631530617e-01 5.089458256e-02 9.303384305e-01 2.407471164e+02 1.185271516e-01 9.929181673e-01 -8.051540621e-03 -4.140949734e+00 -9.241597092e-01 1.073464225e-01 -3.666136624e-01 -2.443922668e+01
-3.680549716e-01 5.002634963e-02 9.284572700e-01 2.426924853e+02 1.175702175e-01 9.930406038e-01 -6.899502618e-03 -4.235104590e+00 -9.223409249e-01 1.066195270e-01 -3.713751400e-01 -2.509941846e+01
-3.715626917e-01 5.062294630e-02 9.270266897e-01 2.447105765e+02 1.176019277e-01 9.930354973e-01 -7.091374940e-03 -4.267988385e+00 -9.209293962e-01 1.063852354e-01 -3.749282984e-01 -2.588195258e+01
-3.724487792e-01 5.330831655e-02 9.265204424e-01 2.471253007e+02 1.165141618e-01 9.931355791e-01 -1.030395885e-02 -4.229254432e+00 -9.207097029e-01 1.041150559e-01 -3.761033078e-01 -2.695303320e+01
-3.743723980e-01 5.471365422e-02 9.256628564e-01 2.492700493e+02 1.169086376e-01 9.930770574e-01 -1.141615185e-02 -4.231184662e+00 -9.198791649e-01 1.039440913e-01 -3.781771382e-01 -2.784281958e+01
-3.758474255e-01 5.592892327e-02 9.249922531e-01 2.515031192e+02 1.173304784e-01 9.930159117e-01 -1.236761977e-02 -4.215519538e+00 -9.192237331e-01 1.038814455e-01 -3.797846412e-01 -2.890663990e+01
-3.807337316e-01 5.617119322e-02 9.229770434e-01 2.533956807e+02 1.169945751e-01 9.930579202e-01 -1.217524016e-02 -4.302416731e+00 -9.172535609e-01 1.033477824e-01 -3.846623725e-01 -2.956285718e+01
-3.847897117e-01 5.639028563e-02 9.212800950e-01 2.552954371e+02 1.179668005e-01 9.929508764e-01 -1.150613419e-02 -4.360525634e+00 -9.154347119e-01 1.042530231e-01 -3.887294630e-01 -3.030532473e+01
-3.876660213e-01 5.718112866e-02 9.200246597e-01 2.573308604e+02 1.186613839e-01 9.928657436e-01 -1.170859622e-02 -4.407628180e+00 -9.141304786e-01 1.046323744e-01 -3.916855044e-01 -3.116593521e+01
-3.919267918e-01 5.786879239e-02 9.181745982e-01 2.593994248e+02 1.192598840e-01 9.927945424e-01 -1.166518608e-02 -4.479803919e+00 -9.122337803e-01 1.049294971e-01 -3.960042054e-01 -3.198815344e+01
-3.946820064e-01 6.026856093e-02 9.168390341e-01 2.614669783e+02 1.213847196e-01 9.925205382e-01 -1.298965184e-02 -4.491488497e+00 -9.107644392e-01 1.061634672e-01 -3.990456798e-01 -3.293319815e+01
-3.979192479e-01 6.062218035e-02 9.154153283e-01 2.635616948e+02 1.227830120e-01 9.923567528e-01 -1.234533209e-02 -4.575650230e+00 -9.091669836e-01 1.074850060e-01 -4.023212266e-01 -3.377362617e+01
-3.997724019e-01 6.213658846e-02 9.145059163e-01 2.655525835e+02 1.253759935e-01 9.920293301e-01 -1.259637139e-02 -4.670524678e+00 -9.079993871e-01 1.096214062e-01 -4.043763846e-01 -3.466992544e+01
-4.042342279e-01 6.554177177e-02 9.123042065e-01 2.674504292e+02 1.286468513e-01 9.915882925e-01 -1.423537552e-02 -4.706573856e+00 -9.055631820e-01 1.116106375e-01 -4.092656704e-01 -3.531290907e+01
-4.062576165e-01 6.709643285e-02 9.112918401e-01 2.693979720e+02 1.300533071e-01 9.913932933e-01 -1.501583399e-02 -4.706046557e+00 -9.044561274e-01 1.124162206e-01 -4.114871893e-01 -3.620287972e+01
-4.094334826e-01 6.854383686e-02 9.097614884e-01 2.714748444e+02 1.297348373e-01 9.914145847e-01 -1.630930028e-02 -4.724418883e+00 -9.030687102e-01 1.113501851e-01 -4.148108497e-01 -3.713422983e+01
-4.107062599e-01 6.894571371e-02 9.091572233e-01 2.735632484e+02 1.284643469e-01 9.915656168e-01 -1.716214453e-02 -4.743234472e+00 -9.026722991e-01 1.097456888e-01 -4.160992720e-01 -3.823632601e+01
-4.137937474e-01 6.991544245e-02 9.076819738e-01 2.756263282e+02 1.294378657e-01 9.914355846e-01 -1.735858871e-02 -4.793895825e+00 -9.011218417e-01 1.103055419e-01 -4.192995515e-01 -3.917816543e+01
-4.143047013e-01 6.994330290e-02 9.074467196e-01 2.776568820e+02 1.283992519e-01 9.915627197e-01 -1.780463537e-02 -4.830105370e+00 -9.010356522e-01 1.091389358e-01 -4.197897642e-01 -4.025960601e+01
-4.145584158e-01 6.945526816e-02 9.073683296e-01 2.795894098e+02 1.269794747e-01 9.917438286e-01 -1.789948267e-02 -4.887624052e+00 -9.011201545e-01 1.077967727e-01 -4.199551439e-01 -4.129378561e+01
-4.154226368e-01 6.996747967e-02 9.069336164e-01 2.816671104e+02 1.285811491e-01 9.915428371e-01 -1.759801710e-02 -4.925162064e+00 -9.004948200e-01 1.093039519e-01 -4.209058388e-01 -4.231751203e+01
-4.168356331e-01 6.949130511e-02 9.063216943e-01 2.836996916e+02 1.310075211e-01 9.912562478e-01 -1.575057449e-02 -5.020415010e+00 -8.994915699e-01 1.121695578e-01 -4.222948093e-01 -4.323831757e+01
-4.188034828e-01 6.916176720e-02 9.054392816e-01 2.858049798e+02 1.329783981e-01 9.910173427e-01 -1.419056444e-02 -5.120523724e+00 -8.982874754e-01 1.144608075e-01 -4.242385357e-01 -4.424973396e+01
-4.206609588e-01 6.918886889e-02 9.045757338e-01 2.878084953e+02 1.334312122e-01 9.909627437e-01 -1.374599076e-02 -5.165667459e+00 -8.973519206e-01 1.149162350e-01 -4.260912925e-01 -4.515015313e+01
-4.216140340e-01 6.909650890e-02 9.041389710e-01 2.898614627e+02 1.337901032e-01 9.909199007e-01 -1.334011808e-02 -5.200560537e+00 -8.968510549e-01 1.153404652e-01 -4.270301657e-01 -4.611111813e+01
-4.219502369e-01 6.989241004e-02 9.039209305e-01 2.920782186e+02 1.367742829e-01 9.905202839e-01 -1.274216400e-02 -5.245217458e+00 -8.962425972e-01 1.182565780e-01 -4.275097527e-01 -4.717844878e+01
-4.241694806e-01 7.033161529e-02 9.028475594e-01 2.943746320e+02 1.372375944e-01 9.904569909e-01 -1.268036978e-02 -5.263189093e+00 -8.951235079e-01 1.185260013e-01 -4.297737691e-01 -4.826151555e+01
-4.274058280e-01 7.098572746e-02 9.012687084e-01 2.965828954e+02 1.376761965e-01 9.903956651e-01 -1.271579486e-02 -5.344184342e+00 -8.935152618e-01 1.186484430e-01 -4.330739242e-01 -4.921744200e+01
-4.302868251e-01 7.377057080e-02 8.996728022e-01 2.988502381e+02 1.371615676e-01 9.904256551e-01 -1.561173175e-02 -5.377547505e+00 -8.922107108e-01 1.166830094e-01 -4.362855978e-01 -5.028991148e+01
-4.331391039e-01 7.329291730e-02 8.983421759e-01 3.010257098e+02 1.359431164e-01 9.905988911e-01 -1.527436133e-02 -5.437668227e+00 -8.910162657e-01 1.155075118e-01 -4.390307836e-01 -5.136245591e+01
-4.388897884e-01 7.229759387e-02 8.956276076e-01 3.031730053e+02 1.352890662e-01 9.907117748e-01 -1.367654122e-02 -5.500726379e+00 -8.882975978e-01 1.151661285e-01 -4.445943552e-01 -5.225404822e+01
-4.442267921e-01 7.024612006e-02 8.931562236e-01 3.053405568e+02 1.342339035e-01 9.908867306e-01 -1.116898887e-02 -5.569087891e+00 -8.858012285e-01 1.149302822e-01 -4.496078445e-01 -5.326813057e+01
-4.483004623e-01 6.953111470e-02 8.911745730e-01 3.076895147e+02 1.338890162e-01 9.909462462e-01 -9.963355657e-03 -5.607850915e+00 -8.837988610e-01 1.148519099e-01 -4.535511129e-01 -5.444950896e+01
-4.520544516e-01 6.910638839e-02 8.893093274e-01 3.099363080e+02 1.347074850e-01 9.908487603e-01 -8.522187715e-03 -5.669329647e+00 -8.817599822e-01 1.159441300e-01 -4.572267408e-01 -5.562144906e+01
-4.571190092e-01 6.995038971e-02 8.866505255e-01 3.123187271e+02 1.363635751e-01 9.906277551e-01 -7.850235252e-03 -5.708523637e+00 -8.788897467e-01 1.173183437e-01 -4.623734631e-01 -5.682836113e+01
-4.595446230e-01 7.045565458e-02 8.853557139e-01 3.144350312e+02 1.379597354e-01 9.904116111e-01 -7.207773848e-03 -5.765797293e+00 -8.773744075e-01 1.188311463e-01 -4.648583739e-01 -5.801569065e+01
-4.637463681e-01 7.013051054e-02 8.831879854e-01 3.167448865e+02 1.377119506e-01 9.904520436e-01 -6.337824609e-03 -5.806304334e+00 -8.751998199e-01 1.186863971e-01 -4.689763474e-01 -5.923638437e+01
-4.677394102e-01 6.891394220e-02 8.811757558e-01 3.190593650e+02 1.371620083e-01 9.905376687e-01 -4.659432287e-03 -5.817346707e+00 -8.731588788e-01 1.186844363e-01 -4.727658797e-01 -6.044885044e+01
-4.726265813e-01 6.752172015e-02 8.786722552e-01 3.214233623e+02 1.361031446e-01 9.906903644e-01 -2.921628167e-03 -5.857003456e+00 -8.706894100e-01 1.182092179e-01 -4.774165185e-01 -6.166791240e+01
-4.757681953e-01 6.754817662e-02 8.769731285e-01 3.236123732e+02 1.352273778e-01 9.908101889e-01 -2.953951553e-03 -5.876904836e+00 -8.691134452e-01 1.171853804e-01 -4.805303383e-01 -6.288059097e+01
-4.783387578e-01 6.813316607e-02 8.755283573e-01 3.258047062e+02 1.346883807e-01 9.908817399e-01 -3.523857789e-03 -5.865680220e+00 -8.677851537e-01 1.162378990e-01 -4.831538864e-01 -6.415561539e+01
-4.811792502e-01 6.910841487e-02 8.738939044e-01 3.280324098e+02 1.369635362e-01 9.905717825e-01 -2.921217376e-03 -5.885577682e+00 -8.658565233e-01 1.182859702e-01 -4.861079204e-01 -6.542970049e+01
-4.856338908e-01 6.830581311e-02 8.714895524e-01 3.303612389e+02 1.376304903e-01 9.904831991e-01 -9.383127748e-04 -5.934146324e+00 -8.632598521e-01 1.194878579e-01 -4.904131723e-01 -6.671514394e+01
-4.881006766e-01 6.792571158e-02 8.701401193e-01 3.326420615e+02 1.367287760e-01 9.906083190e-01 -6.325037503e-04 -5.949392092e+00 -8.620110042e-01 1.186644680e-01 -4.928039902e-01 -6.803067609e+01
-4.898497203e-01 6.699137129e-02 8.692292032e-01 3.348586068e+02 1.373708671e-01 9.905191004e-01 1.075490800e-03 -5.982750975e+00 -8.609160797e-01 1.199335982e-01 -4.944081671e-01 -6.935060551e+01
-4.921060575e-01 6.595256576e-02 8.680333445e-01 3.371336807e+02 1.370598902e-01 9.905597572e-01 2.440049916e-03 -6.005213186e+00 -8.596779715e-01 1.201733183e-01 -4.964999083e-01 -7.070152807e+01
-4.946796516e-01 6.574850472e-02 8.665847774e-01 3.395042237e+02 1.358046848e-01 9.907328311e-01 2.354774729e-03 -6.038106267e+00 -8.583991670e-01 1.188511317e-01 -4.990243267e-01 -7.207979353e+01
-4.959155990e-01 6.613257002e-02 8.658488332e-01 3.417461599e+02 1.313233400e-01 9.913394618e-01 -5.018584230e-04 -5.999869079e+00 -8.583833054e-01 1.134572813e-01 -5.003054530e-01 -7.344071854e+01
-5.002075929e-01 6.586758889e-02 8.633966786e-01 3.440394656e+02 1.272624604e-01 9.918671816e-01 -1.939144292e-03 -6.011687353e+00 -8.565025570e-01 1.089080110e-01 -5.045219668e-01 -7.472426536e+01
-5.033048916e-01 6.356531009e-02 8.617677398e-01 3.461969448e+02 1.260257912e-01 9.920268720e-01 4.303960773e-04 -6.047444219e+00 -8.548693971e-01 1.088215817e-01 -5.073028458e-01 -7.596953597e+01
-5.052196456e-01 6.311001744e-02 8.606801005e-01 3.485137044e+02 1.265899597e-01 9.919538845e-01 1.572602425e-03 -6.066344706e+00 -8.536557221e-01 1.097479689e-01 -5.091436846e-01 -7.738165532e+01
-5.084113513e-01 6.341938125e-02 8.587758031e-01 3.507337974e+02 1.280385812e-01 9.917658819e-01 2.560725958e-03 -6.144237864e+00 -8.515421420e-01 1.112583375e-01 -5.123451598e-01 -7.867227283e+01
-5.123793371e-01 6.286640171e-02 8.564550370e-01 3.530801600e+02 1.267076675e-01 9.919355885e-01 2.992532437e-03 -6.154819634e+00 -8.493601014e-01 1.100527318e-01 -5.162129544e-01 -8.003681263e+01
-5.135090974e-01 6.033102186e-02 8.559606151e-01 3.552627418e+02 1.258458897e-01 9.920341343e-01 5.575696043e-03 -6.155951687e+00 -8.488057604e-01 1.105822958e-01 -5.170109641e-01 -8.140355349e+01
-5.150242964e-01 5.905961115e-02 8.551385481e-01 3.575515220e+02 1.249619052e-01 9.921386512e-01 6.739369160e-03 -6.156191789e+00 -8.480179812e-01 1.103306810e-01 -5.183557122e-01 -8.283199490e+01
-5.186615305e-01 5.826908256e-02 8.529917531e-01 3.597739746e+02 1.253982286e-01 9.920702580e-01 8.478643982e-03 -6.182986373e+00 -8.457337058e-01 1.113612013e-01 -5.218555181e-01 -8.417397583e+01
-5.314825132e-01 5.594601030e-02 8.452197242e-01 3.617744467e+02 1.249704279e-01 9.920763924e-01 1.291602731e-02 -6.354028824e+00 -8.377999345e-01 1.124921133e-01 -5.342628512e-01 -8.485902687e+01
-5.342553785e-01 5.514725676e-02 8.435223593e-01 3.640475999e+02 1.246313074e-01 9.921032768e-01 1.407570532e-02 -6.353206769e+00 -8.360850601e-01 1.126493157e-01 -5.369095864e-01 -8.628589689e+01
-5.380619534e-01 5.459398308e-02 8.411354417e-01 3.663280648e+02 1.242265934e-01 9.921394147e-01 1.507101054e-02 -6.340732033e+00 -8.337008383e-01 1.126005279e-01 -5.406144960e-01 -8.771409014e+01
-5.395999142e-01 5.431178642e-02 8.401679370e-01 3.685165384e+02 1.219241020e-01 9.924385450e-01 1.415089073e-02 -6.316879114e+00 -8.330464848e-01 1.100725407e-01 -5.421416696e-01 -8.915962476e+01
-5.425483563e-01 5.224968397e-02 8.383980270e-01 3.708677657e+02 1.128677438e-01 9.935477846e-01 1.112079322e-02 -6.303232319e+00 -8.324074444e-01 1.006616618e-01 -5.449450214e-01 -9.066667006e+01
-5.477242800e-01 5.537752140e-02 8.348241990e-01 3.731467273e+02 1.058780075e-01 9.943729495e-01 3.504984807e-03 -6.341103742e+00 -8.299325037e-01 9.030928808e-02 -5.505054694e-01 -9.205853073e+01
-5.819035440e-01 5.785446763e-02 8.111973410e-01 3.735385197e+02 1.089440658e-01 9.940213959e-01 7.256383903e-03 -6.432593896e+00 -8.059276990e-01 9.259765202e-02 -5.847274740e-01 -9.181739981e+01
-5.795224699e-01 5.896987719e-02 8.128199434e-01 3.756717833e+02 1.165567820e-01 9.931225396e-01 1.105159887e-02 -6.417125036e+00 -8.065780950e-01 1.011443268e-01 -5.824101662e-01 -9.343452014e+01
-5.811971091e-01 5.059795998e-02 8.121882583e-01 3.778929038e+02 1.161760592e-01 9.930008050e-01 2.127262313e-02 -6.360426537e+00 -8.054272430e-01 1.067204182e-01 -5.830074688e-01 -9.503244154e+01
-5.860048497e-01 3.999658158e-02 8.093198315e-01 3.801587551e+02 1.096750906e-01 9.935051412e-01 3.031351089e-02 -6.311760106e+00 -8.028509766e-01 1.065260902e-01 -5.865854596e-01 -9.660971582e+01
-5.884608686e-01 3.378569850e-02 8.078194926e-01 3.823064364e+02 1.031297900e-01 9.941019671e-01 3.354885185e-02 -6.262906944e+00 -8.019214753e-01 1.030524412e-01 -5.884744190e-01 -9.817966813e+01
-5.886272766e-01 3.455679327e-02 8.076656222e-01 3.823641559e+02 1.037399205e-01 9.940543912e-01 3.307410153e-02 -6.221461679e+00 -8.017206235e-01 1.032554857e-01 -5.887124481e-01 -9.836464026e+01
-5.878159591e-01 4.077290153e-02 8.079665641e-01 3.823065621e+02 1.096664075e-01 9.935261777e-01 2.964815692e-02 -6.182944365e+00 -8.015270908e-01 1.060344502e-01 -5.884819607e-01 -9.846957867e+01
-5.879074667e-01 4.820149546e-02 8.074908212e-01 3.822806791e+02 1.155369940e-01 9.929924352e-01 2.484404843e-02 -6.164921073e+00 -8.006347567e-01 1.079010637e-01 -5.893567229e-01 -9.855533620e+01
-5.812650978e-01 5.483797717e-02 8.118643251e-01 3.850625494e+02 1.212754295e-01 9.924214989e-01 1.979491695e-02 -5.939515958e+00 -8.046260972e-01 1.099652890e-01 -5.835104789e-01 -1.013566936e+02
-5.963989860e-01 5.744830972e-02 8.006297155e-01 3.852438521e+02 1.235424671e-01 9.921204371e-01 2.083979598e-02 -5.927141363e+00 -7.931238922e-01 1.113406034e-01 -5.987969285e-01 -1.013262154e+02
-6.082046120e-01 5.401037199e-02 7.919406731e-01 3.853988105e+02 1.209565832e-01 9.923374637e-01 2.521632853e-02 -5.941731998e+00 -7.845104556e-01 1.111271252e-01 -6.100771321e-01 -1.013289180e+02
-6.106634416e-01 5.400466368e-02 7.900466173e-01 3.853869702e+02 1.218356399e-01 9.922004813e-01 2.634922728e-02 -5.930090132e+00 -7.824616527e-01 1.123463450e-01 -6.124802534e-01 -1.013989889e+02
-6.130265453e-01 6.895690767e-02 7.870472665e-01 3.855431467e+02 1.467261508e-01 9.887905885e-01 2.765155914e-02 -5.816138259e+00 -7.763181638e-01 1.324315557e-01 -6.162726601e-01 -1.015185479e+02
-6.197657266e-01 4.959230773e-02 7.832183904e-01 3.856281451e+02 1.115962931e-01 9.934288540e-01 2.540431694e-02 -5.942503270e+00 -7.768118894e-01 1.031489940e-01 -6.212274733e-01 -1.015521592e+02
-6.208610979e-01 5.091462533e-02 7.822654268e-01 3.856175779e+02 1.128324593e-01 9.933019403e-01 2.490163538e-02 -5.929026847e+00 -7.757579089e-01 1.037253886e-01 -6.224473556e-01 -1.016378711e+02
-6.218889674e-01 5.066809918e-02 7.814645583e-01 3.856073942e+02 1.140043606e-01 9.931312102e-01 2.633258698e-02 -5.921216123e+00 -7.747626204e-01 1.054663126e-01 -6.233937271e-01 -1.017217820e+02
-6.225900939e-01 5.036090097e-02 7.809259597e-01 3.855919985e+02 1.161491154e-01 9.928206921e-01 2.857370004e-02 -5.904583277e+00 -7.738804545e-01 1.084935620e-01 -6.239697021e-01 -1.018159721e+02
-6.232825936e-01 5.082623616e-02 7.803431951e-01 3.855516256e+02 1.175051348e-01 9.926428661e-01 2.920074727e-02 -5.869479086e+00 -7.731179417e-01 1.098946498e-01 -6.246693639e-01 -1.018926603e+02
-6.260745044e-01 5.136383604e-02 7.780697085e-01 3.855266245e+02 1.162429413e-01 9.928262223e-01 2.799412226e-02 -5.847289232e+00 -7.710501239e-01 1.079715177e-01 -6.275538684e-01 -1.019470954e+02
-6.263764209e-01 5.293916041e-02 7.777210456e-01 3.854805383e+02 1.139075332e-01 9.931981672e-01 2.413450934e-02 -5.820320318e+00 -7.711534564e-01 1.037055734e-01 -6.281460823e-01 -1.020698450e+02
-6.295962103e-01 5.307810497e-02 7.751073002e-01 3.854472926e+02 1.101373297e-01 9.936856429e-01 2.141522155e-02 -5.806927383e+00 -7.690763165e-01 9.885119064e-02 -6.314665957e-01 -1.021048482e+02
-6.311570861e-01 5.420290395e-02 7.737588629e-01 3.854147879e+02 1.081225242e-01 9.939641734e-01 1.856722216e-02 -5.771635069e+00 -7.680821912e-01 9.537959524e-02 -6.332080861e-01 -1.021702579e+02
-6.382376595e-01 5.213085788e-02 7.680723037e-01 3.854302224e+02 1.040786969e-01 9.943876799e-01 1.899386427e-02 -5.786885912e+00 -7.627714696e-01 9.206256396e-02 -6.400813772e-01 -1.021780058e+02
-6.390286401e-01 5.020223036e-02 7.675429194e-01 3.874645114e+02 9.964110235e-02 9.948626532e-01 1.788720044e-02 -5.774805684e+00 -7.627018079e-01 8.790925597e-02 -6.407479340e-01 -1.038529287e+02
-6.467072755e-01 4.942282116e-02 7.611353917e-01 3.874520493e+02 9.802834818e-02 9.950082542e-01 1.868199947e-02 -5.791834062e+00 -7.564126802e-01 8.669463017e-02 -6.483239147e-01 -1.038582995e+02
-6.538343013e-01 4.548856414e-02 7.552691554e-01 3.874739250e+02 9.719414503e-02 9.949708122e-01 2.421530412e-02 -5.842169561e+00 -7.503692456e-01 8.924053627e-02 -6.549672679e-01 -1.038774676e+02
-6.535179985e-01 4.462459548e-02 7.555943827e-01 3.893408984e+02 1.005982133e-01 9.945253501e-01 2.827238007e-02 -5.831641437e+00 -7.501961244e-01 9.448795412e-02 -6.544293708e-01 -1.055179464e+02
-6.532228167e-01 4.311888735e-02 7.559369770e-01 3.914167502e+02 1.039544493e-01 9.940301289e-01 3.312967323e-02 -5.785754577e+00 -7.499956161e-01 1.002240706e-01 -6.538055609e-01 -1.072450769e+02
-6.529781207e-01 4.180292648e-02 7.562222486e-01 3.933941669e+02 1.072499420e-01 9.935175501e-01 3.768723352e-02 -5.740388187e+00 -7.497446391e-01 1.057137312e-01 -6.532285842e-01 -1.088764348e+02
-6.516824313e-01 3.992567340e-02 7.574403933e-01 3.953452079e+02 1.024272821e-01 9.940987550e-01 3.572558088e-02 -5.689490297e+00 -7.515441841e-01 1.008642943e-01 -6.519261718e-01 -1.105410781e+02
-6.511821555e-01 3.927561338e-02 7.579044969e-01 3.973250347e+02 9.402610764e-02 9.951409370e-01 2.921654751e-02 -5.619905820e+00 -7.530742934e-01 9.028810419e-02 -6.517109535e-01 -1.121879558e+02
-6.493759336e-01 3.766923626e-02 7.595340186e-01 3.993460431e+02 9.053923481e-02 9.954981799e-01 2.803606353e-02 -5.591237260e+00 -7.550586360e-01 8.697357379e-02 -6.498631038e-01 -1.139373997e+02
-6.471955001e-01 3.844226729e-02 7.613541730e-01 4.013738454e+02 9.004467453e-02 9.955911007e-01 2.627388102e-02 -5.548207576e+00 -7.569874115e-01 8.556022627e-02 -6.478036018e-01 -1.156602853e+02
-6.428762437e-01 3.924052528e-02 7.649642583e-01 4.033551970e+02 9.184893738e-02 9.954301318e-01 2.612710121e-02 -5.503165171e+00 -7.604432313e-01 8.705764694e-02 -6.435425845e-01 -1.173874715e+02
-6.407690615e-01 3.904711156e-02 7.667400687e-01 4.054016904e+02 9.247304765e-02 9.953600784e-01 2.659040888e-02 -5.471611603e+00 -7.621441762e-01 8.794110225e-02 -6.414067487e-01 -1.190795451e+02
-6.378960786e-01 4.027077394e-02 7.690688251e-01 4.075230668e+02 9.143531060e-02 9.955286861e-01 2.371116188e-02 -5.421977279e+00 -7.646752101e-01 8.544530408e-02 -6.387260157e-01 -1.208306775e+02
-6.360712887e-01 3.419624385e-02 7.708721896e-01 4.096073289e+02 8.274060977e-02 9.962802391e-01 2.407647407e-02 -5.398240433e+00 -7.671814044e-01 7.909678891e-02 -6.365346736e-01 -1.225664984e+02
-6.363760650e-01 2.860751016e-02 7.708483082e-01 4.116735944e+02 7.552039193e-02 9.968219156e-01 2.535229897e-02 -5.370391845e+00 -7.676732210e-01 7.434836261e-02 -6.365140585e-01 -1.242064647e+02
-6.347562144e-01 2.549951104e-02 7.722916050e-01 4.137633627e+02 6.946639239e-02 9.972915264e-01 2.416674979e-02 -5.325789225e+00 -7.695836332e-01 6.898830628e-02 -6.348083530e-01 -1.259747813e+02
-6.353813429e-01 2.554670065e-02 7.717758192e-01 4.158043661e+02 6.839286292e-02 9.973865522e-01 2.329123685e-02 -5.283935475e+00 -7.691638092e-01 6.758277516e-02 -6.354680190e-01 -1.276246997e+02
-6.347523287e-01 2.474180189e-02 7.723194446e-01 4.179378627e+02 6.879896033e-02 9.973273412e-01 2.459425943e-02 -5.242180835e+00 -7.696467919e-01 6.874603828e-02 -6.347580625e-01 -1.293431475e+02
-6.325351657e-01 2.504055386e-02 7.741267563e-01 4.199888609e+02 7.204559784e-02 9.970461259e-01 2.661681279e-02 -5.198704084e+00 -7.711735836e-01 7.260849505e-02 -6.324707981e-01 -1.310505205e+02
-6.458303338e-01 2.845988540e-02 7.629503358e-01 4.226086705e+02 7.357249142e-02 9.969742405e-01 2.508888608e-02 -5.032432666e+00 -7.599278047e-01 7.233532070e-02 -6.459700713e-01 -1.318083827e+02
-6.444180734e-01 2.882090779e-02 7.641300295e-01 4.246501751e+02 7.085089393e-02 9.972412277e-01 2.213785408e-02 -4.973457941e+00 -7.613839357e-01 6.840532894e-02 -6.446822577e-01 -1.335668942e+02
-6.418654108e-01 2.989381675e-02 7.662343989e-01 4.266666572e+02 7.052086538e-02 9.973064496e-01 2.016564122e-02 -4.954758634e+00 -7.635676800e-01 6.697914048e-02 -6.422446518e-01 -1.352925652e+02
-6.423543652e-01 3.258295920e-02 7.657148427e-01 4.287819957e+02 7.187958596e-02 9.972533299e-01 1.786396251e-02 -4.918165692e+00 -7.630296159e-01 6.651426015e-02 -6.429320793e-01 -1.370098474e+02
-6.415635722e-01 3.262929073e-02 7.663755687e-01 4.308892423e+02 7.380373838e-02 9.970853928e-01 1.933203702e-02 -4.918459488e+00 -7.635110943e-01 6.896411270e-02 -6.421018300e-01 -1.387485756e+02
-6.400577245e-01 3.249883837e-02 7.676391957e-01 4.328628720e+02 7.581543474e-02 9.969004951e-01 2.101006132e-02 -4.897899740e+00 -7.645770917e-01 7.164655139e-02 -6.405377760e-01 -1.403954711e+02
-6.405459222e-01 3.161445134e-02 7.672688238e-01 4.348895780e+02 7.530674814e-02 9.969222662e-01 2.179194494e-02 -4.884565114e+00 -7.642184342e-01 7.173926154e-02 -6.409552739e-01 -1.420041852e+02
-6.424199027e-01 3.064579228e-02 7.657398410e-01 4.355371138e+02 7.402886842e-02 9.970088519e-01 2.220531225e-02 -4.881419561e+00 -7.627689003e-01 7.095198846e-02 -6.427670029e-01 -1.423798665e+02
-6.426406298e-01 2.971890656e-02 7.655911491e-01 4.376579831e+02 7.369741698e-02 9.970116947e-01 2.315969444e-02 -4.832487764e+00 -7.626150481e-01 7.130545077e-02 -6.429104300e-01 -1.440728062e+02
-6.424436835e-01 2.756602735e-02 7.658369458e-01 4.396417056e+02 7.114245347e-02 9.971825053e-01 2.378660334e-02 -4.811743169e+00 -7.630235021e-01 6.976507236e-02 -6.425947167e-01 -1.456720089e+02
-6.422411167e-01 2.541350129e-02 7.660812633e-01 4.416261177e+02 6.858728154e-02 9.973463369e-01 2.441452461e-02 -4.789270254e+00 -7.634278832e-01 6.822344284e-02 -6.422798681e-01 -1.472703325e+02
-6.446059223e-01 2.834151195e-02 7.639895049e-01 4.437683411e+02 6.981798377e-02 9.973190913e-01 2.191071313e-02 -4.714225111e+00 -7.613203361e-01 6.746398230e-02 -6.448565399e-01 -1.489453409e+02
-6.435547745e-01 2.524960735e-02 7.649834701e-01 4.455653158e+02 6.655749167e-02 9.975159024e-01 2.306782744e-02 -4.738776618e+00 -7.625007230e-01 6.576079142e-02 -6.436366722e-01 -1.505551405e+02
-6.430472648e-01 2.293223189e-02 7.654830684e-01 4.476154753e+02 6.422348756e-02 9.976453642e-01 2.406389368e-02 -4.695818668e+00 -7.631287958e-01 6.463621333e-02 -6.430059105e-01 -1.522680333e+02
-6.425447480e-01 2.247280274e-02 7.659185466e-01 4.496759386e+02 6.289713305e-02 9.977435179e-01 2.349091732e-02 -4.633640350e+00 -7.636623583e-01 6.326804628e-02 -6.425083321e-01 -1.540205011e+02
-6.422943441e-01 2.229954681e-02 7.661336083e-01 4.516343686e+02 6.292722517e-02 9.977363233e-01 2.371483613e-02 -4.588756413e+00 -7.638704994e-01 6.344256719e-02 -6.422436460e-01 -1.556520390e+02
-6.392366347e-01 2.322132734e-02 7.686594140e-01 4.534390290e+02 6.408860819e-02 9.976754823e-01 2.315776916e-02 -4.567300197e+00 -7.663348975e-01 6.406560644e-02 -6.392389404e-01 -1.572922852e+02
-6.579696163e-01 2.774775615e-02 7.525330864e-01 4.565833545e+02 6.814981196e-02 9.974143344e-01 2.280895843e-02 -4.454407551e+00 -7.499543901e-01 6.629258996e-02 -6.581593313e-01 -1.587491875e+02
-6.762759714e-01 3.232756037e-02 7.359386790e-01 4.596906633e+02 7.221714846e-02 9.971337251e-01 2.256141988e-02 -4.346307093e+00 -7.330999208e-01 6.840513899e-02 -6.766721828e-01 -1.602838007e+02
-6.749595406e-01 2.971002629e-02 7.372563549e-01 4.615410257e+02 6.995997989e-02 9.972643939e-01 2.386063464e-02 -4.322398150e+00 -7.345306119e-01 6.768340276e-02 -6.751916300e-01 -1.620750391e+02
-6.765741537e-01 3.003881769e-02 7.357615673e-01 4.620907510e+02 7.001271555e-02 9.972653441e-01 2.366544093e-02 -4.301494480e+00 -7.330386307e-01 6.752409099e-02 -6.768270554e-01 -1.624816287e+02
-6.788113621e-01 3.129883465e-02 7.336453623e-01 4.627137149e+02 7.156410213e-02 9.971550001e-01 2.367456685e-02 -4.280322896e+00 -7.308171550e-01 6.857323661e-02 -6.791200168e-01 -1.629167731e+02
-6.820627498e-01 3.446356251e-02 7.304811211e-01 4.633395080e+02 7.519917755e-02 9.968990360e-01 2.318179770e-02 -4.249743994e+00 -7.274169981e-01 7.074302021e-02 -6.825393293e-01 -1.633225489e+02
-6.839987730e-01 3.669233454e-02 7.285597787e-01 4.653812495e+02 7.731118322e-02 9.967557252e-01 2.238314605e-02 -4.188270967e+00 -7.253748407e-01 7.163586297e-02 -6.846164208e-01 -1.650602893e+02
-6.825319541e-01 3.790127157e-02 7.298723349e-01 4.656244264e+02 7.930765029e-02 9.965982205e-01 2.241168070e-02 -4.171918264e+00 -7.265400390e-01 7.318114811e-02 -6.832159917e-01 -1.654642344e+02
-6.842530221e-01 3.822315288e-02 7.282422621e-01 4.675753546e+02 7.790848926e-02 9.967417002e-01 2.088660550e-02 -4.123705767e+00 -7.250710786e-01 7.102797739e-02 -6.850014288e-01 -1.671983603e+02
-6.833754301e-01 3.931953681e-02 7.290075415e-01 4.679899447e+02 7.986756877e-02 9.965817813e-01 2.111692849e-02 -4.124209279e+00 -7.256853265e-01 7.265485004e-02 -6.841798592e-01 -1.676611347e+02
-6.828500852e-01 4.222159234e-02 7.293374379e-01 4.699280159e+02 8.385407126e-02 9.962601965e-01 2.083544192e-02 -4.063856492e+00 -7.257301536e-01 7.538539677e-02 -6.838368125e-01 -1.694341485e+02
-6.825046807e-01 4.144549191e-02 7.297051679e-01 4.718264956e+02 8.378757729e-02 9.962455125e-01 2.178349429e-02 -4.038408264e+00 -7.260626713e-01 7.600756497e-02 -6.834148428e-01 -1.712045621e+02
-6.831329182e-01 3.947358678e-02 7.292264751e-01 4.737889680e+02 8.302829781e-02 9.962617101e-01 2.385176746e-02 -4.029390271e+00 -7.255589003e-01 7.684036046e-02 -6.838565940e-01 -1.730015912e+02
-6.820806130e-01 4.041140443e-02 7.301595413e-01 4.756596240e+02 8.437709124e-02 9.961522886e-01 2.368806285e-02 -4.009504133e+00 -7.263928302e-01 7.776590666e-02 -6.828659605e-01 -1.747996682e+02
-6.815098801e-01 4.098050367e-02 7.306605789e-01 4.775456185e+02 8.522028026e-02 9.960821147e-01 2.362042887e-02 -3.987075074e+00 -7.268299575e-01 7.836465495e-02 -6.823321726e-01 -1.765630577e+02
-6.847896532e-01 3.976365974e-02 7.276551259e-01 4.796718029e+02 8.381160024e-02 9.961819433e-01 2.443668188e-02 -3.959821995e+00 -7.239052055e-01 7.771992743e-02 -6.855077434e-01 -1.783009218e+02
-6.864368348e-01 3.843520466e-02 7.261729868e-01 4.816920565e+02 8.222818834e-02 9.963000161e-01 2.499605830e-02 -3.919822471e+00 -7.225254299e-01 7.687010427e-02 -6.870574869e-01 -1.800378455e+02
-6.869939628e-01 3.929705701e-02 7.255997770e-01 4.836696836e+02 8.249258955e-02 9.962991249e-01 2.414593835e-02 -3.866136407e+00 -7.219655586e-01 7.644471846e-02 -6.876931999e-01 -1.818781088e+02
-6.864823502e-01 4.030930626e-02 7.260283346e-01 4.855989377e+02 8.404891302e-02 9.961686182e-01 2.416328481e-02 -3.839364541e+00 -7.222726376e-01 7.760956090e-02 -6.872401276e-01 -1.837125758e+02
-6.853151759e-01 3.589043728e-02 7.273616612e-01 4.875491443e+02 7.964745462e-02 9.964872580e-01 2.587329928e-02 -3.848011678e+00 -7.238780233e-01 7.566386955e-02 -6.857664225e-01 -1.856033715e+02
-6.864401097e-01 3.480196986e-02 7.263530813e-01 4.894725695e+02 7.906496597e-02 9.965044430e-01 2.697454837e-02 -3.795926451e+00 -7.228753052e-01 7.594549359e-02 -6.867922358e-01 -1.873538418e+02
-6.864902607e-01 3.449957469e-02 7.263201094e-01 4.897965924e+02 7.852025848e-02 9.965500903e-01 2.687911044e-02 -3.768817368e+00 -7.228870528e-01 7.548309026e-02 -6.868308467e-01 -1.877597059e+02
-6.874965957e-01 3.510374115e-02 7.253386508e-01 4.917890303e+02 7.620731011e-02 9.968033581e-01 2.398981385e-02 -3.726234244e+00 -7.221778706e-01 7.176902285e-02 -6.879740769e-01 -1.895985424e+02
-6.875613398e-01 3.970529241e-02 7.250399256e-01 4.921607297e+02 7.843053152e-02 9.967230779e-01 1.979286874e-02 -3.684453117e+00 -7.218781446e-01 7.047407809e-02 -6.884223621e-01 -1.900256914e+02
-6.891465188e-01 3.904738697e-02 7.235691931e-01 4.938726757e+02 7.611652063e-02 9.969236271e-01 1.869644631e-02 -3.666352142e+00 -7.206131770e-01 6.796016031e-02 -6.899985983e-01 -1.915988287e+02
-6.930385892e-01 3.270712936e-02 7.201581476e-01 4.947155923e+02 7.004936970e-02 9.972982997e-01 2.211757501e-02 -3.719247794e+00 -7.174890938e-01 6.577495731e-02 -6.934573205e-01 -1.920812063e+02
-6.933080738e-01 3.206171068e-02 7.199277475e-01 4.966008302e+02 7.097489973e-02 9.971907488e-01 2.394105491e-02 -3.691714804e+00 -7.171376984e-01 6.769532636e-02 -6.936359739e-01 -1.938674747e+02
-6.935530834e-01 3.289087646e-02 7.196542994e-01 4.985783473e+02 7.149677522e-02 9.971679656e-01 2.332936877e-02 -3.642998882e+00 -7.168488904e-01 6.763311733e-02 -6.939405089e-01 -1.957072725e+02
-6.941471054e-01 3.367194681e-02 7.190451975e-01 5.004195950e+02 7.153529535e-02 9.971873817e-01 2.236128936e-02 -3.613708504e+00 -7.162698497e-01 6.695913485e-02 -6.946034673e-01 -1.973798630e+02
-6.941546204e-01 3.412748903e-02 7.190164654e-01 5.022916070e+02 7.142774620e-02 9.972113042e-01 2.162618376e-02 -3.586106711e+00 -7.162732999e-01 6.636964098e-02 -6.946564839e-01 -1.991478132e+02
-6.941241935e-01 3.363228550e-02 7.190691715e-01 5.042427602e+02 7.168323350e-02 9.971723552e-01 2.255677470e-02 -3.563466201e+00 -7.162772634e-01 6.720240637e-02 -6.945723278e-01 -2.009584125e+02
-6.939317988e-01 3.293821482e-02 7.192869613e-01 5.061707043e+02 7.163704303e-02 9.971550875e-01 2.344921367e-02 -3.523780819e+00 -7.164682775e-01 6.779974602e-02 -6.943172198e-01 -2.027934236e+02
-6.929728308e-01 3.144296219e-02 7.202777214e-01 5.080883954e+02 7.013261717e-02 9.972503645e-01 2.394006122e-02 -3.465447339e+00 -7.175444737e-01 6.710477368e-02 -6.932725853e-01 -2.046811601e+02
-6.936722084e-01 3.129275643e-02 7.196107494e-01 5.100272281e+02 6.942636361e-02 9.973089448e-01 2.355522494e-02 -3.437501043e+00 -7.169371293e-01 6.629956245e-02 -6.939780405e-01 -2.064578868e+02
-6.933587203e-01 3.091829481e-02 7.199289854e-01 5.119598669e+02 6.885331664e-02 9.973504536e-01 2.347963827e-02 -3.418131249e+00 -7.172955498e-01 6.584931033e-02 -6.936504614e-01 -2.082938817e+02
-6.948648463e-01 3.161812947e-02 7.184449452e-01 5.124083999e+02 6.958209123e-02 9.973015589e-01 2.340797223e-02 -3.382317245e+00 -7.157661475e-01 6.625627874e-02 -6.951898501e-01 -2.087026384e+02
-6.930250694e-01 2.835537106e-02 7.203556248e-01 5.143870868e+02 6.684835501e-02 9.974486549e-01 2.504951516e-02 -3.368828390e+00 -7.178074607e-01 6.551453051e-02 -6.931524332e-01 -2.106198787e+02
-6.926035336e-01 2.810981605e-02 7.207705484e-01 5.147197844e+02 6.638382955e-02 9.974837196e-01 2.488807443e-02 -3.341456807e+00 -7.182572884e-01 6.508507753e-02 -6.927267862e-01 -2.110187440e+02
-6.939833488e-01 2.875783135e-02 7.194164987e-01 5.154110645e+02 6.645379708e-02 9.974952440e-01 2.423078797e-02 -3.336454302e+00 -7.169177110e-01 6.462372140e-02 -6.941561570e-01 -2.114932572e+02
-6.938364808e-01 3.211435755e-02 7.194161563e-01 5.173081060e+02 6.988462462e-02 9.972926305e-01 2.288117905e-02 -3.292080396e+00 -7.167336166e-01 6.615192478e-02 -6.942023089e-01 -2.132733646e+02
-6.936669338e-01 3.230157936e-02 7.195712563e-01 5.191160514e+02 7.032119430e-02 9.972586856e-01 2.302267706e-02 -3.281828212e+00 -7.168550164e-01 6.657117993e-02 -6.940368603e-01 -2.150024701e+02
-6.955234023e-01 3.283786274e-02 7.177526535e-01 5.197582521e+02 7.096469842e-02 9.972103023e-01 2.314356259e-02 -3.257753067e+00 -7.149903555e-01 6.703198999e-02 -6.959134313e-01 -2.154298177e+02
-6.957435003e-01 3.122209208e-02 7.176114288e-01 5.218919057e+02 7.012288587e-02 9.972350381e-01 2.459796093e-02 -3.232202808e+00 -7.148592607e-01 6.743485576e-02 -6.960091793e-01 -2.174184192e+02
-6.959622065e-01 2.960634261e-02 7.174678192e-01 5.240252218e+02 6.928066215e-02 9.972569752e-01 2.605216612e-02 -3.202361757e+00 -7.147284778e-01 6.783796860e-02 -6.961043119e-01 -2.194073230e+02
-6.954158949e-01 2.873370933e-02 7.180328036e-01 5.259810162e+02 6.818443969e-02 9.973305866e-01 2.612629377e-02 -3.163786138e+00 -7.153653719e-01 6.712730435e-02 -6.955187343e-01 -2.212824950e+02
-6.957189870e-01 2.840143516e-02 7.177523595e-01 5.279362545e+02 6.761377259e-02 9.973708515e-01 2.607225398e-02 -3.129287506e+00 -7.151247925e-01 6.666890694e-02 -6.958101666e-01 -2.231253696e+02
-6.910380690e-01 2.683479430e-02 7.223200683e-01 5.295640842e+02 6.659530674e-02 9.974239411e-01 2.665608604e-02 -3.095427294e+00 -7.197440186e-01 6.652349674e-02 -6.910449855e-01 -2.249777303e+02
-6.744483480e-01 3.034554057e-02 7.376981591e-01 5.300999061e+02 7.028953782e-02 9.972558674e-01 2.324039185e-02 -3.114483104e+00 -7.349685753e-01 6.752690655e-02 -6.747305464e-01 -2.265390353e+02
-6.754234497e-01 2.877272453e-02 7.368685731e-01 5.321886351e+02 6.857435737e-02 9.973594011e-01 2.391197338e-02 -3.071964504e+00 -7.342347861e-01 6.668099641e-02 -6.756129984e-01 -2.283925091e+02
-6.742246068e-01 2.738048867e-02 7.380186234e-01 5.341241018e+02 6.626044253e-02 9.975250073e-01 2.352474327e-02 -3.038978620e+00 -7.355479137e-01 6.476240136e-02 -6.743701491e-01 -2.301786779e+02
-6.735581757e-01 2.843075952e-02 7.385872162e-01 5.344261188e+02 6.651182321e-02 9.975373663e-01 2.225713764e-02 -3.033058833e+00 -7.361355591e-01 6.411625937e-02 -6.737904303e-01 -2.306009471e+02
-6.732713226e-01 2.884761426e-02 7.388325530e-01 5.363480389e+02 6.841381939e-02 9.973825605e-01 2.340037025e-02 -3.016029258e+00 -7.362236586e-01 6.630115507e-02 -6.734826511e-01 -2.323953490e+02
-6.735570633e-01 2.738004515e-02 7.386279277e-01 5.381397156e+02 6.840366389e-02 9.973341445e-01 2.540753790e-02 -2.990188980e+00 -7.359631928e-01 6.763828312e-02 -6.736343529e-01 -2.340214838e+02
-6.736061928e-01 2.712708353e-02 7.385924575e-01 5.401122007e+02 6.888823295e-02 9.972803189e-01 2.619879694e-02 -2.934717738e+00 -7.358730246e-01 6.852800114e-02 -6.736429356e-01 -2.358527615e+02
-6.759632883e-01 2.478242637e-02 7.365184751e-01 5.407295613e+02 6.352716492e-02 9.976735510e-01 2.473428786e-02 -2.947791776e+00 -7.341920268e-01 6.350840120e-02 -6.759650514e-01 -2.362610553e+02
-6.746366991e-01 2.659657077e-02 7.376706220e-01 5.426678329e+02 6.363983520e-02 9.977253339e-01 2.222902120e-02 -2.907364332e+00 -7.354014520e-01 6.194175030e-02 -6.747947273e-01 -2.380609288e+02
-6.771229121e-01 2.815330975e-02 7.353311860e-01 5.446756829e+02 6.404203563e-02 9.977309796e-01 2.077281725e-02 -2.879647125e+00 -7.330778810e-01 6.115785652e-02 -6.773895017e-01 -2.397832647e+02
-6.788596828e-01 2.750588223e-02 7.337526541e-01 5.452539474e+02 6.332383653e-02 9.977681834e-01 2.118357643e-02 -2.883565487e+00 -7.315323798e-01 6.084470910e-02 -6.790863705e-01 -2.402120000e+02
-6.795880763e-01 2.745416521e-02 7.330800198e-01 5.472529576e+02 6.378615424e-02 9.977261884e-01 2.176647816e-02 -2.835349982e+00 -7.308155534e-01 6.155259423e-02 -6.797940166e-01 -2.420017496e+02
-6.785220017e-01 2.748134210e-02 7.340658479e-01 5.490736943e+02 6.539693291e-02 9.975918791e-01 2.310159798e-02 -2.816085231e+00 -7.316632657e-01 6.368059751e-02 -6.786852342e-01 -2.437799346e+02
-6.779492932e-01 2.634858405e-02 7.346363100e-01 5.510580801e+02 6.500713388e-02 9.975910436e-01 2.421120324e-02 -2.791491426e+00 -7.322286722e-01 6.417056908e-02 -6.780289889e-01 -2.456220910e+02
-6.756399080e-01 2.667733147e-02 7.367489631e-01 5.527970632e+02 6.500175423e-02 9.976087003e-01 2.348729642e-02 -2.761564578e+00 -7.343605971e-01 6.375892982e-02 -6.757583239e-01 -2.473478393e+02
-6.816873382e-01 2.699425135e-02 7.311454597e-01 5.557279401e+02 6.372858608e-02 9.977117496e-01 2.258167408e-02 -2.682421972e+00 -7.288628405e-01 6.198850766e-02 -6.818477724e-01 -2.492854659e+02
-6.796054332e-01 1.820000620e-02 7.333520403e-01 5.558788790e+02 5.200494242e-02 9.983722545e-01 2.341639385e-02 -2.787287396e+00 -7.317321512e-01 5.405183911e-02 -6.794456987e-01 -2.496628481e+02
-6.797500145e-01 1.821653620e-02 7.332176182e-01 5.577657223e+02 5.206796125e-02 9.983677823e-01 2.346696825e-02 -2.750601947e+00 -7.315933606e-01 5.412881855e-02 -6.795890124e-01 -2.513728369e+02
-6.791237580e-01 1.685819560e-02 7.338301729e-01 5.597362682e+02 5.120966159e-02 9.983884348e-01 2.445616298e-02 -2.735232340e+00 -7.322352709e-01 5.418795613e-02 -6.788926082e-01 -2.531729512e+02
-6.794641204e-01 1.678313688e-02 7.335167587e-01 5.619014342e+02 5.074566019e-02 9.984192880e-01 2.416202163e-02 -2.681794930e+00 -7.319517655e-01 5.364001895e-02 -6.792417547e-01 -2.551857359e+02
-6.770382003e-01 1.732523819e-02 7.357439170e-01 5.638254015e+02 5.056971866e-02 9.984551252e-01 2.302317158e-02 -2.653089325e+00 -7.342084029e-01 5.279392954e-02 -6.768683935e-01 -2.570503696e+02
-6.739532078e-01 1.665994297e-02 7.385861629e-01 5.658986303e+02 5.000974488e-02 9.984812965e-01 2.311116479e-02 -2.583345060e+00 -7.370794388e-01 5.251234923e-02 -6.737628322e-01 -2.591336061e+02
-6.724139671e-01 1.865438796e-02 7.399401805e-01 5.679551517e+02 5.256191330e-02 9.983619963e-01 2.259578961e-02 -2.517951318e+00 -7.383066451e-01 5.408639615e-02 -6.722930608e-01 -2.610964410e+02
-6.748610866e-01 1.904328143e-02 7.376990357e-01 5.705524025e+02 5.295424470e-02 9.983395361e-01 2.267198080e-02 -2.436895662e+00 -7.360423641e-01 5.436473285e-02 -6.747489267e-01 -2.632258331e+02
-6.787321099e-01 2.195494663e-02 7.340576975e-01 5.733490716e+02 5.290859394e-02 9.984174614e-01 1.905920961e-02 -2.272921330e+00 -7.324775790e-01 5.177405820e-02 -6.788195955e-01 -2.653743987e+02
-6.642340659e-01 2.266128241e-02 7.471810838e-01 5.741456760e+02 5.235997860e-02 9.984958277e-01 1.626390951e-02 -2.153546434e+00 -7.456886336e-01 4.992542830e-02 -6.644214877e-01 -2.671739152e+02
-6.838690576e-01 2.573709633e-02 7.291506798e-01 5.780991082e+02 5.277232126e-02 9.985048854e-01 1.425047178e-02 -1.967484343e+00 -7.276937502e-01 4.822443063e-02 -6.842048013e-01 -2.685326620e+02
-6.772433154e-01 2.772002509e-02 7.352367591e-01 5.782320301e+02 5.567823501e-02 9.983555039e-01 1.364631560e-02 -1.922359562e+00 -7.336493889e-01 5.017856108e-02 -6.776729935e-01 -2.690212911e+02
-6.845247888e-01 2.842031723e-02 7.284353774e-01 5.792559964e+02 5.546733437e-02 9.983736191e-01 1.317161504e-02 -1.876505189e+00 -7.268763226e-01 4.942066565e-02 -6.849878900e-01 -2.694009107e+02
-6.832416360e-01 2.832866738e-02 7.296426203e-01 5.796004482e+02 5.524656041e-02 9.983884951e-01 1.297036996e-02 -1.865724350e+00 -7.280993644e-01 4.917214189e-02 -6.837056502e-01 -2.698355813e+02
-6.819127932e-01 2.664756690e-02 7.309479117e-01 5.815455273e+02 5.314583671e-02 9.984997904e-01 1.317910050e-02 -1.859803863e+00 -7.295001457e-01 4.783383559e-02 -6.823059883e-01 -2.716358525e+02
-6.800866521e-01 3.515359360e-02 7.322884476e-01 5.839765356e+02 5.803550724e-02 9.982966386e-01 5.975049195e-03 -1.610024299e+00 -7.308310513e-01 4.656228271e-02 -6.809683754e-01 -2.744981517e+02
-6.820832548e-01 3.704620914e-02 7.303355474e-01 5.860500211e+02 5.883154387e-02 9.982586289e-01 4.308037578e-03 -1.623859259e+00 -7.289041658e-01 4.590520809e-02 -6.830749805e-01 -2.763241591e+02
-6.988431918e-01 3.497723685e-02 7.144191950e-01 5.875828587e+02 5.075905894e-02 9.987106416e-01 7.565363729e-04 -1.598030789e+00 -7.134715910e-01 3.679194632e-02 -6.997175441e-01 -2.765844579e+02
-6.785647368e-01 3.107581760e-02 7.338829549e-01 5.871295275e+02 4.730286854e-02 9.988795543e-01 1.440365519e-03 -1.680052938e+00 -7.330159184e-01 3.569215019e-02 -6.792744172e-01 -2.773057572e+02
-6.779169601e-01 2.873470867e-02 7.345766888e-01 5.890912526e+02 4.570609163e-02 9.989501069e-01 3.104365314e-03 -1.747317920e+00 -7.337162588e-01 3.567913134e-02 -6.785185710e-01 -2.791382307e+02
-6.763985252e-01 2.724251922e-02 7.360318473e-01 5.910450728e+02 4.417616674e-02 9.990171955e-01 3.620697784e-03 -1.793883109e+00 -7.352098350e-01 3.496410026e-02 -6.769372277e-01 -2.810376183e+02
-6.776162314e-01 3.136640199e-02 7.347464813e-01 5.914713387e+02 4.865075592e-02 9.988133649e-01 2.228469829e-03 -1.734674939e+00 -7.338047063e-01 3.725601905e-02 -6.783381473e-01 -2.814284880e+02
-6.901683569e-01 2.663745335e-02 7.231584095e-01 5.929067929e+02 3.851671643e-02 9.992579548e-01 -4.794006740e-05 -1.764345269e+00 -7.226230703e-01 2.782060068e-02 -6.906822080e-01 -2.818459068e+02
-6.894858860e-01 2.568752949e-02 7.238434664e-01 5.948128836e+02 3.750506802e-02 9.992964030e-01 2.621550611e-04 -1.805751947e+00 -7.233274382e-01 2.732855066e-02 -6.899641784e-01 -2.837030332e+02
-6.897415369e-01 2.809895766e-02 7.235102355e-01 5.967584628e+02 4.135928261e-02 9.991441432e-01 6.251551861e-04 -1.811557084e+00 -7.228734481e-01 3.035505980e-02 -6.903133697e-01 -2.855795766e+02
-6.889257926e-01 2.808984655e-02 7.242873827e-01 5.985368848e+02 4.126142468e-02 9.991482611e-01 4.972313110e-04 -1.801962799e+00 -7.236565118e-01 3.022768476e-02 -6.894980348e-01 -2.873343494e+02
-6.884031367e-01 2.813055368e-02 7.247825835e-01 6.004140475e+02 4.184270641e-02 9.991237453e-01 9.640769708e-04 -1.830417279e+00 -7.241203693e-01 3.099053847e-02 -6.889769787e-01 -2.891657469e+02
-6.889966459e-01 2.623987101e-02 7.242893697e-01 6.023306713e+02 4.035936783e-02 9.991828202e-01 2.193930798e-03 -1.876363111e+00 -7.236399266e-01 3.074347205e-02 -6.894926363e-01 -2.909751607e+02
-6.957382786e-01 3.265767571e-02 7.175525931e-01 6.057255888e+02 4.435287744e-02 9.990128904e-01 -2.463156592e-03 -1.710394264e+00 -7.169247310e-01 3.011180989e-02 -6.964999706e-01 -2.936221375e+02
-7.351208024e-01 3.805443890e-02 6.768672437e-01 6.099601256e+02 4.187008354e-02 9.990658166e-01 -1.069533167e-02 -1.487942288e+00 -6.766419304e-01 2.047812724e-02 -7.360274073e-01 -2.944608886e+02
-7.911252601e-01 5.377464328e-02 6.092857380e-01 6.156211523e+02 5.246885110e-02 9.984224407e-01 -1.999123950e-02 -1.122201015e+00 -6.093995754e-01 1.615294812e-02 -7.926987068e-01 -2.952903450e+02
-8.064102506e-01 5.842412126e-02 5.884633632e-01 6.175445642e+02 6.441771421e-02 9.978646369e-01 -1.079465585e-02 -1.379476250e+00 -5.878374485e-01 2.920254362e-02 -8.084518202e-01 -2.974897360e+02
-8.123681327e-01 5.578448105e-02 5.804705924e-01 6.185623501e+02 6.111495082e-02 9.980766869e-01 -1.038700604e-02 -1.410281491e+00 -5.799335994e-01 2.703735900e-02 -8.142149602e-01 -2.980860689e+02
-8.143038458e-01 5.739789495e-02 5.775939131e-01 6.193140500e+02 6.271829604e-02 9.979733600e-01 -1.075118743e-02 -1.407731023e+00 -5.770404337e-01 2.747097276e-02 -8.162534432e-01 -2.987579284e+02
-8.203875528e-01 5.271005825e-02 5.693732633e-01 6.204080265e+02 5.541000224e-02 9.983843329e-01 -1.258791142e-02 -1.438356590e+00 -5.691168552e-01 2.122200795e-02 -8.219827440e-01 -2.994748432e+02
-8.217753686e-01 6.083826467e-02 5.665544539e-01 6.210251188e+02 6.346730523e-02 9.978697346e-01 -1.509615681e-02 -1.333358539e+00 -5.662659665e-01 2.355203463e-02 -8.238860096e-01 -3.000874851e+02
-8.228993826e-01 6.416575824e-02 5.645523551e-01 6.214816998e+02 6.635855032e-02 9.976566434e-01 -1.666627518e-02 -1.302530019e+00 -5.642988118e-01 2.374820831e-02 -8.252289826e-01 -3.006065073e+02
-8.231751179e-01 6.372266869e-02 5.642004491e-01 6.230577874e+02 6.674564865e-02 9.976527780e-01 -1.529552176e-02 -1.398616654e+00 -5.638508168e-01 2.506703201e-02 -8.254961540e-01 -3.028511019e+02
-8.265156515e-01 6.036691293e-02 5.596675028e-01 6.238200828e+02 6.382722496e-02 9.978713638e-01 -1.337260655e-02 -1.452416997e+00 -5.592834373e-01 2.466935499e-02 -8.286093529e-01 -3.034955568e+02
-8.374153967e-01 6.141126899e-02 5.431059837e-01 6.256262387e+02 6.348780874e-02 9.978707574e-01 -1.494154217e-02 -1.394062845e+00 -5.428671583e-01 2.196833135e-02 -8.395312030e-01 -3.045242188e+02
-8.407072124e-01 5.645904762e-02 5.385385399e-01 6.262919314e+02 5.683701598e-02 9.982564217e-01 -1.592702648e-02 -1.438983808e+00 -5.384987805e-01 1.721895757e-02 -8.424503373e-01 -3.051276456e+02
-8.413970311e-01 6.137898100e-02 5.369205311e-01 6.266572706e+02 6.165624001e-02 9.979446895e-01 -1.746152419e-02 -1.411351062e+00 -5.368887632e-01 1.841242652e-02 -8.434520961e-01 -3.056190357e+02
-8.420933116e-01 6.321568293e-02 5.356142567e-01 6.270154502e+02 6.331892242e-02 9.978270465e-01 -1.821810567e-02 -1.410956026e+00 -5.356020618e-01 1.857317263e-02 -8.442662309e-01 -3.061147739e+02
-8.435866476e-01 6.379636029e-02 5.331900152e-01 6.275007824e+02 6.288050661e-02 9.978225777e-01 -1.990339767e-02 -1.418481249e+00 -5.332987997e-01 1.673701776e-02 -8.457613508e-01 -3.066746489e+02
-8.447864665e-01 6.256574282e-02 5.314333015e-01 6.279897629e+02 6.089457586e-02 9.979298242e-01 -2.068614655e-02 -1.446643210e+00 -5.316273852e-01 1.488602884e-02 -8.468475243e-01 -3.072506203e+02
-8.449646432e-01 6.821186347e-02 5.304544216e-01 6.284126505e+02 6.678240863e-02 9.975272973e-01 -2.189523031e-02 -1.419037514e+00 -5.306362799e-01 1.692432847e-02 -8.474306494e-01 -3.078149112e+02
-8.457676683e-01 6.714564226e-02 5.293094691e-01 6.287779515e+02 6.519545824e-02 9.976215246e-01 -2.237958700e-02 -1.452724514e+00 -5.295532112e-01 1.558064227e-02 -8.481336216e-01 -3.083372214e+02
-8.459041611e-01 6.646459327e-02 5.291772936e-01 6.290865250e+02 6.454393131e-02 9.976694136e-01 -2.213192416e-02 -1.462612807e+00 -5.294149895e-01 1.543369615e-02 -8.482225945e-01 -3.088206783e+02
-8.471675183e-01 6.763554392e-02 5.270034431e-01 6.295658183e+02 6.572402852e-02 9.975868861e-01 -2.237759482e-02 -1.455350566e+00 -5.272452446e-01 1.567921786e-02 -8.495684870e-01 -3.093772048e+02
-8.523908878e-01 7.398616969e-02 5.176444929e-01 6.304617512e+02 7.168283019e-02 9.971270294e-01 -2.447977039e-02 -1.398079537e+00 -5.179684799e-01 1.623988907e-02 -8.552455319e-01 -3.099880154e+02
-8.523746578e-01 8.275437964e-02 5.163420914e-01 6.309791965e+02 8.185050459e-02 9.963418172e-01 -2.456579341e-02 -1.371365150e+00 -5.164861447e-01 2.132360097e-02 -8.560300032e-01 -3.106250935e+02
-8.505067039e-01 8.241480218e-02 5.194671760e-01 6.310981715e+02 8.154011324e-02 9.963670843e-01 -2.457322385e-02 -1.426915231e+00 -5.196051929e-01 2.145772073e-02 -8.541369971e-01 -3.111118831e+02
-8.501217727e-01 8.311155595e-02 5.199860006e-01 6.314487742e+02 8.279776860e-02 9.962803593e-01 -2.387415237e-02 -1.454479381e+00 -5.200360575e-01 2.275774382e-02 -8.538410766e-01 -3.116880489e+02
-8.535363246e-01 7.115825949e-02 5.161513777e-01 6.321404349e+02 6.922657575e-02 9.973353549e-01 -2.301892714e-02 -1.540999037e+00 -5.164140043e-01 1.608390198e-02 -8.561879959e-01 -3.123785934e+02
-8.482858311e-01 7.137175810e-02 5.247067951e-01 6.320336926e+02 6.996728296e-02 9.972946247e-01 -2.253909430e-02 -1.520715683e+00 -5.248959211e-01 1.759271446e-02 -8.509845876e-01 -3.128877880e+02
-8.486939026e-01 6.860454549e-02 5.244159379e-01 6.323796253e+02 6.592022680e-02 9.975406259e-01 -2.381645141e-02 -1.563108182e+00 -5.247601198e-01 1.435674047e-02 -8.511290740e-01 -3.134360088e+02
-8.499993747e-01 7.049664108e-02 5.220452917e-01 6.329196276e+02 6.677307207e-02 9.974301117e-01 -2.597169882e-02 -1.562739375e+00 -5.225346111e-01 1.278264013e-02 -8.525222485e-01 -3.140603980e+02
-8.517055551e-01 7.630796986e-02 5.184348958e-01 6.334264659e+02 7.319883009e-02 9.969655412e-01 -2.648850678e-02 -1.517388448e+00 -5.188830106e-01 1.538841947e-02 -8.547067438e-01 -3.146144708e+02
-8.634664664e-01 6.061693376e-02 5.007506853e-01 6.350052669e+02 5.484297818e-02 9.981496190e-01 -2.625996757e-02 -1.667209101e+00 -5.014159044e-01 4.788057502e-03 -8.651931376e-01 -3.155239003e+02
-8.655641339e-01 6.369134803e-02 4.967314589e-01 6.356190646e+02 5.851902506e-02 9.979479880e-01 -2.598724752e-02 -1.663233514e+00 -4.973673228e-01 6.574611301e-03 -8.675151415e-01 -3.161592553e+02
-8.658161915e-01 6.320328218e-02 4.963543771e-01 6.371033731e+02 5.776809649e-02 9.979832723e-01 -2.631036550e-02 -1.796978043e+00 -4.970162669e-01 5.893507096e-03 -8.677212093e-01 -3.186027406e+02
-8.660590629e-01 7.124614428e-02 4.948390512e-01 6.375939573e+02 6.544273773e-02 9.974327380e-01 -2.907199950e-02 -1.750031763e+00 -4.956399376e-01 7.205553606e-03 -8.684982051e-01 -3.192408057e+02
-8.636975637e-01 7.474991599e-02 4.984365240e-01 6.377041391e+02 6.836115318e-02 9.971761526e-01 -3.108815553e-02 -1.755370361e+00 -4.993528523e-01 7.222931380e-03 -8.663686041e-01 -3.197195232e+02
-8.650172271e-01 7.960977475e-02 4.953861934e-01 6.382849853e+02 7.339256547e-02 9.967885800e-01 -3.203214194e-02 -1.740786063e+00 -4.963453719e-01 8.649309031e-03 -8.680820591e-01 -3.203637722e+02
-8.645303427e-01 8.605871180e-02 4.951577372e-01 6.387445960e+02 8.116171757e-02 9.962051027e-01 -3.143515522e-02 -1.700283357e+00 -4.959839334e-01 1.301120691e-02 -8.682342117e-01 -3.210103460e+02
-8.675864283e-01 9.005112473e-02 4.890650104e-01 6.395489841e+02 8.574413894e-02 9.958268805e-01 -3.125326706e-02 -1.673456908e+00 -4.898384755e-01 1.481954786e-02 -8.716872426e-01 -3.217487617e+02
-8.684171276e-01 9.460199786e-02 4.867259543e-01 6.401006368e+02 9.016151178e-02 9.953933844e-01 -3.260233321e-02 -1.650939204e+00 -4.875680407e-01 1.557152330e-02 -8.729461228e-01 -3.224117772e+02
-8.685989428e-01 8.754597970e-02 4.877207993e-01 6.403935941e+02 8.234997340e-02 9.960851669e-01 -3.213755081e-02 -1.743788930e+00 -4.886249671e-01 1.224915219e-02 -8.724079320e-01 -3.229640566e+02
-8.682918061e-01 7.359036372e-02 4.905647743e-01 6.403079620e+02 6.655420822e-02 9.972758436e-01 -3.180297326e-02 -1.893715465e+00 -4.915687915e-01 5.034889045e-03 -8.708241918e-01 -3.232601711e+02
-8.684996171e-01 7.363285355e-02 4.901903895e-01 6.416717068e+02 6.596507752e-02 9.972784190e-01 -3.292967702e-02 -1.991429197e+00 -4.912810027e-01 3.736035161e-03 -8.709931219e-01 -3.255220761e+02
-8.667548265e-01 6.027767503e-02 4.950784511e-01 6.417350805e+02 5.077406210e-02 9.981766671e-01 -3.263948439e-02 -2.139746303e+00 -4.961431905e-01 -3.153286613e-03 -8.682349862e-01 -3.259916210e+02
-8.693422701e-01 5.606712678e-02 4.910198517e-01 6.423488458e+02 4.542761429e-02 9.984032873e-01 -3.357391417e-02 -2.217857617e+00 -4.921182270e-01 -6.881362325e-03 -8.705011760e-01 -3.266457861e+02
-8.696647998e-01 5.529200458e-02 4.905363698e-01 6.437001807e+02 4.522939002e-02 9.984524828e-01 -3.235648120e-02 -2.340841044e+00 -4.915663111e-01 -5.952631957e-03 -8.708198023e-01 -3.289501156e+02
-8.689354905e-01 4.687570128e-02 4.927004993e-01 6.440077413e+02 3.664315389e-02 9.988656758e-01 -3.040790939e-02 -2.440550866e+00 -4.935670093e-01 -8.368411439e-03 -8.696675095e-01 -3.295467304e+02
-8.690856541e-01 4.407786027e-02 4.926938887e-01 6.452644058e+02 3.402090883e-02 9.989897289e-01 -2.936152894e-02 -2.560351761e+00 -4.934903277e-01 -8.755789712e-03 -8.697072109e-01 -3.317270825e+02
-8.700283300e-01 4.255301429e-02 4.911618328e-01 6.455875023e+02 3.189326483e-02 9.990391612e-01 -3.005950948e-02 -2.588651552e+00 -4.919690281e-01 -1.048787043e-02 -8.705495276e-01 -3.322519123e+02
-8.671722794e-01 1.511857522e-02 4.977787324e-01 6.452599920e+02 1.604873521e-03 9.996187338e-01 -2.756467542e-02 -2.914147278e+00 -4.980056848e-01 -2.310445051e-02 -8.668659194e-01 -3.325117182e+02
-8.689725981e-01 2.070441560e-02 4.944268915e-01 6.468416243e+02 7.471836186e-03 9.995594225e-01 -2.872512204e-02 -2.961307665e+00 -4.948037949e-01 -2.126706719e-02 -8.687444483e-01 -3.349885786e+02
-8.707977599e-01 2.099005135e-02 4.911931180e-01 6.472376411e+02 7.591373071e-03 9.995431503e-01 -2.925511548e-02 -2.979044161e+00 -4.915827829e-01 -2.174645882e-02 -8.705592795e-01 -3.355351785e+02
-8.723539837e-01 2.225778907e-02 4.883678101e-01 6.486220678e+02 8.401821675e-03 9.994980765e-01 -3.054512283e-02 -3.047735108e+00 -4.888025538e-01 -2.254298033e-02 -8.721031347e-01 -3.377996335e+02
-8.720560345e-01 2.654779104e-02 4.886854689e-01 6.499376144e+02 1.379924993e-02 9.994644587e-01 -2.967113890e-02 -3.147257331e+00 -4.892114609e-01 -1.913140280e-02 -8.719553521e-01 -3.401443339e+02
-8.726218044e-01 2.856594418e-02 4.875604304e-01 6.513402743e+02 1.649243104e-02 9.994422073e-01 -2.903918056e-02 -3.230845375e+00 -4.881180043e-01 -1.729916536e-02 -8.726061842e-01 -3.425125587e+02
-8.727338484e-01 3.187422563e-02 4.871546608e-01 6.524797920e+02 2.084974796e-02 9.993894136e-01 -2.803726204e-02 -3.363347015e+00 -4.877508768e-01 -1.431201571e-02 -8.728655386e-01 -3.446024118e+02
-8.734831676e-01 3.179538903e-02 4.858149947e-01 6.537782213e+02 2.049507765e-02 9.993820211e-01 -2.855744460e-02 -3.484727242e+00 -4.864227664e-01 -1.498763113e-02 -8.735950225e-01 -3.468604438e+02
-8.714659914e-01 4.404231200e-02 4.884744626e-01 6.539585365e+02 3.300679358e-02 9.989685230e-01 -3.118399518e-02 -3.407851188e+00 -4.893440276e-01 -1.105281552e-02 -8.720207898e-01 -3.474170613e+02
-8.710047298e-01 4.201151570e-02 4.894750180e-01 6.541753737e+02 2.934916574e-02 9.990070705e-01 -3.351864437e-02 -3.447264823e+00 -4.903971728e-01 -1.482921436e-02 -8.713728865e-01 -3.479162166e+02
-8.709864107e-01 4.591929505e-02 4.891565094e-01 6.544873520e+02 3.393799889e-02 9.988677358e-01 -3.333854528e-02 -3.443900142e+00 -4.901335375e-01 -1.243642682e-02 -8.715586330e-01 -3.484525108e+02
-8.714389679e-01 3.773617467e-02 4.890502084e-01 6.548786092e+02 2.492485393e-02 9.991549183e-01 -3.268334265e-02 -3.538610366e+00 -4.898702654e-01 -1.629203338e-02 -8.716430994e-01 -3.490497727e+02
-8.718176217e-01 2.954937355e-02 4.889385126e-01 6.552703799e+02 1.590938540e-02 9.993603011e-01 -3.202936137e-02 -3.632409958e+00 -4.895721867e-01 -2.014505042e-02 -8.717300333e-01 -3.496468417e+02
-8.723133223e-01 1.883389146e-02 4.885844373e-01 6.558400736e+02 4.046152524e-03 9.995016978e-01 -3.130470923e-02 -3.763395402e+00 -4.889305640e-01 -2.533062776e-02 -8.719548514e-01 -3.503935411e+02
-8.716868741e-01 2.247304551e-02 4.895477054e-01 6.561186314e+02 7.465617033e-03 9.994410256e-01 -3.258682067e-02 -3.757629457e+00 -4.900063858e-01 -2.475072815e-02 -8.713673986e-01 -3.509073697e+02
-8.709257545e-01 2.159315618e-02 4.909399817e-01 6.563919019e+02 6.667629651e-03 9.994614177e-01 -3.213125166e-02 -3.798339943e+00 -4.913693853e-01 -2.471052861e-02 -8.706006645e-01 -3.514678443e+02
-8.706296209e-01 2.146126044e-02 4.914707291e-01 6.566877142e+02 6.699459389e-03 9.994725483e-01 -3.177644556e-02 -3.827552995e+00 -4.918934646e-01 -2.437292656e-02 -8.703141846e-01 -3.520005320e+02
-8.703331752e-01 2.132915906e-02 4.920012511e-01 6.569838526e+02 6.731502797e-03 9.994835499e-01 -3.142165468e-02 -3.856549626e+00 -4.924173545e-01 -2.403540069e-02 -8.700272688e-01 -3.525330503e+02
-8.708218785e-01 2.083334161e-02 4.911570297e-01 6.574460152e+02 6.415897197e-03 9.994981662e-01 -3.102018736e-02 -3.879888331e+00 -4.915568047e-01 -2.386184482e-02 -8.705185352e-01 -3.531373195e+02
-8.664219841e-01 -8.648118493e-03 4.992375743e-01 6.568261918e+02 -2.478493992e-02 9.993623429e-01 -2.570241809e-02 -4.293746523e+00 -4.986969544e-01 -3.464271336e-02 -8.660838470e-01 -3.531001597e+02
-8.692834707e-01 -1.359279440e-02 4.941269913e-01 6.574964842e+02 -3.080108771e-02 9.991688459e-01 -2.670038263e-02 -4.303874806e+00 -4.933533628e-01 -3.842985008e-02 -8.689796350e-01 -3.537348244e+02
-8.664876600e-01 -1.662057708e-02 4.989217288e-01 6.575983675e+02 -3.429329450e-02 9.990663355e-01 -2.627598020e-02 -4.374499125e+00 -4.980191814e-01 -3.987748238e-02 -8.662486256e-01 -3.542339755e+02
-8.660691640e-01 -1.541600809e-02 4.996864515e-01 6.578399037e+02 -3.303809803e-02 9.991043376e-01 -2.643873443e-02 -4.401935376e+00 -4.988313214e-01 -3.940646260e-02 -8.658027740e-01 -3.547303774e+02
-8.664569328e-01 -1.634739660e-02 4.989841142e-01 6.581463987e+02 -3.410595041e-02 9.990670383e-01 -2.649221028e-02 -4.459397160e+00 -4.980855025e-01 -3.997268672e-02 -8.662061051e-01 -3.552262116e+02
-8.665285655e-01 -2.277239795e-02 4.986077247e-01 6.586124556e+02 -4.103923918e-02 9.988268660e-01 -2.570355319e-02 -4.518640926e+00 -4.974374595e-01 -4.273534475e-02 -8.664465732e-01 -3.558312734e+02
-8.672313465e-01 -2.058614307e-02 4.974796501e-01 6.599939559e+02 -3.839107740e-02 9.989351116e-01 -2.558843284e-02 -4.599271695e+00 -4.964231227e-01 -4.128987082e-02 -8.670981662e-01 -3.581258513e+02
-8.639790214e-01 -2.082099567e-02 5.030971444e-01 6.599242462e+02 -3.867967089e-02 9.989367789e-01 -2.508375568e-02 -4.614746437e+00 -5.020399722e-01 -4.113147065e-02 -8.638657699e-01 -3.585795455e+02
-8.645303389e-01 -2.344729274e-02 5.020333829e-01 6.612646958e+02 -4.164016552e-02 9.988184162e-01 -2.505729507e-02 -4.697254455e+00 -5.008526626e-01 -4.256754496e-02 -8.644851731e-01 -3.608112973e+02
-8.650138115e-01 -2.465272479e-02 5.011420449e-01 6.625987922e+02 -4.353121783e-02 9.987134605e-01 -2.600878674e-02 -4.782998790e+00 -4.998561184e-01 -4.431328327e-02 -8.649741001e-01 -3.630333423e+02
-8.753129136e-01 -2.823065927e-02 4.827321547e-01 6.642184041e+02 -4.596136256e-02 9.986318803e-01 -2.493833840e-02 -4.922471728e+00 -4.813676936e-01 -4.401587723e-02 -8.754129004e-01 -3.650736614e+02
-8.852107055e-01 -3.180124475e-02 4.641020229e-01 6.657946970e+02 -4.841328766e-02 9.985409397e-01 -2.391955897e-02 -5.058264126e+00 -4.626641983e-01 -4.364255441e-02 -8.854587326e-01 -3.671478742e+02
-8.852008747e-01 -3.480328981e-02 4.639053162e-01 6.670915140e+02 -5.154067611e-02 9.983956514e-01 -2.344529798e-02 -5.128820068e+00 -4.623450768e-01 -4.466379193e-02 -8.855744890e-01 -3.695145328e+02
-8.859726465e-01 -3.420751704e-02 4.624741240e-01 6.683006396e+02 -5.133464935e-02 9.983810291e-01 -2.449641717e-02 -5.222800075e+00 -4.608874303e-01 -4.544410254e-02 -8.862943135e-01 -3.717338754e+02
-8.854801792e-01 -3.239387974e-02 4.635466414e-01 6.693885582e+02 -4.990633741e-02 9.984267898e-01 -2.555979093e-02 -5.318895001e+00 -4.619894043e-01 -4.576660334e-02 -8.857037927e-01 -3.738815084e+02
-8.849838120e-01 -3.057975984e-02 4.646165416e-01 6.704790112e+02 -4.847920474e-02 9.984692696e-01 -2.662488276e-02 -5.417509028e+00 -4.630911564e-01 -4.608683068e-02 -8.851116229e-01 -3.760277415e+02
-8.887843567e-01 -3.137090990e-02 4.572507335e-01 6.711803984e+02 -4.948847785e-02 9.983906071e-01 -2.769632119e-02 -5.394422172e+00 -4.556459786e-01 -4.724469981e-02 -8.889064521e-01 -3.767331665e+02
-8.926973079e-01 -3.759291884e-02 4.490860595e-01 6.711626507e+02 -5.654474679e-02 9.979828854e-01 -2.885917597e-02 -5.389621019e+00 -4.470953008e-01 -5.115596622e-02 -8.930223172e-01 -3.765067298e+02
-8.936399090e-01 -3.640258061e-02 4.473058967e-01 6.724262032e+02 -5.497891671e-02 9.980774597e-01 -2.861298956e-02 -5.469251284e+00 -4.454043464e-01 -5.016210302e-02 -8.939232247e-01 -3.788380539e+02
-8.938796582e-01 -3.901622138e-02 4.466059685e-01 6.736292662e+02 -5.887305186e-02 9.977943725e-01 -3.066519105e-02 -5.524358802e+00 -4.444244822e-01 -5.370404684e-02 -8.942050967e-01 -3.811192381e+02
-8.929791578e-01 -3.931569739e-02 4.483776307e-01 6.748034249e+02 -5.937299477e-02 9.977618958e-01 -3.075787275e-02 -5.669295362e+00 -4.461648476e-01 -5.408766202e-02 -8.933148681e-01 -3.835048948e+02
-8.961813998e-01 -4.492885472e-02 4.414071778e-01 6.746687980e+02 -6.740964786e-02 9.970982235e-01 -3.537049721e-02 -5.661551293e+00 -4.385371569e-01 -6.145348412e-02 -8.966095200e-01 -3.831350811e+02
-8.960704301e-01 -4.307996595e-02 4.418165918e-01 6.758197354e+02 -6.473229114e-02 9.973218672e-01 -3.404150086e-02 -5.813198086e+00 -4.391668415e-01 -5.910338256e-02 -8.964592994e-01 -3.853894276e+02
-8.943713287e-01 -4.139763933e-02 4.454056150e-01 6.771519473e+02 -6.244307101e-02 9.975135891e-01 -3.267265637e-02 -5.964256695e+00 -4.429455828e-01 -5.703398153e-02 -8.947325498e-01 -3.882215438e+02
-8.810064727e-01 -4.489014444e-02 4.709697125e-01 6.766825734e+02 -6.625609596e-02 9.973847591e-01 -2.887511264e-02 -6.003269190e+00 -4.684418052e-01 -5.664377560e-02 -8.816766742e-01 -3.880262750e+02
-8.838462654e-01 -3.559658118e-02 4.664211215e-01 6.765247412e+02 -5.488764050e-02 9.981044656e-01 -2.783563787e-02 -5.954639803e+00 -4.645461507e-01 -5.020317941e-02 -8.841247167e-01 -3.877122892e+02
-8.878704641e-01 -3.876515274e-02 4.584575247e-01 6.765210798e+02 -5.873426202e-02 9.978413839e-01 -2.937446129e-02 -5.938258193e+00 -4.563291855e-01 -5.300788096e-02 -8.882307353e-01 -3.874349509e+02
-8.904201180e-01 -4.151526057e-02 4.532422052e-01 6.764765512e+02 -6.095746800e-02 9.977372331e-01 -2.836548425e-02 -5.936229813e+00 -4.510390233e-01 -5.288569506e-02 -8.909359700e-01 -3.871524386e+02
-8.906961853e-01 -4.635656672e-02 4.522293381e-01 6.763556004e+02 -6.635706726e-02 9.973901067e-01 -2.845548610e-02 -5.943215577e+00 -4.497299692e-01 -5.535380553e-02 -8.914476491e-01 -3.868574645e+02
-8.938204686e-01 -2.952618163e-02 4.474518683e-01 6.763096049e+02 -4.972936409e-02 9.982017712e-01 -3.346960371e-02 -5.813491224e+00 -4.456590179e-01 -5.216731375e-02 -8.936814931e-01 -3.865920703e+02
-8.893573105e-01 -2.649034611e-02 4.564447784e-01 6.760780222e+02 -4.780394965e-02 9.982359822e-01 -3.520946276e-02 -5.770024231e+00 -4.547068909e-01 -5.313365631e-02 -8.890548116e-01 -3.863410856e+02
-8.935053822e-01 -2.210173707e-02 4.485082444e-01 6.760309792e+02 -4.131282890e-02 9.985980691e-01 -3.309299930e-02 -5.723442588e+00 -4.471480540e-01 -4.809791735e-02 -8.931658346e-01 -3.859954661e+02
-8.851344846e-01 -2.391628052e-02 4.647202983e-01 6.757106738e+02 -4.414005578e-02 9.984905111e-01 -3.268569591e-02 -5.739293058e+00 -4.632370879e-01 -4.944401650e-02 -8.848540499e-01 -3.857800183e+02
-8.835140694e-01 -2.175364446e-02 4.678992072e-01 6.755514904e+02 -4.173082034e-02 9.986043464e-01 -3.237125168e-02 -5.716351339e+00 -4.665419893e-01 -4.812627406e-02 -8.831887873e-01 -3.855022275e+02
-8.818071979e-01 -2.562157417e-02 4.709135809e-01 6.753610967e+02 -4.547723830e-02 9.984894584e-01 -3.083216316e-02 -5.734330157e+00 -4.694122777e-01 -4.860387254e-02 -8.816403899e-01 -3.851957623e+02
-8.753434656e-01 -3.112551832e-02 4.824987247e-01 6.751196141e+02 -4.952342293e-02 9.984490215e-01 -2.543584205e-02 -5.779985515e+00 -4.809586758e-01 -4.616008654e-02 -8.755272689e-01 -3.849718851e+02
-8.769034856e-01 -3.355801905e-02 4.794936249e-01 6.750494210e+02 -5.305445615e-02 9.982220724e-01 -2.716466190e-02 -5.752063663e+00 -4.777295277e-01 -4.926006020e-02 -8.771248171e-01 -3.846550461e+02
-8.796379386e-01 -3.631956921e-02 4.742551907e-01 6.751264780e+02 -5.810806331e-02 9.978175467e-01 -3.136234220e-02 -5.702584067e+00 -4.720810841e-01 -5.514555669e-02 -8.798286297e-01 -3.844047172e+02
-8.756601722e-01 -3.871626430e-02 4.813733621e-01 6.750289024e+02 -6.194912664e-02 9.975513601e-01 -3.245904742e-02 -5.674893725e+00 -4.789379590e-01 -5.824375442e-02 -8.759144345e-01 -3.842244104e+02
-8.808176589e-01 -4.049838792e-02 4.717203964e-01 6.751503285e+02 -6.668012325e-02 9.970153604e-01 -3.891185407e-02 -5.599718639e+00 -4.687366137e-01 -6.572862238e-02 -8.808891730e-01 -3.839509624e+02
-8.866948858e-01 -4.254195756e-02 4.603937026e-01 6.752978004e+02 -7.003172617e-02 9.966267764e-01 -4.278581420e-02 -5.563951511e+00 -4.570204994e-01 -7.018012834e-02 -8.866831524e-01 -3.836684127e+02
-8.860082612e-01 -3.756524769e-02 4.621452296e-01 6.750804440e+02 -6.511618293e-02 9.969157635e-01 -4.380460324e-02 -5.536955039e+00 -4.590743337e-01 -6.890437366e-02 -8.857217077e-01 -3.833171582e+02
-8.818923331e-01 -3.815925497e-02 4.699040158e-01 6.747399705e+02 -6.618626369e-02 9.968689509e-01 -4.326283954e-02 -5.515928974e+00 -4.667818455e-01 -6.925435760e-02 -8.816567034e-01 -3.829842809e+02
-8.865522365e-01 -4.336312951e-02 4.605917616e-01 6.748704777e+02 -6.944007368e-02 9.967912902e-01 -3.981456974e-02 -5.490208958e+00 -4.573873720e-01 -6.728122172e-02 -8.867186866e-01 -3.827174656e+02
-8.883568126e-01 -4.310227730e-02 4.571262049e-01 6.747735529e+02 -6.939305743e-02 9.967517785e-01 -4.087169705e-02 -5.440428996e+00 -4.538796945e-01 -6.803003551e-02 -8.884622317e-01 -3.823792251e+02
-8.812080507e-01 -4.229162401e-02 4.708330808e-01 6.746031205e+02 -7.333089321e-02 9.961630721e-01 -4.776728796e-02 -5.434492041e+00 -4.670063721e-01 -7.661952908e-02 -8.809282015e-01 -3.822923738e+02
-8.840865901e-01 -4.372468397e-02 4.652730953e-01 6.746753399e+02 -7.610671650e-02 9.957928593e-01 -5.103282275e-02 -5.462481240e+00 -4.610842319e-01 -8.052784181e-02 -8.836948556e-01 -3.820399516e+02
-8.918161768e-01 -4.893305696e-02 4.497437746e-01 6.748737277e+02 -7.939437284e-02 9.956329547e-01 -4.910756570e-02 -5.446109909e+00 -4.453767398e-01 -7.950204642e-02 -8.918065845e-01 -3.817132101e+02
-9.028385129e-01 -5.508382913e-02 4.264368551e-01 6.751866767e+02 -8.118571660e-02 9.957597694e-01 -4.325923155e-02 -5.452855553e+00 -4.222457804e-01 -7.367668195e-02 -9.034822895e-01 -3.813505668e+02
-9.040377876e-01 -6.305152644e-02 4.227767538e-01 6.750897296e+02 -8.796631013e-02 9.953335962e-01 -3.966056715e-02 -5.481710761e+00 -4.183032475e-01 -7.304476243e-02 -9.053655924e-01 -3.809781056e+02
-9.043293344e-01 -6.386109716e-02 4.220310596e-01 6.750980882e+02 -8.877824872e-02 9.952626161e-01 -3.963265634e-02 -5.470022730e+00 -4.175007515e-01 -7.330815210e-02 -9.057146556e-01 -3.807837788e+02
-8.923644775e-01 -6.177072167e-02 4.470682467e-01 6.747389652e+02 -9.017839842e-02 9.950175688e-01 -4.251933844e-02 -5.420687312e+00 -4.422143098e-01 -7.825864571e-02 -8.934887177e-01 -3.808364949e+02
-8.943289019e-01 -6.550589144e-02 4.425887407e-01 6.747925811e+02 -9.283112331e-02 9.948645256e-01 -4.033556961e-02 -5.412311680e+00 -4.376736201e-01 -7.715927564e-02 -8.958170842e-01 -3.806090024e+02
-8.912684475e-01 -5.805194561e-02 4.497449567e-01 6.744486517e+02 -8.754176455e-02 9.951424470e-01 -4.503276150e-02 -5.273244236e+00 -4.449460574e-01 -7.950774653e-02 -8.920210335e-01 -3.802718485e+02
-8.940254320e-01 -6.109469949e-02 4.438310091e-01 6.745266260e+02 -8.941512689e-02 9.950597688e-01 -4.313921180e-02 -5.275811760e+00 -4.390028041e-01 -7.825275846e-02 -8.950715300e-01 -3.800370080e+02
-8.921395384e-01 -6.242506958e-02 4.474261444e-01 6.744781066e+02 -9.255884207e-02 9.946541471e-01 -4.578196548e-02 -5.240104254e+00 -4.421763277e-01 -8.225714738e-02 -8.931482838e-01 -3.798973991e+02
-8.942451977e-01 -6.377552565e-02 4.430103935e-01 6.745549063e+02 -9.308233243e-02 9.946543799e-01 -4.470284023e-02 -5.250000021e+00 -4.377912811e-01 -8.121174092e-02 -8.954012773e-01 -3.796696395e+02
-8.952193622e-01 -6.420405179e-02 4.409763410e-01 6.745948687e+02 -9.350517155e-02 9.946006709e-01 -4.501431303e-02 -5.230279998e+00 -4.357052633e-01 -8.153125301e-02 -8.963891891e-01 -3.794706362e+02
-8.961083107e-01 -6.501370644e-02 4.390479627e-01 6.746253153e+02 -9.435666281e-02 9.945064116e-01 -4.531906193e-02 -5.216616452e+00 -4.336896537e-01 -8.203788859e-02 -8.973199369e-01 -3.792512210e+02
-8.955916039e-01 -6.428352678e-02 4.402082543e-01 6.746164644e+02 -9.463568853e-02 9.943865244e-01 -4.732363626e-02 -5.204611332e+00 -4.346950258e-01 -8.404206254e-02 -8.966477381e-01 -3.790993533e+02
-8.942624212e-01 -6.523454581e-02 4.427631150e-01 6.745891510e+02 -9.694989525e-02 9.940649333e-01 -4.935206410e-02 -5.177768929e+00 -4.369158269e-01 -8.705953396e-02 -8.952793965e-01 -3.789641582e+02
-8.978236156e-01 -6.953751677e-02 4.348301842e-01 6.747175227e+02 -1.012216574e-01 9.936014247e-01 -5.010374051e-02 -5.137892917e+00 -4.285638008e-01 -8.899855341e-02 -8.991175263e-01 -3.786793509e+02
-8.984240716e-01 -7.084072601e-02 4.333771788e-01 6.747413462e+02 -1.026906386e-01 9.934307492e-01 -5.049732023e-02 -5.123318228e+00 -4.269529486e-01 -8.987178731e-02 -8.997967779e-01 -3.784817919e+02
-8.974525170e-01 -7.504633128e-02 4.346803743e-01 6.747326113e+02 -1.076771018e-01 9.928823575e-01 -5.089465507e-02 -5.083195223e+00 -4.277670177e-01 -9.248065922e-02 -8.991455423e-01 -3.783291915e+02
-8.969635788e-01 -8.086426900e-02 4.346461875e-01 6.747275063e+02 -1.130289855e-01 9.924013376e-01 -4.862132739e-02 -5.044706962e+00 -4.274117298e-01 -9.273917743e-02 -8.992878617e-01 -3.781727873e+02
-8.939006961e-01 -8.509588607e-02 4.401138895e-01 6.746493543e+02 -1.172536073e-01 9.920201141e-01 -4.634311958e-02 -5.016395278e+00 -4.326582221e-01 -9.303108804e-02 -8.967452702e-01 -3.781217328e+02
-8.967271894e-01 -9.012926076e-02 4.333094323e-01 6.746005095e+02 -1.243214792e-01 9.909218170e-01 -5.116759093e-02 -4.904966459e+00 -4.247640729e-01 -9.975303958e-02 -8.997915389e-01 -3.776389205e+02
-8.950816746e-01 -9.291744409e-02 4.361136828e-01 6.744840402e+02 -1.302665712e-01 9.898701322e-01 -5.646009056e-02 -4.825125424e+00 -4.264497815e-01 -1.073474265e-01 -8.981186524e-01 -3.774434461e+02
-8.990361247e-01 -9.440683697e-02 4.275761868e-01 6.745254100e+02 -1.312107893e-01 9.896931722e-01 -5.736857738e-02 -4.795741637e+00 -4.177532468e-01 -1.076790324e-01 -9.021571098e-01 -3.769981515e+02
-9.019332699e-01 -9.304383004e-02 4.217335917e-01 6.746520509e+02 -1.296168164e-01 9.898175950e-01 -5.882694530e-02 -4.744329966e+00 -4.119658451e-01 -1.077217446e-01 -9.048094651e-01 -3.767776367e+02
-9.031848851e-01 -1.347692269e-01 4.075467074e-01 6.753628223e+02 -1.690558026e-01 9.843810194e-01 -4.913394289e-02 -5.065691193e+00 -3.945594998e-01 -1.132751703e-01 -9.118615777e-01 -3.769308509e+02
-9.090048336e-01 -1.369791914e-01 3.936329680e-01 6.764581739e+02 -1.720834016e-01 9.835385970e-01 -5.512831453e-02 -4.936478899e+00 -3.796017852e-01 -1.178496045e-01 -9.176131840e-01 -3.778741696e+02
-9.078109374e-01 -1.437373605e-01 3.939782649e-01 6.765179665e+02 -1.821252834e-01 9.813421754e-01 -6.162723280e-02 -4.812470161e+00 -3.777693518e-01 -1.276992791e-01 -9.170513677e-01 -3.777906098e+02
-9.151141829e-01 -1.345694027e-01 3.800751348e-01 6.776701808e+02 -1.718993780e-01 9.829093995e-01 -6.587652203e-02 -4.672692859e+00 -3.647144583e-01 -1.256192189e-01 -9.226067287e-01 -3.788105342e+02
-9.355995820e-01 -1.115125476e-01 3.349901101e-01 6.794779051e+02 -1.490809118e-01 9.848540171e-01 -8.852935476e-02 -4.062632431e+00 -3.200442218e-01 -1.327686584e-01 -9.380533990e-01 -3.795897816e+02
-9.340915207e-01 -7.525370495e-02 3.490127661e-01 6.786465626e+02 -1.159718955e-01 9.884801014e-01 -9.725023738e-02 -3.628715972e+00 -3.376737338e-01 -1.313162942e-01 -9.320581958e-01 -3.788327831e+02
-9.357539028e-01 -1.116128659e-01 3.345253378e-01 6.793315877e+02 -1.476973570e-01 9.854279181e-01 -8.436414513e-02 -4.080046142e+00 -3.202344831e-01 -1.283525863e-01 -9.386029456e-01 -3.789507016e+02
-9.360125797e-01 -1.500793313e-01 3.183655837e-01 6.801142519e+02 -1.823715699e-01 9.804412507e-01 -7.399705721e-02 -4.469335775e+00 -3.010333222e-01 -1.273230077e-01 -9.450755476e-01 -3.792262250e+02
-9.397006777e-01 -1.448244076e-01 3.098201530e-01 6.800430964e+02 -1.777475247e-01 9.807647084e-01 -8.066228519e-02 -4.229003069e+00 -2.921788044e-01 -1.308681694e-01 -9.473674411e-01 -3.783854424e+02
-9.371102412e-01 -1.475842436e-01 3.162962010e-01 6.801346548e+02 -1.813952076e-01 9.801431698e-01 -8.009460207e-02 -4.239393298e+00 -2.981948598e-01 -1.324320869e-01 -9.452732769e-01 -3.786823774e+02
-9.394196834e-01 -1.536741073e-01 3.063901553e-01 6.805994471e+02 -1.855836584e-01 9.795509114e-01 -7.770918650e-02 -4.309167412e+00 -2.881828660e-01 -1.298625453e-01 -9.487288101e-01 -3.787060096e+02
-9.363745046e-01 -1.529933884e-01 3.159047488e-01 6.804278334e+02 -1.859339473e-01 9.795621961e-01 -7.672334257e-02 -4.310027815e+00 -2.977101853e-01 -1.305791988e-01 -9.456837307e-01 -3.787144210e+02
-9.307911519e-01 -1.552293784e-01 3.309556943e-01 6.803823922e+02 -1.911787549e-01 9.783886379e-01 -7.878043449e-02 -4.250537286e+00 -3.115742530e-01 -1.365998289e-01 -9.403520466e-01 -3.792810228e+02
-8.945149230e-01 -7.950325207e-02 4.399116792e-01 6.774324410e+02 -1.680567365e-01 9.716797354e-01 -1.661187081e-01 -1.783279080e+00 -4.142462865e-01 -2.225257845e-01 -8.825430807e-01 -3.804086052e+02
-9.081394899e-01 -8.364673188e-02 4.102266340e-01 6.780798995e+02 -1.669592556e-01 9.709100766e-01 -1.716340007e-01 -1.464657605e+00 -3.839365493e-01 -2.243587473e-01 -8.956873777e-01 -3.795068258e+02
-9.106869809e-01 -7.337672141e-02 4.065280796e-01 6.781744849e+02 -1.550485502e-01 9.728654082e-01 -1.717348090e-01 -1.339548538e+00 -3.828957688e-01 -2.194282441e-01 -8.973528157e-01 -3.792571791e+02
-9.111270589e-01 -7.563138318e-02 4.051263708e-01 6.779860116e+02 -1.570079755e-01 9.725851007e-01 -1.715421743e-01 -1.282930648e+00 -3.810459002e-01 -2.199047881e-01 -8.980233327e-01 -3.786130746e+02
-9.088381168e-01 -8.129289224e-02 4.091512472e-01 6.776426055e+02 -1.637508474e-01 9.716231135e-01 -1.706873904e-01 -1.266318835e+00 -3.836651370e-01 -2.221260699e-01 -8.963599008e-01 -3.780438823e+02
-9.069222293e-01 -8.361716458e-02 4.129167468e-01 6.781789457e+02 -1.662984452e-01 9.715708390e-01 -1.685079581e-01 -1.443888538e+00 -3.870877125e-01 -2.214910260e-01 -8.950445957e-01 -3.788889827e+02
-9.126014861e-01 -7.460788122e-02 4.019853127e-01 6.782548649e+02 -1.564790199e-01 9.720853609e-01 -1.748266784e-01 -1.076067072e+00 -3.777205897e-01 -2.224493543e-01 -8.988011131e-01 -3.781529561e+02
-9.045625187e-01 -6.060999233e-02 4.220107566e-01 6.780067918e+02 -1.455909356e-01 9.742534217e-01 -1.721439795e-01 -1.160771466e+00 -4.007117783e-01 -2.171559326e-01 -8.900973945e-01 -3.788076478e+02
-8.941041838e-01 -5.923156071e-02 4.439249156e-01 6.776338272e+02 -1.469926991e-01 9.751174042e-01 -1.659493733e-01 -1.360359322e+00 -4.230494710e-01 -2.136297505e-01 -8.805631578e-01 -3.793550671e+02
-9.012607468e-01 -5.855033789e-02 4.293028351e-01 6.776848631e+02 -1.443206730e-01 9.748132675e-01 -1.700312818e-01 -1.073720087e+00 -4.085347104e-01 -2.151997941e-01 -8.870109576e-01 -3.783389360e+02
-8.958394052e-01 -6.470211425e-02 4.396423507e-01 6.777694592e+02 -1.511598841e-01 9.747152003e-01 -1.645629597e-01 -1.347411194e+00 -4.178785105e-01 -2.138782708e-01 -8.829686494e-01 -3.789591115e+02
-8.974982464e-01 -7.141090201e-02 4.351980938e-01 6.786566179e+02 -1.563598303e-01 9.742245291e-01 -1.625981871e-01 -1.587727745e+00 -4.123693748e-01 -2.139790878e-01 -8.855306029e-01 -3.798746358e+02
-8.907996830e-01 -7.170457282e-02 4.487029965e-01 6.787810626e+02 -1.594900606e-01 9.739849596e-01 -1.609851517e-01 -1.684047909e+00 -4.254865983e-01 -2.149691902e-01 -8.790616599e-01 -3.807923542e+02
-8.876627874e-01 -7.352797881e-02 4.545859789e-01 6.790242556e+02 -1.625861868e-01 9.736358695e-01 -1.599966423e-01 -1.796123125e+00 -4.308369851e-01 -2.159324663e-01 -8.762149635e-01 -3.814015045e+02
-8.830022726e-01 -7.112296460e-02 4.639488231e-01 6.790862119e+02 -1.617817769e-01 9.739991154e-01 -1.585950182e-01 -1.864224620e+00 -4.406059954e-01 -2.150982265e-01 -8.715498321e-01 -3.819573295e+02
-8.779884055e-01 -6.988921920e-02 4.735523803e-01 6.791704963e+02 -1.627099690e-01 9.739523611e-01 -1.579312011e-01 -1.971666736e+00 -4.501797705e-01 -2.157134565e-01 -8.664905533e-01 -3.825226550e+02
-8.750209370e-01 -6.915909294e-02 4.791193794e-01 6.794452230e+02 -1.641552469e-01 9.734902719e-01 -1.592788290e-01 -2.076834198e+00 -4.554024756e-01 -2.180222702e-01 -8.631771978e-01 -3.831175473e+02
-8.632682324e-01 -8.079090123e-02 4.982376835e-01 6.793140531e+02 -1.738060294e-01 9.743193443e-01 -1.431547397e-01 -2.775997102e+00 -4.738770126e-01 -2.101776526e-01 -8.551408839e-01 -3.840087388e+02
-8.692510145e-01 -7.634267055e-02 4.884408566e-01 6.804847286e+02 -1.664401580e-01 9.755197789e-01 -1.437318156e-01 -2.826200061e+00 -4.655108458e-01 -2.062351999e-01 -8.606780436e-01 -3.848839840e+02
-8.600351770e-01 -8.516245156e-02 5.030773809e-01 6.800968714e+02 -1.755559562e-01 9.751633392e-01 -1.350428380e-01 -3.088033506e+00 -4.790820395e-01 -2.044598217e-01 -8.536255506e-01 -3.852048497e+02
-8.609224337e-01 -8.239386077e-02 5.020197355e-01 6.807618224e+02 -1.726571582e-01 9.755504726e-01 -1.359808114e-01 -3.118047014e+00 -4.785416062e-01 -2.037462320e-01 -8.540991770e-01 -3.859478939e+02
-8.597970403e-01 -9.166466960e-02 5.023411567e-01 6.813027860e+02 -1.830439636e-01 9.737057071e-01 -1.356174889e-01 -3.327719244e+00 -4.767011189e-01 -2.085540320e-01 -8.539679496e-01 -3.866005409e+02
-8.601579515e-01 -7.311613492e-02 5.047596747e-01 6.816522856e+02 -1.658833278e-01 9.759685649e-01 -1.413084637e-01 -3.227003219e+00 -4.822976467e-01 -2.052788133e-01 -8.516158693e-01 -3.871914767e+02
-8.580783345e-01 -7.984183565e-02 5.072739430e-01 6.814176827e+02 -1.761322635e-01 9.736752479e-01 -1.446856501e-01 -3.081479754e+00 -4.823681143e-01 -2.134989294e-01 -8.495523583e-01 -3.869751205e+02
-8.640996096e-01 -7.674178102e-02 4.974359896e-01 6.824890372e+02 -1.702250349e-01 9.746281905e-01 -1.453386658e-01 -3.093104828e+00 -4.736615904e-01 -2.102631431e-01 -8.552392112e-01 -3.877421602e+02
-8.642106619e-01 -7.467431721e-02 4.975577135e-01 6.828442699e+02 -1.654230126e-01 9.761162888e-01 -1.408269069e-01 -3.166333079e+00 -4.751580356e-01 -2.040116103e-01 -8.559229545e-01 -3.882459777e+02
-8.636997210e-01 -8.098662193e-02 4.974574946e-01 6.831994085e+02 -1.703795261e-01 9.758147417e-01 -1.369540320e-01 -3.289779280e+00 -4.743349122e-01 -2.030437314e-01 -8.566093825e-01 -3.887379163e+02
-8.615827374e-01 -8.354960531e-02 5.006941682e-01 6.833164264e+02 -1.738109598e-01 9.752947524e-01 -1.363447694e-01 -3.350324373e+00 -4.769328432e-01 -2.044984336e-01 -8.548189597e-01 -3.891586898e+02
-8.630186192e-01 -1.040257347e-01 4.943455364e-01 6.840742806e+02 -1.947668505e-01 9.714310740e-01 -1.356006725e-01 -3.592664119e+00 -4.661166558e-01 -2.133080283e-01 -8.586238689e-01 -3.896977288e+02
-8.667821920e-01 -1.040821468e-01 4.877043554e-01 6.847850893e+02 -1.942478484e-01 9.712021606e-01 -1.379642588e-01 -3.605024503e+00 -4.592999074e-01 -2.143204844e-01 -8.620384707e-01 -3.902459872e+02
-8.615046865e-01 -1.102512947e-01 4.956352763e-01 6.847184474e+02 -2.018648696e-01 9.700514290e-01 -1.350955197e-01 -3.810703915e+00 -4.658972521e-01 -2.164367738e-01 -8.579597155e-01 -3.906473701e+02
-8.602297263e-01 -1.121351586e-01 4.974238879e-01 6.848983150e+02 -2.041008734e-01 9.696845064e-01 -1.343681198e-01 -3.940614680e+00 -4.672768468e-01 -2.171121009e-01 -8.570383213e-01 -3.910367860e+02
-8.574509920e-01 -1.147481897e-01 5.016080634e-01 6.849260854e+02 -2.067498352e-01 9.694980428e-01 -1.316360537e-01 -4.104693492e+00 -4.712030369e-01 -2.165788493e-01 -8.550212278e-01 -3.914214549e+02
-8.558787100e-01 -1.124984667e-01 5.047927582e-01 6.850526976e+02 -2.044345886e-01 9.701544069e-01 -1.304106043e-01 -4.216493774e+00 -4.750559260e-01 -2.148127596e-01 -8.533330800e-01 -3.918800142e+02
-8.540990336e-01 -1.166739602e-01 5.068550362e-01 6.852122161e+02 -2.080437377e-01 9.697957372e-01 -1.273343292e-01 -4.372121211e+00 -4.766892530e-01 -2.142041437e-01 -8.525748887e-01 -3.923050991e+02
-8.540267630e-01 -1.363837544e-01 5.020336241e-01 6.859106460e+02 -2.265189231e-01 9.662281171e-01 -1.228511428e-01 -4.594790169e+00 -4.683241032e-01 -2.186382797e-01 -8.560781723e-01 -3.929146370e+02
-8.557918505e-01 -1.427461027e-01 4.972362203e-01 6.865897839e+02 -2.292965637e-01 9.662693553e-01 -1.172459760e-01 -4.945848768e+00 -4.637277159e-01 -2.143527074e-01 -8.596566305e-01 -3.934783875e+02
-8.537363654e-01 -1.419181168e-01 5.009924815e-01 6.878916485e+02 -2.298865744e-01 9.660254215e-01 -1.180976202e-01 -5.303473983e+00 -4.672112812e-01 -2.159956784e-01 -8.573561020e-01 -3.957537833e+02
-8.518231307e-01 -1.397509859e-01 5.048435559e-01 6.891348998e+02 -2.285530898e-01 9.663370772e-01 -1.181361008e-01 -5.659998570e+00 -4.713394097e-01 -2.160146178e-01 -8.550887941e-01 -3.978508684e+02
-8.494046978e-01 -1.482838008e-01 5.064815631e-01 6.904172823e+02 -2.376332981e-01 9.643815996e-01 -1.161832434e-01 -6.041714374e+00 -4.712134071e-01 -2.190434770e-01 -8.543874298e-01 -3.999495969e+02
-8.490038791e-01 -1.483918736e-01 5.071215486e-01 6.916926905e+02 -2.364293420e-01 9.650032252e-01 -1.134457648e-01 -6.388687323e+00 -4.725395004e-01 -2.162143084e-01 -8.543756746e-01 -4.019851817e+02
-8.507588256e-01 -1.487794316e-01 5.040576370e-01 6.934662932e+02 -2.372615388e-01 9.645236987e-01 -1.157626751e-01 -6.660948935e+00 -4.689524314e-01 -2.180796081e-01 -8.558766860e-01 -4.044758720e+02
-8.531388925e-01 -1.505127167e-01 4.994997019e-01 6.948178648e+02 -2.376585369e-01 9.644821948e-01 -1.152931731e-01 -6.688621116e+00 -4.644054801e-01 -2.170714584e-01 -8.586079036e-01 -4.061779438e+02
-8.505785112e-01 -1.612179613e-01 5.005246899e-01 6.959281645e+02 -2.464125694e-01 9.630674014e-01 -1.085450417e-01 -7.033186181e+00 -4.645396021e-01 -2.156616549e-01 -8.588905685e-01 -4.080900807e+02
-8.498161348e-01 -1.604386119e-01 5.020677134e-01 6.971866825e+02 -2.453260840e-01 9.634772778e-01 -1.073622262e-01 -7.312272343e+00 -4.665057873e-01 -2.144084581e-01 -8.581383126e-01 -4.102621732e+02
-8.470258136e-01 -1.626237727e-01 5.060640074e-01 6.976121213e+02 -2.481314521e-01 9.629232923e-01 -1.058749995e-01 -7.568911101e+00 -4.700830283e-01 -2.152492546e-01 -8.559729580e-01 -4.111817782e+02
-8.458014093e-01 -1.636266366e-01 5.077856831e-01 6.988227422e+02 -2.499719946e-01 9.624059859e-01 -1.062483891e-01 -7.902899808e+00 -4.713109144e-01 -2.167972372e-01 -8.549064159e-01 -4.131970468e+02
-8.438281432e-01 -1.666653240e-01 5.100752244e-01 7.000294921e+02 -2.529074983e-01 9.618735440e-01 -1.041013096e-01 -8.223988297e+00 -4.732777854e-01 -2.168454637e-01 -8.538068767e-01 -4.151953043e+02
-8.424693512e-01 -1.659151407e-01 5.125598095e-01 7.011336502e+02 -2.522577256e-01 9.621435494e-01 -1.031786323e-01 -8.461970388e+00 -4.760372172e-01 -2.162220072e-01 -8.524298279e-01 -4.171079975e+02
-8.415124780e-01 -1.671705889e-01 5.137224382e-01 7.022751180e+02 -2.531010029e-01 9.620985308e-01 -1.015199459e-01 -8.739778115e+00 -4.772804539e-01 -2.154539655e-01 -8.519289625e-01 -4.189658552e+02
-8.400294477e-01 -1.867677225e-01 5.093803538e-01 7.028525020e+02 -2.720704106e-01 9.573074507e-01 -9.767362250e-02 -8.919872225e+00 -4.693913279e-01 -2.206360411e-01 -8.549804200e-01 -4.193907177e+02
-8.398818756e-01 -1.846260402e-01 5.104034290e-01 7.041196520e+02 -2.681544280e-01 9.587341846e-01 -9.445615964e-02 -9.218519922e+00 -4.719021486e-01 -2.161989561e-01 -8.547317553e-01 -4.214745995e+02
-8.380720688e-01 -1.905797873e-01 5.111893507e-01 7.053187769e+02 -2.748911836e-01 9.568758941e-01 -9.393274442e-02 -9.463594275e+00 -4.712430845e-01 -2.192438551e-01 -8.543196634e-01 -4.233988655e+02
-8.382139681e-01 -1.899824229e-01 5.111790515e-01 7.066451949e+02 -2.745765050e-01 9.569000975e-01 -9.460415601e-02 -9.748392198e+00 -4.711741574e-01 -2.196562824e-01 -8.542517375e-01 -4.254459050e+02
-8.380749078e-01 -1.938936374e-01 5.099369630e-01 7.081703525e+02 -2.779001375e-01 9.560785546e-01 -9.319501626e-02 -1.006393501e+01 -4.694698738e-01 -2.198159568e-01 -8.551485150e-01 -4.276683313e+02
-8.364938666e-01 -1.965945530e-01 5.114964251e-01 7.093992063e+02 -2.804248215e-01 9.555195610e-01 -9.134707484e-02 -1.034753745e+01 -4.707865022e-01 -2.198475615e-01 -8.544162446e-01 -4.297530923e+02
-8.350722510e-01 -1.987748582e-01 5.129745524e-01 7.107004227e+02 -2.823527709e-01 9.551229895e-01 -8.953763302e-02 -1.065034152e+01 -4.721559577e-01 -2.196101790e-01 -8.537213368e-01 -4.319314024e+02
-8.337187576e-01 -1.985156354e-01 5.152713612e-01 7.118825389e+02 -2.825939359e-01 9.550752243e-01 -8.928596383e-02 -1.096271981e+01 -4.743982510e-01 -2.200519449e-01 -8.523634442e-01 -4.339905623e+02
-8.333587865e-01 -1.980823512e-01 5.160198786e-01 7.131959368e+02 -2.828898368e-01 9.548913530e-01 -9.030971220e-02 -1.121050707e+01 -4.748541600e-01 -2.212371714e-01 -8.518025832e-01 -4.361065331e+02
-8.316275563e-01 -2.014262985e-01 5.175162353e-01 7.145099703e+02 -2.861131078e-01 9.541078330e-01 -8.841681156e-02 -1.150718113e+01 -4.759568227e-01 -2.215980353e-01 -8.510930699e-01 -4.382433544e+02
-8.318335356e-01 -1.991812835e-01 5.180538441e-01 7.159487705e+02 -2.850753097e-01 9.541873626e-01 -9.087653661e-02 -1.169852521e+01 -4.762195260e-01 -2.232785108e-01 -8.505067135e-01 -4.404674878e+02
-8.302717734e-01 -2.032779211e-01 5.189671175e-01 7.171276840e+02 -2.887072033e-01 9.533205386e-01 -8.847655825e-02 -1.202261812e+01 -4.767566811e-01 -2.232891340e-01 -8.502029344e-01 -4.423654148e+02
-8.209739225e-01 -2.058779118e-01 5.325561979e-01 7.170168703e+02 -2.910074975e-01 9.533657130e-01 -8.005281821e-02 -1.255216582e+01 -4.912397123e-01 -2.206991226e-01 -8.426004049e-01 -4.436900554e+02
-8.205390067e-01 -2.055569889e-01 5.333498503e-01 7.183884060e+02 -2.901849633e-01 9.537149515e-01 -7.887000974e-02 -1.279016873e+01 -4.924514449e-01 -2.194860262e-01 -8.422098662e-01 -4.458372450e+02
-8.198962636e-01 -2.067222340e-01 5.338876613e-01 7.197070447e+02 -2.912593796e-01 9.534497556e-01 -7.811233827e-02 -1.299989822e+01 -4.928875031e-01 -2.195438033e-01 -8.419396818e-01 -4.478451706e+02
-8.193090911e-01 -2.113420567e-01 5.329795008e-01 7.209538818e+02 -2.957084666e-01 9.521693164e-01 -7.700711444e-02 -1.319587826e+01 -4.912118850e-01 -2.206991799e-01 -8.426166127e-01 -4.496200155e+02
-8.183857218e-01 -2.166352022e-01 5.322724861e-01 7.222562717e+02 -3.005496909e-01 9.508026918e-01 -7.512738939e-02 -1.345566555e+01 -4.898108753e-01 -2.214575139e-01 -8.432329903e-01 -4.514853629e+02
-8.179167793e-01 -2.203589278e-01 5.314640958e-01 7.233159179e+02 -3.034453440e-01 9.500417273e-01 -7.308652139e-02 -1.367784315e+01 -4.888078000e-01 -2.210489975e-01 -8.439219604e-01 -4.529454230e+02
-8.176156132e-01 -2.221990893e-01 5.311612503e-01 7.246634270e+02 -3.047534243e-01 9.497200962e-01 -7.181287678e-02 -1.389436038e+01 -4.884977579e-01 -2.205885392e-01 -8.442219121e-01 -4.550252186e+02
-8.167674478e-01 -2.244404165e-01 5.315236924e-01 7.259658022e+02 -3.069059449e-01 9.490996153e-01 -7.084250989e-02 -1.411196484e+01 -4.885690096e-01 -2.209896371e-01 -8.440757686e-01 -4.570372062e+02
-8.156849480e-01 -2.253662893e-01 5.327927376e-01 7.271740003e+02 -3.084175182e-01 9.486033321e-01 -7.092498014e-02 -1.434273977e+01 -4.894248666e-01 -2.221750526e-01 -8.432683712e-01 -4.590577693e+02
-8.142826099e-01 -2.250987784e-01 5.350461394e-01 7.282550065e+02 -3.072674246e-01 9.491687373e-01 -6.830401055e-02 -1.457831010e+01 -4.924739192e-01 -2.200210173e-01 -8.420571185e-01 -4.608972446e+02
-8.131602648e-01 -2.242353480e-01 5.371116201e-01 7.294104725e+02 -3.062301068e-01 9.495840118e-01 -6.718129362e-02 -1.480029595e+01 -4.949681862e-01 -2.191089073e-01 -8.408316011e-01 -4.627992620e+02
-8.118070636e-01 -2.233742056e-01 5.395120533e-01 7.305301860e+02 -3.060778804e-01 9.496185410e-01 -6.738662823e-02 -1.506376343e+01 -4.972782144e-01 -2.198376465e-01 -8.392769428e-01 -4.647249209e+02
-8.114240123e-01 -2.243416635e-01 5.396868446e-01 7.318888092e+02 -3.068980955e-01 9.493973203e-01 -6.677040625e-02 -1.525745366e+01 -4.973978600e-01 -2.198079757e-01 -8.392138122e-01 -4.668072621e+02
-8.107021726e-01 -2.268623403e-01 5.397179503e-01 7.332396736e+02 -3.074595301e-01 9.494915009e-01 -6.272580906e-02 -1.549331943e+01 -4.982274829e-01 -2.167933771e-01 -8.395058112e-01 -4.689117918e+02
-8.101323838e-01 -2.271058645e-01 5.404705792e-01 7.345688634e+02 -3.073748357e-01 9.495848091e-01 -6.172034259e-02 -1.568452463e+01 -4.992056000e-01 -2.161287037e-01 -8.390960329e-01 -4.709548566e+02
-8.091829568e-01 -2.266430300e-01 5.420847530e-01 7.359503848e+02 -3.078397047e-01 9.493772969e-01 -6.258965060e-02 -1.587073133e+01 -5.004574494e-01 -2.175216888e-01 -8.379896516e-01 -4.731131577e+02
-8.086383765e-01 -2.250060836e-01 5.435772607e-01 7.373289381e+02 -3.067988781e-01 9.496670731e-01 -6.330006848e-02 -1.608341145e+01 -5.019745256e-01 -2.179557583e-01 -8.369688543e-01 -4.752164140e+02
-8.082443874e-01 -2.255117694e-01 5.439535385e-01 7.387358053e+02 -3.069033313e-01 9.496999281e-01 -6.229279042e-02 -1.626827183e+01 -5.025448791e-01 -2.172889513e-01 -8.367999499e-01 -4.773252296e+02
-8.079040108e-01 -2.264380674e-01 5.440743617e-01 7.400863986e+02 -3.055807397e-01 9.503845014e-01 -5.822122425e-02 -1.646992383e+01 -5.038963394e-01 -2.132958065e-01 -8.370145626e-01 -4.793930581e+02
-8.075442847e-01 -2.271948060e-01 5.442928884e-01 7.415336595e+02 -3.042541972e-01 9.510342753e-01 -5.443519652e-02 -1.666462604e+01 -5.052737988e-01 -2.095622276e-01 -8.371272669e-01 -4.816140573e+02
-8.071739017e-01 -2.280131614e-01 5.445000374e-01 7.429615377e+02 -3.038038431e-01 9.513148511e-01 -5.199306659e-02 -1.684139149e+01 -5.061358685e-01 -2.073886504e-01 -8.371477948e-01 -4.837806526e+02
-8.059428079e-01 -2.300071997e-01 5.454840772e-01 7.444217741e+02 -3.058674986e-01 9.507048754e-01 -5.104226814e-02 -1.702539840e+01 -5.068542825e-01 -2.079829991e-01 -8.365654836e-01 -4.860130186e+02
-8.047808211e-01 -2.322265198e-01 5.462587971e-01 7.458457065e+02 -3.083558792e-01 9.499322736e-01 -5.045123630e-02 -1.719003947e+01 -5.071927461e-01 -2.090442990e-01 -8.360956879e-01 -4.881428141e+02
-8.034255481e-01 -2.339377254e-01 5.475221725e-01 7.472691379e+02 -3.102020489e-01 9.493785627e-01 -4.954829418e-02 -1.738760865e+01 -5.082145979e-01 -2.096508651e-01 -8.353229538e-01 -4.903395391e+02
-8.032249819e-01 -2.333204956e-01 5.480795333e-01 7.487009193e+02 -3.094555779e-01 9.496376970e-01 -4.924926250e-02 -1.752664549e+01 -5.089861234e-01 -2.091645067e-01 -8.349750507e-01 -4.924700630e+02
-8.021228320e-01 -2.324075995e-01 5.500778765e-01 7.500964986e+02 -3.088750890e-01 9.498345628e-01 -4.909666738e-02 -1.769360597e+01 -5.110725407e-01 -2.092869109e-01 -8.336689074e-01 -4.945913558e+02
-8.018806439e-01 -2.302234559e-01 5.513479784e-01 7.515734715e+02 -3.073545406e-01 9.502691042e-01 -5.021768606e-02 -1.784766802e+01 -5.123676603e-01 -2.097278950e-01 -8.327626257e-01 -4.968045595e+02
-8.017141109e-01 -2.307724444e-01 5.513606472e-01 7.530155953e+02 -3.077746710e-01 9.501531619e-01 -4.983694275e-02 -1.801039327e+01 -5.123760692e-01 -2.096498220e-01 -8.327771105e-01 -4.988415959e+02
-8.013769107e-01 -2.306833418e-01 5.518878898e-01 7.544419804e+02 -3.075094304e-01 9.502658832e-01 -4.932242281e-02 -1.815875674e+01 -5.130623717e-01 -2.092365815e-01 -8.324584409e-01 -5.009544192e+02
-8.008655610e-01 -2.295936636e-01 5.530832694e-01 7.558244166e+02 -3.055105743e-01 9.509978998e-01 -4.760550010e-02 -1.832604004e+01 -5.150511064e-01 -2.070983928e-01 -8.317647585e-01 -5.030631548e+02
-8.003562146e-01 -2.295244042e-01 5.538487859e-01 7.573285210e+02 -3.052866091e-01 9.510993432e-01 -4.701197392e-02 -1.848442391e+01 -5.159748212e-01 -2.067089433e-01 -8.312889971e-01 -5.053005531e+02
-7.995455851e-01 -2.296205125e-01 5.549786280e-01 7.587943880e+02 -3.052367938e-01 9.511545833e-01 -4.621101918e-02 -1.863771292e+01 -5.172594678e-01 -2.063477134e-01 -8.305800769e-01 -5.074927791e+02
-7.985172320e-01 -2.317556207e-01 5.555713837e-01 7.602430210e+02 -3.064414818e-01 9.508818810e-01 -4.378660235e-02 -1.881142800e+01 -5.181349712e-01 -2.052144746e-01 -8.303151035e-01 -5.096481040e+02
-7.984222650e-01 -2.321426743e-01 5.555462767e-01 7.617090319e+02 -3.064966677e-01 9.508932749e-01 -4.314826131e-02 -1.897107067e+01 -5.182486656e-01 -2.047236151e-01 -8.303653184e-01 -5.117775495e+02
-7.980219173e-01 -2.312681633e-01 5.564854502e-01 7.631316288e+02 -3.055219875e-01 9.512219491e-01 -4.281493650e-02 -1.910159819e+01 -5.194394428e-01 -2.041857985e-01 -8.297534724e-01 -5.138582315e+02
-7.967830046e-01 -2.320830849e-01 5.579196047e-01 7.646664538e+02 -3.062469917e-01 9.510361400e-01 -4.174973740e-02 -1.926454827e+01 -5.209122994e-01 -2.041266818e-01 -8.288441797e-01 -5.160616803e+02
-7.959033561e-01 -2.309096648e-01 5.596593379e-01 7.661308211e+02 -3.054581495e-01 9.512827933e-01 -4.190902176e-02 -1.942200472e+01 -5.227171000e-01 -2.043080368e-01 -8.276624067e-01 -5.181854888e+02
-7.949537102e-01 -2.309293116e-01 5.609993331e-01 7.676545203e+02 -3.066339270e-01 9.508511044e-01 -4.310234518e-02 -1.955262014e+01 -5.234732405e-01 -2.062857977e-01 -8.266933749e-01 -5.203577755e+02
-7.934881498e-01 -2.313297050e-01 5.629059635e-01 7.691556183e+02 -3.076033561e-01 9.505437208e-01 -4.297453033e-02 -1.972401834e+01 -5.251254436e-01 -2.072515441e-01 -8.254029719e-01 -5.225086247e+02
-7.930841919e-01 -2.319459948e-01 5.632215551e-01 7.706919515e+02 -3.082165164e-01 9.503606625e-01 -4.262851338e-02 -1.987443872e+01 -5.253760973e-01 -2.074021858e-01 -8.252056045e-01 -5.246685767e+02
-7.921232681e-01 -2.343246127e-01 5.635891270e-01 7.720964911e+02 -3.096707089e-01 9.499910756e-01 -4.026174757e-02 -2.002492544e+01 -5.259703225e-01 -2.064193116e-01 -8.250735044e-01 -5.266684006e+02
-7.917467840e-01 -2.355081856e-01 5.636248083e-01 7.735874293e+02 -3.107976687e-01 9.496430316e-01 -3.978594795e-02 -2.013322570e+01 -5.258724552e-01 -2.066736728e-01 -8.250722113e-01 -5.287456354e+02
-7.917232795e-01 -2.357280557e-01 5.635659079e-01 7.750893138e+02 -3.119592377e-01 9.492007476e-01 -4.122347300e-02 -2.024862725e+01 -5.252196520e-01 -2.084471742e-01 -8.250418733e-01 -5.308583102e+02
-7.916719978e-01 -2.344769241e-01 5.641595695e-01 7.765642396e+02 -3.121523072e-01 9.490311561e-01 -4.359818674e-02 -2.035790771e+01 -5.251822398e-01 -2.106191748e-01 -8.245139042e-01 -5.329719955e+02
-7.919278858e-01 -2.346393206e-01 5.637327495e-01 7.780554477e+02 -3.126515639e-01 9.488351091e-01 -4.428244882e-02 -2.051758285e+01 -5.244990212e-01 -2.113204319e-01 -8.247693325e-01 -5.350004478e+02
-7.918612151e-01 -2.361837875e-01 5.631811738e-01 7.796145520e+02 -3.140021559e-01 9.484131342e-01 -4.376268897e-02 -2.067036086e+01 -5.237923845e-01 -2.114940788e-01 -8.251737954e-01 -5.371971376e+02
-7.917956871e-01 -2.368565761e-01 5.629907213e-01 7.812108058e+02 -3.143108079e-01 9.483425405e-01 -4.307135811e-02 -2.079799556e+01 -5.237063165e-01 -2.110577840e-01 -8.253401153e-01 -5.394291856e+02
-7.919589548e-01 -2.371379446e-01 5.626425233e-01 7.826516981e+02 -3.142819644e-01 9.483705781e-01 -4.266255297e-02 -2.093236242e+01 -5.234767050e-01 -2.106153884e-01 -8.255987509e-01 -5.414632257e+02
-7.917076822e-01 -2.387458119e-01 5.623160883e-01 7.842879729e+02 -3.153799562e-01 9.480569893e-01 -4.151419281e-02 -2.107218956e+01 -5.231963581e-01 -2.102103287e-01 -8.258796454e-01 -5.438311538e+02
-7.912752785e-01 -2.397549651e-01 5.624953247e-01 7.858741248e+02 -3.157499996e-01 9.479944829e-01 -4.010483959e-02 -2.121749140e+01 -5.236271300e-01 -2.093418667e-01 -8.258272286e-01 -5.461017156e+02
-7.908728418e-01 -2.418467626e-01 5.621657154e-01 7.874284572e+02 -3.173524045e-01 9.475120904e-01 -3.883670923e-02 -2.134288631e+01 -5.232662797e-01 -2.091195401e-01 -8.261122312e-01 -5.482911165e+02
-7.910409238e-01 -2.437371796e-01 5.611117930e-01 7.889820288e+02 -3.183097766e-01 9.472536634e-01 -3.727443213e-02 -2.146631057e+01 -5.224300365e-01 -2.080929707e-01 -8.269003401e-01 -5.504520473e+02
-7.911694657e-01 -2.443200267e-01 5.606769132e-01 7.904665873e+02 -3.175610295e-01 9.475846122e-01 -3.519084129e-02 -2.158636948e+01 -5.226909881e-01 -2.058910569e-01 -8.272865306e-01 -5.525735051e+02
-7.919249055e-01 -2.442519575e-01 5.596391027e-01 7.920474147e+02 -3.172184204e-01 9.476965539e-01 -3.526635129e-02 -2.170240719e+01 -5.217541737e-01 -2.054561341e-01 -8.279857240e-01 -5.547427267e+02
-7.911294573e-01 -2.419363698e-01 5.617659431e-01 7.935337129e+02 -3.173783247e-01 9.475008315e-01 -3.889952831e-02 -2.180760188e+01 -5.228624875e-01 -2.090668966e-01 -8.263811783e-01 -5.569289569e+02
-7.904885147e-01 -2.399262501e-01 5.635275526e-01 7.951228183e+02 -3.186466059e-01 9.468588032e-01 -4.384914294e-02 -2.194084699e+01 -5.230604636e-01 -2.142283859e-01 -8.249326943e-01 -5.592234399e+02
-7.906921599e-01 -2.361768654e-01 5.648242173e-01 7.966753050e+02 -3.179680493e-01 9.468232842e-01 -4.921369773e-02 -2.208861560e+01 -5.231655836e-01 -2.185089395e-01 -8.237424449e-01 -5.613970246e+02
-7.906497835e-01 -2.349913517e-01 5.653777361e-01 7.983013482e+02 -3.173993887e-01 9.469582798e-01 -5.027568292e-02 -2.222551452e+01 -5.235747778e-01 -2.192010056e-01 -8.232984703e-01 -5.636728782e+02
-7.906860579e-01 -2.368233515e-01 5.645620055e-01 7.998283656e+02 -3.173231326e-01 9.471465950e-01 -4.711005268e-02 -2.238681782e+01 -5.235662206e-01 -2.163978460e-01 -8.240451352e-01 -5.658143558e+02
-7.909386642e-01 -2.378838972e-01 5.637617236e-01 8.013692637e+02 -3.172592285e-01 9.472513421e-01 -4.540348949e-02 -2.252804919e+01 -5.232232902e-01 -2.147699848e-01 -8.246885729e-01 -5.679933154e+02
-7.902427297e-01 -2.417486219e-01 5.630932711e-01 8.029175077e+02 -3.197505316e-01 9.465544236e-01 -4.235942201e-02 -2.267147073e+01 -5.227580948e-01 -2.135235981e-01 -8.253070019e-01 -5.701984896e+02
-7.895985906e-01 -2.440905281e-01 5.629865716e-01 8.044233193e+02 -3.211572339e-01 9.461721651e-01 -4.020279878e-02 -2.280058530e+01 -5.228691010e-01 -2.125512833e-01 -8.254876469e-01 -5.723614425e+02
-7.893980905e-01 -2.450344258e-01 5.628576951e-01 8.060123858e+02 -3.216831612e-01 9.460310099e-01 -3.930995005e-02 -2.293745139e+01 -5.228485427e-01 -2.120930422e-01 -8.256185214e-01 -5.745939812e+02
-7.890152465e-01 -2.445090063e-01 5.636224682e-01 8.076450259e+02 -3.212226441e-01 9.461918069e-01 -3.920557911e-02 -2.308956605e+01 -5.237088444e-01 -2.119820992e-01 -8.251015913e-01 -5.770246034e+02
-7.884896693e-01 -2.449109783e-01 5.641831743e-01 8.092175032e+02 -3.219681518e-01 9.459324858e-01 -3.934770135e-02 -2.322794279e+01 -5.240425085e-01 -2.126742699e-01 -8.247115279e-01 -5.792707974e+02
-7.895452274e-01 -2.467386047e-01 5.619060374e-01 8.108545723e+02 -3.243960718e-01 9.450393456e-01 -4.083900008e-02 -2.333938814e+01 -5.209467559e-01 -2.145243488e-01 -8.261923391e-01 -5.814081718e+02
-7.899196960e-01 -2.464866078e-01 5.614901834e-01 8.123466671e+02 -3.249175882e-01 9.447935906e-01 -4.235129298e-02 -2.347759639e+01 -5.200532999e-01 -2.158921567e-01 -8.263989000e-01 -5.834467409e+02
-7.896990222e-01 -2.460045388e-01 5.620117626e-01 8.138552676e+02 -3.245660961e-01 9.449099685e-01 -4.244997943e-02 -2.362879923e+01 -5.206076292e-01 -2.159326710e-01 -8.260392109e-01 -5.855695990e+02
-7.894619772e-01 -2.465004035e-01 5.621275101e-01 8.153632359e+02 -3.246351664e-01 9.449257634e-01 -4.156092339e-02 -2.374579562e+01 -5.209239823e-01 -2.152971265e-01 -8.260056610e-01 -5.877083098e+02
-7.889528751e-01 -2.472566606e-01 5.625100040e-01 8.168872295e+02 -3.251119967e-01 9.447996052e-01 -4.069269708e-02 -2.388530132e+01 -5.213976893e-01 -2.149833709e-01 -8.257884716e-01 -5.898851489e+02
-7.882088406e-01 -2.474997377e-01 5.634453864e-01 8.184456362e+02 -3.255578838e-01 9.446553931e-01 -4.047533381e-02 -2.403641655e+01 -5.222440885e-01 -2.153371036e-01 -8.251612229e-01 -5.921352326e+02
-7.883011273e-01 -2.466565956e-01 5.636859556e-01 8.199796096e+02 -3.243228413e-01 9.451002562e-01 -4.000250404e-02 -2.417829888e+01 -5.228728596e-01 -2.143502498e-01 -8.250199653e-01 -5.943153252e+02
-7.876771824e-01 -2.463528030e-01 5.646901388e-01 8.213483544e+02 -3.242794258e-01 9.451146406e-01 -4.001462385e-02 -2.433950193e+01 -5.238392028e-01 -2.146360001e-01 -8.243323826e-01 -5.963073225e+02
-7.874936956e-01 -2.450869147e-01 5.654963161e-01 8.228861726e+02 -3.240169626e-01 9.451365114e-01 -4.159306274e-02 -2.445722726e+01 -5.242773000e-01 -2.159846734e-01 -8.237013619e-01 -5.985005738e+02
-7.869421219e-01 -2.436796779e-01 5.668706302e-01 8.244794982e+02 -3.239263983e-01 9.450854135e-01 -4.341946251e-02 -2.456893212e+01 -5.251607233e-01 -2.177929655e-01 -8.226618010e-01 -6.008569233e+02
-7.862870512e-01 -2.448008455e-01 5.672964121e-01 8.261066966e+02 -3.249750279e-01 9.447563092e-01 -4.274046614e-02 -2.474292987e+01 -5.254939623e-01 -2.179634424e-01 -8.224038141e-01 -6.031512952e+02
-7.857829448e-01 -2.451405444e-01 5.678479349e-01 8.275887297e+02 -3.251969072e-01 9.447054040e-01 -4.217429507e-02 -2.487514275e+01 -5.261103831e-01 -2.178022340e-01 -8.220523412e-01 -6.052426747e+02
-7.849511486e-01 -2.463633189e-01 5.684688288e-01 8.291518212e+02 -3.251597820e-01 9.448332047e-01 -3.951368846e-02 -2.502957310e+01 -5.273735018e-01 -2.158595156e-01 -8.217553523e-01 -6.074981074e+02
-7.839149182e-01 -2.454597878e-01 5.702866767e-01 8.307103185e+02 -3.244975168e-01 9.450705463e-01 -3.928134657e-02 -2.517187470e+01 -5.293191501e-01 -2.158498440e-01 -8.205059916e-01 -6.098126365e+02
-7.831209213e-01 -2.461505190e-01 5.710792806e-01 8.322175451e+02 -3.251775468e-01 9.448626222e-01 -3.865472969e-02 -2.532350818e+01 -5.300765848e-01 -2.159734870e-01 -8.199843091e-01 -6.119118120e+02
-7.827564126e-01 -2.464821479e-01 5.714358663e-01 8.338549876e+02 -3.256214836e-01 9.447141252e-01 -3.854699887e-02 -2.545248007e+01 -5.303423875e-01 -2.162447052e-01 -8.197409222e-01 -6.141737093e+02
-7.812440892e-01 -2.465912629e-01 5.734548127e-01 8.354745003e+02 -3.261092194e-01 9.445639345e-01 -3.810184529e-02 -2.559876916e+01 -5.322691520e-01 -2.167757427e-01 -8.183506749e-01 -6.165571182e+02
-7.809186680e-01 -2.469337778e-01 5.737505933e-01 8.371281497e+02 -3.272409790e-01 9.441333213e-01 -3.905909968e-02 -2.573959300e+01 -5.320520422e-01 -2.182566859e-01 -8.180981869e-01 -6.188703971e+02
-7.804527034e-01 -2.457368733e-01 5.748973534e-01 8.387040587e+02 -3.278969429e-01 9.437919272e-01 -4.171801834e-02 -2.586828995e+01 -5.323318257e-01 -2.210660249e-01 -8.171613305e-01 -6.210816128e+02
-7.799321009e-01 -2.458518834e-01 5.755543149e-01 8.402537266e+02 -3.286041351e-01 9.435218644e-01 -4.225888931e-02 -2.602277440e+01 -5.326586528e-01 -2.220885922e-01 -8.166709355e-01 -6.232215533e+02
-7.801518038e-01 -2.468799084e-01 5.748160348e-01 8.418450229e+02 -3.283488262e-01 9.436951346e-01 -4.033040014e-02 -2.617170997e+01 -5.324943298e-01 -2.202040047e-01 -8.172881897e-01 -6.253774065e+02
-7.795851850e-01 -2.469955596e-01 5.755346496e-01 8.434470845e+02 -3.272270336e-01 9.441797783e-01 -3.803964682e-02 -2.632984930e+01 -5.340125540e-01 -2.179856412e-01 -8.168921914e-01 -6.276405045e+02
-7.787757901e-01 -2.479048476e-01 5.762390609e-01 8.450250766e+02 -3.277053003e-01 9.440653933e-01 -3.673920793e-02 -2.645546163e+01 -5.348995279e-01 -2.174482002e-01 -8.164550051e-01 -6.298506660e+02
-7.785948544e-01 -2.465639755e-01 5.770582802e-01 8.466178644e+02 -3.274895483e-01 9.440707244e-01 -3.848458124e-02 -2.657560748e+01 -5.352949173e-01 -2.189444525e-01 -8.157957332e-01 -6.320747371e+02
-7.780883226e-01 -2.460017356e-01 5.779807163e-01 8.482135471e+02 -3.272936801e-01 9.441270990e-01 -3.876683937e-02 -2.671709567e+01 -5.361505472e-01 -2.193334607e-01 -8.151290841e-01 -6.342575888e+02
-7.776670849e-01 -2.459950120e-01 5.785502218e-01 8.498139406e+02 -3.281161248e-01 9.438008790e-01 -3.974555864e-02 -2.684483658e+01 -5.362589987e-01 -2.207404695e-01 -8.146778083e-01 -6.364586449e+02
-7.777199571e-01 -2.436207519e-01 5.794830435e-01 8.513207533e+02 -3.262308014e-01 9.444095798e-01 -4.079227722e-02 -2.696398548e+01 -5.373314923e-01 -2.207701857e-01 -8.139627709e-01 -6.385462120e+02
-7.768006202e-01 -2.440508800e-01 5.805342061e-01 8.528934198e+02 -3.270720090e-01 9.441204383e-01 -4.074921937e-02 -2.709973511e+01 -5.381493262e-01 -2.215305080e-01 -8.132155537e-01 -6.407311721e+02
-7.762725977e-01 -2.435134649e-01 5.814654302e-01 8.544571393e+02 -3.258161530e-01 9.446127809e-01 -3.937675220e-02 -2.724405374e+01 -5.396709076e-01 -2.200179233e-01 -8.126176376e-01 -6.429028642e+02
-7.756625661e-01 -2.445107522e-01 5.818608731e-01 8.560928730e+02 -3.261393815e-01 9.445640166e-01 -3.784074930e-02 -2.739538866e+01 -5.403523733e-01 -2.191193980e-01 -8.124075345e-01 -6.451433275e+02
-7.748850066e-01 -2.470880380e-01 5.818081540e-01 8.576878090e+02 -3.295518842e-01 9.433611206e-01 -3.827991313e-02 -2.749736752e+01 -5.393966835e-01 -2.213985041e-01 -8.124247167e-01 -6.472777482e+02
-7.738241624e-01 -2.470947303e-01 5.832155347e-01 8.592299629e+02 -3.297402098e-01 9.433127531e-01 -3.784763957e-02 -2.762562449e+01 -5.408026994e-01 -2.215970308e-01 -8.114352693e-01 -6.494281575e+02
-7.734616590e-01 -2.455035454e-01 5.843672400e-01 8.608053370e+02 -3.289506226e-01 9.435416335e-01 -3.899581713e-02 -2.774921326e+01 -5.418012088e-01 -2.223897369e-01 -8.105518213e-01 -6.516199477e+02
-7.736809740e-01 -2.423239017e-01 5.854031749e-01 8.624182132e+02 -3.251700422e-01 9.448662105e-01 -3.863014276e-02 -2.790570987e+01 -5.437666725e-01 -2.202429815e-01 -8.098214834e-01 -6.538486123e+02
-7.734923135e-01 -2.427259179e-01 5.854859262e-01 8.639823810e+02 -3.249246832e-01 9.449964155e-01 -3.749299772e-02 -2.805569458e+01 -5.441815793e-01 -2.192393746e-01 -8.098151057e-01 -6.559430655e+02
-7.728121650e-01 -2.438499132e-01 5.859168691e-01 8.655444025e+02 -3.265599606e-01 9.444255243e-01 -3.766989690e-02 -2.818380598e+01 -5.441690452e-01 -2.204487443e-01 -8.094951521e-01 -6.580363218e+02
-7.721875814e-01 -2.431989816e-01 5.870098759e-01 8.671590195e+02 -3.267850020e-01 9.443083139e-01 -3.864415407e-02 -2.831321768e+01 -5.449200873e-01 -2.216665594e-01 -8.086569328e-01 -6.602329088e+02
-7.719694477e-01 -2.418106042e-01 5.878697164e-01 8.686831652e+02 -3.261787592e-01 9.444684335e-01 -3.983459844e-02 -2.843176543e+01 -5.455919618e-01 -2.225017076e-01 -8.079742578e-01 -6.622828826e+02
-7.724164693e-01 -2.398378493e-01 5.880906426e-01 8.703090809e+02 -3.239112680e-01 9.452439799e-01 -3.994131706e-02 -2.857299641e+01 -5.463097000e-01 -2.213405169e-01 -8.078081996e-01 -6.644330382e+02
-7.719046767e-01 -2.380588477e-01 5.894838039e-01 8.719223340e+02 -3.226644370e-01 9.456411839e-01 -4.062526769e-02 -2.871138022e+01 -5.477689578e-01 -2.215642938e-01 -8.067579764e-01 -6.666374312e+02
-7.712699186e-01 -2.380285134e-01 5.903262992e-01 8.734984212e+02 -3.237894256e-01 9.452001958e-01 -4.191655773e-02 -2.883391994e+01 -5.479991976e-01 -2.234703934e-01 -8.060755937e-01 -6.687504589e+02
-7.692934806e-01 -2.381355490e-01 5.928566446e-01 8.751342514e+02 -3.253290195e-01 9.446357538e-01 -4.271207924e-02 -2.899500903e+01 -5.498623189e-01 -2.257315950e-01 -8.041745316e-01 -6.710236719e+02
-7.691592570e-01 -2.389550458e-01 5.927010406e-01 8.767714152e+02 -3.254455798e-01 9.446501141e-01 -4.148899247e-02 -2.916403349e+01 -5.499811015e-01 -2.248035764e-01 -8.043532433e-01 -6.731454763e+02
-7.676744349e-01 -2.393997654e-01 5.944440380e-01 8.783755102e+02 -3.263446242e-01 9.443557224e-01 -4.112731386e-02 -2.930905693e+01 -5.515207596e-01 -2.255660036e-01 -8.030845720e-01 -6.753630489e+02
-7.678901467e-01 -2.394375447e-01 5.941501365e-01 8.799581450e+02 -3.257092239e-01 9.446114951e-01 -4.028181622e-02 -2.943914093e+01 -5.515960696e-01 -2.244521896e-01 -8.033448765e-01 -6.774312753e+02
-7.667695285e-01 -2.403184799e-01 5.952407230e-01 8.814456487e+02 -3.265612215e-01 9.443545734e-01 -3.939807444e-02 -2.960321202e+01 -5.526502137e-01 -2.245917806e-01 -8.025810073e-01 -6.794352709e+02
-7.667612843e-01 -2.402153519e-01 5.952929679e-01 8.831474645e+02 -3.257277642e-01 9.446856430e-01 -3.834657199e-02 -2.973904246e+01 -5.531532849e-01 -2.233061142e-01 -8.025931864e-01 -6.816670045e+02
-7.654867871e-01 -2.402749825e-01 5.969069538e-01 8.847106349e+02 -3.258701222e-01 9.446648052e-01 -3.764397974e-02 -2.985633433e+01 -5.548320847e-01 -2.233301111e-01 -8.014268646e-01 -6.837822096e+02
-7.655142963e-01 -2.398354539e-01 5.970484212e-01 8.863347575e+02 -3.260472453e-01 9.445645770e-01 -3.861287063e-02 -2.996785212e+01 -5.546900540e-01 -2.242246975e-01 -8.012753765e-01 -6.858592991e+02
-7.650873021e-01 -2.383388002e-01 5.981939790e-01 8.879857096e+02 -3.240263449e-01 9.452928106e-01 -3.779457588e-02 -3.012357193e+01 -5.564605539e-01 -2.227467587e-01 -8.004595764e-01 -6.880762309e+02
-7.645501918e-01 -2.365699546e-01 5.995812378e-01 8.894959533e+02 -3.226016428e-01 9.457635526e-01 -3.820317527e-02 -3.022461304e+01 -5.580243581e-01 -2.226341373e-01 -7.994015616e-01 -6.900822452e+02
-7.646026345e-01 -2.355830739e-01 5.999028477e-01 8.911543698e+02 -3.220175015e-01 9.459318948e-01 -3.895611865e-02 -3.035371804e+01 -5.582898352e-01 -2.229651671e-01 -7.991238916e-01 -6.921938073e+02
-7.634773569e-01 -2.358091876e-01 6.012456674e-01 8.927410072e+02 -3.226849593e-01 9.457089562e-01 -3.884568396e-02 -3.049902141e+01 -5.594432434e-01 -2.236707338e-01 -7.981194524e-01 -6.943248907e+02
-7.629952875e-01 -2.346054444e-01 6.023275494e-01 8.943978901e+02 -3.226379731e-01 9.456612866e-01 -4.036668525e-02 -3.059564598e+01 -5.601276012e-01 -2.251333303e-01 -7.972277303e-01 -6.965003679e+02
-7.626281069e-01 -2.315502855e-01 6.039725457e-01 8.959458830e+02 -3.203960686e-01 9.463634531e-01 -4.174414817e-02 -3.072310736e+01 -5.619116745e-01 -2.253456898e-01 -7.959111698e-01 -6.985332297e+02
-7.620406383e-01 -2.314454947e-01 6.047537090e-01 8.975430961e+02 -3.205404748e-01 9.463145736e-01 -4.174364374e-02 -3.086608357e+01 -5.626258700e-01 -2.256583940e-01 -7.953178104e-01 -7.006361839e+02
-7.622537878e-01 -2.312994394e-01 6.045409269e-01 8.991629516e+02 -3.204977414e-01 9.463156761e-01 -4.204567615e-02 -3.099289309e+01 -5.623614147e-01 -2.258034776e-01 -7.954636565e-01 -7.027313732e+02
-7.593944284e-01 -2.317871843e-01 6.079430921e-01 9.006465384e+02 -3.211770409e-01 9.461547503e-01 -4.045363822e-02 -3.114056253e+01 -5.658316097e-01 -2.259776308e-01 -7.929493678e-01 -7.047557148e+02
-7.571052873e-01 -2.311634920e-01 6.110278422e-01 9.022545222e+02 -3.218507710e-01 9.459048010e-01 -4.094128246e-02 -3.127174574e+01 -5.685100397e-01 -2.276566435e-01 -7.905496743e-01 -7.069113976e+02
-7.573506356e-01 -2.306929890e-01 6.109015956e-01 9.039493192e+02 -3.222224884e-01 9.457166829e-01 -4.233938542e-02 -3.140945876e+01 -5.679724312e-01 -2.289119928e-01 -7.905735999e-01 -7.090042738e+02
-7.574957988e-01 -2.299242307e-01 6.110114262e-01 9.055803656e+02 -3.219614619e-01 9.457640663e-01 -4.325676771e-02 -3.155164245e+01 -5.679268720e-01 -2.294889518e-01 -7.904390483e-01 -7.110332063e+02
-7.575697523e-01 -2.289095713e-01 6.113006450e-01 9.071921759e+02 -3.209912938e-01 9.460815298e-01 -4.352388259e-02 -3.167696449e+01 -5.683772161e-01 -2.291945619e-01 -7.902007296e-01 -7.130534000e+02
-7.575608120e-01 -2.290324318e-01 6.112657043e-01 9.088541971e+02 -3.210010947e-01 9.460865644e-01 -4.334177949e-02 -3.181836876e+01 -5.683835970e-01 -2.290509939e-01 -7.902377673e-01 -7.151460382e+02
-7.559289502e-01 -2.308689476e-01 6.125936265e-01 9.102771027e+02 -3.224164565e-01 9.456898660e-01 -4.145245443e-02 -3.196890704e+01 -5.697535000e-01 -2.288453767e-01 -7.893102956e-01 -7.170581652e+02
-7.562245022e-01 -2.305781411e-01 6.123383241e-01 9.118931135e+02 -3.217316666e-01 9.459368816e-01 -4.113575886e-02 -3.210150071e+01 -5.697483979e-01 -2.281164983e-01 -7.895249371e-01 -7.190229739e+02
-7.553405961e-01 -2.315969508e-01 6.130443999e-01 9.133564729e+02 -3.231499823e-01 9.454600566e-01 -4.098012158e-02 -3.225283662e+01 -5.701181218e-01 -2.290592364e-01 -7.889849133e-01 -7.209175016e+02
-7.552513065e-01 -2.316787465e-01 6.131234968e-01 9.149928109e+02 -3.226546028e-01 9.456663880e-01 -4.011346336e-02 -3.238384341e+01 -5.705168457e-01 -2.281228640e-01 -7.889679890e-01 -7.229395197e+02
-7.512057661e-01 -2.313250184e-01 6.182059793e-01 9.164850624e+02 -3.238725749e-01 9.452613073e-01 -3.984490169e-02 -3.252732872e+01 -5.751490696e-01 -2.301516822e-01 -7.850055738e-01 -7.250536275e+02
-7.504837148e-01 -2.341306612e-01 6.180267206e-01 9.180598005e+02 -3.263575182e-01 9.444617284e-01 -3.850732155e-02 -3.269776124e+01 -5.746868401e-01 -2.305967845e-01 -7.852134480e-01 -7.270276685e+02
-7.484930452e-01 -2.346021032e-01 6.202580225e-01 9.196065599e+02 -3.266982796e-01 9.444027166e-01 -3.703704866e-02 -3.283020446e+01 -5.770843919e-01 -2.303592022e-01 -7.835229687e-01 -7.290733360e+02
-7.488591199e-01 -2.350289718e-01 6.196542592e-01 9.212396145e+02 -3.261663820e-01 9.446309721e-01 -3.588617901e-02 -3.296643019e+01 -5.769103135e-01 -2.289840802e-01 -7.840540678e-01 -7.310505125e+02
-7.491990313e-01 -2.350302747e-01 6.192427484e-01 9.229358327e+02 -3.246892225e-01 9.452065183e-01 -3.408147019e-02 -3.310121124e+01 -5.773021049e-01 -2.265952510e-01 -7.844596050e-01 -7.331089054e+02
-7.494660727e-01 -2.359856953e-01 6.185558644e-01 9.246096373e+02 -3.250837280e-01 9.450981016e-01 -3.331888596e-02 -3.322076508e+01 -5.767331927e-01 -2.260538210e-01 -7.850340721e-01 -7.351261411e+02
-7.500069619e-01 -2.357468732e-01 6.179910751e-01 9.262702574e+02 -3.244999589e-01 9.453024358e-01 -3.321267202e-02 -3.332418382e+01 -5.763586850e-01 -2.254478137e-01 -7.854832586e-01 -7.371216844e+02
-7.492571221e-01 -2.388913238e-01 6.176930471e-01 9.278940298e+02 -3.278003502e-01 9.441893407e-01 -3.245642083e-02 -3.347169495e+01 -5.754656336e-01 -2.267982016e-01 -7.857492477e-01 -7.391301719e+02
-7.486802436e-01 -2.395222976e-01 6.181480097e-01 9.294859343e+02 -3.285366289e-01 9.439438968e-01 -3.214969889e-02 -3.359610472e+01 -5.757964713e-01 -2.271541076e-01 -7.854039948e-01 -7.411260994e+02
-7.494608207e-01 -2.383294566e-01 6.176629732e-01 9.311528825e+02 -3.268651514e-01 9.445235969e-01 -3.216127553e-02 -3.371731699e+01 -5.757322738e-01 -2.259961172e-01 -7.857850240e-01 -7.431253860e+02
-7.499770890e-01 -2.377442702e-01 6.172617175e-01 9.329166585e+02 -3.260555333e-01 9.447999926e-01 -3.226086188e-02 -3.381888204e+01 -5.755190311e-01 -2.254565058e-01 -7.860961830e-01 -7.452554026e+02
-7.498433677e-01 -2.389181075e-01 6.169708759e-01 9.344461811e+02 -3.272875556e-01 9.443804965e-01 -3.206764318e-02 -3.393969071e+01 -5.749937215e-01 -2.259725994e-01 -7.863323753e-01 -7.471520490e+02
-7.497492660e-01 -2.387203753e-01 6.171617459e-01 9.360671270e+02 -3.267915466e-01 9.445668129e-01 -3.163575547e-02 -3.404820010e+01 -5.753984039e-01 -2.254021259e-01 -7.862000753e-01 -7.491476715e+02
-7.494077470e-01 -2.395648445e-01 6.172493128e-01 9.376812487e+02 -3.270432283e-01 9.445176140e-01 -3.048284250e-02 -3.417093768e+01 -5.757002307e-01 -2.247112862e-01 -7.861768772e-01 -7.511786231e+02
-7.493359953e-01 -2.393579860e-01 6.174166508e-01 9.393532311e+02 -3.268332548e-01 9.445907113e-01 -3.046984879e-02 -3.427266481e+01 -5.759128317e-01 -2.246244480e-01 -7.860459704e-01 -7.532649438e+02
-7.501527403e-01 -2.404283532e-01 6.160073646e-01 9.409729552e+02 -3.274050159e-01 9.444045288e-01 -3.010052361e-02 -3.435614077e+01 -5.745231255e-01 -2.242638913e-01 -7.871650940e-01 -7.552158164e+02
-7.525147452e-01 -2.409322152e-01 6.129218759e-01 9.426121297e+02 -3.272821647e-01 9.444318413e-01 -3.057583666e-02 -3.441612167e+01 -5.714962318e-01 -2.236071663e-01 -7.895517034e-01 -7.571362662e+02
-7.523776231e-01 -2.409645081e-01 6.130774977e-01 9.442293668e+02 -3.274427616e-01 9.443732743e-01 -3.066523442e-02 -3.450839684e+01 -5.715847708e-01 -2.238196251e-01 -7.894274034e-01 -7.591716251e+02
-7.521350350e-01 -2.415973888e-01 6.131260807e-01 9.458239045e+02 -3.285635620e-01 9.439699441e-01 -3.109228792e-02 -3.459733070e+01 -5.712607765e-01 -2.248364881e-01 -7.893729656e-01 -7.611833421e+02
-7.514627438e-01 -2.429621711e-01 6.134110596e-01 9.474054074e+02 -3.305303202e-01 9.432761590e-01 -3.130168185e-02 -3.471669377e+01 -5.710109036e-01 -2.262730017e-01 -7.891432548e-01 -7.631611213e+02
-7.519897103e-01 -2.421086882e-01 6.131026493e-01 9.489587710e+02 -3.294527414e-01 9.436482607e-01 -3.144600510e-02 -3.480266873e+01 -5.709398976e-01 -2.256354209e-01 -7.893771533e-01 -7.650913327e+02
-7.507596105e-01 -2.430660298e-01 6.142303414e-01 9.505079554e+02 -3.296350440e-01 9.436480438e-01 -2.948062406e-02 -3.491835157e+01 -5.724515219e-01 -2.246047075e-01 -7.885759193e-01 -7.670993757e+02
-7.502194268e-01 -2.431224827e-01 6.148676850e-01 9.521068034e+02 -3.309631706e-01 9.431377477e-01 -3.089609338e-02 -3.500685102e+01 -5.723933887e-01 -2.266774080e-01 -7.880248482e-01 -7.690628791e+02
-7.490470731e-01 -2.413516382e-01 6.169909797e-01 9.536699486e+02 -3.310420103e-01 9.430387251e-01 -3.300227776e-02 -3.510259082e+01 -5.738812331e-01 -2.289701938e-01 -7.862779284e-01 -7.710809996e+02
-7.487265503e-01 -2.424119411e-01 6.169643455e-01 9.552612058e+02 -3.319302672e-01 9.427472138e-01 -3.240352863e-02 -3.521276755e+01 -5.737864154e-01 -2.290505223e-01 -7.863237296e-01 -7.730263789e+02
-7.487026458e-01 -2.449541733e-01 6.159884749e-01 9.568012393e+02 -3.337806947e-01 9.421395040e-01 -3.104195401e-02 -3.531697646e+01 -5.727432200e-01 -2.288462542e-01 -7.871433135e-01 -7.749249461e+02
-7.493172344e-01 -2.439452176e-01 6.156414647e-01 9.583897877e+02 -3.314250423e-01 9.430132363e-01 -2.972335047e-02 -3.541262357e+01 -5.733071808e-01 -2.263112173e-01 -7.874656243e-01 -7.768750226e+02
-7.495424478e-01 -2.425470842e-01 6.159196626e-01 9.599606011e+02 -3.309647115e-01 9.431216006e-01 -3.136887310e-02 -3.550251650e+01 -5.732787094e-01 -2.273599754e-01 -7.871841989e-01 -7.787966376e+02
-7.515086171e-01 -2.430997051e-01 6.133003602e-01 9.616352178e+02 -3.311565520e-01 9.430335945e-01 -3.198402438e-02 -3.560859312e+01 -5.705875363e-01 -2.271347025e-01 -7.892019326e-01 -7.806858172e+02
-7.514874184e-01 -2.421331737e-01 6.137085515e-01 9.631743779e+02 -3.306583572e-01 9.431814787e-01 -3.276811180e-02 -3.569813129e+01 -5.709042921e-01 -2.275526852e-01 -7.888523719e-01 -7.825842990e+02
-7.514666054e-01 -2.434396930e-01 6.132169737e-01 9.647360586e+02 -3.317617231e-01 9.428110231e-01 -3.227280170e-02 -3.579583428e+01 -5.702912415e-01 -2.276938526e-01 -7.892549711e-01 -7.845303874e+02
-7.518866445e-01 -2.467824164e-01 6.113631595e-01 9.663390918e+02 -3.343171785e-01 9.419528552e-01 -3.093287434e-02 -3.587356584e+01 -5.682415842e-01 -2.276472216e-01 -7.907453727e-01 -7.863945666e+02
-7.522576443e-01 -2.490412484e-01 6.099892566e-01 9.679013473e+02 -3.365871807e-01 9.411469492e-01 -3.084622937e-02 -3.592953240e+01 -5.664075444e-01 -2.285188760e-01 -7.918090786e-01 -7.882918635e+02
-7.527180481e-01 -2.492799775e-01 6.093234222e-01 9.694815039e+02 -3.362339710e-01 9.412919050e-01 -3.026989080e-02 -3.602730925e+01 -5.660055271e-01 -2.276599270e-01 -7.923438022e-01 -7.902489461e+02
-7.528951244e-01 -2.487084704e-01 6.093381888e-01 9.710055490e+02 -3.359514921e-01 9.413733562e-01 -3.086744484e-02 -3.611810677e+01 -5.659377409e-01 -2.279480225e-01 -7.923093919e-01 -7.921427897e+02
-7.527074457e-01 -2.476961067e-01 6.099820816e-01 9.725659119e+02 -3.364646584e-01 9.411166045e-01 -3.303135510e-02 -3.623202826e+01 -5.658825273e-01 -2.301003597e-01 -7.917264614e-01 -7.940804985e+02
-7.531622749e-01 -2.463039392e-01 6.099843910e-01 9.741581604e+02 -3.360644050e-01 9.411919728e-01 -3.490538712e-02 -3.633924168e+01 -5.655150780e-01 -2.312834622e-01 -7.916442741e-01 -7.960218930e+02
-7.521028532e-01 -2.470288131e-01 6.109975971e-01 9.756531670e+02 -3.363640066e-01 9.411345873e-01 -3.354017934e-02 -3.645503420e+01 -5.667455807e-01 -2.307432643e-01 -7.909216097e-01 -7.979303291e+02
-7.532257546e-01 -2.487733980e-01 6.089029143e-01 9.772419264e+02 -3.356129555e-01 9.415061252e-01 -3.049852967e-02 -3.655784991e+01 -5.656986007e-01 -2.273279847e-01 -7.926582369e-01 -7.998618576e+02
-7.538849640e-01 -2.511002036e-01 6.071294333e-01 9.788039768e+02 -3.357140469e-01 9.415640361e-01 -2.744530259e-02 -3.665486591e+01 -5.647597186e-01 -2.245124800e-01 -7.941288350e-01 -8.017817312e+02
-7.545997934e-01 -2.500988826e-01 6.066545151e-01 9.803829999e+02 -3.341112913e-01 9.421415141e-01 -2.718478319e-02 -3.673246353e+01 -5.647555195e-01 -2.232037552e-01 -7.945006525e-01 -8.037407979e+02
-7.551035787e-01 -2.494020591e-01 6.063144385e-01 9.819386899e+02 -3.342246730e-01 9.420552243e-01 -2.873712521e-02 -3.682550167e+01 -5.640145862e-01 -2.243447510e-01 -7.947055928e-01 -8.056692767e+02
-7.539905765e-01 -2.511551377e-01 6.069755410e-01 9.834756957e+02 -3.370449675e-01 9.410325598e-01 -2.929865532e-02 -3.692032467e+01 -5.638252393e-01 -2.266689615e-01 -7.941802575e-01 -8.076573275e+02
-7.533171394e-01 -2.493761149e-01 6.085432119e-01 9.849661903e+02 -3.357218996e-01 9.414904195e-01 -2.977576224e-02 -3.701550547e+01 -5.655122400e-01 -2.267318751e-01 -7.929618927e-01 -8.096251933e+02
-7.535495770e-01 -2.473116445e-01 6.090976814e-01 9.864937556e+02 -3.326637225e-01 9.426046702e-01 -2.883198678e-02 -3.713735532e+01 -5.670078330e-01 -2.243510335e-01 -7.925709628e-01 -8.116144768e+02
-7.536735071e-01 -2.498676023e-01 6.079000131e-01 9.880457602e+02 -3.345416528e-01 9.419773111e-01 -2.757948384e-02 -3.723151196e+01 -5.657368003e-01 -2.241538014e-01 -7.935344644e-01 -8.134580300e+02
-7.526972280e-01 -2.535741748e-01 6.075747039e-01 9.895560267e+02 -3.379701760e-01 9.407962238e-01 -2.605044030e-02 -3.733429786e+01 -5.649982682e-01 -2.249502238e-01 -7.938352182e-01 -8.153944485e+02
-7.533358229e-01 -2.550705831e-01 6.061552075e-01 9.910738489e+02 -3.391072402e-01 9.403958860e-01 -2.572658720e-02 -3.742251293e+01 -5.634637678e-01 -2.249323793e-01 -7.949301901e-01 -8.172851612e+02
-7.542195454e-01 -2.561669630e-01 6.045918991e-01 9.925408188e+02 -3.391518197e-01 9.404090788e-01 -2.463346540e-02 -3.751272337e+01 -5.622534309e-01 -2.236274838e-01 -7.961543995e-01 -8.191356029e+02
-7.553963986e-01 -2.555146783e-01 6.033974894e-01 9.940010074e+02 -3.380922327e-01 9.407841828e-01 -2.487495795e-02 -3.758238053e+01 -5.613108971e-01 -2.227944581e-01 -7.970525116e-01 -8.210057837e+02
-7.581055314e-01 -2.559090943e-01 5.998220892e-01 9.954779603e+02 -3.388209532e-01 9.404636807e-01 -2.698938615e-02 -3.762422122e+01 -5.572040604e-01 -2.236930949e-01 -7.996780817e-01 -8.226406737e+02
-7.596477263e-01 -2.579024340e-01 5.970106083e-01 9.969804018e+02 -3.416213710e-01 9.393939289e-01 -2.887706980e-02 -3.768084434e+01 -5.533806744e-01 -2.258879829e-01 -8.017134453e-01 -8.243509703e+02
-7.593882320e-01 -2.587196877e-01 5.969871324e-01 9.984571152e+02 -3.425076001e-01 9.390763314e-01 -2.870866853e-02 -3.777370545e+01 -5.531889885e-01 -2.262736551e-01 -8.017369744e-01 -8.263042362e+02
-7.602154391e-01 -2.587490909e-01 5.959206274e-01 9.999578551e+02 -3.421016872e-01 9.392274208e-01 -2.860572755e-02 -3.790046583e+01 -5.523032878e-01 -2.256119678e-01 -8.025336867e-01 -8.282655962e+02
-7.611469172e-01 -2.596170011e-01 5.943520701e-01 1.001416532e+03 -3.425214033e-01 9.390792271e-01 -2.844808376e-02 -3.796758501e+01 -5.507580764e-01 -2.252314764e-01 -8.037016382e-01 -8.301059930e+02
-7.636544874e-01 -2.585024220e-01 5.916150114e-01 1.002878220e+03 -3.406158054e-01 9.397537935e-01 -2.904618076e-02 -3.804007680e+01 -5.484639432e-01 -2.236946699e-01 -8.056972122e-01 -8.318764101e+02
-7.640881623e-01 -2.568801697e-01 5.917616570e-01 1.004322032e+03 -3.395176524e-01 9.401117963e-01 -3.029148834e-02 -3.813024335e+01 -5.485408316e-01 -2.240588962e-01 -8.055436469e-01 -8.338385143e+02
-7.660448597e-01 -2.566836396e-01 5.893121262e-01 1.005802076e+03 -3.389106188e-01 9.403082532e-01 -3.098356849e-02 -3.820943202e+01 -5.461820809e-01 -2.234589407e-01 -8.073111150e-01 -8.356827204e+02
-7.669478418e-01 -2.567175567e-01 5.881216746e-01 1.007258864e+03 -3.382959576e-01 9.405418336e-01 -3.060889251e-02 -3.832021188e+01 -5.452951981e-01 -2.224346091e-01 -8.081930411e-01 -8.376160823e+02
-7.682522512e-01 -2.554128671e-01 5.869861547e-01 1.008717716e+03 -3.363184626e-01 9.412505959e-01 -3.061384420e-02 -3.844424255e+01 -5.446818982e-01 -2.209334358e-01 -8.090179521e-01 -8.395977458e+02
-7.704564823e-01 -2.563598660e-01 5.836749336e-01 1.010129350e+03 -3.369295378e-01 9.410046179e-01 -3.144512069e-02 -3.851505383e+01 -5.411795409e-01 -2.208844226e-01 -8.113783189e-01 -8.414076491e+02
-7.711597442e-01 -2.591446222e-01 5.815124363e-01 1.011490368e+03 -3.398209946e-01 9.399535135e-01 -3.176608439e-02 -3.859929755e+01 -5.383626477e-01 -2.221068600e-01 -8.129170943e-01 -8.432650898e+02
-7.730956781e-01 -2.604678852e-01 5.783420729e-01 1.012934112e+03 -3.409143450e-01 9.395296615e-01 -3.257951243e-02 -3.868546654e+01 -5.348836153e-01 -2.223521892e-01 -8.151435592e-01 -8.452040578e+02
-7.753747215e-01 -2.618408056e-01 5.746594068e-01 1.014369449e+03 -3.415541999e-01 9.392871348e-01 -3.286954390e-02 -3.879531777e+01 -5.311635999e-01 -2.217635474e-01 -8.177323274e-01 -8.471342807e+02
-7.824348936e-01 -2.510512181e-01 5.698850088e-01 1.015832329e+03 -3.294691116e-01 9.434515388e-01 -3.673279858e-02 -3.872597194e+01 -5.284370746e-01 -2.165005309e-01 -8.209030261e-01 -8.490578686e+02
-7.851009423e-01 -2.491641431e-01 5.670394520e-01 1.017201167e+03 -3.265935770e-01 9.444327846e-01 -3.719342536e-02 -3.885984037e+01 -5.262633807e-01 -2.143920362e-01 -8.228504779e-01 -8.509753514e+02
-7.882978997e-01 -2.496698690e-01 5.623623191e-01 1.018569019e+03 -3.264817956e-01 9.444248967e-01 -3.835689698e-02 -3.896050431e+01 -5.215324137e-01 -2.138377211e-01 -8.260008296e-01 -8.528004180e+02
-7.906504107e-01 -2.505454923e-01 5.586581104e-01 1.019877729e+03 -3.273971492e-01 9.440409044e-01 -3.997345934e-02 -3.908045854e+01 -5.173809378e-01 -2.145081048e-01 -8.284342087e-01 -8.546429010e+02
-7.934792781e-01 -2.527767054e-01 5.536195196e-01 1.021240403e+03 -3.289842867e-01 9.434558760e-01 -4.074738251e-02 -3.921249023e+01 -5.120155997e-01 -2.144643264e-01 -8.317722515e-01 -8.565315046e+02
-7.961165354e-01 -2.521494691e-01 5.501082686e-01 1.022580838e+03 -3.275360130e-01 9.439336388e-01 -4.134544287e-02 -3.932624095e+01 -5.088404683e-01 -2.130960598e-01 -8.340692100e-01 -8.584756520e+02
-7.989008582e-01 -2.521450650e-01 5.460588658e-01 1.023947768e+03 -3.263453595e-01 9.443436200e-01 -4.139847504e-02 -3.943354913e+01 -5.052287849e-01 -2.112770541e-01 -8.367233003e-01 -8.604423947e+02
-8.009954330e-01 -2.529490926e-01 5.426076602e-01 1.025185427e+03 -3.260637150e-01 9.444559354e-01 -4.105411019e-02 -3.956045878e+01 -5.020844253e-01 -2.098088242e-01 -8.389824117e-01 -8.622597314e+02
-8.027086559e-01 -2.546254111e-01 5.392816646e-01 1.026525282e+03 -3.278745079e-01 9.437680940e-01 -4.242748837e-02 -3.966048634e+01 -4.981537121e-01 -2.108736226e-01 -8.410559996e-01 -8.642116753e+02
-8.036149887e-01 -2.553208479e-01 5.376004228e-01 1.027795352e+03 -3.290775851e-01 9.432808775e-01 -4.392185221e-02 -3.978753504e+01 -4.958940340e-01 -2.122085076e-01 -8.420550198e-01 -8.661299683e+02
-8.056489974e-01 -2.547099530e-01 5.348387914e-01 1.029077282e+03 -3.279139176e-01 9.436567956e-01 -4.454564873e-02 -3.991619404e+01 -4.933580399e-01 -2.112692406e-01 -8.437790898e-01 -8.680509978e+02
-8.084435097e-01 -2.506532631e-01 5.325335984e-01 1.030367280e+03 -3.231407281e-01 9.452491534e-01 -4.565202966e-02 -4.003279354e+01 -4.919341028e-01 -2.089903818e-01 -8.451768210e-01 -8.700376808e+02
-8.096510036e-01 -2.496464336e-01 5.311703217e-01 1.031589632e+03 -3.218061769e-01 9.456847137e-01 -4.605656032e-02 -4.017037636e+01 -4.908217976e-01 -2.082236308e-01 -8.460123419e-01 -8.719026752e+02
-8.109591639e-01 -2.482964268e-01 5.298057370e-01 1.032869248e+03 -3.199123260e-01 9.463209205e-01 -4.618245438e-02 -4.030146939e+01 -4.898993143e-01 -2.069434703e-01 -8.468607099e-01 -8.738831744e+02
-8.119491537e-01 -2.463083432e-01 5.292171311e-01 1.034107295e+03 -3.180905749e-01 9.468780155e-01 -4.733296860e-02 -4.043299272e+01 -4.894455618e-01 -2.067709452e-01 -8.471651659e-01 -8.758049645e+02
-8.125127005e-01 -2.460071454e-01 5.284918126e-01 1.035346828e+03 -3.186363546e-01 9.465968696e-01 -4.924672549e-02 -4.057605353e+01 -4.881536491e-01 -2.084102945e-01 -8.475087988e-01 -8.777197231e+02
-8.134598278e-01 -2.464876662e-01 5.268082563e-01 1.036592258e+03 -3.199195176e-01 9.460521672e-01 -5.134977394e-02 -4.068353419e+01 -4.857310066e-01 -2.103072215e-01 -8.484316483e-01 -8.796030692e+02
-8.140373871e-01 -2.454470496e-01 5.264018221e-01 1.037799984e+03 -3.184636299e-01 9.465554372e-01 -5.112456040e-02 -4.084717609e+01 -4.857201344e-01 -2.092571386e-01 -8.486974732e-01 -8.815384309e+02
-8.144068907e-01 -2.451668376e-01 5.259606812e-01 1.039012902e+03 -3.184410736e-01 9.465221379e-01 -5.187605512e-02 -4.099088979e+01 -4.851151401e-01 -2.097357007e-01 -8.489253423e-01 -8.834551761e+02
-8.155211564e-01 -2.442697946e-01 5.246498937e-01 1.040239665e+03 -3.175716006e-01 9.467610406e-01 -5.283758618e-02 -4.113538011e+01 -4.838114530e-01 -2.097040759e-01 -8.496768083e-01 -8.852753379e+02
-8.154061895e-01 -2.447591976e-01 5.246004968e-01 1.041389051e+03 -3.175208326e-01 9.468367436e-01 -5.177549530e-02 -4.127395432e+01 -4.840384974e-01 -2.087896459e-01 -8.497726854e-01 -8.871350654e+02
-8.154633222e-01 -2.443115013e-01 5.247203641e-01 1.042608756e+03 -3.163787423e-01 9.472812033e-01 -5.062423565e-02 -4.142851965e+01 -4.846896549e-01 -2.072925762e-01 -8.497680426e-01 -8.890942848e+02
-8.163052409e-01 -2.439569658e-01 5.235749732e-01 1.043840112e+03 -3.158698417e-01 9.474296489e-01 -5.102257770e-02 -4.157910591e+01 -4.836031398e-01 -2.070315415e-01 -8.504504360e-01 -8.909570481e+02
-8.159003364e-01 -2.448775313e-01 5.237763223e-01 1.045037638e+03 -3.164690477e-01 9.472790451e-01 -5.009743155e-02 -4.172574281e+01 -4.838945990e-01 -2.066335052e-01 -8.503814506e-01 -8.928675522e+02
-8.141515441e-01 -2.486736924e-01 5.247081646e-01 1.046080791e+03 -3.192943922e-01 9.464965369e-01 -4.685506223e-02 -4.192498867e+01 -4.849828393e-01 -2.056834957e-01 -8.499917324e-01 -8.945628526e+02
-8.121304080e-01 -2.524787861e-01 5.260215423e-01 1.047166141e+03 -3.216291857e-01 9.459091188e-01 -4.255121503e-02 -4.211497518e+01 -4.868252944e-01 -2.037410159e-01 -8.494061050e-01 -8.963548776e+02
-8.118987731e-01 -2.547812842e-01 5.252683880e-01 1.046933814e+03 -3.222487600e-01 9.458382436e-01 -3.931607332e-02 -4.211738328e+01 -4.868019299e-01 -2.011877584e-01 -8.500278624e-01 -8.960710666e+02
-8.103707050e-01 -2.560198888e-01 5.270228999e-01 1.048094920e+03 -3.218916403e-01 9.461165896e-01 -3.534360926e-02 -4.225415165e+01 -4.895764418e-01 -1.982856913e-01 -8.491158297e-01 -8.979374050e+02
-8.107733361e-01 -2.567806020e-01 5.260326225e-01 1.047804930e+03 -3.229377131e-01 9.457319181e-01 -3.608840005e-02 -4.223960083e+01 -4.882190400e-01 -1.991352846e-01 -8.496983626e-01 -8.975775283e+02
-8.103476991e-01 -2.567311872e-01 5.267121644e-01 1.048550619e+03 -3.260334412e-01 9.444576998e-01 -4.125346607e-02 -4.225255824e+01 -4.868663079e-01 -2.051554308e-01 -8.490420764e-01 -8.984570174e+02
-8.108921666e-01 -2.534875504e-01 5.274447421e-01 1.049268362e+03 -3.264440709e-01 9.439868521e-01 -4.819846159e-02 -4.224388108e+01 -4.856831918e-01 -2.112649637e-01 -8.482210516e-01 -8.992827314e+02
-8.132121110e-01 -2.565888010e-01 5.223487817e-01 1.049703084e+03 -3.314016118e-01 9.419879219e-01 -5.321397085e-02 -4.212881815e+01 -4.783921344e-01 -2.163814737e-01 -8.510699287e-01 -8.991162394e+02
-8.121276333e-01 -2.570146551e-01 5.238245644e-01 1.050832330e+03 -3.293793498e-01 9.429772342e-01 -4.799145527e-02 -4.228005285e+01 -4.816201316e-01 -2.115121814e-01 -8.504731894e-01 -9.009137532e+02
-8.107658210e-01 -2.588549609e-01 5.250265639e-01 1.051988984e+03 -3.301951646e-01 9.428369789e-01 -4.505090993e-02 -4.240370351e+01 -4.833528078e-01 -2.098869707e-01 -8.498926537e-01 -9.026996629e+02
-8.102151410e-01 -2.641795374e-01 5.232213655e-01 1.052771944e+03 -3.349057367e-01 9.412535479e-01 -4.335788496e-02 -4.241433023e+01 -4.810297006e-01 -2.103590517e-01 -8.510931186e-01 -9.035189904e+02
-8.079828806e-01 -2.664632827e-01 5.255102127e-01 1.053901869e+03 -3.358129870e-01 9.411159399e-01 -3.912065142e-02 -4.254328138e+01 -4.841418206e-01 -2.080819708e-01 -8.498873990e-01 -9.053544259e+02
-8.063478539e-01 -2.655367874e-01 5.284821218e-01 1.055066219e+03 -3.347141259e-01 9.415689782e-01 -3.760735643e-02 -4.267285596e+01 -4.876162348e-01 -2.072150426e-01 -8.481110385e-01 -9.072079673e+02
-8.051635900e-01 -2.635285586e-01 5.312855090e-01 1.056220751e+03 -3.315018808e-01 9.428148979e-01 -3.473573629e-02 -4.280576154e+01 -4.917500344e-01 -2.040900956e-01 -8.464804407e-01 -9.090794855e+02
-8.055215452e-01 -2.683909482e-01 5.283004252e-01 1.057084744e+03 -3.359253392e-01 9.412745291e-01 -3.400628525e-02 -4.281438606e+01 -4.881487548e-01 -2.048622950e-01 -8.483762334e-01 -9.098977576e+02
-8.055922648e-01 -2.733384204e-01 5.256493230e-01 1.057917721e+03 -3.413706350e-01 9.392864502e-01 -3.474268414e-02 -4.279739455e+01 -4.842387762e-01 -2.074296808e-01 -8.499916089e-01 -9.107192761e+02
-8.033845210e-01 -2.761598631e-01 5.275500368e-01 1.059043552e+03 -3.440010651e-01 9.384019804e-01 -3.263419061e-02 -4.291754188e+01 -4.860417457e-01 -2.076955782e-01 -8.488969126e-01 -9.124919678e+02
-8.018527358e-01 -2.773785113e-01 5.292384639e-01 1.060177156e+03 -3.462022374e-01 9.375743121e-01 -3.314242162e-02 -4.301289201e+01 -4.870073931e-01 -2.097988818e-01 -8.478255883e-01 -9.142704738e+02
-7.997045932e-01 -2.781907099e-01 5.320549714e-01 1.061343525e+03 -3.468080408e-01 9.374194024e-01 -3.112951685e-02 -4.311802881e+01 -4.900987109e-01 -2.094153598e-01 -8.461373769e-01 -9.161714714e+02
-7.985143673e-01 -2.815664501e-01 5.320668561e-01 1.061846158e+03 -3.503895886e-01 9.361081351e-01 -3.047450897e-02 -4.317740995e+01 -4.894915131e-01 -2.107650201e-01 -8.461537478e-01 -9.168821942e+02
-7.949468488e-01 -2.824276386e-01 5.369302902e-01 1.061992158e+03 -3.510170190e-01 9.359689499e-01 -2.737110038e-02 -4.333588718e+01 -4.948197246e-01 -2.102302399e-01 -8.431824751e-01 -9.175951824e+02
-7.957604963e-01 -2.803688372e-01 5.368040123e-01 1.063172427e+03 -3.480137731e-01 9.371162762e-01 -2.644803655e-02 -4.342825447e+01 -4.956325718e-01 -2.078614924e-01 -8.432923300e-01 -9.194292167e+02
-7.898912339e-01 -2.883053599e-01 5.412502730e-01 1.064037494e+03 -3.563291700e-01 9.340904369e-01 -2.246282127e-02 -4.367573349e+01 -4.991005522e-01 -2.106064461e-01 -8.405614574e-01 -9.210409433e+02
-7.886534780e-01 -2.884036133e-01 5.430000437e-01 1.064458623e+03 -3.560639945e-01 9.342266636e-01 -2.095167842e-02 -4.373646465e+01 -5.012425794e-01 -2.098663786e-01 -8.394712501e-01 -9.217772609e+02
-7.873824496e-01 -2.927048911e-01 5.425428322e-01 1.065109305e+03 -3.611810678e-01 9.322542503e-01 -2.121907136e-02 -4.379552653e+01 -4.995769353e-01 -2.126637238e-01 -8.397601004e-01 -9.225269027e+02
-7.866044517e-01 -2.924439087e-01 5.438106259e-01 1.065564782e+03 -3.606349751e-01 9.324886095e-01 -2.018434832e-02 -4.383754024e+01 -5.011944247e-01 -2.119942298e-01 -8.389651931e-01 -9.232827288e+02
-7.854672615e-01 -2.951215286e-01 5.440077798e-01 1.066152515e+03 -3.626664507e-01 9.317418283e-01 -1.817170921e-02 -4.390134883e+01 -5.015119408e-01 -2.115666533e-01 -8.388833795e-01 -9.240724848e+02
-7.842488825e-01 -2.954870390e-01 5.455649367e-01 1.066584331e+03 -3.622195533e-01 9.319567209e-01 -1.592688115e-02 -4.394319854e+01 -5.037367225e-01 -2.101049264e-01 -8.379172002e-01 -9.248035440e+02
-7.827290171e-01 -3.009111979e-01 5.447822838e-01 1.067258976e+03 -3.678816423e-01 9.297514161e-01 -1.501338081e-02 -4.398715826e+01 -5.019944054e-01 -2.121668101e-01 -8.384431177e-01 -9.255382197e+02
-7.794165720e-01 -3.016659737e-01 5.490969382e-01 1.068226096e+03 -3.676280029e-01 9.299084410e-01 -1.095184122e-02 -4.415145723e+01 -5.073060799e-01 -2.103994573e-01 -8.356869089e-01 -9.272559002e+02
-7.708519162e-01 -3.157131088e-01 5.532743950e-01 1.068363589e+03 -3.821987075e-01 9.240655121e-01 -5.203585307e-03 -4.450228744e+01 -5.096189471e-01 -2.154719524e-01 -8.329828129e-01 -9.277970965e+02
-7.682033964e-01 -3.167477930e-01 5.563581377e-01 1.068617045e+03 -3.829914043e-01 9.237473149e-01 -2.912466304e-03 -4.460615368e+01 -5.130118186e-01 -2.153177510e-01 -8.309375067e-01 -9.284437902e+02
-7.655552540e-01 -3.164160255e-01 5.601839447e-01 1.069795674e+03 -3.817841289e-01 9.242514732e-01 3.054924044e-04 -4.466922698e+01 -5.178474989e-01 -2.136354680e-01 -8.283681879e-01 -9.303012342e+02
-7.615788591e-01 -3.168903675e-01 5.653124236e-01 1.070930737e+03 -3.826149982e-01 9.239046276e-01 2.449942985e-03 -4.476549965e+01 -5.230711276e-01 -2.144311872e-01 -8.248732397e-01 -9.320549074e+02
-7.597802519e-01 -3.108709161e-01 5.710457445e-01 1.072161154e+03 -3.775998254e-01 9.259673458e-01 1.687126791e-03 -4.475102015e+01 -5.292941910e-01 -2.143449278e-01 -8.209165069e-01 -9.339004718e+02
-7.555359988e-01 -3.120153600e-01 5.760310492e-01 1.073344228e+03 -3.782120769e-01 9.257035264e-01 5.348461288e-03 -4.481185020e+01 -5.349027756e-01 -2.138209445e-01 -8.174103158e-01 -9.356606743e+02
-7.500509752e-01 -3.176738904e-01 5.800920909e-01 1.074570524e+03 -3.826631203e-01 9.238208918e-01 1.113087092e-02 -4.483129701e+01 -5.394371798e-01 -2.136311290e-01 -8.144748429e-01 -9.374533973e+02
-7.411931873e-01 -3.288776242e-01 5.852112161e-01 1.074272847e+03 -3.910425115e-01 9.201140275e-01 2.181583257e-02 -4.533660507e+01 -5.456357882e-01 -2.126727172e-01 -8.105873808e-01 -9.375496285e+02
-7.386351889e-01 -3.321109730e-01 5.866177284e-01 1.075516841e+03 -3.944422702e-01 9.186223575e-01 2.341494898e-02 -4.530459563e+01 -5.466565221e-01 -2.140917233e-01 -8.095254047e-01 -9.392319277e+02
-7.342738065e-01 -3.350200308e-01 5.904265882e-01 1.076537732e+03 -3.951132182e-01 9.181552887e-01 2.960423317e-02 -4.537460175e+01 -5.520213057e-01 -2.115477364e-01 -8.065482213e-01 -9.407853092e+02
-7.306635288e-01 -3.348577000e-01 5.949799395e-01 1.077768373e+03 -3.936046738e-01 9.186632436e-01 3.366311970e-02 -4.538581694e+01 -5.578585559e-01 -2.095904712e-01 -8.030352832e-01 -9.425277311e+02
-7.299896120e-01 -3.347260013e-01 5.958805840e-01 1.078977306e+03 -3.942443408e-01 9.184154369e-01 3.293152005e-02 -4.534913739e+01 -5.582889629e-01 -2.108828804e-01 -8.023975602e-01 -9.441211390e+02
-7.291585399e-01 -3.355309424e-01 5.964451445e-01 1.079419174e+03 -3.946122648e-01 9.182137998e-01 3.412591899e-02 -4.532035133e+01 -5.591144642e-01 -2.104813640e-01 -8.019280587e-01 -9.445311615e+02
-7.264051152e-01 -3.358347364e-01 5.996254151e-01 1.080080954e+03 -3.924693384e-01 9.189285765e-01 3.921848670e-02 -4.545869182e+01 -5.641838593e-01 -2.068460806e-01 -7.993192553e-01 -9.455992367e+02
-7.238796886e-01 -3.380268474e-01 6.014449658e-01 1.080341676e+03 -3.969957337e-01 9.170502237e-01 3.759354420e-02 -4.541705720e+01 -5.642628677e-01 -2.115578824e-01 -7.980292467e-01 -9.458529815e+02
-7.217287693e-01 -3.403376022e-01 6.027253935e-01 1.080266490e+03 -4.001906234e-01 9.156507691e-01 3.783033093e-02 -4.540835199e+01 -5.647610543e-01 -2.139018128e-01 -7.970514200e-01 -9.457280335e+02
-7.187584557e-01 -3.393556416e-01 6.068146594e-01 1.080547138e+03 -3.991562829e-01 9.160320552e-01 3.949095811e-02 -4.540656228e+01 -5.692631590e-01 -2.138294238e-01 -7.938617218e-01 -9.463317220e+02
-7.221794870e-01 -3.341449198e-01 6.056434274e-01 1.080704109e+03 -3.917151800e-01 9.192140232e-01 4.005992181e-02 -4.543618820e+01 -5.701017509e-01 -2.083092704e-01 -7.947271491e-01 -9.463736780e+02
-7.187247686e-01 -3.394494688e-01 6.068020807e-01 1.080877718e+03 -3.976152157e-01 9.165997112e-01 4.179844140e-02 -4.539704642e+01 -5.703830707e-01 -2.112321651e-01 -7.937531890e-01 -9.467025008e+02
-7.189641558e-01 -3.409691473e-01 6.056654054e-01 1.082133513e+03 -3.980201612e-01 9.163495835e-01 4.339806551e-02 -4.534345491e+01 -5.697986434e-01 -2.098653887e-01 -7.945350997e-01 -9.482951636e+02
-7.148722651e-01 -3.431667958e-01 6.092570844e-01 1.083190405e+03 -3.997246901e-01 9.154492560e-01 4.661364461e-02 -4.536844267e+01 -5.737401996e-01 -2.102122975e-01 -7.916015243e-01 -9.499148313e+02
-7.124626016e-01 -3.508285455e-01 6.077140553e-01 1.083781958e+03 -4.087429088e-01 9.114400297e-01 4.697134036e-02 -4.536836019e+01 -5.703738036e-01 -2.149334873e-01 -7.927656149e-01 -9.504216107e+02
-7.090627166e-01 -3.547545743e-01 6.094089399e-01 1.084906362e+03 -4.123575324e-01 9.096625514e-01 4.975246833e-02 -4.539732413e+01 -5.720064068e-01 -2.160167463e-01 -7.912935207e-01 -9.519367243e+02
-7.087228579e-01 -3.607004696e-01 6.063060959e-01 1.085249840e+03 -4.193347487e-01 9.065016918e-01 4.912281875e-02 -4.536573597e+01 -5.673361255e-01 -2.194307499e-01 -7.937127104e-01 -9.519615191e+02
-7.088328233e-01 -3.606751193e-01 6.061926154e-01 1.085256884e+03 -4.192903699e-01 9.065243539e-01 4.908341354e-02 -4.536269030e+01 -5.672315351e-01 -2.193787914e-01 -7.938018213e-01 -9.519655250e+02
-7.086954635e-01 -3.637472760e-01 6.045152266e-01 1.086042436e+03 -4.214494477e-01 9.054316681e-01 5.073319878e-02 -4.531874723e+01 -5.658012928e-01 -2.188182205e-01 -7.949764043e-01 -9.527614928e+02
-7.075480620e-01 -3.647752531e-01 6.052394193e-01 1.086849525e+03 -4.221404681e-01 9.050397960e-01 5.196530423e-02 -4.524982482e+01 -5.667214176e-01 -2.187281014e-01 -7.943455498e-01 -9.538364464e+02
-7.076330608e-01 -3.712903804e-01 6.011646237e-01 1.087549134e+03 -4.284682326e-01 9.020157442e-01 5.275007976e-02 -4.516725434e+01 -5.618455526e-01 -2.202522434e-01 -7.973822950e-01 -9.542854772e+02
-7.084440971e-01 -3.737357199e-01 5.986890453e-01 1.088719179e+03 -4.299061281e-01 9.012632395e-01 5.390078058e-02 -4.508692002e+01 -5.597210755e-01 -2.191943996e-01 -7.991658982e-01 -9.557759595e+02
-7.092088902e-01 -3.740550980e-01 5.975830769e-01 1.089852796e+03 -4.295449951e-01 9.014025372e-01 5.444780204e-02 -4.501839662e+01 -5.590293796e-01 -2.180739546e-01 -7.999561882e-01 -9.572641303e+02
-7.106518160e-01 -3.727131666e-01 5.967067050e-01 1.091016179e+03 -4.271452582e-01 9.025080516e-01 5.501040975e-02 -4.495471344e+01 -5.590357097e-01 -2.157871920e-01 -8.005716476e-01 -9.587772565e+02
-7.114121783e-01 -3.717212152e-01 5.964193581e-01 1.092159931e+03 -4.246369367e-01 9.035892018e-01 5.665709461e-02 -4.487915506e+01 -5.599787358e-01 -2.129551421e-01 -8.006709205e-01 -9.603167318e+02
-7.136420423e-01 -3.693843730e-01 5.952060320e-01 1.093273810e+03 -4.209729387e-01 9.052758412e-01 5.707395322e-02 -4.479405422e+01 -5.599078677e-01 -2.098352599e-01 -8.015437252e-01 -9.617850084e+02
-7.151071244e-01 -3.672528708e-01 5.947664496e-01 1.094423766e+03 -4.183596872e-01 9.065076033e-01 5.673744182e-02 -4.471193782e+01 -5.599972971e-01 -2.082529569e-01 -8.018938416e-01 -9.633142700e+02
-7.167708170e-01 -3.644205737e-01 5.945058800e-01 1.095552312e+03 -4.161601959e-01 9.076490886e-01 5.462438476e-02 -4.462147987e+01 -5.595089698e-01 -2.082565186e-01 -8.022337161e-01 -9.648022446e+02
-7.174960641e-01 -3.631584668e-01 5.944033361e-01 1.096666481e+03 -4.145384684e-01 9.083917616e-01 5.461012399e-02 -4.455019171e+01 -5.597832225e-01 -2.072204995e-01 -8.023106683e-01 -9.663390182e+02
-7.172457462e-01 -3.622618693e-01 5.952519446e-01 1.097575728e+03 -4.122999114e-01 9.092894276e-01 5.658197414e-02 -4.456356953e+01 -5.617537917e-01 -2.048391438e-01 -8.015445107e-01 -9.676177179e+02
-7.187347545e-01 -3.592137278e-01 5.953031584e-01 1.098664378e+03 -4.093299526e-01 9.107071147e-01 5.533119415e-02 -4.449834108e+01 -5.620225463e-01 -2.039069614e-01 -8.015937927e-01 -9.690890214e+02
-7.208378843e-01 -3.563157494e-01 5.945013300e-01 1.099787154e+03 -4.062623081e-01 9.121532864e-01 5.410470519e-02 -4.442955984e+01 -5.615547005e-01 -2.025227613e-01 -8.022723039e-01 -9.705985871e+02
-7.214431715e-01 -3.554492331e-01 5.942857840e-01 1.100782786e+03 -4.048690624e-01 9.127531654e-01 5.443070177e-02 -4.438179543e+01 -5.617835817e-01 -2.013392700e-01 -8.024099362e-01 -9.719750125e+02
-7.242125631e-01 -3.534299692e-01 5.921177419e-01 1.101895567e+03 -4.025069805e-01 9.138709047e-01 5.317988530e-02 -4.428637325e+01 -5.599145417e-01 -1.998179834e-01 -8.040948200e-01 -9.734253854e+02
-7.262385632e-01 -3.522648948e-01 5.903278693e-01 1.102970859e+03 -4.007717779e-01 9.146575014e-01 5.276018635e-02 -4.422019243e+01 -5.585333754e-01 -1.982702678e-01 -8.054373778e-01 -9.748685199e+02
-7.271986490e-01 -3.519274024e-01 5.893464417e-01 1.103898638e+03 -3.994059493e-01 9.152011807e-01 5.368134126e-02 -4.424233033e+01 -5.582624943e-01 -1.963514762e-01 -8.060949604e-01 -9.761698883e+02
-7.300599034e-01 -3.491904708e-01 5.874338708e-01 1.104993291e+03 -3.961538955e-01 9.166781758e-01 5.256627277e-02 -4.415541558e+01 -5.568434507e-01 -1.943376883e-01 -8.075631457e-01 -9.776530946e+02
-7.319430150e-01 -3.471041622e-01 5.863259532e-01 1.105978319e+03 -3.947011050e-01 9.174268674e-01 5.038829885e-02 -4.409462699e+01 -5.554011707e-01 -1.945421382e-01 -8.085065838e-01 -9.790652580e+02
-7.351595353e-01 -3.470708273e-01 5.823077352e-01 1.106992882e+03 -3.945378859e-01 9.175828007e-01 4.880225888e-02 -4.404030427e+01 -5.512534029e-01 -1.938650168e-01 -8.115023358e-01 -9.804460968e+02
-7.393793730e-01 -3.467614215e-01 5.771262074e-01 1.108009536e+03 -3.933395133e-01 9.181529141e-01 4.774152790e-02 -4.400631164e+01 -5.464450293e-01 -1.917074406e-01 -8.152582948e-01 -9.818378973e+02
-7.439089528e-01 -3.451166040e-01 5.722709145e-01 1.108992971e+03 -3.920566352e-01 9.188645892e-01 4.449114047e-02 -4.392551768e+01 -5.411941100e-01 -1.912652514e-01 -8.188568488e-01 -9.832250866e+02
-7.479287152e-01 -3.449813878e-01 5.670894806e-01 1.109943141e+03 -3.918503961e-01 9.190565638e-01 4.228829204e-02 -4.389913912e+01 -5.357759831e-01 -1.905856096e-01 -8.225698884e-01 -9.845921859e+02
-7.522274055e-01 -3.448316941e-01 5.614668584e-01 1.110857326e+03 -3.916995485e-01 9.192329659e-01 3.977710438e-02 -4.390391985e+01 -5.298352518e-01 -1.900048869e-01 -8.265426479e-01 -9.859448137e+02
-7.589949269e-01 -3.427572245e-01 5.535740113e-01 1.111772816e+03 -3.906770177e-01 9.199023866e-01 3.392737727e-02 -4.387057979e+01 -5.208629079e-01 -1.905179366e-01 -8.321086149e-01 -9.873098530e+02
-7.665997772e-01 -3.430598925e-01 5.428026268e-01 1.112707409e+03 -3.918464256e-01 9.196104164e-01 2.780397013e-02 -4.385046410e+01 -5.087053767e-01 -1.913807519e-01 -8.393999330e-01 -9.886726221e+02
-7.756714423e-01 -3.404789724e-01 5.314206271e-01 1.113562566e+03 -3.899507047e-01 9.206042091e-01 2.064795570e-02 -4.382461010e+01 -4.962582608e-01 -1.912118185e-01 -8.468564099e-01 -9.899719004e+02
-7.842309309e-01 -3.387633251e-01 5.198281029e-01 1.114379669e+03 -3.882023953e-01 9.214546372e-01 1.484088873e-02 -4.383830083e+01 -4.840255648e-01 -1.901598307e-01 -8.541419621e-01 -9.913194837e+02
-7.936146155e-01 -3.356135452e-01 5.074833892e-01 1.115193791e+03 -3.849403659e-01 9.229035469e-01 8.364078313e-03 -4.384857515e+01 -4.711653179e-01 -1.887129867e-01 -8.616209444e-01 -9.926817613e+02
-8.031045185e-01 -3.332666715e-01 4.939194855e-01 1.116021100e+03 -3.826269843e-01 9.239020694e-01 1.247789303e-03 -4.385450186e+01 -4.567490813e-01 -1.879848180e-01 -8.695067480e-01 -9.940885490e+02
-8.129198734e-01 -3.307742335e-01 4.793221108e-01 1.116809358e+03 -3.799921070e-01 9.249692936e-01 -6.148530004e-03 -4.386639131e+01 -4.413244589e-01 -1.871368810e-01 -8.776175190e-01 -9.954703282e+02
-8.220150351e-01 -3.297619343e-01 4.642718479e-01 1.117551529e+03 -3.785801537e-01 9.254779459e-01 -1.294754538e-02 -4.391651433e+01 -4.254037485e-01 -1.864071845e-01 -8.855981099e-01 -9.968507914e+02
-8.311481803e-01 -3.268828989e-01 4.498224903e-01 1.118261153e+03 -3.762266276e-01 9.262651891e-01 -2.205275848e-02 -4.396893036e+01 -4.094462444e-01 -1.875643086e-01 -8.928456771e-01 -9.982415228e+02
-8.404226081e-01 -3.256327950e-01 4.331894765e-01 1.118949206e+03 -3.746236465e-01 9.266849326e-01 -3.020197405e-02 -4.403304737e+01 -3.915954076e-01 -1.876654431e-01 -9.007967130e-01 -9.995807120e+02
-8.497484780e-01 -3.250614931e-01 4.150452383e-01 1.119604297e+03 -3.723234845e-01 9.274068590e-01 -3.594079551e-02 -4.412040561e+01 -3.732328321e-01 -1.850717256e-01 -9.090905947e-01 -1.000951311e+03
-8.588324605e-01 -3.248832560e-01 3.960526162e-01 1.120229707e+03 -3.708978621e-01 9.276627328e-01 -4.332008847e-02 -4.419627307e+01 -3.533292809e-01 -1.840997668e-01 -9.172053724e-01 -1.002337792e+03
-8.678900535e-01 -3.230481667e-01 3.773681717e-01 1.120812663e+03 -3.681798388e-01 9.282944576e-01 -5.208652656e-02 -4.429182807e+01 -3.334823254e-01 -1.841447309e-01 -9.245973484e-01 -1.003738345e+03
-8.759957795e-01 -3.228430909e-01 3.583346661e-01 1.121372235e+03 -3.669571945e-01 9.282511957e-01 -6.076294172e-02 -4.440389629e+01 -3.130076864e-01 -1.847215643e-01 -9.316137247e-01 -1.005170354e+03
-8.844334871e-01 -3.213311774e-01 3.384134770e-01 1.121902914e+03 -3.644913381e-01 9.284994837e-01 -7.095613647e-02 -4.451849674e+01 -2.914163198e-01 -1.861047643e-01 -9.383184669e-01 -1.006582925e+03
-8.924422870e-01 -3.205541637e-01 3.174772315e-01 1.122420314e+03 -3.623907703e-01 9.284809045e-01 -8.121662096e-02 -4.466239012e+01 -2.687372211e-01 -1.875319654e-01 -9.447814922e-01 -1.008021121e+03
-9.001399290e-01 -3.207580593e-01 2.947242365e-01 1.122887574e+03 -3.603844881e-01 9.284288077e-01 -9.023840516e-02 -4.480344933e+01 -2.446857758e-01 -1.874412347e-01 -9.513120701e-01 -1.009447315e+03
-9.080324414e-01 -3.189295114e-01 2.715898601e-01 1.123314607e+03 -3.560591713e-01 9.291706593e-01 -9.931642611e-02 -4.495963231e+01 -2.206783901e-01 -1.868845974e-01 -9.572748797e-01 -1.010973366e+03
-9.148504128e-01 -3.195206516e-01 2.468912218e-01 1.123731237e+03 -3.532084556e-01 9.295410135e-01 -1.058172536e-01 -4.514435708e+01 -1.956847187e-01 -1.840110253e-01 -9.632483758e-01 -1.012438712e+03
-9.211855578e-01 -3.194174493e-01 2.222378480e-01 1.124096718e+03 -3.497468953e-01 9.299982032e-01 -1.130506580e-01 -4.533473948e+01 -1.705704465e-01 -1.818676308e-01 -9.684161748e-01 -1.013894365e+03
-9.272147802e-01 -3.179244480e-01 1.979818089e-01 1.124435679e+03 -3.453720268e-01 9.302898422e-01 -1.236081413e-01 -4.554494325e+01 -1.448824157e-01 -1.829886742e-01 -9.723807026e-01 -1.015384619e+03
-9.322801402e-01 -3.161648263e-01 1.757655906e-01 1.124691087e+03 -3.411232519e-01 9.300782261e-01 -1.363430247e-01 -4.574530286e+01 -1.203688800e-01 -1.870676240e-01 -9.749446327e-01 -1.016852703e+03
-9.370413863e-01 -3.142813919e-01 1.522519198e-01 1.124936435e+03 -3.359407965e-01 9.303096671e-01 -1.471995401e-01 -4.597435834e+01 -9.537935645e-02 -1.890796923e-01 -9.773186012e-01 -1.018295923e+03
-9.409414976e-01 -3.134445182e-01 1.279907500e-01 1.125141880e+03 -3.312960625e-01 9.303384706e-01 -1.572044819e-01 -4.623300520e+01 -6.979983547e-02 -1.903230521e-01 -9.792370085e-01 -1.019747279e+03
-9.449808541e-01 -3.109914436e-01 1.014667793e-01 1.125358715e+03 -3.243803755e-01 9.309342922e-01 -1.677459856e-01 -4.648117847e+01 -4.229133820e-02 -1.914305767e-01 -9.805946038e-01 -1.021232529e+03
-9.476221402e-01 -3.102795612e-01 7.575535109e-02 1.125474379e+03 -3.189900713e-01 9.313373212e-01 -1.756591259e-01 -4.676901159e+01 -1.605034924e-02 -1.906236817e-01 -9.815319650e-01 -1.022731077e+03
-9.498163921e-01 -3.087971553e-01 4.993133508e-02 1.125553092e+03 -3.126275970e-01 9.316774262e-01 -1.850436682e-01 -4.704141692e+01 1.062106058e-02 -1.913674226e-01 -9.814610041e-01 -1.024158159e+03
-9.510070169e-01 -3.082968505e-01 2.321003807e-02 1.125637292e+03 -3.067365464e-01 9.314621663e-01 -1.956806679e-01 -4.735894296e+01 3.870846128e-02 -1.932130552e-01 -9.803929673e-01 -1.025667238e+03
-9.520345434e-01 -3.059700293e-01 -3.545322261e-03 1.125663244e+03 -2.986442562e-01 9.316390472e-01 -2.070272785e-01 -4.767871412e+01 6.664710311e-02 -1.960383304e-01 -9.783287467e-01 -1.027189353e+03
-9.521453729e-01 -3.041009068e-01 -3.068920725e-02 1.125661956e+03 -2.907743925e-01 9.321795982e-01 -2.156187594e-01 -4.804698983e+01 9.417771312e-02 -1.963767684e-01 -9.759952475e-01 -1.028711044e+03
-9.510382565e-01 -3.035901184e-01 -5.795925006e-02 1.125615492e+03 -2.840428490e-01 9.324399225e-01 -2.233281239e-01 -4.838025741e+01 1.218437302e-01 -1.959306790e-01 -9.730186403e-01 -1.030140267e+03
-9.490252275e-01 -3.034077672e-01 -8.540986131e-02 1.125523611e+03 -2.773786694e-01 9.326047136e-01 -2.308885487e-01 -4.873862260e+01 1.497070183e-01 -1.954281838e-01 -9.692242432e-01 -1.031574586e+03
-9.458996953e-01 -3.042689892e-01 -1.126683129e-01 1.125384609e+03 -2.713563508e-01 9.322301945e-01 -2.394004914e-01 -4.912256618e+01 1.778749488e-01 -1.958755897e-01 -9.643615795e-01 -1.033068138e+03
-9.427123140e-01 -3.040429956e-01 -1.373002178e-01 1.125177250e+03 -2.644432250e-01 9.319514026e-01 -2.480652411e-01 -4.953377357e+01 2.033796295e-01 -1.975460451e-01 -9.589641736e-01 -1.034475107e+03
-9.391041351e-01 -3.023852782e-01 -1.632377620e-01 1.124962137e+03 -2.552778744e-01 9.319019051e-01 -2.576665406e-01 -4.990462779e+01 2.300361500e-01 -2.003047249e-01 -9.523452036e-01 -1.035973552e+03
-9.350370477e-01 -2.996746624e-01 -1.894751068e-01 1.124721343e+03 -2.452780325e-01 9.326332854e-01 -2.646390783e-01 -5.031235786e+01 2.560164178e-01 -2.009732611e-01 -9.455502854e-01 -1.037433512e+03
-9.296101333e-01 -3.000352658e-01 -2.140183153e-01 1.124406991e+03 -2.383147865e-01 9.323437254e-01 -2.719213863e-01 -5.074225851e+01 2.811246388e-01 -2.017771471e-01 -9.382190151e-01 -1.038849906e+03
-9.242312000e-01 -2.981037555e-01 -2.386018437e-01 1.124053135e+03 -2.289332320e-01 9.327350623e-01 -2.785585736e-01 -5.119137735e+01 3.055916625e-01 -2.028286335e-01 -9.303087021e-01 -1.040262162e+03
-9.177586746e-01 -2.969596721e-01 -2.636929432e-01 1.123679818e+03 -2.201197493e-01 9.330247704e-01 -2.846262002e-01 -5.163636984e+01 3.305545509e-01 -2.031741397e-01 -9.216582652e-01 -1.041650866e+03
-9.105415992e-01 -2.964682352e-01 -2.881329235e-01 1.123276382e+03 -2.113464664e-01 9.328046977e-01 -2.919042087e-01 -5.208521932e+01 3.553120702e-01 -2.048950497e-01 -9.120149951e-01 -1.043003046e+03
-9.029556255e-01 -2.954075445e-01 -3.120985758e-01 1.122827901e+03 -2.014627891e-01 9.324994630e-01 -2.997623995e-01 -5.253367783e+01 3.795838287e-01 -2.077958954e-01 -9.015192637e-01 -1.044367771e+03
-8.947474821e-01 -2.952979031e-01 -3.350016294e-01 1.122334110e+03 -1.931069403e-01 9.322439399e-01 -3.059917419e-01 -5.301467531e+01 4.026619586e-01 -2.090942010e-01 -8.911469925e-01 -1.045740269e+03
-8.869964901e-01 -2.937327216e-01 -3.563121031e-01 1.121775726e+03 -1.833049353e-01 9.321822847e-01 -3.121465823e-01 -5.350883838e+01 4.238354955e-01 -2.115591559e-01 -8.806850722e-01 -1.047085610e+03
-8.783953782e-01 -2.927758712e-01 -3.777616296e-01 1.121201688e+03 -1.741660270e-01 9.321421084e-01 -3.174543821e-01 -5.399870100e+01 4.450705052e-01 -2.130572199e-01 -8.697809302e-01 -1.048415400e+03
-8.692184409e-01 -2.913095043e-01 -3.994972775e-01 1.120619348e+03 -1.647559708e-01 9.324738136e-01 -3.214779263e-01 -5.449759908e+01 4.661703252e-01 -2.136149801e-01 -8.585184146e-01 -1.049701098e+03
-8.591713803e-01 -2.910631486e-01 -4.208405669e-01 1.120005776e+03 -1.560721687e-01 9.323308868e-01 -3.261910416e-01 -5.500667832e+01 4.873048506e-01 -2.145725075e-01 -8.464588718e-01 -1.050982330e+03
-8.483000464e-01 -2.908534324e-01 -4.424831208e-01 1.119362263e+03 -1.467287417e-01 9.320308308e-01 -3.313445440e-01 -5.552351341e+01 5.087806086e-01 -2.161546005e-01 -8.333183551e-01 -1.052246911e+03
-8.363048880e-01 -2.921111740e-01 -4.639668052e-01 1.118689592e+03 -1.384780581e-01 9.313500953e-01 -3.367652408e-01 -5.607458381e+01 5.304884181e-01 -2.173891948e-01 -8.193436253e-01 -1.053497948e+03
-8.246692644e-01 -2.926761632e-01 -4.840054420e-01 1.117931742e+03 -1.283803099e-01 9.302366971e-01 -3.437705389e-01 -5.662879974e+01 5.508530660e-01 -2.213602288e-01 -8.047114693e-01 -1.054741094e+03
-8.114162453e-01 -2.938475102e-01 -5.052299650e-01 1.117183411e+03 -1.193809025e-01 9.295273923e-01 -3.488940055e-01 -5.716462369e+01 5.721467268e-01 -2.227834547e-01 -7.893134076e-01 -1.055942933e+03
-7.979142350e-01 -2.944880128e-01 -5.259369580e-01 1.116380107e+03 -1.100075494e-01 9.290225835e-01 -3.532921999e-01 -5.771982245e+01 5.926476294e-01 -2.240398395e-01 -7.736762486e-01 -1.057130932e+03
-7.843639184e-01 -2.930209463e-01 -5.467284230e-01 1.115572670e+03 -9.927390821e-02 9.293302234e-01 -3.556543646e-01 -5.825649175e+01 6.123054260e-01 -2.246865837e-01 -7.580224300e-01 -1.058223942e+03
-7.698844975e-01 -2.917693097e-01 -5.675812984e-01 1.114712874e+03 -9.005605037e-02 9.301401141e-01 -3.559905559e-01 -5.883122958e+01 6.317972525e-01 -2.229574803e-01 -7.423760461e-01 -1.059345144e+03
-7.543908932e-01 -2.911882676e-01 -5.883058499e-01 1.113800638e+03 -7.934154412e-02 9.301040028e-01 -3.586244042e-01 -5.941401172e+01 6.516128448e-01 -2.238658901e-01 -7.247653163e-01 -1.060488124e+03
-7.379568968e-01 -2.924943826e-01 -6.081666339e-01 1.112889834e+03 -6.947345773e-02 9.293298577e-01 -3.626561101e-01 -5.999902010e+01 6.712622864e-01 -2.253731387e-01 -7.061259741e-01 -1.061573578e+03
-7.204990984e-01 -2.934652612e-01 -6.282986469e-01 1.111966502e+03 -5.877271436e-02 9.286219955e-01 -3.663426778e-01 -6.056253944e+01 6.909607928e-01 -2.270227521e-01 -6.863190605e-01 -1.062628930e+03
-7.022857529e-01 -2.931486116e-01 -6.487361658e-01 1.110969274e+03 -4.802962772e-02 9.287150865e-01 -3.676702911e-01 -6.116587252e+01 7.102730997e-01 -2.270510506e-01 -6.663031925e-01 -1.063717042e+03
-6.844992843e-01 -2.928029438e-01 -6.676280146e-01 1.109954433e+03 -3.713827664e-02 9.286128627e-01 -3.691868086e-01 -6.174735804e+01 7.280669462e-01 -2.279135524e-01 -6.465090367e-01 -1.064713327e+03
-6.657365083e-01 -2.921691529e-01 -6.866091229e-01 1.108895003e+03 -2.520576267e-02 9.284371423e-01 -3.706334339e-01 -6.234569590e+01 7.457610684e-01 -2.294377015e-01 -6.254588476e-01 -1.065717833e+03
-6.450534082e-01 -2.934758297e-01 -7.055338673e-01 1.107799679e+03 -1.524072964e-02 9.280650069e-01 -3.721062524e-01 -6.296128107e+01 7.639854846e-01 -2.292755554e-01 -6.031242816e-01 -1.066692020e+03
-6.245973904e-01 -2.946825614e-01 -7.232152432e-01 1.106677163e+03 -4.342784864e-03 9.273710791e-01 -3.741176578e-01 -6.355919306e+01 7.809348501e-01 -2.305321445e-01 -5.805132989e-01 -1.067606099e+03
-6.029076387e-01 -2.949943111e-01 -7.412696781e-01 1.105560441e+03 6.989010866e-03 9.271408845e-01 -3.746477466e-01 -6.415329520e+01 7.977803789e-01 -2.310587301e-01 -5.569186029e-01 -1.068470454e+03
-5.822848628e-01 -2.946166725e-01 -7.577237985e-01 1.104426407e+03 1.922799362e-02 9.267755621e-01 -3.751231022e-01 -6.473655807e+01 8.127574194e-01 -2.329980125e-01 -5.339824935e-01 -1.069265525e+03
-5.603262765e-01 -2.954548823e-01 -7.737834816e-01 1.103210541e+03 3.132827062e-02 9.259857392e-01 -3.762564952e-01 -6.532388433e+01 8.276792877e-01 -2.350676993e-01 -5.095980509e-01 -1.070071033e+03
-5.387431035e-01 -2.942512948e-01 -7.894124676e-01 1.101985975e+03 4.492309318e-02 9.256545672e-01 -3.756934096e-01 -6.592750002e+01 8.412715282e-01 -2.378650833e-01 -4.854713359e-01 -1.070836355e+03
-5.158210326e-01 -2.935753779e-01 -8.048243037e-01 1.100762048e+03 5.585433492e-02 9.259277784e-01 -3.735479119e-01 -6.652972645e+01 8.548736489e-01 -2.376367959e-01 -4.612155653e-01 -1.071546106e+03
-4.918954724e-01 -2.933578531e-01 -8.197438711e-01 1.099518732e+03 6.860804097e-02 9.255381854e-01 -3.723869010e-01 -6.711755726e+01 8.679468768e-01 -2.394164517e-01 -4.351413354e-01 -1.072264056e+03
-4.676279044e-01 -2.933797326e-01 -8.338180110e-01 1.098225782e+03 8.122229542e-02 9.250599823e-01 -3.710349956e-01 -6.772186213e+01 8.801858223e-01 -2.412309303e-01 -4.087548857e-01 -1.072920545e+03
-4.425441043e-01 -2.946711655e-01 -8.469495971e-01 1.096947212e+03 9.153758988e-02 9.246915312e-01 -3.695489708e-01 -6.831312333e+01 8.920625457e-01 -2.410694431e-01 -3.822432971e-01 -1.073525355e+03
-4.185800897e-01 -2.956594334e-01 -8.587061243e-01 1.095655458e+03 1.041598712e-01 9.236561318e-01 -3.687954329e-01 -6.888096415e+01 9.021870259e-01 -2.438131447e-01 -3.558282180e-01 -1.074058199e+03
-3.956938564e-01 -2.951901755e-01 -8.696488557e-01 1.094347082e+03 1.179019110e-01 9.227714675e-01 -3.668677665e-01 -6.943040968e+01 9.107829112e-01 -2.477005833e-01 -3.303315148e-01 -1.074529643e+03
-3.707778058e-01 -2.943387933e-01 -8.808453289e-01 1.093012489e+03 1.286363258e-01 9.230311030e-01 -3.625827885e-01 -7.001257915e+01 9.197698160e-01 -2.477463575e-01 -3.043767862e-01 -1.074982308e+03
-3.455798990e-01 -2.946008353e-01 -8.909460597e-01 1.091603116e+03 1.426047770e-01 9.219271581e-01 -3.601585661e-01 -7.058539876e+01 9.274903832e-01 -2.515167251e-01 -2.765880078e-01 -1.075430499e+03
-3.188996294e-01 -2.961843261e-01 -9.003209824e-01 1.090232763e+03 1.545237572e-01 9.209602390e-01 -3.577074876e-01 -7.115505798e+01 9.351071783e-01 -2.531937661e-01 -2.479263640e-01 -1.075833731e+03
-2.928710544e-01 -2.982411663e-01 -9.084485413e-01 1.088823515e+03 1.664343959e-01 9.197031214e-01 -3.555921264e-01 -7.172333673e+01 9.415551696e-01 -2.553397251e-01 -2.197168346e-01 -1.076188392e+03
-2.667027944e-01 -2.996070634e-01 -9.160268703e-01 1.087373827e+03 1.783640442e-01 9.186913444e-01 -3.524095366e-01 -7.229901616e+01 9.471303433e-01 -2.573748654e-01 -1.915784212e-01 -1.076506063e+03
-2.417489299e-01 -3.004758532e-01 -9.226438731e-01 1.085938887e+03 1.905134448e-01 9.176424450e-01 -3.487649215e-01 -7.283835747e+01 9.514526169e-01 -2.600896092e-01 -1.645943892e-01 -1.076764969e+03
-2.158387690e-01 -2.997541752e-01 -9.292798611e-01 1.084530968e+03 2.007007530e-01 9.177717064e-01 -3.426577048e-01 -7.339020311e+01 9.555798415e-01 -2.604659851e-01 -1.379298267e-01 -1.076985222e+03
-1.906651259e-01 -2.992099738e-01 -9.349439563e-01 1.083094293e+03 2.113858092e-01 9.175579468e-01 -3.367542931e-01 -7.392458580e+01 9.586255001e-01 -2.618411845e-01 -1.116975590e-01 -1.077167027e+03
-1.648658350e-01 -3.002412103e-01 -9.395075689e-01 1.081574923e+03 2.221314843e-01 9.167682381e-01 -3.319542156e-01 -7.448061925e+01 9.609770341e-01 -2.634221198e-01 -8.445073539e-02 -1.077330401e+03
-1.386683844e-01 -3.018444238e-01 -9.432184386e-01 1.080104300e+03 2.298204574e-01 9.166116486e-01 -3.271171701e-01 -7.501745375e+01 9.633035018e-01 -2.621317025e-01 -5.773503285e-02 -1.077449250e+03
-1.151136739e-01 -3.025230334e-01 -9.461652373e-01 1.078501032e+03 2.407292257e-01 9.156085912e-01 -3.220409099e-01 -7.556393879e+01 9.637418129e-01 -2.648409372e-01 -3.257293322e-02 -1.077499566e+03
-8.955376538e-02 -3.026997387e-01 -9.488693226e-01 1.076904056e+03 2.485762413e-01 9.157557613e-01 -3.155966379e-01 -7.614276754e+01 9.644635687e-01 -2.641292370e-01 -6.765413311e-03 -1.077571634e+03
-6.624398420e-02 -3.040530514e-01 -9.503491340e-01 1.075325269e+03 2.575634290e-01 9.149524291e-01 -3.106817223e-01 -7.665847812e+01 9.639879743e-01 -2.653559768e-01 1.770285227e-02 -1.077562122e+03
-4.391190861e-02 -3.051005053e-01 -9.513072195e-01 1.073774396e+03 2.668159531e-01 9.140556332e-01 -3.054693871e-01 -7.718522028e+01 9.627465873e-01 -2.672376863e-01 4.126775469e-02 -1.077497711e+03
-2.092982946e-02 -3.059577534e-01 -9.518150006e-01 1.072230085e+03 2.750003553e-01 9.135392577e-01 -2.997012332e-01 -7.769255853e+01 9.612162851e-01 -2.680221590e-01 6.501827001e-02 -1.077423647e+03
6.304926213e-04 -3.045664672e-01 -9.524908764e-01 1.070681420e+03 2.834960252e-01 9.134680295e-01 -2.919009467e-01 -7.818398319e+01 9.589732041e-01 -2.698433361e-01 8.691931772e-02 -1.077286617e+03
2.376717238e-02 -3.039688659e-01 -9.523854525e-01 1.069158188e+03 2.892885098e-01 9.139885133e-01 -2.844945617e-01 -7.867610175e+01 9.569468531e-01 -2.687525370e-01 1.096576228e-01 -1.077134369e+03
4.429545609e-02 -3.061005902e-01 -9.509681074e-01 1.067610848e+03 2.974016769e-01 9.127848427e-01 -2.799572709e-01 -7.914222706e+01 9.537243601e-01 -2.704186749e-01 1.314670497e-01 -1.076925813e+03
6.411014632e-02 -3.060409357e-01 -9.498572708e-01 1.066142870e+03 3.046554236e-01 9.123792187e-01 -2.734030617e-01 -7.959470463e+01 9.503025634e-01 -2.718512589e-01 1.517297961e-01 -1.076689090e+03
8.423138882e-02 -3.059413697e-01 -9.483169045e-01 1.064575812e+03 3.112446290e-01 9.121593473e-01 -2.666310297e-01 -8.007449355e+01 9.465895911e-01 -2.726998412e-01 1.720550568e-01 -1.076439993e+03
1.013739878e-01 -3.062236165e-01 -9.465465711e-01 1.062972124e+03 3.183428769e-01 9.114063307e-01 -2.607610268e-01 -8.053900132e+01 9.425397219e-01 -2.748919735e-01 1.898770013e-01 -1.076147221e+03
1.170282809e-01 -3.064177062e-01 -9.446759078e-01 1.061407064e+03 3.245432791e-01 9.107876394e-01 -2.552205632e-01 -8.098427056e+01 9.386032396e-01 -2.767201930e-01 2.060337188e-01 -1.075823803e+03
1.324808953e-01 -3.083469989e-01 -9.420036840e-01 1.059747758e+03 3.297689868e-01 9.099513762e-01 -2.514774511e-01 -8.146416612e+01 9.347198659e-01 -2.773276425e-01 2.222344504e-01 -1.075484070e+03
1.456806374e-01 -3.096034489e-01 -9.396397481e-01 1.058154048e+03 3.367094143e-01 9.085890299e-01 -2.471694664e-01 -8.191899911e+01 9.302708865e-01 -2.803777438e-01 2.366102250e-01 -1.075082311e+03
1.587081937e-01 -3.111625534e-01 -9.370109789e-01 1.056526779e+03 3.417043847e-01 9.077006132e-01 -2.435522742e-01 -8.236574926e+01 9.263097877e-01 -2.815270185e-01 2.503851336e-01 -1.074677921e+03
1.708829136e-01 -3.112334493e-01 -9.348437141e-01 1.054977174e+03 3.469988550e-01 9.070223247e-01 -2.385420236e-01 -8.279118362e+01 9.221663757e-01 -2.836269424e-01 2.629922681e-01 -1.074252213e+03
1.825360836e-01 -3.121757340e-01 -9.323233823e-01 1.053352584e+03 3.509258636e-01 9.064833014e-01 -2.348170832e-01 -8.321172038e+01 9.184397729e-01 -2.843137974e-01 2.750164508e-01 -1.073813885e+03
1.933550380e-01 -3.125330104e-01 -9.300198636e-01 1.051732295e+03 3.551576327e-01 9.059188453e-01 -2.305951031e-01 -8.362550930e+01 9.145911027e-01 -2.857169282e-01 2.861624569e-01 -1.073343494e+03
2.038970418e-01 -3.126174223e-01 -9.277372169e-01 1.050154254e+03 3.569884729e-01 9.061371457e-01 -2.268803723e-01 -8.403858791e+01 9.115839109e-01 -2.849312556e-01 2.963594996e-01 -1.072836159e+03
2.141831060e-01 -3.130099183e-01 -9.252839500e-01 1.048430734e+03 3.613544527e-01 9.054541528e-01 -2.226560953e-01 -8.446997534e+01 9.074957612e-01 -2.866663013e-01 3.070405105e-01 -1.072341432e+03
2.217699912e-01 -3.119412908e-01 -9.238564294e-01 1.046844722e+03 3.638649342e-01 9.054868862e-01 -2.183937010e-01 -8.486546162e+01 9.046658945e-01 -2.877257898e-01 3.143143160e-01 -1.071805196e+03
2.277655815e-01 -3.119448321e-01 -9.223953933e-01 1.045136001e+03 3.677117165e-01 9.047057941e-01 -2.151639368e-01 -8.528613116e+01 9.016157349e-01 -2.901686541e-01 3.207666110e-01 -1.071269299e+03
2.324917841e-01 -3.119570691e-01 -9.212113533e-01 1.043608161e+03 3.688061594e-01 9.047042142e-01 -2.132892440e-01 -8.566737292e+01 8.999608809e-01 -2.901604243e-01 3.253879853e-01 -1.070691474e+03
2.370059211e-01 -3.115250684e-01 -9.202066752e-01 1.042023297e+03 3.698462560e-01 9.048038171e-01 -2.110540204e-01 -8.604316231e+01 8.983551304e-01 -2.903139410e-01 3.296602423e-01 -1.070104650e+03
2.420099039e-01 -3.108581822e-01 -9.191291514e-01 1.040429514e+03 3.710177044e-01 9.049460534e-01 -2.083710715e-01 -8.642944627e+01 8.965361507e-01 -2.905853248e-01 3.343397965e-01 -1.069516722e+03
2.466341585e-01 -3.105864944e-01 -9.179910791e-01 1.038811036e+03 3.717874104e-01 9.050962962e-01 -2.063366573e-01 -8.682190568e+01 8.949557047e-01 -2.904078582e-01 3.386998118e-01 -1.068912918e+03
2.499302250e-01 -3.104387987e-01 -9.171491890e-01 1.037216415e+03 3.731305974e-01 9.049326427e-01 -2.046227491e-01 -8.718187832e+01 8.934810798e-01 -2.910750151e-01 3.420042334e-01 -1.068304895e+03
2.536218846e-01 -3.097303814e-01 -9.163749399e-01 1.035631121e+03 3.737330940e-01 9.051607652e-01 -2.025032433e-01 -8.757153398e+01 8.921880486e-01 -2.911203873e-01 3.453250729e-01 -1.067722812e+03
2.562403304e-01 -3.098436418e-01 -9.156078914e-01 1.034046763e+03 3.748662915e-01 9.049540889e-01 -2.013289858e-01 -8.794123897e+01 8.909636112e-01 -2.916419289e-01 3.480356717e-01 -1.067128325e+03
2.580485478e-01 -3.110425384e-01 -9.146931105e-01 1.032467614e+03 3.763782686e-01 9.043249678e-01 -2.013349240e-01 -8.830293206e+01 8.898035434e-01 -2.923164245e-01 3.504293967e-01 -1.066518680e+03
2.598219191e-01 -3.112958954e-01 -9.141047182e-01 1.030900515e+03 3.768560353e-01 9.042403992e-01 -2.008203904e-01 -8.866954102e+01 8.890849785e-01 -2.923083407e-01 3.522552128e-01 -1.065904961e+03
2.611734074e-01 -3.124073043e-01 -9.133400941e-01 1.029322152e+03 3.782766198e-01 9.036260424e-01 -2.009148437e-01 -8.903329176e+01 8.880851593e-01 -2.930215892e-01 3.541794715e-01 -1.065294024e+03
2.627419328e-01 -3.117194904e-01 -9.131252028e-01 1.027712195e+03 3.775050781e-01 9.041446897e-01 -2.000307378e-01 -8.941844087e+01 8.879507828e-01 -2.921529383e-01 3.552324139e-01 -1.064653589e+03
2.631912049e-01 -3.129628919e-01 -9.125703359e-01 1.026107893e+03 3.788886918e-01 9.034482941e-01 -2.005605621e-01 -8.977467926e+01 8.872281268e-01 -2.929768047e-01 3.563577458e-01 -1.064018288e+03
2.635028171e-01 -3.131726066e-01 -9.124084523e-01 1.024508422e+03 3.805989114e-01 9.028583850e-01 -1.999780120e-01 -9.014070292e+01 8.864032570e-01 -2.945668942e-01 3.570988810e-01 -1.063380436e+03
2.639451875e-01 -3.121650162e-01 -9.126258492e-01 1.022927068e+03 3.811712119e-01 9.029200913e-01 -1.986046725e-01 -9.051390085e+01 8.860256459e-01 -2.954459534e-01 3.573097303e-01 -1.062739698e+03
2.644223660e-01 -3.118585212e-01 -9.125925022e-01 1.021301380e+03 3.816591217e-01 9.028584207e-01 -1.979469298e-01 -9.087351318e+01 8.856732621e-01 -2.959576573e-01 3.577596091e-01 -1.062078280e+03
2.662824367e-01 -3.112356333e-01 -9.122642405e-01 1.019736658e+03 3.815324043e-01 9.031698994e-01 -1.967667583e-01 -9.123701284e+01 8.851704290e-01 -2.956628372e-01 3.592447610e-01 -1.061484858e+03
2.673459829e-01 -3.109993356e-01 -9.120337377e-01 1.018171151e+03 3.816137983e-01 9.032701228e-01 -1.961478887e-01 -9.159754310e+01 8.848146893e-01 -2.956053088e-01 3.601672765e-01 -1.060859709e+03
2.682279628e-01 -3.116459446e-01 -9.115539289e-01 1.016599988e+03 3.813652295e-01 9.032772058e-01 -1.965981976e-01 -9.195542977e+01 8.846549168e-01 -2.949018392e-01 3.611351319e-01 -1.060218021e+03
2.691278212e-01 -3.115418338e-01 -9.113242571e-01 1.015002289e+03 3.807499699e-01 9.035690736e-01 -1.964494580e-01 -9.231960413e+01 8.846466392e-01 -2.941166689e-01 3.617951199e-01 -1.059561434e+03
2.693718397e-01 -3.113317091e-01 -9.113239703e-01 1.013453970e+03 3.822009241e-01 9.031479410e-01 -1.955664854e-01 -9.265265483e+01 8.839464156e-01 -2.956287596e-01 3.622738893e-01 -1.058933327e+03
2.704903059e-01 -3.101815345e-01 -9.113848858e-01 1.011880348e+03 3.811322941e-01 9.038308427e-01 -1.944941700e-01 -9.302079466e+01 8.840662695e-01 -2.947494248e-01 3.626976810e-01 -1.058288218e+03
2.710998323e-01 -3.102498326e-01 -9.111805103e-01 1.010312736e+03 3.814929539e-01 9.037393307e-01 -1.942121218e-01 -9.337916226e+01 8.837239428e-01 -2.949580708e-01 3.633617060e-01 -1.057647033e+03
2.726826321e-01 -3.121700248e-01 -9.100516786e-01 1.008769236e+03 3.804881575e-01 9.037748511e-01 -1.960096439e-01 -9.372793836e+01 8.836701558e-01 -2.928154608e-01 3.652207028e-01 -1.057028593e+03
2.745188642e-01 -3.133050671e-01 -9.091090849e-01 1.007216945e+03 3.800937023e-01 9.037913768e-01 -1.966975465e-01 -9.409879249e+01 8.832712894e-01 -2.915494508e-01 3.671930651e-01 -1.056401965e+03
2.756052505e-01 -3.151718106e-01 -9.081346132e-01 1.005686708e+03 3.805058752e-01 9.033277823e-01 -1.980257476e-01 -9.445378657e+01 8.827553596e-01 -2.909736200e-01 3.688866054e-01 -1.055777523e+03
2.781700652e-01 -3.166042694e-01 -9.068534344e-01 1.004130860e+03 3.819667864e-01 9.027177318e-01 -1.979951283e-01 -9.480770884e+01 8.813187783e-01 -2.913115743e-01 3.720413657e-01 -1.055183012e+03
2.802245873e-01 -3.168784080e-01 -9.061248563e-01 1.002545170e+03 3.827726844e-01 9.025395167e-01 -1.972498232e-01 -9.518746034e+01 8.803176999e-01 -2.915655934e-01 3.742061625e-01 -1.054530910e+03
2.838104765e-01 -3.161171672e-01 -9.052742955e-01 1.001032053e+03 3.831113483e-01 9.028496229e-01 -1.951621203e-01 -9.553250732e+01 8.790206529e-01 -2.914318016e-01 3.773462558e-01 -1.053900704e+03
2.887373530e-01 -3.156474306e-01 -9.038791072e-01 9.995173949e+02 3.833468109e-01 9.032227228e-01 -1.929609689e-01 -9.588850497e+01 8.773117824e-01 -2.907841338e-01 3.817965741e-01 -1.053284825e+03
2.944515765e-01 -3.152789339e-01 -9.021626588e-01 9.979978552e+02 3.835309296e-01 9.036420653e-01 -1.906175327e-01 -9.623811354e+01 8.753298208e-01 -2.898796502e-01 3.869980533e-01 -1.052625230e+03
3.006029911e-01 -3.158405255e-01 -8.999347777e-01 9.964269467e+02 3.845157811e-01 9.036265446e-01 -1.886973289e-01 -9.656005516e+01 8.728032171e-01 -2.893161425e-01 3.930785086e-01 -1.051903471e+03
3.086281594e-01 -3.164635810e-01 -8.969946829e-01 9.949716642e+02 3.856421341e-01 9.036781926e-01 -1.861340073e-01 -9.689029434e+01 8.694991683e-01 -2.884727477e-01 4.009422281e-01 -1.051244379e+03
3.172625551e-01 -3.176474721e-01 -8.935572475e-01 9.935027378e+02 3.891033595e-01 9.028735065e-01 -1.828059270e-01 -9.721575697e+01 8.648370059e-01 -2.896886514e-01 4.100456541e-01 -1.050579714e+03
3.277892086e-01 -3.166295471e-01 -8.901123326e-01 9.920643617e+02 3.911432242e-01 9.031074823e-01 -1.772113243e-01 -9.753908254e+01 8.599774491e-01 -2.900734480e-01 4.198763888e-01 -1.049897169e+03
3.405963560e-01 -3.156982491e-01 -8.856233611e-01 9.906617887e+02 3.929926322e-01 9.035138627e-01 -1.709370966e-01 -9.785498217e+01 8.541375260e-01 -2.898229036e-01 4.318006152e-01 -1.049231800e+03
3.556090468e-01 -3.158867718e-01 -8.796350114e-01 9.892689541e+02 3.948848755e-01 9.038058304e-01 -1.649271232e-01 -9.815525836e+01 8.471175484e-01 -2.887049849e-01 4.461404384e-01 -1.048568080e+03
3.700709119e-01 -3.162592691e-01 -8.735145075e-01 9.878966227e+02 3.965845677e-01 9.040698509e-01 -1.593059491e-01 -9.844251118e+01 8.401001136e-01 -2.874678755e-01 4.599934996e-01 -1.047841685e+03
3.860889149e-01 -3.180782940e-01 -8.658877229e-01 9.865123266e+02 3.995277653e-01 9.037219340e-01 -1.538318262e-01 -9.872576522e+01 8.314522924e-01 -2.865534241e-01 4.759981309e-01 -1.047095402e+03
4.027333951e-01 -3.197798942e-01 -8.576401528e-01 9.851629864e+02 4.031764347e-01 9.031682930e-01 -1.474306519e-01 -9.898880895e+01 8.217387511e-01 -2.864050520e-01 4.926637506e-01 -1.046338270e+03
4.197499135e-01 -3.217686749e-01 -8.486901260e-01 9.838693519e+02 4.070413701e-01 9.024850782e-01 -1.408474591e-01 -9.923373259e+01 8.112504750e-01 -2.863312829e-01 5.097911958e-01 -1.045560605e+03
4.364254003e-01 -3.233641363e-01 -8.396240262e-01 9.826184696e+02 4.109547016e-01 9.017984226e-01 -1.337005546e-01 -9.945611601e+01 8.004055867e-01 -2.866971231e-01 5.264557497e-01 -1.044763850e+03
4.548195296e-01 -3.223930408e-01 -8.301818612e-01 9.813843414e+02 4.137559490e-01 9.019599651e-01 -1.235889804e-01 -9.968062806e+01 7.886350298e-01 -2.872820019e-01 5.436210456e-01 -1.043940255e+03
4.735657846e-01 -3.239140939e-01 -8.190330320e-01 9.801776457e+02 4.181342267e-01 9.011255439e-01 -1.146146702e-01 -9.986224103e+01 7.751768934e-01 -2.881881572e-01 5.621817944e-01 -1.043081762e+03
4.952597726e-01 -3.249292343e-01 -8.056914734e-01 9.789550031e+02 4.209970900e-01 9.010125674e-01 -1.045839547e-01 -1.000632150e+02 7.599205273e-01 -2.873975401e-01 5.830295413e-01 -1.042213421e+03
5.177788931e-01 -3.279069390e-01 -7.901784971e-01 9.777149081e+02 4.262970733e-01 8.996848253e-01 -9.401074656e-02 -1.002368804e+02 7.417383792e-01 -2.881740004e-01 6.056235814e-01 -1.041329789e+03
5.393648410e-01 -3.313299240e-01 -7.741485967e-01 9.765296691e+02 4.309775391e-01 8.984212810e-01 -8.424703368e-02 -1.003846615e+02 7.234251372e-01 -2.882007692e-01 6.273726066e-01 -1.040404549e+03
5.605284856e-01 -3.348179538e-01 -7.574330034e-01 9.754036639e+02 4.364683257e-01 8.967216833e-01 -7.338680684e-02 -1.005200287e+02 7.037778183e-01 -2.894601191e-01 6.487754788e-01 -1.039458437e+03
5.815171793e-01 -3.373889024e-01 -7.402746103e-01 9.742562476e+02 4.406282237e-01 8.955444951e-01 -6.202278431e-02 -1.006346828e+02 6.838746513e-01 -2.901185720e-01 6.694375815e-01 -1.038431537e+03
6.022879949e-01 -3.383857346e-01 -7.230105572e-01 9.732530430e+02 4.438511978e-01 8.947583167e-01 -4.902722646e-02 -1.007394221e+02 6.635098232e-01 -2.913805919e-01 6.890951061e-01 -1.037429251e+03
6.244838451e-01 -3.379420798e-01 -7.041413764e-01 9.722310867e+02 4.459287972e-01 8.944305387e-01 -3.378637769e-02 -1.008324754e+02 6.412233893e-01 -2.928978700e-01 7.092555271e-01 -1.036407490e+03
6.467572989e-01 -3.373514151e-01 -6.840314460e-01 9.712358683e+02 4.471683382e-01 8.942639662e-01 -1.823282834e-02 -1.008926206e+02 6.178555443e-01 -2.940849901e-01 7.292246190e-01 -1.035349112e+03
6.693893618e-01 -3.381506774e-01 -6.614922537e-01 9.702567121e+02 4.489128156e-01 8.935720185e-01 -2.516311065e-03 -1.009442330e+02 5.919418606e-01 -2.952679582e-01 7.499477759e-01 -1.034259054e+03
6.927187864e-01 -3.375212229e-01 -6.373539888e-01 9.693225108e+02 4.474871815e-01 8.941984297e-01 1.282149310e-02 -1.009687640e+02 5.655934099e-01 -2.940894292e-01 7.704644718e-01 -1.033151194e+03
7.152170904e-01 -3.399031717e-01 -6.106802334e-01 9.683971183e+02 4.473576281e-01 8.939667000e-01 2.635700898e-02 -1.009687782e+02 5.369689620e-01 -2.920434440e-01 7.914385388e-01 -1.031980554e+03
7.342958239e-01 -3.429440176e-01 -5.858319246e-01 9.675664203e+02 4.478802352e-01 8.932655899e-01 3.846921817e-02 -1.009058794e+02 5.101107115e-01 -2.906303264e-01 8.095190395e-01 -1.030785308e+03
7.532767235e-01 -3.436607004e-01 -5.607775859e-01 9.667297723e+02 4.471275326e-01 8.928726676e-01 5.343565283e-02 -1.008541938e+02 4.823392452e-01 -2.909909318e-01 8.262403586e-01 -1.029539214e+03
7.709615017e-01 -3.457376047e-01 -5.348680881e-01 9.659637919e+02 4.469273999e-01 8.920117389e-01 6.760885191e-02 -1.007659716e+02 4.537336909e-01 -2.911710259e-01 8.422263184e-01 -1.028307005e+03
7.885243449e-01 -3.468425238e-01 -5.078677202e-01 9.652356090e+02 4.446037176e-01 8.920498240e-01 8.108419019e-02 -1.006508079e+02 4.249198652e-01 -2.897367344e-01 8.576104785e-01 -1.027005448e+03
8.057693976e-01 -3.469391909e-01 -4.799675778e-01 9.645252629e+02 4.419837749e-01 8.917155650e-01 9.743558850e-02 -1.005375968e+02 3.941903356e-01 -2.906484973e-01 8.718586068e-01 -1.025720932e+03
8.221062355e-01 -3.469731943e-01 -4.513877934e-01 9.638516001e+02 4.381798580e-01 8.918159336e-01 1.125288967e-01 -1.003989859e+02 3.635103156e-01 -2.902997469e-01 8.852041049e-01 -1.024412822e+03
8.380158327e-01 -3.477946053e-01 -4.204383150e-01 9.632267672e+02 4.343234601e-01 8.915948573e-01 1.281473469e-01 -1.002629018e+02 3.302916835e-01 -2.899957293e-01 8.982259631e-01 -1.023102473e+03
8.523770345e-01 -3.492436919e-01 -3.892071875e-01 9.626543755e+02 4.295599251e-01 8.920774892e-01 1.402712514e-01 -1.000784148e+02 2.982141209e-01 -2.867518036e-01 9.104074589e-01 -1.021778542e+03
8.645706837e-01 -3.525760027e-01 -3.580610215e-01 9.621384513e+02 4.267993312e-01 8.913327456e-01 1.528668293e-01 -9.987761747e+01 2.652543378e-01 -2.849843836e-01 9.210993635e-01 -1.020447885e+03
8.760903708e-01 -3.551042039e-01 -3.261390295e-01 9.616197293e+02 4.228640420e-01 8.908733162e-01 1.659238875e-01 -9.964808067e+01 2.316282888e-01 -2.832767884e-01 9.306463329e-01 -1.019072847e+03
8.858338131e-01 -3.592720995e-01 -2.936358527e-01 9.611616077e+02 4.199844757e-01 8.898573626e-01 1.782327536e-01 -9.940093406e+01 1.972599699e-01 -2.812070994e-01 9.391544450e-01 -1.017691771e+03
8.954355877e-01 -3.603587115e-01 -2.614129059e-01 9.607449204e+02 4.140535378e-01 8.898554024e-01 1.916168849e-01 -9.914172782e+01 1.635688729e-01 -2.798195165e-01 9.460159946e-01 -1.016266967e+03
9.029525969e-01 -3.630036444e-01 -2.300107865e-01 9.604102459e+02 4.093993509e-01 8.893451716e-01 2.036107495e-01 -9.886624485e+01 1.306475383e-01 -2.780171217e-01 9.516499886e-01 -1.014878479e+03
9.100002967e-01 -3.641777681e-01 -1.981767221e-01 9.601049691e+02 4.027635030e-01 8.899133257e-01 2.140930485e-01 -9.857401437e+01 9.839217725e-02 -2.746430885e-01 9.564989040e-01 -1.013463565e+03
9.153573928e-01 -3.666905938e-01 -1.663095062e-01 9.598387277e+02 3.971661323e-01 8.901784996e-01 2.232516567e-01 -9.825889284e+01 6.618086409e-02 -2.704075578e-01 9.604685554e-01 -1.012015930e+03
9.194926344e-01 -3.687451579e-01 -1.362362058e-01 9.596066065e+02 3.915563654e-01 8.898599417e-01 2.341642518e-01 -9.790685017e+01 3.488420816e-02 -2.686564583e-01 9.626041759e-01 -1.010542842e+03
9.227674853e-01 -3.699527982e-01 -1.078660984e-01 9.594048235e+02 3.853309850e-01 8.890848484e-01 2.470792674e-01 -9.756305968e+01 4.494447429e-03 -2.695608642e-01 9.629728659e-01 -1.009072387e+03
9.245949033e-01 -3.725657273e-01 -7.949241221e-02 9.592584419e+02 3.800982732e-01 8.882550536e-01 2.579307319e-01 -9.718988559e+01 -2.548661388e-02 -2.686963688e-01 9.628876850e-01 -1.007603376e+03
9.260709728e-01 -3.739028271e-01 -5.088446934e-02 9.591683383e+02 3.733460180e-01 8.882871781e-01 2.675044672e-01 -9.683313200e+01 -5.482065489e-02 -2.667256362e-01 9.622121028e-01 -1.006249542e+03
9.262722095e-01 -3.761941299e-01 -2.231077208e-02 9.591339219e+02 3.674276805e-01 8.883571461e-01 2.753515582e-01 -9.642398549e+01 -8.376570603e-02 -2.632480914e-01 9.610846731e-01 -1.004792449e+03
9.256285434e-01 -3.783642099e-01 7.233557808e-03 9.591409732e+02 3.611214611e-01 8.888383681e-01 2.820596494e-01 -9.601372155e+01 -1.131507401e-01 -2.584702694e-01 9.593696002e-01 -1.003355865e+03
9.256487956e-01 -3.765890777e-01 3.680996760e-02 9.591672984e+02 3.502977949e-01 8.896569649e-01 2.929196814e-01 -9.559300384e+01 -1.430585967e-01 -2.582462998e-01 9.554282216e-01 -1.001892217e+03
9.241912731e-01 -3.761089199e-01 6.642718633e-02 9.592408339e+02 3.396922126e-01 8.889597728e-01 3.071802777e-01 -9.515783406e+01 -1.745843389e-01 -2.613285340e-01 9.493301354e-01 -1.000448365e+03
9.226705059e-01 -3.731922434e-01 9.698807684e-02 9.593654090e+02 3.260894538e-01 8.894427401e-01 3.202456560e-01 -9.471121271e+01 -2.057785357e-01 -2.638544325e-01 9.423566378e-01 -9.990245739e+02
9.189852102e-01 -3.715345102e-01 1.320162536e-01 9.595599398e+02 3.143436581e-01 8.924805784e-01 3.235219959e-01 -9.422164474e+01 -2.380215287e-01 -2.558134574e-01 9.369659689e-01 -9.975854686e+02
9.147948946e-01 -3.667020069e-01 1.693515247e-01 9.597605732e+02 2.998644918e-01 8.974575182e-01 3.234985157e-01 -9.374950375e+01 -2.706133540e-01 -2.451522817e-01 9.309504667e-01 -9.961726227e+02
9.092397378e-01 -3.651103670e-01 1.999437900e-01 9.600642558e+02 2.884875675e-01 8.989480869e-01 3.296471757e-01 -9.326909115e+01 -3.000966887e-01 -2.420470140e-01 9.226891245e-01 -9.947899661e+02
9.013247667e-01 -3.689504179e-01 2.269124372e-01 9.604265770e+02 2.807925621e-01 8.965873848e-01 3.424713105e-01 -9.276122497e+01 -3.298017617e-01 -2.449625494e-01 9.117149485e-01 -9.933708062e+02
8.915091922e-01 -3.743944675e-01 2.550296904e-01 9.607899877e+02 2.728508701e-01 8.931916971e-01 3.574367006e-01 -9.225229157e+01 -3.616127252e-01 -2.490730313e-01 8.984424645e-01 -9.920089075e+02
8.813131525e-01 -3.761315453e-01 2.860282989e-01 9.611853434e+02 2.612779978e-01 8.922503518e-01 3.682704408e-01 -9.172467739e+01 -3.937269803e-01 -2.498286819e-01 8.846268675e-01 -9.906004307e+02
8.687430793e-01 -3.748716634e-01 3.236613944e-01 9.614661771e+02 2.462446065e-01 8.939531315e-01 3.744481171e-01 -9.122603672e+01 -4.297081056e-01 -2.455993376e-01 8.689257214e-01 -9.893163220e+02
8.572830990e-01 -3.734135867e-01 3.544403777e-01 9.620143362e+02 2.342785936e-01 8.959734463e-01 3.772865277e-01 -9.065005540e+01 -4.584530823e-01 -2.404035705e-01 8.555857027e-01 -9.879727289e+02
8.454060144e-01 -3.711964785e-01 3.840596895e-01 9.626268954e+02 2.216819675e-01 8.980362439e-01 3.799842232e-01 -9.004447290e+01 -4.859483265e-01 -2.361018401e-01 8.414928075e-01 -9.866343528e+02
8.319744014e-01 -3.693171483e-01 4.140331381e-01 9.632159389e+02 2.086729075e-01 8.997567941e-01 3.832666555e-01 -8.948338315e+01 -5.140760772e-01 -2.324705475e-01 8.256411033e-01 -9.854125627e+02
8.194691054e-01 -3.648321386e-01 4.420044073e-01 9.638769796e+02 1.917874610e-01 9.013196581e-01 3.883818272e-01 -8.893176747e+01 -5.400814338e-01 -2.334960055e-01 8.085738434e-01 -9.841872873e+02
7.982025160e-01 -3.728666550e-01 4.731207046e-01 9.644593247e+02 1.894895078e-01 9.009536423e-01 3.903540200e-01 -8.810963691e+01 -5.718098197e-01 -2.219301514e-01 7.897977830e-01 -9.828180466e+02
7.844140360e-01 -3.701017656e-01 4.977140777e-01 9.652648535e+02 1.749837079e-01 9.019127201e-01 3.948849799e-01 -8.750952218e+01 -5.950422859e-01 -2.226614660e-01 7.722347762e-01 -9.817423771e+02
7.688211511e-01 -3.693659523e-01 5.219988802e-01 9.661307266e+02 1.638692210e-01 9.028501758e-01 3.975027529e-01 -8.685794567e+01 -6.181107636e-01 -2.200689742e-01 7.546580222e-01 -9.805847124e+02
7.502304529e-01 -3.718676107e-01 5.466888947e-01 9.669566633e+02 1.571836481e-01 9.034501433e-01 3.988372341e-01 -8.615021629e+01 -6.422208096e-01 -2.132892839e-01 7.362473179e-01 -9.794780460e+02
7.334891739e-01 -3.720326531e-01 5.688456177e-01 9.678679525e+02 1.469974986e-01 9.039251407e-01 4.016355007e-01 -8.544480310e+01 -6.636153760e-01 -2.109764087e-01 7.177071741e-01 -9.783459666e+02
7.174012186e-01 -3.714770356e-01 5.893558379e-01 9.689503938e+02 1.338420281e-01 9.037066971e-01 4.066946239e-01 -8.475047449e+01 -6.836825309e-01 -2.128826381e-01 6.980395256e-01 -9.769606604e+02
6.962883188e-01 -3.733148437e-01 6.130404591e-01 9.698417765e+02 1.223116016e-01 9.033196028e-01 4.111612425e-01 -8.396415191e+01 -7.072640590e-01 -2.113048099e-01 6.746316240e-01 -9.754752736e+02
6.794450831e-01 -3.731329615e-01 6.317643327e-01 9.709129627e+02 1.093130924e-01 9.029039486e-01 4.157103647e-01 -8.325337148e+01 -7.255377502e-01 -2.133922504e-01 6.542619663e-01 -9.740731434e+02
6.613071789e-01 -3.748279538e-01 6.497513526e-01 9.719644198e+02 1.030030007e-01 9.033730858e-01 4.163021136e-01 -8.246500092e+01 -7.430095538e-01 -2.083772372e-01 6.360155108e-01 -9.728589629e+02
6.472552167e-01 -3.740843356e-01 6.641698535e-01 9.730007530e+02 9.524204986e-02 9.041609962e-01 4.164394852e-01 -8.181567689e+01 -7.562999645e-01 -2.062857310e-01 6.208514805e-01 -9.718862399e+02
6.335174508e-01 -3.752301078e-01 6.766520566e-01 9.741306712e+02 9.070867874e-02 9.045223418e-01 4.166668558e-01 -8.113515255e+01 -7.683928521e-01 -2.025875103e-01 6.070673155e-01 -9.708909014e+02
6.182485987e-01 -3.756977747e-01 6.903766018e-01 9.754333781e+02 8.313853725e-02 9.046927165e-01 4.178744696e-01 -8.024374477e+01 -7.815731916e-01 -2.009534044e-01 5.905599677e-01 -9.693438658e+02
6.062776227e-01 -3.795404720e-01 6.988393766e-01 9.765625053e+02 8.135630281e-02 9.037541941e-01 4.202493411e-01 -7.955719208e+01 -7.910806509e-01 -1.979327835e-01 5.788039539e-01 -9.685349812e+02
5.949281076e-01 -3.794327760e-01 7.085840213e-01 9.776938362e+02 7.257335695e-02 9.033223835e-01 4.227786411e-01 -7.884259653e+01 -8.004958805e-01 -2.000985758e-01 5.649485865e-01 -9.675067409e+02
5.803487520e-01 -3.779379219e-01 7.213586162e-01 9.790117450e+02 6.186988278e-02 9.036913657e-01 4.236909641e-01 -7.795163310e+01 -8.120144356e-01 -2.012581493e-01 5.478391313e-01 -9.659194509e+02
5.698373849e-01 -3.779734063e-01 7.296721585e-01 9.802007304e+02 6.109523330e-02 9.049699867e-01 4.210661417e-01 -7.722538732e+01 -8.194832074e-01 -1.953597383e-01 5.387781041e-01 -9.652244602e+02
5.612289529e-01 -3.750416109e-01 7.378115292e-01 9.813680525e+02 5.327857737e-02 9.059639435e-01 4.199889597e-01 -7.664038622e+01 -8.259439785e-01 -1.964004154e-01 5.284348788e-01 -9.644505571e+02
5.552641373e-01 -3.753762736e-01 7.421417594e-01 9.825392522e+02 5.021265497e-02 9.058502177e-01 4.206115457e-01 -7.597309157e+01 -8.301568690e-01 -1.962855990e-01 5.218347790e-01 -9.636585451e+02
5.507047325e-01 -3.748267915e-01 7.458077326e-01 9.837659364e+02 4.630620521e-02 9.058469644e-01 4.210665178e-01 -7.526172373e+01 -8.334146825e-01 -1.973477981e-01 5.162110165e-01 -9.628019771e+02
5.552613826e-01 -3.742094941e-01 7.427328264e-01 9.847865531e+02 4.555180461e-02 9.053989702e-01 4.221110491e-01 -7.500108949e+01 -8.304274984e-01 -2.005491442e-01 5.197790018e-01 -9.629308288e+02
5.540600265e-01 -3.732360193e-01 7.441185127e-01 9.861400093e+02 4.262877590e-02 9.054086990e-01 4.223954015e-01 -7.428374637e+01 -8.313845527e-01 -2.023115461e-01 5.175613624e-01 -9.620245898e+02
5.527359197e-01 -3.744656202e-01 7.444853943e-01 9.873792024e+02 4.334979141e-02 9.050679605e-01 4.230517491e-01 -7.356974775e+01 -8.322282131e-01 -2.015626111e-01 5.164965781e-01 -9.612726649e+02
5.519012153e-01 -3.778348917e-01 7.434015356e-01 9.887371581e+02 4.602803230e-02 9.039086977e-01 4.252416801e-01 -7.281751858e+01 -8.326382580e-01 -2.004740901e-01 5.162593054e-01 -9.604827632e+02
5.499586203e-01 -3.775258399e-01 7.449964806e-01 9.900380119e+02 4.415594053e-02 9.039017920e-01 4.254548193e-01 -7.203105367e+01 -8.340238419e-01 -2.010865251e-01 5.137785910e-01 -9.594978539e+02
5.476654443e-01 -3.779537237e-01 7.464673763e-01 9.912954505e+02 4.372684417e-02 9.038691245e-01 4.255685244e-01 -7.132613659e+01 -8.355540223e-01 -2.004285123e-01 5.115446092e-01 -9.586325957e+02
5.452908589e-01 -3.784743255e-01 7.479405485e-01 9.925900156e+02 4.383411525e-02 9.039213713e-01 4.254465006e-01 -7.059407791e+01 -8.371000236e-01 -1.992067755e-01 5.094901482e-01 -9.577369799e+02
5.436669105e-01 -3.775216213e-01 7.496023719e-01 9.938455615e+02 4.244041130e-02 9.043500346e-01 4.246761430e-01 -6.992202852e+01 -8.382273570e-01 -1.990689336e-01 5.076873622e-01 -9.568903229e+02
5.428707146e-01 -3.750088008e-01 7.514384782e-01 9.951293976e+02 3.972612586e-02 9.052305720e-01 4.230596251e-01 -6.920800011e+01 -8.388761662e-01 -1.998149414e-01 5.063208143e-01 -9.560209605e+02
5.418408890e-01 -3.760279198e-01 7.516724383e-01 9.964566226e+02 3.935238781e-02 9.047053983e-01 4.242163739e-01 -6.853924265e+01 -8.395593133e-01 -2.002776719e-01 5.050039739e-01 -9.551901606e+02
5.404007667e-01 -3.792102049e-01 7.511102661e-01 9.978322945e+02 4.073287838e-02 9.034265840e-01 4.268035145e-01 -6.777664820e+01 -8.404212301e-01 -2.000500634e-01 5.036587418e-01 -9.543028227e+02
