1.000000000e+00 0.000000000e+00 0.000000000e+00 0.000000000e+00 0.000000000e+00 1.000000000e+00 0.000000000e+00 0.000000000e+00 0.000000000e+00 0.000000000e+00 1.000000000e+00 0.000000000e+00
9.999974335e-01 -2.087446903e-03 -8.806868052e-04 -1.918052206e-02 2.089944372e-03 9.999937705e-01 2.844494355e-03 -1.651685588e-02 8.747435880e-04 -2.846327641e-03 9.999955666e-01 1.490980038e+00
9.999957435e-01 -1.680381408e-03 -2.385225255e-03 1.200736053e-03 1.690002418e-03 9.999904219e-01 4.037317519e-03 -5.224633091e-02 2.378418176e-03 -4.041331371e-03 9.999890053e-01 3.077175152e+00
9.999932747e-01 -8.470356411e-04 -3.568350069e-03 -1.904475606e-02 8.598870657e-04 9.999931448e-01 3.601509909e-03 -6.084612409e-02 3.565275000e-03 -3.604554066e-03 9.999871479e-01 4.601114168e+00
9.999922004e-01 1.937600731e-04 -3.944828954e-03 -6.670662877e-02 -1.766041209e-04 9.999905281e-01 4.348856343e-03 -1.013872186e-01 3.945634223e-03 -4.348125750e-03 9.999827627e-01 6.036278035e+00
9.999819096e-01 2.826126522e-04 -6.008376838e-03 -5.795176536e-02 -2.558704971e-04 9.999900610e-01 4.451114787e-03 -1.120432091e-01 6.009575062e-03 -4.449496898e-03 9.999720431e-01 7.577950726e+00
9.999619370e-01 5.698112437e-04 -8.706306571e-03 -4.748635613e-02 -5.274657348e-04 9.999880253e-01 4.865296455e-03 -1.282783029e-01 8.708974616e-03 -4.860518989e-03 9.999502633e-01 9.101327698e+00
9.999410799e-01 -1.225905326e-03 -1.078581821e-02 -5.534372597e-02 1.269702981e-03 9.999909733e-01 4.054760532e-03 -1.451483059e-01 1.078075010e-02 -4.068216411e-03 9.999336103e-01 1.061910930e+01
9.999300121e-01 -1.796056424e-03 -1.169380168e-02 -8.322062525e-02 1.846398240e-03 9.999890691e-01 4.295628045e-03 -1.554018424e-01 1.168595867e-02 -4.316918818e-03 9.999223983e-01 1.213074991e+01
9.999160667e-01 -3.521778705e-04 -1.295127205e-02 -9.835350765e-02 4.124976512e-04 9.999890801e-01 4.655064305e-03 -1.844355689e-01 1.294949121e-02 -4.660015959e-03 9.999052930e-01 1.359748035e+01
9.999176971e-01 1.885866163e-04 -1.282823111e-02 -1.424921597e-01 -1.332745835e-04 9.999906924e-01 4.312461003e-03 -1.907175745e-01 1.282892498e-02 -4.310396397e-03 9.999084154e-01 1.513979962e+01
9.999163920e-01 1.254080150e-03 -1.286997316e-02 -1.821984141e-01 -1.199688434e-03 9.999903208e-01 4.233099765e-03 -1.944216171e-01 1.287515723e-02 -4.217305886e-03 9.999082181e-01 1.663795320e+01
9.999013770e-01 3.283463764e-03 -1.365485587e-02 -2.058342497e-01 -3.216905156e-03 9.999828526e-01 4.893465445e-03 -2.118902869e-01 1.367068924e-02 -4.849056460e-03 9.998947939e-01 1.809328891e+01
9.998879486e-01 4.424554166e-03 -1.430082368e-02 -2.349281640e-01 -4.343041641e-03 9.999741758e-01 5.725887554e-03 -2.253508101e-01 1.432578887e-02 -5.663136888e-03 9.998813433e-01 1.958992258e+01
9.998823737e-01 5.988903549e-03 -1.411990741e-02 -2.758274334e-01 -5.907882750e-03 9.999658853e-01 5.772800742e-03 -2.360258778e-01 1.415399846e-02 -5.688702952e-03 9.998836447e-01 2.107057620e+01
9.998692798e-01 6.874729903e-03 -1.463425249e-02 -3.035631493e-01 -6.786104064e-03 9.999583861e-01 6.097122853e-03 -2.499648169e-01 1.467555958e-02 -5.997016276e-03 9.998743240e-01 2.250215811e+01
9.998625655e-01 7.233603457e-03 -1.491727568e-02 -3.275938874e-01 -7.141339278e-03 9.999550989e-01 6.229076336e-03 -2.484246179e-01 1.496166454e-02 -6.121690919e-03 9.998693282e-01 2.394461086e+01
9.998558355e-01 7.994655431e-03 -1.497977761e-02 -3.535620832e-01 -7.893402332e-03 9.999456828e-01 6.806295938e-03 -2.439014448e-01 1.503337794e-02 -6.687073300e-03 9.998646311e-01 2.539020200e+01
9.998519464e-01 8.345651517e-03 -1.504777078e-02 -3.781329460e-01 -8.269225212e-03 9.999526299e-01 5.134000270e-03 -2.500437373e-01 1.508990454e-02 -5.008806757e-03 9.998735953e-01 2.684624634e+01
9.998374520e-01 9.234654302e-03 -1.548517715e-02 -3.941969957e-01 -9.191188424e-03 9.999536250e-01 2.875758480e-03 -2.590199460e-01 1.551101566e-02 -2.732963850e-03 9.998759620e-01 2.831450399e+01
9.998582872e-01 7.149395817e-03 -1.524111666e-02 -4.207419184e-01 -7.113446166e-03 9.999717910e-01 2.411636948e-03 -2.719594709e-01 1.525792847e-02 -2.302878325e-03 9.998809391e-01 2.973059795e+01
9.998713189e-01 5.537335194e-03 -1.505601211e-02 -4.535022786e-01 -5.467050294e-03 9.999739850e-01 4.705386197e-03 -2.790453818e-01 1.508167573e-02 -4.622468728e-03 9.998755802e-01 3.117501382e+01
9.998828713e-01 3.751788143e-03 -1.483805324e-02 -4.842826181e-01 -3.671057744e-03 9.999783323e-01 5.464267516e-03 -2.823356621e-01 1.485823251e-02 -5.409156143e-03 9.998749792e-01 3.256238264e+01
9.998863691e-01 2.035205247e-03 -1.493676352e-02 -5.099001521e-01 -1.968987260e-03 9.999881754e-01 4.446589749e-03 -2.861239809e-01 1.494563662e-02 -4.416674182e-03 9.998785531e-01 3.396396995e+01
9.998782164e-01 2.340389701e-03 -1.542967986e-02 -5.129471767e-01 -2.307583371e-03 9.999950399e-01 2.143644427e-03 -2.985670829e-01 1.543462030e-02 -2.107778093e-03 9.998786575e-01 3.537061419e+01
9.998713898e-01 3.396399130e-03 -1.567381013e-02 -5.212966891e-01 -3.368881099e-03 9.999927380e-01 1.781739004e-03 -3.270906441e-01 1.567974780e-02 -1.728706652e-03 9.998755708e-01 3.668438042e+01
9.998825205e-01 3.760682426e-03 -1.485942491e-02 -5.423857618e-01 -3.748690302e-03 9.999926252e-01 8.348091053e-04 -3.460559693e-01 1.486245478e-02 -7.790076503e-04 9.998892442e-01 3.805458578e+01
9.998983790e-01 4.393242064e-03 -1.356212320e-02 -5.715193934e-01 -4.371980352e-03 9.999891677e-01 1.596977675e-03 -3.542613138e-01 1.356899220e-02 -1.537522053e-03 9.999067549e-01 3.943970400e+01
9.999179784e-01 4.014580297e-03 -1.216222116e-02 -5.966119212e-01 -3.974013657e-03 9.999864661e-01 3.357796384e-03 -3.664592009e-01 1.217553670e-02 -3.309188139e-03 9.999203996e-01 4.079107257e+01
9.999384084e-01 3.793769324e-03 -1.043008265e-02 -6.103724677e-01 -3.754027510e-03 9.999856296e-01 3.827247947e-03 -3.812389229e-01 1.044445246e-02 -3.787857404e-03 9.999382809e-01 4.211722095e+01
9.999579377e-01 4.728587402e-03 -7.858964881e-03 -6.314244594e-01 -4.696245828e-03 9.999804497e-01 4.128617895e-03 -3.891077281e-01 7.878333767e-03 -4.091536605e-03 9.999605948e-01 4.348180152e+01
9.999790489e-01 4.420305080e-03 -4.728915713e-03 -6.345326333e-01 -4.402215143e-03 9.999829796e-01 3.828981984e-03 -4.128097874e-01 4.745760493e-03 -3.808084058e-03 9.999814880e-01 4.471580415e+01
9.999898739e-01 4.419113128e-03 -8.506190426e-04 -6.545556394e-01 -4.417546435e-03 9.999885590e-01 1.834977476e-03 -4.204811487e-01 8.587182838e-04 -1.831201246e-03 9.999979547e-01 4.599635341e+01
9.999875587e-01 4.432675228e-03 2.287774607e-03 -6.582257353e-01 -4.433034360e-03 9.999901625e-01 1.519318714e-04 -4.409996005e-01 -2.287078636e-03 -1.620717646e-04 9.999973715e-01 4.724950171e+01
9.999722820e-01 4.392154853e-03 6.012008150e-03 -6.497591718e-01 -4.396260773e-03 9.999901120e-01 6.699082069e-04 -4.613815626e-01 -6.009006363e-03 -6.963199939e-04 9.999817033e-01 4.846082680e+01
9.999167621e-01 5.817014127e-03 1.151656382e-02 -6.431966690e-01 -5.822049357e-03 9.999829702e-01 4.037382662e-04 -4.755417390e-01 -1.151401914e-02 -4.707546629e-04 9.999336007e-01 4.966061215e+01
9.998233056e-01 6.835806876e-03 1.751083695e-02 -6.128487001e-01 -6.821003043e-03 9.999763272e-01 -9.049963111e-04 -4.905018800e-01 -1.751660879e-02 7.853949312e-04 9.998462640e-01 5.089447051e+01
9.996486226e-01 8.728924858e-03 2.502872920e-02 -6.063565317e-01 -8.715273384e-03 9.999618071e-01 -6.544655674e-04 -5.145829334e-01 -2.503348606e-02 4.361033855e-04 9.996865181e-01 5.204901774e+01
9.994185169e-01 8.817933894e-03 3.293739765e-02 -5.699027646e-01 -8.829206314e-03 9.999610024e-01 1.968055822e-04 -5.360662569e-01 -3.293437775e-02 -4.875022224e-04 9.994573973e-01 5.316685376e+01
9.990169587e-01 1.049775953e-02 4.306870360e-02 -5.232992841e-01 -1.053342238e-02 9.999443412e-01 6.011869865e-04 -5.537660849e-01 -4.305999533e-02 -1.054256841e-03 9.990719320e-01 5.433034121e+01
9.983538206e-01 1.326581791e-02 5.580024243e-02 -4.629468142e-01 -1.329810199e-02 9.999115548e-01 2.072807306e-04 -5.628596587e-01 -5.579255742e-02 -9.489768244e-04 9.984419312e-01 5.552844382e+01
9.974525137e-01 1.460850840e-02 6.982173242e-02 -3.812328323e-01 -1.464791005e-02 9.998927122e-01 5.232772905e-05 -5.655143260e-01 -6.981347697e-02 -1.074936881e-03 9.975594834e-01 5.664641435e+01
9.961811840e-01 1.609472389e-02 8.581380156e-02 -2.913031328e-01 -1.621569771e-02 9.998682628e-01 7.128145221e-04 -5.733814292e-01 -8.579102414e-02 -2.101623080e-03 9.963109371e-01 5.779829354e+01
9.945040795e-01 1.655171059e-02 1.033812201e-01 -1.747685736e-01 -1.679734378e-02 9.998577808e-01 1.505788850e-03 -5.966616440e-01 -1.033415940e-01 -3.234043049e-03 9.946406667e-01 5.893082630e+01
9.923956892e-01 1.568525020e-02 1.220850894e-01 -4.260632926e-02 -1.586082678e-02 9.998741004e-01 4.664016864e-04 -6.207811167e-01 -1.220624033e-01 -2.399225479e-03 9.925195280e-01 6.000416936e+01
9.897635207e-01 1.432070244e-02 1.419967976e-01 1.087790684e-01 -1.443177723e-02 9.998958258e-01 -2.476390677e-04 -6.449578390e-01 -1.419855516e-01 -1.804162035e-03 9.898670861e-01 6.104657919e+01
9.865923354e-01 1.188273241e-02 1.627708954e-01 2.765013465e-01 -1.197324919e-02 9.999282278e-01 -4.249143359e-04 -6.684691449e-01 -1.627642621e-01 -1.529679264e-03 9.866638004e-01 6.210081003e+01
9.828357148e-01 6.679857015e-03 1.843619732e-01 4.732953918e-01 -7.034731834e-03 9.999744484e-01 1.270865968e-03 -6.752545184e-01 -1.843487733e-01 -2.545989504e-03 9.828575928e-01 6.320362989e+01
9.783231460e-01 1.342704217e-03 2.070797408e-01 7.037269738e-01 -1.992131769e-03 9.999937302e-01 2.927629805e-03 -6.976811131e-01 -2.070745115e-01 -3.276698131e-03 9.783196870e-01 6.424808236e+01
9.728651601e-01 -3.939437291e-03 2.313392769e-01 9.497841704e-01 3.562400194e-03 9.999915585e-01 2.047507917e-03 -7.035976358e-01 -2.313453900e-01 -1.167826033e-03 9.728709815e-01 6.532980402e+01
9.665875374e-01 -9.926228550e-03 2.561444954e-01 1.212449003e+00 1.026528238e-02 9.999473105e-01 1.331875978e-05 -7.163377940e-01 -2.561311314e-01 2.616521827e-03 9.666385040e-01 6.629478698e+01
9.591298500e-01 -1.315930320e-02 2.826601557e-01 1.506280622e+00 1.352432876e-02 9.999083244e-01 6.598361887e-04 -7.316935069e-01 -2.826429256e-01 3.189920287e-03 9.592198919e-01 6.732220263e+01
9.505834433e-01 -1.586331945e-02 3.100636585e-01 1.816380161e+00 1.571588639e-02 9.998720759e-01 2.973675624e-03 -7.445900091e-01 -3.100711663e-01 2.046198418e-03 9.507111469e-01 6.830461291e+01
9.413115924e-01 -2.009421599e-02 3.369402149e-01 2.171894342e+00 1.938741786e-02 9.997971239e-01 5.462506709e-03 -7.473136720e-01 -3.369816226e-01 1.390479850e-03 9.415101978e-01 6.922532207e+01
9.305447497e-01 -2.270827810e-02 3.654733956e-01 2.549017724e+00 2.254657799e-02 9.997346951e-01 4.710749780e-03 -7.522637341e-01 -3.654834068e-01 3.856610941e-03 9.308098656e-01 7.017252921e+01
9.185642334e-01 -2.140894542e-02 3.946915330e-01 2.936405404e+00 2.298120540e-02 9.997356205e-01 7.438011400e-04 -7.643212603e-01 -3.946031087e-01 8.387258065e-03 9.188133872e-01 7.109370185e+01
9.055962662e-01 -2.282108393e-02 4.235263874e-01 3.340887199e+00 2.753859391e-02 9.996081288e-01 -5.021426962e-03 -7.683020560e-01 -4.232458252e-01 1.621070670e-02 9.058698496e-01 7.197640905e+01
8.917029474e-01 -2.485240018e-02 4.519382833e-01 3.788780147e+00 3.155992217e-02 9.994751452e-01 -7.307899028e-03 -7.943729611e-01 -4.515194625e-01 2.077961215e-02 8.920192726e-01 7.283253638e+01
8.761309199e-01 -2.557018392e-02 4.813946165e-01 4.236449139e+00 3.120489161e-02 9.995061539e-01 -3.701774272e-03 -8.199010296e-01 -4.810622266e-01 1.826510573e-02 8.764961609e-01 7.367017347e+01
8.588189771e-01 -2.431765601e-02 5.117016867e-01 4.744771085e+00 2.717194699e-02 9.996289665e-01 1.901204643e-03 -8.333871963e-01 -5.115580610e-01 1.227114048e-02 8.591610846e-01 7.450439663e+01
8.393794784e-01 -2.391874153e-02 5.430193228e-01 5.270193697e+00 2.499561466e-02 9.996729979e-01 5.395966464e-03 -8.427780738e-01 -5.429708191e-01 9.043838232e-03 8.397028633e-01 7.531600688e+01
8.183112206e-01 -1.792164565e-02 5.744959189e-01 5.783792628e+00 2.156496266e-02 9.997673382e-01 4.710652249e-04 -8.527650089e-01 -5.743706979e-01 1.200350508e-02 8.185073105e-01 7.607063705e+01
7.969572540e-01 -1.129647215e-02 6.039300664e-01 6.359100392e+00 1.909591840e-02 9.997965390e-01 -6.498197632e-03 -8.690565253e-01 -6.037337834e-01 1.671138501e-02 7.970108207e-01 7.680414478e+01
7.749375634e-01 -9.171134127e-03 6.319712518e-01 6.941713565e+00 1.888109740e-02 9.997843728e-01 -8.643613166e-03 -8.809424703e-01 -6.317557099e-01 1.863057129e-02 7.749436269e-01 7.751897279e+01
7.518001624e-01 -1.176314160e-02 6.592860868e-01 7.549413029e+00 2.021488546e-02 9.997820668e-01 -5.213178640e-03 -8.995594292e-01 -6.590810832e-01 1.724666128e-02 7.518741108e-01 7.820549912e+01
7.279666551e-01 -1.235457975e-02 6.855012133e-01 8.188794668e+00 2.135022934e-02 9.997612234e-01 -4.654441468e-03 -9.154602779e-01 -6.852800280e-01 1.802388630e-02 7.280566069e-01 7.885992832e+01
7.031050820e-01 -1.040145849e-02 7.110098827e-01 8.837836845e+00 2.201661643e-02 9.997320613e-01 -7.146628320e-03 -9.406034020e-01 -7.107450403e-01 2.067886256e-02 7.031456978e-01 7.948595582e+01
6.772092050e-01 -7.939982417e-03 7.357476805e-01 9.522638259e+00 2.235863369e-02 9.997020675e-01 -9.791204105e-03 -9.467176851e-01 -7.354507354e-01 2.308100643e-02 6.771849696e-01 8.011034366e+01
6.504027483e-01 -5.456705980e-03 7.595699371e-01 1.022022937e+01 2.052321515e-02 9.997353719e-01 -1.039152970e-02 -9.698366586e-01 -7.593122300e-01 2.234749672e-02 6.503426226e-01 8.070945248e+01
6.224822875e-01 -3.853952042e-03 7.826243983e-01 1.094043130e+01 2.081005595e-02 9.997158151e-01 -1.162886622e-02 -9.846403467e-01 -7.823571712e-01 2.352522076e-02 6.223855884e-01 8.129019533e+01
5.945328125e-01 2.396557181e-03 8.040677779e-01 1.168540699e+01 2.004168078e-02 9.996407092e-01 -1.779841619e-02 -1.008741729e+00 -8.038215386e-01 2.669661216e-02 5.942711713e-01 8.182298087e+01
5.651093622e-01 1.182346190e-02 8.249312787e-01 1.244908683e+01 1.905489859e-02 9.994435226e-01 -2.737801873e-02 -1.032205177e+00 -8.247959260e-01 3.119055656e-02 5.645695968e-01 8.233349736e+01
5.347230838e-01 2.020227335e-02 8.447858260e-01 1.320589529e+01 1.825314083e-02 9.992047890e-01 -3.544872927e-02 -1.060941311e+00 -8.448301880e-01 3.437524848e-02 5.339291112e-01 8.281129611e+01
5.039169802e-01 2.514779271e-02 8.633859308e-01 1.398824045e+01 1.660141737e-02 9.991094502e-01 -3.879045542e-02 -1.085221919e+00 -8.635925370e-01 3.388059935e-02 5.030507280e-01 8.325532444e+01
4.718387149e-01 2.518406861e-02 8.813251328e-01 1.480521514e+01 1.417228895e-02 9.992461970e-01 -3.614116765e-02 -1.125346200e+00 -8.815709690e-01 2.954319654e-02 4.711261256e-01 8.369005891e+01
4.386311784e-01 2.398717204e-02 8.983469847e-01 1.564809675e+01 1.003827604e-02 9.994505609e-01 -3.158812117e-02 -1.164199488e+00 -8.986111074e-01 2.287338983e-02 4.381493874e-01 8.411678876e+01
4.047537737e-01 2.533990572e-02 9.140745439e-01 1.651777988e+01 6.350391285e-03 9.995139703e-01 -3.052041520e-02 -1.200437076e+00 -9.144036610e-01 1.815798425e-02 4.043961330e-01 8.450436043e+01
3.693326034e-01 2.788320425e-02 9.288788699e-01 1.736166876e+01 -1.320107625e-03 9.995644938e-01 -2.948016479e-02 -1.258722658e+00 -9.292963389e-01 9.661765930e-03 3.692085655e-01 8.485857487e+01
3.335955770e-01 3.028357229e-02 9.422297471e-01 1.827749643e+01 -5.736954701e-03 9.995306068e-01 -3.009407712e-02 -1.280117813e+00 -9.426988270e-01 4.633721642e-03 3.336127249e-01 8.519527083e+01
2.978737130e-01 2.972938893e-02 9.541422402e-01 1.919149611e+01 -8.552339336e-03 9.995579323e-01 -2.847450653e-02 -1.320332556e+00 -9.545669744e-01 3.216587734e-04 2.979962885e-01 8.548416835e+01
2.620519810e-01 2.935123748e-02 9.646073108e-01 2.011627655e+01 -8.494948752e-03 9.995688161e-01 -2.810725489e-02 -1.348732100e+00 -9.650163704e-01 -8.287278477e-04 2.621883256e-01 8.573612100e+01
2.266785182e-01 2.906778344e-02 9.735357792e-01 2.106203619e+01 -7.274370701e-03 9.995771972e-01 -2.815155900e-02 -1.378942309e+00 -9.739424690e-01 -7.005064702e-04 2.267941277e-01 8.594817097e+01
1.919732238e-01 2.781916591e-02 9.810057978e-01 2.202627659e+01 -4.514294294e-03 9.996126161e-01 -2.746341116e-02 -1.409187632e+00 -9.813897811e-01 8.436907026e-04 1.920244404e-01 8.612092329e+01
1.578477740e-01 2.655312430e-02 9.871063832e-01 2.297112330e+01 3.966065878e-03 9.996132814e-01 -2.752377134e-02 -1.448021860e+00 -9.874554930e-01 8.259494982e-03 1.576814198e-01 8.626728728e+01
1.247973895e-01 2.985550627e-02 9.917329582e-01 2.396699306e+01 6.078205373e-03 9.995054097e-01 -3.085435846e-02 -1.487094062e+00 -9.921636291e-01 9.878499984e-03 1.245541980e-01 8.636605679e+01
9.255029775e-02 3.488422239e-02 9.950967458e-01 2.494936277e+01 7.406267873e-03 9.993343355e-01 -3.572160561e-02 -1.519082856e+00 -9.956804656e-01 1.067599829e-02 9.223032841e-02 8.645153172e+01
6.370988282e-02 3.866561487e-02 9.972191439e-01 2.590715024e+01 1.405200111e-02 9.991153380e-01 -3.963688469e-02 -1.560697768e+00 -9.978695266e-01 1.653818580e-02 6.311019184e-02 8.650553814e+01
3.777060305e-02 3.706331005e-02 9.985988647e-01 2.688076800e+01 1.595494014e-02 9.991621879e-01 -3.768769122e-02 -1.600214623e+00 -9.991590571e-01 1.735607194e-02 3.714761549e-02 8.655760451e+01
1.569236693e-02 3.447376047e-02 9.992823973e-01 2.788018754e+01 1.741308789e-02 9.992444680e-01 -3.474590076e-02 -1.637172920e+00 -9.997252292e-01 1.794583764e-02 1.508021623e-02 8.656241069e+01
-2.324885654e-03 3.205664485e-02 9.994833498e-01 2.888159513e+01 1.792712016e-02 9.993267650e-01 -3.200992263e-02 -1.677321214e+00 -9.998365933e-01 1.784343870e-02 -2.898003784e-03 8.654131028e+01
-1.837711046e-02 3.512050617e-02 9.992141071e-01 2.988114265e+01 1.969446181e-02 9.992016911e-01 -3.475785781e-02 -1.723926467e+00 -9.996371392e-01 1.904023508e-02 -1.905411931e-02 8.651707934e+01
-3.277773534e-02 3.963230520e-02 9.986765745e-01 3.088573689e+01 2.245159026e-02 9.989905421e-01 -3.890787745e-02 -1.758620787e+00 -9.992104614e-01 2.114656515e-02 -3.363445587e-02 8.646882952e+01
-4.433552662e-02 4.442658118e-02 9.980283763e-01 3.185794258e+01 2.749148951e-02 9.986866301e-01 -4.323462539e-02 -1.805549128e+00 -9.986383625e-01 2.552045675e-02 -4.549865056e-02 8.641293456e+01
-5.263351721e-02 4.820458739e-02 9.974497635e-01 3.285191137e+01 3.320173135e-02 9.983665075e-01 -4.649689975e-02 -1.848356741e+00 -9.980618006e-01 3.066976371e-02 -5.414801651e-02 8.634880552e+01
-5.805514769e-02 5.346268747e-02 9.968808058e-01 3.386460488e+01 3.717143688e-02 9.979883306e-01 -5.135733848e-02 -1.902758903e+00 -9.976211125e-01 3.407393408e-02 -5.992564485e-02 8.626949789e+01
-6.188089367e-02 5.787896641e-02 9.964039242e-01 3.485538406e+01 3.963126005e-02 9.976723262e-01 -5.549137645e-02 -1.967372656e+00 -9.972964044e-01 3.605488707e-02 -6.403067150e-02 8.621314943e+01
-6.412777871e-02 6.219502733e-02 9.960017101e-01 3.584799035e+01 4.246819777e-02 9.973219470e-01 -5.954314532e-02 -2.018865149e+00 -9.970376523e-01 3.848002796e-02 -6.659735184e-02 8.614103192e+01
-6.677599377e-02 6.485553190e-02 9.956579366e-01 3.686382046e+01 4.314045199e-02 9.971397163e-01 -6.205874312e-02 -2.087420483e+00 -9.968349252e-01 3.880909917e-02 -6.938289244e-02 8.606533978e+01
-6.905491119e-02 6.799675671e-02 9.952928515e-01 3.786121899e+01 4.353180856e-02 9.969295355e-01 -6.508827006e-02 -2.165298284e+00 -9.966626314e-01 3.883223316e-02 -7.180290233e-02 8.599187267e+01
-7.096954325e-02 7.196354913e-02 9.948791743e-01 3.883780355e+01 4.476727350e-02 9.966189055e-01 -6.889592464e-02 -2.231090441e+00 -9.964733891e-01 3.964851580e-02 -7.395120041e-02 8.591911872e+01
-7.300285115e-02 7.351716368e-02 9.946184245e-01 3.984932828e+01 4.674126997e-02 9.964357957e-01 -7.022078597e-02 -2.301592285e+00 -9.962358342e-01 4.136341072e-02 -7.617893966e-02 8.583677971e+01
-7.540545127e-02 7.266818662e-02 9.945015599e-01 4.086797552e+01 4.653143341e-02 9.965109895e-01 -6.928689265e-02 -2.369123376e+00 -9.960666863e-01 4.105097370e-02 -7.852371574e-02 8.576562466e+01
-7.812507944e-02 7.210822754e-02 9.943323768e-01 4.186789385e+01 4.608793087e-02 9.965756933e-01 -6.864976459e-02 -2.454116268e+00 -9.958776906e-01 4.046345353e-02 -8.118087421e-02 8.570095132e+01
-7.977617418e-02 7.384152230e-02 9.940740373e-01 4.288715575e+01 4.628147017e-02 9.964513939e-01 -7.030394777e-02 -2.522620902e+00 -9.957378106e-01 4.039862792e-02 -8.291057418e-02 8.560514028e+01
-8.294022313e-02 7.589225797e-02 9.936605480e-01 4.390732584e+01 4.595566874e-02 9.963265383e-01 -7.225998597e-02 -2.607582120e+00 -9.954943475e-01 3.967107562e-02 -8.612322486e-02 8.556101776e+01
-8.595324639e-02 7.818967321e-02 9.932262655e-01 4.492279350e+01 4.413362363e-02 9.962359027e-01 -7.460730150e-02 -2.685253803e+00 -9.953211857e-01 3.742193441e-02 -8.908050362e-02 8.549271013e+01
-8.922958896e-02 8.167608981e-02 9.926565855e-01 4.593777760e+01 4.216630058e-02 9.960483220e-01 -7.816484741e-02 -2.777145349e+00 -9.951181254e-01 3.488203875e-02 -9.232096091e-02 8.543777678e+01
-9.179928548e-02 8.598783362e-02 9.920579538e-01 4.698849480e+01 3.853244628e-02 9.958252292e-01 -8.274879786e-02 -2.865221009e+00 -9.950317290e-01 3.063013930e-02 -9.472936608e-02 8.535250333e+01
-9.434828061e-02 8.804123320e-02 9.916386152e-01 4.803212857e+01 3.649609826e-02 9.957182084e-01 -8.493105611e-02 -2.970830345e+00 -9.948700602e-01 2.817784123e-02 -9.715746243e-02 8.525121541e+01
-9.673741812e-02 8.676912625e-02 9.915205448e-01 4.907455948e+01 3.502006303e-02 9.958726505e-01 -8.373326171e-02 -3.061846762e+00 -9.946936549e-01 2.662297242e-02 -9.937680925e-02 8.514435520e+01
-9.981037497e-02 8.243928866e-02 9.915854238e-01 5.012785633e+01 3.263910457e-02 9.962967349e-01 -7.954561549e-02 -3.159817461e+00 -9.944710041e-01 2.442498263e-02 -1.021314953e-01 8.504816807e+01
-1.023011783e-01 8.071451099e-02 9.914734674e-01 5.114884957e+01 3.333163444e-02 9.964211530e-01 -7.767810552e-02 -3.255592267e+00 -9.941948859e-01 2.510086945e-02 -1.046254046e-01 8.496183296e+01
-1.052217379e-01 8.125316331e-02 9.911237609e-01 5.217442953e+01 3.253321115e-02 9.964041917e-01 -7.823219920e-02 -3.346264607e+00 -9.939164834e-01 2.401271063e-02 -1.074868070e-01 8.488899315e+01
-1.065522686e-01 8.418061982e-02 9.907372191e-01 5.319988643e+01 3.382584627e-02 9.961398140e-01 -8.100174775e-02 -3.428631137e+00 -9.937315665e-01 2.488160488e-02 -1.089884377e-01 8.478939450e+01
-1.076715847e-01 8.684384628e-02 9.903862763e-01 5.425839733e+01 3.450317575e-02 9.959038529e-01 -8.357659177e-02 -3.525959593e+00 -9.935876211e-01 2.517264767e-02 -1.102269345e-01 8.468333072e+01
-1.083723100e-01 8.694872647e-02 9.903006419e-01 5.522460011e+01 3.361270963e-02 9.959185919e-01 -8.376361959e-02 -3.630653297e+00 -9.935419610e-01 2.420903098e-02 -1.108525807e-01 8.459187124e+01
-1.088247165e-01 8.514271993e-02 9.904079454e-01 5.623199502e+01 3.135207503e-02 9.961234822e-01 -8.218914475e-02 -3.739536939e+00 -9.935664187e-01 2.210713383e-02 -1.110722565e-01 8.450907809e+01
-1.094275451e-01 8.405427710e-02 9.904344960e-01 5.725561995e+01 2.774781154e-02 9.962882089e-01 -8.148535881e-02 -3.844674668e+00 -9.936074030e-01 1.856564695e-02 -1.113536952e-01 8.441382397e+01
-1.097392924e-01 8.518638849e-02 9.903032702e-01 5.831071009e+01 2.369864604e-02 9.962616549e-01 -8.307279417e-02 -3.939476817e+00 -9.936778461e-01 1.435249702e-02 -1.113478512e-01 8.431599178e+01
-1.101636691e-01 8.533894565e-02 9.902430158e-01 5.933564314e+01 1.964414492e-02 9.962994127e-01 -8.367549079e-02 -4.034891030e+00 -9.937193133e-01 1.023447823e-02 -1.114324095e-01 8.422026902e+01
-1.105875229e-01 8.475764077e-02 9.902456979e-01 6.039199657e+01 1.558775291e-02 9.963823260e-01 -8.354209916e-02 -4.132178218e+00 -9.937441430e-01 6.196991455e-03 -1.115086344e-01 8.411812883e+01
-1.108152689e-01 7.964762330e-02 9.906443521e-01 6.145978395e+01 1.606563321e-02 9.967968362e-01 -7.834515111e-02 -4.227081075e+00 -9.937111611e-01 7.233489814e-03 -1.117398990e-01 8.400329901e+01
-1.111551971e-01 7.122516463e-02 9.912474454e-01 6.257223918e+01 1.898077560e-02 9.973986653e-01 -6.953871367e-02 -4.312114203e+00 -9.936217853e-01 1.108505590e-02 -1.122179541e-01 8.387369379e+01
-1.110050651e-01 6.579365537e-02 9.916395870e-01 6.366549167e+01 2.481519214e-02 9.976785826e-01 -6.341649692e-02 -4.395085339e+00 -9.935099807e-01 1.756817451e-02 -1.123800582e-01 8.375338850e+01
-1.102519682e-01 6.794403961e-02 9.915785955e-01 6.475265659e+01 3.341196631e-02 9.973501469e-01 -6.462449183e-02 -4.476880453e+00 -9.933419069e-01 2.600561321e-02 -1.122299607e-01 8.362516904e+01
-1.094497107e-01 7.373786015e-02 9.912534937e-01 6.585072525e+01 3.885787646e-02 9.967997073e-01 -6.985992434e-02 -4.550426227e+00 -9.932325137e-01 3.087185729e-02 -1.119647363e-01 8.350394412e+01
-1.082474370e-01 7.926693874e-02 9.909587503e-01 6.695857707e+01 4.227562882e-02 9.962813651e-01 -7.507471471e-02 -4.636915621e+00 -9.932246793e-01 3.376675886e-02 -1.111959639e-01 8.337357930e+01
-1.073680524e-01 8.372375642e-02 9.906878590e-01 6.807434767e+01 4.317335933e-02 9.959006731e-01 -7.948528404e-02 -4.727101266e+00 -9.932815121e-01 3.423714278e-02 -1.105425515e-01 8.325462515e+01
-1.071865072e-01 8.084342934e-02 9.909467153e-01 6.917356717e+01 4.067656109e-02 9.962107950e-01 -7.687307232e-02 -4.820338041e+00 -9.934064979e-01 3.206854848e-02 -1.100687882e-01 8.314658697e+01
-1.072992364e-01 7.624985720e-02 9.912985590e-01 7.028877071e+01 3.975120636e-02 9.965865522e-01 -7.235389131e-02 -4.908699986e+00 -9.934317870e-01 3.164179630e-02 -1.099639998e-01 8.303193334e+01
-1.063995196e-01 7.426996447e-02 9.915458207e-01 7.143337589e+01 3.809205521e-02 9.967789365e-01 -7.057440852e-02 -4.996416875e+00 -9.935935475e-01 3.026093498e-02 -1.088858956e-01 8.289940899e+01
-1.061130507e-01 7.533503387e-02 9.914961690e-01 7.254525454e+01 3.675630145e-02 9.967415721e-01 -7.179981027e-02 -5.080348836e+00 -9.936744914e-01 2.882483517e-02 -1.085363262e-01 8.278729145e+01
-1.055774828e-01 8.114533165e-02 9.910947635e-01 7.368076188e+01 3.684022764e-02 9.963000207e-01 -7.764706255e-02 -5.155054328e+00 -9.937284301e-01 2.831437528e-02 -1.081762608e-01 8.266302881e+01
-1.047825272e-01 8.416880286e-02 9.909269573e-01 7.481585758e+01 3.572759208e-02 9.960874336e-01 -8.082922646e-02 -5.236675577e+00 -9.938531889e-01 2.693394348e-02 -1.073797073e-01 8.254154094e+01
-1.047596202e-01 8.307246382e-02 9.910218906e-01 7.595094634e+01 3.597188202e-02 9.961695171e-01 -7.970142357e-02 -5.330882217e+00 -9.938467919e-01 2.729943167e-02 -1.073466131e-01 8.242712679e+01
-1.041981005e-01 7.649027311e-02 9.916108077e-01 7.710840065e+01 3.649468499e-02 9.966607104e-01 -7.304496130e-02 -5.425364634e+00 -9.938867611e-01 2.857737784e-02 -1.066416413e-01 8.230791371e+01
-1.041710574e-01 7.505684009e-02 9.917231779e-01 7.827508132e+01 3.669673846e-02 9.967593357e-01 -7.158335068e-02 -5.520804738e+00 -9.938821561e-01 2.893609275e-02 -1.065878152e-01 8.217704025e+01
-1.040519739e-01 7.828786844e-02 9.914858528e-01 7.940087499e+01 3.392572971e-02 9.965963932e-01 -7.513104495e-02 -5.606136942e+00 -9.939930742e-01 2.581934753e-02 -1.063537949e-01 8.207523367e+01
-1.028714125e-01 8.154588016e-02 9.913464288e-01 8.058401008e+01 3.384778564e-02 9.963437033e-01 -7.844458047e-02 -5.696926600e+00 -9.941186045e-01 2.548517662e-02 -1.052554316e-01 8.193294427e+01
-1.027596611e-01 8.115240509e-02 9.913903062e-01 8.175120943e+01 3.272048375e-02 9.964028492e-01 -7.817117168e-02 -5.789841443e+00 -9.941679043e-01 2.440592730e-02 -1.050453650e-01 8.181739836e+01
-1.027934739e-01 7.739439705e-02 9.916872536e-01 8.292379708e+01 3.249376843e-02 9.966976591e-01 -7.441727900e-02 -5.888301473e+00 -9.941718447e-01 2.457404535e-02 -1.049688504e-01 8.170585998e+01
-1.018976111e-01 7.597843380e-02 9.918891846e-01 8.409323322e+01 3.361706129e-02 9.967726069e-01 -7.289899357e-02 -5.989947491e+00 -9.942267196e-01 2.591616621e-02 -1.041229192e-01 8.159881296e+01
-1.012139194e-01 7.628406644e-02 9.919357256e-01 8.527966461e+01 3.488308985e-02 9.967149507e-01 -7.309225124e-02 -6.080626461e+00 -9.942529419e-01 2.720382981e-02 -1.035424507e-01 8.148110615e+01
-9.989404219e-02 7.666283146e-02 9.920403170e-01 8.648215783e+01 3.760032532e-02 9.966060702e-01 -7.322947814e-02 -6.174254207e+00 -9.942873809e-01 2.998585007e-02 -1.024375562e-01 8.134626130e+01
-9.856616954e-02 7.605728969e-02 9.922197332e-01 8.767543577e+01 3.792984450e-02 9.966375959e-01 -7.262802024e-02 -6.268395485e+00 -9.944073799e-01 3.047607444e-02 -1.011195914e-01 8.122375541e+01
-9.753846381e-02 7.656739111e-02 9.922820580e-01 8.886402159e+01 3.910347086e-02 9.965611162e-01 -7.305381739e-02 -6.368410003e+00 -9.944632556e-01 3.167611542e-02 -1.001970911e-01 8.112481022e+01
-9.655946393e-02 7.524733499e-02 9.924787698e-01 9.008002289e+01 3.917705261e-02 9.966527871e-01 -7.175221588e-02 -6.453723502e+00 -9.945558951e-01 3.195403747e-02 -9.918422765e-02 8.101245786e+01
-9.470463275e-02 7.449943444e-02 9.927138897e-01 9.128233869e+01 3.821102750e-02 9.967330528e-01 -7.115573594e-02 -6.548261108e+00 -9.947718080e-01 3.119383990e-02 -9.724193766e-02 8.088909157e+01
-9.335511755e-02 7.364535879e-02 9.929054251e-01 9.249528845e+01 4.033303228e-02 9.967217050e-01 -7.013621927e-02 -6.644079930e+00 -9.948155952e-01 3.349931156e-02 -9.601941257e-02 8.078020752e+01
-9.197434257e-02 7.447751136e-02 9.929722154e-01 9.369567237e+01 3.921573205e-02 9.966962612e-01 -7.112446335e-02 -6.741388137e+00 -9.949888676e-01 3.239850658e-02 -9.459117350e-02 8.067729652e+01
-8.978843667e-02 7.719245694e-02 9.929649345e-01 9.491854468e+01 3.986674762e-02 9.964714374e-01 -7.386011634e-02 -6.833205281e+00 -9.951626395e-01 3.295449807e-02 -9.254902475e-02 8.055513164e+01
-8.933588295e-02 7.635780792e-02 9.930702821e-01 9.613212125e+01 3.745674092e-02 9.966092091e-01 -7.326033700e-02 -6.918883261e+00 -9.952969871e-01 3.065239938e-02 -9.189307828e-02 8.046259198e+01
-8.867121628e-02 7.492358439e-02 9.932390809e-01 9.733924992e+01 3.385135157e-02 9.968176198e-01 -7.217145391e-02 -7.015332090e+00 -9.954855606e-01 2.722295473e-02 -9.092529536e-02 8.035876578e+01
-8.828272294e-02 7.529080979e-02 9.932459186e-01 9.852822643e+01 2.995257659e-02 9.968890355e-01 -7.290469196e-02 -7.123494731e+00 -9.956450191e-01 2.331404973e-02 -9.026323227e-02 8.024296330e+01
-8.841208775e-02 7.455462081e-02 9.932899432e-01 9.974588991e+01 2.676581776e-02 9.970127137e-01 -7.245163759e-02 -7.224291837e+00 -9.957243061e-01 2.018061706e-02 -9.014349092e-02 8.013278682e+01
-8.859778084e-02 7.234972909e-02 9.934364348e-01 1.010137324e+02 2.518647399e-02 9.972023911e-01 -7.037778632e-02 -7.306659914e+00 -9.957490019e-01 1.878584523e-02 -9.017215347e-02 8.001695817e+01
-9.009801921e-02 7.051666670e-02 9.934333126e-01 1.022511542e+02 2.189145355e-02 9.973894242e-01 -6.881206833e-02 -7.413318557e+00 -9.956922774e-01 1.554786816e-02 -9.140652383e-02 7.991274801e+01
-9.210972737e-02 6.993029829e-02 9.932902655e-01 1.035194188e+02 1.982087908e-02 9.974620251e-01 -6.838597290e-02 -7.502939702e+00 -9.955515712e-01 1.338887293e-02 -9.326203517e-02 7.980821570e+01
-9.391474614e-02 7.030121564e-02 9.930950405e-01 1.047789139e+02 1.993663190e-02 9.974365414e-01 -6.872318849e-02 -7.595040543e+00 -9.953806062e-01 1.334484946e-02 -9.507556903e-02 7.969435694e+01
-9.638410666e-02 6.929528646e-02 9.929291351e-01 1.060077802e+02 1.961935618e-02 9.975120785e-01 -6.771066407e-02 -7.682936841e+00 -9.951508352e-01 1.295439849e-02 -9.750383948e-02 7.958166250e+01
-9.969441808e-02 6.420843537e-02 9.929442582e-01 1.072646303e+02 1.633831131e-02 9.978868698e-01 -6.288763507e-02 -7.775531904e+00 -9.948839543e-01 9.953486218e-03 -1.005328082e-01 7.947466386e+01
-1.038974171e-01 6.456127415e-02 9.924903872e-01 1.085346774e+02 1.619459318e-02 9.978684766e-01 -6.321581014e-02 -7.860611542e+00 -9.944561639e-01 9.505018660e-03 -1.047215009e-01 7.934191905e+01
-1.099640553e-01 7.029621112e-02 9.914465942e-01 1.097717892e+02 1.065231863e-02 9.975219060e-01 -6.954548914e-02 -7.954212701e+00 -9.938784808e-01 2.913701010e-03 -1.104403717e-01 7.923045945e+01
-1.174067246e-01 7.330094846e-02 9.903749956e-01 1.109893305e+02 1.092587447e-02 9.973071999e-01 -7.251878616e-02 -8.046744885e+00 -9.930238095e-01 2.306519727e-03 -1.178914487e-01 7.910803998e+01
-1.257964280e-01 6.921477639e-02 9.896386075e-01 1.122170769e+02 1.292441815e-02 9.975928551e-01 -6.812822402e-02 -8.146814698e+00 -9.919718837e-01 4.220215960e-03 -1.263881784e-01 7.894796955e+01
-1.363465567e-01 6.686024072e-02 9.884024103e-01 1.134311169e+02 1.510808165e-02 9.977442215e-01 -6.540805975e-02 -8.240347424e+00 -9.905459920e-01 6.014700587e-03 -1.370491190e-01 7.878825112e+01
-1.486764565e-01 6.814732767e-02 9.865349730e-01 1.146641517e+02 1.562628980e-02 9.976599987e-01 -6.656084501e-02 -8.325752797e+00 -9.887624236e-01 5.519850806e-03 -1.493934433e-01 7.859012673e+01
-1.626585977e-01 6.857353538e-02 9.842966275e-01 1.158977842e+02 1.863684480e-02 9.976175705e-01 -6.642176647e-02 -8.416296689e+00 -9.865063855e-01 7.540112095e-03 -1.635490694e-01 7.838059795e+01
-1.769917628e-01 6.604846397e-02 9.819936437e-01 1.170929808e+02 1.846339095e-02 9.977929595e-01 -6.378332959e-02 -8.507563994e+00 -9.840391349e-01 6.841808616e-03 -1.778206134e-01 7.817175529e+01
-1.919617823e-01 6.864671569e-02 9.789986224e-01 1.182811631e+02 2.329671682e-02 9.975883075e-01 -6.538219786e-02 -8.603938035e+00 -9.811258518e-01 1.025657044e-02 -1.930980726e-01 7.794294314e+01
-2.066493867e-01 7.158376421e-02 9.757929061e-01 1.194329375e+02 2.319760396e-02 9.973981085e-01 -6.825602029e-02 -8.698157595e+00 -9.781400218e-01 8.530992651e-03 -2.077722792e-01 7.768109477e+01
-2.219875434e-01 7.638056070e-02 9.720532601e-01 1.205854051e+02 2.399956051e-02 9.970530736e-01 -7.286418577e-02 -8.769460884e+00 -9.747540981e-01 7.153909438e-03 -2.231664623e-01 7.743165636e+01
-2.383027307e-01 7.461445562e-02 9.683204488e-01 1.217977582e+02 2.026225608e-02 9.972093292e-01 -7.185398219e-02 -8.852669436e+00 -9.709795310e-01 2.497356736e-03 -2.391495634e-01 7.715600797e+01
-2.537876503e-01 6.933475995e-02 9.647717448e-01 1.229524973e+02 1.498199510e-02 9.975896857e-01 -6.775218740e-02 -8.937242425e+00 -9.671439233e-01 -2.740462893e-03 -2.542147153e-01 7.685414848e+01
-2.691509553e-01 6.539470579e-02 9.608752758e-01 1.240684612e+02 1.127173885e-02 9.978376643e-01 -6.475294220e-02 -9.030389314e+00 -9.630320406e-01 -6.597581077e-03 -2.693060727e-01 7.656112329e+01
-2.845868944e-01 6.654715357e-02 9.563376893e-01 1.252438997e+02 8.911748654e-03 9.977282346e-01 -6.677537432e-02 -9.117175044e+00 -9.586088255e-01 -1.048075529e-02 -2.845334312e-01 7.622726949e+01
-2.995157576e-01 6.839600366e-02 9.516366416e-01 1.263637867e+02 9.142540126e-03 9.975871272e-01 -6.882105533e-02 -9.213911504e+00 -9.540475486e-01 -1.191261435e-02 -2.994183774e-01 7.589957257e+01
-3.137178773e-01 7.090935681e-02 9.468648038e-01 1.274926004e+02 1.105156569e-02 9.974127279e-01 -7.103318342e-02 -9.306521204e+00 -9.494519242e-01 -1.182004094e-02 -3.136898632e-01 7.554820548e+01
-3.274371980e-01 7.116536724e-02 9.421891380e-01 1.286300392e+02 1.349787578e-02 9.974101619e-01 -7.064542685e-02 -9.396553091e+00 -9.447765284e-01 -1.041438867e-02 -3.275497700e-01 7.514815884e+01
-3.414494271e-01 6.928959147e-02 9.373426488e-01 1.297551670e+02 1.368494960e-02 9.975397529e-01 -6.875437050e-02 -9.492882390e+00 -9.398005165e-01 -1.064865351e-02 -3.415576017e-01 7.475115594e+01
-3.556673710e-01 6.858591298e-02 9.320926423e-01 1.308924944e+02 1.359532140e-02 9.975778844e-01 -6.821680042e-02 -9.575078360e+00 -9.345137176e-01 -1.159039102e-02 -3.557383510e-01 7.430496496e+01
-3.703239181e-01 7.058134810e-02 9.262172904e-01 1.319877592e+02 1.323319425e-02 9.974087456e-01 -7.071546408e-02 -9.666652890e+00 -9.288084185e-01 -1.393081440e-02 -3.702983313e-01 7.388246686e+01
-3.850190295e-01 7.272797756e-02 9.200385797e-01 1.331013575e+02 1.376917049e-02 9.972319163e-01 -7.306787917e-02 -9.757857658e+00 -9.228059151e-01 -1.546435586e-02 -3.849546685e-01 7.342155632e+01
-3.995474188e-01 7.464818797e-02 9.136681609e-01 1.341780151e+02 1.503495839e-02 9.970785891e-01 -7.488816406e-02 -9.847415066e+00 -9.165892265e-01 -1.618440987e-02 -3.995025090e-01 7.295789739e+01
-4.138540453e-01 7.742568089e-02 9.070447029e-01 1.352488297e+02 1.798939482e-02 9.968775958e-01 -7.688589391e-02 -9.940825603e+00 -9.101654854e-01 -1.550235294e-02 -4.139546668e-01 7.247484972e+01
-4.288434536e-01 8.106122747e-02 8.997346107e-01 1.363049560e+02 1.790059283e-02 9.965329752e-01 -8.125021897e-02 -1.003352321e+01 -9.032014510e-01 -1.873784159e-02 -4.288076868e-01 7.198194585e+01
-4.442594375e-01 8.307024858e-02 8.920386124e-01 1.373699162e+02 1.908947063e-02 9.963436255e-01 -8.327647942e-02 -1.014276007e+01 -8.956947830e-01 -1.996781701e-02 -4.442208257e-01 7.147693000e+01
-4.598713509e-01 8.050569930e-02 8.843286566e-01 1.384360273e+02 1.757117899e-02 9.965118149e-01 -8.158098029e-02 -1.024143665e+01 -8.878116885e-01 -2.197805851e-02 -4.596818146e-01 7.094301437e+01
-4.756325848e-01 7.627069350e-02 8.763312305e-01 1.395037401e+02 1.472812730e-02 9.967847639e-01 -7.876050236e-02 -1.034126405e+01 -8.795207369e-01 -2.455434340e-02 -4.752266382e-01 7.036392054e+01
-4.914094482e-01 7.661380067e-02 8.675523499e-01 1.405784022e+02 1.475636882e-02 9.967127435e-01 -7.966151253e-02 -1.044763618e+01 -8.708036540e-01 -2.634449747e-02 -4.909246007e-01 6.975569170e+01
-5.071330707e-01 7.639523314e-02 8.584752862e-01 1.416225074e+02 1.441565818e-02 9.966763308e-01 -8.017780450e-02 -1.053802300e+01 -8.617472004e-01 -2.828532992e-02 -5.065488157e-01 6.915185308e+01
-5.230769278e-01 7.567667194e-02 8.489190591e-01 1.426586918e+02 1.395895956e-02 9.966772252e-01 -8.024746881e-02 -1.063386646e+01 -8.521711536e-01 -3.012557263e-02 -5.223952285e-01 6.852498638e+01
-5.384968613e-01 7.489699955e-02 8.392923030e-01 1.437051564e+02 1.205152626e-02 9.966245818e-01 -8.120470252e-02 -1.074683793e+01 -8.425413290e-01 -3.361372420e-02 -5.375818323e-01 6.784769649e+01
-5.544108868e-01 7.460703322e-02 8.288922482e-01 1.447595403e+02 1.205015628e-02 9.965889317e-01 -8.164125778e-02 -1.085010420e+01 -8.321558522e-01 -3.527452100e-02 -5.534187798e-01 6.718075253e+01
-5.696791630e-01 7.236419094e-02 8.186751952e-01 1.457589462e+02 1.217685507e-02 9.967500150e-01 -7.963122394e-02 -1.095153007e+01 -8.217769621e-01 -3.539535980e-02 -5.687088825e-01 6.648641376e+01
-5.845821717e-01 6.840556556e-02 8.084456463e-01 1.467699684e+02 1.134145859e-02 9.970309891e-01 -7.616152610e-02 -1.106061160e+01 -8.112552347e-01 -3.535371751e-02 -5.836223598e-01 6.574854817e+01
-5.991714038e-01 6.753136796e-02 7.977675998e-01 1.477794022e+02 1.285092597e-02 9.971191413e-01 -7.475474349e-02 -1.116041189e+01 -8.005176341e-01 -3.453885223e-02 -5.983131163e-01 6.498993924e+01
-6.139946898e-01 6.603928612e-02 7.865426457e-01 1.487772440e+02 1.193361696e-02 9.971565462e-01 -7.440706404e-02 -1.125623321e+01 -7.892199374e-01 -3.629924355e-02 -6.130369118e-01 6.421604542e+01
-6.285376101e-01 6.695552081e-02 7.748918834e-01 1.497520330e+02 1.058225747e-02 9.969317120e-01 -7.755757476e-02 -1.136603307e+01 -7.777071997e-01 -4.054774726e-02 -6.273176163e-01 6.340941650e+01
-6.440477727e-01 6.625990615e-02 7.621102881e-01 1.507184190e+02 8.217574353e-03 9.967835449e-01 -7.971847989e-02 -1.147234053e+01 -7.649411336e-01 -4.507981146e-02 -6.425207177e-01 6.261168407e+01
-6.601330103e-01 6.270128531e-02 7.485271923e-01 1.516912639e+02 6.020470896e-03 9.969196167e-01 -7.819866846e-02 -1.157809926e+01 -7.511245986e-01 -4.711503623e-02 -6.584770388e-01 6.177783242e+01
-6.766809356e-01 5.513241637e-02 7.342093217e-01 1.526676967e+02 2.000316081e-03 9.973265276e-01 -7.304653323e-02 -1.167897428e+01 -7.362736653e-01 -4.796054573e-02 -6.749821300e-01 6.088731533e+01
-6.939004008e-01 5.236963566e-02 7.181640864e-01 1.535841281e+02 8.584702542e-04 9.974112381e-01 -7.190330353e-02 -1.178018999e+01 -7.200704804e-01 -4.927720863e-02 -6.921490157e-01 6.003848041e+01
-7.117358083e-01 4.994903609e-02 7.006691323e-01 1.545077338e+02 -6.976847404e-04 9.974179230e-01 -7.181225592e-02 -1.188037161e+01 -7.024469036e-01 -5.160020018e-02 -7.098632030e-01 5.914556538e+01
-7.296017119e-01 4.622683603e-02 6.823081574e-01 1.554258567e+02 -4.060255861e-03 9.974024012e-01 -7.191637143e-02 -1.197538373e+01 -6.838602608e-01 -5.524065341e-02 -7.275188065e-01 5.820076482e+01
-7.467893057e-01 4.388511146e-02 6.636112039e-01 1.563016748e+02 -4.214462361e-03 9.974881992e-01 -7.070735990e-02 -1.207609239e+01 -6.650473451e-01 -5.560026465e-02 -7.447285676e-01 5.725053695e+01
-7.630933962e-01 4.532086595e-02 6.446972062e-01 1.571517999e+02 -2.919945959e-03 9.972862735e-01 -7.356332328e-02 -1.217756278e+01 -6.462816279e-01 -5.801816720e-02 -7.608902350e-01 5.627253552e+01
-7.787173457e-01 4.472198374e-02 6.257789064e-01 1.579477521e+02 7.650812889e-04 9.975229912e-01 -7.033702234e-02 -1.228864627e+01 -6.273744577e-01 -5.429388760e-02 -7.768226719e-01 5.532003704e+01
-7.931517795e-01 4.608178747e-02 6.072781270e-01 1.587410956e+02 4.750131555e-03 9.975710493e-01 -6.949415747e-02 -1.239597732e+01 -6.090054933e-01 -5.223476367e-02 -7.914441475e-01 5.427525682e+01
-8.079400021e-01 4.727590188e-02 5.873652545e-01 1.595072208e+02 6.167524916e-03 9.974003258e-01 -7.179520669e-02 -1.249080323e+01 -5.892324793e-01 -5.438362960e-02 -8.061311966e-01 5.325098324e+01
-8.220559370e-01 4.911867865e-02 5.672842249e-01 1.602529031e+02 7.136825563e-03 9.970829580e-01 -7.599105648e-02 -1.259375329e+01 -5.693620133e-01 -5.842029058e-02 -8.200085167e-01 5.219702863e+01
-8.353744825e-01 4.928500369e-02 5.474673162e-01 1.609821942e+02 9.409834534e-03 9.971085915e-01 -7.540498534e-02 -1.269874489e+01 -5.496006995e-01 -5.783982375e-02 -8.334228374e-01 5.108522587e+01
-8.474398527e-01 4.729626311e-02 5.287804455e-01 1.616701067e+02 1.029025079e-02 9.972999603e-01 -7.271107138e-02 -1.280179271e+01 -5.307916792e-01 -5.617697622e-02 -8.456384219e-01 4.999408023e+01
-8.583168698e-01 4.918145784e-02 5.107576090e-01 1.623372558e+02 1.265321782e-02 9.971219798e-01 -7.475060895e-02 -1.289007556e+01 -5.129639822e-01 -5.769698141e-02 -8.564689202e-01 4.888305275e+01
-8.677875976e-01 5.256605561e-02 4.941472404e-01 1.629780938e+02 1.524172829e-02 9.967371516e-01 -7.926373875e-02 -1.296293416e+01 -4.967014950e-01 -6.125243145e-02 -8.657573358e-01 4.771868253e+01
-8.771361775e-01 5.007633216e-02 4.776237924e-01 1.635984652e+02 1.330179150e-02 9.967004378e-01 -8.007059164e-02 -1.308813002e+01 -4.800574846e-01 -6.387956057e-02 -8.749081170e-01 4.659652136e+01
-8.858046222e-01 4.771002703e-02 4.615993117e-01 1.642218827e+02 1.243621437e-02 9.967842875e-01 -7.916075307e-02 -1.319042698e+01 -4.638917027e-01 -6.438041298e-02 -8.835494613e-01 4.543127588e+01
-8.935316565e-01 4.518894579e-02 4.467204249e-01 1.648319429e+02 1.101399806e-02 9.968291168e-01 -7.880611459e-02 -1.331989501e+01 -4.488650918e-01 -6.549558023e-02 -8.911960830e-01 4.426347966e+01
-9.001364693e-01 4.321133231e-02 4.334594760e-01 1.653822722e+02 1.013612701e-02 9.968760344e-01 -7.832899242e-02 -1.342265261e+01 -4.354900636e-01 -6.611318238e-02 -8.977624695e-01 4.310048719e+01
-9.065828595e-01 4.124972947e-02 4.200071174e-01 1.659396680e+02 9.555382037e-03 9.969629818e-01 -7.728847053e-02 -1.353968836e+01 -4.219196766e-01 -6.605507416e-02 -9.042237078e-01 4.194321196e+01
-9.123815066e-01 3.613675507e-02 4.077427146e-01 1.664738299e+02 6.823049284e-03 9.972998446e-01 -7.311953143e-02 -1.365168799e+01 -4.092840485e-01 -6.393085961e-02 -9.101644977e-01 4.074388899e+01
-9.177995241e-01 3.338082493e-02 3.956384133e-01 1.670123173e+02 6.135229978e-03 9.975329336e-01 -6.993143269e-02 -1.374977437e+01 -3.969967159e-01 -6.175570299e-02 -9.157400508e-01 3.955676965e+01
-9.223287787e-01 3.321866370e-02 3.849755113e-01 1.675170031e+02 7.997330978e-03 9.977255303e-01 -6.693137507e-02 -1.383528167e+01 -3.863232670e-01 -5.865395685e-02 -9.204966305e-01 3.836091592e+01
-9.258256888e-01 3.699729788e-02 3.761356056e-01 1.680001445e+02 1.214525397e-02 9.975956491e-01 -6.823059260e-02 -1.393793057e+01 -3.777555912e-01 -5.860137294e-02 -9.240490206e-01 3.720614698e+01
-9.280690445e-01 4.209416300e-02 3.700215265e-01 1.684751747e+02 1.741817728e-02 9.974103675e-01 -6.977940901e-02 -1.403776685e+01 -3.720006125e-01 -5.831500890e-02 -9.263988903e-01 3.601265123e+01
-9.299798741e-01 4.561110839e-02 3.647698734e-01 1.689342014e+02 2.062805937e-02 9.971842520e-01 -7.209750822e-02 -1.413462998e+01 -3.670312206e-01 -5.952473702e-02 -9.283021538e-01 3.483936842e+01
-9.320376602e-01 4.201192050e-02 3.599177662e-01 1.693962584e+02 1.747641479e-02 9.973120847e-01 -7.115602973e-02 -1.422708339e+01 -3.619397392e-01 -6.003002729e-02 -9.302666397e-01 3.367271461e+01
-9.340337974e-01 3.455223823e-02 3.555095051e-01 1.698667277e+02 1.120605749e-02 9.976549166e-01 -6.752104675e-02 -1.432437364e+01 -3.570088090e-01 -5.908307974e-02 -9.322306045e-01 3.249091637e+01
-9.359299389e-01 2.803821718e-02 3.510683805e-01 1.703280496e+02 5.335843228e-03 9.978404130e-01 -6.546784631e-02 -1.442121624e+01 -3.521458195e-01 -5.940007156e-02 -9.340583243e-01 3.130588788e+01
-9.375913219e-01 2.234542460e-02 3.470204535e-01 1.707877941e+02 -9.544582868e-04 9.977641173e-01 -6.682705423e-02 -1.451333352e+01 -3.477378353e-01 -6.298768266e-02 -9.354736499e-01 3.008976691e+01
-9.392010363e-01 1.893723462e-02 3.428451466e-01 1.712457126e+02 -5.454009466e-03 9.975292773e-01 -7.003995111e-02 -1.459948622e+01 -3.433244343e-01 -6.765147534e-02 -9.367772471e-01 2.890047076e+01
-9.400126253e-01 1.908787654e-02 3.406052221e-01 1.716952063e+02 -6.136918401e-03 9.973256316e-01 -7.282803577e-02 -1.469386682e+01 -3.410844508e-01 -7.054953955e-02 -9.373815444e-01 2.769233227e+01
-9.403398423e-01 1.855768297e-02 3.397301774e-01 1.721270912e+02 -7.584003295e-03 9.971200466e-01 -7.545923171e-02 -1.478397181e+01 -3.401521188e-01 -7.353383683e-02 -9.374909658e-01 2.653026982e+01
-9.404829768e-01 2.045324345e-02 3.392247561e-01 1.725745357e+02 -6.164409885e-03 9.969963005e-01 -7.720347685e-02 -1.488547366e+01 -3.397848884e-01 -7.469967617e-02 -9.375319664e-01 2.535926968e+01
-9.401500036e-01 2.087205336e-02 3.401210492e-01 1.730106414e+02 -6.283147644e-03 9.968908955e-01 -7.854339303e-02 -1.499848774e+01 -3.407029392e-01 -7.597960201e-02 -9.370958368e-01 2.417075052e+01
-9.393290532e-01 2.248293584e-02 3.422797795e-01 1.734529125e+02 -5.458776938e-03 9.967434858e-01 -8.045262754e-02 -1.511098492e+01 -3.429739518e-01 -7.743991942e-02 -9.361473854e-01 2.292939848e+01
-9.386183919e-01 2.415268369e-02 3.441106831e-01 1.739038792e+02 -3.956910061e-03 9.967263658e-01 -8.075205614e-02 -1.521188088e+01 -3.449345695e-01 -7.715698010e-02 -9.354501287e-01 2.170323541e+01
-9.376489464e-01 2.388774545e-02 3.467619197e-01 1.743522645e+02 -4.644331419e-03 9.966855374e-01 -8.121803829e-02 -1.532229837e+01 -3.475527061e-01 -7.776448531e-02 -9.344302014e-01 2.049608011e+01
-9.364018648e-01 2.201870516e-02 3.502380965e-01 1.748012764e+02 -6.891080049e-03 9.966834970e-01 -8.108341310e-02 -1.543603336e+01 -3.508618826e-01 -7.834017799e-02 -9.331445525e-01 1.933913108e+01
-9.345270603e-01 2.010144695e-02 3.553239442e-01 1.752453265e+02 -8.690613857e-03 9.968169665e-01 -7.924902797e-02 -1.554158757e+01 -3.557859563e-01 -7.714834434e-02 -9.313777355e-01 1.816103187e+01
-9.325539305e-01 1.792375807e-02 3.605855039e-01 1.756968844e+02 -1.021006217e-02 9.970580863e-01 -7.596661885e-02 -1.565262014e+01 -3.608862997e-01 -7.452456941e-02 -9.296274346e-01 1.702799930e+01
-9.302492850e-01 1.452285043e-02 3.666406341e-01 1.761698898e+02 -1.322668984e-02 9.972398126e-01 -7.306032367e-02 -1.576224051e+01 -3.666896814e-01 -7.281375580e-02 -9.274895334e-01 1.588144940e+01
-9.271761091e-01 1.623878084e-02 3.742736494e-01 1.766269792e+02 -1.203752303e-02 9.972528162e-01 -7.308843072e-02 -1.586456336e+01 -3.744323179e-01 -7.227117449e-02 -9.244335112e-01 1.472824958e+01
-9.238050774e-01 1.745048090e-02 3.824652399e-01 1.771060023e+02 -1.152924695e-02 9.972397585e-01 -7.334807794e-02 -1.595619414e+01 -3.826895027e-01 -7.216886302e-02 -9.210539614e-01 1.359883059e+01
-9.196297433e-01 2.061027457e-02 3.922452700e-01 1.775897004e+02 -9.776992194e-03 9.971118581e-01 -7.531502419e-02 -1.606799218e+01 -3.926646733e-01 -7.309691530e-02 -9.167722156e-01 1.244809665e+01
-9.155878977e-01 2.090435378e-02 4.015741646e-01 1.780787673e+02 -9.616338077e-03 9.972239781e-01 -7.383673607e-02 -1.617560676e+01 -4.020028951e-01 -7.146569488e-02 -9.128451823e-01 1.137642712e+01
-9.101972166e-01 2.299225289e-02 4.135364350e-01 1.785931754e+02 -9.314827281e-03 9.970690202e-01 -7.593815263e-02 -1.626725106e+01 -4.140703573e-01 -7.297071563e-02 -9.073152781e-01 1.023516754e+01
-9.040416197e-01 2.494059775e-02 4.267162014e-01 1.791407533e+02 -9.274526692e-03 9.969167433e-01 -7.791655790e-02 -1.636019353e+01 -4.273438113e-01 -7.439740201e-02 -9.010229151e-01 9.063894834e+00
-8.974031928e-01 2.708410734e-02 4.403793373e-01 1.796767822e+02 -8.398908773e-03 9.968846026e-01 -7.842542602e-02 -1.646124234e+01 -4.411314633e-01 -7.407793358e-02 -8.943799483e-01 7.950912291e+00
-8.905351933e-01 2.690214114e-02 4.541182052e-01 1.802516580e+02 -8.659939878e-03 9.970664799e-01 -7.604893175e-02 -1.655948705e+01 -4.548319195e-01 -7.165688649e-02 -8.876898195e-01 6.800811183e+00
-8.836924942e-01 2.908814374e-02 4.671632001e-01 1.808481480e+02 -7.868946145e-03 9.970028293e-01 -7.696387525e-02 -1.666025273e+01 -4.680017685e-01 -7.168848095e-02 -8.808150239e-01 5.666890732e+00
-8.766834324e-01 3.128661085e-02 4.800492759e-01 1.814448172e+02 -6.156871488e-03 9.970714967e-01 -7.622678957e-02 -1.676264970e+01 -4.810283279e-01 -6.978236522e-02 -8.739234344e-01 4.588836032e+00
-8.690596421e-01 3.255925395e-02 4.936347167e-01 1.820704293e+02 -5.075840166e-03 9.971924452e-01 -7.470919011e-02 -1.686485080e+01 -4.946812857e-01 -6.743235294e-02 -8.664544439e-01 3.492440124e+00
-8.607606008e-01 3.407887043e-02 5.078679145e-01 1.826964699e+02 -3.369552291e-03 9.973528904e-01 -7.263510202e-02 -1.695757957e+01 -5.089988548e-01 -6.423272155e-02 -8.583672427e-01 2.406715399e+00
-8.523888566e-01 3.716686795e-02 5.215859095e-01 1.833443063e+02 -4.181227186e-04 9.974220538e-01 -7.175703221e-02 -1.704710619e+01 -5.229082733e-01 -6.138298156e-02 -8.501759037e-01 1.355163023e+00
-8.436941525e-01 4.014822716e-02 5.353207421e-01 1.840080099e+02 2.754730349e-03 9.975100877e-01 -7.047011024e-02 -1.714578056e+01 -5.368170903e-01 -5.798055564e-02 -8.417040256e-01 3.400083688e-01
-8.334187757e-01 4.189057143e-02 5.510520161e-01 1.846504708e+02 4.605752263e-03 9.976148627e-01 -6.887214844e-02 -1.725265078e+01 -5.526227750e-01 -5.486133256e-02 -8.316238950e-01 -6.307988146e-01
-8.211124738e-01 4.548277167e-02 5.689513361e-01 1.853311439e+02 8.050813550e-03 9.976436896e-01 -6.813408152e-02 -1.734495568e+01 -5.707096370e-01 -5.136522310e-02 -8.195438512e-01 -1.661253272e+00
-8.093320361e-01 4.684505238e-02 5.854803126e-01 1.860263366e+02 9.175863706e-03 9.977011524e-01 -6.714323512e-02 -1.744451532e+01 -5.872797110e-01 -4.896888363e-02 -8.079013489e-01 -2.639961785e+00
-7.974155382e-01 4.845960214e-02 6.014816094e-01 1.867422183e+02 1.028796761e-02 9.977171034e-01 -6.674383393e-02 -1.754053534e+01 -6.033428687e-01 -4.703454693e-02 -7.960936717e-01 -3.583296674e+00
-7.852754408e-01 4.981926111e-02 6.171389822e-01 1.874718574e+02 1.138664500e-02 9.977509637e-01 -6.605572534e-02 -1.764056416e+01 -6.190418616e-01 -4.484479632e-02 -7.840766020e-01 -4.494538242e+00
-7.710249338e-01 5.051153371e-02 6.347985007e-01 1.882456888e+02 1.282498836e-02 9.978786962e-01 -6.382497368e-02 -1.773776230e+01 -6.366757976e-01 -4.106936272e-02 -7.700371655e-01 -5.453389759e+00
-7.567725531e-01 5.125538031e-02 6.516657033e-01 1.890512265e+02 1.417427424e-02 9.979734423e-01 -6.203304304e-02 -1.783525265e+01 -6.535245923e-01 -3.770801597e-02 -7.559654177e-01 -6.333041660e+00
-7.400453907e-01 5.428820168e-02 6.703622982e-01 1.898734072e+02 1.540318127e-02 9.978435438e-01 -6.380442093e-02 -1.791505842e+01 -6.723805185e-01 -3.689245562e-02 -7.392857263e-01 -7.235516857e+00
-7.222628584e-01 5.731361905e-02 6.892398077e-01 1.906931372e+02 1.628825282e-02 9.976936517e-01 -6.589438587e-02 -1.800393144e+01 -6.914268264e-01 -3.636655525e-02 -7.215306074e-01 -8.104327061e+00
-7.040153229e-01 5.796297546e-02 7.078154552e-01 1.915349589e+02 1.555129912e-02 9.976830282e-01 -6.623241081e-02 -1.809619974e+01 -7.100144944e-01 -3.562118221e-02 -7.032855388e-01 -8.939788151e+00
-6.849374368e-01 5.832192280e-02 7.262639059e-01 1.923920407e+02 1.441706487e-02 9.976808561e-01 -6.652110620e-02 -1.817391726e+01 -7.284592342e-01 -3.509220213e-02 -6.841897993e-01 -9.739671163e+00
-6.649613400e-01 5.786424452e-02 7.446328932e-01 1.932758108e+02 1.239458229e-02 9.977119584e-01 -6.646218711e-02 -1.825730805e+01 -7.467749264e-01 -3.496537133e-02 -6.641570839e-01 -1.051969319e+01
-6.431883191e-01 5.879801797e-02 7.634471686e-01 1.941616054e+02 1.027138297e-02 9.976201768e-01 -6.817977415e-02 -1.833973054e+01 -7.656391349e-01 -3.601077609e-02 -6.422615816e-01 -1.129363804e+01
-6.216731758e-01 5.884415246e-02 7.810632677e-01 1.950620892e+02 7.793079849e-03 9.975893911e-01 -6.895414974e-02 -1.842282046e+01 -7.832379781e-01 -3.678005684e-02 -6.206331421e-01 -1.201675851e+01
-5.988829574e-01 5.895711557e-02 7.986634221e-01 1.959881815e+02 7.811449049e-03 9.976690191e-01 -6.779018852e-02 -1.852357901e+01 -8.007984669e-01 -3.435966995e-02 -5.979475132e-01 -1.273324961e+01
-5.749530442e-01 5.907161493e-02 8.160511879e-01 1.969116368e+02 8.284330634e-03 9.977594790e-01 -6.638819160e-02 -1.861176719e+01 -8.181444658e-01 -3.140965500e-02 -5.741542186e-01 -1.340287372e+01
-5.505399567e-01 5.997364505e-02 8.326517387e-01 1.978653133e+02 7.402550891e-03 9.977275872e-01 -6.696912710e-02 -1.869293180e+01 -8.347759929e-01 -3.070543346e-02 -5.497328606e-01 -1.403864628e+01
-5.241453842e-01 6.347982144e-02 8.492596355e-01 1.988511546e+02 8.865878918e-03 9.975707685e-01 -6.909383455e-02 -1.877375164e+01 -8.515826515e-01 -2.868578136e-02 -5.234349182e-01 -1.466320117e+01
-4.969887015e-01 6.417998386e-02 8.653803558e-01 1.998655135e+02 7.126170879e-03 9.975293832e-01 -6.988810515e-02 -1.885367244e+01 -8.677277501e-01 -2.856675034e-02 -4.962181904e-01 -1.525460667e+01
-4.695070664e-01 6.285775653e-02 8.806883768e-01 2.008884096e+02 5.414290090e-03 9.976488226e-01 -6.831919317e-02 -1.894628593e+01 -8.829121134e-01 -2.730804162e-02 -4.687435022e-01 -1.580018657e+01
-4.408298187e-01 6.112739397e-02 8.955068468e-01 2.019343043e+02 3.454548368e-03 9.977865421e-01 -6.640845164e-02 -1.902695692e+01 -8.975840557e-01 -2.618125398e-02 -4.400652280e-01 -1.632464737e+01
-4.096735286e-01 6.187098651e-02 9.101316284e-01 2.030006748e+02 3.263625562e-03 9.977903414e-01 -6.636100743e-02 -1.911766110e+01 -9.122263692e-01 -2.421601923e-02 -4.089702137e-01 -1.682460058e+01
-3.783505525e-01 6.565108998e-02 9.233313564e-01 2.040953406e+02 1.850363707e-03 9.975334146e-01 -7.016881792e-02 -1.917724605e+01 -9.256605401e-01 -2.483991220e-02 -3.775387970e-01 -1.728527067e+01
-3.450778741e-01 6.723687790e-02 9.361626264e-01 2.051883538e+02 3.055430947e-03 9.975059403e-01 -7.051640563e-02 -1.927300087e+01 -9.385690839e-01 -2.147327108e-02 -3.444226669e-01 -1.770767970e+01
-3.142028724e-01 6.771317493e-02 9.469379499e-01 2.062596948e+02 4.365790532e-03 9.975456136e-01 -6.988339280e-02 -1.935776464e+01 -9.493458247e-01 -1.782343002e-02 -3.137273187e-01 -1.804640336e+01
-2.801497565e-01 6.751750387e-02 9.575789788e-01 2.073856032e+02 3.757911307e-03 9.975929937e-01 -6.923941769e-02 -1.944593491e+01 -9.599489528e-01 -1.579890913e-02 -2.797291591e-01 -1.839866510e+01
-2.466355458e-01 6.712666983e-02 9.667806979e-01 2.085240189e+02 2.312617821e-03 9.976361234e-01 -6.867908829e-02 -1.951493690e+01 -9.691055460e-01 -1.470291015e-02 -2.462077681e-01 -1.868908619e+01
-2.120013436e-01 6.623495659e-02 9.750222361e-01 2.096667145e+02 3.646337242e-05 9.977011301e-01 -6.776764499e-02 -1.958548531e+01 -9.772693738e-01 -1.433127919e-02 -2.115163952e-01 -1.894766481e+01
-1.763991233e-01 6.504367447e-02 9.821673328e-01 2.107839018e+02 -1.318834175e-04 9.978127647e-01 -6.610347402e-02 -1.967389872e+01 -9.843187146e-01 -1.179012645e-02 -1.760047188e-01 -1.916622183e+01
-1.411190926e-01 6.446653597e-02 9.878914249e-01 2.119083719e+02 3.011833418e-05 9.978778369e-01 -6.511391391e-02 -1.975784402e+01 -9.899926266e-01 -9.159062800e-03 -1.408215565e-01 -1.933290461e+01
-1.052957589e-01 6.416772232e-02 9.923685336e-01 2.130145331e+02 2.425530052e-04 9.979176260e-01 -6.450079698e-02 -1.983735776e+01 -9.944409205e-01 -6.550958397e-03 -1.050920578e-01 -1.945453456e+01
-6.961996158e-02 6.310746068e-02 9.955754664e-01 2.141170735e+02 6.986502612e-04 9.979998594e-01 -6.321228174e-02 -1.993686519e+01 -9.975733421e-01 -3.705277567e-03 -6.952480191e-02 -1.953321210e+01
-3.426458587e-02 6.394907767e-02 9.973647546e-01 2.152707335e+02 -5.055668348e-04 9.979495178e-01 -6.400394036e-02 -2.001674161e+01 -9.994126688e-01 -2.697303053e-03 -3.416199641e-02 -1.958020653e+01
1.943410587e-03 6.165263321e-02 9.980957750e-01 2.164363384e+02 1.125283217e-03 9.980968930e-01 -6.165489334e-02 -2.012115017e+01 -9.999974784e-01 1.242961197e-03 1.870335395e-03 -1.960777301e+01
3.714238467e-02 5.981811023e-02 9.975180384e-01 2.175925955e+02 9.856640364e-04 9.982041390e-01 -5.989595459e-02 -2.020871435e+01 -9.993094975e-01 3.207896242e-03 3.701672155e-02 -1.958992277e+01
7.054484590e-02 5.978208442e-02 9.957155854e-01 2.186965161e+02 2.659845741e-04 9.982013355e-01 -5.995017174e-02 -2.029274264e+01 -9.975085734e-01 4.494020613e-03 7.040205828e-02 -1.951964314e+01
1.037429147e-01 5.944763096e-02 9.928259600e-01 2.198767528e+02 7.975388126e-04 9.982068738e-01 -5.985316183e-02 -2.037151401e+01 -9.946038264e-01 7.001158702e-03 1.035094788e-01 -1.941288939e+01
1.360363891e-01 5.792395003e-02 9.890090580e-01 2.210379371e+02 1.034479383e-03 9.982804647e-01 -5.860924541e-02 -2.044097706e+01 -9.907033010e-01 8.996099590e-03 1.357425486e-01 -1.926947266e+01
1.673300724e-01 5.727012797e-02 9.842361400e-01 2.221712246e+02 1.503099714e-03 9.982954214e-01 -5.834374291e-02 -2.050869635e+01 -9.858997858e-01 1.124206778e-02 1.669587624e-01 -1.908772824e+01
1.966667383e-01 5.702490072e-02 9.788106838e-01 2.232632026e+02 3.379107099e-03 9.982618805e-01 -5.883705966e-02 -2.057700887e+01 -9.804645714e-01 1.487879874e-02 1.961322147e-01 -1.884541459e+01
2.265234305e-01 5.804151930e-02 9.722748158e-01 2.243694535e+02 3.794631558e-03 9.981627402e-01 -6.047102522e-02 -2.063538818e+01 -9.739983245e-01 1.738752878e-02 2.258870019e-01 -1.859114362e+01
2.562721262e-01 5.757511151e-02 9.648884411e-01 2.254851160e+02 5.310153540e-03 9.981255506e-01 -6.096874178e-02 -2.071002004e+01 -9.665900887e-01 2.074829486e-02 2.554860244e-01 -1.829445605e+01
2.863343625e-01 5.665697328e-02 9.564531459e-01 2.265959824e+02 6.568215060e-03 9.981105923e-01 -6.109094950e-02 -2.077537000e+01 -9.581072442e-01 2.377462803e-02 2.854212250e-01 -1.797287781e+01
3.163992888e-01 5.509043232e-02 9.470250970e-01 2.277120427e+02 8.171828258e-03 9.981169588e-01 -6.079274520e-02 -2.086199167e+01 -9.485909083e-01 2.697370779e-02 3.153533063e-01 -1.761230525e+01
3.452857423e-01 5.452021270e-02 9.369126440e-01 2.287746563e+02 1.004085385e-02 9.980394281e-01 -6.177767580e-02 -2.094334128e+01 -9.384438915e-01 3.073835358e-02 3.440613553e-01 -1.721545338e+01
3.745223565e-01 5.264860777e-02 9.257219499e-01 2.298422309e+02 1.142003802e-02 9.980489943e-01 -6.138230771e-02 -2.103437448e+01 -9.271475542e-01 3.356082639e-02 3.731904121e-01 -1.681685016e+01
4.016480607e-01 5.043178803e-02 9.144044346e-01 2.309302916e+02 1.217348081e-02 9.981003219e-01 -6.039498140e-02 -2.112365071e+01 -9.157131874e-01 3.538901199e-02 4.002711283e-01 -1.631186524e+01
4.290410454e-01 5.030025548e-02 9.018833992e-01 2.319877491e+02 1.103439253e-02 9.980819794e-01 -6.091473233e-02 -2.118905504e+01 -9.032175948e-01 3.608665588e-02 4.276631030e-01 -1.581181389e+01
4.567465577e-01 5.203551776e-02 8.880736945e-01 2.329994751e+02 1.179511860e-02 9.978458093e-01 -6.453383711e-02 -2.124987191e+01 -8.895186660e-01 3.995054250e-02 4.551488734e-01 -1.529326067e+01
4.845515336e-01 5.266731388e-02 8.731757929e-01 2.339696279e+02 1.269468609e-02 9.976573922e-01 -6.722032964e-02 -2.134112801e+01 -8.746705987e-01 4.365640642e-02 4.827478244e-01 -1.478401387e+01
5.116096502e-01 5.089375977e-02 8.577093861e-01 2.349847509e+02 1.414046641e-02 9.976102873e-01 -6.762959380e-02 -2.142213131e+01 -8.591016314e-01 4.672836359e-02 5.096673886e-01 -1.418819491e+01
5.373579803e-01 4.828984056e-02 8.419706006e-01 2.359379799e+02 1.491718390e-02 9.976589211e-01 -6.673945385e-02 -2.149103199e+01 -8.432223186e-01 4.842280841e-02 5.353796344e-01 -1.357015204e+01
5.616612716e-01 4.526708357e-02 8.261280210e-01 2.369191926e+02 1.562242348e-02 9.977439089e-01 -6.529189880e-02 -2.158512483e+01 -8.272197748e-01 4.957805270e-02 5.596869311e-01 -1.287779800e+01
5.844289769e-01 4.449219288e-02 8.102241762e-01 2.378449721e+02 1.486652528e-02 9.977409735e-01 -6.551287107e-02 -2.167792832e+01 -8.113086696e-01 5.033283841e-02 5.824472920e-01 -1.222373628e+01
6.058680070e-01 4.443130354e-02 7.943234967e-01 2.387983092e+02 1.332328095e-02 9.977325554e-01 -6.597149388e-02 -2.176700879e+01 -7.954536116e-01 5.055301262e-02 6.039022641e-01 -1.153331257e+01
6.240650267e-01 4.246388793e-02 7.802177008e-01 2.396839784e+02 1.287246686e-02 9.978279751e-01 -6.460365054e-02 -2.186491026e+01 -7.812663707e-01 5.036020540e-02 6.221629270e-01 -1.079081423e+01
6.416308901e-01 4.002838297e-02 7.659683606e-01 2.405953408e+02 1.256034269e-02 9.979550677e-01 -6.267312589e-02 -2.194850380e+01 -7.669107110e-01 4.983383864e-02 6.398160281e-01 -1.001572677e+01
6.583118364e-01 3.701553628e-02 7.518346734e-01 2.415044046e+02 1.401722659e-02 9.980142280e-01 -6.140942907e-02 -2.202092167e+01 -7.526148041e-01 5.096519100e-02 6.564857241e-01 -9.215971317e+00
6.741818264e-01 3.333382932e-02 7.378127952e-01 2.423734101e+02 1.605330424e-02 9.980835914e-01 -5.976149281e-02 -2.210636518e+01 -7.383909238e-01 5.213444564e-02 6.723547004e-01 -8.418983101e+00
6.883457556e-01 3.195306198e-02 7.246786340e-01 2.432024023e+02 1.705108133e-02 9.980405380e-01 -6.020253472e-02 -2.217266746e+01 -7.251823091e-01 5.379671357e-02 6.864521340e-01 -7.591168810e+00
7.034381664e-01 3.103623865e-02 7.100785154e-01 2.440615885e+02 1.745624198e-02 9.979904030e-01 -6.091334160e-02 -2.224586479e+01 -7.105420647e-01 5.524407171e-02 7.014827630e-01 -6.742880366e+00
7.179921670e-01 2.943439991e-02 6.954285472e-01 2.449231166e+02 1.775591075e-02 9.980058214e-01 -6.057316378e-02 -2.234192539e+01 -6.958246732e-01 5.583902434e-02 7.160377277e-01 -5.855127098e+00
7.318303168e-01 2.846141786e-02 6.808923081e-01 2.457605097e+02 1.589283005e-02 9.981430098e-01 -5.880433611e-02 -2.241119386e+01 -6.813015525e-01 5.385610166e-02 7.300189826e-01 -4.938122390e+00
7.456316053e-01 2.500903843e-02 6.658889226e-01 2.465516225e+02 1.711458534e-02 9.982470773e-01 -5.665565828e-02 -2.248966021e+01 -6.661385743e-01 5.364066222e-02 7.438965514e-01 -4.038474656e+00
7.586390343e-01 2.119900971e-02 6.511661981e-01 2.473373830e+02 1.961943630e-02 9.982738605e-01 -5.535681608e-02 -2.257432677e+01 -6.512157041e-01 5.477135524e-02 7.569136050e-01 -3.085137115e+00
7.714699335e-01 1.944359502e-02 6.359686222e-01 2.480931379e+02 2.151328954e-02 9.981643290e-01 -5.661404946e-02 -2.266141441e+01 -6.359019737e-01 5.735781408e-02 7.696354728e-01 -2.141980004e+00
7.829011865e-01 1.773981697e-02 6.218931026e-01 2.488436746e+02 2.268472006e-02 9.981147414e-01 -5.702952314e-02 -2.274612272e+01 -6.217323665e-01 5.875595227e-02 7.810227925e-01 -1.143986734e+00
7.939904384e-01 1.704831003e-02 6.076911542e-01 2.495844358e+02 2.179715893e-02 9.981656363e-01 -5.648226532e-02 -2.283111739e+01 -6.075393548e-01 5.809231927e-02 7.921623665e-01 -1.541692054e-01
8.043884991e-01 1.433882063e-02 5.939305858e-01 2.503095172e+02 2.249920943e-02 9.982563262e-01 -5.457190534e-02 -2.290029050e+01 -5.936774613e-01 5.725998167e-02 8.026632958e-01 8.390951445e-01
8.145149386e-01 1.132504697e-02 5.800320320e-01 2.510180978e+02 2.452302019e-02 9.982436952e-01 -5.392723384e-02 -2.296667950e+01 -5.796240474e-01 5.814867479e-02 8.128066777e-01 1.848533591e+00
8.242856063e-01 1.099464466e-02 5.660674492e-01 2.517225665e+02 2.416720461e-02 9.982169186e-01 -5.457957221e-02 -2.303923443e+01 -5.656581878e-01 5.866942364e-02 8.225501281e-01 2.866938172e+00
8.329715246e-01 8.269788730e-03 5.532540553e-01 2.524346953e+02 2.761990783e-02 9.980203674e-01 -5.650209704e-02 -2.312744136e+01 -5.526260760e-01 6.234546393e-02 8.310941362e-01 3.940739841e+00
8.412072582e-01 5.637272401e-03 5.406834286e-01 2.531154276e+02 2.920654696e-02 9.980121439e-01 -5.584566497e-02 -2.319463654e+01 -5.399234449e-01 6.276927466e-02 8.393704139e-01 4.995919850e+00
8.487042242e-01 2.499483162e-03 5.288618841e-01 2.537988118e+02 3.136929881e-02 9.979903100e-01 -5.505731696e-02 -2.328349075e+01 -5.279366505e-01 6.331740395e-02 8.469201848e-01 6.091574133e+00
8.556207340e-01 9.817519796e-04 5.176023528e-01 2.544721682e+02 3.255934976e-02 9.979156975e-01 -5.571489444e-02 -2.335217734e+01 -5.165782111e-01 6.452361492e-02 8.538053964e-01 7.182677256e+00
8.606916272e-01 -4.773736034e-04 5.091264038e-01 2.551193152e+02 3.312156309e-02 9.979336996e-01 -5.505718150e-02 -2.343367731e+01 -5.080481128e-01 6.425031744e-02 8.589289911e-01 8.306318650e+00
8.645169787e-01 -1.184131459e-03 5.026022198e-01 2.557875482e+02 3.259456977e-02 9.980242492e-01 -5.371398296e-02 -2.350537874e+01 -5.015455987e-01 6.281875338e-02 8.628475049e-01 9.467712147e+00
8.675186008e-01 -3.269727129e-03 4.973939949e-01 2.564510426e+02 3.386804649e-02 9.980459540e-01 -5.250932388e-02 -2.358131078e+01 -4.962503730e-01 6.239857812e-02 8.659341688e-01 1.061725714e+01
8.699267336e-01 -5.097690566e-03 4.931546327e-01 2.570575761e+02 3.550701185e-02 9.979990222e-01 -5.231829315e-02 -2.364546416e+01 -4.919011387e-01 6.302352926e-02 8.683670333e-01 1.172272760e+01
8.722910973e-01 -7.048360893e-03 4.889361535e-01 2.576753464e+02 3.677850955e-02 9.980095342e-01 -5.122802824e-02 -2.372763425e+01 -4.876018692e-01 6.266809596e-02 8.708140599e-01 1.282038662e+01
8.743562617e-01 -9.670926809e-03 4.851882116e-01 2.583044988e+02 3.829544045e-02 9.980585325e-01 -4.911847930e-02 -2.380276637e+01 -4.837712133e-01 6.152754621e-02 8.730290799e-01 1.396958237e+01
8.762603010e-01 -1.238466672e-02 4.816788399e-01 2.589371574e+02 4.064745580e-02 9.980061924e-01 -4.828482352e-02 -2.387745856e+01 -4.801204736e-01 6.188909335e-02 8.750166118e-01 1.512712501e+01
8.781609985e-01 -1.467167521e-02 4.781401496e-01 2.595480560e+02 4.318318000e-02 9.978799431e-01 -4.869119245e-02 -2.393639078e+01 -4.764120839e-01 6.340631832e-02 8.769328168e-01 1.627451287e+01
8.803325681e-01 -1.570287082e-02 4.740970252e-01 2.601761215e+02 4.382310088e-02 9.978699749e-01 -4.832234420e-02 -2.400591056e+01 -4.723283871e-01 6.331613513e-02 8.791455862e-01 1.743566477e+01
8.827168046e-01 -1.529207755e-02 4.696564651e-01 2.608319765e+02 4.280290607e-02 9.979319747e-01 -4.795503309e-02 -2.408766493e+01 -4.679518715e-01 6.243337514e-02 8.815458693e-01 1.862319446e+01
8.848044582e-01 -1.570112314e-02 4.656979123e-01 2.614529176e+02 4.263182595e-02 9.979681055e-01 -4.735174663e-02 -2.416654937e+01 -4.640081876e-01 6.175058886e-02 8.836759964e-01 1.979876356e+01
8.863346428e-01 -1.468930053e-02 4.628121923e-01 2.620577553e+02 4.103971974e-02 9.980553337e-01 -4.691793119e-02 -2.425146670e+01 -4.612229855e-01 6.057867045e-02 8.852138625e-01 2.102194612e+01
8.872796419e-01 -1.349258745e-02 4.610344750e-01 2.626311800e+02 3.943469728e-02 9.981310789e-01 -4.668248121e-02 -2.432666155e+01 -4.595429705e-01 5.960117017e-02 8.861534623e-01 2.217804931e+01
8.880359837e-01 -1.191491531e-02 4.596195453e-01 2.632295338e+02 3.736220989e-02 9.982281345e-01 -4.631043946e-02 -2.440138145e+01 -4.582533763e-01 5.829773858e-02 8.869076710e-01 2.337411433e+01
8.884368806e-01 -1.216353213e-02 4.588376159e-01 2.637905159e+02 3.793933492e-02 9.981741352e-01 -4.700002891e-02 -2.444704494e+01 -4.574281540e-01 5.916455305e-02 8.872761912e-01 2.450198906e+01
8.890293615e-01 -9.853934914e-03 4.577441363e-01 2.643936174e+02 3.558462644e-02 9.982313153e-01 -4.762326720e-02 -2.454340826e+01 -4.564652546e-01 5.862713693e-02 8.878075975e-01 2.568965613e+01
8.894947206e-01 -8.238247292e-03 4.568711780e-01 2.649531634e+02 3.441895031e-02 9.982049855e-01 -4.901166050e-02 -2.462550082e+01 -4.556473174e-01 5.932063963e-02 8.881816165e-01 2.681796570e+01
8.896619885e-01 -5.817139005e-03 4.565826400e-01 2.655503990e+02 3.252903219e-02 9.981857588e-01 -5.066609224e-02 -2.470194285e+01 -4.554595573e-01 5.992788776e-02 8.882371530e-01 2.802724083e+01
8.897009747e-01 -4.614268861e-03 4.565204094e-01 2.661578587e+02 3.098585555e-02 9.982534829e-01 -5.029772042e-02 -2.479826832e+01 -4.554910015e-01 5.889560634e-02 8.882900738e-01 2.919529148e+01
8.899174350e-01 -3.356541295e-03 4.561092988e-01 2.667433364e+02 2.922962913e-02 9.983372189e-01 -4.968325912e-02 -2.487063191e+01 -4.551841249e-01 5.754590417e-02 8.885358076e-01 3.034698682e+01
8.890991356e-01 -4.462272238e-03 4.576929268e-01 2.672660913e+02 3.000927998e-02 9.983692850e-01 -4.856144380e-02 -2.494150039e+01 -4.567298657e-01 5.691097289e-02 8.877831779e-01 3.157049567e+01
8.896322750e-01 -7.664311012e-03 4.566132647e-01 2.678913891e+02 3.222318516e-02 9.984205409e-01 -4.602271024e-02 -2.505217441e+01 -4.555393304e-01 5.565682219e-02 8.884741058e-01 3.269743563e+01
8.894850577e-01 -9.193746262e-03 4.568717622e-01 2.684667482e+02 3.330454797e-02 9.984429635e-01 -4.474880744e-02 -2.514300098e+01 -4.557489870e-01 5.501930309e-02 8.884062906e-01 3.384610232e+01
8.891842980e-01 -1.063486825e-02 4.574256046e-01 2.690510693e+02 3.612785562e-02 9.982403992e-01 -4.702003253e-02 -2.518249092e+01 -4.561206662e-01 5.833528082e-02 8.880039036e-01 3.506240061e+01
8.893395756e-01 -1.148124429e-02 4.571031616e-01 2.696660197e+02 3.821069212e-02 9.980541065e-01 -4.927416739e-02 -2.523918201e+01 -4.556479588e-01 6.128769529e-02 8.880477217e-01 3.623050865e+01
8.891565661e-01 -1.129402844e-02 4.574637099e-01 2.702728832e+02 3.819735461e-02 9.980383300e-01 -4.960296278e-02 -2.530842939e+01 -4.560060998e-01 6.157870360e-02 8.878437364e-01 3.746062422e+01
8.889476048e-01 -1.207084609e-02 4.578498123e-01 2.708734869e+02 3.820908539e-02 9.981224578e-01 -4.787092139e-02 -2.538392703e+01 -4.564123374e-01 6.004876349e-02 8.877397841e-01 3.867703538e+01
8.890144095e-01 -1.270531163e-02 4.577029109e-01 2.714826803e+02 3.777056200e-02 9.982430433e-01 -4.565316152e-02 -2.546055592e+01 -4.563187091e-01 5.787401460e-02 8.879323365e-01 3.987356844e+01
8.889113496e-01 -1.292931280e-02 4.578967628e-01 2.720922234e+02 3.759946507e-02 9.982879943e-01 -4.480357836e-02 -2.553102086e+01 -4.565335614e-01 5.704308265e-02 8.878756636e-01 4.106132476e+01
8.887049321e-01 -1.294648911e-02 4.582967730e-01 2.727007774e+02 3.765975489e-02 9.982846645e-01 -4.482712860e-02 -2.560638101e+01 -4.569302863e-01 5.709743441e-02 8.876680666e-01 4.228646923e+01
8.886471700e-01 -1.176749146e-02 4.584405452e-01 2.733174498e+02 3.699870778e-02 9.982516386e-01 -4.609513611e-02 -2.566809681e+01 -4.570966013e-01 5.792402002e-02 8.875288756e-01 4.349950763e+01
8.889583684e-01 -1.102540476e-02 4.578552825e-01 2.739551455e+02 3.608983237e-02 9.982878402e-01 -4.603164319e-02 -2.574495611e+01 -4.565638436e-01 5.744413482e-02 8.878342346e-01 4.471367885e+01
8.890683956e-01 -8.913929164e-03 4.576875898e-01 2.745690080e+02 3.425524809e-02 9.983027081e-01 -4.709863084e-02 -2.582531958e+01 -4.564909265e-01 5.755210609e-02 8.878647358e-01 4.591482880e+01
8.892462502e-01 -8.094307252e-03 4.573571785e-01 2.751927039e+02 3.321754824e-02 9.983463448e-01 -4.691663138e-02 -2.589470177e+01 -4.562211098e-01 5.691272266e-02 8.880446166e-01 4.711585252e+01
8.890726748e-01 -8.866121545e-03 4.576802058e-01 2.758034926e+02 3.178119485e-02 9.985954372e-01 -4.239231485e-02 -2.597139439e+01 -4.566615098e-01 5.223547256e-02 8.881056924e-01 4.832277143e+01
8.891534433e-01 -9.812189403e-03 4.575039619e-01 2.764145115e+02 2.990564353e-02 9.988788231e-01 -3.669808158e-02 -2.605266548e+01 -4.566309305e-01 4.631217600e-02 8.884499849e-01 4.953322104e+01
8.893195224e-01 -1.090446375e-02 4.571562968e-01 2.770448528e+02 2.998451155e-02 9.989547288e-01 -3.450186725e-02 -2.611403899e+01 -4.563022201e-01 4.439079237e-02 8.887169074e-01 5.078215321e+01
8.894663034e-01 -9.161296912e-03 4.569089250e-01 2.776585875e+02 2.854459498e-02 9.989605841e-01 -3.553811268e-02 -2.617860228e+01 -4.561084314e-01 4.465223392e-02 8.888032835e-01 5.198876377e+01
8.895407802e-01 -8.062598255e-03 4.567846263e-01 2.782743974e+02 2.716121333e-02 9.990089961e-01 -3.526037827e-02 -2.624224662e+01 -4.560476607e-01 4.377236908e-02 8.888782318e-01 5.320764285e+01
8.900210322e-01 -8.204128646e-03 4.558456478e-01 2.788949297e+02 2.614519854e-02 9.991111429e-01 -3.306588605e-02 -2.630544263e+01 -4.551691893e-01 4.134750900e-02 8.894444292e-01 5.443560625e+01
8.906085627e-01 -9.275149855e-03 4.546761041e-01 2.795014353e+02 2.616663992e-02 9.991807831e-01 -3.087182711e-02 -2.637125313e+01 -4.540172849e-01 3.939205947e-02 8.901216606e-01 5.562795767e+01
8.913859587e-01 -9.155749449e-03 4.531525626e-01 2.801145122e+02 2.566642668e-02 9.992112852e-01 -3.029920894e-02 -2.643476868e+01 -4.525177425e-01 3.863909643e-02 8.909179047e-01 5.677675583e+01
8.923767192e-01 -7.228986080e-03 4.512333462e-01 2.807213897e+02 2.428157088e-02 9.991924728e-01 -3.201261655e-02 -2.649046013e+01 -4.506375442e-01 3.952396821e-02 8.918316319e-01 5.799351700e+01
8.935912523e-01 -7.185996334e-03 4.488240582e-01 2.813140705e+02 2.374304590e-02 9.992288329e-01 -3.127310832e-02 -2.655060223e+01 -4.482532114e-01 3.860182625e-02 8.930727616e-01 5.918266435e+01
8.946679890e-01 -6.523166639e-03 4.466840469e-01 2.819088279e+02 2.245480930e-02 9.992861074e-01 -3.038185352e-02 -2.661075180e+01 -4.461669766e-01 3.721187688e-02 8.941757686e-01 6.042387229e+01
8.960045387e-01 -8.577909237e-03 4.439620322e-01 2.824894002e+02 2.308769775e-02 9.993609932e-01 -2.728668939e-02 -2.666073415e+01 -4.434442747e-01 3.469905876e-02 8.956300299e-01 6.161165623e+01
8.974802539e-01 -9.714181104e-03 4.409476483e-01 2.830656049e+02 2.297671638e-02 9.994296444e-01 -2.474785549e-02 -2.671183764e+01 -4.404557462e-01 3.234224068e-02 8.971915710e-01 6.280170880e+01
8.986725326e-01 -1.078879561e-02 4.384874925e-01 2.836342062e+02 2.301018243e-02 9.994804919e-01 -2.256718455e-02 -2.676515322e+01 -4.380162220e-01 3.037018609e-02 8.984539170e-01 6.398993958e+01
8.999213185e-01 -1.143986523e-02 4.359022252e-01 2.842168277e+02 2.364812492e-02 9.994650510e-01 -2.259154852e-02 -2.683270835e+01 -4.354105955e-01 3.063888641e-02 8.997104379e-01 6.523644807e+01
9.013467591e-01 -1.283455717e-02 4.329079511e-01 2.847668171e+02 2.519781782e-02 9.994216817e-01 -2.283357626e-02 -2.689026521e+01 -4.323645336e-01 3.148930564e-02 9.011488965e-01 6.636985545e+01
9.025960198e-01 -1.168064850e-02 4.303300913e-01 2.853229632e+02 2.466038156e-02 9.993932441e-01 -2.459693445e-02 -2.692866141e+01 -4.297816778e-01 3.281319938e-02 9.023364136e-01 6.758969001e+01
9.036192600e-01 -1.112868820e-02 4.281919957e-01 2.858683074e+02 2.393486613e-02 9.994123958e-01 -2.453538877e-02 -2.697429745e+01 -4.276673416e-01 3.241936794e-02 9.033546532e-01 6.877000356e+01
9.042819421e-01 -1.054125252e-02 4.268056363e-01 2.864017941e+02 2.288922917e-02 9.994544027e-01 -2.381134291e-02 -2.700638193e+01 -4.263217709e-01 3.130141943e-02 9.040298495e-01 6.995687278e+01
9.044500419e-01 -9.148522615e-03 4.264814490e-01 2.869013556e+02 2.237240987e-02 9.994113771e-01 -2.600720261e-02 -2.706303789e+01 -4.259924848e-01 3.306363327e-02 9.041223363e-01 7.107571973e+01
9.044781758e-01 -8.485953802e-03 4.264354794e-01 2.874378503e+02 2.386474868e-02 9.992426933e-01 -3.073294238e-02 -2.711936932e+01 -4.258517386e-01 3.797405120e-02 9.039957235e-01 7.224107973e+01
9.044199864e-01 -3.731487462e-03 4.266269615e-01 2.879692003e+02 2.087292191e-02 9.991513167e-01 -3.551010251e-02 -2.717010966e+01 -4.261323848e-01 4.102099768e-02 9.037303073e-01 7.340482255e+01
9.034330717e-01 -1.437968967e-03 4.287267395e-01 2.884825924e+02 1.905056764e-02 9.991413038e-01 -3.679308333e-02 -2.722275743e+01 -4.283056861e-01 4.140757604e-02 9.026846913e-01 7.455873484e+01
9.015667841e-01 2.344193171e-03 4.326336077e-01 2.889973323e+02 1.494659422e-02 9.992196250e-01 -3.656146084e-02 -2.728508932e+01 -4.323816983e-01 3.942899766e-02 9.008281862e-01 7.568987354e+01
8.989601461e-01 7.996597806e-03 4.379574296e-01 2.895300311e+02 9.606527619e-03 9.992329536e-01 -3.796339186e-02 -2.733334102e+01 -4.379250739e-01 3.833482643e-02 8.981937824e-01 7.678850935e+01
8.955407522e-01 1.126826894e-02 4.448368096e-01 2.900683023e+02 6.533532507e-03 9.992385811e-01 -3.846519288e-02 -2.739186735e+01 -4.449315386e-01 3.735350353e-02 8.947852489e-01 7.789809396e+01
8.910461371e-01 1.337132968e-02 4.537157581e-01 2.906147815e+02 4.499163653e-03 9.992567449e-01 -3.828466050e-02 -2.746518375e+01 -4.538904484e-01 3.615474030e-02 8.903237027e-01 7.901030394e+01
8.863470505e-01 1.430026050e-02 4.628006144e-01 2.911738847e+02 3.998255613e-03 9.992493066e-01 -3.853358639e-02 -2.750084783e+01 -4.630042334e-01 3.600452580e-02 8.856244994e-01 8.009811403e+01
8.809246711e-01 1.443557265e-02 4.730362968e-01 2.917614425e+02 4.392141642e-03 9.992422631e-01 -3.867310044e-02 -2.752354406e+01 -4.732361281e-01 3.614573070e-02 8.801937589e-01 8.118392958e+01
8.743241084e-01 1.290823308e-02 4.851708266e-01 2.923296155e+02 6.671505539e-03 9.992321695e-01 -3.860780337e-02 -2.755960799e+01 -4.852966561e-01 3.699255312e-02 8.735666583e-01 8.226824913e+01
8.673654533e-01 1.402722776e-02 4.974740267e-01 2.929601543e+02 5.746819900e-03 9.992537540e-01 -3.819566856e-02 -2.760622103e+01 -4.976385681e-01 3.598849701e-02 8.666375734e-01 8.336342770e+01
8.596046786e-01 1.387173246e-02 5.107713496e-01 2.935798621e+02 6.858391033e-03 9.992281201e-01 -3.867979318e-02 -2.765555103e+01 -5.109136512e-01 3.675240083e-02 8.588460293e-01 8.442629765e+01
8.509792348e-01 1.660860409e-02 5.249366593e-01 2.942203749e+02 4.052127973e-03 9.992624765e-01 -3.818485766e-02 -2.772034696e+01 -5.251837033e-01 3.462163147e-02 8.502843174e-01 8.544752948e+01
8.407494534e-01 2.104437521e-02 5.410152409e-01 2.948627795e+02 1.913024593e-03 9.991226310e-01 -4.183668814e-02 -2.775081728e+01 -5.414209978e-01 3.620914814e-02 8.399715475e-01 8.648868491e+01
8.291638507e-01 2.411985685e-02 5.584850412e-01 2.955315042e+02 8.533613474e-04 9.990129210e-01 -4.441233550e-02 -2.780249446e+01 -5.590049915e-01 3.730169267e-02 8.283248175e-01 8.750254589e+01
8.168100216e-01 2.729157148e-02 5.762608426e-01 2.962034282e+02 -2.365597317e-03 9.990304575e-01 -4.396076511e-02 -2.789256468e+01 -5.769018916e-01 3.454439240e-02 8.160826505e-01 8.846870874e+01
8.029825424e-01 2.817733202e-02 5.953361021e-01 2.969196642e+02 -3.061044406e-03 9.990636088e-01 -4.315710353e-02 -2.795874202e+01 -5.959946867e-01 3.283205047e-02 8.023168887e-01 8.946529365e+01
7.883797873e-01 2.974925859e-02 6.144691145e-01 2.976531861e+02 -4.936452058e-03 9.991038348e-01 -4.203758774e-02 -2.801605854e+01 -6.151690357e-01 3.010828715e-02 7.878201245e-01 9.042767356e+01
7.727987060e-01 3.183304693e-02 6.338523623e-01 2.984146737e+02 -6.861883571e-03 9.991020003e-01 -4.181037683e-02 -2.807218219e+01 -6.346141147e-01 2.796158400e-02 7.723231676e-01 9.138014418e+01
7.562787676e-01 3.477786547e-02 6.533245179e-01 2.992017218e+02 -8.557056644e-03 9.990265602e-01 -4.327480491e-02 -2.813347047e+01 -6.541935512e-01 2.713728122e-02 7.558401720e-01 9.228633575e+01
7.383723341e-01 3.764920433e-02 6.733415431e-01 2.999962728e+02 -1.014717309e-02 9.989476686e-01 -4.472795911e-02 -2.820232794e+01 -6.743169367e-01 2.619337438e-02 7.379773547e-01 9.316569306e+01
7.185702582e-01 4.044266609e-02 6.942774480e-01 3.008136609e+02 -1.180729321e-02 9.988732510e-01 -4.596538130e-02 -2.826751951e+01 -6.953541341e-01 2.483181851e-02 7.182381283e-01 9.404364021e+01
6.975679820e-01 4.331543378e-02 7.152081401e-01 3.016473397e+02 -1.388582105e-02 9.988008422e-01 -4.694743485e-02 -2.833530363e+01 -7.163840412e-01 2.281777514e-02 6.973329583e-01 9.486505582e+01
6.745520887e-01 4.471913129e-02 7.368715484e-01 3.025086428e+02 -1.484646736e-02 9.987834634e-01 -4.702313901e-02 -2.839935325e+01 -7.380779512e-01 2.077961725e-02 6.743953926e-01 9.567090468e+01
6.499716862e-01 4.536321444e-02 7.586033126e-01 3.033923007e+02 -1.535271695e-02 9.987969395e-01 -4.657217789e-02 -2.846681462e+01 -7.598033306e-01 1.862397506e-02 6.498861795e-01 9.643367237e+01
6.240237100e-01 4.530614648e-02 7.800908681e-01 3.042929825e+02 -1.536874097e-02 9.988362282e-01 -4.571641993e-02 -2.853603530e+01 -7.812542551e-01 1.653911549e-02 6.239937872e-01 9.716078021e+01
5.969349953e-01 4.624411451e-02 8.009557374e-01 3.052068646e+02 -1.639107280e-02 9.988320049e-01 -4.545281961e-02 -2.860868460e+01 -8.021221504e-01 1.400385486e-02 5.969957687e-01 9.785613590e+01
5.690881773e-01 4.838400214e-02 8.208517739e-01 3.061165320e+02 -1.702489398e-02 9.987466591e-01 -4.706659086e-02 -2.867481233e+01 -8.221002368e-01 1.281012598e-02 5.691986483e-01 9.851157586e+01
5.413004033e-01 5.126285870e-02 8.392651504e-01 3.070962080e+02 -1.744634300e-02 9.986096448e-01 -4.974336490e-02 -2.873454784e+01 -8.406482609e-01 1.228399580e-02 5.414421529e-01 9.912196859e+01
5.123981968e-01 5.244290903e-02 8.571451623e-01 3.080761235e+02 -1.748467595e-02 9.985637508e-01 -5.064308058e-02 -2.879527382e+01 -8.585699588e-01 1.096251776e-02 5.125792125e-01 9.970932661e+01
4.827701634e-01 5.152925945e-02 8.742297780e-01 3.090581284e+02 -1.772746429e-02 9.986378779e-01 -4.907265865e-02 -2.887060248e+01 -8.755676481e-01 8.192938264e-03 4.830260546e-01 1.002526296e+02
4.526033064e-01 5.111500473e-02 8.902457545e-01 3.100649964e+02 -1.683271709e-02 9.986675792e-01 -4.878243385e-02 -2.893523194e+01 -8.915530869e-01 7.093835927e-03 4.528606527e-01 1.007687319e+02
4.211164793e-01 5.296392651e-02 9.054588524e-01 3.110632337e+02 -1.879310338e-02 9.985888069e-01 -4.967105742e-02 -2.902499908e+01 -9.068118494e-01 3.900919001e-03 4.215175592e-01 1.012427151e+02
3.883317957e-01 5.578790556e-02 9.198294005e-01 3.120984619e+02 -1.722934410e-02 9.984308976e-01 -5.328125679e-02 -2.908308579e+01 -9.213585438e-01 4.842748869e-03 3.886836524e-01 1.017130641e+02
3.558147498e-01 5.849778957e-02 9.327238994e-01 3.131263666e+02 -1.702026703e-02 9.982791522e-01 -5.611635100e-02 -2.915985293e+01 -9.344015060e-01 4.091815557e-03 3.561980947e-01 1.021154973e+02
3.222655103e-01 5.916359716e-02 9.447987138e-01 3.141714627e+02 -1.658117909e-02 9.982447657e-01 -5.685465937e-02 -2.922787956e+01 -9.465040969e-01 2.656419130e-03 3.226808610e-01 1.025014695e+02
2.884834830e-01 5.780476819e-02 9.557383998e-01 3.152148965e+02 -1.837899209e-02 9.983263777e-01 -5.483298485e-02 -2.930690808e+01 -9.573084627e-01 -1.747098036e-03 2.890630640e-01 1.028309786e+02
2.547274615e-01 5.626524176e-02 9.653746128e-01 3.162720401e+02 -1.685447839e-02 9.984125206e-01 -5.374351332e-02 -2.936523135e+01 -9.668659922e-01 -2.580936834e-03 2.552714082e-01 1.031143091e+02
2.211165034e-01 5.593071897e-02 9.736422580e-01 3.173302761e+02 -1.769062367e-02 9.984198824e-01 -5.333648224e-02 -2.943527011e+01 -9.750869365e-01 -5.430762319e-03 2.217565626e-01 1.033496017e+02
1.859701631e-01 5.743964709e-02 9.808750101e-01 3.184187345e+02 -1.695101380e-02 9.983287707e-01 -5.524788471e-02 -2.951768942e+01 -9.824091620e-01 -6.352367702e-03 1.866330246e-01 1.035688216e+02
1.511531369e-01 6.285102984e-02 9.865102520e-01 3.195183885e+02 -1.927935675e-02 9.979742592e-01 -6.062742335e-02 -2.959254136e+01 -9.883223339e-01 -9.855257863e-03 1.520586672e-01 1.037525574e+02
1.170778017e-01 6.732502236e-02 9.908380946e-01 3.205565675e+02 -1.869655988e-02 9.976721295e-01 -6.558018575e-02 -2.965936788e+01 -9.929467393e-01 -1.084727979e-02 1.180640061e-01 1.038674415e+02
8.170299906e-02 6.864112821e-02 9.942902069e-01 3.216748492e+02 -1.988320317e-02 9.975392587e-01 -6.723158124e-02 -2.974155373e+01 -9.964583675e-01 -1.427665237e-02 8.286675461e-02 1.039727413e+02
4.584015660e-02 6.623688820e-02 9.967503974e-01 3.227735782e+02 -2.065372091e-02 9.976488500e-01 -6.534673646e-02 -2.981825547e+01 -9.987352521e-01 -1.759109989e-02 4.710041772e-02 1.040402060e+02
1.115859297e-02 6.154757876e-02 9.980417734e-01 3.238281162e+02 -2.040863872e-02 9.979100235e-01 -6.131127544e-02 -2.989174002e+01 -9.997294500e-01 -1.968452641e-02 1.239137408e-02 1.040396129e+02
-2.430647954e-02 5.982069618e-02 9.979131622e-01 3.249030279e+02 -2.087587363e-02 9.979600439e-01 -6.033198665e-02 -2.995907049e+01 -9.994865647e-01 -2.229876727e-02 -2.300808610e-02 1.040180391e+02
-6.077760669e-02 6.252193037e-02 9.961912922e-01 3.259803246e+02 -1.873557721e-02 9.977890405e-01 -6.376526371e-02 -3.003550139e+01 -9.979754810e-01 -2.253971899e-02 -5.947184541e-02 1.039717902e+02
-9.778628231e-02 6.567887529e-02 9.930378282e-01 3.270608476e+02 -1.796820893e-02 9.975407835e-01 -6.774606078e-02 -3.011048961e+01 -9.950452183e-01 -2.446774659e-02 -9.636567292e-02 1.038866340e+02
-1.341735891e-01 6.466005664e-02 9.888460573e-01 3.281336708e+02 -1.942806716e-02 9.975055092e-01 -6.786242988e-02 -3.020442168e+01 -9.907673785e-01 -2.831671339e-02 -1.325826743e-01 1.037506248e+02
-1.704419768e-01 6.156742987e-02 9.834424153e-01 3.291795146e+02 -2.071885151e-02 9.976015394e-01 -6.604466496e-02 -3.029652933e+01 -9.851498676e-01 -3.163258062e-02 -1.687575720e-01 1.035743958e+02
-2.067633515e-01 5.934205956e-02 9.765896971e-01 3.302267042e+02 -2.116507485e-02 9.976540618e-01 -6.510309166e-02 -3.037363653e+01 -9.781620296e-01 -3.413052746e-02 -2.050223183e-01 1.033600303e+02
-2.418421058e-01 5.701920790e-02 9.686388418e-01 3.312788990e+02 -2.171392362e-02 9.977039097e-01 -6.415149278e-02 -3.044828089e+01 -9.700726269e-01 -3.654748193e-02 -2.400487038e-01 1.030949766e+02
-2.764275437e-01 5.403875340e-02 9.595142658e-01 3.323094376e+02 -2.016622671e-02 9.978718565e-01 -6.200872026e-02 -3.053732309e+01 -9.608231556e-01 -3.649070045e-02 -2.747495084e-01 1.027913585e+02
-3.101150310e-01 5.088450652e-02 9.493363126e-01 3.333152087e+02 -1.962311221e-02 9.980112641e-01 -5.990367373e-02 -3.061755487e+01 -9.504965024e-01 -3.720596262e-02 -3.084997818e-01 1.024535842e+02
-3.441766615e-01 4.878340566e-02 9.376367127e-01 3.343384621e+02 -1.774181911e-02 9.981330574e-01 -5.844337062e-02 -3.069145717e+01 -9.387372655e-01 -3.675022513e-02 -3.426685970e-01 1.020709826e+02
-3.779827014e-01 4.727036396e-02 9.246050996e-01 3.353117883e+02 -1.799237741e-02 9.981320009e-01 -5.838478547e-02 -3.076546807e+01 -9.256378081e-01 -3.870428284e-02 -3.764261238e-01 1.016790777e+02
-4.118439382e-01 4.613367828e-02 9.100858499e-01 3.362831116e+02 -1.882521406e-02 9.980737797e-01 -5.911295616e-02 -3.084376741e+01 -9.110599222e-01 -4.147787360e-02 -4.101821597e-01 1.012544288e+02
-4.445946337e-01 4.651548565e-02 8.945232928e-01 3.372623781e+02 -1.671587985e-02 9.980459513e-01 -6.020679735e-02 -3.090970648e+01 -8.955758991e-01 -4.172036289e-02 -4.429483269e-01 1.007728782e+02
-4.769723467e-01 4.385611151e-02 8.778234572e-01 3.382265909e+02 -1.752070184e-02 9.980814293e-01 -5.938421935e-02 -3.098441475e+01 -8.787436517e-01 -4.370471352e-02 -4.752888517e-01 1.002616800e+02
-5.093585692e-01 4.349243085e-02 8.594546273e-01 3.391717367e+02 -1.644762424e-02 9.980475824e-01 -6.025362150e-02 -3.104678648e+01 -8.603971895e-01 -4.482668520e-02 -5.076487414e-01 9.971278266e+01
-5.418588358e-01 4.388647914e-02 8.393229289e-01 3.400761796e+02 -1.612136232e-02 9.979093345e-01 -6.258643485e-02 -3.112374840e+01 -8.403148837e-01 -4.744404176e-02 -5.400184804e-01 9.914472258e+01
-5.728841826e-01 4.298352750e-02 8.185084787e-01 3.409503332e+02 -1.781820531e-02 9.977348469e-01 -6.486668446e-02 -3.119343043e+01 -8.194426306e-01 -5.174544962e-02 -5.708206230e-01 9.852001681e+01
-6.033886934e-01 4.159219509e-02 7.963618361e-01 3.418051580e+02 -1.806598826e-02 9.976696486e-01 -6.579431778e-02 -3.127378485e+01 -7.972425633e-01 -5.408661103e-02 -6.012311817e-01 9.786285663e+01
-6.333640414e-01 3.937146151e-02 7.728517834e-01 3.426588000e+02 -1.810053951e-02 9.976779716e-01 -6.565847657e-02 -3.136648082e+01 -7.736422698e-01 -5.557475231e-02 -6.311807074e-01 9.717102925e+01
-6.627230415e-01 3.726891774e-02 7.479366270e-01 3.434962790e+02 -1.942221419e-02 9.975694740e-01 -6.691727845e-02 -3.144579636e+01 -7.486126821e-01 -5.887420767e-02 -6.603884311e-01 9.643840179e+01
-6.904895241e-01 3.765823539e-02 7.223614569e-01 3.442733966e+02 -1.771027063e-02 9.974643691e-01 -6.892879440e-02 -3.151396663e+01 -7.231255516e-01 -6.038782733e-02 -6.880717600e-01 9.568549875e+01
-7.179389792e-01 3.567441230e-02 6.951913106e-01 3.450385469e+02 -1.890636965e-02 9.973181961e-01 -7.070335820e-02 -3.159114572e+01 -6.958492447e-01 -6.390424072e-02 -7.153391341e-01 9.490972268e+01
-7.444925376e-01 3.445778695e-02 6.667409710e-01 3.457996902e+02 -1.907377239e-02 9.971617969e-01 -7.283228730e-02 -3.166960111e+01 -6.673582641e-01 -6.694035991e-02 -7.417222766e-01 9.408709431e+01
-7.690724936e-01 3.268165797e-02 6.383254725e-01 3.465086798e+02 -1.774712937e-02 9.972149589e-01 -7.243869975e-02 -3.176193536e+01 -6.389151266e-01 -6.703905619e-02 -7.663505894e-01 9.323272721e+01
-7.925439227e-01 3.032638296e-02 6.090602935e-01 3.471956429e+02 -1.616280029e-02 9.973671696e-01 -7.069294836e-02 -3.185685143e+01 -6.096006024e-01 -6.587138649e-02 -7.899671297e-01 9.234571187e+01
-8.149855064e-01 3.019392136e-02 5.786941779e-01 3.478480111e+02 -1.283890009e-02 9.974556248e-01 -7.012445561e-02 -3.194607956e+01 -5.793390950e-01 -6.458021170e-02 -8.125242207e-01 9.141447400e+01
-8.362487905e-01 2.878540677e-02 5.475941570e-01 3.484409394e+02 -1.141081906e-02 9.974914698e-01 -6.986101087e-02 -3.204190760e+01 -5.482314781e-01 -6.466968369e-02 -8.338225701e-01 9.049580496e+01
-8.563931952e-01 2.507373934e-02 5.157150403e-01 3.490092867e+02 -1.151592851e-02 9.976441362e-01 -6.762810682e-02 -3.212662884e+01 -5.161957755e-01 -6.385518802e-02 -8.540869021e-01 8.956403783e+01
-8.748061280e-01 2.546302679e-02 4.838035477e-01 3.495405836e+02 -6.247547243e-03 9.979419133e-01 -6.381932178e-02 -3.221367032e+01 -4.844328711e-01 -5.885211930e-02 -8.728466196e-01 8.858779517e+01
-8.913887870e-01 2.044787480e-02 4.527779973e-01 3.500363741e+02 -7.543253318e-03 9.981741431e-01 -5.992895301e-02 -3.229917929e+01 -4.531767092e-01 -5.683541586e-02 -8.896069951e-01 8.764426495e+01
-9.065281837e-01 1.794477810e-02 4.217637220e-01 3.505063076e+02 -7.967905123e-03 9.981907763e-01 -5.959602791e-02 -3.237993108e+01 -4.220700946e-01 -5.738605226e-02 -9.047450891e-01 8.664398095e+01
-9.205387176e-01 2.446505365e-02 3.898845093e-01 3.509240165e+02 -2.609952716e-04 9.979983069e-01 -6.324010774e-02 -3.245181358e+01 -3.906512528e-01 -5.831672569e-02 -9.186896964e-01 8.564847350e+01
-9.324683102e-01 2.146058611e-02 3.606137737e-01 3.513279873e+02 -3.414316204e-03 9.976657561e-01 -6.820103758e-02 -3.253959616e+01 -3.612356474e-01 -6.482655572e-02 -9.302184285e-01 8.464784297e+01
-9.420568232e-01 2.135534341e-02 3.347728950e-01 3.516979327e+02 -2.381968925e-03 9.975205637e-01 -7.033527692e-02 -3.263299114e+01 -3.354448809e-01 -6.705724617e-02 -9.396701855e-01 8.361369851e+01
-9.502423721e-01 2.552416035e-02 3.104640904e-01 3.520359318e+02 3.886309061e-03 9.975313390e-01 -7.011507927e-02 -3.271721153e+01 -3.114872883e-01 -6.541975984e-02 -9.479957406e-01 8.256477786e+01
-9.569756067e-01 2.863085127e-02 2.887524243e-01 3.523331618e+02 9.440033331e-03 9.976653873e-01 -6.763623801e-02 -3.280205650e+01 -2.900147824e-01 -6.200039740e-02 -9.550117155e-01 8.154953749e+01
-9.621779723e-01 3.129863471e-02 2.706177101e-01 3.526205021e+02 1.393108586e-02 9.977314816e-01 -6.586209465e-02 -3.288514248e+01 -2.720652025e-01 -5.960105813e-02 -9.604312778e-01 8.048563241e+01
-9.662721542e-01 3.108034210e-02 2.556406392e-01 3.528971370e+02 1.491620661e-02 9.977784770e-01 -6.492778834e-02 -3.297268051e+01 -2.570907055e-01 -5.892472531e-02 -9.645891591e-01 7.946080553e+01
-9.691912594e-01 3.205045102e-02 2.442152152e-01 3.531490732e+02 1.657340696e-02 9.977366413e-01 -6.516837280e-02 -3.305131236e+01 -2.457511443e-01 -5.911313916e-02 -9.675288171e-01 7.841894207e+01
-9.714474463e-01 3.270427321e-02 2.349899777e-01 3.533975059e+02 1.750717542e-02 9.976348677e-01 -6.646931320e-02 -3.312890717e+01 -2.366080259e-01 -6.045743380e-02 -9.697224040e-01 7.738634417e+01
-9.733255380e-01 3.365933527e-02 2.269459102e-01 3.536393226e+02 1.896440517e-02 9.975979416e-01 -6.662355668e-02 -3.321231533e+01 -2.286432775e-01 -6.054251496e-02 -9.716258825e-01 7.634452821e+01
-9.751487449e-01 3.267358155e-02 2.191286435e-01 3.538744245e+02 1.862586924e-02 9.976543757e-01 -6.586974830e-02 -3.329099519e+01 -2.207668507e-01 -6.015134092e-02 -9.734699861e-01 7.528212903e+01
-9.769644209e-01 3.263691072e-02 2.108918026e-01 3.541132661e+02 1.927793974e-02 9.976929164e-01 -6.509382171e-02 -3.337892612e+01 -2.125297188e-01 -5.952878836e-02 -9.753396547e-01 7.421370406e+01
-9.786542265e-01 3.164709719e-02 2.030624687e-01 3.543387968e+02 1.865756605e-02 9.976737342e-01 -6.556687623e-02 -3.346198168e+01 -2.046650927e-01 -6.037864911e-02 -9.769680745e-01 7.312621742e+01
-9.801879784e-01 3.281902700e-02 1.953316115e-01 3.545504364e+02 2.029212922e-02 9.976270760e-01 -6.579093225e-02 -3.353583027e+01 -1.970272988e-01 -6.052378658e-02 -9.785280347e-01 7.205157842e+01
-9.817468085e-01 3.296775923e-02 1.873134561e-01 3.547621260e+02 2.105143214e-02 9.976465917e-01 -6.525423519e-02 -3.361539841e+01 -1.890239170e-01 -6.011992063e-02 -9.801303760e-01 7.101669021e+01
-9.832662234e-01 3.185863198e-02 1.793671136e-01 3.549685224e+02 2.049683247e-02 9.976848336e-01 -6.484483499e-02 -3.369772246e+01 -1.810177166e-01 -6.008327833e-02 -9.816427996e-01 6.994092288e+01
-9.847357870e-01 3.147957191e-02 1.711854738e-01 3.551597831e+02 2.082667276e-02 9.977534061e-01 -6.367409490e-02 -3.377021381e+01 -1.728053228e-01 -5.913693611e-02 -9.831791003e-01 6.888444450e+01
-9.858559711e-01 3.143692069e-02 1.646199390e-01 3.553242180e+02 2.130865007e-02 9.977901850e-01 -6.293399859e-02 -3.384801182e+01 -1.662346106e-01 -5.853602962e-02 -9.843472901e-01 6.784837196e+01
-9.866828181e-01 3.318323777e-02 1.592353268e-01 3.554965838e+02 2.339013701e-02 9.977402754e-01 -6.298606408e-02 -3.392525801e+01 -1.609655803e-01 -5.842273110e-02 -9.852293471e-01 6.683048388e+01
-9.871136994e-01 3.529318059e-02 1.560799022e-01 3.556579795e+02 2.581729740e-02 9.977217416e-01 -6.232811223e-02 -3.401247087e+01 -1.579240691e-01 -5.749537219e-02 -9.857759738e-01 6.578736257e+01
-9.873236702e-01 3.740818277e-02 1.542484947e-01 3.558073311e+02 2.829339350e-02 9.977446318e-01 -6.086980915e-02 -3.408959741e+01 -1.561776365e-01 -5.573399002e-02 -9.861552962e-01 6.476809224e+01
-9.872669945e-01 3.891711937e-02 1.542379308e-01 3.559626497e+02 3.012502457e-02 9.978070471e-01 -5.893708149e-02 -3.416496622e+01 -1.561933558e-01 -5.354021386e-02 -9.862743437e-01 6.374871383e+01
-9.869878949e-01 4.134337497e-02 1.553886118e-01 3.561139105e+02 3.254333839e-02 9.977417379e-01 -5.875674949e-02 -3.424173764e+01 -1.574669059e-01 -5.293533632e-02 -9.861044690e-01 6.273821632e+01
-9.863198216e-01 4.574431608e-02 1.583687690e-01 3.562692041e+02 3.670184919e-02 9.975497783e-01 -5.956017136e-02 -3.430084940e+01 -1.607052697e-01 -5.293295091e-02 -9.855820204e-01 6.173249415e+01
-9.853597976e-01 4.801316156e-02 1.635873029e-01 3.564237483e+02 3.834937737e-02 9.973558595e-01 -6.173017780e-02 -3.437473286e+01 -1.661186160e-01 -5.455296429e-02 -9.845956426e-01 6.069307655e+01
-9.840436784e-01 4.845719061e-02 1.712014591e-01 3.565906053e+02 3.796787741e-02 9.972259425e-01 -6.402233884e-02 -3.444455670e+01 -1.738288791e-01 -5.650062181e-02 -9.831537014e-01 5.969743765e+01
-9.822311193e-01 4.911901662e-02 1.811335155e-01 3.567772251e+02 3.784649645e-02 9.971559103e-01 -6.517463723e-02 -3.451414689e+01 -1.838196696e-01 -5.716128793e-02 -9.812965486e-01 5.873743295e+01
-9.799398883e-01 4.861892564e-02 1.932718691e-01 3.569676348e+02 3.707759261e-02 9.973313271e-01 -6.289257578e-02 -3.458803864e+01 -1.958138592e-01 -5.446488806e-02 -9.791274220e-01 5.779750613e+01
-9.770297937e-01 4.799535087e-02 2.076276198e-01 3.571650148e+02 3.636668243e-02 9.975675316e-01 -5.946834756e-02 -3.466656466e+01 -2.099767764e-01 -5.055161964e-02 -9.763986313e-01 5.684922368e+01
-9.735153780e-01 4.612036663e-02 2.239212377e-01 3.573806810e+02 3.349593372e-02 9.976448911e-01 -5.985560687e-02 -3.473462408e+01 -2.261544413e-01 -5.076990281e-02 -9.727674880e-01 5.596656539e+01
-9.685886735e-01 4.777476494e-02 2.440359673e-01 3.576069258e+02 3.374705543e-02 9.975459222e-01 -6.134549124e-02 -3.480263027e+01 -2.463678505e-01 -5.118305267e-02 -9.678239392e-01 5.512140852e+01
-9.621703204e-01 5.198733435e-02 2.674426884e-01 3.578302017e+02 3.686734203e-02 9.974411657e-01 -6.125291809e-02 -3.487198448e+01 -2.699427228e-01 -4.907583876e-02 -9.616249209e-01 5.429572245e+01
-9.544198938e-01 5.218653104e-02 2.938694137e-01 3.580719452e+02 3.578034740e-02 9.975002900e-01 -6.093388303e-02 -3.494141685e+01 -2.963147534e-01 -4.764176046e-02 -9.539013731e-01 5.350420135e+01
-9.448783162e-01 5.359352124e-02 3.230057308e-01 3.583454851e+02 3.550271166e-02 9.974664573e-01 -6.164595688e-02 -3.500346791e+01 -3.254912058e-01 -4.678034861e-02 -9.443871420e-01 5.273136729e+01
-9.326782885e-01 5.768854242e-02 3.560663453e-01 3.586542547e+02 3.731516986e-02 9.972629301e-01 -6.382966655e-02 -3.505709721e+01 -3.587740072e-01 -4.624586800e-02 -9.322781406e-01 5.195037718e+01
-9.173994737e-01 5.871387584e-02 3.936126096e-01 3.589739431e+02 3.580524546e-02 9.972230560e-01 -6.530054355e-02 -3.512584606e+01 -3.963536175e-01 -4.581328818e-02 -9.169541715e-01 5.124749006e+01
-8.983204541e-01 5.971588294e-02 4.352635697e-01 3.593239415e+02 3.490929255e-02 9.972890855e-01 -6.477515860e-02 -3.517469615e+01 -4.379517132e-01 -4.299410659e-02 -8.979698234e-01 5.056491136e+01
-8.749712174e-01 5.746987714e-02 4.807521003e-01 3.596946006e+02 3.054762050e-02 9.975048695e-01 -6.364651049e-02 -3.522877831e+01 -4.832103182e-01 -4.100303205e-02 -8.745436180e-01 4.989922856e+01
-8.484444597e-01 5.232675106e-02 5.266914751e-01 3.601244321e+02 2.340165000e-02 9.978365652e-01 -6.143738182e-02 -3.528221497e+01 -5.287668311e-01 -3.980075666e-02 -8.478334377e-01 4.927446486e+01
-8.178320190e-01 4.656929060e-02 5.735696033e-01 3.605894447e+02 1.549744975e-02 9.981409971e-01 -5.894386198e-02 -3.533356663e+01 -5.752483096e-01 -3.931731154e-02 -8.170333722e-01 4.868028462e+01
-7.825515561e-01 3.987002563e-02 6.213078489e-01 3.610631455e+02 7.607999958e-03 9.984852516e-01 -5.449147379e-02 -3.538193688e+01 -6.225393003e-01 -3.791547752e-02 -7.816695185e-01 4.810782200e+01
-7.427224441e-01 3.263401081e-02 6.688037024e-01 3.615550936e+02 -5.894887175e-04 9.987794108e-01 -4.938968560e-02 -3.543136485e+01 -6.695991514e-01 -3.707708024e-02 -7.417966477e-01 4.758212507e+01
-6.994503096e-01 2.571230237e-02 7.142185533e-01 3.620934232e+02 -7.900854432e-03 9.990133441e-01 -4.370257270e-02 -3.546910491e+01 -7.146375591e-01 -3.621071483e-02 -6.985570437e-01 4.709075311e+01
-6.527168075e-01 1.975294318e-02 7.573444332e-01 3.626440344e+02 -1.327105343e-02 9.992085443e-01 -3.749885519e-02 -3.550554416e+01 -7.574857414e-01 -3.452689148e-02 -6.519380687e-01 4.665004954e+01
-6.029389145e-01 1.339200919e-02 7.976749460e-01 3.631996887e+02 -1.981242279e-02 9.992993726e-01 -3.175266717e-02 -3.554798943e+01 -7.975413051e-01 -3.494879195e-02 -6.022511508e-01 4.626590201e+01
-5.508022247e-01 1.297095519e-02 8.345349984e-01 3.638064037e+02 -2.234202761e-02 9.992917963e-01 -3.027770875e-02 -3.557380600e+01 -8.343367085e-01 -3.532223332e-02 -5.501223470e-01 4.590112089e+01
-4.954722735e-01 1.412570343e-02 8.685088893e-01 3.644347314e+02 -2.466989506e-02 9.992355814e-01 -3.032571663e-02 -3.559718089e+01 -8.682733570e-01 -3.645157492e-02 -4.947450457e-01 4.558045116e+01
-4.375605644e-01 1.583857263e-02 8.990494381e-01 3.650938865e+02 -2.728773040e-02 9.991504558e-01 -3.088278642e-02 -3.562180090e+01 -8.987747951e-01 -3.804610814e-02 -4.367566387e-01 4.530112924e+01
-3.773194425e-01 1.440981671e-02 9.259710554e-01 3.657856638e+02 -2.849393889e-02 9.992248972e-01 -2.716063813e-02 -3.564665548e+01 -9.256447125e-01 -3.663279950e-02 -3.766163887e-01 4.505021867e+01
-3.162918967e-01 9.563189510e-03 9.486137156e-01 3.665394375e+02 -3.086782657e-02 9.993159586e-01 -2.036644736e-02 -3.565484375e+01 -9.481595928e-01 -3.572338592e-02 -3.157803450e-01 4.482066375e+01
-2.566696534e-01 -1.321636266e-05 9.664991924e-01 3.672942653e+02 -3.311378863e-02 9.994130199e-01 -8.780241218e-03 -3.566884547e+01 -9.659317605e-01 -3.425807143e-02 -2.565194311e-01 4.465423976e+01
-1.991058751e-01 -6.872834441e-03 9.799538839e-01 3.680959615e+02 -3.157094204e-02 9.995013362e-01 5.953822685e-04 -3.566746537e+01 -9.794693084e-01 -3.081952316e-02 -1.992235700e-01 4.451319468e+01
-1.440866641e-01 -1.068420001e-02 9.895073932e-01 3.689125968e+02 -2.843443227e-02 9.995735232e-01 6.652422211e-03 -3.566534258e+01 -9.891564670e-01 -2.717755563e-02 -1.443290136e-01 4.440776819e+01
-9.109796369e-02 -7.840910746e-03 9.958110670e-01 3.697491881e+02 -2.628885474e-02 9.996394438e-01 5.466119732e-03 -3.566254056e+01 -9.954948805e-01 -2.568078011e-02 -9.127124632e-02 4.433678109e+01
-4.128493175e-02 6.983694709e-04 9.991471697e-01 3.705837427e+02 -2.455646327e-02 9.996969762e-01 -1.713431024e-03 -3.566200087e+01 -9.988456009e-01 -2.460625966e-02 -4.125527195e-02 4.431221515e+01
4.019067823e-03 1.103255628e-02 9.999310625e-01 3.714425143e+02 -2.281740838e-02 9.996798110e-01 -1.093807310e-02 -3.566796334e+01 -9.997315705e-01 -2.277187455e-02 4.269515304e-03 4.432339658e+01
4.505685150e-02 1.910665502e-02 9.988016900e-01 3.723274151e+02 -2.000477315e-02 9.996338507e-01 -1.822014042e-02 -3.567799608e+01 -9.987841054e-01 -1.915985907e-02 4.542257827e-02 4.436175576e+01
8.237279901e-02 2.187595332e-02 9.963614628e-01 3.732289275e+02 -1.803616453e-02 9.996280438e-01 -2.045655902e-02 -3.569339110e+01 -9.964383668e-01 -1.628547525e-02 8.273671823e-02 4.443898586e+01
1.185417436e-01 2.228047287e-02 9.926990660e-01 3.741257220e+02 -1.684689539e-02 9.996494450e-01 -2.042472153e-02 -3.571370254e+01 -9.928061428e-01 -1.430271521e-02 1.188755450e-01 4.454467755e+01
1.540608379e-01 2.413417737e-02 9.877665715e-01 3.750294579e+02 -1.572798667e-02 9.996348844e-01 -2.197108044e-02 -3.573292504e+01 -9.879361764e-01 -1.215069641e-02 1.543841699e-01 4.468200237e+01
1.873107478e-01 2.657733607e-02 9.819411026e-01 3.759457482e+02 -1.533847190e-02 9.995911740e-01 -2.412915588e-02 -3.576312268e+01 -9.821809482e-01 -1.054182578e-02 1.876418260e-01 4.486110642e+01
2.181740392e-01 2.936402459e-02 9.754680121e-01 3.768730316e+02 -1.712613416e-02 9.995085052e-01 -2.625725717e-02 -3.579039575e+01 -9.757595934e-01 -1.097734419e-02 2.185697000e-01 4.507591790e+01
2.479892504e-01 3.081447735e-02 9.682725854e-01 3.777867135e+02 -1.759646371e-02 9.994723799e-01 -2.730066468e-02 -3.581956041e+01 -9.686029610e-01 -1.026790204e-02 2.484006322e-01 4.531953175e+01
2.775494655e-01 3.185576774e-02 9.601830577e-01 3.787001273e+02 -2.004073651e-02 9.994246049e-01 -2.736472193e-02 -3.585191017e+01 -9.605022973e-01 -1.164771172e-02 2.780281779e-01 4.560150930e+01
3.074934119e-01 3.348007687e-02 9.509610329e-01 3.796156168e+02 -2.197306665e-02 9.993641696e-01 -2.807919049e-02 -3.588359746e+01 -9.512964764e-01 -1.226136407e-02 3.080335582e-01 4.590629829e+01
3.370968960e-01 3.446523469e-02 9.408388971e-01 3.805199094e+02 -2.253668239e-02 9.993387509e-01 -2.853347048e-02 -3.591570214e+01 -9.412001810e-01 -1.158484308e-02 3.376507231e-01 4.623345440e+01
3.663502020e-01 3.466871311e-02 9.298309576e-01 3.814101337e+02 -2.201320003e-02 9.993488732e-01 -2.858756087e-02 -3.594665450e+01 -9.302166137e-01 -9.995496166e-03 3.668748309e-01 4.657991025e+01
3.942869615e-01 3.597667318e-02 9.182828927e-01 3.822952805e+02 -2.377547407e-02 9.992982936e-01 -2.894213635e-02 -3.598063434e+01 -9.186797695e-01 -1.042110410e-02 3.948656503e-01 4.695741219e+01
4.216430262e-01 3.784971800e-02 9.059716095e-01 3.831734194e+02 -2.679589469e-02 9.992121902e-01 -2.927420376e-02 -3.601575045e+01 -9.063658966e-01 -1.193305598e-02 4.223250687e-01 4.737506670e+01
4.506132346e-01 3.679356046e-02 8.919607316e-01 3.840628938e+02 -2.504022514e-02 9.992781034e-01 -2.857025155e-02 -3.604245857e+01 -8.923680294e-01 -9.460764072e-03 4.512092574e-01 4.781379108e+01
4.813688308e-01 3.647685629e-02 8.757588068e-01 3.849342660e+02 -2.437009024e-02 9.993044116e-01 -2.822749983e-02 -3.607297075e+01 -8.761792896e-01 -7.754482558e-03 4.819229405e-01 4.827834024e+01
5.116204456e-01 3.686457410e-02 8.584203649e-01 3.857544223e+02 -2.276937338e-02 9.993099918e-01 -2.934443464e-02 -3.611030654e+01 -8.589098179e-01 -4.532481080e-03 5.121068066e-01 4.877891808e+01
5.431096147e-01 3.845787715e-02 8.387806257e-01 3.865487189e+02 -2.128866874e-02 9.992601164e-01 -3.203142906e-02 -3.615246969e+01 -8.393918864e-01 -4.599457911e-04 5.435264938e-01 4.931185152e+01
5.748053990e-01 3.851162771e-02 8.173833910e-01 3.872952160e+02 -2.017626688e-02 9.992552342e-01 -3.289217609e-02 -3.620464214e+01 -8.180413630e-01 2.414854962e-03 5.751543244e-01 4.985301554e+01
6.065362716e-01 3.913232404e-02 7.940921939e-01 3.880696462e+02 -2.111211859e-02 9.992285189e-01 -3.311563657e-02 -3.624428682e+01 -7.947754587e-01 3.320866172e-03 6.068945066e-01 5.044861356e+01
6.370046637e-01 3.817897095e-02 7.699139072e-01 3.888160780e+02 -2.076851746e-02 9.992601955e-01 -3.236866260e-02 -3.628930173e+01 -7.705801237e-01 4.629018611e-03 6.373263255e-01 5.107005283e+01
6.660922658e-01 3.849854222e-02 7.448751276e-01 3.895041865e+02 -2.247810342e-02 9.992495392e-01 -3.154509913e-02 -3.632953000e+01 -7.455305683e-01 4.268566403e-03 6.664577639e-01 5.171895000e+01
6.944927052e-01 3.776891561e-02 7.185077532e-01 3.901802810e+02 -2.153744656e-02 9.992650513e-01 -3.170955049e-02 -3.637363074e+01 -7.191773223e-01 6.547229160e-03 6.947957347e-01 5.239404727e+01
7.214667747e-01 3.788500082e-02 6.914119031e-01 3.908511059e+02 -2.084792556e-02 9.992379655e-01 -3.299776215e-02 -3.641134258e+01 -6.921351436e-01 9.392285138e-03 7.217068158e-01 5.309924793e+01
7.453855761e-01 3.865192480e-02 6.655121123e-01 3.914789338e+02 -2.207791207e-02 9.992013716e-01 -3.330442626e-02 -3.646291805e+01 -6.662678956e-01 1.013152106e-02 7.456436438e-01 5.384351593e+01
7.669141829e-01 3.981982326e-02 6.405130894e-01 3.920660068e+02 -2.325837458e-02 9.991420412e-01 -3.426703142e-02 -3.651588815e+01 -6.413280627e-01 1.138257905e-02 7.671823465e-01 5.458802143e+01
7.859367293e-01 4.074247945e-02 6.169631333e-01 3.926500815e+02 -2.408270559e-02 9.990866076e-01 -3.529835340e-02 -3.655475613e+01 -6.178377463e-01 1.288413092e-02 7.862000499e-01 5.535695882e+01
8.023533873e-01 4.312555678e-02 5.952891972e-01 3.932309419e+02 -2.556428776e-02 9.989540107e-01 -3.791242162e-02 -3.659682977e+01 -5.963015254e-01 1.520101557e-02 8.026166083e-01 5.615701234e+01
8.162463234e-01 4.607051437e-02 5.758640875e-01 3.937720612e+02 -2.708553583e-02 9.987707979e-01 -4.151225241e-02 -3.664521796e+01 -5.770687249e-01 1.828663604e-02 8.164908362e-01 5.695403016e+01
8.286826335e-01 4.769688753e-02 5.576827950e-01 3.943074819e+02 -2.757324552e-02 9.986315666e-01 -4.443771268e-02 -3.669652984e+01 -5.590391838e-01 2.144763614e-02 8.288637945e-01 5.777608300e+01
8.404245260e-01 4.624041685e-02 5.399522571e-01 3.948297811e+02 -2.624224631e-02 9.986567339e-01 -4.467742460e-02 -3.675042757e+01 -5.412928603e-01 2.337844327e-02 8.405090646e-01 5.858935294e+01
8.513826826e-01 4.176124840e-02 5.228800301e-01 3.953022558e+02 -2.290276801e-02 9.988346459e-01 -4.248309443e-02 -3.679189217e+01 -5.240448368e-01 2.419397088e-02 8.513469685e-01 5.939840046e+01
8.618883189e-01 3.811900109e-02 5.056633935e-01 3.957701182e+02 -2.059132134e-02 9.989790603e-01 -4.020988036e-02 -3.685007619e+01 -5.066799021e-01 2.424414876e-02 8.617933035e-01 6.023697757e+01
8.726360054e-01 3.423551597e-02 4.871697153e-01 3.962414549e+02 -1.673719796e-02 9.990503643e-01 -4.022730174e-02 -3.689894643e+01 -4.880842840e-01 2.694993593e-02 8.723803257e-01 6.104631969e+01
8.817701298e-01 2.964776438e-02 4.707466922e-01 3.966330795e+02 -1.231580092e-02 9.991295168e-01 -3.985636316e-02 -3.696936016e+01 -4.715185671e-01 2.934652798e-02 8.813676997e-01 6.193432200e+01
8.915080948e-01 2.968825517e-02 4.520308887e-01 3.970594981e+02 -1.215755837e-02 9.990587843e-01 -4.163819529e-02 -3.698633766e+01 -4.528415955e-01 3.162519625e-02 8.910299301e-01 6.277664379e+01
9.003130499e-01 2.739875857e-02 4.343796960e-01 3.974561402e+02 -9.923771514e-03 9.990494241e-01 -4.244722566e-02 -3.702369388e+01 -4.351297864e-01 3.390510634e-02 8.997291330e-01 6.365197731e+01
9.091370067e-01 2.595904372e-02 4.156874199e-01 3.978254896e+02 -9.083333608e-03 9.990541740e-01 -4.252352949e-02 -3.707740995e+01 -4.163981221e-01 3.488388680e-02 9.085129159e-01 6.451311777e+01
9.180013493e-01 2.193752517e-02 3.959700337e-01 3.982227363e+02 -6.347867305e-03 9.991537523e-01 -4.063845359e-02 -3.715193004e+01 -3.965264521e-01 3.479259000e-02 9.173637493e-01 6.540688428e+01
9.267216427e-01 1.804306587e-02 3.753151273e-01 3.986140644e+02 -3.795971555e-03 9.992450114e-01 -3.866520029e-02 -3.721284187e+01 -3.757294074e-01 3.440719238e-02 9.260904694e-01 6.631296635e+01
9.343601252e-01 1.520334960e-02 3.560056384e-01 3.989436540e+02 -2.074265066e-03 9.993045102e-01 -3.723161609e-02 -3.725746294e+01 -3.563240854e-01 3.404928741e-02 9.337418231e-01 6.722992006e+01
9.423802586e-01 1.108372528e-02 3.343599846e-01 3.992735223e+02 1.259463301e-03 9.993263973e-01 -3.667649591e-02 -3.731054824e+01 -3.345412710e-01 3.498431983e-02 9.417315092e-01 6.811563213e+01
9.499498157e-01 8.082136660e-03 3.122979776e-01 3.995590652e+02 3.788611477e-03 9.992937356e-01 -3.738551047e-02 -3.735427997e+01 -3.123795674e-01 3.669753448e-02 9.492482799e-01 6.905118662e+01
9.578827837e-01 5.281212099e-03 2.871109221e-01 3.998342076e+02 5.847897314e-03 9.992647656e-01 -3.789103267e-02 -3.739325175e+01 -2.870999388e-01 3.797416304e-02 9.571476313e-01 6.996957082e+01
9.654197794e-01 3.389720033e-03 2.606782680e-01 4.000967061e+02 6.453563062e-03 9.992983071e-01 -3.689505455e-02 -3.744520212e+01 -2.606204158e-01 3.730151906e-02 9.647204753e-01 7.091561205e+01
9.723641993e-01 1.378903741e-03 2.334651206e-01 4.003117378e+02 7.314371229e-03 9.993117710e-01 -3.636597810e-02 -3.748414913e+01 -2.333545883e-01 3.706862574e-02 9.716849042e-01 7.184867985e+01
9.787309551e-01 -1.807916193e-03 2.051400714e-01 4.005131237e+02 9.321965736e-03 9.993202036e-01 -3.566835675e-02 -3.752746172e+01 -2.049361325e-01 3.682203359e-02 9.780824707e-01 7.280387005e+01
9.842797624e-01 -2.445377708e-03 1.765994608e-01 4.006783986e+02 8.882950393e-03 9.993240870e-01 -3.567158942e-02 -3.757440079e+01 -1.763928644e-01 3.667954781e-02 9.836361971e-01 7.377380034e+01
9.889860534e-01 -5.253033791e-03 1.479154888e-01 4.008170604e+02 1.058629169e-02 9.993209733e-01 -3.529196324e-02 -3.761788125e+01 -1.476296604e-01 3.646913595e-02 9.883701156e-01 7.472692543e+01
9.928930548e-01 -8.947953919e-03 1.186731473e-01 4.009370049e+02 1.316229204e-02 9.993084514e-01 -3.477604219e-02 -3.765942451e+01 -1.182799046e-01 3.609090138e-02 9.923241965e-01 7.569903493e+01
9.958981231e-01 -1.417731190e-02 8.936404349e-02 4.010235421e+02 1.737112957e-02 9.992341019e-01 -3.506356349e-02 -3.770023788e+01 -8.879849266e-02 3.647209145e-02 9.953816425e-01 7.666977351e+01
9.980124504e-01 -1.667268679e-02 6.077145974e-02 4.010733532e+02 1.893505811e-02 9.991416326e-01 -3.684374634e-02 -3.774247021e+01 -6.010501125e-02 3.792122869e-02 9.974714873e-01 7.765382964e+01
9.992509482e-01 -2.002299692e-02 3.311528581e-02 4.011103855e+02 2.130096236e-02 9.990238196e-01 -3.869983105e-02 -3.778109314e+01 -3.230807271e-02 3.937623033e-02 9.987020081e-01 7.865277086e+01
9.997115421e-01 -2.260491998e-02 8.114809495e-03 4.011159464e+02 2.291205718e-02 9.989371441e-01 -3.999524678e-02 -3.782887220e+01 -7.202095269e-03 4.016963681e-02 9.991669180e-01 7.965950343e+01
9.996256075e-01 -2.370789840e-02 -1.365944157e-02 4.010992857e+02 2.314176170e-02 9.989231543e-01 -4.021182323e-02 -3.787538385e+01 1.459807028e-02 3.988066468e-02 9.990978075e-01 8.068129942e+01
9.992124304e-01 -2.307315251e-02 -3.228232689e-02 4.010601042e+02 2.184513095e-02 9.990431452e-01 -3.788910450e-02 -3.792091941e+01 3.312565848e-02 3.715405253e-02 9.987603652e-01 8.170161464e+01
9.986813014e-01 -2.052589496e-02 -4.705683701e-02 4.009941977e+02 1.870193919e-02 9.990689103e-01 -3.887865536e-02 -3.797264841e+01 4.781104207e-02 3.794733203e-02 9.981353136e-01 8.274320096e+01
9.979894412e-01 -2.097274018e-02 -5.980986083e-02 4.009311971e+02 1.849051817e-02 9.989566573e-01 -4.175760473e-02 -3.802079754e+01 6.062323004e-02 4.056773329e-02 9.973359930e-01 8.380336315e+01
9.973919595e-01 -1.754954804e-02 -7.000923115e-02 4.008483775e+02 1.441396955e-02 9.988809880e-01 -4.504452494e-02 -3.806993608e+01 7.072140103e-02 4.391793607e-02 9.965288246e-01 8.484964258e+01
9.968914393e-01 -1.728289674e-02 -7.686845672e-02 4.007562272e+02 1.388492471e-02 9.989119132e-01 -4.452188860e-02 -3.812615057e+01 7.755428436e-02 4.331617688e-02 9.960467066e-01 8.591551693e+01
9.964673243e-01 -1.754362797e-02 -8.212851324e-02 4.006472833e+02 1.403643570e-02 9.989726726e-01 -4.308802452e-02 -3.818354920e+01 8.280006064e-02 4.178301691e-02 9.956898761e-01 8.696313792e+01
9.960792690e-01 -1.791848636e-02 -8.663150493e-02 4.005422466e+02 1.421019971e-02 9.989639044e-01 -4.323410697e-02 -3.823750443e+01 8.731643617e-02 4.183354668e-02 9.953018609e-01 8.805702725e+01
9.956672053e-01 -1.939999476e-02 -9.094205011e-02 4.004355870e+02 1.535372965e-02 9.988697494e-01 -4.498318226e-02 -3.829780570e+01 9.171193630e-02 4.339197972e-02 9.948397141e-01 8.914149864e+01
9.952751142e-01 -2.195261652e-02 -9.458080996e-02 4.003188230e+02 1.754340914e-02 9.987313727e-01 -4.720036015e-02 -3.835069898e+01 9.549699357e-02 4.531807399e-02 9.943976048e-01 9.022484389e+01
9.948703888e-01 -2.423767977e-02 -9.821122309e-02 4.002089680e+02 1.961494536e-02 9.986660093e-01 -4.776458810e-02 -3.841017378e+01 9.923791302e-02 4.559316656e-02 9.940186617e-01 9.131525784e+01
9.946097215e-01 -2.439839142e-02 -1.007780754e-01 4.000872821e+02 1.977829177e-02 9.987181883e-01 -4.659184041e-02 -3.847251924e+01 1.017856628e-01 4.434747923e-02 9.938173776e-01 9.242270773e+01
9.943414127e-01 -2.463379216e-02 -1.033360119e-01 3.999557155e+02 2.009171696e-02 9.987953729e-01 -4.476746606e-02 -3.854013910e+01 1.043143230e-01 4.243794754e-02 9.936385372e-01 9.353668526e+01
9.940036308e-01 -2.502811664e-02 -1.064442359e-01 3.998360448e+02 2.036724414e-02 9.987950051e-01 -4.465101582e-02 -3.859199275e+01 1.074335019e-01 4.221529611e-02 9.933156152e-01 9.467950668e+01
9.937065129e-01 -2.473048969e-02 -1.092509459e-01 3.997003298e+02 1.995624863e-02 9.988065093e-01 -4.457920076e-02 -3.865244200e+01 1.102230214e-01 4.211840310e-02 9.930140612e-01 9.581576735e+01
9.932693926e-01 -2.563030732e-02 -1.129557483e-01 3.995849375e+02 2.053075443e-02 9.987267088e-01 -4.608089950e-02 -3.870675751e+01 1.139929904e-01 4.345168032e-02 9.925308809e-01 9.696691145e+01
9.929655120e-01 -2.646254056e-02 -1.154089509e-01 3.994412437e+02 2.122416137e-02 9.986981417e-01 -4.638487555e-02 -3.876784289e+01 1.164861665e-01 4.360912350e-02 9.922344569e-01 9.811471873e+01
9.926460235e-01 -2.799741780e-02 -1.177710347e-01 3.992969674e+02 2.253700427e-02 9.986196327e-01 -4.744378290e-02 -3.882343849e+01 1.189367709e-01 4.444067612e-02 9.919067854e-01 9.928850561e+01
9.923431447e-01 -2.924534219e-02 -1.199991377e-01 3.991614449e+02 2.361833586e-02 9.985656801e-01 -4.804952308e-02 -3.888853601e+01 1.212322453e-01 4.484743490e-02 9.916105336e-01 1.004769647e+02
9.920757606e-01 -2.988513959e-02 -1.220350919e-01 3.990159722e+02 2.419516659e-02 9.985617107e-01 -4.784458080e-02 -3.895420227e+01 1.232894121e-01 4.451278951e-02 9.913719445e-01 1.016595404e+02
9.918361334e-01 -3.100634201e-02 -1.236919208e-01 3.988629928e+02 2.536293096e-02 9.985755864e-01 -4.694166556e-02 -3.901602209e+01 1.249712217e-01 4.342125042e-02 9.912097602e-01 1.028769214e+02
9.914951057e-01 -3.313684809e-02 -1.258546964e-01 3.987143599e+02 2.748172545e-02 9.985444832e-01 -4.640764898e-02 -3.907601773e+01 1.272093159e-01 4.255425262e-02 9.909626257e-01 1.041124600e+02
9.912222832e-01 -3.446435194e-02 -1.276346104e-01 3.985621027e+02 2.881050423e-02 9.985313236e-01 -4.588192152e-02 -3.913016425e+01 1.290284471e-01 4.180196552e-02 9.907594337e-01 1.053281528e+02
9.908922488e-01 -3.629515861e-02 -1.296734848e-01 3.984120631e+02 3.048547378e-02 9.984525095e-01 -4.651045309e-02 -3.919507377e+01 1.311609205e-01 4.213368984e-02 9.904653276e-01 1.065658970e+02
9.905885837e-01 -3.732940622e-02 -1.316843701e-01 3.982456957e+02 3.141017153e-02 9.984128875e-01 -4.674512946e-02 -3.926199903e+01 1.332203401e-01 4.216896293e-02 9.901889312e-01 1.077854052e+02
9.903178193e-01 -3.689962400e-02 -1.338246407e-01 3.980790240e+02 3.074412050e-02 9.983848333e-01 -4.777576500e-02 -3.932465611e+01 1.353713993e-01 4.319887053e-02 9.898527374e-01 1.090435595e+02
9.901004545e-01 -3.547767331e-02 -1.358028893e-01 3.979100959e+02 2.918237194e-02 9.984175773e-01 -4.807005913e-02 -3.939393521e+01 1.372934055e-01 4.363113697e-02 9.895690197e-01 1.102859618e+02
9.898569837e-01 -3.353386296e-02 -1.380530038e-01 3.977349459e+02 2.704005511e-02 9.984498702e-01 -4.864866061e-02 -3.946546215e+01 1.394703813e-01 4.442225562e-02 9.892293344e-01 1.115481135e+02
9.895098985e-01 -3.383138324e-02 -1.404478492e-01 3.975599566e+02 2.726302887e-02 9.984543793e-01 -4.843118540e-02 -3.954369001e+01 1.418692641e-01 4.409410357e-02 9.889028375e-01 1.127861780e+02
9.889380680e-01 -3.605879767e-02 -1.438793271e-01 3.973846761e+02 2.931281142e-02 9.983815455e-01 -4.873447210e-02 -3.961272388e+01 1.454037714e-01 4.397786710e-02 9.883945014e-01 1.140479196e+02
9.882732730e-01 -3.779049490e-02 -1.479453152e-01 3.972068675e+02 3.082470790e-02 9.983182355e-01 -4.909723033e-02 -3.968442258e+01 1.495519146e-01 4.396110939e-02 9.877761111e-01 1.153477985e+02
9.875669228e-01 -4.227399655e-02 -1.514083297e-01 3.970046542e+02 3.515574625e-02 9.981608104e-01 -4.938694277e-02 -3.976190933e+01 1.532176445e-01 4.345003828e-02 9.872367738e-01 1.165955203e+02
9.868557995e-01 -4.392641594e-02 -1.555188121e-01 3.968153942e+02 3.626683157e-02 9.980012017e-01 -5.175247110e-02 -3.984647052e+01 1.574812620e-01 4.543205167e-02 9.864763458e-01 1.178199537e+02
9.862120420e-01 -4.626774747e-02 -1.588870788e-01 3.966087089e+02 3.783301029e-02 9.977300402e-01 -5.570843949e-02 -3.992682640e+01 1.611039156e-01 4.892915737e-02 9.857238284e-01 1.190806600e+02
9.856365137e-01 -4.646612925e-02 -1.623624395e-01 3.963991488e+02 3.745291484e-02 9.976055868e-01 -5.814097002e-02 -4.000912631e+01 1.646752626e-01 5.122491638e-02 9.850167845e-01 1.203148430e+02
9.850036602e-01 -4.594615741e-02 -1.663031571e-01 3.961894933e+02 3.687538737e-02 9.976799001e-01 -5.722781439e-02 -4.009226565e+01 1.685467153e-01 5.023711330e-02 9.844126356e-01 1.215256555e+02
9.844535766e-01 -4.369998458e-02 -1.701219179e-01 3.959610329e+02 3.491429172e-02 9.979141670e-01 -5.429832006e-02 -4.017758982e+01 1.721399078e-01 4.751448911e-02 9.839259248e-01 1.227987449e+02
9.837998766e-01 -4.270677467e-02 -1.741089721e-01 3.957425217e+02 3.387652524e-02 9.979995741e-01 -5.337818876e-02 -4.025949809e+01 1.760402903e-01 4.661524853e-02 9.832786150e-01 1.240532708e+02
9.832705549e-01 -4.061178070e-02 -1.775660414e-01 3.955131654e+02 3.220778374e-02 9.982318196e-01 -4.995891267e-02 -4.033246100e+01 1.792809930e-01 4.340411912e-02 9.828399707e-01 1.252927502e+02
9.827844312e-01 -3.838726490e-02 -1.807240427e-01 3.952707206e+02 3.012234054e-02 9.983806064e-01 -4.825773793e-02 -4.041136511e+01 1.822838620e-01 4.198312237e-02 9.823492307e-01 1.265404044e+02
9.820580608e-01 -3.942631135e-02 -1.844113099e-01 3.950434659e+02 3.098262826e-02 9.983450739e-01 -4.844780887e-02 -4.048470229e+01 1.860162412e-01 4.186501417e-02 9.816543580e-01 1.277793833e+02
9.815942747e-01 -3.773027315e-02 -1.872140654e-01 3.947895293e+02 2.882833186e-02 9.983307026e-01 -5.004733258e-02 -4.056357275e+01 1.887898489e-01 4.372910592e-02 9.810434028e-01 1.289982369e+02
9.809089802e-01 -3.679041290e-02 -1.909555917e-01 3.945536819e+02 2.720726558e-02 9.982466748e-01 -5.256749029e-02 -4.062980374e+01 1.925547641e-01 4.636854380e-02 9.801900943e-01 1.302347634e+02
9.803082663e-01 -3.402984206e-02 -1.945190810e-01 3.943235049e+02 2.379695625e-02 9.982190277e-01 -5.470354308e-02 -4.070511207e+01 1.960342009e-01 4.899737341e-02 9.793721711e-01 1.314404970e+02
9.797877497e-01 -3.425482333e-02 -1.970851912e-01 3.940693367e+02 2.341863147e-02 9.980964417e-01 -5.705314023e-02 -4.078096990e+01 1.986643733e-01 5.128450242e-02 9.787248677e-01 1.326546880e+02
9.796171692e-01 -2.960185915e-02 -1.986804765e-01 3.937926572e+02 1.849422870e-02 9.981723438e-01 -5.753204020e-02 -4.085757287e+01 2.000204122e-01 5.268493219e-02 9.783742293e-01 1.339068441e+02
9.793779972e-01 -2.678523570e-02 -2.002530644e-01 3.935283726e+02 1.543860828e-02 9.981966133e-01 -5.801009009e-02 -4.093875041e+01 2.014457446e-01 5.372217723e-02 9.780253267e-01 1.351184554e+02
9.791250468e-01 -2.714732081e-02 -2.014377463e-01 3.932757323e+02 1.502795354e-02 9.979969170e-01 -6.145172389e-02 -4.101920157e+01 2.027024994e-01 5.714172494e-02 9.775717467e-01 1.363376294e+02
9.792700737e-01 -2.735170093e-02 -2.007037797e-01 3.930004063e+02 1.447848621e-02 9.977586477e-01 -6.533034849e-02 -4.111022927e+01 2.020408279e-01 6.107016828e-02 9.774711957e-01 1.375654799e+02
9.789775025e-01 -3.252663519e-02 -2.013580584e-01 3.927437905e+02 1.936129153e-02 9.975643873e-01 -6.701069818e-02 -4.120139377e+01 2.030472607e-01 6.170341388e-02 9.772228500e-01 1.387812992e+02
9.785842602e-01 -3.841575426e-02 -2.022302536e-01 3.925008326e+02 2.545203981e-02 9.974737899e-01 -6.631916935e-02 -4.129746411e+01 2.042670784e-01 5.975172281e-02 9.770899100e-01 1.400411123e+02
9.784265256e-01 -4.278331555e-02 -2.021166046e-01 3.922440001e+02 3.007983256e-02 9.973982944e-01 -6.551218258e-02 -4.141312929e+01 2.043935850e-01 5.801922356e-02 9.771678628e-01 1.412829848e+02
9.786850308e-01 -4.194542708e-02 -2.010377865e-01 3.919753648e+02 2.925484507e-02 9.974113366e-01 -6.568698237e-02 -4.150853749e+01 2.032726359e-01 5.840553707e-02 9.773786517e-01 1.424971295e+02
9.788788715e-01 -3.859723407e-02 -2.007645599e-01 3.917247196e+02 2.559115542e-02 9.974260617e-01 -6.698017739e-02 -4.161603473e+01 2.028330539e-01 6.042768340e-02 9.773470455e-01 1.437272531e+02
9.795329840e-01 -3.274291269e-02 -1.986027062e-01 3.914391668e+02 1.939439277e-02 9.974426784e-01 -6.878924950e-02 -4.170072950e+01 2.003471756e-01 6.352955994e-02 9.776630321e-01 1.449359411e+02
9.800239704e-01 -2.856441506e-02 -1.968174069e-01 3.911899645e+02 1.528604036e-02 9.975231788e-01 -6.865744427e-02 -4.179069155e+01 1.982910851e-01 6.427738231e-02 9.780332631e-01 1.461148033e+02
9.803540463e-01 -2.722191583e-02 -1.953584175e-01 3.909480758e+02 1.417281867e-02 9.975924491e-01 -6.788546778e-02 -4.189188248e+01 1.967360546e-01 6.378301360e-02 9.783796053e-01 1.473089223e+02
9.804971682e-01 -2.900914910e-02 -1.943804835e-01 3.907143908e+02 1.589423760e-02 9.975111840e-01 -6.869360265e-02 -4.199639116e+01 1.958894492e-01 6.426435328e-02 9.785179695e-01 1.485207600e+02
9.807553425e-01 -3.160537302e-02 -1.926656654e-01 3.904718320e+02 1.856080712e-02 9.974343696e-01 -6.913880860e-02 -4.209756792e+01 1.943565143e-01 6.423222565e-02 9.788257079e-01 1.497214843e+02
9.810128977e-01 -3.219565101e-02 -1.912514956e-01 3.902182488e+02 1.940093060e-02 9.974693167e-01 -6.840004480e-02 -4.221291855e+01 1.929696826e-01 6.339086916e-02 9.791548904e-01 1.509615104e+02
9.812847996e-01 -3.239132210e-02 -1.898181876e-01 3.899804843e+02 1.980604184e-02 9.975004171e-01 -6.782800784e-02 -4.230112874e+01 1.915407601e-01 6.279904612e-02 9.794735407e-01 1.522027485e+02
9.816476999e-01 -2.982610772e-02 -1.883565675e-01 3.897447672e+02 1.764459616e-02 9.976621755e-01 -6.602160167e-02 -4.239159783e+01 1.898853903e-01 6.148647786e-02 9.798790495e-01 1.534342150e+02
9.819359449e-01 -2.725776357e-02 -1.872399917e-01 3.895177748e+02 1.498163965e-02 9.976626872e-01 -6.666868039e-02 -4.247997929e+01 1.886195924e-01 6.265921159e-02 9.800492195e-01 1.546655599e+02
9.825150453e-01 -2.525106587e-02 -1.844629217e-01 3.892622901e+02 1.271595465e-02 9.975477549e-01 -6.882427748e-02 -4.257217445e+01 1.857484598e-01 6.527526596e-02 9.804267690e-01 1.558462865e+02
9.826592073e-01 -2.417917602e-02 -1.838375635e-01 3.890472561e+02 1.105894020e-02 9.973388589e-01 -7.206178194e-02 -4.266354400e+01 1.850907403e-01 6.877912489e-02 9.803116085e-01 1.570734608e+02
9.829342957e-01 -2.413061158e-02 -1.823674418e-01 3.888093335e+02 1.063076913e-02 9.971536022e-01 -7.464368941e-02 -4.275891138e+01 1.836495494e-01 7.143113611e-02 9.803930007e-01 1.582621916e+02
9.831460710e-01 -2.464762889e-02 -1.811526912e-01 3.885742770e+02 1.129411238e-02 9.971660631e-01 -7.437933585e-02 -4.285815438e+01 1.824725902e-01 7.107979295e-02 9.806382701e-01 1.594430776e+02
9.832155025e-01 -2.457227470e-02 -1.807857267e-01 3.883562971e+02 1.158914776e-02 9.972993419e-01 -7.252388721e-02 -4.294863048e+01 1.820795631e-01 6.921145770e-02 9.808449453e-01 1.606395940e+02
9.833248154e-01 -2.502916922e-02 -1.801273107e-01 3.881223561e+02 1.238621670e-02 9.974012226e-01 -7.097452176e-02 -4.306337704e+01 1.814356332e-01 6.755991260e-02 9.810793899e-01 1.618845106e+02
9.833800349e-01 -2.652936797e-02 -1.796104109e-01 3.878967568e+02 1.409822110e-02 9.974376807e-01 -7.013781685e-02 -4.315899028e+01 1.810109036e-01 6.643994150e-02 9.812343181e-01 1.630690260e+02
9.833809278e-01 -2.675109982e-02 -1.795726299e-01 3.876696795e+02 1.418596889e-02 9.973828740e-01 -7.089542309e-02 -4.325565879e+01 1.809991963e-01 6.716979519e-02 9.811867863e-01 1.643170345e+02
9.834868261e-01 -2.933875646e-02 -1.785858347e-01 3.874400365e+02 1.650316423e-02 9.971998184e-01 -7.293948050e-02 -4.334945782e+01 1.802257156e-01 6.878778681e-02 9.812170666e-01 1.655486824e+02
9.834761503e-01 -3.071849419e-02 -1.784125441e-01 3.872259249e+02 1.750900118e-02 9.970187119e-01 -7.514734180e-02 -4.344791642e+01 1.801890581e-01 7.078179297e-02 9.810819747e-01 1.667151254e+02
9.834420648e-01 -3.056817097e-02 -1.786261237e-01 3.870024365e+02 1.727027720e-02 9.969938205e-01 -7.553184386e-02 -4.355375123e+01 1.803980119e-01 7.119626981e-02 9.810135822e-01 1.679163798e+02
9.833402966e-01 -3.214741922e-02 -1.789089279e-01 3.867847003e+02 1.840556604e-02 9.967876768e-01 -7.794589523e-02 -4.364754742e+01 1.808399739e-01 7.335441965e-02 9.807731812e-01 1.691176910e+02
9.835332694e-01 -3.129617842e-02 -1.779967899e-01 3.865500954e+02 1.762554939e-02 9.968075557e-01 -7.787192624e-02 -4.375337699e+01 1.798656388e-01 7.345233899e-02 9.809450066e-01 1.703119200e+02
9.835490034e-01 -3.078493094e-02 -1.779990057e-01 3.863366487e+02 1.732172704e-02 9.969036032e-01 -7.670178358e-02 -4.385421532e+01 1.798091092e-01 7.235671261e-02 9.810367936e-01 1.715401309e+02
9.835823930e-01 -3.125906997e-02 -1.777316707e-01 3.861135512e+02 1.808983708e-02 9.970013714e-01 -7.523977197e-02 -4.396496224e+01 1.795506448e-01 7.078937799e-02 9.811984661e-01 1.727750179e+02
9.835483184e-01 -3.250589030e-02 -1.776965740e-01 3.859004107e+02 1.942220105e-02 9.970034378e-01 -7.487939074e-02 -4.407859815e+01 1.795981164e-01 7.019624026e-02 9.812323906e-01 1.739776749e+02
9.835818521e-01 -3.391916290e-02 -1.772462426e-01 3.856714687e+02 2.091341078e-02 9.969839745e-01 -7.473676356e-02 -4.417814934e+01 1.792466719e-01 6.980290085e-02 9.813247096e-01 1.751911946e+02
9.835805345e-01 -3.652380631e-02 -1.767352365e-01 3.854400887e+02 2.365301486e-02 9.969485176e-01 -7.439212369e-02 -4.427172236e+01 1.789130155e-01 6.899032360e-02 9.814430539e-01 1.764187882e+02
9.836330430e-01 -3.608666040e-02 -1.765326874e-01 3.852126487e+02 2.315173341e-02 9.969304306e-01 -7.479113416e-02 -4.438051058e+01 1.786897703e-01 6.947999317e-02 9.814491818e-01 1.776429250e+02
9.837408660e-01 -3.680573344e-02 -1.757818153e-01 3.849862371e+02 2.348814416e-02 9.967349678e-01 -7.725096156e-02 -4.448279049e+01 1.780511604e-01 7.186613921e-02 9.813934187e-01 1.788558688e+02
9.838416603e-01 -3.840878613e-02 -1.748723896e-01 3.847573931e+02 2.444499429e-02 9.963884861e-01 -8.131683069e-02 -4.458533428e+01 1.773641163e-01 7.572813114e-02 9.812274050e-01 1.800893653e+02
9.838975878e-01 -3.952497929e-02 -1.743080970e-01 3.845305043e+02 2.539297411e-02 9.962614669e-01 -8.257291615e-02 -4.469477842e+01 1.769201332e-01 7.681709202e-02 9.812229109e-01 1.812946879e+02
9.837600417e-01 -4.143738025e-02 -1.746399835e-01 3.843200447e+02 2.781984566e-02 9.964294374e-01 -7.971469468e-02 -4.480710326e+01 1.773195886e-01 7.356167398e-02 9.814002464e-01 1.825244107e+02
9.837201628e-01 -4.299732025e-02 -1.744874547e-01 3.841097840e+02 2.996590580e-02 9.966081201e-01 -7.664397873e-02 -4.491221979e+01 1.771910999e-01 7.016755260e-02 9.816719557e-01 1.837550713e+02
9.837206128e-01 -4.505788286e-02 -1.739642010e-01 3.838889528e+02 3.254778317e-02 9.967189483e-01 -7.410789310e-02 -4.502029882e+01 1.767325602e-01 6.723931292e-02 9.819595088e-01 1.849423848e+02
9.838547728e-01 -4.382130912e-02 -1.735208315e-01 3.836642476e+02 3.124581866e-02 9.967273968e-01 -7.455330544e-02 -4.512559615e+01 1.762199901e-01 6.792782495e-02 9.820042391e-01 1.861557000e+02
9.839654424e-01 -4.568325622e-02 -1.724095363e-01 3.834508232e+02 3.306067743e-02 9.966060457e-01 -7.538820368e-02 -4.522306811e+01 1.752683649e-01 6.847941112e-02 9.821362281e-01 1.874165027e+02
9.844817735e-01 -4.180363700e-02 -1.704350129e-01 3.832306587e+02 2.890053666e-02 9.965735507e-01 -7.749785178e-02 -4.532904275e+01 1.730907180e-01 7.136955922e-02 9.823166441e-01 1.886472672e+02
9.849448650e-01 -4.236225056e-02 -1.675978895e-01 3.830222055e+02 2.927257897e-02 9.963796998e-01 -7.981610141e-02 -4.543195818e+01 1.703723245e-01 7.370843677e-02 9.826191212e-01 1.898632762e+02
9.857270236e-01 -3.925623785e-02 -1.637106679e-01 3.828036051e+02 2.626930583e-02 9.963879396e-01 -8.075269295e-02 -4.554593400e+01 1.662893820e-01 7.529954606e-02 9.831977521e-01 1.910849366e+02
9.866155705e-01 -3.808428970e-02 -1.585537857e-01 3.825961876e+02 2.540616765e-02 9.963711925e-01 -8.123406512e-02 -4.566523567e+01 1.610721663e-01 7.611854944e-02 9.840029084e-01 1.922966971e+02
9.874614744e-01 -3.692342514e-02 -1.534812604e-01 3.824011062e+02 2.460199858e-02 9.963763784e-01 -8.141777566e-02 -4.577404900e+01 1.559313255e-01 7.662097104e-02 9.847916777e-01 1.935210838e+02
9.882139985e-01 -3.520549175e-02 -1.489753892e-01 3.822202289e+02 2.350983630e-02 9.965533838e-01 -7.955275470e-02 -4.588022593e+01 1.512626220e-01 7.511275880e-02 9.856356795e-01 1.947532635e+02
9.890954938e-01 -3.707555559e-02 -1.425324779e-01 3.820213899e+02 2.656099409e-02 9.968314290e-01 -7.497743429e-02 -4.598733015e+01 1.448606837e-01 7.037403810e-02 9.869462382e-01 1.960141577e+02
9.898173280e-01 -3.729882881e-02 -1.373697734e-01 3.818342256e+02 2.746269315e-02 9.969672464e-01 -7.281559004e-02 -4.609461437e+01 1.396691010e-01 6.830158883e-02 9.878397821e-01 1.972749453e+02
9.904971817e-01 -4.066018135e-02 -1.313852457e-01 3.816675560e+02 3.136013363e-02 9.969046466e-01 -7.209485120e-02 -4.619635891e+01 1.339099516e-01 6.728948807e-02 9.887063516e-01 1.985231261e+02
9.912447672e-01 -4.129797418e-02 -1.254124747e-01 3.815023846e+02 3.233938130e-02 9.968332111e-01 -7.264787455e-02 -4.629054815e+01 1.280155299e-01 6.795606366e-02 9.894412552e-01 1.997603627e+02
9.919770460e-01 -4.179056164e-02 -1.193108930e-01 3.813453595e+02 3.304526354e-02 9.966838781e-01 -7.435897860e-02 -4.639116182e+01 1.220227470e-01 6.981974003e-02 9.900685093e-01 2.010028062e+02
9.927487971e-01 -4.024220102e-02 -1.132713163e-01 3.811865375e+02 3.189269255e-02 9.967046585e-01 -7.458337497e-02 -4.649705027e+01 1.158994479e-01 7.043002852e-02 9.907607830e-01 2.022602160e+02
9.935978359e-01 -3.718851738e-02 -1.066787450e-01 3.810145792e+02 2.902969258e-02 9.966053640e-01 -7.703911567e-02 -4.661295548e+01 1.091815800e-01 7.344904744e-02 9.913045042e-01 2.035309520e+02
9.941607528e-01 -3.893401478e-02 -1.006406485e-01 3.808746066e+02 3.113479559e-02 9.964719756e-01 -7.793732368e-02 -4.672271505e+01 1.033199988e-01 7.434880236e-02 9.918655319e-01 2.047594970e+02
9.948053419e-01 -3.573258539e-02 -9.531796338e-02 3.807491485e+02 2.809659373e-02 9.963760125e-01 -8.028339204e-02 -4.680771043e+01 9.784126544e-02 7.718823717e-02 9.922041437e-01 2.059981037e+02
9.953590411e-01 -3.504025434e-02 -8.962454965e-02 3.806121784e+02 2.793737448e-02 9.964581701e-01 -7.931341888e-02 -4.691961023e+01 9.208627710e-02 7.644145395e-02 9.928125813e-01 2.072631232e+02
9.959406300e-01 -3.226472498e-02 -8.403123826e-02 3.804930761e+02 2.580045613e-02 9.967043229e-01 -7.690792696e-02 -4.703475565e+01 8.623571155e-02 7.442768496e-02 9.934907759e-01 2.085201973e+02
9.964261628e-01 -2.949745715e-02 -7.915050229e-02 3.803988267e+02 2.381249112e-02 9.971325029e-01 -7.183130813e-02 -4.712248840e+01 8.104237939e-02 6.968982410e-02 9.942713217e-01 2.097797907e+02
9.968493924e-01 -2.900340132e-02 -7.382473521e-02 3.802911505e+02 2.371109497e-02 9.971529313e-01 -7.158083276e-02 -4.722009157e+01 7.569063874e-02 6.960484434e-02 9.946989961e-01 2.110351833e+02
9.971257465e-01 -3.090371712e-02 -6.917518234e-02 3.802025500e+02 2.554949858e-02 9.967044379e-01 -7.699017159e-02 -4.731370734e+01 7.132649372e-02 7.500149110e-02 9.946292312e-01 2.122918419e+02
9.974839390e-01 -3.087405092e-02 -6.381680351e-02 3.801160217e+02 2.545193081e-02 9.961325308e-01 -8.409625652e-02 -4.742653027e+01 6.616638609e-02 8.226040435e-02 9.944120048e-01 2.135436403e+02
9.976150774e-01 -3.551149743e-02 -5.918691512e-02 3.800543529e+02 3.025391692e-02 9.957073189e-01 -8.747362846e-02 -4.753564049e+01 6.203916410e-02 8.547437461e-02 9.944069959e-01 2.148204025e+02
9.979249572e-01 -3.607888314e-02 -5.333004725e-02 3.799778726e+02 3.149367542e-02 9.959299037e-01 -8.444983911e-02 -4.765493075e+01 5.615984470e-02 8.259504288e-02 9.949995632e-01 2.160795428e+02
9.982086921e-01 -3.712343685e-02 -4.691756110e-02 3.799058634e+02 3.319440459e-02 9.960864490e-01 -8.191408737e-02 -4.776760397e+01 4.977487928e-02 8.020995351e-02 9.955344418e-01 2.173435582e+02
9.984558905e-01 -3.732611754e-02 -4.114116857e-02 3.798457628e+02 3.390801727e-02 9.961484944e-01 -8.086051827e-02 -4.787348032e+01 4.400092234e-02 7.934064532e-02 9.958759867e-01 2.185992417e+02
9.986063508e-01 -3.907908642e-02 -3.547084806e-02 3.798026037e+02 3.611370541e-02 9.960836117e-01 -8.070463865e-02 -4.799068557e+01 3.848579399e-02 7.931118094e-02 9.961067113e-01 2.198740119e+02
9.988445380e-01 -3.769109604e-02 -2.981560268e-02 3.797503678e+02 3.518642367e-02 9.961347468e-01 -8.048280430e-02 -4.810959381e+01 3.273384294e-02 7.934070506e-02 9.963099658e-01 2.211452348e+02
9.989731073e-01 -3.779201477e-02 -2.498988662e-02 3.797185954e+02 3.566961195e-02 9.961145350e-01 -8.052025844e-02 -4.822367374e+01 2.793581209e-02 7.954619322e-02 9.964396588e-01 2.224182059e+02
9.991281904e-01 -3.652331371e-02 -2.022144103e-02 3.796887599e+02 3.480577913e-02 9.962185017e-01 -7.960687582e-02 -4.832674827e+01 2.305248058e-02 7.883365077e-02 9.966212112e-01 2.236711093e+02
9.994189976e-01 -3.057008192e-02 -1.507107370e-02 3.796517932e+02 2.928673648e-02 9.964395671e-01 -7.905995341e-02 -4.843756820e+01 1.743428340e-02 7.857263683e-02 9.967559313e-01 2.249207947e+02
9.995810556e-01 -2.724545581e-02 -9.767206653e-03 3.796274575e+02 2.635870025e-02 9.963135626e-01 -8.163641335e-02 -4.854969828e+01 1.195542175e-02 8.134476137e-02 9.966143174e-01 2.261821139e+02
9.997203141e-01 -2.324897998e-02 -4.333423048e-03 3.796226911e+02 2.281509717e-02 9.963638215e-01 -8.208901558e-02 -4.866478866e+01 6.226151828e-03 8.196718897e-02 9.966155803e-01 2.274337162e+02
9.997453695e-01 -2.248439841e-02 1.909979016e-03 3.796174530e+02 2.256493463e-02 9.966675910e-01 -7.838709546e-02 -4.877983783e+01 -1.411275006e-04 7.841023426e-02 9.969211680e-01 2.286958200e+02
9.997078515e-01 -2.310882420e-02 7.084763220e-03 3.796254657e+02 2.358282977e-02 9.968008138e-01 -7.636745227e-02 -4.889101637e+01 -5.297335714e-03 7.651222040e-02 9.970545714e-01 2.299944335e+02
9.996269694e-01 -2.384482450e-02 1.331715001e-02 3.796292647e+02 2.479498244e-02 9.967654122e-01 -7.644554799e-02 -4.900496630e+01 -1.145124385e-02 7.674722996e-02 9.969848202e-01 2.312764040e+02
9.995456303e-01 -2.298300437e-02 1.950165071e-02 3.796495769e+02 2.441850397e-02 9.967412368e-01 -7.688070912e-02 -4.911457038e+01 -1.767114978e-02 7.732197799e-02 9.968495585e-01 2.325603862e+02
9.994428560e-01 -1.986243681e-02 2.682277317e-02 3.796680080e+02 2.182685728e-02 9.969409454e-01 -7.504891588e-02 -4.922014932e+01 -2.525006649e-02 7.559255967e-02 9.968190403e-01 2.338604596e+02
9.992898484e-01 -1.724399982e-02 3.350288569e-02 3.797035464e+02 1.966337253e-02 9.971174914e-01 -7.328069390e-02 -4.932154623e+01 -3.214266106e-02 7.388743322e-02 9.967484620e-01 2.351406730e+02
9.990346262e-01 -1.570023765e-02 4.102826125e-02 3.797401664e+02 1.863455859e-02 9.972200740e-01 -7.214483464e-02 -4.942634015e+01 -3.978151467e-02 7.283973145e-02 9.965499509e-01 2.364161939e+02
9.987591274e-01 -1.361200888e-02 4.790530890e-02 3.797887539e+02 1.705187754e-02 9.972483250e-01 -7.214576740e-02 -4.953319054e+01 -4.679144023e-02 7.287311916e-02 9.962429772e-01 2.377005524e+02
9.984166756e-01 -1.337598495e-02 5.463721263e-02 3.798518360e+02 1.727947863e-02 9.972831484e-01 -7.160825068e-02 -4.963633803e+01 -5.353094054e-02 7.243897414e-02 9.959352556e-01 2.390068708e+02
9.980387729e-01 -1.319887788e-02 6.119148104e-02 3.799192813e+02 1.760238728e-02 9.972498860e-01 -7.199181111e-02 -4.973725730e+01 -6.007298637e-02 7.292773497e-02 9.955263843e-01 2.403019638e+02
9.976778034e-01 -1.247121864e-02 6.695871372e-02 3.799906469e+02 1.728169237e-02 9.972728516e-01 -7.175097669e-02 -4.984472507e+01 -6.588128525e-02 7.274151671e-02 9.951725117e-01 2.415778883e+02
9.973418221e-01 -1.348074074e-02 7.160697903e-02 3.800840402e+02 1.859870198e-02 9.972819166e-01 -7.129422895e-02 -4.995055525e+01 -7.045124627e-02 7.243651307e-02 9.948816882e-01 2.428847460e+02
9.969107878e-01 -1.438831665e-02 7.721306572e-02 3.801671781e+02 1.971560119e-02 9.974437620e-01 -6.868214300e-02 -5.005915393e+01 -7.602747033e-02 6.999227130e-02 9.946461208e-01 2.441824944e+02
9.965150118e-01 -1.450571583e-02 8.214265291e-02 3.802764977e+02 2.006240875e-02 9.975357188e-01 -6.723086762e-02 -5.016215762e+01 -8.096499845e-02 6.864454832e-02 9.943503382e-01 2.454898007e+02
9.960195036e-01 -1.538985163e-02 8.779693034e-02 3.803694691e+02 2.124388348e-02 9.975843636e-01 -6.613724321e-02 -5.026811820e+01 -8.656700252e-02 6.773913190e-02 9.939404228e-01 2.467635896e+02
9.955785458e-01 -1.408613396e-02 9.287055488e-02 3.804820081e+02 2.030892439e-02 9.975860992e-01 -6.640423322e-02 -5.035808955e+01 -9.171099565e-02 6.799673102e-02 9.934613922e-01 2.480382431e+02
9.950633563e-01 -9.567353596e-03 9.877946453e-02 3.805932971e+02 1.593710654e-02 9.978291474e-01 -6.389836662e-02 -5.045694088e+01 -9.795369060e-02 6.515718201e-02 9.930556964e-01 2.493274934e+02
9.945438031e-01 -7.980994587e-03 1.040140733e-01 3.807220323e+02 1.436496592e-02 9.980482857e-01 -6.077225582e-02 -5.055401582e+01 -1.033260445e-01 6.193482904e-02 9.927173845e-01 2.506228205e+02
9.938794369e-01 -7.106340835e-03 1.102413930e-01 3.808522671e+02 1.380910950e-02 9.980934008e-01 -6.015705989e-02 -5.065399439e+01 -1.096037103e-01 6.131120028e-02 9.920826394e-01 2.519298705e+02
9.931349020e-01 -7.159436774e-03 1.167553376e-01 3.809913755e+02 1.504089483e-02 9.976554597e-01 -6.676342669e-02 -5.074401332e+01 -1.160036115e-01 6.806119398e-02 9.909141416e-01 2.532404313e+02
9.924461244e-01 -9.233165794e-03 1.223333102e-01 3.811547961e+02 1.769288172e-02 9.975114679e-01 -6.824832189e-02 -5.084229619e+01 -1.213987317e-01 6.989721134e-02 9.901397516e-01 2.545498990e+02
9.915912118e-01 -1.346472010e-02 1.287073032e-01 3.813308379e+02 2.200584689e-02 9.976314404e-01 -6.517094267e-02 -5.094250651e+01 -1.275249438e-01 6.745524722e-02 9.895388716e-01 2.558696170e+02
9.907359407e-01 -1.406633675e-02 1.350719584e-01 3.815035434e+02 2.249518311e-02 9.978793132e-01 -6.108062725e-02 -5.102952691e+01 -1.339263325e-01 6.355324114e-02 9.889513249e-01 2.571662938e+02
9.896789705e-01 -1.317393187e-02 1.426954202e-01 3.816865742e+02 2.208924079e-02 9.978887192e-01 -6.107511421e-02 -5.111256875e+01 -1.415895507e-01 6.359678965e-02 9.878804824e-01 2.584845537e+02
9.883932971e-01 -9.885416232e-03 1.515947522e-01 3.818685449e+02 1.951288243e-02 9.978759050e-01 -6.215243861e-02 -5.120708007e+01 -1.506583478e-01 6.438910430e-02 9.864867488e-01 2.597731920e+02
9.869378080e-01 -7.059922295e-03 1.609469495e-01 3.820529748e+02 1.737296727e-02 9.978774009e-01 -6.276043973e-02 -5.130729821e+01 -1.601622398e-01 6.473677690e-02 9.849655865e-01 2.610683987e+02
9.854014003e-01 -5.687166003e-03 1.701520978e-01 3.822711500e+02 1.635729876e-02 9.979808303e-01 -6.137345701e-02 -5.138904007e+01 -1.694594907e-01 6.326071918e-02 9.835047343e-01 2.623841284e+02
9.837702602e-01 -5.427092479e-03 1.793505558e-01 3.825045283e+02 1.617605209e-02 9.981548944e-01 -5.852471437e-02 -5.148570931e+01 -1.787020160e-01 6.047605741e-02 9.820428891e-01 2.637113724e+02
9.822046592e-01 -6.488027045e-03 1.877016592e-01 3.827655867e+02 1.715905993e-02 9.983233171e-01 -5.528219606e-02 -5.156271877e+01 -1.870282707e-01 5.751921456e-02 9.806691419e-01 2.650293525e+02
9.805280454e-01 -9.077278322e-03 1.961692007e-01 3.830335943e+02 1.981819534e-02 9.984052609e-01 -5.285994883e-02 -5.164589232e+01 -1.953765375e-01 5.571838184e-02 9.791442542e-01 2.663158752e+02
9.788076237e-01 -1.072909529e-02 2.045006659e-01 3.833165360e+02 2.158802311e-02 9.984682149e-01 -5.094291960e-02 -5.172309075e+01 -2.036408433e-01 5.427808318e-02 9.775399207e-01 2.676192663e+02
9.771802636e-01 -9.617105310e-03 2.121938825e-01 3.836067953e+02 2.093471507e-02 9.984713296e-01 -5.115409708e-02 -5.179888569e+01 -2.113775537e-01 5.442899254e-02 9.758878084e-01 2.689385961e+02
9.754375859e-01 -1.036956689e-02 2.200317890e-01 3.838983604e+02 2.174715132e-02 9.985447734e-01 -4.934974173e-02 -5.187753188e+01 -2.191998574e-01 5.292265755e-02 9.742436116e-01 2.702662622e+02
9.739403048e-01 -9.143122138e-03 2.266201360e-01 3.842015144e+02 2.031095333e-02 9.986885014e-01 -4.699725858e-02 -5.196447797e+01 -2.258932223e-01 5.037539535e-02 9.728486890e-01 2.715484640e+02
9.722557616e-01 -7.925271386e-03 2.337860648e-01 3.845051150e+02 1.871067871e-02 9.988584190e-01 -4.395189738e-02 -5.205337127e+01 -2.331708484e-01 4.710678141e-02 9.712941401e-01 2.728856964e+02
9.707458060e-01 -5.826212901e-03 2.400388204e-01 3.848239120e+02 1.642897735e-02 9.989743647e-01 -4.219368981e-02 -5.212578791e+01 -2.395467987e-01 4.490293977e-02 9.698458935e-01 2.741939987e+02
9.689102609e-01 -4.646322923e-03 2.473687893e-01 3.851271691e+02 1.497826696e-02 9.990913303e-01 -3.990194409e-02 -5.219501172e+01 -2.469586155e-01 4.236655883e-02 9.680994355e-01 2.754993892e+02
9.673171473e-01 -4.930006582e-03 2.535216589e-01 3.854610946e+02 1.488951209e-02 9.991901577e-01 -3.738089419e-02 -5.226673594e+01 -2.531320583e-01 3.993399374e-02 9.666071783e-01 2.767813327e+02
9.655018345e-01 -4.491961516e-03 2.603575040e-01 3.857895845e+02 1.419734847e-02 9.992720710e-01 -3.540852159e-02 -5.234665040e+01 -2.600089286e-01 3.788337876e-02 9.648627916e-01 2.781020486e+02
9.639265973e-01 -4.164931817e-03 2.661356202e-01 3.861393787e+02 1.457421584e-02 9.992034285e-01 -3.714970633e-02 -5.241266629e+01 -2.657688982e-01 3.968830799e-02 9.632194615e-01 2.794014450e+02
9.621451355e-01 -4.004245459e-03 2.725081729e-01 3.864764471e+02 1.459306276e-02 9.992145737e-01 -3.684125809e-02 -5.247923433e+01 -2.721466164e-01 3.942336612e-02 9.614478756e-01 2.806697129e+02
9.606331313e-01 -3.110735215e-03 2.778026466e-01 3.868386488e+02 1.345956798e-02 9.992842413e-01 -3.535314864e-02 -5.254671250e+01 -2.774938326e-01 3.770050949e-02 9.599874189e-01 2.819263524e+02
9.590929675e-01 -3.113595763e-03 2.830741691e-01 3.871931956e+02 1.321969038e-02 9.993412473e-01 -3.379809408e-02 -5.260094295e+01 -2.827824596e-01 3.615766722e-02 9.585023232e-01 2.831755751e+02
9.575649333e-01 -5.756661873e-04 2.882170488e-01 3.875660975e+02 1.033932249e-02 9.994229624e-01 -3.235491683e-02 -5.265780433e+01 -2.880321111e-01 3.396190278e-02 9.570183343e-01 2.844444952e+02
9.561696092e-01 1.458316382e-03 2.928097537e-01 3.879417513e+02 7.930639042e-03 9.994917789e-01 -3.087537609e-02 -5.271601000e+01 -2.927059677e-01 3.184426475e-02 9.556720982e-01 2.856885654e+02
9.549030225e-01 2.545915706e-03 2.969069482e-01 3.883180736e+02 7.956169492e-03 9.993847792e-01 -3.415790625e-02 -5.277330283e+01 -2.968112480e-01 3.497972993e-02 9.542952906e-01 2.869239380e+02
9.537239265e-01 -2.977513803e-04 3.006835268e-01 3.887102114e+02 1.217182490e-02 9.992180695e-01 -3.761776443e-02 -5.282644067e+01 -3.004372125e-01 3.953682924e-02 9.529818049e-01 2.881492108e+02
9.524745823e-01 -1.557715911e-03 3.046140895e-01 3.890966898e+02 1.423939321e-02 9.991214695e-01 -3.941483044e-02 -5.289282786e+01 -3.042850797e-01 4.187914396e-02 9.516599853e-01 2.893874998e+02
9.513756784e-01 -5.966240241e-03 3.079751979e-01 3.894859238e+02 1.851578040e-02 9.991121653e-01 -3.784239775e-02 -5.295684071e+01 -3.074759899e-01 4.170473797e-02 9.506414837e-01 2.906164800e+02
9.502873464e-01 -6.392905900e-03 3.113086733e-01 3.898788345e+02 1.881261939e-02 9.991415508e-01 -3.690862874e-02 -5.301385690e+01 -3.108054772e-01 4.093033445e-02 9.495918402e-01 2.918372712e+02
9.491460907e-01 -8.231414356e-03 3.147283629e-01 3.902860027e+02 1.963489637e-02 9.992598342e-01 -3.307952066e-02 -5.308418456e+01 -3.142231204e-01 3.757695651e-02 9.486051881e-01 2.930708431e+02
9.483774872e-01 -9.750989268e-03 3.169937853e-01 3.907017314e+02 1.999757020e-02 9.993768337e-01 -2.908679294e-02 -5.313622842e+01 -3.165126205e-01 3.392436508e-02 9.479814864e-01 2.942939727e+02
9.475103994e-01 -1.051687228e-02 3.195519337e-01 3.911171051e+02 1.981268060e-02 9.994693950e-01 -2.585316521e-02 -5.318496411e+01 -3.191104834e-01 3.082732330e-02 9.472160131e-01 2.955343779e+02
9.467568830e-01 -1.153516530e-02 3.217426681e-01 3.915313760e+02 2.119661815e-02 9.994229594e-01 -2.654150640e-02 -5.323726555e+01 -3.212508488e-01 3.194821034e-02 9.464550723e-01 2.967531056e+02
9.464790278e-01 -1.010599532e-02 3.226070657e-01 3.919423794e+02 2.064120479e-02 9.993589206e-01 -2.925215182e-02 -5.328710535e+01 -3.221046268e-01 3.434554672e-02 9.460808595e-01 2.979648807e+02
9.461125650e-01 -9.090704340e-03 3.237103234e-01 3.923520425e+02 1.980635875e-02 9.993589286e-01 -2.982347991e-02 -5.334165626e+01 -3.232316855e-01 3.462789187e-02 9.456860931e-01 2.991714267e+02
9.457578713e-01 -9.278473680e-03 3.247398325e-01 3.927583563e+02 1.970500270e-02 9.993899884e-01 -2.883338219e-02 -5.339676528e+01 -3.242742077e-01 3.366839744e-02 9.453637804e-01 3.003807553e+02
9.454376727e-01 -1.090878881e-02 3.256203392e-01 3.931722398e+02 2.075845863e-02 9.994255313e-01 -2.678980922e-02 -5.345230585e+01 -3.251410362e-01 3.208747122e-02 9.451209980e-01 3.015685854e+02
9.451789697e-01 -1.317357316e-02 3.262869475e-01 3.935837714e+02 2.256743982e-02 9.994321573e-01 -2.502146326e-02 -5.350496071e+01 -3.257720458e-01 3.101322192e-02 9.449395506e-01 3.027437430e+02
9.448541805e-01 -1.519337965e-02 3.271387149e-01 3.939996796e+02 2.443960557e-02 9.994090454e-01 -2.417158865e-02 -5.353952492e+01 -3.265781426e-01 3.083376775e-02 9.446671348e-01 3.039326600e+02
9.442582201e-01 -1.661116893e-02 3.287863788e-01 3.944094021e+02 2.589985277e-02 9.993789971e-01 -2.389179128e-02 -5.358319134e+01 -3.281853309e-01 3.107553911e-02 9.441020599e-01 3.051256133e+02
9.437678787e-01 -1.624468297e-02 3.302094812e-01 3.948136462e+02 2.584758160e-02 9.993604287e-01 -2.471105278e-02 -5.361679801e+01 -3.295968655e-01 3.185661438e-02 9.435841576e-01 3.063007182e+02
9.432187947e-01 -1.542344738e-02 3.318138372e-01 3.952150315e+02 2.541847919e-02 9.993438325e-01 -2.580320448e-02 -5.365424571e+01 -3.311981373e-01 3.277227054e-02 9.429919258e-01 3.074876665e+02
9.427739835e-01 -1.199041078e-02 3.332168154e-01 3.956166872e+02 2.224368894e-02 9.993886644e-01 -2.697250018e-02 -5.370374735e+01 -3.326896968e-01 3.284094264e-02 9.424643432e-01 3.086485411e+02
9.422592322e-01 -7.289777985e-03 3.348050157e-01 3.960107538e+02 1.778692440e-02 9.994412786e-01 -2.829763073e-02 -5.375368488e+01 -3.344116696e-01 3.261885531e-02 9.418624345e-01 3.098088310e+02
9.419609299e-01 -4.615559651e-03 3.356907851e-01 3.964015967e+02 1.506749138e-02 9.994791504e-01 -2.853766911e-02 -5.380168856e+01 -3.353842234e-01 3.193938735e-02 9.415398548e-01 3.109392802e+02
9.416134069e-01 -3.114971767e-03 3.366815837e-01 3.967882086e+02 1.308191590e-02 9.995406134e-01 -2.733908552e-02 -5.384362784e+01 -3.364417563e-01 3.014728962e-02 9.412215922e-01 3.120586682e+02
9.414832548e-01 -2.037686154e-03 3.370535993e-01 3.971868024e+02 1.171920666e-02 9.995750098e-01 -2.669194659e-02 -5.389365614e+01 -3.368559650e-01 2.908002153e-02 9.411070137e-01 3.131805941e+02
9.412098943e-01 -9.138475895e-04 3.378211060e-01 3.975785062e+02 1.089290813e-02 9.995584514e-01 -2.764501288e-02 -5.394375183e+01 -3.376466783e-01 2.969961392e-02 9.408042589e-01 3.143093061e+02
9.411175043e-01 1.178337390e-03 3.380775866e-01 3.979754484e+02 8.732745255e-03 9.995755388e-01 -2.779355102e-02 -5.399102414e+01 -3.379668359e-01 2.910934281e-02 9.407077463e-01 3.154197227e+02
9.409640750e-01 1.264183811e-03 3.385040790e-01 3.983738004e+02 8.196653893e-03 9.996147309e-01 -2.651800721e-02 -5.403542943e+01 -3.384071874e-01 2.772709291e-02 9.405911885e-01 3.165289771e+02
9.408376687e-01 2.393253151e-03 3.388491605e-01 3.987781146e+02 6.421687336e-03 9.996695503e-01 -2.489080283e-02 -5.408939312e+01 -3.387967579e-01 2.559418827e-02 9.405114004e-01 3.176354139e+02
9.409244365e-01 2.536790823e-03 3.386071021e-01 3.991668870e+02 6.386155889e-03 9.996611432e-01 -2.523521005e-02 -5.413372527e+01 -3.385563792e-01 2.590682353e-02 9.405893975e-01 3.187466413e+02
9.412836690e-01 4.455247635e-04 3.376164333e-01 3.995622518e+02 9.701472739e-03 9.995504966e-01 -2.836699108e-02 -5.416617209e+01 -3.374773118e-01 2.997676206e-02 9.408562365e-01 3.198697445e+02
9.416925010e-01 1.352940341e-04 3.364746875e-01 3.999472206e+02 1.009038864e-02 9.995388064e-01 -2.864190178e-02 -5.421027565e+01 -3.363233826e-01 3.036702448e-02 9.412568332e-01 3.209927263e+02
9.418401370e-01 2.090734346e-04 3.360611738e-01 4.003397810e+02 8.980918421e-03 9.996269964e-01 -2.579168783e-02 -5.426009051e+01 -3.359412142e-01 2.730978478e-02 9.414869496e-01 3.221510114e+02
9.421157374e-01 -4.661600452e-05 3.352878393e-01 4.007370576e+02 8.318518615e-03 9.996954226e-01 -2.323497777e-02 -5.430119539e+01 -3.351846351e-01 2.467913635e-02 9.418291781e-01 3.233230066e+02
9.425055414e-01 -1.097996409e-03 3.341887175e-01 4.011488867e+02 9.663674613e-03 9.996659752e-01 -2.396980150e-02 -5.433410098e+01 -3.340507714e-01 2.582116176e-02 9.422013318e-01 3.244464890e+02
9.422778182e-01 1.114895645e-04 3.348320489e-01 4.015468263e+02 8.902966410e-03 9.996380429e-01 -2.538740542e-02 -5.436956619e+01 -3.347136845e-01 2.690298748e-02 9.419357614e-01 3.256039513e+02
9.416050406e-01 5.123712428e-04 3.367190001e-01 4.019523502e+02 8.512000262e-03 9.996430523e-01 -2.532417447e-02 -5.440762416e+01 -3.366117844e-01 2.671152254e-02 9.412645755e-01 3.267339886e+02
9.404722413e-01 2.268757075e-03 3.398629373e-01 4.023702582e+02 6.342064633e-03 9.996864573e-01 -2.422323990e-02 -5.444399146e+01 -3.398113323e-01 2.493671744e-02 9.401629745e-01 3.278584541e+02
9.385286710e-01 4.894821019e-03 3.451665893e-01 4.027866923e+02 2.977456058e-03 9.997474847e-01 -2.227334023e-02 -5.448053429e+01 -3.451884535e-01 2.193188675e-02 9.382771040e-01 3.290119851e+02
9.363250531e-01 8.414024059e-03 3.510336153e-01 4.032187155e+02 -1.712596790e-03 9.998104002e-01 -1.939666512e-02 -5.453453773e+01 -3.511302634e-01 1.756040446e-02 9.361619359e-01 3.301322258e+02
9.337093857e-01 1.014254917e-02 3.578881273e-01 4.036577838e+02 -3.683120709e-03 9.998178731e-01 -1.872578901e-02 -5.457084916e+01 -3.580128735e-01 1.616629978e-02 9.335766884e-01 3.312799853e+02
9.304806813e-01 1.177503998e-02 3.661516763e-01 4.040965525e+02 -4.798975479e-03 9.997893264e-01 -1.995677144e-02 -5.460456030e+01 -3.663095296e-01 1.681223737e-02 9.303411617e-01 3.324435874e+02
9.272754769e-01 1.055549124e-02 3.742309066e-01 4.045600606e+02 -3.716019483e-03 9.998127124e-01 -1.899292781e-02 -5.464211953e+01 -3.743612975e-01 1.622102685e-02 9.271410342e-01 3.335929597e+02
9.240471880e-01 7.004963444e-03 3.822142394e-01 4.050462138e+02 -1.040660245e-03 9.998744867e-01 -1.580910503e-02 -5.467936627e+01 -3.822770087e-01 1.421060388e-02 9.239384976e-01 3.347224387e+02
9.206385785e-01 1.868174044e-03 3.904114723e-01 4.055462255e+02 3.188153812e-03 9.999192349e-01 -1.230281612e-02 -5.471300378e+01 -3.904029245e-01 1.257113897e-02 9.205582670e-01 3.358833196e+02
9.174556434e-01 3.559806521e-03 3.978221589e-01 4.060356601e+02 2.299878552e-03 9.998958005e-01 -1.425127289e-02 -5.474554632e+01 -3.978314378e-01 1.398985339e-02 9.173518578e-01 3.370118039e+02
9.138792435e-01 8.295301544e-03 4.059013627e-01 4.065434084e+02 2.766478622e-04 9.997782790e-01 -2.105507846e-02 -5.477554095e+01 -4.059860241e-01 1.935409092e-02 9.136743224e-01 3.381948044e+02
9.106550310e-01 1.241212037e-02 4.129810575e-01 4.070695073e+02 -1.384986704e-03 9.996347453e-01 -2.698995868e-02 -5.480168769e+01 -4.131652168e-01 2.400656838e-02 9.103396005e-01 3.393252373e+02
9.070469214e-01 1.719547097e-02 4.206782596e-01 4.075956048e+02 -7.721182285e-03 9.996769726e-01 -2.421432890e-02 -5.485038255e+01 -4.209587458e-01 1.871539896e-02 9.068866898e-01 3.404906368e+02
9.032660712e-01 1.238196846e-02 4.289021933e-01 4.081376250e+02 -5.128590905e-03 9.998236954e-01 -1.806310022e-02 -5.489880051e+01 -4.290502326e-01 1.411612168e-02 9.031703234e-01 3.416835161e+02
9.004516479e-01 8.588122211e-03 4.348713303e-01 4.087116108e+02 -3.401571607e-03 9.999135203e-01 -1.270359384e-02 -5.493542581e+01 -4.349428228e-01 9.959726037e-03 9.004029902e-01 3.428715659e+02
8.981281409e-01 4.661599418e-03 4.397091220e-01 4.093017057e+02 1.612526026e-03 9.999021710e-01 -1.389418157e-02 -5.495875928e+01 -4.397308748e-01 1.318779787e-02 8.980327609e-01 3.440424771e+02
8.952818532e-01 5.729382675e-03 4.454633290e-01 4.098855956e+02 8.642211378e-04 9.998930826e-01 -1.459714230e-02 -5.498673097e+01 -4.454993339e-01 1.345353544e-02 8.951811805e-01 3.452586552e+02
8.922480684e-01 4.617186453e-03 4.515219442e-01 4.104593989e+02 1.113034837e-03 9.999221936e-01 -1.242449113e-02 -5.501141224e+01 -4.515441790e-01 1.158828786e-02 8.921735066e-01 3.464404221e+02
8.897735685e-01 2.564016464e-03 4.563950291e-01 4.110509426e+02 6.542263481e-04 9.999760269e-01 -6.893300996e-03 -5.502637101e+01 -4.564017625e-01 6.432062679e-03 8.897505604e-01 3.476108860e+02
8.872242568e-01 6.846602730e-04 4.613378907e-01 4.116695892e+02 2.980268986e-03 9.999695265e-01 -7.215549412e-03 -5.504168060e+01 -4.613287723e-01 7.776721472e-03 8.871951795e-01 3.488335726e+02
8.848801604e-01 -3.404949701e-03 4.658062989e-01 4.122855759e+02 7.522309014e-03 9.999473422e-01 -6.980523042e-03 -5.506404185e+01 -4.657580022e-01 9.680865270e-03 8.848591776e-01 3.499957348e+02
8.826163399e-01 -5.909050201e-03 4.700568897e-01 4.129017757e+02 9.517657349e-03 9.999406554e-01 -5.300933604e-03 -5.509475404e+01 -4.699976709e-01 9.152531027e-03 8.826202017e-01 3.511443052e+02
8.801697128e-01 -8.289380787e-03 4.745867285e-01 4.135270724e+02 1.141719477e-02 9.999279426e-01 -3.709091429e-03 -5.513591071e+01 -4.745217849e-01 8.683079052e-03 8.802009315e-01 3.523157823e+02
8.781339713e-01 -1.154353733e-02 4.782755223e-01 4.141641165e+02 1.417115279e-02 9.998978063e-01 -1.885551290e-03 -5.515723690e+01 -4.782048796e-01 8.433482145e-03 8.782078168e-01 3.534844851e+02
8.761355411e-01 -1.622051032e-02 4.817918727e-01 4.147815706e+02 1.766370820e-02 9.998427979e-01 1.540411798e-03 -5.517862075e+01 -4.817411203e-01 7.160621527e-03 8.762843251e-01 3.546299429e+02
8.749088954e-01 -2.140920304e-02 4.838140869e-01 4.154157923e+02 2.283279228e-02 9.997349475e-01 2.949305190e-03 -5.518167571e+01 -4.837489931e-01 8.466453205e-03 8.751658305e-01 3.557707139e+02
8.741501769e-01 -2.567644364e-02 4.849764824e-01 4.160491554e+02 2.872549621e-02 9.995866817e-01 1.145279256e-03 -5.520566236e+01 -4.848054395e-01 1.293004404e-02 8.745264432e-01 3.568845626e+02
8.732946659e-01 -2.574950115e-02 4.865114487e-01 4.166671050e+02 2.933052477e-02 9.995697350e-01 2.553510624e-04 -5.520442657e+01 -4.863086950e-01 1.404663938e-02 8.736741641e-01 3.580193201e+02
8.721630708e-01 -2.589210056e-02 4.885296072e-01 4.173017123e+02 2.896245946e-02 9.995796911e-01 1.271632859e-03 -5.521578060e+01 -4.883571991e-01 1.303994772e-02 8.725463918e-01 3.591886088e+02
8.714638715e-01 -2.379220364e-02 4.898822836e-01 4.179397989e+02 2.576813937e-02 9.996642696e-01 2.711290888e-03 -5.523898609e+01 -4.897823228e-01 1.026056291e-02 8.717843754e-01 3.603257174e+02
8.704738541e-01 -2.252482751e-02 4.916989948e-01 4.185820100e+02 2.542325795e-02 9.996764665e-01 7.875928952e-04 -5.523996162e+01 -4.915576541e-01 1.181501136e-02 8.707648812e-01 3.614873695e+02
8.697498094e-01 -2.282538729e-02 4.929647765e-01 4.192231343e+02 2.521581176e-02 9.996804129e-01 1.798597324e-03 -5.525849748e+01 -4.928482849e-01 1.086617733e-02 8.700474092e-01 3.626212128e+02
8.688706574e-01 -2.570881710e-02 4.943711535e-01 4.198505313e+02 2.742107702e-02 9.996167873e-01 3.789856913e-03 -5.525940747e+01 -4.942791370e-01 1.026329401e-02 8.692426586e-01 3.637530253e+02
8.680448853e-01 -2.785699116e-02 4.957036062e-01 4.204775537e+02 2.744572278e-02 9.995903749e-01 8.112632032e-03 -5.526607337e+01 -4.957265470e-01 6.562815014e-03 8.684538675e-01 3.648939349e+02
8.680844724e-01 -2.706613570e-02 4.956780943e-01 4.211463654e+02 2.541242931e-02 9.996262424e-01 1.007888848e-02 -5.526650805e+01 -4.957656274e-01 3.847057947e-03 8.684478354e-01 3.660569224e+02
8.685860602e-01 -2.161964853e-02 4.950665075e-01 4.217819949e+02 1.974779924e-02 9.997643700e-01 9.012710586e-03 -5.526617343e+01 -4.951447066e-01 1.948159220e-03 8.688083357e-01 3.671938615e+02
8.684405363e-01 -2.145040181e-02 4.953290978e-01 4.224311643e+02 2.287308678e-02 9.997332830e-01 3.191342644e-03 -5.527849333e+01 -4.952654407e-01 8.558214119e-03 8.686995454e-01 3.683598794e+02
8.695659733e-01 -1.808902241e-02 4.934853649e-01 4.230936263e+02 2.126887289e-02 9.997734471e-01 -8.303465495e-04 -5.527588799e+01 -4.933585443e-01 1.121791861e-02 8.697537037e-01 3.695156505e+02
8.703172302e-01 -2.658080820e-02 4.917737075e-01 4.237438278e+02 2.676319577e-02 9.996195747e-01 6.666126547e-03 -5.527861911e+01 -4.917638154e-01 7.359791218e-03 8.706975269e-01 3.706719301e+02
8.709235892e-01 -3.675624799e-02 4.900419166e-01 4.244023962e+02 3.453608328e-02 9.993112430e-01 1.357565963e-02 -5.528301420e+01 -4.902033871e-01 5.100766233e-03 8.715931513e-01 3.718240205e+02
8.712077551e-01 -3.885223280e-02 4.893746535e-01 4.250546754e+02 3.763510405e-02 9.992154831e-01 1.232952711e-02 -5.527975001e+01 -4.894697605e-01 7.676086365e-03 8.719864857e-01 3.729741054e+02
8.716307165e-01 -3.595869269e-02 4.888423739e-01 4.257048140e+02 3.733512133e-02 9.992787343e-01 6.935401979e-03 -5.527794588e+01 -4.887391767e-01 1.220587994e-02 8.723445613e-01 3.741330276e+02
8.724666733e-01 -3.342844276e-02 4.875289153e-01 4.263436890e+02 3.489095492e-02 9.993726044e-01 6.084304843e-03 -5.528650058e+01 -4.874264307e-01 1.170199620e-02 8.730856418e-01 3.752755362e+02
8.729245798e-01 -3.408740688e-02 4.866628470e-01 4.269902499e+02 3.456982437e-02 9.993703345e-01 7.991351361e-03 -5.529311118e+01 -4.866288167e-01 9.848002120e-03 8.735533250e-01 3.764270988e+02
8.731425027e-01 -3.562192893e-02 4.861617510e-01 4.276318997e+02 3.440356051e-02 9.993426009e-01 1.143508342e-02 -5.529453031e+01 -4.862494885e-01 6.741237867e-03 8.737940207e-01 3.775723148e+02
8.736041676e-01 -3.959868169e-02 4.850234044e-01 4.282847826e+02 3.642075729e-02 9.992087924e-01 1.597866306e-02 -5.529717125e+01 -4.852723842e-01 3.705893050e-03 8.743551793e-01 3.787232476e+02
8.740612647e-01 -4.310336826e-02 4.838997883e-01 4.289172019e+02 3.940082802e-02 9.990645289e-01 1.782250983e-02 -5.529486758e+01 -4.842153243e-01 3.488086861e-03 8.749419141e-01 3.798543670e+02
8.748949119e-01 -4.236484625e-02 4.824563326e-01 4.295695058e+02 3.831265866e-02 9.990990460e-01 1.825476578e-02 -5.530769026e+01 -4.827950220e-01 2.513183095e-03 8.757297817e-01 3.809850019e+02
8.753107674e-01 -4.073149203e-02 4.818423042e-01 4.301979195e+02 3.675463938e-02 9.991676579e-01 1.769429090e-02 -5.529739788e+01 -4.821619614e-01 2.221936787e-03 8.760792806e-01 3.821268959e+02
8.753847848e-01 -4.148096006e-02 4.816438606e-01 4.308190029e+02 3.587272760e-02 9.991388190e-01 2.085108592e-02 -5.528636175e+01 -4.820940011e-01 -9.748443488e-04 8.761189553e-01 3.832610975e+02
8.756307718e-01 -4.074289374e-02 4.812595641e-01 4.314491013e+02 3.489853184e-02 9.991682619e-01 2.109210644e-02 -5.527835549e+01 -4.817186356e-01 -1.673645225e-03 8.763243435e-01 3.843947152e+02
8.760192860e-01 -4.014434989e-02 4.806023739e-01 4.320842595e+02 3.427751312e-02 9.991920708e-01 2.098232151e-02 -5.527350469e+01 -4.810564029e-01 -1.907064131e-03 8.766875728e-01 3.855413212e+02
8.761052919e-01 -3.924004980e-02 4.805202764e-01 4.326957797e+02 3.430744325e-02 9.992297921e-01 1.904788345e-02 -5.526551142e+01 -4.808976158e-01 -2.025293698e-04 8.767767344e-01 3.866663487e+02
8.753616826e-01 -3.812595276e-02 4.819630032e-01 4.332987877e+02 3.209250619e-02 9.992692801e-01 2.075998175e-02 -5.525396755e+01 -4.824023173e-01 -2.705091892e-03 8.759455958e-01 3.878074460e+02
8.748131851e-01 -3.615888276e-02 4.831091247e-01 4.339136244e+02 2.999689044e-02 9.993401912e-01 2.047849862e-02 -5.524801364e+01 -4.835308447e-01 -3.423089116e-03 8.753206297e-01 3.889581774e+02
8.741487570e-01 -3.484258748e-02 4.844067967e-01 4.345640036e+02 2.873985991e-02 9.993864023e-01 2.002097286e-02 -5.523679464e+01 -4.848071483e-01 -3.579525064e-03 8.746137524e-01 3.901424529e+02
8.735054092e-01 -3.608596840e-02 4.854751312e-01 4.352041236e+02 2.982457440e-02 9.993424468e-01 2.061962035e-02 -5.521787365e+01 -4.858999844e-01 -3.532260737e-03 8.740072816e-01 3.912864240e+02
8.728157587e-01 -3.771885432e-02 4.865901143e-01 4.358407661e+02 3.055650174e-02 9.992763725e-01 2.265020053e-02 -5.521228412e+01 -4.870923439e-01 -4.900960288e-03 8.733367215e-01 3.924236223e+02
8.720029001e-01 -3.922372980e-02 4.879266761e-01 4.364766058e+02 3.141986481e-02 9.992139185e-01 2.417306554e-02 -5.519510196e+01 -4.884912838e-01 -5.748393052e-03 8.725498391e-01 3.935621798e+02
8.714079059e-01 -3.792701637e-02 4.890907922e-01 4.371126411e+02 3.100891441e-02 9.992716223e-01 2.224122428e-02 -5.517197143e+01 -4.895780926e-01 -4.215004160e-03 8.719492674e-01 3.946937655e+02
8.707528682e-01 -3.855515182e-02 4.902070407e-01 4.377438871e+02 3.177917371e-02 9.992496152e-01 2.214250931e-02 -5.514871042e+01 -4.906929046e-01 -3.702278792e-03 8.713247193e-01 3.958071728e+02
8.698980263e-01 -3.885468252e-02 4.916988281e-01 4.383706025e+02 3.265362194e-02 9.992420402e-01 2.119165302e-02 -5.513319208e+01 -4.921495351e-01 -2.378829496e-03 8.705074246e-01 3.969254690e+02
8.689197113e-01 -3.978986859e-02 4.933510938e-01 4.390125075e+02 3.365862968e-02 9.992062475e-01 2.130660829e-02 -5.512299845e+01 -4.938072823e-01 -1.908210160e-03 8.695692765e-01 3.980746392e+02
8.681909741e-01 -3.911194449e-02 4.946864546e-01 4.396762334e+02 3.368275647e-02 9.992346518e-01 1.988925508e-02 -5.510775988e+01 -4.950857546e-01 -6.052683609e-04 8.688439038e-01 3.992297236e+02
8.664620007e-01 -3.784872677e-02 4.978062627e-01 4.403213311e+02 3.244823429e-02 9.992832050e-01 1.949841879e-02 -5.510095864e+01 -4.981874280e-01 -7.417047095e-04 8.670690494e-01 4.003740993e+02
8.643865506e-01 -3.615934948e-02 5.015260637e-01 4.409639611e+02 3.021959783e-02 9.993438227e-01 1.996747394e-02 -5.508703353e+01 -5.019189846e-01 -2.103699979e-03 8.649120807e-01 4.014920044e+02
8.625214307e-01 -3.246287472e-02 5.049781612e-01 4.416083089e+02 2.513048483e-02 9.994566619e-01 2.132697114e-02 -5.507960078e+01 -5.053961221e-01 -5.704623639e-03 8.628685978e-01 4.025955982e+02
8.602592972e-01 -3.000941532e-02 5.089728642e-01 4.422511168e+02 2.383361295e-02 9.995419546e-01 1.865046880e-02 -5.506465230e+01 -5.092994212e-01 -3.913576938e-03 8.605804922e-01 4.037327663e+02
8.586180833e-01 -2.556698165e-02 5.119778477e-01 4.429015701e+02 2.125798150e-02 9.996721737e-01 1.427036896e-02 -5.505205513e+01 -5.121748581e-01 -1.369181225e-03 8.588801081e-01 4.048138761e+02
8.569527204e-01 -2.702924924e-02 5.146857825e-01 4.435727672e+02 2.246835727e-02 9.996337116e-01 1.508693093e-02 -5.504551356e+01 -5.149050475e-01 -1.364642464e-03 8.572461314e-01 4.059321075e+02
8.554550003e-01 -3.104756220e-02 5.169456368e-01 4.442128303e+02 2.359058634e-02 9.995012991e-01 2.099136337e-02 -5.504254891e+01 -5.173395662e-01 -5.762116076e-03 8.557608143e-01 4.069887103e+02
8.538838552e-01 -3.343745482e-02 5.193883888e-01 4.448813448e+02 2.335519866e-02 9.993905642e-01 2.594291682e-02 -5.502841025e+01 -5.199393200e-01 -1.002181883e-02 8.541444062e-01 4.080857121e+02
8.527018965e-01 -2.974399100e-02 5.215503529e-01 4.455628379e+02 1.806543620e-02 9.994595580e-01 2.746328193e-02 -5.500764453e+01 -5.220853528e-01 -1.399595796e-02 8.527783988e-01 4.092126341e+02
8.510880844e-01 -2.715395363e-02 5.243202603e-01 4.462253604e+02 1.529798546e-02 9.995202045e-01 2.693199788e-02 -5.499358401e+01 -5.248000040e-01 -1.490045876e-02 8.510951369e-01 4.103080057e+02
8.496344003e-01 -2.131878775e-02 5.269410737e-01 4.468515885e+02 1.213506380e-02 9.997083533e-01 2.087937930e-02 -5.499269250e+01 -5.272325161e-01 -1.134537536e-02 8.496453121e-01 4.113440369e+02
8.485345253e-01 -2.223854451e-02 5.286724945e-01 4.475038368e+02 1.803853608e-02 9.997514428e-01 1.310205540e-02 -5.497960873e+01 -5.288324598e-01 -1.581068492e-03 8.487247668e-01 4.123759867e+02
8.475312782e-01 -2.456147084e-02 5.301768258e-01 4.481274025e+02 2.111040117e-02 9.996981747e-01 1.256624574e-02 -5.496787932e+01 -5.303254505e-01 5.419591716e-04 8.477939743e-01 4.133866032e+02
8.463990671e-01 -3.062540092e-02 5.316678512e-01 4.487566209e+02 2.524116570e-02 9.995300858e-01 1.739226941e-02 -5.497809736e+01 -5.319506581e-01 -1.300884281e-03 8.467743531e-01 4.143989076e+02
8.452466453e-01 -2.959117971e-02 5.335564363e-01 4.493911389e+02 2.220309156e-02 9.995481426e-01 2.026162431e-02 -5.496278804e+01 -5.339149102e-01 -5.279467571e-03 8.455217300e-01 4.154197225e+02
8.441362030e-01 -2.568536161e-02 5.355131492e-01 4.500255074e+02 1.756859574e-02 9.996405121e-01 2.025317279e-02 -5.495171670e+01 -5.358408488e-01 -7.688222347e-03 8.442840020e-01 4.164282641e+02
8.429448947e-01 -2.294462902e-02 5.375104171e-01 4.506274148e+02 1.430002019e-02 9.996927191e-01 2.024788583e-02 -5.494454311e+01 -5.378098306e-01 -9.381442177e-03 8.430139825e-01 4.174051701e+02
8.424272659e-01 -1.809745680e-02 5.385060665e-01 4.512579076e+02 9.985187218e-03 9.997885023e-01 1.797906443e-02 -5.493445621e+01 -5.387175491e-01 -9.768970199e-03 8.424298010e-01 4.183939745e+02
8.416279991e-01 -1.449843376e-02 5.398630442e-01 4.518676876e+02 7.476166267e-03 9.998565715e-01 1.519682353e-02 -5.493111288e+01 -5.400059426e-01 -8.753966301e-03 8.416156784e-01 4.193902431e+02
8.408205104e-01 -1.451033862e-02 5.411195056e-01 4.524737491e+02 8.807875367e-03 9.998750582e-01 1.312590534e-02 -5.492812597e+01 -5.412423585e-01 -6.270417264e-03 8.408432620e-01 4.203623858e+02
8.401130876e-01 -1.473968346e-02 5.422109753e-01 4.530981575e+02 8.126805215e-03 9.998605517e-01 1.458877260e-02 -5.492453764e+01 -5.423503987e-01 -7.849775810e-03 8.401157218e-01 4.213392547e+02
8.395674445e-01 -1.401078825e-02 5.430747682e-01 4.537080858e+02 5.957077798e-03 9.998447028e-01 1.658564227e-02 -5.492541881e+01 -5.432228082e-01 -1.068962665e-02 8.395205254e-01 4.222954741e+02
8.385522276e-01 -1.161246991e-02 5.446974500e-01 4.543036735e+02 5.405739271e-03 9.999009495e-01 1.299496625e-02 -5.492288316e+01 -5.447944012e-01 -7.952465503e-03 8.385319426e-01 4.232532093e+02
8.380283653e-01 -1.278810174e-02 5.454767853e-01 4.549273162e+02 7.957296440e-03 9.999054290e-01 1.121670508e-02 -5.492311130e+01 -5.455686394e-01 -5.059396540e-03 8.380508709e-01 4.242081639e+02
8.375514951e-01 -1.597186581e-02 5.461248873e-01 4.555450854e+02 1.026542591e-02 9.998561984e-01 1.349827920e-02 -5.493101908e+01 -5.462619463e-01 -5.699299359e-03 8.375950119e-01 4.251872695e+02
8.372502066e-01 -1.595880810e-02 5.465870544e-01 4.561531776e+02 1.017243179e-02 9.998556198e-01 1.361106759e-02 -5.493316436e+01 -5.467253545e-01 -5.835749619e-03 8.372916641e-01 4.261508058e+02
8.372933142e-01 -1.585254180e-02 5.465241100e-01 4.567436800e+02 1.183267377e-02 9.998708602e-01 1.087431617e-02 -5.494052632e+01 -5.466259176e-01 -2.638150728e-03 8.373727643e-01 4.270973445e+02
8.370061007e-01 -1.746123972e-02 5.469148859e-01 4.573410367e+02 1.341335140e-02 9.998451188e-01 1.139387227e-02 -5.494262601e+01 -5.470291303e-01 -2.200779046e-03 8.371106780e-01 4.280488536e+02
8.369046537e-01 -1.943336004e-02 5.470036062e-01 4.579295789e+02 1.434548960e-02 9.998049891e-01 1.357168989e-02 -5.495091276e+01 -5.471606781e-01 -3.511175887e-03 8.370202292e-01 4.289772638e+02
8.368492919e-01 -2.191559472e-02 5.469944875e-01 4.585115443e+02 1.638902301e-02 9.997534400e-01 1.498195887e-02 -5.495356984e+01 -5.471879591e-01 -3.572936427e-03 8.370021335e-01 4.298774535e+02
8.368616132e-01 -2.425299704e-02 5.468769812e-01 4.590922269e+02 1.896001787e-02 9.997028432e-01 1.532132316e-02 -5.495300252e+01 -5.470860610e-01 -2.453029877e-03 8.370727713e-01 4.307398038e+02
8.359992179e-01 -2.459783618e-02 5.481790347e-01 4.596752088e+02 1.999802481e-02 9.996968836e-01 1.436035780e-02 -5.495504477e+01 -5.483661064e-01 -1.042749952e-03 8.362377210e-01 4.316444604e+02
8.347041382e-01 -2.384048994e-02 5.501823632e-01 4.602552158e+02 2.052547395e-02 9.997151406e-01 1.217959926e-02 -5.494984362e+01 -5.503160062e-01 1.126391862e-03 8.349557022e-01 4.325197267e+02
8.324725953e-01 -2.387072817e-02 5.535517739e-01 4.608192675e+02 2.122518794e-02 9.997120917e-01 1.119040457e-02 -5.495617940e+01 -5.536595249e-01 2.433535304e-03 8.327395802e-01 4.333901954e+02
8.301395872e-01 -2.478192091e-02 5.570045980e-01 4.613956120e+02 2.201737064e-02 9.996895485e-01 1.166370327e-02 -5.495935649e+01 -5.571207241e-01 2.581274866e-03 8.304275018e-01 4.342585890e+02
8.281642004e-01 -2.449375684e-02 5.599500988e-01 4.619677366e+02 2.144630245e-02 9.996978560e-01 1.201052789e-02 -5.496251956e+01 -5.600750962e-01 2.062169945e-03 8.284392760e-01 4.351077967e+02
8.259517840e-01 -2.581262367e-02 5.631494996e-01 4.625235975e+02 2.305540631e-02 9.996620934e-01 1.200613238e-02 -5.497052903e+01 -5.632691174e-01 3.067154063e-03 8.262678100e-01 4.359260635e+02
8.241074135e-01 -2.538520530e-02 5.658644382e-01 4.630925304e+02 2.244071925e-02 9.996741683e-01 1.216434615e-02 -5.497532869e+01 -5.659888560e-01 2.673677148e-03 8.244085555e-01 4.367409004e+02
8.211804847e-01 -2.510263223e-02 5.701161894e-01 4.636396968e+02 2.172538770e-02 9.996830023e-01 1.272409113e-02 -5.497742590e+01 -5.702548721e-01 1.937219926e-03 8.214655367e-01 4.375494136e+02
8.185956297e-01 -2.510146201e-02 5.738214981e-01 4.641906412e+02 2.099670409e-02 9.996846119e-01 1.377734213e-02 -5.498411189e+01 -5.739863530e-01 7.702881415e-04 8.188645023e-01 4.383410185e+02
8.159198380e-01 -2.580868417e-02 5.775887202e-01 4.647369466e+02 2.130945834e-02 9.996668108e-01 1.456620413e-02 -5.497943959e+01 -5.777722085e-01 4.232478555e-04 8.161979515e-01 4.391133305e+02
8.133293461e-01 -2.370181667e-02 5.813205644e-01 4.652545600e+02 1.880615914e-02 9.997187366e-01 1.444908303e-02 -5.498459671e+01 -5.814995297e-01 -8.194562081e-04 8.135463265e-01 4.398815771e+02
8.112760119e-01 -2.285094893e-02 5.842166264e-01 4.657756762e+02 1.661815620e-02 9.997334586e-01 1.602649821e-02 -5.499088954e+01 -5.844271292e-01 -3.293310397e-03 8.114395139e-01 4.406253400e+02
8.097846105e-01 -2.310255875e-02 5.862722545e-01 4.662884853e+02 1.643224352e-02 9.997255395e-01 1.669811255e-02 -5.499974790e+01 -5.864971151e-01 -3.888106112e-03 8.099419835e-01 4.413337985e+02
8.080341136e-01 -2.410665078e-02 5.886422858e-01 4.667922495e+02 1.932120103e-02 9.997093539e-01 1.441869696e-02 -5.500501751e+01 -5.888187858e-01 -2.775230759e-04 8.082650311e-01 4.420397930e+02
8.072856501e-01 -1.956682687e-02 5.898364337e-01 4.672775343e+02 1.914009981e-02 9.997925154e-01 6.970134257e-03 -5.499828626e+01 -5.898504351e-01 5.662638848e-03 8.074926617e-01 4.427075609e+02
8.071544137e-01 -1.657647571e-02 5.901075944e-01 4.677686840e+02 1.943387403e-02 9.998100141e-01 1.503436357e-03 -5.499698717e+01 -5.900204039e-01 1.025457136e-02 8.073232108e-01 4.433708437e+02
8.076278561e-01 -1.891095852e-02 5.893891938e-01 4.682589547e+02 2.215281601e-02 9.997531129e-01 1.722220820e-03 -5.500765393e+01 -5.892762500e-01 1.166571686e-02 8.078473941e-01 4.440422804e+02
8.084841469e-01 -2.187467655e-02 5.881112843e-01 4.687376905e+02 2.428107169e-02 9.996979337e-01 3.804054563e-03 -5.500806887e+01 -5.880168482e-01 1.120445445e-02 8.087710717e-01 4.446974169e+02
8.091520530e-01 -2.599968577e-02 5.870238253e-01 4.692099940e+02 2.736053068e-02 9.996041090e-01 6.559466560e-03 -5.501587626e+01 -5.869619719e-01 1.075367755e-02 8.095430822e-01 4.453407798e+02
8.100310277e-01 -2.910987633e-02 5.856640242e-01 4.696637124e+02 2.977487688e-02 9.995205000e-01 8.498633722e-03 -5.502400623e+01 -5.856305924e-01 1.055391720e-02 8.105093609e-01 4.459807366e+02
8.111754577e-01 -3.185198269e-02 5.839347807e-01 4.701015060e+02 3.155748646e-02 9.994448915e-01 1.067866321e-02 -5.503343119e+01 -5.839507701e-01 9.765244420e-03 8.117303358e-01 4.465952597e+02
8.117004764e-01 -3.546165164e-02 5.829964047e-01 4.705285587e+02 3.527181606e-02 9.993095476e-01 1.167591619e-02 -5.503969297e+01 -5.830079207e-01 1.108599521e-02 8.123908327e-01 4.472076989e+02
8.132995303e-01 -3.721496572e-02 5.806538731e-01 4.709639463e+02 3.762470699e-02 9.992275663e-01 1.134249406e-02 -5.503805974e+01 -5.806274670e-01 1.262208675e-02 8.140715125e-01 4.477963378e+02
8.138416875e-01 -3.624016488e-02 5.799554794e-01 4.713644853e+02 3.664357044e-02 9.992676275e-01 1.102077418e-02 -5.504452948e+01 -5.799301306e-01 1.228247401e-02 8.145736213e-01 4.483804518e+02
8.145685584e-01 -2.960441014e-02 5.793113520e-01 4.717522047e+02 2.997376629e-02 9.995107793e-01 8.931707337e-03 -5.505448203e+01 -5.792923588e-01 1.008865510e-02 8.150574103e-01 4.489369088e+02
8.150599353e-01 -2.407492084e-02 5.788762390e-01 4.721361718e+02 2.493911192e-02 9.996680937e-01 6.460896161e-03 -5.505950175e+01 -5.788396519e-01 9.170641706e-03 8.153898189e-01 4.494972724e+02
8.156551462e-01 -2.024354133e-02 5.781841243e-01 4.724900415e+02 2.269471875e-02 9.997379788e-01 2.987236914e-03 -5.505564698e+01 -5.780931000e-01 1.068517092e-02 8.159008487e-01 4.500270235e+02
8.160383632e-01 -1.639193658e-02 5.777652588e-01 4.728429342e+02 1.949102070e-02 9.998096819e-01 8.366655212e-04 -5.507048728e+01 -5.776690142e-01 1.057848345e-02 8.162025519e-01 4.505494813e+02
8.166858321e-01 -8.969371206e-03 5.770128265e-01 4.731770284e+02 1.294728019e-02 9.999123102e-01 -2.782044937e-03 -5.509336104e+01 -5.769372752e-01 9.742803423e-03 8.167303461e-01 4.510539129e+02
8.168957716e-01 3.180054879e-04 5.767852262e-01 4.735117147e+02 4.589369718e-03 9.999646085e-01 -7.051205137e-03 -5.511153820e+01 -5.767670553e-01 8.407180312e-03 8.168654010e-01 4.515563991e+02
8.177101839e-01 4.732067874e-03 5.756106867e-01 4.738312749e+02 1.690517857e-03 9.999421558e-01 -1.062201929e-02 -5.512478930e+01 -5.756276550e-01 9.658813494e-03 8.176548845e-01 4.520430267e+02
8.197853008e-01 2.671321783e-03 5.726647576e-01 4.741750345e+02 4.952433744e-03 9.999186565e-01 -1.175388704e-02 -5.512746708e+01 -5.726495735e-01 1.247174809e-02 8.197053870e-01 4.525253539e+02
8.231886215e-01 -4.829259035e-04 5.677677873e-01 4.744942710e+02 8.372955365e-03 9.999012189e-01 -1.128919873e-02 -5.514959591e+01 -5.677062507e-01 1.404703428e-02 8.231113495e-01 4.530127371e+02
8.295650479e-01 -3.219346254e-03 5.584008122e-01 4.748168996e+02 9.982714617e-03 9.999090757e-01 -9.065634365e-03 -5.516454709e+01 -5.583208546e-01 1.309488936e-02 8.295217581e-01 4.534921705e+02
8.384842883e-01 -4.799914285e-03 5.449046331e-01 4.751063381e+02 1.010328802e-02 9.999262548e-01 -6.738588231e-03 -5.518325096e+01 -5.448321043e-01 1.115552881e-02 8.384709490e-01 4.539682881e+02
8.496917445e-01 -7.170467613e-03 5.272309965e-01 4.754101235e+02 1.329078968e-02 9.998810866e-01 -7.820972874e-03 -5.519742499e+01 -5.271122216e-01 1.365273237e-02 8.496860059e-01 4.544539731e+02
8.624155179e-01 -8.495275083e-03 5.061297311e-01 4.756757054e+02 1.566606283e-02 9.998281470e-01 -9.912163299e-03 -5.521089840e+01 -5.059585447e-01 1.647746361e-02 8.624003967e-01 4.549433485e+02
8.776187580e-01 -1.128391762e-02 4.792264484e-01 4.759430019e+02 1.874435535e-02 9.997661242e-01 -1.078638144e-02 -5.521858715e+01 -4.789926562e-01 1.844912153e-02 8.776250140e-01 4.554242892e+02
8.938250560e-01 -1.448688226e-02 4.481817705e-01 4.761655255e+02 2.178255117e-02 9.997008024e-01 -1.112772210e-02 -5.523072844e+01 -4.478864696e-01 1.970877918e-02 8.938731870e-01 4.559081542e+02
9.108460544e-01 -1.817590064e-02 4.123458521e-01 4.763680715e+02 2.402281902e-02 9.996708967e-01 -9.000141547e-03 -5.525718500e+01 -4.120465621e-01 1.810345320e-02 9.109829283e-01 4.563855328e+02
9.278810893e-01 -1.971947640e-02 3.723544366e-01 4.765517132e+02 2.401286867e-02 9.996878648e-01 -6.896024945e-03 -5.525164310e+01 -3.721022256e-01 1.533998932e-02 9.280649861e-01 4.569025028e+02
9.437927215e-01 -1.835106716e-02 3.300280855e-01 4.767041403e+02 2.112664896e-02 9.997651640e-01 -4.825104051e-03 -5.525780276e+01 -3.298620372e-01 1.152628559e-02 9.439587815e-01 4.574252425e+02
9.584088707e-01 -1.362303099e-02 2.850734110e-01 4.768448009e+02 1.513959505e-02 9.998805320e-01 -3.116806713e-03 -5.526730832e+01 -2.849968934e-01 7.303071203e-03 9.585006186e-01 4.579415676e+02
9.710444099e-01 -9.501639309e-03 2.387100183e-01 4.769485360e+02 1.020416236e-02 9.999464786e-01 -1.707360483e-03 -5.527334108e+01 -2.386810195e-01 4.093758637e-03 9.710893945e-01 4.584600254e+02
9.816481304e-01 -7.690632184e-03 1.905460631e-01 4.770355268e+02 8.031621410e-03 9.999672285e-01 -1.017318266e-03 -5.528284000e+01 -1.905319948e-01 2.529042414e-03 9.816777286e-01 4.589865680e+02
9.897028840e-01 -8.223280178e-03 1.429005913e-01 4.770891667e+02 8.216699581e-03 9.999660400e-01 6.361740138e-04 -5.529076612e+01 -1.429009698e-01 5.445479724e-04 9.897368419e-01 4.595389474e+02
9.954379480e-01 -1.078032928e-02 9.480019064e-02 4.771228087e+02 1.057171102e-02 9.999404657e-01 2.702580650e-03 -5.529233718e+01 -9.482368148e-02 -1.688051117e-03 9.954926519e-01 4.600843250e+02
9.989478981e-01 -9.694341495e-03 4.482316991e-02 4.771352001e+02 9.332104479e-03 9.999221432e-01 8.283674966e-03 -5.529782438e+01 -4.489998489e-02 -7.856665191e-03 9.989605919e-01 4.606605647e+02
9.999782764e-01 -4.729047752e-03 -4.591595832e-03 4.771061285e+02 4.798879258e-03 9.998711480e-01 1.531855309e-02 -5.529829893e+01 4.518562027e-03 -1.534025484e-02 9.998721214e-01 4.612477157e+02
9.984652339e-01 -1.175744158e-03 -5.536961620e-02 4.770542451e+02 2.363458266e-03 9.997684130e-01 2.139005327e-02 -5.529278561e+01 5.533164409e-02 -2.148808832e-02 9.982367811e-01 4.618391390e+02
9.944070092e-01 -1.992710118e-03 -1.055970131e-01 4.769735016e+02 4.445119893e-03 9.997257215e-01 2.299397252e-02 -5.528685953e+01 1.055222298e-01 -2.333475883e-02 9.941431225e-01 4.624228768e+02
9.880640107e-01 -6.711255902e-03 -1.538975952e-01 4.768743278e+02 1.031058168e-02 9.996913824e-01 2.260158773e-02 -5.527613919e+01 1.536984147e-01 -2.391858915e-02 9.878282737e-01 4.630228819e+02
9.795855587e-01 -8.402766699e-03 -2.008520021e-01 4.767396107e+02 1.278041845e-02 9.997079858e-01 2.050863489e-02 -5.525960796e+01 2.006210211e-01 -2.265693520e-02 9.794068966e-01 4.636194515e+02
9.695592554e-01 -6.047893863e-03 -2.447820936e-01 4.765597342e+02 1.139053485e-02 9.997266768e-01 2.041635311e-02 -5.524243338e+01 2.445917130e-01 -2.258306309e-02 9.693631410e-01 4.642117236e+02
9.580528686e-01 -2.591816224e-03 -2.865798028e-01 4.763582752e+02 9.167314833e-03 9.997245457e-01 2.160539548e-02 -5.523273538e+01 2.864448660e-01 -2.332627839e-02 9.578127288e-01 4.648160915e+02
9.454119796e-01 -7.684351637e-04 -3.258766613e-01 4.761289491e+02 8.529738155e-03 9.997129573e-01 2.238853809e-02 -5.522887506e+01 3.257659166e-01 -2.394603471e-02 9.451471605e-01 4.654160582e+02
9.313360856e-01 -4.502551227e-03 -3.641329739e-01 4.758846929e+02 1.301833518e-02 9.996960702e-01 2.093538105e-02 -5.522596583e+01 3.639280404e-01 -2.423828095e-02 9.311116406e-01 4.660325738e+02
9.165743288e-01 -8.872494251e-03 -3.997659049e-01 4.756082498e+02 1.687002213e-02 9.997216832e-01 1.649116206e-02 -5.521107963e+01 3.995083256e-01 -2.185943546e-02 9.164689099e-01 4.666229497e+02
9.018964265e-01 -1.167359984e-02 -4.317945843e-01 4.753060657e+02 1.902252469e-02 9.997383334e-01 1.270465631e-02 -5.520591213e+01 4.315332890e-01 -1.967210727e-02 9.018824916e-01 4.671913881e+02
8.880807162e-01 -7.794681160e-03 -4.596214577e-01 4.749759257e+02 1.480582946e-02 9.998224943e-01 1.165192352e-02 -5.520372340e+01 4.594490493e-01 -1.715292551e-02 8.880384835e-01 4.677710628e+02
8.763148449e-01 -1.352755281e-03 -4.817369227e-01 4.746254751e+02 9.349805161e-03 9.998554557e-01 1.420030931e-02 -5.520027097e+01 4.816480809e-01 -1.694808822e-02 8.762008266e-01 4.683586608e+02
8.667484002e-01 5.055185665e-03 -4.987200175e-01 4.742598271e+02 4.700370275e-03 9.998214283e-01 1.830349905e-02 -5.519556983e+01 4.987234878e-01 -1.820869727e-02 8.665698622e-01 4.689578294e+02
8.590373613e-01 9.561309018e-03 -5.118235958e-01 4.738941276e+02 2.812943704e-03 9.997222980e-01 2.339688451e-02 -5.518861610e+01 5.119051662e-01 -2.153852889e-02 8.587719095e-01 4.695547000e+02
8.537597260e-01 9.859708142e-03 -5.205738337e-01 4.735312322e+02 5.086437366e-03 9.996150347e-01 2.727472445e-02 -5.517704729e+01 5.206423517e-01 -2.593392747e-02 8.533809074e-01 4.701580694e+02
8.501576866e-01 1.023689324e-02 -5.264286409e-01 4.731473474e+02 5.279014638e-03 9.995950077e-01 2.796341442e-02 -5.516724790e+01 5.265016998e-01 -2.655233622e-02 8.497593386e-01 4.707714362e+02
8.474696745e-01 9.946275828e-03 -5.307506217e-01 4.727633667e+02 5.055466041e-03 9.996278899e-01 2.680529856e-02 -5.514943353e+01 5.308197369e-01 -2.539986939e-02 8.471040394e-01 4.713749588e+02
8.457035919e-01 9.053730814e-03 -5.335761095e-01 4.723739049e+02 5.344062613e-03 9.996622578e-01 2.543248412e-02 -5.513068045e+01 5.336261573e-01 -2.435980731e-02 8.453695784e-01 4.719987427e+02
8.444271880e-01 7.320932681e-03 -5.356203209e-01 4.719813908e+02 7.866248120e-03 9.996293125e-01 2.606453142e-02 -5.511654633e+01 5.356125898e-01 -2.622292132e-02 8.440565811e-01 4.726209359e+02
8.438713602e-01 6.865305213e-03 -5.365016263e-01 4.715762428e+02 1.013334503e-02 9.995358613e-01 2.872937873e-02 -5.510003613e+01 5.364498511e-01 -2.968045599e-02 8.434101184e-01 4.732507057e+02
8.432921124e-01 7.687839193e-03 -5.374005120e-01 4.711692418e+02 1.076610147e-02 9.994554254e-01 3.119204516e-02 -5.508630980e+01 5.373476568e-01 -3.208971410e-02 8.427501089e-01 4.738914550e+02
8.428393556e-01 7.984570852e-03 -5.381060001e-01 4.707465384e+02 1.071093946e-02 9.994429928e-01 3.160664386e-02 -5.506400214e+01 5.380586367e-01 -3.240294413e-02 8.422843657e-01 4.745350692e+02
8.426648189e-01 7.045836231e-03 -5.383923840e-01 4.703336243e+02 1.183319855e-02 9.994305429e-01 3.160008303e-02 -5.503998049e+01 5.383084417e-01 -3.299918222e-02 8.421015827e-01 4.751908335e+02
8.426972627e-01 7.150219962e-03 -5.383402250e-01 4.699091329e+02 1.191849909e-02 9.994190109e-01 3.193101968e-02 -5.502771542e+01 5.382557690e-01 -3.332439036e-02 8.421224449e-01 4.758608010e+02
8.429274546e-01 6.860237020e-03 -5.379834974e-01 4.694715840e+02 1.170293867e-02 9.994483475e-01 3.108121520e-02 -5.500851670e+01 5.378999420e-01 -3.249519749e-02 8.423821666e-01 4.765345700e+02
8.430332254e-01 6.749888759e-03 -5.378191331e-01 4.690374141e+02 1.125038584e-02 9.994811942e-01 3.017898572e-02 -5.499331592e+01 5.377438142e-01 -3.149256043e-02 8.425199160e-01 4.772105635e+02
8.428792178e-01 6.142537766e-03 -5.380677406e-01 4.686045180e+02 1.170179213e-02 9.994891442e-01 2.974085976e-02 -5.498077369e+01 5.379755499e-01 -3.136430947e-02 8.423767493e-01 4.779095684e+02
8.432117457e-01 5.432810344e-03 -5.375541242e-01 4.681595924e+02 1.220014666e-02 9.994980011e-01 2.923871167e-02 -5.496358027e+01 5.374431210e-01 -3.121266427e-02 8.427221733e-01 4.786060170e+02
8.434145143e-01 6.754042247e-03 -5.372209415e-01 4.677065725e+02 1.137704324e-02 9.994722399e-01 3.042703638e-02 -5.495523409e+01 5.371429233e-01 -3.177458999e-02 8.428925527e-01 4.793028741e+02
8.435050105e-01 7.858370517e-03 -5.370638168e-01 4.672416023e+02 1.097432556e-02 9.994320938e-01 3.185991265e-02 -5.493042605e+01 5.370091819e-01 -3.276790913e-02 8.429397385e-01 4.800216090e+02
8.433448605e-01 9.248697107e-03 -5.372931303e-01 4.667596296e+02 1.166309345e-02 9.993013303e-01 3.550807589e-02 -5.490613374e+01 5.372461433e-01 -3.621205330e-02 8.426477726e-01 4.807732691e+02
8.434410590e-01 9.650154221e-03 -5.371350430e-01 4.662865230e+02 1.334156701e-02 9.991540194e-01 3.890048891e-02 -5.488672670e+01 5.370560329e-01 -3.997649273e-02 8.425987761e-01 4.815152628e+02
8.431545619e-01 8.867519704e-03 -5.375981322e-01 4.658065186e+02 1.467501477e-02 9.991119625e-01 3.949595319e-02 -5.485873271e+01 5.374709561e-01 -4.119045364e-02 8.422756781e-01 4.822883328e+02
8.430087275e-01 7.391139757e-03 -5.378491019e-01 4.653245111e+02 1.497451892e-02 9.991955790e-01 3.720159472e-02 -5.483527518e+01 5.376914069e-01 -3.941530058e-02 8.422199149e-01 4.830449701e+02
8.429939177e-01 5.776551523e-03 -5.378920767e-01 4.648303886e+02 1.607286909e-02 9.992253866e-01 3.592060313e-02 -5.480953873e+01 5.376829154e-01 -3.892631889e-02 8.422480776e-01 4.838125768e+02
8.426459372e-01 6.992324852e-03 -5.384226332e-01 4.643389609e+02 1.502692812e-02 9.992208820e-01 3.649411396e-02 -5.478010265e+01 5.382583171e-01 -3.884245506e-02 8.418843434e-01 4.845729272e+02
8.429853350e-01 6.135840824e-03 -5.379015490e-01 4.638352565e+02 1.778686842e-02 9.990702558e-01 3.927150858e-02 -5.475657273e+01 5.376424019e-01 -4.267288989e-02 8.420924368e-01 4.853471661e+02
8.428737050e-01 6.101387977e-03 -5.380768444e-01 4.633327018e+02 1.821129271e-02 9.990394808e-01 3.985554751e-02 -5.472950397e+01 5.378031854e-01 -4.339226791e-02 8.419529944e-01 4.861512812e+02
8.430117957e-01 7.240166631e-03 -5.378463463e-01 4.628316225e+02 1.712301850e-02 9.990414267e-01 4.028684610e-02 -5.470458789e+01 5.376224646e-01 -4.317183942e-02 8.420797336e-01 4.869264664e+02
8.431389929e-01 9.860297916e-03 -5.376052578e-01 4.623197921e+02 1.594166795e-02 9.989339097e-01 4.332328874e-02 -5.467685902e+01 5.374593026e-01 -4.509787854e-02 8.420829410e-01 4.877161790e+02
8.430644220e-01 1.179184486e-02 -5.376833016e-01 4.618095807e+02 1.597667556e-02 9.987692488e-01 4.695458963e-02 -5.465316304e+01 5.375752284e-01 -4.817613563e-02 8.418384250e-01 4.885252218e+02
8.432280860e-01 1.220852716e-02 -5.374172930e-01 4.612977388e+02 1.504646865e-02 9.988143198e-01 4.629857847e-02 -5.462434549e+01 5.373453254e-01 -4.712649416e-02 8.420445920e-01 4.893242192e+02
8.436532432e-01 1.024794446e-02 -5.367906341e-01 4.607840937e+02 1.441206460e-02 9.990252493e-01 4.172341858e-02 -5.459171799e+01 5.366949763e-01 -4.293635870e-02 8.426831976e-01 4.901181083e+02
8.437081950e-01 9.379030314e-03 -5.367201463e-01 4.602659879e+02 1.331655661e-02 9.991739626e-01 3.839351097e-02 -5.456005199e+01 5.366368893e-01 -3.954018405e-02 8.428863642e-01 4.909166738e+02
8.437495708e-01 8.052953950e-03 -5.366766361e-01 4.597559532e+02 1.447921018e-02 9.991820536e-01 3.775680378e-02 -5.454131989e+01 5.365417172e-01 -3.962794080e-02 8.429428285e-01 4.917102973e+02
8.436200355e-01 7.641049840e-03 -5.368862544e-01 4.592393879e+02 1.626502601e-02 9.990762101e-01 3.977656862e-02 -5.451549911e+01 5.366942190e-01 -4.228877912e-02 8.427164259e-01 4.925368833e+02
8.439603372e-01 9.472279109e-03 -5.363219417e-01 4.587148130e+02 1.620264283e-02 9.989376692e-01 4.313939544e-02 -5.449135115e+01 5.361608187e-01 -4.509777159e-02 8.429102962e-01 4.933451570e+02
8.439560761e-01 1.119397750e-02 -5.362954749e-01 4.581998169e+02 1.624518020e-02 9.987902691e-01 4.641220279e-02 -5.446720944e+01 5.361662389e-01 -4.788207718e-02 8.427532682e-01 4.941477206e+02
8.440238102e-01 1.168651657e-02 -5.361783595e-01 4.576846283e+02 1.805418296e-02 9.985767496e-01 5.018487513e-02 -5.443577556e+01 5.360017298e-01 -5.203749172e-02 8.426115624e-01 4.949607254e+02
8.437667146e-01 1.337170125e-02 -5.365435014e-01 4.571752590e+02 1.845260008e-02 9.983758290e-01 5.389995964e-02 -5.439378621e+01 5.363927972e-01 -5.537961453e-02 8.421495505e-01 4.957636272e+02
8.437137233e-01 1.394959163e-02 -5.366121150e-01 4.566573792e+02 1.808778807e-02 9.983558028e-01 5.439230676e-02 -5.436194424e+01 5.364885693e-01 -5.559766187e-02 8.420741743e-01 4.965738755e+02
8.432722690e-01 1.309144827e-02 -5.373271763e-01 4.561291582e+02 1.287523469e-02 9.989244523e-01 4.454398962e-02 -5.433078070e+01 5.373324006e-01 -4.448092469e-02 8.421967339e-01 4.973868579e+02
8.433580383e-01 7.294686467e-03 -5.373025282e-01 4.556032498e+02 9.751936871e-03 9.995354021e-01 2.887697509e-02 -5.430208870e+01 5.372635470e-01 -2.959336940e-02 8.428950786e-01 4.981863011e+02
8.436025714e-01 6.806056665e-03 -5.369249288e-01 4.550721466e+02 4.871396834e-03 9.997815167e-01 2.032703636e-02 -5.427532601e+01 5.369459666e-01 -1.976351454e-02 8.433851033e-01 4.990013579e+02
8.437342499e-01 1.240366469e-02 -5.366178012e-01 4.545425009e+02 1.485554103e-03 9.996751763e-01 2.544277982e-02 -5.425740986e+01 5.367590787e-01 -2.226411952e-02 8.434417587e-01 4.998161116e+02
8.435008046e-01 1.882384264e-02 -5.367979654e-01 4.540087578e+02 1.190550706e-03 9.993177458e-01 3.691375853e-02 -5.424054874e+01 5.371265915e-01 -3.177587022e-02 8.429029119e-01 5.006351271e+02
8.431121663e-01 1.959860540e-02 -5.373804701e-01 4.534858239e+02 4.326116078e-03 9.990560580e-01 4.322357779e-02 -5.422637750e+01 5.377203360e-01 -3.876709460e-02 8.422315315e-01 5.014346837e+02
8.425540845e-01 1.871429257e-02 -5.382865315e-01 4.529602837e+02 6.259897711e-03 9.989884542e-01 4.452956408e-02 -5.419937408e+01 5.385753693e-01 -4.088818472e-02 8.415846529e-01 5.022501723e+02
8.423042957e-01 1.625839903e-02 -5.387570304e-01 4.524366408e+02 7.333066922e-03 9.991067964e-01 4.161532838e-02 -5.416551153e+01 5.389524093e-01 -3.900351122e-02 8.414327226e-01 5.030522208e+02
8.420429425e-01 1.717389188e-02 -5.391370331e-01 4.519044750e+02 4.974057811e-03 9.992033236e-01 3.959768817e-02 -5.413845157e+01 5.393875618e-01 -3.602465263e-02 8.412866828e-01 5.038493125e+02
8.418376649e-01 1.702693480e-02 -5.394621669e-01 4.513679325e+02 4.108130231e-03 9.992711727e-01 3.795058323e-02 -5.411385584e+01 5.397151742e-01 -3.416441121e-02 8.411541617e-01 5.046611055e+02
8.412529201e-01 1.920265291e-02 -5.403006408e-01 4.508362223e+02 1.668746606e-03 9.992720399e-01 3.811306252e-02 -5.408819252e+01 5.406391954e-01 -3.296435000e-02 8.406084772e-01 5.054683964e+02
8.411097411e-01 2.043288591e-02 -5.404783998e-01 4.502982263e+02 3.511849118e-04 9.992653065e-01 3.832393498e-02 -5.406525827e+01 5.408643824e-01 -3.242444289e-02 8.404846074e-01 5.062726157e+02
8.407019655e-01 2.160730242e-02 -5.410668439e-01 4.497636320e+02 -2.123128105e-04 9.992166415e-01 3.957345491e-02 -5.404137108e+01 5.414980702e-01 -3.315460591e-02 8.400479820e-01 5.070819133e+02
8.402149494e-01 2.253088030e-02 -5.417851956e-01 4.492326488e+02 -3.669592100e-04 9.991598036e-01 4.098234042e-02 -5.401555446e+01 5.422533579e-01 -3.423516201e-02 8.395172717e-01 5.078923616e+02
8.397285742e-01 2.404664635e-02 -5.424736680e-01 4.486999855e+02 -5.681444203e-04 9.990573315e-01 4.340651468e-02 -5.398863162e+01 5.430060763e-01 -3.614148729e-02 8.389506505e-01 5.087166595e+02
8.392680214e-01 2.596570946e-02 -5.430975696e-01 4.481772697e+02 -5.321273168e-04 9.988977859e-01 4.693538266e-02 -5.397018873e+01 5.437176703e-01 -3.910236869e-02 8.383567855e-01 5.095069806e+02
8.389293451e-01 2.813029813e-02 -5.435128703e-01 4.476563848e+02 -2.028128659e-03 9.988179751e-01 4.856479435e-02 -5.393518111e+01 5.442365667e-01 -3.964011709e-02 8.379947616e-01 5.103060856e+02
8.388015055e-01 2.766486299e-02 -5.437340247e-01 4.471430668e+02 -1.755129771e-03 9.988403657e-01 4.811281836e-02 -5.390882427e+01 5.444345266e-01 -3.940278070e-02 8.378773580e-01 5.110856484e+02
8.388804841e-01 2.575467840e-02 -5.437060142e-01 4.466358343e+02 -6.095828777e-04 9.989238101e-01 4.637725837e-02 -5.388380991e+01 5.443153146e-01 -3.857354308e-02 8.379933890e-01 5.118526472e+02
8.389351731e-01 2.380029912e-02 -5.437106962e-01 4.461364057e+02 -3.303021872e-05 9.990455254e-01 4.368108315e-02 -5.385437636e+01 5.442313610e-01 -3.662763817e-02 8.381352169e-01 5.126137497e+02
8.389252059e-01 2.302659311e-02 -5.437593907e-01 4.456364708e+02 3.112913352e-04 9.990841039e-01 4.278850846e-02 -5.383334269e+01 5.442466372e-01 -3.606562585e-02 8.381496695e-01 5.133561449e+02
8.387581778e-01 2.128996942e-02 -5.440877285e-01 4.451444112e+02 1.589086420e-03 9.991353475e-01 4.154554318e-02 -5.380716574e+01 5.445017851e-01 -3.571126652e-02 8.379991119e-01 5.141108416e+02
8.386652454e-01 2.206391292e-02 -5.442001378e-01 4.446514633e+02 6.699241319e-04 9.991365689e-01 4.154115879e-02 -5.377999584e+01 5.446468190e-01 -3.520369894e-02 8.379263346e-01 5.148547176e+02
8.387034859e-01 2.176522978e-02 -5.441532298e-01 4.441638996e+02 2.128635065e-03 9.990623722e-01 4.324170924e-02 -5.375586231e+01 5.445841824e-01 -3.742527592e-02 8.378707639e-01 5.156123705e+02
8.383802788e-01 2.247468692e-02 -5.446222512e-01 4.436886197e+02 1.476551376e-03 9.990523173e-01 4.350042538e-02 -5.373187745e+01 5.450837806e-01 -3.727406149e-02 8.375525753e-01 5.163406932e+02
8.387044343e-01 2.446210735e-02 -5.440372020e-01 4.432118805e+02 -9.356301975e-04 9.990538988e-01 4.347909745e-02 -5.369342603e+01 5.445860781e-01 -3.595709420e-02 8.379338225e-01 5.170448849e+02
8.387635991e-01 2.513774278e-02 -5.439151760e-01 4.427563576e+02 -1.140477666e-03 9.990126517e-01 4.441194691e-02 -5.366595994e+01 5.444945583e-01 -3.663080133e-02 8.379641164e-01 5.177291720e+02
8.387378954e-01 2.667808230e-02 -5.438814419e-01 4.423106360e+02 -2.297760500e-03 9.989636540e-01 4.545699460e-02 -5.364722284e+01 5.445304979e-01 -3.687679468e-02 8.379299725e-01 5.184020214e+02
8.386689807e-01 2.648569023e-02 -5.439971038e-01 4.418783650e+02 -2.282647558e-03 9.989790398e-01 4.511837199e-02 -5.362935414e+01 5.446366957e-01 -3.659762539e-02 8.378731906e-01 5.190621012e+02
8.386533077e-01 2.608224611e-02 -5.440407575e-01 4.414545044e+02 -2.947297824e-03 9.990554653e-01 4.335309281e-02 -5.360851096e+01 5.446576382e-01 -3.475476454e-02 8.379380428e-01 5.197123168e+02
8.387813924e-01 2.570255468e-02 -5.438613374e-01 4.410399205e+02 -2.683547321e-03 9.990681686e-01 4.307659519e-02 -5.358625397e+01 5.444617289e-01 -3.467236886e-02 8.380687636e-01 5.203493312e+02
8.391793880e-01 2.701391309e-02 -5.431833974e-01 4.406388522e+02 -3.697799484e-03 9.990259509e-01 4.397130549e-02 -5.356618191e+01 5.438421471e-01 -3.489122994e-02 8.384618781e-01 5.209599514e+02
8.396329579e-01 2.743607782e-02 -5.424608351e-01 4.402444191e+02 -3.757727383e-03 9.989929478e-01 4.470983882e-02 -5.354791729e+01 5.431412113e-01 -3.550143428e-02 8.388905010e-01 5.215628400e+02
8.403477684e-01 2.703194877e-02 -5.413731633e-01 4.398647109e+02 -2.726462084e-03 9.989538752e-01 4.564779957e-02 -5.353045407e+01 5.420407684e-01 -3.688399310e-02 8.395423613e-01 5.221256576e+02
8.408230617e-01 2.600501100e-02 -5.406850453e-01 4.394938553e+02 -2.257205232e-03 9.990051246e-01 4.453836711e-02 -5.351101508e+01 5.413053518e-01 -3.622844909e-02 8.400452462e-01 5.226895503e+02
8.413576403e-01 2.407620548e-02 -5.399422723e-01 4.391284415e+02 -2.067674926e-03 9.991434023e-01 4.133021048e-02 -5.348905714e+01 5.404748337e-01 -3.365706327e-02 8.406867171e-01 5.232589657e+02
8.418239776e-01 2.159702651e-02 -5.393199043e-01 4.387636970e+02 -3.028231970e-04 9.992179057e-01 3.954093220e-02 -5.348002151e+01 5.397520719e-01 -3.312318625e-02 8.411721319e-01 5.238142660e+02
8.422165769e-01 1.998811039e-02 -5.387687009e-01 4.384035533e+02 1.356682908e-03 9.992307823e-01 3.919187581e-02 -5.346543341e+01 5.391376420e-01 -3.373898577e-02 8.415416114e-01 5.243886537e+02
8.427649736e-01 1.990571541e-02 -5.379135263e-01 4.380429058e+02 1.590956441e-03 9.992195235e-01 3.946913546e-02 -5.344568090e+01 5.382793588e-01 -3.411900189e-02 8.420755463e-01 5.249341081e+02
8.433788578e-01 2.028009506e-02 -5.369365138e-01 4.376775021e+02 1.657065298e-03 9.991845562e-01 4.034199773e-02 -5.342223680e+01 5.373168118e-01 -3.491332683e-02 8.426575243e-01 5.254774455e+02
8.436102123e-01 2.087095212e-02 -5.365502894e-01 4.373309134e+02 1.986016565e-03 9.991161994e-01 4.198661461e-02 -5.341285736e+01 5.369523865e-01 -3.648593463e-02 8.428231791e-01 5.260270444e+02
8.443492706e-01 2.098121602e-02 -5.353821979e-01 4.369785404e+02 2.038689715e-03 9.990999437e-01 4.236916731e-02 -5.339196435e+01 5.357892804e-01 -3.686585369e-02 8.435465345e-01 5.265591008e+02
8.448883041e-01 1.860595413e-02 -5.346190906e-01 4.366369627e+02 4.441138703e-03 9.991165419e-01 4.179009521e-02 -5.337822531e+01 5.349243216e-01 -3.768228020e-02 8.440592490e-01 5.271018031e+02
8.454609876e-01 1.972724772e-02 -5.336727033e-01 4.362899486e+02 3.286443366e-03 9.991063729e-01 4.213852130e-02 -5.336959257e+01 5.340270759e-01 -3.738036095e-02 8.446406282e-01 5.276092613e+02
8.456815257e-01 2.216383179e-02 -5.332274577e-01 4.359661669e+02 1.431244176e-03 9.990394951e-01 4.379541928e-02 -5.334521622e+01 5.336859645e-01 -3.780015568e-02 8.448375226e-01 5.281269219e+02
8.459478851e-01 2.216695792e-02 -5.328046561e-01 4.356572652e+02 1.595879469e-03 9.990259538e-01 4.409758223e-02 -5.331719746e+01 5.332631890e-01 -3.815454844e-02 8.450885170e-01 5.286165761e+02
8.459988320e-01 2.177267861e-02 -5.327400180e-01 4.353410008e+02 1.706652203e-03 9.990502003e-01 4.354060877e-02 -5.331244709e+01 5.331820173e-01 -3.774450609e-02 8.451581442e-01 5.291120164e+02
8.459320607e-01 1.909937881e-02 -5.329485551e-01 4.350480311e+02 3.889684052e-03 9.991109092e-01 4.197929793e-02 -5.329362817e+01 5.332764939e-01 -3.758463550e-02 8.451056598e-01 5.295836085e+02
8.459227855e-01 1.727874538e-02 -5.330254084e-01 4.347601425e+02 4.022934072e-03 9.992398221e-01 3.877620415e-02 -5.327590472e+01 5.332902184e-01 -3.494600071e-02 8.452102224e-01 5.300554548e+02
8.454188842e-01 1.583715386e-02 -5.338689865e-01 4.344778289e+02 4.232192103e-03 9.993302687e-01 3.634697433e-02 -5.326473202e+01 5.340870704e-01 -3.298785460e-02 8.447856549e-01 5.305091755e+02
8.442686607e-01 1.541581346e-02 -5.356984052e-01 4.342077375e+02 4.644142055e-03 9.993382137e-01 3.607723094e-02 -5.324254412e+01 5.359000472e-01 -3.294673494e-02 8.436383420e-01 5.309424574e+02
8.425262119e-01 1.470001217e-02 -5.384547260e-01 4.339411550e+02 6.452390617e-03 9.992804099e-01 3.737685165e-02 -5.323775701e+01 5.386166995e-01 -3.496529745e-02 8.418250881e-01 5.313499079e+02
8.391016023e-01 1.275465396e-02 -5.438251739e-01 4.336783863e+02 9.622712576e-03 9.992206119e-01 3.828279321e-02 -5.323086737e+01 5.438896068e-01 -3.735622647e-02 8.383248821e-01 5.317672029e+02
8.334231260e-01 9.744623917e-03 -5.525494867e-01 4.334087012e+02 1.417797602e-02 9.991384060e-01 3.900552190e-02 -5.323171565e+01 5.524535075e-01 -4.034213737e-02 8.325668946e-01 5.321674508e+02
8.256145662e-01 6.312733575e-03 -5.641992002e-01 4.331401487e+02 1.878037096e-02 9.990759030e-01 3.866054368e-02 -5.322216579e+01 5.639218791e-01 -4.251457827e-02 8.247330628e-01 5.325519582e+02
8.151792882e-01 3.547524634e-03 -5.791978445e-01 4.328448219e+02 2.268136215e-02 9.990187274e-01 3.804126760e-02 -5.321305115e+01 5.787644459e-01 -4.414744951e-02 8.142989125e-01 5.329496061e+02
8.011419089e-01 1.232517655e-03 -5.984731596e-01 4.325473552e+02 2.541677410e-02 9.990255847e-01 3.608141692e-02 -5.319552428e+01 5.979344692e-01 -4.411759233e-02 8.003299373e-01 5.333257906e+02
7.841071255e-01 -9.574874717e-04 -6.206247650e-01 4.322206380e+02 2.796537045e-02 9.990376038e-01 3.379059527e-02 -5.318015767e+01 6.199951240e-01 -4.385144799e-02 7.833792802e-01 5.336893624e+02
7.634860967e-01 -2.514020733e-03 -6.458193709e-01 4.318883838e+02 3.091478772e-02 9.989883353e-01 3.265856394e-02 -5.317141822e+01 6.450839140e-01 -4.489972826e-02 7.627914252e-01 5.340371267e+02
7.391547727e-01 -3.440481770e-03 -6.735268258e-01 4.315453713e+02 3.420721741e-02 9.988882076e-01 3.243786365e-02 -5.316455047e+01 6.726664019e-01 -4.701608030e-02 7.384506753e-01 5.343655297e+02
7.105599425e-01 -3.752161075e-03 -7.036266691e-01 4.311924175e+02 3.700404753e-02 9.988012721e-01 3.204246175e-02 -5.315070883e+01 7.026629837e-01 -4.880512448e-02 7.098470196e-01 5.346827766e+02
6.780050628e-01 -2.768303337e-03 -7.350520194e-01 4.308214768e+02 3.881830734e-02 9.987323480e-01 3.204428284e-02 -5.315000434e+01 7.340315210e-01 -5.025966121e-02 6.772530492e-01 5.349732666e+02
6.411139363e-01 -1.172044885e-03 -7.674448169e-01 4.304517078e+02 3.944260523e-02 9.987275780e-01 3.142460515e-02 -5.313358827e+01 7.664314722e-01 -5.041677525e-02 6.403443973e-01 5.352470349e+02
6.003307223e-01 -5.826060785e-04 -7.997516392e-01 4.300687133e+02 4.118636658e-02 9.986953067e-01 3.018886622e-02 -5.312016152e+01 7.986906204e-01 -5.106216805e-02 5.995714703e-01 5.354952578e+02
5.556534100e-01 1.938086685e-04 -8.314140066e-01 4.296526693e+02 4.183059966e-02 9.987269753e-01 2.818917784e-02 -5.310532128e+01 8.303610593e-01 -5.044195925e-02 5.549379424e-01 5.357344484e+02
5.075139725e-01 2.383836784e-03 -8.616402294e-01 4.292473227e+02 4.158086602e-02 9.987633414e-01 2.725471546e-02 -5.310329332e+01 8.606396454e-01 -4.965989585e-02 5.067872290e-01 5.359494572e+02
4.564896132e-01 2.804273926e-03 -8.897243220e-01 4.288197893e+02 4.199868315e-02 9.988123963e-01 2.469630833e-02 -5.309547935e+01 8.887369373e-01 -4.864085812e-02 4.558297086e-01 5.361250852e+02
4.019191191e-01 3.262521245e-03 -9.156693605e-01 4.283679316e+02 4.258412710e-02 9.988450861e-01 2.225052955e-02 -5.309216283e+01 9.146844340e-01 -4.793589366e-02 4.013160055e-01 5.362897237e+02
3.443766426e-01 5.261077597e-03 -9.388168347e-01 4.278939337e+02 4.467218090e-02 9.987597889e-01 2.198363691e-02 -5.308809343e+01 9.377681613e-01 -4.950964654e-02 3.437145190e-01 5.364295541e+02
2.843691942e-01 8.913819578e-03 -9.586734090e-01 4.274028793e+02 4.670692648e-02 9.986405774e-01 2.314001074e-02 -5.308133444e+01 9.575764327e-01 -5.135699464e-02 2.835662792e-01 5.365429270e+02
2.215207284e-01 1.362785458e-02 -9.750604332e-01 4.268688321e+02 4.807364836e-02 9.985339395e-01 2.487762203e-02 -5.307856939e+01 9.739699642e-01 -5.238562135e-02 2.205408249e-01 5.366357913e+02
1.574467370e-01 1.650523954e-02 -9.873895392e-01 4.263377290e+02 5.078000824e-02 9.984022316e-01 2.478658485e-02 -5.306997722e+01 9.862210278e-01 -5.404221585e-02 1.563570374e-01 5.366885691e+02
9.156997666e-02 1.866873298e-02 -9.956236326e-01 4.257851782e+02 5.334188217e-02 9.982968048e-01 2.362484238e-02 -5.305599336e+01 9.943689371e-01 -5.527176476e-02 9.041818976e-02 5.367159825e+02
2.560364634e-02 2.033817677e-02 -9.994652630e-01 4.252309480e+02 5.740261837e-02 9.981134805e-01 2.178117194e-02 -5.305667452e+01 9.980227416e-01 -5.792960049e-02 2.438787996e-02 5.367122933e+02
-3.901580744e-02 2.188196574e-02 -9.989989721e-01 4.246630504e+02 6.197996716e-02 9.978881131e-01 1.943701203e-02 -5.304763911e+01 9.973145193e-01 -6.115957276e-02 -4.028965398e-02 5.366702885e+02
-1.024301668e-01 2.152210699e-02 -9.945073453e-01 4.240785026e+02 6.315839265e-02 9.978894237e-01 1.509024375e-02 -5.303264605e+01 9.927331355e-01 -6.126578922e-02 -1.035732818e-01 5.365870878e+02
-1.637101392e-01 2.112734030e-02 -9.862822242e-01 4.235012865e+02 6.365485353e-02 9.979134183e-01 1.081060895e-02 -5.300971717e+01 9.844526652e-01 -6.101184422e-02 -1.647134023e-01 5.364684546e+02
-2.215497074e-01 2.342583128e-02 -9.748676616e-01 4.229004121e+02 6.476946433e-02 9.978573012e-01 9.258673012e-03 -5.300720950e+01 9.729957059e-01 -6.109039993e-02 -2.225922716e-01 5.363081344e+02
-2.757595555e-01 2.610810856e-02 -9.608720176e-01 4.223033573e+02 6.662466324e-02 9.977461212e-01 7.989489113e-03 -5.300355432e+01 9.589149190e-01 -6.181459663e-02 -2.768774708e-01 5.361173103e+02
-3.244225438e-01 2.561400407e-02 -9.455654054e-01 4.217086069e+02 6.641061405e-02 9.977833565e-01 4.243097924e-03 -5.300524794e+01 9.435781067e-01 -6.141902257e-02 -3.254044564e-01 5.358884617e+02
-3.675699388e-01 2.227624477e-02 -9.297290514e-01 4.211231039e+02 6.252552702e-02 9.980430391e-01 -8.065286471e-04 -5.301878533e+01 9.278916416e-01 -5.842825461e-02 -3.682434528e-01 5.356306566e+02
-4.054855230e-01 1.763104422e-02 -9.139314181e-01 4.205272334e+02 5.804439354e-02 9.982928800e-01 -6.494158363e-03 -5.302372292e+01 9.122567287e-01 -5.568188210e-02 -4.058166938e-01 5.353419084e+02
-4.380204106e-01 1.578236006e-02 -8.988264777e-01 4.199335304e+02 5.625204918e-02 9.983676861e-01 -9.882827897e-03 -5.303269705e+01 8.972033364e-01 -5.488971156e-02 -4.381932139e-01 5.350263268e+02
-4.679725358e-01 1.679437528e-02 -8.835834169e-01 4.192998787e+02 5.630452653e-02 9.983547426e-01 -1.084473482e-02 -5.303474674e+01 8.819475642e-01 -5.482478399e-02 -4.681481998e-01 5.346967893e+02
-4.941049147e-01 1.883719746e-02 -8.691981899e-01 4.186981440e+02 5.375009437e-02 9.985146212e-01 -8.915076902e-03 -5.304230989e+01 8.677391662e-01 -5.112446804e-02 -4.943834829e-01 5.343306606e+02
-5.173786766e-01 2.135040926e-02 -8.554901899e-01 4.180727911e+02 5.093261063e-02 9.986847905e-01 -5.878638642e-03 -5.306402918e+01 8.542395297e-01 -4.661383102e-02 -5.177856474e-01 5.339384110e+02
-5.374760188e-01 2.260324035e-02 -8.429760511e-01 4.174695568e+02 4.895571579e-02 9.987911141e-01 -4.432637919e-03 -5.307156721e+01 8.418567972e-01 -4.365093256e-02 -5.379328295e-01 5.335172748e+02
-5.555037044e-01 2.494679621e-02 -8.311397546e-01 4.168580716e+02 4.861391489e-02 9.988144853e-01 -2.512198911e-03 -5.308302215e+01 8.300917550e-01 -4.180049309e-02 -5.560579081e-01 5.330882695e+02
-5.709276403e-01 2.575492209e-02 -8.205963158e-01 4.162279033e+02 4.703354722e-02 9.988923673e-01 -1.372607955e-03 -5.308443876e+01 8.196520451e-01 -3.937921539e-02 -5.715066075e-01 5.326388219e+02
-5.835492806e-01 2.380493158e-02 -8.117287492e-01 4.155752759e+02 4.167136460e-02 9.991311556e-01 -6.566800023e-04 -5.308322375e+01 8.110078511e-01 -3.420904981e-02 -5.840342511e-01 5.321657100e+02
-5.916406903e-01 2.427994414e-02 -8.058360738e-01 4.149462311e+02 3.971716868e-02 9.992105140e-01 9.462003408e-04 -5.309270940e+01 8.052228512e-01 -3.144571665e-02 -5.921379289e-01 5.316898849e+02
-5.979372932e-01 2.526308116e-02 -8.011446624e-01 4.143158177e+02 3.922692785e-02 9.992278345e-01 2.232219601e-03 -5.309874392e+01 8.005824389e-01 -3.009171653e-02 -5.984665798e-01 5.312090541e+02
-6.051231305e-01 2.813364376e-02 -7.956346492e-01 4.136806271e+02 4.087192647e-02 9.991553768e-01 4.244829387e-03 -5.311101628e+01 7.950820602e-01 -2.995047643e-02 -6.057619057e-01 5.307292873e+02
-6.145029373e-01 3.109219219e-02 -7.883016019e-01 4.130638411e+02 4.290831711e-02 9.990612561e-01 5.956752686e-03 -5.312057653e+01 7.877467971e-01 -3.016425309e-02 -6.152601901e-01 5.302466205e+02
-6.248427006e-01 3.335262510e-02 -7.800379490e-01 4.124476136e+02 4.424856660e-02 9.989941016e-01 7.269751308e-03 -5.313358817e+01 7.794957754e-01 -2.997311010e-02 -6.256899782e-01 5.297471459e+02
-6.343575075e-01 3.380384962e-02 -7.723003642e-01 4.118364024e+02 4.455324706e-02 9.989815649e-01 7.130303305e-03 -5.313531377e+01 7.717548580e-01 -2.988532750e-02 -6.352175268e-01 5.292418521e+02
-6.440527291e-01 3.291964331e-02 -7.642724509e-01 4.112398595e+02 4.308519454e-02 9.990487725e-01 6.724293291e-03 -5.314172432e+01 7.637668153e-01 -2.859802778e-02 -6.448584377e-01 5.287374519e+02
-6.526856928e-01 3.256391169e-02 -7.569286479e-01 4.106863886e+02 4.225276157e-02 9.990854958e-01 6.547986942e-03 -5.316005042e+01 7.564496616e-01 -2.770854829e-02 -6.534647242e-01 5.282291762e+02
-6.614706194e-01 3.220758987e-02 -7.492791808e-01 4.101095505e+02 4.145975726e-02 9.991200220e-01 6.345881085e-03 -5.316711152e+01 7.488242172e-01 -2.686731906e-02 -6.622238587e-01 5.276997924e+02
-6.703533915e-01 3.249448812e-02 -7.413301820e-01 4.095259458e+02 4.113512128e-02 9.991318080e-01 6.597881391e-03 -5.316460384e+01 7.409009599e-01 -2.607179478e-02 -6.711080607e-01 5.271601154e+02
-6.790790450e-01 3.270115923e-02 -7.333364063e-01 4.089671891e+02 4.086164730e-02 9.991422451e-01 6.715637168e-03 -5.316511791e+01 7.329269926e-01 -2.540488511e-02 -6.798327849e-01 5.266203634e+02
-6.886720345e-01 3.201634407e-02 -7.243657796e-01 4.083982494e+02 3.929214527e-02 9.992045729e-01 6.807991112e-03 -5.317162482e+01 7.240075664e-01 -2.377341235e-02 -6.893822369e-01 5.260775377e+02
-6.976535042e-01 3.565678947e-02 -7.155474697e-01 4.078410416e+02 4.298073138e-02 9.990448409e-01 7.877987052e-03 -5.319005736e+01 7.151449117e-01 -2.525864831e-02 -6.985196890e-01 5.255287113e+02
-7.069890375e-01 3.638711986e-02 -7.062878155e-01 4.072799717e+02 4.401569350e-02 9.990033728e-01 7.408088558e-03 -5.319914505e+01 7.058534689e-01 -2.585031061e-02 -7.078860373e-01 5.249631638e+02
-7.162847318e-01 3.034174543e-02 -6.971481632e-01 4.067392670e+02 3.842109733e-02 9.992535732e-01 4.014429485e-03 -5.320600521e+01 6.967495979e-01 -2.390972288e-02 -7.169158409e-01 5.243908909e+02
-7.252350561e-01 2.477237526e-02 -6.880555522e-01 4.062180985e+02 3.367682080e-02 9.994326566e-01 4.864575206e-04 -5.320959671e+01 6.876772391e-01 -2.281872748e-02 -7.256578536e-01 5.238127229e+02
-7.342989792e-01 2.272034633e-02 -6.784458675e-01 4.056841470e+02 3.299336393e-02 9.994530627e-01 -2.239049268e-03 -5.321309084e+01 6.780239282e-01 -2.402834300e-02 -7.346469843e-01 5.232263061e+02
-7.425040059e-01 2.238030054e-02 -6.694676418e-01 4.051636797e+02 3.183166021e-02 9.994914547e-01 -1.891377553e-03 -5.321181469e+01 6.690848576e-01 -2.271462190e-02 -7.428388111e-01 5.226420370e+02
-7.507757179e-01 2.100059763e-02 -6.602232928e-01 4.046441170e+02 2.737726024e-02 9.996249519e-01 6.642285813e-04 -5.321881073e+01 6.599896265e-01 -1.757641822e-02 -7.510690797e-01 5.220404016e+02
-7.593031723e-01 2.033072655e-02 -6.504193679e-01 4.041349749e+02 2.469933057e-02 9.996920101e-01 2.414111441e-03 -5.321470352e+01 6.502681260e-01 -1.423188050e-02 -7.595714699e-01 5.214320800e+02
-7.679051045e-01 2.218152150e-02 -6.401794518e-01 4.036240729e+02 2.506386883e-02 9.996753916e-01 4.573168298e-03 -5.322023645e+01 6.400730840e-01 -1.253361453e-02 -7.682117909e-01 5.208276390e+02
-7.764967067e-01 2.272004277e-02 -6.297115722e-01 4.031310413e+02 2.540744125e-02 9.996659502e-01 4.738135392e-03 -5.322606851e+01 6.296088678e-01 -1.232021325e-02 -7.768145763e-01 5.202246887e+02
-7.846444415e-01 2.002201276e-02 -6.196226428e-01 4.026628725e+02 2.282201903e-02 9.997337469e-01 3.404509963e-03 -5.323612602e+01 6.195258315e-01 -1.146970993e-02 -7.848924702e-01 5.196149976e+02
-7.926620931e-01 1.360090956e-02 -6.095094924e-01 4.022170521e+02 1.788731957e-02 9.998395565e-01 -9.513761423e-04 -5.323926488e+01 6.093987610e-01 -1.165661088e-02 -7.927781995e-01 5.190071929e+02
-8.008196290e-01 1.336037338e-02 -5.987565634e-01 4.017506663e+02 1.807545994e-02 9.998348851e-01 -1.865559068e-03 -5.324674279e+01 5.986327752e-01 -1.231677659e-02 -8.009288966e-01 5.183844726e+02
-8.086337043e-01 1.443596380e-02 -5.881353034e-01 4.013191096e+02 1.664718431e-02 9.998600588e-01 1.653478863e-03 -5.324472848e+01 5.880768687e-01 -8.453738059e-03 -8.087608614e-01 5.177643366e+02
-8.163418888e-01 1.576320221e-02 -5.773538274e-01 4.008883259e+02 1.270948585e-02 9.998757145e-01 9.328694353e-03 -5.324854146e+01 5.774291208e-01 2.775336720e-04 -8.164407716e-01 5.171372285e+02
-8.237895418e-01 1.909844420e-02 -5.665739495e-01 4.004808491e+02 1.244137795e-02 9.998007132e-01 1.561236817e-02 -5.325265584e+01 5.667592107e-01 5.812344981e-03 -8.238629824e-01 5.165121510e+02
-8.316897529e-01 2.203150151e-02 -5.548033596e-01 4.000507030e+02 1.451290772e-02 9.997336585e-01 1.794400990e-02 -5.325155837e+01 5.550509259e-01 6.872039202e-03 -8.317879806e-01 5.158748058e+02
-8.391609824e-01 2.352504961e-02 -5.433741047e-01 3.996377546e+02 1.687542603e-02 9.997093001e-01 1.722020190e-02 -5.324874880e+01 5.436212520e-01 5.280852039e-03 -8.393140336e-01 5.152423785e+02
-8.464016531e-01 2.371549577e-02 -5.320167449e-01 3.992172964e+02 1.800562192e-02 9.997111653e-01 1.591802858e-02 -5.324844815e+01 5.322405839e-01 3.893753340e-03 -8.465841952e-01 5.145938495e+02
-8.531593286e-01 2.267209756e-02 -5.211574964e-01 3.988634767e+02 1.763160339e-02 9.997375372e-01 1.462816925e-02 -5.324072969e+01 5.213523632e-01 3.291316774e-03 -8.533351514e-01 5.139571930e+02
-8.598703667e-01 2.111244033e-02 -5.100756977e-01 3.984651468e+02 1.641637664e-02 9.997712829e-01 1.370709443e-02 -5.321911545e+01 5.102484248e-01 3.412729549e-03 -8.600202894e-01 5.132953787e+02
-8.654767425e-01 1.922567436e-02 -5.005800451e-01 3.981322266e+02 1.436873060e-02 9.998048612e-01 1.355651429e-02 -5.320610957e+01 5.007429957e-01 4.540148015e-03 -8.655841030e-01 5.126420841e+02
-8.713397209e-01 1.962221541e-02 -4.902877313e-01 3.977633546e+02 1.477598353e-02 9.997962310e-01 1.375379234e-02 -5.320883595e+01 4.904577057e-01 4.739742137e-03 -8.714521064e-01 5.119737180e+02
-8.770228858e-01 1.883227076e-02 -4.800793719e-01 3.973938043e+02 1.394273950e-02 9.998082656e-01 1.374888970e-02 -5.320224508e+01 4.802462470e-01 5.364469299e-03 -8.771173039e-01 5.112942040e+02
-8.825458259e-01 1.772659603e-02 -4.698921504e-01 3.970476997e+02 1.327898935e-02 9.998301815e-01 1.277797277e-02 -5.320374007e+01 4.700388640e-01 5.037453672e-03 -8.826313445e-01 5.106215271e+02
-8.880581080e-01 1.623514681e-02 -4.594444654e-01 3.966843655e+02 1.226470978e-02 9.998572076e-01 1.162502542e-02 -5.318866319e+01 4.595675942e-01 4.688745054e-03 -8.881304195e-01 5.099281895e+02
-8.928217858e-01 1.638064446e-02 -4.501121341e-01 3.963519666e+02 1.230053888e-02 9.998524789e-01 1.198821022e-02 -5.319680102e+01 4.502421077e-01 5.166713455e-03 -8.928915665e-01 5.092414308e+02
-8.969999272e-01 1.543342811e-02 -4.417611796e-01 3.960396113e+02 1.142347788e-02 9.998658765e-01 1.173597757e-02 -5.318624680e+01 4.418830554e-01 5.480721964e-03 -8.970559219e-01 5.085492144e+02
-9.008908451e-01 1.357854191e-02 -4.338332726e-01 3.957305977e+02 9.869304217e-03 9.998929597e-01 1.080120621e-02 -5.318388605e+01 4.339334995e-01 5.449075245e-03 -9.009284242e-01 5.078547471e+02
-9.047572735e-01 1.120021134e-02 -4.257802618e-01 3.954037492e+02 7.615641968e-03 9.999197880e-01 1.012025654e-02 -5.318149775e+01 4.258594582e-01 5.913785687e-03 -9.047699979e-01 5.071401553e+02
-9.082594170e-01 1.162659519e-02 -4.182459248e-01 3.951124892e+02 8.019897400e-03 9.999139634e-01 1.038013111e-02 -5.319029647e+01 4.183306260e-01 6.073562425e-03 -9.082745175e-01 5.064399270e+02
-9.116302838e-01 1.073573236e-02 -4.108709892e-01 3.948167703e+02 7.027141874e-03 9.999198084e-01 1.053546299e-02 -5.318815404e+01 4.109511468e-01 6.717198382e-03 -9.116326202e-01 5.057300884e+02
-9.152946126e-01 1.049853499e-02 -4.026481750e-01 3.944881104e+02 7.027385121e-03 9.999243285e-01 1.009718423e-02 -5.318256958e+01 4.027237117e-01 6.412334537e-03 -9.152991282e-01 5.050009810e+02
-9.184542456e-01 9.852887674e-03 -3.954045010e-01 3.941885175e+02 6.423522312e-03 9.999294062e-01 9.996043983e-03 -5.318312819e+01 3.954750778e-01 6.641019401e-03 -9.184526987e-01 5.042719403e+02
-9.217805004e-01 9.113946116e-03 -3.876050116e-01 3.938737783e+02 5.730244160e-03 9.999347273e-01 9.884608763e-03 -5.318128978e+01 3.876697994e-01 6.890368258e-03 -9.217725584e-01 5.035202182e+02
-9.245313156e-01 8.412810853e-03 -3.810132163e-01 3.935913858e+02 4.602801622e-03 9.999298925e-01 1.090982316e-02 -5.317838774e+01 3.810782867e-01 8.332744911e-03 -9.245052216e-01 5.027770027e+02
-9.272785074e-01 8.165476140e-03 -3.742831746e-01 3.932920733e+02 3.853927525e-03 9.999173369e-01 1.226647978e-02 -5.318303462e+01 3.743523968e-01 9.931982835e-03 -9.272333248e-01 5.020122043e+02
-9.296353751e-01 9.895835663e-03 -3.683478543e-01 3.930088258e+02 4.891596440e-03 9.998826589e-01 1.451691199e-02 -5.319639081e+01 3.684482889e-01 1.169362587e-02 -9.295746971e-01 5.012610983e+02
-9.321018820e-01 8.866859850e-03 -3.620876420e-01 3.927140604e+02 3.349383082e-03 9.998685678e-01 1.586281198e-02 -5.319672919e+01 3.621807053e-01 1.357298668e-02 -9.320090722e-01 5.005031980e+02
-9.342480901e-01 9.552592660e-03 -3.564957982e-01 3.924204035e+02 3.333777952e-03 9.998314436e-01 1.805464989e-02 -5.319216774e+01 3.566081773e-01 1.567904435e-02 -9.341224628e-01 4.997254991e+02
-9.362144954e-01 8.626020062e-03 -3.513232277e-01 3.921477747e+02 2.402300552e-03 9.998324414e-01 1.814712378e-02 -5.319189649e+01 3.514208979e-01 1.614561634e-02 -9.360783469e-01 4.989627754e+02
-9.381026317e-01 5.714312459e-03 -3.463102641e-01 3.918634022e+02 9.144868117e-05 9.998679452e-01 1.625065784e-02 -5.318640457e+01 3.463573935e-01 1.521311527e-02 -9.379792733e-01 4.981928057e+02
-9.392207967e-01 5.230657490e-03 -3.432738488e-01 3.915988868e+02 5.093740858e-04 9.999040594e-01 1.384242039e-02 -5.318484159e+01 3.433133198e-01 1.282623430e-02 -9.391333516e-01 4.974195081e+02
-9.404525878e-01 7.398959378e-03 -3.398443547e-01 3.913128997e+02 3.473375394e-03 9.999200563e-01 1.215798628e-02 -5.317825645e+01 3.399071428e-01 1.025360264e-02 -9.404031039e-01 4.966425596e+02
-9.416564157e-01 7.490277765e-03 -3.364923334e-01 3.910331119e+02 3.937220113e-03 9.999290757e-01 1.124019054e-02 -5.318201808e+01 3.365526601e-01 9.259553150e-03 -9.416191203e-01 4.958654126e+02
-9.428045274e-01 9.808863309e-03 -3.332017547e-01 3.907674169e+02 5.770387339e-03 9.998974401e-01 1.310770410e-02 -5.319214944e+01 3.332961532e-01 1.043529958e-02 -9.427644344e-01 4.950892196e+02
-9.442139148e-01 1.364410222e-02 -3.290500289e-01 3.904891529e+02 8.423337551e-03 9.998150938e-01 1.728657140e-02 -5.317932540e+01 3.292250452e-01 1.355052179e-02 -9.441542527e-01 4.943019364e+02
-9.454856461e-01 1.585506297e-02 -3.252775890e-01 3.902150708e+02 1.025023868e-02 9.997681256e-01 1.893746528e-02 -5.317525711e+01 3.255024202e-01 1.457092868e-02 -9.454289304e-01 4.935115382e+02
-9.468071062e-01 1.666082323e-02 -3.213700682e-01 3.899622048e+02 1.138089670e-02 9.997677447e-01 1.830114369e-02 -5.318039341e+01 3.216003404e-01 1.367017335e-02 -9.467768203e-01 4.927421233e+02
-9.482076843e-01 1.569375256e-02 -3.172631297e-01 3.897188527e+02 1.141585001e-02 9.998171903e-01 1.533833098e-02 -5.317115278e+01 3.174458469e-01 1.092209500e-02 -9.482135003e-01 4.919673811e+02
-9.494434505e-01 1.673670814e-02 -3.134916537e-01 3.894835562e+02 1.185976649e-02 9.997772648e-01 1.745757055e-02 -5.317392381e+01 3.137140103e-01 1.285703821e-02 -9.494304694e-01 4.911921830e+02
-9.507681706e-01 1.740786316e-02 -3.094137232e-01 3.892537460e+02 1.147987106e-02 9.997142095e-01 2.096930956e-02 -5.314974199e+01 3.096903266e-01 1.638492244e-02 -9.506962901e-01 4.904153446e+02
-9.522413676e-01 1.978813663e-02 -3.047044593e-01 3.890262729e+02 1.356491143e-02 9.996541931e-01 2.252748109e-02 -5.315100221e+01 3.050448673e-01 1.731831039e-02 -9.521805003e-01 4.896625800e+02
-9.537179253e-01 1.956190065e-02 -3.000657445e-01 3.887832733e+02 1.296365149e-02 9.996287507e-01 2.396465320e-02 -5.312672379e+01 3.004231394e-01 1.896557160e-02 -9.536174518e-01 4.888730809e+02
-9.549031917e-01 1.931330727e-02 -2.962885259e-01 3.885573545e+02 1.178913555e-02 9.995615646e-01 2.716054038e-02 -5.309664776e+01 2.966831824e-01 2.244270111e-02 -9.547122155e-01 4.880916167e+02
-9.560461942e-01 2.004576256e-02 -2.925300703e-01 3.883411152e+02 1.147023497e-02 9.994535356e-01 3.100103101e-02 -5.308391071e+01 2.929916523e-01 2.628302907e-02 -9.557536786e-01 4.873020439e+02
-9.573069480e-01 1.669778414e-02 -2.885906985e-01 3.881114964e+02 8.309442819e-03 9.995072996e-01 3.026732959e-02 -5.306672178e+01 2.889539071e-01 2.657709701e-02 -9.569740318e-01 4.865077114e+02
-9.582340834e-01 1.427762629e-02 -2.856284140e-01 3.879009925e+02 6.934019503e-03 9.996193021e-01 2.670524580e-02 -5.305242493e+01 2.859009634e-01 2.360932373e-02 -9.579682870e-01 4.857264195e+02
-9.592461469e-01 1.211941088e-02 -2.823117948e-01 3.876785977e+02 5.543856898e-03 9.996946870e-01 2.407900561e-02 -5.303802245e+01 2.825174247e-01 2.153259717e-02 -9.590204648e-01 4.849345985e+02
-9.601063259e-01 1.084500488e-02 -2.794248180e-01 3.874674625e+02 4.145920761e-03 9.996898976e-01 2.455442977e-02 -5.303378760e+01 2.796044606e-01 2.241639019e-02 -9.598535571e-01 4.841517367e+02
-9.610273255e-01 1.075523314e-02 -2.762441033e-01 3.872454591e+02 3.858042865e-03 9.996674008e-01 2.549908307e-02 -5.302089870e+01 2.764264734e-01 2.343955402e-02 -9.607491827e-01 4.833532928e+02
-9.620035749e-01 1.209785446e-02 -2.727687003e-01 3.870159651e+02 4.964610555e-03 9.996277815e-01 2.682631222e-02 -5.301217884e+01 2.729917116e-01 2.445281789e-02 -9.617055605e-01 4.825592608e+02
-9.627470634e-01 9.692402345e-03 -2.702298082e-01 3.868124173e+02 2.444223018e-03 9.996284938e-01 2.714590619e-02 -5.299076283e+01 2.703925252e-01 2.547413956e-02 -9.624130873e-01 4.817759798e+02
-9.635582458e-01 7.729684732e-03 -2.673869087e-01 3.865966391e+02 9.858785785e-05 9.995926124e-01 2.854119017e-02 -5.297706406e+01 2.674985930e-01 2.747473803e-02 -9.631664661e-01 4.809951274e+02
-9.640290018e-01 7.438536683e-03 -2.656929653e-01 3.863952140e+02 -4.099949422e-04 9.995655168e-01 2.947218331e-02 -5.296969815e+01 2.657967561e-01 2.852097223e-02 -9.636070976e-01 4.802186731e+02
-9.645020524e-01 8.503358450e-03 -2.639384092e-01 3.861736600e+02 8.203199588e-04 9.995730835e-01 2.920578314e-02 -5.295484675e+01 2.640740768e-01 2.795252384e-02 -9.640972660e-01 4.794323504e+02
-9.648680532e-01 7.362488814e-03 -2.626317453e-01 3.859545128e+02 -4.162009352e-04 9.995632073e-01 2.955031925e-02 -5.293565890e+01 2.627345935e-01 2.862146659e-02 -9.644435416e-01 4.786441893e+02
-9.651745590e-01 6.803454906e-03 -2.615182283e-01 3.857542562e+02 -1.413606422e-03 9.995115482e-01 3.121965438e-02 -5.292546271e+01 2.616028907e-01 3.050210000e-02 -9.646935003e-01 4.778812871e+02
-9.656364733e-01 7.808559737e-03 -2.597791905e-01 3.855383487e+02 -9.496178852e-04 9.994358719e-01 3.357135865e-02 -5.290608468e+01 2.598947858e-01 3.266441934e-02 -9.650843155e-01 4.771200836e+02
-9.659379526e-01 8.987240999e-03 -2.586176737e-01 3.853318009e+02 -2.213667354e-04 9.993676645e-01 3.555590168e-02 -5.289471438e+01 2.587736900e-01 3.440204423e-02 -9.653251663e-01 4.763648899e+02
-9.661616538e-01 8.582385179e-03 -2.577944944e-01 3.851353527e+02 -8.782828869e-04 9.993310397e-01 3.656093267e-02 -5.288511950e+01 2.579358201e-01 3.555018766e-02 -9.655077922e-01 4.756326374e+02
-9.661938970e-01 6.399866460e-03 -2.577370660e-01 3.849644515e+02 -3.337770469e-03 9.992975662e-01 3.732604155e-02 -5.287170054e+01 2.577949044e-01 3.692446071e-02 -9.654938485e-01 4.749220578e+02
-9.661363315e-01 3.001076555e-03 -2.580146943e-01 3.847747429e+02 -7.090790639e-03 9.992459443e-01 3.817412051e-02 -5.284966551e+01 2.579347003e-01 3.871093293e-02 -9.653865309e-01 4.741957653e+02
-9.659426260e-01 3.326560773e-03 -2.587349555e-01 3.845985144e+02 -7.283426868e-03 9.991716202e-01 4.003779687e-02 -5.284279902e+01 2.586538129e-01 4.055869177e-02 -9.651182299e-01 4.735074257e+02
-9.655918895e-01 3.299038931e-03 -2.600411876e-01 3.844216252e+02 -7.722750154e-03 9.991148065e-01 4.135169376e-02 -5.281312657e+01 2.599474217e-01 4.193709324e-02 -9.647116762e-01 4.728650190e+02
-9.652682164e-01 3.607078600e-03 -2.612360226e-01 3.842528261e+02 -7.656003918e-03 9.990847396e-01 4.208406759e-02 -5.279204028e+01 2.611487241e-01 4.262243687e-02 -9.643571288e-01 4.722351798e+02
-9.649180381e-01 5.066515905e-03 -2.625024002e-01 3.840703562e+02 -6.210461890e-03 9.990935925e-01 4.211203505e-02 -5.277223682e+01 2.624778274e-01 4.226492340e-02 -9.640119638e-01 4.715945304e+02
-9.642120588e-01 3.408998255e-03 -2.651103250e-01 3.839182266e+02 -7.890733086e-03 9.991054306e-01 4.154605696e-02 -5.275032154e+01 2.650147959e-01 4.215112393e-02 -9.633226047e-01 4.709441940e+02
-9.637528148e-01 2.668038349e-03 -2.667834205e-01 3.837399934e+02 -8.372176144e-03 9.991550992e-01 4.023672995e-02 -5.272165101e+01 2.666653681e-01 4.101181954e-02 -9.629162020e-01 4.703114448e+02
-9.632649894e-01 3.208139886e-03 -2.685335512e-01 3.835798339e+02 -7.550689805e-03 9.992097935e-01 3.902275854e-02 -5.269821069e+01 2.684465447e-01 3.961687064e-02 -9.624795874e-01 4.697111086e+02
-9.628181897e-01 5.276314061e-03 -2.700986748e-01 3.834068284e+02 -5.652837840e-03 9.991968579e-01 3.966969306e-02 -5.268069705e+01 2.700910570e-01 3.972152607e-02 -9.620150837e-01 4.691174353e+02
-9.623384696e-01 7.247865263e-03 -2.717574992e-01 3.832318697e+02 -3.874400195e-03 9.991773565e-01 4.036829615e-02 -5.266446780e+01 2.718265236e-01 3.990086164e-02 -9.615187270e-01 4.684964039e+02
-9.618101855e-01 5.429928445e-03 -2.736634485e-01 3.830825855e+02 -5.475712628e-03 9.992214348e-01 3.907097250e-02 -5.264195340e+01 2.736625362e-01 3.907736171e-02 -9.610316207e-01 4.678928821e+02
-9.613705591e-01 -1.144676804e-04 -2.752573978e-01 3.829220026e+02 -1.083298351e-02 9.992409071e-01 3.741999563e-02 -5.263998295e+01 2.750441685e-01 3.895634097e-02 -9.606420295e-01 4.672912905e+02
-9.608904742e-01 -2.155177139e-03 -2.769202986e-01 3.827618934e+02 -1.225119099e-02 9.993215252e-01 3.473323504e-02 -5.262706701e+01 2.766575589e-01 3.676743816e-02 -9.602649377e-01 4.666773179e+02
-9.605207943e-01 -1.159600850e-03 -2.782057854e-01 3.826101025e+02 -1.047221372e-02 9.994333221e-01 3.199011588e-02 -5.260473428e+01 2.780110365e-01 3.364060196e-02 -9.599886319e-01 4.660765399e+02
-9.597242464e-01 3.242871580e-03 -2.809249982e-01 3.824744366e+02 -6.123330376e-03 9.994543950e-01 3.245638851e-02 -5.259714366e+01 2.808769760e-01 3.286937958e-02 -9.591807589e-01 4.654734341e+02
-9.590996186e-01 2.686688176e-03 -2.830560073e-01 3.823355319e+02 -7.328176429e-03 9.993841490e-01 3.431647639e-02 -5.259788323e+01 2.829738847e-01 3.498720378e-02 -9.584892676e-01 4.648673815e+02
-9.585906830e-01 8.591971516e-04 -2.847861727e-01 3.822064984e+02 -9.787204381e-03 9.993053522e-01 3.595863924e-02 -5.257750618e+01 2.846192422e-01 3.725687703e-02 -9.579163910e-01 4.642753106e+02
-9.584962101e-01 3.088572157e-03 -2.850885407e-01 3.820413345e+02 -8.718039682e-03 9.991562123e-01 4.013551027e-02 -5.256067822e+01 2.849719479e-01 4.095514769e-02 -9.576605165e-01 4.636826718e+02
-9.584517671e-01 7.709570440e-03 -2.851504385e-01 3.818738390e+02 -4.753566320e-03 9.990642237e-01 4.298930806e-02 -5.253986257e+01 2.852150306e-01 4.255865980e-02 -9.575182227e-01 4.631057158e+02
-9.585115534e-01 1.224686610e-02 -2.847904778e-01 3.816638286e+02 -8.181882270e-04 9.989543314e-01 4.571186124e-02 -5.253222730e+01 2.850525084e-01 4.404835934e-02 -9.574992478e-01 4.624712599e+02
-9.582366918e-01 1.078058598e-02 -2.857730242e-01 3.815023768e+02 -2.175812744e-03 9.989854360e-01 4.498182440e-02 -5.251221783e+01 2.859680196e-01 4.372502319e-02 -9.572410428e-01 4.618795798e+02
-9.582303718e-01 5.936042636e-03 -2.859358634e-01 3.813276634e+02 -6.198577760e-03 9.991186747e-01 4.151447246e-02 -5.249920897e+01 2.859302925e-01 4.155282406e-02 -9.573490641e-01 4.612666242e+02
-9.580651231e-01 1.466919813e-03 -2.865467990e-01 3.811588782e+02 -1.022115595e-02 9.991755968e-01 3.928937107e-02 -5.249480755e+01 2.863682032e-01 4.057061566e-02 -9.572602976e-01 4.606353551e+02
-9.575768775e-01 -2.640419429e-03 -2.881658411e-01 3.810085517e+02 -1.447926881e-02 9.991358701e-01 3.895977127e-02 -5.247584884e+01 2.878139582e-01 4.147940679e-02 -9.567876380e-01 4.600132893e+02
-9.572448546e-01 -8.288180403e-03 -2.891601535e-01 3.808267640e+02 -2.148397638e-02 9.988658423e-01 4.249079758e-02 -5.244565335e+01 2.884800289e-01 4.688640726e-02 -9.563372511e-01 4.593671359e+02
-9.567822473e-01 -8.908068704e-03 -2.906688452e-01 3.806400994e+02 -2.310489677e-02 9.986995458e-01 4.544646289e-02 -5.242321325e+01 2.898860034e-01 5.019824255e-02 -9.557438158e-01 4.587261157e+02
-9.561696361e-01 -9.553042483e-03 -2.926574215e-01 3.804479295e+02 -2.262728134e-02 9.988896477e-01 4.132163833e-02 -5.241235245e+01 2.919377213e-01 4.613253769e-02 -9.553241104e-01 4.580632295e+02
-9.556733998e-01 -1.258083969e-02 -2.941599486e-01 3.802259187e+02 -2.355019986e-02 9.991518583e-01 3.377798456e-02 -5.239410451e+01 2.934855039e-01 3.920824692e-02 -9.551591346e-01 4.573850596e+02
-9.545939272e-01 -1.739283543e-02 -2.974019560e-01 3.800329382e+02 -2.642976129e-02 9.993022253e-01 2.639185896e-02 -5.237725629e+01 2.967354072e-01 3.305377100e-02 -9.543875242e-01 4.567230944e+02
-9.539614303e-01 -1.518807296e-02 -2.995445074e-01 3.798093583e+02 -2.374974374e-02 9.994062433e-01 2.496218219e-02 -5.234453414e+01 2.989875234e-01 3.092706432e-02 -9.537557222e-01 4.560413843e+02
-9.535435462e-01 -5.235531512e-03 -3.012097189e-01 3.795730434e+02 -1.603520356e-02 9.993136510e-01 3.339310164e-02 -5.232402252e+01 3.008281533e-01 3.667173571e-02 -9.529730353e-01 4.553507176e+02
-9.526705914e-01 5.154261134e-03 -3.039608162e-01 3.793446732e+02 -8.631681131e-03 9.989945381e-01 4.399326089e-02 -5.230393722e+01 3.038819479e-01 4.453477872e-02 -9.516682275e-01 4.546813095e+02
-9.518033581e-01 9.799825326e-03 -3.065523299e-01 3.791240111e+02 -5.995111746e-03 9.987040210e-01 5.054044917e-02 -5.228894420e+01 3.066503321e-01 4.994238471e-02 -9.505110899e-01 4.539884982e+02
-9.510376241e-01 1.248161298e-02 -3.088230026e-01 3.788834576e+02 -3.258473289e-03 9.987238074e-01 5.039979083e-02 -5.226473143e+01 3.090579556e-01 4.893838883e-02 -9.497832459e-01 4.532837964e+02
-9.504106986e-01 1.011127583e-02 -3.108331804e-01 3.786386634e+02 -4.502519294e-03 9.989192192e-01 4.626143915e-02 -5.222845302e+01 3.109650001e-01 4.536689909e-02 -9.493379868e-01 4.525717654e+02
-9.495726510e-01 9.638471417e-03 -3.133989158e-01 3.783976860e+02 -3.774032673e-03 9.991036561e-01 4.216208026e-02 -5.219433480e+01 3.135243806e-01 4.121873607e-02 -9.486851314e-01 4.518466617e+02
-9.485534907e-01 1.207775597e-02 -3.163864773e-01 3.781546984e+02 -4.738870024e-04 9.992168897e-01 3.956491767e-02 -5.216331303e+01 3.166165673e-01 3.767937221e-02 -9.478049453e-01 4.511218149e+02
-9.479293758e-01 1.477712890e-02 -3.181376038e-01 3.779109617e+02 2.581559850e-03 9.992466951e-01 3.872180042e-02 -5.214236952e+01 3.184701462e-01 3.588424084e-02 -9.472534440e-01 4.504075416e+02
-9.473579132e-01 1.726835006e-02 -3.197104758e-01 3.776558650e+02 4.968296762e-03 9.992171391e-01 3.924824815e-02 -5.212860433e+01 3.201379394e-01 3.559372195e-02 -9.467020580e-01 4.496759363e+02
-9.468879885e-01 1.948620751e-02 -3.209726234e-01 3.774137271e+02 7.208811756e-03 9.991977215e-01 3.939475194e-02 -5.210134313e+01 3.214827683e-01 3.498858620e-02 -9.462687930e-01 4.489550701e+02
-9.463813669e-01 2.255256587e-02 -3.222633862e-01 3.771614446e+02 1.043230334e-02 9.991734801e-01 3.928770307e-02 -5.208072438e+01 3.228830677e-01 3.381920074e-02 -9.458344391e-01 4.482121129e+02
-9.458446207e-01 2.718092573e-02 -3.234797532e-01 3.768922301e+02 1.453104352e-02 9.990346072e-01 4.145723487e-02 -5.206672755e+01 3.242943142e-01 3.451160422e-02 -9.453264764e-01 4.474595869e+02
-9.454931714e-01 2.908349020e-02 -3.243405825e-01 3.766235844e+02 1.527883666e-02 9.988688577e-01 4.502845988e-02 -5.205544661e+01 3.252832919e-01 3.761855456e-02 -9.448680460e-01 4.466960820e+02
-9.452845862e-01 3.097965478e-02 -3.247727083e-01 3.763693065e+02 1.587404446e-02 9.986697404e-01 4.905878434e-02 -5.203148412e+01 3.258605005e-01 4.121905624e-02 -9.445188847e-01 4.459410309e+02
-9.453793160e-01 3.177877353e-02 -3.244195716e-01 3.760955260e+02 1.613615120e-02 9.985787469e-01 5.079479078e-02 -5.199624945e+01 3.255726855e-01 4.278546131e-02 -9.445484798e-01 4.451727560e+02
-9.456604514e-01 2.946927374e-02 -3.238176534e-01 3.758300784e+02 1.364189044e-02 9.986034541e-01 5.103959619e-02 -5.196232760e+01 3.248695270e-01 4.384864262e-02 -9.447418097e-01 4.444153079e+02
-9.457030580e-01 2.745461078e-02 -3.238702989e-01 3.755669362e+02 1.146414703e-02 9.986237280e-01 5.117834800e-02 -5.193782645e+01 3.248296469e-01 4.468662348e-02 -9.447162570e-01 4.436464265e+02
-9.457913794e-01 2.548563689e-02 -3.237732988e-01 3.752898546e+02 9.559599660e-03 9.986689557e-01 5.068462253e-02 -5.190800685e+01 3.246340721e-01 4.484193594e-02 -9.447761216e-01 4.428599735e+02
-9.454819502e-01 2.482288026e-02 -3.247271261e-01 3.750422231e+02 9.055782337e-03 9.987093323e-01 4.997661766e-02 -5.188744441e+01 3.255485749e-01 4.431133176e-02 -9.444864378e-01 4.420994552e+02
-9.451109719e-01 2.418727915e-02 -3.258530747e-01 3.747875198e+02 8.757444900e-03 9.987732910e-01 4.873623228e-02 -5.186942581e+01 3.266321447e-01 4.320750751e-02 -9.441634145e-01 4.413456479e+02
-9.445136744e-01 2.355936121e-02 -3.276261213e-01 3.745197884e+02 8.599872112e-03 9.988562467e-01 4.703446187e-02 -5.184677912e+01 3.283594997e-01 4.160714966e-02 -9.436359913e-01 4.405633682e+02
-9.439999861e-01 2.447898945e-02 -3.290361763e-01 3.742360850e+02 1.000357709e-02 9.989090159e-01 4.561476126e-02 -5.181337773e+01 3.297938063e-01 3.976879524e-02 -9.432149746e-01 4.397796987e+02
-9.432985003e-01 2.616103828e-02 -3.309131901e-01 3.739508966e+02 1.154476561e-02 9.988720297e-01 4.605851258e-02 -5.178815903e+01 3.317448683e-01 3.962661063e-02 -9.425365107e-01 4.389750872e+02
-9.424778350e-01 2.798344683e-02 -3.330952675e-01 3.736584205e+02 1.259396572e-02 9.987548431e-01 4.827168404e-02 -5.175021919e+01 3.340313198e-01 4.130000189e-02 -9.416567247e-01 4.381673663e+02
-9.416948185e-01 2.611123642e-02 -3.354535320e-01 3.733759080e+02 8.383360257e-03 9.984955856e-01 5.418749737e-02 -5.172096744e+01 3.363637734e-01 4.821585769e-02 -9.404970191e-01 4.373568351e+02
-9.402262570e-01 3.047209580e-02 -3.391843702e-01 3.730664051e+02 1.136211276e-02 9.982411401e-01 5.818529577e-02 -5.168051064e+01 3.403608203e-01 5.085349180e-02 -9.389187581e-01 4.365226173e+02
-9.391810022e-01 3.043905870e-02 -3.420709121e-01 3.727641419e+02 1.065083507e-02 9.981667792e-01 5.957886073e-02 -5.164225346e+01 3.432573450e-01 5.231199326e-02 -9.377834774e-01 4.357052855e+02
-9.376322560e-01 2.831101017e-02 -3.464740094e-01 3.724607385e+02 8.353555383e-03 9.982253769e-01 5.896028350e-02 -5.159877834e+01 3.475283738e-01 5.238877381e-02 -9.362048097e-01 4.348717660e+02
-9.362185373e-01 3.012293810e-02 -3.501249191e-01 3.721640605e+02 9.591163356e-03 9.981385462e-01 6.022833439e-02 -5.155235615e+01 3.512874321e-01 5.302877784e-02 -9.347647237e-01 4.340612379e+02
-9.349872708e-01 3.415370107e-02 -3.530330412e-01 3.718350946e+02 1.252472279e-02 9.979114686e-01 6.337059427e-02 -5.150319498e+01 3.544600609e-01 5.482905801e-02 -9.334622861e-01 4.332250848e+02
-9.334683741e-01 3.688162828e-02 -3.567583777e-01 3.715058071e+02 1.452783154e-02 9.977705785e-01 6.513689307e-02 -5.146223842e+01 3.583653676e-01 5.562030405e-02 -9.319230897e-01 4.323830498e+02
-9.320714037e-01 3.744829998e-02 -3.603339053e-01 3.711828076e+02 1.570298105e-02 9.978844172e-01 6.308808323e-02 -5.142396677e+01 3.619341306e-01 5.314428180e-02 -9.306875794e-01 4.315505729e+02
-9.305541950e-01 3.756659190e-02 -3.642219672e-01 3.708509375e+02 1.690849670e-02 9.980705567e-01 5.974333981e-02 -5.138108825e+01 3.657635753e-01 4.943596955e-02 -9.293939380e-01 4.306990257e+02
-9.294009505e-01 3.749698962e-02 -3.671618840e-01 3.705168785e+02 1.738052757e-02 9.981685267e-01 5.794402133e-02 -5.134177228e+01 3.686621631e-01 4.747176125e-02 -9.283504949e-01 4.298675987e+02
-9.280043841e-01 4.012065975e-02 -3.704027481e-01 3.701841114e+02 1.940237532e-02 9.980401178e-01 5.949345339e-02 -5.129820808e+01 3.720637190e-01 4.802349243e-02 -9.269640409e-01 4.290128223e+02
-9.269241367e-01 4.112859814e-02 -3.729880471e-01 3.698427341e+02 1.932144297e-02 9.978879531e-01 6.201866509e-02 -5.126218516e+01 3.747510196e-01 5.027993031e-02 -9.257610933e-01 4.281452253e+02
-9.257358897e-01 4.036479032e-02 -3.760103007e-01 3.695067992e+02 1.810890806e-02 9.978782574e-01 6.253839447e-02 -5.121707595e+01 3.777368528e-01 5.108490029e-02 -9.245026787e-01 4.272862110e+02
-9.253031900e-01 3.494548483e-02 -3.776146443e-01 3.691584511e+02 1.389027313e-02 9.982001580e-01 5.833956592e-02 -5.117387702e+01 3.789737020e-01 4.873661591e-02 -9.241231928e-01 4.264364235e+02
-9.243589459e-01 3.065955379e-02 -3.802900615e-01 3.688079047e+02 1.128742344e-02 9.985271712e-01 5.306677383e-02 -5.112951863e+01 3.813569629e-01 4.476025217e-02 -9.233435908e-01 4.255633783e+02
-9.231747389e-01 3.213636201e-02 -3.830347970e-01 3.684495836e+02 1.232684817e-02 9.984615673e-01 5.406059110e-02 -5.107977393e+01 3.841828344e-01 4.518576028e-02 -9.221506367e-01 4.246942953e+02
-9.226117523e-01 3.422567112e-02 -3.842084825e-01 3.680740439e+02 1.160942455e-02 9.980683631e-01 6.103084416e-02 -5.102854022e+01 3.855551528e-01 5.184733468e-02 -9.212269417e-01 4.238158299e+02
-9.220052616e-01 3.538059589e-02 -3.855574031e-01 3.677170356e+02 1.043231356e-02 9.977246410e-01 6.660861428e-02 -5.098626854e+01 3.870367741e-01 5.739123711e-02 -9.202764701e-01 4.229457578e+02
-9.213040123e-01 3.698252855e-02 -3.870803656e-01 3.673432364e+02 1.292472494e-02 9.978293320e-01 6.457225173e-02 -5.094199238e+01 3.886281878e-01 5.448776735e-02 -9.197821562e-01 4.220773639e+02
-9.205115510e-01 3.638616775e-02 -3.890173920e-01 3.669873037e+02 1.398987496e-02 9.980852220e-01 6.025091758e-02 -5.088949168e+01 3.904648100e-01 5.001936092e-02 -9.192580137e-01 4.212252685e+02
-9.195861020e-01 3.504226127e-02 -3.913226813e-01 3.666156378e+02 1.340164632e-02 9.982326120e-01 5.789687485e-02 -5.085028630e+01 3.926598997e-01 4.799679329e-02 -9.184304606e-01 4.203553597e+02
-9.188473471e-01 3.274364770e-02 -3.932523444e-01 3.662472871e+02 1.068170240e-02 9.982501356e-01 5.815984868e-02 -5.081126533e+01 3.944685717e-01 4.923941815e-02 -9.175892467e-01 4.194711655e+02
-9.181557904e-01 3.242183314e-02 -3.948908321e-01 3.658662408e+02 9.088116401e-03 9.981075442e-01 6.081723759e-02 -5.076068744e+01 3.961153250e-01 5.225088500e-02 -9.167128745e-01 4.185786572e+02
-9.173826907e-01 3.256616173e-02 -3.966717079e-01 3.654793531e+02 8.729555362e-03 9.980534795e-01 6.174987416e-02 -5.071122217e+01 3.979105346e-01 5.318549807e-02 -9.158812746e-01 4.176735695e+02
-9.165987688e-01 3.228001551e-02 -3.985030711e-01 3.650980439e+02 9.299512007e-03 9.981869856e-01 5.946646798e-02 -5.065979189e+01 3.997001578e-01 5.080100724e-02 -9.152371504e-01 4.167939461e+02
-9.161456264e-01 3.118660265e-02 -3.996305632e-01 3.646944846e+02 9.222086082e-03 9.983448065e-01 5.676795283e-02 -5.062044096e+01 4.007394969e-01 4.832228425e-02 -9.149168336e-01 4.159386217e+02
-9.154135853e-01 3.136600461e-02 -4.012905950e-01 3.643048903e+02 9.260591189e-03 9.983364895e-01 5.690777764e-02 -5.057607758e+01 4.024080135e-01 4.837796462e-02 -9.141812529e-01 4.150370564e+02
-9.144064554e-01 3.186725398e-02 -4.035409676e-01 3.639199792e+02 8.954692708e-03 9.982449287e-01 5.853952327e-02 -5.051824989e+01 4.046982183e-01 4.991533261e-02 -9.130869683e-01 4.141322576e+02
-9.136507010e-01 3.295032471e-02 -4.051625261e-01 3.635214468e+02 9.536823073e-03 9.981724920e-01 5.967181336e-02 -5.046810825e+01 4.063882940e-01 5.065523078e-02 -9.122952385e-01 4.132439332e+02
-9.127044446e-01 3.299831546e-02 -4.072857817e-01 3.631195268e+02 9.130818477e-03 9.981320628e-01 6.040706350e-02 -5.041878510e+01 4.085183288e-01 5.141494280e-02 -9.113008717e-01 4.123534178e+02
-9.115225621e-01 3.254890138e-02 -4.099599833e-01 3.627185935e+02 8.975624009e-03 9.982001137e-01 5.929562459e-02 -5.037420240e+01 4.111521094e-01 5.036965297e-02 -9.101740718e-01 4.114671323e+02
-9.100595156e-01 3.332019429e-02 -4.131361069e-01 3.623229856e+02 1.029123638e-02 9.982726513e-01 5.784292563e-02 -5.032680686e+01 4.143498143e-01 4.838882354e-02 -9.088304315e-01 4.105724772e+02
-9.087854701e-01 3.424193647e-02 -4.158562963e-01 3.619074136e+02 1.195664122e-02 9.983549038e-01 5.607606182e-02 -5.028587135e+01 4.170923256e-01 4.598886567e-02 -9.076998491e-01 4.096811836e+02
-9.073203297e-01 3.409742085e-02 -4.190551100e-01 3.614953020e+02 1.218499545e-02 9.984199030e-01 5.485638757e-02 -5.024189086e+01 4.202634236e-01 4.466613105e-02 -9.063021524e-01 4.087998421e+02
-9.057522258e-01 3.363801541e-02 -4.224705782e-01 3.610843873e+02 1.157882549e-02 9.984371545e-01 5.467338703e-02 -5.019663022e+01 4.236494262e-01 4.462882889e-02 -9.047261637e-01 4.079104435e+02
-9.040453846e-01 3.670359170e-02 -4.258577097e-01 3.606615708e+02 1.403836687e-02 9.983185377e-01 5.624074585e-02 -5.016216239e+01 4.272058834e-01 4.486583995e-02 -9.030405249e-01 4.070159178e+02
-9.020975904e-01 3.978864945e-02 -4.296938454e-01 3.602424385e+02 1.589683905e-02 9.981284069e-01 5.905060396e-02 -5.010522752e+01 4.312391771e-01 4.643863364e-02 -9.010417445e-01 4.060964414e+02
-9.003595021e-01 4.173194768e-02 -4.331410988e-01 3.598069996e+02 1.723046957e-02 9.980291070e-01 6.034080244e-02 -5.006296447e+01 4.348055633e-01 4.686519032e-02 -8.993040510e-01 4.051910746e+02
-8.988124563e-01 4.323675748e-02 -4.361957716e-01 3.593698587e+02 1.847913521e-02 9.979762052e-01 6.084418963e-02 -5.001584210e+01 4.379437064e-01 4.662699489e-02 -8.977924222e-01 4.042943518e+02
-8.971685982e-01 4.452852564e-02 -4.394379556e-01 3.589243792e+02 1.928383641e-02 9.979054667e-01 6.174798134e-02 -4.996330953e+01 4.412670847e-01 4.692430021e-02 -8.961481295e-01 4.033897333e+02
-8.949228953e-01 4.618734608e-02 -4.438239972e-01 3.585087113e+02 2.006250571e-02 9.977876169e-01 6.338270679e-02 -4.990929297e+01 4.457695675e-01 4.781841399e-02 -8.938696169e-01 4.024848348e+02
-8.929778155e-01 4.665799406e-02 -4.476758342e-01 3.580761064e+02 1.999837340e-02 9.977432851e-01 6.409681802e-02 -4.986232794e+01 4.496561865e-01 4.828424804e-02 -8.918957032e-01 4.015835106e+02
-8.910180544e-01 4.569625187e-02 -4.516621297e-01 3.576361092e+02 1.923489068e-02 9.978276430e-01 6.300804642e-02 -4.981250889e+01 4.535601898e-01 4.745363524e-02 -8.899614074e-01 4.006720651e+02
-8.897433545e-01 4.690632328e-02 -4.540446673e-01 3.571596032e+02 2.101528939e-02 9.978607584e-01 6.190528656e-02 -4.975320284e+01 4.559771054e-01 4.553793724e-02 -8.888257285e-01 3.997755773e+02
-8.884415386e-01 4.752003465e-02 -4.565232511e-01 3.566799472e+02 2.107985201e-02 9.978010516e-01 6.283869294e-02 -4.969854313e+01 4.585054769e-01 4.620506247e-02 -8.874896167e-01 3.988647343e+02
-8.871380979e-01 4.328804171e-02 -4.594694122e-01 3.562199007e+02 1.763542051e-02 9.980438692e-01 5.997855461e-02 -4.965316755e+01 4.611669842e-01 4.510632455e-02 -8.861661426e-01 3.979613175e+02
-8.854341725e-01 4.200741819e-02 -4.628625099e-01 3.557553297e+02 1.879069032e-02 9.983282932e-01 5.465829319e-02 -4.961010768e+01 4.643847932e-01 3.969881452e-02 -8.847433345e-01 3.970596484e+02
-8.839813255e-01 4.190364529e-02 -4.656405273e-01 3.552773723e+02 2.114705934e-02 9.985395947e-01 4.971397909e-02 -4.955677490e+01 4.670437004e-01 3.409930127e-02 -8.835764934e-01 3.961606733e+02
-8.827650305e-01 4.160908542e-02 -4.679685726e-01 3.548225580e+02 1.984517478e-02 9.984838326e-01 5.134398797e-02 -4.952132023e+01 4.693954303e-01 3.603775899e-02 -8.822523505e-01 3.952743737e+02
-8.816211276e-01 4.208771995e-02 -4.700774523e-01 3.543549102e+02 2.151396637e-02 9.985642976e-01 4.905601643e-02 -4.947539106e+01 4.714672169e-01 3.313559002e-02 -8.812608559e-01 3.943684132e+02
-8.807944082e-01 4.575263502e-02 -4.712832554e-01 3.538565237e+02 2.511253572e-02 9.984336840e-01 4.999539157e-02 -4.943730942e+01 4.728324978e-01 3.220054375e-02 -8.805637705e-01 3.934587056e+02
-8.798127078e-01 5.182918120e-02 -4.724863332e-01 3.533715541e+02 3.025689897e-02 9.981281468e-01 5.314812007e-02 -4.941641005e+01 4.743565317e-01 3.246442019e-02 -8.797340179e-01 3.925472091e+02
-8.792673576e-01 5.234314201e-02 -4.734438819e-01 3.529009381e+02 2.881456704e-02 9.979685384e-01 5.682004085e-02 -4.938150686e+01 4.754562383e-01 3.631792670e-02 -8.789894047e-01 3.916661724e+02
-8.788676541e-01 5.160640953e-02 -4.742661964e-01 3.524204882e+02 2.631451225e-02 9.978624590e-01 5.981688191e-02 -4.933490528e+01 4.763393674e-01 4.009103905e-02 -8.783470360e-01 3.907657777e+02
-8.780500362e-01 5.094183556e-02 -4.758498327e-01 3.519468794e+02 2.409492565e-02 9.977631791e-01 6.235441397e-02 -4.928697901e+01 4.779618902e-01 4.328472911e-02 -8.773134353e-01 3.898574083e+02
-8.772040127e-01 5.127650564e-02 -4.773718049e-01 3.514534274e+02 2.171580137e-02 9.975003854e-01 6.724139487e-02 -4.923427150e+01 4.796264631e-01 4.861791010e-02 -8.761248511e-01 3.889438156e+02
-8.758680121e-01 4.930780125e-02 -4.800249641e-01 3.509770301e+02 1.877556782e-02 9.974947463e-01 6.820343918e-02 -4.918001609e+01 4.821853414e-01 5.072446943e-02 -8.745995225e-01 3.880170179e+02
-8.753760019e-01 4.793131626e-02 -4.810607490e-01 3.504233961e+02 1.691854784e-02 9.975006836e-01 6.860137734e-02 -4.910759824e+01 4.831465803e-01 5.191315012e-02 -8.739990886e-01 3.870781841e+02
-8.744858153e-01 4.626776372e-02 -4.828393656e-01 3.499466093e+02 1.558073552e-02 9.976059808e-01 6.737616672e-02 -4.906210279e+01 4.848007834e-01 5.139650963e-02 -8.731131652e-01 3.861889775e+02
-8.731199870e-01 4.527192508e-02 -4.853987445e-01 3.494465986e+02 1.416563132e-02 9.976143545e-01 6.756430018e-02 -4.899422287e+01 4.872995211e-01 5.211576123e-02 -8.716783376e-01 3.852818118e+02
-8.712908655e-01 4.394073790e-02 -4.887959075e-01 3.489636887e+02 1.248752420e-02 9.976461981e-01 6.742495965e-02 -4.894206233e+01 4.906080813e-01 5.264290073e-02 -8.697887304e-01 3.843848024e+02
-8.689946753e-01 4.203275213e-02 -4.930329625e-01 3.485065578e+02 1.051207615e-02 9.977289312e-01 6.653176796e-02 -4.889034740e+01 4.947097640e-01 5.263295205e-02 -8.674629801e-01 3.835135007e+02
-8.673783124e-01 4.277356936e-02 -4.958077096e-01 3.480156022e+02 1.248865571e-02 9.978564852e-01 6.423759422e-02 -4.885675073e+01 4.974926097e-01 4.952632428e-02 -8.660532585e-01 3.826589645e+02
-8.655354284e-01 3.992958394e-02 -4.992534933e-01 3.475120780e+02 1.137480257e-02 9.981270222e-01 6.010874736e-02 -4.880496117e+01 5.007185199e-01 4.634734047e-02 -8.643684908e-01 3.817860355e+02
-8.631550956e-01 3.721579666e-02 -5.035655522e-01 3.470569328e+02 9.877434775e-03 9.983338317e-01 5.685065349e-02 -4.876193689e+01 5.048422696e-01 4.409699535e-02 -8.620845305e-01 3.809557022e+02
-8.604821556e-01 3.658279528e-02 -5.081654838e-01 3.466531313e+02 9.161939600e-03 9.983685603e-01 5.635846596e-02 -4.870461776e+01 5.093981927e-01 4.383967281e-02 -8.594135002e-01 3.801620729e+02
-8.585518329e-01 3.664570740e-02 -5.114155281e-01 3.461386443e+02 7.484582351e-03 9.982320611e-01 5.896382976e-02 -4.866087235e+01 5.126721479e-01 4.679577248e-02 -8.573082435e-01 3.793053916e+02
-8.565758675e-01 3.548479340e-02 -5.147995849e-01 3.456677984e+02 5.330538446e-03 9.981880521e-01 5.993494772e-02 -4.862002850e+01 5.159935741e-01 4.859467086e-02 -8.552129498e-01 3.784989312e+02
-8.549040215e-01 3.449046462e-02 -5.176384085e-01 3.451854436e+02 5.343919737e-03 9.983200833e-01 5.769275338e-02 -4.857270102e+01 5.187586689e-01 4.655554877e-02 -8.536521682e-01 3.776909881e+02
-8.533478057e-01 3.472674829e-02 -5.201841745e-01 3.447156475e+02 6.505115098e-03 9.984106426e-01 5.598099828e-02 -4.852884780e+01 5.213014540e-01 4.438740412e-02 -8.522174326e-01 3.768950160e+02
-8.522098208e-01 3.355751310e-02 -5.221228923e-01 3.442349830e+02 5.379927923e-03 9.984502702e-01 5.539056233e-02 -4.849299613e+01 5.231725124e-01 4.439539767e-02 -8.510696628e-01 3.760936767e+02
-8.511797030e-01 3.184926961e-02 -5.239071838e-01 3.437452678e+02 3.631356020e-03 9.984907320e-01 5.480028692e-02 -4.844513747e+01 5.248618165e-01 4.474239844e-02 -8.500107007e-01 3.752864377e+02
-8.503600186e-01 3.122911970e-02 -5.252738151e-01 3.432659138e+02 3.137831293e-03 9.985205373e-01 5.428527043e-02 -4.841052472e+01 5.261919733e-01 4.451380296e-02 -8.491999344e-01 3.744937801e+02
-8.497446761e-01 2.803918166e-02 -5.264482784e-01 3.427838958e+02 1.836951655e-04 9.986003283e-01 5.288998590e-02 -4.835557528e+01 5.271944155e-01 4.484627794e-02 -8.485604631e-01 3.737042182e+02
-8.496736633e-01 2.708881796e-02 -5.266126297e-01 3.422698379e+02 -8.526726819e-04 9.986077085e-01 5.274388493e-02 -4.831466624e+01 5.273082010e-01 4.526411813e-02 -8.484675720e-01 3.728937715e+02
-8.496538070e-01 2.892357620e-02 -5.265470872e-01 3.417825889e+02 8.442529976e-04 9.985680453e-01 5.348968185e-02 -4.828151278e+01 5.273402086e-01 4.500317286e-02 -8.484615600e-01 3.721124957e+02
-8.501524433e-01 2.966041258e-02 -5.257005641e-01 3.413051784e+02 1.260750988e-03 9.985239472e-01 5.429859441e-02 -4.824525260e+01 5.265351210e-01 4.549930520e-02 -8.489349678e-01 3.713357698e+02
-8.505423584e-01 2.926721410e-02 -5.250915414e-01 3.408325995e+02 1.334910486e-03 9.985672138e-01 5.349521049e-02 -4.820436842e+01 5.259048532e-01 4.479899228e-02 -8.493627821e-01 3.705561425e+02
-8.513381342e-01 2.928137876e-02 -5.237995628e-01 3.403799928e+02 2.476453906e-03 9.986543233e-01 5.180163895e-02 -4.817053379e+01 5.246115214e-01 4.280354518e-02 -8.502650223e-01 3.698008890e+02
-8.522273873e-01 3.072655343e-02 -5.222684743e-01 3.399180690e+02 4.277690989e-03 9.986497081e-01 5.177317708e-02 -4.813726366e+01 5.231540707e-01 4.188841629e-02 -8.512080703e-01 3.690463680e+02
-8.529119362e-01 3.220460784e-02 -5.210605458e-01 3.394780405e+02 4.346886224e-03 9.984989662e-01 5.459779430e-02 -4.811041028e+01 5.220367168e-01 4.430211954e-02 -8.517716763e-01 3.683030088e+02
-8.534804324e-01 3.273953829e-02 -5.200954472e-01 3.390477699e+02 3.099242734e-03 9.983258126e-01 5.775782753e-02 -4.807914372e+01 5.211156746e-01 4.768327357e-02 -8.521530139e-01 3.675667280e+02
-8.539185335e-01 3.608119508e-02 -5.191543947e-01 3.386020150e+02 5.552677064e-03 9.981685106e-01 6.023945712e-02 -4.804972510e+01 5.203770806e-01 4.855689218e-02 -8.525549380e-01 3.668403379e+02
-8.542123421e-01 3.692354173e-02 -5.186115374e-01 3.381955606e+02 6.964016340e-03 9.981981611e-01 5.959810094e-02 -4.802113222e+01 5.198776559e-01 4.729781416e-02 -8.529303252e-01 3.661493603e+02
-8.541196385e-01 3.645253950e-02 -5.187975091e-01 3.377768587e+02 5.739574942e-03 9.981405533e-01 6.068354940e-02 -4.798852230e+01 5.200449023e-01 4.885333409e-02 -8.527406706e-01 3.654441288e+02
-8.537465672e-01 3.548693172e-02 -5.194780811e-01 3.373763188e+02 4.518661274e-03 9.981422086e-01 6.075946993e-02 -4.795327835e+01 5.206691663e-01 4.952584339e-02 -8.523208375e-01 3.647454598e+02
-8.529499908e-01 3.507652176e-02 -5.208127791e-01 3.369720905e+02 3.519096795e-03 9.981034346e-01 6.145852128e-02 -4.791519586e+01 5.219807747e-01 5.058825458e-02 -8.514557530e-01 3.640572833e+02
-8.511977393e-01 3.250717153e-02 -5.238374676e-01 3.365864851e+02 2.863437541e-04 9.981086945e-01 6.147318085e-02 -4.786601650e+01 5.248450501e-01 5.217583497e-02 -8.495971725e-01 3.633805377e+02
-8.483143022e-01 3.062217198e-02 -5.286067794e-01 3.362020287e+02 -2.362398101e-03 9.980974449e-01 6.161095350e-02 -4.782900472e+01 5.294877371e-01 5.351423268e-02 -8.466279957e-01 3.627274575e+02
-8.449702175e-01 2.878523702e-02 -5.340381463e-01 3.358188493e+02 -4.525337937e-03 9.981299265e-01 6.096040615e-02 -4.779575196e+01 5.347942155e-01 5.392643072e-02 -8.432597982e-01 3.620988263e+02
-8.411591146e-01 2.866202799e-02 -5.400276216e-01 3.354151470e+02 -5.626906334e-03 9.980765521e-01 6.173762284e-02 -4.776543596e+01 5.407584320e-01 5.496984901e-02 -8.393799103e-01 3.614755626e+02
-8.367085721e-01 2.784794840e-02 -5.469399027e-01 3.350299170e+02 -6.402402142e-03 9.981406479e-01 6.061564323e-02 -4.772993459e+01 5.476109702e-01 5.421935749e-02 -8.349745425e-01 3.608775596e+02
-8.320109128e-01 2.520966617e-02 -5.541861724e-01 3.346439011e+02 -9.253592102e-03 9.981973081e-01 5.930012721e-02 -4.770089383e+01 5.546820819e-01 5.446656575e-02 -8.302777735e-01 3.602934687e+02
-8.271087019e-01 2.382607806e-02 -5.615367425e-01 3.342727079e+02 -1.035929120e-02 9.982850727e-01 5.761595906e-02 -4.766886129e+01 5.619465101e-01 5.347178374e-02 -8.254434494e-01 3.597594296e+02
-8.213854304e-01 2.300467989e-02 -5.699094309e-01 3.338993508e+02 -1.100668406e-02 9.983609537e-01 5.616279070e-02 -4.762842276e+01 5.702673299e-01 5.240411106e-02 -8.197859364e-01 3.592165436e+02
-8.149946408e-01 2.273873583e-02 -5.790221804e-01 3.335350302e+02 -1.240825118e-02 9.983158637e-01 5.666984793e-02 -4.761281071e+01 5.793356288e-01 5.337027502e-02 -8.133399308e-01 3.587006866e+02
-8.072642457e-01 2.485274216e-02 -5.896666675e-01 3.331661091e+02 -1.265078908e-02 9.981547800e-01 5.938849017e-02 -4.759791065e+01 5.900545696e-01 5.540195336e-02 -8.054602588e-01 3.581967595e+02
-7.977998405e-01 2.924247733e-02 -6.022128295e-01 3.327585749e+02 -1.202814372e-02 9.978524006e-01 6.438874339e-02 -4.757075287e+01 6.028024040e-01 5.861283167e-02 -7.957347533e-01 3.576770187e+02
-7.872860824e-01 3.376137654e-02 -6.156628898e-01 3.323422653e+02 -1.163873155e-02 9.975082018e-01 6.958395914e-02 -4.752625610e+01 6.164780323e-01 6.194801769e-02 -7.849313847e-01 3.572065679e+02
-7.744582677e-01 3.744414158e-02 -6.315158967e-01 3.319792545e+02 -1.226122379e-02 9.971708831e-01 7.416125882e-02 -4.749792353e+01 6.325061691e-01 6.517795778e-02 -7.718081237e-01 3.567631479e+02
-7.598771288e-01 4.022272195e-02 -6.488211477e-01 3.315937511e+02 -1.221153181e-02 9.970245846e-01 7.611081506e-02 -4.746924324e+01 6.499520194e-01 6.575796770e-02 -7.571249977e-01 3.563289895e+02
-7.437367923e-01 4.038130801e-02 -6.672517769e-01 3.312109622e+02 -1.374768983e-02 9.970386577e-01 7.566317486e-02 -4.742369703e+01 6.683311939e-01 6.544665743e-02 -7.409791834e-01 3.558991118e+02
-7.250233729e-01 4.143045565e-02 -6.874770004e-01 3.308270776e+02 -1.336586533e-02 9.971546352e-01 7.418886103e-02 -4.740344580e+01 6.885945559e-01 6.297738326e-02 -7.224066630e-01 3.555079254e+02
-7.029500539e-01 4.300637091e-02 -7.099377957e-01 3.304273672e+02 -1.327788775e-02 9.972027376e-01 7.355540588e-02 -4.738942210e+01 7.111152645e-01 6.113225089e-02 -7.004126844e-01 3.551101302e+02
-6.786293523e-01 4.342741190e-02 -7.331959234e-01 3.299905435e+02 -1.560932557e-02 9.971722838e-01 7.351044418e-02 -4.734716449e+01 7.343150217e-01 6.133103899e-02 -6.760325085e-01 3.547535434e+02
-6.504171957e-01 4.699634195e-02 -7.581219001e-01 3.295553088e+02 -1.809438093e-02 9.968422371e-01 7.731848288e-02 -4.732651468e+01 7.593616167e-01 6.400701726e-02 -6.475129627e-01 3.543968314e+02
-6.184497895e-01 4.935444017e-02 -7.842729098e-01 3.291084595e+02 -2.141292219e-02 9.965967537e-01 7.960148986e-02 -4.727871653e+01 7.855325229e-01 6.602309944e-02 -6.152882298e-01 3.540648826e+02
-5.826792087e-01 5.221320116e-02 -8.110232557e-01 3.286400192e+02 -2.437947567e-02 9.963619745e-01 8.166061987e-02 -4.724043443e+01 8.123364949e-01 6.735426710e-02 -5.792864765e-01 3.537585460e+02
-5.431634599e-01 5.348731081e-02 -8.379215736e-01 3.281700168e+02 -2.834856030e-02 9.962316150e-01 8.196907001e-02 -4.720827849e+01 8.391482676e-01 6.827647392e-02 -5.396003226e-01 3.534732681e+02
-4.994891399e-01 5.339238236e-02 -8.646732635e-01 3.277045404e+02 -3.344506259e-02 9.961664713e-01 8.083185826e-02 -4.717594462e+01 8.656743192e-01 6.929368678e-02 -4.957886224e-01 3.532225633e+02
-4.523354064e-01 5.518710795e-02 -8.901387887e-01 3.272186613e+02 -3.472050756e-02 9.962372929e-01 7.940870661e-02 -4.714234218e+01 8.911717940e-01 6.682544012e-02 -4.487172763e-01 3.530034143e+02
-4.024895333e-01 6.003021621e-02 -9.134541853e-01 3.267253885e+02 -3.176842333e-02 9.963305460e-01 7.947458903e-02 -4.711541336e+01 9.148731840e-01 6.100668950e-02 -3.991055512e-01 3.528192235e+02
-3.500040116e-01 6.320940807e-02 -9.346131620e-01 3.261888748e+02 -2.992990163e-02 9.964568067e-01 7.860046653e-02 -4.708280831e+01 9.362699359e-01 5.548335860e-02 -3.468720284e-01 3.526635870e+02
-2.936370333e-01 6.379129642e-02 -9.537861203e-01 3.256435442e+02 -3.510156134e-02 9.963784027e-01 7.744649120e-02 -4.704688417e+01 9.552723031e-01 5.622053991e-02 -2.903344241e-01 3.525246309e+02
-2.339646045e-01 6.574254675e-02 -9.700198356e-01 3.251037450e+02 -3.774295762e-02 9.963449645e-01 7.663015624e-02 -4.702140820e+01 9.715122403e-01 5.454016175e-02 -2.306281374e-01 3.524290892e+02
-1.724416734e-01 6.801587702e-02 -9.826686673e-01 3.245332290e+02 -3.701756450e-02 9.964609933e-01 7.546647371e-02 -4.698483603e+01 9.843239148e-01 4.938956579e-02 -1.693136191e-01 3.523660175e+02
-1.100526294e-01 6.775581505e-02 -9.916136185e-01 3.239634342e+02 -3.098171031e-02 9.969550682e-01 7.155924503e-02 -4.695797010e+01 9.934427776e-01 3.859716894e-02 -1.076183356e-01 3.523528512e+02
-4.613396114e-02 6.376472759e-02 -9.968980475e-01 3.233987256e+02 -2.977561476e-02 9.974294041e-01 6.517665619e-02 -4.693733736e+01 9.984913973e-01 3.269010954e-02 -4.411673541e-02 3.523703591e+02
1.835750330e-02 5.692278067e-02 -9.982097971e-01 3.228380991e+02 -3.443406788e-02 9.978217652e-01 5.626739603e-02 -4.691205483e+01 9.992383585e-01 3.333949500e-02 2.027759924e-02 3.524161361e+02
8.267300131e-02 4.992950541e-02 -9.953251827e-01 3.223007766e+02 -4.195726713e-02 9.980329964e-01 4.658031516e-02 -4.689233441e+01 9.956931066e-01 3.791019011e-02 8.460528881e-02 3.524818306e+02
1.460206870e-01 4.435423474e-02 -9.882867301e-01 3.217581134e+02 -4.285325674e-02 9.983403048e-01 3.847381239e-02 -4.688169847e+01 9.883529518e-01 3.673333246e-02 1.476790605e-01 3.525944964e+02
2.077153413e-01 3.977065993e-02 -9.773804948e-01 3.212065230e+02 -4.078116550e-02 9.986565217e-01 3.196948923e-02 -4.686452465e+01 9.773388530e-01 3.321816235e-02 2.090581742e-01 3.527440674e+02
2.651604865e-01 3.375224847e-02 -9.636133572e-01 3.206827100e+02 -3.405750851e-02 9.990913556e-01 2.562321700e-02 -4.685297027e+01 9.636026165e-01 2.602400543e-02 2.660690674e-01 3.529301863e+02
3.165274501e-01 2.895502711e-02 -9.481413290e-01 3.201512938e+02 -2.553685455e-02 9.994318578e-01 2.199615231e-02 -4.684535708e+01 9.482395491e-01 1.725016121e-02 3.170870378e-01 3.531515791e+02
3.625924717e-01 2.649578290e-02 -9.315710778e-01 3.196108170e+02 -2.277657483e-02 9.995491379e-01 1.956396332e-02 -4.684649288e+01 9.316694302e-01 1.412425255e-02 3.630324757e-01 3.533928153e+02
4.035937535e-01 2.374928126e-02 -9.146300092e-01 3.190702519e+02 -2.400236839e-02 9.995938335e-01 1.536405870e-02 -4.684746161e+01 9.146234025e-01 1.575244831e-02 4.039998662e-01 3.536711997e+02
4.395457595e-01 1.908278884e-02 -8.980174678e-01 3.185336054e+02 -2.439954903e-02 9.996590279e-01 9.300001538e-03 -4.685010743e+01 8.978887388e-01 1.782344499e-02 4.398614981e-01 3.539507169e+02
4.696947741e-01 1.036786103e-02 -8.827679914e-01 3.179746945e+02 -1.890852378e-02 9.998198032e-01 1.681934526e-03 -4.684145468e+01 8.826263575e-01 1.590184370e-02 4.698061775e-01 3.542810143e+02
4.952777056e-01 2.174670771e-03 -8.687319869e-01 3.174396316e+02 -1.161021607e-02 9.999241275e-01 -4.116085812e-03 -4.684960779e+01 8.686571229e-01 1.212477161e-02 4.952653761e-01 3.546112925e+02
5.149131941e-01 -2.950461461e-03 -8.572372468e-01 3.168982549e+02 -6.020545233e-03 9.999569678e-01 -7.058014214e-03 -4.685527099e+01 8.572211824e-01 8.795300263e-03 5.148732729e-01 3.549478983e+02
5.285481665e-01 -5.613888711e-03 -8.488847507e-01 3.163414692e+02 -4.508927382e-03 9.999454621e-01 -9.420322176e-03 -4.686483311e+01 8.488913389e-01 8.806653711e-03 5.284940279e-01 3.553095331e+02
5.393355154e-01 -1.026488319e-02 -8.420284045e-01 3.157833682e+02 -1.859508022e-03 9.999087467e-01 -1.338059992e-02 -4.688307850e+01 8.420889170e-01 8.782391328e-03 5.392672116e-01 3.556819218e+02
5.470615254e-01 -1.678221800e-02 -8.369241570e-01 3.152166211e+02 1.211279512e-03 9.998138376e-01 -1.925676207e-02 -4.689179886e+01 8.370915244e-01 9.520884549e-03 5.469800111e-01 3.560711497e+02
5.523589203e-01 -2.227854159e-02 -8.333086401e-01 3.146400175e+02 4.284441587e-03 9.997054787e-01 -2.388722449e-02 -4.690080848e+01 8.335953855e-01 9.624059337e-03 5.522916900e-01 3.564786940e+02
5.558404862e-01 -2.566248163e-02 -8.308927674e-01 3.140483834e+02 7.534432077e-03 9.996378540e-01 -2.583395417e-02 -4.691563513e+01 8.312548263e-01 8.099252528e-03 5.558325431e-01 3.568847232e+02
5.565612446e-01 -2.832856032e-02 -8.303234754e-01 3.134494861e+02 1.258008839e-02 9.995912821e-01 -2.567119070e-02 -4.694063263e+01 8.307113352e-01 3.842047127e-03 5.566901438e-01 3.573057234e+02
5.546105305e-01 -3.215843284e-02 -8.314884213e-01 3.128568572e+02 1.876683502e-02 9.994821697e-01 -2.613806200e-02 -4.696856917e+01 8.318984105e-01 -1.107961594e-03 5.549268484e-01 3.577051097e+02
5.490475377e-01 -3.103954338e-02 -8.352145521e-01 3.122228832e+02 1.913207511e-02 9.995150556e-01 -2.456862389e-02 -4.697982922e+01 8.355721184e-01 -2.490045095e-03 5.493751310e-01 3.581282914e+02
5.398168775e-01 -2.740309151e-02 -8.413363236e-01 3.115936149e+02 2.344968956e-02 9.995716431e-01 -1.751120759e-02 -4.699477636e+01 8.414557926e-01 -1.027623020e-02 5.402282372e-01 3.585159233e+02
5.266212877e-01 -2.190923195e-02 -8.498176304e-01 3.109523011e+02 2.762566239e-02 9.995809035e-01 -8.651018415e-03 -4.700330475e+01 8.496510120e-01 -1.892096449e-02 5.270058396e-01 3.589184831e+02
5.110077775e-01 -1.676415334e-02 -8.594125985e-01 3.102708440e+02 2.991448494e-02 9.995509980e-01 -1.710577364e-03 -4.702955690e+01 8.590553969e-01 -2.483476690e-02 5.112798249e-01 3.593302878e+02
4.943768637e-01 -1.650117518e-02 -8.690910354e-01 3.095764327e+02 2.694727601e-02 9.996301892e-01 -3.650898403e-03 -4.702950782e+01 8.688298803e-01 -2.161471630e-02 4.946386996e-01 3.597060609e+02
4.751324457e-01 -2.190448439e-02 -8.796416047e-01 3.088842704e+02 2.541604247e-02 9.996146240e-01 -1.116370174e-02 -4.702396596e+01 8.795471470e-01 -1.705277147e-02 4.755060663e-01 3.600739629e+02
4.547970407e-01 -2.545152381e-02 -8.902313585e-01 3.081942266e+02 2.798502325e-02 9.995063550e-01 -1.427882080e-02 -4.705634825e+01 8.901553181e-01 -1.841917983e-02 4.552847939e-01 3.604362742e+02
4.336120773e-01 -2.746928069e-02 -9.006808564e-01 3.074711875e+02 2.830152478e-02 9.994572907e-01 -1.685668103e-02 -4.705735414e+01 9.006550894e-01 -1.818138110e-02 4.341541746e-01 3.608119860e+02
4.122307052e-01 -2.633580191e-02 -9.106987818e-01 3.067396422e+02 2.659292348e-02 9.995040454e-01 -1.686652191e-02 -4.708903022e+01 9.106913100e-01 -1.726524480e-02 4.127266035e-01 3.611271671e+02
3.889146949e-01 -2.625027780e-02 -9.208997139e-01 3.059926966e+02 2.566011826e-02 9.995148223e-01 -1.765441387e-02 -4.710911327e+01 9.209163471e-01 -1.676433458e-02 3.893995874e-01 3.614451122e+02
3.646267788e-01 -2.591558301e-02 -9.307930461e-01 3.052262631e+02 2.516015358e-02 9.995218550e-01 -1.797298113e-02 -4.712300381e+01 9.308137724e-01 -1.686546578e-02 3.651044744e-01 3.617449481e+02
3.399239161e-01 -2.373676090e-02 -9.401533372e-01 3.044657208e+02 2.441035869e-02 9.995673137e-01 -1.641096723e-02 -4.714863201e+01 9.401360889e-01 -1.737099993e-02 3.403562586e-01 3.620194763e+02
3.152114370e-01 -2.165594336e-02 -9.487743515e-01 3.036951942e+02 2.223110152e-02 9.996337645e-01 -1.543097650e-02 -4.716560112e+01 9.487610490e-01 -1.622827865e-02 3.155774309e-01 3.622652430e+02
2.903911964e-01 -1.917617362e-02 -9.567158551e-01 3.029193121e+02 2.074033976e-02 9.996904466e-01 -1.374224691e-02 -4.718762840e+01 9.566832241e-01 -1.585198436e-02 2.906990252e-01 3.624865279e+02
2.651650907e-01 -1.691915658e-02 -9.640545715e-01 3.021215797e+02 2.051357669e-02 9.997187191e-01 -1.190276304e-02 -4.721519870e+01 9.639847861e-01 -1.662001014e-02 2.654375772e-01 3.626938164e+02
2.402451235e-01 -1.465039558e-02 -9.706016930e-01 3.013387316e+02 1.951344202e-02 9.997569447e-01 -1.026046576e-02 -4.724549989e+01 9.705161030e-01 -1.647475299e-02 2.404726103e-01 3.628666591e+02
2.146432457e-01 -1.351686953e-02 -9.765989818e-01 3.005240669e+02 1.766018242e-02 9.997944725e-01 -9.956443480e-03 -4.726246381e+01 9.765328438e-01 -1.510983283e-02 2.148378410e-01 3.630298409e+02
1.885131719e-01 -1.233447716e-02 -9.819931999e-01 2.997146521e+02 1.791703698e-02 9.997978952e-01 -9.118583340e-03 -4.726814750e+01 9.819072073e-01 -1.587543541e-02 1.886960697e-01 3.631796856e+02
1.620344586e-01 -9.942126442e-03 -9.867350143e-01 2.989242493e+02 1.600572863e-02 9.998441757e-01 -7.445866963e-03 -4.728958943e+01 9.866552847e-01 -1.458692585e-02 1.621683407e-01 3.633082540e+02
1.364117085e-01 -7.689697655e-03 -9.906223874e-01 2.980927730e+02 1.502494068e-02 9.998709149e-01 -5.692509350e-03 -4.730578802e+01 9.905382865e-01 -1.410751768e-02 1.365096370e-01 3.634127784e+02
1.108812209e-01 -7.072417670e-03 -9.938085005e-01 2.972563283e+02 1.501298829e-02 9.998724972e-01 -5.440542562e-03 -4.731889893e+01 9.937202650e-01 -1.431678138e-02 1.109732613e-01 3.634967967e+02
8.546072658e-02 -6.773673398e-03 -9.963185141e-01 2.964153445e+02 1.471315018e-02 9.998764313e-01 -5.535819922e-03 -4.732385814e+01 9.962328982e-01 -1.418588873e-02 8.554982838e-02 3.635678464e+02
6.018267318e-02 -6.018092448e-03 -9.981692384e-01 2.955563364e+02 1.560169604e-02 9.998653424e-01 -5.087644557e-03 -4.733404317e+01 9.980654452e-01 -1.526694500e-02 6.026846157e-02 3.636241971e+02
3.563773128e-02 -4.173361034e-03 -9.993560603e-01 2.947090349e+02 1.482594571e-02 9.998834391e-01 -3.646859872e-03 -4.734969499e+01 9.992547941e-01 -1.468643288e-02 3.569545134e-02 3.636428122e+02
1.188865794e-02 -4.570231834e-03 -9.999188831e-01 2.938497205e+02 1.669149041e-02 9.998511311e-01 -4.371466649e-03 -4.736340939e+01 9.997900049e-01 -1.663816557e-02 1.196317207e-02 3.636463885e+02
-1.184172657e-02 -4.845320147e-03 -9.999181448e-01 2.929829905e+02 1.685501796e-02 9.998452183e-01 -5.044575618e-03 -4.736674274e+01 9.997878184e-01 -1.691337477e-02 -1.175822573e-02 3.636334353e+02
-3.456887744e-02 -4.011129959e-03 -9.993942683e-01 2.921343312e+02 1.758538716e-02 9.998346858e-01 -4.621173147e-03 -4.737991310e+01 9.992475904e-01 -1.773448390e-02 -3.449262544e-02 3.635992642e+02
-5.507717535e-02 -3.285722174e-03 -9.984766942e-01 2.913069667e+02 1.745370803e-02 9.998386271e-01 -4.252971461e-03 -4.739922747e+01 9.983295412e-01 -1.766136235e-02 -5.501093935e-02 3.635208779e+02
-7.466611234e-02 -4.966971133e-03 -9.971962198e-01 2.904334629e+02 1.583102172e-02 9.998556718e-01 -6.165582041e-03 -4.741661605e+01 9.970829205e-01 -1.624699506e-02 -7.457670369e-02 3.634390607e+02
-9.231053868e-02 -9.521547422e-03 -9.956847416e-01 2.895667300e+02 1.454127121e-02 9.998347550e-01 -1.090936333e-02 -4.742847673e+01 9.956240836e-01 -1.548557107e-02 -9.215682942e-02 3.633400433e+02
-1.089345976e-01 -1.365139022e-02 -9.939551765e-01 2.886959458e+02 1.310667956e-02 9.997990516e-01 -1.516810638e-02 -4.743717028e+01 9.939625085e-01 -1.467978356e-02 -1.087337830e-01 3.632349054e+02
-1.234117749e-01 -1.554518684e-02 -9.922337834e-01 2.878048133e+02 1.214211040e-02 9.997787938e-01 -1.717360146e-02 -4.745443681e+01 9.922812620e-01 -1.416723678e-02 -1.231957241e-01 3.631052520e+02
-1.360140683e-01 -1.583844992e-02 -9.905802929e-01 2.869226012e+02 9.889423709e-03 9.998006767e-01 -1.734376690e-02 -4.747019873e+01 9.906575455e-01 -1.215526453e-02 -1.358303244e-01 3.629587639e+02
-1.475175094e-01 -1.531699797e-02 -9.889408344e-01 2.860073891e+02 8.349398565e-03 9.998251647e-01 -1.673103377e-02 -4.750203836e+01 9.890242019e-01 -1.072518162e-02 -1.473638304e-01 3.628155125e+02
-1.570928397e-01 -1.402693609e-02 -9.874842200e-01 2.851193948e+02 4.996348343e-03 9.998750437e-01 -1.499778284e-02 -4.752291164e+01 9.875712006e-01 -7.289859442e-03 -1.570031265e-01 3.626528738e+02
-1.646814401e-01 -1.361369999e-02 -9.862528532e-01 2.842260714e+02 2.839356276e-03 9.998940599e-01 -1.427610272e-02 -4.754510489e+01 9.863427200e-01 -5.151332383e-03 -1.646253396e-01 3.624815594e+02
-1.714197040e-01 -1.407358000e-02 -9.850975685e-01 2.833285659e+02 -5.646602550e-04 9.998992031e-01 -1.418678513e-02 -4.756764918e+01 9.851979325e-01 -1.875649063e-03 -1.714103722e-01 3.623097799e+02
-1.764589762e-01 -1.577464425e-02 -9.841815840e-01 2.824014096e+02 -2.156416197e-03 9.998753694e-01 -1.563955219e-02 -4.758603568e+01 9.843056332e-01 -6.374342590e-04 -1.764710007e-01 3.621349534e+02
-1.820258867e-01 -1.788127304e-02 -9.831311391e-01 2.814936797e+02 -3.863751786e-03 9.998399259e-01 -1.746980355e-02 -4.760550499e+01 9.832861476e-01 6.186182127e-04 -1.820658378e-01 3.619617009e+02
-1.867107966e-01 -1.950530688e-02 -9.822212691e-01 2.805760959e+02 -2.505779636e-03 9.998090841e-01 -1.937824754e-02 -4.763150431e+01 9.824117261e-01 -1.156897980e-03 -1.867240265e-01 3.617793236e+02
-1.923703815e-01 -2.297154311e-02 -9.810534871e-01 2.796606484e+02 4.955943478e-04 9.997235757e-01 -2.350588545e-02 -4.766419592e+01 9.813222665e-01 -5.008040715e-03 -1.923058210e-01 3.616061306e+02
-1.969062118e-01 -2.787269783e-02 -9.800260489e-01 2.787373146e+02 2.614303897e-03 9.995773259e-01 -2.895401553e-02 -4.768389806e+01 9.804188437e-01 -8.263311434e-03 -1.967501170e-01 3.614106691e+02
-2.014121760e-01 -2.925939295e-02 -9.790694681e-01 2.778445735e+02 2.790032749e-03 9.995325529e-01 -3.044489004e-02 -4.771369032e+01 9.795026039e-01 -8.863607432e-03 -2.012363918e-01 3.612069615e+02
-2.057528253e-01 -2.364673121e-02 -9.783182544e-01 2.769117256e+02 5.299700316e-03 9.996664293e-01 -2.527732827e-02 -4.775341262e+01 9.785896423e-01 -1.038567527e-02 -2.055588716e-01 3.610133781e+02
-2.089157278e-01 -1.777137987e-02 -9.777721599e-01 2.759962694e+02 5.020944967e-03 9.998021985e-01 -1.924458459e-02 -4.779491654e+01 9.779207579e-01 -8.929836600e-03 -2.087851748e-01 3.608019361e+02
-2.111394767e-01 -1.799819897e-02 -9.772902262e-01 2.750735864e+02 1.195410893e-03 9.998249582e-01 -1.867147187e-02 -4.782036920e+01 9.774552125e-01 -5.110548181e-03 -2.110810032e-01 3.605970288e+02
-2.115816905e-01 -2.136115949e-02 -9.771268542e-01 2.741470557e+02 -2.062762744e-03 9.997686629e-01 -2.140947712e-02 -4.785446488e+01 9.773581397e-01 -2.514272490e-03 -2.115768068e-01 3.604003767e+02
-2.110769710e-01 -2.390703059e-02 -9.771770393e-01 2.732302651e+02 -2.239586700e-03 9.997100607e-01 -2.397454389e-02 -4.789492768e+01 9.774668775e-01 -2.872001405e-03 -2.110693134e-01 3.601969798e+02
-2.099634883e-01 -2.645101138e-02 -9.773513583e-01 2.723152683e+02 -4.082232381e-04 9.996362563e-01 -2.696643105e-02 -4.793666651e+01 9.777091423e-01 -5.262988393e-03 -2.098979133e-01 3.599984626e+02
-2.085330526e-01 -2.853354423e-02 -9.775989990e-01 2.713898734e+02 1.329396368e-03 9.995651275e-01 -2.945825321e-02 -4.797141245e+01 9.780144164e-01 -7.442636025e-03 -2.084044349e-01 3.598041233e+02
-2.065858083e-01 -3.009805135e-02 -9.779654447e-01 2.704829040e+02 3.387958408e-03 9.994987522e-01 -3.147643821e-02 -4.800710885e+01 9.784226211e-01 -9.815891682e-03 -2.063802867e-01 3.596109451e+02
-2.039745258e-01 -3.058587815e-02 -9.784982866e-01 2.695771809e+02 5.935564734e-03 9.994548177e-01 -3.247824519e-02 -4.804848956e+01 9.789582023e-01 -1.243267458e-02 -2.036817780e-01 3.594255779e+02
-1.997434301e-01 -3.121568447e-02 -9.793508785e-01 2.686785642e+02 7.711269226e-03 9.994113846e-01 -3.342784136e-02 -4.809230044e+01 9.798178905e-01 -1.422902998e-02 -1.993851455e-01 3.592415114e+02
-1.947908374e-01 -3.322321690e-02 -9.802819735e-01 2.677759190e+02 7.851888792e-03 9.993413355e-01 -3.542940795e-02 -4.813441839e+01 9.808133755e-01 -1.459838908e-02 -1.944016706e-01 3.590598491e+02
-1.888708772e-01 -3.522081505e-02 -9.813701065e-01 2.668745008e+02 8.948472096e-03 9.992533742e-01 -3.758482535e-02 -4.818038526e+01 9.819611584e-01 -1.588044195e-02 -1.884146889e-01 3.588913801e+02
-1.824100317e-01 -3.632159936e-02 -9.825514347e-01 2.659855495e+02 1.068220152e-02 9.991852442e-01 -3.891963871e-02 -4.822700981e+01 9.831645187e-01 -1.759514496e-02 -1.818734174e-01 3.587316234e+02
-1.743377165e-01 -3.679038950e-02 -9.839983881e-01 2.650977461e+02 1.111295719e-02 9.991646213e-01 -3.932634813e-02 -4.827615514e+01 9.846232085e-01 -1.779119769e-02 -1.737832285e-01 3.585762244e+02
-1.656706462e-01 -3.816986972e-02 -9.854421840e-01 2.642181123e+02 1.224501414e-02 9.990940421e-01 -4.075726560e-02 -4.832016234e+01 9.861051144e-01 -1.881903601e-02 -1.650531650e-01 3.584286589e+02
-1.568416754e-01 -3.947924616e-02 -9.868343721e-01 2.633369235e+02 1.383340986e-02 9.990148836e-01 -4.216514023e-02 -4.837005223e+01 9.875268734e-01 -2.026453557e-02 -1.561410355e-01 3.582890595e+02
-1.473147924e-01 -4.105010744e-02 -9.882374414e-01 2.624428357e+02 1.431580017e-02 9.989452311e-01 -4.362892599e-02 -4.841976106e+01 9.889860514e-01 -2.057459591e-02 -1.465717442e-01 3.581602437e+02
-1.362445512e-01 -4.236820707e-02 -9.897688403e-01 2.615517928e+02 1.523583182e-02 9.988773027e-01 -4.485536184e-02 -4.846929708e+01 9.905580708e-01 -2.119125023e-02 -1.354460749e-01 3.580392507e+02
-1.238230106e-01 -4.274567424e-02 -9.913832102e-01 2.606514407e+02 1.481568339e-02 9.988807445e-01 -4.491941459e-02 -4.852105887e+01 9.921937097e-01 -2.025007691e-02 -1.230511146e-01 3.579225415e+02
-1.096324029e-01 -4.233941353e-02 -9.930700430e-01 2.597587161e+02 1.464267150e-02 9.989151608e-01 -4.420513301e-02 -4.856787380e+01 9.938643411e-01 -1.938751337e-02 -1.088935072e-01 3.578173584e+02
-9.499620554e-02 -4.092408227e-02 -9.946360844e-01 2.588683681e+02 1.477060413e-02 9.989866894e-01 -4.251380528e-02 -4.861919108e+01 9.953680476e-01 -1.873002604e-02 -9.429547146e-02 3.577313562e+02
-7.917419641e-02 -4.125174636e-02 -9.960068976e-01 2.579749725e+02 1.608672625e-02 9.989604362e-01 -4.265283330e-02 -4.866441432e+01 9.967309887e-01 -1.939949410e-02 -7.842828423e-02 3.576488512e+02
-6.426475277e-02 -4.215871129e-02 -9.970419673e-01 2.570685158e+02 1.815564651e-02 9.988924810e-01 -4.340718773e-02 -4.871066556e+01 9.977677155e-01 -2.089149371e-02 -6.342815967e-02 3.575952288e+02
-4.962884355e-02 -4.217882699e-02 -9.978767080e-01 2.561705194e+02 1.904438544e-02 9.988862688e-01 -4.316866162e-02 -4.876000444e+01 9.985861451e-01 -2.114635940e-02 -4.877030052e-02 3.575517709e+02
-3.499458337e-02 -4.148246199e-02 -9.985262062e-01 2.552640915e+02 2.195677330e-02 9.988650969e-01 -4.226604298e-02 -4.881059071e+01 9.991462752e-01 -2.340349611e-02 -3.404404690e-02 3.575331984e+02
-2.016102535e-02 -4.164437840e-02 -9.989290660e-01 2.543746638e+02 2.567434833e-02 9.987810906e-01 -4.215638557e-02 -4.886101962e+01 9.994670384e-01 -2.649676876e-02 -1.906725861e-02 3.575134029e+02
-4.929864338e-03 -4.388856234e-02 -9.990242692e-01 2.534748843e+02 2.730577157e-02 9.986579794e-01 -4.400721592e-02 -4.891396834e+01 9.996149715e-01 -2.749607810e-02 -3.724837301e-03 3.575115107e+02
9.742573786e-03 -4.918375846e-02 -9.987422291e-01 2.525813473e+02 2.786523811e-02 9.984151073e-01 -4.889582810e-02 -4.896653295e+01 9.995642104e-01 -2.735381882e-02 1.109764999e-02 3.575230814e+02
2.418050132e-02 -5.383722979e-02 -9.982569088e-01 2.516748048e+02 3.025133623e-02 9.981310005e-01 -5.309766964e-02 -4.901856421e+01 9.992497986e-01 -2.891467712e-02 2.576395612e-02 3.575592264e+02
3.875836555e-02 -5.536020159e-02 -9.977139055e-01 2.507544225e+02 3.255921222e-02 9.980039316e-01 -5.411146090e-02 -4.907911107e+01 9.987180217e-01 -3.038750700e-02 4.048348576e-02 3.576108549e+02
5.465057265e-02 -5.401328987e-02 -9.970435695e-01 2.498511337e+02 3.192703039e-02 9.981197905e-01 -5.232158822e-02 -4.913631000e+01 9.979949798e-01 -2.897323559e-02 5.627230207e-02 3.576477162e+02
7.041327064e-02 -5.137958462e-02 -9.961938113e-01 2.489437634e+02 3.037553108e-02 9.983199245e-01 -4.934222838e-02 -4.920169872e+01 9.970553136e-01 -2.678556839e-02 7.185565320e-02 3.577171814e+02
8.637447365e-02 -5.192183346e-02 -9.949088267e-01 2.480407844e+02 3.095849606e-02 9.982986134e-01 -4.941103067e-02 -4.925593925e+01 9.957816135e-01 -2.653302923e-02 8.783493916e-02 3.577997386e+02
1.027808556e-01 -5.350451525e-02 -9.932639944e-01 2.471437416e+02 3.286517714e-02 9.981897818e-01 -5.036903548e-02 -4.931076994e+01 9.941609406e-01 -2.746682456e-02 1.043532352e-01 3.578939693e+02
1.190131731e-01 -5.392315940e-02 -9.914273334e-01 2.462445107e+02 3.492017230e-02 9.981337437e-01 -5.009602093e-02 -4.936332978e+01 9.922784116e-01 -2.865872689e-02 1.206740701e-01 3.580089443e+02
1.361673400e-01 -5.450579886e-02 -9.891853079e-01 2.453500794e+02 3.324527543e-02 9.981743843e-01 -5.042469909e-02 -4.941973740e+01 9.901278742e-01 -2.601954087e-02 1.377308110e-01 3.581273050e+02
1.536154245e-01 -5.701714515e-02 -9.864843367e-01 2.444441233e+02 3.181330150e-02 9.981016841e-01 -5.273463840e-02 -4.947498887e+01 9.876184563e-01 -2.328246977e-02 1.551377176e-01 3.582753129e+02
1.716240721e-01 -6.222520713e-02 -9.831954035e-01 2.435438620e+02 3.042391634e-02 9.978620172e-01 -5.784271783e-02 -4.953297559e+01 9.846926237e-01 -1.998545193e-02 1.731502772e-01 3.584360027e+02
1.901864207e-01 -6.606595092e-02 -9.795225447e-01 2.426454837e+02 3.027103189e-02 9.976534034e-01 -6.141132933e-02 -4.958839104e+01 9.812811982e-01 -1.797155727e-02 1.917400144e-01 3.586078457e+02
2.097704501e-01 -6.466602674e-02 -9.756098930e-01 2.417445976e+02 2.752929105e-02 9.978055567e-01 -6.021801281e-02 -4.964420826e+01 9.773630320e-01 -1.422588904e-02 2.110903306e-01 3.588011297e+02
2.293003831e-01 -6.061914477e-02 -9.714662390e-01 2.408240360e+02 2.631072799e-02 9.980801310e-01 -5.606957993e-02 -4.970686998e+01 9.730000411e-01 -1.270320781e-02 2.304550902e-01 3.590214268e+02
2.486350927e-01 -5.826603481e-02 -9.668431413e-01 2.399193040e+02 2.544088984e-02 9.982375128e-01 -5.361556746e-02 -4.977438868e+01 9.682630592e-01 -1.126663826e-02 2.496792164e-01 3.592541448e+02
2.680879431e-01 -6.050018056e-02 -9.614928928e-01 2.390245297e+02 2.771363144e-02 9.980974729e-01 -5.507621250e-02 -4.983143736e+01 9.629957473e-01 -1.188119114e-02 2.692545783e-01 3.595054877e+02
2.881157330e-01 -6.209356613e-02 -9.555803019e-01 2.381283617e+02 2.826157413e-02 9.980121497e-01 -5.632967649e-02 -4.988090685e+01 9.571784619e-01 -1.077673751e-02 2.892978640e-01 3.597698280e+02
3.083258225e-01 -6.179139385e-02 -9.492718319e-01 2.372305905e+02 2.673751698e-02 9.980568010e-01 -5.628256540e-02 -4.994161436e+01 9.509049860e-01 -8.027803452e-03 3.093788325e-01 3.600480675e+02
3.275401802e-01 -6.150313136e-02 -9.428333868e-01 2.363386102e+02 2.608240302e-02 9.980874227e-01 -5.604645277e-02 -5.000229448e+01 9.444771774e-01 -6.233895131e-03 3.285178838e-01 3.603605798e+02
3.468552156e-01 -6.211985992e-02 -9.358592749e-01 2.354500698e+02 2.575870590e-02 9.980588238e-01 -5.670161557e-02 -5.006453088e+01 9.375649036e-01 -4.439272730e-03 3.477820358e-01 3.606846859e+02
3.668092232e-01 -6.264039596e-02 -9.281848817e-01 2.345639177e+02 2.543546800e-02 9.980328020e-01 -5.730238306e-02 -5.012173036e+01 9.299484022e-01 -2.589774236e-03 3.676809246e-01 3.610201388e+02
3.862221377e-01 -6.107263619e-02 -9.203817651e-01 2.336881756e+02 2.521726477e-02 9.981318487e-01 -5.564981761e-02 -5.017870375e+01 9.220610337e-01 -1.716319147e-03 3.870407011e-01 3.613858286e+02
4.053061829e-01 -5.856556796e-02 -9.123031143e-01 2.328087801e+02 2.542410960e-02 9.982819441e-01 -5.278991102e-02 -5.024383037e+01 9.138273977e-01 -1.798417037e-03 4.060988217e-01 3.617796177e+02
4.238945716e-01 -5.732875078e-02 -9.038953515e-01 2.319310436e+02 2.592584317e-02 9.983538259e-01 -5.116140205e-02 -5.030312009e+01 9.053404016e-01 -1.747208517e-03 4.246830635e-01 3.622001856e+02
4.427770883e-01 -5.629120564e-02 -8.948629785e-01 2.310720827e+02 2.623977703e-02 9.984133816e-01 -4.982161736e-02 -5.035693542e+01 8.962476913e-01 -1.421134362e-03 4.435516387e-01 3.626203239e+02
4.612284948e-01 -5.602748673e-02 -8.855106980e-01 2.302210004e+02 2.666471363e-02 9.984288380e-01 -4.928334896e-02 -5.041054339e+01 8.868806395e-01 -8.810043231e-04 4.619977870e-01 3.630610521e+02
4.791562502e-01 -5.675639857e-02 -8.758926870e-01 2.293853356e+02 2.693460789e-02 9.983879963e-01 -4.995934088e-02 -5.046452978e+01 8.773162570e-01 3.465043589e-04 4.799125599e-01 3.635208326e+02
4.965073616e-01 -5.872408627e-02 -8.660438335e-01 2.285609287e+02 2.871711887e-02 9.982740924e-01 -5.122659071e-02 -5.051662745e+01 8.675573566e-01 5.640956831e-04 4.973368223e-01 3.640017695e+02
5.136119332e-01 -6.286540334e-02 -8.557164970e-01 2.277405348e+02 3.369672455e-02 9.980207876e-01 -5.309461682e-02 -5.057156761e+01 8.573606667e-01 -1.564814306e-03 5.147137442e-01 3.645064385e+02
5.298026546e-01 -6.447058163e-02 -8.456670097e-01 2.269530455e+02 3.930060464e-02 9.979017248e-01 -5.145493372e-02 -5.063203332e+01 8.472098971e-01 -5.974264331e-03 5.312247156e-01 3.650222875e+02
5.458689887e-01 -6.456475353e-02 -8.353792192e-01 2.261705889e+02 4.297830224e-02 9.978717176e-01 -4.903978719e-02 -5.068902619e+01 8.367675381e-01 -9.133881530e-03 5.474821088e-01 3.655329677e+02
5.611197628e-01 -6.465517674e-02 -8.252056228e-01 2.253958027e+02 4.648274990e-02 9.978327859e-01 -4.657344117e-02 -5.074692291e+01 8.264284396e-01 -1.222454832e-02 5.629090465e-01 3.660842235e+02
5.762561382e-01 -6.800780694e-02 -8.144346514e-01 2.246322899e+02 5.010090773e-02 9.975970905e-01 -4.785336020e-02 -5.079736688e+01 8.157320407e-01 -1.322812277e-02 5.782786998e-01 3.666309713e+02
5.912972425e-01 -6.990393351e-02 -8.034183288e-01 2.238649441e+02 5.106138814e-02 9.974824308e-01 -4.920909332e-02 -5.085315062e+01 8.048355768e-01 -1.192645395e-02 5.933780026e-01 3.672018431e+02
6.065809691e-01 -6.963558367e-02 -7.919661694e-01 2.231231984e+02 5.145385743e-02 9.975067540e-01 -4.829882361e-02 -5.090809225e+01 7.933549196e-01 -1.145256714e-02 6.086516329e-01 3.677758651e+02
6.211072093e-01 -6.750398398e-02 -7.808130677e-01 2.223863784e+02 5.076217664e-02 9.976567589e-01 -4.587148125e-02 -5.095567703e+01 7.820799422e-01 -1.114466315e-02 6.230784546e-01 3.683663499e+02
6.359209710e-01 -6.784428146e-02 -7.687663313e-01 2.216520827e+02 5.318100787e-02 9.976128825e-01 -4.404902979e-02 -5.100668772e+01 7.699196705e-01 -1.287206651e-02 6.380109802e-01 3.689774059e+02
6.502005651e-01 -6.887564185e-02 -7.566342387e-01 2.209303390e+02 5.443924691e-02 9.975461093e-01 -4.402417675e-02 -5.105485363e+01 7.578097344e-01 -1.256605354e-02 6.523545821e-01 3.696066008e+02
6.644654232e-01 -6.990842782e-02 -7.440420103e-01 2.202125478e+02 5.584725201e-02 9.974761123e-01 -4.384620548e-02 -5.110929206e+01 7.452293512e-01 -1.241841418e-02 6.666925807e-01 3.702488328e+02
6.781606516e-01 -6.956899230e-02 -7.316134813e-01 2.195174937e+02 5.578065566e-02 9.975102919e-01 -4.314783809e-02 -5.116124756e+01 7.327937289e-01 -1.154871368e-02 6.803528335e-01 3.709045552e+02
6.921232178e-01 -6.748195635e-02 -7.186178657e-01 2.188232169e+02 5.468399594e-02 9.976608691e-01 -4.101768881e-02 -5.120319191e+01 7.197048783e-01 -1.090760168e-02 6.941944341e-01 3.715779650e+02
7.057124752e-01 -6.540467324e-02 -7.054729839e-01 2.181423151e+02 5.339791071e-02 9.978078712e-01 -3.909111570e-02 -5.125670634e+01 7.064832379e-01 -1.008369539e-02 7.076579354e-01 3.722653672e+02
7.205286454e-01 -6.078837430e-02 -6.907555608e-01 2.174694242e+02 4.755094995e-02 9.981366357e-01 -3.823824716e-02 -5.130213895e+01 6.917928724e-01 -5.294330674e-03 7.220765830e-01 3.729505381e+02
7.350721937e-01 -5.825562417e-02 -6.754814226e-01 2.168185254e+02 4.395483066e-02 9.983004741e-01 -3.826403298e-02 -5.134176516e+01 6.765625196e-01 -1.563844884e-03 7.363835356e-01 3.736495958e+02
7.490984087e-01 -5.521176492e-02 -6.601539480e-01 2.161839381e+02 4.164116096e-02 9.984746124e-01 -3.625551016e-02 -5.138515548e+01 6.611486881e-01 -3.306318390e-04 7.502548253e-01 3.743643216e+02
7.626202806e-01 -5.391055894e-02 -6.445959659e-01 2.155637511e+02 4.219617945e-02 9.985445144e-01 -3.359070150e-02 -5.142781079e+01 6.454686592e-01 -1.582536846e-03 7.637851174e-01 3.750947797e+02
7.757363165e-01 -5.294458813e-02 -6.288322812e-01 2.149562550e+02 4.297227064e-02 9.985931715e-01 -3.106544276e-02 -5.147026673e+01 6.295923691e-01 -2.923758836e-03 7.769201378e-01 3.758481291e+02
7.883233117e-01 -5.308621626e-02 -6.129667282e-01 2.143624600e+02 4.430703649e-02 9.985823052e-01 -2.950027405e-02 -5.150762449e+01 6.136637864e-01 -3.902985463e-03 7.895578028e-01 3.766284123e+02
8.004979499e-01 -5.336690906e-02 -5.969547765e-01 2.137890324e+02 4.500501384e-02 9.985680593e-01 -2.892023010e-02 -5.153936949e+01 5.976433560e-01 -3.715373072e-03 8.017534628e-01 3.774022096e+02
8.125475030e-01 -5.361225101e-02 -5.804242259e-01 2.132285674e+02 4.583605831e-02 9.985546042e-01 -2.806703206e-02 -5.158126907e+01 5.810900199e-01 -3.798561842e-03 8.138304244e-01 3.781906348e+02
8.245961114e-01 -5.323353420e-02 -5.632117221e-01 2.126816957e+02 4.576327912e-02 9.985769764e-01 -2.738146068e-02 -5.161979302e+01 5.638678705e-01 -3.195769241e-03 8.258588328e-01 3.789936239e+02
8.363995640e-01 -5.332414746e-02 -5.455202147e-01 2.121530706e+02 4.588921655e-02 9.985747430e-01 -2.725183362e-02 -5.164657152e+01 5.461958890e-01 -2.240073512e-03 8.376544830e-01 3.798092791e+02
8.479365968e-01 -5.273169777e-02 -5.274683838e-01 2.116403602e+02 4.568398186e-02 9.986072387e-01 -2.639235909e-02 -5.168440485e+01 5.281254602e-01 -1.717808929e-03 8.491646174e-01 3.806361900e+02
8.593712236e-01 -5.239432952e-02 -5.086609226e-01 2.111467187e+02 4.611683957e-02 9.986244368e-01 -2.494937667e-02 -5.172772036e+01 5.092684332e-01 -2.017057807e-03 8.606053651e-01 3.814704974e+02
8.701595080e-01 -5.136696123e-02 -4.900855699e-01 2.106640298e+02 4.585452085e-02 9.986773460e-01 -2.325772051e-02 -5.175828025e+01 4.906320347e-01 -2.234712349e-03 8.713639955e-01 3.823308379e+02
8.805564747e-01 -5.152635223e-02 -4.711319665e-01 2.101986333e+02 4.692897474e-02 9.986666073e-01 -2.150997072e-02 -5.179238020e+01 4.716120929e-01 -3.168996173e-03 8.818004260e-01 3.832017686e+02
8.904622411e-01 -5.068040129e-02 -4.522261536e-01 2.097583398e+02 4.674052728e-02 9.987090432e-01 -1.988894346e-02 -5.182514285e+01 4.526503289e-01 -3.426935704e-03 8.916815216e-01 3.840927851e+02
9.000657818e-01 -5.056588468e-02 -4.328102122e-01 2.093296779e+02 4.717304331e-02 9.987138998e-01 -1.858091502e-02 -5.185378113e+01 4.331931353e-01 -3.692929083e-03 9.012935536e-01 3.849907811e+02
9.094231393e-01 -4.844423583e-02 -4.130408088e-01 2.089116951e+02 4.533749431e-02 9.988214733e-01 -1.732559216e-02 -5.188516490e+01 4.133933543e-01 -2.969940902e-03 9.105477001e-01 3.859104777e+02
9.185125074e-01 -4.649259251e-02 -3.926489687e-01 2.085003570e+02 4.351675564e-02 9.989167351e-01 -1.648175569e-02 -5.190806567e+01 3.929899054e-01 -1.948110483e-03 9.195407218e-01 3.868529468e+02
9.267298939e-01 -4.511414485e-02 -3.730099433e-01 2.081261472e+02 4.192961991e-02 9.989818166e-01 -1.665043595e-02 -5.193309625e+01 3.733813209e-01 -2.097084093e-04 9.276779318e-01 3.878109696e+02
9.347136905e-01 -4.293360293e-02 -3.527988416e-01 2.077752742e+02 3.940990723e-02 9.990756281e-01 -1.716824369e-02 -5.196353701e+01 3.532098188e-01 2.143622802e-03 9.355416767e-01 3.887560618e+02
9.421650605e-01 -4.133155823e-02 -3.325908913e-01 2.074341447e+02 3.723195000e-02 9.991318050e-01 -1.869273065e-02 -5.198599140e+01 3.330747373e-01 5.228630266e-03 9.428859320e-01 3.897197214e+02
9.492071245e-01 -3.934161203e-02 -3.121827549e-01 2.071026997e+02 3.470080164e-02 9.991893263e-01 -2.040942551e-02 -5.200856999e+01 3.127326162e-01 8.539780252e-03 9.498028126e-01 3.906958918e+02
9.556969584e-01 -3.572609635e-02 -2.921762649e-01 2.067890417e+02 3.116140631e-02 9.993089376e-01 -2.026361097e-02 -5.203192545e+01 2.926982926e-01 1.026124807e-02 9.561497876e-01 3.917215360e+02
9.615218599e-01 -3.266718272e-02 -2.727793395e-01 2.064966197e+02 2.888813668e-02 9.994230866e-01 -1.785971652e-02 -5.205965235e+01 2.732053961e-01 9.292421003e-03 9.619108391e-01 3.927581817e+02
9.669794568e-01 -2.831533135e-02 -2.532764736e-01 2.062091133e+02 2.541136929e-02 9.995685470e-01 -1.473031622e-02 -5.208163015e+01 2.535842905e-01 7.807811175e-03 9.672817820e-01 3.938029290e+02
9.718696369e-01 -2.505550083e-02 -2.341829002e-01 2.059502825e+02 2.257044243e-02 9.996569685e-01 -1.328610378e-02 -5.210417836e+01 2.344354581e-01 7.626749189e-03 9.721017687e-01 3.948624016e+02
9.763750382e-01 -2.120306350e-02 -2.150400309e-01 2.056973586e+02 1.913497853e-02 9.997485124e-01 -1.169464023e-02 -5.212305717e+01 2.152339132e-01 7.303568421e-03 9.765352121e-01 3.959344021e+02
9.803790610e-01 -1.776830636e-02 -1.963190873e-01 2.054714744e+02 1.604300801e-02 9.998174727e-01 -1.037511966e-02 -5.213682862e+01 1.964676020e-01 7.022001381e-03 9.804851722e-01 3.970173535e+02
9.838294725e-01 -1.769956553e-02 -1.782310141e-01 2.052876062e+02 1.634853827e-02 9.998254311e-01 -9.046135766e-03 -5.215267042e+01 1.783600132e-01 5.986038423e-03 9.839470885e-01 3.980979072e+02
9.869909273e-01 -1.514206200e-02 -1.600613237e-01 2.050990194e+02 1.378595034e-02 9.998590797e-01 -9.579580080e-03 -5.217548082e+01 1.601838224e-01 7.248361167e-03 9.870605880e-01 3.991795599e+02
9.897112204e-01 -1.450224821e-02 -1.423424917e-01 2.049261671e+02 1.317893675e-02 9.998607696e-01 -1.023508488e-02 -5.220254822e+01 1.424711050e-01 8.253855657e-03 9.897645468e-01 4.003183141e+02
9.919862058e-01 -1.594404767e-02 -1.253361675e-01 2.047928193e+02 1.498521304e-02 9.998508229e-01 -8.589257033e-03 -5.222635597e+01 1.254544177e-01 6.642235324e-03 9.920771491e-01 4.014303132e+02
9.940135175e-01 -1.611794049e-02 -1.080617373e-01 2.046617795e+02 1.560992006e-02 9.998627795e-01 -5.545507969e-03 -5.225463476e+01 1.081362912e-01 3.825474801e-03 9.941287182e-01 4.025504160e+02
9.956061256e-01 -1.772220375e-02 -9.194762717e-02 2.045534504e+02 1.734477076e-02 9.998375495e-01 -4.902407724e-03 -5.226578154e+01 9.201957169e-02 3.286056646e-03 9.957517764e-01 4.037052062e+02
9.968581813e-01 -1.956443492e-02 -7.675284587e-02 2.044665394e+02 1.919699412e-02 9.998004700e-01 -5.522278452e-03 -5.227975488e+01 7.684557163e-02 4.031504523e-03 9.970348565e-01 4.048223803e+02
9.977796014e-01 -2.329970351e-02 -6.239383670e-02 2.044102663e+02 2.303353006e-02 9.997222795e-01 -4.982002674e-03 -5.229336570e+01 6.249258783e-02 3.533790329e-03 9.980391720e-01 4.059766364e+02
9.983603905e-01 -2.987886311e-02 -4.882401194e-02 2.043632871e+02 2.965645840e-02 9.995462396e-01 -5.273468136e-03 -5.231349124e+01 4.895942277e-02 3.816874429e-03 9.987934753e-01 4.071043816e+02
9.986706243e-01 -3.492577115e-02 -3.791008684e-02 2.043334294e+02 3.470265528e-02 9.993763626e-01 -6.527754063e-03 -5.232391715e+01 3.811443154e-02 5.203495550e-03 9.992598329e-01 4.082348838e+02
9.987637638e-01 -4.057790751e-02 -2.871197451e-02 2.043093482e+02 4.047614917e-02 9.991720242e-01 -4.116711139e-03 -5.232752452e+01 2.885524922e-02 2.949471749e-03 9.995792491e-01 4.093649293e+02
9.987920137e-01 -4.444252383e-02 -2.096128295e-02 2.042949524e+02 4.446764600e-02 9.990105556e-01 7.336986573e-04 -5.233906046e+01 2.090793550e-02 -1.664911269e-03 9.997800190e-01 4.105333188e+02
9.988923971e-01 -4.529360081e-02 -1.274632263e-02 2.042803620e+02 4.533265594e-02 9.989680455e-01 2.791823040e-03 -5.235132917e+01 1.260671728e-02 -3.366555467e-03 9.999148649e-01 4.116746287e+02
9.989847339e-01 -4.486963656e-02 -4.027055506e-03 2.042632825e+02 4.487756461e-02 9.989906870e-01 1.900366546e-03 -5.236368393e+01 3.937722190e-03 -2.079161611e-03 9.999900857e-01 4.128352434e+02
9.990372139e-01 -4.368924163e-02 3.986902785e-03 2.042578506e+02 4.368523810e-02 9.990447542e-01 1.085832304e-03 -5.237357244e+01 -4.030533502e-03 -9.106180827e-04 9.999914628e-01 4.139747887e+02
9.989688046e-01 -4.395072630e-02 1.138688139e-02 2.042821859e+02 4.394898779e-02 9.990336952e-01 4.029810620e-04 -5.237681668e+01 -1.139358950e-02 9.787640145e-05 9.999350862e-01 4.151117130e+02
9.988855923e-01 -4.337957365e-02 1.859532210e-02 2.042989253e+02 4.336059834e-02 9.990584741e-01 1.422600007e-03 -5.239454714e+01 -1.863952590e-02 -6.147103576e-04 9.998260800e-01 4.162562935e+02
9.985368187e-01 -4.798573587e-02 2.493172287e-02 2.043325676e+02 4.790341366e-02 9.988444013e-01 3.889074707e-03 -5.240146017e+01 -2.508953192e-02 -2.689069652e-03 9.996815915e-01 4.174163691e+02
9.982430462e-01 -5.121427158e-02 2.979797015e-02 2.043575807e+02 5.106368727e-02 9.986785962e-01 5.793217163e-03 -5.240349767e+01 -3.005529040e-02 -4.261444519e-03 9.995391536e-01 4.186037050e+02
9.979065686e-01 -5.553291216e-02 3.314477383e-02 2.044018499e+02 5.538872904e-02 9.984510464e-01 5.253248310e-03 -5.240234481e+01 -3.338516229e-02 -3.406404099e-03 9.994367551e-01 4.197542458e+02
9.976840366e-01 -5.816285777e-02 3.526535313e-02 2.044529636e+02 5.801649221e-02 9.983022870e-01 5.160469931e-03 -5.240605456e+01 -3.550563036e-02 -3.102546387e-03 9.993646604e-01 4.209267643e+02
9.975496536e-01 -5.868039384e-02 3.809593226e-02 2.044621136e+02 5.848483038e-02 9.982688656e-01 6.228694165e-03 -5.241505907e+01 -3.839548531e-02 -3.985397570e-03 9.992546739e-01 4.221130723e+02
9.974635633e-01 -5.865912414e-02 4.031807316e-02 2.045099797e+02 5.840156908e-02 9.982647160e-01 7.537480564e-03 -5.241301248e+01 -4.069025186e-02 -5.163723487e-03 9.991584656e-01 4.233109216e+02
9.974738009e-01 -5.685809863e-02 4.258136992e-02 2.045422041e+02 5.662933369e-02 9.983737169e-01 6.560487396e-03 -5.242568917e+01 -4.288513739e-02 -4.132559693e-03 9.990714624e-01 4.244864068e+02
9.975152129e-01 -5.472434578e-02 4.436942723e-02 2.045902405e+02 5.455036765e-02 9.984978760e-01 5.123379654e-03 -5.243633289e+01 -4.458315244e-02 -2.690280579e-03 9.990020545e-01 4.256604261e+02
9.974159152e-01 -5.552606914e-02 4.558889878e-02 2.046501379e+02 5.534815858e-02 9.984538004e-01 5.156529648e-03 -5.243571513e+01 -4.580473107e-02 -2.619943139e-03 9.989469768e-01 4.268517394e+02
9.973959460e-01 -5.460588590e-02 4.711182518e-02 2.047101998e+02 5.438590508e-02 9.985023260e-01 5.939545732e-03 -5.243328204e+01 -4.736560118e-02 -3.361859582e-03 9.988719626e-01 4.280390276e+02
9.973594833e-01 -5.405812973e-02 4.849515147e-02 2.047562462e+02 5.379457226e-02 9.985293814e-01 6.724467100e-03 -5.244083691e+01 -4.878734571e-02 -4.097935102e-03 9.988007819e-01 4.292297203e+02
9.973294638e-01 -5.417795128e-02 4.897642592e-02 2.048132662e+02 5.389951316e-02 9.985219055e-01 6.989048068e-03 -5.244472837e+01 -4.928268644e-02 -4.330578049e-03 9.987754817e-01 4.304060588e+02
9.972624119e-01 -5.466266666e-02 4.979633200e-02 2.048585198e+02 5.442016994e-02 9.984987911e-01 6.213643323e-03 -5.244998577e+01 -5.006123161e-02 -3.486708077e-03 9.987400643e-01 4.315952555e+02
9.972141643e-01 -5.506838211e-02 5.031286010e-02 2.049126493e+02 5.485230808e-02 9.984784006e-01 5.666375101e-03 -5.245752195e+01 -5.054834219e-02 -2.890813008e-03 9.987174317e-01 4.327708157e+02
9.971493387e-01 -5.624248022e-02 5.029890389e-02 2.049753875e+02 5.599569401e-02 9.984111132e-01 6.303279112e-03 -5.245861441e+01 -5.057349668e-02 -3.468788567e-03 9.987143180e-01 4.339419445e+02
9.972719965e-01 -5.518788207e-02 4.901900255e-02 2.050454445e+02 5.494122877e-02 9.984692959e-01 6.366038389e-03 -5.246012903e+01 -4.929529714e-02 -3.655507581e-03 9.987775583e-01 4.351358761e+02
9.972660469e-01 -5.520482341e-02 4.912086236e-02 2.050993634e+02 5.504055320e-02 9.984730974e-01 4.691613899e-03 -5.246052448e+01 -4.930485931e-02 -1.975147809e-03 9.987818228e-01 4.363551020e+02
9.973332799e-01 -5.390517508e-02 4.919919568e-02 2.051507501e+02 5.378757197e-02 9.985455008e-01 3.712143402e-03 -5.246134800e+01 -4.932773923e-02 -1.055938877e-03 9.987820879e-01 4.375653097e+02
9.974137654e-01 -5.243225466e-02 4.915932610e-02 2.052179350e+02 5.229144094e-02 9.986232559e-01 4.147043292e-03 -5.247427376e+01 -4.930908511e-02 -1.565706068e-03 9.987823400e-01 4.387402245e+02
9.974768410e-01 -5.120795200e-02 4.917008556e-02 2.052730696e+02 5.094079403e-02 9.986793878e-01 6.672021099e-03 -5.248115321e+01 -4.944681148e-02 -4.150423328e-03 9.987681347e-01 4.399584835e+02
9.974215642e-01 -5.194586253e-02 4.951616637e-02 2.053347037e+02 5.158256674e-02 9.986318098e-01 8.587625877e-03 -5.249398170e+01 -4.989451046e-02 -6.011312278e-03 9.987364026e-01 4.411602325e+02
9.974367386e-01 -5.222941183e-02 4.890849711e-02 2.054202545e+02 5.185820072e-02 9.986154278e-01 8.829178345e-03 -5.250133657e+01 -4.930192256e-02 -6.270240193e-03 9.987642387e-01 4.423841548e+02
9.973957553e-01 -5.223946317e-02 4.972671139e-02 2.054836115e+02 5.196404512e-02 9.986256937e-01 6.816298786e-03 -5.250097271e+01 -5.001445145e-02 -4.214546402e-03 9.987396018e-01 4.436224811e+02
9.975224514e-01 -4.921343508e-02 5.026924335e-02 2.055541800e+02 4.887585042e-02 9.987734317e-01 7.923598781e-03 -5.251286084e+01 -5.059753220e-02 -5.447015661e-03 9.987042704e-01 4.448399260e+02
9.974646629e-01 -4.947758184e-02 5.114895149e-02 2.056269862e+02 4.898344700e-02 9.987404360e-01 1.087029543e-02 -5.251895191e+01 -5.162236204e-02 -8.337283607e-03 9.986318748e-01 4.460539337e+02
9.977389249e-01 -4.143619985e-02 5.291577394e-02 2.056770870e+02 4.087315709e-02 9.990960840e-01 1.167903539e-02 -5.251914852e+01 -5.335187737e-02 -9.489793476e-03 9.985306811e-01 4.472944063e+02
9.976229640e-01 -4.097962565e-02 5.539938600e-02 2.057371700e+02 4.046208225e-02 9.991266141e-01 1.043210486e-02 -5.250714588e+01 -5.577850471e-02 -8.165732858e-03 9.984097752e-01 4.485796282e+02
9.975736049e-01 -4.050262035e-02 5.662544130e-02 2.058223842e+02 4.007578448e-02 9.991591690e-01 8.653702055e-03 -5.250709162e+01 -5.692832648e-02 -6.363395773e-03 9.983579883e-01 4.497952601e+02
9.974199232e-01 -4.186180173e-02 5.831883419e-02 2.058991607e+02 4.160785630e-02 9.991185341e-01 5.562476535e-03 -5.251637022e+01 -5.850028341e-02 -3.121603246e-03 9.982825113e-01 4.510432468e+02
9.970625649e-01 -4.645640232e-02 6.089371354e-02 2.059394415e+02 4.630164618e-02 9.989196910e-01 3.950768155e-03 -5.252015954e+01 -6.101146799e-02 -1.119683851e-03 9.981364371e-01 4.523425847e+02
9.968703436e-01 -4.850242958e-02 6.242621501e-02 2.060157745e+02 4.829383237e-02 9.988214119e-01 4.846936842e-03 -5.252477604e+01 -6.258772843e-02 -1.816966432e-03 9.980378124e-01 4.535914932e+02
9.966013515e-01 -5.114074238e-02 6.457840646e-02 2.060855616e+02 5.081539460e-02 9.986857791e-01 6.671598663e-03 -5.252421960e+01 -6.483472668e-02 -3.367347038e-03 9.978903343e-01 4.548418490e+02
9.964476822e-01 -5.184370005e-02 6.636450371e-02 2.061552184e+02 5.138627620e-02 9.986419754e-01 8.582286981e-03 -5.252951817e+01 -6.671931659e-02 -5.141575253e-03 9.977585364e-01 4.560739221e+02
9.963214527e-01 -5.113854648e-02 6.876344987e-02 2.062207175e+02 5.068244256e-02 9.986798085e-01 8.362422335e-03 -5.254640347e+01 -6.910031108e-02 -4.846561170e-03 9.975979440e-01 4.572627801e+02
9.961422894e-01 -5.239152864e-02 7.039649858e-02 2.062998003e+02 5.199387880e-02 9.986194610e-01 7.470522456e-03 -5.254787668e+01 -7.069070556e-02 -3.781516327e-03 9.974911149e-01 4.585297053e+02
9.959743401e-01 -5.238076189e-02 7.274180126e-02 2.063456941e+02 5.195615742e-02 9.986195389e-01 7.718432437e-03 -5.255151762e+01 -7.304568140e-02 -3.907976176e-03 9.973209394e-01 4.598063550e+02
9.957649831e-01 -5.455074240e-02 7.400212783e-02 2.064333438e+02 5.397187689e-02 9.984943539e-01 9.801112813e-03 -5.255193796e+01 -7.442536479e-02 -5.765571202e-03 9.972099194e-01 4.610684059e+02
9.957241576e-01 -5.416302771e-02 7.483160068e-02 2.065224476e+02 5.351529131e-02 9.985103895e-01 1.063558096e-02 -5.254423790e+01 -7.529618601e-02 -6.585469986e-03 9.971394667e-01 4.623024337e+02
9.957236268e-01 -5.314831665e-02 7.556265970e-02 2.066062679e+02 5.234734685e-02 9.985501652e-01 1.254283955e-02 -5.255689598e+01 -7.611973714e-02 -8.533696935e-03 9.970621654e-01 4.635434559e+02
9.956020727e-01 -5.521041227e-02 7.568568666e-02 2.066936518e+02 5.435842180e-02 9.984332711e-01 1.327272242e-02 -5.256050532e+01 -7.629990018e-02 -9.100195468e-03 9.970433851e-01 4.647884835e+02
9.957115014e-01 -5.450060627e-02 7.475486582e-02 2.067848727e+02 5.382654491e-02 9.984896699e-01 1.100373203e-02 -5.255546353e+01 -7.524167136e-02 -6.932746397e-03 9.971412277e-01 4.660267492e+02
9.958068639e-01 -5.341777139e-02 7.426460432e-02 2.068691507e+02 5.289326609e-02 9.985594968e-01 9.012981319e-03 -5.256069248e+01 -7.463907929e-02 -5.047091185e-03 9.971978413e-01 4.672386790e+02
9.958883775e-01 -5.173945170e-02 7.435972497e-02 2.069512142e+02 5.140350301e-02 9.986572923e-01 6.425918474e-03 -5.256715921e+01 -7.459235509e-02 -2.577147177e-03 9.972107796e-01 4.684538624e+02
9.961759741e-01 -4.682863512e-02 7.375979591e-02 2.070288597e+02 4.652231424e-02 9.989000242e-01 5.866516265e-03 -5.257992866e+01 -7.395338287e-02 -2.412606151e-03 9.972587811e-01 4.696961805e+02
9.962611502e-01 -4.479684339e-02 7.387126196e-02 2.071002867e+02 4.467431479e-02 9.989961175e-01 3.311008634e-03 -5.258948127e+01 -7.394542663e-02 1.518740446e-06 9.972622894e-01 4.709468299e+02
9.963626693e-01 -4.427030112e-02 7.281189240e-02 2.071865873e+02 4.422393351e-02 9.990191103e-01 2.249637919e-03 -5.259217910e+01 -7.284006411e-02 9.785730469e-04 9.973431543e-01 4.721883538e+02
9.964217417e-01 -4.326417339e-02 7.260801537e-02 2.072733660e+02 4.320830185e-02 9.990633431e-01 2.340765203e-03 -5.259919839e+01 -7.264127784e-02 8.048797042e-04 9.973578079e-01 4.734334360e+02
9.964726940e-01 -4.302435818e-02 7.204911266e-02 2.073677587e+02 4.282748531e-02 9.990733326e-01 4.275822888e-03 -5.261004486e+01 -7.216631163e-02 -1.175058438e-03 9.973919203e-01 4.746869835e+02
9.964231803e-01 -4.474813066e-02 7.168298682e-02 2.074528007e+02 4.446604019e-02 9.989956073e-01 5.527012755e-03 -5.261960348e+01 -7.185831244e-02 -2.319785054e-03 9.974121523e-01 4.759140965e+02
9.963780392e-01 -4.497489750e-02 7.216690094e-02 2.075373002e+02 4.470819967e-02 9.989859897e-01 5.307476973e-03 -5.262115477e+01 -7.233242619e-02 -2.061801282e-03 9.973784483e-01 4.771447030e+02
9.963089162e-01 -4.600889659e-02 7.246878540e-02 2.076312663e+02 4.573002591e-02 9.989386748e-01 5.503523150e-03 -5.262589468e+01 -7.264508347e-02 -2.169209752e-03 9.973554965e-01 4.783738155e+02
9.963294943e-01 -4.398490281e-02 7.343614250e-02 2.077132330e+02 4.369084553e-02 9.990293666e-01 5.606661002e-03 -5.264914563e+01 -7.361147136e-02 -2.377594563e-03 9.972841613e-01 4.795820936e+02
9.962593559e-01 -4.353954308e-02 7.464317739e-02 2.077961617e+02 4.323354352e-02 9.990486691e-01 5.711176369e-03 -5.266670975e+01 -7.482082903e-02 -2.462723833e-03 9.971939523e-01 4.807924163e+02
9.963110180e-01 -4.166518820e-02 7.502244694e-02 2.078936320e+02 4.140914459e-02 9.991299331e-01 4.965843082e-03 -5.267337811e+01 -7.516407518e-02 -1.840908823e-03 9.971694805e-01 4.820160119e+02
9.962508917e-01 -4.093148778e-02 7.621531360e-02 2.079786833e+02 4.065182443e-02 9.991597487e-01 5.217832066e-03 -5.266922969e+01 -7.636484722e-02 -2.099978301e-03 9.970777303e-01 4.832635906e+02
9.961846171e-01 -4.014309662e-02 7.749025998e-02 2.080676693e+02 3.961479977e-02 9.991801916e-01 8.343407773e-03 -5.268811383e+01 -7.776166303e-02 -5.241813345e-03 9.969581973e-01 4.844959084e+02
9.960821545e-01 -4.073917898e-02 7.848987732e-02 2.081590014e+02 4.040116758e-02 9.991661775e-01 5.890284291e-03 -5.270638914e+01 -7.866439604e-02 -2.696124380e-03 9.968975091e-01 4.856828812e+02
9.959747047e-01 -4.171562070e-02 7.933596082e-02 2.082596884e+02 4.184591731e-02 9.991240758e-01 2.024108151e-05 -5.271510398e+01 -7.926731290e-02 3.299726451e-03 9.968479347e-01 4.868819995e+02
9.958364512e-01 -4.317362185e-02 8.028574516e-02 2.083519008e+02 4.329592494e-02 9.990622681e-01 2.176765278e-04 -5.272710066e+01 -8.021985654e-02 3.259275376e-03 9.967718654e-01 4.880864328e+02
9.958049800e-01 -4.148931664e-02 8.155414358e-02 2.084372897e+02 4.118699275e-02 9.991369359e-01 5.386558997e-03 -5.274493861e+01 -8.170724177e-02 -2.004992354e-03 9.966543567e-01 4.892934710e+02
9.957736306e-01 -3.976169463e-02 8.278818951e-02 2.085328048e+02 3.915385686e-02 9.991930809e-01 8.953353966e-03 -5.274906934e+01 -8.307738666e-02 -5.674036863e-03 9.965269455e-01 4.905555509e+02
9.958365672e-01 -3.525508266e-02 8.406313487e-02 2.086181887e+02 3.462250737e-02 9.993601930e-01 8.971439452e-03 -5.275940006e+01 -8.432563953e-02 -6.023610960e-03 9.964200433e-01 4.917832808e+02
9.958185061e-01 -3.341118585e-02 8.502467572e-02 2.087234246e+02 3.309779356e-02 9.994391402e-01 5.093245077e-03 -5.276584552e+01 -8.514716015e-02 -2.257818539e-03 9.963658281e-01 4.929939018e+02
9.957297267e-01 -3.392953941e-02 8.585509720e-02 2.088247765e+02 3.385984893e-02 9.994240170e-01 2.268222427e-03 -5.277667833e+01 -8.588260587e-02 6.485041237e-04 9.963050524e-01 4.941897217e+02
9.956764712e-01 -3.396224370e-02 8.645768166e-02 2.089250132e+02 3.391691677e-02 9.994226675e-01 1.993578600e-03 -5.278724993e+01 -8.647547324e-02 9.474186881e-04 9.962535294e-01 4.953803283e+02
9.955880756e-01 -3.671041524e-02 8.635235498e-02 2.090329036e+02 3.655102893e-02 9.993259129e-01 3.426665934e-03 -5.279316245e+01 -8.641994030e-02 -2.552803172e-04 9.962587660e-01 4.965786412e+02
9.955247736e-01 -3.815442442e-02 8.645614532e-02 2.091363155e+02 3.795647223e-02 9.992716539e-01 3.932934559e-03 -5.281485849e+01 -8.654323418e-02 -6.337635067e-04 9.962478943e-01 4.977811190e+02
9.954089270e-01 -4.139633321e-02 8.629838693e-02 2.092390070e+02 4.108517260e-02 9.991411666e-01 5.379394561e-03 -5.281994358e+01 -8.644695820e-02 -1.809113246e-03 9.962548120e-01 4.990055075e+02
9.954634014e-01 -4.133274502e-02 8.569842849e-02 2.093533278e+02 4.094058970e-02 9.991415361e-01 6.329213670e-03 -5.283232387e+01 -8.588646326e-02 -2.791956369e-03 9.963010190e-01 5.001687407e+02
9.954421952e-01 -4.107049735e-02 8.607003130e-02 2.094586462e+02 4.064854035e-02 9.991513763e-01 6.650069741e-03 -5.285448722e+01 -8.627011190e-02 -3.121138881e-03 9.962668951e-01 5.013537152e+02
9.955552177e-01 -3.813524393e-02 8.611336531e-02 2.095453155e+02 3.769337323e-02 9.992665410e-01 6.752016955e-03 -5.285954317e+01 -8.630769450e-02 -3.476102491e-03 9.962624647e-01 5.025985451e+02
9.955524190e-01 -3.794794069e-02 8.622838766e-02 2.096425122e+02 3.742874024e-02 9.992701655e-01 7.630573990e-03 -5.285998904e+01 -8.645501978e-02 -4.369216470e-03 9.962461741e-01 5.037861479e+02
9.957417042e-01 -3.366803246e-02 8.581912427e-02 2.097287510e+02 3.314575681e-02 9.994223588e-01 7.503829245e-03 -5.286741524e+01 -8.602219078e-02 -4.627335898e-03 9.962824752e-01 5.049731357e+02
9.958213674e-01 -3.257655304e-02 8.531454969e-02 2.098299264e+02 3.214393683e-02 9.994625025e-01 6.439981211e-03 -5.287556033e+01 -8.547848573e-02 -3.670725400e-03 9.963332546e-01 5.061999801e+02
9.959563168e-01 -3.095720802e-02 8.433662477e-02 2.099334867e+02 3.048752390e-02 9.995116634e-01 6.851690798e-03 -5.287745332e+01 -8.450754933e-02 -4.252769868e-03 9.964137635e-01 5.074050267e+02
9.959953997e-01 -3.089097996e-02 8.389821876e-02 2.100277043e+02 3.028846865e-02 9.995055221e-01 8.445109127e-03 -5.288452006e+01 -8.411761064e-02 -5.870141272e-03 9.964385425e-01 5.086042452e+02
9.960066882e-01 -3.379366488e-02 8.263573905e-02 2.101268457e+02 3.315766818e-02 9.994090948e-01 9.057058894e-03 -5.288999385e+01 -8.289298038e-02 -6.280882818e-03 9.965386617e-01 5.097991227e+02
9.960740871e-01 -3.370775412e-02 8.185475129e-02 2.102038689e+02 3.327644965e-02 9.994242077e-01 6.628036118e-03 -5.289309341e+01 -8.203103617e-02 -3.878179516e-03 9.966222297e-01 5.109895253e+02
9.961801575e-01 -3.538778518e-02 7.982980960e-02 2.103007567e+02 3.519295015e-02 9.993731330e-01 3.846722465e-03 -5.290003704e+01 -7.991589392e-02 -1.022582082e-03 9.968010856e-01 5.121971047e+02
9.963373147e-01 -3.341201550e-02 7.871208645e-02 2.103756624e+02 3.320591278e-02 9.994408197e-01 3.926235433e-03 -5.291858755e+01 -7.879925564e-02 -1.298148190e-03 9.968896589e-01 5.133714646e+02
9.965567193e-01 -3.148993307e-02 7.670129919e-02 2.104619962e+02 3.112330985e-02 9.994977181e-01 5.970859538e-03 -5.293968259e+01 -7.685079548e-02 -3.563101892e-03 9.970362378e-01 5.145583006e+02
9.967492800e-01 -2.862568493e-02 7.530898287e-02 2.105359097e+02 2.800831422e-02 9.995649703e-01 9.241458924e-03 -5.295560782e+01 -7.554076431e-02 -7.102139873e-03 9.971174216e-01 5.157616020e+02
9.969260218e-01 -2.839093130e-02 7.302370957e-02 2.106134270e+02 2.771597196e-02 9.995633885e-01 1.023998695e-02 -5.298477250e+01 -7.328254934e-02 -8.184586368e-03 9.972776346e-01 5.169354368e+02
9.971421820e-01 -2.707078460e-02 7.053113880e-02 2.106855691e+02 2.649637624e-02 9.996077880e-01 9.067097226e-03 -5.299676322e+01 -7.074892907e-02 -7.172365522e-03 9.974683685e-01 5.180922511e+02
9.973200296e-01 -2.508721011e-02 6.872692664e-02 2.107582416e+02 2.457611648e-02 9.996637363e-01 8.272172291e-03 -5.300206096e+01 -6.891134199e-02 -6.560962160e-03 9.976012133e-01 5.192803759e+02
9.974161051e-01 -2.432021285e-02 6.759911621e-02 2.108131544e+02 2.389253459e-02 9.996891202e-01 7.128102028e-03 -5.300037185e+01 -6.775145797e-02 -5.494569540e-03 9.976871001e-01 5.204413602e+02
9.975178374e-01 -2.298106975e-02 6.655850481e-02 2.108813774e+02 2.273925694e-02 9.997317977e-01 4.388496571e-03 -5.300444983e+01 -6.664150601e-02 -2.864112666e-03 9.977728732e-01 5.216188043e+02
9.975433472e-01 -2.410202055e-02 6.577509463e-02 2.109437279e+02 2.410130564e-02 9.997091977e-01 8.044767420e-04 -5.301664564e+01 -6.577535660e-02 7.827652370e-04 9.978341494e-01 5.227822809e+02
9.975545620e-01 -2.570101475e-02 6.499502785e-02 2.109911838e+02 2.580290616e-02 9.996667841e-01 -7.286093371e-04 -5.303729923e+01 -6.495464447e-02 2.403888172e-03 9.978853218e-01 5.239417133e+02
9.975654301e-01 -2.830619578e-02 6.373360104e-02 2.110572298e+02 2.822743140e-02 9.995992443e-01 2.136112919e-03 -5.306279680e+01 -6.376852467e-02 -3.318765513e-04 9.979646613e-01 5.250919088e+02
9.976044043e-01 -2.955032046e-02 6.254782990e-02 2.111186245e+02 2.931335623e-02 9.995592074e-01 4.702986711e-03 -5.308042982e+01 -6.265923404e-02 -2.858233437e-03 9.980308867e-01 5.262343819e+02
9.976708988e-01 -2.924800104e-02 6.162249693e-02 2.111877849e+02 2.897105847e-02 9.995657559e-01 5.383071711e-03 -5.309109585e+01 -6.175318181e-02 -3.585265031e-03 9.980850116e-01 5.273409692e+02
9.977041080e-01 -2.816202749e-02 6.159069053e-02 2.112424785e+02 2.786590823e-02 9.995956363e-01 5.661710791e-03 -5.309609836e+01 -6.172523075e-02 -3.932431584e-03 9.980854332e-01 5.285037981e+02
9.977177732e-01 -2.751073080e-02 6.166364190e-02 2.113175194e+02 2.715467726e-02 9.996094232e-01 6.604890768e-03 -5.312266805e+01 -6.182126288e-02 -4.915360615e-03 9.980751328e-01 5.296715516e+02
9.977384585e-01 -2.567367634e-02 6.211948837e-02 2.113865636e+02 2.529663547e-02 9.996565294e-01 6.848609439e-03 -5.313039570e+01 -6.227398114e-02 -5.261706971e-03 9.980452223e-01 5.308070487e+02
9.975890399e-01 -2.549654771e-02 6.454481858e-02 2.114479642e+02 2.510609743e-02 9.996613008e-01 6.853291010e-03 -5.314919129e+01 -6.469769256e-02 -5.216299495e-03 9.978912760e-01 5.319661746e+02
9.974557835e-01 -2.616172820e-02 6.631382957e-02 2.115291769e+02 2.583590347e-02 9.996495662e-01 5.766352322e-03 -5.316469868e+01 -6.644144871e-02 -4.038403773e-03 9.977821532e-01 5.331069445e+02
9.972612404e-01 -2.661194823e-02 6.900596079e-02 2.115971831e+02 2.643495450e-02 9.996444887e-01 3.476973120e-03 -5.316869867e+01 -6.907395742e-02 -1.643281094e-03 9.976101884e-01 5.342352450e+02
9.970607838e-01 -2.769166017e-02 7.143504296e-02 2.116691219e+02 2.753592782e-02 9.996158068e-01 3.164097664e-03 -5.317748153e+01 -7.149521722e-02 -1.187767510e-03 9.974402354e-01 5.353674001e+02
9.969075496e-01 -2.942627261e-02 7.286585009e-02 2.117614910e+02 2.917240649e-02 9.995640570e-01 4.546055047e-03 -5.317854823e+01 -7.296785818e-02 -2.406324399e-03 9.973313899e-01 5.364932406e+02
9.967338510e-01 -2.988072135e-02 7.502514761e-02 2.118479444e+02 2.941958252e-02 9.995408983e-01 7.244361349e-03 -5.319152556e+01 -7.520717018e-02 -5.013491665e-03 9.971553271e-01 5.376441617e+02
9.965172255e-01 -3.095296996e-02 7.742953573e-02 2.119299816e+02 3.041819870e-02 9.995046271e-01 8.076733504e-03 -5.319504126e+01 -7.764117812e-02 -5.693337059e-03 9.969651114e-01 5.387767367e+02
9.962690193e-01 -3.298712276e-02 7.974892482e-02 2.120244669e+02 3.259936542e-02 9.994495185e-01 6.159658472e-03 -5.320231418e+01 -7.990821392e-02 -3.536912563e-03 9.967959508e-01 5.398970638e+02
9.959970637e-01 -3.424967935e-02 8.256396664e-02 2.121141832e+02 3.400889961e-02 9.994121878e-01 4.321289723e-03 -5.320867653e+01 -8.266343732e-02 -1.496082222e-03 9.965763984e-01 5.410083841e+02
9.957213185e-01 -3.640380830e-02 8.493420233e-02 2.122179775e+02 3.604243607e-02 9.993335176e-01 5.784758416e-03 -5.322130510e+01 -8.508818241e-02 -2.698771720e-03 9.963697696e-01 5.421139151e+02
9.955398624e-01 -3.693652282e-02 8.681057373e-02 2.123195687e+02 3.631557422e-02 9.993023106e-01 8.721873492e-03 -5.323037387e+01 -8.707216260e-02 -5.530396902e-03 9.961866558e-01 5.432226909e+02
9.952514378e-01 -3.796607144e-02 8.962785824e-02 2.124132945e+02 3.729112526e-02 9.992621517e-01 9.193706292e-03 -5.324086384e+01 -8.991077538e-02 -5.807725718e-03 9.959328907e-01 5.443228342e+02
9.949389919e-01 -3.739920162e-02 9.326147177e-02 2.124992954e+02 3.665225850e-02 9.992809077e-01 9.709765423e-03 -5.324144303e+01 -9.355754564e-02 -6.242380650e-03 9.955943041e-01 5.454438739e+02
9.945092295e-01 -3.819891261e-02 9.742810424e-02 2.125897208e+02 3.711871565e-02 9.992279028e-01 1.287630556e-02 -5.324545007e+01 -9.784474114e-02 -9.189198628e-03 9.951592663e-01 5.465645826e+02
9.942561282e-01 -3.480613955e-02 1.012091116e-01 2.126828654e+02 3.376920160e-02 9.993583172e-01 1.194131038e-02 -5.325023726e+01 -1.015597984e-01 -8.454970133e-03 9.947935066e-01 5.476633239e+02
9.938668305e-01 -3.269412913e-02 1.056400359e-01 2.127990188e+02 3.234471857e-02 9.994641680e-01 5.019570835e-03 -5.325402894e+01 -1.057475411e-01 -1.571887724e-03 9.943917672e-01 5.487704213e+02
9.933941939e-01 -3.300188214e-02 1.099038277e-01 2.129147449e+02 3.318445336e-02 9.994492302e-01 1.679869409e-04 -5.326527584e+01 -1.098488399e-01 3.480221193e-03 9.939422118e-01 5.498647178e+02
9.929282315e-01 -3.155579490e-02 1.144454409e-01 2.130357300e+02 3.132382440e-02 9.995019692e-01 3.825137719e-03 -5.328150419e+01 -1.145091488e-01 -2.132183368e-04 9.934221708e-01 5.509408071e+02
9.924522500e-01 -3.094431786e-02 1.186633077e-01 2.131714681e+02 3.003721478e-02 9.995043386e-01 9.425647953e-03 -5.329493363e+01 -1.188961611e-01 -5.790190259e-03 9.928898109e-01 5.520496138e+02
9.919771009e-01 -3.060517467e-02 1.226570607e-01 2.133016777e+02 2.966092081e-02 9.995147073e-01 9.517332041e-03 -5.330320957e+01 -1.228888158e-01 -5.802854082e-03 9.924034794e-01 5.531316037e+02
9.914862361e-01 -2.776761036e-02 1.272163648e-01 2.134225642e+02 2.727530781e-02 9.996122146e-01 5.610521926e-03 -5.330830229e+01 -1.273228230e-01 -2.092889756e-03 9.918591223e-01 5.541882537e+02
9.907485877e-01 -2.642255792e-02 1.331130513e-01 2.135550904e+02 2.621649067e-02 9.996508392e-01 3.300811495e-03 -5.331059578e+01 -1.331537893e-01 2.194827398e-04 9.910953638e-01 5.552773509e+02
9.898176090e-01 -2.463102315e-02 1.401941998e-01 2.136866255e+02 2.368675699e-02 9.996841363e-01 8.400304286e-03 -5.331254723e+01 -1.403568256e-01 -4.994023162e-03 9.900883906e-01 5.563335251e+02
9.888499732e-01 -2.187940505e-02 1.472990906e-01 2.138358539e+02 1.981355105e-02 9.996838812e-01 1.547775435e-02 -5.331787616e+01 -1.475911707e-01 -1.238665893e-02 9.889708879e-01 5.574044253e+02
9.879166032e-01 -2.020038042e-02 1.536643415e-01 2.139999463e+02 1.812899515e-02 9.997250829e-01 1.486936823e-02 -5.332359857e+01 -1.539224634e-01 -1.190391565e-02 9.880112206e-01 5.584489469e+02
9.868441640e-01 -2.023244116e-02 1.604033800e-01 2.141634953e+02 1.904134603e-02 9.997785535e-01 8.959409434e-03 -5.331752081e+01 -1.605491300e-01 -5.787244649e-03 9.870108838e-01 5.595060612e+02
9.857165631e-01 -2.020834669e-02 1.671959330e-01 2.143415100e+02 1.949226730e-02 9.997924632e-01 5.923002845e-03 -5.331722013e+01 -1.672809278e-01 -2.579374189e-03 9.859058971e-01 5.605491815e+02
9.846917392e-01 -1.911546082e-02 1.732535074e-01 2.145250944e+02 1.849622356e-02 9.998154697e-01 5.188090617e-03 -5.332689929e+01 -1.733207096e-01 -1.904134368e-03 9.848635976e-01 5.616021974e+02
9.836254630e-01 -1.968587359e-02 1.791463504e-01 2.147159225e+02 1.892775162e-02 9.998032072e-01 5.940289045e-03 -5.334188576e+01 -1.792280355e-01 -2.452181938e-03 9.838045020e-01 5.626418019e+02
9.824506490e-01 -2.140320270e-02 1.852906508e-01 2.149118445e+02 2.027118123e-02 9.997624959e-01 8.001937444e-03 -5.335081664e+01 -1.854179106e-01 -4.105448272e-03 9.826511811e-01 5.636788038e+02
9.811407290e-01 -2.241501400e-02 1.919907212e-01 2.150984922e+02 2.062387161e-02 9.997231858e-01 1.132288455e-02 -5.335872689e+01 -1.921913781e-01 -7.149751220e-03 9.813314197e-01 5.647223368e+02
9.798648700e-01 -2.430647420e-02 1.981767691e-01 2.152921950e+02 2.224493955e-02 9.996728640e-01 1.262250814e-02 -5.335324167e+01 -1.984187470e-01 -7.959922054e-03 9.800850170e-01 5.657311268e+02
9.785972263e-01 -2.586080562e-02 2.041535876e-01 2.155019417e+02 2.364469362e-02 9.996321197e-01 1.328735086e-02 -5.335505073e+01 -2.044221051e-01 -8.175815665e-03 9.788486905e-01 5.667626691e+02
9.773947604e-01 -2.856507312e-02 2.094839346e-01 2.157240348e+02 2.647884622e-02 9.995679678e-01 1.275728635e-02 -5.335447194e+01 -2.097578436e-01 -6.922011945e-03 9.777288647e-01 5.678061279e+02
9.762836764e-01 -3.125875824e-02 2.142266865e-01 2.159483042e+02 2.908309234e-02 9.994884983e-01 1.330096202e-02 -5.336440921e+01 -2.145328807e-01 -6.755137592e-03 9.766934070e-01 5.688336812e+02
9.751337851e-01 -3.421827428e-02 2.189593819e-01 2.161697405e+02 3.198404065e-02 9.993939134e-01 1.374143639e-02 -5.336749766e+01 -2.192968818e-01 -6.396533107e-03 9.756372082e-01 5.698525015e+02
9.742462512e-01 -3.665139756e-02 2.224880154e-01 2.164009242e+02 3.472108216e-02 9.993178278e-01 1.258274905e-02 -5.336599387e+01 -2.227974156e-01 -4.533671431e-03 9.748542237e-01 5.708289076e+02
9.734817068e-01 -3.859320881e-02 2.254859880e-01 2.166328955e+02 3.730305036e-02 9.992541524e-01 9.981050484e-03 -5.336000106e+01 -2.257030106e-01 -1.305054893e-03 9.741952822e-01 5.718297614e+02
9.728678976e-01 -4.239494973e-02 2.274438877e-01 2.168736848e+02 4.152381677e-02 9.991003653e-01 8.615845684e-03 -5.335138858e+01 -2.276045396e-01 1.062258643e-03 9.737530720e-01 5.728380373e+02
9.723921706e-01 -4.523646363e-02 2.289260339e-01 2.171108973e+02 4.412494647e-02 9.989762262e-01 9.974397448e-03 -5.335522373e+01 -2.291428719e-01 4.023230068e-04 9.733927175e-01 5.738389186e+02
9.721268699e-01 -4.704245622e-02 2.296875184e-01 2.173371381e+02 4.545864012e-02 9.988919039e-01 1.218509018e-02 -5.335322610e+01 -2.300062191e-01 -1.404171339e-03 9.731881460e-01 5.748568013e+02
9.721348342e-01 -4.797738854e-02 2.294603111e-01 2.175820466e+02 4.624562242e-02 9.988465180e-01 1.292191659e-02 -5.334218615e+01 -2.298155925e-01 -1.950310331e-03 9.732322383e-01 5.758757824e+02
9.722565096e-01 -5.018592183e-02 2.284702447e-01 2.178231518e+02 4.814209510e-02 9.987350440e-01 1.451380901e-02 -5.334079921e+01 -2.289096288e-01 -3.112109044e-03 9.734427033e-01 5.769009348e+02
9.725837159e-01 -5.316799288e-02 2.263936396e-01 2.180687434e+02 5.080524263e-02 9.985762936e-01 1.625463335e-02 -5.333435212e+01 -2.269355478e-01 -4.307007913e-03 9.739002551e-01 5.779308940e+02
9.730487998e-01 -5.498191412e-02 2.239487047e-01 2.182994827e+02 5.194908997e-02 9.984609619e-01 1.941647849e-02 -5.332539272e+01 -2.246715943e-01 -7.259249677e-03 9.744075010e-01 5.789375115e+02
9.736816728e-01 -5.348447954e-02 2.215477614e-01 2.185191041e+02 5.111106482e-02 9.985577129e-01 1.643633164e-02 -5.332681528e+01 -2.221073146e-01 -4.680212896e-03 9.750109930e-01 5.799504686e+02
9.743502498e-01 -5.249143490e-02 2.188292485e-01 2.187326847e+02 5.223644705e-02 9.986105272e-01 6.954757013e-03 -5.332620166e+01 -2.188902564e-01 4.654493222e-03 9.757383826e-01 5.809509981e+02
9.750371014e-01 -5.042327934e-02 2.162409394e-01 2.189337140e+02 5.156059039e-02 9.986697949e-01 3.825243960e-04 -5.332842273e+01 -2.159725828e-01 1.077653503e-02 9.763399561e-01 5.819507616e+02
9.759880274e-01 -4.975572976e-02 2.120654090e-01 2.191567051e+02 4.943755165e-02 9.987540285e-01 6.805810689e-03 -5.333323874e+01 -2.121398096e-01 3.841604859e-03 9.772317756e-01 5.829809267e+02
9.766902181e-01 -5.130161709e-02 2.084331114e-01 2.193613795e+02 4.902466853e-02 9.986681384e-01 1.607890519e-02 -5.333481857e+01 -2.089803812e-01 -5.485745217e-03 9.779044467e-01 5.840092707e+02
9.773167675e-01 -5.386450816e-02 2.048183358e-01 2.195763829e+02 5.088648758e-02 9.985084840e-01 1.978314496e-02 -5.333258790e+01 -2.055784554e-01 -8.911913580e-03 9.786000595e-01 5.850538093e+02
9.779827154e-01 -5.257619434e-02 2.019543319e-01 2.197710603e+02 5.142138435e-02 9.986168583e-01 1.096410708e-02 -5.333183209e+01 -2.022514515e-01 -3.379358966e-04 9.793335674e-01 5.860639980e+02
9.785388381e-01 -5.306186530e-02 1.991134873e-01 2.199715547e+02 5.404445271e-02 9.985384050e-01 5.007917123e-04 -5.333373546e+01 -1.988490370e-01 1.027093531e-02 9.799763101e-01 5.870401793e+02
9.791512377e-01 -5.226813971e-02 1.962928816e-01 2.201656671e+02 5.356960153e-02 9.985632416e-01 -1.323015969e-03 -5.335015956e+01 -1.959417045e-01 1.181076417e-02 9.805444173e-01 5.880605411e+02
9.794786919e-01 -5.220687280e-02 1.946687817e-01 2.203526039e+02 5.232176604e-02 9.986198889e-01 4.555258126e-03 -5.336412365e+01 -1.946379330e-01 5.723636183e-03 9.808584582e-01 5.890835479e+02
9.796595473e-01 -5.214763340e-02 1.937725362e-01 2.205344009e+02 5.107095227e-02 9.986392894e-01 1.055118350e-02 -5.337388001e+01 -1.940590871e-01 -4.404197028e-04 9.809897434e-01 5.900959478e+02
9.798480957e-01 -5.183791383e-02 1.929003372e-01 2.207317854e+02 5.024229471e-02 9.986503819e-01 1.315775642e-02 -5.338442040e+01 -1.933220660e-01 -3.200846977e-03 9.811301307e-01 5.910991824e+02
9.798336571e-01 -5.339005356e-02 1.925500105e-01 2.209265623e+02 5.179138366e-02 9.985689567e-01 1.333009133e-02 -5.338191020e+01 -1.929861574e-01 -3.088840668e-03 9.811966175e-01 5.921159736e+02
9.796352054e-01 -5.282140308e-02 1.937130963e-01 2.210909843e+02 5.123704267e-02 9.985994997e-01 1.318349624e-02 -5.338187372e+01 -1.941381719e-01 -2.989730861e-03 9.809696385e-01 5.931875938e+02
9.792042030e-01 -5.390530009e-02 1.955846301e-01 2.212846491e+02 5.214452882e-02 9.985393756e-01 1.414437786e-02 -5.338573122e+01 -1.960614114e-01 -3.651565866e-03 9.805848199e-01 5.941934662e+02
9.784799237e-01 -5.287912860e-02 1.994513390e-01 2.214765599e+02 5.085758486e-02 9.985894936e-01 1.524891493e-02 -5.337145134e+01 -1.999763609e-01 -4.777143721e-03 9.797890763e-01 5.951885456e+02
9.773603750e-01 -5.152298114e-02 2.052122798e-01 2.216778757e+02 4.913836521e-02 9.986523079e-01 1.670296229e-02 -5.338134508e+01 -2.057963033e-01 -6.241017536e-03 9.785749492e-01 5.962014220e+02
9.758852093e-01 -5.102637042e-02 2.122365847e-01 2.218992691e+02 4.858060313e-02 9.986792096e-01 1.672606650e-02 -5.338438148e+01 -2.128097351e-01 -6.012139622e-03 9.770751613e-01 5.972080207e+02
9.739003035e-01 -4.916542005e-02 2.215873649e-01 2.221148661e+02 4.676599249e-02 9.987766763e-01 1.606526867e-02 -5.338601449e+01 -2.221061475e-01 -5.283216990e-03 9.750081778e-01 5.982092589e+02
9.714658467e-01 -4.680736746e-02 2.325149008e-01 2.223621981e+02 4.415177273e-02 9.988866559e-01 1.661534577e-02 -5.338816388e+01 -2.330337523e-01 -5.875295885e-03 9.724508991e-01 5.992031556e+02
9.682077158e-01 -4.611223518e-02 2.458606940e-01 2.225945158e+02 4.321483408e-02 9.989182503e-01 1.716995678e-02 -5.335749538e+01 -2.463864794e-01 -5.999255534e-03 9.691530899e-01 6.002376139e+02
9.647254877e-01 -4.385825694e-02 2.595788640e-01 2.228430877e+02 4.016730220e-02 9.990024986e-01 1.950886131e-02 -5.335935881e+01 -2.601755584e-01 -8.394113067e-03 9.655248405e-01 6.011953059e+02
9.608064563e-01 -4.329947375e-02 2.738176567e-01 2.231243620e+02 3.905243953e-02 9.990176252e-01 2.094496561e-02 -5.334928625e+01 -2.744555711e-01 -9.430810700e-03 9.615535343e-01 6.021865225e+02
9.560675109e-01 -4.591870798e-02 2.895278688e-01 2.234139146e+02 4.149177126e-02 9.989093610e-01 2.141311232e-02 -5.332181680e+01 -2.901953609e-01 -8.459356895e-03 9.569300350e-01 6.032002071e+02
9.513348254e-01 -4.348825793e-02 3.050751077e-01 2.237188986e+02 3.887330730e-02 9.990194759e-01 2.118850559e-02 -5.331856758e+01 -3.056974254e-01 -8.298084857e-03 9.520925511e-01 6.041762995e+02
9.461851030e-01 -4.101999473e-02 3.210157486e-01 2.240328703e+02 3.647849471e-02 9.991312408e-01 2.015150341e-02 -5.330315128e+01 -3.215634778e-01 -7.356881039e-03 9.468594437e-01 6.051333867e+02
9.407068365e-01 -4.076477032e-02 3.367623514e-01 2.243856450e+02 3.614302657e-02 9.991467885e-01 1.998441079e-02 -5.329722530e+01 -3.372896818e-01 -6.627861245e-03 9.413775768e-01 6.061131660e+02
9.346451255e-01 -4.152413281e-02 3.531490276e-01 2.247465104e+02 3.693993467e-02 9.991230148e-01 1.971401970e-02 -5.326676708e+01 -3.536579287e-01 -5.380310406e-03 9.353593543e-01 6.070369953e+02
9.280533458e-01 -4.237639597e-02 3.700286859e-01 2.251248275e+02 3.782934546e-02 9.990931556e-01 1.953988116e-02 -5.325199209e+01 -3.705211572e-01 -4.136109100e-03 9.288148172e-01 6.079834151e+02
9.210135213e-01 -4.328168621e-02 3.871185727e-01 2.255037647e+02 3.925719033e-02 9.990615325e-01 1.830101978e-02 -5.323482642e+01 -3.875473735e-01 -1.658299188e-03 9.218482974e-01 6.089211993e+02
9.139178053e-01 -4.327889124e-02 4.035854095e-01 2.259180732e+02 3.925648638e-02 9.990626885e-01 1.823932033e-02 -5.323591953e+01 -4.039965018e-01 -8.258944769e-04 9.147601568e-01 6.098332229e+02
9.063500680e-01 -4.396549621e-02 4.202339698e-01 2.263519712e+02 3.949397448e-02 9.990326147e-01 1.934065012e-02 -5.323238939e+01 -4.206777629e-01 -9.326898756e-04 9.072096505e-01 6.107418809e+02
8.982131278e-01 -4.409272314e-02 4.373431248e-01 2.267965733e+02 3.838478311e-02 9.990233162e-01 2.188657340e-02 -5.321742386e+01 -4.378810175e-01 -2.871486558e-03 8.990283472e-01 6.116978593e+02
8.898228547e-01 -4.406119180e-02 4.541738639e-01 2.272567444e+02 3.661435739e-02 9.990121196e-01 2.518280666e-02 -5.321325998e+01 -4.548347789e-01 -5.778952739e-03 8.905570883e-01 6.126036748e+02
8.809681311e-01 -4.570623702e-02 4.709629411e-01 2.277389701e+02 3.651041953e-02 9.989225403e-01 2.864869643e-02 -5.319392160e+01 -4.717649216e-01 -8.043533994e-03 8.816876773e-01 6.135326607e+02
8.723254062e-01 -4.464774974e-02 4.868829059e-01 2.282380268e+02 3.466841072e-02 9.989636130e-01 2.949239283e-02 -5.318065158e+01 -4.876950758e-01 -8.847506997e-03 8.729692060e-01 6.144463333e+02
8.641205090e-01 -4.407178656e-02 5.013515967e-01 2.287681374e+02 3.422663716e-02 9.989983128e-01 2.882548172e-02 -5.317834508e+01 -5.021197897e-01 -7.749110740e-03 8.647633596e-01 6.153085072e+02
8.555945833e-01 -4.420707998e-02 5.157554102e-01 2.293081465e+02 3.467159311e-02 9.990033408e-01 2.811059862e-02 -5.317095652e+01 -5.164840653e-01 -6.169214188e-03 8.562745769e-01 6.162111850e+02
8.469031640e-01 -4.581249596e-02 5.297699935e-01 2.298600630e+02 3.544515251e-02 9.989296039e-01 2.972015559e-02 -5.315794416e+01 -5.305644842e-01 -6.392315589e-03 8.476204731e-01 6.171121881e+02
8.383229469e-01 -4.778834848e-02 5.430754188e-01 2.304409186e+02 3.600834498e-02 9.988291052e-01 3.230816727e-02 -5.313626643e+01 -5.439834885e-01 -7.529430964e-03 8.390621383e-01 6.179942928e+02
8.290033627e-01 -5.038726067e-02 5.569690734e-01 2.310226223e+02 3.842786215e-02 9.987112406e-01 3.315354040e-02 -5.309705501e+01 -5.579217903e-01 -6.081265707e-03 8.298712515e-01 6.188524870e+02
8.186250267e-01 -5.228550061e-02 5.719434343e-01 2.316030174e+02 3.962222744e-02 9.986162182e-01 3.457929703e-02 -5.308387028e+01 -5.729599853e-01 -5.645805117e-03 8.195638963e-01 6.197339063e+02
8.082596439e-01 -5.391325839e-02 5.863528875e-01 2.322032376e+02 4.095437488e-02 9.985351875e-01 3.535842931e-02 -5.304338604e+01 -5.874002786e-01 -4.565075517e-03 8.092836788e-01 6.205717818e+02
7.980987769e-01 -5.544969940e-02 5.999697269e-01 2.328504855e+02 4.213918082e-02 9.984548926e-01 3.622315263e-02 -5.301056042e+01 -6.010512722e-01 -3.627420995e-03 7.992022335e-01 6.213990763e+02
7.874189521e-01 -5.755504001e-02 6.137253550e-01 2.334986509e+02 4.411389219e-02 9.983401666e-01 3.702534576e-02 -5.297702197e+01 -6.148376684e-01 -2.080644818e-03 7.886509446e-01 6.222110012e+02
7.759558983e-01 -5.901295239e-02 6.280206330e-01 2.341619626e+02 4.446131347e-02 9.982547100e-01 3.886805299e-02 -5.294594504e+01 -6.292182734e-01 -2.237272739e-03 7.772254236e-01 6.230180796e+02
7.635565724e-01 -6.156882746e-02 6.427990668e-01 2.348243748e+02 4.664776535e-02 9.981025934e-01 4.018953958e-02 -5.291713926e+01 -6.440538384e-01 -7.018470485e-04 7.649798433e-01 6.238178488e+02
7.510667029e-01 -6.138490624e-02 6.573664892e-01 2.355051947e+02 4.687546776e-02 9.981136298e-01 3.964684692e-02 -5.288067631e+01 -6.585601707e-01 1.036935080e-03 7.525273592e-01 6.245866743e+02
7.376760416e-01 -5.886971495e-02 6.725833883e-01 2.362028569e+02 4.537473904e-02 9.982618183e-01 3.760950872e-02 -5.285948488e+01 -6.736283773e-01 2.774662206e-03 7.390650246e-01 6.253543526e+02
7.232039880e-01 -5.727425527e-02 6.882555131e-01 2.368913541e+02 4.470716088e-02 9.983476020e-01 3.610173531e-02 -5.282527216e+01 -6.891859411e-01 4.661031006e-03 7.245695366e-01 6.261027470e+02
7.085506491e-01 -5.518783847e-02 7.034986000e-01 2.376141764e+02 4.310824770e-02 9.984603322e-01 3.490908247e-02 -5.280336204e+01 -7.043420026e-01 5.591738862e-03 7.098387675e-01 6.268437884e+02
6.933747617e-01 -5.549040495e-02 7.184373701e-01 2.383528607e+02 4.277030239e-02 9.984419188e-01 3.583902959e-02 -5.277901277e+01 -7.193067086e-01 5.877904964e-03 6.946677689e-01 6.275628396e+02
6.780644992e-01 -5.650678098e-02 7.328270728e-01 2.390888227e+02 4.291815802e-02 9.983830972e-01 3.727227978e-02 -5.276419343e+01 -7.337482992e-01 6.178578391e-03 6.793933018e-01 6.282354488e+02
6.626881546e-01 -5.894188576e-02 7.465723433e-01 2.398697028e+02 4.583678317e-02 9.982212326e-01 3.812296137e-02 -5.273176109e+01 -7.474914040e-01 8.956839703e-03 6.642110930e-01 6.289345038e+02
6.477739198e-01 -6.423280439e-02 7.591199481e-01 2.406767165e+02 5.144229837e-02 9.978529442e-01 4.053629968e-02 -5.269801404e+01 -7.600938355e-01 1.279251713e-02 6.496873962e-01 6.296078997e+02
6.343039876e-01 -6.549753716e-02 7.703041762e-01 2.414658008e+02 5.081551834e-02 9.977821159e-01 4.299572340e-02 -5.267989025e+01 -7.714118449e-01 1.187104719e-02 6.362254662e-01 6.302389119e+02
6.209091195e-01 -6.648958109e-02 7.810576169e-01 2.422810870e+02 4.992668808e-02 9.977275491e-01 4.524448655e-02 -5.264671251e+01 -7.822909888e-01 1.090290571e-02 6.228177386e-01 6.309156690e+02
6.082255095e-01 -6.763640865e-02 7.908773899e-01 2.431261418e+02 5.196171640e-02 9.976185790e-01 4.535582495e-02 -5.259715837e+01 -7.920616830e-01 1.350877690e-02 6.102915724e-01 6.315783945e+02
5.955226669e-01 -6.714151203e-02 8.005278075e-01 2.439693369e+02 4.807806425e-02 9.976937985e-01 4.791225586e-02 -5.256012146e+01 -8.018985303e-01 9.954992973e-03 5.973773056e-01 6.322208997e+02
5.827344131e-01 -6.485313517e-02 8.100707837e-01 2.448385847e+02 4.186891850e-02 9.978827203e-01 4.977017331e-02 -5.252606594e+01 -8.115833891e-01 4.913994898e-03 5.842159320e-01 6.328755888e+02
5.703649449e-01 -6.468945959e-02 8.188400964e-01 2.457092694e+02 3.977219733e-02 9.978996403e-01 5.113198719e-02 -5.247807789e+01 -8.204279383e-01 3.403176832e-03 5.717398154e-01 6.334993497e+02
5.587002505e-01 -6.228249867e-02 8.270277628e-01 2.466240804e+02 3.931170941e-02 9.980441862e-01 4.860444306e-02 -5.242107076e+01 -8.284374567e-01 5.356560572e-03 5.600559683e-01 6.341438061e+02
5.476290907e-01 -5.823300761e-02 8.346923360e-01 2.475220964e+02 4.037644881e-02 9.982522307e-01 4.315351926e-02 -5.237333946e+01 -8.357464456e-01 1.006978987e-02 5.490232035e-01 6.347545074e+02
5.380937649e-01 -5.716721089e-02 8.409441183e-01 2.484258699e+02 4.225159624e-02 9.982724917e-01 4.082689066e-02 -5.234056844e+01 -8.418253398e-01 1.356253605e-02 5.395796094e-01 6.353399264e+02
5.306892018e-01 -6.064335767e-02 8.453942005e-01 2.493365205e+02 4.390617903e-02 9.980647871e-01 4.403326251e-02 -5.230250453e+01 -8.464285076e-01 1.375005218e-02 5.323248234e-01 6.359004923e+02
5.243622667e-01 -6.468968566e-02 8.490344268e-01 2.502820144e+02 4.384277719e-02 9.978385109e-01 4.895014887e-02 -5.226772298e+01 -8.503658179e-01 1.155641618e-02 5.260650388e-01 6.364825466e+02
5.182055169e-01 -6.609150716e-02 8.526986308e-01 2.512435061e+02 4.374004878e-02 9.977529669e-01 5.075258855e-02 -5.223598159e+01 -8.541369038e-01 1.099680832e-02 5.199319377e-01 6.370690332e+02
5.114802990e-01 -6.537093025e-02 8.568048466e-01 2.521998322e+02 4.525158911e-02 9.977676435e-01 4.911235372e-02 -5.218574466e+01 -8.581026730e-01 1.365177951e-02 5.132966311e-01 6.376587544e+02
5.048987211e-01 -6.514077374e-02 8.607171202e-01 2.531599799e+02 4.529479162e-02 9.977739815e-01 4.894347494e-02 -5.214422419e+01 -8.619893638e-01 1.427450470e-02 5.067253450e-01 6.382453758e+02
4.989792801e-01 -6.656965322e-02 8.640533313e-01 2.541856089e+02 4.568391943e-02 9.976795398e-01 5.048282343e-02 -5.208962013e+01 -8.654089539e-01 1.428345987e-02 5.008625812e-01 6.388874775e+02
4.941764749e-01 -6.896975852e-02 8.666214768e-01 2.551626026e+02 4.573246120e-02 9.975302479e-01 5.330991105e-02 -5.205105259e+01 -8.681579082e-01 1.328822914e-02 4.961101383e-01 6.394542247e+02
4.904387923e-01 -7.111565091e-02 8.685691425e-01 2.561878108e+02 4.644843050e-02 9.973813119e-01 5.543520567e-02 -5.199840782e+01 -8.702369415e-01 1.315609813e-02 4.924576964e-01 6.400368698e+02
4.874176077e-01 -7.214353611e-02 8.701835358e-01 2.571760365e+02 4.620055790e-02 9.973157383e-01 5.680516412e-02 -5.194493859e+01 -8.719458608e-01 1.251512763e-02 4.894423229e-01 6.406015143e+02
4.859463455e-01 -7.165042135e-02 8.710467074e-01 2.581846921e+02 4.418515133e-02 9.973734987e-01 5.739143284e-02 -5.187281752e+01 -8.728710224e-01 1.059817353e-02 4.878358915e-01 6.411496511e+02
4.831825001e-01 -7.199003028e-02 8.725549307e-01 2.592229305e+02 4.443371642e-02 9.973457830e-01 5.768044756e-02 -5.181855334e+01 -8.743913977e-01 1.090067549e-02 4.850988135e-01 6.417412257e+02
4.813270831e-01 -6.902499920e-02 8.738190823e-01 2.602372435e+02 4.332664047e-02 9.975495772e-01 5.493307970e-02 -5.176562437e+01 -8.754696118e-01 1.141886619e-02 4.831382496e-01 6.423030772e+02
4.787970181e-01 -6.520875978e-02 8.755005614e-01 2.612332817e+02 4.143674168e-02 9.978048604e-01 5.165711032e-02 -5.171252063e+01 -8.769472116e-01 1.154462022e-02 4.804480303e-01 6.428710657e+02
4.766425679e-01 -6.565236156e-02 8.766422474e-01 2.622708855e+02 4.271844501e-02 9.977591231e-01 5.149627857e-02 -5.167065737e+01 -8.780586523e-01 1.290347518e-02 4.783790374e-01 6.434381224e+02
4.738777054e-01 -6.635644177e-02 8.780869792e-01 2.633039394e+02 4.119896208e-02 9.977355356e-01 5.316433504e-02 -5.163091022e+01 -8.796263786e-01 1.098287906e-02 4.755384427e-01 6.440160548e+02
4.715453500e-01 -6.722658355e-02 8.792755935e-01 2.643290409e+02 4.152883165e-02 9.976765626e-01 5.400770781e-02 -5.159274803e+01 -8.808634054e-01 1.104820461e-02 4.732415854e-01 6.445757860e+02
4.701899470e-01 -6.679681564e-02 8.800338625e-01 2.653722576e+02 4.219462369e-02 9.976929068e-01 5.318343223e-02 -5.154625656e+01 -8.815560263e-01 1.212638248e-02 4.719236415e-01 6.451267768e+02
4.686588102e-01 -6.606855975e-02 8.809051397e-01 2.664068759e+02 4.318805175e-02 9.977204360e-01 5.185290588e-02 -5.149817196e+01 -8.823229068e-01 1.374325559e-02 4.704438448e-01 6.456769197e+02
4.669223813e-01 -6.735669593e-02 8.817293039e-01 2.674417741e+02 4.574827444e-02 9.975995986e-01 5.198207588e-02 -5.145324660e+01 -8.831141405e-01 1.606599952e-02 4.688830328e-01 6.462288823e+02
4.659590950e-01 -6.935555829e-02 8.820838556e-01 2.684787980e+02 4.807561501e-02 9.974350185e-01 5.302941688e-02 -5.141709281e+01 -8.834992117e-01 1.769718475e-02 4.680982297e-01 6.467812562e+02
4.649710398e-01 -7.120086766e-02 8.824581399e-01 2.694984442e+02 5.030565636e-02 9.972751942e-01 5.395857732e-02 -5.135947713e+01 -8.838955103e-01 1.930346013e-02 4.672858903e-01 6.473312339e+02
4.657560380e-01 -7.279080294e-02 8.819142884e-01 2.705331607e+02 5.039152633e-02 9.971755916e-01 5.569141467e-02 -5.130806308e+01 -8.834772250e-01 1.850239443e-02 4.681085924e-01 6.478679529e+02
4.665895958e-01 -7.349224200e-02 8.814153615e-01 2.715662459e+02 5.116503820e-02 9.971158626e-01 5.605439609e-02 -5.126029406e+01 -8.829928017e-01 1.894325262e-02 4.690041207e-01 6.484263134e+02
4.688771227e-01 -7.316678597e-02 8.802277348e-01 2.726022571e+02 5.096898182e-02 9.971437995e-01 5.573514157e-02 -5.120733029e+01 -8.817915891e-01 1.873137860e-02 4.712671523e-01 6.489841931e+02
4.725842398e-01 -7.132282382e-02 8.783946671e-01 2.736000648e+02 5.045784389e-02 9.972745238e-01 5.382871178e-02 -5.116314766e+01 -8.798398390e-01 1.888330015e-02 4.748950186e-01 6.495422242e+02
4.777438179e-01 -7.030322827e-02 8.756816205e-01 2.746322785e+02 5.215959548e-02 9.973042083e-01 5.161097375e-02 -5.110923213e+01 -8.769493834e-01 2.101837545e-02 4.801229081e-01 6.501091603e+02
4.836396222e-01 -7.214544264e-02 8.722888002e-01 2.756541239e+02 5.570269547e-02 9.971139236e-01 5.158520294e-02 -5.104948958e+01 -8.734929453e-01 2.364018934e-02 4.862624969e-01 6.506755031e+02
4.906395580e-01 -7.426593207e-02 8.681920268e-01 2.766468436e+02 5.655610630e-02 9.969745797e-01 5.332067329e-02 -5.100698621e+01 -8.695252906e-01 2.294032898e-02 4.933553591e-01 6.512268329e+02
4.974372663e-01 -7.579886211e-02 8.641820980e-01 2.776487482e+02 5.923703806e-02 9.968181247e-01 5.333478836e-02 -5.095320982e+01 -8.654750946e-01 2.466087651e-02 5.003445831e-01 6.518073770e+02
5.042854671e-01 -7.480898205e-02 8.602905229e-01 2.786184418e+02 5.822532629e-02 9.969189170e-01 5.255934163e-02 -5.090839853e+01 -8.615718073e-01 2.358578426e-02 5.070874991e-01 6.523793336e+02
5.106148191e-01 -7.424744933e-02 8.565978186e-01 2.795942809e+02 5.768326170e-02 9.969781718e-01 5.203043609e-02 -5.087076418e+01 -8.578724543e-01 2.284384443e-02 5.133546639e-01 6.529642183e+02
5.171880717e-01 -7.260588252e-02 8.527865409e-01 2.805988060e+02 5.566076223e-02 9.971392227e-01 5.113951602e-02 -5.082432251e+01 -8.540599382e-01 2.101800120e-02 5.197498106e-01 6.535867812e+02
5.230056260e-01 -6.927647465e-02 8.495092025e-01 2.815575970e+02 5.294529621e-02 9.974071803e-01 4.874127947e-02 -5.078801331e+01 -8.506832023e-01 1.948555298e-02 5.253174302e-01 6.542020233e+02
5.281220008e-01 -6.527547496e-02 8.466559305e-01 2.825156794e+02 4.871528062e-02 9.977280532e-01 4.653550476e-02 -5.075384042e+01 -8.477700005e-01 1.666865736e-02 5.301020488e-01 6.548365518e+02
5.329135487e-01 -6.191951145e-02 8.439011338e-01 2.834971421e+02 4.476263168e-02 9.979855105e-01 4.495806537e-02 -5.072385257e+01 -8.449848853e-01 1.381647347e-02 5.346116802e-01 6.554990956e+02
5.366542788e-01 -6.095339758e-02 8.415978068e-01 2.844454379e+02 4.209760306e-02 9.980795322e-01 4.544270366e-02 -5.069759511e+01 -8.427514324e-01 1.104222904e-02 5.381896435e-01 6.561521286e+02
5.402239023e-01 -6.082549431e-02 8.393201979e-01 2.853992918e+02 3.941605895e-02 9.981186239e-01 4.696367560e-02 -5.067028330e+01 -8.405977098e-01 7.711794296e-03 5.416050392e-01 6.567863022e+02
5.440558677e-01 -6.165365681e-02 8.367807595e-01 2.863348255e+02 3.896227506e-02 9.980772357e-01 4.820552640e-02 -5.063804283e+01 -8.381438743e-01 6.376382628e-03 5.454119432e-01 6.574099231e+02
5.476795585e-01 -6.321500091e-02 8.342966887e-01 2.872674812e+02 3.930735260e-02 9.979847111e-01 4.981413862e-02 -5.060648629e+01 -8.357643407e-01 5.511808662e-03 5.490606403e-01 6.580415069e+02
5.518641139e-01 -6.547200650e-02 8.313599799e-01 2.881668518e+02 4.000889485e-02 9.978440276e-01 5.202484893e-02 -5.058693128e+01 -8.329737620e-01 4.551146860e-03 5.532937727e-01 6.586151905e+02
5.551235207e-01 -6.472789442e-02 8.292455465e-01 2.890392221e+02 3.943100185e-02 9.978944809e-01 5.149564228e-02 -5.054787886e+01 -8.308327587e-01 4.111540432e-03 5.565069832e-01 6.592147566e+02
5.581749494e-01 -6.139228647e-02 8.274489187e-01 2.899199210e+02 3.997359402e-02 9.980905993e-01 4.708786766e-02 -5.051546172e+01 -8.287598190e-01 6.792838997e-03 5.595632401e-01 6.598177912e+02
5.615217407e-01 -5.551363368e-02 8.255977054e-01 2.907636145e+02 3.591065700e-02 9.984418621e-01 4.271150576e-02 -5.049204137e+01 -8.266823812e-01 5.664316955e-03 5.626403435e-01 6.604177398e+02
5.643965844e-01 -5.375350410e-02 8.237518172e-01 2.916023104e+02 3.272023582e-02 9.985502245e-01 4.274149508e-02 -5.046857469e+01 -8.248550671e-01 2.830199882e-03 5.653371633e-01 6.610091886e+02
5.674809162e-01 -5.491800887e-02 8.215530549e-01 2.924636079e+02 3.252122107e-02 9.984896034e-01 4.428184930e-02 -5.042980759e+01 -8.227440549e-01 1.588804107e-03 5.684097956e-01 6.616018193e+02
5.702749264e-01 -5.478352666e-02 8.196250811e-01 2.932872578e+02 3.054149845e-02 9.984978414e-01 4.548931358e-02 -5.040044880e+01 -8.208859392e-01 -9.088368071e-04 5.710914539e-01 6.621736507e+02
5.728159205e-01 -5.004590964e-02 8.181548314e-01 2.940868327e+02 2.687298132e-02 9.987444262e-01 4.227781888e-02 -5.037083957e+01 -8.192434095e-01 -2.231148236e-03 5.734415907e-01 6.627324504e+02
5.747409075e-01 -4.862248913e-02 8.168896760e-01 2.948879452e+02 2.589061342e-02 9.988139731e-01 4.123497687e-02 -5.035477483e+01 -8.179257701e-01 -2.549653222e-03 5.753181154e-01 6.632984385e+02
5.762426967e-01 -4.885700705e-02 8.158169815e-01 2.956651787e+02 2.496202812e-02 9.987979983e-01 4.218359659e-02 -5.032957209e+01 -8.168973324e-01 -3.943543026e-03 5.767696220e-01 6.638500875e+02
5.771288020e-01 -4.999022011e-02 8.151216620e-01 2.964146962e+02 2.313451763e-02 9.987249052e-01 4.487045690e-02 -5.031135485e+01 -8.163253886e-01 -7.038586576e-03 5.775494076e-01 6.644017424e+02
5.782226933e-01 -5.082115610e-02 8.142946193e-01 2.971623602e+02 2.051494670e-02 9.986481732e-01 4.775943011e-02 -5.030257297e+01 -8.156210235e-01 -1.091037560e-02 5.784836297e-01 6.649533273e+02
5.795923844e-01 -5.012494818e-02 8.133634842e-01 2.978956879e+02 1.958343747e-02 9.986749537e-01 4.759018550e-02 -5.028252120e+01 -8.146711956e-01 -1.165445615e-02 5.798060165e-01 6.654838547e+02
5.812408401e-01 -4.832907698e-02 8.122951348e-01 2.986039012e+02 2.027346391e-02 9.987849464e-01 4.491789721e-02 -5.024203770e+01 -8.134789932e-01 -9.640080211e-03 5.815143992e-01 6.659806469e+02
5.818322639e-01 -4.573994079e-02 8.120215973e-01 2.992998557e+02 2.105569232e-02 9.989298063e-01 4.118130500e-02 -5.020772511e+01 -8.130362074e-01 -6.862935006e-03 5.821726768e-01 6.664991093e+02
5.825178060e-01 -4.308064780e-02 8.116754669e-01 2.999874241e+02 2.123451553e-02 9.990601822e-01 3.778687135e-02 -5.017485404e+01 -8.125405227e-01 -4.775990082e-03 5.828851421e-01 6.670051797e+02
5.830373848e-01 -4.131502484e-02 8.113941562e-01 3.006768820e+02 2.030358152e-02 9.991352027e-01 3.628513765e-02 -5.015387680e+01 -8.121915861e-01 -4.681384366e-03 5.833720186e-01 6.674986970e+02
5.826955226e-01 -3.886141524e-02 8.117608751e-01 3.013484998e+02 1.829848315e-02 9.992302007e-01 3.470117421e-02 -5.013982054e+01 -8.124845189e-01 -5.366226142e-03 5.829580689e-01 6.679762696e+02
5.816671858e-01 -3.663647000e-02 8.126014116e-01 3.020239514e+02 1.712665045e-02 9.993153440e-01 3.279513876e-02 -5.011693248e+01 -8.132465572e-01 -5.158715742e-03 5.818964038e-01 6.684633633e+02
5.796850002e-01 -3.392382967e-02 8.141341870e-01 3.026735589e+02 1.688193891e-02 9.994185408e-01 2.962398334e-02 -5.009864429e+01 -8.146657601e-01 -3.428415182e-03 5.799206370e-01 6.689262239e+02
5.772882202e-01 -3.119036561e-02 8.159445274e-01 3.033029388e+02 1.578599608e-02 9.995097378e-01 2.703860842e-02 -5.009579752e+01 -8.163878448e-01 -2.728573019e-03 5.774975686e-01 6.693737963e+02
5.746848852e-01 -2.854069207e-02 8.178769538e-01 3.039205795e+02 1.361204452e-02 9.995867933e-01 2.531708777e-02 -5.009261967e+01 -8.182615688e-01 -3.416370169e-03 5.748359187e-01 6.698044767e+02
5.716534450e-01 -2.827066999e-02 8.200079927e-01 3.045229439e+02 1.465354889e-02 9.995986025e-01 2.424680087e-02 -5.008512730e+01 -8.203643168e-01 -1.844740042e-03 5.718382504e-01 6.702274166e+02
5.685653652e-01 -2.999271990e-02 8.220911520e-01 3.050943141e+02 1.675853168e-02 9.995500498e-01 2.487668665e-02 -5.008684693e+01 -8.224673714e-01 -3.669818225e-04 5.688121731e-01 6.706244783e+02
5.651093271e-01 -2.725978260e-02 8.245655539e-01 3.056612816e+02 1.576900832e-02 9.996282887e-01 2.224011913e-02 -5.008449711e+01 -8.248653143e-01 4.344823218e-04 5.653291293e-01 6.710241721e+02
5.617892053e-01 -1.923243470e-02 8.270568313e-01 3.061902869e+02 1.051990018e-02 9.998149796e-01 1.610398396e-02 -5.009415166e+01 -8.272135278e-01 -3.464890403e-04 5.618875861e-01 6.713995470e+02
5.588879160e-01 -9.908446659e-03 8.291840086e-01 3.067183290e+02 6.704710512e-03 9.999499203e-01 7.429917483e-03 -5.009179366e+01 -8.292161022e-01 1.406947641e-03 5.589263603e-01 6.717526358e+02
5.556997351e-01 -1.099392717e-03 8.313823403e-01 3.072304074e+02 4.208944907e-03 9.999900309e-01 -1.490923913e-03 -5.008117031e+01 -8.313724131e-01 4.327748490e-03 5.556988225e-01 6.720938650e+02
5.513154970e-01 4.073711953e-03 8.342868977e-01 3.077212122e+02 1.950116083e-03 9.999790549e-01 -6.171445172e-03 -5.008059049e+01 -8.342945642e-01 5.029369659e-03 5.512960055e-01 6.724291863e+02
5.471773903e-01 5.634319489e-03 8.369977049e-01 3.081931507e+02 -3.075910399e-03 9.999841271e-01 -4.720635921e-03 -5.009115857e+01 -8.370110168e-01 8.495300026e-06 5.471860357e-01 6.727449236e+02
5.440133314e-01 7.437496642e-03 8.390436097e-01 3.086498617e+02 -9.147194866e-03 9.999538620e-01 -2.933050810e-03 -5.009409685e+01 -8.390267124e-01 -6.079276656e-03 5.440562639e-01 6.730356090e+02
5.412902961e-01 1.230393690e-02 8.407457573e-01 3.090852039e+02 -1.681830323e-02 9.998513246e-01 -3.804388241e-03 -5.010497562e+01 -8.406675681e-01 -1.208063865e-02 5.414167509e-01 6.733106239e+02
5.387278329e-01 1.678429577e-02 8.423126554e-01 3.094955951e+02 -2.213996337e-02 9.997382827e-01 -5.760911357e-03 -5.012113679e+01 -8.421889005e-01 -1.554520804e-02 5.389584422e-01 6.735658053e+02
5.366082774e-01 2.281565584e-02 8.435229709e-01 3.098900714e+02 -2.711944413e-02 9.995843109e-01 -9.784740557e-03 -5.011603291e+01 -8.433955729e-01 -1.762530131e-02 5.370039631e-01 6.738254157e+02
5.352270283e-01 2.770888731e-02 8.442536620e-01 3.102646150e+02 -3.013637530e-02 9.994519428e-01 -1.369718507e-02 -5.013247271e+01 -8.441704965e-01 -1.811164155e-02 5.357687387e-01 6.740601006e+02
5.356315899e-01 3.295103431e-02 8.438086449e-01 3.106151124e+02 -3.350239909e-02 9.992809040e-01 -1.775567974e-02 -5.013974477e+01 -8.437869335e-01 -1.875911101e-02 5.363503580e-01 6.742522155e+02
5.343897691e-01 3.425795671e-02 8.445436442e-01 3.109449501e+02 -3.673464292e-02 9.991755338e-01 -1.728637109e-02 -5.016529855e+01 -8.444395423e-01 -2.178634934e-02 5.352076367e-01 6.744743714e+02
5.352619273e-01 3.349781179e-02 8.440216619e-01 3.112461315e+02 -4.052853296e-02 9.990810030e-01 -1.394946039e-02 -5.018045365e+01 -8.437132850e-01 -2.674034469e-02 5.361276404e-01 6.746457819e+02
5.345789658e-01 3.257412025e-02 8.444905304e-01 3.115261043e+02 -4.362923459e-02 9.989881609e-01 -1.091532592e-02 -5.019369097e+01 -8.439915990e-01 -3.100937182e-02 5.354592418e-01 6.748528700e+02
5.361811147e-01 3.066728224e-02 8.435456893e-01 3.117809019e+02 -4.421858901e-02 9.989881289e-01 -8.211859354e-03 -5.021353337e+01 -8.429439653e-01 -3.289735625e-02 5.369946325e-01 6.750099343e+02
5.386144025e-01 3.013652735e-02 8.420132511e-01 3.120272685e+02 -4.457754098e-02 9.989796964e-01 -7.239403104e-03 -5.021001270e+01 -8.413723125e-01 -3.363563343e-02 5.394082646e-01 6.751609779e+02
5.423502027e-01 2.920519504e-02 8.396447548e-01 3.122661292e+02 -4.428368223e-02 9.990001038e-01 -6.143942197e-03 -5.021779703e+01 -8.389846322e-01 -3.385039321e-02 5.431012224e-01 6.753156840e+02
5.488132843e-01 2.709430338e-02 8.355057616e-01 3.124899232e+02 -4.507300353e-02 9.989798033e-01 -2.788728537e-03 -5.024244488e+01 -8.347289401e-01 -3.612826288e-02 5.494746084e-01 6.754697953e+02
5.589105179e-01 2.693887663e-02 8.287902810e-01 3.127097314e+02 -4.518114562e-02 9.989768049e-01 -2.001827773e-03 -5.022115362e+01 -8.279961939e-01 -3.632685178e-02 5.595557727e-01 6.756198051e+02
5.712521019e-01 2.393628927e-02 8.204255543e-01 3.129326810e+02 -4.580778342e-02 9.989464854e-01 2.750670679e-03 -5.024638502e+01 -8.194953832e-01 -3.915320252e-02 5.717467478e-01 6.757937701e+02
5.902101306e-01 2.326431210e-02 8.069143532e-01 3.131559643e+02 -4.628448810e-02 9.989155114e-01 5.054429297e-03 -5.025176014e+01 -8.059216760e-01 -4.033079316e-02 5.906468313e-01 6.759144940e+02
6.099475163e-01 2.279122697e-02 7.921139989e-01 3.133559750e+02 -4.632469437e-02 9.989023959e-01 6.930089680e-03 -5.025550175e+01 -7.910866261e-01 -4.092142990e-02 6.103338321e-01 6.760685371e+02
6.316943701e-01 2.229706936e-02 7.748968083e-01 3.135579757e+02 -4.588628278e-02 9.989091009e-01 8.663554826e-03 -5.025559114e+01 -7.738583022e-01 -4.102985288e-02 6.320283849e-01 6.762393540e+02
6.550512523e-01 1.903895583e-02 7.553445406e-01 3.137528156e+02 -4.530689062e-02 9.988734077e-01 1.411386219e-02 -5.029418758e+01 -7.542248620e-01 -4.346761558e-02 6.551758725e-01 6.764207188e+02
6.803800780e-01 1.825820320e-02 7.326319591e-01 3.139514218e+02 -4.321047131e-02 9.989498471e-01 1.523345304e-02 -5.028569383e+01 -7.315844480e-01 -4.202191022e-02 6.804545205e-01 6.766039531e+02
7.062907136e-01 1.964460479e-02 7.076492899e-01 3.141395532e+02 -4.176371357e-02 9.990301233e-01 1.395008976e-02 -5.026722383e+01 -7.066889133e-01 -3.940688110e-02 7.064261303e-01 6.768137581e+02
7.337642363e-01 1.958382007e-02 6.791218739e-01 3.143241512e+02 -4.030120144e-02 9.990789454e-01 1.473343501e-02 -5.027831460e+01 -6.782078286e-01 -3.818029512e-02 7.338776508e-01 6.770422923e+02
7.627869300e-01 2.211375823e-02 6.462716775e-01 3.145103677e+02 -3.893539862e-02 9.991724570e-01 1.176588004e-02 -5.024945164e+01 -6.454766721e-01 -3.413770490e-02 7.630166990e-01 6.772940728e+02
7.922944521e-01 2.215868688e-02 6.097364133e-01 3.146885525e+02 -3.807953339e-02 9.991879359e-01 1.316882224e-02 -5.024244700e+01 -6.089494645e-01 -3.365206291e-02 7.924948507e-01 6.775820401e+02
8.239131476e-01 2.005570898e-02 5.663610984e-01 3.148844420e+02 -3.642952163e-02 9.991809957e-01 1.761328345e-02 -5.025201128e+01 -5.655439993e-01 -3.514407969e-02 8.239689791e-01 6.778723428e+02
8.543678393e-01 1.679377380e-02 5.193973088e-01 3.150667689e+02 -3.268943144e-02 9.992350759e-01 2.146308978e-02 -5.026790435e+01 -5.186395630e-01 -3.531617636e-02 8.542632916e-01 6.781912376e+02
8.825629855e-01 1.854271995e-02 4.698284198e-01 3.152255158e+02 -2.970112467e-02 9.994251174e-01 1.634863468e-02 -5.020987714e+01 -4.692551755e-01 -2.838313231e-02 8.826063551e-01 6.785349399e+02
9.092252255e-01 1.589918044e-02 4.160008478e-01 3.153738548e+02 -2.590360783e-02 9.994947997e-01 1.841598530e-02 -5.020870244e+01 -4.154978850e-01 -2.752020120e-02 9.091777308e-01 6.789096270e+02
9.333988818e-01 1.742386581e-02 3.584172657e-01 3.155029228e+02 -2.674492813e-02 9.994203275e-01 2.106461115e-02 -5.019211487e+01 -3.578424741e-01 -2.924752850e-02 9.333238162e-01 6.793234566e+02
9.540551344e-01 1.903137550e-02 2.990260980e-01 3.155999875e+02 -2.729338427e-02 9.993517313e-01 2.347740012e-02 -5.017576811e+01 -2.983854416e-01 -3.056016833e-02 9.539560810e-01 6.797583503e+02
9.714001671e-01 1.885153685e-02 2.366988273e-01 3.156724397e+02 -2.585602214e-02 9.993137650e-01 2.652291956e-02 -5.015629188e+01 -2.360363985e-01 -3.188445861e-02 9.712209841e-01 6.802095826e+02
9.850023099e-01 1.883016595e-02 1.715105665e-01 3.157247837e+02 -2.419790471e-02 9.992788960e-01 2.926003159e-02 -5.012572876e+01 -1.708359183e-01 -3.297139505e-02 9.847476713e-01 6.806851596e+02
9.942569119e-01 1.588776065e-02 1.058337003e-01 3.157446604e+02 -1.970237120e-02 9.991897180e-01 3.509592547e-02 -5.011784154e+01 -1.051903495e-01 -3.697954132e-02 9.937643100e-01 6.811694871e+02
9.990956237e-01 1.476543112e-02 3.987375924e-02 3.157296427e+02 -1.638481290e-02 9.990412873e-01 4.059611092e-02 -5.010639157e+01 -3.923611268e-02 -4.121272085e-02 9.983797069e-01 6.816828679e+02
9.995104539e-01 1.648176787e-02 -2.659330588e-02 3.156887220e+02 -1.527269020e-02 9.988681978e-01 4.504518025e-02 -5.009090395e+01 2.730563172e-02 -4.461697723e-02 9.986309267e-01 6.821984892e+02
9.956335883e-01 2.083505317e-02 -9.099262812e-02 3.156025998e+02 -1.648705218e-02 9.986979012e-01 4.827710811e-02 -5.006565149e+01 9.188000285e-02 -4.656611018e-02 9.946806837e-01 6.827196187e+02
9.879888986e-01 2.613074877e-02 -1.522994424e-01 3.154852142e+02 -1.855992603e-02 9.985301767e-01 5.092165926e-02 -5.002079922e+01 1.534062102e-01 -4.748336766e-02 9.870217143e-01 6.832303969e+02
9.774354566e-01 2.974768444e-02 -2.091291549e-01 3.153397785e+02 -1.825786498e-02 9.982266323e-01 5.665898797e-02 -5.000668108e+01 2.104437657e-01 -5.156225191e-02 9.762452334e-01 6.837261186e+02
9.646316718e-01 3.021810600e-02 -2.618637125e-01 3.151824435e+02 -1.424029406e-02 9.979308008e-01 6.270032570e-02 -4.999354383e+01 2.632165494e-01 -5.675370373e-02 9.630659714e-01 6.842691498e+02
9.504387429e-01 3.002872251e-02 -3.094583523e-01 3.149771712e+02 -9.260927413e-03 9.976175881e-01 6.836214748e-02 -4.996788103e+01 3.107739230e-01 -6.210816217e-02 9.484525001e-01 6.848403697e+02
9.355476363e-01 3.137267207e-02 -3.518044566e-01 3.147401356e+02 -6.061940885e-03 9.973268485e-01 7.281764975e-02 -4.993018967e+01 3.531485143e-01 -6.599176228e-02 9.332369550e-01 6.854152343e+02
9.208243299e-01 3.090070103e-02 -3.887514631e-01 3.144671690e+02 -2.498208801e-03 9.973027490e-01 7.335520336e-02 -4.988593101e+01 3.899696301e-01 -6.657607365e-02 9.184178320e-01 6.860049027e+02
9.069883310e-01 2.675692132e-02 -4.203049305e-01 3.141769692e+02 3.911273758e-03 9.974016118e-01 7.193557325e-02 -4.983972737e+01 4.211375896e-01 -6.688865317e-02 9.045269696e-01 6.866054179e+02
8.940242599e-01 2.232685571e-02 -4.474618801e-01 3.138864559e+02 1.050418694e-02 9.974383368e-01 7.075610502e-02 -4.979623159e+01 4.478953948e-01 -6.795789766e-02 8.914995454e-01 6.871719921e+02
8.820305915e-01 1.793464474e-02 -4.708507027e-01 3.135567131e+02 1.732212747e-02 9.973657068e-01 7.043856104e-02 -4.975714641e+01 4.708736345e-01 -7.028510155e-02 8.793963980e-01 6.877591434e+02
8.705539152e-01 1.326473340e-02 -4.918942240e-01 3.132037941e+02 2.480697581e-02 9.971824411e-01 7.079401922e-02 -4.971012603e+01 4.914473469e-01 -7.383241872e-02 8.677720203e-01 6.883807778e+02
8.591926329e-01 1.025552798e-02 -5.115494539e-01 3.128303868e+02 3.029982132e-02 9.970245783e-01 7.087955317e-02 -4.966620944e+01 5.107542858e-01 -7.639904695e-02 8.563254318e-01 6.890090902e+02
8.473969929e-01 7.872629296e-03 -5.309014580e-01 3.124297470e+02 3.401709995e-02 9.970309133e-01 6.908107415e-02 -4.961951684e+01 5.298690152e-01 -7.659882247e-02 8.446131938e-01 6.896515587e+02
8.352127648e-01 6.200321763e-03 -5.498919836e-01 3.120031790e+02 3.655977399e-02 9.970982152e-01 6.677224032e-02 -4.957297315e+01 5.487103248e-01 -7.587295408e-02 8.325624747e-01 6.902824406e+02
8.226953629e-01 5.751784795e-03 -5.684533902e-01 3.115474103e+02 3.921180490e-02 9.969930876e-01 6.683724717e-02 -4.952352374e+01 5.671285341e-01 -7.727677675e-02 8.199960522e-01 6.909292799e+02
8.108243784e-01 7.042938183e-03 -5.852471482e-01 3.110655944e+02 4.062228490e-02 9.968391272e-01 6.827579660e-02 -4.947889375e+01 5.838781186e-01 -7.913375673e-02 8.079753654e-01 6.915860945e+02
8.008528397e-01 1.101096444e-02 -5.987599584e-01 3.105703788e+02 3.790267271e-02 9.968944356e-01 6.902804984e-02 -4.943844662e+01 5.976605362e-01 -7.797591247e-02 7.979483947e-01 6.922041352e+02
7.931691199e-01 1.464771928e-02 -6.088252554e-01 3.100582142e+02 3.370959255e-02 9.971220686e-01 6.790613832e-02 -4.939249371e+01 6.080677681e-01 -7.438430326e-02 7.903926649e-01 6.928319613e+02
7.869194179e-01 1.830048401e-02 -6.167843399e-01 3.095217147e+02 2.940597370e-02 9.973122617e-01 6.710843017e-02 -4.934345315e+01 6.163547018e-01 -7.094607088e-02 7.842662409e-01 6.934954908e+02
7.830546732e-01 2.112068442e-02 -6.215941565e-01 3.089714719e+02 2.827778506e-02 9.971807044e-01 6.950546470e-02 -4.928547213e+01 6.213097018e-01 -7.200388490e-02 7.802497645e-01 6.941683166e+02
7.801522710e-01 2.291081162e-02 -6.251699999e-01 3.084183899e+02 2.983730236e-02 9.968291866e-01 7.376522371e-02 -4.923560815e+01 6.248777236e-01 -7.620149311e-02 7.769949568e-01 6.948572755e+02
7.782969056e-01 2.301892658e-02 -6.274743467e-01 3.078525917e+02 3.013090537e-02 9.968073149e-01 7.394122973e-02 -4.918320037e+01 6.271730664e-01 -7.645460046e-02 7.751184676e-01 6.955528413e+02
7.765541332e-01 1.944424471e-02 -6.297504264e-01 3.072786175e+02 3.045193479e-02 9.971972149e-01 6.834028322e-02 -4.913195325e+01 6.293141965e-01 -7.224704831e-02 7.737855039e-01 6.962541989e+02
7.751874512e-01 1.570672381e-02 -6.315359961e-01 3.066935636e+02 2.934184052e-02 9.977167817e-01 6.082992692e-02 -4.907671695e+01 6.310495004e-01 -6.568502448e-02 7.729566648e-01 6.969785382e+02
7.748168402e-01 1.436274972e-02 -6.320226068e-01 3.060921088e+02 2.821237652e-02 9.979603012e-01 5.726516437e-02 -4.902345484e+01 6.315559563e-01 -6.220087347e-02 7.728312400e-01 6.976960614e+02
7.739809102e-01 1.639604059e-02 -6.329966197e-01 3.054788114e+02 2.752706804e-02 9.978484190e-01 5.950456477e-02 -4.897107497e+01 6.326103154e-01 -6.347993822e-02 7.718642926e-01 6.984499233e+02
7.736027367e-01 2.191672921e-02 -6.332917675e-01 3.048440515e+02 2.472031869e-02 9.975971114e-01 6.472178235e-02 -4.891114644e+01 6.331885277e-01 -6.572412226e-02 7.712020670e-01 6.992117939e+02
7.731896957e-01 2.695184099e-02 -6.336018408e-01 3.042047338e+02 2.262780024e-02 9.972878606e-01 7.003503299e-02 -4.885250495e+01 6.337709973e-01 -6.848738174e-02 7.704828366e-01 6.999748867e+02
7.725385880e-01 2.909188292e-02 -6.343010267e-01 3.035730610e+02 2.284078627e-02 9.970301661e-01 7.354689915e-02 -4.878990775e+01 6.345568757e-01 -7.130575180e-02 7.695797952e-01 7.007311732e+02
7.720896584e-01 2.765662031e-02 -6.349115456e-01 3.029254643e+02 2.518459656e-02 9.969363039e-01 7.405229233e-02 -4.872152184e+01 6.350144058e-01 -7.316500021e-02 7.690276895e-01 7.015037748e+02
7.717538029e-01 2.438706765e-02 -6.354536479e-01 3.022753523e+02 2.621715037e-02 9.971946692e-01 7.011028972e-02 -4.865711623e+01 6.353807746e-01 -7.076766655e-02 7.689494188e-01 7.022755240e+02
7.711980170e-01 2.179350313e-02 -6.362221795e-01 3.016004082e+02 2.568241514e-02 9.975350517e-01 6.530110429e-02 -4.858698895e+01 6.360770646e-01 -6.669980427e-02 7.687373440e-01 7.030954318e+02
7.705442820e-01 2.233281270e-02 -6.369950981e-01 3.009252260e+02 2.493504512e-02 9.975647387e-01 6.513705211e-02 -4.852438941e+01 6.368985422e-01 -6.607448455e-02 7.681109356e-01 7.039052082e+02
7.705641161e-01 2.776843325e-02 -6.367572985e-01 3.002363744e+02 2.269707087e-02 9.972212875e-01 7.095453984e-02 -4.845806414e+01 6.369582294e-01 -6.912754780e-02 7.677926778e-01 7.047144119e+02
7.704699023e-01 3.143195927e-02 -6.367009985e-01 2.995429942e+02 2.251382835e-02 9.968189138e-01 7.645378088e-02 -4.839806290e+01 6.370786899e-01 -7.323991408e-02 7.673113174e-01 7.055392318e+02
7.701869714e-01 3.217864924e-02 -6.370059368e-01 2.988331188e+02 2.200688081e-02 9.967911793e-01 7.696130250e-02 -4.833042677e+01 6.374384098e-01 -7.329310621e-02 7.670074278e-01 7.063960809e+02
7.695896750e-01 3.197042952e-02 -6.377378958e-01 2.981270931e+02 2.259711565e-02 9.967566142e-01 7.723744236e-02 -4.825930637e+01 6.381387799e-01 -7.385217515e-02 7.663711593e-01 7.072356031e+02
7.690010953e-01 3.163852450e-02 -6.384640313e-01 2.974106512e+02 2.352442183e-02 9.966972930e-01 7.772456308e-02 -4.818586236e+01 6.388144622e-01 -7.478977133e-02 7.657170320e-01 7.080997820e+02
7.686444950e-01 3.009964257e-02 -6.389676454e-01 2.966844837e+02 2.232221222e-02 9.970218146e-01 7.381883283e-02 -4.810960487e+01 6.392866017e-01 -7.100361086e-02 7.656834386e-01 7.089729721e+02
7.686633999e-01 2.654337898e-02 -6.391025165e-01 2.959459318e+02 2.195572333e-02 9.974550611e-01 6.783323102e-02 -4.803165752e+01 6.392765629e-01 -6.617288001e-02 7.661244195e-01 7.098437739e+02
7.684129472e-01 2.463574746e-02 -6.394799625e-01 2.952011641e+02 2.366522534e-02 9.974813911e-01 6.686427677e-02 -4.796230226e+01 6.395166141e-01 -6.651281339e-02 7.658946050e-01 7.107320695e+02
7.678001013e-01 2.513684956e-02 -6.401961756e-01 2.944451889e+02 2.608209958e-02 9.971753867e-01 7.043417018e-02 -4.789616061e+01 6.401583620e-01 -7.077702341e-02 7.649757411e-01 7.116407008e+02
7.674155068e-01 2.390495908e-02 -6.407042943e-01 2.936961279e+02 2.967383792e-02 9.969095824e-01 7.273752736e-02 -4.782606326e+01 6.404630381e-01 -7.483206181e-02 7.643345206e-01 7.125387963e+02
7.675136229e-01 2.100742611e-02 -6.406883226e-01 2.929246476e+02 3.128325564e-02 9.970445543e-01 7.016776035e-02 -4.775891540e+01 6.402688471e-01 -7.389752854e-02 7.645880974e-01 7.134482684e+02
7.672517150e-01 1.907622729e-02 -6.410623241e-01 2.921633659e+02 2.974782985e-02 9.974232097e-01 6.528405079e-02 -4.769473863e+01 6.406558143e-01 -6.915951288e-02 7.647071919e-01 7.143476383e+02
7.666755271e-01 2.148552258e-02 -6.416751581e-01 2.913920144e+02 2.434135299e-02 9.977486380e-01 6.249123099e-02 -4.762327057e+01 6.415731717e-01 -6.352973898e-02 7.644264762e-01 7.152522912e+02
7.666395680e-01 2.535449974e-02 -6.415769027e-01 2.906039301e+02 2.082918121e-02 9.977120506e-01 6.431803302e-02 -4.755628630e+01 6.417397588e-01 -6.267227061e-02 7.643574220e-01 7.161648525e+02
7.672217294e-01 3.061891950e-02 -6.406506846e-01 2.898084299e+02 1.769849962e-02 9.974688033e-01 6.886762401e-02 -4.748999253e+01 6.411377239e-01 -6.417529349e-02 7.647378313e-01 7.170818136e+02
7.681743580e-01 3.339201240e-02 -6.393693214e-01 2.890111367e+02 1.547034616e-02 9.973793120e-01 7.067656216e-02 -4.742777439e+01 6.400537665e-01 -6.418318749e-02 7.656446267e-01 7.179964518e+02
7.681964771e-01 3.072838363e-02 -6.394763006e-01 2.882254846e+02 1.764299638e-02 9.974520292e-01 6.912433850e-02 -4.735285274e+01 6.399710128e-01 -6.438335137e-02 7.656969941e-01 7.189342357e+02
7.681017340e-01 2.641185186e-02 -6.397828852e-01 2.874238940e+02 2.257243875e-02 9.974111293e-01 6.827535614e-02 -4.728263501e+01 6.399298486e-01 -6.688387943e-02 7.655170380e-01 7.198785408e+02
7.684027654e-01 2.532052827e-02 -6.394654494e-01 2.866256300e+02 2.578852088e-02 9.971802729e-01 7.047308356e-02 -4.721054671e+01 6.394467471e-01 -7.064258039e-02 7.655831003e-01 7.208331848e+02
7.689266669e-01 2.916275799e-02 -6.386715232e-01 2.858258171e+02 2.320724256e-02 9.970276562e-01 7.346615938e-02 -4.713792368e+01 6.389156477e-01 -7.131189401e-02 7.659643653e-01 7.217824073e+02
7.700538976e-01 3.290515404e-02 -6.371296930e-01 2.850193674e+02 2.108398571e-02 9.968109223e-01 7.696395704e-02 -4.706166774e+01 6.376303478e-01 -7.269962843e-02 7.669043641e-01 7.227230760e+02
7.708609819e-01 3.329065857e-02 -6.361329096e-01 2.842090337e+02 1.888053741e-02 9.970006237e-01 7.505519090e-02 -4.698111559e+01 6.367235443e-01 -6.986764935e-02 7.679203342e-01 7.236919997e+02
7.710571655e-01 3.178439409e-02 -6.359721690e-01 2.834099668e+02 1.878942379e-02 9.971828755e-01 7.261728672e-02 -4.689904017e+01 6.364886527e-01 -6.794162987e-02 7.682877911e-01 7.246550850e+02
7.709138227e-01 3.150268862e-02 -6.361599316e-01 2.825813945e+02 2.075178460e-02 9.970036366e-01 7.451920556e-02 -4.682078124e+01 6.366013206e-01 -7.064933949e-02 7.679501478e-01 7.256673976e+02
7.712439331e-01 3.144314610e-02 -6.357626320e-01 2.817513899e+02 2.331828633e-02 9.967132257e-01 7.758223581e-02 -4.674121670e+01 6.361124533e-01 -7.465972378e-02 7.679758280e-01 7.266748876e+02
7.713152076e-01 3.318176558e-02 -6.355877760e-01 2.809144027e+02 2.271725398e-02 9.965683365e-01 7.959571016e-02 -4.665478296e+01 6.360477788e-01 -7.583219064e-02 7.679145148e-01 7.276726646e+02
7.721364994e-01 3.484337338e-02 -6.345007215e-01 2.800711160e+02 2.397087187e-02 9.961878476e-01 8.387591758e-02 -4.656283312e+01 6.350044280e-01 -7.997319288e-02 7.683577714e-01 7.286940470e+02
7.727344879e-01 3.584256459e-02 -6.337165943e-01 2.792508388e+02 2.487747485e-02 9.959269576e-01 8.666375410e-02 -4.647736699e+01 6.342416909e-01 -8.273334028e-02 7.686954351e-01 7.296693653e+02
7.730005891e-01 3.589793287e-02 -6.333888439e-01 2.784275471e+02 2.532190855e-02 9.958562844e-01 8.734450061e-02 -4.638181836e+01 6.338997477e-01 -8.355596481e-02 7.688884903e-01 7.306588573e+02
7.735430302e-01 3.652719460e-02 -6.326902437e-01 2.775636975e+02 2.581131445e-02 9.956933695e-01 8.904206824e-02 -4.627801856e+01 6.332179376e-01 -8.520843811e-02 7.692688513e-01 7.316951197e+02
7.739687176e-01 3.749230467e-02 -6.321129261e-01 2.767106175e+02 2.517051835e-02 9.956351235e-01 8.987294335e-02 -4.618226479e+01 6.327233750e-01 -8.546945672e-02 7.696467389e-01 7.327229298e+02
7.746230810e-01 3.965027241e-02 -6.311790066e-01 2.758522980e+02 2.233452723e-02 9.956949806e-01 8.995929352e-02 -4.606959949e+01 6.320286792e-01 -8.378162981e-02 7.704027435e-01 7.337616012e+02
7.751460743e-01 4.341674012e-02 -6.302884658e-01 2.750016086e+02 1.795628051e-02 9.957189029e-01 9.067214821e-02 -4.597164176e+01 6.315268288e-01 -8.160179623e-02 7.710479955e-01 7.347801993e+02
7.762512318e-01 4.551470798e-02 -6.287785274e-01 2.741109540e+02 1.616711868e-02 9.956251509e-01 9.202816457e-02 -4.586787126e+01 6.302163513e-01 -8.160251318e-02 7.721194081e-01 7.358434735e+02
7.765452099e-01 4.399450612e-02 -6.285236832e-01 2.732679198e+02 1.716921547e-02 9.957111839e-01 9.090905455e-02 -4.576056463e+01 6.298275597e-01 -8.138624939e-02 7.724593992e-01 7.368795340e+02
7.770341286e-01 4.283707358e-02 -6.279991625e-01 2.723987513e+02 1.628438908e-02 9.959796935e-01 8.808671221e-02 -4.565502483e+01 6.292477903e-01 -7.867296437e-02 7.732126377e-01 7.379255123e+02
7.771275230e-01 4.113934645e-02 -6.279971076e-01 2.715209966e+02 1.835883304e-02 9.959546101e-01 8.796230990e-02 -4.554428272e+01 6.290753263e-01 -7.988722606e-02 7.732284688e-01 7.390128210e+02
7.775898957e-01 4.210650879e-02 -6.273603398e-01 2.706537204e+02 2.000180892e-02 9.955938118e-01 9.161271513e-02 -4.543880291e+01 6.284535637e-01 -8.378546325e-02 7.733214819e-01 7.400793397e+02
7.775243150e-01 4.239097489e-02 -6.274224612e-01 2.697899964e+02 2.107755212e-02 9.954080208e-01 9.337349126e-02 -4.533273227e+01 6.284995436e-01 -8.582468946e-02 7.730604416e-01 7.411532824e+02
7.774460485e-01 4.111553418e-02 -6.276042977e-01 2.689151698e+02 2.206802201e-02 9.954633228e-01 9.255147390e-02 -4.521798417e+01 6.285623629e-01 -8.580376312e-02 7.730116882e-01 7.422356870e+02
7.771633088e-01 4.324756253e-02 -6.278111498e-01 2.680512763e+02 1.997283970e-02 9.954380418e-01 9.329625185e-02 -4.512190310e+01 6.289819371e-01 -8.504559524e-02 7.727541456e-01 7.432928789e+02
7.770640968e-01 4.528539276e-02 -6.277902696e-01 2.671832102e+02 1.738220583e-02 9.954840369e-01 9.332411875e-02 -4.501479801e+01 6.291814113e-01 -8.343120174e-02 7.727677440e-01 7.443495075e+02
7.768916047e-01 4.751580761e-02 -6.278388986e-01 2.663297199e+02 1.406328959e-02 9.955901275e-01 9.274978135e-02 -4.491318632e+01 6.294772899e-01 -8.088600671e-02 7.727973832e-01 7.453878399e+02
7.765639922e-01 5.054110511e-02 -6.280079321e-01 2.654709386e+02 9.770176840e-03 9.956913689e-01 9.221302264e-02 -4.481074191e+01 6.299626257e-01 -7.774506155e-02 7.727242689e-01 7.464238378e+02
7.763947409e-01 5.236139586e-02 -6.280680620e-01 2.646068391e+02 7.272924372e-03 9.957321048e-01 9.200369617e-02 -4.471454244e+01 6.302049752e-01 -7.599907737e-02 7.727003491e-01 7.474708585e+02
7.759289557e-01 5.302272438e-02 -6.285879782e-01 2.637493579e+02 5.554112498e-03 9.958483779e-01 9.085791132e-02 -4.461267915e+01 6.307958525e-01 -7.399053259e-02 7.724130977e-01 7.485217403e+02
7.755957929e-01 5.336982602e-02 -6.289696556e-01 2.629179860e+02 6.251276934e-03 9.957210442e-01 9.219828408e-02 -4.451877710e+01 6.311989287e-01 -7.544046474e-02 7.719434233e-01 7.495369668e+02
7.749403001e-01 5.663607560e-02 -6.294917681e-01 2.620633530e+02 3.459785127e-03 9.955819572e-01 9.383281070e-02 -4.442051791e+01 6.320249687e-01 -7.489273274e-02 7.713206321e-01 7.505655211e+02
7.744351489e-01 5.561211433e-02 -6.302043263e-01 2.612303120e+02 3.843039398e-03 9.956971408e-01 9.258744441e-02 -4.432408192e+01 6.326416293e-01 -7.412487135e-02 7.708891440e-01 7.515788587e+02
7.738162166e-01 5.121328978e-02 -6.313364095e-01 2.603834091e+02 5.155912206e-03 9.961837138e-01 8.712878406e-02 -4.422129365e+01 6.333892007e-01 -7.067678113e-02 7.705990612e-01 7.526161299e+02
7.734244644e-01 4.564018996e-02 -6.322432846e-01 2.595259233e+02 6.624334877e-03 9.967681977e-01 8.005796784e-02 -4.412827368e+01 6.338538602e-01 -6.610698213e-02 7.706225735e-01 7.536540696e+02
7.728843674e-01 4.253073834e-02 -6.331199656e-01 2.586926987e+02 9.337788783e-03 9.968809194e-01 7.836605257e-02 -4.404396111e+01 6.344781795e-01 -6.647983748e-02 7.700765358e-01 7.546589662e+02
7.722542385e-01 4.479601194e-02 -6.337323634e-01 2.578634562e+02 1.037051890e-02 9.964893217e-01 8.307517143e-02 -4.396799351e+01 6.352289693e-01 -7.072728670e-02 7.690785444e-01 7.556564552e+02
7.721680133e-01 5.296138138e-02 -6.332074315e-01 2.569971694e+02 7.243082155e-03 9.957220625e-01 9.211466789e-02 -4.385845155e+01 6.353771298e-01 -7.571437354e-02 7.684811231e-01 7.567021547e+02
7.718314755e-01 6.419606046e-02 -6.325780894e-01 2.561485617e+02 -2.666149955e-04 9.949226039e-01 1.006426414e-01 -4.376606352e+01 6.358271010e-01 -7.751050358e-02 7.679296970e-01 7.577029855e+02
7.719777164e-01 6.969380876e-02 -6.318173616e-01 2.552937195e+02 -7.165351019e-03 9.948621188e-01 1.009852575e-01 -4.365843996e+01 6.356092063e-01 -7.343117527e-02 7.685107672e-01 7.587091934e+02
7.722858327e-01 6.922188701e-02 -6.314926152e-01 2.544378301e+02 -1.159475115e-02 9.954160431e-01 9.493399192e-02 -4.355242122e+01 6.351693903e-01 -6.599417727e-02 7.695483183e-01 7.597180712e+02
7.722262137e-01 6.837479372e-02 -6.316577890e-01 2.535932141e+02 -1.452702449e-02 9.958325929e-01 9.003561738e-02 -4.344665534e+01 6.351815806e-01 -6.035175574e-02 7.700013151e-01 7.607212694e+02
7.721894826e-01 6.690288085e-02 -6.318602753e-01 2.527495966e+02 -1.265401643e-02 9.958631769e-01 8.998004669e-02 -4.334812807e+01 6.352663054e-01 -6.148607540e-02 7.698416615e-01 7.617388122e+02
7.719136378e-01 6.756582008e-02 -6.321267244e-01 2.519052988e+02 -1.317397298e-02 9.958226858e-01 9.035278024e-02 -4.324622654e+01 6.355908922e-01 -6.141692289e-02 7.695792223e-01 7.627417663e+02
7.712403620e-01 6.782694523e-02 -6.329200657e-01 2.510565450e+02 -1.231276617e-02 9.957103900e-01 9.170177245e-02 -4.314629038e+01 6.364249366e-01 -6.293111140e-02 7.687671789e-01 7.637761700e+02
7.702943595e-01 6.685283411e-02 -6.341745015e-01 2.502129859e+02 -1.105599491e-02 9.957401180e-01 9.153896643e-02 -4.304656645e+01 6.375926323e-01 -6.350051945e-02 7.677521210e-01 7.647947186e+02
7.691794428e-01 6.590165170e-02 -6.356256422e-01 2.493668155e+02 -9.991122938e-03 9.957868008e-01 9.115275517e-02 -4.294946873e+01 6.389547419e-01 -6.376221150e-02 7.665971681e-01 7.658072017e+02
7.684152899e-01 6.573568136e-02 -6.365663849e-01 2.485182104e+02 -9.109565872e-03 9.957331206e-01 9.182901709e-02 -4.285439873e+01 6.398866759e-01 -6.476397738e-02 7.657353781e-01 7.668009387e+02
7.670446788e-01 6.539682543e-02 -6.382520787e-01 2.476702935e+02 -9.204636165e-03 9.958109905e-01 9.097112608e-02 -4.274940702e+01 6.415276576e-01 -6.390404002e-02 7.644334754e-01 7.678072919e+02
7.653753741e-01 6.616224493e-02 -6.401742685e-01 2.468230204e+02 -1.003510675e-02 9.958076936e-01 9.091938212e-02 -4.265472708e+01 6.435058922e-01 -6.316323898e-02 7.628306312e-01 7.687986792e+02
7.629575239e-01 6.763479300e-02 -6.429007322e-01 2.459626081e+02 -1.081529543e-02 9.957080241e-01 9.191604881e-02 -4.254003948e+01 6.463581407e-01 -6.317487966e-02 7.604144189e-01 7.698216414e+02
7.605143498e-01 7.030424791e-02 -6.455038624e-01 2.450960051e+02 -1.067617354e-02 9.953406597e-01 9.582792128e-02 -4.243894508e+01 6.492333502e-01 -6.598699800e-02 7.577214350e-01 7.708268233e+02
7.577722784e-01 7.219376447e-02 -6.485130951e-01 2.442157977e+02 -1.025039428e-02 9.950550953e-01 9.879416321e-02 -4.232565292e+01 6.524385822e-01 -6.821596323e-02 7.547651812e-01 7.718467359e+02
7.543444561e-01 7.089829844e-02 -6.526391598e-01 2.433398632e+02 -9.516682432e-03 9.952276613e-01 9.711505993e-02 -4.221332391e+01 6.564098372e-01 -6.704724743e-02 7.514191854e-01 7.728498374e+02
7.499591104e-01 6.776628453e-02 -6.580038476e-01 2.424523067e+02 -8.509473543e-03 9.956446343e-01 9.284046072e-02 -4.209611370e+01 6.614294532e-01 -6.402728300e-02 7.472694196e-01 7.738698116e+02
7.451631492e-01 6.704162331e-02 -6.635038069e-01 2.415575461e+02 -8.718111610e-03 9.958283224e-01 9.082921778e-02 -4.198742481e+01 6.668252211e-01 -6.189808572e-02 7.426390452e-01 7.748665986e+02
7.401306475e-01 6.903508862e-02 -6.689101443e-01 2.406549674e+02 -1.045307516e-02 9.957774131e-01 9.120349152e-02 -4.188415797e+01 6.723818542e-01 -6.051033122e-02 7.377270105e-01 7.758371969e+02
7.347628305e-01 7.266666457e-02 -6.744205949e-01 2.397367298e+02 -1.422077621e-02 9.956770340e-01 9.178787205e-02 -4.176941327e+01 6.781750161e-01 -5.785153232e-02 7.326198522e-01 7.768192889e+02
7.288701510e-01 7.536362232e-02 -6.804914602e-01 2.387956744e+02 -1.676890166e-02 9.955900927e-01 9.229935646e-02 -4.165756814e+01 6.844465698e-01 -5.586315150e-02 7.269196664e-01 7.778173808e+02
7.222787064e-01 7.907464994e-02 -6.870667144e-01 2.378606398e+02 -1.941879057e-02 9.953692572e-01 9.414325462e-02 -4.154667049e+01 6.913294301e-01 -5.465566352e-02 7.204695535e-01 7.787764249e+02
7.149134423e-01 8.087249496e-02 -6.945202730e-01 2.369118918e+02 -1.873831672e-02 9.951478379e-01 9.659014519e-02 -4.144366743e+01 6.989618341e-01 -5.603945235e-02 7.129599808e-01 7.797527267e+02
7.073318065e-01 8.359761064e-02 -7.019210461e-01 2.359455214e+02 -2.083473951e-02 9.950164938e-01 9.750943908e-02 -4.132232854e+01 7.065745743e-01 -5.434718555e-02 7.055485485e-01 7.807074514e+02
6.992601199e-01 8.068395187e-02 -7.102995034e-01 2.349645130e+02 -1.772354359e-02 9.952615423e-01 9.560511704e-02 -4.122225703e+01 7.146475779e-01 -5.426382139e-02 6.973767110e-01 7.816799962e+02
6.904970971e-01 7.904982692e-02 -7.190027008e-01 2.339800073e+02 -1.692758096e-02 9.955041588e-01 9.319295443e-02 -4.111240723e+01 7.231370658e-01 -5.217848807e-02 6.887308541e-01 7.826211187e+02
6.816582853e-01 8.202014645e-02 -7.270589231e-01 2.329748784e+02 -1.810449346e-02 9.952834866e-01 9.530481940e-02 -4.099738490e+01 7.314466552e-01 -5.180228625e-02 6.799281681e-01 7.835484718e+02
6.721735581e-01 8.670138568e-02 -7.352996515e-01 2.319420792e+02 -1.777751761e-02 9.947235658e-01 1.010395342e-01 -4.088397366e+01 7.401801589e-01 -5.484430068e-02 6.701682140e-01 7.844940434e+02
6.629237503e-01 9.069318585e-02 -7.431734975e-01 2.309074286e+02 -1.835166654e-02 9.943060324e-01 1.049701401e-01 -4.076595305e+01 7.484619681e-01 -5.594872676e-02 6.608134550e-01 7.854039856e+02
6.540958736e-01 9.187813483e-02 -7.508108926e-01 2.298651146e+02 -1.880009742e-02 9.942636726e-01 1.052915273e-01 -4.064083173e+01 7.561779847e-01 -5.475543562e-02 6.520710834e-01 7.863060397e+02
6.455838070e-01 9.233438551e-02 -7.580870064e-01 2.288306256e+02 -1.966255061e-02 9.943445880e-01 1.043658202e-01 -4.052397458e+01 7.634362660e-01 -5.247095942e-02 6.437482942e-01 7.871802340e+02
6.371915013e-01 9.167182262e-02 -7.652341260e-01 2.277711343e+02 -1.930414011e-02 9.944876612e-01 1.030613505e-01 -4.040326479e+01 7.704637180e-01 -5.089762985e-02 6.354487316e-01 7.880721122e+02
6.305866676e-01 9.282634252e-02 -7.705476784e-01 2.267190814e+02 -2.116141846e-02 9.945090419e-01 1.024888282e-01 -4.027752162e+01 7.758302965e-01 -4.832220677e-02 6.290884798e-01 7.889003316e+02
6.239870879e-01 9.451656228e-02 -7.756975787e-01 2.256342920e+02 -2.318429624e-02 9.944604920e-01 1.025222815e-01 -4.015173182e+01 7.810906494e-01 -4.598857743e-02 6.227218065e-01 7.897664528e+02
6.185567946e-01 9.596477264e-02 -7.798578424e-01 2.245503688e+02 -2.467188495e-02 9.943964665e-01 1.027957461e-01 -4.003827161e+01 7.853526533e-01 -4.434444424e-02 6.174583227e-01 7.906201290e+02
6.144274599e-01 9.413805818e-02 -7.833370427e-01 2.234642956e+02 -2.409919571e-02 9.946322237e-01 1.006278706e-01 -3.992829112e+01 7.886051771e-01 -4.295073420e-02 6.133980022e-01 7.914554168e+02
6.105238402e-01 9.164904547e-02 -7.866772483e-01 2.224004461e+02 -2.413125404e-02 9.949734456e-01 9.718809185e-02 -3.980507788e+01 7.916301681e-01 -4.035213853e-02 6.096666153e-01 7.922529602e+02
6.060568949e-01 8.929378535e-02 -7.903933578e-01 2.212963057e+02 -2.380126633e-02 9.952697638e-01 9.418915576e-02 -3.968497071e+01 7.950651168e-01 -3.827162446e-02 6.053154077e-01 7.930885815e+02
6.017395520e-01 8.961765106e-02 -7.936486554e-01 2.202027611e+02 -2.355292466e-02 9.952439441e-01 9.452381436e-02 -3.956728765e+01 7.983450202e-01 -3.818597072e-02 6.009884029e-01 7.938959887e+02
5.964806105e-01 9.323946302e-02 -7.971933792e-01 2.191011949e+02 -2.488388310e-02 9.949004048e-01 9.774444665e-02 -3.946096740e+01 8.022416554e-01 -3.846540036e-02 5.957589608e-01 7.947008832e+02
5.903344133e-01 9.277460958e-02 -8.018092992e-01 2.179765586e+02 -2.507062564e-02 9.950007097e-01 9.666980588e-02 -3.934213800e+01 8.067693252e-01 -3.696565237e-02 5.897090778e-01 7.955430862e+02
5.843305340e-01 8.932068799e-02 -8.065851733e-01 2.168522901e+02 -2.612747115e-02 9.954796399e-01 9.131068806e-02 -3.922286999e+01 8.110950513e-01 -3.228159227e-02 5.840228732e-01 7.963436748e+02
5.775976480e-01 8.613811699e-02 -8.117642403e-01 2.157138325e+02 -2.347451507e-02 9.957586038e-01 8.895926038e-02 -3.912325300e+01 8.159840098e-01 -3.232688767e-02 5.771698780e-01 7.971507142e+02
5.702887298e-01 8.754332113e-02 -8.167661425e-01 2.145727867e+02 -2.220356797e-02 9.955844458e-01 9.120643033e-02 -3.901651896e+01 8.211441811e-01 -3.387887674e-02 5.697143631e-01 7.979350031e+02
5.625391099e-01 9.066173452e-02 -8.217847648e-01 2.134307783e+02 -2.140078774e-02 9.952331165e-01 9.514751776e-02 -3.890981776e+01 8.264936516e-01 -3.593735862e-02 5.617977840e-01 7.987018300e+02
5.535971876e-01 9.361993419e-02 -8.275055660e-01 2.122692873e+02 -1.976250045e-02 9.948580432e-01 9.933235888e-02 -3.879696453e+01 8.325500570e-01 -3.863653540e-02 5.526007788e-01 7.994924311e+02
5.458141579e-01 9.631578930e-02 -8.323521934e-01 2.111035962e+02 -2.096988946e-02 9.946305274e-01 1.013428719e-01 -3.868140685e+01 8.376438198e-01 -3.786004082e-02 5.449031552e-01 8.002318387e+02
5.373848174e-01 9.701379267e-02 -8.377385523e-01 2.099400703e+02 -2.457626335e-02 9.947409722e-01 9.943040512e-02 -3.856171332e+01 8.429789827e-01 -3.284390682e-02 5.369429322e-01 8.009562526e+02
5.281517554e-01 9.555737491e-02 -8.437561919e-01 2.087560343e+02 -2.741077317e-02 9.950487182e-01 9.553375279e-02 -3.843788929e+01 8.487074718e-01 -2.732830965e-02 5.281560288e-01 8.016970270e+02
5.188110309e-01 9.264170123e-02 -8.498544755e-01 2.075824866e+02 -2.222359056e-02 9.952365422e-01 9.492279538e-02 -3.834199021e+01 8.546000388e-01 -3.036017542e-02 5.183985276e-01 8.024356813e+02
5.098800073e-01 9.444622333e-02 -8.550451971e-01 2.064023109e+02 -2.128938285e-02 9.950357811e-01 9.721397325e-02 -3.822981039e+01 8.599820582e-01 -3.136407683e-02 5.093595531e-01 8.031254175e+02
5.006932050e-01 9.499729827e-02 -8.603963202e-01 2.052011887e+02 -1.910606310e-02 9.949305352e-01 9.873291510e-02 -3.811629119e+01 8.654139315e-01 -3.299611331e-02 4.999699828e-01 8.038178663e+02
4.907403972e-01 9.499789606e-02 -8.661115761e-01 2.040284728e+02 -1.534201649e-02 9.948265443e-01 1.004229522e-01 -3.800749113e+01 8.711707554e-01 -3.599370136e-02 4.896590328e-01 8.044870198e+02
4.808789972e-01 9.722260056e-02 -8.713800296e-01 2.028066874e+02 -1.320206146e-02 9.945234564e-01 1.036764209e-01 -3.789330286e+01 8.766875701e-01 -3.835180059e-02 4.795289812e-01 8.051696494e+02
4.716016280e-01 9.622493219e-02 -8.765458727e-01 2.016153013e+02 -9.927149627e-03 9.945447318e-01 1.038375084e-01 -3.778313880e+01 8.817558370e-01 -4.026833599e-02 4.699841539e-01 8.058067292e+02
4.621615600e-01 9.412057545e-02 -8.817868278e-01 2.004041268e+02 -1.038638546e-02 9.948579720e-01 1.007459104e-01 -3.765561924e+01 8.867349184e-01 -3.740230921e-02 4.607626849e-01 8.064422565e+02
4.528008920e-01 9.367192737e-02 -8.866774624e-01 1.991819780e+02 -1.082024361e-02 9.949700484e-01 9.958677185e-02 -3.753459894e+01 8.915460025e-01 -3.549891298e-02 4.515368785e-01 8.070582338e+02
4.436685563e-01 9.462001144e-02 -8.911819487e-01 1.979718467e+02 -1.008567710e-02 9.948749822e-01 1.006083938e-01 -3.743649665e+01 8.961341927e-01 -3.564860744e-02 4.423490539e-01 8.076489983e+02
4.337308332e-01 9.647595204e-02 -8.958626876e-01 1.967435493e+02 -1.263132031e-02 9.948046504e-01 1.010156287e-01 -3.732506314e+01 9.009539467e-01 -3.249766426e-02 4.326960686e-01 8.082543657e+02
4.248432578e-01 1.007070187e-01 -8.996478771e-01 1.955255421e+02 -1.779400698e-02 9.945299226e-01 1.029252466e-01 -3.719677088e+01 9.050920283e-01 -2.771875647e-02 4.243113137e-01 8.088162236e+02
4.160442841e-01 1.019670880e-01 -9.036093551e-01 1.943287535e+02 -1.820310390e-02 9.944280206e-01 1.038342859e-01 -3.708671826e+01 9.091621421e-01 -2.675116615e-02 4.155822114e-01 8.093570259e+02
4.071404919e-01 1.049494165e-01 -9.073159537e-01 1.931215071e+02 -2.069197287e-02 9.941814752e-01 1.057120458e-01 -3.695169347e+01 9.131311308e-01 -2.426549725e-02 4.069431453e-01 8.098949208e+02
3.998628651e-01 1.080232133e-01 -9.101871646e-01 1.919326217e+02 -2.234603177e-02 9.938845441e-01 1.081395757e-01 -3.683291049e+01 9.163025396e-01 -2.290192927e-02 3.998314115e-01 8.104066796e+02
3.937113045e-01 1.070028637e-01 -9.129851017e-01 1.907404532e+02 -2.182797706e-02 9.940101147e-01 1.070860930e-01 -3.671871379e+01 9.189749442e-01 -2.223238753e-02 3.936886750e-01 8.109167401e+02
3.883957350e-01 1.052879791e-01 -9.154579152e-01 1.895451768e+02 -2.360919050e-02 9.942619647e-01 1.043348061e-01 -3.660652879e+01 9.211901862e-01 -1.890997339e-02 3.886528705e-01 8.114252841e+02
3.834625241e-01 1.038336236e-01 -9.177009705e-01 1.883735320e+02 -2.417074433e-02 9.944478125e-01 1.024173976e-01 -3.649965299e+01 9.232400922e-01 -1.709171827e-02 3.838432042e-01 8.118966650e+02
3.783752764e-01 1.061866135e-01 -9.195414908e-01 1.871760020e+02 -2.386838184e-02 9.941873182e-01 1.049851256e-01 -3.639357017e+01 9.253445037e-01 -1.777580848e-02 3.787104039e-01 8.123879542e+02
3.736939144e-01 1.118324938e-01 -9.207857252e-01 1.859944074e+02 -2.479701387e-02 9.935548447e-01 1.106068654e-01 -3.627585476e+01 9.272205598e-01 -1.850037610e-02 3.740585110e-01 8.128596864e+02
3.694367466e-01 1.133163218e-01 -9.223209319e-01 1.848141532e+02 -2.332158733e-02 9.933550942e-01 1.127020873e-01 -3.615797967e+01 9.289631822e-01 -2.012630430e-02 3.696245907e-01 8.133286233e+02
3.659212144e-01 1.129881411e-01 -9.237615194e-01 1.836363516e+02 -2.139711296e-02 9.933616877e-01 1.130253110e-01 -3.604794339e+01 9.303998218e-01 -2.159252948e-02 3.659097351e-01 8.137800067e+02
3.614782976e-01 1.130632660e-01 -9.254999396e-01 1.824653963e+02 -1.697906342e-02 9.932540478e-01 1.147087958e-01 -3.594620962e+01 9.322259124e-01 -2.575061808e-02 3.609594907e-01 8.142376481e+02
3.567135354e-01 1.132332701e-01 -9.273260916e-01 1.813129270e+02 -1.621413303e-02 9.932281395e-01 1.150433169e-01 -3.582466036e+01 9.340730997e-01 -2.600171969e-02 3.561339004e-01 8.146703810e+02
3.516540770e-01 1.126984824e-01 -9.293215064e-01 1.801671090e+02 -1.818387599e-02 9.933619913e-01 1.135838932e-01 -3.570538522e+01 9.359533946e-01 -2.304357209e-02 3.513690894e-01 8.150905509e+02
3.474452019e-01 1.108239120e-01 -9.311282899e-01 1.790064756e+02 -1.242392816e-02 9.934482685e-01 1.136053865e-01 -3.561214457e+01 9.376179807e-01 -2.790337546e-02 3.465457025e-01 8.155132601e+02
3.425227953e-01 1.087913592e-01 -9.331894635e-01 1.778726179e+02 -6.427759131e-03 9.935211380e-01 1.134655557e-01 -3.551694767e+01 9.394875298e-01 -3.286622220e-02 3.410029220e-01 8.159314388e+02
3.386618906e-01 1.108334754e-01 -9.343575678e-01 1.767575404e+02 -5.410970114e-03 9.932510266e-01 1.158581871e-01 -3.539445942e+01 9.408925790e-01 -3.418097180e-02 3.369759872e-01 8.163190616e+02
3.340786325e-01 1.153628250e-01 -9.354586500e-01 1.756513995e+02 -1.953076675e-03 9.925640650e-01 1.217076921e-01 -3.529180731e+01 9.425431835e-01 -3.883291686e-02 3.318197579e-01 8.167159191e+02
3.290741264e-01 1.175144078e-01 -9.369634909e-01 1.745329508e+02 -1.162842328e-03 9.922761198e-01 1.240433383e-01 -3.516203473e+01 9.443033766e-01 -3.972991238e-02 3.266690480e-01 8.171151987e+02
3.254246216e-01 1.159749871e-01 -9.384288029e-01 1.734393470e+02 -1.165810862e-03 9.924983032e-01 1.222528486e-01 -3.503995112e+01 9.455672671e-01 -3.869005651e-02 3.231185896e-01 8.174850587e+02
3.222218596e-01 1.125714432e-01 -9.399472024e-01 1.723588592e+02 -1.028319001e-03 9.929456164e-01 1.185662066e-01 -3.493178238e+01 9.466636233e-01 -3.723805800e-02 3.200645424e-01 8.178333917e+02
3.179586825e-01 1.096442990e-01 -9.417432792e-01 1.713010860e+02 -1.621018008e-03 9.933519340e-01 1.151056366e-01 -3.482331235e+01 9.481031845e-01 -3.507225375e-02 3.160226076e-01 8.181813843e+02
3.138232183e-01 1.095697880e-01 -9.431380860e-01 1.702259889e+02 -3.882397496e-03 9.934589262e-01 1.141240070e-01 -3.469685260e+01 9.494734934e-01 -3.215312621e-02 3.121958709e-01 8.185412873e+02
3.102120174e-01 1.112328474e-01 -9.441375736e-01 1.691436299e+02 -2.255253718e-03 9.932146354e-01 1.162738231e-01 -3.458786965e+01 9.506647243e-01 -3.394026745e-02 3.083579740e-01 8.189133363e+02
3.074566569e-01 1.140429628e-01 -9.447034491e-01 1.681190100e+02 -7.848401200e-05 9.927952694e-01 1.198229811e-01 -3.448405022e+01 9.515620831e-01 -3.676622908e-02 3.052504651e-01 8.192441254e+02
3.053086676e-01 1.164252791e-01 -9.451093968e-01 1.670960708e+02 1.770855114e-03 9.924266153e-01 1.228262077e-01 -3.438574477e+01 9.522517953e-01 -3.917355762e-02 3.027902753e-01 8.195694519e+02
3.046025081e-01 1.175979834e-01 -9.451920579e-01 1.660957510e+02 2.486477560e-03 9.922473574e-01 1.242537689e-01 -3.428280600e+01 9.524763144e-01 -4.019820850e-02 3.019486290e-01 8.198749309e+02
3.039581563e-01 1.147603730e-01 -9.457481145e-01 1.651158267e+02 2.746222534e-03 9.926085249e-01 1.213291991e-01 -3.417722108e+01 9.526814250e-01 -3.947623444e-02 3.013962996e-01 8.201764861e+02
3.030965751e-01 1.124223657e-01 -9.463052773e-01 1.641389576e+02 1.737876709e-03 9.929500888e-01 1.185204661e-01 -3.406565580e+01 9.529582603e-01 -3.756770925e-02 3.007643950e-01 8.204806565e+02
3.026192569e-01 1.115401764e-01 -9.465623986e-01 1.631757535e+02 1.800827045e-03 9.930599988e-01 1.175950498e-01 -3.397000689e+01 9.531098270e-01 -3.729112176e-02 3.003182144e-01 8.207798232e+02
3.018467431e-01 1.146202401e-01 -9.464410939e-01 1.622384351e+02 4.358601398e-04 9.927295981e-01 1.203650904e-01 -3.386663721e+01 9.533563624e-01 -3.674432648e-02 2.996022376e-01 8.210757681e+02
3.019907463e-01 1.156618672e-01 -9.462684194e-01 1.613141610e+02 -2.935100669e-04 9.926238878e-01 1.212342002e-01 -3.377311569e+01 9.533108113e-01 -3.633386729e-02 2.997971766e-01 8.213634529e+02
3.025844302e-01 1.143714495e-01 -9.462356124e-01 1.604443810e+02 -4.921037434e-04 9.927929195e-01 1.198414653e-01 -3.370160726e+01 9.531224582e-01 -3.579651542e-02 3.004599625e-01 8.216154693e+02
3.029632294e-01 1.111289581e-01 -9.465007323e-01 1.595799168e+02 -1.192254820e-03 9.932212811e-01 1.162328068e-01 -3.361050162e+01 9.530015006e-01 -3.408579644e-02 3.010420208e-01 8.218801380e+02
3.030843937e-01 1.100066696e-01 -9.465930397e-01 1.587202833e+02 -2.191930145e-03 9.933927237e-01 1.147435918e-01 -3.352134368e+01 9.529611984e-01 -3.270212614e-02 3.013229584e-01 8.221471779e+02
3.041940095e-01 1.125841685e-01 -9.459338294e-01 1.578785320e+02 -3.057796053e-03 9.931018854e-01 1.172147388e-01 -3.343484201e+01 9.526051934e-01 -3.276354865e-02 3.024399038e-01 8.224079189e+02
3.057609442e-01 1.163001381e-01 -9.449785833e-01 1.570401837e+02 -2.189348908e-03 9.925948957e-01 1.214519652e-01 -3.335103537e+01 9.521057986e-01 -3.506637973e-02 3.037513741e-01 8.226789711e+02
3.078861805e-01 1.144447148e-01 -9.445149586e-01 1.562088537e+02 2.706568712e-03 9.926296752e-01 1.211569326e-01 -3.327153545e+01 9.514193473e-01 -3.985893987e-02 3.053072069e-01 8.229723020e+02
3.099803136e-01 1.083195326e-01 -9.445523194e-01 1.554316429e+02 6.548579561e-03 9.932217904e-01 1.160499515e-01 -3.319819921e+01 9.507204223e-01 -4.215867638e-02 3.071698629e-01 8.232270168e+02
3.112529456e-01 1.043679215e-01 -9.445787107e-01 1.546574686e+02 5.942993228e-03 9.937179406e-01 1.117556948e-01 -3.311156697e+01 9.503085208e-01 -4.039791409e-02 3.086773783e-01 8.234821656e+02
3.124494224e-01 1.030327970e-01 -9.443302395e-01 1.539067053e+02 8.348973127e-03 9.937642310e-01 1.111887937e-01 -3.303301775e+01 9.498977066e-01 -4.262506216e-02 3.096408420e-01 8.237375970e+02
3.121142818e-01 1.045953425e-01 -9.442692886e-01 1.531905754e+02 1.214268167e-02 9.934006709e-01 1.140511389e-01 -3.296168424e+01 9.499669628e-01 -4.706295068e-02 3.087844690e-01 8.239749401e+02
3.094860215e-01 1.057632280e-01 -9.450039905e-01 1.525040421e+02 1.453376448e-02 9.931531764e-01 1.159117675e-01 -3.290392023e+01 9.507929176e-01 -4.960753720e-02 3.058298875e-01 8.242079824e+02
3.037322747e-01 1.035221413e-01 -9.471166093e-01 1.518063109e+02 1.498687354e-02 9.934373720e-01 1.133912764e-01 -3.283500562e+01 9.526395430e-01 -4.863490715e-02 3.001875195e-01 8.244425913e+02
2.955411509e-01 9.997055315e-02 -9.500848997e-01 1.511172674e+02 1.630039005e-02 9.938371652e-01 1.096448193e-01 -3.277433530e+01 9.551909366e-01 -4.789131054e-02 2.920902206e-01 8.246493658e+02
2.847728696e-01 9.661053162e-02 -9.537142223e-01 1.504740974e+02 1.986843322e-02 9.940997961e-01 1.066341448e-01 -3.271902563e+01 9.583890953e-01 -4.931531877e-02 2.811731517e-01 8.248331976e+02
2.704497540e-01 9.508620302e-02 -9.580269018e-01 1.498160336e+02 2.165428496e-02 9.942580442e-01 1.047951974e-01 -3.266489086e+01 9.624905311e-01 -4.908722289e-02 2.668378198e-01 8.250072254e+02
2.520438779e-01 9.562411474e-02 -9.629797050e-01 1.491995619e+02 2.366519726e-02 9.941992412e-01 1.049181929e-01 -3.260202474e+01 9.674264014e-01 -4.923309287e-02 2.483188687e-01 8.251689228e+02
2.305530308e-01 9.819562273e-02 -9.680924128e-01 1.485513060e+02 2.432302345e-02 9.940026905e-01 1.066163298e-01 -3.253808555e+01 9.727557199e-01 -4.812765242e-02 2.267819184e-01 8.253030343e+02
2.051329741e-01 1.012530607e-01 -9.734825528e-01 1.479359038e+02 2.346861874e-02 9.938394869e-01 1.083157342e-01 -3.248204407e+01 9.784527004e-01 -4.506541958e-02 2.014929803e-01 8.254107121e+02
1.781999917e-01 1.027563775e-01 -9.786142702e-01 1.473100762e+02 2.194341201e-02 9.938701565e-01 1.083540432e-01 -3.242861618e+01 9.837495869e-01 -4.078282572e-02 1.748528281e-01 8.255020465e+02
1.486141782e-01 1.017625441e-01 -9.836453683e-01 1.467133818e+02 2.298707367e-02 9.940668947e-01 1.063137027e-01 -3.237428842e+01 9.886280496e-01 -3.841085210e-02 1.453932115e-01 8.255781991e+02
1.155561757e-01 1.005001385e-01 -9.882036695e-01 1.461425887e+02 2.585716233e-02 9.942268526e-01 1.041363176e-01 -3.232958000e+01 9.929643384e-01 -3.758573732e-02 1.122904045e-01 8.256265474e+02
7.854437127e-02 9.883174996e-02 -9.919995297e-01 1.455692789e+02 3.018966067e-02 9.943815020e-01 1.014594149e-01 -3.228127282e+01 9.964533939e-01 -3.791719514e-02 7.511937288e-02 8.256504545e+02
3.713175521e-02 9.512689641e-02 -9.947723892e-01 1.450098773e+02 3.214903891e-02 9.948298872e-01 9.633241826e-02 -3.223463154e+01 9.987931077e-01 -3.555796802e-02 3.388154155e-02 8.256368809e+02
-8.953978190e-03 9.283765552e-02 -9.956409975e-01 1.444434381e+02 3.538511815e-02 9.950867343e-01 9.246774902e-02 -3.219274738e+01 9.993336378e-01 -3.440292012e-02 -1.219505633e-02 8.256111370e+02
-5.963861523e-02 9.431861304e-02 -9.937541118e-01 1.438624038e+02 4.150887920e-02 9.948993640e-01 9.193621940e-02 -3.214580905e+01 9.973566306e-01 -3.576667057e-02 -6.324948028e-02 8.255523609e+02
-1.138815851e-01 9.907330552e-02 -9.885420905e-01 1.432979634e+02 4.896814482e-02 9.943657070e-01 9.401575151e-02 -3.210445852e+01 9.922868060e-01 -3.770040944e-02 -1.180913788e-01 8.254582775e+02
-1.715038266e-01 1.031282767e-01 -9.797708895e-01 1.427437574e+02 5.415401958e-02 9.939892747e-01 9.514548798e-02 -3.206364422e+01 9.836939461e-01 -3.674071666e-02 -1.760577749e-01 8.253263151e+02
-2.317575550e-01 1.056806637e-01 -9.670160459e-01 1.421950273e+02 5.661861326e-02 9.938615386e-01 9.504511955e-02 -3.202272299e+01 9.711244865e-01 -3.272368300e-02 -2.363184128e-01 8.251593863e+02
-2.922512808e-01 1.074962419e-01 -9.502808779e-01 1.416477327e+02 6.124191945e-02 9.937267656e-01 9.357639979e-02 -3.198611555e+01 9.543786545e-01 -3.084920228e-02 -2.970011962e-01 8.249523437e+02
-3.531130406e-01 1.073413355e-01 -9.294025060e-01 1.411211027e+02 6.910617442e-02 9.936752787e-01 8.850862738e-02 -3.194297829e+01 9.330249285e-01 -3.297390116e-02 -3.582976481e-01 8.247201251e+02
-4.134645253e-01 1.078251928e-01 -9.041132750e-01 1.405881313e+02 7.365294368e-02 9.936700996e-01 8.482321050e-02 -3.189210473e+01 9.075364071e-01 -3.151921566e-02 -4.187889789e-01 8.244492081e+02
-4.714388928e-01 1.078029567e-01 -8.752850352e-01 1.400741026e+02 7.712201825e-02 9.937378732e-01 8.085316115e-02 -3.185152860e+01 8.785200992e-01 -2.938642369e-02 -4.768006642e-01 8.241408652e+02
-5.275615561e-01 1.060926051e-01 -8.428660413e-01 1.395762317e+02 8.000748031e-02 9.939661494e-01 7.503397248e-02 -3.180128948e+01 8.457408631e-01 -2.785054892e-02 -5.328665305e-01 8.237953812e+02
-5.806133849e-01 1.053648556e-01 -8.073328585e-01 1.391046857e+02 8.538135098e-02 9.940030122e-01 6.832303190e-02 -3.176303193e+01 8.096901396e-01 -2.926190334e-02 -5.861276472e-01 8.234267775e+02
-6.315406623e-01 1.028081117e-01 -7.684965088e-01 1.386480159e+02 8.869604821e-02 9.942427997e-01 6.011876855e-02 -3.172858744e+01 7.702528175e-01 -3.019515649e-02 -6.370234294e-01 8.230269704e+02
-6.803785703e-01 9.874359417e-02 -7.261781488e-01 1.382111138e+02 8.805682145e-02 9.947174660e-01 5.275565446e-02 -3.171574152e+01 7.275513709e-01 -2.805112283e-02 -6.854794944e-01 8.225931420e+02
-7.242875539e-01 9.710171490e-02 -6.826263958e-01 1.377931861e+02 9.191650666e-02 9.947949853e-01 4.398059827e-02 -3.167926676e+01 6.833439068e-01 -3.089003371e-02 -7.294428770e-01 8.221209585e+02
-7.637493453e-01 9.889082021e-02 -6.378930500e-01 1.374020801e+02 9.645005810e-02 9.945848718e-01 3.870812672e-02 -3.168994269e+01 6.382666557e-01 -3.196151529e-02 -7.691515701e-01 8.216294269e+02
-7.983977382e-01 9.263250620e-02 -5.949624110e-01 1.370422055e+02 9.387420137e-02 9.951625159e-01 2.896896941e-02 -3.166837831e+01 5.947677580e-01 -3.272286153e-02 -8.032313044e-01 8.211054750e+02
-8.278910721e-01 8.742966443e-02 -5.540328750e-01 1.366893475e+02 9.236231038e-02 9.955425384e-01 1.908554234e-02 -3.166942696e+01 5.532319373e-01 -3.537100626e-02 -8.322759852e-01 8.205542335e+02
-8.532162165e-01 8.156907775e-02 -5.151393728e-01 1.363715177e+02 8.993130109e-02 9.959095826e-01 8.744394129e-03 -3.167519257e+01 5.137455099e-01 -3.886629516e-02 -8.570618193e-01 8.199905272e+02
-8.753958651e-01 7.196797657e-02 -4.780195495e-01 1.360781832e+02 8.302287492e-02 9.965456244e-01 -2.005167495e-03 -3.166624932e+01 4.762239826e-01 -4.144187261e-02 -8.783469073e-01 8.193992295e+02
-8.943985536e-01 6.391744700e-02 -4.426802314e-01 1.358167064e+02 7.533658108e-02 9.971241228e-01 -8.239132055e-03 -3.167413810e+01 4.408805132e-01 -4.071908294e-02 -8.966416951e-01 8.187986796e+02
-9.115422739e-01 5.660809966e-02 -4.072913037e-01 1.355491832e+02 6.731664122e-02 9.976595296e-01 -1.199719728e-02 -3.167128542e+01 4.056589119e-01 -3.835343505e-02 -9.132195033e-01 8.181655798e+02
-9.266859606e-01 5.035861459e-02 -3.724475002e-01 1.353059002e+02 6.071971109e-02 9.980244580e-01 -1.613374975e-02 -3.167735440e+01 3.708992413e-01 -3.756582399e-02 -9.279130141e-01 8.175080296e+02
-9.402075832e-01 4.478330276e-02 -3.376450153e-01 1.351039378e+02 5.575252805e-02 9.981829919e-01 -2.285541962e-02 -3.170366090e+01 3.360079704e-01 -4.031340203e-02 -9.409960007e-01 8.168659651e+02
-9.525146007e-01 3.738144836e-02 -3.021896140e-01 1.349046523e+02 4.917763365e-02 9.982925909e-01 -3.151925383e-02 -3.172023008e+01 3.004954173e-01 -4.488351960e-02 -9.527265997e-01 8.161857626e+02
-9.626071801e-01 2.992945302e-02 -2.692427245e-01 1.347409495e+02 4.207524150e-02 9.983352007e-01 -3.945251668e-02 -3.174042894e+01 2.676136971e-01 -4.930572848e-02 -9.622639213e-01 8.154947549e+02
-9.705778945e-01 2.172515005e-02 -2.398052723e-01 1.345917260e+02 3.304130700e-02 9.985169154e-01 -4.326940885e-02 -3.176246066e+01 2.385095864e-01 -4.991981136e-02 -9.698562727e-01 8.147776787e+02
-9.767658916e-01 1.244550437e-02 -2.139474293e-01 1.344646663e+02 2.178012180e-02 9.989081874e-01 -4.132867547e-02 -3.178551751e+01 2.131994826e-01 -4.502824161e-02 -9.759705109e-01 8.140392008e+02
-9.814650345e-01 7.668947252e-03 -1.914877892e-01 1.343423611e+02 1.512772600e-02 9.991813572e-01 -3.752022534e-02 -3.181890995e+01 1.910432884e-01 -3.972156407e-02 -9.807775789e-01 8.132857942e+02
-9.852504555e-01 7.272612738e-03 -1.709638820e-01 1.342139524e+02 1.383773959e-02 9.992105221e-01 -3.724042754e-02 -3.185072335e+01 1.705580746e-01 -3.905690188e-02 -9.845732586e-01 8.125089339e+02
-9.883385115e-01 2.844507335e-03 -1.522461672e-01 1.341015970e+02 9.366589842e-03 9.990678502e-01 -4.213902886e-02 -3.189171950e+01 1.519843862e-01 -4.307365247e-02 -9.874438753e-01 8.117170423e+02
-9.906977191e-01 -2.815550087e-03 -1.360518356e-01 1.340086363e+02 4.799958541e-03 9.984407729e-01 -5.561459682e-02 -3.194124679e+01 1.359962856e-01 -5.575029739e-02 -9.891394819e-01 8.109281990e+02
-9.925888432e-01 -7.322635968e-03 -1.213003187e-01 1.339261329e+02 1.423139199e-03 9.974139208e-01 -7.185711659e-02 -3.199385385e+01 1.215128100e-01 -7.149719947e-02 -9.900115088e-01 8.101303244e+02
-9.942083614e-01 -7.744036431e-03 -1.071903168e-01 1.338388504e+02 1.307351010e-03 9.964551560e-01 -8.411547424e-02 -3.204814706e+01 1.074617372e-01 -8.376844318e-02 -9.906739236e-01 8.093360016e+02
-9.953708288e-01 -9.019248566e-03 -9.568472361e-02 1.337744782e+02 -1.002092950e-03 9.965067361e-01 -8.350641105e-02 -3.210659272e+01 9.610363670e-02 -8.302396059e-02 -9.919027740e-01 8.085177319e+02
-9.962183918e-01 -9.432517511e-03 -8.637096416e-02 1.337045085e+02 -2.960267564e-03 9.971972362e-01 -7.475900568e-02 -3.217954334e+01 8.683405238e-02 -7.422061525e-02 -9.934541497e-01 8.076337001e+02
-9.968722560e-01 -9.143356022e-03 -7.849907191e-02 1.336357379e+02 -3.829323860e-03 9.977064484e-01 -6.758090789e-02 -3.224675205e+01 7.893694654e-02 -6.706893374e-02 -9.946208909e-01 8.067683778e+02
-9.972829285e-01 -9.576680357e-03 -7.304141089e-02 1.335614096e+02 -4.753215290e-03 9.978130955e-01 -6.592748618e-02 -3.231298156e+01 7.351304276e-02 -6.540117494e-02 -9.951474860e-01 8.058844756e+02
-9.974894471e-01 -1.138998210e-02 -6.989328518e-02 1.334935525e+02 -6.658657814e-03 9.976932097e-01 -6.755680304e-02 -3.237138388e+01 7.050152680e-02 -6.692180264e-02 -9.952642901e-01 8.050115775e+02
-9.975577029e-01 -1.395313573e-02 -6.843931123e-02 1.334458661e+02 -9.095601114e-03 9.974504394e-01 -7.078058389e-02 -3.242722180e+01 6.925243215e-02 -6.998522000e-02 -9.951412812e-01 8.041029596e+02
-9.975718456e-01 -1.637989634e-02 -6.769129875e-02 1.334018869e+02 -1.131381504e-02 9.971525151e-01 -7.455775808e-02 -3.249176669e+01 6.871979715e-02 -7.361087350e-02 -9.949165939e-01 8.031835790e+02
-9.976385241e-01 -1.766184742e-02 -6.637344660e-02 1.333418598e+02 -1.254850655e-02 9.969767155e-01 -7.668092193e-02 -3.255265871e+01 6.752710753e-02 -7.566695415e-02 -9.948440088e-01 8.022712158e+02
-9.976558067e-01 -1.884612394e-02 -6.578537077e-02 1.332823400e+02 -1.383638506e-02 9.970274744e-01 -7.579425938e-02 -3.263467929e+01 6.701825007e-02 -7.470635126e-02 -9.949510115e-01 8.013272784e+02
-9.975798055e-01 -2.059233371e-02 -6.641150133e-02 1.332359258e+02 -1.571705123e-02 9.971996879e-01 -7.311468258e-02 -3.271566988e+01 6.773113034e-02 -7.189393786e-02 -9.951099214e-01 8.003917347e+02
-9.975722124e-01 -2.115647683e-02 -6.634820655e-02 1.331821637e+02 -1.638122432e-02 9.972911237e-01 -7.170822871e-02 -3.279278169e+01 6.768557094e-02 -7.044727150e-02 -9.952164817e-01 7.994536786e+02
-9.976228651e-01 -2.014678029e-02 -6.589936421e-02 1.331175431e+02 -1.545326100e-02 9.973585675e-01 -7.097242093e-02 -3.287861777e+01 6.715516126e-02 -6.978534984e-02 -9.952990451e-01 7.984893080e+02
-9.975842462e-01 -2.087868816e-02 -6.625520410e-02 1.330579075e+02 -1.619199949e-02 9.973802303e-01 -7.050174038e-02 -3.293905170e+01 6.755361458e-02 -6.925862131e-02 -9.953088729e-01 7.975034178e+02
-9.975878622e-01 -1.999920187e-02 -6.647171687e-02 1.329993833e+02 -1.546188328e-02 9.975596195e-01 -6.808623777e-02 -3.302038510e+01 6.767117100e-02 -6.689422645e-02 -9.954625935e-01 7.965108691e+02
-9.976250748e-01 -1.979472473e-02 -6.597256230e-02 1.329288640e+02 -1.536456133e-02 9.976349967e-01 -6.699510130e-02 -3.308423249e+01 6.714268656e-02 -6.582235346e-02 -9.955698255e-01 7.955119017e+02
-9.976041706e-01 -2.179383157e-02 -6.565780837e-02 1.328732237e+02 -1.738810194e-02 9.976054092e-01 -6.694102887e-02 -3.315410715e+01 6.695948630e-02 -6.563898492e-02 -9.955942702e-01 7.945145775e+02
-9.976152926e-01 -2.258385325e-02 -6.522037648e-02 1.328056530e+02 -1.813507630e-02 9.975194222e-01 -6.801559625e-02 -3.323031101e+01 6.659464651e-02 -6.667062245e-02 -9.955501902e-01 7.934859097e+02
-9.975776329e-01 -2.357233471e-02 -6.544624820e-02 1.327409052e+02 -1.908381535e-02 9.974767519e-01 -6.838082614e-02 -3.329690334e+01 6.689300680e-02 -6.696621856e-02 -9.955103471e-01 7.924566326e+02
-9.975445923e-01 -2.629644919e-02 -6.490980726e-02 1.326594084e+02 -2.171577669e-02 9.972899613e-01 -7.029337143e-02 -3.336214218e+01 6.658236524e-02 -6.871120567e-02 -9.954122557e-01 7.913924814e+02
-9.974594120e-01 -2.864950006e-02 -6.522213943e-02 1.326119721e+02 -2.396601339e-02 9.971532588e-01 -7.149131821e-02 -3.343715338e+01 6.708465941e-02 -6.974657356e-02 -9.953065176e-01 7.903586622e+02
-9.974573068e-01 -2.924451744e-02 -6.498983998e-02 1.325563272e+02 -2.454640810e-02 9.971062829e-01 -7.194813778e-02 -3.351158126e+01 6.690586634e-02 -7.016992861e-02 -9.952887954e-01 7.893140297e+02
-9.974164228e-01 -3.106691533e-02 -6.477133868e-02 1.324927419e+02 -2.651174913e-02 9.971919926e-01 -7.003753995e-02 -3.358941365e+01 6.676531060e-02 -6.813939108e-02 -9.954393084e-01 7.882481476e+02
-9.973686225e-01 -3.205217486e-02 -6.502683204e-02 1.324350535e+02 -2.753927610e-02 9.972262407e-01 -6.914776302e-02 -3.367296148e+01 6.706279945e-02 -6.717501727e-02 -9.954848557e-01 7.871857063e+02
-9.973278444e-01 -3.395043356e-02 -6.468801207e-02 1.323736013e+02 -2.935450298e-02 9.970642280e-01 -7.071943465e-02 -3.375073339e+01 6.689905828e-02 -6.863157687e-02 -9.953965153e-01 7.861155041e+02
-9.972672947e-01 -3.542695633e-02 -6.482957415e-02 1.323157111e+02 -3.072708410e-02 9.969232851e-01 -7.210970784e-02 -3.383420080e+01 6.718473950e-02 -6.992062948e-02 -9.952875546e-01 7.850453026e+02
-9.971628611e-01 -3.825537055e-02 -6.482866003e-02 1.322524988e+02 -3.355437632e-02 9.968318843e-01 -7.211309348e-02 -3.391767462e+01 6.738198845e-02 -6.973321336e-02 -9.952873688e-01 7.839434191e+02
-9.970973414e-01 -4.113482920e-02 -6.406884985e-02 1.321730229e+02 -3.645873876e-02 9.967004538e-01 -7.251872726e-02 -3.400761987e+01 6.684049718e-02 -6.997236069e-02 -9.953070967e-01 7.828165403e+02
-9.969439399e-01 -4.426654968e-02 -6.436810710e-02 1.321133762e+02 -3.964879967e-02 9.966645573e-01 -7.132834562e-02 -3.408217315e+01 6.731087072e-02 -6.855824372e-02 -9.953738061e-01 7.817052334e+02
-9.968835331e-01 -4.477213140e-02 -6.495134850e-02 1.320636564e+02 -4.036990885e-02 9.968971065e-01 -6.757536186e-02 -3.415914405e+01 6.777530436e-02 -6.474268546e-02 -9.955977565e-01 7.805950615e+02
-9.969409038e-01 -4.362076386e-02 -6.485416918e-02 1.319868486e+02 -3.957879744e-02 9.972690220e-01 -6.235396232e-02 -3.424008219e+01 6.739698133e-02 -5.959636553e-02 -9.959447375e-01 7.794691993e+02
-9.969871882e-01 -4.218540266e-02 -6.509176950e-02 1.319268514e+02 -3.821900753e-02 9.974044275e-01 -6.102225468e-02 -3.431617642e+01 6.749706747e-02 -5.835066328e-02 -9.960117198e-01 7.783229059e+02
-9.970965247e-01 -4.039578672e-02 -6.454998653e-02 1.318647232e+02 -3.651628079e-02 9.975187522e-01 -6.019053286e-02 -3.441643658e+01 6.682126595e-02 -5.765864570e-02 -9.960975851e-01 7.772255926e+02
-9.971515016e-01 -4.050635853e-02 -6.362482096e-02 1.317968058e+02 -3.657632768e-02 9.974203599e-01 -6.176405022e-02 -3.448009902e+01 6.596252858e-02 -5.926095312e-02 -9.960607834e-01 7.760707434e+02
-9.971010583e-01 -4.146902600e-02 -6.379498020e-02 1.317384135e+02 -3.761111981e-02 9.974575342e-01 -6.052992000e-02 -3.455570215e+01 6.614290047e-02 -5.795504664e-02 -9.961256594e-01 7.749335343e+02
-9.970841854e-01 -4.196525886e-02 -6.373416883e-02 1.316693674e+02 -3.830684383e-02 9.976058556e-01 -5.757727545e-02 -3.463835422e+01 6.599782530e-02 -5.496793593e-02 -9.963045785e-01 7.737611726e+02
-9.971024197e-01 -4.268911308e-02 -6.296351492e-02 1.315813790e+02 -3.920998865e-02 9.976888433e-01 -5.549368213e-02 -3.471242179e+01 6.518697244e-02 -5.286408603e-02 -9.964717994e-01 7.725898824e+02
-9.972168988e-01 -4.145753256e-02 -6.196555266e-02 1.315113901e+02 -3.795831373e-02 9.976740192e-01 -5.661905831e-02 -3.478710773e+01 6.416870843e-02 -5.410937385e-02 -9.964710495e-01 7.714370024e+02
-9.973592033e-01 -3.998452097e-02 -6.062885187e-02 1.314317517e+02 -3.643271271e-02 9.976166330e-01 -5.859787469e-02 -3.486687020e+01 6.282735902e-02 -5.623425607e-02 -9.964388749e-01 7.702929447e+02
-9.974150811e-01 -3.959554328e-02 -5.996122834e-02 1.313618278e+02 -3.601042435e-02 9.975645382e-01 -5.973475902e-02 -3.492718689e+01 6.218042529e-02 -5.742112023e-02 -9.964117671e-01 7.691233778e+02
-9.974838326e-01 -3.861810943e-02 -5.945288399e-02 1.313105298e+02 -3.519062808e-02 9.977160840e-01 -5.765618280e-02 -3.500426779e+01 6.154367137e-02 -5.541892586e-02 -9.965646588e-01 7.680048007e+02
-9.975028729e-01 -3.905390977e-02 -5.884565067e-02 1.312359499e+02 -3.579626592e-02 9.978205992e-01 -5.543175273e-02 -3.507569299e+01 6.088222908e-02 -5.318687805e-02 -9.967268985e-01 7.668201586e+02
-9.975169628e-01 -3.976152106e-02 -5.812856757e-02 1.311685195e+02 -3.659537145e-02 9.978399998e-01 -5.455376788e-02 -3.514463387e+01 6.017215065e-02 -5.229107232e-02 -9.968174136e-01 7.656741991e+02
-9.974824768e-01 -3.941507331e-02 -5.895049102e-02 1.311192564e+02 -3.630925501e-02 9.979416340e-01 -5.285956042e-02 -3.522041965e+01 6.091261279e-02 -5.058603684e-02 -9.968604248e-01 7.645485241e+02
-9.973485887e-01 -4.025195657e-02 -6.062650120e-02 1.310564631e+02 -3.709042459e-02 9.979371331e-01 -5.240017911e-02 -3.529105497e+01 6.261064653e-02 -5.001258201e-02 -9.967841535e-01 7.633877083e+02
-9.971798548e-01 -4.033386520e-02 -6.328914932e-02 1.310079517e+02 -3.698594447e-02 9.978982931e-01 -5.320748572e-02 -3.535811531e+01 6.530219764e-02 -5.071662393e-02 -9.965758612e-01 7.622547181e+02
-9.970099054e-01 -4.158099516e-02 -6.513270637e-02 1.309070545e+02 -3.797014103e-02 9.977237188e-01 -5.572835241e-02 -3.540883011e+01 6.730168637e-02 -5.308862132e-02 -9.963192668e-01 7.610364930e+02
-9.968375030e-01 -4.078116708e-02 -6.820475863e-02 1.308466282e+02 -3.702328538e-02 9.977730221e-01 -5.548218403e-02 -3.548375583e+01 7.031549635e-02 -5.278155754e-02 -9.961274206e-01 7.598818264e+02
-9.967436255e-01 -3.803251947e-02 -7.110325254e-02 1.307536179e+02 -3.429301942e-02 9.980005314e-01 -5.309357869e-02 -3.555162052e+01 7.298036639e-02 -5.048234089e-02 -9.960549179e-01 7.586793132e+02
-9.964738908e-01 -3.704209900e-02 -7.528391521e-02 1.306643727e+02 -3.341113513e-02 9.982431950e-01 -4.893076337e-02 -3.564593769e+01 7.696415423e-02 -4.624290709e-02 -9.959608991e-01 7.574890758e+02
-9.961067259e-01 -3.682016336e-02 -8.009785340e-02 1.305940031e+02 -3.295620916e-02 9.982529953e-01 -4.903922618e-02 -3.570554258e+01 8.176355439e-02 -4.620858142e-02 -9.955799758e-01 7.563222302e+02
-9.957722367e-01 -3.628982054e-02 -8.438424911e-02 1.304721430e+02 -3.222373375e-02 9.982759661e-01 -4.905839976e-02 -3.578644996e+01 8.601908832e-02 -4.613181689e-02 -9.952248851e-01 7.550835315e+02
-9.953701613e-01 -3.525380153e-02 -8.941706531e-02 1.303818336e+02 -3.097093285e-02 9.983262595e-01 -4.884138585e-02 -3.587163286e+01 9.098924886e-02 -4.584592819e-02 -9.947960130e-01 7.538823454e+02
-9.948283244e-01 -3.666289781e-02 -9.472294835e-02 1.303040826e+02 -3.222861022e-02 9.983307775e-01 -4.792677022e-02 -3.593136745e+01 9.632196896e-02 -4.462611953e-02 -9.943493288e-01 7.527101869e+02
-9.944529895e-01 -3.457960641e-02 -9.933530349e-02 1.301665399e+02 -3.014306545e-02 9.984947593e-01 -4.582151629e-02 -3.599857209e+01 1.007702699e-01 -4.257307330e-02 -9.939984337e-01 7.514713587e+02
-9.939101735e-01 -3.456193052e-02 -1.046328823e-01 1.300524327e+02 -3.021348393e-02 9.986240055e-01 -4.286304979e-02 -3.606697589e+01 1.059703377e-01 -3.944069735e-02 -9.935867949e-01 7.502623975e+02
-9.933655141e-01 -3.419272258e-02 -1.097989664e-01 1.299316786e+02 -2.974942274e-02 9.986807232e-01 -4.185433111e-02 -3.612528312e+01 1.110852247e-01 -3.831019328e-02 -9.930722038e-01 7.490481085e+02
-9.929876860e-01 -3.128726692e-02 -1.140024662e-01 1.298057466e+02 -2.680005290e-02 9.988126090e-01 -4.068327937e-02 -3.618606047e+01 1.151399694e-01 -3.734272332e-02 -9.926471218e-01 7.478495211e+02
-9.926026075e-01 -2.867163795e-02 -1.179745772e-01 1.296671753e+02 -2.413609029e-02 9.989202505e-01 -3.969612531e-02 -3.624832235e+01 1.189853471e-01 -3.655503244e-02 -9.922228665e-01 7.466142161e+02
-9.923956387e-01 -2.555897274e-02 -1.204061261e-01 1.295383852e+02 -2.088664981e-02 9.989850203e-01 -3.990835750e-02 -3.630806808e+01 1.213039330e-01 -3.708999934e-02 -9.919222186e-01 7.454002741e+02
-9.923902344e-01 -2.469695866e-02 -1.206303567e-01 1.293788514e+02 -1.984222734e-02 9.989505096e-01 -4.128153926e-02 -3.636090657e+01 1.215232848e-01 -3.857382146e-02 -9.918387730e-01 7.441696170e+02
-9.924978843e-01 -2.112495857e-02 -1.204229455e-01 1.292388586e+02 -1.623295625e-02 9.990082543e-01 -4.146081325e-02 -3.641820229e+01 1.211793745e-01 -3.919494903e-02 -9.918564993e-01 7.429632528e+02
-9.925009895e-01 -1.647538963e-02 -1.211212092e-01 1.291085897e+02 -1.176810095e-02 9.991511623e-01 -3.947742012e-02 -3.648882930e+01 1.216688029e-01 -3.775601192e-02 -9.918524013e-01 7.416958744e+02
-9.926408193e-01 -1.247939766e-02 -1.204511041e-01 1.289835209e+02 -8.071308232e-03 9.992821046e-01 -3.701525839e-02 -3.655131723e+01 1.208265610e-01 -3.577065842e-02 -9.920289321e-01 7.404794031e+02
-9.931074546e-01 -3.402506609e-03 -1.171580412e-01 1.288013861e+02 7.462161996e-04 9.993747404e-01 -3.534927682e-02 -3.661034799e+01 1.172050632e-01 -3.519305555e-02 -9.924839656e-01 7.391926418e+02
-9.936772587e-01 2.788660430e-03 -1.122396051e-01 1.286323248e+02 6.777830509e-03 9.993581600e-01 -3.517568935e-02 -3.666165377e+01 1.120694722e-01 -3.571402359e-02 -9.930583779e-01 7.378862829e+02
-9.942013640e-01 7.380465646e-03 -1.072808307e-01 1.285034477e+02 1.118488765e-02 9.993280808e-01 -3.490394290e-02 -3.672223598e+01 1.069511393e-01 -3.590147168e-02 -9.936158906e-01 7.366332970e+02
-9.948277274e-01 1.087002196e-02 -1.009932449e-01 1.283804713e+02 1.450868400e-02 9.992691623e-01 -3.536437905e-02 -3.677949936e+01 1.005350237e-01 -3.664674392e-02 -9.942583795e-01 7.353870488e+02
-9.954417057e-01 1.276456209e-02 -9.451389542e-02 1.282638088e+02 1.599911395e-02 9.993091516e-01 -3.354471379e-02 -3.681207604e+01 9.402041706e-02 -3.490394570e-02 -9.949582281e-01 7.341113905e+02
-9.960387133e-01 1.683343454e-02 -8.731275481e-02 1.281294099e+02 1.954997165e-02 9.993480818e-01 -3.035144289e-02 -3.686195677e+01 8.674491501e-02 -3.193817400e-02 -9.957184706e-01 7.328416088e+02
-9.966281137e-01 1.887024580e-02 -7.985184287e-02 1.279858137e+02 2.127752427e-02 9.993411178e-01 -2.940403455e-02 -3.691010363e+01 7.924436855e-02 -3.100393702e-02 -9.963729653e-01 7.315224834e+02
-9.970390141e-01 2.281930304e-02 -7.343353302e-02 1.278885598e+02 2.493670591e-02 9.992954954e-01 -2.804770322e-02 -3.695380467e+01 7.274176971e-02 -2.979584478e-02 -9.969056337e-01 7.302247744e+02
-9.973487964e-01 2.614469107e-02 -6.791048052e-02 1.278039059e+02 2.798698918e-02 9.992617216e-01 -2.631995751e-02 -3.699675167e+01 6.717221652e-02 -2.815078782e-02 -9.973441866e-01 7.289018512e+02
-9.978307127e-01 2.397419496e-02 -6.131155444e-02 1.277232278e+02 2.563582189e-02 9.993211114e-01 -2.645979684e-02 -3.702900533e+01 6.063557840e-02 -2.797417003e-02 -9.977678951e-01 7.276285801e+02
-9.981007351e-01 2.255634941e-02 -5.732480821e-02 1.277096401e+02 2.427328273e-02 9.992719818e-01 -2.943321412e-02 -3.708893086e+01 5.661916884e-02 -3.076877393e-02 -9.979216163e-01 7.263985198e+02
-9.983707682e-01 2.428339383e-02 -5.163454183e-02 1.276521805e+02 2.586644374e-02 9.992086858e-01 -3.021472093e-02 -3.714148131e+01 5.085996671e-02 -3.150109612e-02 -9.982088683e-01 7.251299938e+02
-9.986633790e-01 2.319554623e-02 -4.618898276e-02 1.276249058e+02 2.450286306e-02 9.993092027e-01 -2.794149438e-02 -3.717923821e+01 4.550895731e-02 -2.903590952e-02 -9.985418623e-01 7.238627816e+02
-9.988354609e-01 2.701274306e-02 -3.997541443e-02 1.275844429e+02 2.805248551e-02 9.992765045e-01 -2.568123048e-02 -3.722716865e+01 3.925277191e-02 -2.677273341e-02 -9.988705825e-01 7.225876853e+02
-9.989795662e-01 3.040813316e-02 -3.339418824e-02 1.275366928e+02 3.122616542e-02 9.992180266e-01 -2.425411184e-02 -3.727304235e+01 3.263055261e-02 -2.527213457e-02 -9.991479201e-01 7.213513151e+02
-9.991074909e-01 3.164083561e-02 -2.798355295e-02 1.274989283e+02 3.231585076e-02 9.991893273e-01 -2.400779229e-02 -3.731902298e+01 2.720124084e-02 -2.489067743e-02 -9.993200422e-01 7.200496866e+02
-9.992025157e-01 3.254078084e-02 -2.313936690e-02 1.274676939e+02 3.306831522e-02 9.991931547e-01 -2.279311671e-02 -3.736604334e+01 2.237899120e-02 -2.354011943e-02 -9.994723826e-01 7.187035147e+02
-9.992427469e-01 3.390690575e-02 -1.908545376e-02 1.274356705e+02 3.434979892e-02 9.991364282e-01 -2.337710846e-02 -3.739962022e+01 1.827632669e-02 -2.401498757e-02 -9.995445244e-01 7.173792057e+02
-9.993085279e-01 3.331536597e-02 -1.650916288e-02 1.274349581e+02 3.370710501e-02 9.991424090e-01 -2.404740243e-02 -3.742235881e+01 1.569385676e-02 -2.458725041e-02 -9.995744945e-01 7.161066032e+02
-9.993262107e-01 3.389881524e-02 -1.407106719e-02 1.274263355e+02 3.421766959e-02 9.991479999e-01 -2.307434382e-02 -3.746301774e+01 1.327688572e-02 -2.354027570e-02 -9.996347231e-01 7.147855221e+02
-9.993382557e-01 3.477210646e-02 -1.067479853e-02 1.274164048e+02 3.500613279e-02 9.991319641e-01 -2.258072227e-02 -3.751101638e+01 9.880353147e-03 -2.293946302e-02 -9.996880312e-01 7.134975465e+02
-9.993388124e-01 3.541514975e-02 -8.228311399e-03 1.274149954e+02 3.561881299e-02 9.990249319e-01 -2.608611829e-02 -3.755261002e+01 7.296444450e-03 -2.636195316e-02 -9.996258347e-01 7.122387988e+02
-9.994317075e-01 3.315726789e-02 -6.071041237e-03 1.274321115e+02 3.332106386e-02 9.990172247e-01 -2.922826562e-02 -3.761227539e+01 5.095945335e-03 -2.941394897e-02 -9.995543262e-01 7.109373358e+02
-9.994841596e-01 3.196441993e-02 -3.112969835e-03 1.274141425e+02 3.204913996e-02 9.989525455e-01 -3.265982969e-02 -3.763501470e+01 2.065756629e-03 -3.274275044e-02 -9.994616776e-01 7.096332640e+02
-9.994935602e-01 3.181527927e-02 -6.411435215e-04 1.274193773e+02 3.181951840e-02 9.989829367e-01 -3.194699316e-02 -3.768892570e+01 -3.759110712e-04 -3.195121481e-02 -9.994893589e-01 7.083927884e+02
-9.994580956e-01 3.287179677e-02 1.720511962e-03 1.274203665e+02 3.280301040e-02 9.989840276e-01 -3.090105412e-02 -3.774163824e+01 -2.734537140e-03 -3.082787073e-02 -9.995209676e-01 7.070668715e+02
-9.994691033e-01 3.232822341e-02 4.049374974e-03 1.274376519e+02 3.218766050e-02 9.990020586e-01 -3.096516353e-02 -3.779568892e+01 -5.046382660e-03 -3.081838432e-02 -9.995122617e-01 7.057580110e+02
-9.994067462e-01 3.383305793e-02 6.440477495e-03 1.274556075e+02 3.359308321e-02 9.988469296e-01 -3.429746387e-02 -3.785020699e+01 -7.593439253e-03 -3.406076127e-02 -9.993909166e-01 7.044593005e+02
-9.994163477e-01 3.300760509e-02 8.801253071e-03 1.274683146e+02 3.268111784e-02 9.988540385e-01 -3.496504532e-02 -3.790003017e+01 -9.945279581e-03 -3.465700310e-02 -9.993497804e-01 7.031540170e+02
-9.994753440e-01 3.063650221e-02 1.050911499e-02 1.274812064e+02 3.025188980e-02 9.989297501e-01 -3.498824871e-02 -3.796315145e+01 -1.156978517e-02 -3.465197132e-02 -9.993324677e-01 7.018134435e+02
-9.995559239e-01 2.773986324e-02 1.088370061e-02 1.275148524e+02 2.736294316e-02 9.990683081e-01 -3.337341881e-02 -3.802400578e+01 -1.179933442e-02 -3.306078839e-02 -9.993836901e-01 7.004825181e+02
-9.995606590e-01 2.748003141e-02 1.110571078e-02 1.275473369e+02 2.710393245e-02 9.990974915e-01 -3.270442357e-02 -3.808502137e+01 -1.199440637e-02 -3.238904674e-02 -9.994033639e-01 6.991749619e+02
-9.995300494e-01 2.795336838e-02 1.258131366e-02 1.275570604e+02 2.754000681e-02 9.991112766e-01 -3.190932318e-02 -3.813492023e+01 -1.346210542e-02 -3.154783792e-02 -9.994115797e-01 6.978435919e+02
-9.994671079e-01 2.964191131e-02 1.366957820e-02 1.275933994e+02 2.918567377e-02 9.990472140e-01 -3.244781570e-02 -3.820540275e+01 -1.461836929e-02 -3.203156866e-02 -9.993799487e-01 6.965571140e+02
-9.994234806e-01 3.007992549e-02 1.574498113e-02 1.276043936e+02 2.956191478e-02 9.990454918e-01 -3.215895827e-02 -3.825237816e+01 -1.669729148e-02 -3.167496622e-02 -9.993587429e-01 6.952161458e+02
-9.993847761e-01 3.013169677e-02 1.794854279e-02 1.276455518e+02 2.956432771e-02 9.990795967e-01 -3.107909303e-02 -3.831107585e+01 -1.886848870e-02 -3.052933583e-02 -9.993557624e-01 6.938966469e+02
-9.993347736e-01 2.957738148e-02 2.133515183e-02 1.276505785e+02 2.891554843e-02 9.991106301e-01 -3.068940898e-02 -3.835789384e+01 -2.222388934e-02 -3.005207596e-02 -9.993012416e-01 6.925312987e+02
-9.993009308e-01 2.917652279e-02 2.337477793e-02 1.277034540e+02 2.842809883e-02 9.990919477e-01 -3.173520467e-02 -3.839981663e+01 -2.427947533e-02 -3.104851907e-02 -9.992229464e-01 6.912036088e+02
-9.992408663e-01 2.856252541e-02 2.649288974e-02 1.277307304e+02 2.767162357e-02 9.990587155e-01 -3.340605163e-02 -3.845354703e+01 -2.742211359e-02 -3.264759070e-02 -9.990906678e-01 6.898674239e+02
-9.992041495e-01 2.763395877e-02 2.876511691e-02 1.277730095e+02 2.662563572e-02 9.990372741e-01 -3.486546393e-02 -3.851463667e+01 -2.970089477e-02 -3.407182671e-02 -9.989779615e-01 6.885323498e+02
-9.991877058e-01 2.576727161e-02 3.098348321e-02 1.278252528e+02 2.465003453e-02 9.990507601e-01 -3.591593713e-02 -3.857249438e+01 -3.187952816e-02 -3.512301890e-02 -9.988744011e-01 6.871897609e+02
-9.991449960e-01 2.482061824e-02 3.306378411e-02 1.278733097e+02 2.363716339e-02 9.990824225e-01 -3.571550898e-02 -3.863313809e+01 -3.391992654e-02 -3.490343801e-02 -9.988148921e-01 6.858201389e+02
-9.990666189e-01 2.471130783e-02 3.542939819e-02 1.279208609e+02 2.351783091e-02 9.991547121e-01 -3.371606383e-02 -3.868838666e+01 -3.623261818e-02 -3.285137130e-02 -9.988032763e-01 6.844634278e+02
-9.989742156e-01 2.560009358e-02 3.735173075e-02 1.279840155e+02 2.453060057e-02 9.992836942e-01 -2.881576305e-02 -3.874778209e+01 -3.806266172e-02 -2.786994390e-02 -9.988866302e-01 6.831197294e+02
-9.988041898e-01 2.824346636e-02 3.990610219e-02 1.280215075e+02 2.708754736e-02 9.992060375e-01 -2.921574023e-02 -3.879838336e+01 -4.069957202e-02 -2.809984531e-02 -9.987762230e-01 6.817324853e+02
-9.986395145e-01 3.056388354e-02 4.224889494e-02 1.280832022e+02 2.892722972e-02 9.988273629e-01 -3.882157272e-02 -3.885127953e+01 -4.338589034e-02 -3.754661304e-02 -9.983526012e-01 6.803912463e+02
-9.984054092e-01 3.437217554e-02 4.477937533e-02 1.280995105e+02 3.236303648e-02 9.984695983e-01 -4.484523547e-02 -3.889497205e+01 -4.625227321e-02 -4.332452912e-02 -9.979898358e-01 6.790428768e+02
-9.983008817e-01 3.454537601e-02 4.692511668e-02 1.281618627e+02 3.262570678e-02 9.986231754e-01 -4.107696210e-02 -3.895490843e+01 -4.827952813e-02 -3.947620239e-02 -9.980534638e-01 6.777231716e+02
-9.981464319e-01 3.550257961e-02 4.942941857e-02 1.282060386e+02 3.367635598e-02 9.987364564e-01 -3.730138955e-02 -3.900401967e+01 -5.069125790e-02 -3.556764619e-02 -9.980808278e-01 6.763217448e+02
-9.979629481e-01 3.775208340e-02 5.142698147e-02 1.282651288e+02 3.591291621e-02 9.986979977e-01 -3.622943262e-02 -3.906381011e+01 -5.272775999e-02 -3.430873851e-02 -9.980193855e-01 6.749762480e+02
-9.978312627e-01 3.821918355e-02 5.359165254e-02 1.283331747e+02 3.628788318e-02 9.986724310e-01 -3.655906391e-02 -3.913383600e+01 -5.491776349e-02 -3.453504927e-02 -9.978934661e-01 6.736581876e+02
-9.978410694e-01 3.535183613e-02 5.534842241e-02 1.284067319e+02 3.342315317e-02 9.988144228e-01 -3.539267816e-02 -3.918845212e+01 -5.653399874e-02 -3.346634903e-02 -9.978396216e-01 6.723538713e+02
-9.978412453e-01 3.309595534e-02 5.672307202e-02 1.284869398e+02 3.113531519e-02 9.988984268e-01 -3.510733754e-02 -3.924570977e+01 -5.782249828e-02 -3.326545868e-02 -9.977725031e-01 6.710297844e+02
-9.977475995e-01 3.270226470e-02 5.856867351e-02 1.285510260e+02 3.070092671e-02 9.989243367e-01 -3.475086631e-02 -3.930227372e+01 -5.964210536e-02 -3.287448089e-02 -9.976783489e-01 6.696884620e+02
-9.977757916e-01 2.948238584e-02 5.978510327e-02 1.286454817e+02 2.751706403e-02 9.990620400e-01 -3.343428513e-02 -3.936010097e+01 -6.071474973e-02 -3.171480980e-02 -9.976511865e-01 6.684015178e+02
-9.977502490e-01 2.672746954e-02 6.148237997e-02 1.287370231e+02 2.501081226e-02 9.992801785e-01 -2.852339770e-02 -3.941508571e+01 -6.220048187e-02 -2.692150290e-02 -9.977005226e-01 6.671255300e+02
-9.977538292e-01 2.494370874e-02 6.216999081e-02 1.288336146e+02 2.310877712e-02 9.992808976e-01 -3.006113995e-02 -3.945877793e+01 -6.287512054e-02 -2.855694504e-02 -9.976127606e-01 6.658525537e+02
-9.977539834e-01 2.278623862e-02 6.299028435e-02 1.289170962e+02 2.080363739e-02 9.992728284e-01 -3.195345223e-02 -3.951414327e+01 -6.367257859e-02 -3.057125721e-02 -9.975024817e-01 6.646021266e+02
-9.976539145e-01 2.394667595e-02 6.413441810e-02 1.289911222e+02 2.165482871e-02 9.991101015e-01 -3.619493687e-02 -3.957083562e+01 -6.494409340e-02 -3.472120061e-02 -9.972846650e-01 6.633248341e+02
-9.976034546e-01 2.481453826e-02 6.458781591e-02 1.290791379e+02 2.251444219e-02 9.990945548e-01 -3.609945173e-02 -3.962943943e+01 -6.542512641e-02 -3.455877911e-02 -9.972588649e-01 6.620419946e+02
-9.975386253e-01 2.591517881e-02 6.515439010e-02 1.291616826e+02 2.351808450e-02 9.990276054e-01 -3.729267268e-02 -3.969089439e+01 -6.605748060e-02 -3.566857498e-02 -9.971780994e-01 6.607647591e+02
-9.975084435e-01 2.798131609e-02 6.476072155e-02 1.292547404e+02 2.571823598e-02 9.990380210e-01 -3.551907793e-02 -3.975531561e+01 -6.569229364e-02 -3.376504862e-02 -9.972684915e-01 6.595055253e+02
-9.973857414e-01 2.955079066e-02 6.594265443e-02 1.293375981e+02 2.730680257e-02 9.990255079e-01 -3.467525150e-02 -3.981384602e+01 -6.690307494e-02 -3.278391838e-02 -9.972207345e-01 6.582427820e+02
-9.973306199e-01 3.157940148e-02 6.583597805e-02 1.294195210e+02 2.954642472e-02 9.990629029e-01 -3.162791072e-02 -3.987222621e+01 -6.677307384e-02 -2.959826603e-02 -9.973290827e-01 6.569650655e+02
-9.972691655e-01 3.257099651e-02 6.628228885e-02 1.294964722e+02 3.052579391e-02 9.990331236e-01 -3.163848752e-02 -3.992549001e+01 -6.724869913e-02 -2.952876856e-02 -9.972991849e-01 6.556943972e+02
-9.972329958e-01 3.387897467e-02 6.617074315e-02 1.295784911e+02 3.175143216e-02 9.989527266e-01 -3.294383889e-02 -3.998090647e+01 -6.721754778e-02 -3.075166729e-02 -9.972643262e-01 6.544580238e+02
-9.972233162e-01 3.381367654e-02 6.634977664e-02 1.296552150e+02 3.158058184e-02 9.989083119e-01 -3.442166815e-02 -4.003297441e+01 -6.744126654e-02 -3.223072551e-02 -9.972025150e-01 6.531943373e+02
-9.973559774e-01 3.111834315e-02 6.567117409e-02 1.297512321e+02 2.902304439e-02 9.990462630e-01 -3.262249628e-02 -4.008271078e+01 -6.662369910e-02 -3.063026426e-02 -9.973079111e-01 6.519913601e+02
-9.974723445e-01 2.765951267e-02 6.545130517e-02 1.298352489e+02 2.571581882e-02 9.992083115e-01 -3.035534373e-02 -4.014104216e+01 -6.623910214e-02 -2.859548197e-02 -9.973939441e-01 6.507294754e+02
-9.976022455e-01 2.506966791e-02 6.450791826e-02 1.299268346e+02 2.327637972e-02 9.993255248e-01 -2.840256524e-02 -4.019754209e+01 -6.517645215e-02 -2.683295206e-02 -9.975129186e-01 6.495127901e+02
-9.976707567e-01 2.440376265e-02 6.369864713e-02 1.300216359e+02 2.273550660e-02 9.993826487e-01 -2.678466440e-02 -4.024909467e+01 -6.431296928e-02 -2.527405539e-02 -9.976096752e-01 6.482852234e+02
-9.977579302e-01 2.157497342e-02 6.335324197e-02 1.301055053e+02 1.990208932e-02 9.994394772e-01 -2.691910715e-02 -4.028978897e+01 -6.389851005e-02 -2.559789076e-02 -9.976280511e-01 6.470359605e+02
-9.977789147e-01 2.053745553e-02 6.336758024e-02 1.301815816e+02 1.882667440e-02 9.994451099e-01 -2.747778507e-02 -4.033831218e+01 -6.389674199e-02 -2.622375376e-02 -9.976119091e-01 6.457846738e+02
-9.978424906e-01 1.923300977e-02 6.277304577e-02 1.302783052e+02 1.750956434e-02 9.994576120e-01 -2.789080414e-02 -4.038501095e+01 -6.327542254e-02 -2.673150078e-02 -9.976380344e-01 6.445853375e+02
-9.978998299e-01 1.840166531e-02 6.210723162e-02 1.303756494e+02 1.671335273e-02 9.994794608e-01 -2.759476853e-02 -4.043502301e+01 -6.258269207e-02 -2.649879475e-02 -9.976879374e-01 6.433582803e+02
-9.978629081e-01 2.045815529e-02 6.205707499e-02 1.304446685e+02 1.872020651e-02 9.994196510e-01 -2.845900670e-02 -4.048203709e+01 -6.260327901e-02 -2.723646592e-02 -9.976667802e-01 6.421085566e+02
-9.978460468e-01 2.164554399e-02 6.192525630e-02 1.305274263e+02 1.993917190e-02 9.994078648e-01 -2.804191940e-02 -4.053481724e+01 -6.249557077e-02 -2.674678009e-02 -9.976867812e-01 6.408732007e+02
-9.978064953e-01 2.402515833e-02 6.168459866e-02 1.306200105e+02 2.230165606e-02 9.993455851e-01 -2.847872364e-02 -4.058164260e+01 -6.232843719e-02 -2.704058672e-02 -9.976893167e-01 6.396656705e+02
-9.977945641e-01 2.474217062e-02 6.159409819e-02 1.306970504e+02 2.301397178e-02 9.993256560e-01 -2.861101943e-02 -4.063756052e+01 -6.226046130e-02 -2.713039482e-02 -9.976911229e-01 6.384383748e+02
-9.978485726e-01 2.240632101e-02 6.161317117e-02 1.307799393e+02 2.068733000e-02 9.993826153e-01 -2.839758036e-02 -4.068360321e+01 -6.221141744e-02 -2.706187302e-02 -9.976960432e-01 6.372147571e+02
-9.979163377e-01 2.029449989e-02 6.124635610e-02 1.308755948e+02 1.869220698e-02 9.994707949e-01 -2.662201162e-02 -4.073088688e+01 -6.175422463e-02 -2.542171078e-02 -9.977675843e-01 6.360016130e+02
-9.978267497e-01 2.440418710e-02 6.120631635e-02 1.309514561e+02 2.267386864e-02 9.993277912e-01 -2.880731672e-02 -4.077018404e+01 -6.186819207e-02 -2.735692723e-02 -9.977093391e-01 6.347628083e+02
-9.977981590e-01 2.676989885e-02 6.068118605e-02 1.310350656e+02 2.480243967e-02 9.991492869e-01 -3.294755492e-02 -4.081862375e+01 -6.151156648e-02 -3.136996819e-02 -9.976132779e-01 6.335642259e+02
-9.975753563e-01 3.290430305e-02 6.132467235e-02 1.311002341e+02 3.086668944e-02 9.989490375e-01 -3.388315119e-02 -4.087282885e+01 -6.237512390e-02 -3.190810701e-02 -9.975425889e-01 6.323507238e+02
-9.973395919e-01 3.825855137e-02 6.204854300e-02 1.311723140e+02 3.613147640e-02 9.987322620e-01 -3.504832700e-02 -4.092423171e+01 -6.331077992e-02 -3.271317868e-02 -9.974575646e-01 6.311181428e+02
-9.973348722e-01 3.950834277e-02 6.133713059e-02 1.312728532e+02 3.734217969e-02 9.986513653e-01 -3.606954580e-02 -4.097887689e+01 -6.267945719e-02 -3.368295370e-02 -9.974651594e-01 6.299199744e+02
-9.972960894e-01 4.055972405e-02 6.128147310e-02 1.313493762e+02 3.859421356e-02 9.987124139e-01 -3.292417031e-02 -4.102792615e+01 -6.253796319e-02 -3.047003604e-02 -9.975773554e-01 6.287073080e+02
-9.972680956e-01 4.055973345e-02 6.173535036e-02 1.314328454e+02 3.890335491e-02 9.988561800e-01 -2.780037281e-02 -4.108904367e+01 -6.279231194e-02 -2.532271261e-02 -9.977053101e-01 6.274500853e+02
-9.971077770e-01 4.365619837e-02 6.221107077e-02 1.315136930e+02 4.210684414e-02 9.987746908e-01 -2.600251451e-02 -4.113230637e+01 -6.327001390e-02 -2.330779758e-02 -9.977242364e-01 6.262312296e+02
-9.969944578e-01 4.375539868e-02 6.393368572e-02 1.315874630e+02 4.223010474e-02 9.987946387e-01 -2.501775413e-02 -4.116592797e+01 -6.495128434e-02 -2.224263597e-02 -9.976405143e-01 6.249912412e+02
-9.969427933e-01 4.308984241e-02 6.517923271e-02 1.316826550e+02 4.147316505e-02 9.988023854e-01 -2.595710794e-02 -4.119956906e+01 -6.621966080e-02 -2.317456262e-02 -9.975359122e-01 6.237695313e+02
-9.968073570e-01 4.255993069e-02 6.755549841e-02 1.317399939e+02 4.083116903e-02 9.988074182e-01 -2.676858074e-02 -4.123818358e+01 -6.861420190e-02 -2.392474824e-02 -9.973563544e-01 6.225237129e+02
-9.968193763e-01 4.065458099e-02 6.854440882e-02 1.318400154e+02 3.886842569e-02 9.988742257e-01 -2.719424203e-02 -4.128902930e+01 -6.957281380e-02 -2.444353412e-02 -9.972773622e-01 6.212582477e+02
-9.967545082e-01 4.049971640e-02 6.957171351e-02 1.319344516e+02 3.875033881e-02 9.989023980e-01 -2.631369605e-02 -4.134402163e+01 -7.056104869e-02 -2.353236769e-02 -9.972298462e-01 6.200359310e+02
-9.966835842e-01 4.106271532e-02 7.025443977e-02 1.320244605e+02 3.931593637e-02 9.988867164e-01 -2.606885050e-02 -4.138571268e+01 -7.124668444e-02 -2.322027627e-02 -9.971884118e-01 6.188170389e+02
-9.966406825e-01 4.113382267e-02 7.081919617e-02 1.321154574e+02 3.945559709e-02 9.989101349e-01 -2.493588234e-02 -4.142114554e+01 -7.176772096e-02 -2.205790113e-02 -9.971774382e-01 6.175750732e+02
-9.966503561e-01 4.200456090e-02 7.016897155e-02 1.322355469e+02 4.048237028e-02 9.989160340e-01 -2.297683142e-02 -4.147462218e+01 -7.105804248e-02 -2.005926093e-02 -9.972704651e-01 6.163417901e+02
-9.966946737e-01 4.227873666e-02 6.937028067e-02 1.323493173e+02 4.078587117e-02 9.989077871e-01 -2.279792875e-02 -4.152149843e+01 -7.025838118e-02 -1.989324682e-02 -9.973304460e-01 6.151236534e+02
-9.968059675e-01 4.113825016e-02 6.845076782e-02 1.324376340e+02 3.954871759e-02 9.989192597e-01 -2.441744267e-02 -4.155970101e+01 -6.938128119e-02 -2.163231248e-02 -9.973556441e-01 6.138740005e+02
-9.967886461e-01 4.270622182e-02 6.773901102e-02 1.325141101e+02 4.112447748e-02 9.988517332e-01 -2.457625859e-02 -4.159887723e+01 -6.871078771e-02 -2.171160409e-02 -9.974003378e-01 6.126103999e+02
-9.969068865e-01 4.117256515e-02 6.694385355e-02 1.325999163e+02 3.972505153e-02 9.989502012e-01 -2.281262168e-02 -4.163366514e+01 -6.781283013e-02 -2.008271162e-02 -9.974959172e-01 6.113480087e+02
-9.969730862e-01 4.077918032e-02 6.619459041e-02 1.326781497e+02 3.942230452e-02 9.989874777e-01 -2.167720777e-02 -4.166438324e+01 -6.701154567e-02 -1.900204943e-02 -9.975712380e-01 6.100661986e+02
-9.972386232e-01 3.758340762e-02 6.405166485e-02 1.327857482e+02 3.625295676e-02 9.991046426e-01 -2.180908732e-02 -4.170531120e+01 -6.481397554e-02 -1.942680198e-02 -9.977082479e-01 6.088336138e+02
-9.974758030e-01 3.370733271e-02 6.249670516e-02 1.328743057e+02 3.221777418e-02 9.991758466e-01 -2.469094198e-02 -4.174511221e+01 -6.327746408e-02 -2.261511245e-02 -9.977397051e-01 6.075907527e+02
-9.976546891e-01 3.072205315e-02 6.116597739e-02 1.329550843e+02 2.908337120e-02 9.991985406e-01 -2.750334573e-02 -4.178208508e+01 -6.196191459e-02 -2.565992900e-02 -9.977486102e-01 6.063332009e+02
-9.977012840e-01 3.052819753e-02 6.049939692e-02 1.330302674e+02 2.885314182e-02 9.991809797e-01 -2.837016178e-02 -4.183147685e+01 -6.131593659e-02 -2.655934916e-02 -9.977649808e-01 6.050645065e+02
-9.977116193e-01 3.014808868e-02 6.051956199e-02 1.330877238e+02 2.856510459e-02 9.992311618e-01 -2.685367949e-02 -4.187943139e+01 -6.128261935e-02 -2.506348043e-02 -9.978057238e-01 6.037818540e+02
-9.976967001e-01 3.290368895e-02 5.931814109e-02 1.331748807e+02 3.149892703e-02 9.992043590e-01 -2.446357632e-02 -4.191882407e+01 -6.007588705e-02 -2.253877157e-02 -9.979393226e-01 6.025301770e+02
-9.976549138e-01 3.433301191e-02 5.921078589e-02 1.332497421e+02 3.300742936e-02 9.991852832e-01 -2.322239290e-02 -4.195461431e+01 -5.995984056e-02 -2.121353855e-02 -9.979753521e-01 6.012634117e+02
-9.976864346e-01 3.482768459e-02 5.838502013e-02 1.333444538e+02 3.358763052e-02 9.991916687e-01 -2.208801060e-02 -4.199719059e+01 -5.910709995e-02 -2.007589406e-02 -9.980497529e-01 6.000135124e+02
-9.976064552e-01 3.593037694e-02 5.907934118e-02 1.334153693e+02 3.475833675e-02 9.991803508e-01 -2.074812431e-02 -4.202771937e+01 -5.977640477e-02 -1.864496311e-02 -9.980376480e-01 5.987370131e+02
-9.976698843e-01 3.643944648e-02 5.767988167e-02 1.335266427e+02 3.543913919e-02 9.992047906e-01 -1.827166706e-02 -4.206379578e+01 -5.829982352e-02 -1.618496660e-02 -9.981679104e-01 5.974410270e+02
-9.975936247e-01 3.840020375e-02 5.772680780e-02 1.336053574e+02 3.741924978e-02 9.991378987e-01 -1.797940869e-02 -4.211027830e+01 -5.836745440e-02 -1.577604964e-02 -9.981705047e-01 5.961324896e+02
-9.974783283e-01 4.081216716e-02 5.806334115e-02 1.336764445e+02 3.975021234e-02 9.990226780e-01 -1.932898025e-02 -4.214980704e+01 -5.879545215e-02 -1.697220877e-02 -9.981257631e-01 5.948623811e+02
-9.973796812e-01 4.349025657e-02 5.781322603e-02 1.337668624e+02 4.233604392e-02 9.988818178e-01 -2.104218413e-02 -4.218880731e+01 -5.866371029e-02 -1.853946362e-02 -9.981056344e-01 5.936256987e+02
-9.972483150e-01 4.644409660e-02 5.778186610e-02 1.338544404e+02 4.528621303e-02 9.987492853e-01 -2.119018865e-02 -4.222623112e+01 -5.869375664e-02 -1.851515803e-02 -9.981043191e-01 5.923546585e+02
-9.970434989e-01 5.034255221e-02 5.805074253e-02 1.339356607e+02 4.921696047e-02 9.985744095e-01 -2.066009536e-02 -4.227224296e+01 -5.900806787e-02 -1.774193267e-02 -9.980998306e-01 5.910903221e+02
-9.967713165e-01 5.376847054e-02 5.963131806e-02 1.339928612e+02 5.267537119e-02 9.984162685e-01 -1.975499906e-02 -4.231011643e+01 -6.059907415e-02 -1.655011461e-02 -9.980249726e-01 5.897853820e+02
-9.966252777e-01 5.552431226e-02 6.045747691e-02 1.340552409e+02 5.444259416e-02 9.983285011e-01 -1.939607747e-02 -4.234944245e+01 -6.143337617e-02 -1.603915922e-02 -9.979823073e-01 5.884929663e+02
-9.964765947e-01 5.807355923e-02 6.051328802e-02 1.341504610e+02 5.690925872e-02 9.981628500e-01 -2.079088910e-02 -4.238894139e+01 -6.160951696e-02 -1.727386801e-02 -9.979508409e-01 5.872178616e+02
-9.963710515e-01 6.002940527e-02 6.034234240e-02 1.342327906e+02 5.876166615e-02 9.980168611e-01 -2.257014690e-02 -4.242601183e+01 -6.157754765e-02 -1.894242442e-02 -9.979225372e-01 5.859375300e+02
-9.962458949e-01 6.156558816e-02 6.085881448e-02 1.343008517e+02 6.021746891e-02 9.979028261e-01 -2.374460016e-02 -4.246204120e+01 -6.219303324e-02 -1.999069666e-02 -9.978639179e-01 5.846137805e+02
-9.963442860e-01 6.033157921e-02 6.048276116e-02 1.343901497e+02 5.902881723e-02 9.979889445e-01 -2.310119910e-02 -4.249748615e+01 -6.175485880e-02 -1.944652187e-02 -9.979018841e-01 5.833296430e+02
-9.963764282e-01 6.054775180e-02 5.973259643e-02 1.344784617e+02 5.932648715e-02 9.979958895e-01 -2.201300687e-02 -4.253933723e+01 -6.094572378e-02 -1.838951604e-02 -9.979716652e-01 5.820379621e+02
-9.965117538e-01 5.889963677e-02 5.911985624e-02 1.345598033e+02 5.768871161e-02 9.980924960e-01 -2.198595168e-02 -4.257865803e+01 -6.030204945e-02 -1.849871093e-02 -9.980087477e-01 5.807428010e+02
-9.966556344e-01 5.738332859e-02 5.817817534e-02 1.346552924e+02 5.622085335e-02 9.981884234e-01 -2.142631707e-02 -4.262774859e+01 -5.930229451e-02 -1.808383297e-02 -9.980762560e-01 5.794756319e+02
-9.967464694e-01 5.554954540e-02 5.840140174e-02 1.347294647e+02 5.447521838e-02 9.983181831e-01 -1.983068219e-02 -4.266472284e+01 -5.940476665e-02 -1.658473334e-02 -9.980961979e-01 5.781722868e+02
-9.968595020e-01 5.388317529e-02 5.803220308e-02 1.348082842e+02 5.281918876e-02 9.984094421e-01 -1.971596314e-02 -4.270678701e+01 -5.900225820e-02 -1.658883131e-02 -9.981200049e-01 5.768696938e+02
-9.970509089e-01 5.100321508e-02 5.734245444e-02 1.348920414e+02 4.972725909e-02 9.984871903e-01 -2.346338448e-02 -4.273547164e+01 -5.845241426e-02 -2.054270574e-02 -9.980788108e-01 5.755666347e+02
-9.971651037e-01 5.009907085e-02 5.614124160e-02 1.349872977e+02 4.878239608e-02 9.985068439e-01 -2.458374681e-02 -4.278094584e+01 -5.728903684e-02 -2.177535015e-02 -9.981201332e-01 5.742476795e+02
-9.971133990e-01 5.094719573e-02 5.629611776e-02 1.350596247e+02 4.956852044e-02 9.984420389e-01 -2.562141306e-02 -4.281863455e+01 -5.751374975e-02 -2.275693900e-02 -9.980853121e-01 5.729453390e+02
-9.969733303e-01 5.360257439e-02 5.631112407e-02 1.351254918e+02 5.203138722e-02 9.982240579e-01 -2.900801495e-02 -4.287389127e+01 -5.776602306e-02 -2.599027137e-02 -9.979917797e-01 5.716252784e+02
-9.968920287e-01 5.474203190e-02 5.665327109e-02 1.352128249e+02 5.304409035e-02 9.981092077e-01 -3.105372759e-02 -4.292344329e+01 -5.824609567e-02 -2.795209227e-02 -9.979108542e-01 5.703528914e+02
-9.968047462e-01 5.515068160e-02 5.778148663e-02 1.352852613e+02 5.363148900e-02 9.981814468e-01 -2.752203961e-02 -4.298869170e+01 -5.919426716e-02 -2.433519255e-02 -9.979498169e-01 5.690154834e+02
-9.968454138e-01 5.385409382e-02 5.830057970e-02 1.353721300e+02 5.249854749e-02 9.983194515e-01 -2.453926027e-02 -4.302518063e+01 -5.952414237e-02 -2.140115331e-02 -9.979974284e-01 5.676967827e+02
-9.968902299e-01 5.287312889e-02 5.843202689e-02 1.354659435e+02 5.152753551e-02 9.983758673e-01 -2.430104290e-02 -4.306340453e+01 -5.962199770e-02 -2.121461390e-02 -9.979955699e-01 5.664025541e+02
-9.969283375e-01 5.144179042e-02 5.905617683e-02 1.355485223e+02 5.009178216e-02 9.984533737e-01 -2.411791874e-02 -4.310428152e+01 -6.020550791e-02 -2.108560749e-02 -9.979632729e-01 5.650752419e+02
-9.968867757e-01 5.149041624e-02 5.971175337e-02 1.356307983e+02 5.013743257e-02 9.984553487e-01 -2.394064695e-02 -4.314600086e+01 -6.085223341e-02 -2.087232034e-02 -9.979285305e-01 5.637439749e+02
-9.969469447e-01 4.949521864e-02 6.039050296e-02 1.357190512e+02 4.811866809e-02 9.985522815e-01 -2.404027599e-02 -4.318885953e+01 -6.149295323e-02 -2.106096913e-02 -9.978852901e-01 5.624265141e+02
-9.969064930e-01 5.042804197e-02 6.028645555e-02 1.358115170e+02 4.904828462e-02 9.985043440e-01 -2.415244921e-02 -4.323490022e+01 -6.141424847e-02 -2.112078621e-02 -9.978888728e-01 5.611287080e+02
-9.969213357e-01 5.050792972e-02 5.997332315e-02 1.358989048e+02 4.891303964e-02 9.984168908e-01 -2.777096969e-02 -4.329188578e+01 -6.128103302e-02 -2.475199467e-02 -9.978135967e-01 5.597966393e+02
-9.968390148e-01 5.128736976e-02 6.067605966e-02 1.359668498e+02 4.954290335e-02 9.983239001e-01 -2.991473152e-02 -4.334618584e+01 -6.210860842e-02 -2.681410334e-02 -9.977091383e-01 5.584719830e+02
-9.968921631e-01 5.011660922e-02 6.078108825e-02 1.360533128e+02 4.835689007e-02 9.983769044e-01 -3.008601003e-02 -4.339333291e+01 -6.219024354e-02 -2.705332322e-02 -9.976975951e-01 5.571798880e+02
-9.968588542e-01 5.023493271e-02 6.122806831e-02 1.361243551e+02 4.860430563e-02 9.984301149e-01 -2.783751403e-02 -4.345950891e+01 -6.253036292e-02 -2.477412460e-02 -9.977355343e-01 5.558258499e+02
-9.968527623e-01 5.012720203e-02 6.141525740e-02 1.362096411e+02 4.855225205e-02 9.984590299e-01 -2.687460738e-02 -4.350914898e+01 -6.266776719e-02 -2.380817755e-02 -9.977504305e-01 5.545090690e+02
-9.968075041e-01 5.014866119e-02 6.212818644e-02 1.362783332e+02 4.856559953e-02 9.984621337e-01 -2.673480917e-02 -4.355664362e+01 -6.337335649e-02 -2.363216578e-02 -9.977100473e-01 5.531107299e+02
-9.967691443e-01 4.989071470e-02 6.294592598e-02 1.363467267e+02 4.832333207e-02 9.984885165e-01 -2.618278029e-02 -4.361528656e+01 -6.415706187e-02 -2.305643062e-02 -9.976734297e-01 5.517844756e+02
-9.968873719e-01 4.787530434e-02 6.263803088e-02 1.364472196e+02 4.630530677e-02 9.985815453e-01 -2.628147452e-02 -4.366004322e+01 -6.380741527e-02 -2.329919683e-02 -9.976902130e-01 5.504663101e+02
-9.968762774e-01 4.750260757e-02 6.309667108e-02 1.365326373e+02 4.601227822e-02 9.986313077e-01 -2.486727855e-02 -4.371223270e+01 -6.419157173e-02 -2.188637849e-02 -9.976975637e-01 5.491343489e+02
-9.968958687e-01 4.702673307e-02 6.314359352e-02 1.366340154e+02 4.563184168e-02 9.986852779e-01 -2.335488776e-02 -4.376429836e+01 -6.415888131e-02 -2.040103266e-02 -9.977311441e-01 5.478173289e+02
-9.969610700e-01 4.551313041e-02 6.322325461e-02 1.367372899e+02 4.412206952e-02 9.987560850e-01 -2.322769236e-02 -4.381107498e+01 -6.420177524e-02 -2.036756420e-02 -9.977290686e-01 5.465217810e+02
-9.969544687e-01 4.481445809e-02 6.382359837e-02 1.368183700e+02 4.341910232e-02 9.987901983e-01 -2.308508835e-02 -4.386342117e+01 -6.478093020e-02 -2.024361865e-02 -9.976941550e-01 5.451748417e+02
-9.969343654e-01 4.379426765e-02 6.483774521e-02 1.368962268e+02 4.229434110e-02 9.988089400e-01 -2.432879088e-02 -4.390433551e+01 -6.582598115e-02 -2.151193799e-02 -9.975992065e-01 5.438321304e+02
-9.969762077e-01 4.179096769e-02 6.551302412e-02 1.369770754e+02 4.023926391e-02 9.988815303e-01 -2.482921605e-02 -4.395280970e+01 -6.647738675e-02 -2.211794179e-02 -9.975427578e-01 5.424881323e+02
-9.970675391e-01 3.945116544e-02 6.557383696e-02 1.370742549e+02 3.790395038e-02 9.989767080e-01 -2.467442714e-02 -4.399749394e+01 -6.648017069e-02 -2.211656289e-02 -9.975426029e-01 5.411565815e+02
-9.971830438e-01 3.697269000e-02 6.526099456e-02 1.371732116e+02 3.545638882e-02 9.990771579e-01 -2.424205042e-02 -4.405459001e+01 -6.609706279e-02 -2.185984243e-02 -9.975737194e-01 5.398368354e+02
-9.972602555e-01 3.529218006e-02 6.501111370e-02 1.372647294e+02 3.371583012e-02 9.991140287e-01 -2.518730648e-02 -4.409690572e+01 -6.584243068e-02 -2.292639603e-02 -9.975666167e-01 5.385013389e+02
-9.973140168e-01 3.505689277e-02 6.430992327e-02 1.373764888e+02 3.346828462e-02 9.991114561e-01 -2.561585719e-02 -4.415242165e+01 -6.515079344e-02 -2.339471062e-02 -9.976011536e-01 5.371996255e+02
-9.972759298e-01 3.659535417e-02 6.404295317e-02 1.374659007e+02 3.515461513e-02 9.991060005e-01 -2.348090410e-02 -4.420353457e+01 -6.484499080e-02 -2.116553510e-02 -9.976708612e-01 5.358735802e+02
-9.972003005e-01 3.904201787e-02 6.377524213e-02 1.375487713e+02 3.775400221e-02 9.990604911e-01 -2.127840133e-02 -4.425173202e+01 -6.454607645e-02 -1.881105756e-02 -9.977374144e-01 5.345122660e+02
-9.970791452e-01 4.285939473e-02 6.321590380e-02 1.376351790e+02 4.163829472e-02 9.989222256e-01 -2.050950134e-02 -4.428793991e+01 -6.402679613e-02 -1.781739363e-02 -9.977891109e-01 5.331723999e+02
-9.969474385e-01 4.637517899e-02 6.281040974e-02 1.377242673e+02 4.512432307e-02 9.987566213e-01 -2.118978024e-02 -4.433608195e+01 -6.371499247e-02 -1.829081991e-02 -9.978005039e-01 5.318499124e+02
-9.967810332e-01 5.024338504e-02 6.247538728e-02 1.378043878e+02 4.886267337e-02 9.985305190e-01 -2.343590588e-02 -4.437748515e+01 -6.356108013e-02 -2.030775204e-02 -9.977713086e-01 5.305153302e+02
-9.967538309e-01 5.088086842e-02 6.239341166e-02 1.378859383e+02 4.944469812e-02 9.984799725e-01 -2.435090172e-02 -4.441588269e+01 -6.353756699e-02 -2.118683117e-02 -9.977545268e-01 5.291977879e+02
-9.968283816e-01 5.030844619e-02 6.166228861e-02 1.379713375e+02 4.890643615e-02 9.985140140e-01 -2.404005730e-02 -4.446161597e+01 -6.278007725e-02 -2.094812863e-02 -9.978075154e-01 5.278688780e+02
-9.969528084e-01 4.845085849e-02 6.113601284e-02 1.380605067e+02 4.693233601e-02 9.985587172e-01 -2.603543869e-02 -4.450400870e+01 -6.230933791e-02 -2.308684783e-02 -9.977898295e-01 5.265552664e+02
-9.971618704e-01 4.465796316e-02 6.061246130e-02 1.381447476e+02 4.304588065e-02 9.986904816e-01 -2.764731601e-02 -4.455275825e+01 -6.176776099e-02 -2.495973257e-02 -9.977784100e-01 5.252317289e+02
-9.972999734e-01 4.225427201e-02 6.006113251e-02 1.382365814e+02 4.061480344e-02 9.987751332e-01 -2.826076861e-02 -4.459865858e+01 -6.118170383e-02 -2.574509269e-02 -9.977945627e-01 5.238959806e+02
-9.974235362e-01 4.028564504e-02 5.935786639e-02 1.383222326e+02 3.874736002e-02 9.988884332e-01 -2.684287876e-02 -4.466072336e+01 -6.037326884e-02 -2.447375844e-02 -9.978757957e-01 5.225500570e+02
-9.974432430e-01 4.032143089e-02 5.900134960e-02 1.384025051e+02 3.885938612e-02 9.989135905e-01 -2.572133010e-02 -4.471152219e+01 -5.997437081e-02 -2.336281068e-02 -9.979264772e-01 5.212075005e+02
-9.974703530e-01 3.959178787e-02 5.903715113e-02 1.384780223e+02 3.814563322e-02 9.989486845e-01 -2.542511198e-02 -4.475923604e+01 -5.998171010e-02 -2.310878591e-02 -9.979319508e-01 5.198794023e+02
-9.974002127e-01 4.107823303e-02 5.920637137e-02 1.385572769e+02 3.957513782e-02 9.988693489e-01 -2.634069549e-02 -4.481696307e+01 -6.022145885e-02 -2.392911497e-02 -9.978981778e-01 5.185672091e+02
-9.972606481e-01 4.296409438e-02 6.021035063e-02 1.386320350e+02 4.138446998e-02 9.987718569e-01 -2.724157806e-02 -4.486701697e+01 -6.130681344e-02 -2.467518034e-02 -9.978139156e-01 5.172482452e+02
-9.971586922e-01 4.357309179e-02 6.144858273e-02 1.387169494e+02 4.202284472e-02 9.987704505e-01 -2.629957552e-02 -4.492798044e+01 -6.251898248e-02 -2.364260608e-02 -9.977637015e-01 5.159226158e+02
-9.970670427e-01 4.458309392e-02 6.220659274e-02 1.388101224e+02 4.307357519e-02 9.987489592e-01 -2.540046552e-02 -4.499767663e+01 -6.326120109e-02 -2.264650669e-02 -9.977400243e-01 5.145956386e+02
-9.970355571e-01 4.441777460e-02 6.282642152e-02 1.389087592e+02 4.292576396e-02 9.987678639e-01 -2.490246674e-02 -4.503739920e+01 -6.385512297e-02 -2.213177266e-02 -9.977137405e-01 5.132604667e+02
-9.969831621e-01 4.469217457e-02 6.346009754e-02 1.389986730e+02 4.317389548e-02 9.987522576e-01 -2.509865999e-02 -4.508536414e+01 -6.450262937e-02 -2.228312178e-02 -9.976687192e-01 5.119173165e+02
-9.969082574e-01 4.463230841e-02 6.466748318e-02 1.390699263e+02 4.292396674e-02 9.986978446e-01 -2.757078574e-02 -4.512422232e+01 -6.581382388e-02 -2.470975907e-02 -9.975259237e-01 5.105688768e+02
-9.966569255e-01 4.776121264e-02 6.628604172e-02 1.391382053e+02 4.607543510e-02 9.985802026e-01 -2.673262511e-02 -4.517778246e+01 -6.746871156e-02 -2.358909774e-02 -9.974424933e-01 5.092177051e+02
-9.964856686e-01 5.008816926e-02 6.713782524e-02 1.392391783e+02 4.832812383e-02 9.984504170e-01 -2.758907807e-02 -4.522020216e+01 -6.841567602e-02 -2.424747578e-02 -9.973621986e-01 5.079033666e+02
-9.963964416e-01 5.161876675e-02 6.730255639e-02 1.393569049e+02 4.998404150e-02 9.984179608e-01 -2.575210880e-02 -4.527970054e+01 -6.852537321e-02 -2.229525580e-02 -9.974002180e-01 5.065929869e+02
-9.963363993e-01 5.272655900e-02 6.733267679e-02 1.394541638e+02 5.098103814e-02 9.983240835e-01 -2.738536174e-02 -4.533853860e+01 -6.866376874e-02 -2.385234294e-02 -9.973546774e-01 5.052683088e+02
-9.962682076e-01 5.330304025e-02 6.788552380e-02 1.395476125e+02 5.135998101e-02 9.982278701e-01 -3.005448001e-02 -4.539335701e+01 -6.936721699e-02 -2.645572371e-02 -9.972403341e-01 5.039427675e+02
-9.962164811e-01 5.329874744e-02 6.864376385e-02 1.396472906e+02 5.124503537e-02 9.981942188e-01 -3.134083314e-02 -4.544833591e+01 -7.019023538e-02 -2.770460239e-02 -9.971488283e-01 5.026291813e+02
-9.962253036e-01 5.261869523e-02 6.903924582e-02 1.397467446e+02 5.060551609e-02 9.982500432e-01 -3.059302187e-02 -4.550141595e+01 -7.052819502e-02 -2.698377583e-02 -9.971447485e-01 5.012898558e+02
-9.962224875e-01 5.205558462e-02 6.950519096e-02 1.398444541e+02 5.008075979e-02 9.982986940e-01 -2.986025954e-02 -4.555620963e+01 -7.094133463e-02 -2.626658926e-02 -9.971345914e-01 4.999707906e+02
-9.961697297e-01 5.221056855e-02 7.014218480e-02 1.399526014e+02 5.023935445e-02 9.982990556e-01 -2.958044640e-02 -4.561356835e+01 -7.156728877e-02 -2.594324721e-02 -9.970983257e-01 4.986810308e+02
-9.961728842e-01 5.078880293e-02 7.113425516e-02 1.400393779e+02 4.882077278e-02 9.983824425e-01 -2.913812897e-02 -4.567136725e+01 -7.249908211e-02 -2.555378467e-02 -9.970410659e-01 4.973652067e+02
-9.962454559e-01 4.837231850e-02 7.179909799e-02 1.401385493e+02 4.644428416e-02 9.985203490e-01 -2.828499759e-02 -4.571627630e+01 -7.306107130e-02 -2.484414261e-02 -9.970179780e-01 4.960081066e+02
-9.962784956e-01 4.643030975e-02 7.261808023e-02 1.402381764e+02 4.453449610e-02 9.986289362e-01 -2.751229514e-02 -4.577257344e+01 -7.379592060e-02 -2.417589840e-02 -9.969802847e-01 4.946411536e+02
-9.964093389e-01 4.393838817e-02 7.237297403e-02 1.403566875e+02 4.199228635e-02 9.987199928e-01 -2.819616666e-02 -4.582365972e+01 -7.351923022e-02 -2.505581713e-02 -9.969790012e-01 4.933131456e+02
-9.965101678e-01 4.200876927e-02 7.213008207e-02 1.404693893e+02 3.985321208e-02 9.987224208e-01 -3.106843391e-02 -4.588559987e+01 -7.334307685e-02 -2.808539483e-02 -9.969112316e-01 4.920103137e+02
-9.966449428e-01 4.061022403e-02 7.106101372e-02 1.405690134e+02 3.841727914e-02 9.987505608e-01 -3.195981780e-02 -4.594066943e+01 -7.227012267e-02 -2.912261998e-02 -9.969598299e-01 4.906594270e+02
-9.967352581e-01 3.935828112e-02 7.049646037e-02 1.406677116e+02 3.743363555e-02 9.988949612e-01 -2.841794175e-02 -4.600050984e+01 -7.153704038e-02 -2.568622570e-02 -9.971071505e-01 4.893106229e+02
-9.966025074e-01 4.470402573e-02 6.917363956e-02 1.407699430e+02 4.304082087e-02 9.987516253e-01 -2.535110723e-02 -4.606388083e+01 -7.022058149e-02 -2.228768680e-02 -9.972824720e-01 4.879991806e+02
-9.966235413e-01 4.581239802e-02 6.813766317e-02 1.408778883e+02 4.405757069e-02 9.986630328e-01 -2.703844167e-02 -4.612774539e+01 -6.928526121e-02 -2.394516758e-02 -9.973094713e-01 4.866966153e+02
-9.964345892e-01 4.977409195e-02 6.812231045e-02 1.409429103e+02 4.780008534e-02 9.983970059e-01 -3.030792644e-02 -4.617962290e+01 -6.952166031e-02 -2.694361398e-02 -9.972165163e-01 4.853346118e+02
-9.964541094e-01 5.062799668e-02 6.720129305e-02 1.410331154e+02 4.880360799e-02 9.984011669e-01 -2.851872539e-02 -4.623276580e+01 -6.853769533e-02 -2.513793554e-02 -9.973317745e-01 4.840112671e+02
-9.964086846e-01 5.397742608e-02 6.523933419e-02 1.411615496e+02 5.239501087e-02 9.982949353e-01 -2.572906714e-02 -4.629858740e+01 -6.651688573e-02 -2.221845032e-02 -9.975378912e-01 4.826915908e+02
-9.964764547e-01 5.374162236e-02 6.439342550e-02 1.412482053e+02 5.216387383e-02 9.983016169e-01 -2.593861761e-02 -4.635432513e+01 -6.567804419e-02 -2.248821119e-02 -9.975874272e-01 4.813007587e+02
-9.964884938e-01 5.391455735e-02 6.406170610e-02 1.413254565e+02 5.231129778e-02 9.982805605e-01 -2.644712887e-02 -4.640662638e+01 -6.537744112e-02 -2.300310863e-02 -9.975954326e-01 4.799731538e+02
-9.965702743e-01 5.359053141e-02 6.305349496e-02 1.414172051e+02 5.207527933e-02 9.983191944e-01 -2.543523935e-02 -4.645636090e+01 -6.431060229e-02 -2.206447509e-02 -9.976859753e-01 4.786308467e+02
-9.967969987e-01 5.015791304e-02 6.228906158e-02 1.415051555e+02 4.879532390e-02 9.985391347e-01 -2.320803426e-02 -4.650391342e+01 -6.336213222e-02 -2.009428396e-02 -9.977882841e-01 4.773281607e+02
-9.969576349e-01 4.763006457e-02 6.169968561e-02 1.415921996e+02 4.637889585e-02 9.986913331e-01 -2.155502649e-02 -4.655126658e+01 -6.264560858e-02 -1.862788494e-02 -9.978619792e-01 4.760090079e+02
-9.971290892e-01 4.523701791e-02 6.072225020e-02 1.416791445e+02 4.388460862e-02 9.987619490e-01 -2.342456601e-02 -4.658056412e+01 -6.170673047e-02 -2.069254399e-02 -9.978798014e-01 4.746500918e+02
-9.974234672e-01 4.067556502e-02 5.909251712e-02 1.417847221e+02 3.905215297e-02 9.988342799e-01 -2.837271045e-02 -4.663519421e+01 -6.017770781e-02 -2.599191721e-02 -9.978492189e-01 4.733402389e+02
-9.976316845e-01 3.684375910e-02 5.808235173e-02 1.418702247e+02 3.500465539e-02 9.988627925e-01 -3.236967391e-02 -4.668490525e+01 -5.920892052e-02 -3.025985960e-02 -9.977868733e-01 4.720337600e+02
-9.978229195e-01 3.346199878e-02 5.683059023e-02 1.419638956e+02 3.164389337e-02 9.989675500e-01 -3.259598161e-02 -4.673790115e+01 -5.786264218e-02 -3.072667640e-02 -9.978515852e-01 4.706938228e+02
-9.978811246e-01 3.251290965e-02 5.635753520e-02 1.420433209e+02 3.065451701e-02 9.989674239e-01 -3.353187255e-02 -4.679826247e+01 -5.738956050e-02 -3.173320967e-02 -9.978474040e-01 4.693487147e+02
-9.978380126e-01 3.408111265e-02 5.619411360e-02 1.421110489e+02 3.215891348e-02 9.988780320e-01 -3.476322153e-02 -4.685498106e+01 -5.731583487e-02 -3.288092225e-02 -9.978144818e-01 4.679964167e+02
-9.977937369e-01 3.684391076e-02 5.522847827e-02 1.422049142e+02 3.486146722e-02 9.987276244e-01 -3.643913210e-02 -4.691022235e+01 -5.650076704e-02 -3.443339201e-02 -9.978086013e-01 4.666656307e+02
-9.976111098e-01 4.118032746e-02 5.546399093e-02 1.422809040e+02 3.912332596e-02 9.985238439e-01 -3.767623306e-02 -4.696498110e+01 -5.693363704e-02 -3.541629288e-02 -9.977495914e-01 4.653572255e+02
-9.973715488e-01 4.617944560e-02 5.583415060e-02 1.423496917e+02 4.423643500e-02 9.983883965e-01 -3.554922797e-02 -4.701201302e+01 -5.738581172e-02 -3.298588479e-02 -9.978069954e-01 4.640308545e+02
-9.971898946e-01 4.864725949e-02 5.697155635e-02 1.424026073e+02 4.679402881e-02 9.983452035e-01 -3.342414424e-02 -4.707258294e+01 -5.850327304e-02 -3.066429022e-02 -9.978161496e-01 4.626883513e+02
-9.971257389e-01 4.947930377e-02 5.737647060e-02 1.424696961e+02 4.749422679e-02 9.982418808e-01 -3.546048168e-02 -4.712744050e+01 -5.903015588e-02 -3.263350789e-02 -9.977226543e-01 4.613486644e+02
-9.972851632e-01 4.783586212e-02 5.598243933e-02 1.425672610e+02 4.560506208e-02 9.981394479e-01 -4.046999833e-02 -4.719075947e+01 -5.781419834e-02 -3.780704627e-02 -9.976112197e-01 4.600617842e+02
-9.975221199e-01 4.288359269e-02 5.577291258e-02 1.426399375e+02 4.046118286e-02 9.982179710e-01 -4.386086126e-02 -4.725612988e+01 -5.755443494e-02 -4.149554129e-02 -9.974796274e-01 4.587115037e+02
-9.975526645e-01 4.223050326e-02 5.572491532e-02 1.427324176e+02 3.975137063e-02 9.982015647e-01 -4.487164730e-02 -4.733733876e+01 -5.751964991e-02 -4.254668956e-02 -9.974373510e-01 4.574231565e+02
-9.975741544e-01 4.161569304e-02 5.580269289e-02 1.428284879e+02 3.913691683e-02 9.982290185e-01 -4.480098675e-02 -4.740978885e+01 -5.756829147e-02 -4.250836112e-02 -9.974361789e-01 4.561442511e+02
-9.975017628e-01 4.288333505e-02 5.613602093e-02 1.429238088e+02 4.040628949e-02 9.981900622e-01 -4.454134512e-02 -4.749613461e+01 -5.794449965e-02 -4.216182196e-02 -9.974291031e-01 4.548515024e+02
-9.973577041e-01 4.324081551e-02 5.837672459e-02 1.429800544e+02 4.068679277e-02 9.981915058e-01 -4.425271445e-02 -4.757269816e+01 -6.018467408e-02 -4.176062399e-02 -9.973133185e-01 4.534777323e+02
-9.973240716e-01 4.242633062e-02 5.953740611e-02 1.430759097e+02 3.983248146e-02 9.982328213e-01 -4.409770754e-02 -4.764382339e+01 -6.130309680e-02 -4.160818260e-02 -9.972515678e-01 4.521611933e+02
-9.972088228e-01 4.230708286e-02 6.151970723e-02 1.431474880e+02 3.964120226e-02 9.982479437e-01 -4.392741691e-02 -4.771849984e+01 -6.327036210e-02 -4.136609255e-02 -9.971387605e-01 4.508278594e+02
-9.972153034e-01 4.067007193e-02 6.251066996e-02 1.432400206e+02 3.784749211e-02 9.982382887e-01 -4.569339401e-02 -4.778233063e+01 -6.425889783e-02 -4.320027968e-02 -9.969977582e-01 4.494873803e+02
-9.972908301e-01 3.882512334e-02 6.247887616e-02 1.433577332e+02 3.588786900e-02 9.982279067e-01 -4.746690587e-02 -4.785056792e+01 -6.421106624e-02 -4.509607624e-02 -9.969168887e-01 4.481846008e+02
-9.973296892e-01 3.732579076e-02 6.277162131e-02 1.434651521e+02 3.425261808e-02 9.981944584e-01 -4.934147757e-02 -4.792418085e+01 -6.449999420e-02 -4.705962812e-02 -9.968074750e-01 4.468542821e+02
-9.973652927e-01 3.519843890e-02 6.343140262e-02 1.435622211e+02 3.210413926e-02 9.982749169e-01 -4.915805573e-02 -4.801158580e+01 -6.505226500e-02 -4.699212806e-02 -9.967747703e-01 4.455127758e+02
-9.973719349e-01 3.420817348e-02 6.386724041e-02 1.436603782e+02 3.114254268e-02 9.983427145e-01 -4.839386677e-02 -4.809785667e+01 -6.541685995e-02 -4.627769628e-02 -9.967843344e-01 4.441992663e+02
-9.973966275e-01 3.165784989e-02 6.479002931e-02 1.437415116e+02 2.859517161e-02 9.984540143e-01 -4.766442629e-02 -4.817130453e+01 -6.619881811e-02 -4.568765603e-02 -9.967599283e-01 4.428642918e+02
-9.974865365e-01 2.882335231e-02 6.472884837e-02 1.438391506e+02 2.572613457e-02 9.985071527e-01 -4.818331637e-02 -4.825890558e+01 -6.602102279e-02 -4.639698630e-02 -9.967389549e-01 4.415097971e+02
-9.975520464e-01 2.587101058e-02 6.496618715e-02 1.439320437e+02 2.262671992e-02 9.984835072e-01 -5.018682427e-02 -4.833315970e+01 -6.616605026e-02 -4.859399753e-02 -9.966246421e-01 4.401392366e+02
-9.975679153e-01 2.462537564e-02 6.520617422e-02 1.440354844e+02 2.135500169e-02 9.985015368e-01 -5.038496648e-02 -4.841616371e+01 -6.634921389e-02 -4.886994802e-02 -9.965989715e-01 4.388252646e+02
-9.975612143e-01 2.340829947e-02 6.575465875e-02 1.441316758e+02 1.996792079e-02 9.984212689e-01 -5.250001765e-02 -4.849788860e+01 -6.687978596e-02 -5.105899754e-02 -9.964537486e-01 4.374948149e+02
-9.975371664e-01 2.195095635e-02 6.661649313e-02 1.442146245e+02 1.830777762e-02 9.983286759e-01 -5.481496247e-02 -4.858772766e+01 -6.770839623e-02 -5.346036240e-02 -9.962718317e-01 4.361812856e+02
-9.975629273e-01 2.142478302e-02 6.640169173e-02 1.443328036e+02 1.773875586e-02 9.982948715e-01 -5.561192340e-02 -4.867950045e+01 -6.747994171e-02 -5.429850971e-02 -9.962420034e-01 4.349197769e+02
-9.975804533e-01 1.889574558e-02 6.690433430e-02 1.444279396e+02 1.520821790e-02 9.983593212e-01 -5.520304275e-02 -4.875982179e+01 -6.783766842e-02 -5.405198072e-02 -9.962311148e-01 4.336180018e+02
-9.975902693e-01 1.799585627e-02 6.700599783e-02 1.445369010e+02 1.423982646e-02 9.983226621e-01 -5.611674994e-02 -4.884286763e+01 -6.790347509e-02 -5.502736990e-02 -9.961732312e-01 4.323168179e+02
-9.975584634e-01 1.720342459e-02 6.768422474e-02 1.446329165e+02 1.331599400e-02 9.982582838e-01 -5.747245560e-02 -4.892236920e+01 -6.855506108e-02 -5.643085177e-02 -9.960500804e-01 4.310110453e+02
-9.975611515e-01 1.613181484e-02 6.790812570e-02 1.447465171e+02 1.217461719e-02 9.982255390e-01 -5.828852402e-02 -4.900910845e+01 -6.872792505e-02 -5.731961170e-02 -9.959874168e-01 4.297425966e+02
-9.975280834e-01 1.624795471e-02 6.836466008e-02 1.448462787e+02 1.220985188e-02 9.981788287e-01 -5.907575999e-02 -4.909021694e+01 -6.920001660e-02 -5.809500726e-02 -9.959097990e-01 4.284419290e+02
-9.974613034e-01 1.681674023e-02 6.919642633e-02 1.449410240e+02 1.274702245e-02 9.981859917e-01 -5.884079728e-02 -4.918394774e+01 -7.006041384e-02 -5.780936995e-02 -9.958662637e-01 4.271617909e+02
-9.974118158e-01 1.686784397e-02 6.989381560e-02 1.450351313e+02 1.283917272e-02 9.982517847e-01 -5.769341302e-02 -4.928093061e+01 -7.074478966e-02 -5.664671307e-02 -9.958846944e-01 4.258727948e+02
-9.972881842e-01 1.846143091e-02 7.124221455e-02 1.451191393e+02 1.433095502e-02 9.982102493e-01 -5.805964151e-02 -4.937643983e+01 -7.218657280e-02 -5.688122549e-02 -9.957678569e-01 4.245676263e+02
-9.971864169e-01 1.887767868e-02 7.254573189e-02 1.452129696e+02 1.441191888e-02 9.979971323e-01 -6.159562155e-02 -4.946831813e+01 -7.356321473e-02 -6.037679395e-02 -9.954612480e-01 4.233004861e+02
-9.970395524e-01 1.971089229e-02 7.432100442e-02 1.452949924e+02 1.493148944e-02 9.978173885e-01 -6.432347844e-02 -4.954996564e+01 -7.542666370e-02 -6.302332886e-02 -9.951577154e-01 4.220550777e+02
-9.969521051e-01 2.042945422e-02 7.529367533e-02 1.454027909e+02 1.561617398e-02 9.978296311e-01 -6.397001108e-02 -4.963023439e+01 -7.643713270e-02 -6.259923808e-02 -9.951073812e-01 4.207672131e+02
-9.968042128e-01 2.056543227e-02 7.719083021e-02 1.454981804e+02 1.582153032e-02 9.979771820e-01 -6.157291035e-02 -4.972397732e+01 -7.830096073e-02 -6.015485938e-02 -9.951132360e-01 4.194966205e+02
-9.966052809e-01 2.205434224e-02 7.931910337e-02 1.455873389e+02 1.709828460e-02 9.978904814e-01 -6.262775624e-02 -4.981978797e+01 -8.053299221e-02 -6.105893199e-02 -9.948800149e-01 4.181989919e+02
-9.964507189e-01 2.290220959e-02 8.100279952e-02 1.457000543e+02 1.764102083e-02 9.977240911e-01 -6.508019957e-02 -4.989769253e+01 -8.230892490e-02 -6.342023958e-02 -9.945869063e-01 4.169078829e+02
-9.962792766e-01 2.280201832e-02 8.311239967e-02 1.458047175e+02 1.735876578e-02 9.976925845e-01 -6.563672810e-02 -4.998929332e+01 -8.441727471e-02 -6.394978331e-02 -9.943762613e-01 4.156276177e+02
-9.961241843e-01 2.172933107e-02 8.523171679e-02 1.459158002e+02 1.614878692e-02 9.977135817e-01 -6.562640928e-02 -5.007870928e+01 -8.646285940e-02 -6.399566459e-02 -9.941975301e-01 4.143752726e+02
-9.960129670e-01 2.016539471e-02 8.689951941e-02 1.460556797e+02 1.457370281e-02 9.978108125e-01 -6.450728325e-02 -5.017415443e+01 -8.801009490e-02 -6.298364281e-02 -9.941263923e-01 4.130952259e+02
-9.958147521e-01 1.828107389e-02 8.954765139e-02 1.461634778e+02 1.275688769e-02 9.980021746e-01 -6.187827885e-02 -5.027442844e+01 -9.049995220e-02 -6.047695358e-02 -9.940584976e-01 4.117658303e+02
-9.957194103e-01 1.519995169e-02 9.116916971e-02 1.462897878e+02 9.874898556e-03 9.982340102e-01 -5.857770317e-02 -5.036653467e+01 -9.189854414e-02 -5.742666975e-02 -9.941110779e-01 4.104931039e+02
-9.956200626e-01 1.185362807e-02 9.273716910e-02 1.464348305e+02 6.365181487e-03 9.982225115e-01 -5.925624043e-02 -5.044848378e+01 -9.327473129e-02 -5.840641289e-02 -9.939258098e-01 4.092154519e+02
-9.953974681e-01 1.121495828e-02 9.517407863e-02 1.465668439e+02 5.313529820e-03 9.980598296e-01 -6.203501317e-02 -5.053338947e+01 -9.568514478e-02 -6.124378474e-02 -9.935258184e-01 4.079579444e+02
-9.951321178e-01 1.077769237e-02 9.795871314e-02 1.466906149e+02 4.420920213e-03 9.978833343e-01 -6.487916900e-02 -5.061587421e+01 -9.845061502e-02 -6.413027720e-02 -9.930734031e-01 4.066765391e+02
-9.948280297e-01 1.129792707e-02 1.009432914e-01 1.468230114e+02 4.783079206e-03 9.979030081e-01 -6.455004640e-02 -5.071168579e+01 -1.014608959e-01 -6.373337572e-02 -9.927959223e-01 4.053846580e+02
-9.945056026e-01 1.327832931e-02 1.038378181e-01 1.469614289e+02 6.585345752e-03 9.978937001e-01 -6.453523432e-02 -5.080570709e+01 -1.044760246e-01 -6.349684416e-02 -9.924983179e-01 4.041235922e+02
-9.941260700e-01 1.449555878e-02 1.072531384e-01 1.470842440e+02 7.419740983e-03 9.977867223e-01 -6.608028673e-02 -5.090151106e+01 -1.079736281e-01 -6.489634524e-02 -9.920333462e-01 4.028317099e+02
-9.938369145e-01 1.468854212e-02 1.098746294e-01 1.472412677e+02 7.188292783e-03 9.976355758e-01 -6.834900371e-02 -5.100259404e+01 -1.106187864e-01 -6.713795195e-02 -9.915926480e-01 4.015715336e+02
-9.935005263e-01 1.410632199e-02 1.129500596e-01 1.474140411e+02 6.218475252e-03 9.975356808e-01 -6.988487746e-02 -5.109058754e+01 -1.136575331e-01 -6.872828538e-02 -9.911399437e-01 4.003612347e+02
-9.930244490e-01 9.738540892e-03 1.175057638e-01 1.475691310e+02 1.165417397e-03 9.973452698e-01 -7.280834106e-02 -5.120717801e+01 -1.179028647e-01 -7.216351951e-02 -9.903995865e-01 3.990929588e+02
-9.924544414e-01 7.358581829e-03 1.223929452e-01 1.477255130e+02 -1.345676152e-03 9.974837238e-01 -7.088307143e-02 -5.130297886e+01 -1.226065696e-01 -7.051292033e-02 -9.899472497e-01 3.978650408e+02
-9.919660633e-01 2.653944354e-03 1.264764242e-01 1.479067574e+02 -5.308049447e-03 9.980262239e-01 -6.257380396e-02 -5.140864294e+01 -1.263928555e-01 -6.274243309e-02 -9.899940571e-01 3.965881245e+02
-9.915253184e-01 6.234186525e-05 1.299135829e-01 1.481096481e+02 -8.084068243e-03 9.980323311e-01 -6.217808296e-02 -5.149667646e+01 -1.296618323e-01 -6.270137377e-02 -9.895738209e-01 3.953346137e+02
-9.909948461e-01 9.361846435e-04 1.338967456e-01 1.482806506e+02 -7.858112764e-03 9.978454458e-01 -6.513613752e-02 -5.158504284e+01 -1.336692372e-01 -6.560175230e-02 -9.888523374e-01 3.940850467e+02
-9.902743779e-01 2.971411338e-03 1.390964669e-01 1.484285459e+02 -7.038823819e-03 9.974215737e-01 -7.141889993e-02 -5.168879931e+01 -1.389500319e-01 -7.170338223e-02 -9.877001132e-01 3.928321048e+02
-9.895918227e-01 4.436584099e-03 1.438344227e-01 1.485927082e+02 -6.493787473e-03 9.971296293e-01 -7.543429616e-02 -5.177452824e+01 -1.437562352e-01 -7.558319280e-02 -9.867225171e-01 3.916223236e+02
-9.889436735e-01 5.513722128e-03 1.481891005e-01 1.487752433e+02 -5.589478899e-03 9.972124305e-01 -7.440514856e-02 -5.188567962e+01 -1.481862624e-01 -7.441080079e-02 -9.861561055e-01 3.903633272e+02
-9.884302468e-01 4.585102623e-03 1.516068076e-01 1.489856066e+02 -6.097840032e-03 9.975336242e-01 -6.992485189e-02 -5.198020050e+01 -1.515535008e-01 -7.004031267e-02 -9.859644471e-01 3.890845494e+02
-9.879128028e-01 3.137020731e-03 1.549788795e-01 1.491883857e+02 -7.211834295e-03 9.977823974e-01 -6.616854844e-02 -5.209888324e+01 -1.548427701e-01 -6.648643815e-02 -9.856993812e-01 3.878499624e+02
-9.873572147e-01 3.403801023e-03 1.584744295e-01 1.493881843e+02 -7.222537475e-03 9.977649635e-01 -6.642975728e-02 -5.218837303e+01 -1.583463470e-01 -6.673448762e-02 -9.851258511e-01 3.866027459e+02
-9.867687655e-01 4.577973343e-03 1.620692620e-01 1.496123116e+02 -6.586638539e-03 9.976442060e-01 -6.828363148e-02 -5.228069928e+01 -1.620000608e-01 -6.844764639e-02 -9.844139881e-01 3.853846113e+02
-9.860691470e-01 5.656517342e-03 1.662397100e-01 1.498257743e+02 -5.960830395e-03 9.975779744e-01 -6.930117993e-02 -5.238340351e+01 -1.662290765e-01 -6.932668209e-02 -9.836471447e-01 3.841081006e+02
-9.855226889e-01 5.001077514e-03 1.694698169e-01 1.500510864e+02 -6.784979068e-03 9.976007594e-01 -6.889621852e-02 -5.249912498e+01 -1.694077734e-01 -6.904863569e-02 -9.831242507e-01 3.828504843e+02
-9.847822959e-01 5.063870400e-03 1.737187007e-01 1.502612309e+02 -7.316494493e-03 9.974812423e-01 -7.055239267e-02 -5.260243728e+01 -1.736384135e-01 -7.074975915e-02 -9.822648181e-01 3.816062438e+02
-9.841444713e-01 2.810962361e-03 1.773464352e-01 1.504977295e+02 -1.005880180e-02 9.973807176e-01 -7.162768073e-02 -5.270261025e+01 -1.770832575e-01 -7.227587862e-02 -9.815384441e-01 3.803180697e+02
-9.833709255e-01 8.245198593e-04 1.816065612e-01 1.507193729e+02 -1.257723704e-02 9.972795351e-01 -7.263154988e-02 -5.280581848e+01 -1.811723931e-01 -7.370786319e-02 -9.806853292e-01 3.790697749e+02
-9.826564519e-01 -1.370989197e-03 1.854303585e-01 1.509500496e+02 -1.486189244e-02 9.973381686e-01 -7.138418299e-02 -5.291760351e+01 -1.848389072e-01 -7.290197402e-02 -9.800611617e-01 3.778666356e+02
-9.821225315e-01 -6.469722523e-03 1.881315384e-01 1.512034244e+02 -2.019670022e-02 9.972618674e-01 -7.113972968e-02 -5.302350712e+01 -1.871561550e-01 -7.366756769e-02 -9.795640169e-01 3.766505586e+02
-9.815118082e-01 -9.085019716e-03 1.911858590e-01 1.514532096e+02 -2.321780758e-02 9.971479160e-01 -7.181202572e-02 -5.313372538e+01 -1.899881672e-01 -7.492326770e-02 -9.789233884e-01 3.754367653e+02
-9.810555856e-01 -8.073730651e-03 1.935581383e-01 1.517086633e+02 -2.292615101e-02 9.969486900e-01 -7.461702947e-02 -5.324885150e+01 -1.923650946e-01 -7.764099665e-02 -9.782471804e-01 3.742802032e+02
-9.805280906e-01 -6.052596923e-03 1.962855816e-01 1.519634651e+02 -2.180879316e-02 9.966983254e-01 -7.821013122e-02 -5.334609189e+01 -1.951641361e-01 -8.096798228e-02 -9.774227058e-01 3.731186398e+02
-9.799650092e-01 -2.907785802e-03 1.991485013e-01 1.522239829e+02 -1.892190325e-02 9.967300267e-01 -7.855708465e-02 -5.345461058e+01 -1.982688638e-01 -8.075146285e-02 -9.768155706e-01 3.719234434e+02
-9.792237940e-01 4.006699995e-04 2.027821510e-01 1.524780447e+02 -1.569017752e-02 9.968504567e-01 -7.773664083e-02 -5.355885980e+01 -2.021746265e-01 -7.930325631e-02 -9.761333997e-01 3.707441375e+02
-9.787574724e-01 1.666067291e-03 2.050147177e-01 1.527491301e+02 -1.450602267e-02 9.968981302e-01 -7.735433645e-02 -5.367961644e+01 -2.045076663e-01 -7.868508297e-02 -9.756973261e-01 3.696074562e+02
-9.782736570e-01 9.765525008e-04 2.073154563e-01 1.530149480e+02 -1.561494500e-02 9.968013599e-01 -7.837871091e-02 -5.377976122e+01 -2.067288697e-01 -7.991304760e-02 -9.751292628e-01 3.684392558e+02
-9.776515517e-01 -9.081770232e-04 2.102299185e-01 1.532772658e+02 -1.781115884e-02 9.967531816e-01 -7.852297550e-02 -5.387927562e+01 -2.094760274e-01 -8.051254731e-02 -9.744934703e-01 3.672619398e+02
-9.771184590e-01 -2.060716172e-03 2.126858492e-01 1.535476145e+02 -1.876109568e-02 9.968905195e-01 -7.653308646e-02 -5.398937757e+01 -2.118667938e-01 -7.877211107e-02 -9.741187896e-01 3.661051797e+02
-9.766548506e-01 -2.291142956e-03 2.148023592e-01 1.538286320e+02 -1.877775729e-02 9.970259876e-01 -7.474340006e-02 -5.409811362e+01 -2.139922865e-01 -7.703201078e-02 -9.737932895e-01 3.649983008e+02
-9.760720953e-01 -4.174554670e-04 2.174467534e-01 1.540932648e+02 -1.696656227e-02 9.970956867e-01 -7.424504938e-02 -5.420238594e+01 -2.167842259e-01 -7.615784479e-02 -9.732443589e-01 3.638438047e+02
-9.757248463e-01 -1.411329131e-03 2.189955079e-01 1.543716057e+02 -1.841918989e-02 9.969649888e-01 -7.564089169e-02 -5.429778953e+01 -2.182240999e-01 -7.783841726e-02 -9.727895060e-01 3.627016689e+02
-9.751733415e-01 -3.466947307e-04 2.214426195e-01 1.546359678e+02 -1.798975439e-02 9.968174758e-01 -7.766137146e-02 -5.439862382e+01 -2.207109483e-01 -7.971699745e-02 -9.720760658e-01 3.615622426e+02
-9.746505358e-01 8.695234376e-04 2.237310370e-01 1.549077799e+02 -1.703696364e-02 9.968004945e-01 -7.809299670e-02 -5.451089539e+01 -2.230831120e-01 -7.992507862e-02 -9.715173220e-01 3.604325373e+02
-9.742165453e-01 5.709828118e-04 2.256142658e-01 1.551857680e+02 -1.742226009e-02 9.968204008e-01 -7.775315664e-02 -5.461972573e+01 -2.249412986e-01 -7.967912206e-02 -9.711089793e-01 3.593065225e+02
-9.736949791e-01 -4.014630824e-04 2.278550561e-01 1.554693284e+02 -1.865572615e-02 9.967814989e-01 -7.796542332e-02 -5.473138468e+01 -2.270904041e-01 -8.016534276e-02 -9.705686303e-01 3.581880643e+02
-9.731896991e-01 7.069250561e-04 2.300028474e-01 1.557450610e+02 -1.761404127e-02 9.968295518e-01 -7.759246252e-02 -5.482533374e+01 -2.293284873e-01 -7.956346490e-02 -9.700917998e-01 3.570569109e+02
-9.724865508e-01 2.239296381e-03 2.329482648e-01 1.560007251e+02 -1.566950219e-02 9.970604211e-01 -7.499988867e-02 -5.493239235e+01 -2.324314420e-01 -7.658656639e-02 -9.695927612e-01 3.559586984e+02
-9.718473356e-01 4.859009886e-03 2.355613431e-01 1.562745230e+02 -1.311581317e-02 9.971213346e-01 -7.467944557e-02 -5.503673797e+01 -2.352461090e-01 -7.566659876e-02 -9.689859824e-01 3.548427514e+02
-9.710407386e-01 6.920879761e-03 2.388137045e-01 1.565347904e+02 -1.207039319e-02 9.968826844e-01 -7.796934752e-02 -5.513738055e+01 -2.386088632e-01 -7.859398812e-02 -9.679301604e-01 3.537493804e+02
-9.703005613e-01 1.185300084e-02 2.416119348e-01 1.567946651e+02 -7.965213581e-03 9.966917283e-01 -8.088358351e-02 -5.523193201e+01 -2.417713300e-01 -8.040587715e-02 -9.669961318e-01 3.526743948e+02
-9.696380688e-01 1.237409556e-02 2.442312372e-01 1.570541090e+02 -7.227913591e-03 9.968324621e-01 -7.920100862e-02 -5.534276991e+01 -2.444376664e-01 -7.856159533e-02 -9.664772646e-01 3.516199488e+02
-9.688840141e-01 1.304854270e-02 2.471709991e-01 1.573406917e+02 -5.763801904e-03 9.971492068e-01 -7.523455257e-02 -5.544488794e+01 -2.474480670e-01 -7.431819997e-02 -9.660467169e-01 3.505349135e+02
-9.680001152e-01 1.355575656e-02 2.505833562e-01 1.576250850e+02 -4.973818070e-03 9.973074522e-01 -7.316492914e-02 -5.555522718e+01 -2.509004545e-01 -7.207001586e-02 -9.653263048e-01 3.494853938e+02
-9.669958088e-01 1.266987420e-02 2.544770719e-01 1.578957298e+02 -6.587625452e-03 9.971857679e-01 -7.468030143e-02 -5.565682676e+01 -2.547071044e-01 -7.389193811e-02 -9.641909938e-01 3.484366238e+02
-9.660197715e-01 1.312876100e-02 2.581345321e-01 1.581752828e+02 -7.143064299e-03 9.969716044e-01 -7.743769536e-02 -5.576772841e+01 -2.583694597e-01 -7.665021634e-02 -9.630005019e-01 3.474025342e+02
-9.649552457e-01 1.253830225e-02 2.621147932e-01 1.584577686e+02 -8.758447644e-03 9.967624944e-01 -7.992383477e-02 -5.584570297e+01 -2.622683043e-01 -7.941864231e-02 -9.617213816e-01 3.463707913e+02
-9.638259973e-01 1.222051455e-02 2.662519596e-01 1.587519233e+02 -9.378552492e-03 9.967747418e-01 -7.970041978e-02 -5.594998976e+01 -2.663672084e-01 -7.931439456e-02 -9.606027988e-01 3.453558560e+02
-9.621821670e-01 1.262526969e-02 2.721140940e-01 1.590227222e+02 -9.180693668e-03 9.968550014e-01 -7.871353758e-02 -5.605969141e+01 -2.722520752e-01 -7.823495830e-02 -9.590401967e-01 3.443549316e+02
-9.604832376e-01 1.413823628e-02 2.779785255e-01 1.593176256e+02 -7.850562329e-03 9.969356853e-01 -7.783063730e-02 -5.612604934e+01 -2.782270998e-01 -7.693731023e-02 -9.574290215e-01 3.433819549e+02
-9.582971646e-01 1.696472417e-02 2.852695960e-01 1.595967755e+02 -4.526000277e-03 9.972102020e-01 -7.450723648e-02 -5.622407674e+01 -2.857377462e-01 -7.269120374e-02 -9.555469268e-01 3.424280253e+02
-9.554923660e-01 1.754975567e-02 2.944933693e-01 1.598722670e+02 -3.925351366e-03 9.973843978e-01 -7.217308765e-02 -5.630044457e+01 -2.949897119e-01 -7.011682423e-02 -9.529242891e-01 3.414604340e+02
-9.523718016e-01 1.916955093e-02 3.043361296e-01 1.601741861e+02 -3.111960604e-03 9.973591842e-01 -7.256013682e-02 -5.638743188e+01 -3.049233792e-01 -7.005131027e-02 -9.497971082e-01 3.404950763e+02
-9.489125978e-01 2.035003734e-02 3.148821331e-01 1.604990755e+02 -3.076965772e-03 9.972739450e-01 -7.372388319e-02 -5.647591884e+01 -3.155240309e-01 -7.092640306e-02 -9.462631934e-01 3.395442623e+02
-9.449409000e-01 2.199996858e-02 3.265006845e-01 1.608355293e+02 -2.824490769e-03 9.971521140e-01 -7.536367669e-02 -5.656305566e+01 -3.272288463e-01 -7.213641864e-02 -9.421876773e-01 3.386028921e+02
-9.404784769e-01 2.221999095e-02 3.391260924e-01 1.611820289e+02 -3.970750062e-03 9.970738271e-01 -7.634144634e-02 -5.665776305e+01 -3.398300571e-01 -7.314407213e-02 -9.376382442e-01 3.376731000e+02
-9.352065741e-01 2.271824142e-02 3.533730965e-01 1.615106355e+02 -4.975948934e-03 9.969981279e-01 -7.726559999e-02 -5.675781976e+01 -3.540676542e-01 -7.401766354e-02 -9.322861587e-01 3.367809434e+02
-9.293801109e-01 2.367935440e-02 3.683638114e-01 1.618740401e+02 -5.492597699e-03 9.969426253e-01 -7.794378251e-02 -5.683723084e+01 -3.690832437e-01 -7.446267546e-02 -9.264085865e-01 3.358925074e+02
-9.230797494e-01 2.438016709e-02 3.838350997e-01 1.622419472e+02 -6.111660079e-03 9.969330342e-01 -7.802033642e-02 -5.692295781e+01 -3.845600394e-01 -7.436486225e-02 -9.200996921e-01 3.350142131e+02
-9.167396672e-01 2.406792432e-02 3.987594733e-01 1.626317422e+02 -8.063440929e-03 9.968653012e-01 -7.870547757e-02 -5.700207459e+01 -3.994037599e-01 -7.536780678e-02 -9.136718942e-01 3.341374280e+02
-9.104183112e-01 2.430784032e-02 4.129741245e-01 1.630260419e+02 -8.984934797e-03 9.968748711e-01 -7.848415296e-02 -5.709908949e+01 -4.135913074e-01 -7.516395558e-02 -9.073547323e-01 3.332832295e+02
-9.037970225e-01 2.233118816e-02 4.273783571e-01 1.634267516e+02 -1.276533760e-02 9.967866067e-01 -7.907911766e-02 -5.719885700e+01 -4.277709530e-01 -7.692710010e-02 -9.006077021e-01 3.324354775e+02
-8.976578642e-01 2.115643928e-02 4.401849202e-01 1.638341605e+02 -1.558685694e-02 9.966978418e-01 -7.968978596e-02 -5.727927204e+01 -4.404173121e-01 -7.839526244e-02 -8.943638935e-01 3.315923704e+02
-8.920898900e-01 1.890396753e-02 4.514623664e-01 1.642646261e+02 -1.953303614e-02 9.965771822e-01 -8.032671039e-02 -5.736239576e+01 -4.514355865e-01 -8.047707695e-02 -8.886671769e-01 3.307644205e+02
-8.872185971e-01 1.578517134e-02 4.610791573e-01 1.647239615e+02 -2.419775985e-02 9.964466543e-01 -8.067548300e-02 -5.745004405e+01 -4.607142600e-01 -8.273387156e-02 -8.836840370e-01 3.299126210e+02
-8.821686895e-01 1.262770006e-02 4.707642132e-01 1.651536804e+02 -2.847165741e-02 9.963817305e-01 -8.008003432e-02 -5.754430621e+01 -4.700720880e-01 -8.404753633e-02 -8.786172339e-01 3.291092369e+02
-8.776540631e-01 1.064345040e-02 4.791764420e-01 1.656142765e+02 -3.120339519e-02 9.963636675e-01 -7.928297496e-02 -5.763150060e+01 -4.782778416e-01 -8.453495699e-02 -8.741305093e-01 3.282845688e+02
-8.732415361e-01 8.183017444e-03 4.872189013e-01 1.660947817e+02 -3.457759830e-02 9.962979819e-01 -7.870655001e-02 -5.771151163e+01 -4.860592652e-01 -8.557668808e-02 -8.697258310e-01 3.274612850e+02
-8.686582450e-01 7.306337150e-03 4.953579220e-01 1.665875694e+02 -3.614313378e-02 9.962920771e-01 -7.807541831e-02 -5.778824885e+01 -4.940916184e-01 -8.572464349e-02 -8.651732533e-01 3.266259445e+02
-8.633950498e-01 5.175179707e-03 5.045019380e-01 1.670663362e+02 -3.848062282e-02 9.963592403e-01 -7.607565896e-02 -5.788351328e+01 -5.030588729e-01 -8.509689614e-02 -8.600524918e-01 3.258276120e+02
-8.580174361e-01 4.173666794e-03 5.136036018e-01 1.675760306e+02 -4.007298733e-02 9.963748536e-01 -7.504203309e-02 -5.796344018e+01 -5.120549140e-01 -8.496900346e-02 -8.547397460e-01 3.250097268e+02
-8.515551724e-01 3.996030192e-03 5.242497689e-01 1.680627422e+02 -4.090659845e-02 9.964158735e-01 -7.404091659e-02 -5.804228666e+01 -5.226666611e-01 -8.449520027e-02 -8.483396269e-01 3.242201187e+02
-8.457528783e-01 3.251751075e-03 5.335648929e-01 1.685727674e+02 -4.225367162e-02 9.964328823e-01 -7.304887673e-02 -5.812418719e+01 -5.318991409e-01 -8.432637352e-02 -8.425985798e-01 3.234392267e+02
-8.399444587e-01 1.013222181e-03 5.426714288e-01 1.690835036e+02 -4.450909731e-02 9.965004556e-01 -7.075155237e-02 -5.820718203e+01 -5.408440131e-01 -8.358118979e-02 -8.369599382e-01 3.226786163e+02
-8.337215907e-01 8.701601097e-04 5.521843461e-01 1.696048695e+02 -4.421127165e-02 9.966831308e-01 -6.832349721e-02 -5.828504866e+01 -5.504122752e-01 -8.137554690e-02 -8.309177743e-01 3.219064914e+02
-8.272467077e-01 2.469605068e-04 5.618387879e-01 1.701297885e+02 -4.455889991e-02 9.968211421e-01 -6.604630990e-02 -5.835802924e+01 -5.600690931e-01 -7.967151073e-02 -8.246060037e-01 3.211561943e+02
-8.202594197e-01 1.045797672e-03 5.719907261e-01 1.706604008e+02 -4.370069470e-02 9.969609315e-01 -6.449147550e-02 -5.842536309e+01 -5.703198521e-01 -7.789613236e-02 -8.177208930e-01 3.204196562e+02
-8.122029249e-01 1.331764162e-03 5.833734955e-01 1.711940453e+02 -4.259008626e-02 9.971935119e-01 -6.157259371e-02 -5.849859225e+01 -5.818182649e-01 -7.485536820e-02 -8.098667671e-01 3.196915903e+02
-8.038040464e-01 1.723249474e-03 5.948916586e-01 1.717419147e+02 -4.245769563e-02 9.972795345e-01 -6.025673492e-02 -5.856976150e+01 -5.933771137e-01 -7.369233632e-02 -8.015441600e-01 3.189732504e+02
-7.944289402e-01 4.678763373e-03 6.073390883e-01 1.722927496e+02 -4.168080920e-02 9.971928333e-01 -6.220260001e-02 -5.863552786e+01 -6.059252174e-01 -7.472993026e-02 -7.920038311e-01 3.182552315e+02
-7.844579170e-01 8.564426869e-03 6.201229129e-01 1.728626568e+02 -3.981167084e-02 9.971469008e-01 -6.413336979e-02 -5.869772270e+01 -6.189029062e-01 -7.499805897e-02 -7.818788166e-01 3.175398124e+02
-7.736232452e-01 1.285096359e-02 6.335155304e-01 1.734312226e+02 -3.633466579e-02 9.972495482e-01 -6.459977338e-02 -5.876364181e+01 -6.326032458e-01 -7.299446139e-02 -7.710284962e-01 3.168480569e+02
-7.623958824e-01 1.487054376e-02 6.469400168e-01 1.740067762e+02 -3.405583391e-02 9.974284833e-01 -6.306045444e-02 -5.882212061e+01 -6.462141430e-01 -7.010911257e-02 -7.599289399e-01 3.161899426e+02
-7.490877433e-01 1.899357844e-02 6.621984573e-01 1.745860692e+02 -2.931759648e-02 9.976591200e-01 -6.177992185e-02 -5.888436829e+01 -6.618217520e-01 -6.569264940e-02 -7.467773727e-01 3.155283042e+02
-7.351203139e-01 2.196007373e-02 6.775809024e-01 1.751862027e+02 -2.596918804e-02 9.978294948e-01 -6.051364021e-02 -5.895422363e+01 -6.774390935e-01 -6.208103205e-02 -7.329544461e-01 3.148889063e+02
-7.202393656e-01 2.688427153e-02 6.932045097e-01 1.758055836e+02 -2.046863665e-02 9.979902037e-01 -5.997156239e-02 -5.902159223e+01 -6.934236015e-01 -5.738283128e-02 -7.182415468e-01 3.142430670e+02
-7.049112485e-01 3.096500114e-02 7.086192917e-01 1.764475429e+02 -1.701792170e-02 9.980206885e-01 -6.054003426e-02 -5.907282343e+01 -7.090913355e-01 -5.473457875e-02 -7.029890495e-01 3.136082577e+02
-6.888325249e-01 3.332566511e-02 7.241540946e-01 1.771194594e+02 -1.399438279e-02 9.981452810e-01 -5.924656330e-02 -5.913065382e+01 -7.247854233e-01 -5.094504939e-02 -6.870885620e-01 3.129556228e+02
-6.724880141e-01 3.193812752e-02 7.394185735e-01 1.777950249e+02 -1.324054946e-02 9.983894006e-01 -5.516604568e-02 -5.919849325e+01 -7.399895666e-01 -4.688881270e-02 -6.709820270e-01 3.123392729e+02
-6.564506702e-01 3.270655730e-02 7.536596040e-01 1.784786519e+02 -1.163501885e-02 9.985018695e-01 -5.346627883e-02 -5.925638205e+01 -7.542792215e-01 -4.386681827e-02 -6.550866800e-01 3.117541407e+02
-6.392178398e-01 3.490691580e-02 7.682330770e-01 1.791770533e+02 -9.371799049e-03 9.985415193e-01 -5.316957458e-02 -5.931422375e+01 -7.689686097e-01 -4.118666662e-02 -6.379584123e-01 3.111741018e+02
-6.211217862e-01 3.755484603e-02 7.828137455e-01 1.798958037e+02 -8.054183245e-03 9.984925947e-01 -5.429243493e-02 -5.936081225e+01 -7.836726720e-01 -4.002713952e-02 -6.198830303e-01 3.105894321e+02
-6.032387734e-01 3.862115403e-02 7.966249988e-01 1.806267732e+02 -6.677117595e-03 9.985473065e-01 -5.346674485e-02 -5.941585704e+01 -7.975326943e-01 -3.757237238e-02 -6.021045743e-01 3.100395118e+02
-5.848958685e-01 3.977236762e-02 8.101326940e-01 1.813560752e+02 -3.569955641e-03 9.986611760e-01 -5.160533829e-02 -5.948027352e+01 -8.111005354e-01 -3.307588694e-02 -5.839708103e-01 3.095333622e+02
-5.639090582e-01 4.032534703e-02 8.248517688e-01 1.821181796e+02 -1.459750863e-03 9.987568878e-01 -4.982517634e-02 -5.953748117e+01 -8.258356030e-01 -2.930094635e-02 -5.631491911e-01 3.089998495e+02
-5.429608746e-01 4.143163069e-02 8.387353031e-01 1.829137108e+02 2.641555365e-03 9.988614843e-01 -4.763147416e-02 -5.958628604e+01 -8.397538394e-01 -2.364646113e-02 -5.424521491e-01 3.084838004e+02
-5.222694891e-01 3.967583598e-02 8.518570354e-01 1.837026392e+02 3.862597478e-03 9.990169260e-01 -4.416177048e-02 -5.964722180e+01 -8.527717521e-01 -1.977396447e-02 -5.219093113e-01 3.080079976e+02
-5.021015330e-01 3.918887723e-02 8.639202987e-01 1.845357798e+02 3.287631503e-03 9.990520217e-01 -4.340794199e-02 -5.970317698e+01 -8.648024295e-01 -1.895494263e-02 -5.017543903e-01 3.075319724e+02
-4.824012296e-01 4.264192490e-02 8.749118355e-01 1.853935631e+02 4.802632250e-03 9.989281320e-01 -4.603826471e-02 -5.975238167e+01 -8.759372057e-01 -1.800703571e-02 -4.820889527e-01 3.070709878e+02
-4.616245982e-01 4.212460419e-02 8.860746289e-01 1.862522620e+02 3.531557817e-03 9.989512083e-01 -4.565097451e-02 -5.980838119e+01 -8.870683505e-01 -1.794438898e-02 -4.612892157e-01 3.066132944e+02
-4.393058477e-01 4.129869274e-02 8.973877591e-01 1.871146053e+02 2.553209136e-03 9.989960776e-01 -4.472491623e-02 -5.984559810e+01 -8.983339319e-01 -1.735669862e-02 -4.389702629e-01 3.061769954e+02
-4.174540182e-01 3.738931741e-02 9.079285113e-01 1.879954861e+02 2.195643073e-03 9.991917298e-01 -4.013809045e-02 -5.990084293e+01 -9.086953955e-01 -1.476232020e-02 -4.171986962e-01 3.057832320e+02
-3.952496385e-01 3.572142195e-02 9.178789154e-01 1.888888953e+02 9.364849717e-04 9.992587296e-01 -3.848524765e-02 -5.994679071e+01 -9.185732667e-01 -1.435170041e-02 -3.949901042e-01 3.054224862e+02
-3.706100099e-01 3.427770467e-02 9.281558379e-01 1.897951048e+02 -1.345868788e-03 9.992978792e-01 -3.744245158e-02 -5.999286778e+01 -9.287876018e-01 -1.512572333e-02 -3.703036637e-01 3.050603209e+02
-3.444150355e-01 3.388480566e-02 9.382057894e-01 1.906902463e+02 -4.796779818e-03 9.992718736e-01 -3.785120144e-02 -6.004406889e+01 -9.388052376e-01 -1.753688949e-02 -3.440017199e-01 3.047315029e+02
-3.175638182e-01 3.095924599e-02 9.477313683e-01 1.916279555e+02 -4.379250287e-03 9.994083279e-01 -3.411475107e-02 -6.008150958e+01 -9.482267891e-01 -1.498396347e-02 -3.172403463e-01 3.044271495e+02
-2.889063123e-01 2.313076480e-02 9.570779020e-01 1.925568444e+02 -4.679294319e-03 9.996620199e-01 -2.557244784e-02 -6.013088697e+01 -9.573459390e-01 -1.186649079e-02 -2.887004321e-01 3.041667151e+02
-2.587317839e-01 1.650881305e-02 9.658081192e-01 1.935377832e+02 -2.868480027e-03 9.998364022e-01 -1.785890889e-02 -6.017500703e+01 -9.659449445e-01 -7.391068656e-03 -2.586421008e-01 3.039019414e+02
-2.278799211e-01 1.698264862e-02 9.735411297e-01 1.945062437e+02 3.259516401e-04 9.998491591e-01 -1.736527465e-02 -6.020088425e+01 -9.736891883e-01 -3.639870090e-03 -2.278510830e-01 3.036777688e+02
-1.983274026e-01 1.691655089e-02 9.799898324e-01 1.954366734e+02 1.043692580e-03 9.998541237e-01 -1.704822823e-02 -6.022940259e+01 -9.801352723e-01 -2.358322707e-03 -1.983161270e-01 3.035001607e+02
-1.697111195e-01 1.525634975e-02 9.853757556e-01 1.964121367e+02 4.273894252e-04 9.998812088e-01 -1.540732518e-02 -6.025020254e+01 -9.854937611e-01 -2.193655227e-03 -1.696974797e-01 3.033318919e+02
-1.427660074e-01 1.154959316e-02 9.896890795e-01 1.973646862e+02 1.277575251e-04 9.999321201e-01 -1.165069918e-02 -6.028655918e+01 -9.897564604e-01 -1.536883577e-03 -1.427577920e-01 3.032083075e+02
-1.163688274e-01 7.602346289e-03 9.931769733e-01 1.983410842e+02 -1.184796809e-03 9.999689310e-01 -7.793156422e-03 -6.030937985e+01 -9.932053626e-01 -2.083593383e-03 -1.163562047e-01 3.031096396e+02
-9.079099911e-02 5.027395535e-03 9.958572788e-01 1.993100252e+02 -2.621154610e-03 9.999825874e-01 -5.287188589e-03 -6.033956242e+01 -9.958665192e-01 -3.090325032e-03 -9.077624063e-02 3.030351478e+02
-6.653284414e-02 3.564175151e-03 9.977778697e-01 2.003575522e+02 -3.837434540e-03 9.999853104e-01 -3.827944420e-03 -6.035256601e+01 -9.977768562e-01 -4.083591290e-03 -6.651818951e-02 3.029652625e+02
-4.562532574e-02 2.848923101e-03 9.989545602e-01 2.013395313e+02 -4.536709016e-03 9.999850301e-01 -3.059067350e-03 -6.037778660e+01 -9.989483209e-01 -4.671537104e-03 -4.561171800e-02 3.029416323e+02
-2.702377463e-02 2.534379973e-03 9.996315784e-01 2.023627245e+02 -5.594020988e-03 9.999807447e-01 -2.686492497e-03 -6.038593675e+01 -9.996191387e-01 -5.664559197e-03 -2.700907690e-02 3.029361833e+02
-1.029887760e-02 2.587954559e-03 9.999436162e-01 2.034669545e+02 -6.164598436e-03 9.999774833e-01 -2.651534235e-03 -6.038483576e+01 -9.999279628e-01 -6.191558679e-03 -1.028269200e-02 3.029323262e+02
3.493644844e-03 1.225322419e-03 9.999931465e-01 2.045080623e+02 -6.854649890e-03 9.999757850e-01 -1.201353269e-03 -6.040672815e+01 -9.999704037e-01 -6.850405810e-03 3.501959402e-03 3.029696583e+02
1.597018954e-02 6.261373953e-04 9.998722723e-01 2.055420809e+02 -7.696219191e-03 9.999702570e-01 -5.032729747e-04 -6.041328266e+01 -9.998428483e-01 -7.687198806e-03 1.597453343e-02 3.030113518e+02
2.742913354e-02 2.990084181e-04 9.996237058e-01 2.066343912e+02 -9.186259453e-03 9.999578043e-01 -4.704236575e-05 -6.041896471e+01 -9.995815401e-01 -9.181512386e-03 2.743072292e-02 3.030370882e+02
3.768622513e-02 -8.616318899e-04 9.992892504e-01 2.077227146e+02 -9.485722487e-03 9.999542654e-01 1.219940629e-03 -6.041589357e+01 -9.992445994e-01 -9.524955471e-03 3.767632836e-02 3.030683071e+02
4.684963000e-02 -1.698918858e-03 9.989005085e-01 2.088117154e+02 -8.862334127e-03 9.999584891e-01 2.116372343e-03 -6.043196228e+01 -9.988626388e-01 -8.951741327e-03 4.683262885e-02 3.031139537e+02
5.416542467e-02 -2.847035063e-03 9.985279171e-01 2.099168044e+02 -7.372923520e-03 9.999675347e-01 3.251086035e-03 -6.044338685e+01 -9.985047555e-01 -7.538166421e-03 5.414267520e-02 3.031769005e+02
5.997994011e-02 -3.805640030e-03 9.981923281e-01 2.109913560e+02 -6.017071951e-03 9.999731860e-01 4.173986799e-03 -6.044433406e+01 -9.981814472e-01 -6.256550537e-03 5.995543300e-02 3.032560925e+02
6.462048652e-02 -4.924378494e-03 9.978977619e-01 2.120902417e+02 -5.557571166e-03 9.999705404e-01 5.294496670e-03 -6.044712504e+01 -9.978944364e-01 -5.888020779e-03 6.459121524e-02 3.033359600e+02
6.953328136e-02 -5.677835949e-03 9.975634742e-01 2.131646131e+02 -5.710192908e-03 9.999651551e-01 6.089523838e-03 -6.043230049e+01 -9.975632895e-01 -6.119704450e-03 6.949843694e-02 3.033965512e+02
7.311870485e-02 -6.888199187e-03 9.972994574e-01 2.143261604e+02 -4.899682679e-03 9.999615998e-01 7.265814772e-03 -6.042782264e+01 -9.973112093e-01 -5.417717843e-03 7.308214708e-02 3.034986616e+02
7.581682500e-02 -9.390305788e-03 9.970775452e-01 2.154556927e+02 -6.059870992e-03 9.999328494e-01 9.877983362e-03 -6.043446755e+01 -9.971033482e-01 -6.791078629e-03 7.575482982e-02 3.035840286e+02
7.716822177e-02 -1.308686021e-02 9.969321941e-01 2.165798610e+02 -7.117808077e-03 9.998811376e-01 1.367653021e-02 -6.042033317e+01 -9.969926792e-01 -8.151365539e-03 7.706589961e-02 3.036655977e+02
7.715766418e-02 -1.752521477e-02 9.968648663e-01 2.177575150e+02 -8.699713799e-03 9.997956035e-01 1.825009878e-02 -6.041676811e+01 -9.969809476e-01 -1.008057403e-02 7.698942908e-02 3.037824473e+02
7.664198835e-02 -2.166780120e-02 9.968232100e-01 2.189164003e+02 -9.929047239e-03 9.996976783e-01 2.249369020e-02 -6.041357814e+01 -9.970092375e-01 -1.162146588e-02 7.640367719e-02 3.039007659e+02
7.597985701e-02 -2.618137002e-02 9.967655678e-01 2.200765364e+02 -9.249930095e-03 9.995936960e-01 2.696074349e-02 -6.040922814e+01 -9.970664472e-01 -1.126848526e-02 7.570681025e-02 3.040157616e+02
7.504022224e-02 -2.740737787e-02 9.968037925e-01 2.212277587e+02 -1.092635991e-02 9.995396107e-01 2.830514540e-02 -6.038967130e+01 -9.971206445e-01 -1.301546140e-02 7.470621165e-02 3.041193310e+02
7.367291371e-02 -2.550997206e-02 9.969561390e-01 2.224234848e+02 -1.119617624e-02 9.995886340e-01 2.640470531e-02 -6.037294147e+01 -9.972196084e-01 -1.310740821e-02 7.335699304e-02 3.042241686e+02
7.183373050e-02 -2.370766791e-02 9.971348262e-01 2.236060478e+02 -1.182751964e-02 9.996269383e-01 2.461897599e-02 -6.035876843e+01 -9.973464919e-01 -1.356210463e-02 7.152652918e-02 3.043423091e+02
6.933330463e-02 -2.557175983e-02 9.972657509e-01 2.248257468e+02 -1.159656195e-02 9.995832045e-01 2.643741608e-02 -6.033284386e+01 -9.975261463e-01 -1.339784748e-02 6.900786233e-02 3.044279004e+02
6.686319306e-02 -3.031833685e-02 9.973014148e-01 2.260004302e+02 -9.704432425e-03 9.994711889e-01 3.103492390e-02 -6.031092125e+01 -9.977149580e-01 -1.175333830e-02 6.653361281e-02 3.045040844e+02
6.380067643e-02 -3.670684670e-02 9.972873613e-01 2.272049979e+02 -8.560835995e-03 9.992664210e-01 3.732736210e-02 -6.028674750e+01 -9.979259420e-01 -1.091912449e-02 6.343963230e-02 3.045784344e+02
5.979550473e-02 -4.272767584e-02 9.972957652e-01 2.284017030e+02 -7.437850855e-03 9.990366710e-01 4.324821842e-02 -6.025298197e+01 -9.981829371e-01 -1.000378621e-02 5.942009991e-02 3.046471153e+02
5.473188164e-02 -4.762565402e-02 9.973646365e-01 2.296184623e+02 -5.525337166e-03 9.988321043e-01 4.799893897e-02 -6.021232480e+01 -9.984857995e-01 -8.137848141e-03 5.440481271e-02 3.047216065e+02
4.972986679e-02 -5.070966107e-02 9.974745464e-01 2.308377950e+02 -2.840896233e-03 9.986990238e-01 5.091354620e-02 -6.016857306e+01 -9.987586644e-01 -5.365645551e-03 4.952110853e-02 3.047891753e+02
4.482531306e-02 -5.170559884e-02 9.976558637e-01 2.320413201e+02 -1.500288420e-03 9.986550655e-01 5.182479348e-02 -6.012079271e+01 -9.989937139e-01 -3.819834131e-03 4.468745264e-02 3.048371777e+02
4.020555870e-02 -5.217839499e-02 9.978281055e-01 2.332448925e+02 1.364259568e-03 9.986375085e-01 5.216575005e-02 -6.007329745e+01 -9.991904983e-01 -7.360565864e-04 4.022196384e-02 3.048740460e+02
3.469985098e-02 -5.312060586e-02 9.979850307e-01 2.344593466e+02 1.551746930e-03 9.985880606e-01 5.309874975e-02 -6.002319569e+01 -9.993965742e-01 -2.938984963e-04 3.473328664e-02 3.049034596e+02
2.852513241e-02 -5.644864033e-02 9.979979298e-01 2.356520034e+02 1.224679819e-03 9.984054290e-01 5.643668502e-02 -5.997148520e+01 -9.995923254e-01 -3.876359897e-04 2.854877858e-02 3.049450633e+02
2.118559400e-02 -6.082413350e-02 9.979236421e-01 2.368719500e+02 9.690532538e-04 9.981484466e-01 6.081726281e-02 -5.991284935e+01 -9.997750905e-01 -3.214086856e-04 2.120530957e-02 3.049806511e+02
1.423465988e-02 -6.468123875e-02 9.978044457e-01 2.380717984e+02 2.004789751e-04 9.979057159e-01 6.468494342e-02 -5.985278949e+01 -9.998986620e-01 -7.207293566e-04 1.421781569e-02 3.049940547e+02
6.798163137e-03 -6.553185379e-02 9.978273203e-01 2.392799054e+02 -9.952218269e-05 9.978503291e-01 6.553404292e-02 -5.979396290e+01 -9.999768873e-01 -5.448170676e-04 6.777027450e-03 3.049998867e+02
-1.518436576e-03 -6.870757097e-02 9.976356870e-01 2.404723894e+02 -1.634631349e-03 9.976356748e-01 6.870508216e-02 -5.974200677e+01 -9.999975112e-01 -1.526442259e-03 -1.627158048e-03 3.050084000e+02
-1.061172816e-02 -7.015503010e-02 9.974796554e-01 2.417480518e+02 -1.999824497e-03 9.975353167e-01 7.013766966e-02 -5.966587389e+01 -9.999416943e-01 -1.250502366e-03 -1.072587136e-02 3.049973798e+02
-1.969010047e-02 -7.291311239e-02 9.971439104e-01 2.429801533e+02 -1.029313409e-03 9.973382128e-01 7.290699482e-02 -5.960302758e+01 -9.998056013e-01 4.091724554e-04 -1.971274006e-02 3.049720467e+02
-2.893823663e-02 -7.383241449e-02 9.968507175e-01 2.441834398e+02 4.476502714e-04 9.972673147e-01 7.387626518e-02 -5.955125244e+01 -9.995811013e-01 2.584089337e-03 -2.882610643e-02 3.049362706e+02
-3.941031608e-02 -7.423152450e-02 9.964619951e-01 2.453955010e+02 5.506893283e-04 9.972349717e-01 7.431088735e-02 -5.947751241e+01 -9.992229600e-01 3.477356545e-03 -3.926046693e-02 3.049093323e+02
-4.939585814e-02 -7.030289254e-02 9.963019384e-01 2.465881291e+02 -2.140956200e-03 9.975247923e-01 7.028303490e-02 -5.941839935e+01 -9.987769849e-01 1.338652009e-03 -4.942410854e-02 3.048774942e+02
-6.041418828e-02 -6.456640020e-02 9.960829814e-01 2.477698639e+02 -7.027639340e-05 9.979060340e-01 6.468030863e-02 -5.935676859e+01 -9.981733922e-01 3.837607224e-03 -6.029222052e-02 3.048241934e+02
-7.098345007e-02 -6.100241838e-02 9.956103931e-01 2.489081801e+02 1.028607955e-04 9.981277250e-01 6.116399238e-02 -5.931664065e+01 -9.974774881e-01 4.444040476e-03 -7.084427478e-02 3.047584867e+02
-8.283133332e-02 -6.123183816e-02 9.946806685e-01 2.500710514e+02 2.730149496e-03 9.980929068e-01 6.166924442e-02 -5.925965376e+01 -9.965598409e-01 7.823772666e-03 -8.250619418e-02 3.046632853e+02
-9.407892929e-02 -6.373773144e-02 9.935223483e-01 2.512082469e+02 2.371143740e-03 9.979313320e-01 6.424511135e-02 -5.919693750e+01 -9.955619181e-01 8.399895585e-03 -9.373317990e-02 3.045531209e+02
-1.067724074e-01 -6.360121798e-02 9.922472162e-01 2.523918315e+02 1.747728819e-03 9.979384745e-01 6.415408440e-02 -5.913771447e+01 -9.942819512e-01 8.584065089e-03 -1.064411356e-01 3.044153465e+02
-1.214887447e-01 -6.141363510e-02 9.906910973e-01 2.535876914e+02 1.974308196e-03 9.980671712e-01 6.211299309e-02 -5.907431193e+01 -9.925908457e-01 9.501959112e-03 -1.211326783e-01 3.042544151e+02
-1.376622610e-01 -6.084583539e-02 9.886085607e-01 2.547422718e+02 -4.095149427e-04 9.981147620e-01 6.137388869e-02 -5.902021624e+01 -9.904791438e-01 8.044018303e-03 -1.374276521e-01 3.041084605e+02
-1.542575345e-01 -6.006076291e-02 9.862034870e-01 2.558729436e+02 -5.728055813e-04 9.981559463e-01 6.069908376e-02 -5.896479708e+01 -9.880305081e-01 8.798388146e-03 -1.540074785e-01 3.039573007e+02
-1.698953022e-01 -5.872876903e-02 9.837105865e-01 2.570035940e+02 -1.189151531e-04 9.982238436e-01 5.957469121e-02 -5.891428745e+01 -9.854621110e-01 1.000448207e-02 -1.696005253e-01 3.037617559e+02
-1.857795121e-01 -5.704967256e-02 9.809338957e-01 2.580956529e+02 2.522914676e-04 9.983102685e-01 5.810803844e-02 -5.885835388e+01 -9.825914254e-01 1.104276428e-02 -1.854512015e-01 3.035734434e+02
-2.021955189e-01 -5.816043676e-02 9.776166609e-01 2.591752929e+02 -2.288392463e-03 9.982603636e-01 5.891527665e-02 -5.882520211e+01 -9.793425016e-01 9.675234336e-03 -2.019768661e-01 3.033701292e+02
-2.180121396e-01 -5.876317979e-02 9.741753413e-01 2.602701144e+02 -3.969554359e-03 9.982307766e-01 5.932587400e-02 -5.878528670e+01 -9.759379845e-01 9.066718755e-03 -2.178596911e-01 3.031292351e+02
-2.335160523e-01 -5.848395624e-02 9.705925408e-01 2.613363826e+02 -5.690090553e-03 9.982546397e-01 5.878177586e-02 -5.873953854e+01 -9.723362979e-01 8.203728798e-03 -2.334412616e-01 3.028611240e+02
-2.488593479e-01 -5.746663612e-02 9.668332900e-01 2.623901834e+02 -7.222560508e-03 9.983205826e-01 5.747911717e-02 -5.869352170e+01 -9.685127049e-01 7.321203677e-03 -2.488564654e-01 3.025849539e+02
-2.644026739e-01 -5.579587858e-02 9.627969911e-01 2.634600420e+02 -7.501507872e-03 9.984137924e-01 5.579987941e-02 -5.864557978e+01 -9.643831984e-01 7.531208110e-03 -2.644018296e-01 3.022877578e+02
-2.798962744e-01 -5.400897899e-02 9.585098360e-01 2.645201508e+02 -6.619004462e-03 9.985011220e-01 5.432953265e-02 -5.859757521e+01 -9.600074293e-01 8.862252896e-03 -2.798342297e-01 3.019793100e+02
-2.947398512e-01 -5.149860564e-02 9.541888250e-01 2.655787222e+02 -4.784218212e-03 9.986137469e-01 5.241846736e-02 -5.855116691e+01 -9.555655558e-01 1.088476372e-02 -2.945776478e-01 3.016398622e+02
-3.101946171e-01 -4.867382180e-02 9.494262260e-01 2.666048160e+02 -2.080740878e-03 9.987208228e-01 5.052117102e-02 -5.851443506e+01 -9.506708000e-01 1.369588534e-02 -3.098991008e-01 3.013106740e+02
-3.254333471e-01 -4.559948299e-02 9.444648346e-01 2.676211323e+02 5.876114469e-04 9.988265720e-01 4.842658187e-02 -5.847978937e+01 -9.455648002e-01 1.631460297e-02 -3.250246797e-01 3.009714263e+02
-3.401628939e-01 -4.359785787e-02 9.393553281e-01 2.686280821e+02 2.854866768e-03 9.988721932e-01 4.739400131e-02 -5.844622356e+01 -9.403621937e-01 1.880341495e-02 -3.396547899e-01 3.006142724e+02
-3.537033376e-01 -4.249300704e-02 9.343919377e-01 2.696044847e+02 3.654169248e-03 9.988971399e-01 4.680973079e-02 -5.841480034e+01 -9.353505204e-01 1.997118430e-02 -3.531579757e-01 3.002388392e+02
-3.673589505e-01 -3.985777086e-02 9.292248165e-01 2.705801820e+02 3.532458586e-03 9.990143407e-01 4.424781197e-02 -5.838588948e+01 -9.300725365e-01 1.953727795e-02 -3.668560638e-01 2.998586750e+02
-3.807236483e-01 -3.596765423e-02 9.239890862e-01 2.715512670e+02 3.700451920e-03 9.991759595e-01 4.041916245e-02 -5.835879952e+01 -9.246814642e-01 1.880770818e-02 -3.802768200e-01 2.994628924e+02
-3.938535160e-01 -3.224342753e-02 9.186075165e-01 2.724914117e+02 2.958889785e-03 9.993348996e-01 3.634561111e-02 -5.833430723e+01 -9.191684573e-01 1.703290512e-02 -3.934961591e-01 2.990581949e+02
-4.069040066e-01 -2.704570112e-02 9.130704570e-01 2.734153341e+02 4.587311895e-03 9.994884937e-01 3.164976201e-02 -5.831385891e+01 -9.134594058e-01 1.706695394e-02 -4.065718056e-01 2.986456173e+02
-4.193624084e-01 -2.155444031e-02 9.075629876e-01 2.743254453e+02 8.322508679e-03 9.995848000e-01 2.758556545e-02 -5.829580362e+01 -9.077807589e-01 1.912155001e-02 -4.190089022e-01 2.982166988e+02
-4.322883231e-01 -2.287751796e-02 9.014451868e-01 2.752143008e+02 8.867562671e-03 9.995219257e-01 2.961902176e-02 -5.828658372e+01 -9.016918387e-01 2.079757894e-02 -4.318787893e-01 2.977846503e+02
-4.456027253e-01 -2.582337482e-02 8.948582930e-01 2.761064472e+02 8.371582081e-03 9.994199776e-01 3.300946832e-02 -5.827491815e+01 -8.951916710e-01 2.220048869e-02 -4.451280832e-01 2.973420157e+02
-4.583223940e-01 -2.625537678e-02 8.883981305e-01 2.769501717e+02 7.845542731e-03 9.994051200e-01 3.358353072e-02 -5.826708285e+01 -8.887513885e-01 2.236204970e-02 -4.578437596e-01 2.969075127e+02
-4.717804844e-01 -2.027559902e-02 8.814828839e-01 2.777906818e+02 7.298418123e-03 9.996115140e-01 2.689896072e-02 -5.825220115e+01 -8.816858327e-01 1.912383538e-02 -4.714492245e-01 2.964535725e+02
-4.853646714e-01 -1.797998126e-02 8.741269107e-01 2.785945054e+02 4.835328473e-03 9.997180325e-01 2.324812205e-02 -5.823928324e+01 -8.742984361e-01 1.551050786e-02 -4.851408752e-01 2.960076122e+02
-4.977177756e-01 -1.923618774e-02 8.671257030e-01 2.793892786e+02 1.234424065e-03 9.997373062e-01 2.288656563e-02 -5.823658116e+01 -8.673381647e-01 1.246145137e-02 -4.975632826e-01 2.955517776e+02
-5.102780666e-01 -2.204321375e-02 8.597269284e-01 2.801507606e+02 1.029381815e-03 9.996550916e-01 2.624191598e-02 -5.823160537e+01 -8.600088576e-01 1.427566142e-02 -5.100793765e-01 2.951100622e+02
-5.223736556e-01 -2.126897323e-02 8.524514031e-01 2.808980171e+02 2.209081621e-03 9.996517759e-01 2.629537920e-02 -5.823798911e+01 -8.527138347e-01 1.561914809e-02 -5.221447676e-01 2.946466377e+02
-5.351118155e-01 -2.049056160e-02 8.445327002e-01 2.816043093e+02 1.840645979e-03 9.996751399e-01 2.542098895e-02 -5.823641171e+01 -8.447792356e-01 1.515755727e-02 -5.349002632e-01 2.941979948e+02
-5.476677303e-01 -2.015533467e-02 8.364531186e-01 2.822946654e+02 7.760504559e-04 9.996971465e-01 2.459701314e-02 -5.823860542e+01 -8.366955569e-01 1.412012018e-02 -5.474862257e-01 2.937424520e+02
-5.606776772e-01 -2.032674967e-02 8.277846130e-01 2.829579576e+02 5.895583096e-06 9.996985495e-01 2.455219312e-02 -5.824109477e+01 -8.280341432e-01 1.377074688e-02 -5.605085407e-01 2.932968587e+02
-5.743613514e-01 -1.996738259e-02 8.183583211e-01 2.835944324e+02 2.647100656e-03 9.996519393e-01 2.624867920e-02 -5.823432354e+01 -8.185976001e-01 1.724250370e-02 -5.741085831e-01 2.928383634e+02
-5.889847931e-01 -1.787906605e-02 8.079463178e-01 2.842095774e+02 7.997415500e-03 9.995773382e-01 2.794971010e-02 -5.822235337e+01 -8.081045445e-01 2.292343663e-02 -5.885928654e-01 2.923735243e+02
-6.037527168e-01 -1.540750553e-02 7.970227511e-01 2.847828762e+02 1.456740369e-02 9.994330120e-01 3.035531819e-02 -5.821395236e+01 -7.970385485e-01 2.993765799e-02 -6.031859488e-01 2.919131295e+02
-6.189416438e-01 -1.276821026e-02 7.853331869e-01 2.853282790e+02 2.004060287e-02 9.992856113e-01 3.204124428e-02 -5.820988552e+01 -7.851812631e-01 3.557021092e-02 -6.182435962e-01 2.914536569e+02
-6.343487503e-01 -7.768418552e-03 7.730079655e-01 2.858551543e+02 2.366296604e-02 9.992858072e-01 2.946081328e-02 -5.819995313e+01 -7.726847527e-01 3.698009132e-02 -6.337118792e-01 2.910030788e+02
-6.505260420e-01 -2.392002189e-04 7.594839113e-01 2.863199803e+02 2.855036359e-02 9.992854272e-01 2.476916763e-02 -5.820069253e+01 -7.589471296e-01 3.779653039e-02 -6.500543645e-01 2.905781120e+02
-6.679714670e-01 9.620058263e-03 7.441247031e-01 2.867791788e+02 3.542775618e-02 9.991937998e-01 1.888450637e-02 -5.819784797e+01 -7.433431195e-01 3.897697997e-02 -6.677737653e-01 2.901353414e+02
-6.870516407e-01 1.750623771e-02 7.263976697e-01 2.872139029e+02 4.087474061e-02 9.990578469e-01 1.458335274e-02 -5.819300838e+01 -7.254579923e-01 3.971083276e-02 -6.871198958e-01 2.896947236e+02
-7.074764835e-01 2.148664307e-02 7.064101850e-01 2.876359154e+02 4.424570685e-02 9.989235769e-01 1.392856863e-02 -5.819449779e+01 -7.053505105e-01 4.110975271e-02 -7.076656312e-01 2.892456666e+02
-7.283426852e-01 2.592936137e-02 6.847222803e-01 2.880300541e+02 5.036589713e-02 9.986064973e-01 1.575880374e-02 -5.819974303e+01 -6.833595022e-01 4.596446136e-02 -7.286336933e-01 2.887978155e+02
-7.495575251e-01 3.190450164e-02 6.611698868e-01 2.884000743e+02 5.722435785e-02 9.982215678e-01 1.670551944e-02 -5.819975113e+01 -6.594610598e-01 5.035677001e-02 -7.500502026e-01 2.883347649e+02
-7.720214118e-01 3.854996919e-02 6.344263863e-01 2.887345472e+02 6.294563095e-02 9.978893020e-01 1.596209308e-02 -5.820414713e+01 -6.324719656e-01 5.225744681e-02 -7.728184599e-01 2.878865966e+02
-7.956664305e-01 4.379698888e-02 6.041496132e-01 2.890656661e+02 6.516454367e-02 9.977833587e-01 1.348893224e-02 -5.820262432e+01 -6.022196556e-01 5.010182442e-02 -7.967567343e-01 2.874184453e+02
-8.192247198e-01 5.107192683e-02 5.711939397e-01 2.893523561e+02 6.904351125e-02 9.975652228e-01 9.829538981e-03 -5.820562198e+01 -5.693011962e-01 4.748983652e-02 -8.207562753e-01 2.869594165e+02
-8.423692031e-01 5.918432721e-02 5.356410562e-01 2.896205555e+02 7.360741525e-02 9.972717584e-01 5.566716035e-03 -5.819469225e+01 -5.338502356e-01 4.411638380e-02 -8.444274217e-01 2.864645996e+02
-8.650764254e-01 6.745344334e-02 4.970843099e-01 2.898632459e+02 7.999519158e-02 9.967874093e-01 3.953476925e-03 -5.819478226e+01 -4.952207058e-01 4.318441429e-02 -8.676932401e-01 2.859624138e+02
-8.861589071e-01 7.378565539e-02 4.574691995e-01 2.900643865e+02 8.427809161e-02 9.964390417e-01 2.537599895e-03 -5.820463477e+01 -4.556529323e-01 4.080334785e-02 -8.892218464e-01 2.854683857e+02
-9.071934035e-01 7.488246089e-02 4.139960696e-01 2.902788277e+02 8.267596260e-02 9.965760663e-01 9.106839841e-04 -5.820823106e+01 -4.125103803e-01 3.505369007e-02 -9.102782130e-01 2.849636770e+02
-9.273794261e-01 7.502077730e-02 3.665232367e-01 2.904712239e+02 8.077356392e-02 9.967324122e-01 3.604165339e-04 -5.820551369e+01 -3.652985511e-01 2.993963096e-02 -9.304088279e-01 2.844359961e+02
-9.458328487e-01 7.517650244e-02 3.158302008e-01 2.906242182e+02 7.926841689e-02 9.968533021e-01 1.099573929e-04 -5.820524441e+01 -3.148281124e-01 2.513936134e-02 -9.488157209e-01 2.839034255e+02
-9.618982739e-01 7.724069167e-02 2.622700634e-01 2.907440113e+02 8.046614919e-02 9.967561154e-01 1.563724937e-03 -5.820710160e+01 -2.612985064e-01 2.260800637e-02 -9.649932480e-01 2.833543920e+02
-9.756852990e-01 7.506864030e-02 2.059196363e-01 2.908392741e+02 7.807335669e-02 9.969264703e-01 6.493366954e-03 -5.820967500e+01 -2.047992879e-01 2.241231989e-02 -9.785473620e-01 2.828102541e+02
-9.863783529e-01 7.260858717e-02 1.475999258e-01 2.909051342e+02 7.532142157e-02 9.970762922e-01 1.286666551e-02 -5.820951398e+01 -1.462341563e-01 2.380883657e-02 -9.889634527e-01 2.822507725e+02
-9.933517604e-01 7.300118424e-02 8.901183758e-02 2.909240267e+02 7.498031339e-02 9.970022157e-01 1.909278483e-02 -5.820603681e+01 -8.735120339e-02 2.563998690e-02 -9.958475578e-01 2.816643913e+02
-9.969502766e-01 7.283472550e-02 2.802228865e-02 2.909127118e+02 7.357213781e-02 9.969443620e-01 2.625032546e-02 -5.819256311e+01 -2.602472743e-02 2.823192891e-02 -9.992625640e-01 2.810723338e+02
-9.968946001e-01 7.043108839e-02 -3.522240787e-02 2.908641267e+02 6.916827318e-02 9.969598618e-01 3.587177007e-02 -5.819651418e+01 3.764181469e-02 3.332410075e-02 -9.987354996e-01 2.804696478e+02
-9.925582579e-01 6.960716122e-02 -9.991470213e-02 2.907898873e+02 6.520832729e-02 9.967811034e-01 4.664017540e-02 -5.817506286e+01 1.028395772e-01 3.977782065e-02 -9.939022821e-01 2.798437211e+02
-9.843949685e-01 6.274338773e-02 -1.644074614e-01 2.906614421e+02 5.428709104e-02 9.969852684e-01 5.543722838e-02 -5.813910713e+01 1.673901366e-01 4.564692586e-02 -9.848334379e-01 2.792259987e+02
-9.717405671e-01 5.925080539e-02 -2.284942281e-01 2.905072765e+02 4.596271410e-02 9.969514763e-01 6.304905013e-02 -5.810701445e+01 2.315333650e-01 5.076510485e-02 -9.715015208e-01 2.786209433e+02
-9.555153396e-01 5.783093587e-02 -2.892162144e-01 2.902987494e+02 3.915172610e-02 9.967809153e-01 6.996391393e-02 -5.807481341e+01 2.923312815e-01 5.552827896e-02 -9.547036357e-01 2.780095717e+02
-9.357812254e-01 5.844267847e-02 -3.477038274e-01 2.900528316e+02 3.398457684e-02 9.965258614e-01 7.603457156e-02 -5.803329647e+01 3.509395202e-01 5.933515711e-02 -9.345163414e-01 2.774043539e+02
-9.136563796e-01 5.841051975e-02 -4.022688543e-01 2.897544129e+02 2.929175004e-02 9.965098825e-01 7.816679204e-02 -5.799005218e+01 4.054306517e-01 5.963442950e-02 -9.121785579e-01 2.767926998e+02
-8.906878804e-01 5.388367424e-02 -4.514107324e-01 2.894250200e+02 2.110840205e-02 9.967817878e-01 7.733371130e-02 -5.794321559e+01 4.541250214e-01 5.935164017e-02 -8.889588560e-01 2.761753745e+02
-8.678279604e-01 5.103955888e-02 -4.942363751e-01 2.890535456e+02 1.487532053e-02 9.969329829e-01 7.683327758e-02 -5.788376001e+01 4.966420803e-01 5.932614208e-02 -8.659255470e-01 2.755562537e+02
-8.455747914e-01 5.450502855e-02 -5.310672970e-01 2.886504820e+02 1.510203759e-02 9.968185316e-01 7.826074110e-02 -5.782345494e+01 5.336433271e-01 5.815511155e-02 -8.437077589e-01 2.749413005e+02
-8.244955558e-01 5.881528381e-02 -5.628035545e-01 2.882069433e+02 1.600026009e-02 9.966092186e-01 8.070970829e-02 -5.776033034e+01 5.656421750e-01 5.753979254e-02 -8.226409314e-01 2.743243392e+02
-8.058241417e-01 6.169681195e-02 -5.889320471e-01 2.877436138e+02 1.610100815e-02 9.964725508e-01 8.236026338e-02 -5.770464339e+01 5.919359849e-01 5.688548886e-02 -8.039750189e-01 2.737196116e+02
-7.901085926e-01 6.384515145e-02 -6.096328473e-01 2.872482981e+02 1.647657860e-02 9.964135529e-01 8.299731237e-02 -5.763313601e+01 6.127454074e-01 5.553222614e-02 -7.883268596e-01 2.730883121e+02
-7.781194335e-01 6.972460644e-02 -6.242344324e-01 2.867353406e+02 2.372268234e-02 9.963729349e-01 8.172030886e-02 -5.756855450e+01 6.276682098e-01 4.877964529e-02 -7.769511983e-01 2.724690319e+02
-7.701333881e-01 7.631102316e-02 -6.333018176e-01 2.862142716e+02 3.136107634e-02 9.961473522e-01 8.189588318e-02 -5.751070677e+01 6.371114874e-01 4.320972734e-02 -7.695595312e-01 2.718554779e+02
-7.659509815e-01 8.081469794e-02 -6.377994030e-01 2.856831504e+02 3.689085768e-02 9.959581118e-01 8.189324899e-02 -5.745651223e+01 6.418396673e-01 3.919724744e-02 -7.658364168e-01 2.712256228e+02
-7.642858009e-01 8.445232822e-02 -6.393238763e-01 2.851293421e+02 4.023834899e-02 9.957013198e-01 8.342515876e-02 -5.739575836e+01 6.436210763e-01 3.803532703e-02 -7.643986029e-01 2.705684921e+02
-7.643819612e-01 8.642972505e-02 -6.389445359e-01 2.845395681e+02 4.292696400e-02 9.955978641e-01 8.331967759e-02 -5.732560825e+01 6.433331121e-01 3.626010947e-02 -7.647272137e-01 2.698860426e+02
-7.659164383e-01 8.888465824e-02 -6.367664620e-01 2.839526062e+02 4.626609199e-02 9.954497174e-01 8.330251466e-02 -5.724441667e+01 6.412733101e-01 3.434206962e-02 -7.665436478e-01 2.691913384e+02
-7.687784763e-01 9.086146764e-02 -6.330275255e-01 2.833656636e+02 4.858949887e-02 9.952930587e-01 8.384979326e-02 -5.716677035e+01 6.376666174e-01 3.370342607e-02 -7.695747944e-01 2.684886767e+02
-7.724812407e-01 9.438813434e-02 -6.279837679e-01 2.827705569e+02 5.166728511e-02 9.949554293e-01 8.598944905e-02 -5.709982335e+01 6.329322431e-01 3.397901991e-02 -7.734611832e-01 2.677631632e+02
-7.771003005e-01 9.651396894e-02 -6.219326143e-01 2.821472403e+02 5.498508420e-02 9.948047835e-01 8.567428576e-02 -5.701767808e+01 6.269703050e-01 3.238049605e-02 -7.783699249e-01 2.670125366e+02
-7.815687053e-01 9.786591668e-02 -6.160946528e-01 2.815468849e+02 5.742553890e-02 9.947110977e-01 8.515949471e-02 -5.693780037e+01 6.211704005e-01 3.117842857e-02 -7.830550678e-01 2.662464271e+02
-7.861251106e-01 9.898486239e-02 -6.100895897e-01 2.809458422e+02 5.883854137e-02 9.945946946e-01 8.555360559e-02 -5.685325022e+01 6.152603810e-01 3.135905610e-02 -7.876999893e-01 2.654647247e+02
-7.907388193e-01 1.024949937e-01 -6.035121341e-01 2.803274385e+02 6.203730119e-02 9.942250162e-01 8.756706202e-02 -5.676307860e+01 6.090020468e-01 3.180241120e-02 -7.925308282e-01 2.646628556e+02
-7.955222950e-01 1.045542701e-01 -5.968355575e-01 2.797103034e+02 6.453458053e-02 9.940176340e-01 8.811487503e-02 -5.668444296e+01 6.024778552e-01 3.158081526e-02 -7.975105555e-01 2.638490098e+02
-8.001465044e-01 1.046867111e-01 -5.905982256e-01 2.791192281e+02 6.663000927e-02 9.940703553e-01 8.593352451e-02 -5.660281244e+01 5.960922860e-01 2.940784400e-02 -8.023771964e-01 2.630264354e+02
-8.051516462e-01 1.070272616e-01 -5.833318026e-01 2.784910515e+02 7.142395090e-02 9.939215713e-01 8.377666382e-02 -5.652184378e+01 5.887524487e-01 2.578905675e-02 -8.079018991e-01 2.621803567e+02
-8.104618504e-01 1.054509378e-01 -5.762219093e-01 2.778887062e+02 7.010323533e-02 9.940543924e-01 8.331507245e-02 -5.644939933e+01 5.815815725e-01 2.712866767e-02 -8.130356142e-01 2.613141237e+02
-8.157583693e-01 1.047262155e-01 -5.688327546e-01 2.772965502e+02 6.975948781e-02 9.941065437e-01 8.298068233e-02 -5.637993764e+01 5.741706165e-01 2.801070448e-02 -8.182563801e-01 2.604466141e+02
-8.211305204e-01 1.034504111e-01 -5.612866299e-01 2.766988106e+02 6.877018979e-02 9.942043194e-01 8.263432864e-02 -5.630732685e+01 5.665821471e-01 2.925378122e-02 -8.234858146e-01 2.595644144e+02
-8.264329620e-01 1.006557587e-01 -5.539647800e-01 2.760995020e+02 6.608475547e-02 9.944306821e-01 8.210008327e-02 -5.623269867e+01 5.591434202e-01 3.124158798e-02 -8.284821053e-01 2.586667637e+02
-8.316624390e-01 9.906501790e-02 -5.463732330e-01 2.755102258e+02 6.453678886e-02 9.945333462e-01 8.208791684e-02 -5.616615450e+01 5.515184407e-01 3.300826316e-02 -8.335093666e-01 2.577612565e+02
-8.363812427e-01 1.002686792e-01 -5.388994422e-01 2.749030559e+02 6.641011415e-02 9.944210348e-01 8.195426917e-02 -5.608153799e+01 5.441103873e-01 3.275664003e-02 -8.383739554e-01 2.568227855e+02
-8.406921376e-01 1.026668534e-01 -5.316918722e-01 2.743114228e+02 6.888234821e-02 9.941616681e-01 8.305299370e-02 -5.599024754e+01 5.371144681e-01 3.319781412e-02 -8.428558318e-01 2.558818536e+02
-8.452543289e-01 1.049503626e-01 -5.239566212e-01 2.737477066e+02 7.156880154e-02 9.939234555e-01 8.363056395e-02 -5.592281362e+01 5.295498335e-01 3.319014877e-02 -8.476292750e-01 2.549676540e+02
-8.494486867e-01 1.031012376e-01 -5.175007860e-01 2.731830551e+02 7.274188043e-02 9.942424377e-01 7.868032687e-02 -5.584134878e+01 5.226332820e-01 2.919092003e-02 -8.520577109e-01 2.540237645e+02
-8.535201508e-01 1.032727956e-01 -5.107230971e-01 2.726077266e+02 7.518172042e-02 9.943139357e-01 7.541555628e-02 -5.576927263e+01 5.156074681e-01 2.597165587e-02 -8.564312068e-01 2.530636773e+02
-8.571710210e-01 1.025688993e-01 -5.047152282e-01 2.720579257e+02 7.466859754e-02 9.943640564e-01 7.526436022e-02 -5.569477908e+01 5.095904642e-01 2.682805025e-02 -8.599987293e-01 2.520995557e+02
-8.607574752e-01 1.035346848e-01 -4.983744958e-01 2.715038983e+02 7.419355783e-02 9.941581589e-01 7.838922819e-02 -5.562673431e+01 5.035790752e-01 3.049793716e-02 -8.634106734e-01 2.511195879e+02
-8.641828919e-01 1.044345018e-01 -4.922208489e-01 2.709344589e+02 7.516665344e-02 9.940416992e-01 7.893715540e-02 -5.554930310e+01 4.975318115e-01 3.121754527e-02 -8.668838223e-01 2.501290528e+02
-8.670372098e-01 1.072656593e-01 -4.865599194e-01 2.703684302e+02 7.931004489e-02 9.938121443e-01 7.776463567e-02 -5.547563645e+01 4.918906318e-01 2.883574368e-02 -8.701793529e-01 2.491235394e+02
-8.700312977e-01 1.064685818e-01 -4.813626305e-01 2.698005287e+02 7.817360155e-02 9.938423159e-01 7.852604147e-02 -5.540463263e+01 4.867591078e-01 3.069026329e-02 -8.729969523e-01 2.480981996e+02
-8.729764375e-01 1.033131909e-01 -4.766954208e-01 2.692675678e+02 7.491005723e-02 9.941139182e-01 7.826877395e-02 -5.532684335e+01 4.819757493e-01 3.261751420e-02 -8.755772238e-01 2.470864103e+02
-8.758964854e-01 9.994269569e-02 -4.720347493e-01 2.687253158e+02 7.155296563e-02 9.944003357e-01 7.776982329e-02 -5.526161624e+01 4.771640389e-01 3.434282869e-02 -8.781429554e-01 2.460685646e+02
-8.787836536e-01 9.597911821e-02 -4.674690354e-01 2.682039375e+02 6.755072090e-02 9.947210660e-01 7.724571839e-02 -5.518726450e+01 4.724152731e-01 3.630440429e-02 -8.806280713e-01 2.450698428e+02
-8.814297225e-01 9.376404879e-02 -4.629146221e-01 2.676891403e+02 6.495424229e-02 9.948484872e-01 7.782951891e-02 -5.513746894e+01 4.678275223e-01 3.853298273e-02 -8.829793987e-01 2.440762531e+02
-8.836943810e-01 9.315710743e-02 -4.587003316e-01 2.672237757e+02 6.403227995e-02 9.948411809e-01 7.868222079e-02 -5.508061864e+01 4.636637877e-01 4.015940835e-02 -8.851006236e-01 2.431298436e+02
-8.863881722e-01 9.311553610e-02 -4.534815379e-01 2.667456845e+02 6.335560850e-02 9.947456077e-01 8.041916923e-02 -5.501359944e+01 4.585870420e-01 4.255200165e-02 -8.876301325e-01 2.421794391e+02
-8.889894592e-01 9.798637662e-02 -4.473213739e-01 2.662338307e+02 6.811425055e-02 9.942666146e-01 8.242783455e-02 -5.494101836e+01 4.528335129e-01 4.280851592e-02 -8.905668086e-01 2.412000000e+02
-8.919069131e-01 1.010210076e-01 -4.407911234e-01 2.657525617e+02 7.087121401e-02 9.939098507e-01 8.438293529e-02 -5.487359907e+01 4.466310888e-01 4.402232129e-02 -8.936345482e-01 2.402296384e+02
-8.949382684e-01 1.032567083e-01 -4.340778132e-01 2.652804654e+02 7.332346854e-02 9.936624469e-01 8.519747933e-02 -5.481383793e+01 4.401240333e-01 4.441839374e-02 -8.968376897e-01 2.392653587e+02
-8.983251754e-01 1.047540725e-01 -4.266596577e-01 2.648307807e+02 7.520291338e-02 9.934887359e-01 8.558418889e-02 -5.475230595e+01 4.328468564e-01 4.479638221e-02 -9.003537544e-01 2.383234539e+02
-9.010569821e-01 1.064394868e-01 -4.204366192e-01 2.644304916e+02 7.701973115e-02 9.932790744e-01 8.639815562e-02 -5.469500657e+01 4.268070713e-01 4.546774599e-02 -9.031989858e-01 2.374058790e+02
-9.041436797e-01 1.048253632e-01 -4.141688661e-01 2.640285638e+02 7.519506456e-02 9.933435265e-01 8.726018909e-02 -5.462824913e+01 4.205590430e-01 4.775229384e-02 -9.060076213e-01 2.364973151e+02
-9.070119378e-01 1.005316118e-01 -4.089287709e-01 2.636521527e+02 7.084621229e-02 9.936730333e-01 8.714767439e-02 -5.456940716e+01 4.151025883e-01 5.007292652e-02 -9.083955874e-01 2.355968507e+02
-9.097243895e-01 9.743071729e-02 -4.036196111e-01 2.632633975e+02 6.868066335e-02 9.939987780e-01 8.514338365e-02 -5.450265150e+01 4.094929812e-01 4.973615008e-02 -9.109565378e-01 2.347172811e+02
-9.116611273e-01 9.365397589e-02 -4.001286316e-01 2.628920059e+02 6.597402307e-02 9.944103426e-01 8.243481571e-02 -5.444947368e+01 4.056123979e-01 4.875452144e-02 -9.127439835e-01 2.338489733e+02
-9.126952101e-01 8.967808455e-02 -3.986794384e-01 2.625426327e+02 6.211154974e-02 9.947311043e-01 8.156093096e-02 -5.439848381e+01 4.038930661e-01 4.967767325e-02 -9.134563591e-01 2.330022341e+02
-9.130428591e-01 8.612368813e-02 -3.986670889e-01 2.621895891e+02 5.814743811e-02 9.949537491e-01 8.176742990e-02 -5.433644926e+01 4.036974274e-01 5.147569810e-02 -9.134432876e-01 2.321613259e+02
-9.124158229e-01 8.505896101e-02 -4.003277898e-01 2.618543766e+02 5.650518964e-02 9.949778415e-01 8.262117486e-02 -5.428597322e+01 4.053449515e-01 5.276426957e-02 -9.126397987e-01 2.313526159e+02
-9.108344339e-01 8.229704934e-02 -4.044846471e-01 2.615122491e+02 5.372549680e-02 9.952235619e-01 8.150848332e-02 -5.424263387e+01 4.092605589e-01 5.250959465e-02 -9.109053394e-01 2.305591785e+02
-9.074598767e-01 7.731265062e-02 -4.129640737e-01 2.611709077e+02 4.821933376e-02 9.955932184e-01 8.043033789e-02 -5.418756986e+01 4.173625139e-01 5.307445200e-02 -9.071888638e-01 2.297682637e+02
-9.022450448e-01 7.458369778e-02 -4.247247946e-01 2.608335523e+02 4.406238367e-02 9.957192205e-01 8.125109372e-02 -5.412322435e+01 4.289666484e-01 5.459400985e-02 -9.016690683e-01 2.290147943e+02
-8.953632302e-01 7.430979269e-02 -4.390930890e-01 2.604861721e+02 4.163126084e-02 9.956290616e-01 8.360388697e-02 -5.407681522e+01 4.433864276e-01 5.657584737e-02 -8.945432630e-01 2.282920632e+02
-8.868678471e-01 7.390616562e-02 -4.560737884e-01 2.601376052e+02 3.897760964e-02 9.955723265e-01 8.553647565e-02 -5.403012695e+01 4.603761156e-01 5.808288391e-02 -8.858217715e-01 2.276016053e+02
-8.760479178e-01 7.556907205e-02 -4.762660613e-01 2.597935111e+02 3.887518915e-02 9.954975862e-01 8.644810887e-02 -5.399392198e+01 4.806545178e-01 5.721775255e-02 -8.750413495e-01 2.269405768e+02
-8.632292862e-01 7.558531384e-02 -4.991212876e-01 2.593980224e+02 3.681925429e-02 9.955207101e-01 8.707960927e-02 -5.394954044e+01 5.034675183e-01 5.679239534e-02 -8.621456268e-01 2.263128267e+02
-8.471698656e-01 7.476422480e-02 -5.260356732e-01 2.590053321e+02 3.454155719e-02 9.957057722e-01 8.588885911e-02 -5.389896953e+01 5.301981702e-01 5.459236194e-02 -8.461143979e-01 2.257038965e+02
-8.290786160e-01 7.002006855e-02 -5.547304196e-01 2.586127162e+02 2.900356776e-02 9.961777450e-01 8.239352767e-02 -5.386297023e+01 5.583792990e-01 5.222155058e-02 -8.279404979e-01 2.251271871e+02
-8.072623631e-01 6.697909595e-02 -5.863798069e-01 2.582094390e+02 2.554495900e-02 9.965736924e-01 7.866594390e-02 -5.381540531e+01 5.896396631e-01 4.852500764e-02 -8.062074121e-01 2.245790848e+02
-7.823623515e-01 6.304329514e-02 -6.196246396e-01 2.577803076e+02 2.044674182e-02 9.969274416e-01 7.561485928e-02 -5.376895686e+01 6.224878166e-01 4.648891408e-02 -7.812475274e-01 2.240554933e+02
-7.529497340e-01 6.370220899e-02 -6.549875775e-01 2.573301721e+02 1.643364931e-02 9.968135448e-01 7.805569851e-02 -5.372439553e+01 6.578728093e-01 4.800818128e-02 -7.515973532e-01 2.235664599e+02
-7.197445728e-01 5.906597545e-02 -6.917217363e-01 2.568757345e+02 4.781358864e-03 9.967722213e-01 8.013911311e-02 -5.369281172e+01 6.942225065e-01 5.437232188e-02 -7.177038123e-01 2.230904539e+02
-6.830046547e-01 5.828751653e-02 -7.280846153e-01 2.563864212e+02 -3.170436974e-03 9.965648709e-01 8.275509924e-02 -5.364324242e+01 7.304071398e-01 5.883046437e-02 -6.804736487e-01 2.226442281e+02
-6.441260699e-01 5.791354653e-02 -7.627238210e-01 2.558837936e+02 -1.044072284e-02 9.963711827e-01 8.447163815e-02 -5.360485224e+01 7.648480878e-01 6.237377232e-02 -6.411839948e-01 2.222274915e+02
-6.029465956e-01 6.113773373e-02 -7.954354659e-01 2.553594911e+02 -1.655944241e-02 9.958853211e-01 8.909664461e-02 -5.356039525e+01 7.976096713e-01 6.689248633e-02 -5.994532571e-01 2.218419474e+02
-5.592924291e-01 6.388617419e-02 -8.265050124e-01 2.547990937e+02 -2.328076987e-02 9.954221648e-01 9.269692378e-02 -5.352808793e+01 8.286434604e-01 7.108636066e-02 -5.552447611e-01 2.214689838e+02
-5.127982156e-01 6.549021084e-02 -8.560076065e-01 2.542127951e+02 -3.013434571e-02 9.950986538e-01 9.418381185e-02 -5.347363658e+01 8.579801346e-01 7.409251979e-02 -5.083113093e-01 2.211296943e+02
-4.650156050e-01 6.532614820e-02 -8.828889972e-01 2.536086317e+02 -3.678151984e-02 9.949871295e-01 9.299318221e-02 -5.340842361e+01 8.845380754e-01 7.571728006e-02 -4.602817470e-01 2.208361847e+02
-4.139949117e-01 6.813988935e-02 -9.077252715e-01 2.529897092e+02 -3.960291006e-02 9.949018971e-01 9.274602248e-02 -5.334654027e+01 9.094172984e-01 7.434494367e-02 -4.091857851e-01 2.205767823e+02
-3.625231739e-01 7.167792698e-02 -9.292143042e-01 2.523491754e+02 -4.452295799e-02 9.945676968e-01 9.408933374e-02 -5.328906442e+01 9.309106588e-01 7.548093333e-02 -3.573625248e-01 2.203545980e+02
-3.089078790e-01 7.709000768e-02 -9.479625800e-01 2.516863350e+02 -4.404252377e-02 9.944810087e-01 9.522488874e-02 -5.323469893e+01 9.500716701e-01 7.116638287e-02 -3.038077806e-01 2.201652739e+02
-2.541666778e-01 8.136395720e-02 -9.637319162e-01 2.510303412e+02 -4.550324726e-02 9.943456170e-01 9.594919692e-02 -5.318282625e+01 9.660894133e-01 6.824002029e-02 -2.490271978e-01 2.200169690e+02
-1.988775601e-01 8.552212242e-02 -9.762856563e-01 2.503517210e+02 -4.778178203e-02 9.941542161e-01 9.682094803e-02 -5.313669291e+01 9.788588343e-01 6.590418234e-02 -1.936285654e-01 2.199068105e+02
-1.418999892e-01 8.568434645e-02 -9.861655976e-01 2.496647435e+02 -5.271994850e-02 9.941785103e-01 9.396646593e-02 -5.308176638e+01 9.884760999e-01 6.532444001e-02 -1.365566455e-01 2.198174425e+02
-8.509801535e-02 8.353412530e-02 -9.928647328e-01 2.489773630e+02 -5.417485396e-02 9.946174134e-01 8.832488988e-02 -5.303159661e+01 9.948986948e-01 6.130457474e-02 -8.011451887e-02 2.197885098e+02
-2.765092801e-02 7.869800774e-02 -9.965149521e-01 2.482714740e+02 -5.433055859e-02 9.953042690e-01 8.010994041e-02 -5.297757449e+01 9.981400786e-01 5.635632819e-02 -2.324537997e-02 2.197911767e+02
2.880781848e-02 7.407749860e-02 -9.968363124e-01 2.475876324e+02 -5.024556688e-02 9.960968364e-01 7.257048717e-02 -5.293921815e+01 9.983213373e-01 4.799600818e-02 3.241744276e-02 2.198514710e+02
8.302222326e-02 7.169703403e-02 -9.939652136e-01 2.468813975e+02 -4.573861286e-02 9.966316228e-01 6.806899187e-02 -5.288749710e+01 9.954975087e-01 3.981135106e-02 8.602189598e-02 2.199360358e+02
1.331078390e-01 7.076110721e-02 -9.885722882e-01 2.461536548e+02 -3.690896730e-02 9.971100377e-01 6.640256680e-02 -5.284337978e+01 9.904140706e-01 2.764848009e-02 1.353348817e-01 2.200576045e+02
1.771301513e-01 6.965936445e-02 -9.817191464e-01 2.454429954e+02 -2.558652435e-02 9.974808383e-01 6.616121989e-02 -5.280979754e+01 9.838547857e-01 1.339963396e-02 1.784662728e-01 2.202184389e+02
2.157572231e-01 6.702826995e-02 -9.741437428e-01 2.447270232e+02 -1.372278532e-02 9.977507651e-01 6.561323013e-02 -5.276717772e+01 9.763506060e-01 -7.885628729e-04 2.161917490e-01 2.204034902e+02
2.490204124e-01 6.215293778e-02 -9.665018606e-01 2.440080743e+02 -1.986625615e-04 9.979419462e-01 6.412357305e-02 -5.273374115e+01 9.684982162e-01 -1.577607087e-02 2.485202625e-01 2.206275228e+02
2.761867006e-01 5.532053836e-02 -9.595105755e-01 2.432876611e+02 1.287795282e-02 9.980394541e-01 6.124872483e-02 -5.270465939e+01 9.610177234e-01 -2.927261515e-02 2.749328086e-01 2.208694697e+02
2.964744194e-01 4.669823539e-02 -9.538984188e-01 2.425517349e+02 2.594006790e-02 9.980416090e-01 5.692152066e-02 -5.268512753e+01 9.546884474e-01 -4.161996454e-02 2.946824512e-01 2.211406920e+02
3.096693081e-01 3.823575568e-02 -9.500752321e-01 2.418134790e+02 3.784707717e-02 9.979036578e-01 5.249655708e-02 -5.266208962e+01 9.500907948e-01 -5.221414313e-02 3.075730236e-01 2.214233000e+02
3.179921782e-01 3.024182426e-02 -9.476108941e-01 2.410723848e+02 4.735728922e-02 9.977368469e-01 4.773333677e-02 -5.262742936e+01 9.469098488e-01 -6.005511091e-02 3.158403424e-01 2.216831619e+02
3.216720771e-01 2.509007800e-02 -9.465186542e-01 2.403098830e+02 5.265589434e-02 9.976278539e-01 4.433984622e-02 -5.260329564e+01 9.453858639e-01 -6.410267667e-02 3.195878834e-01 2.219669658e+02
3.225751871e-01 2.087836870e-02 -9.463135539e-01 2.395447998e+02 5.412779717e-02 9.977138402e-01 4.046324979e-02 -5.257128951e+01 9.449949366e-01 -6.427430848e-02 3.207076286e-01 2.222233962e+02
3.197171471e-01 1.671403363e-02 -9.473656036e-01 2.387560763e+02 5.466055874e-02 9.978539486e-01 3.605163859e-02 -5.253827046e+01 9.459350766e-01 -6.330986026e-02 3.181174193e-01 2.224961323e+02
3.152477078e-01 1.278382873e-02 -9.489233143e-01 2.379581557e+02 5.609651649e-02 9.979098446e-01 3.207994400e-02 -5.251101278e+01 9.473500217e-01 -6.334442116e-02 3.138716629e-01 2.227450969e+02
3.076396038e-01 1.066197346e-02 -9.514432177e-01 2.371504530e+02 5.869874338e-02 9.978199998e-01 3.016132542e-02 -5.250283604e+01 9.496906505e-01 -6.512733947e-02 3.063431050e-01 2.230030362e+02
2.977064069e-01 1.028337231e-02 -9.546020886e-01 2.363051131e+02 6.152231466e-02 9.976567409e-01 2.993379470e-02 -5.249021907e+01 9.526730290e-01 -6.764081253e-02 2.963761468e-01 2.232728266e+02
2.866628873e-01 1.099818367e-02 -9.579683862e-01 2.354533012e+02 6.231095089e-02 9.976028194e-01 3.009917294e-02 -5.246405935e+01 9.560029992e-01 -6.832023689e-02 2.852903973e-01 2.235268812e+02
2.752021446e-01 1.127061944e-02 -9.613203175e-01 2.345910084e+02 6.385530231e-02 9.975088945e-01 2.997508609e-02 -5.244751074e+01 9.592634049e-01 -6.963460747e-02 2.737968982e-01 2.237633219e+02
2.620818184e-01 1.073651943e-02 -9.649859313e-01 2.337042132e+02 6.452153433e-02 9.975057707e-01 2.862182778e-02 -5.242415771e+01 9.628863339e-01 -6.976363357e-02 2.607353895e-01 2.240030118e+02
2.478017346e-01 1.064047244e-02 -9.687523320e-01 2.328018973e+02 6.654628738e-02 9.973910300e-01 2.797722009e-02 -5.240092320e+01 9.665225771e-01 -7.139967475e-02 2.464471434e-01 2.242414159e+02
2.339989442e-01 1.197478287e-02 -9.721631029e-01 2.318861870e+02 6.656496001e-02 9.973804637e-01 2.830753890e-02 -5.237178112e+01 9.699554630e-01 -7.133593229e-02 2.325888745e-01 2.244457154e+02
2.196943300e-01 1.571100211e-02 -9.754422411e-01 2.309583442e+02 6.529764315e-02 9.973912725e-01 3.077121030e-02 -5.235341239e+01 9.733810247e-01 -7.045433981e-02 2.180953159e-01 2.246366561e+02
2.050845194e-01 1.814147008e-02 -9.785761222e-01 2.300005882e+02 6.960303735e-02 9.970264576e-01 3.307053011e-02 -5.233567454e+01 9.762662327e-01 -7.489412416e-02 2.032119904e-01 2.248314049e+02
1.897295842e-01 1.720312648e-02 -9.816856612e-01 2.290084464e+02 7.388185947e-02 9.967615746e-01 3.174640432e-02 -5.229651137e+01 9.790526828e-01 -7.855199415e-02 1.878441602e-01 2.250373785e+02
1.742739814e-01 1.436706566e-02 -9.845923861e-01 2.280282366e+02 7.441685314e-02 9.968419445e-01 2.771767823e-02 -5.227547923e+01 9.818812104e-01 -7.810073714e-02 1.726544627e-01 2.252138520e+02
1.591088486e-01 1.001252710e-02 -9.872102732e-01 2.270556604e+02 7.656603972e-02 9.968117355e-01 2.245006919e-02 -5.226346984e+01 9.842875677e-01 -7.915878565e-02 1.578349480e-01 2.253451659e+02
1.427797645e-01 8.597991607e-03 -9.897171381e-01 2.260456670e+02 7.634571872e-02 9.968872849e-01 1.967415891e-02 -5.224315501e+01 9.868055888e-01 -7.836973801e-02 1.416789119e-01 2.254944345e+02
1.277023857e-01 1.613639410e-02 -9.916812580e-01 2.250165141e+02 7.067677946e-02 9.971776818e-01 2.532713532e-02 -5.222490788e+01 9.892911066e-01 -7.332317317e-02 1.262015006e-01 2.256239452e+02
1.133850688e-01 2.676721597e-02 -9.931904864e-01 2.239738084e+02 6.355247806e-02 9.973945197e-01 3.413582499e-02 -5.220341715e+01 9.915164692e-01 -6.699020947e-02 1.113885234e-01 2.257344351e+02
1.001828973e-01 3.054122013e-02 -9.945001865e-01 2.229264343e+02 5.974867064e-02 9.975402843e-01 3.665347965e-02 -5.218956160e+01 9.931734408e-01 -6.309211588e-02 9.811167855e-02 2.258186372e+02
8.740477744e-02 2.494212971e-02 -9.958605801e-01 2.218648513e+02 6.088597772e-02 9.976837622e-01 3.033163853e-02 -5.216145398e+01 9.943104659e-01 -6.328507521e-02 8.568370124e-02 2.259045662e+02
7.511682729e-02 2.064924488e-02 -9.969609175e-01 2.208283965e+02 6.519803656e-02 9.975445856e-01 2.557373277e-02 -5.213086748e+01 9.950410435e-01 -6.692091202e-02 7.358609412e-02 2.259712881e+02
6.316443174e-02 2.381040593e-02 -9.977190582e-01 2.197683659e+02 7.249468247e-02 9.969648867e-01 2.838196168e-02 -5.211378272e+01 9.953666538e-01 -7.412205680e-02 6.124659271e-02 2.260351519e+02
5.077337713e-02 2.587317622e-02 -9.983750012e-01 2.187136944e+02 7.756508356e-02 9.965427158e-01 2.977034331e-02 -5.209518909e+01 9.956935884e-01 -7.895058126e-02 4.859098406e-02 2.260875706e+02
3.934320717e-02 2.292813605e-02 -9.989626683e-01 2.176465207e+02 8.001793913e-02 9.964537048e-01 2.602198190e-02 -5.207421362e+01 9.960166873e-01 -8.095872221e-02 3.736902235e-02 2.261222814e+02
2.870188203e-02 2.149494760e-02 -9.993568778e-01 2.165795365e+02 8.075499362e-02 9.964509446e-01 2.375175642e-02 -5.205546435e+01 9.963206477e-01 -8.138477840e-02 2.686419311e-02 2.261516622e+02
1.988189388e-02 2.507112197e-02 -9.994879435e-01 2.155042849e+02 7.539868196e-02 9.968011837e-01 2.650356398e-02 -5.203347229e+01 9.969552392e-01 -7.588701462e-02 1.792796580e-02 2.261579255e+02
1.307995040e-02 3.060650562e-02 -9.994459249e-01 2.144059487e+02 7.049302433e-02 9.970162176e-01 3.145465597e-02 -5.200994470e+01 9.974265128e-01 -7.086539124e-02 1.088337753e-02 2.261460827e+02
7.429813895e-03 3.336202788e-02 -9.994157158e-01 2.132986553e+02 6.964115634e-02 9.969993635e-01 3.379908967e-02 -5.198691872e+01 9.975444387e-01 -6.985158706e-02 5.084149525e-03 2.261371326e+02
3.276974475e-03 3.343775917e-02 -9.994354295e-01 2.122095656e+02 7.051719948e-02 9.969449978e-01 3.358565127e-02 -5.197316180e+01 9.975051809e-01 -7.058744687e-02 9.090261772e-04 2.261300359e+02
-1.023004706e-03 3.244113080e-02 -9.994731244e-01 2.111366996e+02 7.242738750e-02 9.968511188e-01 3.228189251e-02 -5.194494120e+01 9.973731634e-01 -7.235620275e-02 -3.369409737e-03 2.261219914e+02
-4.887052987e-03 3.087230727e-02 -9.995113893e-01 2.100336649e+02 7.650930676e-02 9.966050633e-01 3.040845059e-02 -5.192058837e+01 9.970568904e-01 -7.632331579e-02 -7.232480578e-03 2.261067822e+02
-8.957150922e-03 2.694478686e-02 -9.995967927e-01 2.089391889e+02 8.195612012e-02 9.962935657e-01 2.612135676e-02 -5.191147166e+01 9.965956872e-01 -8.168910188e-02 -1.113224202e-02 2.260921539e+02
-1.347478358e-02 2.365607457e-02 -9.996293415e-01 2.078498351e+02 8.538812348e-02 9.960954511e-01 2.242143248e-02 -5.188500029e+01 9.962566429e-01 -8.505434970e-02 -1.544211844e-02 2.260788720e+02
-1.744219245e-02 2.463267923e-02 -9.995443967e-01 2.067684732e+02 8.520344359e-02 9.960966660e-01 2.306090142e-02 -5.186807265e+01 9.962108929e-01 -8.476239194e-02 -1.947289884e-02 2.260435783e+02
-2.089976080e-02 2.952599582e-02 -9.993454936e-01 2.056624353e+02 8.568302859e-02 9.959391610e-01 2.763342696e-02 -5.185407996e+01 9.961032168e-01 -8.504941649e-02 -2.334476698e-02 2.260018293e+02
-2.489762899e-02 3.365286868e-02 -9.991234120e-01 2.045741035e+02 8.394033060e-02 9.959741969e-01 3.145504677e-02 -5.183095329e+01 9.961596905e-01 -8.308359344e-02 -2.762222897e-02 2.259570750e+02
-2.847074971e-02 3.577561491e-02 -9.989542141e-01 2.034606054e+02 8.206023825e-02 9.960697725e-01 3.333355186e-02 -5.180058141e+01 9.962206250e-01 -8.102538960e-02 -3.129460867e-02 2.259140256e+02
-3.295055430e-02 3.689370059e-02 -9.987758086e-01 2.023256160e+02 7.973648390e-02 9.962301776e-01 3.416908605e-02 -5.176432841e+01 9.962712252e-01 -7.851298086e-02 -3.576811053e-02 2.258923001e+02
-3.591773979e-02 3.866431856e-02 -9.986065223e-01 2.012308570e+02 7.542275436e-02 9.965062652e-01 3.587020515e-02 -5.174564952e+01 9.965045530e-01 -7.402927775e-02 -3.870842214e-02 2.258217275e+02
-3.884302012e-02 4.179263810e-02 -9.983709707e-01 2.000971359e+02 7.280877174e-02 9.965875875e-01 3.888525702e-02 -5.172474498e+01 9.965892346e-01 -7.117974330e-02 -4.175334236e-02 2.257674959e+02
-4.160525909e-02 4.459149933e-02 -9.981385678e-01 1.990146836e+02 7.129961973e-02 9.965891511e-01 4.155030839e-02 -5.170203293e+01 9.965868586e-01 -6.943818898e-02 -4.464270678e-02 2.257047023e+02
-4.437937895e-02 4.395456324e-02 -9.980473271e-01 1.979065380e+02 7.199583361e-02 9.965746636e-01 4.068832468e-02 -5.167502174e+01 9.964171168e-01 -7.004952671e-02 -4.739191007e-02 2.256396149e+02
-4.792146371e-02 3.942137576e-02 -9.980728873e-01 1.968123492e+02 7.002487672e-02 9.968949813e-01 3.601267755e-02 -5.164959594e+01 9.963935216e-01 -6.816415068e-02 -5.053314364e-02 2.255790446e+02
-5.084029962e-02 3.540604159e-02 -9.980789929e-01 1.957123122e+02 7.043150133e-02 9.970102331e-01 3.178047767e-02 -5.162329061e+01 9.962201903e-01 -6.868047292e-02 -5.318199964e-02 2.255226766e+02
-5.344787681e-02 3.555739546e-02 -9.979373708e-01 1.945934644e+02 6.982548662e-02 9.970526782e-01 3.178613538e-02 -5.159374135e+01 9.961263604e-01 -6.798256109e-02 -5.577316116e-02 2.254739966e+02
-5.486305600e-02 3.771483862e-02 -9.977813568e-01 1.934896620e+02 6.809546974e-02 9.971011739e-01 3.394489590e-02 -5.156501589e+01 9.961691885e-01 -6.608206946e-02 -5.727222719e-02 2.254095021e+02
-5.614913671e-02 3.852894699e-02 -9.976787031e-01 1.923642508e+02 6.843320038e-02 9.970536789e-01 3.465340406e-02 -5.154234715e+01 9.960743805e-01 -6.632858789e-02 -5.862036248e-02 2.253422024e+02
-5.718022657e-02 3.799878509e-02 -9.976404733e-01 1.912702385e+02 7.168391262e-02 9.968524992e-01 3.386017550e-02 -5.152116964e+01 9.957870447e-01 -6.957864001e-02 -5.972415335e-02 2.252752752e+02
-5.801281875e-02 3.782614912e-02 -9.975989652e-01 1.901968383e+02 7.392342490e-02 9.967013229e-01 3.349328516e-02 -5.149833245e+01 9.955751303e-01 -7.180289230e-02 -6.061769168e-02 2.252008768e+02
-5.790365322e-02 3.687660891e-02 -9.976408586e-01 1.890841805e+02 7.437110227e-02 9.967000775e-01 3.252529221e-02 -5.146704497e+01 9.955481435e-01 -7.231231708e-02 -6.045512971e-02 2.251239459e+02
-5.784251659e-02 3.701822567e-02 -9.976391603e-01 1.879932809e+02 7.636642687e-02 9.965483740e-01 3.255007179e-02 -5.145534948e+01 9.954006290e-01 -7.430335992e-02 -6.046981548e-02 2.250738706e+02
-5.651632132e-02 3.712358762e-02 -9.977112532e-01 1.868971344e+02 7.682692049e-02 9.965071889e-01 3.272685049e-02 -5.142599319e+01 9.954413743e-01 -7.480148192e-02 -5.917101140e-02 2.249988943e+02
-5.424744767e-02 3.813604913e-02 -9.977990059e-01 1.857874147e+02 7.712481567e-02 9.964452547e-01 3.389125524e-02 -5.139819794e+01 9.955445632e-01 -7.511655031e-02 -5.699584757e-02 2.249344511e+02
-5.181394425e-02 3.886373570e-02 -9.979002582e-01 1.847135283e+02 7.497779901e-02 9.965736266e-01 3.491899941e-02 -5.137455520e+01 9.958381620e-01 -7.301107390e-02 -5.455032769e-02 2.248706082e+02
-4.796326191e-02 3.992606829e-02 -9.980508176e-01 1.836467075e+02 7.330927297e-02 9.966467051e-01 3.634687925e-02 -5.135178839e+01 9.961552469e-01 -7.142306494e-02 -5.072937799e-02 2.247920411e+02
-4.487440173e-02 4.150978476e-02 -9.981298642e-01 1.825808768e+02 7.106072016e-02 9.967380632e-01 3.825712118e-02 -5.132110393e+01 9.964620726e-01 -6.921106154e-02 -4.767773947e-02 2.247451983e+02
-4.073686704e-02 4.282085224e-02 -9.982519132e-01 1.814937637e+02 6.828874275e-02 9.968644238e-01 3.997459382e-02 -5.129040876e+01 9.968335645e-01 -6.654092839e-02 -4.353331565e-02 2.246912715e+02
-3.590588088e-02 4.431014594e-02 -9.983723647e-01 1.803937205e+02 6.664856639e-02 9.968985574e-01 4.184775796e-02 -5.126300133e+01 9.971302504e-01 -6.503750622e-02 -3.874772855e-02 2.246454037e+02
-3.070687802e-02 4.605048993e-02 -9.984670450e-01 1.793398349e+02 6.545477847e-02 9.968865463e-01 4.396459771e-02 -5.122902773e+01 9.973829553e-01 -6.400442371e-02 -3.362549819e-02 2.245920636e+02
-2.635565125e-02 4.906883786e-02 -9.984476094e-01 1.782761821e+02 6.386137850e-02 9.968370276e-01 4.730396049e-02 -5.118930706e+01 9.976106976e-01 -6.251551401e-02 -2.940589268e-02 2.245454581e+02
-2.155323952e-02 4.937989588e-02 -9.985474870e-01 1.771992411e+02 6.698038824e-02 9.966068111e-01 4.783818180e-02 -5.115492313e+01 9.975214712e-01 -6.585203056e-02 -2.478758990e-02 2.245164747e+02
-1.657450073e-02 4.735805473e-02 -9.987404571e-01 1.761180103e+02 6.964551930e-02 9.965062124e-01 4.609631633e-02 -5.111727538e+01 9.974341019e-01 -6.879377435e-02 -1.981486926e-02 2.244954217e+02
-1.002412861e-02 4.346769939e-02 -9.990045425e-01 1.750594534e+02 7.079209439e-02 9.965787986e-01 4.265181665e-02 -5.108142141e+01 9.974407232e-01 -7.029407657e-02 -1.306700353e-02 2.244705413e+02
-2.965943325e-03 4.366335370e-02 -9.990418984e-01 1.739989028e+02 7.340368087e-02 9.963606588e-01 4.332824957e-02 -5.104959161e+01 9.972979007e-01 -7.320484355e-02 -6.160200127e-03 2.244594062e+02
4.067381556e-03 4.360994734e-02 -9.990403540e-01 1.729519600e+02 7.697360276e-02 9.960708689e-01 4.379370561e-02 -5.100902564e+01 9.970248346e-01 -7.707786106e-02 6.945855170e-04 2.244715917e+02
1.390201401e-02 4.621219380e-02 -9.988349049e-01 1.718943425e+02 7.940769920e-02 9.957254009e-01 4.717354381e-02 -5.097635346e+01 9.967452791e-01 -7.997098894e-02 1.017298449e-02 2.244817291e+02
2.419269133e-02 4.738315413e-02 -9.985837723e-01 1.708411522e+02 8.132565502e-02 9.954722138e-01 4.920578641e-02 -5.096038566e+01 9.963939239e-01 -8.240089978e-02 2.022968595e-02 2.244896281e+02
3.428460606e-02 4.745383149e-02 -9.982848790e-01 1.697946851e+02 8.407164867e-02 9.951947019e-01 5.019425425e-02 -5.092635399e+01 9.958697323e-01 -8.564834585e-02 3.013033646e-02 2.245329830e+02
4.505193346e-02 4.690894346e-02 -9.978826957e-01 1.687592795e+02 8.482279595e-02 9.951099985e-01 5.060814246e-02 -5.089774388e+01 9.953770223e-01 -8.692319494e-02 4.085268170e-02 2.245643062e+02
5.674610766e-02 4.695592507e-02 -9.972838214e-01 1.677245919e+02 8.487750766e-02 9.950502252e-01 5.168034505e-02 -5.086289962e+01 9.947741894e-01 -8.757962361e-02 5.247972532e-02 2.246111861e+02
6.997189340e-02 4.809433622e-02 -9.963889145e-01 1.667131588e+02 8.400463665e-02 9.950050857e-01 5.392680692e-02 -5.082022956e+01 9.940056112e-01 -8.747464951e-02 6.558224255e-02 2.246766566e+02
8.383398827e-02 4.769775115e-02 -9.953375241e-01 1.657001443e+02 8.024722070e-02 9.952864497e-01 5.445426164e-02 -5.077433110e+01 9.932432965e-01 -8.443818790e-02 7.961122058e-02 2.247602509e+02
9.915006676e-02 4.710128115e-02 -9.939571085e-01 1.646644433e+02 7.816394322e-02 9.954239957e-01 5.496787055e-02 -5.072826990e+01 9.919978136e-01 -8.314167503e-02 9.501473376e-02 2.248559446e+02
1.145065254e-01 4.585651373e-02 -9.923635603e-01 1.636542415e+02 7.579987715e-02 9.956186292e-01 5.475330018e-02 -5.068274277e+01 9.905264430e-01 -8.149064612e-02 1.105289118e-01 2.249789953e+02
1.308381472e-01 4.172044841e-02 -9.905255087e-01 1.626484936e+02 6.933040779e-02 9.962830723e-01 5.112078203e-02 -5.063961768e+01 9.889765790e-01 -7.536208585e-02 1.274593356e-01 2.250962227e+02
1.481428342e-01 3.589079108e-02 -9.883145004e-01 1.616409061e+02 6.625612063e-02 9.967358380e-01 4.612803636e-02 -5.059142124e+01 9.867440535e-01 -7.231542280e-02 1.452812874e-01 2.252341882e+02
1.669023996e-01 3.526273020e-02 -9.853426454e-01 1.606277642e+02 6.328321276e-02 9.969165616e-01 4.639616484e-02 -5.055359055e+01 9.839404575e-01 -7.009927952e-02 1.641562275e-01 2.253906232e+02
1.865693366e-01 4.165561278e-02 -9.815582981e-01 1.595886195e+02 5.995690232e-02 9.967556463e-01 5.369684799e-02 -5.049466421e+01 9.806105509e-01 -6.886938031e-02 1.834664982e-01 2.255923662e+02
2.062909988e-01 4.889146060e-02 -9.772684631e-01 1.585929491e+02 6.015705543e-02 9.962279185e-01 6.253849314e-02 -5.045817192e+01 9.766397250e-01 -7.169072132e-02 2.025716861e-01 2.257885876e+02
2.258455305e-01 5.047136267e-02 -9.728547877e-01 1.575806880e+02 6.332267984e-02 9.957843338e-01 6.636112326e-02 -5.040106410e+01 9.721028930e-01 -7.659113534e-02 2.216974592e-01 2.260230728e+02
2.447204315e-01 4.810553626e-02 -9.683995910e-01 1.565397086e+02 6.662311993e-02 9.955736034e-01 6.629147857e-02 -5.032883310e+01 9.673020574e-01 -8.074068133e-02 2.404322609e-01 2.263031940e+02
2.638926181e-01 4.483487485e-02 -9.635094811e-01 1.555160018e+02 6.930982929e-02 9.954554106e-01 6.530446487e-02 -5.026421815e+01 9.620586436e-01 -8.401404386e-02 2.595858370e-01 2.265967365e+02
2.831289179e-01 4.358595304e-02 -9.580909563e-01 1.545052371e+02 7.019934726e-02 9.953455025e-01 6.602561808e-02 -5.018560910e+01 9.565093138e-01 -8.595112155e-02 2.787513896e-01 2.269010337e+02
3.029419912e-01 4.586720400e-02 -9.519045906e-01 1.535185916e+02 7.081419678e-02 9.949964371e-01 7.048006597e-02 -5.012781849e+01 9.503743996e-01 -8.875973052e-02 2.981781527e-01 2.271969022e+02
3.227509607e-01 4.844672287e-02 -9.452432134e-01 1.525425242e+02 7.120017191e-02 9.946166065e-01 7.528838925e-02 -5.006655465e+01 9.438020729e-01 -9.160087925e-02 3.175640503e-01 2.275113051e+02
3.413615170e-01 5.325348399e-02 -9.384222830e-01 1.515735297e+02 6.887790252e-02 9.942922071e-01 8.147908550e-02 -5.000284516e+01 9.374050081e-01 -9.245038276e-02 3.357451079e-01 2.278625892e+02
3.600251983e-01 5.395047427e-02 -9.313813413e-01 1.505777430e+02 6.838699510e-02 9.941146703e-01 8.401929043e-02 -4.992315197e+01 9.304327356e-01 -9.394343293e-02 3.542168205e-01 2.282417084e+02
3.779689123e-01 5.038974360e-02 -9.244459828e-01 1.495812797e+02 6.911376585e-02 9.941958378e-01 8.244952077e-02 -4.984427626e+01 9.232349586e-01 -9.505529888e-02 3.722924945e-01 2.286537414e+02
3.962336529e-01 3.899461322e-02 -9.173212700e-01 1.486036972e+02 6.633850957e-02 9.952705535e-01 7.096285934e-02 -4.976800182e+01 9.157500175e-01 -8.897159883e-02 3.917728425e-01 2.290823976e+02
4.144205576e-01 3.616232220e-02 -9.093667510e-01 1.476212858e+02 6.520015880e-02 9.954629763e-01 6.929936572e-02 -4.968900236e+01 9.077469585e-01 -8.800993836e-02 4.101825326e-01 2.295248423e+02
4.324040265e-01 4.203380112e-02 -9.006996821e-01 1.466710930e+02 6.590544072e-02 9.947676035e-01 7.806335779e-02 -4.962263546e+01 8.992681640e-01 -9.311591974e-02 4.273712611e-01 2.299761556e+02
4.493144776e-01 4.837942501e-02 -8.920627396e-01 1.457005799e+02 6.338050410e-02 9.942902959e-01 8.584706827e-02 -4.954871816e+01 8.911225572e-01 -9.511171676e-02 4.436827126e-01 2.304649776e+02
4.654222404e-01 4.723617857e-02 -8.838274049e-01 1.447611256e+02 6.301192703e-02 9.942726969e-01 8.632092022e-02 -4.946690817e+01 8.828429278e-01 -9.586734402e-02 4.597801835e-01 2.309607518e+02
4.810650316e-01 4.061350155e-02 -8.757436719e-01 1.438531536e+02 5.981209913e-02 9.950783406e-01 7.900385387e-02 -4.939651959e+01 8.746421829e-01 -9.038605877e-02 4.762682146e-01 2.314627974e+02
4.972984778e-01 3.900952402e-02 -8.667020716e-01 1.429044111e+02 5.382539068e-02 9.956769272e-01 7.569863971e-02 -4.931654257e+01 8.659082234e-01 -8.429539591e-02 4.930489174e-01 2.319739342e+02
5.125557267e-01 4.377762487e-02 -8.575372567e-01 1.419756406e+02 4.916969919e-02 9.955642685e-01 8.021301634e-02 -4.925408640e+01 8.572449870e-01 -8.327848984e-02 5.081296345e-01 2.325079715e+02
5.274989314e-01 4.904681482e-02 -8.481387194e-01 1.410377324e+02 4.554840620e-02 9.952634544e-01 8.588363705e-02 -4.917027178e+01 8.483337905e-01 -8.393489367e-02 5.227664044e-01 2.330717581e+02
5.418649301e-01 5.282357715e-02 -8.388039504e-01 1.401337980e+02 4.145423491e-02 9.951284876e-01 8.944741201e-02 -4.908506488e+01 8.394426389e-01 -8.324039166e-02 5.370354674e-01 2.336614136e+02
5.565672772e-01 5.424499597e-02 -8.290297620e-01 1.392260164e+02 3.772224474e-02 9.951870807e-01 9.044173039e-02 -4.901222108e+01 8.299457200e-01 -8.160977121e-02 5.518423208e-01 2.342601012e+02
5.710022818e-01 5.250562485e-02 -8.192676934e-01 1.383277820e+02 3.797981058e-02 9.951945837e-01 9.025117499e-02 -4.892151528e+01 8.200694654e-01 -8.264925867e-02 5.662642245e-01 2.348820840e+02
5.853467103e-01 5.202332096e-02 -8.091123549e-01 1.374370514e+02 3.669759102e-02 9.952166525e-01 9.053784567e-02 -4.883696236e+01 8.099521687e-01 -8.268850441e-02 5.806376630e-01 2.355113571e+02
5.995563775e-01 5.050769276e-02 -7.987372053e-01 1.365772852e+02 3.779162551e-02 9.951067597e-01 9.129255041e-02 -4.875140462e+01 7.994397683e-01 -8.492060816e-02 5.947138363e-01 2.361461000e+02
6.136993370e-01 4.817452329e-02 -7.880687400e-01 1.357011986e+02 3.969313189e-02 9.949920990e-01 9.173428040e-02 -4.867393878e+01 7.885414250e-01 -8.757818350e-02 6.087137938e-01 2.368199030e+02
6.276123982e-01 4.639509077e-02 -7.771423121e-01 1.348341610e+02 4.036055154e-02 9.949414183e-01 9.199239167e-02 -4.858915536e+01 7.774790695e-01 -8.910145789e-02 6.225650381e-01 2.375244193e+02
6.412751844e-01 4.530326283e-02 -7.659724226e-01 1.339711827e+02 4.065439054e-02 9.948473563e-01 9.287603699e-02 -4.849192555e+01 7.662332271e-01 -9.069923976e-02 6.361291453e-01 2.382507232e+02
6.547378213e-01 4.202338266e-02 -7.546869686e-01 1.331325707e+02 4.245418914e-02 9.948325504e-01 9.222710230e-02 -4.840183515e+01 7.546628566e-01 -9.242419534e-02 6.495704280e-01 2.389708378e+02
6.681083245e-01 3.575945644e-02 -7.432042303e-01 1.323007886e+02 4.416340585e-02 9.951776729e-01 8.758420510e-02 -4.830751922e+01 7.427522200e-01 -9.133816658e-02 6.633072283e-01 2.397182686e+02
6.814966800e-01 3.137772575e-02 -7.311482158e-01 1.314724079e+02 4.474399543e-02 9.954247467e-01 8.442480979e-02 -4.821610609e+01 7.304520860e-01 -9.024972000e-02 6.769746953e-01 2.404721184e+02
6.949684772e-01 3.017743011e-02 -7.184066664e-01 1.306420613e+02 4.468089674e-02 9.953756428e-01 8.503497603e-02 -4.812225846e+01 7.176506344e-01 -9.119568188e-02 6.904063401e-01 2.412750710e+02
7.080709703e-01 3.103773774e-02 -7.054588293e-01 1.298286484e+02 4.545641634e-02 9.949580176e-01 8.939942660e-02 -4.803054166e+01 7.046766743e-01 -9.536876899e-02 7.030900246e-01 2.420716301e+02
7.204859836e-01 3.189250359e-02 -6.927357474e-01 1.290594001e+02 4.514960122e-02 9.946651413e-01 9.275111999e-02 -4.795052788e+01 6.919981655e-01 -9.810262466e-02 7.152023588e-01 2.428554848e+02
7.321265553e-01 2.977391216e-02 -6.805176127e-01 1.282846167e+02 4.481675272e-02 9.947740730e-01 9.173877280e-02 -4.785303412e+01 6.796926995e-01 -9.766298129e-02 7.269661453e-01 2.436912739e+02
7.434422005e-01 2.434244651e-02 -6.683570451e-01 1.275151624e+02 4.344367703e-02 9.954691230e-01 8.458056534e-02 -4.775811002e+01 6.673876995e-01 -9.191664923e-02 7.390162300e-01 2.445475010e+02
7.544198944e-01 2.439197306e-02 -6.559387583e-01 1.267485037e+02 3.841382503e-02 9.959558981e-01 8.121716028e-02 -4.767853067e+01 6.552671219e-01 -8.646895817e-02 7.504319545e-01 2.453964942e+02
7.648899635e-01 3.220278274e-02 -6.433555195e-01 1.259779856e+02 3.062650701e-02 9.958021174e-01 8.625636275e-02 -4.759514847e+01 6.434324834e-01 -8.568035849e-02 7.606927865e-01 2.462793813e+02
7.755294102e-01 4.296500190e-02 -6.298477138e-01 1.252256944e+02 2.119828193e-02 9.953465976e-01 9.399884805e-02 -4.750448913e+01 6.309554396e-01 -8.625056060e-02 7.710097756e-01 2.471499290e+02
7.847926072e-01 5.886927070e-02 -6.169562162e-01 1.245030239e+02 5.787998215e-03 9.947388689e-01 1.022794297e-01 -4.741118760e+01 6.197314441e-01 -8.383908180e-02 7.803229752e-01 2.480340356e+02
7.943898761e-01 5.821725895e-02 -6.046118387e-01 1.237869279e+02 3.460314344e-03 9.949463333e-01 1.003484932e-01 -4.730796438e+01 6.073983462e-01 -8.180797412e-02 7.901738444e-01 2.489577345e+02
8.034093256e-01 4.046329895e-02 -5.940506519e-01 1.231005608e+02 1.013126925e-02 9.966148575e-01 8.158543546e-02 -4.721509838e+01 5.953409216e-01 -7.156498678e-02 8.002797259e-01 2.498950277e+02
8.115459513e-01 1.875240170e-02 -5.839875995e-01 1.224157449e+02 2.032344397e-02 9.979740664e-01 6.028864187e-02 -4.713479020e+01 5.839350363e-01 -6.079564247e-02 8.095206997e-01 2.508340830e+02
8.192469684e-01 6.014772959e-03 -5.734093017e-01 1.217543836e+02 3.455094148e-02 9.976105434e-01 5.982838938e-02 -4.706540650e+01 5.723990192e-01 -6.882605785e-02 8.170815972e-01 2.518013723e+02
8.269666259e-01 6.228009446e-03 -5.622165166e-01 1.210804081e+02 4.240982470e-02 9.963990821e-01 7.341849859e-02 -4.698754283e+01 5.606492722e-01 -8.455815197e-02 8.237246582e-01 2.527982998e+02
8.342223207e-01 1.305101513e-02 -5.512737892e-01 1.204258280e+02 4.213503210e-02 9.952884676e-01 8.732413920e-02 -4.690202427e+01 5.498161136e-01 -9.607568486e-02 8.297419503e-01 2.537963557e+02
8.414850057e-01 1.847344121e-02 -5.399645518e-01 1.197457733e+02 3.819623934e-02 9.948804489e-01 9.356249035e-02 -4.680945833e+01 5.389285969e-01 -9.935604798e-02 8.364713642e-01 2.548229916e+02
8.480001845e-01 2.214697566e-02 -5.295330004e-01 1.191160282e+02 3.236491324e-02 9.950979658e-01 9.344811898e-02 -4.671080419e+01 5.290068047e-01 -9.638231175e-02 8.431264736e-01 2.557981267e+02
8.548223008e-01 2.133842868e-02 -5.184819240e-01 1.184762556e+02 3.077700043e-02 9.953105166e-01 9.170469903e-02 -4.662124451e+01 5.180073458e-01 -9.434854022e-02 8.501568930e-01 2.568053403e+02
8.612336164e-01 2.091322570e-02 -5.077787855e-01 1.178716489e+02 3.016235301e-02 9.952882582e-01 9.214941955e-02 -4.652784170e+01 5.073134046e-01 -9.467798083e-02 8.565449139e-01 2.578276990e+02
8.675231293e-01 2.259848916e-02 -4.968832140e-01 1.172684801e+02 2.883877151e-02 9.950016445e-01 9.560362242e-02 -4.642007044e+01 4.965601125e-01 -9.726785517e-02 8.625352277e-01 2.588724626e+02
8.745043245e-01 2.248355179e-02 -4.844963119e-01 1.166753007e+02 2.937013646e-02 9.946370163e-01 9.916955614e-02 -4.631324344e+01 4.841276500e-01 -1.009539285e-01 8.691540271e-01 2.599008621e+02
8.813467822e-01 2.223558091e-02 -4.719464254e-01 1.161027706e+02 2.936839619e-02 9.943820719e-01 1.016946033e-01 -4.620471288e+01 4.715563029e-01 -1.034885210e-01 8.757424160e-01 2.609275010e+02
8.878910780e-01 2.000498500e-02 -4.596185747e-01 1.155364431e+02 2.945931777e-02 9.945314351e-01 1.001966726e-01 -4.609456307e+01 4.591095536e-01 -1.025037813e-01 8.824462548e-01 2.619796315e+02
8.944292039e-01 1.805926393e-02 -4.468447853e-01 1.149860792e+02 2.887158519e-02 9.947680601e-01 9.799458190e-02 -4.599226482e+01 4.462766303e-01 -1.005503332e-01 8.892282046e-01 2.630310867e+02
9.005101024e-01 1.771771078e-02 -4.344739788e-01 1.144595974e+02 2.808687971e-02 9.947130214e-01 9.877819764e-02 -4.589420846e+01 4.339270477e-01 -1.011537832e-01 8.952514895e-01 2.641005247e+02
9.064674990e-01 1.921869876e-02 -4.218380196e-01 1.139386131e+02 2.607338260e-02 9.945104108e-01 1.013371672e-01 -4.580035312e+01 4.214698707e-01 -1.028575926e-01 9.009902684e-01 2.651806556e+02
9.122791273e-01 1.840397571e-02 -4.091553342e-01 1.134309079e+02 2.546636430e-02 9.945080209e-01 1.015148297e-01 -4.568828380e+01 4.087765381e-01 -1.030295590e-01 9.068002271e-01 2.663088179e+02
9.180145728e-01 1.995493637e-02 -3.960442457e-01 1.129410141e+02 2.185848492e-02 9.946681756e-01 1.007840621e-01 -4.558540881e+01 3.959437469e-01 -1.011781649e-01 9.126836956e-01 2.674087194e+02
9.234970212e-01 1.948406762e-02 -3.831104579e-01 1.124666530e+02 2.017494122e-02 9.948601436e-01 9.922835476e-02 -4.547666405e+01 3.830746972e-01 -9.936632101e-02 9.183572892e-01 2.685122738e+02
9.284721538e-01 1.976126088e-02 -3.708759257e-01 1.120151022e+02 1.829579048e-02 9.949375497e-01 9.881566833e-02 -4.537542782e+01 3.709511069e-01 -9.853306463e-02 9.234102617e-01 2.696125221e+02
9.331708806e-01 2.060058864e-02 -3.588421983e-01 1.115726117e+02 1.592200466e-02 9.950069852e-01 9.852709874e-02 -4.527348213e+01 3.590802101e-01 -9.765610665e-02 9.281835419e-01 2.707372543e+02
9.376742307e-01 2.010231492e-02 -3.469336160e-01 1.111462380e+02 1.495025661e-02 9.950678249e-01 9.806382425e-02 -4.516763414e+01 3.471937886e-01 -9.713866755e-02 9.327489225e-01 2.719024693e+02
9.418005204e-01 2.210213112e-02 -3.354448921e-01 1.107461527e+02 1.136753968e-02 9.951719178e-01 9.748657909e-02 -4.505588488e+01 3.359799977e-01 -9.562609403e-02 9.370021832e-01 2.730452854e+02
9.456160578e-01 2.107327704e-02 -3.246015837e-01 1.103610249e+02 1.119251709e-02 9.952005229e-01 9.721443702e-02 -4.495255289e+01 3.250922926e-01 -9.556064147e-02 9.408417322e-01 2.741833023e+02
9.490354785e-01 1.862163480e-02 -3.146186505e-01 1.099779064e+02 1.245661304e-02 9.952567671e-01 9.648212436e-02 -4.485148966e+01 3.149229958e-01 -9.548404184e-02 9.443020197e-01 2.753162828e+02
9.517782265e-01 1.485879823e-02 -3.064268652e-01 1.096150127e+02 1.518418105e-02 9.953206642e-01 9.542649537e-02 -4.474764632e+01 3.064109140e-01 -9.547770152e-02 9.470989179e-01 2.764837313e+02
9.542970524e-01 1.201371502e-02 -2.986181614e-01 1.092552499e+02 1.719615064e-02 9.953290204e-01 9.499701873e-02 -4.464906876e+01 2.983645892e-01 -9.579045785e-02 9.496329607e-01 2.776342432e+02
9.566935244e-01 1.063020556e-02 -2.909029033e-01 1.088941869e+02 1.778385995e-02 9.953320107e-01 9.485738097e-02 -4.455318193e+01 2.905533252e-01 -9.592281861e-02 9.520386432e-01 2.787811627e+02
9.589363670e-01 7.805961606e-03 -2.835138640e-01 1.085445598e+02 1.996383314e-02 9.952840100e-01 9.492726038e-02 -4.445941279e+01 2.829178140e-01 -9.668922567e-02 9.542581958e-01 2.799115170e+02
9.610232709e-01 7.066762009e-03 -2.763771584e-01 1.081987987e+02 1.968831831e-02 9.953858231e-01 9.391183747e-02 -4.435800239e+01 2.757655579e-01 -9.569286269e-02 9.564498069e-01 2.810685425e+02
9.627805994e-01 5.974886773e-03 -2.702180938e-01 1.078736891e+02 1.996247958e-02 9.954531951e-01 9.313665056e-02 -4.425868381e+01 2.695459459e-01 -9.506438343e-02 9.582837503e-01 2.822571759e+02
9.644776446e-01 4.369971392e-03 -2.641283333e-01 1.075579173e+02 2.100304620e-02 9.954293259e-01 9.316291779e-02 -4.416541688e+01 2.633282081e-01 -9.540105110e-02 9.599775488e-01 2.834023579e+02
9.662011200e-01 4.729647621e-03 -2.577460496e-01 1.072403364e+02 1.981360163e-02 9.955116240e-01 9.254203237e-02 -4.406961957e+01 2.570268796e-01 -9.452109288e-02 9.617707347e-01 2.845830809e+02
9.676752616e-01 4.438305128e-03 -2.521604440e-01 1.069271834e+02 1.947528863e-02 9.955444906e-01 9.225985200e-02 -4.397741243e+01 2.514464181e-01 -9.418847385e-02 9.632773382e-01 2.857417702e+02
9.689591717e-01 5.799187713e-03 -2.471527727e-01 1.066241688e+02 1.770746681e-02 9.955290746e-01 9.278096339e-02 -4.387741003e+01 2.465858253e-01 -9.427741495e-02 9.645243386e-01 2.869203768e+02
9.701314328e-01 6.304316269e-03 -2.424979562e-01 1.063318957e+02 1.686105387e-02 9.954920620e-01 9.333412745e-02 -4.378394501e+01 2.419931983e-01 -9.463514189e-02 9.656518430e-01 2.880679063e+02
9.710785936e-01 6.690770231e-03 -2.386662913e-01 1.060537642e+02 1.593725801e-02 9.955614410e-01 9.275462749e-02 -4.369314875e+01 2.382275568e-01 -9.387571948e-02 9.666617715e-01 2.891914462e+02
9.720828325e-01 6.385312383e-03 -2.345510488e-01 1.057758312e+02 1.558903380e-02 9.956634220e-01 9.171331453e-02 -4.359916966e+01 2.341195181e-01 -9.280936280e-02 9.677677787e-01 2.903176764e+02
9.729218985e-01 7.966716599e-03 -2.309967767e-01 1.055019369e+02 1.342800777e-02 9.957695659e-01 9.089917637e-02 -4.349948916e+01 2.307437280e-01 -9.153962576e-02 9.686990394e-01 2.914630639e+02
9.737668225e-01 9.043610672e-03 -2.273683982e-01 1.052165509e+02 1.174651252e-02 9.958798186e-01 8.991888799e-02 -4.340579624e+01 2.272447906e-01 -9.023081558e-02 9.696484956e-01 2.926139256e+02
9.742888699e-01 1.009871535e-02 -2.250760179e-01 1.049519596e+02 1.026721047e-02 9.959670057e-01 8.913084722e-02 -4.331366677e+01 2.250683947e-01 -8.915009526e-02 9.702558829e-01 2.938032053e+02
9.747349672e-01 1.117263949e-02 -2.230849970e-01 1.046837782e+02 8.670958751e-03 9.961027065e-01 8.777364410e-02 -4.322922941e+01 2.231962326e-01 -8.749040091e-02 9.708392614e-01 2.949652318e+02
9.751604832e-01 1.199971240e-02 -2.211742273e-01 1.044073961e+02 7.032012510e-03 9.963509444e-01 8.506083971e-02 -4.313083168e+01 2.213878559e-01 -8.450326949e-02 9.715176863e-01 2.961057534e+02
9.753972666e-01 1.062001111e-02 -2.201985188e-01 1.041400004e+02 8.024373761e-03 9.964667623e-01 8.360383358e-02 -4.303782638e+01 2.203083787e-01 -8.331390596e-02 9.718657373e-01 2.973029653e+02
9.755343876e-01 7.349290671e-03 -2.197240237e-01 1.038760076e+02 1.124229431e-02 9.964658334e-01 8.324334064e-02 -4.295224123e+01 2.195592619e-01 -8.367694347e-02 9.720040636e-01 2.984901421e+02
9.756192515e-01 1.773518788e-03 -2.194628230e-01 1.036150818e+02 1.739349931e-02 9.961972250e-01 8.537303501e-02 -4.286525332e+01 2.187796660e-01 -8.710880298e-02 9.718783433e-01 2.996299175e+02
9.754735833e-01 -7.729229802e-03 -2.199807886e-01 1.033585603e+02 2.706204523e-02 9.960127821e-01 8.500696204e-02 -4.277957539e+01 2.184466389e-01 -8.887517592e-02 9.717933263e-01 3.007850041e+02
9.748223287e-01 -1.904678932e-02 -2.221680610e-01 1.031056431e+02 3.828712723e-02 9.958453988e-01 8.261983713e-02 -4.269318107e+01 2.196713987e-01 -8.904583884e-02 9.715015775e-01 3.019601045e+02
9.738198954e-01 -3.175243565e-02 -2.250924124e-01 1.028571469e+02 5.130199959e-02 9.953488050e-01 8.154054951e-02 -4.260908882e+01 2.214563526e-01 -9.095350024e-02 9.709194326e-01 3.031072164e+02
9.729797635e-01 -3.765757243e-02 -2.277987864e-01 1.025933397e+02 5.779638832e-02 9.949228457e-01 8.238997851e-02 -4.251525138e+01 2.235396102e-01 -9.332972892e-02 9.702162668e-01 3.043007905e+02
9.723364173e-01 -4.043846588e-02 -2.300578668e-01 1.023245200e+02 6.094448566e-02 9.947062206e-01 8.273635471e-02 -4.242502628e+01 2.254942600e-01 -9.446832908e-02 9.696535843e-01 3.054663711e+02
9.721162008e-01 -3.692208192e-02 -2.315747224e-01 1.020420064e+02 5.783009403e-02 9.947730352e-01 8.415633447e-02 -4.233604423e+01 2.272570624e-01 -9.520172411e-02 9.691701911e-01 3.066411901e+02
9.722043981e-01 -3.260331885e-02 -2.318526082e-01 1.017492626e+02 5.356682197e-02 9.949652813e-01 8.470350945e-02 -4.225558270e+01 2.279236801e-01 -9.476873181e-02 9.690560786e-01 3.077948144e+02
9.721530235e-01 -2.781233858e-02 -2.326907234e-01 1.014666101e+02 4.822335779e-02 9.954242191e-01 8.249322272e-02 -4.217587081e+01 2.293316522e-01 -9.141716390e-02 9.690458686e-01 3.089647138e+02
9.723845002e-01 -2.349184419e-02 -2.321993047e-01 1.011726253e+02 4.290330217e-02 9.959585150e-01 7.890464533e-02 -4.209157583e+01 2.294072590e-01 -8.668777104e-02 9.694625005e-01 3.100904272e+02
9.725041940e-01 -2.055614678e-02 -2.319763728e-01 1.008834024e+02 3.979968128e-02 9.961128905e-01 7.858177092e-02 -4.201558308e+01 2.294593168e-01 -8.565368749e-02 9.695420918e-01 3.112372849e+02
9.723500745e-01 -1.852295467e-02 -2.327922525e-01 1.006304363e+02 3.790903883e-02 9.961471880e-01 7.908024141e-02 -4.192743506e+01 2.304305480e-01 -8.571860916e-02 9.693059799e-01 3.123766945e+02
9.723991045e-01 -1.540557022e-02 -2.328146258e-01 1.003411028e+02 3.499643903e-02 9.961599723e-01 8.025309190e-02 -4.185540779e+01 2.306842666e-01 -8.618571755e-02 9.692042051e-01 3.134965878e+02
9.721308160e-01 -1.406403044e-02 -2.340168362e-01 1.000622666e+02 3.347543873e-02 9.962977389e-01 7.918466099e-02 -4.177081599e+01 2.320367893e-01 -8.481166537e-02 9.690025335e-01 3.146757199e+02
9.718701419e-01 -1.083574091e-02 -2.352679622e-01 9.976830001e+01 3.020985661e-02 9.964245454e-01 7.890177330e-02 -4.169475705e+01 2.335718131e-01 -8.378968901e-02 9.687226105e-01 3.158248271e+02
9.714656711e-01 -6.974343066e-03 -2.370776421e-01 9.948251177e+01 2.651976654e-02 9.964936432e-01 7.935440097e-02 -4.161321884e+01 2.356929185e-01 -8.337732011e-02 9.682443238e-01 3.169901106e+02
9.711248432e-01 -6.812040156e-04 -2.385709012e-01 9.918109599e+01 2.017935636e-02 9.966468351e-01 7.929615203e-02 -4.153715477e+01 2.377169168e-01 -8.182067043e-02 9.678822477e-01 3.181473532e+02
9.706753072e-01 2.865819536e-03 -2.403772766e-01 9.888444413e+01 1.623602493e-02 9.968641821e-01 7.744800841e-02 -4.144884480e+01 2.398454492e-01 -7.907964081e-02 9.675849166e-01 3.193075962e+02
9.701280737e-01 3.592551729e-03 -2.425667210e-01 9.859062512e+01 1.500640540e-02 9.970868029e-01 7.478445932e-02 -4.136996242e+01 2.421287434e-01 -7.619055802e-02 9.672479881e-01 3.204568273e+02
9.693893888e-01 4.429336716e-03 -2.454884801e-01 9.829410492e+01 1.412935804e-02 9.971739837e-01 7.378622852e-02 -4.129946143e+01 2.451215497e-01 -7.499618160e-02 9.665872949e-01 3.216047431e+02
9.682204847e-01 3.427821053e-03 -2.500746751e-01 9.800050692e+01 1.586316604e-02 9.970509837e-01 7.508459087e-02 -4.122432118e+01 2.495945773e-01 -7.666541505e-02 9.653108106e-01 3.227558295e+02
9.669376861e-01 2.525431047e-03 -2.550002615e-01 9.768830066e+01 1.760817702e-02 9.969032159e-01 7.664156956e-02 -4.115677044e+01 2.544041337e-01 -7.859771168e-02 9.638988207e-01 3.239008945e+02
9.654297369e-01 2.702725479e-03 -2.606494165e-01 9.737615324e+01 1.758252375e-02 9.969936037e-01 7.546263314e-02 -4.108946543e+01 2.600697558e-01 -7.743674462e-02 9.624797518e-01 3.250205257e+02
9.639284657e-01 2.947476525e-03 -2.661451210e-01 9.704481751e+01 1.757159247e-02 9.970524917e-01 7.468311612e-02 -4.100610595e+01 2.655807828e-01 -7.666577514e-02 9.610354867e-01 3.261522087e+02
9.623344138e-01 2.910429539e-03 -2.718529115e-01 9.671733559e+01 1.859298612e-02 9.968969648e-01 7.649014556e-02 -4.093336414e+01 2.712319615e-01 -7.866365680e-02 9.592941427e-01 3.272975097e+02
9.607047493e-01 2.029482384e-03 -2.775648860e-01 9.638224492e+01 2.065207976e-02 9.966790146e-01 7.876822577e-02 -4.085464077e+01 2.768029558e-01 -8.140530075e-02 9.574723498e-01 3.284210951e+02
9.588372675e-01 1.039441211e-03 -2.839542463e-01 9.605024802e+01 2.291727342e-02 9.964479113e-01 8.103307188e-02 -4.077317871e+01 2.830298447e-01 -8.420498632e-02 9.554075713e-01 3.295900838e+02
9.570922045e-01 3.367512762e-03 -2.897639934e-01 9.569962619e+01 2.167532215e-02 9.962994287e-01 8.317228316e-02 -4.068858664e+01 2.889717848e-01 -8.588427175e-02 9.534774247e-01 3.306917815e+02
9.552271568e-01 4.163020673e-03 -2.958441282e-01 9.534103837e+01 2.080098174e-02 9.964819879e-01 8.118477088e-02 -4.060598448e+01 2.951413188e-01 -8.370374617e-02 9.517800611e-01 3.318406456e+02
9.536810595e-01 3.500178319e-03 -3.007992444e-01 9.497664568e+01 2.058173439e-02 9.968299366e-01 7.685356006e-02 -4.052422121e+01 3.001146929e-01 -7.948475474e-02 9.505857904e-01 3.329646858e+02
9.518905527e-01 5.319502931e-03 -3.063920340e-01 9.461577373e+01 1.902272759e-02 9.968952219e-01 7.640714880e-02 -4.044752438e+01 3.058472028e-01 -7.855965530e-02 9.488339523e-01 3.340953852e+02
9.503485404e-01 4.238713209e-03 -3.111586173e-01 9.423559768e+01 2.063845268e-02 9.968472128e-01 7.661389241e-02 -4.037063177e+01 3.105023448e-01 -7.923173323e-02 9.472648132e-01 3.352026894e+02
9.489896239e-01 9.504638454e-04 -3.153058678e-01 9.386947972e+01 2.586812491e-02 9.963897379e-01 8.085994316e-02 -4.029617183e+01 3.142443854e-01 -8.489161863e-02 9.455389359e-01 3.363442160e+02
9.472570631e-01 3.234901837e-03 -3.204584090e-01 9.349995926e+01 2.338955887e-02 9.965844418e-01 7.919835141e-02 -4.022334418e+01 3.196200635e-01 -8.251657858e-02 9.439459885e-01 3.374503234e+02
9.457393069e-01 4.256346028e-03 -3.248985179e-01 9.310606226e+01 2.137623894e-02 9.969329890e-01 7.528394198e-02 -4.014267026e+01 3.242224850e-01 -7.814409146e-02 9.427477293e-01 3.385558719e+02
9.441656191e-01 7.024445470e-03 -3.293963280e-01 9.271169160e+01 1.826245494e-02 9.971198481e-01 7.361040186e-02 -4.006424771e+01 3.289646888e-01 -7.551599624e-02 9.413179951e-01 3.396599891e+02
9.424116278e-01 1.932382688e-02 -3.338965610e-01 9.230309603e+01 6.457800129e-03 9.970920618e-01 7.593231941e-02 -4.000203947e+01 3.343929134e-01 -7.371573800e-02 9.395463636e-01 3.407546993e+02
9.410463552e-01 1.839790588e-02 -3.377769595e-01 9.188880112e+01 8.600676199e-03 9.968958810e-01 7.826001992e-02 -3.992446089e+01 3.381682801e-01 -7.655141676e-02 9.379670010e-01 3.418493117e+02
9.389642306e-01 1.584403898e-02 -3.436497346e-01 9.148018089e+01 1.413355844e-02 9.963187398e-01 8.455300805e-02 -3.984238808e+01 3.437243317e-01 -8.424924376e-02 9.352837263e-01 3.429628127e+02
9.364416298e-01 1.299302899e-02 -3.505827366e-01 9.106768956e+01 1.942672059e-02 9.958601431e-01 8.879852413e-02 -3.974720066e+01 3.502851361e-01 -8.996530753e-02 9.323124835e-01 3.440704340e+02
9.334369968e-01 4.927558015e-03 -3.587075301e-01 9.065546430e+01 2.687416060e-02 9.961355672e-01 8.361645365e-02 -3.966306502e+01 3.577333539e-01 -8.769065515e-02 9.296973683e-01 3.451749182e+02
9.311210347e-01 2.992153366e-03 -3.646980474e-01 9.022117706e+01 2.674880182e-02 9.967129698e-01 7.647063179e-02 -3.958072697e+01 3.637280857e-01 -8.095864959e-02 9.279803752e-01 3.462724707e+02
9.291034958e-01 5.089866767e-03 -3.697847852e-01 8.977484534e+01 2.252639006e-02 9.972697123e-01 7.032554815e-02 -3.952123643e+01 3.691331141e-01 -7.366962894e-02 9.264521196e-01 3.473381763e+02
9.273031658e-01 1.087622296e-02 -3.741531057e-01 8.931536580e+01 1.665022691e-02 9.973898113e-01 7.025905087e-02 -3.944856438e+01 3.739406486e-01 -7.138117441e-02 9.247016380e-01 3.484200327e+02
9.253110933e-01 1.378381506e-02 -3.789582919e-01 8.885176220e+01 1.488170637e-02 9.972493885e-01 7.260986160e-02 -3.937770361e+01 3.789167658e-01 -7.282625644e-02 9.225607953e-01 3.495272268e+02
9.234067763e-01 1.337633615e-02 -3.835896234e-01 8.838155658e+01 1.774011894e-02 9.968371070e-01 7.746657484e-02 -3.931061633e+01 3.834125894e-01 -7.833808568e-02 9.202488417e-01 3.506266323e+02
9.213332539e-01 1.326415422e-02 -3.885474197e-01 8.790764271e+01 1.972230318e-02 9.965363626e-01 8.078557255e-02 -3.923123004e+01 3.882731847e-01 -8.209348444e-02 9.178804900e-01 3.517295721e+02
9.191646792e-01 1.607131436e-02 -3.935454298e-01 8.743646034e+01 1.778757602e-02 9.964540432e-01 8.223710740e-02 -3.915405242e+01 3.934715932e-01 -8.258966369e-02 9.156194913e-01 3.527911371e+02
9.173497477e-01 1.777138580e-02 -3.976853257e-01 8.694617828e+01 1.597826149e-02 9.965542049e-01 8.139048968e-02 -3.908265573e+01 3.977614054e-01 -8.101786529e-02 9.139047926e-01 3.538716263e+02
9.152311711e-01 1.783677314e-02 -4.025341638e-01 8.644772841e+01 1.501505927e-02 9.968160197e-01 7.830945626e-02 -3.899771467e+01 4.026492909e-01 -7.771532969e-02 9.120492728e-01 3.549608400e+02
9.131787313e-01 2.029120625e-02 -4.070538928e-01 8.595181328e+01 1.242661958e-02 9.969092615e-01 7.757256887e-02 -3.892004428e+01 4.073698367e-01 -7.589592390e-02 9.101041836e-01 3.560340604e+02
9.106118540e-01 2.269103083e-02 -4.126392716e-01 8.546784108e+01 1.172354257e-02 9.966712332e-01 8.067844436e-02 -3.884329843e+01 4.130963687e-01 -7.830434186e-02 9.073146203e-01 3.571146443e+02
9.083543988e-01 2.466053679e-02 -4.174735251e-01 8.496857833e+01 1.151629416e-02 9.964062661e-01 8.391619524e-02 -3.875864034e+01 4.180426547e-01 -8.103339299e-02 9.048060168e-01 3.581876134e+02
9.063117655e-01 2.595389868e-02 -4.218120185e-01 8.445910196e+01 1.019709362e-02 9.964788169e-01 8.322251295e-02 -3.866686262e+01 4.224866898e-01 -7.972679928e-02 9.028558215e-01 3.592589829e+02
9.047495415e-01 2.659597048e-02 -4.251128338e-01 8.393952710e+01 8.032067700e-03 9.968059643e-01 7.945662629e-02 -3.858322098e+01 4.258682343e-01 -7.530288127e-02 9.016461185e-01 3.603312568e+02
9.036167070e-01 2.735666011e-02 -4.274674958e-01 8.341780330e+01 5.944715069e-03 9.970614093e-01 7.637543033e-02 -3.850389260e+01 4.283007205e-01 -7.155528731e-02 9.007987199e-01 3.613978011e+02
9.027126604e-01 2.377962291e-02 -4.295862921e-01 8.290562480e+01 9.066576242e-03 9.971983163e-01 7.425170141e-02 -3.843096755e+01 4.301484046e-01 -7.092282779e-02 8.999679453e-01 3.624765123e+02
9.019587807e-01 1.987289584e-02 -4.313646089e-01 8.239080123e+01 1.275466853e-02 9.972785784e-01 7.261374239e-02 -3.835928970e+01 4.316337293e-01 -7.099651516e-02 8.992506984e-01 3.635369770e+02
9.013919051e-01 1.115975716e-02 -4.328603623e-01 8.187555486e+01 2.269316859e-02 9.970764741e-01 7.296248985e-02 -3.829772073e+01 4.324091275e-01 -7.559077091e-02 8.985034123e-01 3.645986202e+02
9.005783170e-01 7.622158959e-03 -4.346269638e-01 8.135971481e+01 2.678603124e-02 9.969731410e-01 7.298674342e-02 -3.823047987e+01 4.338677258e-01 -7.737220998e-02 8.976482260e-01 3.656560135e+02
9.000595023e-01 5.024588974e-03 -4.357380472e-01 8.085058300e+01 2.889596818e-02 9.970445219e-01 7.118457947e-02 -3.816412844e+01 4.348079062e-01 -7.666142992e-02 8.972542058e-01 3.667232836e+02
9.002482636e-01 6.742282899e-03 -4.353247127e-01 8.032140924e+01 2.667582766e-02 9.971473037e-01 7.060917023e-02 -3.809966510e+01 4.345589305e-01 -7.517842991e-02 8.975002728e-01 3.678043155e+02
9.007847932e-01 1.048135409e-02 -4.341392605e-01 7.979345381e+01 2.385269704e-02 9.970053632e-01 7.356190956e-02 -3.802898046e+01 4.336101995e-01 -7.661884174e-02 8.978372614e-01 3.688480543e+02
9.013077037e-01 1.535105356e-02 -4.329073439e-01 7.926400894e+01 2.017475619e-02 9.967998207e-01 7.735047946e-02 -3.795483098e+01 4.327093741e-01 -7.845038314e-02 8.981136537e-01 3.699086109e+02
9.012247789e-01 1.655238169e-02 -4.330356988e-01 7.875016590e+01 1.912904364e-02 9.967767197e-01 7.791181408e-02 -3.787694630e+01 4.329295295e-01 -7.849961620e-02 8.980032476e-01 3.709661634e+02
9.011135884e-01 1.489954479e-02 -4.333270178e-01 7.826410918e+01 2.145470751e-02 9.966528608e-01 7.888453986e-02 -3.780460397e+01 4.330519557e-01 -8.038083521e-02 8.977777704e-01 3.720177540e+02
9.016519027e-01 1.686858442e-02 -4.321334252e-01 7.773705736e+01 2.080744649e-02 9.963895674e-01 8.230965989e-02 -3.771774730e+01 4.319616840e-01 -8.320625457e-02 8.980455572e-01 3.731017965e+02
9.020757025e-01 1.734314414e-02 -4.312292225e-01 7.720875786e+01 1.997146571e-02 9.964443213e-01 8.185264265e-02 -3.763494756e+01 4.311154921e-01 -8.244955975e-02 8.985218431e-01 3.741719551e+02
9.022533215e-01 1.435404600e-02 -4.309674062e-01 7.668838591e+01 1.989686500e-02 9.969954104e-01 7.486164859e-02 -3.755932464e+01 4.307470936e-01 -7.611907140e-02 8.992568200e-01 3.752426769e+02
9.023016414e-01 1.071404639e-02 -4.309721071e-01 7.618919953e+01 2.122952504e-02 9.973739823e-01 6.924194374e-02 -3.748770056e+01 4.305822281e-01 -7.162645263e-02 8.997047272e-01 3.763074191e+02
9.027088700e-01 8.802559992e-03 -4.301618427e-01 7.568599671e+01 2.471538832e-02 9.970788569e-01 7.226965209e-02 -3.741149847e+01 4.295414364e-01 -7.587007296e-02 8.998543696e-01 3.773682704e+02
9.031487807e-01 9.567817681e-03 -4.292210816e-01 7.517023435e+01 2.701660139e-02 9.965036687e-01 7.906036651e-02 -3.733456310e+01 4.284768176e-01 -8.299936848e-02 8.997325834e-01 3.784715794e+02
9.036349249e-01 1.165150897e-02 -4.281450278e-01 7.465977608e+01 2.651107415e-02 9.961915097e-01 8.306406590e-02 -3.724926180e+01 4.274822633e-01 -8.641017553e-02 8.998845460e-01 3.795548079e+02
9.048261193e-01 1.191754424e-02 -4.256144570e-01 7.415606735e+01 2.491316639e-02 9.964137430e-01 8.086400252e-02 -3.717291382e+01 4.250517946e-01 -8.377126537e-02 9.012842765e-01 3.806235828e+02
9.065086680e-01 1.104077497e-02 -4.220428132e-01 7.363852965e+01 2.053313497e-02 9.973220439e-01 7.019352578e-02 -3.708624354e+01 4.216875921e-01 -7.229690160e-02 9.038543758e-01 3.817124085e+02
9.084188487e-01 1.157428599e-02 -4.179009825e-01 7.312348007e+01 1.353176627e-02 9.982788452e-01 5.706346091e-02 -3.701849199e+01 4.178421790e-01 -5.749246189e-02 9.066986987e-01 3.827850200e+02
9.106251596e-01 1.447269913e-02 -4.129798539e-01 7.260482629e+01 1.080352168e-02 9.982111009e-01 5.880375846e-02 -3.696597937e+01 4.130921237e-01 -5.800981874e-02 9.088397869e-01 3.838503775e+02
9.127374937e-01 1.485801928e-02 -4.082762629e-01 7.209629687e+01 1.460955028e-02 9.975122748e-01 6.896247341e-02 -3.690174612e+01 4.082852295e-01 -6.890936773e-02 9.102497846e-01 3.849760560e+02
9.147515629e-01 1.444226726e-02 -4.037585900e-01 7.159984006e+01 1.819537878e-02 9.968742327e-01 7.688102751e-02 -3.682372065e+01 4.036068709e-01 -7.767358056e-02 9.116294799e-01 3.860816375e+02
9.168880342e-01 9.573613153e-03 -3.990296714e-01 7.111455449e+01 2.293806737e-02 9.967963002e-01 7.662232628e-02 -3.673411531e+01 3.984848526e-01 -7.940706360e-02 9.137310001e-01 3.871796798e+02
9.186076281e-01 8.753875005e-03 -3.950739112e-01 7.065379510e+01 2.186657076e-02 9.970968548e-01 7.293637750e-02 -3.665603984e+01 3.945654302e-01 -7.563882437e-02 9.157493595e-01 3.882347443e+02
9.209042511e-01 9.303226186e-03 -3.896778289e-01 7.018078349e+01 1.919428788e-02 9.974199845e-01 6.917336071e-02 -3.658409090e+01 3.893159895e-01 -7.118163036e-02 9.183497350e-01 3.893534383e+02
9.235363515e-01 1.492393161e-02 -3.832204113e-01 6.971324951e+01 1.229378097e-02 9.975769926e-01 6.847632240e-02 -3.652063728e+01 3.833138014e-01 -6.795160076e-02 9.211151446e-01 3.904504409e+02
9.264885996e-01 1.548788361e-02 -3.760039898e-01 6.925624853e+01 1.191860315e-02 9.974438686e-01 7.045336009e-02 -3.645357070e+01 3.761340477e-01 -6.975567726e-02 9.239357790e-01 3.915848436e+02
9.296702658e-01 1.657119354e-02 -3.680198262e-01 6.880124897e+01 1.213407019e-02 9.970683070e-01 7.554836498e-02 -3.638639399e+01 3.681928317e-01 -7.470064695e-02 9.267436820e-01 3.926910189e+02
9.324733868e-01 1.687808827e-02 -3.608441673e-01 6.836118857e+01 1.115351269e-02 9.970864565e-01 7.545990607e-02 -3.630845459e+01 3.610664511e-01 -7.438903418e-02 9.295683350e-01 3.937957831e+02
9.350472736e-01 1.702649166e-02 -3.541139574e-01 6.792307830e+01 9.696828798e-03 9.972440796e-01 7.355417880e-02 -3.623472686e+01 3.543904171e-01 -7.221041677e-02 9.323052547e-01 3.949470523e+02
9.377582881e-01 2.163551777e-02 -3.466140469e-01 6.751228372e+01 3.998003600e-03 9.973188892e-01 7.306879738e-02 -3.615277670e+01 3.472656175e-01 -6.990663455e-02 9.351575554e-01 3.960306140e+02
9.406240097e-01 2.689177339e-02 -3.383833696e-01 6.709420663e+01 -1.854484060e-03 9.972492627e-01 7.409769865e-02 -3.608533065e+01 3.394451844e-01 -6.907054785e-02 9.380864705e-01 3.971426607e+02
9.430291790e-01 3.255843777e-02 -3.311131463e-01 6.668214930e+01 -8.799916405e-03 9.972930143e-01 7.300140414e-02 -3.601166706e+01 3.325936394e-01 -6.592868621e-02 9.407629241e-01 3.982748262e+02
9.456124782e-01 3.397922263e-02 -3.235157701e-01 6.627920764e+01 -1.120552023e-02 9.973417557e-01 7.199901816e-02 -3.593608211e+01 3.251022568e-01 -6.445800749e-02 9.434795641e-01 3.993988794e+02
9.476261989e-01 3.557090236e-02 -3.173945464e-01 6.590085815e+01 -1.315277828e-02 9.972818672e-01 7.249746066e-02 -3.586907129e+01 3.191106259e-01 -6.452587297e-02 9.455182812e-01 4.005243368e+02
9.502617169e-01 3.471885563e-02 -3.095113413e-01 6.550912751e+01 -1.300455981e-02 9.973237228e-01 7.194632327e-02 -3.580070744e+01 3.111808972e-01 -6.434277793e-02 9.481700566e-01 4.016597433e+02
9.520115277e-01 3.733586088e-02 -3.037763728e-01 6.513920306e+01 -1.679932292e-02 9.974097617e-01 6.993961653e-02 -3.572931347e+01 3.056007754e-01 -6.148008379e-02 9.501728082e-01 4.027802140e+02
9.536819703e-01 3.718791006e-02 -2.985092275e-01 6.476740674e+01 -1.725488591e-02 9.974580170e-01 6.913590448e-02 -3.566031560e+01 3.003214419e-01 -6.078292293e-02 9.518994000e-01 4.039151627e+02
9.547995503e-01 3.857912374e-02 -2.947362719e-01 6.441175910e+01 -1.843594644e-02 9.973187686e-01 7.081941652e-02 -3.559542462e+01 2.966781668e-01 -6.218460492e-02 9.529507544e-01 4.050605916e+02
9.558870264e-01 3.842718007e-02 -2.912101382e-01 6.406296134e+01 -1.822039051e-02 9.972535739e-01 7.178667570e-02 -3.552086663e+01 2.931689105e-01 -6.331398953e-02 9.539619115e-01 4.062176714e+02
9.568032446e-01 3.992775020e-02 -2.879814681e-01 6.371168426e+01 -1.981161125e-02 9.971765346e-01 7.243244433e-02 -3.545086758e+01 2.900604269e-01 -6.359822086e-02 9.548927767e-01 4.073556612e+02
9.576015258e-01 3.996242048e-02 -2.853109229e-01 6.336500638e+01 -1.990659238e-02 9.971440188e-01 7.285282005e-02 -3.538301506e+01 2.874074553e-01 -6.408440340e-02 9.556621494e-01 4.085027190e+02
9.583186700e-01 4.040664700e-02 -2.828296829e-01 6.301573350e+01 -2.091368683e-02 9.972137719e-01 7.160524351e-02 -3.530679795e+01 2.849349827e-01 -6.270563031e-02 9.564936276e-01 4.096564726e+02
9.588351253e-01 4.216741017e-02 -2.808150850e-01 6.267272492e+01 -2.360996797e-02 9.973272756e-01 6.914386989e-02 -3.524030482e+01 2.829801616e-01 -5.966753599e-02 9.572679945e-01 4.107743626e+02
9.593805888e-01 4.404136045e-02 -2.786561401e-01 6.232651912e+01 -2.609834153e-02 9.973590102e-01 6.777817776e-02 -3.517596870e+01 2.809052552e-01 -5.775260497e-02 9.579962809e-01 4.119071851e+02
9.599592699e-01 4.428720268e-02 -2.766167814e-01 6.199014278e+01 -2.672983506e-02 9.973999190e-01 6.692471556e-02 -3.511292407e+01 2.788614638e-01 -5.685108015e-02 9.586470877e-01 4.130435640e+02
9.605884556e-01 4.351451978e-02 -2.745474558e-01 6.166516644e+01 -2.665357786e-02 9.975390252e-01 6.484967197e-02 -3.504393534e+01 2.766937037e-01 -5.497617426e-02 9.593842893e-01 4.142050980e+02
9.611906145e-01 3.980285789e-02 -2.729987823e-01 6.133840834e+01 -2.350080878e-02 9.977539249e-01 6.272812175e-02 -3.497934797e+01 2.748823651e-01 -5.387798971e-02 9.599671076e-01 4.153474339e+02
9.618403936e-01 3.901030291e-02 -2.708159035e-01 6.100551528e+01 -2.272698293e-02 9.977543560e-01 6.300578817e-02 -3.491724518e+01 2.726656222e-01 -5.444668368e-02 9.605670289e-01 4.164945333e+02
9.624756085e-01 3.845453832e-02 -2.686297667e-01 6.068379878e+01 -2.202532552e-02 9.977126745e-01 6.390856051e-02 -3.485548835e+01 2.704728972e-01 -5.559377261e-02 9.611210872e-01 4.176057703e+02
9.630262454e-01 4.126752827e-02 -2.662281762e-01 6.035741036e+01 -2.502357364e-02 9.976282317e-01 6.412278869e-02 -3.479232517e+01 2.682429336e-01 -5.508994806e-02 9.617748313e-01 4.187756774e+02
9.640071600e-01 4.241666644e-02 -2.624709923e-01 6.002095410e+01 -2.689434185e-02 9.976854675e-01 6.245320079e-02 -3.474083356e+01 2.645125513e-01 -5.314634813e-02 9.629167025e-01 4.199449583e+02
9.649862687e-01 4.469201086e-02 -2.584649405e-01 5.969333047e+01 -3.019111556e-02 9.977533831e-01 5.980537653e-02 -3.467366028e+01 2.605570913e-01 -4.990802226e-02 9.641676159e-01 4.210858573e+02
9.658975525e-01 4.125629132e-02 -2.556165810e-01 5.941930865e+01 -2.747806676e-02 9.979821100e-01 5.724215219e-02 -3.461310684e+01 2.574623737e-01 -4.826620522e-02 9.650821206e-01 4.222527720e+02
9.668588588e-01 3.753389279e-02 -2.525374311e-01 5.914274261e+01 -2.343653617e-02 9.980062706e-01 5.860215527e-02 -3.457414360e+01 2.542335068e-01 -5.074141033e-02 9.658108683e-01 4.233458629e+02
9.674391014e-01 3.457515186e-02 -2.507312184e-01 5.888102932e+01 -2.084576663e-02 9.981445917e-01 5.720863636e-02 -3.450872469e+01 2.522440070e-01 -5.011918729e-02 9.663648524e-01 4.244828974e+02
9.680895733e-01 3.186446038e-02 -2.485703807e-01 5.864518642e+01 -1.778446769e-02 9.981180776e-01 5.868573786e-02 -3.446564126e+01 2.499725799e-01 -5.239235902e-02 9.668343964e-01 4.255717678e+02
9.688603827e-01 3.663537839e-02 -2.448824370e-01 5.832621503e+01 -2.271179852e-02 9.979732932e-01 5.944308457e-02 -3.439699026e+01 2.465638520e-01 -5.203032909e-02 9.677288421e-01 4.266760190e+02
9.699270320e-01 3.597406253e-02 -2.407227021e-01 5.800543182e+01 -2.398376019e-02 9.983299147e-01 5.255626217e-02 -3.439413294e+01 2.422113370e-01 -4.520230382e-02 9.691699644e-01 4.277629752e+02
9.706844788e-01 3.374366550e-02 -2.379769056e-01 5.774285288e+01 -2.324559347e-02 9.986345292e-01 4.678375280e-02 -3.433581113e+01 2.392306104e-01 -3.988034830e-02 9.701434290e-01 4.289228195e+02
9.712287140e-01 3.392191131e-02 -2.357203620e-01 5.747156134e+01 -2.359411933e-02 9.986397102e-01 4.649781386e-02 -3.428877184e+01 2.369770087e-01 -3.959839761e-02 9.707079191e-01 4.300931868e+02
9.719620815e-01 3.117902890e-02 -2.330613231e-01 5.717260021e+01 -1.972880692e-02 9.984883557e-01 5.130085464e-02 -3.423992716e+01 2.343085281e-01 -4.526446361e-02 9.711079456e-01 4.312533314e+02
9.726496325e-01 2.865407189e-02 -2.305030079e-01 5.688780107e+01 -1.630288498e-02 9.983360592e-01 5.531120067e-02 -3.419505115e+01 2.317043556e-01 -5.004055498e-02 9.714983450e-01 4.324961255e+02
9.733457807e-01 2.534232555e-02 -2.279380567e-01 5.659423840e+01 -1.313118819e-02 9.984038473e-01 5.493022488e-02 -3.415631947e+01 2.289662924e-01 -5.047300511e-02 9.721249471e-01 4.336212566e+02
9.736588201e-01 2.832876861e-02 -2.262431940e-01 5.630127519e+01 -1.678612702e-02 9.984650221e-01 5.278092011e-02 -3.408651450e+01 2.273911342e-01 -4.759286141e-02 9.726398057e-01 4.348044944e+02
9.738638638e-01 2.894269629e-02 -2.252809249e-01 5.602898295e+01 -1.775919008e-02 9.985144599e-01 5.151198348e-02 -3.403113117e+01 2.264371568e-01 -4.616485250e-02 9.729311489e-01 4.359430788e+02
9.742904707e-01 2.230856260e-02 -2.241883289e-01 5.574538720e+01 -1.168525508e-02 9.987499033e-01 4.860129040e-02 -3.399621505e+01 2.249922967e-01 -4.473207629e-02 9.733331946e-01 4.370963687e+02
9.743075367e-01 1.947897080e-02 -2.243777923e-01 5.545588210e+01 -9.748836576e-03 9.989666415e-01 4.439154599e-02 -3.395275761e+01 2.250106313e-01 -4.106359539e-02 9.734906250e-01 4.382502159e+02
9.741590869e-01 7.944899883e-03 -2.257231754e-01 5.518666514e+01 1.418703918e-03 9.991461880e-01 4.129022077e-02 -3.391928013e+01 2.258584969e-01 -4.054347811e-02 9.733160667e-01 4.394372909e+02
9.736230085e-01 5.438666719e-03 -2.280979139e-01 5.491682587e+01 3.700535796e-03 9.992079591e-01 3.962020395e-02 -3.388405519e+01 2.281327321e-01 -3.941922666e-02 9.728317332e-01 4.406260386e+02
9.734717305e-01 6.709058223e-04 -2.288063369e-01 5.463627773e+01 9.272430080e-03 9.990585523e-01 4.237960752e-02 -3.384906459e+01 2.286193604e-01 -4.337694063e-02 9.725490368e-01 4.418315970e+02
9.733301055e-01 2.117012467e-03 -2.293992677e-01 5.434682060e+01 8.042269880e-03 9.990279023e-01 4.334250068e-02 -3.381119265e+01 2.292680258e-01 -4.403145158e-02 9.723669079e-01 4.430084238e+02
9.733881233e-01 -6.486447365e-04 -2.291618222e-01 5.406426614e+01 1.085043659e-02 9.990048975e-01 4.326063891e-02 -3.375900282e+01 2.289057219e-01 -4.459589794e-02 9.724265404e-01 4.441831601e+02
9.732504885e-01 3.035975468e-03 -2.297265102e-01 5.377609152e+01 8.231685167e-03 9.988098606e-01 4.807391988e-02 -3.371431320e+01 2.295990548e-01 -4.867900231e-02 9.720671935e-01 4.453457865e+02
9.731888098e-01 7.337041150e-03 -2.298906443e-01 5.349007265e+01 5.234921307e-03 9.985256377e-01 5.402912575e-02 -3.367110990e+01 2.299481161e-01 -5.378400001e-02 9.717155681e-01 4.465340965e+02
9.731199458e-01 1.156609540e-02 -2.300082532e-01 5.320917592e+01 5.991735788e-04 9.986075417e-01 5.275053257e-02 -3.362337215e+01 2.302980940e-01 -5.147041026e-02 9.717579867e-01 4.477228872e+02
9.736052444e-01 1.298345146e-02 -2.278689495e-01 5.291791371e+01 -1.893264967e-03 9.988057789e-01 4.882040168e-02 -3.357516981e+01 2.282306809e-01 -4.710038281e-02 9.724671255e-01 4.489207184e+02
9.739415661e-01 1.724102221e-02 -2.261428152e-01 5.263795890e+01 -6.838178528e-03 9.988853575e-01 4.670419585e-02 -3.352024405e+01 2.266959749e-01 -4.394075270e-02 9.729738667e-01 4.500858885e+02
9.741473329e-01 2.485966017e-02 -2.245416914e-01 5.233904739e+01 -1.543636325e-02 9.989286949e-01 4.362546547e-02 -3.347517302e+01 2.253856530e-01 -3.903152372e-02 9.734874666e-01 4.512694192e+02
9.745329710e-01 2.506489516e-02 -2.228390441e-01 5.206840069e+01 -1.577777680e-02 9.989349316e-01 4.335970687e-02 -3.343128447e+01 2.236885117e-01 -3.873955925e-02 9.738904950e-01 4.524615021e+02
9.752053216e-01 3.009817037e-02 -2.192457089e-01 5.179025440e+01 -2.116705219e-02 9.988520285e-01 4.297186313e-02 -3.339242667e+01 2.202873955e-01 -3.726560424e-02 9.747229032e-01 4.536636536e+02
9.757332400e-01 3.914215195e-02 -2.154356895e-01 5.151590914e+01 -3.025361862e-02 9.985554702e-01 4.440373208e-02 -3.334370412e+01 2.168625438e-01 -3.680848818e-02 9.755079560e-01 4.548632164e+02
9.768025136e-01 3.835464320e-02 -2.106793080e-01 5.123802156e+01 -2.981278483e-02 9.986053195e-01 4.357308581e-02 -3.330067556e+01 2.120567078e-01 -3.628136286e-02 9.765836448e-01 4.560643466e+02
9.779629450e-01 4.027145495e-02 -2.048577264e-01 5.096294083e+01 -3.173022455e-02 9.984914805e-01 4.481022505e-02 -3.325982990e+01 2.063532674e-01 -3.732255800e-02 9.777654911e-01 4.572809603e+02
9.790531882e-01 3.481113740e-02 -2.006066782e-01 5.071164449e+01 -2.644961067e-02 9.986719528e-01 4.421254061e-02 -3.321197282e+01 2.018793519e-01 -3.798046031e-02 9.786737004e-01 4.584902308e+02
9.799999111e-01 2.893507610e-02 -1.968830506e-01 5.047431851e+01 -2.106044000e-02 9.988967218e-01 4.197376720e-02 -3.316906269e+01 1.978803479e-01 -3.698784445e-02 9.795280840e-01 4.597576394e+02
9.810277443e-01 1.815105009e-02 -1.930158137e-01 5.024047993e+01 -1.046330449e-02 9.991135773e-01 4.077473463e-02 -3.312487609e+01 1.935848244e-01 -3.798156270e-02 9.803480589e-01 4.609898486e+02
9.817535287e-01 1.460762447e-02 -1.895959553e-01 5.001124255e+01 -6.204412843e-03 9.989749230e-01 4.483980847e-02 -3.307028610e+01 1.900566080e-01 -4.284530861e-02 9.808377875e-01 4.622161519e+02
9.825082908e-01 1.327758129e-02 -1.857448905e-01 4.977691463e+01 -3.573586142e-03 9.986155165e-01 5.248123197e-02 -3.301484414e+01 1.861845535e-01 -5.089947015e-02 9.811954729e-01 4.634455864e+02
9.828717706e-01 9.832810402e-03 -1.840282545e-01 4.955631954e+01 1.291755637e-04 9.985386112e-01 5.404280928e-02 -3.296286633e+01 1.842907103e-01 -5.314092360e-02 9.814341426e-01 4.647091352e+02
9.831232985e-01 9.705730148e-03 -1.826865590e-01 4.932186886e+01 -6.294546846e-04 9.987652478e-01 4.967477882e-02 -3.291289444e+01 1.829431163e-01 -4.872143949e-02 9.819154941e-01 4.659414422e+02
9.831981951e-01 7.852566473e-03 -1.823722741e-01 4.909208890e+01 3.864532298e-04 9.989825147e-01 4.509751692e-02 -3.286108920e+01 1.825408443e-01 -4.441027560e-02 9.821947707e-01 4.671607102e+02
9.831274082e-01 5.976654662e-03 -1.828244483e-01 4.888540295e+01 2.693866448e-03 9.988846448e-01 4.714031732e-02 -3.281929907e+01 1.829022755e-01 -4.683744264e-02 9.820147716e-01 4.683743943e+02
9.831746985e-01 1.996636394e-03 -1.826568521e-01 4.866179925e+01 7.357421051e-03 9.986959933e-01 5.051911760e-02 -3.277052725e+01 1.825195346e-01 -5.101300158e-02 9.818779421e-01 4.696336987e+02
9.828512140e-01 -4.988357395e-03 -1.843328715e-01 4.843817960e+01 1.356998990e-02 9.988802158e-01 4.532295008e-02 -3.272614509e+01 1.839003714e-01 -4.704711171e-02 9.818183247e-01 4.708300305e+02
9.822674269e-01 -1.269069945e-02 -1.870552007e-01 4.819962409e+01 1.981807097e-02 9.991450533e-01 3.628231655e-02 -3.268146161e+01 1.864348305e-01 -3.934601097e-02 9.816791458e-01 4.720866004e+02
9.818230899e-01 -1.835854926e-02 -1.889084007e-01 4.795536452e+01 2.547575230e-02 9.990514224e-01 3.531630707e-02 -3.264041192e+01 1.880808502e-01 -3.948694935e-02 9.813594523e-01 4.733327586e+02
9.814371100e-01 -1.506072432e-02 -1.911919811e-01 4.770136660e+01 2.349973135e-02 9.988433770e-01 4.194843130e-02 -3.259745049e+01 1.903390703e-01 -4.566270738e-02 9.806558803e-01 4.745647265e+02
9.810715961e-01 -1.155971566e-02 -1.933000161e-01 4.744716187e+01 2.137027760e-02 9.985826055e-01 4.874516600e-02 -3.255823985e+01 1.924625534e-01 -5.195337282e-02 9.799280650e-01 4.758223833e+02
9.808116134e-01 -8.880301429e-03 -1.947555374e-01 4.718674980e+01 1.935945924e-02 9.984610070e-01 5.196949917e-02 -3.251060675e+01 1.939943052e-01 -5.474265022e-02 9.794740690e-01 4.770586633e+02
9.803249553e-01 -1.020903888e-02 -1.971262479e-01 4.693370338e+01 2.141873229e-02 9.982666356e-01 5.481753439e-02 -3.245958516e+01 1.962249219e-01 -5.796119128e-02 9.788443596e-01 4.783024176e+02
9.799166945e-01 -1.684657609e-02 -1.986944001e-01 4.667573114e+01 2.792729226e-02 9.981987352e-01 5.309756576e-02 -3.240744301e+01 1.974419867e-01 -5.758018771e-02 9.786220843e-01 4.795217701e+02
9.793044755e-01 -2.763618085e-02 -2.004968472e-01 4.642750075e+01 3.822186883e-02 9.980613174e-01 4.911919704e-02 -3.235657341e+01 1.987506804e-01 -5.576601369e-02 9.784622214e-01 4.807686760e+02
9.784912457e-01 -3.769268336e-02 -2.028155412e-01 4.618666236e+01 4.765568416e-02 9.978736520e-01 4.446470971e-02 -3.231307673e+01 2.007082905e-01 -5.317364256e-02 9.782069034e-01 4.819942612e+02
9.776192322e-01 -4.116040606e-02 -2.063164023e-01 4.594452227e+01 5.120399742e-02 9.977370158e-01 4.357749469e-02 -3.227455480e+01 2.040558442e-01 -5.316642143e-02 9.775144726e-01 4.832263871e+02
9.771594292e-01 -4.768640874e-02 -2.070880399e-01 4.568240395e+01 5.817086629e-02 9.972993849e-01 4.483399625e-02 -3.223097763e+01 2.043908025e-01 -5.585645286e-02 9.772944574e-01 4.844703352e+02
9.768898491e-01 -4.572981060e-02 -2.087941742e-01 4.542437981e+01 5.741277192e-02 9.970857091e-01 5.023805623e-02 -3.218291004e+01 2.058883105e-01 -6.106449947e-02 9.766683831e-01 4.856772576e+02
9.766812023e-01 -4.151485203e-02 -2.106426979e-01 4.514647346e+01 5.442658383e-02 9.969533870e-01 5.587209573e-02 -3.213696939e+01 2.076814294e-01 -6.603378808e-02 9.759651442e-01 4.868976317e+02
9.764003011e-01 -3.931385091e-02 -2.123602439e-01 4.487738853e+01 5.218459190e-02 9.971026448e-01 5.534513572e-02 -3.208527568e+01 2.095691305e-01 -6.512093985e-02 9.756228999e-01 4.881097968e+02
9.763635347e-01 -3.604859015e-02 -2.131073608e-01 4.460423790e+01 4.739089339e-02 9.977053012e-01 4.835530152e-02 -3.203461859e+01 2.108752031e-01 -5.731170134e-02 9.758314494e-01 4.893159029e+02
9.764953827e-01 -3.013407126e-02 -2.134214265e-01 4.430955283e+01 3.991980378e-02 9.983327605e-01 4.169062905e-02 -3.198963943e+01 2.118092935e-01 -4.923044824e-02 9.760702773e-01 4.905391986e+02
9.761234241e-01 -3.191818867e-02 -2.148587677e-01 4.403970528e+01 4.049094991e-02 9.985449316e-01 3.561604316e-02 -3.196034477e+01 2.134093340e-01 -4.346548960e-02 9.759954956e-01 4.917529194e+02
9.757523782e-01 -3.045581151e-02 -2.167481026e-01 4.377907073e+01 3.935878067e-02 9.985444404e-01 3.687664380e-02 -3.193034624e+01 2.153095047e-01 -4.451341392e-02 9.755308161e-01 4.929690281e+02
9.753940140e-01 -3.517428290e-02 -2.176448650e-01 4.348366337e+01 4.569927130e-02 9.980070655e-01 4.351406503e-02 -3.190454684e+01 2.156805370e-01 -5.238957029e-02 9.750575567e-01 4.941983984e+02
9.752516356e-01 -3.756957114e-02 -2.178824789e-01 4.321218314e+01 5.001589852e-02 9.973994673e-01 5.189135287e-02 -3.186511799e+01 2.153663325e-01 -6.150471471e-02 9.745945377e-01 4.953758908e+02
9.754586359e-01 -2.671096113e-02 -2.185565700e-01 4.293557844e+01 3.890886604e-02 9.979044979e-01 5.169829094e-02 -3.181522234e+01 2.167176732e-01 -5.893333266e-02 9.744538534e-01 4.965735437e+02
9.757735533e-01 -2.074849504e-02 -2.177968608e-01 4.264833239e+01 3.072429858e-02 9.986232212e-01 4.251681597e-02 -3.178156801e+01 2.166148427e-01 -4.817844037e-02 9.750676119e-01 4.978105371e+02
9.762802694e-01 -1.338600672e-02 -2.160963916e-01 4.238381866e+01 2.201238570e-02 9.990518381e-01 3.756167866e-02 -3.173594768e+01 2.153886963e-01 -4.142752288e-02 9.756492555e-01 4.989883394e+02
9.766755920e-01 -4.798393899e-03 -2.146666333e-01 4.209565031e+01 1.274452530e-02 9.992831622e-01 3.564742431e-02 -3.171241910e+01 2.143417017e-01 -3.755179358e-02 9.760366272e-01 5.001926620e+02
9.769496301e-01 -4.282048369e-03 -2.134269998e-01 4.182424856e+01 1.283929880e-02 9.991674342e-01 3.872455194e-02 -3.168835636e+01 2.130834873e-01 -4.057218972e-02 9.761912338e-01 5.013749224e+02
9.769275697e-01 -5.936231591e-03 -2.134883715e-01 4.159691296e+01 1.383335858e-02 9.992733589e-01 3.551608568e-02 -3.166328732e+01 2.131224104e-01 -3.764990446e-02 9.762998120e-01 5.025169208e+02
9.773867291e-01 -5.946240801e-03 -2.113760254e-01 4.132176384e+01 1.418021018e-02 9.991975247e-01 3.745968893e-02 -3.161941672e+01 2.109836570e-01 -3.960995930e-02 9.766867193e-01 5.037230521e+02
9.779108769e-01 -2.189706949e-03 -2.090108178e-01 4.102704680e+01 1.095163744e-02 9.991084199e-01 4.077286917e-02 -3.158541796e+01 2.087351873e-01 -4.216124294e-02 9.770629720e-01 5.049491216e+02
9.783546788e-01 1.246237125e-03 -2.069313154e-01 4.077737051e+01 8.525404937e-03 9.988901227e-01 4.632321476e-02 -3.155260631e+01 2.067593767e-01 -4.708470716e-02 9.772582005e-01 5.061569610e+02
9.789266303e-01 1.138152569e-03 -2.042091013e-01 4.051047846e+01 8.944352636e-03 9.987858683e-01 4.844365714e-02 -3.151263073e+01 2.040163008e-01 -4.924930426e-02 9.777279044e-01 5.073567411e+02
9.794588876e-01 -4.774528169e-03 -2.015874287e-01 4.025259969e+01 1.485841213e-02 9.987107706e-01 4.853889536e-02 -3.147194889e+01 2.010957859e-01 -5.053712155e-02 9.782670823e-01 5.085732911e+02
9.795497629e-01 -1.185460935e-02 -2.008525086e-01 4.002150291e+01 2.060353454e-02 9.989250229e-01 4.152460685e-02 -3.141930938e+01 2.001443387e-01 -4.481369040e-02 9.787410162e-01 5.097538545e+02
9.795331864e-01 -2.135654841e-02 -2.001465330e-01 3.979872266e+01 2.870466162e-02 9.990134848e-01 3.388361868e-02 -3.139014804e+01 1.992254483e-01 -3.893526748e-02 9.791798945e-01 5.109195707e+02
9.796668728e-01 -2.401401563e-02 -1.991887179e-01 3.957355168e+01 3.146833805e-02 9.989145966e-01 3.434199319e-02 -3.135788057e+01 1.981478286e-01 -3.991185099e-02 9.793592202e-01 5.120822175e+02
9.798245535e-01 -2.692102291e-02 -1.980381350e-01 3.934041211e+01 3.536132968e-02 9.986052322e-01 3.920671506e-02 -3.132349251e+01 1.967064329e-01 -4.541859386e-02 9.794098890e-01 5.132660562e+02
9.799905932e-01 -2.648797613e-02 -1.972734762e-01 3.910387866e+01 3.566873472e-02 9.984325081e-01 4.313082642e-02 -3.128089431e+01 1.958218033e-01 -4.930429946e-02 9.793992584e-01 5.144980867e+02
9.799660161e-01 -2.854053381e-02 -1.971092218e-01 3.886413903e+01 3.810041501e-02 9.982656097e-01 4.487906977e-02 -3.123739934e+01 1.954864848e-01 -5.148990636e-02 9.793537787e-01 5.156663718e+02
9.796066673e-01 -2.972932835e-02 -1.987132214e-01 3.862381678e+01 4.003379510e-02 9.980428001e-01 4.804023823e-02 -3.118790918e+01 1.968960959e-01 -5.501578206e-02 9.788795591e-01 5.168836282e+02
9.792339724e-01 -3.103460325e-02 -2.003439063e-01 3.839755899e+01 4.204092460e-02 9.978175985e-01 5.091758717e-02 -3.114423462e+01 1.983264683e-01 -5.828287421e-02 9.784016141e-01 5.180997469e+02
9.790821975e-01 -2.933202505e-02 -2.013397201e-01 3.814773778e+01 4.075748744e-02 9.977710293e-01 5.283749046e-02 -3.109441512e+01 1.993411092e-01 -5.993834738e-02 9.780953515e-01 5.193125887e+02
9.789592279e-01 -2.705975797e-02 -2.022538000e-01 3.789839928e+01 3.803426088e-02 9.979959047e-01 5.057241460e-02 -3.105242364e+01 2.004799868e-01 -5.720090575e-02 9.780264982e-01 5.204767554e+02
9.790506859e-01 -2.656273094e-02 -2.018766349e-01 3.764276704e+01 3.649486447e-02 9.982912490e-01 4.563668424e-02 -3.100957208e+01 2.003194430e-01 -5.204808744e-02 9.783471354e-01 5.216616118e+02
9.787755775e-01 -2.254452305e-02 -2.036912204e-01 3.743365884e+01 3.152819233e-02 9.986629398e-01 4.096713142e-02 -3.097545111e+01 2.024952885e-01 -4.651964369e-02 9.781776837e-01 5.228234348e+02
9.787630135e-01 -2.586788597e-02 -2.033563767e-01 3.718678084e+01 3.373150134e-02 9.988074010e-01 3.529817977e-02 -3.094586974e+01 2.022007648e-01 -4.140806869e-02 9.784683043e-01 5.240104214e+02
9.788852302e-01 -2.493228214e-02 -2.028844188e-01 3.693936946e+01 3.071208146e-02 9.992057566e-01 2.538944649e-02 -3.092333472e+01 2.020902623e-01 -3.108435697e-02 9.788734794e-01 5.251764944e+02
9.785406763e-01 -2.581536579e-02 -2.044302122e-01 3.670153389e+01 3.200265916e-02 9.991225578e-01 2.701748132e-02 -3.090584802e+01 2.035533704e-01 -3.298001484e-02 9.785082238e-01 5.263841642e+02
9.782262650e-01 -2.236699355e-02 -2.063324795e-01 3.646690300e+01 2.963868473e-02 9.990412883e-01 3.221882385e-02 -3.090147480e+01 2.054140279e-01 -3.763272302e-02 9.779513563e-01 5.275353459e+02
9.779731805e-01 -2.293226956e-02 -2.074670318e-01 3.623631542e+01 3.170430196e-02 9.987339526e-01 3.905546209e-02 -3.087125759e+01 2.063087383e-01 -4.477279190e-02 9.774620717e-01 5.286791798e+02
9.779609344e-01 -1.763608431e-02 -2.080417730e-01 3.596520256e+01 2.729057369e-02 9.986750436e-01 4.362776547e-02 -3.084331613e+01 2.069967037e-01 -4.834382962e-02 9.771464777e-01 5.299028361e+02
9.774617078e-01 -2.301713764e-02 -2.098542856e-01 3.571913189e+01 3.284211300e-02 9.985154851e-01 4.345367298e-02 -3.081471996e+01 2.085425746e-01 -4.936635956e-02 9.767665827e-01 5.310558790e+02
9.768462182e-01 -2.477798912e-02 -2.125029818e-01 3.548065893e+01 3.412912844e-02 9.985985369e-01 4.044953295e-02 -3.077785884e+01 2.112029086e-01 -4.676551485e-02 9.763228554e-01 5.321732817e+02
9.761840087e-01 -2.848762070e-02 -2.150656565e-01 3.520829038e+01 3.848426885e-02 9.983576523e-01 4.243770886e-02 -3.075190072e+01 2.135034945e-01 -4.970365730e-02 9.756771004e-01 5.333646276e+02
9.754707469e-01 -2.964514476e-02 -2.181237892e-01 3.493477016e+01 4.012356395e-02 9.982357392e-01 4.376652332e-02 -3.071322791e+01 2.164414971e-01 -5.144486700e-02 9.749392309e-01 5.345920744e+02
9.749096962e-01 -2.972582554e-02 -2.206070253e-01 3.467699523e+01 3.993155951e-02 9.983215648e-01 4.194667810e-02 -3.067556244e+01 2.189898511e-01 -4.970340577e-02 9.744603720e-01 5.357487788e+02
9.746712048e-01 -2.372914251e-02 -2.223802382e-01 3.442411104e+01 3.384314088e-02 9.985534772e-01 4.178031828e-02 -3.064680095e+01 2.210671490e-01 -4.824811889e-02 9.740643894e-01 5.369218616e+02
9.747379065e-01 -1.724758170e-02 -2.226848322e-01 3.415696769e+01 2.672029597e-02 9.988584461e-01 3.959583869e-02 -3.062477018e+01 2.217476930e-01 -4.454576954e-02 9.740860512e-01 5.380643470e+02
9.751091023e-01 -1.056383800e-02 -2.214737998e-01 3.381071275e+01 1.979169048e-02 9.990240221e-01 3.948787449e-02 -3.054104902e+01 2.208405028e-01 -4.288832674e-02 9.743664936e-01 5.392508147e+02
9.752332985e-01 -4.685196436e-03 -2.211290627e-01 3.352950175e+01 1.382590726e-02 9.991117352e-01 3.980684536e-02 -3.051461754e+01 2.207461386e-01 -4.187827102e-02 9.744318102e-01 5.403931879e+02
9.754010368e-01 -2.355945857e-04 -2.204376599e-01 3.325776345e+01 9.366878223e-03 9.991405263e-01 4.037908330e-02 -3.045390263e+01 2.202386865e-01 -4.145061243e-02 9.745649120e-01 5.415483762e+02
9.757031113e-01 1.175662967e-03 -2.190937158e-01 3.292397584e+01 6.466485788e-03 9.993954441e-01 3.416037054e-02 -3.040413073e+01 2.190014225e-01 -3.474714622e-02 9.751056418e-01 5.427466261e+02
9.759105325e-01 1.155252788e-03 -2.181680497e-01 3.267579027e+01 5.496544691e-03 9.995383811e-01 2.987997265e-02 -3.038629850e+01 2.181018581e-01 -3.035935045e-02 9.754536838e-01 5.438659587e+02
9.759679256e-01 -2.216285108e-03 -2.179029515e-01 3.241324757e+01 8.985662336e-03 9.995071036e-01 3.008002175e-02 -3.029957960e+01 2.177288820e-01 -3.131513877e-02 9.755067893e-01 5.450408934e+02
9.759265851e-01 2.575537096e-04 -2.180991385e-01 3.220028945e+01 8.064486234e-03 9.992728351e-01 3.726613957e-02 -3.026772569e+01 2.179501425e-01 -3.812787383e-02 9.752148484e-01 5.461794009e+02
9.761440094e-01 1.138061221e-03 -2.171211131e-01 3.191486186e+01 8.073494628e-03 9.991044666e-01 4.153412505e-02 -3.024294312e+01 2.169739423e-01 -4.229621350e-02 9.752606517e-01 5.473398065e+02
9.761576703e-01 1.041840469e-03 -2.170601695e-01 3.166306866e+01 8.905020579e-03 9.989543923e-01 4.484219871e-02 -3.021243183e+01 2.168799282e-01 -4.570598150e-02 9.751277147e-01 5.485145754e+02
9.763401880e-01 2.195094286e-03 -2.162290889e-01 3.138771784e+01 6.787483468e-03 9.991446636e-01 4.079057851e-02 -3.017078014e+01 2.161336794e-01 -4.129313246e-02 9.754901895e-01 5.496780374e+02
9.765422695e-01 -3.599039718e-03 -2.152957102e-01 3.112161035e+01 9.975125268e-03 9.995429846e-01 2.853627023e-02 -3.013247498e+01 2.150946136e-01 -3.001447577e-02 9.761318755e-01 5.508063516e+02
9.766491854e-01 -4.591412417e-03 -2.147912650e-01 3.087939177e+01 9.063343910e-03 9.997620934e-01 1.983966786e-02 -3.011226120e+01 2.146490726e-01 -2.132312256e-02 9.764584477e-01 5.519208765e+02
9.766054294e-01 -2.361883342e-03 -2.150261767e-01 3.066352220e+01 7.382732113e-03 9.997184612e-01 2.254980282e-02 -3.009202333e+01 2.149123785e-01 -2.360974052e-02 9.763479143e-01 5.530484868e+02
9.769612379e-01 3.507624139e-03 -2.133879945e-01 3.036023007e+01 3.713144623e-03 9.994342143e-01 3.342848767e-02 -3.006721627e+01 2.133845172e-01 -3.345067718e-02 9.763954629e-01 5.542288407e+02
9.771519377e-01 1.246837816e-02 -2.121759418e-01 3.009705415e+01 -3.683278358e-03 9.991213085e-01 4.174978389e-02 -3.003294615e+01 2.125100567e-01 -4.001437917e-02 9.763392470e-01 5.553720528e+02
9.776052799e-01 2.103254032e-02 -2.093932876e-01 2.980411733e+01 -1.274119314e-02 9.990833302e-01 4.086760770e-02 -3.001131642e+01 2.100608927e-01 -3.728446875e-02 9.769771183e-01 5.565692093e+02
9.780525533e-01 2.387544939e-02 -2.069859077e-01 2.954381251e+01 -1.710470962e-02 9.992604022e-01 3.443947618e-02 -2.997431183e+01 2.076550794e-01 -3.014318376e-02 9.777375704e-01 5.576982383e+02
9.788743484e-01 1.892974065e-02 -2.035845646e-01 2.926072404e+01 -1.315950873e-02 9.994734247e-01 2.965974946e-02 -2.992674402e+01 2.040388133e-01 -2.635409507e-02 9.786080034e-01 5.589158961e+02
9.796615774e-01 1.541150544e-02 -2.000641880e-01 2.900649481e+01 -1.003227074e-02 9.995611114e-01 2.787361089e-02 -2.992174835e+01 2.004059564e-01 -2.529960751e-02 9.793862274e-01 5.600844296e+02
9.805457054e-01 1.414007455e-02 -1.957809438e-01 2.873525600e+01 -8.235867770e-03 9.994873565e-01 3.093856247e-02 -2.991380318e+01 1.961180516e-01 -2.872424859e-02 9.801594908e-01 5.612727388e+02
9.811677890e-01 1.606976873e-02 -1.924877461e-01 2.848744417e+01 -9.891346556e-03 9.994058802e-01 3.301587173e-02 -2.991487149e+01 1.929039427e-01 -3.049014686e-02 9.807438095e-01 5.624375117e+02
9.818762457e-01 1.404392528e-02 -1.890021330e-01 2.827654169e+01 -7.607123998e-03 9.993674589e-01 3.473922469e-02 -2.988886561e+01 1.893704565e-01 -3.267185685e-02 9.813620025e-01 5.636067251e+02
9.824724280e-01 1.528541243e-02 -1.857802046e-01 2.806278241e+01 -8.914074578e-03 9.993446774e-01 3.508211801e-02 -2.985314225e+01 1.861947033e-01 -3.281115506e-02 9.819648469e-01 5.647657085e+02
9.834119397e-01 1.526150325e-02 -1.807430311e-01 2.783223253e+01 -9.311420168e-03 9.993878407e-01 3.372300977e-02 -2.982480964e+01 1.811470514e-01 -3.148063615e-02 9.829520412e-01 5.659288077e+02
9.840356384e-01 1.329007857e-02 -1.774746070e-01 2.763355092e+01 -7.662385375e-03 9.994469809e-01 3.235769170e-02 -2.978843647e+01 1.778064964e-01 -3.048124298e-02 9.835932816e-01 5.670584683e+02
9.849199501e-01 4.107803046e-03 -1.729618969e-01 2.743004017e+01 1.750031879e-03 9.994304052e-01 3.370166885e-02 -2.976887413e+01 1.730018186e-01 -3.349613484e-02 9.843517561e-01 5.681942112e+02
9.856242218e-01 7.743215935e-03 -1.687748086e-01 2.721688973e+01 -1.517293814e-03 9.993146052e-01 3.698672386e-02 -2.973758825e+01 1.689455274e-01 -3.619892995e-02 9.849604288e-01 5.693329072e+02
9.864217753e-01 2.036904749e-02 -1.629637481e-01 2.699314570e+01 -1.406108347e-02 9.991099957e-01 3.976810856e-02 -2.970348418e+01 1.636287482e-01 -3.693668138e-02 9.858302665e-01 5.704703263e+02
9.872021673e-01 2.811510002e-02 -1.569758648e-01 2.678231417e+01 -2.182926570e-02 9.988948082e-01 4.162505519e-02 -2.966109783e+01 1.579726689e-01 -3.766567684e-02 9.867248515e-01 5.716220606e+02
9.877612231e-01 3.975266952e-02 -1.508227149e-01 2.657478381e+01 -3.401792315e-02 9.986037087e-01 4.041551592e-02 -2.964445012e+01 1.522187471e-01 -3.479020392e-02 9.877343240e-01 5.727600187e+02
9.886283405e-01 4.135057613e-02 -1.445826207e-01 2.637126608e+01 -3.662584083e-02 9.987092735e-01 3.518998049e-02 -2.962699996e+01 1.458511300e-01 -2.949435196e-02 9.888667914e-01 5.738837894e+02
9.895080010e-01 3.553636379e-02 -1.400395758e-01 2.620693804e+01 -3.085053933e-02 9.988936921e-01 3.549135374e-02 -2.959749602e+01 1.411458826e-01 -3.079868205e-02 9.895096164e-01 5.750438874e+02
9.901097096e-01 2.687113934e-02 -1.376978752e-01 2.605540367e+01 -2.212021822e-02 9.991099144e-01 3.591761227e-02 -2.957614533e+01 1.385404595e-01 -3.251646961e-02 9.898228227e-01 5.762133502e+02
9.905473283e-01 1.895840292e-02 -1.358549573e-01 2.591065070e+01 -1.380043815e-02 9.991513641e-01 3.880849920e-02 -2.955039903e+01 1.364754131e-01 -3.656679726e-02 9.899683485e-01 5.773780252e+02
9.907581207e-01 1.788928386e-02 -1.344556428e-01 2.576231342e+01 -1.340664233e-02 9.993260742e-01 3.417103185e-02 -2.952093651e+01 1.349763249e-01 -3.205262859e-02 9.903302584e-01 5.785439354e+02
9.910841359e-01 2.122009011e-02 -1.315368518e-01 2.559113406e+01 -1.766466242e-02 9.994479486e-01 2.813818933e-02 -2.949484111e+01 1.320613316e-01 -2.556375897e-02 9.909118522e-01 5.796737023e+02
9.913536356e-01 2.381587845e-02 -1.290378748e-01 2.542323173e+01 -2.070152673e-02 9.994624121e-01 2.542309023e-02 -2.947518826e+01 1.295739789e-01 -2.253199191e-02 9.913137209e-01 5.807945472e+02
9.915103591e-01 2.811148590e-02 -1.269525583e-01 2.524981146e+01 -2.455053016e-02 9.992624144e-01 2.952793030e-02 -2.945508662e+01 1.276889940e-01 -2.616049616e-02 9.914691872e-01 5.819119581e+02
9.918198991e-01 2.797757230e-02 -1.245413315e-01 2.509915865e+01 -2.400456999e-02 9.991574743e-01 3.328846927e-02 -2.943308278e+01 1.253677328e-01 -3.002660512e-02 9.916558549e-01 5.830421932e+02
9.921650586e-01 2.816800769e-02 -1.217171302e-01 2.493348656e+01 -2.370926967e-02 9.989992235e-01 3.792653400e-02 -2.940559583e+01 1.226636335e-01 -3.474355757e-02 9.918399660e-01 5.841770240e+02
9.924873217e-01 2.212649648e-02 -1.203301060e-01 2.479898506e+01 -1.718920754e-02 9.989732799e-01 4.191559683e-02 -2.935881569e+01 1.211340060e-01 -3.953231927e-02 9.918486519e-01 5.852986584e+02
9.926824727e-01 9.707105185e-03 -1.203631190e-01 2.467295101e+01 -5.234102423e-03 9.992857999e-01 3.742317970e-02 -2.933621317e+01 1.206404264e-01 -3.651934167e-02 9.920243068e-01 5.864427715e+02
9.924947572e-01 5.184052053e-03 -1.221772584e-01 2.453964866e+01 -1.653560989e-03 9.995786191e-01 2.898016396e-02 -2.931586684e+01 1.222760099e-01 -2.856063324e-02 9.920851111e-01 5.875512412e+02
9.920267054e-01 -4.645799194e-03 -1.259421782e-01 2.440574623e+01 7.558892619e-03 9.997145990e-01 2.266238448e-02 -2.929112286e+01 1.258009493e-01 -2.343367401e-02 9.917786971e-01 5.886386611e+02
9.916433902e-01 -3.985274879e-03 -1.289476803e-01 2.424982163e+01 7.647888330e-03 9.995808705e-01 2.792119540e-02 -2.927737564e+01 1.287823609e-01 -2.867404633e-02 9.912582421e-01 5.897409017e+02
9.912470386e-01 -5.472072260e-04 -1.320189722e-01 2.409445028e+01 5.924818998e-03 9.991682729e-01 4.034425581e-02 -2.925441076e+01 1.318870918e-01 -4.077331261e-02 9.904258337e-01 5.908326775e+02
9.908455165e-01 8.005458293e-03 -1.347630332e-01 2.389085464e+01 -1.417326799e-03 9.988020909e-01 4.891190427e-02 -2.922000290e+01 1.349931615e-01 -4.827313779e-02 9.896699200e-01 5.919630998e+02
9.903780193e-01 4.213276035e-03 -1.383243549e-01 2.374463786e+01 2.107189326e-03 9.989614391e-01 4.551486457e-02 -2.918403341e+01 1.383724634e-01 -4.536839703e-02 9.893405733e-01 5.930647971e+02
9.898777814e-01 9.370425887e-03 -1.416127573e-01 2.356963486e+01 -4.586925735e-03 9.994090082e-01 3.406749691e-02 -2.915150461e+01 1.418482923e-01 -3.307309106e-02 9.893357532e-01 5.941629561e+02
9.895109810e-01 1.081289912e-02 -1.440524198e-01 2.340478262e+01 -7.392478654e-03 9.996783887e-01 2.425841072e-02 -2.913474946e+01 1.442683947e-01 -2.293905935e-02 9.892726772e-01 5.952298680e+02
9.890921908e-01 1.508216040e-02 -1.465236038e-01 2.323547213e+01 -1.213408121e-02 9.997059814e-01 2.099321143e-02 -2.911560697e+01 1.467971461e-01 -1.898629218e-02 9.889843874e-01 5.963331870e+02
9.888914944e-01 1.593273412e-02 -1.477828146e-01 2.305459484e+01 -1.233491623e-02 9.996055714e-01 2.522997050e-02 -2.910107199e+01 1.481265073e-01 -2.312681460e-02 9.886979763e-01 5.974073468e+02
9.884720381e-01 1.705874468e-02 -1.504394532e-01 2.287952411e+01 -1.235253906e-02 9.994063246e-01 3.216229361e-02 -2.908669325e+01 1.508987893e-01 -2.993321869e-02 9.880959254e-01 5.985018600e+02
9.883329723e-01 9.829770646e-03 -1.519911562e-01 2.270922463e+01 -4.802845947e-03 9.994303361e-01 3.340562767e-02 -2.905846337e+01 1.522329419e-01 -3.228589317e-02 9.878171655e-01 5.995924069e+02
9.880039431e-01 3.837490113e-03 -1.543809643e-01 2.254018522e+01 9.777167571e-04 9.995157249e-01 3.110240790e-02 -2.903331099e+01 1.544255566e-01 -3.088024250e-02 9.875217254e-01 6.006705908e+02
9.874613817e-01 8.201142491e-03 -1.576475845e-01 2.235635904e+01 -3.576947916e-03 9.995556058e-01 2.959385666e-02 -2.900720060e+01 1.578202303e-01 -2.865889339e-02 9.870518947e-01 6.017418542e+02
9.870023380e-01 6.521663867e-03 -1.605735119e-01 2.216418162e+01 -1.545658204e-03 9.995152577e-01 3.109438301e-02 -2.897941560e+01 1.606984622e-01 -3.044203696e-02 9.865339764e-01 6.028332770e+02
9.863936426e-01 5.476987354e-03 -1.643094168e-01 2.197955336e+01 8.431573464e-05 9.994279205e-01 3.382047539e-02 -2.896400073e+01 1.644006530e-01 -3.337415579e-02 9.858288853e-01 6.039156804e+02
9.858196429e-01 1.080216713e-02 -1.674602784e-01 2.178468450e+01 -5.158893621e-03 9.994051909e-01 3.409765759e-02 -2.894349607e+01 1.677290001e-01 -3.275023087e-02 9.852889956e-01 6.049859756e+02
9.850403124e-01 1.076741725e-02 -1.719873416e-01 2.159147198e+01 -5.589061596e-03 9.995171596e-01 3.056485016e-02 -2.891569052e+01 1.722334037e-01 -2.914636170e-02 9.846248749e-01 6.060360113e+02
9.844990785e-01 6.489530492e-03 -1.752696509e-01 2.140054779e+01 -2.230824999e-03 9.996977299e-01 2.448412331e-02 -2.888654748e+01 1.753755625e-01 -2.371360092e-02 9.842159708e-01 6.070740988e+02
9.843114407e-01 5.597994811e-03 -1.763509292e-01 2.118650990e+01 -1.403355595e-03 9.997133334e-01 2.390149632e-02 -2.887009141e+01 1.764341757e-01 -2.327903322e-02 9.840371275e-01 6.081683019e+02
9.841049841e-01 7.607173055e-03 -1.774246633e-01 2.099338283e+01 -2.832783346e-03 9.996274331e-01 2.714719912e-02 -2.885532065e+01 1.775650742e-01 -2.621308833e-02 9.837598886e-01 6.092186833e+02
9.840266026e-01 9.975569086e-03 -1.777417606e-01 2.078858032e+01 -4.724640604e-03 9.995404936e-01 2.994126529e-02 -2.883273837e+01 1.779587682e-01 -2.862323563e-02 9.836215671e-01 6.102703777e+02
9.839359236e-01 1.009619173e-02 -1.782362623e-01 2.059492603e+01 -4.336584771e-03 9.994566373e-01 3.267451986e-02 -2.882031360e+01 1.784693036e-01 -3.137669722e-02 9.834450725e-01 6.113335841e+02
9.839418793e-01 1.300550040e-02 -1.780147045e-01 2.038480790e+01 -6.761696547e-03 9.993419422e-01 3.563652584e-02 -2.879671708e+01 1.783610314e-01 -3.386058880e-02 9.833823280e-01 6.124165928e+02
9.842845297e-01 1.349874898e-02 -1.760731335e-01 2.019248557e+01 -7.021149360e-03 9.992771864e-01 3.736051648e-02 -2.876390678e+01 1.764501857e-01 -3.553714262e-02 9.836678522e-01 6.134841622e+02
9.847800178e-01 1.611646607e-02 -1.730565690e-01 1.998863938e+01 -9.725201639e-03 9.992411630e-01 3.771629179e-02 -2.873569205e+01 1.735331006e-01 -3.545924048e-02 9.841894661e-01 6.145541166e+02
9.852818233e-01 1.486391236e-02 -1.702903192e-01 1.979831450e+01 -9.842062515e-03 9.994925057e-01 3.029628306e-02 -2.871487710e+01 1.706542191e-01 -2.817436905e-02 9.849280900e-01 6.156035467e+02
9.859959354e-01 1.204173665e-02 -1.663340373e-01 1.962968537e+01 -8.043377901e-03 9.996627748e-01 2.469090527e-02 -2.868382028e+01 1.665752667e-01 -2.300724472e-02 9.857602889e-01 6.166672090e+02
9.868719194e-01 1.974482301e-02 -1.602933455e-01 1.943747550e+01 -1.560109744e-02 9.995118321e-01 2.706849265e-02 -2.868265086e+01 1.607495580e-01 -2.421238320e-02 9.866982011e-01 6.176754823e+02
9.878640630e-01 1.944169683e-02 -1.540993625e-01 1.924836836e+01 -1.381897481e-02 9.992020020e-01 3.747526072e-02 -2.867696199e+01 1.547049742e-01 -3.489096811e-02 9.873444137e-01 6.186617097e+02
9.885714127e-01 2.725967979e-02 -1.482682426e-01 1.906749049e+01 -2.119686940e-02 9.988792847e-01 4.231863961e-02 -2.865300110e+01 1.492556687e-01 -3.869217477e-02 9.880413255e-01 6.197389999e+02
9.895056563e-01 2.619717968e-02 -1.420994857e-01 1.890549466e+01 -2.140725254e-02 9.991533374e-01 3.513314633e-02 -2.861718319e+01 1.428995648e-01 -3.172248744e-02 9.892286885e-01 6.207975580e+02
9.904743341e-01 2.010135249e-02 -1.362223521e-01 1.874348169e+01 -1.681237158e-02 9.995397360e-01 2.525193533e-02 -2.860847073e+01 1.366672519e-01 -2.272117303e-02 9.903564058e-01 6.217991616e+02
9.909992518e-01 2.113876163e-02 -1.321878802e-01 1.862931096e+01 -1.813952088e-02 9.995509062e-01 2.385254022e-02 -2.860536763e+01 1.326327286e-01 -2.124002469e-02 9.909376472e-01 6.228755496e+02
9.917075010e-01 1.841679882e-02 -1.271890481e-01 1.849253558e+01 -1.438157835e-02 9.993659164e-01 3.257200178e-02 -2.859399009e+01 1.277082716e-01 -3.047271923e-02 9.913435382e-01 6.239637702e+02
9.923557810e-01 1.315682032e-02 -1.227065690e-01 1.835506241e+01 -8.296840125e-03 9.991638817e-01 4.003373606e-02 -2.857291821e+01 1.231306885e-01 -3.870963262e-02 9.916352141e-01 6.250841454e+02
9.929193998e-01 7.714590897e-03 -1.185392362e-01 1.821861602e+01 -3.256324101e-03 9.992816142e-01 3.775780590e-02 -2.856053816e+01 1.187453654e-01 -3.710445580e-02 9.922312218e-01 6.261512458e+02
9.931657674e-01 4.373360792e-03 -1.166303225e-01 1.810350029e+01 -5.955496393e-04 9.994745932e-01 3.240652519e-02 -2.853600418e+01 1.167107695e-01 -3.211559232e-02 9.926465559e-01 6.272347853e+02
9.935059850e-01 3.652764068e-03 -1.137212167e-01 1.796587186e+01 -1.875830572e-04 9.995357666e-01 3.046664065e-02 -2.852108647e+01 1.137797109e-01 -3.024745765e-02 9.930454515e-01 6.283159196e+02
9.937628866e-01 7.550561171e-03 -1.112578729e-01 1.783270810e+01 -3.600103525e-03 9.993573019e-01 3.566542361e-02 -2.849118697e+01 1.114556617e-01 -3.504243445e-02 9.931513798e-01 6.294022173e+02
9.941704308e-01 6.754534100e-03 -1.076082284e-01 1.769522512e+01 -2.548213146e-03 9.992289644e-01 3.917886220e-02 -2.847239445e+01 1.077898936e-01 -3.867625760e-02 9.934211020e-01 6.304853547e+02
9.944834232e-01 9.731895766e-03 -1.044414250e-01 1.755899638e+01 -5.915609713e-03 9.993055934e-01 3.678772171e-02 -2.843375747e+01 1.047269144e-01 -3.596694471e-02 9.938504175e-01 6.315854409e+02
9.948083731e-01 8.725488619e-03 -1.013911567e-01 1.742470895e+01 -5.402761008e-03 9.994407523e-01 3.299989001e-02 -2.840262241e+01 1.016223941e-01 -3.228077471e-02 9.942991706e-01 6.327232476e+02
9.950163420e-01 4.423119340e-03 -9.961382998e-02 1.731767770e+01 -1.242253153e-03 9.994880125e-01 3.197138962e-02 -2.837142572e+01 9.970424221e-02 -3.168830956e-02 9.945124007e-01 6.337973127e+02
9.952877662e-01 2.793975975e-03 -9.692500242e-02 1.719565142e+01 3.376555129e-04 9.994788595e-01 3.227840335e-02 -2.834955079e+01 9.696467596e-02 -3.215902723e-02 9.947681381e-01 6.349344023e+02
9.955952396e-01 -3.667303472e-03 -9.368388165e-02 1.706495108e+01 6.383705197e-03 9.995673355e-01 2.871219358e-02 -2.831322277e+01 9.353805164e-02 -2.918377353e-02 9.951878919e-01 6.360635117e+02
9.957791987e-01 -4.272609054e-03 -9.168169001e-02 1.696440120e+01 6.304815477e-03 9.997405548e-01 2.188772433e-02 -2.828386210e+01 9.156438595e-02 -2.237337674e-02 9.955477865e-01 6.372001645e+02
9.959363826e-01 -7.877309905e-03 -8.971437846e-02 1.686202575e+01 9.915128324e-03 9.997023444e-01 2.229154224e-02 -2.824297330e+01 8.951207709e-02 -2.309048752e-02 9.957180411e-01 6.383480572e+02
9.960305636e-01 -1.439098342e-02 -8.784085567e-02 1.675486416e+01 1.724026194e-02 9.993466723e-01 3.176479107e-02 -2.821915725e+01 8.732634022e-02 -3.315310211e-02 9.956279336e-01 6.395056253e+02
9.961526155e-01 -1.825453252e-02 -8.571311892e-02 1.664433981e+01 2.158304918e-02 9.990420236e-01 3.806845234e-02 -2.819311251e+01 8.493608597e-02 -3.977193883e-02 9.955923132e-01 6.406313728e+02
9.961425537e-01 -2.264382183e-02 -8.477776801e-02 1.655603840e+01 2.583675864e-02 9.989901989e-01 3.675655466e-02 -2.816460355e+01 8.385985046e-02 -3.880515096e-02 9.957216909e-01 6.417870592e+02
9.961112432e-01 -2.309679641e-02 -8.502311017e-02 1.646649281e+01 2.581069145e-02 9.991873210e-01 3.095974506e-02 -2.813117511e+01 8.423894274e-02 -3.303385540e-02 9.958978687e-01 6.429280383e+02
9.961476055e-01 -2.101085223e-02 -8.513807702e-02 1.636408975e+01 2.359352969e-02 9.992879651e-01 2.944330458e-02 -2.810806867e+01 8.445882682e-02 -3.133858510e-02 9.959340338e-01 6.440759525e+02
9.961058019e-01 -1.872256697e-02 -8.615507424e-02 1.624391109e+01 2.138658260e-02 9.993179880e-01 3.010270818e-02 -2.807872013e+01 8.553271547e-02 -3.182804488e-02 9.958268575e-01 6.452470449e+02
9.960917932e-01 -1.284216047e-02 -8.738545856e-02 1.614229416e+01 1.590588767e-02 9.992796889e-01 3.445440584e-02 -2.806329578e+01 8.688004484e-02 -3.570969419e-02 9.955785632e-01 6.464350775e+02
9.959845071e-01 -1.158692683e-02 -8.877276992e-02 1.603180768e+01 1.498477883e-02 9.991765366e-01 3.770550524e-02 -2.802777508e+01 8.826277787e-02 -3.888433938e-02 9.953379779e-01 6.476433502e+02
9.959255026e-01 -7.471118782e-03 -8.986977093e-02 1.591562074e+01 1.119889038e-02 9.990944439e-01 4.104725341e-02 -2.798217732e+01 8.948171991e-02 -4.188644819e-02 9.951073044e-01 6.488360341e+02
9.958785370e-01 -7.367504621e-03 -9.039723106e-02 1.579045727e+01 1.127448351e-02 9.990206468e-01 4.278590025e-02 -2.794657667e+01 8.999347493e-02 -4.362874184e-02 9.949862850e-01 6.500336709e+02
9.957977360e-01 -4.888878153e-03 -9.144926352e-02 1.566636858e+01 8.628303217e-03 9.991406546e-01 4.054016128e-02 -2.788800570e+01 9.117248111e-02 -4.115885279e-02 9.949841846e-01 6.512484598e+02
9.957511696e-01 -8.647875896e-03 -9.167781912e-02 1.553641788e+01 1.198046688e-02 9.992848892e-01 3.586333352e-02 -2.785659299e+01 9.130211766e-02 -3.680929938e-02 9.951427027e-01 6.524404122e+02
9.956078337e-01 -1.035065978e-02 -9.304786557e-02 1.542395189e+01 1.311042631e-02 9.994905977e-01 2.909745420e-02 -2.782267770e+01 9.269928893e-02 -3.018955053e-02 9.952363704e-01 6.536762818e+02
9.954752921e-01 -1.232267666e-02 -9.421833440e-02 1.531156246e+01 1.484766610e-02 9.995478793e-01 2.614543592e-02 -2.779244523e+01 9.385355459e-02 -2.742605782e-02 9.952081801e-01 6.549130345e+02
9.954396374e-01 -9.887502466e-03 -9.487974234e-02 1.518228009e+01 1.253237515e-02 9.995481553e-01 2.732077532e-02 -2.778072104e+01 9.456673720e-02 -2.838525120e-02 9.951137672e-01 6.561384889e+02
9.954973984e-01 -6.943428302e-03 -9.453421948e-02 1.505373326e+01 9.240423535e-03 9.996720786e-01 2.388199954e-02 -2.776370177e+01 9.433739673e-02 -2.464800463e-02 9.952351137e-01 6.573648697e+02
9.955764176e-01 -4.504403981e-03 -9.384725438e-02 1.492837202e+01 6.517216482e-03 9.997550228e-01 2.115231337e-02 -2.774628467e+01 9.372898538e-02 -2.167036724e-02 9.953618802e-01 6.586135808e+02
9.956505322e-01 -4.063045910e-03 -9.307797486e-02 1.481251369e+01 6.184485668e-03 9.997273769e-01 2.251497435e-02 -2.772618050e+01 9.296112028e-02 -2.299268560e-02 9.954042227e-01 6.598578195e+02
9.957011457e-01 -7.132456705e-03 -9.234910175e-02 1.470205484e+01 9.482426140e-03 9.996416557e-01 2.503285573e-02 -2.770349670e+01 9.213746321e-02 -2.580093667e-02 9.954119748e-01 6.611356605e+02
9.957732852e-01 -1.100819855e-02 -9.118324435e-02 1.457503391e+01 1.352193590e-02 9.995440768e-01 2.699621943e-02 -2.768895267e+01 9.084449204e-02 -2.811508810e-02 9.954681412e-01 6.623696054e+02
9.958441852e-01 -1.157434511e-02 -9.033489527e-02 1.446455004e+01 1.441447667e-02 9.994200449e-01 3.085120372e-02 -2.766748293e+01 8.992542261e-02 -3.202512207e-02 9.954334784e-01 6.636135905e+02
9.960266212e-01 -1.329143424e-02 -8.805854663e-02 1.434539154e+01 1.667482251e-02 9.991462476e-01 3.779849439e-02 -2.763975391e+01 8.748097023e-02 -3.911666729e-02 9.953978934e-01 6.648241985e+02
9.962550753e-01 -1.138505784e-02 -8.571000803e-02 1.423330341e+01 1.481368920e-02 9.991108012e-01 3.947355583e-02 -2.760537658e+01 8.518438607e-02 -4.059541176e-02 9.955378611e-01 6.660704201e+02
9.965307498e-01 -1.237097383e-02 -8.230081282e-02 1.411474371e+01 1.533979496e-02 9.992505602e-01 3.553883303e-02 -2.756943122e+01 8.179948334e-02 -3.667801752e-02 9.959736781e-01 6.673269632e+02
9.967642981e-01 -1.351322296e-02 -7.923589314e-02 1.400931776e+01 1.585982950e-02 9.994518035e-01 2.906128357e-02 -2.753764924e+01 7.879974469e-02 -3.022391767e-02 9.964321929e-01 6.685716966e+02
9.969896256e-01 -1.556406531e-02 -7.595687114e-02 1.391419571e+01 1.777364318e-02 9.994357331e-01 2.850110601e-02 -2.751007883e+01 7.547041811e-02 -2.976533734e-02 9.967036875e-01 6.698426891e+02
9.972660111e-01 -1.600189395e-02 -7.214182260e-02 1.381523261e+01 1.820338199e-02 9.993852505e-01 2.996261068e-02 -2.748416595e+01 7.161801493e-02 -3.119391839e-02 9.969442308e-01 6.711054029e+02
9.975077383e-01 -1.744150175e-02 -6.836743410e-02 1.372225018e+01 1.947096212e-02 9.993859310e-01 2.913147106e-02 -2.745999736e+01 6.781735517e-02 -3.039004753e-02 9.972348025e-01 6.723591213e+02
9.976835413e-01 -2.062052213e-02 -6.482549988e-02 1.363328417e+01 2.256558023e-02 9.993124851e-01 2.941686190e-02 -2.743542552e+01 6.417434033e-02 -3.081154398e-02 9.974629330e-01 6.735935409e+02
9.979328211e-01 -2.126288794e-02 -6.064630358e-02 1.355233193e+01 2.335466011e-02 9.991491358e-01 3.399359272e-02 -2.741060136e+01 5.987189986e-02 -3.533969569e-02 9.975803033e-01 6.748643643e+02
9.982015696e-01 -1.766649274e-02 -5.728456636e-02 1.347353630e+01 1.972072927e-02 9.991752433e-01 3.549543715e-02 -2.738085716e+01 5.661024065e-02 -3.656129450e-02 9.977266922e-01 6.761093939e+02
9.984925987e-01 -1.461914675e-02 -5.290378904e-02 1.339485927e+01 1.639041356e-02 9.993142092e-01 3.320339783e-02 -2.734736106e+01 5.238210276e-02 -3.402046197e-02 9.980474555e-01 6.773809995e+02
9.987130988e-01 -1.393366556e-02 -4.876473266e-02 1.332922363e+01 1.548067704e-02 9.993841299e-01 3.149142066e-02 -2.732276736e+01 4.829590899e-02 -3.220580539e-02 9.983137239e-01 6.786306344e+02
9.989251929e-01 -1.332868943e-02 -4.439375014e-02 1.327529292e+01 1.480022102e-02 9.993462505e-01 3.298522472e-02 -2.729427198e+01 4.392507793e-02 -3.360680928e-02 9.984694136e-01 6.798775622e+02
9.990555575e-01 -1.539492225e-02 -4.063236852e-02 1.320999723e+01 1.692162059e-02 9.991533111e-01 3.750092866e-02 -2.725827368e+01 4.002064166e-02 -3.815307671e-02 9.984701753e-01 6.811426458e+02
9.991151607e-01 -1.834602373e-02 -3.784599063e-02 1.316466139e+01 1.991732289e-02 9.989371442e-01 4.156780345e-02 -2.721877004e+01 3.704316189e-02 -4.228481344e-02 9.984186490e-01 6.824089653e+02
9.991580226e-01 -2.188529863e-02 -3.470273093e-02 1.312553917e+01 2.335646451e-02 9.988204144e-01 4.257059358e-02 -2.718175223e+01 3.373012593e-02 -4.334528320e-02 9.984905934e-01 6.836655569e+02
9.992581871e-01 -2.062769815e-02 -3.252035691e-02 1.309605636e+01 2.196687589e-02 9.989021827e-01 4.137494167e-02 -2.714425196e+01 3.163118569e-02 -4.205861985e-02 9.986143102e-01 6.849348118e+02
9.993839041e-01 -1.962815438e-02 -2.909549292e-02 1.305268620e+01 2.080835689e-02 9.989493596e-01 4.083122772e-02 -2.710755063e+01 2.826348238e-02 -4.141150117e-02 9.987423407e-01 6.862026323e+02
9.994334122e-01 -2.148082575e-02 -2.591194091e-02 1.301500555e+01 2.256598040e-02 9.988483957e-01 4.233980231e-02 -2.707537781e+01 2.497260669e-02 -4.290054144e-02 9.987671963e-01 6.874532207e+02
9.995218104e-01 -2.075797999e-02 -2.291847989e-02 1.297417134e+01 2.175877352e-02 9.987804876e-01 4.431809285e-02 -2.703977073e+01 2.197057644e-02 -4.479557842e-02 9.987545494e-01 6.886982765e+02
9.995188493e-01 -2.344688507e-02 -2.030550494e-02 1.294659519e+01 2.432161090e-02 9.987371860e-01 4.396012433e-02 -2.700550941e+01 1.924913488e-02 -4.443283547e-02 9.988269089e-01 6.899642243e+02
9.995101313e-01 -2.596627041e-02 -1.747141215e-02 1.290919870e+01 2.669222684e-02 9.987318496e-01 4.268744109e-02 -2.696577112e+01 1.634082213e-02 -4.313288075e-02 9.989356997e-01 6.911915767e+02
9.995595343e-01 -2.578153427e-02 -1.469863636e-02 1.288037186e+01 2.639274968e-02 9.987251823e-01 4.302828215e-02 -2.693229012e+01 1.357056314e-02 -4.339726710e-02 9.989657236e-01 6.924452244e+02
9.996955844e-01 -2.102472853e-02 -1.291121211e-02 1.287463998e+01 2.160069910e-02 9.986976391e-01 4.622159085e-02 -2.689634508e+01 1.192260065e-02 -4.648641148e-02 9.988477688e-01 6.936586047e+02
9.997290065e-01 -2.096230332e-02 -1.012400112e-02 1.285654137e+01 2.143929046e-02 9.985409333e-01 4.956169275e-02 -2.685227440e+01 9.070302288e-03 -4.976531325e-02 9.987197521e-01 6.948935707e+02
9.998444320e-01 -1.598927723e-02 -7.446803508e-03 1.284229616e+01 1.635945474e-02 9.984799923e-01 5.263148534e-02 -2.680045122e+01 6.593944900e-03 -5.274512321e-02 9.985862366e-01 6.961377057e+02
9.999241790e-01 -1.100295076e-02 -5.529133662e-03 1.282046555e+01 1.129070870e-02 9.984207640e-01 5.503179051e-02 -2.674769832e+01 4.914889774e-03 -5.509004578e-02 9.984692938e-01 6.973640523e+02
9.999667157e-01 -7.236216018e-03 -3.768915072e-03 1.279789752e+01 7.439300990e-03 9.983468940e-01 5.699242028e-02 -2.668676001e+01 3.350275191e-03 -5.701856142e-02 9.983674971e-01 6.986102762e+02
9.999643263e-01 -8.280881889e-03 -1.665276445e-03 1.278676995e+01 8.360324056e-03 9.984340702e-01 5.531285944e-02 -2.663479847e+01 1.204629483e-03 -5.532480848e-02 9.984676832e-01 6.998361746e+02
9.999997118e-01 4.243417649e-04 6.294959081e-04 1.276562641e+01 -4.515615046e-04 9.990362686e-01 4.388997712e-02 -2.658929547e+01 -6.102648928e-04 -4.389024873e-02 9.990361723e-01 7.010602604e+02
9.999914780e-01 -2.787321076e-03 3.045446975e-03 1.276114117e+01 2.695162405e-03 9.995505377e-01 2.985730626e-02 -2.656352855e+01 -3.127300060e-03 -2.984884385e-02 9.995495318e-01 7.022814017e+02
9.999916579e-01 -7.571247486e-04 4.013847532e-03 1.277629137e+01 6.628179756e-04 9.997249122e-01 2.344484332e-02 -2.654149135e+01 -4.030494043e-03 -2.344198729e-02 9.997170742e-01 7.035177079e+02
9.999752268e-01 -1.918463814e-03 6.772392060e-03 1.278750009e+01 1.691684350e-03 9.994428285e-01 3.333422771e-02 -2.651579991e+01 -6.832569186e-03 -3.332194516e-02 9.994213145e-01 7.047939386e+02
9.999619497e-01 -2.011107384e-03 8.488503586e-03 1.279274772e+01 1.594122351e-03 9.988049751e-01 4.884752205e-02 -2.647756253e+01 -8.576597225e-03 -4.883213167e-02 9.987701762e-01 7.060553411e+02
9.999266642e-01 -6.310705373e-03 1.033639852e-02 1.281315923e+01 5.704758006e-03 9.983212369e-01 5.763821405e-02 -2.642261936e+01 -1.068278395e-02 -5.757502045e-02 9.982840253e-01 7.073157424e+02
9.998665875e-01 -9.236171604e-03 1.347220589e-02 1.282260707e+01 8.599698514e-03 9.988784906e-01 4.655970586e-02 -2.638468182e+01 -1.388713012e-02 -4.643763730e-02 9.988246560e-01 7.085794370e+02
9.998129141e-01 -1.174689103e-02 1.536708376e-02 1.285088687e+01 1.134437964e-02 9.995969700e-01 2.602311627e-02 -2.633622639e+01 -1.566658107e-02 -2.584391768e-02 9.995432208e-01 7.097810663e+02
9.997987845e-01 -9.354042360e-03 1.774520993e-02 1.286445286e+01 8.837126907e-03 9.995406965e-01 2.898795101e-02 -2.631214486e+01 -1.800821402e-02 -2.882530151e-02 9.994222362e-01 7.110409194e+02
9.997706955e-01 -6.599424614e-03 2.037164689e-02 1.287830278e+01 5.857421928e-03 9.993248422e-01 3.627051704e-02 -2.629068878e+01 -2.059725735e-02 -3.614287472e-02 9.991343481e-01 7.122861973e+02
9.997222038e-01 -2.070521851e-03 2.347825043e-02 1.290194694e+01 1.090315466e-03 9.991301768e-01 4.168574167e-02 -2.624924152e+01 -2.354413974e-02 -4.164856283e-02 9.988548797e-01 7.135658223e+02
9.996387781e-01 -2.921020291e-03 2.671667976e-02 1.291015176e+01 1.861584503e-03 9.992141272e-01 3.959371795e-02 -2.620932637e+01 -2.681133790e-02 -3.952968047e-02 9.988586269e-01 7.148296902e+02
9.995867649e-01 -2.837956439e-03 2.860499060e-02 1.294417441e+01 1.883420976e-03 9.994422458e-01 3.334141549e-02 -2.617254100e+01 -2.868365753e-02 -3.327376240e-02 9.990345863e-01 7.160717098e+02
9.995150516e-01 -4.338165044e-03 3.083572459e-02 1.297683539e+01 3.569009970e-03 9.996822032e-01 2.495505507e-02 -2.614649274e+01 -3.093418425e-02 -2.483290015e-02 9.992128919e-01 7.172955883e+02
9.994580734e-01 -2.115586089e-03 3.284941189e-02 1.300914664e+01 1.433892520e-03 9.997834227e-01 2.076178557e-02 -2.612651202e+01 -3.288622080e-02 -2.070343168e-02 9.992446469e-01 7.185322631e+02
9.993083476e-01 -4.765819967e-03 3.687971480e-02 1.303034493e+01 3.859747445e-03 9.996899076e-01 2.460063171e-02 -2.611062281e+01 -3.698552086e-02 -2.444127024e-02 9.990168645e-01 7.197714819e+02
9.992190044e-01 -5.704929172e-03 3.910032060e-02 1.306932735e+01 4.368707133e-03 9.994063212e-01 3.417483705e-02 -2.608894233e+01 -3.927207259e-02 -3.397732880e-02 9.986507124e-01 7.210137970e+02
9.991032309e-01 -9.060480557e-03 4.135990481e-02 1.312107560e+01 7.281237175e-03 9.990499032e-01 4.296829611e-02 -2.605532676e+01 -4.170992231e-02 -4.262861219e-02 9.982199576e-01 7.222635152e+02
9.989478643e-01 -1.319839573e-02 4.392000419e-02 1.316495238e+01 1.138433789e-02 9.990819111e-01 4.130050630e-02 -2.602228916e+01 -4.442478215e-02 -4.075705240e-02 9.981809963e-01 7.234978747e+02
9.988048834e-01 -1.365942587e-02 4.692786905e-02 1.322173807e+01 1.195922100e-02 9.992685828e-01 3.632184512e-02 -2.598515830e+01 -4.738968075e-02 -3.571721553e-02 9.982376965e-01 7.247335602e+02
9.987446593e-01 -8.600288730e-03 4.934714429e-02 1.327743831e+01 7.252616232e-03 9.995975699e-01 2.742440331e-02 -2.596178104e+01 -4.956314330e-02 -2.703208044e-02 9.984051089e-01 7.259553769e+02
9.986463641e-01 -4.798830122e-03 5.179199433e-02 1.332978346e+01 3.706028122e-03 9.997689099e-01 2.117527361e-02 -2.594355377e+01 -5.188164225e-02 -2.095466741e-02 9.984333714e-01 7.271626541e+02
9.985327723e-01 -4.490376961e-03 5.396423995e-02 1.338866045e+01 3.247840325e-03 9.997280948e-01 2.309086540e-02 -2.592259451e+01 -5.405325348e-02 -2.288171861e-02 9.982758500e-01 7.283978727e+02
9.983963673e-01 -2.029298994e-03 5.657363008e-02 1.344761371e+01 3.780412987e-04 9.995740083e-01 2.918319839e-02 -2.590637579e+01 -5.660875161e-02 -2.911501209e-02 9.979718259e-01 7.296323261e+02
9.983368088e-01 -2.713697327e-03 5.758690809e-02 1.352502441e+01 9.474806029e-04 9.995289433e-01 3.067562261e-02 -2.587663293e+01 -5.764302575e-02 -3.057004071e-02 9.978691067e-01 7.308779143e+02
9.981666747e-01 -6.634005904e-03 6.016044743e-02 1.358520383e+01 4.733601198e-03 9.994869609e-01 3.167661667e-02 -2.585082026e+01 -6.033972563e-02 -3.133376756e-02 9.976859789e-01 7.320839749e+02
9.980824407e-01 -5.992477624e-03 6.160788668e-02 1.366506428e+01 4.031602208e-03 9.994828228e-01 3.190349784e-02 -2.581919553e+01 -6.176720548e-02 -3.159394250e-02 9.975904145e-01 7.333265299e+02
9.979760271e-01 -8.214846281e-03 6.305842987e-02 1.374877186e+01 6.188896204e-03 9.994604625e-01 3.225649641e-02 -2.580469403e+01 -6.328938964e-02 -3.180094806e-02 9.974884224e-01 7.345423398e+02
9.978212115e-01 -8.771458442e-03 6.539030014e-02 1.382625245e+01 7.116889854e-03 9.996496644e-01 2.549310567e-02 -2.578920742e+01 -6.559100331e-02 -2.497218602e-02 9.975340647e-01 7.357396421e+02
9.977442388e-01 -4.016658365e-03 6.700970358e-02 1.392120512e+01 2.705907863e-03 9.998034566e-01 1.963991579e-02 -2.578263493e+01 -6.707542010e-02 -1.941429075e-02 9.975590074e-01 7.368775726e+02
9.976520645e-01 3.151812240e-04 6.848546446e-02 1.401318841e+01 -1.694000872e-03 9.997970240e-01 2.007588366e-02 -2.578247956e+01 -6.846523602e-02 -2.014476122e-02 9.974500990e-01 7.380208589e+02
9.974931915e-01 1.807403354e-03 7.073942464e-02 1.410530470e+01 -3.524345996e-03 9.997020351e-01 2.415408852e-02 -2.577726721e+01 -7.067469059e-02 -2.434284905e-02 9.972023435e-01 7.391885118e+02
9.972533082e-01 3.466389885e-04 7.406564006e-02 1.418730851e+01 -2.544291774e-03 9.995591957e-01 2.957940010e-02 -2.575785784e+01 -7.402273823e-02 -2.968659920e-02 9.968145966e-01 7.403923597e+02
9.970304603e-01 9.503254452e-05 7.700813042e-02 1.426916020e+01 -2.382248618e-03 9.995586994e-01 2.960965053e-02 -2.573166858e+01 -7.697133280e-02 -2.970517601e-02 9.965906965e-01 7.416519393e+02
9.968301854e-01 -3.022349928e-03 7.950123850e-02 1.436950334e+01 7.034538674e-04 9.995739285e-01 2.917989940e-02 -2.571781249e+01 -7.955555716e-02 -2.903147907e-02 9.964075906e-01 7.428466469e+02
9.967098947e-01 -4.040402160e-03 8.095097814e-02 1.449001899e+01 1.869378845e-03 9.996370044e-01 2.687684782e-02 -2.570535159e+01 -8.103018656e-02 -2.663709212e-02 9.963556464e-01 7.440003331e+02
9.964631573e-01 -4.770996799e-03 8.389525404e-02 1.457595980e+01 2.750242889e-03 9.997036996e-01 2.418572375e-02 -2.569483195e+01 -8.398578586e-02 -2.386945032e-02 9.961810263e-01 7.452210113e+02
9.962683838e-01 -4.619406261e-03 8.618566282e-02 1.467024461e+01 2.506901214e-03 9.996941511e-01 2.460324525e-02 -2.567147505e+01 -8.627295542e-02 -2.429537644e-02 9.959752566e-01 7.464271652e+02
9.960086498e-01 -3.134614185e-03 8.920170257e-02 1.476475746e+01 5.799226313e-04 9.995893073e-01 2.865100992e-02 -2.566087467e+01 -8.925487794e-02 -2.848492362e-02 9.956014142e-01 7.476320398e+02
9.957595665e-01 -3.654328946e-03 9.192133386e-02 1.485577536e+01 1.171811613e-03 9.996334907e-01 2.704646324e-02 -2.562885915e+01 -9.198648050e-02 -2.682406002e-02 9.953988935e-01 7.488633569e+02
9.955219345e-01 -3.489000100e-03 9.446642201e-02 1.496582595e+01 1.531143590e-03 9.997826926e-01 2.078997853e-02 -2.562315815e+01 -9.451842999e-02 -2.055223798e-02 9.953109423e-01 7.500036421e+02
9.952414350e-01 -6.354379212e-03 9.723223712e-02 1.506267182e+01 4.532630908e-03 9.998102440e-01 1.894547936e-02 -2.562249233e+01 -9.733417349e-02 -1.841460822e-02 9.950813840e-01 7.512029534e+02
9.951042544e-01 -4.159351842e-03 9.874321601e-02 1.519691650e+01 2.264893144e-03 9.998113642e-01 1.929005873e-02 -2.562448134e+01 -9.880482365e-02 -1.897197668e-02 9.949259625e-01 7.523513829e+02
9.948333156e-01 -4.538447872e-03 1.014202975e-01 1.530051572e+01 2.367002003e-03 9.997656060e-01 2.152046179e-02 -2.560945203e+01 -1.014941947e-01 -2.116921031e-02 9.946108752e-01 7.535907540e+02
9.946420855e-01 1.625729157e-03 1.033657526e-01 1.543258395e+01 -3.724721986e-03 9.997907008e-01 2.011668562e-02 -2.562122568e+01 -1.033114140e-01 -2.039391083e-02 9.944399631e-01 7.546797857e+02
9.943140710e-01 2.432154072e-03 1.064594418e-01 1.553587812e+01 -4.698157155e-03 9.997676061e-01 2.103951397e-02 -2.559458878e+01 -1.063835300e-01 -2.142004797e-02 9.940944251e-01 7.558317160e+02
9.941053411e-01 5.587558916e-03 1.082744195e-01 1.567001107e+01 -8.058155228e-03 9.997167511e-01 2.239382966e-02 -2.559546719e+01 -1.081186240e-01 -2.313431775e-02 9.938687874e-01 7.569762471e+02
9.938809200e-01 3.916624566e-03 1.103873950e-01 1.578762714e+01 -6.691023385e-03 9.996706835e-01 2.477407606e-02 -2.558168954e+01 -1.102540119e-01 -2.536108615e-02 9.935798248e-01 7.581451437e+02
9.936271824e-01 3.526043221e-03 1.126613924e-01 1.590101753e+01 -6.299998583e-03 9.996854547e-01 2.427553630e-02 -2.555918411e+01 -1.125403587e-01 -2.483059935e-02 9.933368558e-01 7.593485460e+02
9.934257792e-01 5.897582024e-03 1.143260243e-01 1.604353298e+01 -8.699604930e-03 9.996734895e-01 2.402563564e-02 -2.554390879e+01 -1.141470025e-01 -2.486227705e-02 9.931527219e-01 7.605308191e+02
9.931601488e-01 6.321927936e-03 1.165888163e-01 1.616444695e+01 -8.554757793e-03 9.997892718e-01 1.866087044e-02 -2.552822270e+01 -1.164462750e-01 -1.953062194e-02 9.930049445e-01 7.617000523e+02
9.928197074e-01 9.648213832e-03 1.192306196e-01 1.628059635e+01 -1.187277597e-02 9.997681858e-01 1.796139898e-02 -2.551870620e+01 -1.190296848e-01 -1.924802932e-02 9.927041087e-01 7.628446509e+02
9.926517656e-01 6.449088754e-03 1.208341074e-01 1.641489206e+01 -8.556486491e-03 9.998200700e-01 1.692968233e-02 -2.550435314e+01 -1.207031847e-01 -1.783919447e-02 9.925283393e-01 7.640038059e+02
9.925714580e-01 3.829985574e-03 1.216027629e-01 1.656505591e+01 -6.731508089e-03 9.997021408e-01 2.345882571e-02 -2.549403611e+01 -1.214766954e-01 -2.410313083e-02 9.923015930e-01 7.651514405e+02
9.924260035e-01 2.795662938e-03 1.228120998e-01 1.670836369e+01 -6.721800392e-03 9.994790678e-01 3.156596880e-02 -2.548051784e+01 -1.226598753e-01 -3.215240668e-02 9.919278087e-01 7.663640853e+02
9.924001411e-01 4.655637835e-03 1.229645680e-01 1.684740938e+01 -9.252145310e-03 9.992784845e-01 3.683623391e-02 -2.546174028e+01 -1.227043510e-01 -3.769396978e-02 9.917271837e-01 7.675590785e+02
9.923098598e-01 6.507661763e-03 1.236074126e-01 1.698390119e+01 -1.064904461e-02 9.994027955e-01 3.287324378e-02 -2.543855839e+01 -1.233196658e-01 -3.393674477e-02 9.917865483e-01 7.687200958e+02
9.921610837e-01 1.221988594e-02 1.243666286e-01 1.711983324e+01 -1.555797639e-02 9.995433368e-01 2.590496496e-02 -2.541272432e+01 -1.239932792e-01 -2.763679118e-02 9.918981170e-01 7.698830809e+02
9.920410966e-01 1.550223123e-02 1.249565667e-01 1.724641053e+01 -1.895740710e-02 9.994687916e-01 2.650945607e-02 -2.539585775e+01 -1.244792330e-01 -2.866732237e-02 9.918079981e-01 7.710249724e+02
9.918648299e-01 2.058250981e-02 1.256205375e-01 1.738390708e+01 -2.503159550e-02 9.991102978e-01 3.394159745e-02 -2.538287813e+01 -1.248101693e-01 -3.680995926e-02 9.914975787e-01 7.721687183e+02
9.915909206e-01 2.148697781e-02 1.276156575e-01 1.753250702e+01 -2.689603817e-02 9.988046741e-01 4.081453227e-02 -2.535668309e+01 -1.265861343e-01 -4.390367522e-02 9.909835609e-01 7.733239259e+02
9.911429988e-01 2.172786427e-02 1.310093735e-01 1.765595203e+01 -2.795177062e-02 9.985568769e-01 4.585697427e-02 -2.531985929e+01 -1.298239367e-01 -4.911276295e-02 9.903199897e-01 7.744341430e+02
9.906250202e-01 1.950936167e-02 1.352089275e-01 1.778315811e+01 -2.657245665e-02 9.983638135e-01 5.063200939e-02 -2.527894513e+01 -1.339999023e-01 -5.375016870e-02 9.895225847e-01 7.755766521e+02
9.903098142e-01 1.607678371e-02 1.379420493e-01 1.790362798e+01 -2.400211216e-02 9.981431013e-01 5.598435374e-02 -2.522606553e+01 -1.367858565e-01 -5.875275549e-02 9.888567860e-01 7.767023863e+02
9.899919090e-01 1.088046244e-02 1.407040712e-01 1.804843676e+01 -1.955845488e-02 9.979801657e-01 6.044051394e-02 -2.518182363e+01 -1.397622515e-01 -6.258757401e-02 9.882050944e-01 7.777992286e+02
9.896531171e-01 1.068474453e-02 1.430822984e-01 1.821570863e+01 -1.989488587e-02 9.978092422e-01 6.309445040e-02 -2.513956516e+01 -1.420946916e-01 -6.528822550e-02 9.876975986e-01 7.788769806e+02
9.890554341e-01 1.019475670e-02 1.471917634e-01 1.836258827e+01 -1.995231469e-02 9.976878565e-01 6.496803950e-02 -2.508695585e+01 -1.461891016e-01 -6.719380889e-02 9.869720050e-01 7.799658674e+02
9.881688264e-01 1.809842813e-02 1.522984483e-01 1.850413725e+01 -2.815320203e-02 9.975446816e-01 6.412492053e-02 -2.504146225e+01 -1.507639468e-01 -6.765393645e-02 9.862520860e-01 7.810495210e+02
9.869153556e-01 2.998327940e-02 1.584269040e-01 1.865923308e+01 -4.017938038e-02 9.972948312e-01 6.155190605e-02 -2.498648421e+01 -1.561528045e-01 -6.711201608e-02 9.854502925e-01 7.821448466e+02
9.854483192e-01 3.304361858e-02 1.667325085e-01 1.881145976e+01 -4.297689027e-02 9.974871816e-01 5.632325936e-02 -2.491955487e+01 -1.644524157e-01 -6.266930599e-02 9.843921785e-01 7.832204972e+02
9.835952687e-01 4.103512062e-02 1.756600876e-01 1.898008378e+01 -5.177781792e-02 9.970297888e-01 5.701453998e-02 -2.486306573e+01 -1.727987415e-01 -6.517452780e-02 9.827984920e-01 7.842780561e+02
9.817133097e-01 4.080309529e-02 1.859410793e-01 1.918042080e+01 -5.281162273e-02 9.967948093e-01 6.009193557e-02 -2.480237767e+01 -1.828931657e-01 -6.881290309e-02 9.807216090e-01 7.853144622e+02
9.799034167e-01 3.780956154e-02 1.958564042e-01 1.938478296e+01 -5.201575206e-02 9.963349912e-01 6.790395265e-02 -2.475029490e+01 -1.925711701e-01 -7.672693337e-02 9.782787548e-01 7.863581975e+02
9.780804533e-01 3.186946422e-02 2.057740606e-01 1.961662662e+01 -4.847202989e-02 9.959173009e-01 7.615242728e-02 -2.468912261e+01 -2.025070100e-01 -8.445748701e-02 9.756320227e-01 7.874147023e+02
9.761967253e-01 2.252331191e-02 2.157142877e-01 1.983724828e+01 -4.139087795e-02 9.956602588e-01 8.335133080e-02 -2.461144374e+01 -2.129007954e-01 -9.029589993e-02 9.728925438e-01 7.884874376e+02
9.742153660e-01 1.331898831e-02 2.252266085e-01 2.008084198e+01 -3.396344418e-02 9.955380804e-01 8.803644148e-02 -2.453251802e+01 -2.230491092e-01 -9.341592541e-02 9.703208540e-01 7.895425836e+02
9.716820933e-01 4.187900129e-03 2.362548856e-01 2.032102617e+01 -2.637925825e-02 9.955153896e-01 9.084736508e-02 -2.447026530e+01 -2.348149148e-01 -9.450698652e-02 9.674349514e-01 7.905618216e+02
9.690216688e-01 1.559639151e-03 2.469707939e-01 2.057720328e+01 -2.604582595e-02 9.950491557e-01 9.591033714e-02 -2.439344613e+01 -2.455984944e-01 -9.937175326e-02 9.642648154e-01 7.915993971e+02
9.661146826e-01 -9.496653768e-03 2.579384298e-01 2.087377517e+01 -1.828997660e-02 9.942920848e-01 1.051129242e-01 -2.430174606e+01 -2.574643602e-01 -1.062688272e-01 9.604264884e-01 7.926791422e+02
9.631245146e-01 -2.175400352e-02 2.681751904e-01 2.117577307e+01 -1.025737910e-02 9.930327033e-01 1.173918070e-01 -2.420770779e+01 -2.688604760e-01 -1.158137017e-01 9.561910013e-01 7.937376248e+02
9.599987679e-01 -2.228854397e-02 2.791157222e-01 2.148564088e+01 -1.194933817e-02 9.926575783e-01 1.203667129e-01 -2.410072302e+01 -2.797491357e-01 -1.188871442e-01 9.526837188e-01 7.947866214e+02
9.566021735e-01 -2.265474310e-02 2.905151359e-01 2.178466767e+01 -9.330787232e-03 9.940805774e-01 1.082439004e-01 -2.399535373e+01 -2.912476918e-01 -1.062570854e-01 9.507282545e-01 7.958076276e+02
9.532792597e-01 -1.544444470e-02 3.016954128e-01 2.210397376e+01 -1.375516606e-02 9.954372921e-01 9.442135850e-02 -2.390101835e+01 -3.017771502e-01 -9.415979324e-02 9.487172840e-01 7.967975383e+02
9.495879763e-01 -1.266684778e-02 3.132446746e-01 2.243334243e+01 -1.804066623e-02 9.953197209e-01 9.493780918e-02 -2.378570027e+01 -3.129811648e-01 -9.580294472e-02 9.449151212e-01 7.978008829e+02
9.461829254e-01 -1.124386746e-02 3.234369292e-01 2.278151606e+01 -2.474637695e-02 9.939567480e-01 1.069467155e-01 -2.369803462e+01 -3.226848130e-01 -1.091950483e-01 9.401866585e-01 7.988082983e+02
9.425126533e-01 -1.488054713e-02 3.338389847e-01 2.314535347e+01 -2.401414796e-02 9.934091667e-01 1.120783130e-01 -2.359122249e+01 -3.333064942e-01 -1.136520870e-01 9.359433658e-01 7.998475544e+02
9.385790762e-01 -1.901104973e-02 3.445401249e-01 2.351043128e+01 -1.985068425e-02 9.938528317e-01 1.089151010e-01 -2.347740859e+01 -3.444927692e-01 -1.090647921e-01 9.324320903e-01 8.009083517e+02
9.347918628e-01 -2.079440556e-02 3.545867538e-01 2.386965941e+01 -1.759349884e-02 9.943488359e-01 1.046941323e-01 -2.337666128e+01 -3.547599782e-01 -1.041056446e-01 9.291433542e-01 8.019361687e+02
9.316355583e-01 -2.538867462e-02 3.625060024e-01 2.426732252e+01 -1.250226468e-02 9.947265377e-01 1.017978806e-01 -2.327434824e+01 -3.631788540e-01 -9.937067127e-02 9.264051974e-01 8.029128512e+02
9.284479025e-01 -2.748130774e-02 3.704446923e-01 2.466023011e+01 -1.193711548e-02 9.945372501e-01 1.036974611e-01 -2.319333945e+01 -3.712707874e-01 -1.006997313e-01 9.230479763e-01 8.038967755e+02
9.246292039e-01 -3.488922556e-02 3.792671581e-01 2.505740689e+01 -6.712308319e-03 9.941480955e-01 1.078170165e-01 -2.310304624e+01 -3.808093751e-01 -1.022365203e-01 9.189841749e-01 8.048845914e+02
9.217702502e-01 -3.552003141e-02 3.861061166e-01 2.547384137e+01 -8.305447570e-03 9.937578273e-01 1.112492703e-01 -2.300377026e+01 -3.876475532e-01 -1.057530518e-01 9.157213913e-01 8.058632656e+02
9.190732890e-01 -3.412344111e-02 3.926065208e-01 2.588892022e+01 -1.172439584e-02 9.934355477e-01 1.137908213e-01 -2.290564899e+01 -3.939122084e-01 -1.091851787e-01 9.126399996e-01 8.068415995e+02
9.160231022e-01 -3.576401081e-02 3.995279862e-01 2.631126921e+01 -8.616494439e-03 9.940331962e-01 1.087371184e-01 -2.280901101e+01 -4.010329566e-01 -1.030482432e-01 9.102492117e-01 8.078094859e+02
9.131772883e-01 -3.403538431e-02 4.061389329e-01 2.671059286e+01 -7.884177959e-03 9.948452912e-01 1.010974096e-01 -2.272295834e+01 -4.074862941e-01 -9.552193001e-02 9.082017843e-01 8.087199974e+02
9.110153918e-01 -3.189879061e-02 4.111367450e-01 2.711679750e+01 -9.246417342e-03 9.951728661e-01 9.770092282e-02 -2.264595532e+01 -4.122686742e-01 -9.280858641e-02 9.063228490e-01 8.096256199e+02
9.091225758e-01 -3.334586294e-02 4.151917577e-01 2.754310495e+01 -9.123445881e-03 9.949570140e-01 9.988645021e-02 -2.257681676e+01 -4.164287514e-01 -9.459700643e-02 9.042336542e-01 8.105239384e+02
9.066892864e-01 -3.556429445e-02 4.202971793e-01 2.794547935e+01 -8.241316107e-03 9.947551954e-01 1.019518612e-01 -2.249149353e+01 -4.217186487e-01 -9.590246221e-02 9.016407816e-01 8.114134166e+02
9.041615683e-01 -4.043372498e-02 4.252728211e-01 2.836447304e+01 -4.382664930e-03 9.945802114e-01 1.038797161e-01 -2.241228166e+01 -4.271681761e-01 -9.578787534e-02 8.990839962e-01 8.122875247e+02
9.015895550e-01 -4.289272887e-02 4.304607858e-01 2.879294800e+01 -3.742060809e-03 9.942617007e-01 1.069096234e-01 -2.232268245e+01 -4.325763184e-01 -9.799941021e-02 8.962554571e-01 8.131596859e+02
8.987975274e-01 -4.815764607e-02 4.357107364e-01 2.922646873e+01 -5.875302172e-04 9.938140978e-01 1.110549138e-01 -2.223305426e+01 -4.383636156e-01 -1.000718752e-01 8.932093597e-01 8.140251422e+02
8.960884939e-01 -5.364993747e-02 4.406212607e-01 2.963837985e+01 5.608789255e-03 9.939580166e-01 1.096175292e-01 -2.215832120e+01 -4.438400079e-01 -9.575565487e-02 8.909752533e-01 8.148509310e+02
8.935614517e-01 -5.319205286e-02 4.457785746e-01 3.004902049e+01 8.037946726e-03 9.946924281e-01 1.025785793e-01 -2.208152738e+01 -4.488689380e-01 -8.807711979e-02 8.892463649e-01 8.156629375e+02
8.912142319e-01 -5.113124876e-02 4.506914556e-01 3.046223113e+01 7.964143427e-03 9.952367457e-01 9.716168147e-02 -2.199492962e+01 -4.535126957e-01 -8.300250193e-02 8.873763686e-01 8.164701909e+02
8.886928694e-01 -5.344765089e-02 4.553771323e-01 3.088055246e+01 9.496782092e-03 9.951151400e-01 9.826326555e-02 -2.191761136e+01 -4.584046194e-01 -8.300124602e-02 8.848593098e-01 8.172772061e+02
8.867388580e-01 -5.436958870e-02 4.590622459e-01 3.129339010e+01 8.325549463e-03 9.947766269e-01 1.017356758e-01 -2.184644632e+01 -4.621957194e-01 -8.639103156e-02 8.825597468e-01 8.180560613e+02
8.852172463e-01 -5.378424660e-02 4.620580934e-01 3.170929838e+01 6.146450799e-03 9.945590685e-01 1.039926940e-01 -2.176218155e+01 -4.651372357e-01 -8.921610892e-02 8.807314221e-01 8.188383174e+02
8.836341245e-01 -5.670748459e-02 4.647310999e-01 3.211062335e+01 8.137111956e-03 9.943476831e-01 1.058606281e-01 -2.167825178e+01 -4.681073824e-01 -8.976049441e-02 8.791009795e-01 8.196092610e+02
8.829594459e-01 -6.006080456e-02 4.655913624e-01 3.252482247e+01 1.181651841e-02 9.943112603e-01 1.058559752e-01 -2.160539139e+01 -4.693005293e-01 -8.796486433e-02 8.786462290e-01 8.203630744e+02
8.830123408e-01 -5.740580501e-02 4.658259112e-01 3.292149479e+01 1.118445865e-02 9.947838266e-01 1.013905629e-01 -2.153896496e+01 -4.692164893e-01 -8.431910768e-02 8.790484482e-01 8.211034223e+02
8.831591284e-01 -5.191607005e-02 4.661916726e-01 3.331471643e+01 9.161574595e-03 9.955758504e-01 9.351359092e-02 -2.146589124e+01 -4.689840290e-01 -7.831633166e-02 8.797275332e-01 8.218409520e+02
8.838076673e-01 -4.932928611e-02 4.652425484e-01 3.370160607e+01 1.236272072e-02 9.965410425e-01 8.217733091e-02 -2.140455042e+01 -4.676870432e-01 -6.687729144e-02 8.813604583e-01 8.225682642e+02
8.846645891e-01 -4.685752372e-02 4.638673703e-01 3.409098264e+01 1.641052024e-02 9.974497510e-01 6.945998206e-02 -2.134759409e+01 -4.659391158e-01 -5.383648161e-02 8.831774304e-01 8.232738157e+02
8.855952723e-01 -4.304842193e-02 4.624584814e-01 3.446929854e+01 1.621281510e-02 9.979538627e-01 6.184846360e-02 -2.129914138e+01 -4.641747066e-01 -4.727495311e-02 8.844811589e-01 8.239811481e+02
8.868336632e-01 -3.895022469e-02 4.604442786e-01 3.483667005e+01 1.245909414e-02 9.980943875e-01 6.043479711e-02 -2.125535683e+01 -4.619207992e-01 -4.785889390e-02 8.856289864e-01 8.246908053e+02
8.874045213e-01 -3.908782984e-02 4.593314241e-01 3.520174641e+01 1.079461521e-02 9.978874844e-01 6.406281892e-02 -2.122505852e+01 -4.608651559e-01 -5.189132918e-02 8.859518035e-01 8.253909440e+02
8.875490134e-01 -3.692227558e-02 4.592314170e-01 3.555335660e+01 8.808491124e-03 9.979612353e-01 6.321220864e-02 -2.118992402e+01 -4.606290908e-01 -5.205879755e-02 8.860647393e-01 8.260816772e+02
8.875330140e-01 -2.954265559e-02 4.597960206e-01 3.589952497e+01 3.127283828e-03 9.983055055e-01 5.810626208e-02 -2.114718824e+01 -4.607335121e-01 -5.013331325e-02 8.861214825e-01 8.267454461e+02
8.868662709e-01 -2.502487505e-02 4.613479957e-01 3.623609173e+01 -7.606455705e-04 9.984516543e-01 5.562117758e-02 -2.111164046e+01 -4.620255825e-01 -4.967946866e-02 8.854740603e-01 8.273981240e+02
8.860501928e-01 -2.072059945e-02 4.631260224e-01 3.656414711e+01 -4.923452681e-03 9.985236984e-01 5.409420887e-02 -2.108472309e+01 -4.635631732e-01 -5.021036326e-02 8.846400985e-01 8.280323126e+02
8.842718345e-01 -1.792501829e-02 4.666283493e-01 3.689567816e+01 -7.798475545e-03 9.985567926e-01 5.313676524e-02 -2.106498619e+01 -4.669073853e-01 -5.062633465e-02 8.828558590e-01 8.286417186e+02
8.814606838e-01 -1.358109472e-02 4.720620900e-01 3.721725247e+01 -1.240960922e-02 9.985751473e-01 5.190064359e-02 -2.104312776e+01 -4.720943386e-01 -5.160648285e-02 8.800361961e-01 8.292364626e+02
8.777394189e-01 -8.599738025e-03 4.790611203e-01 3.753881913e+01 -1.749758194e-02 9.985966703e-01 4.998524436e-02 -2.102925960e+01 -4.788186996e-01 -5.225643054e-02 8.763571865e-01 8.298059859e+02
8.728323785e-01 -4.835721447e-03 4.879961627e-01 3.784133910e+01 -2.111252835e-02 9.986405714e-01 4.765784599e-02 -2.101278165e+01 -4.875632268e-01 -5.190014389e-02 8.715437309e-01 8.303380830e+02
8.668451231e-01 -6.690543137e-04 4.985770602e-01 3.813701875e+01 -2.566471784e-02 9.986134598e-01 4.596172581e-02 -2.099909738e+01 -4.979165139e-01 -5.263753744e-02 8.656260363e-01 8.308511543e+02
8.601893436e-01 -1.848889299e-03 5.099714450e-01 3.844674676e+01 -2.488753976e-02 9.986497412e-01 4.559939490e-02 -2.097978507e+01 -5.093671598e-01 -5.191604819e-02 8.589818510e-01 8.313266769e+02
8.524558839e-01 -7.709868048e-04 5.227985956e-01 3.873847090e+01 -2.563516243e-02 9.987343592e-01 4.327260297e-02 -2.096700180e+01 -5.221702829e-01 -5.029001193e-02 8.513572166e-01 8.317869443e+02
8.439060453e-01 8.726561421e-04 5.364902843e-01 3.901960065e+01 -2.531031229e-02 9.989499601e-01 3.818854942e-02 -2.097620800e+01 -5.358936226e-01 -4.580628435e-02 8.430419975e-01 8.322022013e+02
8.349845821e-01 3.179232290e-03 5.502641549e-01 3.929920779e+01 -2.555410619e-02 9.991284878e-01 3.300382729e-02 -2.096227310e+01 -5.496796661e-01 -4.161919558e-02 8.343381252e-01 8.325965789e+02
8.250029697e-01 4.997354111e-03 5.651062966e-01 3.956145781e+01 -2.674083983e-02 9.991860176e-01 3.020314234e-02 -2.095887559e+01 -5.644953742e-01 -4.002909909e-02 8.244650652e-01 8.329554498e+02
8.145969681e-01 5.593640633e-03 5.800004231e-01 3.981450276e+01 -2.515216759e-02 9.993535473e-01 2.568766204e-02 -2.094851437e+01 -5.794817927e-01 -3.551335946e-02 8.142110619e-01 8.332962741e+02
8.045387204e-01 8.189387313e-03 5.938437348e-01 4.007557529e+01 -2.358212406e-02 9.995568660e-01 1.816466685e-02 -2.095841336e+01 -5.934318250e-01 -2.861827445e-02 8.043753250e-01 8.335864432e+02
7.912981879e-01 1.357655961e-02 6.112796863e-01 4.031574483e+01 -2.365279077e-02 9.996848140e-01 8.415345907e-03 -2.094708950e+01 -6.109727681e-01 -2.111751849e-02 7.913699053e-01 8.339119474e+02
7.768828646e-01 2.237095279e-02 6.292476103e-01 4.057229693e+01 -3.019577672e-02 9.995424808e-01 1.744724731e-03 -2.094527929e+01 -6.289206864e-01 -2.035606709e-02 7.772029341e-01 8.342071614e+02
7.595139151e-01 3.051286922e-02 6.497750207e-01 4.083115235e+01 -3.650071264e-02 9.993245378e-01 -4.262182570e-03 -2.094332696e+01 -6.494661737e-01 -2.048006434e-02 7.601146336e-01 8.345012229e+02
7.389809750e-01 3.432422784e-02 6.728513699e-01 4.110979088e+01 -3.614896989e-02 9.992828092e-01 -1.127471852e-02 -2.093746440e+01 -6.727558030e-01 -1.599108143e-02 7.396917701e-01 8.347809056e+02
7.165504077e-01 3.529237004e-02 6.966419180e-01 4.139623018e+01 -3.218215518e-02 9.993283691e-01 -1.752482855e-02 -2.094712474e+01 -6.967925244e-01 -9.862015269e-03 7.172049348e-01 8.350362906e+02
6.914043350e-01 3.688585762e-02 7.215257993e-01 4.168981390e+01 -2.771066146e-02 9.993148867e-01 -2.453317010e-02 -2.095918376e+01 -7.219363994e-01 -3.031617002e-03 6.919527762e-01 8.352883000e+02
6.637048432e-01 4.227775575e-02 7.467988166e-01 4.199116343e+01 -2.582236898e-02 9.991013188e-01 -3.361190406e-02 -2.094941615e+01 -7.475487184e-01 3.024268920e-03 6.642000960e-01 8.355343778e+02
6.337061647e-01 4.800847269e-02 7.720826920e-01 4.229215633e+01 -2.629047624e-02 9.988324112e-01 -4.052931376e-02 -2.095925471e+01 -7.731269673e-01 5.385254311e-03 6.342284221e-01 8.357842521e+02
6.042618012e-01 5.607511015e-02 7.948102023e-01 4.260213747e+01 -2.784146315e-02 9.983972885e-01 -4.927176972e-02 -2.095304885e+01 -7.962992707e-01 7.644369362e-03 6.048545569e-01 8.359979054e+02
5.728769081e-01 6.276232624e-02 8.172349348e-01 4.292755019e+01 -2.947738396e-02 9.979965957e-01 -5.598105685e-02 -2.098786682e+01 -8.191111842e-01 7.980306803e-03 5.735792732e-01 8.362177134e+02
5.410540914e-01 6.755949128e-02 8.382697569e-01 4.327094756e+01 -2.697708331e-02 9.976493347e-01 -6.299239570e-02 -2.100469585e+01 -8.405549995e-01 1.146822035e-02 5.416048123e-01 8.364093569e+02
5.068526565e-01 7.039618704e-02 8.591535145e-01 4.363470524e+01 -2.442986273e-02 9.974327035e-01 -6.731406828e-02 -2.104777539e+01 -8.616864664e-01 1.312931190e-02 5.072711846e-01 8.366013124e+02
4.717431909e-01 7.382685289e-02 8.786398338e-01 4.402554315e+01 -2.100396097e-02 9.971466981e-01 -7.250721463e-02 -2.108258067e+01 -8.814857886e-01 1.574986801e-02 4.719478215e-01 8.367825741e+02
4.351457256e-01 7.725285667e-02 8.970396834e-01 4.441133277e+01 -1.528723005e-02 9.968025068e-01 -7.842871354e-02 -2.112214707e+01 -9.002302473e-01 2.041466745e-02 4.349353322e-01 8.369444862e+02
3.973759344e-01 8.438852465e-02 9.137674451e-01 4.481820463e+01 -1.248828888e-02 9.961677107e-01 -8.656751603e-02 -2.115146912e+01 -9.175709288e-01 2.298845575e-02 3.969069432e-01 8.370970868e+02
3.567849581e-01 9.341627560e-02 9.295041114e-01 4.525115552e+01 -1.365179731e-02 9.954028212e-01 -9.479900870e-02 -2.119452365e+01 -9.340867851e-01 2.113345862e-02 3.564200539e-01 8.372510920e+02
3.146563193e-01 1.029728227e-01 9.436037296e-01 4.569303211e+01 -1.705484643e-02 9.945511308e-01 -1.028454202e-01 -2.124438915e+01 -9.490524395e-01 1.626794467e-02 3.146979839e-01 8.373748314e+02
2.709573959e-01 1.112347429e-01 9.561427308e-01 4.614075978e+01 -1.776092830e-02 9.937094121e-01 -1.105719394e-01 -2.128452241e+01 -9.624274721e-01 1.297830226e-02 2.712285468e-01 8.374874528e+02
2.260030862e-01 1.161032605e-01 9.671828358e-01 4.662156213e+01 -1.455932778e-02 9.931635136e-01 -1.158199515e-01 -2.134018959e+01 -9.740177776e-01 1.209413455e-02 2.261484046e-01 8.375781936e+02
1.807438001e-01 1.177804480e-01 9.764524795e-01 4.712017494e+01 -5.467570088e-03 9.929087304e-01 -1.187533527e-01 -2.139478796e+01 -9.835150148e-01 1.612510987e-02 1.801060699e-01 8.376421809e+02
1.369319303e-01 1.189908557e-01 9.834077602e-01 4.762999259e+01 1.483919279e-03 9.927333404e-01 -1.203258612e-01 -2.146061542e+01 -9.905793479e-01 1.793575016e-02 1.357603197e-01 8.376802729e+02
9.642128472e-02 1.210924870e-01 9.879471370e-01 4.815020006e+01 3.063151695e-03 9.925311127e-01 -1.219533003e-01 -2.151879695e+01 -9.953358996e-01 1.478512584e-02 9.533020035e-02 8.377083871e+02
5.717149110e-02 1.218866047e-01 9.908960976e-01 4.868378185e+01 5.479560739e-03 9.924662309e-01 -1.223958941e-01 -2.158877574e+01 -9.983493352e-01 1.242723112e-02 5.607288923e-02 8.377216190e+02
1.936254906e-02 1.239559689e-01 9.920987902e-01 4.923245839e+01 6.989823286e-03 9.922437832e-01 -1.241105035e-01 -2.165090602e+01 -9.997880946e-01 9.337690938e-03 1.834593861e-02 8.377016681e+02
-1.720788862e-02 1.241267953e-01 9.921171439e-01 4.979710400e+01 1.010913392e-02 9.922349459e-01 -1.239661949e-01 -2.172674342e+01 -9.998008272e-01 7.896248597e-03 -1.832908283e-02 8.376693875e+02
-5.105020093e-02 1.240290210e-01 9.909645195e-01 5.038200309e+01 1.160901146e-02 9.922649937e-01 -1.235937422e-01 -2.179508086e+01 -9.986286136e-01 5.194633093e-03 -5.209518163e-02 8.376223339e+02
-8.279437479e-02 1.247705929e-01 9.887251340e-01 5.097399361e+01 1.455275839e-02 9.921770499e-01 -1.239875755e-01 -2.187078876e+01 -9.964603899e-01 4.123204194e-03 -8.396243482e-02 8.375631514e+02
-1.113054599e-01 1.241198840e-01 9.860047409e-01 5.159719873e+01 1.961597888e-02 9.922509426e-01 -1.226918100e-01 -2.195179119e+01 -9.935926268e-01 5.685179835e-03 -1.128776805e-01 8.374871100e+02
-1.349173111e-01 1.232078548e-01 9.831668951e-01 5.222419663e+01 2.732363038e-02 9.923243607e-01 -1.206058968e-01 -2.202211885e+01 -9.904800545e-01 1.059186556e-02 -1.372482203e-01 8.373671632e+02
-1.560896105e-01 1.227762834e-01 9.800826586e-01 5.285834632e+01 3.133525741e-02 9.923607785e-01 -1.193238744e-01 -2.209706991e+01 -9.872457319e-01 1.208592531e-02 -1.587444339e-01 8.372480741e+02
-1.742236778e-01 1.232186730e-01 9.769663601e-01 5.350492200e+01 3.280233336e-02 9.923156492e-01 -1.193049005e-01 -2.217499567e+01 -9.841595994e-01 1.126103769e-02 -1.769267419e-01 8.371262406e+02
-1.892081950e-01 1.239601584e-01 9.740811763e-01 5.416835905e+01 3.406592074e-02 9.922311777e-01 -1.196528435e-01 -2.225449920e+01 -9.813458982e-01 1.054367359e-02 -1.919610871e-01 8.369882073e+02
-2.004061181e-01 1.262896611e-01 9.715391445e-01 5.484592328e+01 3.933430770e-02 9.918945927e-01 -1.208218904e-01 -2.233529587e+01 -9.789229796e-01 1.400137362e-02 -2.037492613e-01 8.368315841e+02
-2.085032359e-01 1.267318916e-01 9.697759681e-01 5.553772743e+01 4.216863326e-02 9.918118009e-01 -1.205452527e-01 -2.241889192e+01 -9.771121773e-01 1.576005188e-02 -2.121400806e-01 8.366823320e+02
-2.134359038e-01 1.238927853e-01 9.690694984e-01 5.625175749e+01 4.328278697e-02 9.921515889e-01 -1.173108051e-01 -2.250789147e+01 -9.759978050e-01 1.690569094e-02 -2.171231962e-01 8.365160006e+02
-2.165010863e-01 1.211390282e-01 9.687376402e-01 5.697994798e+01 4.424585274e-02 9.924698914e-01 -1.142182964e-01 -2.259507806e+01 -9.752792339e-01 1.813423772e-02 -2.202307092e-01 8.363536761e+02
-2.177176942e-01 1.209575513e-01 9.684876233e-01 5.771426683e+01 4.678477011e-02 9.924436117e-01 -1.134321948e-01 -2.268049716e+01 -9.748898353e-01 2.061427491e-02 -2.217315060e-01 8.361721118e+02
-2.193440287e-01 1.221899954e-01 9.679658063e-01 5.845962260e+01 4.654242395e-02 9.923074247e-01 -1.147160738e-01 -2.275593962e+01 -9.745368130e-01 1.988918913e-02 -2.233437269e-01 8.359995728e+02
-2.199491342e-01 1.240157533e-01 9.675962336e-01 5.922202954e+01 4.425430393e-02 9.921335151e-01 -1.171010030e-01 -2.285265929e+01 -9.745070215e-01 1.706403359e-02 -2.237071385e-01 8.358402392e+02
-2.191177496e-01 1.257129409e-01 9.675658470e-01 5.999822662e+01 4.352363160e-02 9.919371116e-01 -1.190229395e-01 -2.294126429e+01 -9.747271953e-01 1.603194081e-02 -2.228225114e-01 8.356595592e+02
-2.183825391e-01 1.250873041e-01 9.678131188e-01 6.078609865e+01 4.359471472e-02 9.920111768e-01 -1.183778945e-01 -2.303898647e+01 -9.748890026e-01 1.633987164e-02 -2.220910650e-01 8.354840021e+02
-2.182818269e-01 1.218550100e-01 9.682481090e-01 6.157285393e+01 4.234413222e-02 9.924218190e-01 -1.153512360e-01 -2.313448725e+01 -9.749666756e-01 1.582054743e-02 -2.217874923e-01 8.353026590e+02
-2.178998192e-01 1.205477247e-01 9.684977619e-01 6.235772922e+01 4.118728629e-02 9.925943795e-01 -1.142803795e-01 -2.323162737e+01 -9.751016748e-01 1.498812056e-02 -2.212511695e-01 8.351227665e+02
-2.163729744e-01 1.202279849e-01 9.688797488e-01 6.317467047e+01 3.975425054e-02 9.926505857e-01 -1.142996686e-01 -2.332977428e+01 -9.755010689e-01 1.378572901e-02 -2.195623332e-01 8.349391262e+02
-2.151100785e-01 1.229224917e-01 9.688228502e-01 6.401758694e+01 3.874186087e-02 9.923400400e-01 -1.173043613e-01 -2.343129612e+01 -9.758210504e-01 1.230064970e-02 -2.182245900e-01 8.347537968e+02
-2.130069665e-01 1.260835728e-01 9.688812956e-01 6.483564948e+01 3.777383414e-02 9.919600580e-01 -1.207823692e-01 -2.353728158e+01 -9.763202188e-01 1.087087530e-02 -2.160570628e-01 8.345612577e+02
-2.108021251e-01 1.280909979e-01 9.691001807e-01 6.571178130e+01 3.950736951e-02 9.916840566e-01 -1.224822421e-01 -2.363948999e+01 -9.767300711e-01 1.246708202e-02 -2.141096449e-01 8.343862560e+02
-2.082666934e-01 1.291945547e-01 9.695018058e-01 6.657366885e+01 3.938764509e-02 9.915413570e-01 -1.236703313e-01 -2.375056944e+01 -9.772786695e-01 1.242998207e-02 -2.115937091e-01 8.341945432e+02
-2.057119259e-01 1.284347718e-01 9.701479851e-01 6.746005445e+01 3.955179730e-02 9.916315562e-01 -1.228922783e-01 -2.386407439e+01 -9.778129979e-01 1.309068921e-02 -2.090702632e-01 8.340025217e+02
-2.026081214e-01 1.273407224e-01 9.709450497e-01 6.835320154e+01 4.072397452e-02 9.917469678e-01 -1.215710070e-01 -2.397294418e+01 -9.784127488e-01 1.490946814e-02 -2.061218104e-01 8.338020881e+02
-2.006148205e-01 1.258030219e-01 9.715592074e-01 6.925224720e+01 4.284341785e-02 9.918985147e-01 -1.195900415e-01 -2.408500083e+01 -9.787329234e-01 1.763338237e-02 -2.043793739e-01 8.336071841e+02
-1.994695630e-01 1.292015476e-01 9.713489865e-01 7.014697458e+01 4.287807811e-02 9.914708973e-01 -1.230728652e-01 -2.420132177e+01 -9.789654559e-01 1.710028709e-02 -2.033081807e-01 8.334080355e+02
-1.997691285e-01 1.340908404e-01 9.706245112e-01 7.106719346e+01 4.327140752e-02 9.908327577e-01 -1.279766834e-01 -2.431914443e+01 -9.788870622e-01 1.643449825e-02 -2.037400959e-01 8.332321269e+02
-2.007586239e-01 1.351209896e-01 9.702774310e-01 7.199534425e+01 4.213404230e-02 9.907165592e-01 -1.292494554e-01 -2.444637199e+01 -9.787342323e-01 1.493376750e-02 -2.045880866e-01 8.330489829e+02
-2.021565438e-01 1.295054007e-01 9.707528434e-01 7.293325855e+01 4.191561950e-02 9.914541694e-01 -1.235382967e-01 -2.457318570e+01 -9.784558307e-01 1.571563172e-02 -2.058572474e-01 8.328463672e+02
-2.045708210e-01 1.242794633e-01 9.709301696e-01 7.387061245e+01 3.953150694e-02 9.921469728e-01 -1.186661040e-01 -2.470068911e+01 -9.780531883e-01 1.410671042e-02 -2.078772752e-01 8.326470428e+02
-2.074588769e-01 1.235363942e-01 9.704120639e-01 7.481334300e+01 3.621811375e-02 9.922839974e-01 -1.185778930e-01 -2.482793488e+01 -9.775730472e-01 1.054645800e-02 -2.103323789e-01 8.324518766e+02
-2.099855766e-01 1.248327289e-01 9.697024530e-01 7.573604599e+01 3.437466929e-02 9.921449286e-01 -1.202781057e-01 -2.494938359e+01 -9.771000152e-01 8.076533759e-03 -2.126272087e-01 8.322432703e+02
-2.133516758e-01 1.245333211e-01 9.690059413e-01 7.669053816e+01 3.080901024e-02 9.922069725e-01 -1.207316391e-01 -2.507141399e+01 -9.764895633e-01 4.095816447e-03 -2.155257687e-01 8.320491179e+02
-2.166018558e-01 1.220578320e-01 9.685997738e-01 7.761856780e+01 2.765315408e-02 9.925224521e-01 -1.188885413e-01 -2.519739407e+01 -9.758683001e-01 1.033360123e-03 -2.183574890e-01 8.318464535e+02
-2.198173906e-01 1.222214745e-01 9.678544446e-01 7.857230493e+01 2.657434319e-02 9.925027241e-01 -1.192985622e-01 -2.532360377e+01 -9.751790190e-01 -5.038024763e-04 -2.214173144e-01 8.316381966e+02
-2.228303877e-01 1.246258862e-01 9.668583179e-01 7.949133075e+01 2.661906500e-02 9.922028240e-01 -1.217578806e-01 -2.544622583e+01 -9.744937371e-01 -1.394491322e-03 -2.244103645e-01 8.314316857e+02
-2.251002717e-01 1.290573535e-01 9.657505202e-01 8.043960491e+01 2.941376842e-02 9.916371237e-01 -1.256608337e-01 -2.557348974e+01 -9.738915227e-01 1.200743273e-04 -2.270138491e-01 8.312134988e+02
-2.265798873e-01 1.292429073e-01 9.653796277e-01 8.135325294e+01 3.111922269e-02 9.916116455e-01 -1.254509403e-01 -2.570137071e+01 -9.734953254e-01 1.617203711e-03 -2.287011937e-01 8.309952644e+02
-2.280660880e-01 1.276499991e-01 9.652415953e-01 8.226794463e+01 3.351472509e-02 9.918102059e-01 -1.232447920e-01 -2.582148101e+01 -9.730686629e-01 4.241849124e-03 -2.304764283e-01 8.307790396e+02
-2.298280048e-01 1.275681817e-01 9.648344144e-01 8.317755936e+01 3.529329030e-02 9.918125758e-01 -1.227281476e-01 -2.594812283e+01 -9.725911124e-01 5.845815787e-03 -2.324486063e-01 8.305617722e+02
-2.306882795e-01 1.319650401e-01 9.640374193e-01 8.405998449e+01 3.778124880e-02 9.912281732e-01 -1.266463022e-01 -2.607158175e+01 -9.722939344e-01 7.206720027e-03 -2.336505259e-01 8.303380480e+02
-2.317507434e-01 1.370501630e-01 9.630726067e-01 8.495885671e+01 3.763658196e-02 9.905478344e-01 -1.319032806e-01 -2.619209309e+01 -9.720468511e-01 5.678077761e-03 -2.347182967e-01 8.301247973e+02
-2.325037928e-01 1.383115336e-01 9.627107073e-01 8.582400330e+01 3.687385937e-02 9.903786066e-01 -1.333811609e-01 -2.630944740e+01 -9.718962418e-01 4.487233438e-03 -2.353668623e-01 8.299025251e+02
-2.323728369e-01 1.370536120e-01 9.629222046e-01 8.663722645e+01 3.912811231e-02 9.905381098e-01 -1.315417950e-01 -2.643662444e+01 -9.718394186e-01 7.110588083e-03 -2.355367998e-01 8.296833977e+02
-2.322214217e-01 1.373718293e-01 9.629133875e-01 8.744912902e+01 4.134717610e-02 9.904757449e-01 -1.313324402e-01 -2.656104413e+01 -9.717837323e-01 9.315543425e-03 -2.356896228e-01 8.294865885e+02
-2.319013725e-01 1.403849322e-01 9.625558811e-01 8.827273926e+01 4.364847368e-02 9.900362504e-01 -1.338769348e-01 -2.668380110e+01 -9.717595197e-01 1.096785012e-02 -2.357183533e-01 8.292895424e+02
-2.304247844e-01 1.406922815e-01 9.628655673e-01 8.903624637e+01 4.347244313e-02 9.899931164e-01 -1.342526581e-01 -2.682282939e+01 -9.721185964e-01 1.092297880e-02 -2.342351876e-01 8.291109905e+02
-2.276747207e-01 1.397652288e-01 9.636544517e-01 8.984283753e+01 4.459155948e-02 9.901035416e-01 -1.330660352e-01 -2.694583155e+01 -9.727156904e-01 1.267508240e-02 -2.316538969e-01 8.289231819e+02
-2.221148154e-01 1.391415073e-01 9.650412684e-01 9.064238037e+01 4.785804474e-02 9.901279006e-01 -1.317434932e-01 -2.707302803e+01 -9.738452733e-01 1.692280653e-02 -2.265811164e-01 8.287292169e+02
-2.143613107e-01 1.396741633e-01 9.667162751e-01 9.141094502e+01 5.044198908e-02 9.899853058e-01 -1.318510526e-01 -2.718022617e+01 -9.754510927e-01 2.049932735e-02 -2.192599903e-01 8.285541765e+02
-2.052444625e-01 1.416243365e-01 9.684096540e-01 9.217429546e+01 5.152848218e-02 9.896661815e-01 -1.338120496e-01 -2.728706590e+01 -9.773533272e-01 2.243649741e-02 -2.104211906e-01 8.283881659e+02
-1.955104700e-01 1.447241637e-01 9.699642120e-01 9.292649940e+01 5.342889788e-02 9.891542716e-01 -1.368180538e-01 -2.740435096e+01 -9.792451220e-01 2.507475682e-02 -2.011224691e-01 8.282355849e+02
-1.855928412e-01 1.467551380e-01 9.716060039e-01 9.364022602e+01 5.382040354e-02 9.888183276e-01 -1.390743655e-01 -2.752555646e+01 -9.811517016e-01 2.648102058e-02 -1.914160236e-01 8.281094196e+02
-1.742545490e-01 1.492526664e-01 9.733236839e-01 9.436330573e+01 5.492178233e-02 9.883807553e-01 -1.417288976e-01 -2.764439503e+01 -9.831678137e-01 2.875976637e-02 -1.804270652e-01 8.279857643e+02
-1.600466480e-01 1.496550814e-01 9.756989429e-01 9.508193688e+01 5.688024647e-02 9.881963003e-01 -1.422417293e-01 -2.776269995e+01 -9.854692832e-01 3.273268437e-02 -1.666699233e-01 8.278626666e+02
-1.427136188e-01 1.484754004e-01 9.785641923e-01 9.580732217e+01 5.842035255e-02 9.882242354e-01 -1.414210842e-01 -2.787663800e+01 -9.880384028e-01 3.698535040e-02 -1.497070421e-01 8.277511937e+02
-1.217575479e-01 1.473368179e-01 9.815635291e-01 9.651674374e+01 5.831418176e-02 9.882748787e-01 -1.411106667e-01 -2.798179726e+01 -9.908453743e-01 4.005778528e-02 -1.289217519e-01 8.276436453e+02
-9.789717725e-02 1.453474046e-01 9.845254058e-01 9.717503374e+01 5.597929338e-02 9.885153290e-01 -1.403700929e-01 -2.809344882e+01 -9.936208841e-01 4.137120067e-02 -1.049093054e-01 8.275866308e+02
-7.012363409e-02 1.446628581e-01 9.869930767e-01 9.784955506e+01 5.113190134e-02 9.886493423e-01 -1.412728094e-01 -2.819527731e+01 -9.962269845e-01 4.056026983e-02 -7.672457171e-02 8.275511863e+02
-3.915663104e-02 1.467228397e-01 9.884023303e-01 9.847658875e+01 4.558293068e-02 9.883934614e-01 -1.449157059e-01 -2.829700880e+01 -9.981928444e-01 3.937986408e-02 -4.539021512e-02 8.275437201e+02
-3.914584457e-03 1.498565117e-01 9.887000060e-01 9.911556896e+01 4.095012608e-02 9.879022556e-01 -1.495734624e-01 -2.840746516e+01 -9.991535233e-01 3.990187196e-02 -1.000386986e-02 8.275618637e+02
3.618447403e-02 1.524014253e-01 9.876560582e-01 9.974295677e+01 3.405134572e-02 9.875413626e-01 -1.536312566e-01 -2.850796250e+01 -9.987648320e-01 3.919008411e-02 3.054419117e-02 8.276166536e+02
8.121624007e-02 1.533732951e-01 9.848251392e-01 1.003374803e+02 2.616847705e-02 9.874205366e-01 -1.559355469e-01 -2.858924382e+01 -9.963529160e-01 3.843587286e-02 7.618103780e-02 8.276826461e+02
1.292178599e-01 1.493318077e-01 9.803074803e-01 1.009562402e+02 1.684181409e-02 9.881225394e-01 -1.527422683e-01 -2.869288577e+01 -9.914731958e-01 3.624718535e-02 1.251680613e-01 8.277960456e+02
1.814865698e-01 1.412852428e-01 9.731911966e-01 1.015424727e+02 9.266922730e-03 9.893358378e-01 -1.453572294e-01 -2.877918510e+01 -9.833497593e-01 3.539887259e-02 1.782418882e-01 8.279325810e+02
2.347172661e-01 1.337130577e-01 9.628232565e-01 1.021241141e+02 -6.074133153e-04 9.905139922e-01 -1.374105614e-01 -2.887904707e+01 -9.720634938e-01 3.166779964e-02 2.325719554e-01 8.280987656e+02
2.881631835e-01 1.312751003e-01 9.485403669e-01 1.026812820e+02 -1.165631323e-02 9.909660391e-01 -1.336055378e-01 -2.897552605e+01 -9.575103707e-01 2.744371348e-02 2.870901123e-01 8.282888751e+02
3.423932021e-01 1.315914259e-01 9.302959700e-01 1.032298345e+02 -2.008060958e-02 9.909421936e-01 -1.327792832e-01 -2.905359797e+01 -9.393421444e-01 2.678181377e-02 3.419343068e-01 8.285164569e+02
3.987681701e-01 1.320372342e-01 9.074966200e-01 1.037937607e+02 -2.250785908e-02 9.906916451e-01 -1.342514829e-01 -2.913048100e+01 -9.167755138e-01 3.310941215e-02 3.980281699e-01 8.287730501e+02
4.547684393e-01 1.314866399e-01 8.808501179e-01 1.043223469e+02 -2.580528198e-02 9.905717939e-01 -1.345422184e-01 -2.920603393e+01 -8.902357856e-01 3.845496901e-02 4.538738386e-01 8.290528059e+02
5.081108425e-01 1.311550306e-01 8.512471613e-01 1.048538163e+02 -3.498603981e-02 9.906650607e-01 -1.317524748e-01 -2.928587596e+01 -8.605808206e-01 3.716309388e-02 5.079562537e-01 8.293856675e+02
5.592855816e-01 1.316681023e-01 8.184516779e-01 1.053523199e+02 -4.620699140e-02 9.907221426e-01 -1.278066906e-01 -2.936951666e+01 -8.276862643e-01 3.366224965e-02 5.601805966e-01 8.297626027e+02
6.097913595e-01 1.297270313e-01 7.818730045e-01 1.058215995e+02 -5.235742079e-02 9.909520460e-01 -1.235829396e-01 -2.944459994e+01 -7.908307014e-01 3.442295486e-02 6.110661682e-01 8.301580926e+02
6.579675855e-01 1.270309678e-01 7.422545316e-01 1.062760004e+02 -5.842033124e-02 9.913092978e-01 -1.178683207e-01 -2.950582550e+01 -7.507767453e-01 3.419077879e-02 6.596705764e-01 8.306001979e+02
7.035847591e-01 1.224721349e-01 6.999779017e-01 1.067141108e+02 -6.379465136e-02 9.919448909e-01 -1.094329748e-01 -2.957863619e+01 -7.077419934e-01 3.234052699e-02 7.057303743e-01 8.310798351e+02
7.450187901e-01 1.210166345e-01 6.559740670e-01 1.071242794e+02 -7.233851368e-02 9.922633848e-01 -1.008985367e-01 -2.964364405e+01 -6.631094494e-01 2.771911671e-02 7.480090298e-01 8.315990225e+02
7.827808005e-01 1.176269892e-01 6.110794628e-01 1.075124340e+02 -7.677324148e-02 9.927256372e-01 -9.274523502e-02 -2.970757784e+01 -6.175435918e-01 2.568463815e-02 7.861171742e-01 8.321475292e+02
8.165357326e-01 1.167827586e-01 5.653593411e-01 1.078792296e+02 -8.277436160e-02 9.928898720e-01 -8.554593642e-02 -2.976803817e+01 -5.713298543e-01 2.305405533e-02 8.203966773e-01 8.327105482e+02
8.457775327e-01 1.152093653e-01 5.209483345e-01 1.082199810e+02 -8.635778277e-02 9.930934753e-01 -7.942092103e-02 -2.982306730e+01 -5.265004259e-01 2.218448753e-02 8.498853746e-01 8.333128094e+02
8.710052973e-01 1.157676199e-01 4.774386141e-01 1.085359036e+02 -9.089859155e-02 9.930350687e-01 -7.495864506e-02 -2.988123802e+01 -4.827910709e-01 2.189087935e-02 8.754619188e-01 8.339334769e+02
8.917993756e-01 1.181561084e-01 4.367299025e-01 1.088202958e+02 -9.637875136e-02 9.927529852e-01 -7.178193865e-02 -2.993406005e+01 -4.420463890e-01 2.192360538e-02 8.967242305e-01 8.345776316e+02
9.088848559e-01 1.222299457e-01 3.987331928e-01 1.090885231e+02 -1.030317406e-01 9.922596993e-01 -6.931918635e-02 -2.998106305e+01 -4.041197584e-01 2.192098382e-02 9.144433779e-01 8.352534369e+02
9.233664027e-01 1.222788365e-01 3.639263283e-01 1.093466372e+02 -1.050869136e-01 9.922200129e-01 -6.675467406e-02 -3.002690221e+01 -3.692576701e-01 2.339512864e-02 9.290325296e-01 8.359545350e+02
9.352058175e-01 1.195731322e-01 3.333051828e-01 1.095861736e+02 -1.050210355e-01 9.925720373e-01 -6.141117844e-02 -3.007821426e+01 -3.381725313e-01 2.242803590e-02 9.408168378e-01 8.366738501e+02
9.460202696e-01 1.084777709e-01 3.054148370e-01 1.098193799e+02 -9.641578322e-02 9.938560374e-01 -5.435231131e-02 -3.012468166e+01 -3.094343972e-01 2.197157748e-02 9.506669257e-01 8.374178616e+02
9.554472765e-01 9.867598419e-02 2.781789926e-01 1.100462072e+02 -8.787638419e-02 9.948219098e-01 -5.105985526e-02 -3.017646202e+01 -2.817769381e-01 2.433963562e-02 9.591711731e-01 8.381763568e+02
9.642382105e-01 8.670434717e-02 2.504536477e-01 1.102588337e+02 -7.664229733e-02 9.958205898e-01 -4.967203567e-02 -3.022024354e+01 -2.537136806e-01 2.870033186e-02 9.668534838e-01 8.389601878e+02
9.717942627e-01 7.675284615e-02 2.229908331e-01 1.104394773e+02 -6.666902961e-02 9.963975354e-01 -5.241366244e-02 -3.026128045e+01 -2.262104143e-01 3.606871399e-02 9.734104460e-01 8.397427003e+02
9.782502455e-01 6.737182130e-02 1.961822999e-01 1.106040119e+02 -5.757480724e-02 9.968124957e-01 -5.522671523e-02 -3.030024257e+01 -1.992776924e-01 4.273038963e-02 9.790109883e-01 8.405483937e+02
9.832285747e-01 5.714775490e-02 1.731926786e-01 1.107584247e+02 -4.791427896e-02 9.972216744e-01 -5.703642726e-02 -3.034613164e+01 -1.759709967e-01 4.778144277e-02 9.832350391e-01 8.413834708e+02
9.868423208e-01 5.300577581e-02 1.527501937e-01 1.108983194e+02 -4.464367374e-02 9.973372887e-01 -5.766519780e-02 -3.038935512e+01 -1.554000526e-01 5.008712781e-02 9.865810171e-01 8.422351234e+02
9.891053699e-01 5.360900807e-02 1.371008441e-01 1.110063490e+02 -4.602882384e-02 9.972620987e-01 -5.787619411e-02 -3.045249188e+01 -1.398281609e-01 5.093506378e-02 9.888648566e-01 8.431069764e+02
9.906491963e-01 5.547305526e-02 1.246471423e-01 1.111081033e+02 -4.821427634e-02 9.970020233e-01 -6.051734593e-02 -3.051552147e+01 -1.276305351e-01 5.394168834e-02 9.903538462e-01 8.439882571e+02
9.913904601e-01 5.813252079e-02 1.173267471e-01 1.111960426e+02 -5.104434096e-02 9.967361275e-01 -6.254252472e-02 -3.056850831e+01 -1.205795622e-01 5.601519587e-02 9.911220243e-01 8.448789334e+02
9.916985049e-01 5.935155530e-02 1.140678230e-01 1.112856313e+02 -5.251322245e-02 9.966906326e-01 -6.204953175e-02 -3.062518255e+01 -1.173730669e-01 5.554435890e-02 9.915333516e-01 8.457931002e+02
9.917238677e-01 6.064272284e-02 1.131646160e-01 1.113710938e+02 -5.435615118e-02 9.968451632e-01 -5.783709344e-02 -3.068358235e+01 -1.163149990e-01 5.120723303e-02 9.918914458e-01 8.467328705e+02
9.919882275e-01 5.799854226e-02 1.122297896e-01 1.114759704e+02 -5.215523501e-02 9.971604791e-01 -5.432136221e-02 -3.074411358e+01 -1.150616706e-01 4.803278076e-02 9.921963838e-01 8.476774580e+02
9.921211097e-01 5.735547525e-02 1.113824637e-01 1.115777615e+02 -5.171095641e-02 9.972587968e-01 -5.292323926e-02 -3.079968817e+01 -1.141125793e-01 4.674656913e-02 9.923674106e-01 8.486374644e+02
9.923659299e-01 5.498182639e-02 1.103941120e-01 1.116879755e+02 -4.928377351e-02 9.973402282e-01 -5.369896489e-02 -3.085213930e+01 -1.130529561e-01 4.784838481e-02 9.924361749e-01 8.496062414e+02
9.925823960e-01 5.361829576e-02 1.091112527e-01 1.117854131e+02 -4.797857470e-02 9.974051926e-01 -5.367437209e-02 -3.090448221e+01 -1.117060584e-01 4.804123447e-02 9.925793652e-01 8.505652000e+02
9.929936310e-01 5.021068637e-02 1.069697894e-01 1.118960363e+02 -4.465644060e-02 9.975579584e-01 -5.370215948e-02 -3.096190524e+01 -1.094049870e-01 4.854901228e-02 9.928109297e-01 8.515428529e+02
9.933882308e-01 4.801858656e-02 1.042786568e-01 1.120128616e+02 -4.273376014e-02 9.977147188e-01 -5.233703974e-02 -3.101811231e+01 -1.065535014e-01 4.753478021e-02 9.931700741e-01 8.525414040e+02
9.938001308e-01 4.566515638e-02 1.013705753e-01 1.121074884e+02 -4.083361275e-02 9.979520677e-01 -4.923704467e-02 -3.108154165e+01 -1.034113926e-01 4.479245462e-02 9.936295688e-01 8.535386393e+02
9.943046161e-01 4.316175419e-02 9.744430880e-02 1.122117747e+02 -3.874509194e-02 9.981539024e-01 -4.677183986e-02 -3.114087538e+01 -9.928317175e-02 4.272996757e-02 9.941413389e-01 8.545520471e+02
9.947612843e-01 3.938650402e-02 9.433287123e-02 1.123025706e+02 -3.508374768e-02 9.982858628e-01 -4.684513668e-02 -3.119416105e+01 -9.601623791e-02 4.329017767e-02 9.944379531e-01 8.555801085e+02
9.950645084e-01 3.970282949e-02 9.094124181e-02 1.123876026e+02 -3.561955044e-02 9.983019470e-01 -4.609197598e-02 -3.124996152e+01 -9.261680063e-02 4.262520327e-02 9.947890331e-01 8.565995910e+02
9.955249082e-01 3.796845724e-02 8.653642825e-02 1.124760201e+02 -3.429254489e-02 9.984613710e-01 -4.357650701e-02 -3.130563122e+01 -8.805781354e-02 4.041394379e-02 9.952951997e-01 8.576099341e+02
9.959353422e-01 3.532751572e-02 8.285385228e-02 1.125639138e+02 -3.215023264e-02 9.987071881e-01 -3.937404057e-02 -3.135316139e+01 -8.413772487e-02 3.655022794e-02 9.957835729e-01 8.586233958e+02
9.962461463e-01 3.489656439e-02 7.922023642e-02 1.126431252e+02 -3.218956208e-02 9.988619393e-01 -3.519457817e-02 -3.140994665e+01 -8.035824885e-02 3.251239815e-02 9.962356628e-01 8.596477545e+02
9.966290680e-01 3.219408693e-02 7.545887351e-02 1.127183840e+02 -2.982360217e-02 9.990320772e-01 -3.233359563e-02 -3.145658787e+01 -7.642678574e-02 2.997414586e-02 9.966245517e-01 8.606784441e+02
9.968997578e-01 3.220186101e-02 7.179075898e-02 1.127758304e+02 -3.006633838e-02 9.990784382e-01 -3.063151289e-02 -3.150101106e+01 -7.271099108e-02 2.837806253e-02 9.969492451e-01 8.616945099e+02
9.970130780e-01 3.586147043e-02 6.840231944e-02 1.128382595e+02 -3.406744586e-02 9.990488828e-01 -2.721651749e-02 -3.155301583e+01 -6.931328516e-02 2.480493156e-02 9.972865104e-01 8.626981709e+02
9.970764929e-01 3.967108579e-02 6.530445874e-02 1.129146680e+02 -3.805501585e-02 9.989423270e-01 -2.580780927e-02 -3.159150831e+01 -6.625921180e-02 2.324719774e-02 9.975315958e-01 8.637074832e+02
9.971442224e-01 4.198627685e-02 6.277381788e-02 1.129743715e+02 -4.040064457e-02 9.988368611e-01 -2.631943879e-02 -3.162469924e+01 -6.380585846e-02 2.370817362e-02 9.976806778e-01 8.647218433e+02
9.970786934e-01 4.546959636e-02 6.137259131e-02 1.130221078e+02 -4.368765850e-02 9.985925557e-01 -3.007151804e-02 -3.166864773e+01 -6.265355259e-02 2.730244510e-02 9.976618209e-01 8.657713396e+02
9.970922652e-01 4.590247722e-02 6.082743760e-02 1.130529133e+02 -4.402328141e-02 9.985216293e-01 -3.188270012e-02 -3.169758484e+01 -6.220100701e-02 2.911217029e-02 9.976389709e-01 8.668352472e+02
9.971441096e-01 4.550114141e-02 6.027661840e-02 1.131091356e+02 -4.357462859e-02 9.985083175e-01 -3.289972099e-02 -3.175237600e+01 -6.168367968e-02 3.017923174e-02 9.976393826e-01 8.678523358e+02
9.972802059e-01 4.338249359e-02 5.958313681e-02 1.131655241e+02 -4.148543077e-02 9.986033455e-01 -3.271570442e-02 -3.178476841e+01 -6.091920859e-02 3.015489234e-02 9.976870915e-01 8.688672926e+02
9.972046593e-01 4.467569191e-02 5.989115135e-02 1.132285943e+02 -4.274060338e-02 9.985340465e-01 -3.321142692e-02 -3.184341917e+01 -6.128709718e-02 3.055880572e-02 9.976522696e-01 8.698463879e+02
9.971079231e-01 4.349650324e-02 6.232049403e-02 1.132620495e+02 -4.157986547e-02 9.986312622e-01 -3.172880231e-02 -3.189818365e+01 -6.361528557e-02 2.904576241e-02 9.975517225e-01 8.708763401e+02
9.969849894e-01 4.236621980e-02 6.500795573e-02 1.133308121e+02 -4.047855822e-02 9.987273687e-01 -3.008536816e-02 -3.195642130e+01 -6.619982789e-02 2.736323214e-02 9.974311186e-01 8.718664430e+02
9.967921519e-01 4.034280014e-02 6.912209728e-02 1.134064157e+02 -3.864301029e-02 9.989211220e-01 -2.575480003e-02 -3.200739050e+01 -7.008654372e-02 2.300109663e-02 9.972757021e-01 8.728511319e+02
9.966065489e-01 3.614340471e-02 7.395296427e-02 1.134857479e+02 -3.449641466e-02 9.991301711e-01 -2.342858569e-02 -3.203935621e+01 -7.473542670e-02 2.079796981e-02 9.969864896e-01 8.738420149e+02
9.961668126e-01 3.481402175e-02 8.024752550e-02 1.135622418e+02 -3.331048648e-02 9.992449249e-01 -1.999978680e-02 -3.207648862e+01 -8.088320560e-02 1.725003975e-02 9.965743039e-01 8.748340248e+02
9.953901269e-01 3.701813136e-02 8.847685142e-02 1.136266045e+02 -3.552236468e-02 9.991990852e-01 -1.842145014e-02 -3.210825819e+01 -8.908791666e-02 1.519362261e-02 9.959078757e-01 8.758313560e+02
9.944501238e-01 3.898481420e-02 9.771967820e-02 1.137223736e+02 -3.745577951e-02 9.991461993e-01 -1.743379026e-02 -3.213998443e+01 -9.831589815e-02 1.367686816e-02 9.950612682e-01 8.767960779e+02
9.930555719e-01 4.253518525e-02 1.096876891e-01 1.138126897e+02 -4.062537604e-02 9.989824119e-01 -1.958876093e-02 -3.217723732e+01 -1.104092838e-01 1.499662457e-02 9.937730583e-01 8.777578940e+02
9.912194249e-01 4.908214253e-02 1.227802708e-01 1.139220484e+02 -4.696930177e-02 9.986951763e-01 -2.004568553e-02 -3.220581197e+01 -1.236039494e-01 1.410276929e-02 9.922314123e-01 8.786986307e+02
9.888046426e-01 5.313289936e-02 1.394355539e-01 1.140157511e+02 -5.036884143e-02 9.984593181e-01 -2.328024757e-02 -3.224229375e+01 -1.404576751e-01 1.599640957e-02 9.899574518e-01 8.796600852e+02
9.861007248e-01 5.513470621e-02 1.567339295e-01 1.141565164e+02 -5.205078230e-02 9.983627900e-01 -2.371614737e-02 -3.226755925e+01 -1.577849059e-01 1.522838647e-02 9.873560754e-01 8.806326818e+02
9.827287351e-01 5.674314874e-02 1.761375837e-01 1.142985038e+02 -5.293342646e-02 9.982527903e-01 -2.625678876e-02 -3.233714672e+01 -1.773197272e-01 1.647973497e-02 9.840153112e-01 8.815691465e+02
9.789197524e-01 5.565832543e-02 1.965153154e-01 1.144842127e+02 -5.099658458e-02 9.982861586e-01 -2.870703451e-02 -3.236311924e+01 -1.977763048e-01 1.808027322e-02 9.800804237e-01 8.825074205e+02
9.744083390e-01 5.477180062e-02 2.180101802e-01 1.146914551e+02 -4.845073850e-02 9.982385463e-01 -3.423931396e-02 -3.239736549e+01 -2.195015142e-01 2.280031881e-02 9.753456981e-01 8.834635431e+02
9.693892229e-01 5.172730431e-02 2.400183753e-01 1.149154333e+02 -4.388192215e-02 9.983167964e-01 -3.792032294e-02 -3.244550384e+01 -2.415758916e-01 2.622708473e-02 9.700274370e-01 8.843802924e+02
9.635199342e-01 4.945227852e-02 2.630281517e-01 1.151435526e+02 -3.961085768e-02 9.983070481e-01 -4.259128592e-02 -3.249084131e+01 -2.646890938e-01 3.061878232e-02 9.638475885e-01 8.852782774e+02
9.570192472e-01 4.530419013e-02 2.864641180e-01 1.154187009e+02 -3.409265439e-02 9.984493068e-01 -4.400764354e-02 -3.255102186e+01 -2.880136306e-01 3.234983972e-02 9.570797440e-01 8.861615102e+02
9.492347355e-01 4.439442668e-02 3.114202175e-01 1.157055298e+02 -3.219731625e-02 9.985036682e-01 -4.420132716e-02 -3.263242852e+01 -3.129165222e-01 3.193053986e-02 9.492437468e-01 8.870371548e+02
9.402647841e-01 4.271610712e-02 3.377535639e-01 1.160000034e+02 -2.949186191e-02 9.985877017e-01 -4.419085883e-02 -3.267543327e+01 -3.391642166e-01 3.159012687e-02 9.401966274e-01 8.879292571e+02
9.308101982e-01 4.067588369e-02 3.632324978e-01 1.163409371e+02 -2.625486146e-02 9.986619528e-01 -4.455318491e-02 -3.272405637e+01 -3.645587158e-01 3.193393997e-02 9.306326699e-01 8.887658749e+02
9.204678531e-01 4.076503523e-02 3.886864331e-01 1.166967551e+02 -2.392470864e-02 9.985573832e-01 -4.807037271e-02 -3.278374039e+01 -3.900852979e-01 3.494802310e-02 9.201152624e-01 8.895933311e+02
9.094894883e-01 4.260585552e-02 4.135379207e-01 1.170695895e+02 -2.275143772e-02 9.983448312e-01 -5.282016737e-02 -3.283812123e+01 -4.151038940e-01 3.863080475e-02 9.089534741e-01 8.904072305e+02
8.979392037e-01 4.549390528e-02 4.377619113e-01 1.174567938e+02 -2.219251616e-02 9.980582020e-01 -5.820066654e-02 -3.289347047e+01 -4.395596418e-01 4.254562188e-02 8.972052114e-01 8.911775115e+02
8.849730844e-01 4.848105534e-02 4.631114629e-01 1.178637394e+02 -2.219148054e-02 9.978262062e-01 -6.205159416e-02 -3.295446207e+01 -4.651130809e-01 4.463686166e-02 8.841252019e-01 8.919428359e+02
8.712008754e-01 4.991542455e-02 4.883825192e-01 1.182981081e+02 -2.138602253e-02 9.977319737e-01 -6.382434316e-02 -3.302220298e+01 -4.904606740e-01 4.515926408e-02 8.702924613e-01 8.927108629e+02
8.566914667e-01 4.957352028e-02 5.134415224e-01 1.187499692e+02 -1.896636483e-02 9.977254174e-01 -6.468592209e-02 -3.307608859e+01 -5.154803661e-01 4.567775824e-02 8.556830807e-01 8.934547856e+02
8.414797050e-01 5.052285984e-02 5.379213202e-01 1.192253932e+02 -1.797152113e-02 9.976846915e-01 -6.559177375e-02 -3.314793808e+01 -5.399897504e-01 4.552688205e-02 8.404393925e-01 8.941907698e+02
8.252515990e-01 5.382188562e-02 5.621948087e-01 1.197046345e+02 -1.763100644e-02 9.974186449e-01 -6.960743030e-02 -3.321231482e+01 -5.644899874e-01 4.753158286e-02 8.240702656e-01 8.948991382e+02
8.077083716e-01 5.789095626e-02 5.867331793e-01 1.202148571e+02 -1.742605472e-02 9.970770229e-01 -7.438913220e-02 -3.328517428e+01 -5.893246296e-01 4.986028034e-02 8.063562695e-01 8.956100131e+02
7.888236806e-01 6.066534095e-02 6.116182774e-01 1.207414373e+02 -1.639656354e-02 9.968397920e-01 -7.772761216e-02 -3.335594780e+01 -6.144008086e-01 5.128494316e-02 7.873255369e-01 8.962811878e+02
7.678514856e-01 6.478890925e-02 6.373433089e-01 1.212750747e+02 -1.912248308e-02 9.967475394e-01 -7.828584397e-02 -3.343165091e+01 -6.403424293e-01 4.792431495e-02 7.665930037e-01 8.969443937e+02
7.458952271e-01 6.749956216e-02 6.626342274e-01 1.218341681e+02 -2.039506379e-02 9.966998282e-01 -7.857158462e-02 -3.350954672e+01 -6.657509682e-01 4.509170262e-02 7.448103025e-01 8.975791040e+02
7.229337796e-01 7.079962115e-02 6.872802660e-01 1.224061957e+02 -2.201193459e-02 9.965910711e-01 -7.950919284e-02 -3.359213214e+01 -6.905665971e-01 4.235151303e-02 7.220277863e-01 8.981825606e+02
6.980472505e-01 7.398733470e-02 7.122190045e-01 1.230375363e+02 -2.230547663e-02 9.964115619e-01 -8.164842378e-02 -3.368255231e+01 -7.157041999e-01 4.110807337e-02 6.971926739e-01 8.988554784e+02
6.730158261e-01 7.513515980e-02 7.358018793e-01 1.236931909e+02 -1.947460952e-02 9.962821067e-01 -8.392081701e-02 -3.375306762e+01 -7.393716504e-01 4.215058370e-02 6.719768529e-01 8.994918989e+02
6.480174695e-01 7.546943404e-02 7.578771165e-01 1.243896581e+02 -1.793686844e-02 9.963147295e-01 -8.387626870e-02 -3.384744963e+01 -7.614142289e-01 4.075934526e-02 6.469830351e-01 9.000779543e+02
6.226246681e-01 7.682298421e-02 7.787404907e-01 1.250645825e+02 -1.744436863e-02 9.962846206e-01 -8.433652063e-02 -3.391061890e+01 -7.823261575e-01 3.892536198e-02 6.216515097e-01 9.006089592e+02
5.965021728e-01 7.964478218e-02 7.986500276e-01 1.257760505e+02 -1.807762635e-02 9.961450997e-01 -8.583786856e-02 -3.399017237e+01 -8.024078497e-01 3.676477832e-02 5.956425050e-01 9.011409175e+02
5.692085117e-01 8.255455507e-02 8.180381505e-01 1.265145473e+02 -1.925693798e-02 9.960120445e-01 -8.711588589e-02 -3.407675384e+01 -8.219676639e-01 3.383419383e-02 5.685282814e-01 9.016620178e+02
5.406328190e-01 8.822625198e-02 8.366195572e-01 1.272739288e+02 -2.447460922e-02 9.957140712e-01 -8.918790258e-02 -3.416415597e+01 -8.409025797e-01 2.774197046e-02 5.404750082e-01 9.021653821e+02
5.116190245e-01 9.227815992e-02 8.542427728e-01 1.280376689e+02 -2.789522972e-02 9.954758540e-01 -9.082775097e-02 -3.425740956e+01 -8.587594715e-01 2.263990696e-02 5.118785058e-01 9.026297604e+02
4.829760765e-01 9.493724766e-02 8.704717276e-01 1.288271825e+02 -2.728957121e-02 9.952541239e-01 -9.340507525e-02 -3.434605892e+01 -8.752081974e-01 2.135761657e-02 4.832747286e-01 9.030732742e+02
4.553818722e-01 9.870600630e-02 8.848075920e-01 1.296284156e+02 -2.404046113e-02 9.948359716e-01 -9.860753487e-02 -3.444162327e+01 -8.899715764e-01 2.363290132e-02 4.554032051e-01 9.034831957e+02
4.284541165e-01 1.025438711e-01 8.977259184e-01 1.304804336e+02 -1.737592135e-02 9.942906787e-01 -1.052811645e-01 -3.452921342e+01 -9.033964509e-01 2.950933338e-02 4.277897285e-01 9.039245652e+02
4.050115796e-01 1.024721295e-01 9.085510900e-01 1.313850581e+02 -6.305590648e-03 9.939890851e-01 -1.092974761e-01 -3.462165607e+01 -9.142898118e-01 3.853779219e-02 4.032232367e-01 9.043135311e+02
3.817201851e-01 9.921344122e-02 9.189376439e-01 1.322846772e+02 1.428146465e-03 9.941577042e-01 -1.079278447e-01 -3.474239408e+01 -9.242768312e-01 4.251061438e-02 3.793483715e-01 9.046942849e+02
3.599232677e-01 9.441786411e-02 9.281920644e-01 1.331736192e+02 6.314578731e-03 9.945967789e-01 -1.036212989e-01 -3.484515737e+01 -9.329605391e-01 4.315685836e-02 3.573823136e-01 9.050323903e+02
3.391071156e-01 8.985662692e-02 9.364465552e-01 1.340772773e+02 9.107678794e-03 9.950676474e-01 -9.877969065e-02 -3.493767975e+01 -9.407036804e-01 4.202575041e-02 3.366161345e-01 9.053555547e+02
3.188743339e-01 8.744729684e-02 9.437542739e-01 1.350596723e+02 9.007455426e-03 9.954100368e-01 -9.527709257e-02 -3.502761067e+01 -9.477542007e-01 3.888224399e-02 3.166230349e-01 9.056883394e+02
2.990070009e-01 9.010647393e-02 9.499871772e-01 1.360242759e+02 8.599338921e-03 9.952369866e-01 -9.710505610e-02 -3.511711195e+01 -9.542121697e-01 3.720435331e-02 2.968079705e-01 9.059973959e+02
2.812470519e-01 9.659246582e-02 9.547617459e-01 1.369997993e+02 1.032208496e-02 9.945592953e-01 -1.036593591e-01 -3.520579222e+01 -9.595798822e-01 3.900902101e-02 2.787198341e-01 9.063067580e+02
2.664421232e-01 1.022540507e-01 9.584115526e-01 1.379644698e+02 1.120837217e-02 9.939606910e-01 -1.091628008e-01 -3.530908924e+01 -9.637857477e-01 3.982780179e-02 2.636868954e-01 9.065693178e+02
2.519296824e-01 1.012171147e-01 9.624378062e-01 1.389190310e+02 1.325772396e-02 9.940610531e-01 -1.080132193e-01 -3.542729046e+01 -9.676547255e-01 3.997147079e-02 2.490915768e-01 9.068176807e+02
2.391065974e-01 9.862320070e-02 9.659717902e-01 1.399436116e+02 1.459606461e-02 9.943509848e-01 -1.051336003e-01 -3.555953790e+01 -9.708836130e-01 3.923752410e-02 2.363163700e-01 9.070527298e+02
2.280234981e-01 9.965258898e-02 9.685425369e-01 1.409552227e+02 1.714551031e-02 9.941833504e-01 -1.063273115e-01 -3.567556989e+01 -9.735046563e-01 4.085128157e-02 2.249885708e-01 9.072832550e+02
2.192817625e-01 1.013413216e-01 9.703841740e-01 1.420029918e+02 2.163384729e-02 9.938413803e-01 -1.086797476e-01 -3.577714901e+01 -9.754216961e-01 4.482462965e-02 2.157388869e-01 9.075274321e+02
2.123225974e-01 1.011317242e-01 9.719524109e-01 1.430320657e+02 2.468648055e-02 9.937578121e-01 -1.087933293e-01 -3.587895457e+01 -9.768877583e-01 4.709336654e-02 2.085006535e-01 9.077408281e+02
2.056508500e-01 9.787814819e-02 9.737184377e-01 1.440636522e+02 2.489288586e-02 9.941407056e-01 -1.051884102e-01 -3.600511927e+01 -9.783087816e-01 4.587074790e-02 2.020094116e-01 9.079502335e+02
1.988866636e-01 9.630459210e-02 9.752792014e-01 1.451264402e+02 2.536508915e-02 9.943207913e-01 -1.033575165e-01 -3.611990197e+01 -9.796941907e-01 4.529447551e-02 1.953143701e-01 9.081689287e+02
1.915000407e-01 9.744651822e-02 9.766431848e-01 1.461774519e+02 2.158167672e-02 9.944004850e-01 -1.034500199e-01 -3.625143203e+01 -9.812553010e-01 4.088828052e-02 1.883246741e-01 9.083862884e+02
1.849505400e-01 9.933298457e-02 9.777148132e-01 1.472522661e+02 2.087670751e-02 9.942569970e-01 -1.049627886e-01 -3.636360171e+01 -9.825260611e-01 3.982439061e-02 1.818146228e-01 9.085849532e+02
1.773667837e-01 9.845076880e-02 9.792080832e-01 1.483246236e+02 1.934349298e-02 9.944427738e-01 -1.034862257e-01 -3.648254644e+01 -9.839547009e-01 3.729632370e-02 1.744767346e-01 9.087846125e+02
1.693313488e-01 9.494621943e-02 9.809750811e-01 1.494104072e+02 1.708615396e-02 9.949163355e-01 -9.924489223e-02 -3.660152271e+01 -9.854110602e-01 3.356636273e-02 1.668482593e-01 9.089829790e+02
1.614712554e-01 9.337163323e-02 9.824503915e-01 1.505582829e+02 1.728656829e-02 9.950937692e-01 -9.741439889e-02 -3.671959326e+01 -9.867260046e-01 3.271282107e-02 1.590649651e-01 9.091950812e+02
1.542933836e-01 9.469149279e-02 9.834770322e-01 1.516362566e+02 1.582613626e-02 9.950322652e-01 -9.828695079e-02 -3.683159642e+01 -9.878983172e-01 3.072966772e-02 1.520282945e-01 9.093667221e+02
1.459961652e-01 9.731839779e-02 9.844867948e-01 1.527818716e+02 1.421109755e-02 9.948406763e-01 -1.004493579e-01 -3.694315628e+01 -9.891830793e-01 2.865585893e-02 1.438599225e-01 9.095664618e+02
1.380189447e-01 9.929137015e-02 9.854400006e-01 1.539101048e+02 1.340748884e-02 9.946837238e-01 -1.021005817e-01 -3.705765982e+01 -9.903388360e-01 2.730409035e-02 1.359539500e-01 9.097452731e+02
1.307280598e-01 1.004585213e-01 9.863154971e-01 1.550407288e+02 9.546709851e-03 9.946793844e-01 -1.025757410e-01 -3.719638313e+01 -9.913722987e-01 2.282559547e-02 1.290734577e-01 9.098941163e+02
1.246143092e-01 1.004140421e-01 9.871110850e-01 1.561785999e+02 8.438019190e-03 9.947225801e-01 -1.022535503e-01 -3.731535910e+01 -9.921693776e-01 2.107151781e-02 1.231093715e-01 9.100347878e+02
1.183185660e-01 1.003681879e-01 9.878901476e-01 1.573288975e+02 4.816490752e-03 9.948087708e-01 -1.016479759e-01 -3.743026376e+01 -9.929640066e-01 1.678500650e-02 1.172209247e-01 9.101796146e+02
1.117106594e-01 1.026514399e-01 9.884247116e-01 1.584867511e+02 2.872764516e-03 9.946129370e-01 -1.036187859e-01 -3.755499209e+01 -9.937366230e-01 1.441483433e-02 1.108139736e-01 9.103277160e+02
1.046481231e-01 1.063408844e-01 9.888075579e-01 1.596324658e+02 -5.968962568e-04 9.942733042e-01 -1.068655246e-01 -3.768597289e+01 -9.945091322e-01 1.059306104e-02 1.041123096e-01 9.104726785e+02
9.786964105e-02 1.082909538e-01 9.892899487e-01 1.608292902e+02 -1.770263231e-03 9.940795705e-01 -1.086401110e-01 -3.781845250e+01 -9.951976686e-01 8.881265043e-03 9.748191424e-02 9.106049787e+02
9.117293980e-02 1.080224439e-01 9.899589116e-01 1.620055644e+02 -3.058476630e-03 9.941249473e-01 -1.081953551e-01 -3.794851999e+01 -9.958303775e-01 6.836722406e-03 9.096767810e-02 9.107276529e+02
8.434106330e-02 1.074234376e-01 9.906294918e-01 1.632129297e+02 -3.593468513e-03 9.941981067e-01 -1.075044729e-01 -3.807722226e+01 -9.964304652e-01 5.507245662e-03 8.423774818e-02 9.108571093e+02
7.819347933e-02 1.073124182e-01 9.911457131e-01 1.644128307e+02 9.485260728e-05 9.941889153e-01 -1.076493921e-01 -3.821191115e+01 -9.969381981e-01 8.511493270e-03 7.772891154e-02 9.109551180e+02
7.139967643e-02 1.077723413e-01 9.916083948e-01 1.656083819e+02 1.876461984e-03 9.941293947e-01 -1.081814472e-01 -3.834828862e+01 -9.974460211e-01 9.584835780e-03 7.077828641e-02 9.110463314e+02
6.418215452e-02 1.077960949e-01 9.920991145e-01 1.667944332e+02 5.403904700e-03 9.940967327e-01 -1.083627417e-01 -3.847904888e+01 -9.979235686e-01 1.231616330e-02 6.322075029e-02 9.111476970e+02
5.752085739e-02 1.045480028e-01 9.928550076e-01 1.679765636e+02 7.032219861e-03 9.944344971e-01 -1.051217339e-01 -3.862706823e+01 -9.983195374e-01 1.302866697e-02 5.646552035e-02 9.112151923e+02
5.067932382e-02 1.021194641e-01 9.934803577e-01 1.691760859e+02 7.018595637e-03 9.946976632e-01 -1.026026224e-01 -3.877082032e+01 -9.986903151e-01 1.217266843e-02 4.969386975e-02 9.112794832e+02
4.268442584e-02 9.899063988e-02 9.941724664e-01 1.703759745e+02 6.270309492e-03 9.950332370e-01 -9.934556099e-02 -3.890917449e+01 -9.990689281e-01 1.047427728e-02 4.185172047e-02 9.113384151e+02
3.488234370e-02 9.626708175e-02 9.947441234e-01 1.715749387e+02 7.635448569e-03 9.952951461e-01 -9.658815697e-02 -3.903652019e+01 -9.993622577e-01 1.096453888e-02 3.398318501e-02 9.113816069e+02
2.658388104e-02 9.560238816e-02 9.950645610e-01 1.727564582e+02 1.164043670e-02 9.953192607e-01 -9.593784165e-02 -3.915567428e+01 -9.995788101e-01 1.413338621e-02 2.534659528e-02 9.114194244e+02
1.892647953e-02 9.806359871e-02 9.950001603e-01 1.739293848e+02 1.121201270e-02 9.950950256e-01 -9.828621854e-02 -3.928114680e+01 -9.997580103e-01 1.301616654e-02 1.773415532e-02 9.114510218e+02
1.149270329e-02 1.015933571e-01 9.947596230e-01 1.751229520e+02 1.884935954e-02 9.946265445e-01 -1.017975373e-01 -3.940467282e+01 -9.997562800e-01 1.992051069e-02 9.515978046e-03 9.114649306e+02
3.813336752e-03 1.007791126e-01 9.949015172e-01 1.762712205e+02 1.936928098e-02 9.947146575e-01 -1.008344247e-01 -3.952332862e+01 -9.998051257e-01 1.965504265e-02 1.841163011e-03 9.114792183e+02
-4.995867472e-03 9.880398231e-02 9.950943746e-01 1.774651970e+02 1.799645823e-02 9.949545155e-01 -9.869974441e-02 -3.965482481e+01 -9.998255692e-01 1.741508350e-02 -6.748782641e-03 9.114900352e+02
-1.202228086e-02 9.793529903e-02 9.951201646e-01 1.786351087e+02 1.895228191e-02 9.950356322e-01 -9.769801275e-02 -3.977513806e+01 -9.997481062e-01 1.768524495e-02 -1.381869524e-02 9.114742308e+02
-1.965837925e-02 9.979293963e-02 9.948140114e-01 1.798311851e+02 1.927829259e-02 9.948591382e-01 -9.941651082e-02 -3.990200534e+01 -9.996208759e-01 1.722394811e-02 -2.148115573e-02 9.114655917e+02
-2.698126907e-02 1.028755505e-01 9.943282316e-01 1.809934584e+02 1.939772034e-02 9.945569502e-01 -1.023728537e-01 -4.003525625e+01 -9.994477173e-01 1.652555145e-02 -2.882995983e-02 9.114334068e+02
-3.334803952e-02 1.077446143e-01 9.936191455e-01 1.821321298e+02 1.969495004e-02 9.940499001e-01 -1.071303181e-01 -4.016720341e+01 -9.992497271e-01 1.599669335e-02 -3.527164015e-02 9.113978127e+02
-3.863408704e-02 1.134918664e-01 9.927874917e-01 1.833018762e+02 2.403112832e-02 9.933474119e-01 -1.126207088e-01 -4.029740164e+01 -9.989644199e-01 1.950680534e-02 -4.110440798e-02 9.113572758e+02
-4.145570852e-02 1.174471145e-01 9.922134849e-01 1.844590848e+02 2.931628302e-02 9.927825951e-01 -1.162896147e-01 -4.043468175e+01 -9.987101580e-01 2.426714297e-02 -4.459961873e-02 9.112945824e+02
-4.340111875e-02 1.186504940e-01 9.919870983e-01 1.856304270e+02 3.517152656e-02 9.924886714e-01 -1.171716727e-01 -4.056612664e+01 -9.984384341e-01 2.980431889e-02 -4.724823769e-02 9.112407813e+02
-4.517754908e-02 1.178044604e-01 9.920086180e-01 1.867762098e+02 3.836451355e-02 9.924945706e-01 -1.161149919e-01 -4.070834166e+01 -9.982420314e-01 3.281213732e-02 -4.935798299e-02 9.111856964e+02
-4.694627020e-02 1.169701578e-01 9.920252164e-01 1.879443033e+02 4.057287395e-02 9.925239451e-01 -1.151089060e-01 -4.086557804e+01 -9.980730883e-01 3.484538025e-02 -5.134111278e-02 9.111261932e+02
-4.831062447e-02 1.158113556e-01 9.920956675e-01 1.891007218e+02 4.009697578e-02 9.926796438e-01 -1.139269820e-01 -4.100369737e+01 -9.980272121e-01 3.427615231e-02 -5.260065861e-02 9.110562729e+02
-5.054948731e-02 1.141330150e-01 9.921786151e-01 1.902796498e+02 3.738944336e-02 9.929685191e-01 -1.123189635e-01 -4.114949357e+01 -9.980214321e-01 3.141934011e-02 -5.446141946e-02 9.110010797e+02
-5.268401676e-02 1.110099915e-01 9.924218741e-01 1.915055164e+02 3.556939489e-02 9.933800186e-01 -1.092289193e-01 -4.128648853e+01 -9.979775611e-01 2.954522733e-02 -5.628380777e-02 9.109676866e+02
-5.442138002e-02 1.091103295e-01 9.925387899e-01 1.927039823e+02 3.193037022e-02 9.936936640e-01 -1.074865279e-01 -4.144176007e+01 -9.980073972e-01 2.584256584e-02 -5.756211373e-02 9.109133487e+02
-5.598819698e-02 1.135842632e-01 9.919495637e-01 1.938604008e+02 3.141304600e-02 9.932164956e-01 -1.119563011e-01 -4.158102339e+01 -9.979371435e-01 2.489192584e-02 -5.917642849e-02 9.108478148e+02
-5.752125003e-02 1.199339035e-01 9.911141027e-01 1.950297666e+02 3.171119201e-02 9.924763814e-01 -1.182583305e-01 -4.172070414e+01 -9.978405214e-01 2.462704261e-02 -6.089172912e-02 9.107874488e+02
-5.835236472e-02 1.209656375e-01 9.909401173e-01 1.962298520e+02 3.208077096e-02 9.923460589e-01 -1.192481591e-01 -4.186712999e+01 -9.977804496e-01 2.483171086e-02 -6.178641007e-02 9.107090424e+02
-5.885283584e-02 1.183382986e-01 9.912277189e-01 1.974324559e+02 3.412416857e-02 9.926070096e-01 -1.164768886e-01 -4.200948058e+01 -9.976832588e-01 2.696982657e-02 -6.245593344e-02 9.106375295e+02
-5.936049896e-02 1.144573463e-01 9.916530880e-01 1.986187722e+02 3.504126786e-02 9.930315268e-01 -1.125188713e-01 -4.216379497e+01 -9.976213915e-01 2.806960514e-02 -6.295757744e-02 9.105481857e+02
-5.961262602e-02 1.134148181e-01 9.917577395e-01 1.998067482e+02 3.671234801e-02 9.931015837e-01 -1.113617889e-01 -4.229905189e+01 -9.975462587e-01 2.977118660e-02 -6.336511758e-02 9.104594124e+02
-6.023971724e-02 1.146751249e-01 9.915749050e-01 2.009767502e+02 3.658313632e-02 9.929652006e-01 -1.126134295e-01 -4.243552938e+01 -9.975133335e-01 2.949111877e-02 -6.401111864e-02 9.103839894e+02
-6.099101982e-02 1.181165314e-01 9.911249066e-01 2.021857196e+02 3.713359056e-02 9.925546202e-01 -1.160018204e-01 -4.257926576e+01 -9.974473379e-01 2.972895716e-02 -6.492300943e-02 9.103185297e+02
-6.076854002e-02 1.205995250e-01 9.908395123e-01 2.033573126e+02 3.753566283e-02 9.922480518e-01 -1.184688891e-01 -4.272008164e+01 -9.974458675e-01 2.999263642e-02 -6.482424856e-02 9.102187309e+02
-6.142629295e-02 1.222638268e-01 9.905949562e-01 2.045752118e+02 3.863471383e-02 9.920165824e-01 -1.200435714e-01 -4.286812369e+01 -9.973636094e-01 3.089752107e-02 -6.565952916e-02 9.101611969e+02
-6.222174218e-02 1.236316110e-01 9.903755245e-01 2.058266194e+02 3.940404841e-02 9.918288917e-01 -1.213374242e-01 -4.301577414e+01 -9.972842001e-01 3.147497919e-02 -6.658490757e-02 9.100943974e+02
-6.331944829e-02 1.231310844e-01 9.903683070e-01 2.070362956e+02 3.753381885e-02 9.919514046e-01 -1.209281745e-01 -4.319569803e+01 -9.972872505e-01 2.951519934e-02 -6.743139548e-02 9.100097240e+02
-6.448067829e-02 1.263411311e-01 9.898889638e-01 2.082780558e+02 3.774487469e-02 9.915522274e-01 -1.240947412e-01 -4.334526101e+01 -9.972048769e-01 2.936152181e-02 -6.870469034e-02 9.099417579e+02
-6.633412075e-02 1.279510020e-01 9.895596624e-01 2.095021981e+02 3.831172585e-02 9.913392987e-01 -1.256129233e-01 -4.351075016e+01 -9.970616812e-01 2.957931568e-02 -7.066164446e-02 9.098784644e+02
-6.626821158e-02 1.293173212e-01 9.893864536e-01 2.107186182e+02 4.112965314e-02 9.910773409e-01 -1.267835008e-01 -4.366202255e+01 -9.969537982e-01 3.229140580e-02 -7.099569948e-02 9.097658445e+02
-6.600098510e-02 1.291896332e-01 9.894209967e-01 2.119264249e+02 4.128461528e-02 9.910875481e-01 -1.266532770e-01 -4.382578507e+01 -9.969651200e-01 3.248862415e-02 -7.074629880e-02 9.096358590e+02
-6.621941715e-02 1.288526207e-01 9.894503479e-01 2.131415321e+02 4.177574759e-02 9.911154151e-01 -1.262735955e-01 -4.398558887e+01 -9.969301759e-01 3.297326410e-02 -7.101399967e-02 9.095034775e+02
-6.815481753e-02 1.264221491e-01 9.896324374e-01 2.143886994e+02 3.989986008e-02 9.914907440e-01 -1.239116852e-01 -4.414597267e+01 -9.968765831e-01 3.104101749e-02 -7.261909680e-02 9.093885904e+02
-7.013241304e-02 1.259955426e-01 9.895486688e-01 2.156909785e+02 3.621624381e-02 9.916588728e-01 -1.236974684e-01 -4.430873080e+01 -9.968800471e-01 2.716253391e-02 -7.411051495e-02 9.092949839e+02
-7.108714825e-02 1.267842600e-01 9.893797900e-01 2.169546528e+02 4.000395782e-02 9.914535176e-01 -1.241757054e-01 -4.447732857e+01 -9.966675979e-01 3.075181061e-02 -7.555147538e-02 9.091504412e+02
-7.257740838e-02 1.277626213e-01 9.891457084e-01 2.182499656e+02 4.033996339e-02 9.913256808e-01 -1.250842990e-01 -4.465386488e+01 -9.965466407e-01 3.082380742e-02 -7.710178824e-02 9.090381308e+02
-7.345230819e-02 1.258071750e-01 9.893317508e-01 2.194922897e+02 4.277388259e-02 9.914960137e-01 -1.229066711e-01 -4.481559807e+01 -9.963810282e-01 3.328978146e-02 -7.820893210e-02 9.089019347e+02
-7.459449417e-02 1.224203941e-01 9.896711113e-01 2.207366347e+02 4.392831073e-02 9.918761054e-01 -1.193821384e-01 -4.496988150e+01 -9.962459360e-01 3.456932987e-02 -7.936621748e-02 9.087742707e+02
-7.653099220e-02 1.185770854e-01 9.899911525e-01 2.219904828e+02 4.186896977e-02 9.924095294e-01 -1.156300796e-01 -4.512688902e+01 -9.961877316e-01 3.260062491e-02 -8.091478636e-02 9.086393840e+02
-7.882682918e-02 1.173842546e-01 9.899531644e-01 2.232384001e+02 3.869667737e-02 9.926550545e-01 -1.146233392e-01 -4.527527866e+01 -9.961369876e-01 2.927250384e-02 -8.279023105e-02 9.085186249e+02
-8.057667679e-02 1.142928565e-01 9.901739959e-01 2.245056650e+02 3.455896898e-02 9.931272021e-01 -1.118214560e-01 -4.542439296e+01 -9.961491238e-01 2.520919108e-02 -8.397273286e-02 9.083993229e+02
-8.219698632e-02 1.138697274e-01 9.900895619e-01 2.257825253e+02 3.444855821e-02 9.931822696e-01 -1.113655076e-01 -4.558256848e+01 -9.960205582e-01 2.495324880e-02 -8.555923736e-02 9.082735989e+02
-8.402714698e-02 1.131461340e-01 9.900188841e-01 2.269763679e+02 3.293002230e-02 9.933051841e-01 -1.107268027e-01 -4.573862218e+01 -9.959191996e-01 2.329728661e-02 -8.719050541e-02 9.081522994e+02
-8.604937756e-02 1.126326262e-01 9.899037307e-01 2.282528959e+02 3.322724993e-02 9.933607867e-01 -1.101376292e-01 -4.590173055e+01 -9.957366391e-01 2.341450423e-02 -8.922054981e-02 9.080440785e+02
-8.676257738e-02 1.102193007e-01 9.901131051e-01 2.294715285e+02 3.267340175e-02 9.936410938e-01 -1.077489000e-01 -4.605365709e+01 -9.956930772e-01 2.300179099e-02 -8.981210178e-02 9.079070529e+02
-8.853396254e-02 1.089031281e-01 9.901019373e-01 2.307472925e+02 3.140735302e-02 9.938161981e-01 -1.065032512e-01 -4.619780225e+01 -9.955778803e-01 2.166732622e-02 -9.140684504e-02 9.077909959e+02
-8.937258353e-02 1.093693247e-01 9.899751977e-01 2.319386143e+02 3.000357558e-02 9.937972794e-01 -1.070829254e-01 -4.635153169e+01 -9.955462454e-01 2.013251798e-02 -9.209970116e-02 9.076265091e+02
-9.067296039e-02 1.103760439e-01 9.897451910e-01 2.331736176e+02 2.846569765e-02 9.937202667e-01 -1.082115313e-01 -4.650401207e+01 -9.954738160e-01 1.836192746e-02 -9.324548948e-02 9.074955326e+02
-9.188142726e-02 1.100220206e-01 9.896731573e-01 2.343894045e+02 2.883383075e-02 9.937545106e-01 -1.077988071e-01 -4.665139106e+01 -9.953524067e-01 1.863136007e-02 -9.447993911e-02 9.073739580e+02
-9.292271120e-02 1.065750653e-01 9.899530924e-01 2.355885774e+02 2.834420064e-02 9.941351055e-01 -1.043647367e-01 -4.679195517e+01 -9.952698006e-01 1.836157480e-02 -9.539851433e-02 9.072328009e+02
-9.461031063e-02 1.023518607e-01 9.902388529e-01 2.368442038e+02 2.629822472e-02 9.946105250e-01 -1.002911110e-01 -4.693489675e+01 -9.951669671e-01 1.655295072e-02 -9.679208296e-02 9.071194285e+02
-9.568304504e-02 9.717189102e-02 9.906575485e-01 2.380193248e+02 2.374068985e-02 9.951634602e-01 -9.532086435e-02 -4.707088308e+01 -9.951287025e-01 1.439830305e-02 -9.752719791e-02 9.069942875e+02
-9.717903493e-02 9.568819852e-02 9.906563500e-01 2.392111327e+02 1.806893419e-02 9.953730807e-01 -9.437130784e-02 -4.720480929e+01 -9.951028835e-01 8.729191771e-03 -9.845837915e-02 9.068694538e+02
-9.902335898e-02 9.517400758e-02 9.905232368e-01 2.404342443e+02 1.088684197e-02 9.954596385e-01 -9.455995381e-02 -4.734115521e+01 -9.950255530e-01 1.420025696e-03 -9.960990151e-02 9.067761994e+02
-1.001181211e-01 9.810250973e-02 9.901273956e-01 2.416403209e+02 9.112503296e-03 9.951760268e-01 -9.768130806e-02 -4.747572918e+01 -9.949338290e-01 -7.571298692e-04 -1.005291134e-01 9.066577074e+02
-1.013288047e-01 9.884667133e-02 9.899302041e-01 2.429121289e+02 6.917540749e-03 9.950976944e-01 -9.865458010e-02 -4.761260072e+01 -9.948289406e-01 -3.148668153e-03 -1.015158358e-01 9.065840871e+02
-1.015078774e-01 9.970691574e-02 9.898255815e-01 2.440954242e+02 9.505109075e-03 9.950166262e-01 -9.925505796e-02 -4.774263604e+01 -9.947893263e-01 -6.667701330e-04 -1.019497508e-01 9.064767047e+02
-1.003739037e-01 9.781100403e-02 9.901303384e-01 2.452612607e+02 1.227424957e-02 9.952020896e-01 -9.706772687e-02 -4.786843852e+01 -9.948740736e-01 2.410040210e-03 -1.010928754e-01 9.063390568e+02
-9.938232065e-02 9.786112217e-02 9.902254062e-01 2.463679439e+02 1.425145344e-02 9.951899977e-01 -9.692143509e-02 -4.799246478e+01 -9.949472601e-01 4.479874129e-03 -1.002989547e-01 9.062095587e+02
-9.930284593e-02 9.693458483e-02 9.903245080e-01 2.474643080e+02 1.349149177e-02 9.952834192e-01 -9.606713834e-02 -4.811123156e+01 -9.949657906e-01 3.821214710e-03 -1.001422682e-01 9.061059783e+02
-9.847451032e-02 9.695425962e-02 9.904052920e-01 2.485768009e+02 1.449867287e-02 9.952767417e-01 -9.598956171e-02 -4.823613455e+01 -9.950339488e-01 4.907037255e-03 -9.941509786e-02 9.059843309e+02
-9.894320730e-02 9.648211388e-02 9.904046867e-01 2.496886666e+02 1.335494860e-02 9.953275971e-01 -9.562750500e-02 -4.836262478e+01 -9.950034608e-01 3.765111637e-03 -9.976941845e-02 9.059060904e+02
-9.879337619e-02 9.573912346e-02 9.904917410e-01 2.507204283e+02 1.297213832e-02 9.954004068e-01 -9.491972240e-02 -4.848289990e+01 -9.950234130e-01 3.471356021e-03 -9.958090801e-02 9.058078114e+02
-9.814984596e-02 9.541787743e-02 9.905867132e-01 2.517432830e+02 1.363135847e-02 9.954283407e-01 -9.453361570e-02 -4.859611122e+01 -9.950782853e-01 4.224582769e-03 -9.900181360e-02 9.056922382e+02
-9.784649495e-02 9.531728263e-02 9.906264074e-01 2.526840100e+02 1.385252541e-02 9.954368399e-01 -9.441189217e-02 -4.870808846e+01 -9.951051055e-01 4.484804749e-03 -9.872039081e-02 9.055972201e+02
-9.660046811e-02 9.499448168e-02 9.907796920e-01 2.536507693e+02 1.497454686e-02 9.954611484e-01 -9.398332277e-02 -4.881292095e+01 -9.952105870e-01 5.757643956e-03 -9.758451224e-02 9.054789080e+02
-9.667537185e-02 9.275638934e-02 9.909844220e-01 2.546001058e+02 1.349216322e-02 9.956787182e-01 -9.187955019e-02 -4.891878106e+01 -9.952245144e-01 4.488033896e-03 -9.750909466e-02 9.053997547e+02
-9.703630095e-02 9.148746782e-02 9.910671014e-01 2.555200460e+02 1.274330130e-02 9.957988603e-01 -9.067655786e-02 -4.900996894e+01 -9.951992587e-01 3.830548929e-03 -9.779449026e-02 9.053306907e+02
-9.652867378e-02 9.143126600e-02 9.911218587e-01 2.563992644e+02 1.192879136e-02 9.958066648e-01 -9.070165576e-02 -4.910950936e+01 -9.952587197e-01 3.067575324e-03 -9.721456118e-02 9.052498165e+02
-9.628537260e-02 9.433348062e-02 9.908735144e-01 2.572468380e+02 1.035739122e-02 9.955398895e-01 -9.377127983e-02 -4.920688018e+01 -9.952998802e-01 1.234062018e-03 -9.683297796e-02 9.051660769e+02
-9.608087242e-02 9.847070259e-02 9.904907807e-01 2.580929969e+02 9.775886315e-03 9.951399141e-01 -9.798460795e-02 -4.930333928e+01 -9.953255236e-01 2.684786530e-04 -9.657654952e-02 9.050965078e+02
-9.564894841e-02 1.015428084e-01 9.902223673e-01 2.589072769e+02 9.908286054e-03 9.948311600e-01 -1.010583441e-01 -4.939479690e+01 -9.953658144e-01 1.452821285e-04 -9.616066949e-02 9.050227270e+02
-9.387211100e-02 1.019834233e-01 9.903471150e-01 2.596838306e+02 1.133256441e-02 9.947846325e-01 -1.013662069e-01 -4.949087779e+01 -9.955197636e-01 1.707712642e-03 -9.453826716e-02 9.049168926e+02
-9.266406122e-02 1.015581347e-01 9.905045770e-01 2.604497330e+02 1.303704577e-02 9.948231846e-01 -1.007812823e-01 -4.957977831e+01 -9.956120767e-01 3.574450589e-03 -9.350837453e-02 9.048366129e+02
-9.119830913e-02 1.004246101e-01 9.907561588e-01 2.612141291e+02 1.455406992e-02 9.949303158e-01 -9.950801879e-02 -4.966133824e+01 -9.957263919e-01 5.344571355e-03 -9.219754929e-02 9.047577158e+02
-9.081490705e-02 1.008125858e-01 9.907519746e-01 2.619532594e+02 1.377739911e-02 9.948949329e-01 -9.997127447e-02 -4.975235475e+01 -9.957724820e-01 4.571103370e-03 -9.174022609e-02 9.046965215e+02
-9.043373886e-02 1.019278817e-01 9.906727239e-01 2.626926919e+02 1.307234275e-02 9.947845239e-01 -1.011576235e-01 -4.983689263e+01 -9.958166763e-01 3.802351286e-03 -9.129452006e-02 9.046229909e+02
-9.112128401e-02 1.017942472e-01 9.906234617e-01 2.634338684e+02 1.181680934e-02 9.948023571e-01 -1.011367064e-01 -4.993330241e+01 -9.957696895e-01 2.490302028e-03 -9.185055132e-02 9.045918245e+02
-9.086855230e-02 1.014465683e-01 9.906823406e-01 2.641616585e+02 1.120480992e-02 9.948391038e-01 -1.008444828e-01 -5.001825869e+01 -9.957998586e-01 1.936815166e-03 -9.153627866e-02 9.045312465e+02
-8.972261696e-02 1.019996421e-01 9.907299960e-01 2.648796599e+02 1.102216681e-02 9.947827698e-01 -1.014187006e-01 -5.009878972e+01 -9.959058007e-01 1.820440055e-03 -9.037877048e-02 9.044484677e+02
-8.985220045e-02 1.031984750e-01 9.905940929e-01 2.655738365e+02 9.525759105e-03 9.946607630e-01 -1.027580966e-01 -5.019039754e+01 -9.959095551e-01 2.031196069e-04 -9.035550207e-02 9.043824761e+02
-9.012609558e-02 1.049726366e-01 9.903827707e-01 2.662867404e+02 9.366743646e-03 9.944750998e-01 -1.045540051e-01 -5.026565951e+01 -9.958863143e-01 -1.463827312e-04 -9.061140968e-02 9.043381378e+02
-9.000155598e-02 1.048275501e-01 9.904094631e-01 2.669682978e+02 9.254266427e-03 9.944903875e-01 -1.044185222e-01 -5.035114026e+01 -9.958986286e-01 -2.323164272e-04 -9.047578435e-02 9.042861905e+02
-9.031266370e-02 1.057563726e-01 9.902823902e-01 2.676613011e+02 8.074707827e-03 9.943908964e-01 -1.054587326e-01 -5.043876770e+01 -9.958807267e-01 -1.528018085e-03 -9.066004242e-02 9.042367262e+02
-9.185091311e-02 1.080278992e-01 9.898956424e-01 2.683843931e+02 6.912198348e-03 9.941431418e-01 -1.078500589e-01 -5.052471090e+01 -9.957487792e-01 -3.063771368e-03 -9.205966560e-02 9.042229193e+02
-9.095494921e-02 1.093474695e-01 9.898334851e-01 2.690852346e+02 5.822897927e-03 9.939948185e-01 -1.092721133e-01 -5.060062624e+01 -9.958379844e-01 -4.175140163e-03 -9.104546738e-02 9.041333970e+02
-9.126857651e-02 1.086702593e-01 9.898791955e-01 2.697613682e+02 3.361806343e-03 9.940559152e-01 -1.088188208e-01 -5.068581021e+01 -9.958206391e-01 -6.603956716e-03 -9.109139672e-02 9.040574398e+02
-9.293576925e-02 1.089658622e-01 9.896915599e-01 2.704897074e+02 2.115482190e-03 9.940128243e-01 -1.092429852e-01 -5.077739592e+01 -9.956698587e-01 -8.058905997e-03 -9.260986182e-02 9.040101638e+02
-9.432796141e-02 1.121328734e-01 9.892059717e-01 2.712305323e+02 2.350127580e-03 9.936587328e-01 -1.124135209e-01 -5.085348509e+01 -9.955384034e-01 -8.278978020e-03 -9.399332916e-02 9.039594528e+02
-9.550438728e-02 1.155595680e-01 9.886985882e-01 2.719719805e+02 2.460439502e-03 9.932630436e-01 -1.158553950e-01 -5.093846621e+01 -9.954259682e-01 -8.632065451e-03 -9.514530571e-02 9.039027031e+02
-9.667856783e-02 1.187345035e-01 9.882081624e-01 2.727265497e+02 3.964969454e-03 9.928971216e-01 -1.189099864e-01 -5.102063735e+01 -9.953077582e-01 -7.577832010e-03 -9.646265040e-02 9.038504866e+02
-9.731850619e-02 1.177865779e-01 9.882587872e-01 2.735190353e+02 5.162164819e-03 9.930185212e-01 -1.178455286e-01 -5.111458922e+01 -9.952399009e-01 -6.366996064e-03 -9.724711283e-02 9.037726629e+02
-9.847703810e-02 1.158934008e-01 9.883678428e-01 2.742991287e+02 9.571985955e-03 9.932598116e-01 -1.155133056e-01 -5.121575955e+01 -9.950932871e-01 -1.914765085e-03 -9.892261432e-02 9.037057340e+02
-9.961052335e-02 1.142673946e-01 9.884435776e-01 2.750909586e+02 1.060286649e-02 9.934496639e-01 -1.137776098e-01 -5.131015190e+01 -9.949700110e-01 -8.531119756e-04 -1.001696029e-01 9.036494104e+02
-9.966529335e-02 1.116982918e-01 9.887316729e-01 2.758951568e+02 9.093473551e-03 9.937399330e-01 -1.113474488e-01 -5.140920521e+01 -9.949794661e-01 -2.106470831e-03 -1.000571074e-01 9.035714309e+02
-1.004477298e-01 1.090950254e-01 9.889431374e-01 2.767174729e+02 8.286774225e-03 9.940275626e-01 -1.088142184e-01 -5.149913266e+01 -9.949078264e-01 -2.734992704e-03 -1.007518579e-01 9.035104648e+02
-9.933816499e-02 1.081347333e-01 9.891606585e-01 2.775510914e+02 9.240026758e-03 9.941350179e-01 -1.077505831e-01 -5.158821634e+01 -9.950108295e-01 -1.563874251e-03 -9.975471626e-02 9.034225557e+02
-9.903083453e-02 1.080055993e-01 9.892055824e-01 2.784006943e+02 8.386281119e-03 9.941474597e-01 -1.077056111e-01 -5.169097263e+01 -9.950490260e-01 -2.370420456e-03 -9.935701790e-02 9.033453420e+02
-9.908378376e-02 1.101977189e-01 9.889584756e-01 2.792704731e+02 6.631183711e-03 9.939001680e-01 -1.100839835e-01 -5.177738957e+01 -9.950569990e-01 -4.349572283e-03 -9.921013064e-02 9.032784882e+02
-9.751873670e-02 1.116836907e-01 9.889473440e-01 2.801455233e+02 6.671161588e-03 9.937345794e-01 -1.115664882e-01 -5.187303663e+01 -9.952113301e-01 -4.282395456e-03 -9.765280075e-02 9.031986062e+02
-9.558384101e-02 1.127376927e-01 9.890166540e-01 2.810240907e+02 7.518380732e-03 9.936192354e-01 -1.125357231e-01 -5.197023286e+01 -9.953929894e-01 -3.320792911e-03 -9.582154791e-02 9.031148680e+02
-9.423213530e-02 1.131601844e-01 9.890981131e-01 2.819395792e+02 8.443958423e-03 9.935741324e-01 -1.128678120e-01 -5.207319619e+01 -9.955144420e-01 -2.283871583e-03 -9.458213197e-02 9.030346813e+02
-9.189287471e-02 1.127710911e-01 9.893626133e-01 2.828571835e+02 8.217209924e-03 9.936185425e-01 -1.124929754e-01 -5.217732890e+01 -9.957349934e-01 -2.207502613e-03 -9.223312796e-02 9.029449172e+02
-9.067751284e-02 1.125240232e-01 9.895028716e-01 2.837827526e+02 9.323432172e-03 9.936485570e-01 -1.121410668e-01 -5.229246510e+01 -9.958366645e-01 -9.431101171e-04 -9.115068988e-02 9.028722927e+02
-8.968020608e-02 1.141848192e-01 9.894035010e-01 2.847184528e+02 8.768164783e-03 9.934583379e-01 -1.138580263e-01 -5.240550531e+01 -9.959320157e-01 -1.535558329e-03 -9.009473979e-02 9.027886747e+02
-8.908198715e-02 1.173202832e-01 9.890906686e-01 2.856356989e+02 8.314768158e-03 9.930916874e-01 -1.170459955e-01 -5.251285455e+01 -9.959895904e-01 -2.202630268e-03 -8.944207189e-02 9.027126183e+02
-8.826398824e-02 1.172459138e-01 9.891728181e-01 2.865950080e+02 9.916269284e-03 9.931027857e-01 -1.168269002e-01 -5.262173307e+01 -9.960477579e-01 -5.027041124e-04 -8.881785465e-02 9.026289727e+02
-8.786082884e-02 1.131943234e-01 9.896805141e-01 2.875697370e+02 9.575591291e-03 9.935727742e-01 -1.127894072e-01 -5.273294570e+01 -9.960867346e-01 -4.329946917e-04 -8.838003003e-02 9.025515328e+02
-8.758841939e-02 1.098525470e-01 9.900811516e-01 2.885651311e+02 1.041601123e-02 9.939476239e-01 -1.093600822e-01 -5.284735233e+01 -9.961022917e-01 7.340196521e-04 -8.820252670e-02 9.024748820e+02
-8.713979304e-02 1.106665402e-01 9.900300871e-01 2.895617242e+02 1.015994272e-02 9.938574893e-01 -1.102001201e-01 -5.297063922e+01 -9.961442827e-01 4.558333156e-04 -8.772890164e-02 9.023981036e+02
-8.718559712e-02 1.104409519e-01 9.900512450e-01 2.905643965e+02 9.998283574e-03 9.938826391e-01 -1.099878809e-01 -5.308901474e+01 -9.961419106e-01 3.094540264e-04 -8.775647132e-02 9.023168146e+02
-8.732932380e-02 1.082664212e-01 9.902787341e-01 2.916073927e+02 9.596824656e-03 9.941219114e-01 -1.078402814e-01 -5.321147137e+01 -9.961332693e-01 8.591251832e-05 -8.785500816e-02 9.022347084e+02
-8.693392338e-02 1.046893661e-01 9.906980517e-01 2.926394170e+02 1.117275361e-02 9.945029231e-01 -1.041110247e-01 -5.332740597e+01 -9.961514255e-01 2.018045394e-03 -8.762570941e-02 9.021330097e+02
-8.798979668e-02 1.069749665e-01 9.903606173e-01 2.936682306e+02 1.280393698e-02 9.942561349e-01 -1.062581641e-01 -5.343836427e+01 -9.960390830e-01 3.330880682e-03 -8.885409589e-02 9.020421782e+02
-8.941679938e-02 1.122228658e-01 9.896517895e-01 2.947181776e+02 1.059339728e-02 9.936829396e-01 -1.117228511e-01 -5.355989286e+01 -9.959379579e-01 4.938748142e-04 -9.004076946e-02 9.019480392e+02
-9.169699109e-02 1.163905837e-01 9.889615229e-01 2.957939353e+02 8.824261714e-03 9.932016708e-01 -1.160714156e-01 -5.367462148e+01 -9.957478568e-01 -1.916544261e-03 -9.210066573e-02 9.018644883e+02
-9.404674730e-02 1.156722028e-01 9.888251366e-01 2.968788564e+02 4.658916142e-03 9.932675956e-01 -1.157487715e-01 -5.380160332e+01 -9.955568813e-01 -6.278942076e-03 -9.395249366e-02 9.017714852e+02
-9.641575816e-02 1.136577438e-01 9.888305815e-01 2.979606843e+02 1.130225258e-03 9.934708206e-01 -1.140808977e-01 -5.392893168e+01 -9.953405066e-01 -9.881594947e-03 -9.591470123e-02 9.016675086e+02
-9.964460352e-02 1.106462944e-01 9.888520367e-01 2.990790857e+02 -3.565735935e-04 9.937940441e-01 -1.112352050e-01 -5.405546496e+01 -9.950230278e-01 -1.143658643e-02 -9.898675995e-02 9.015799847e+02
-1.030396601e-01 1.081713999e-01 9.887779208e-01 3.001826553e+02 -5.248492454e-03 9.939961379e-01 -1.092892088e-01 -5.419227259e+01 -9.946634012e-01 -1.645071639e-02 -1.018532874e-01 9.014662891e+02
-1.067665561e-01 1.097590213e-01 9.882073971e-01 3.013352582e+02 -6.522175208e-03 9.937896527e-01 -1.110836958e-01 -5.430958493e+01 -9.942627237e-01 -1.830528542e-02 -1.053876311e-01 9.013682707e+02
-1.102898998e-01 1.121582653e-01 9.875508400e-01 3.024652004e+02 -8.713352545e-03 9.934651168e-01 -1.138030716e-01 -5.444384102e+01 -9.938612657e-01 -2.115620799e-02 -1.085918937e-01 9.012404701e+02
-1.136438742e-01 1.117819914e-01 9.872131767e-01 3.035681958e+02 -1.236605784e-02 9.934143752e-01 -1.139076813e-01 -5.457854706e+01 -9.934445885e-01 -2.515284544e-02 -1.115131557e-01 9.010900612e+02
-1.181004178e-01 1.128538701e-01 9.865679375e-01 3.047363413e+02 -1.220202701e-02 9.932809960e-01 -1.150824639e-01 -5.471007626e+01 -9.929266850e-01 -2.562941569e-02 -1.159298547e-01 9.009679462e+02
-1.218636858e-01 1.151689781e-01 9.858424563e-01 3.059189089e+02 -1.093082387e-02 9.930293058e-01 -1.173597669e-01 -5.484041428e+01 -9.924866544e-01 -2.507796401e-02 -1.197553195e-01 9.008355435e+02
-1.256561861e-01 1.149706465e-01 9.853894019e-01 3.070834922e+02 -8.968947563e-03 9.930899043e-01 -1.170128193e-01 -5.498548127e+01 -9.920333063e-01 -2.354129048e-02 -1.237567242e-01 9.006809741e+02
-1.297229325e-01 1.110685681e-01 9.853099685e-01 3.082711799e+02 -8.194790273e-03 9.935524785e-01 -1.130766022e-01 -5.513470642e+01 -9.915164175e-01 -2.274303698e-02 -1.279763575e-01 9.005245926e+02
-1.349305181e-01 1.055955290e-01 9.852123322e-01 3.094812166e+02 -4.769938690e-03 9.942244470e-01 -1.072147224e-01 -5.527884228e+01 -9.908435815e-01 -1.916594047e-02 -1.336475355e-01 9.003757666e+02
-1.398914266e-01 1.015969140e-01 9.849408387e-01 3.107162511e+02 -2.715120938e-03 9.946789926e-01 -1.029870366e-01 -5.539539696e+01 -9.901631264e-01 -1.708123696e-02 -1.388712154e-01 9.002145081e+02
-1.445815178e-01 9.896953824e-02 9.845309620e-01 3.119155977e+02 7.948789060e-04 9.949966760e-01 -9.990486899e-02 -5.556562890e+01 -9.894925734e-01 -1.366181470e-02 -1.439367985e-01 9.000167853e+02
-1.493317067e-01 1.011521526e-01 9.835996561e-01 3.131152133e+02 2.028210645e-03 9.947829157e-01 -1.019942988e-01 -5.570304577e+01 -9.887850766e-01 -1.323603542e-02 -1.487577885e-01 8.998290966e+02
-1.543721909e-01 1.065826706e-01 9.822470977e-01 3.143022754e+02 4.621784396e-03 9.942314014e-01 -1.071567055e-01 -5.583000549e+01 -9.880019564e-01 -1.200228109e-02 -1.539742818e-01 8.996482296e+02
-1.603198424e-01 1.094926645e-01 9.809734474e-01 3.155225593e+02 3.706517335e-03 9.938882745e-01 -1.103284165e-01 -5.596857568e+01 -9.870581593e-01 -1.405183927e-02 -1.597458480e-01 8.994687394e+02
-1.658795403e-01 1.047154073e-01 9.805705796e-01 3.167298292e+02 5.029173121e-03 9.944231282e-01 -1.053439580e-01 -5.610323616e+01 -9.861331987e-01 -1.254294812e-02 -1.654810833e-01 8.992838002e+02
-1.717459262e-01 9.814808734e-02 9.802399144e-01 3.179170572e+02 4.043539694e-03 9.950865603e-01 -9.892617076e-02 -5.625478849e+01 -9.851329792e-01 -1.302652782e-02 -1.712989286e-01 8.990846405e+02
-1.767069074e-01 1.003787272e-01 9.791316459e-01 3.191009984e+02 8.181343926e-03 9.949015097e-01 -1.005189115e-01 -5.639316802e+01 -9.842295131e-01 -9.751773237e-03 -1.766272018e-01 8.988611537e+02
-1.812768477e-01 1.051714289e-01 9.777922453e-01 3.202699061e+02 9.990691801e-03 9.944107637e-01 -1.051067037e-01 -5.652542643e+01 -9.833813556e-01 -9.284590952e-03 -1.813143838e-01 8.986460726e+02
-1.853163255e-01 1.069119700e-01 9.768457863e-01 3.214261030e+02 1.442104838e-02 9.942528801e-01 -1.060813076e-01 -5.666849392e+01 -9.825730980e-01 -5.571457792e-03 -1.857930731e-01 8.983976779e+02
-1.901009829e-01 1.055662831e-01 9.760724236e-01 3.226165192e+02 1.668892569e-02 9.944059757e-01 -1.042987785e-01 -5.681656169e+01 -9.816226852e-01 -3.537700165e-03 -1.907993412e-01 8.981753121e+02
-1.956436642e-01 1.048600676e-01 9.750527795e-01 3.237618699e+02 1.898398583e-02 9.944855869e-01 -1.031408057e-01 -5.695852069e+01 -9.804912875e-01 -1.668457006e-03 -1.965554662e-01 8.979584181e+02
-1.991080603e-01 1.052380440e-01 9.743104918e-01 3.248924726e+02 2.072666769e-02 9.944469982e-01 -1.031773866e-01 -5.710109495e+01 -9.797583302e-01 -3.492395376e-04 -2.001836469e-01 8.977161955e+02
-2.016013400e-01 1.058644421e-01 9.737297467e-01 3.260222094e+02 2.297707953e-02 9.943793823e-01 -1.033522996e-01 -5.723534522e+01 -9.791981176e-01 1.537503743e-03 -2.029006716e-01 8.974826843e+02
-2.022929122e-01 1.050524342e-01 9.736742596e-01 3.271503439e+02 2.575208376e-02 9.944567211e-01 -1.019443969e-01 -5.737839387e+01 -9.789864186e-01 4.451512155e-03 -2.038768652e-01 8.972428048e+02
-2.019221435e-01 1.052691006e-01 9.737278184e-01 3.282685374e+02 2.837775779e-02 9.944183360e-01 -1.016212378e-01 -5.750373637e+01 -9.789903732e-01 7.112634024e-03 -2.037823830e-01 8.970108074e+02
-2.011364836e-01 1.058941134e-01 9.738226490e-01 3.293874763e+02 3.085799853e-02 9.943312201e-01 -1.017507179e-01 -5.763322039e+01 -9.790770648e-01 9.584436272e-03 -2.032639655e-01 8.967908417e+02
-1.986087742e-01 1.090572852e-01 9.739923323e-01 3.305399686e+02 3.482087219e-02 9.939475279e-01 -1.041912599e-01 -5.775702169e+01 -9.794600868e-01 1.322196409e-02 -2.012041700e-01 8.965272903e+02
-1.970988669e-01 1.079739665e-01 9.744196525e-01 3.316072660e+02 3.521166152e-02 9.940550792e-01 -1.030273671e-01 -5.789093934e+01 -9.797510784e-01 1.400435767e-02 -1.997290725e-01 8.963261502e+02
-1.947962406e-01 1.073308311e-01 9.749535975e-01 3.326774006e+02 3.899312063e-02 9.940564574e-01 -1.016429834e-01 -5.802254158e+01 -9.800683452e-01 1.821681217e-02 -1.978236249e-01 8.961226461e+02
-1.913283227e-01 1.082891696e-01 9.755341761e-01 3.337587845e+02 4.109746031e-02 9.939075281e-01 -1.022683932e-01 -5.814192240e+01 -9.806653209e-01 2.052513695e-02 -1.946130701e-01 8.959121203e+02
-1.867736701e-01 1.093209596e-01 9.763014514e-01 3.348304596e+02 4.420695406e-02 9.937177771e-01 -1.028140292e-01 -5.826365813e+01 -9.814078364e-01 2.395635984e-02 -1.904330629e-01 8.956953576e+02
-1.812799815e-01 1.094662047e-01 9.773201719e-01 3.359045663e+02 4.907015960e-02 9.935546359e-01 -1.021827037e-01 -5.839745729e+01 -9.822065403e-01 2.943357818e-02 -1.854830902e-01 8.954826980e+02
-1.761484837e-01 1.100965547e-01 9.781873340e-01 3.369516300e+02 5.333445476e-02 9.933333838e-01 -1.021969887e-01 -5.851881842e+01 -9.829176708e-01 3.416924351e-02 -1.808461091e-01 8.952865478e+02
-1.715961115e-01 1.077777734e-01 9.792541683e-01 3.379921735e+02 5.268517362e-02 9.935792847e-01 -1.001223127e-01 -5.864551330e+01 -9.837576160e-01 3.441157634e-02 -1.761726324e-01 8.950953876e+02
-1.675871384e-01 1.068599750e-01 9.800487216e-01 3.390143776e+02 5.235627512e-02 9.936699596e-01 -9.939231236e-02 -5.876925049e+01 -9.844660337e-01 3.465482730e-02 -1.721210953e-01 8.949314222e+02
-1.633599705e-01 1.084247318e-01 9.805904331e-01 3.400034737e+02 5.060186170e-02 9.935551068e-01 -1.014283069e-01 -5.889469052e+01 -9.852679695e-01 3.305037625e-02 -1.677936262e-01 8.947666290e+02
-1.601906431e-01 1.114956124e-01 9.807689260e-01 3.409927556e+02 4.652544121e-02 9.933487226e-01 -1.053266279e-01 -5.901174076e+01 -9.859890168e-01 2.875836674e-02 -1.643125532e-01 8.946108865e+02
-1.571262789e-01 1.131861591e-01 9.810709586e-01 3.419388075e+02 4.254689050e-02 9.932640752e-01 -1.077786578e-01 -5.913378749e+01 -9.866615907e-01 2.480665921e-02 -1.608836072e-01 8.944668544e+02
-1.542634261e-01 1.153803496e-01 9.812696726e-01 3.428663513e+02 4.089276502e-02 9.930526144e-01 -1.103371507e-01 -5.926315983e+01 -9.871831528e-01 2.310584324e-02 -1.579099201e-01 8.943302079e+02
-1.521864297e-01 1.173931718e-01 9.813552536e-01 3.437586422e+02 4.074767173e-02 9.928220222e-01 -1.124458071e-01 -5.938559572e+01 -9.875114773e-01 2.287521581e-02 -1.558775373e-01 8.942054856e+02
-1.492982767e-01 1.220614413e-01 9.812293458e-01 3.446265372e+02 4.252435369e-02 9.922259047e-01 -1.169591103e-01 -5.950158597e+01 -9.878773729e-01 2.426435014e-02 -1.533282016e-01 8.940864374e+02
-1.468471920e-01 1.253304719e-01 9.811871254e-01 3.455097662e+02 4.223459925e-02 9.918303968e-01 -1.203690268e-01 -5.961908109e+01 -9.882571228e-01 2.376419144e-02 -1.509407909e-01 8.939523745e+02
-1.450495081e-01 1.294402275e-01 9.809209284e-01 3.463744390e+02 4.329142567e-02 9.912864739e-01 -1.244065074e-01 -5.972521399e+01 -9.884768549e-01 2.442036277e-02 -1.493892674e-01 8.938335748e+02
-1.429666219e-01 1.318937101e-01 9.808998900e-01 3.472380469e+02 4.357315113e-02 9.909585935e-01 -1.268954156e-01 -5.984055898e+01 -9.887678825e-01 2.459909025e-02 -1.474210271e-01 8.937037278e+02
-1.421127931e-01 1.348953791e-01 9.806157202e-01 3.480851192e+02 4.236796248e-02 9.905916186e-01 -1.301276329e-01 -5.996339574e+01 -9.889433299e-01 2.305388867e-02 -1.464909841e-01 8.935885461e+02
-1.409695753e-01 1.375038351e-01 9.804184179e-01 3.489299952e+02 4.328729302e-02 9.902167097e-01 -1.326539786e-01 -6.008465808e+01 -9.890671307e-01 2.373948431e-02 -1.455425979e-01 8.934686268e+02
-1.392512383e-01 1.394511947e-01 9.803889315e-01 3.497668957e+02 4.403215509e-02 9.899274967e-01 -1.345537834e-01 -6.021564282e+01 -9.892776465e-01 2.443185652e-02 -1.439889664e-01 8.933400975e+02
-1.386698622e-01 1.411947993e-01 9.802217596e-01 3.506001334e+02 4.402221734e-02 9.896848633e-01 -1.363301717e-01 -6.033884183e+01 -9.893597494e-01 2.424664922e-02 -1.434551717e-01 8.932309793e+02
-1.378841083e-01 1.404805804e-01 9.804351989e-01 3.514199045e+02 4.339353225e-02 9.897965897e-01 -1.357192409e-01 -6.046321837e+01 -9.894973340e-01 2.383101991e-02 -1.425731688e-01 8.931219761e+02
-1.371818390e-01 1.404230600e-01 9.805419457e-01 3.522492165e+02 4.184994352e-02 9.898383360e-01 -1.358994140e-01 -6.058777639e+01 -9.896614195e-01 2.239269350e-02 -1.416645404e-01 8.930139518e+02
-1.367345207e-01 1.429739596e-01 9.802357460e-01 3.530525621e+02 4.184275737e-02 9.894801263e-01 -1.384856069e-01 -6.072448370e+01 -9.897236253e-01 2.208000341e-02 -1.412785155e-01 8.928968231e+02
-1.373082612e-01 1.485558072e-01 9.793250806e-01 3.538679865e+02 3.898354340e-02 9.887340549e-01 -1.445173067e-01 -6.084164925e+01 -9.897609432e-01 1.833414168e-02 -1.415525856e-01 8.927958600e+02
-1.380299373e-01 1.512353783e-01 9.788133616e-01 3.546965137e+02 3.253322643e-02 9.884320753e-01 -1.481337968e-01 -6.096496778e+01 -9.898935931e-01 1.139705804e-02 -1.413533921e-01 8.926871937e+02
-1.378434373e-01 1.502543518e-01 9.789907132e-01 3.554966723e+02 2.805220183e-02 9.886219368e-01 -1.477827464e-01 -6.109581852e+01 -9.900566957e-01 7.091963344e-03 -1.404900113e-01 8.925606951e+02
-1.378991847e-01 1.501404835e-01 9.790003320e-01 3.563076863e+02 2.744057809e-02 9.886433766e-01 -1.477541493e-01 -6.122466587e+01 -9.900660733e-01 6.489158324e-03 -1.404530573e-01 8.924353135e+02
-1.393762778e-01 1.525348587e-01 9.784208553e-01 3.571543293e+02 2.414035198e-02 9.882946065e-01 -1.506353682e-01 -6.135691177e+01 -9.899451988e-01 2.624426906e-03 -1.414270688e-01 8.923187380e+02
-1.403819739e-01 1.540154000e-01 9.780450695e-01 3.580072486e+02 2.082793540e-02 9.880678870e-01 -1.526042191e-01 -6.147893978e+01 -9.898783251e-01 -1.052221983e-03 -1.419147431e-01 8.921977651e+02
-1.416338034e-01 1.541268746e-01 9.778470086e-01 3.589064624e+02 2.645925599e-02 9.880414505e-01 -1.519012835e-01 -6.161827105e+01 -9.895654468e-01 4.358747794e-03 -1.440181510e-01 8.920730854e+02
-1.428947488e-01 1.564896179e-01 9.772881306e-01 3.597789456e+02 2.853303953e-02 9.876620873e-01 -1.539787873e-01 -6.175501168e+01 -9.893265166e-01 5.882240729e-03 -1.455968503e-01 8.919531546e+02
-1.458486209e-01 1.636831566e-01 9.756720781e-01 3.606606982e+02 1.961674951e-02 9.865023732e-01 -1.625676804e-01 -6.190745328e+01 -9.891124117e-01 -4.570757228e-03 -1.470909421e-01 8.918460121e+02
-1.459435009e-01 1.716261214e-01 9.742920348e-01 3.615197735e+02 1.507947848e-02 9.851082659e-01 -1.712726298e-01 -6.205125291e+01 -9.891779940e-01 -1.030431143e-02 -1.463581815e-01 8.917108064e+02
-1.467269667e-01 1.719408013e-01 9.741188624e-01 3.624251659e+02 1.263943163e-02 9.850225672e-01 -1.719615855e-01 -6.220144222e+01 -9.890962754e-01 -1.291909306e-02 -1.467026074e-01 8.915855811e+02
-1.478242755e-01 1.666209636e-01 9.748771400e-01 3.632946940e+02 7.509921407e-03 9.858671529e-01 -1.673605623e-01 -6.236432058e+01 -9.889851286e-01 -1.741870317e-02 -1.469864079e-01 8.914426862e+02
-1.478093512e-01 1.627354866e-01 9.755355232e-01 3.641739593e+02 4.896559536e-03 9.864782593e-01 -1.638190086e-01 -6.250759761e+01 -9.890037510e-01 -1.943721361e-02 -1.466075555e-01 8.912830599e+02
-1.470963852e-01 1.626814388e-01 9.756522961e-01 3.651101050e+02 5.837844462e-03 9.865076069e-01 -1.636113108e-01 -6.265491320e+01 -9.891049353e-01 -1.837092603e-02 -1.460614118e-01 8.911421322e+02
-1.454853273e-01 1.639915762e-01 9.756745269e-01 3.660600200e+02 6.427969573e-03 9.863028022e-01 -1.648194879e-01 -6.281569089e+01 -9.893395275e-01 -1.770721097e-02 -1.445467189e-01 8.910141058e+02
-1.428230458e-01 1.714161622e-01 9.747912992e-01 3.669914871e+02 9.732193600e-03 9.850837487e-01 -1.718001527e-01 -6.298000733e+01 -9.897003900e-01 -1.505016344e-02 -1.423609166e-01 8.908630993e+02
-1.421344015e-01 1.795553910e-01 9.734257411e-01 3.679292154e+02 1.174285336e-02 9.836466050e-01 -1.797260745e-01 -6.314293193e+01 -9.897777111e-01 -1.411446231e-02 -1.419185141e-01 8.907306349e+02
-1.422642961e-01 1.865073010e-01 9.720987073e-01 3.688787618e+02 1.118370007e-02 9.823279923e-01 -1.868331888e-01 -6.332085402e+01 -9.897655252e-01 -1.570803170e-02 -1.418360420e-01 8.905966566e+02
-1.417334446e-01 1.914513803e-01 9.712147032e-01 3.698509822e+02 9.509420403e-03 9.813372971e-01 -1.920590540e-01 -6.349644332e+01 -9.898591827e-01 -1.798550238e-02 -1.409089071e-01 8.904669347e+02
-1.394994693e-01 1.954156916e-01 9.707484770e-01 3.708188985e+02 1.160245973e-02 9.805893082e-01 -1.957293835e-01 -6.368980577e+01 -9.901541703e-01 -1.604107501e-02 -1.390589908e-01 8.903078573e+02
-1.370621116e-01 1.979982388e-01 9.705723440e-01 3.717902294e+02 1.517568670e-02 9.801241636e-01 -1.978037472e-01 -6.389337483e+01 -9.904462005e-01 -1.238229746e-02 -1.373426468e-01 8.901561256e+02
-1.340447581e-01 2.010419817e-01 9.703680356e-01 3.727445602e+02 2.123902825e-02 9.795629989e-01 -2.000130867e-01 -6.408993233e+01 -9.907476503e-01 -6.201031708e-03 -1.355752215e-01 8.899931999e+02
-1.327110557e-01 2.041270723e-01 9.699071677e-01 3.737349288e+02 2.361850861e-02 9.789362056e-01 -2.027956396e-01 -6.429185395e+01 -9.908733228e-01 -4.005462633e-03 -1.347368343e-01 8.898628844e+02
-1.319526933e-01 2.075851164e-01 9.692764859e-01 3.747328611e+02 2.725233772e-02 9.782166798e-01 -2.057897894e-01 -6.449467745e+01 -9.908813233e-01 -7.394668210e-04 -1.347355052e-01 8.897410144e+02
-1.317252154e-01 2.091590924e-01 9.689690097e-01 3.757015786e+02 2.837312596e-02 9.778816062e-01 -2.072257948e-01 -6.470841080e+01 -9.908801307e-01 1.958173153e-04 -1.347461625e-01 8.896112893e+02
-1.309317060e-01 2.110282886e-01 9.686712289e-01 3.766955829e+02 2.966508052e-02 9.774789815e-01 -2.089373680e-01 -6.491860363e+01 -9.909474615e-01 1.379183971e-03 -1.342431618e-01 8.894725555e+02
-1.304038657e-01 2.130529387e-01 9.682991672e-01 3.777006630e+02 3.249867027e-02 9.770324457e-01 -2.105978075e-01 -6.513282179e+01 -9.909281852e-01 4.005667158e-03 -1.343327450e-01 8.893262767e+02
-1.303476608e-01 2.159286357e-01 9.676695260e-01 3.786873801e+02 3.393609880e-02 9.763961652e-01 -2.133046409e-01 -6.535998163e+01 -9.908873945e-01 5.035167673e-03 -1.345987316e-01 8.891926494e+02
-1.303545403e-01 2.176901817e-01 9.672738385e-01 3.797059915e+02 3.515962119e-02 9.759995183e-01 -2.149156609e-01 -6.558301279e+01 -9.908438297e-01 5.993749558e-03 -1.348798729e-01 8.890495798e+02
-1.294007765e-01 2.177652653e-01 9.673849949e-01 3.806996906e+02 3.768619430e-02 9.759625699e-01 -2.146551024e-01 -6.580155441e+01 -9.908759710e-01 8.680521960e-03 -1.344970584e-01 8.888899694e+02
-1.295639613e-01 2.155073919e-01 9.678686605e-01 3.816783205e+02 3.456525434e-02 9.764844840e-01 -2.127987211e-01 -6.602042859e+01 -9.909684269e-01 5.883581151e-03 -1.339662657e-01 8.887505124e+02
-1.300567381e-01 2.154133985e-01 9.678234925e-01 3.827202680e+02 3.305007967e-02 9.765134949e-01 -2.129062857e-01 -6.623437173e+01 -9.909555677e-01 4.296746497e-03 -1.341215898e-01 8.886070960e+02
-1.303728305e-01 2.157795531e-01 9.676993901e-01 3.837389137e+02 3.120393240e-02 9.764392573e-01 -2.135244516e-01 -6.646287393e+01 -9.909738845e-01 2.358239216e-03 -1.340343203e-01 8.884671303e+02
-1.304968037e-01 2.167417159e-01 9.674676288e-01 3.847324089e+02 3.187366660e-02 9.762248011e-01 -2.144043074e-01 -6.669650224e+01 -9.909362510e-01 2.857663842e-03 -1.343025694e-01 8.883403969e+02
-1.301956102e-01 2.177461535e-01 9.672826452e-01 3.857763641e+02 3.032398047e-02 9.760046260e-01 -2.156279812e-01 -6.692091072e+01 -9.910244998e-01 1.258043468e-03 -1.336744479e-01 8.881836436e+02
-1.293707406e-01 2.182606864e-01 9.672773564e-01 3.868515695e+02 3.097208878e-02 9.758884395e-01 -2.160612953e-01 -6.714257579e+01 -9.911124766e-01 2.006590361e-03 -1.330113995e-01 8.880224006e+02
-1.276520285e-01 2.185702631e-01 9.674357858e-01 3.878773125e+02 3.327881520e-02 9.758103087e-01 -2.160711963e-01 -6.737218436e+01 -9.912605511e-01 4.613190220e-03 -1.318379248e-01 8.878715109e+02
-1.256653323e-01 2.191284148e-01 9.675696161e-01 3.888729913e+02 3.592490182e-02 9.756665917e-01 -2.162963320e-01 -6.761141411e+01 -9.914220220e-01 7.578893029e-03 -1.304796332e-01 8.877385384e+02
-1.245791266e-01 2.185855022e-01 9.678328469e-01 3.898860475e+02 3.743226642e-02 9.757727755e-01 -2.155604697e-01 -6.784484856e+01 -9.915033367e-01 9.373841939e-03 -1.297430708e-01 8.876260563e+02
-1.235717792e-01 2.181873440e-01 9.680518056e-01 3.909392486e+02 3.531509224e-02 9.758775880e-01 -2.154432119e-01 -6.807152226e+01 -9.917070433e-01 7.564137811e-03 -1.282962360e-01 8.874900990e+02
-1.220963415e-01 2.197052771e-01 9.678956941e-01 3.919720983e+02 3.601263374e-02 9.755303490e-01 -2.168954321e-01 -6.830473852e+01 -9.918646952e-01 8.374334386e-03 -1.270208523e-01 8.873554205e+02
-1.197604583e-01 2.215097323e-01 9.677762505e-01 3.930210029e+02 3.790110018e-02 9.751014943e-01 -2.184961841e-01 -6.854690234e+01 -9.920790993e-01 1.051258147e-02 -1.251740644e-01 8.872026782e+02
-1.177484643e-01 2.229505781e-01 9.676922749e-01 3.940500874e+02 3.891594133e-02 9.747586621e-01 -2.198433536e-01 -6.878208520e+01 -9.922806300e-01 1.177243854e-02 -1.234526671e-01 8.870638743e+02
-1.153779490e-01 2.212043055e-01 9.683783269e-01 3.951034547e+02 4.045139567e-02 9.751265866e-01 -2.179261911e-01 -6.901888007e+01 -9.924976642e-01 1.402837790e-02 -1.214561285e-01 8.869133761e+02
-1.135349768e-01 2.204899714e-01 9.687589904e-01 3.961568317e+02 4.137674921e-02 9.752671379e-01 -2.171220264e-01 -6.923302579e+01 -9.926720373e-01 1.543315355e-02 -1.198500901e-01 8.867673981e+02
-1.133368219e-01 2.232140108e-01 9.681581845e-01 3.972442897e+02 3.816710284e-02 9.746957318e-01 -2.202532694e-01 -6.945246690e+01 -9.928232658e-01 1.198898743e-02 -1.189883486e-01 8.866371499e+02
-1.135143202e-01 2.268184471e-01 9.672992769e-01 3.983184299e+02 3.917473242e-02 9.738569175e-01 -2.237588984e-01 -6.966429123e+01 -9.927637380e-01 1.249385110e-02 -1.194322579e-01 8.865274957e+02
-1.125192158e-01 2.251060685e-01 9.678154183e-01 3.993570427e+02 4.075985693e-02 9.742265917e-01 -2.218584729e-01 -6.991663854e+01 -9.928132051e-01 1.448467660e-02 -1.187945033e-01 8.863796740e+02
-1.123082600e-01 2.235364489e-01 9.682036515e-01 4.003864654e+02 4.334738301e-02 9.745426595e-01 -2.199718375e-01 -7.015513781e+01 -9.927274848e-01 1.726444020e-02 -1.191389104e-01 8.862751517e+02
-1.116042248e-01 2.217872275e-01 9.686872162e-01 4.014502603e+02 4.270344025e-02 9.749468308e-01 -2.183004655e-01 -7.037876889e+01 -9.928347865e-01 1.700302243e-02 -1.182792629e-01 8.861677861e+02
-1.106561667e-01 2.183425480e-01 9.695781271e-01 4.025194585e+02 4.453768351e-02 9.756786966e-01 -2.146333518e-01 -7.060514678e+01 -9.928603162e-01 1.943225981e-02 -1.176893358e-01 8.860562466e+02
-1.095428599e-01 2.139611389e-01 9.706806853e-01 4.036151439e+02 4.278422428e-02 9.766674250e-01 -2.104524911e-01 -7.084978078e+01 -9.930608602e-01 1.847625239e-02 -1.161411043e-01 8.859079121e+02
-1.106042687e-01 2.159926853e-01 9.701102286e-01 4.046836322e+02 3.821933244e-02 9.763014173e-01 -2.130136735e-01 -7.108323749e+01 -9.931293865e-01 1.351674374e-02 -1.162382006e-01 8.857850553e+02
-1.118333161e-01 2.205735014e-01 9.689378927e-01 4.057667232e+02 3.362335447e-02 9.753360322e-01 -2.181492478e-01 -7.132814041e+01 -9.931579831e-01 8.182588449e-03 -1.164914838e-01 8.856814859e+02
-1.111625730e-01 2.223385158e-01 9.686116181e-01 4.068912978e+02 3.424715922e-02 9.749304252e-01 -2.198585867e-01 -7.156286171e+01 -9.932119685e-01 8.732150122e-03 -1.159902371e-01 8.855531202e+02
-1.108159405e-01 2.204180712e-01 9.690901409e-01 4.079615074e+02 3.534357587e-02 9.753530411e-01 -2.178010027e-01 -7.180198404e+01 -9.932122930e-01 1.011528797e-02 -1.158750274e-01 8.854294054e+02
-1.114045611e-01 2.194325942e-01 9.692462847e-01 4.090291837e+02 3.472428791e-02 9.755814538e-01 -2.168756574e-01 -7.205948596e+01 -9.931682876e-01 9.495449609e-03 -1.163038643e-01 8.853318139e+02
-1.118682592e-01 2.210662881e-01 9.688215464e-01 4.100705376e+02 3.520507563e-02 9.752108545e-01 -2.184591311e-01 -7.229114075e+01 -9.930992374e-01 9.668793125e-03 -1.168777960e-01 8.852416933e+02
-1.105069836e-01 2.188142354e-01 9.694888019e-01 4.110729199e+02 3.520611374e-02 9.757128060e-01 -2.162060354e-01 -7.252788711e+01 -9.932515976e-01 1.023965622e-02 -1.155266779e-01 8.851096662e+02
-1.091798691e-01 2.141462305e-01 9.706807653e-01 4.120315744e+02 3.421459384e-02 9.767493441e-01 -2.116366705e-01 -7.276803561e+01 -9.934329961e-01 1.010498414e-02 -1.139682918e-01 8.849815492e+02
-1.076302333e-01 2.126551661e-01 9.711815038e-01 4.130477484e+02 3.377289852e-02 9.770743270e-01 -2.102026424e-01 -7.301235834e+01 -9.936171920e-01 1.017545493e-02 -1.123447191e-01 8.848627100e+02
-1.055356036e-01 2.135564707e-01 9.712136069e-01 4.140431099e+02 3.408807093e-02 9.768707052e-01 -2.110962548e-01 -7.323612669e+01 -9.938310922e-01 1.082862765e-02 -1.103743677e-01 8.847474019e+02
-1.027655434e-01 2.136390859e-01 9.714924519e-01 4.151168894e+02 3.515859683e-02 9.768331550e-01 -2.110944348e-01 -7.346592120e+01 -9.940840589e-01 1.246307715e-02 -1.078960404e-01 8.846070961e+02
-1.016475342e-01 2.118726848e-01 9.719967820e-01 4.159862978e+02 3.682318860e-02 9.771892266e-01 -2.091536952e-01 -7.368027289e+01 -9.941387386e-01 1.453206344e-02 -1.071307032e-01 8.845535965e+02
-9.973735719e-02 2.092756248e-01 9.727569956e-01 4.169010854e+02 3.755871428e-02 9.777267605e-01 -2.064938857e-01 -7.390765208e+01 -9.943046830e-01 1.594034763e-02 -1.053760065e-01 8.844698934e+02
-9.696222924e-02 2.087113820e-01 9.731587153e-01 4.178651137e+02 3.883001089e-02 9.778147511e-01 -2.058410621e-01 -7.414505503e+01 -9.945303195e-01 1.782895526e-02 -1.029153633e-01 8.843624029e+02
-9.607553375e-02 2.086836606e-01 9.732525991e-01 4.187784211e+02 3.774710775e-02 9.778362702e-01 -2.059402452e-01 -7.435645625e+01 -9.946580557e-01 1.695165175e-02 -1.018233462e-01 8.842893194e+02
-9.510875627e-02 2.081480446e-01 9.734622314e-01 4.196150583e+02 3.662411825e-02 9.779647461e-01 -2.055325505e-01 -7.456044551e+01 -9.947929425e-01 1.610425062e-02 -1.006362493e-01 8.842256861e+02
-9.464731864e-02 2.074755343e-01 9.736507524e-01 4.205036547e+02 3.436779265e-02 9.781392922e-01 -2.050911503e-01 -7.475167331e+01 -9.949174538e-01 1.405089972e-02 -9.970873740e-02 8.841573532e+02
-9.404683513e-02 2.050737540e-01 9.742176082e-01 4.214076010e+02 3.397767774e-02 9.786458747e-01 -2.027258475e-01 -7.495054232e+01 -9.949877940e-01 1.403592758e-02 -9.900647715e-02 8.840695047e+02
-9.494255089e-02 2.002620083e-01 9.751312938e-01 4.222486423e+02 3.096828026e-02 9.796762572e-01 -1.981802127e-01 -7.514322569e+01 -9.950009435e-01 1.138240426e-02 -9.921473291e-02 8.840100135e+02
-9.626105771e-02 1.964992898e-01 9.757673072e-01 4.231230534e+02 2.600603927e-02 9.804816445e-01 -1.948831207e-01 -7.533743563e+01 -9.950163289e-01 6.616187575e-03 -9.949236841e-02 8.839264583e+02
-9.954854610e-02 1.941262873e-01 9.759124303e-01 4.239657592e+02 2.159241894e-02 9.809747710e-01 -1.929307287e-01 -7.552015381e+01 -9.947983989e-01 1.866336513e-03 -1.018462683e-01 8.838592235e+02
-1.041931994e-01 1.923745450e-01 9.757744676e-01 4.248146058e+02 1.764216867e-02 9.813177308e-01 -1.915835720e-01 -7.569503713e+01 -9.944005888e-01 -2.746927579e-03 -1.056405382e-01 8.837751688e+02
-1.098393113e-01 1.918975024e-01 9.752490319e-01 4.256559510e+02 1.461670093e-02 9.813915881e-01 -1.914599248e-01 -7.586513966e+01 -9.938418776e-01 -6.774902841e-03 -1.106002845e-01 8.836890762e+02
-1.181755080e-01 1.911349640e-01 9.744239195e-01 4.264979894e+02 1.168816639e-02 9.814999251e-01 -1.911054256e-01 -7.604295251e+01 -9.929239327e-01 -1.119475184e-02 -1.182232695e-01 8.835971169e+02
-1.281925154e-01 1.911356707e-01 9.731566340e-01 4.273138717e+02 1.042125447e-02 9.814580874e-01 -1.913933651e-01 -7.620799223e+01 -9.916945480e-01 -1.439368397e-02 -1.278074544e-01 8.835041590e+02
-1.402732495e-01 1.901275143e-01 9.716866490e-01 4.281619865e+02 9.372928849e-03 9.816008341e-01 -1.907143168e-01 -7.637558275e+01 -9.900684641e-01 -1.764456712e-02 -1.394743904e-01 8.833840872e+02
-1.537792947e-01 1.865180026e-01 9.703416735e-01 4.289687093e+02 1.064113717e-02 9.822782758e-01 -1.871260406e-01 -7.654989929e+01 -9.880479213e-01 -1.845057170e-02 -1.530388241e-01 8.832639377e+02
-1.681168216e-01 1.811116253e-01 9.689867458e-01 4.297768013e+02 1.058476140e-02 9.832523745e-01 -1.819415590e-01 -7.671403435e+01 -9.857102501e-01 -2.033094310e-02 -1.672182873e-01 8.831158746e+02
-1.826318924e-01 1.759604721e-01 9.673073473e-01 4.305920845e+02 1.230184703e-02 9.841863936e-01 -1.767082544e-01 -7.687045978e+01 -9.831043975e-01 -2.037289589e-02 -1.819084624e-01 8.829451946e+02
-1.991614569e-01 1.724949215e-01 9.646658572e-01 4.314120943e+02 1.414865537e-02 9.847899140e-01 -1.731722864e-01 -7.702747660e+01 -9.798645466e-01 -2.084052010e-02 -1.985727653e-01 8.827722746e+02
-2.160700601e-01 1.701984204e-01 9.614292625e-01 4.322153790e+02 1.519570873e-02 9.851566634e-01 -1.709837392e-01 -7.717390696e+01 -9.762596066e-01 -2.233486777e-02 -2.154491451e-01 8.825889740e+02
-2.342181709e-01 1.631363238e-01 9.583988670e-01 4.330012496e+02 1.361378700e-02 9.862740941e-01 -1.645541738e-01 -7.731977731e+01 -9.720887373e-01 -2.549413955e-02 -2.332242175e-01 8.824040656e+02
-2.535601198e-01 1.537971195e-01 9.550150322e-01 4.337943096e+02 1.364748606e-02 9.877502106e-01 -1.554453846e-01 -7.745767188e+01 -9.672233515e-01 -2.638119601e-02 -2.525530058e-01 8.821943287e+02
-2.751205579e-01 1.446539248e-01 9.504651075e-01 4.345916771e+02 1.326151676e-02 9.890929983e-01 -1.466941471e-01 -7.759474047e+01 -9.613182672e-01 -2.775396665e-02 -2.740381480e-01 8.819632656e+02
-3.007453258e-01 1.403466025e-01 9.433213027e-01 4.353725452e+02 8.598036451e-03 9.894715887e-01 -1.444716197e-01 -7.773082939e+01 -9.536657291e-01 -3.533845339e-02 -2.987856605e-01 8.817317241e+02
-3.285891086e-01 1.414629083e-01 9.338187422e-01 4.361498635e+02 4.333003638e-03 9.889347754e-01 -1.482876766e-01 -7.785203751e+01 -9.444630341e-01 -4.467947547e-02 -3.255661556e-01 8.814530002e+02
-3.588919478e-01 1.428683815e-01 9.223801794e-01 4.369309186e+02 3.521872249e-03 9.884162507e-01 -1.517264372e-01 -7.797985656e+01 -9.333724692e-01 -5.120489143e-02 -3.552377976e-01 8.811520096e+02
-3.902137514e-01 1.412794446e-01 9.098205025e-01 4.376860418e+02 4.208486527e-03 9.884207352e-01 -1.516797245e-01 -7.810468040e+01 -9.207146772e-01 -5.535854699e-02 -3.862899357e-01 8.808200705e+02
-4.236159008e-01 1.343039739e-01 8.958303473e-01 4.384287948e+02 1.104249920e-03 9.890236090e-01 -1.477534485e-01 -7.824220003e+01 -9.058412384e-01 -6.160148961e-02 -4.191144322e-01 8.804876800e+02
-4.560951052e-01 1.314457498e-01 8.801700233e-01 4.391624192e+02 3.856061636e-03 9.893143311e-01 -1.457473327e-01 -7.837640180e+01 -8.899226853e-01 -6.308065520e-02 -4.517282869e-01 8.801020085e+02
-4.879660383e-01 1.329915389e-01 8.626716618e-01 4.398804393e+02 1.044553165e-02 9.891436233e-01 -1.465802964e-01 -7.850164409e+01 -8.728001125e-01 -6.251514240e-02 -4.840576625e-01 8.797022316e+02
-5.201655996e-01 1.336338734e-01 8.435459305e-01 4.406252521e+02 1.297874766e-02 9.888058112e-01 -1.486425907e-01 -7.861999077e+01 -8.539668033e-01 -6.637059257e-02 -5.160771680e-01 8.792582525e+02
-5.517332806e-01 1.301726556e-01 8.237994093e-01 4.413093582e+02 1.436920709e-02 9.890816904e-01 -1.466660683e-01 -7.874296250e+01 -8.338968239e-01 -6.908320673e-02 -5.475797637e-01 8.788284288e+02
-5.822350889e-01 1.255276219e-01 8.032715092e-01 4.420110056e+02 1.765767172e-02 9.897282964e-01 -1.418665071e-01 -7.888032551e+01 -8.128287076e-01 -6.841575377e-02 -5.784710682e-01 8.783262072e+02
-6.119424326e-01 1.211802318e-01 7.815636958e-01 4.426841716e+02 1.933785186e-02 9.901895108e-01 -1.383863438e-01 -7.901025017e+01 -7.906658629e-01 -6.957071290e-02 -6.082823433e-01 8.778039232e+02
-6.419534346e-01 1.198471016e-01 7.573192590e-01 4.433114111e+02 2.133962688e-02 9.901186281e-01 -1.385991440e-01 -7.911938959e+01 -7.664466114e-01 -7.281328608e-02 -6.381675464e-01 8.772901501e+02
-6.713519153e-01 1.187381850e-01 7.315653418e-01 4.439448826e+02 2.403584202e-02 9.900518456e-01 -1.386348489e-01 -7.924897187e+01 -7.407488671e-01 -7.548898233e-02 -6.675271750e-01 8.767353621e+02
-6.997011685e-01 1.157277803e-01 7.050002523e-01 4.445632411e+02 2.769166105e-02 9.904448231e-01 -1.351007932e-01 -7.937516687e+01 -7.138987650e-01 -7.500755484e-02 -6.962200945e-01 8.761194432e+02
-7.269060566e-01 1.100169715e-01 6.778671337e-01 4.451641422e+02 2.974415181e-02 9.912016832e-01 -1.289748372e-01 -7.947018949e+01 -6.860924649e-01 -7.359000737e-02 -7.237828683e-01 8.754924235e+02
-7.522281024e-01 1.067308674e-01 6.502010489e-01 4.457592332e+02 3.491524250e-02 9.918639131e-01 -1.224210101e-01 -7.958784297e+01 -6.579770572e-01 -6.938659679e-02 -7.498344433e-01 8.747868703e+02
-7.758697692e-01 1.067659160e-01 6.217934869e-01 4.463217587e+02 4.202748975e-02 9.921340369e-01 -1.179141339e-01 -7.969640427e+01 -6.294916928e-01 -6.535359247e-02 -7.742539097e-01 8.740907220e+02
-7.970598299e-01 1.104124807e-01 5.937210723e-01 4.468696556e+02 5.075431511e-02 9.919133957e-01 -1.163263291e-01 -7.980792647e+01 -6.017637635e-01 -6.258513767e-02 -7.962182323e-01 8.733330730e+02
-8.162638531e-01 1.138315110e-01 5.663529900e-01 4.473895244e+02 5.902913691e-02 9.916973416e-01 -1.142451038e-01 -7.991887784e+01 -5.746554473e-01 -5.982282045e-02 -8.162060690e-01 8.725698600e+02
-8.326088372e-01 1.177692626e-01 5.411958287e-01 4.479045676e+02 6.730076689e-02 9.914040341e-01 -1.121991442e-01 -8.002653940e+01 -5.497573383e-01 -5.699510465e-02 -8.333777217e-01 8.717537003e+02
-8.456020776e-01 1.213983835e-01 5.198264700e-01 4.483952444e+02 7.426810907e-02 9.910815728e-01 -1.106416022e-01 -8.013933187e+01 -5.286221471e-01 -5.495223968e-02 -8.470766654e-01 8.709531183e+02
-8.546706484e-01 1.266850168e-01 5.034769005e-01 4.488693969e+02 8.121684125e-02 9.904569112e-01 -1.113504909e-01 -8.024337495e+01 -5.127786145e-01 -5.427719274e-02 -8.568034073e-01 8.701204802e+02
-8.610914545e-01 1.307065672e-01 4.913626972e-01 4.493432062e+02 8.542506332e-02 9.898468198e-01 -1.136038372e-01 -8.036038192e+01 -5.012225708e-01 -5.584860385e-02 -8.635142546e-01 8.692851587e+02
-8.654304529e-01 1.347208467e-01 4.825768589e-01 4.498260476e+02 8.971669984e-02 9.892730225e-01 -1.152813981e-01 -8.046831358e+01 -4.929310753e-01 -5.647282940e-02 -8.682337096e-01 8.684133377e+02
-8.685833263e-01 1.363220493e-01 4.764234504e-01 4.502820418e+02 9.196382463e-02 9.890594145e-01 -1.153435280e-01 -8.058305843e+01 -4.869349650e-01 -5.637174260e-02 -8.716172133e-01 8.675467970e+02
-8.710653377e-01 1.394370902e-01 4.709591015e-01 4.507617311e+02 9.555710326e-02 9.886453798e-01 -1.159704832e-01 -8.070618514e+01 -4.817821266e-01 -5.601438065e-02 -8.744989261e-01 8.666575485e+02
-8.726362649e-01 1.421995014e-01 4.672100715e-01 4.512425395e+02 9.773710827e-02 9.881671641e-01 -1.182079247e-01 -8.081337656e+01 -4.784907594e-01 -5.748876059e-02 -8.762086713e-01 8.657572673e+02
-8.727492132e-01 1.462273560e-01 4.657535520e-01 4.517057522e+02 1.017843945e-01 9.876218163e-01 -1.193443968e-01 -8.092570805e+01 -4.774397845e-01 -5.675128518e-02 -8.768298260e-01 8.648377299e+02
-8.724763344e-01 1.513938933e-01 4.646126720e-01 4.521716820e+02 1.077491787e-01 9.869972406e-01 -1.192751508e-01 -8.104991444e+01 -4.766289547e-01 -5.400311253e-02 -8.774443022e-01 8.639451407e+02
-8.725797521e-01 1.540073745e-01 4.635583079e-01 4.526554186e+02 1.110810937e-01 9.866953818e-01 -1.187148436e-01 -8.117973846e+01 -4.756738030e-01 -5.209560496e-02 -8.780777193e-01 8.630207492e+02
-8.721701607e-01 1.571432091e-01 4.632766156e-01 4.531309755e+02 1.150742423e-01 9.863325974e-01 -1.179233905e-01 -8.130481448e+01 -4.754756876e-01 -4.953805698e-02 -8.783329958e-01 8.620947463e+02
-8.713308865e-01 1.619774413e-01 4.631908837e-01 4.536202880e+02 1.219263428e-01 9.858105594e-01 -1.153755082e-01 -8.142460950e+01 -4.753066938e-01 -4.405507333e-02 -8.787165057e-01 8.611481069e+02
-8.708430723e-01 1.635442710e-01 4.635575637e-01 4.541180673e+02 1.252293604e-01 9.857276721e-01 -1.125102830e-01 -8.154840328e+01 -4.753419303e-01 -3.992778331e-02 -8.788946589e-01 8.601999161e+02
-8.703733851e-01 1.651387863e-01 4.638742844e-01 4.546215823e+02 1.274395630e-01 9.855328864e-01 -1.117322141e-01 -8.168372575e+01 -4.756146847e-01 -3.813280930e-02 -8.788268092e-01 8.592117811e+02
-8.698770098e-01 1.651200368e-01 4.648111028e-01 4.551469426e+02 1.273257379e-01 9.855378528e-01 -1.118181430e-01 -8.182369792e+01 -4.765523522e-01 -3.808561518e-02 -8.783207510e-01 8.582212219e+02
-8.700430485e-01 1.611385885e-01 4.658963930e-01 4.556907602e+02 1.233648821e-01 9.861671369e-01 -1.107044895e-01 -8.195722698e+01 -4.772904772e-01 -3.884241793e-02 -8.778867051e-01 8.572224155e+02
-8.697997372e-01 1.573761041e-01 4.676335948e-01 4.562103072e+02 1.201843736e-01 9.867990294e-01 -1.085513334e-01 -8.208740756e+01 -4.785437634e-01 -3.821567061e-02 -8.772316849e-01 8.562322565e+02
-8.696523660e-01 1.551198648e-01 4.686604207e-01 4.567438050e+02 1.168166068e-01 9.870504513e-01 -1.099331026e-01 -8.221956925e+01 -4.796442877e-01 -4.085626270e-02 -8.765113365e-01 8.552679806e+02
-8.686183749e-01 1.572523593e-01 4.698657408e-01 4.572527942e+02 1.168296468e-01 9.865642140e-01 -1.142010741e-01 -8.235019771e+01 -4.815111136e-01 -4.430290286e-02 -8.753195418e-01 8.542752755e+02
-8.677325835e-01 1.589443257e-01 4.709319110e-01 4.577857154e+02 1.169131778e-01 9.861761513e-01 -1.174219208e-01 -8.247319579e+01 -4.830853676e-01 -4.683268043e-02 -8.743198658e-01 8.532594509e+02
-8.669743945e-01 1.595797160e-01 4.721119714e-01 4.583372140e+02 1.176277471e-01 9.861048411e-01 -1.173070988e-01 -8.261292625e+01 -4.842717341e-01 -4.616878338e-02 -8.736986500e-01 8.522487775e+02
-8.664597930e-01 1.582849414e-01 4.734905537e-01 4.589040831e+02 1.165445457e-01 9.863343354e-01 -1.164557753e-01 -8.275716706e+01 -4.854531862e-01 -4.572150549e-02 -8.730662907e-01 8.512042645e+02
-8.652681510e-01 1.583379985e-01 4.756470384e-01 4.594586573e+02 1.164318467e-01 9.863381606e-01 -1.165360804e-01 -8.290137824e+01 -4.876009147e-01 -4.545449573e-02 -8.718825820e-01 8.501578613e+02
-8.648242534e-01 1.541728527e-01 4.778176873e-01 4.600193826e+02 1.119764731e-01 9.869433362e-01 -1.157761659e-01 -8.304599365e+01 -4.894285242e-01 -4.662169687e-02 -8.707962661e-01 8.491507135e+02
-8.639704570e-01 1.528990910e-01 4.797675660e-01 4.605816820e+02 1.104905643e-01 9.871291348e-01 -1.156196626e-01 -8.320078471e+01 -4.912706837e-01 -4.688218368e-02 -8.697443166e-01 8.481025548e+02
-8.639384735e-01 1.500300365e-01 4.807299681e-01 4.611726652e+02 1.059570416e-01 9.873768318e-01 -1.177289146e-01 -8.335069949e+01 -4.923245062e-01 -5.077381351e-02 -8.689295716e-01 8.470385795e+02
-8.637768463e-01 1.512507937e-01 4.806378649e-01 4.617564001e+02 1.048742625e-01 9.869602827e-01 -1.221097436e-01 -8.349109546e+01 -4.928396787e-01 -5.506902760e-02 -8.683757558e-01 8.460123539e+02
-8.628775557e-01 1.552017940e-01 4.809934792e-01 4.623151872e+02 1.077437190e-01 9.862942078e-01 -1.249601006e-01 -8.363732506e+01 -4.937951143e-01 -5.600123992e-02 -8.677731537e-01 8.450152856e+02
-8.622909648e-01 1.567814835e-01 4.815328219e-01 4.629004487e+02 1.096746475e-01 9.861178504e-01 -1.246717965e-01 -8.379059459e+01 -4.943943404e-01 -5.469142117e-02 -8.675154665e-01 8.439850907e+02
-8.616202624e-01 1.563073300e-01 4.828856408e-01 4.635120340e+02 1.116485644e-01 9.864640970e-01 -1.200965589e-01 -8.398230744e+01 -4.951213200e-01 -4.956414005e-02 -8.674089430e-01 8.429037485e+02
-8.611150131e-01 1.547426712e-01 4.842887982e-01 4.641071838e+02 1.119527681e-01 9.868876854e-01 -1.162724131e-01 -8.415323111e+01 -4.959309549e-01 -4.590644900e-02 -8.671476725e-01 8.418175190e+02
-8.610965557e-01 1.528297755e-01 4.849286355e-01 4.646936980e+02 1.107752134e-01 9.872357377e-01 -1.144309851e-01 -8.430298068e+01 -4.962273410e-01 -4.481805406e-02 -8.670350443e-01 8.407347803e+02
-8.614822593e-01 1.517946359e-01 4.845685765e-01 4.653115817e+02 1.100519657e-01 9.874059043e-01 -1.136580174e-01 -8.445860418e+01 -4.957185509e-01 -4.458664127e-02 -8.673379674e-01 8.396897038e+02
-8.608850246e-01 1.511443970e-01 4.858316021e-01 4.659153462e+02 1.097049489e-01 9.875391730e-01 -1.128326460e-01 -8.460919288e+01 -4.968317608e-01 -4.383780415e-02 -8.667389736e-01 8.385743808e+02
-8.603160210e-01 1.526165713e-01 4.863789943e-01 4.665260890e+02 1.126622325e-01 9.874623632e-01 -1.105680903e-01 -8.476067700e+01 -4.971554740e-01 -4.032695612e-02 -8.667238149e-01 8.374967305e+02
-8.600212212e-01 1.523226011e-01 4.869921193e-01 4.671468568e+02 1.141491242e-01 9.876484801e-01 -1.073333923e-01 -8.492058125e+01 -4.973263280e-01 -3.671927118e-02 -8.667861435e-01 8.364205215e+02
-8.596058717e-01 1.529404064e-01 4.875315142e-01 4.677734982e+02 1.151343601e-01 9.875910439e-01 -1.068082825e-01 -8.506705432e+01 -4.978170592e-01 -3.568139788e-02 -8.665477560e-01 8.352906870e+02
-8.595467502e-01 1.543926427e-01 4.871778896e-01 4.683918687e+02 1.161967807e-01 9.873487366e-01 -1.078924487e-01 -8.521106011e+01 -4.976722740e-01 -3.613010126e-02 -8.666123259e-01 8.341992310e+02
-8.597470890e-01 1.551666772e-01 4.865780978e-01 4.690112003e+02 1.170584454e-01 9.872362954e-01 -1.079898953e-01 -8.536458619e+01 -4.971239919e-01 -3.588592244e-02 -8.669371011e-01 8.331014828e+02
-8.602056112e-01 1.555859311e-01 4.856329112e-01 4.696373233e+02 1.166556474e-01 9.871050545e-01 -1.096132804e-01 -8.551294817e+01 -4.964249856e-01 -3.763813724e-02 -8.672632843e-01 8.320129182e+02
-8.601324961e-01 1.569733060e-01 4.853158459e-01 4.702451288e+02 1.169665161e-01 9.868140026e-01 -1.118792132e-01 -8.567187183e+01 -4.964785224e-01 -3.946524319e-02 -8.671514120e-01 8.309219386e+02
-8.597975310e-01 1.588926816e-01 4.852847838e-01 4.708685437e+02 1.185369673e-01 9.865005649e-01 -1.129850558e-01 -8.584220404e+01 -4.966862118e-01 -3.962008546e-02 -8.670254067e-01 8.297832720e+02
-8.593247479e-01 1.594234067e-01 4.859476875e-01 4.714786221e+02 1.193738733e-01 9.864519163e-01 -1.125277532e-01 -8.598803438e+01 -4.973035853e-01 -3.868842545e-02 -8.667135338e-01 8.287039168e+02
-8.590013749e-01 1.594904994e-01 4.864970900e-01 4.720844150e+02 1.192069522e-01 9.864291854e-01 -1.129033424e-01 -8.613678586e+01 -4.979019386e-01 -3.899029103e-02 -8.663564028e-01 8.276257735e+02
-8.588309144e-01 1.607561842e-01 4.863814446e-01 4.727018238e+02 1.198152241e-01 9.861848674e-01 -1.143840875e-01 -8.627685033e+01 -4.980499699e-01 -3.996068867e-02 -8.662270897e-01 8.265948385e+02
-8.585619880e-01 1.602985714e-01 4.870068590e-01 4.733285045e+02 1.195430955e-01 9.862755016e-01 -1.138862730e-01 -8.644233579e+01 -4.985787410e-01 -3.956011749e-02 -8.659412429e-01 8.255129065e+02
-8.586118025e-01 1.583302836e-01 4.875626052e-01 4.739522561e+02 1.183760487e-01 9.866394636e-01 -1.119360527e-01 -8.660381456e+01 -4.987713742e-01 -3.839388127e-02 -8.658828016e-01 8.244370756e+02
-8.584591487e-01 1.559752527e-01 4.885894089e-01 4.745732607e+02 1.166114318e-01 9.870436524e-01 -1.102116249e-01 -8.676137750e+01 -4.994493607e-01 -3.763706715e-02 -8.655251511e-01 8.233448523e+02
-8.587620515e-01 1.518497347e-01 4.893561045e-01 4.751979285e+02 1.122209286e-01 9.876281064e-01 -1.095316694e-01 -8.689646254e+01 -4.999341977e-01 -3.914564464e-02 -8.651782570e-01 8.222611059e+02
-8.593879231e-01 1.452339861e-01 4.902647111e-01 4.758356809e+02 1.054756072e-01 9.885448469e-01 -1.079536102e-01 -8.704934927e+01 -5.003271869e-01 -4.106306072e-02 -8.648621457e-01 8.211668445e+02
-8.603160382e-01 1.372659141e-01 4.909321574e-01 4.764927712e+02 9.762824298e-02 9.896035100e-01 -1.056106967e-01 -8.719852516e+01 -5.003249349e-01 -4.292973219e-02 -8.647728011e-01 8.200523641e+02
-8.607290878e-01 1.350305462e-01 4.908280645e-01 4.771352025e+02 9.484519615e-02 9.898338130e-01 -1.059877889e-01 -8.734611544e+01 -5.001498037e-01 -4.467408877e-02 -8.647857536e-01 8.189223406e+02
-8.610925224e-01 1.371184726e-01 4.896102453e-01 4.777681020e+02 9.457713104e-02 9.893396215e-01 -1.107351776e-01 -8.748446842e+01 -4.995746532e-01 -4.904730107e-02 -8.648812220e-01 8.178280682e+02
-8.597790003e-01 1.462484630e-01 4.892764636e-01 4.783770196e+02 1.010454523e-01 9.878918167e-01 -1.177266968e-01 -8.763406117e+01 -5.005695629e-01 -5.177978014e-02 -8.641463806e-01 8.167500351e+02
-8.581262688e-01 1.559344149e-01 4.891868406e-01 4.790100287e+02 1.092200612e-01 9.863988604e-01 -1.228343049e-01 -8.779218174e+01 -5.016874376e-01 -5.197832711e-02 -8.634859399e-01 8.156570782e+02
-8.576915151e-01 1.609810601e-01 4.883137959e-01 4.796298310e+02 1.156729691e-01 9.857900090e-01 -1.218106003e-01 -8.794018700e+01 -5.009840608e-01 -4.799121168e-02 -8.641248836e-01 8.146020319e+02
-8.573151486e-01 1.591716163e-01 4.895662698e-01 4.802239938e+02 1.168554537e-01 9.863448964e-01 -1.160540752e-01 -8.811549771e+01 -5.013537064e-01 -4.228642811e-02 -8.642084928e-01 8.134741252e+02
-8.580120392e-01 1.537818907e-01 4.900678225e-01 4.808463766e+02 1.139888474e-01 9.873452110e-01 -1.102541473e-01 -8.826971358e+01 -5.008212089e-01 -3.873711953e-02 -8.646834984e-01 8.123882756e+02
-8.590105196e-01 1.473088272e-01 4.903070841e-01 4.815022402e+02 1.099422710e-01 9.884447998e-01 -1.043531259e-01 -8.839660380e+01 -5.000136241e-01 -3.573495858e-02 -8.652799480e-01 8.112684635e+02
-8.603913854e-01 1.428029743e-01 4.892177168e-01 4.821689110e+02 1.065307266e-01 9.891284919e-01 -1.013707587e-01 -8.856394404e+01 -4.983752283e-01 -3.510180867e-02 -8.662505382e-01 8.101006379e+02
-8.620803996e-01 1.366293914e-01 4.880059364e-01 4.828172188e+02 9.968509829e-02 9.898753601e-01 -1.010428254e-01 -8.871340661e+01 -4.968704718e-01 -3.846011959e-02 -8.669720604e-01 8.089963609e+02
-8.630094439e-01 1.356705631e-01 4.866294259e-01 4.834452076e+02 9.619743790e-02 9.897720114e-01 -1.053442846e-01 -8.885421006e+01 -4.959443041e-01 -4.410060852e-02 -8.672337537e-01 8.079069741e+02
-8.633702421e-01 1.366257157e-01 4.857213592e-01 4.840633259e+02 9.654441174e-02 9.895878595e-01 -1.067475754e-01 -8.899977850e+01 -4.952484241e-01 -4.526899709e-02 -8.675711593e-01 8.068388380e+02
-8.634394875e-01 1.390703911e-01 4.849037819e-01 4.846722567e+02 9.771156207e-02 9.891504209e-01 -1.096991131e-01 -8.915043406e+01 -4.948986786e-01 -4.733784000e-02 -8.676603177e-01 8.057487289e+02
-8.633476933e-01 1.420792144e-01 4.841944417e-01 4.852893482e+02 9.975617794e-02 9.886616240e-01 -1.122359038e-01 -8.931359601e+01 -4.946508521e-01 -4.859722177e-02 -8.677320119e-01 8.046271292e+02
-8.628883313e-01 1.447532230e-01 4.842212636e-01 4.858882353e+02 1.022911542e-01 9.882974448e-01 -1.131577672e-01 -8.946117598e+01 -4.949345890e-01 -4.811096495e-02 -8.675973073e-01 8.035423978e+02
-8.627547982e-01 1.439621498e-01 4.846948088e-01 4.864986145e+02 1.029270777e-01 9.885429253e-01 -1.104033581e-01 -8.961630839e+01 -4.950355290e-01 -4.536280666e-02 -8.676877554e-01 8.024567852e+02
-8.630537265e-01 1.424451113e-01 4.846108288e-01 4.871000061e+02 1.011360092e-01 9.887163964e-01 -1.105051815e-01 -8.975401366e+01 -4.948835951e-01 -4.636030346e-02 -8.677217005e-01 8.013665799e+02
-8.636191096e-01 1.401428513e-01 4.842747306e-01 4.877151580e+02 9.807928914e-02 9.889375814e-01 -1.112785381e-01 -8.989490243e+01 -4.945123725e-01 -4.860495070e-02 -8.678105048e-01 8.002554132e+02
-8.640498548e-01 1.391762830e-01 4.837848805e-01 4.883330848e+02 9.656266924e-02 9.889992111e-01 -1.120545018e-01 -9.004479767e+01 -4.940581942e-01 -5.010511665e-02 -8.679838582e-01 7.991594746e+02
-8.644729860e-01 1.372946534e-01 4.835665772e-01 4.889485113e+02 9.534420503e-02 9.892994632e-01 -1.104357492e-01 -9.020109934e+01 -4.935543931e-01 -4.936345102e-02 -8.683129106e-01 7.980700101e+02
-8.647787872e-01 1.358364815e-01 4.834315872e-01 4.895609402e+02 9.497732642e-02 9.895862329e-01 -1.081591196e-01 -9.035134036e+01 -4.930891975e-01 -4.761867263e-02 -8.686745682e-01 7.969519099e+02
-8.657608845e-01 1.346153570e-01 4.820132742e-01 4.901928727e+02 9.436429517e-02 9.897782670e-01 -1.069315760e-01 -9.049827077e+01 -4.914808955e-01 -4.709233295e-02 -8.696141912e-01 7.958282425e+02
-8.671425043e-01 1.336690659e-01 4.797879303e-01 4.908033981e+02 9.357664946e-02 9.898827414e-01 -1.066563122e-01 -9.065047651e+01 -4.891904413e-01 -4.758927469e-02 -8.708777027e-01 7.947272203e+02
-8.689635390e-01 1.310324594e-01 4.772136445e-01 4.914286331e+02 9.212821946e-02 9.902850406e-01 -1.041533941e-01 -9.080122466e+01 -4.862250087e-01 -4.654065853e-02 -8.725933807e-01 7.936140747e+02
-8.711531368e-01 1.287848581e-01 4.738213508e-01 4.920460191e+02 9.208987715e-02 9.907202064e-01 -9.996462965e-02 -9.094634666e+01 -4.822983171e-01 -4.345035070e-02 -8.749287973e-01 7.924634858e+02
-8.736400848e-01 1.267776822e-01 4.697663478e-01 4.926470268e+02 9.170381788e-02 9.910588490e-01 -9.691629216e-02 -9.108459305e+01 -4.778529188e-01 -4.159059010e-02 -8.774547343e-01 7.913380036e+02
-8.759627103e-01 1.325103704e-01 4.638214440e-01 4.932530105e+02 9.543661148e-02 9.901304011e-01 -1.026335328e-01 -9.121928808e+01 -4.728437198e-01 -4.563760061e-02 -8.799636504e-01 7.902139190e+02
-8.767944058e-01 1.428491789e-01 4.591575787e-01 4.938310230e+02 1.029574844e-01 9.884815616e-01 -1.109232112e-01 -9.135692113e+01 -4.697140901e-01 -4.998314178e-02 -8.814024955e-01 7.890494446e+02
-8.778585330e-01 1.521023369e-01 4.541247353e-01 4.944081036e+02 1.111045551e-01 9.870367831e-01 -1.158195435e-01 -9.150978989e+01 -4.658542411e-01 -5.121784789e-02 -8.833779249e-01 7.878870637e+02
-8.796783375e-01 1.550647632e-01 4.495786268e-01 4.950004219e+02 1.154166645e-01 9.866969962e-01 -1.144903104e-01 -9.166850509e+01 -4.613512935e-01 -4.882578035e-02 -8.858730310e-01 7.867203082e+02
-8.812157170e-01 1.588697839e-01 4.452182070e-01 4.955716932e+02 1.204014628e-01 9.862037071e-01 -1.136034144e-01 -9.181901619e+01 -4.571239962e-01 -4.650419087e-02 -8.881863613e-01 7.855673514e+02
-8.830047486e-01 1.588995691e-01 4.416486622e-01 4.961347960e+02 1.219167600e-01 9.863020442e-01 -1.111061710e-01 -9.197342944e+01 -4.532537011e-01 -4.426290266e-02 -8.902819092e-01 7.844348022e+02
-8.841919728e-01 1.608027900e-01 4.385738454e-01 4.967057098e+02 1.242985424e-01 9.860243677e-01 -1.109315943e-01 -9.213026345e+01 -4.502826085e-01 -4.357073548e-02 -8.918223834e-01 7.832763157e+02
-8.847739388e-01 1.643911709e-01 4.360626333e-01 4.972679410e+02 1.275051159e-01 9.854051672e-01 -1.127789952e-01 -9.228695176e+01 -4.482382432e-01 -4.418369921e-02 -8.928215264e-01 7.821056587e+02
-8.854255644e-01 1.675614761e-01 4.335259181e-01 4.978306588e+02 1.306355766e-01 9.848714296e-01 -1.138534729e-01 -9.244870003e+01 -4.460447467e-01 -4.417486720e-02 -8.939198314e-01 7.809035683e+02
-8.869340236e-01 1.679976432e-01 4.302613504e-01 4.983921456e+02 1.315932214e-01 9.848123020e-01 -1.132605574e-01 -9.260934366e+01 -4.427541777e-01 -4.383516470e-02 -8.955708886e-01 7.797684974e+02
-8.880345762e-01 1.685324440e-01 4.277749488e-01 4.989486699e+02 1.324316504e-01 9.847256116e-01 -1.130368424e-01 -9.276014212e+01 -4.402913234e-01 -4.372968201e-02 -8.967894209e-01 7.786020871e+02
-8.891903060e-01 1.695039851e-01 4.249811746e-01 4.994921789e+02 1.330456360e-01 9.844975538e-01 -1.142953426e-01 -9.291116943e+01 -4.377664428e-01 -4.508842001e-02 -8.979574466e-01 7.774432904e+02
-8.898890062e-01 1.702166345e-01 4.232302612e-01 5.000199054e+02 1.342822115e-01 9.844133310e-01 -1.135723619e-01 -9.307311989e+01 -4.359654164e-01 -4.423450086e-02 -8.988756669e-01 7.762610033e+02
-8.914133665e-01 1.683662083e-01 4.207553087e-01 5.005776568e+02 1.334096995e-01 9.847779721e-01 -1.114190192e-01 -9.323692726e+01 -4.331097575e-01 -4.318756367e-02 -9.003059326e-01 7.750630878e+02
-8.930729102e-01 1.657593949e-01 4.182637925e-01 5.011284193e+02 1.321087711e-01 9.852905342e-01 -1.083966599e-01 -9.339549121e+01 -4.300791203e-01 -4.154980488e-02 -9.018345547e-01 7.738891770e+02
-8.943700109e-01 1.622311868e-01 4.168732728e-01 5.016513543e+02 1.292761329e-01 9.858924003e-01 -1.063195958e-01 -9.356750114e+01 -4.282405457e-01 -4.119729344e-02 -9.027252173e-01 7.727007707e+02
-8.960598083e-01 1.594299475e-01 4.143174046e-01 5.022054403e+02 1.276420357e-01 9.864038135e-01 -1.035134167e-01 -9.372705161e+01 -4.251874065e-01 -3.986989535e-02 -9.042267751e-01 7.715203408e+02
-8.973470968e-01 1.590487752e-01 4.116693757e-01 5.027621663e+02 1.285590655e-01 9.865528957e-01 -1.009254708e-01 -9.388129079e+01 -4.221856872e-01 -3.764134801e-02 -9.057275387e-01 7.703273367e+02
-8.985588455e-01 1.579512331e-01 4.094428032e-01 5.033034438e+02 1.281296313e-01 9.867565340e-01 -9.947029840e-02 -9.404075447e+01 -4.197318177e-01 -3.691816110e-02 -9.068970452e-01 7.691048046e+02
-8.990101971e-01 1.597382219e-01 4.077552771e-01 5.038278883e+02 1.299802422e-01 9.864737184e-01 -9.987361744e-02 -9.418576817e+01 -4.181934984e-01 -3.678727084e-02 -9.076127448e-01 7.678978246e+02
-8.993751481e-01 1.627939929e-01 4.057369331e-01 5.043480947e+02 1.332433580e-01 9.859991113e-01 -1.002594642e-01 -9.432468526e+01 -4.163778939e-01 -3.610911900e-02 -9.084743150e-01 7.666958207e+02
-9.002640996e-01 1.637073360e-01 4.033911985e-01 5.048906541e+02 1.342337323e-01 9.858396331e-01 -1.005063323e-01 -9.446516907e+01 -4.141326551e-01 -3.633353659e-02 -9.094910764e-01 7.654644686e+02
-9.013699229e-01 1.633374161e-01 4.010650205e-01 5.054153520e+02 1.347740166e-01 9.859541909e-01 -9.864227231e-02 -9.460949931e+01 -4.115437117e-01 -3.486003364e-02 -9.107230926e-01 7.642828288e+02
-9.024084458e-01 1.631870196e-01 3.987843948e-01 5.059481523e+02 1.358141941e-01 9.860555740e-01 -9.617125186e-02 -9.474892884e+01 -4.089174753e-01 -3.262516871e-02 -9.119879916e-01 7.630779375e+02
-9.037564753e-01 1.627108378e-01 3.959159212e-01 5.064757468e+02 1.363650005e-01 9.861873503e-01 -9.401647099e-02 -9.488048254e+01 -4.057447720e-01 -3.097891964e-02 -9.134612671e-01 7.619306046e+02
-9.053958841e-01 1.603791664e-01 3.931117094e-01 5.070068913e+02 1.344023784e-01 9.865586741e-01 -9.294075107e-02 -9.501481594e+01 -4.027335270e-01 -3.131302473e-02 -9.147815043e-01 7.607217783e+02
-9.067291828e-01 1.597011808e-01 3.903046526e-01 5.075063357e+02 1.342212671e-01 9.866801872e-01 -9.190679880e-02 -9.515574376e+01 -3.997834920e-01 -3.094739156e-02 -9.160870147e-01 7.595352737e+02
-9.086174191e-01 1.593667010e-01 3.860267354e-01 5.080472902e+02 1.334346943e-01 9.866601829e-01 -9.325698844e-02 -9.529540633e+01 -3.957392679e-01 -3.322556473e-02 -9.177616759e-01 7.582995597e+02
-9.100227383e-01 1.597634921e-01 3.825365895e-01 5.085538236e+02 1.336420331e-01 9.865518299e-01 -9.410257099e-02 -9.542726624e+01 -3.924263278e-01 -3.451251176e-02 -9.191357157e-01 7.570855292e+02
-9.117538169e-01 1.573172251e-01 3.794156930e-01 5.090662685e+02 1.321726838e-01 9.869837229e-01 -9.161611449e-02 -9.555987940e+01 -3.888899061e-01 -3.338295165e-02 -9.206792164e-01 7.558718766e+02
-9.137956036e-01 1.544689463e-01 3.756553467e-01 5.095635655e+02 1.310359429e-01 9.875246751e-01 -8.731894217e-02 -9.570356372e+01 -3.844569892e-01 -3.056731291e-02 -9.226366906e-01 7.546860130e+02
-9.157595273e-01 1.516893360e-01 3.719876792e-01 5.100674818e+02 1.290858377e-01 9.879756668e-01 -8.509364395e-02 -9.581487724e+01 -3.804225737e-01 -2.990697397e-02 -9.243290747e-01 7.534769663e+02
-9.176052830e-01 1.495784649e-01 3.682754777e-01 5.105677170e+02 1.281087121e-01 9.883455722e-01 -8.222644260e-02 -9.594292922e+01 -3.762827427e-01 -2.827212097e-02 -9.260734229e-01 7.522586986e+02
-9.191871310e-01 1.468439337e-01 3.654201380e-01 5.110422578e+02 1.265334166e-01 9.888062799e-01 -7.906601908e-02 -9.605381472e+01 -3.729400925e-01 -2.643860866e-02 -9.274786722e-01 7.510536877e+02
-9.206959743e-01 1.458413821e-01 3.620072019e-01 5.115149224e+02 1.266303640e-01 9.890050449e-01 -7.637913333e-02 -9.616817702e+01 -3.691661874e-01 -2.448085682e-02 -9.290409107e-01 7.498609426e+02
-9.223268574e-01 1.434478995e-01 3.587978097e-01 5.119785844e+02 1.248764890e-01 9.893680894e-01 -7.454291494e-02 -9.628199512e+01 -3.656761280e-01 -2.394752176e-02 -9.304340308e-01 7.486615369e+02
-9.235432676e-01 1.446400117e-01 3.551719302e-01 5.124402686e+02 1.265096114e-01 9.892098763e-01 -7.388598574e-02 -9.640065711e+01 -3.620264509e-01 -2.330424184e-02 -9.318764731e-01 7.474676460e+02
-9.246511754e-01 1.459495398e-01 3.517370263e-01 5.129015187e+02 1.275113346e-01 9.889848604e-01 -7.516518823e-02 -9.651020708e+01 -3.588329185e-01 -2.465112199e-02 -9.330762342e-01 7.462571979e+02
-9.255317372e-01 1.496635745e-01 3.478387815e-01 5.133526233e+02 1.303820951e-01 9.883640601e-01 -7.833896804e-02 -9.661627057e+01 -3.555158403e-01 -2.715325210e-02 -9.342757560e-01 7.450559606e+02
-9.262114899e-01 1.532428574e-01 3.444545000e-01 5.137903862e+02 1.336220513e-01 9.877857808e-01 -8.015234610e-02 -9.672684603e+01 -3.525300318e-01 -2.821130703e-02 -9.353751647e-01 7.438726913e+02
-9.266578279e-01 1.570682438e-01 3.415184280e-01 5.142295835e+02 1.389782453e-01 9.872993591e-01 -7.697416995e-02 -9.684739855e+01 -3.492711228e-01 -2.386508526e-02 -9.367177486e-01 7.426814660e+02
-9.271460969e-01 1.585148420e-01 3.395190126e-01 5.146609497e+02 1.421696209e-01 9.871718951e-01 -7.265981265e-02 -9.695690078e+01 -3.466812859e-01 -1.909697239e-02 -9.377885645e-01 7.414703317e+02
-9.276657132e-01 1.595607967e-01 3.376043196e-01 5.150867379e+02 1.441246644e-01 9.870464171e-01 -7.048015013e-02 -9.706750737e+01 -3.444770030e-01 -1.672490948e-02 -9.386457648e-01 7.402877088e+02
-9.288464782e-01 1.590168772e-01 3.346010352e-01 5.155202095e+02 1.437349500e-01 9.871288455e-01 -7.012065671e-02 -9.717061847e+01 -3.414447014e-01 -1.703746197e-02 -9.397474346e-01 7.391107266e+02
-9.304455872e-01 1.553678517e-01 3.318611756e-01 5.159464871e+02 1.401250051e-01 9.876890558e-01 -6.953640798e-02 -9.727147969e+01 -3.385793735e-01 -1.819779502e-02 -9.407618445e-01 7.378846189e+02
-9.321096473e-01 1.510684681e-01 3.291654953e-01 5.163796037e+02 1.359668494e-01 9.883376297e-01 -6.856927572e-02 -9.737394334e+01 -3.356853008e-01 -1.915848808e-02 -9.417793431e-01 7.366998209e+02
-9.334104935e-01 1.478141666e-01 3.269492664e-01 5.168057115e+02 1.337265963e-01 9.888652225e-01 -6.528988631e-02 -9.747631928e+01 -3.329595292e-01 -1.722045243e-02 -9.427838607e-01 7.354805332e+02
-9.346570098e-01 1.442665092e-01 3.249668418e-01 5.172304450e+02 1.311041922e-01 9.894174562e-01 -6.216742040e-02 -9.757944288e+01 -3.304965427e-01 -1.550069996e-02 -9.436799052e-01 7.342698056e+02
-9.360505011e-01 1.397128401e-01 3.229392848e-01 5.176557140e+02 1.265218269e-01 9.900495651e-01 -6.159615138e-02 -9.766535763e+01 -3.283316717e-01 -1.679824007e-02 -9.444131154e-01 7.330505384e+02
-9.372195781e-01 1.356638500e-01 3.212705747e-01 5.180789180e+02 1.225359282e-01 9.905976847e-01 -6.083727042e-02 -9.776988386e+01 -3.265033058e-01 -1.765069286e-02 -9.450312399e-01 7.317908974e+02
-9.381964094e-01 1.351814626e-01 3.186117850e-01 5.185011848e+02 1.210171304e-01 9.905891014e-01 -6.393814466e-02 -9.786981741e+01 -3.242566137e-01 -2.142905382e-02 -9.457264108e-01 7.305913570e+02
-9.381982945e-01 1.417233256e-01 3.157506281e-01 5.189164776e+02 1.256080524e-01 9.895411695e-01 -7.092877384e-02 -9.797083819e+01 -3.225005075e-01 -2.688443322e-02 -9.461874285e-01 7.293779362e+02
-9.374611352e-01 1.511785427e-01 3.135469155e-01 5.193255348e+02 1.333703064e-01 9.880218343e-01 -7.762226663e-02 -9.806705844e+01 -3.215260197e-01 -3.095001001e-02 -9.463947990e-01 7.281665953e+02
-9.364125780e-01 1.582336699e-01 3.131989614e-01 5.197372750e+02 1.411840972e-01 9.870198624e-01 -7.654307203e-02 -9.817419433e+01 -3.212452870e-01 -2.745718281e-02 -9.465978918e-01 7.269335404e+02
-9.355231424e-01 1.622654035e-01 3.137935449e-01 5.201384936e+02 1.467943066e-01 9.865073707e-01 -7.248888966e-02 -9.826812909e+01 -3.213220838e-01 -2.175192802e-02 -9.467201129e-01 7.256706272e+02
-9.356172538e-01 1.608458486e-01 3.142434843e-01 5.205474162e+02 1.469944696e-01 9.868344789e-01 -6.745618691e-02 -9.836638026e+01 -3.209563527e-01 -1.692111804e-02 -9.469428153e-01 7.244407146e+02
-9.361637060e-01 1.580084380e-01 3.140554873e-01 5.209687269e+02 1.448149111e-01 9.873171748e-01 -6.506487410e-02 -9.846741026e+01 -3.203531755e-01 -1.543145619e-02 -9.471724833e-01 7.231983005e+02
-9.363363592e-01 1.550035759e-01 3.150366865e-01 5.213836411e+02 1.423821979e-01 9.878149220e-01 -6.284098722e-02 -9.855497756e+01 -3.209385177e-01 -1.398468533e-02 -9.469967774e-01 7.219622963e+02
-9.360064503e-01 1.550671400e-01 3.159843464e-01 5.217999582e+02 1.427695305e-01 9.878212101e-01 -6.185562252e-02 -9.864772082e+01 -3.217278139e-01 -1.278432489e-02 -9.467458871e-01 7.207210706e+02
-9.354692554e-01 1.552506900e-01 3.174814885e-01 5.222162840e+02 1.432785258e-01 9.878086960e-01 -6.087071667e-02 -9.874338751e+01 -3.230611959e-01 -1.145440435e-02 -9.463087553e-01 7.194756438e+02
-9.347410355e-01 1.574693884e-01 3.185319267e-01 5.226580066e+02 1.457846797e-01 9.874734189e-01 -6.035788337e-02 -9.885415014e+01 -3.240463296e-01 -9.981915483e-03 -9.459885505e-01 7.182304833e+02
-9.341993533e-01 1.572554235e-01 3.202222667e-01 5.230897133e+02 1.463767150e-01 9.875314051e-01 -5.792737971e-02 -9.894714928e+01 -3.253389395e-01 -7.242637212e-03 -9.455697323e-01 7.169952812e+02
-9.335814376e-01 1.567159710e-01 3.222821803e-01 5.235179168e+02 1.466671199e-01 9.876337063e-01 -5.539330346e-02 -9.903452864e+01 -3.269777596e-01 -4.445960707e-03 -9.450215755e-01 7.157669080e+02
-9.331137356e-01 1.555899694e-01 3.241766770e-01 5.239436844e+02 1.457692538e-01 9.878150910e-01 -5.452220368e-02 -9.912332502e+01 -3.287097217e-01 -3.620424824e-03 -9.444240633e-01 7.145177732e+02
-9.325848929e-01 1.554467703e-01 3.257632869e-01 5.243727512e+02 1.457779200e-01 9.878399734e-01 -5.404613801e-02 -9.920721915e+01 -3.302032943e-01 -2.913517453e-03 -9.439053426e-01 7.132904373e+02
-9.321322637e-01 1.532041190e-01 3.281126956e-01 5.247772081e+02 1.440003032e-01 9.881933897e-01 -5.232339153e-02 -9.929844316e+01 -3.322549559e-01 -1.523993731e-03 -9.431883808e-01 7.120697194e+02
-9.317401187e-01 1.520631428e-01 3.297531681e-01 5.252038277e+02 1.428212169e-01 9.883695386e-01 -5.222791572e-02 -9.938471243e+01 -3.338599276e-01 -1.567095630e-03 -9.426213943e-01 7.108392761e+02
-9.315802061e-01 1.521487473e-01 3.301652287e-01 5.256448628e+02 1.427273700e-01 9.883555547e-01 -5.274651990e-02 -9.947399785e+01 -3.343459547e-01 -2.013999132e-03 -9.424482619e-01 7.096189160e+02
-9.313418508e-01 1.515744627e-01 3.311004971e-01 5.260838218e+02 1.422132781e-01 9.884442335e-01 -5.247266645e-02 -9.956395711e+01 -3.352278933e-01 -1.783103221e-03 -9.421353831e-01 7.083893636e+02
-9.313268713e-01 1.515115277e-01 3.311714296e-01 5.265385387e+02 1.417150718e-01 9.884507373e-01 -5.368405967e-02 -9.964363963e+01 -3.354803977e-01 -3.065424389e-03 -9.420421997e-01 7.071569093e+02
-9.307230303e-01 1.527618011e-01 3.322927520e-01 5.269578608e+02 1.421797044e-01 9.882506141e-01 -5.608614197e-02 -9.972188045e+01 -3.369563363e-01 -4.955378773e-03 -9.415072340e-01 7.059490940e+02
-9.302949433e-01 1.558324341e-01 3.320656125e-01 5.274058755e+02 1.443988898e-01 9.877591527e-01 -5.899844893e-02 -9.980248766e+01 -3.371947199e-01 -6.936052926e-03 -9.414093754e-01 7.046910824e+02
-9.302198817e-01 1.545722129e-01 3.328639403e-01 5.278291639e+02 1.432938065e-01 9.879596909e-01 -5.833124465e-02 -9.989547207e+01 -3.378725451e-01 -6.563542452e-03 -9.411689876e-01 7.034787614e+02
-9.299083721e-01 1.545768561e-01 3.337310519e-01 5.282755769e+02 1.444050456e-01 9.879756682e-01 -5.523822783e-02 -9.998222226e+01 -3.382567106e-01 -3.174042752e-03 -9.410485233e-01 7.022672753e+02
-9.303705038e-01 1.503504678e-01 3.343732384e-01 5.287291500e+02 1.405063500e-01 9.886285854e-01 -5.358624620e-02 -1.000667490e+02 -3.386276588e-01 -2.873499604e-03 -9.409160705e-01 7.010196487e+02
-9.307675798e-01 1.493081141e-01 3.337346244e-01 5.291807818e+02 1.387313796e-01 9.887764516e-01 -5.545027558e-02 -1.001538944e+02 -3.382681137e-01 -5.311853960e-03 -9.410347855e-01 6.997878168e+02
-9.311032361e-01 1.471428148e-01 3.337600273e-01 5.296260193e+02 1.356032577e-01 9.890786156e-01 -5.775161173e-02 -1.002389030e+02 -3.386126405e-01 -8.513765565e-03 -9.408873447e-01 6.985597695e+02
-9.315605716e-01 1.455037050e-01 3.332020007e-01 5.300779563e+02 1.332508915e-01 9.892965642e-01 -5.946854683e-02 -1.003292571e+02 -3.382884884e-01 -1.099908982e-02 -9.409781712e-01 6.973285142e+02
-9.316084013e-01 1.444325451e-01 3.335341461e-01 5.305142789e+02 1.324433716e-01 9.894603979e-01 -5.853951101e-02 -1.004179491e+02 -3.384738395e-01 -1.036151340e-02 -9.409187526e-01 6.960908075e+02
-9.314364129e-01 1.440697246e-01 3.341707994e-01 5.309477925e+02 1.329768927e-01 9.895376301e-01 -5.596806764e-02 -1.005038742e+02 -3.387378850e-01 -7.693701620e-03 -9.408493249e-01 6.948700263e+02
-9.313496343e-01 1.434784148e-01 3.346667047e-01 5.313855253e+02 1.335397209e-01 9.896439096e-01 -5.265049963e-02 -1.005826368e+02 -3.387550763e-01 -4.344725251e-03 -9.408645607e-01 6.936292785e+02
-9.307183901e-01 1.455343780e-01 3.355339375e-01 5.318212334e+02 1.363032393e-01 9.893516173e-01 -5.103728364e-02 -1.006746626e+02 -3.393887231e-01 -1.766975881e-03 -9.406445516e-01 6.924025158e+02
-9.300699722e-01 1.487971470e-01 3.359006636e-01 5.322556187e+02 1.395758204e-01 9.888671422e-01 -5.157873152e-02 -1.007534222e+02 -3.398358973e-01 -1.088218718e-03 -9.404841193e-01 6.911825767e+02
-9.296824353e-01 1.502663743e-01 3.363191731e-01 5.326787101e+02 1.405498422e-01 9.886431165e-01 -5.320272643e-02 -1.008323758e+02 -3.404942162e-01 -2.192033553e-03 -9.402440554e-01 6.899807199e+02
-9.299000510e-01 1.494705037e-01 3.360721108e-01 5.331371872e+02 1.396620374e-01 9.887626470e-01 -5.331925664e-02 -1.009322038e+02 -3.402652060e-01 -2.645063757e-03 -9.403257910e-01 6.887804439e+02
-9.301329100e-01 1.480462189e-01 3.360581599e-01 5.335694641e+02 1.384218570e-01 9.889776005e-01 -5.256134712e-02 -1.010289224e+02 -3.401355013e-01 -2.371244191e-03 -9.403734460e-01 6.875939698e+02
-9.301279944e-01 1.464884412e-01 3.367536944e-01 5.340033319e+02 1.374605129e-01 9.892120514e-01 -5.063718846e-02 -1.011127215e+02 -3.405385756e-01 -8.087310091e-04 -9.402301976e-01 6.863795955e+02
-9.300714173e-01 1.460473403e-01 3.371013693e-01 5.344457308e+02 1.376369302e-01 9.892771376e-01 -4.885509668e-02 -1.011905269e+02 -3.406218347e-01 9.588686322e-04 -9.401998970e-01 6.851434590e+02
-9.300319162e-01 1.457081379e-01 3.373570415e-01 5.348784524e+02 1.375297728e-01 9.893263096e-01 -4.815614957e-02 -1.012670407e+02 -3.407729397e-01 1.609881212e-03 -9.401442505e-01 6.839324501e+02
-9.295803649e-01 1.473927799e-01 3.378693735e-01 5.353157846e+02 1.384378281e-01 9.890780064e-01 -5.059313300e-02 -1.013440214e+02 -3.416362289e-01 -2.564808022e-04 -9.398322304e-01 6.827248659e+02
-9.292441540e-01 1.498586725e-01 3.377094618e-01 5.357496321e+02 1.395307586e-01 9.887001119e-01 -5.480197207e-02 -1.014192052e+02 -3.421059335e-01 -3.803554773e-03 -9.396536933e-01 6.815031952e+02
-9.293974738e-01 1.498514761e-01 3.372904843e-01 5.361975197e+02 1.386654986e-01 9.886880764e-01 -5.716438635e-02 -1.015017955e+02 -3.420412478e-01 -6.357883093e-03 -9.396634302e-01 6.803168619e+02
-9.284309873e-01 1.523132968e-01 3.388459258e-01 5.366499140e+02 1.416163958e-01 9.883232495e-01 -5.623122742e-02 -1.015858323e+02 -3.434540701e-01 -4.220675257e-03 -9.391599904e-01 6.790992141e+02
-9.271621499e-01 1.528419219e-01 3.420667985e-01 5.370897476e+02 1.431613699e-01 9.882504266e-01 -5.353425453e-02 -1.016703070e+02 -3.462299379e-01 -6.641830692e-04 -9.381494492e-01 6.779122097e+02
-9.248016466e-01 1.567156807e-01 3.466729147e-01 5.375231373e+02 1.474873549e-01 9.876415434e-01 -5.302510635e-02 -1.017499879e+02 -3.506984382e-01 2.092165530e-03 -9.364861068e-01 6.767148309e+02
-9.220843684e-01 1.598519218e-01 3.524312425e-01 5.379812648e+02 1.500354962e-01 9.871390041e-01 -5.519000256e-02 -1.018328291e+02 -3.567208537e-01 1.987357665e-03 -9.342089076e-01 6.754778188e+02
-9.191544842e-01 1.619071605e-01 3.590837028e-01 5.384453819e+02 1.515929184e-01 9.868036938e-01 -5.690392842e-02 -1.019110872e+02 -3.635582778e-01 2.131045496e-03 -9.315690191e-01 6.742775350e+02
-9.165675699e-01 1.591152906e-01 3.668599380e-01 5.389170876e+02 1.486842712e-01 9.872566941e-01 -5.672043316e-02 -1.019957346e+02 -3.712100177e-01 2.558192926e-03 -9.285454100e-01 6.731059058e+02
-9.133525728e-01 1.583873482e-01 3.751006874e-01 5.393921337e+02 1.476336322e-01 9.873727532e-01 -5.744002869e-02 -1.020853909e+02 -3.794619722e-01 2.914478926e-03 -9.252027440e-01 6.719436765e+02
-9.097572458e-01 1.579313783e-01 3.839263387e-01 5.398849189e+02 1.466424171e-01 9.874458620e-01 -5.870835705e-02 -1.021767015e+02 -3.883783662e-01 2.889533065e-03 -9.214954668e-01 6.707663562e+02
-9.062052331e-01 1.567109325e-01 3.927260612e-01 5.403708109e+02 1.448834803e-01 9.876407668e-01 -5.978706231e-02 -1.022661791e+02 -3.972415546e-01 2.720169815e-03 -9.177100566e-01 6.696223397e+02
-9.023606938e-01 1.556560455e-01 4.018909974e-01 5.408676043e+02 1.434094949e-01 9.878068810e-01 -6.059110959e-02 -1.023453956e+02 -4.064220651e-01 2.959949256e-03 -9.136806574e-01 6.685041526e+02
-8.978944148e-01 1.559306296e-01 4.116688701e-01 5.413852198e+02 1.425639633e-01 9.877660911e-01 -6.319545626e-02 -1.024279015e+02 -4.164866580e-01 1.946298464e-03 -9.091397449e-01 6.673519288e+02
-8.933103501e-01 1.568195113e-01 4.211938499e-01 5.419226073e+02 1.420614985e-01 9.876271493e-01 -6.641644907e-02 -1.025276314e+02 -4.263978764e-01 5.049281123e-04 -9.045355693e-01 6.662079127e+02
-8.891066526e-01 1.548894418e-01 4.306955085e-01 5.424770032e+02 1.393262836e-01 9.879317974e-01 -6.766794282e-02 -1.026280972e+02 -4.359788377e-01 -1.568135695e-04 -8.999569037e-01 6.650885127e+02
-8.845196397e-01 1.532839958e-01 4.406007530e-01 5.430384038e+02 1.383134774e-01 9.881791170e-01 -6.611667416e-02 -1.027299974e+02 -4.455270911e-01 2.459525509e-03 -8.952650791e-01 6.639584834e+02
-8.798523574e-01 1.512053700e-01 4.505516234e-01 5.435925331e+02 1.373752280e-01 9.884838252e-01 -6.346474594e-02 -1.028397383e+02 -4.549592025e-01 6.055025658e-03 -8.904916960e-01 6.628611591e+02
-8.762124879e-01 1.476137912e-01 4.587612067e-01 5.441736059e+02 1.341619893e-01 9.890186358e-01 -6.198950466e-02 -1.029331955e+02 -4.628738886e-01 7.232338024e-03 -8.863946393e-01 6.617314082e+02
-8.735199966e-01 1.437769583e-01 4.650709643e-01 5.447788672e+02 1.304106654e-01 9.895826173e-01 -6.098607915e-02 -1.030337662e+02 -4.689945351e-01 7.377654291e-03 -8.831702533e-01 6.606161489e+02
-8.704037056e-01 1.421261595e-01 4.713783448e-01 5.453594930e+02 1.289606246e-01 9.898138207e-01 -6.031382602e-02 -1.031300577e+02 -4.751489730e-01 8.291868085e-03 -8.798662958e-01 6.595297937e+02
-8.680416720e-01 1.377239068e-01 4.770071080e-01 5.459647719e+02 1.237768995e-01 9.904504148e-01 -6.072277183e-02 -1.032086495e+02 -4.808148653e-01 6.332564485e-03 -8.767992723e-01 6.584250284e+02
-8.666977762e-01 1.345537590e-01 4.803438879e-01 5.465865296e+02 1.195963277e-01 9.908986067e-01 -6.177919997e-02 -1.032989637e+02 -4.842847129e-01 3.903469787e-03 -8.749017544e-01 6.573284922e+02
-8.658993453e-01 1.310155017e-01 4.827559033e-01 5.472163671e+02 1.155332501e-01 9.913777860e-01 -6.182356790e-02 -1.033987412e+02 -4.866933244e-01 2.241371540e-03 -8.735700225e-01 6.562215376e+02
-8.650511560e-01 1.299449131e-01 4.845625007e-01 5.478329408e+02 1.135442613e-01 9.915211520e-01 -6.319419145e-02 -1.034914718e+02 -4.886657326e-01 3.530828476e-04 -8.724710179e-01 6.551136771e+02
-8.640343552e-01 1.302699600e-01 4.862863052e-01 5.484339271e+02 1.127128018e-01 9.914772020e-01 -6.533591861e-02 -1.035793378e+02 -4.906530927e-01 -1.641786363e-03 -8.713534571e-01 6.540384033e+02
-8.629481781e-01 1.332154891e-01 4.874157111e-01 5.490466413e+02 1.155101982e-01 9.910866215e-01 -6.636793446e-02 -1.036795606e+02 -4.919124273e-01 -9.706027350e-04 -8.706441419e-01 6.529565529e+02
-8.620775927e-01 1.342544138e-01 4.886695985e-01 5.496660156e+02 1.155315599e-01 9.909436460e-01 -6.843353759e-02 -1.037723388e+02 -4.934315381e-01 -2.538258370e-03 -8.697809347e-01 6.518748301e+02
-8.610135141e-01 1.358953069e-01 4.900899857e-01 5.502712756e+02 1.158603542e-01 9.907130302e-01 -7.116227943e-02 -1.038683697e+02 -4.952091546e-01 -4.489684939e-03 -8.687621860e-01 6.508021287e+02
-8.601692595e-01 1.355555648e-01 4.916640457e-01 5.508826362e+02 1.140627207e-01 9.907433670e-01 -7.360214974e-02 -1.039640452e+02 -4.970900731e-01 -7.229767939e-03 -8.676688249e-01 6.497175492e+02
-8.598688398e-01 1.343923689e-01 4.925081416e-01 5.515039350e+02 1.122123922e-01 9.908893516e-01 -7.447598266e-02 -1.040620654e+02 -4.980300768e-01 -8.774060051e-03 -8.671153663e-01 6.486579503e+02
-8.596954039e-01 1.330604962e-01 4.931720965e-01 5.521359639e+02 1.099588628e-01 9.910484251e-01 -7.571041943e-02 -1.041600201e+02 -4.988314955e-01 -1.085925672e-02 -8.666309570e-01 6.475798784e+02
-8.592321262e-01 1.331480238e-01 4.939552177e-01 5.527545625e+02 1.091029897e-01 9.910164599e-01 -7.734929810e-02 -1.042454559e+02 -4.998166573e-01 -1.256901082e-02 -8.660400274e-01 6.465236805e+02
-8.585376574e-01 1.336618079e-01 4.950228397e-01 5.533676938e+02 1.091841899e-01 9.909405316e-01 -7.820278423e-02 -1.043581115e+02 -5.009909215e-01 -1.309136743e-02 -8.653535189e-01 6.454521339e+02
-8.579574063e-01 1.331453502e-01 4.961667106e-01 5.539783710e+02 1.093612323e-01 9.910279235e-01 -7.683603106e-02 -1.044664131e+02 -5.019454252e-01 -1.166063904e-02 -8.648206864e-01 6.443742474e+02
-8.582591787e-01 1.309484399e-01 4.962294713e-01 5.546083689e+02 1.090794893e-01 9.913529324e-01 -7.294537925e-02 -1.045904919e+02 -5.014906252e-01 -8.477583988e-03 -8.651215426e-01 6.433208941e+02
-8.594792808e-01 1.288162569e-01 4.946733649e-01 5.552482087e+02 1.082420799e-01 9.916454380e-01 -7.016393228e-02 -1.046998257e+02 -4.995788407e-01 -6.759972158e-03 -8.662420474e-01 6.422743744e+02
-8.605748846e-01 1.274731206e-01 4.931140552e-01 5.558485917e+02 1.069843737e-01 9.918158036e-01 -6.968325092e-02 -1.048097810e+02 -4.979610544e-01 -7.212157251e-03 -8.671694028e-01 6.412364408e+02
-8.616791985e-01 1.261724452e-01 4.915175205e-01 5.564528795e+02 1.056259204e-01 9.919765343e-01 -6.946740458e-02 -1.049107812e+02 -4.963387188e-01 -7.941627015e-03 -8.680926257e-01 6.401761734e+02
-8.640799516e-01 1.227599634e-01 4.881555373e-01 5.570675178e+02 1.022012350e-01 9.923915310e-01 -6.865825996e-02 -1.050221376e+02 -4.928699066e-01 -9.436127145e-03 -8.700518460e-01 6.391175953e+02
-8.665455023e-01 1.207196195e-01 4.842785003e-01 5.576565443e+02 9.904999889e-02 9.926033165e-01 -7.019796178e-02 -1.051202071e+02 -4.891707168e-01 -1.286194313e-02 -8.720932177e-01 6.380423451e+02
-8.693072032e-01 1.236374609e-01 4.785590504e-01 5.582428490e+02 9.994354440e-02 9.921786949e-01 -7.478452548e-02 -1.052154566e+02 -4.840622629e-01 -1.718183898e-02 -8.748648524e-01 6.369958745e+02
-8.722174142e-01 1.255283521e-01 4.727360947e-01 5.588204019e+02 9.972872072e-02 9.918443052e-01 -7.936659530e-02 -1.053136915e+02 -4.788433614e-01 -2.207956056e-02 -8.776226571e-01 6.359497672e+02
-8.741864826e-01 1.289542860e-01 4.681546601e-01 5.593831189e+02 1.041156517e-01 9.914480306e-01 -7.868121525e-02 -1.054197290e+02 -4.742972957e-01 -2.003982727e-02 -8.801366261e-01 6.348937643e+02
-8.761706388e-01 1.310135219e-01 4.638539304e-01 5.599249998e+02 1.084954729e-01 9.912606127e-01 -7.504085629e-02 -1.055168841e+02 -4.696314981e-01 -1.542254345e-02 -8.827278183e-01 6.338640784e+02
-8.787410607e-01 1.320579955e-01 4.586663647e-01 5.604929190e+02 1.120473576e-01 9.911837522e-01 -7.071180289e-02 -1.056168311e+02 -4.639607073e-01 -1.074501048e-02 -8.857906112e-01 6.328079256e+02
-8.809865417e-01 1.316018462e-01 4.544707552e-01 5.610338078e+02 1.124622730e-01 9.912551385e-01 -6.903251076e-02 -1.057224299e+02 -4.595812773e-01 -9.705898753e-03 -8.880826792e-01 6.317639242e+02
-8.827143715e-01 1.305536353e-01 4.514101092e-01 5.615633057e+02 1.119646108e-01 9.913977148e-01 -6.778271904e-02 -1.058107612e+02 -4.563762310e-01 -9.290823058e-03 -8.897383977e-01 6.307177225e+02
-8.836714182e-01 1.331253913e-01 4.487788486e-01 5.620756182e+02 1.148652514e-01 9.910638214e-01 -6.781206259e-02 -1.059031142e+02 -4.537959880e-01 -8.374486239e-03 -8.910662541e-01 6.296962066e+02
-8.841936203e-01 1.345640502e-01 4.473188552e-01 5.625640080e+02 1.175094522e-01 9.908889471e-01 -6.580746989e-02 -1.059901733e+02 -4.520986291e-01 -5.622351433e-03 -8.919502333e-01 6.287013149e+02
-8.842311491e-01 1.360290224e-01 4.468012758e-01 5.630698373e+02 1.208664240e-01 9.907041343e-01 -6.242295934e-02 -1.060792125e+02 -4.511392052e-01 -1.193052639e-03 -8.924527966e-01 6.277151268e+02
-8.831639560e-01 1.377637906e-01 4.483777033e-01 5.635570955e+02 1.252129297e-01 9.904514769e-01 -5.768530281e-02 -1.061720180e+02 -4.520433044e-01 5.197105593e-03 -8.919808524e-01 6.267371905e+02
-8.819564371e-01 1.402629230e-01 4.499768388e-01 5.640289324e+02 1.294144976e-01 9.900661927e-01 -5.496200423e-02 -1.062450004e+02 -4.532159869e-01 9.759433093e-03 -8.913473075e-01 6.257706792e+02
-8.805966161e-01 1.416904269e-01 4.521873755e-01 5.644897743e+02 1.314536527e-01 9.898413652e-01 -5.416649196e-02 -1.063216274e+02 -4.552686425e-01 1.174285270e-02 -8.902766809e-01 6.248279298e+02
-8.791167971e-01 1.444097544e-01 4.542020255e-01 5.649531147e+02 1.325279106e-01 9.894758477e-01 -5.808528008e-02 -1.063989673e+02 -4.578100152e-01 9.130700035e-03 -8.890031610e-01 6.239101103e+02
-8.770077239e-01 1.478894798e-01 4.571500345e-01 5.654017557e+02 1.346094174e-01 9.889760118e-01 -6.169888875e-02 -1.064682664e+02 -4.612350345e-01 7.426297817e-03 -8.872469178e-01 6.230080910e+02
-8.741665782e-01 1.503497385e-01 4.617659035e-01 5.658555663e+02 1.383838564e-01 9.885655432e-01 -5.990054367e-02 -1.065452087e+02 -4.654918923e-01 1.153789320e-02 -8.849769349e-01 6.221176259e+02
-8.714387274e-01 1.508645039e-01 4.667273786e-01 5.663147689e+02 1.410687978e-01 9.884090625e-01 -5.609919286e-02 -1.066142953e+02 -4.697809476e-01 1.695366095e-02 -8.826202097e-01 6.212329201e+02
-8.688548743e-01 1.514428115e-01 4.713345758e-01 5.667590468e+02 1.415384888e-01 9.883110904e-01 -5.663960524e-02 -1.066809105e+02 -4.744028495e-01 1.750038647e-02 -8.801338948e-01 6.204092059e+02
-8.659384634e-01 1.542280130e-01 4.757775716e-01 5.671984754e+02 1.426620006e-01 9.879151410e-01 -6.059065705e-02 -1.067543000e+02 -4.793726434e-01 1.540759973e-02 -8.774761961e-01 6.195752694e+02
-8.635217090e-01 1.568544635e-01 4.792983782e-01 5.676323444e+02 1.441268958e-01 9.875190943e-01 -6.350965445e-02 -1.068182129e+02 -4.832780732e-01 1.423782208e-02 -8.753511229e-01 6.187858736e+02
-8.616961718e-01 1.562521943e-01 4.827680180e-01 5.680689029e+02 1.429325972e-01 9.876263495e-01 -6.453267668e-02 -1.068893503e+02 -4.868777876e-01 1.339572622e-02 -8.733673766e-01 6.180075463e+02
-8.600324692e-01 1.549900746e-01 4.861298475e-01 5.684913101e+02 1.422397911e-01 9.878064810e-01 -6.329453259e-02 -1.069606121e+02 -4.900122383e-01 1.471165479e-02 -8.715914028e-01 6.172534893e+02
-8.588326603e-01 1.540480975e-01 4.885444149e-01 5.689052730e+02 1.416070825e-01 9.879427969e-01 -6.258166099e-02 -1.070325314e+02 -4.922945215e-01 1.543417487e-02 -8.702918421e-01 6.165154122e+02
-8.579995538e-01 1.538713832e-01 4.900615912e-01 5.693149796e+02 1.412753887e-01 9.879724581e-01 -6.286244168e-02 -1.071021823e+02 -4.938400857e-01 1.529769489e-02 -8.694181677e-01 6.157693271e+02
-8.578954972e-01 1.551285127e-01 4.898473849e-01 5.697126835e+02 1.421053666e-01 9.877841151e-01 -6.394221447e-02 -1.071689962e+02 -4.937827262e-01 1.475420432e-02 -8.694601387e-01 6.150644841e+02
-8.592328068e-01 1.546209363e-01 4.876590508e-01 5.701125755e+02 1.411144628e-01 9.878840902e-01 -6.458895199e-02 -1.072311040e+02 -4.917374220e-01 1.331879847e-02 -8.706416699e-01 6.143738509e+02
-8.616826097e-01 1.534295543e-01 4.836966528e-01 5.704951832e+02 1.394721305e-01 9.880928371e-01 -6.496206684e-02 -1.072931196e+02 -4.879042990e-01 1.148551938e-02 -8.728215613e-01 6.136866865e+02
-8.659051979e-01 1.498740838e-01 4.772273538e-01 5.708624944e+02 1.357406613e-01 9.886623706e-01 -6.419649363e-02 -1.073578954e+02 -4.814381176e-01 9.191079073e-03 -8.764318929e-01 6.130279270e+02
-8.710992291e-01 1.470353019e-01 4.685795056e-01 5.712096403e+02 1.339317724e-01 9.890876482e-01 -6.138325942e-02 -1.074129481e+02 -4.724917073e-01 9.286773720e-03 -8.812861864e-01 6.123665550e+02
-8.780393529e-01 1.448651046e-01 4.561370366e-01 5.715420704e+02 1.332351276e-01 9.894002422e-01 -5.775431992e-02 -1.074668376e+02 -4.596686801e-01 1.006291059e-02 -8.880334692e-01 6.117219772e+02
-8.866544948e-01 1.414021865e-01 4.402831230e-01 5.718523213e+02 1.307830848e-01 9.899093176e-01 -5.454656505e-02 -1.075202454e+02 -4.435533694e-01 9.217627921e-03 -8.962005600e-01 6.110943588e+02
-8.962148736e-01 1.395357081e-01 4.211041279e-01 5.721465931e+02 1.293185675e-01 9.901918668e-01 -5.288454381e-02 -1.075635707e+02 -4.243531648e-01 7.060667837e-03 -9.054692366e-01 6.104704389e+02
-9.068178945e-01 1.376603489e-01 3.984105100e-01 5.724265533e+02 1.278461931e-01 9.904694141e-01 -5.124149324e-02 -1.076025598e+02 -4.016673463e-01 4.468563990e-03 -9.157747403e-01 6.098385896e+02
-9.174981843e-01 1.364363028e-01 3.736070357e-01 5.726631689e+02 1.278875299e-01 9.906407265e-01 -4.770461995e-02 -1.076466176e+02 -3.766189872e-01 4.010778750e-03 -9.263595696e-01 6.091978569e+02
-9.281860849e-01 1.357314550e-01 3.464788072e-01 5.728737738e+02 1.290903564e-01 9.907305542e-01 -4.229241978e-02 -1.076957910e+02 -3.490075524e-01 5.471837162e-03 -9.371039363e-01 6.085669315e+02
-9.390714554e-01 1.349288721e-01 3.161313037e-01 5.730747077e+02 1.299815816e-01 9.908336772e-01 -3.678875639e-02 -1.077442728e+02 -3.181974075e-01 6.543975854e-03 -9.480018915e-01 6.079408992e+02
-9.494363581e-01 1.346759890e-01 2.836070871e-01 5.732498909e+02 1.306605883e-01 9.908738026e-01 -3.311975149e-02 -1.077713722e+02 -2.854792681e-01 5.611172604e-03 -9.583684585e-01 6.073022004e+02
-9.588774391e-01 1.362266038e-01 2.489907012e-01 5.733965596e+02 1.332765901e-01 9.906617822e-01 -2.875036954e-02 -1.078007451e+02 -2.505821370e-01 5.616550918e-03 -9.680790500e-01 6.066583709e+02
-9.671541871e-01 1.376434809e-01 2.136985037e-01 5.735153958e+02 1.362745841e-01 9.904443167e-01 -2.119653933e-02 -1.078310348e+02 -2.145740340e-01 8.621352964e-03 -9.766696761e-01 6.060142391e+02
-9.738400868e-01 1.396595737e-01 1.792503522e-01 5.736075396e+02 1.399912011e-01 9.900931719e-01 -1.086160697e-02 -1.078391051e+02 -1.789914772e-01 1.451600382e-02 -9.837435320e-01 6.053617725e+02
-9.795892428e-01 1.392508495e-01 1.449624651e-01 5.736731178e+02 1.409238470e-01 9.900196037e-01 1.285944842e-03 -1.078431372e+02 -1.433366134e-01 2.168836598e-02 -9.894363194e-01 6.047179108e+02
-9.842761229e-01 1.395288346e-01 1.083153644e-01 5.737196187e+02 1.415511946e-01 9.898678668e-01 1.117432536e-02 -1.078453952e+02 -1.056587581e-01 2.633079087e-02 -9.940537794e-01 6.040632069e+02
-9.874155907e-01 1.424186040e-01 6.875603639e-02 5.737424014e+02 1.438062812e-01 9.894821328e-01 1.564808144e-02 -1.078490436e+02 -6.580429162e-02 2.533870949e-02 -9.975107744e-01 6.034281634e+02
-9.893546209e-01 1.433037492e-01 2.532724982e-02 5.737524779e+02 1.437325709e-01 9.894872010e-01 1.600084715e-02 -1.078386829e+02 -2.276800815e-02 1.947086280e-02 -9.995511509e-01 6.027617426e+02
-9.897011173e-01 1.417599901e-01 -1.989481181e-02 5.737270265e+02 1.414743584e-01 9.898266895e-01 1.510399488e-02 -1.078196884e+02 2.183355787e-02 1.213383488e-02 -9.996879842e-01 6.021158360e+02
-9.877430466e-01 1.419935479e-01 -6.481902750e-02 5.736604986e+02 1.409883768e-01 9.898122310e-01 1.985006106e-02 -1.077962986e+02 6.697724682e-02 1.046803032e-02 -9.976995884e-01 6.014788692e+02
-9.832509383e-01 1.453134329e-01 -1.100072660e-01 5.735706546e+02 1.428608684e-01 9.892910463e-01 2.989979927e-02 -1.077782453e+02 1.131740458e-01 1.368327213e-02 -9.934809527e-01 6.007669030e+02
-9.768431471e-01 1.474418415e-01 -1.550431211e-01 5.734278176e+02 1.425560488e-01 9.888852429e-01 4.223445623e-02 -1.077736561e+02 1.595469805e-01 1.915410439e-02 -9.870044991e-01 6.001085337e+02
-9.683477774e-01 1.490568793e-01 -2.002114603e-01 5.732365067e+02 1.411277238e-01 9.885506224e-01 5.339131520e-02 -1.077470085e+02 2.058775065e-01 2.344597375e-02 -9.782968561e-01 5.994474609e+02
-9.569631397e-01 1.528052827e-01 -2.467227082e-01 5.730440237e+02 1.416883163e-01 9.879483371e-01 6.230974442e-02 -1.076926054e+02 2.532705474e-01 2.467040354e-02 -9.670808658e-01 5.987784740e+02
-9.437451209e-01 1.529510466e-01 -2.931742215e-01 5.728082014e+02 1.375342250e-01 9.878307506e-01 7.262744053e-02 -1.076336326e+02 3.007149543e-01 2.822030329e-02 -9.532964548e-01 5.981058178e+02
-9.280320555e-01 1.518157695e-01 -3.401594863e-01 5.725461138e+02 1.304107044e-01 9.878033318e-01 8.507423729e-02 -1.075800871e+02 3.489262847e-01 3.459118108e-02 -9.365115579e-01 5.974289799e+02
-9.097391893e-01 1.516977908e-01 -3.864743040e-01 5.722610823e+02 1.234508046e-01 9.875935396e-01 9.705101457e-02 -1.075184645e+02 3.964019504e-01 4.058054753e-02 -9.171797604e-01 5.967799519e+02
-8.888018370e-01 1.518125474e-01 -4.324167493e-01 5.719139199e+02 1.159927698e-01 9.873370238e-01 1.082186616e-01 -1.074401303e+02 4.433700170e-01 4.602772876e-02 -8.951561183e-01 5.961255253e+02
-8.656827623e-01 1.511290151e-01 -4.772351369e-01 5.715619330e+02 1.082577637e-01 9.872990135e-01 1.162794676e-01 -1.073596324e+02 4.887469813e-01 4.899672200e-02 -8.710486264e-01 5.955185791e+02
-8.409554351e-01 1.488645942e-01 -5.202242678e-01 5.711519667e+02 9.906588649e-02 9.875192208e-01 1.224407556e-01 -1.072798363e+02 5.319585570e-01 5.143074065e-02 -8.452070590e-01 5.948926803e+02
-8.153918538e-01 1.468538376e-01 -5.599732808e-01 5.707299946e+02 9.066903242e-02 9.877483696e-01 1.270129321e-01 -1.071968315e+02 5.717650316e-01 5.279307458e-02 -8.187170695e-01 5.942888302e+02
-7.895758445e-01 1.464121376e-01 -5.959307608e-01 5.702469649e+02 8.481822239e-02 9.878374773e-01 1.303187923e-01 -1.071007791e+02 6.077629924e-01 5.235078271e-02 -7.923910276e-01 5.936732145e+02
-7.643925347e-01 1.472715254e-01 -6.277062615e-01 5.697404237e+02 8.005730675e-02 9.877090660e-01 1.342446592e-01 -1.069962930e+02 6.397615810e-01 5.236314258e-02 -7.667875982e-01 5.930786437e+02
-7.407946064e-01 1.480763007e-01 -6.552074178e-01 5.692024462e+02 7.582009336e-02 9.875994354e-01 1.374724284e-01 -1.068898631e+02 6.674388845e-01 5.216094587e-02 -7.428354940e-01 5.924893062e+02
-7.189115205e-01 1.519955438e-01 -6.782798687e-01 5.686433945e+02 7.445984357e-02 9.870244806e-01 1.422617532e-01 -1.067894666e+02 6.911019877e-01 5.176900040e-02 -7.209008345e-01 5.919096018e+02
-6.995646204e-01 1.568578634e-01 -6.971405544e-01 5.680419807e+02 7.389442067e-02 9.862590866e-01 1.477586839e-01 -1.066766113e+02 7.107383179e-01 5.185195019e-02 -7.015428845e-01 5.913423473e+02
-6.825491721e-01 1.614980442e-01 -7.127727614e-01 5.674504029e+02 7.475245226e-02 9.855912701e-01 1.517297573e-01 -1.065586854e+02 7.270066703e-01 5.028150838e-02 -6.847868802e-01 5.907821646e+02
-6.690278217e-01 1.647947043e-01 -7.247375243e-01 5.668077241e+02 7.649119964e-02 9.851979628e-01 1.534081824e-01 -1.064388078e+02 7.392907886e-01 4.719829944e-02 -6.717301917e-01 5.902121056e+02
-6.585680162e-01 1.671337607e-01 -7.337264300e-01 5.661619745e+02 8.150802001e-02 9.851306502e-01 1.512416764e-01 -1.063102058e+02 7.480939852e-01 3.979834224e-02 -6.623982800e-01 5.896400046e+02
-6.517864713e-01 1.693275713e-01 -7.392581210e-01 5.654896719e+02 8.794574106e-02 9.850560746e-01 1.480880701e-01 -1.061746083e+02 7.532860960e-01 3.150719738e-02 -6.569378616e-01 5.890698365e+02
-6.481218356e-01 1.715597190e-01 -7.419604767e-01 5.648117375e+02 9.153034034e-02 9.847800220e-01 1.477514977e-01 -1.060512853e+02 7.560160600e-01 2.784907695e-02 -6.539603550e-01 5.884931054e+02
-6.460703012e-01 1.759403412e-01 -7.427234763e-01 5.641295853e+02 9.554360989e-02 9.840588037e-01 1.499989652e-01 -1.059328376e+02 7.572744447e-01 2.594739452e-02 -6.525811430e-01 5.878972651e+02
-6.454277541e-01 1.786986864e-01 -7.426235882e-01 5.634273282e+02 9.726322258e-02 9.835611262e-01 1.521426194e-01 -1.058069459e+02 7.576033789e-01 2.596710577e-02 -6.521984588e-01 5.872914340e+02
-6.457844396e-01 1.800306528e-01 -7.419915240e-01 5.627198680e+02 9.748023091e-02 9.832917108e-01 1.537368401e-01 -1.056847778e+02 7.572714587e-01 2.695135407e-02 -6.525439160e-01 5.866823782e+02
-6.466145639e-01 1.816764037e-01 -7.408665805e-01 5.620206679e+02 1.000868697e-01 9.830344411e-01 1.537072090e-01 -1.055640421e+02 7.562223379e-01 2.523830304e-02 -6.538278090e-01 5.860697998e+02
-6.484809793e-01 1.816616597e-01 -7.392370803e-01 5.613053938e+02 1.001949100e-01 9.830280977e-01 1.536773863e-01 -1.054301533e+02 7.546081098e-01 2.558906922e-02 -6.556765972e-01 5.854360766e+02
-6.511707055e-01 1.801809727e-01 -7.372323442e-01 5.605899730e+02 9.863778039e-02 9.832619494e-01 1.531878821e-01 -1.052873239e+02 7.524940535e-01 2.703249921e-02 -6.580440285e-01 5.847898446e+02
-6.544136068e-01 1.799796426e-01 -7.344046293e-01 5.598584208e+02 9.879441997e-02 9.832850163e-01 1.529386779e-01 -1.051468100e+02 7.496549165e-01 2.753007247e-02 -6.612560785e-01 5.841289719e+02
-6.579858895e-01 1.793252495e-01 -7.313665457e-01 5.591278120e+02 9.866309997e-02 9.833887737e-01 1.523552181e-01 -1.049995030e+02 7.465387880e-01 2.808869310e-02 -6.647487220e-01 5.834573481e+02
-6.625464752e-01 1.770738196e-01 -7.277891389e-01 5.584219686e+02 9.585455077e-02 9.837093260e-01 1.520784896e-01 -1.048590436e+02 7.428620823e-01 3.099716625e-02 -6.687264780e-01 5.827839904e+02
-6.670255935e-01 1.754890325e-01 -7.240721353e-01 5.576613262e+02 9.465463979e-02 9.839491208e-01 1.512766569e-01 -1.047237195e+02 7.389975351e-01 3.236861471e-02 -6.729300974e-01 5.820721317e+02
-6.718166198e-01 1.721747588e-01 -7.204292344e-01 5.569449085e+02 9.324695599e-02 9.845308816e-01 1.483372789e-01 -1.045858833e+02 7.348247645e-01 3.247761621e-02 -6.774789811e-01 5.813814602e+02
-6.762550365e-01 1.711976963e-01 -7.164987609e-01 5.561817141e+02 9.218226959e-02 9.846424247e-01 1.482623509e-01 -1.044366362e+02 7.308772501e-01 3.421467955e-02 -6.816507910e-01 5.806585723e+02
-6.805012736e-01 1.738842245e-01 -7.118161933e-01 5.554173976e+02 9.302106012e-02 9.840761196e-01 1.514637684e-01 -1.042965385e+02 7.268184773e-01 3.685739039e-02 -6.858399476e-01 5.799265051e+02
-6.848009957e-01 1.757206828e-01 -7.072268645e-01 5.546715021e+02 9.342135514e-02 9.836532714e-01 1.539437950e-01 -1.041538363e+02 7.227171277e-01 3.935077203e-02 -6.900228040e-01 5.791924735e+02
-6.886447987e-01 1.772762065e-01 -7.030942240e-01 5.539446603e+02 9.543906886e-02 9.833773050e-01 1.544683146e-01 -1.040029321e+02 7.187904600e-01 3.927114336e-02 -6.941167423e-01 5.784631362e+02
-6.923770777e-01 1.792700492e-01 -6.989107466e-01 5.532012525e+02 9.817570296e-02 9.830412959e-01 1.548913874e-01 -1.038639397e+02 7.148255127e-01 3.862719231e-02 -6.982352229e-01 5.777169626e+02
-6.957947162e-01 1.792970015e-01 -6.955014725e-01 5.524730592e+02 9.848855808e-02 9.830109286e-01 1.548855004e-01 -1.037146022e+02 7.114560541e-01 3.926957565e-02 -7.016325132e-01 5.769630989e+02
-6.992678780e-01 1.761891300e-01 -6.928072064e-01 5.517217730e+02 9.614206125e-02 9.835253508e-01 1.530835993e-01 -1.035552630e+02 7.083651169e-01 4.043853075e-02 -7.046868711e-01 5.761876605e+02
-7.013568816e-01 1.754142977e-01 -6.908895345e-01 5.510122072e+02 9.692304057e-02 9.837139280e-01 1.513698517e-01 -1.034083120e+02 7.061900940e-01 3.920117274e-02 -7.069362200e-01 5.754415176e+02
-7.028651338e-01 1.732248850e-01 -6.899085033e-01 5.502583644e+02 9.511380925e-02 9.840721328e-01 1.501845553e-01 -1.032718524e+02 7.049354346e-01 3.993966175e-02 -7.081460700e-01 5.746693676e+02
-7.033226944e-01 1.718796881e-01 -6.897786314e-01 5.495181343e+02 9.512201003e-02 9.843580848e-01 1.482935069e-01 -1.031208350e+02 7.044778142e-01 3.868505892e-02 -7.086709219e-01 5.738919381e+02
-7.046752468e-01 1.707577655e-01 -6.886759630e-01 5.487849189e+02 9.369465168e-02 9.845034696e-01 1.482370756e-01 -1.029752358e+02 7.033165068e-01 3.993374337e-02 -7.097543148e-01 5.731212288e+02
-7.060709151e-01 1.714470061e-01 -6.870733491e-01 5.480378214e+02 9.243827227e-02 9.842619074e-01 1.506109674e-01 -1.028259576e+02 7.020819245e-01 4.283015024e-02 -7.108069706e-01 5.723457625e+02
-7.058697928e-01 1.758060199e-01 -6.861778770e-01 5.472879419e+02 9.713157932e-02 9.835830007e-01 1.520852950e-01 -1.026790917e+02 7.016504057e-01 4.070287479e-02 -7.113578453e-01 5.715666716e+02
-7.061987738e-01 1.725480741e-01 -6.866661882e-01 5.465403856e+02 9.911026831e-02 9.843915161e-01 1.454321067e-01 -1.025319512e+02 7.010424000e-01 3.464830528e-02 -7.122773675e-01 5.707928286e+02
-7.062503874e-01 1.700444600e-01 -6.872374204e-01 5.457983705e+02 1.025811689e-01 9.850612530e-01 1.383164183e-01 -1.023842814e+02 7.004908951e-01 2.718840609e-02 -7.131432510e-01 5.700129512e+02
-7.060573626e-01 1.729670549e-01 -6.867061953e-01 5.450456310e+02 1.098664817e-01 9.847261323e-01 1.350696139e-01 -1.022362961e+02 6.995801290e-01 1.992090169e-02 -7.142764176e-01 5.692378068e+02
-7.058860915e-01 1.781068999e-01 -6.855674716e-01 5.442864694e+02 1.144377858e-01 9.838316981e-01 1.377649559e-01 -1.021015009e+02 6.990198989e-01 1.879154282e-02 -7.148552713e-01 5.684469245e+02
-7.045161503e-01 1.847013314e-01 -6.852316486e-01 5.435215148e+02 1.187447732e-01 9.826068055e-01 1.427709518e-01 -1.019673132e+02 6.996832661e-01 1.921676464e-02 -7.141946815e-01 5.676326109e+02
-7.040117662e-01 1.890939348e-01 -6.845516174e-01 5.427522262e+02 1.227273806e-01 9.817929521e-01 1.449847900e-01 -1.018204397e+02 6.995036977e-01 1.805777121e-02 -7.144007935e-01 5.668354592e+02
-7.034594106e-01 1.920844776e-01 -6.842867901e-01 5.419559700e+02 1.270246026e-01 9.812639809e-01 1.448645925e-01 -1.016626435e+02 6.992922193e-01 1.498510331e-02 -7.146788361e-01 5.660268407e+02
-7.035577006e-01 1.945703959e-01 -6.834829353e-01 5.411609574e+02 1.320971606e-01 9.808324380e-01 1.432412956e-01 -1.015178687e+02 6.982527494e-01 1.049236150e-02 -7.157744116e-01 5.652163504e+02
-7.032366640e-01 1.960121522e-01 -6.834013686e-01 5.403707942e+02 1.366182794e-01 9.805857221e-01 1.406665821e-01 -1.013694755e+02 6.977059840e-01 5.556778825e-03 -7.163626750e-01 5.644079049e+02
-7.038706009e-01 1.969202907e-01 -6.824870521e-01 5.396052916e+02 1.372905364e-01 9.804026482e-01 1.412867862e-01 -1.012278025e+02 6.969343483e-01 5.748601623e-03 -7.171118934e-01 5.635981141e+02
-7.042451792e-01 1.997548286e-01 -6.812758149e-01 5.388467120e+02 1.365428336e-01 9.797959703e-01 1.461366183e-01 -1.010877383e+02 6.967027932e-01 9.892678728e-03 -7.172916790e-01 5.627864427e+02
-7.050935963e-01 1.988253831e-01 -6.806698814e-01 5.380896195e+02 1.327484810e-01 9.799275266e-01 1.487275474e-01 -1.009566167e+02 6.965779650e-01 1.450894849e-02 -7.173343914e-01 5.619676756e+02
-7.060931780e-01 1.961562901e-01 -6.804080643e-01 5.373396064e+02 1.300592962e-01 9.804455599e-01 1.476857597e-01 -1.008157829e+02 6.960725562e-01 1.578651343e-02 -7.177978702e-01 5.611664227e+02
-7.072769932e-01 1.935131559e-01 -6.799352273e-01 5.365535435e+02 1.277475954e-01 9.809569788e-01 1.463009147e-01 -1.006681874e+02 6.952983581e-01 1.661518073e-02 -7.185291428e-01 5.603438205e+02
-7.077152469e-01 1.915692949e-01 -6.800296571e-01 5.358113631e+02 1.258493832e-01 9.813253294e-01 1.454734703e-01 -1.005151691e+02 6.951985775e-01 1.737248003e-02 -7.186077754e-01 5.595158440e+02
-7.087153548e-01 1.910389938e-01 -6.791366937e-01 5.350361605e+02 1.249077636e-01 9.814091491e-01 1.457193629e-01 -1.003724439e+02 6.943490452e-01 1.844410439e-02 -7.194019867e-01 5.586896989e+02
-7.094430775e-01 1.902882884e-01 -6.785874204e-01 5.342615582e+02 1.242300993e-01 9.815477084e-01 1.453649839e-01 -1.002351744e+02 6.937271814e-01 1.882719895e-02 -7.199917599e-01 5.578645599e+02
-7.105296618e-01 1.875702559e-01 -6.782071946e-01 5.334806938e+02 1.217843232e-01 9.820529659e-01 1.440158006e-01 -1.000845718e+02 6.930484675e-01 1.973249388e-02 -7.206208784e-01 5.570357151e+02
-7.109877917e-01 1.864488019e-01 -6.780362854e-01 5.326979504e+02 1.201509080e-01 9.822403525e-01 1.441098512e-01 -9.990865652e+01 6.928637091e-01 2.099366955e-02 -7.207628920e-01 5.561898156e+02
-7.113608620e-01 1.876843044e-01 -6.773037176e-01 5.319357963e+02 1.198809872e-01 9.819646535e-01 1.461983863e-01 -9.974740897e+01 6.925274528e-01 2.280397179e-02 -7.210310021e-01 5.553706180e+02
-7.118009429e-01 1.917474399e-01 -6.757013667e-01 5.311442692e+02 1.234274555e-01 9.811922179e-01 1.484166254e-01 -9.961489939e+01 6.914514307e-01 2.224299357e-02 -7.220804445e-01 5.545421075e+02
-7.123275280e-01 1.931298779e-01 -6.747520604e-01 5.303612099e+02 1.255729758e-01 9.809518502e-01 1.482055846e-01 -9.946140369e+01 6.905222086e-01 2.084029351e-02 -7.230109001e-01 5.537109008e+02
-7.124551580e-01 1.957621501e-01 -6.738581664e-01 5.295752510e+02 1.283182888e-01 9.804514348e-01 1.491623300e-01 -9.933827551e+01 6.898855445e-01 1.980314458e-02 -7.236475461e-01 5.528755178e+02
-7.127865211e-01 1.943169557e-01 -6.739260316e-01 5.288320160e+02 1.262117421e-01 9.807064346e-01 1.492832381e-01 -9.919326981e+01 6.899318601e-01 2.134970143e-02 -7.235594092e-01 5.520500363e+02
-7.138267045e-01 1.912844044e-01 -6.736925950e-01 5.280382127e+02 1.241653048e-01 9.813028964e-01 1.470632607e-01 -9.903659321e+01 6.892274030e-01 2.132843635e-02 -7.242310990e-01 5.512049823e+02
-7.143166390e-01 1.912298208e-01 -6.731886027e-01 5.272823751e+02 1.245421260e-01 9.813230695e-01 1.466093179e-01 -9.890297558e+01 6.886515796e-01 2.088513542e-02 -7.247915653e-01 5.503782433e+02
-7.147000333e-01 1.921024086e-01 -6.725329189e-01 5.265105304e+02 1.257222604e-01 9.811656869e-01 1.466554056e-01 -9.875339643e+01 6.880390801e-01 2.026226446e-02 -7.253906981e-01 5.495585874e+02
-7.151809228e-01 1.917932810e-01 -6.721098013e-01 5.257499933e+02 1.250197603e-01 9.812089220e-01 1.469663599e-01 -9.859746127e+01 6.876672940e-01 2.108053061e-02 -7.257198523e-01 5.487369886e+02
-7.151430289e-01 1.927930143e-01 -6.718640502e-01 5.250255682e+02 1.275437436e-01 9.810641566e-01 1.457590964e-01 -9.846428919e+01 6.872430732e-01 1.854654554e-02 -7.261907352e-01 5.479286171e+02
-7.155704184e-01 1.926935852e-01 -6.714373824e-01 5.242871909e+02 1.275046563e-01 9.810821618e-01 1.456720782e-01 -9.832548136e+01 6.868053137e-01 1.862723731e-02 -7.266027024e-01 5.471141782e+02
-7.157846860e-01 1.918931325e-01 -6.714382391e-01 5.235604396e+02 1.280943707e-01 9.812688542e-01 1.438863022e-01 -9.818548172e+01 6.864722248e-01 1.698415292e-02 -7.269576488e-01 5.463132820e+02
-7.159304984e-01 1.919723474e-01 -6.712601129e-01 5.228278477e+02 1.294710749e-01 9.812834550e-01 1.425483136e-01 -9.805225179e+01 6.860617772e-01 1.514591687e-02 -7.273856192e-01 5.455146187e+02
-7.163252666e-01 1.929077264e-01 -6.705704449e-01 5.221180306e+02 1.314985978e-01 9.811256882e-01 1.417762420e-01 -9.792850169e+01 6.852636217e-01 1.337883108e-02 -7.281722157e-01 5.447305650e+02
-7.170900918e-01 1.958420845e-01 -6.689003500e-01 5.214109763e+02 1.346484146e-01 9.805584065e-01 1.427410799e-01 -9.780806592e+01 6.838505720e-01 1.229184243e-02 -7.295185439e-01 5.439524699e+02
-7.182847851e-01 1.987588117e-01 -6.667547543e-01 5.206888478e+02 1.374616519e-01 9.799772514e-01 1.440447185e-01 -9.766699203e+01 6.820346485e-01 1.181191975e-02 -7.312244640e-01 5.431681855e+02
-7.201636331e-01 2.001410914e-01 -6.643100821e-01 5.199693122e+02 1.381469117e-01 9.796817042e-01 1.453932226e-01 -9.752874394e+01 6.799115916e-01 1.293452522e-02 -7.331800090e-01 5.423902522e+02
-7.218114176e-01 2.015259886e-01 -6.620993531e-01 5.192617913e+02 1.386468043e-01 9.793792121e-01 1.469470060e-01 -9.740903635e+01 6.780599834e-01 1.427006725e-02 -7.348680317e-01 5.416058479e+02
-7.241735849e-01 2.013165894e-01 -6.595788427e-01 5.185869807e+02 1.377814277e-01 9.793947121e-01 1.476559380e-01 -9.727965559e+01 6.757136206e-01 1.605081533e-02 -7.369894669e-01 5.408465959e+02
-7.272200322e-01 2.008781306e-01 -6.563528025e-01 5.178824146e+02 1.369231351e-01 9.794545050e-01 1.480571773e-01 -9.714533351e+01 6.726091583e-01 1.780026179e-02 -7.397838001e-01 5.400858239e+02
-7.298735027e-01 1.998585942e-01 -6.537134023e-01 5.172085320e+02 1.359716481e-01 9.796422675e-01 1.476913629e-01 -9.700752866e+01 6.699226679e-01 1.890952368e-02 -7.421900356e-01 5.393227470e+02
-7.325881970e-01 1.987931876e-01 -6.509960078e-01 5.165655232e+02 1.344489115e-01 9.798201154e-01 1.479054821e-01 -9.687962531e+01 6.672615857e-01 2.082810578e-02 -7.445321794e-01 5.385812998e+02
-7.354084760e-01 1.978091491e-01 -6.481094922e-01 5.159437713e+02 1.326006491e-01 9.799620370e-01 1.486320082e-01 -9.675342178e+01 6.645234693e-01 2.336549931e-02 -7.469020098e-01 5.378522664e+02
-7.382665031e-01 1.962077940e-01 -6.453410509e-01 5.153195225e+02 1.304981354e-01 9.802283243e-01 1.487369119e-01 -9.662527730e+01 6.617649182e-01 2.559167598e-02 -7.492744885e-01 5.371206703e+02
-7.415193471e-01 1.947059472e-01 -6.420581375e-01 5.147124656e+02 1.299662907e-01 9.805238428e-01 1.472472646e-01 -9.649981739e+01 6.582232305e-01 2.574078095e-02 -7.523826095e-01 5.364194158e+02
-7.445131433e-01 1.931233578e-01 -6.390645884e-01 5.141409554e+02 1.302593991e-01 9.808695684e-01 1.446629834e-01 -9.639188549e+01 6.547768081e-01 2.445932322e-02 -7.554264181e-01 5.357363367e+02
-7.471181868e-01 1.920964943e-01 -6.363280222e-01 5.136013716e+02 1.315656977e-01 9.811258828e-01 1.417126291e-01 -9.629669631e+01 6.515403918e-01 2.215714228e-02 -7.582902999e-01 5.350731373e+02
-7.498015587e-01 1.906911665e-01 -6.335885902e-01 5.130472323e+02 1.325566530e-01 9.814488902e-01 1.385164601e-01 -9.619183658e+01 6.482486840e-01 1.987347483e-02 -7.611692904e-01 5.344054725e+02
-7.517408752e-01 1.905232833e-01 -6.313371010e-01 5.124840935e+02 1.349736463e-01 9.815416179e-01 1.354923140e-01 -9.609019437e+01 6.454980801e-01 1.664124014e-02 -7.635805771e-01 5.337439754e+02
-7.534159049e-01 1.895367525e-01 -6.296350480e-01 5.119688581e+02 1.358167879e-01 9.817635214e-01 1.330195033e-01 -9.599638636e+01 6.433648065e-01 1.470399972e-02 -7.654185248e-01 5.331159557e+02
-7.542857795e-01 1.889993323e-01 -6.287544952e-01 5.114599786e+02 1.364339143e-01 9.818859687e-01 1.314752128e-01 -9.591075630e+01 6.422139440e-01 1.338644639e-02 -7.664085419e-01 5.324861807e+02
-7.547834051e-01 1.886656612e-01 -6.282573355e-01 5.109494613e+02 1.351750374e-01 9.819258263e-01 1.324740763e-01 -9.581852797e+01 6.418954125e-01 1.506452553e-02 -7.666442066e-01 5.318611085e+02
-7.542095030e-01 1.885996883e-01 -6.289659635e-01 5.104509328e+02 1.323488943e-01 9.818679851e-01 1.357167273e-01 -9.573675824e+01 6.431576757e-01 1.911589563e-02 -7.654951252e-01 5.312406827e+02
-7.521801686e-01 1.861756144e-01 -6.321104608e-01 5.099384697e+02 1.281768957e-01 9.822731616e-01 1.367849383e-01 -9.564402246e+01 6.463711607e-01 2.186496137e-02 -7.627098046e-01 5.306378013e+02
-7.479412247e-01 1.817535944e-01 -6.383960802e-01 5.094298746e+02 1.242256790e-01 9.831158974e-01 1.343544301e-01 -9.556184318e+01 6.520367359e-01 2.118403043e-02 -7.578913721e-01 5.300639345e+02
-7.412011193e-01 1.749024240e-01 -6.480972479e-01 5.089558145e+02 1.188288276e-01 9.843992039e-01 1.297609999e-01 -9.547298789e+01 6.606819283e-01 1.916636226e-02 -7.504212418e-01 5.295079275e+02
-7.316205045e-01 1.680841959e-01 -6.606656798e-01 5.085045700e+02 1.112932754e-01 9.855746925e-01 1.275003228e-01 -9.537006983e+01 6.725661635e-01 1.975420306e-02 -7.397732944e-01 5.289632215e+02
-7.189509851e-01 1.680597060e-01 -6.744371107e-01 5.080223764e+02 1.079832121e-01 9.855535953e-01 1.304750425e-01 -9.529531366e+01 6.866215165e-01 2.097727478e-02 -7.267123551e-01 5.284436761e+02
-7.047017901e-01 1.704244232e-01 -6.887313722e-01 5.075188853e+02 1.075908017e-01 9.851655054e-01 1.336904868e-01 -9.521345331e+01 7.012985145e-01 2.011076488e-02 -7.125839955e-01 5.280012837e+02
-6.857799261e-01 1.700968387e-01 -7.076531342e-01 5.070423503e+02 1.059439404e-01 9.852801385e-01 1.341600915e-01 -9.513272389e+01 7.200567856e-01 1.703273618e-02 -6.937060699e-01 5.275595941e+02
-6.643442505e-01 1.676900463e-01 -7.283726829e-01 5.065685292e+02 1.018802451e-01 9.857282829e-01 1.340155508e-01 -9.505958096e+01 7.404506280e-01 1.482567318e-02 -6.719472203e-01 5.271324048e+02
-6.402166100e-01 1.656815053e-01 -7.501148786e-01 5.060721498e+02 9.864361774e-02 9.861116871e-01 1.336157821e-01 -9.496560191e+01 7.618347123e-01 1.154899769e-02 -6.476685045e-01 5.267303195e+02
-6.118841953e-01 1.644077386e-01 -7.736716533e-01 5.055772101e+02 9.642915773e-02 9.863677303e-01 1.333421096e-01 -9.488380648e+01 7.850472273e-01 6.985423548e-03 -6.193965246e-01 5.263341258e+02
-5.804571392e-01 1.674048844e-01 -7.968971792e-01 5.050519365e+02 9.890210383e-02 9.858881442e-01 1.350664319e-01 -9.480070854e+01 8.082622615e-01 -4.145328880e-04 -5.888225070e-01 5.259902887e+02
-5.452550737e-01 1.702366526e-01 -8.208022823e-01 5.045035703e+02 9.898349001e-02 9.853869304e-01 1.386176974e-01 -9.471311738e+01 8.324056543e-01 -5.663871679e-03 -5.541378414e-01 5.256546076e+02
-5.066825675e-01 1.718872411e-01 -8.448239770e-01 5.039500879e+02 9.730228613e-02 9.850635923e-01 1.420633106e-01 -9.461801415e+01 8.566242122e-01 -1.022230137e-02 -5.158395716e-01 5.253454616e+02
-4.653857098e-01 1.728754436e-01 -8.680611857e-01 5.033836375e+02 9.124408187e-02 9.848856832e-01 1.472233291e-01 -9.451652943e+01 8.803923322e-01 -1.068981238e-02 -4.741255839e-01 5.250394884e+02
-4.211756082e-01 1.766161882e-01 -8.896166754e-01 5.028130535e+02 8.684469373e-02 9.842031941e-01 1.542792010e-01 -9.443231399e+01 9.028117779e-01 -1.227985143e-02 -4.298605576e-01 5.247621147e+02
-3.772299742e-01 1.806566876e-01 -9.083285241e-01 5.022259111e+02 8.346259139e-02 9.834302479e-01 1.609314868e-01 -9.434360642e+01 9.223510950e-01 -1.510327184e-02 -3.860574423e-01 5.245366121e+02
-3.325554742e-01 1.810696206e-01 -9.255380322e-01 5.016094106e+02 7.628136787e-02 9.833443224e-01 1.649699867e-01 -9.424739479e+01 9.399936221e-01 -1.573963496e-02 -3.408287757e-01 5.243306684e+02
-2.861940183e-01 1.770944302e-01 -9.416637121e-01 5.010116163e+02 6.392477891e-02 9.841107827e-01 1.656489965e-01 -9.415575406e+01 9.560369274e-01 -1.278789266e-02 -2.929673417e-01 5.241655088e+02
-2.360645524e-01 1.700936860e-01 -9.567348980e-01 5.004115429e+02 5.419256481e-02 9.853333371e-01 1.618066154e-01 -9.406278521e+01 9.702250734e-01 -1.365111174e-02 -2.418200863e-01 5.240237237e+02
-1.834818432e-01 1.642234943e-01 -9.692084694e-01 4.998153789e+02 4.668881380e-02 9.862899597e-01 1.582790893e-01 -9.397417184e+01 9.819137273e-01 -1.620985470e-02 -1.886336999e-01 5.239239693e+02
-1.296689266e-01 1.601946934e-01 -9.785313637e-01 4.991978415e+02 4.022794744e-02 9.869005198e-01 1.562340433e-01 -9.388069951e+01 9.907409761e-01 -1.910560758e-02 -1.344146348e-01 5.238624731e+02
-7.502275229e-02 1.566904156e-01 -9.847942426e-01 4.985504219e+02 3.006200018e-02 9.874839243e-01 1.548282128e-01 -9.377567849e+01 9.967285803e-01 -1.798924604e-02 -7.879418915e-02 5.238237271e+02
-1.984418298e-02 1.571674210e-01 -9.873725792e-01 4.979096986e+02 1.932018010e-02 9.874429227e-01 1.567903218e-01 -9.368092734e+01 9.996163959e-01 -1.596484022e-02 -2.263150092e-02 5.238218806e+02
3.551415793e-02 1.582309334e-01 -9.867632524e-01 4.972581412e+02 1.332703144e-02 9.872233376e-01 1.587843569e-01 -9.358929009e+01 9.992803084e-01 -1.878971762e-02 3.295165689e-02 5.238704783e+02
9.139472431e-02 1.575563436e-01 -9.832715815e-01 4.966124552e+02 8.319870815e-03 9.872488441e-01 1.589669765e-01 -9.349334063e+01 9.957799878e-01 -2.270943552e-02 8.891848751e-02 5.239550042e+02
1.478663260e-01 1.560468677e-01 -9.766191298e-01 4.959852409e+02 -1.544748730e-03 9.875093170e-01 1.575530467e-01 -9.340123963e+01 9.890061493e-01 -2.178815900e-02 1.462604278e-01 5.240723533e+02
2.049726997e-01 1.543890794e-01 -9.665144616e-01 4.952940479e+02 -1.149056655e-02 9.877924839e-01 1.553511363e-01 -9.328679410e+01 9.787002397e-01 -2.073694305e-02 2.042445102e-01 5.242295417e+02
2.604657527e-01 1.544387668e-01 -9.530510264e-01 4.946453150e+02 -2.048690830e-02 9.877853104e-01 1.544683370e-01 -9.318640632e+01 9.652657035e-01 -2.070864268e-02 2.604482172e-01 5.244327868e+02
3.155071579e-01 1.564808517e-01 -9.359321431e-01 4.940080624e+02 -2.823219641e-02 9.874210018e-01 1.555721965e-01 -9.308482435e+01 9.485031241e-01 -2.266072147e-02 3.159561920e-01 5.246743720e+02
3.695593509e-01 1.610821810e-01 -9.151384688e-01 4.933520892e+02 -3.703620978e-02 9.866303768e-01 1.587098568e-01 -9.297781803e+01 9.284687422e-01 -2.475945135e-02 3.705843551e-01 5.249562444e+02
4.204080396e-01 1.679554827e-01 -8.916546619e-01 4.927088090e+02 -4.663383206e-02 9.854189825e-01 1.636298100e-01 -9.287270027e+01 9.061359534e-01 -2.721001388e-02 4.221104703e-01 5.252829873e+02
4.684413308e-01 1.727468200e-01 -8.664417209e-01 4.920607554e+02 -5.565675606e-02 9.845204721e-01 1.661979709e-01 -9.276544600e+01 8.817397831e-01 -2.963066317e-02 4.708046077e-01 5.256449805e+02
5.113913124e-01 1.733200090e-01 -8.416882440e-01 4.914351180e+02 -6.404749061e-02 9.844129242e-01 1.637959513e-01 -9.265219444e+01 8.569579013e-01 -2.985580660e-02 5.145209289e-01 5.260418176e+02
5.500104911e-01 1.708749876e-01 -8.174901824e-01 4.907989045e+02 -7.004065333e-02 9.848344980e-01 1.587303325e-01 -9.251918401e+01 8.322155770e-01 -3.004580169e-02 5.536375017e-01 5.264886755e+02
5.839538487e-01 1.675675035e-01 -7.943041195e-01 4.901593421e+02 -7.314191773e-02 9.853447270e-01 1.540974655e-01 -9.238544097e+01 8.084851034e-01 -3.188888147e-02 5.876520542e-01 5.269661457e+02
6.130904674e-01 1.649584920e-01 -7.725987152e-01 4.895043591e+02 -7.385529390e-02 9.856421903e-01 1.518382964e-01 -9.224011404e+01 7.865529063e-01 -3.603010693e-02 6.164708890e-01 5.275226671e+02
6.372426441e-01 1.646342308e-01 -7.528727532e-01 4.888627359e+02 -7.449255731e-02 9.854994592e-01 1.524522050e-01 -9.211782920e+01 7.670545427e-01 -4.106562947e-02 6.402663060e-01 5.280845777e+02
6.560913513e-01 1.643749421e-01 -7.365629757e-01 4.882165275e+02 -7.512482635e-02 9.853692737e-01 1.529825313e-01 -9.198940063e+01 7.509330192e-01 -4.503635006e-02 6.588408973e-01 5.286827558e+02
6.711000823e-01 1.614696577e-01 -7.235690908e-01 4.875567467e+02 -7.271557375e-02 9.856237859e-01 1.525063870e-01 -9.184975401e+01 7.377920607e-01 -4.973230729e-02 6.731935626e-01 5.292936219e+02
6.811442425e-01 1.586392816e-01 -7.147559718e-01 4.869191820e+02 -7.032856238e-02 9.859060962e-01 1.517994166e-01 -9.171836375e+01 7.287636202e-01 -5.312953866e-02 6.827011337e-01 5.299157237e+02
6.872878775e-01 1.554450016e-01 -7.095577671e-01 4.862680768e+02 -6.855548172e-02 9.863549308e-01 1.496799799e-01 -9.158221899e+01 7.231428070e-01 -5.422916113e-02 6.885663938e-01 5.305548080e+02
6.905820373e-01 1.529828319e-01 -7.068894559e-01 4.856186399e+02 -6.683399830e-02 9.866898595e-01 1.482441835e-01 -9.145078180e+01 7.201594729e-01 -5.513052154e-02 6.916147477e-01 5.311812908e+02
6.919601799e-01 1.514838489e-01 -7.058638346e-01 4.849331064e+02 -6.461604022e-02 9.868091159e-01 1.484336087e-01 -9.132693050e+01 7.190381609e-01 -5.710002067e-02 6.926208998e-01 5.318568866e+02
6.923400373e-01 1.506215613e-01 -7.056758590e-01 4.842315855e+02 -6.363833082e-02 9.869058897e-01 1.482124410e-01 -9.118133652e+01 7.187596508e-01 -5.770537316e-02 6.928597653e-01 5.325253947e+02
6.915108620e-01 1.515996066e-01 -7.062791849e-01 4.835214655e+02 -6.314497931e-02 9.866735043e-01 1.499603532e-01 -9.103632308e+01 7.196008889e-01 -5.910122857e-02 6.918681994e-01 5.332218647e+02
6.902866306e-01 1.542520894e-01 -7.069021576e-01 4.827902414e+02 -6.349042723e-02 9.861551507e-01 1.531893745e-01 -9.088361810e+01 7.207449849e-01 -6.086305719e-02 6.905232473e-01 5.339370422e+02
6.896417960e-01 1.560582442e-01 -7.071350773e-01 4.820528523e+02 -6.199937730e-02 9.856415904e-01 1.570564629e-01 -9.072028841e+01 7.214916981e-01 -6.447076672e-02 6.894151506e-01 5.346604974e+02
6.886497046e-01 1.561246674e-01 -7.080866279e-01 4.813010641e+02 -6.132934462e-02 9.855864778e-01 1.576642201e-01 -9.055899220e+01 7.224958795e-01 -6.514892977e-02 6.882988603e-01 5.354003968e+02
6.876055112e-01 1.537189173e-01 -7.096260673e-01 4.805276698e+02 -5.961997558e-02 9.859855408e-01 1.558139013e-01 -9.039024732e+01 7.236325860e-01 -6.483060842e-02 6.871338099e-01 5.361594339e+02
6.866582071e-01 1.529726791e-01 -7.107037822e-01 4.797432577e+02 -5.924910723e-02 9.861342605e-01 1.550121398e-01 -9.022315369e+01 7.245619711e-01 -6.433179342e-02 6.862006780e-01 5.369118713e+02
6.860650128e-01 1.527782729e-01 -7.113182112e-01 4.789607518e+02 -5.613010264e-02 9.859038086e-01 1.576169143e-01 -9.006345294e+01 7.253717735e-01 -6.820908614e-02 6.849695692e-01 5.376509567e+02
6.852279814e-01 1.517396000e-01 -7.123466202e-01 4.781487419e+02 -5.400849069e-02 9.859500216e-01 1.580684595e-01 -8.989774219e+01 7.263234103e-01 -6.984016562e-02 6.837957698e-01 5.384180730e+02
6.833453899e-01 1.540570472e-01 -7.136564330e-01 4.773234341e+02 -5.589037763e-02 9.856538952e-01 1.592565995e-01 -8.971016649e+01 7.279528445e-01 -6.894073555e-02 6.821523519e-01 5.392114960e+02
6.819150360e-01 1.573000028e-01 -7.143168714e-01 4.764774645e+02 -5.555298127e-02 9.849187696e-01 1.638562894e-01 -8.952931821e+01 7.293186889e-01 -7.205363567e-02 6.803694023e-01 5.400124590e+02
6.804521887e-01 1.603115339e-01 -7.150419784e-01 4.756281325e+02 -5.769761218e-02 9.844683853e-01 1.658100839e-01 -8.934355532e+01 7.305174908e-01 -7.156961975e-02 6.791332602e-01 5.408114658e+02
6.798113152e-01 1.590924704e-01 -7.159232931e-01 4.747816454e+02 -5.947070411e-02 9.849311283e-01 1.624004553e-01 -8.916394766e+01 7.309718265e-01 -6.782520480e-02 6.790286669e-01 5.415892613e+02
6.791437275e-01 1.568191609e-01 -7.170575626e-01 4.739255652e+02 -6.034534163e-02 9.855325317e-01 1.583795087e-01 -8.898045708e+01 7.315204967e-01 -6.429136628e-02 6.787815430e-01 5.423864345e+02
6.785265783e-01 1.556952899e-01 -7.178862439e-01 4.730467938e+02 -5.865018695e-02 9.856425369e-01 1.583317563e-01 -8.880098002e+01 7.322307274e-01 -6.532814244e-02 6.779162158e-01 5.432182645e+02
6.777676831e-01 1.582754299e-01 -7.180388959e-01 4.721771154e+02 -5.778035921e-02 9.850018503e-01 1.625816258e-01 -8.862422610e+01 7.330023178e-01 -6.870402652e-02 6.767476331e-01 5.440219629e+02
6.771624344e-01 1.605780871e-01 -7.180986808e-01 4.712965587e+02 -5.535177505e-02 9.842493201e-01 1.678971616e-01 -8.843256479e+01 7.337487434e-01 -7.394561403e-02 6.753849478e-01 5.448563228e+02
6.764686274e-01 1.629281037e-01 -7.182232447e-01 4.703827072e+02 -5.287678846e-02 9.834500567e-01 1.732917519e-01 -8.822407072e+01 7.345707872e-01 -7.924909498e-02 6.738882248e-01 5.457261391e+02
6.754454931e-01 1.654842028e-01 -7.186016730e-01 4.694735625e+02 -5.316441565e-02 9.828864745e-01 1.763738167e-01 -8.802100321e+01 7.354909454e-01 -8.092686157e-02 6.726841104e-01 5.465825817e+02
6.738206435e-01 1.620659932e-01 -7.209024582e-01 4.685748422e+02 -5.702360256e-02 9.841455065e-01 1.679462138e-01 -8.782406858e+01 7.366912848e-01 -7.205717061e-02 6.723791453e-01 5.474042869e+02
6.725046728e-01 1.520266754e-01 -7.243102616e-01 4.676622364e+02 -6.050300489e-02 9.866922869e-01 1.509228853e-01 -8.762670605e+01 7.376156529e-01 -5.767339833e-02 6.727532443e-01 5.482502094e+02
6.715216645e-01 1.506755415e-01 -7.255036425e-01 4.667475532e+02 -6.624166338e-02 9.873940839e-01 1.437531394e-01 -8.744843823e+01 7.380180866e-01 -4.847477937e-02 6.730375173e-01 5.490753292e+02
6.706197568e-01 1.581405647e-01 -7.247487176e-01 4.658307064e+02 -6.692571311e-02 9.859259602e-01 1.532023168e-01 -8.728176599e+01 7.387760762e-01 -5.423617570e-02 6.717650977e-01 5.499023489e+02
6.690483471e-01 1.673478854e-01 -7.241332713e-01 4.649049583e+02 -6.878898708e-02 9.840813145e-01 1.638659259e-01 -8.708842564e+01 7.400286377e-01 -5.982183261e-02 6.699096684e-01 5.507547928e+02
6.685323597e-01 1.692384221e-01 -7.241704499e-01 4.639807181e+02 -6.580637118e-02 9.834045721e-01 1.690708997e-01 -8.689781912e+01 7.407658237e-01 -6.537433811e-02 6.685747456e-01 5.516057863e+02
6.677628694e-01 1.684633208e-01 -7.250605904e-01 4.630589777e+02 -6.600473431e-02 9.836176799e-01 1.677487256e-01 -8.670208473e+01 7.414419231e-01 -6.415893870e-02 6.679427410e-01 5.524334301e+02
6.673033573e-01 1.665898047e-01 -7.259160188e-01 4.621387997e+02 -6.685696954e-02 9.841274339e-01 1.643877717e-01 -8.650741039e+01 7.417791956e-01 -6.116396677e-02 6.678492301e-01 5.532611539e+02
6.665616231e-01 1.651688601e-01 -7.269214883e-01 4.612129737e+02 -6.778870349e-02 9.845346775e-01 1.615430607e-01 -8.632315608e+01 7.423612963e-01 -5.840133954e-02 6.674496156e-01 5.540831970e+02
6.654925983e-01 1.660371860e-01 -7.277027240e-01 4.602752036e+02 -6.937115005e-02 9.844831204e-01 1.611850776e-01 -8.613006472e+01 7.431737652e-01 -5.678590124e-02 6.666844203e-01 5.549328464e+02
6.644479560e-01 1.679049719e-01 -7.282285591e-01 4.593477343e+02 -7.034547054e-02 9.841598223e-01 1.627297113e-01 -8.593955583e+01 7.440164169e-01 -5.689784340e-02 6.657343365e-01 5.557642491e+02
6.633121289e-01 1.693644146e-01 -7.289257265e-01 4.584151696e+02 -6.977212367e-02 9.838068226e-01 1.650938722e-01 -8.574696723e+01 7.450831299e-01 -5.865007190e-02 6.643879128e-01 5.566221969e+02
6.622289394e-01 1.721956148e-01 -7.292472160e-01 4.574697129e+02 -7.147555553e-02 9.833149295e-01 1.672811837e-01 -8.554724199e+01 7.458847610e-01 -5.865509098e-02 6.634873801e-01 5.574746720e+02
6.614841186e-01 1.722926670e-01 -7.298999916e-01 4.565243343e+02 -7.127015455e-02 9.832899459e-01 1.675155135e-01 -8.534575856e+01 7.465650179e-01 -5.878876660e-02 6.627100082e-01 5.583237834e+02
6.605581933e-01 1.700045201e-01 -7.312737766e-01 4.555851907e+02 -6.945493963e-02 9.836858797e-01 1.659460797e-01 -8.514753863e+01 7.475552719e-01 -5.882646660e-02 6.615894212e-01 5.591735503e+02
6.595931418e-01 1.689613278e-01 -7.323857979e-01 4.546309227e+02 -6.945432369e-02 9.839382633e-01 1.644432759e-01 -8.495100519e+01 7.484069643e-01 -5.759829673e-02 6.607340252e-01 5.600260953e+02
6.589103829e-01 1.661991825e-01 -7.336313373e-01 4.536680762e+02 -6.744901602e-02 9.844116619e-01 1.624324785e-01 -8.475497119e+01 7.491913892e-01 -5.754573479e-02 6.598490364e-01 5.608976266e+02
6.583948575e-01 1.655310597e-01 -7.342449727e-01 4.527016164e+02 -6.820804476e-02 9.846247796e-01 1.608157518e-01 -8.454707854e+01 7.495757962e-01 -5.579884999e-02 6.595624414e-01 5.617628151e+02
6.583985003e-01 1.670185528e-01 -7.339047744e-01 4.517373027e+02 -6.971682104e-02 9.844098514e-01 1.614831548e-01 -8.435793963e+01 7.494337727e-01 -5.515475914e-02 6.597779724e-01 5.625943922e+02
6.584609799e-01 1.688732207e-01 -7.334241428e-01 4.507422221e+02 -7.098470082e-02 9.840922099e-01 1.628609672e-01 -8.414818154e+01 7.492598416e-01 -5.517569871e-02 6.599737359e-01 5.635013847e+02
6.587387741e-01 1.716587042e-01 -7.325274853e-01 4.498011350e+02 -7.377478794e-02 9.836698261e-01 1.641674568e-01 -8.395459525e+01 7.487459570e-01 -5.410140937e-02 6.606455399e-01 5.643172623e+02
6.596509555e-01 1.713685928e-01 -7.317741607e-01 4.488352374e+02 -7.461357873e-02 9.837801078e-01 1.631242269e-01 -8.375965386e+01 7.478592319e-01 -5.300476319e-02 6.617379121e-01 5.651858042e+02
6.604824697e-01 1.717962295e-01 -7.309233631e-01 4.478742040e+02 -7.661974532e-02 9.838117733e-01 1.619994113e-01 -8.355864403e+01 7.469218981e-01 -5.099460934e-02 6.629534131e-01 5.660550070e+02
6.616705912e-01 1.716388638e-01 -7.298850110e-01 4.469192788e+02 -7.553188097e-02 9.837529157e-01 1.628653919e-01 -8.335944573e+01 7.459805385e-01 -5.263365239e-02 6.638845795e-01 5.669395981e+02
6.629445801e-01 1.719658309e-01 -7.286509704e-01 4.459522442e+02 -7.525891093e-02 9.836399138e-01 1.636722832e-01 -8.316371978e+01 7.448762179e-01 -5.366817456e-02 6.650407108e-01 5.678268990e+02
6.651171312e-01 1.703151437e-01 -7.270570498e-01 4.449955899e+02 -7.251260757e-02 9.837722070e-01 1.641163198e-01 -8.297257378e+01 7.432100131e-01 -5.643577329e-02 6.666737433e-01 5.686850536e+02
6.664413172e-01 1.694038620e-01 -7.260566798e-01 4.440536090e+02 -7.082482896e-02 9.838249023e-01 1.645369418e-01 -8.278819824e+01 7.421858355e-01 -5.823137603e-02 6.676595633e-01 5.695066626e+02
6.671975427e-01 1.679858073e-01 -7.256915375e-01 4.430874698e+02 -6.826440008e-02 9.839281026e-01 1.650013959e-01 -8.257576372e+01 7.417461903e-01 -6.054962843e-02 6.679418625e-01 5.704000210e+02
6.676780114e-01 1.681104317e-01 -7.252206256e-01 4.421406657e+02 -6.790481300e-02 9.838611780e-01 1.655479348e-01 -8.237649241e+01 7.413467538e-01 -6.128674495e-02 6.683179823e-01 5.712818354e+02
6.684316506e-01 1.686876671e-01 -7.243918825e-01 4.411777974e+02 -6.882426765e-02 9.837908995e-01 1.655858877e-01 -8.216716608e+01 7.405824388e-01 -6.082710741e-02 6.692067800e-01 5.721355304e+02
6.686231362e-01 1.673967667e-01 -7.245146128e-01 4.402186208e+02 -6.905312342e-02 9.840992738e-01 1.636468313e-01 -8.196743742e+01 7.403882548e-01 -5.938806060e-02 6.695508124e-01 5.730177065e+02
6.692397417e-01 1.623205426e-01 -7.251001377e-01 4.392380732e+02 -6.898797788e-02 9.852061017e-01 1.568744599e-01 -8.175782331e+01 7.398370274e-01 -5.496343077e-02 6.705372430e-01 5.739170520e+02
6.693756091e-01 1.599678630e-01 -7.254974684e-01 4.382835494e+02 -6.681471839e-02 9.855482446e-01 1.556613340e-01 -8.156362867e+01 7.399135675e-01 -5.572199123e-02 6.703901643e-01 5.747901598e+02
6.689678173e-01 1.593819433e-01 -7.260023799e-01 4.373154419e+02 -6.239064417e-02 9.853335239e-01 1.588246017e-01 -8.136064673e+01 7.406682570e-01 -6.095279098e-02 6.691003589e-01 5.756985694e+02
6.685616647e-01 1.558579366e-01 -7.271407045e-01 4.363303802e+02 -5.761359908e-02 9.857075084e-01 1.583078680e-01 -8.115856224e+01 7.414215897e-01 -6.394537875e-02 6.679857894e-01 5.765933067e+02
6.678571946e-01 1.513037864e-01 -7.287481951e-01 4.353791398e+02 -5.282709528e-02 9.862862153e-01 1.563611189e-01 -8.097058060e+01 7.424123286e-01 -6.592924791e-02 6.666912844e-01 5.774503876e+02
6.662915371e-01 1.493438760e-01 -7.305833247e-01 4.344227367e+02 -5.107895313e-02 9.865789784e-01 1.550898447e-01 -8.078008991e+01 7.439398686e-01 -6.601761965e-02 6.649775528e-01 5.783474051e+02
6.656958003e-01 1.500147049e-01 -7.309888438e-01 4.334475247e+02 -5.101676790e-02 9.864419585e-01 1.559793315e-01 -8.058706680e+01 7.444772602e-01 -6.654209775e-02 6.643235344e-01 5.792171494e+02
6.655867198e-01 1.519688452e-01 -7.306844657e-01 4.324823534e+02 -5.201075101e-02 9.861137991e-01 1.577163817e-01 -8.039618945e+01 7.445060108e-01 -6.697048132e-02 6.642482627e-01 5.800749960e+02
6.660302997e-01 1.528428858e-01 -7.300977278e-01 4.314868032e+02 -5.369747597e-02 9.860669904e-01 1.574435503e-01 -8.019600602e+01 7.439893957e-01 -6.565776981e-02 6.649577703e-01 5.809773853e+02
6.673591023e-01 1.509170287e-01 -7.292844980e-01 4.305070002e+02 -5.305115880e-02 9.863981361e-01 1.555772849e-01 -8.001053854e+01 7.428441311e-01 -6.513652944e-02 6.662880979e-01 5.818489201e+02
6.681149757e-01 1.533296827e-01 -7.280881730e-01 4.295366303e+02 -5.498724394e-02 9.860357981e-01 1.571935366e-01 -7.982296024e+01 7.420234378e-01 -6.498779394e-02 6.672164599e-01 5.827202971e+02
6.691818504e-01 1.579503775e-01 -7.261179858e-01 4.285587694e+02 -5.635837069e-02 9.851221704e-01 1.623516043e-01 -7.963454847e+01 7.409584233e-01 -6.771992038e-02 6.681277028e-01 5.835992795e+02
6.699353481e-01 1.593760535e-01 -7.251109590e-01 4.275671444e+02 -5.982697739e-02 9.850992622e-01 1.612457022e-01 -7.943291309e+01 7.400049744e-01 -6.464299871e-02 6.694878047e-01 5.844959781e+02
6.708842578e-01 1.573982159e-01 -7.246655189e-01 4.265952352e+02 -6.283572124e-02 9.857663209e-01 1.559372718e-01 -7.922776166e+01 7.388951108e-01 -5.908098033e-02 6.712253370e-01 5.853810104e+02
6.718675348e-01 1.556265416e-01 -7.241370003e-01 4.256201524e+02 -6.245389266e-02 9.860982691e-01 1.539795927e-01 -7.903429063e+01 7.380335541e-01 -5.822871487e-02 6.722468965e-01 5.862738784e+02
6.721916189e-01 1.572894137e-01 -7.234766533e-01 4.246366615e+02 -6.078801096e-02 9.855986330e-01 1.577978213e-01 -7.883766928e+01 7.378775272e-01 -6.209166622e-02 6.720724513e-01 5.871856015e+02
6.728636164e-01 1.603122682e-01 -7.221873236e-01 4.236551885e+02 -5.906670311e-02 9.847624674e-01 1.635665228e-01 -7.863760244e+01 7.374046910e-01 -6.740073785e-02 6.720799523e-01 5.880959418e+02
6.732821268e-01 1.608582659e-01 -7.216756862e-01 4.226930592e+02 -5.666263826e-02 9.844025971e-01 1.665559134e-01 -7.843509789e+01 7.372113151e-01 -7.124707128e-02 6.718953279e-01 5.889848026e+02
6.736059891e-01 1.580969035e-01 -7.219836152e-01 4.217058665e+02 -5.554165798e-02 9.849198620e-01 1.638535618e-01 -7.822400746e+01 7.370007433e-01 -7.027257354e-02 6.722288819e-01 5.899043864e+02
6.733501828e-01 1.551861609e-01 -7.228532263e-01 4.207153790e+02 -5.617686651e-02 9.856351312e-01 1.592719303e-01 -7.801966048e+01 7.371863339e-01 -6.663815420e-02 6.723954681e-01 5.908226428e+02
6.731790615e-01 1.550822409e-01 -7.230348884e-01 4.197460793e+02 -5.718352101e-02 9.857512790e-01 1.581912161e-01 -7.782243612e+01 7.372652142e-01 -6.514533366e-02 6.724552694e-01 5.917146708e+02
6.730288187e-01 1.567765511e-01 -7.228093264e-01 4.187508652e+02 -5.807385813e-02 9.854605923e-01 1.596710621e-01 -7.762528940e+01 7.373327853e-01 -6.548690000e-02 6.723479974e-01 5.926238176e+02
6.727797312e-01 1.588102372e-01 -7.225972196e-01 4.177642623e+02 -5.751813486e-02 9.849614285e-01 1.629191472e-01 -7.742814708e+01 7.376036181e-01 -6.804625573e-02 6.717965538e-01 5.935392507e+02
6.727757479e-01 1.583076738e-01 -7.227111964e-01 4.167760895e+02 -5.512178386e-02 9.848498556e-01 1.644151784e-01 -7.721838331e+01 7.377902019e-01 -7.077741425e-02 6.713092995e-01 5.944519125e+02
6.731747281e-01 1.551774730e-01 -7.230184903e-01 4.157843728e+02 -5.072809406e-02 9.851217837e-01 1.642002794e-01 -7.700889916e+01 7.377414492e-01 -7.385812844e-02 6.710309464e-01 5.953732832e+02
6.731965504e-01 1.514856273e-01 -7.237807052e-01 4.147927045e+02 -4.742064167e-02 9.856208113e-01 1.621816851e-01 -7.679927597e+01 7.379415202e-01 -7.485800550e-02 6.707000758e-01 5.962951143e+02
6.724875660e-01 1.488558348e-01 -7.249844233e-01 4.138191228e+02 -4.370055830e-02 9.858423822e-01 1.618797658e-01 -7.659676815e+01 7.388171186e-01 -7.717990564e-02 6.694718272e-01 5.972161633e+02
6.717896554e-01 1.483760686e-01 -7.257294269e-01 4.128358947e+02 -4.206800660e-02 9.857940087e-01 1.626052127e-01 -7.639310649e+01 7.395464432e-01 -7.870650950e-02 6.684881029e-01 5.981172328e+02
6.711874639e-01 1.473433945e-01 -7.264966017e-01 4.118368527e+02 -3.915886966e-02 9.857258646e-01 1.637409622e-01 -7.618042442e+01 7.402526401e-01 -8.145209540e-02 6.673766440e-01 5.990453522e+02
6.707222365e-01 1.454228052e-01 -7.273127864e-01 4.108257627e+02 -3.652884764e-02 9.858775986e-01 1.634350142e-01 -7.597484977e+01 7.408085615e-01 -8.305160029e-02 6.665621553e-01 5.999695230e+02
6.698415222e-01 1.423444545e-01 -7.287320436e-01 4.098349128e+02 -3.488466733e-02 9.864013030e-01 1.606098672e-01 -7.577009561e+01 7.416841613e-01 -8.216158304e-02 6.656981893e-01 6.008816340e+02
6.691412975e-01 1.411010668e-01 -7.296166205e-01 4.088244735e+02 -3.530093056e-02 9.867356647e-01 1.584505359e-01 -7.556910637e+01 7.422962806e-01 -8.026965150e-02 6.652465819e-01 6.017926998e+02
6.687342685e-01 1.408439853e-01 -7.300393482e-01 4.078281424e+02 -3.650188762e-02 9.869288774e-01 1.569681600e-01 -7.537102333e+01 7.426049355e-01 -7.832217341e-02 6.651342322e-01 6.026802806e+02
6.682530196e-01 1.427155200e-01 -7.301165538e-01 4.068106531e+02 -3.766376142e-02 9.866581633e-01 1.583891092e-01 -7.517348223e+01 7.429800421e-01 -7.834506481e-02 6.647125002e-01 6.036027172e+02
6.676082325e-01 1.444971642e-01 -7.303559526e-01 4.058047861e+02 -3.833970582e-02 9.863560031e-01 1.600996633e-01 -7.497384470e+01 7.435249255e-01 -7.888222087e-02 6.640393666e-01 6.045108932e+02
6.671964251e-01 1.457677980e-01 -7.304797598e-01 4.048011432e+02 -3.956385332e-02 9.862159204e-01 1.606638103e-01 -7.476830289e+01 7.438303784e-01 -7.829372577e-02 6.637668722e-01 6.054031190e+02
6.673920094e-01 1.483599738e-01 -7.297788870e-01 4.038065217e+02 -3.887025572e-02 9.855588995e-01 1.648112827e-01 -7.456396910e+01 7.436914743e-01 -8.162704119e-02 6.635209244e-01 6.062839274e+02
6.673271992e-01 1.500047172e-01 -7.295018807e-01 4.027826000e+02 -3.757111821e-02 9.850398687e-01 1.681810577e-01 -7.435550235e+01 7.438163888e-01 -8.482359278e-02 6.629797416e-01 6.072238533e+02
6.674254697e-01 1.461576112e-01 -7.301925739e-01 4.017901519e+02 -3.401806770e-02 9.855103549e-01 1.661689242e-01 -7.415040858e+01 7.438991957e-01 -8.606563189e-02 6.627267111e-01 6.081168332e+02
6.670733726e-01 1.414286750e-01 -7.314444924e-01 4.008049656e+02 -3.421813788e-02 9.865955446e-01 1.595567309e-01 -7.394989075e+01 7.442057743e-01 -8.140737811e-02 6.629710433e-01 6.089937539e+02
6.668774025e-01 1.387103483e-01 -7.321434076e-01 3.997863028e+02 -3.362172142e-02 9.871223983e-01 1.563935757e-01 -7.374405978e+01 7.444085638e-01 -7.967941985e-02 6.629533016e-01 6.099143975e+02
6.675564067e-01 1.426991742e-01 -7.307567239e-01 3.987985319e+02 -3.300940450e-02 9.861693283e-01 1.624205504e-01 -7.354288310e+01 7.438271460e-01 -8.430303473e-02 6.630340679e-01 6.107855974e+02
6.674093430e-01 1.455873303e-01 -7.303212294e-01 3.977700722e+02 -3.343204563e-02 9.855725506e-01 1.659187929e-01 -7.333658429e+01 7.439402309e-01 -8.631961991e-02 6.626476108e-01 6.117037660e+02
6.670872947e-01 1.393356926e-01 -7.318333868e-01 3.967658535e+02 -3.074755527e-02 9.866661133e-01 1.598266831e-01 -7.314211352e+01 7.443447649e-01 -8.411626214e-02 6.624766602e-01 6.126107836e+02
6.661231347e-01 1.339770786e-01 -7.337098281e-01 3.957511816e+02 -3.282609760e-02 9.880469941e-01 1.506173456e-01 -7.294206907e+01 7.451190621e-01 -7.624486797e-02 6.625589056e-01 6.135350723e+02
6.663129693e-01 1.343503229e-01 -7.334691661e-01 3.947495849e+02 -3.529822161e-02 9.882151088e-01 1.489460787e-01 -7.275633816e+01 7.448362655e-01 -7.335454677e-02 6.632028710e-01 6.144135053e+02
6.653458706e-01 1.421218718e-01 -7.328821502e-01 3.937254183e+02 -3.879548867e-02 9.869673513e-01 1.561741259e-01 -7.256570393e+01 7.455265137e-01 -7.547728861e-02 6.621883390e-01 6.153369782e+02
6.655552168e-01 1.475382693e-01 -7.316206069e-01 3.927056792e+02 -3.962466340e-02 9.858691473e-01 1.627633574e-01 -7.236698618e+01 7.452960079e-01 -7.933778135e-02 6.619965084e-01 6.162442454e+02
6.656609465e-01 1.474173050e-01 -7.315487971e-01 3.916719303e+02 -3.820154859e-02 9.857403935e-01 1.638795850e-01 -7.215395693e+01 7.452758859e-01 -8.114194271e-02 6.618004526e-01 6.171772421e+02
6.656421199e-01 1.423224181e-01 -7.325741584e-01 3.906582720e+02 -3.329705813e-02 9.863325949e-01 1.613670292e-01 -7.193440370e+01 7.455279164e-01 -8.302012707e-02 6.612834372e-01 6.181149328e+02
6.653844292e-01 1.376970977e-01 -7.336914001e-01 3.896404075e+02 -2.947882322e-02 9.869207239e-01 1.584881183e-01 -7.172873195e+01 7.459186017e-01 -8.382716704e-02 6.607408310e-01 6.190549970e+02
6.657653106e-01 1.353417514e-01 -7.337841382e-01 3.886360344e+02 -2.758223309e-02 9.872041410e-01 1.570579649e-01 -7.153269646e+01 7.456512399e-01 -8.432433964e-02 6.609792993e-01 6.199441405e+02
6.652818674e-01 1.369367884e-01 -7.339266673e-01 3.876044484e+02 -3.074728740e-02 9.872267663e-01 1.563263131e-01 -7.132816549e+01 7.459588737e-01 -8.143480733e-02 6.609945014e-01 6.208630898e+02
6.645806804e-01 1.415715413e-01 -7.336825049e-01 3.865787515e+02 -3.795277502e-02 9.870155513e-01 1.560765468e-01 -7.112670534e+01 7.462520393e-01 -7.588017061e-02 6.613244995e-01 6.217639393e+02
6.638307862e-01 1.452007009e-01 -7.336521272e-01 3.855511416e+02 -4.362538743e-02 9.868196291e-01 1.558327474e-01 -7.092507355e+01 7.466093442e-01 -7.144071694e-02 6.614156871e-01 6.226835546e+02
6.643658163e-01 1.475222569e-01 -7.327040643e-01 3.845139950e+02 -4.468460751e-02 9.864135880e-01 1.580870622e-01 -7.073117333e+01 7.460706052e-01 -7.228704661e-02 6.619314428e-01 6.236034159e+02
6.649065879e-01 1.498439485e-01 -7.317417717e-01 3.834828724e+02 -4.369073509e-02 9.857954179e-01 1.621681649e-01 -7.052995294e+01 7.456476038e-01 -7.585634527e-02 6.620086600e-01 6.245201426e+02
6.648323313e-01 1.480334375e-01 -7.321776237e-01 3.824489725e+02 -4.023180427e-02 9.858404403e-01 1.627882923e-01 -7.031377556e+01 7.459084214e-01 -7.877009303e-02 6.613742505e-01 6.254634159e+02
6.652249896e-01 1.447816743e-01 -7.324711462e-01 3.814356789e+02 -3.846310256e-02 9.863618083e-01 1.600342863e-01 -7.010530770e+01 7.456515962e-01 -7.828569361e-02 6.617212761e-01 6.263601508e+02
6.655044101e-01 1.420199093e-01 -7.327579583e-01 3.804046662e+02 -3.678070406e-02 9.867781757e-01 1.578480656e-01 -6.987540411e+01 7.454871293e-01 -7.809723018e-02 6.619288200e-01 6.272912606e+02
6.654816059e-01 1.432262434e-01 -7.325438385e-01 3.793601263e+02 -3.743366736e-02 9.865864341e-01 1.588896740e-01 -6.966293494e+01 7.454749846e-01 -7.831635304e-02 6.619166081e-01 6.282348417e+02
6.653665982e-01 1.422926658e-01 -7.328301899e-01 3.783282605e+02 -3.881655627e-02 9.869326164e-01 1.563882527e-01 -6.945384759e+01 7.455069181e-01 -7.560957542e-02 6.621953089e-01 6.291560632e+02
6.652120879e-01 1.406195660e-01 -7.332932672e-01 3.772963982e+02 -4.019947006e-02 9.874258926e-01 1.528859354e-01 -6.924135705e+01 7.455715128e-01 -7.222357157e-02 6.625004717e-01 6.300877864e+02
6.656630220e-01 1.404269209e-01 -7.329208832e-01 3.762663743e+02 -4.046015873e-02 9.874821274e-01 1.524533489e-01 -6.904705866e+01 7.451548273e-01 -7.182846167e-02 6.630120326e-01 6.310022189e+02
6.657154549e-01 1.426933330e-01 -7.324353526e-01 3.752485666e+02 -3.934855535e-02 9.868933945e-01 1.565027766e-01 -6.884793896e+01 7.451675142e-01 -7.536604412e-02 6.626049616e-01 6.319319564e+02
6.657027708e-01 1.432516844e-01 -7.323378837e-01 3.742549935e+02 -3.789321203e-02 9.866240263e-01 1.585469494e-01 -6.865145348e+01 7.452542690e-01 -7.779450882e-02 6.622266145e-01 6.328422995e+02
6.659250528e-01 1.401657890e-01 -7.327328133e-01 3.732269131e+02 -3.509688097e-02 9.869896978e-01 1.569061674e-01 -6.845975031e+01 7.451926147e-01 -7.877111148e-02 6.621805486e-01 6.337665990e+02
6.650609928e-01 1.382543575e-01 -7.338798324e-01 3.721767433e+02 -3.778251147e-02 9.876844312e-01 1.518286741e-01 -6.825574267e+01 7.458326606e-01 -7.324750553e-02 6.620939853e-01 6.347068441e+02
6.644060258e-01 1.380623452e-01 -7.345089664e-01 3.711466610e+02 -4.105472818e-02 9.880474512e-01 1.485824469e-01 -6.806224077e+01 7.462433532e-01 -6.856400706e-02 6.621327924e-01 6.356284501e+02
6.638811709e-01 1.430640314e-01 -7.340262079e-01 3.700784122e+02 -4.392941179e-02 9.872964140e-01 1.526957684e-01 -6.786698155e+01 7.465467150e-01 -6.912650599e-02 6.617322181e-01 6.365765504e+02
6.642554419e-01 1.482605624e-01 -7.326551123e-01 3.690343084e+02 -4.268913012e-02 9.860575914e-01 1.608355202e-01 -6.766427057e+01 7.462857001e-01 -7.555946010e-02 6.613232355e-01 6.374988115e+02
6.647207721e-01 1.489329754e-01 -7.320964854e-01 3.679917808e+02 -3.697200469e-02 9.852853671e-01 1.668706575e-01 -6.745909581e+01 7.461764979e-01 -8.385531759e-02 6.604460006e-01 6.384320200e+02
6.643821546e-01 1.448900283e-01 -7.332143154e-01 3.669494433e+02 -3.146888483e-02 9.855821169e-01 1.662456020e-01 -6.724008285e+01 7.467302471e-01 -8.737717442e-02 6.593626980e-01 6.393868261e+02
6.641047969e-01 1.394309690e-01 -7.345228544e-01 3.659190268e+02 -2.811415436e-02 9.864183806e-01 1.618282198e-01 -6.703433593e+01 7.471107100e-01 -8.682040813e-02 6.590051621e-01 6.403179228e+02
6.636452690e-01 1.371523067e-01 -7.353667124e-01 3.648793666e+02 -3.100916804e-02 9.872472029e-01 1.561454191e-01 -6.683272981e+01 7.474044343e-01 -8.082205872e-02 6.594349144e-01 6.412333868e+02
6.635269076e-01 1.384434931e-01 -7.352315568e-01 3.638054247e+02 -3.653077522e-02 9.875527257e-01 1.529873081e-01 -6.662639671e+01 7.472600252e-01 -7.465261671e-02 6.603252543e-01 6.421784473e+02
6.632612112e-01 1.421966498e-01 -7.347548424e-01 3.627600808e+02 -3.958539398e-02 9.870748008e-01 1.552943470e-01 -6.642446341e+01 7.473403256e-01 -7.391515676e-02 6.603173384e-01 6.431161258e+02
6.629872266e-01 1.473280900e-01 -7.339907161e-01 3.616831069e+02 -4.117845738e-02 9.861367021e-01 1.607443295e-01 -6.621829318e+01 7.474973391e-01 -7.634683179e-02 6.598627806e-01 6.440867597e+02
6.628815156e-01 1.495198387e-01 -7.336429064e-01 3.606421889e+02 -4.417027422e-02 9.859600730e-01 1.610332925e-01 -6.600018808e+01 7.474202855e-01 -7.434078467e-02 6.601790398e-01 6.449931217e+02
6.624013091e-01 1.496265143e-01 -7.340547744e-01 3.595772127e+02 -4.811492026e-02 9.863253738e-01 1.576299829e-01 -6.578745767e+01 7.476024746e-01 -6.909532008e-02 6.605424866e-01 6.459412788e+02
6.627170886e-01 1.501816848e-01 -7.336562696e-01 3.585210690e+02 -5.326100475e-02 9.866560813e-01 1.538604647e-01 -6.557691070e+01 7.469734438e-01 -6.289068918e-02 6.618726731e-01 6.468672074e+02
6.626117948e-01 1.535493539e-01 -7.330540262e-01 3.574729174e+02 -5.620699127e-02 9.861933307e-01 1.557674186e-01 -6.537748566e+01 7.468509782e-01 -6.201056758e-02 6.620938800e-01 6.477931453e+02
6.628509692e-01 1.540472066e-01 -7.327332740e-01 3.564449726e+02 -5.372658587e-02 9.858698963e-01 1.586631701e-01 -6.517813841e+01 7.468212950e-01 -6.580277891e-02 6.617612467e-01 6.487149960e+02
6.627291748e-01 1.530035424e-01 -7.330620416e-01 3.554012826e+02 -5.115320760e-02 9.858679560e-01 1.595234235e-01 -6.497218643e+01 7.471100255e-01 -6.822235205e-02 6.611900789e-01 6.496689147e+02
6.629247846e-01 1.518330152e-01 -7.331285463e-01 3.543933808e+02 -4.920946228e-02 9.859393332e-01 1.596936447e-01 -6.477433392e+01 7.470670377e-01 -6.978801347e-02 6.610752411e-01 6.505655758e+02
6.625527294e-01 1.530365181e-01 -7.332146376e-01 3.533681698e+02 -5.016611193e-02 9.857733394e-01 1.604190902e-01 -6.457140542e+01 7.473334209e-01 -6.950357849e-02 6.608040637e-01 6.514897163e+02
6.627107987e-01 1.576678658e-01 -7.320896402e-01 3.523700858e+02 -5.235039633e-02 9.849474820e-01 1.647358299e-01 -6.437826510e+01 7.470433945e-01 -7.084703060e-02 6.609893078e-01 6.523675380e+02
6.626540787e-01 1.631658925e-01 -7.309353347e-01 3.513588302e+02 -5.517404814e-02 9.839623209e-01 1.696289347e-01 -6.417314447e+01 7.468904849e-01 -7.207664411e-02 6.610291680e-01 6.532639419e+02
6.624774870e-01 1.639706268e-01 -7.309153253e-01 3.503476518e+02 -5.700359195e-02 9.839541974e-01 1.690701862e-01 -6.395839919e+01 7.469097467e-01 -7.034039312e-02 6.611944187e-01 6.541720694e+02
6.621929053e-01 1.564779534e-01 -7.328132137e-01 3.493530778e+02 -5.562366257e-02 9.855201074e-01 1.601752978e-01 -6.375422381e+01 7.472660599e-01 -6.530519090e-02 6.613083001e-01 6.550745243e+02
6.622147690e-01 1.505181484e-01 -7.340407937e-01 3.483649494e+02 -5.568052792e-02 9.867933065e-01 1.521139348e-01 -6.355960909e+01 7.472424496e-01 -5.986031526e-02 6.618500314e-01 6.559519574e+02
6.625365053e-01 1.488276971e-01 -7.340951544e-01 3.473880060e+02 -5.508108137e-02 9.870885841e-01 1.504067872e-01 -6.336916197e+01 7.470016423e-01 -5.921523221e-02 6.621798114e-01 6.568209255e+02
6.621229989e-01 1.509739176e-01 -7.340299794e-01 3.463968371e+02 -5.535691463e-02 9.866740213e-01 1.530032277e-01 -6.318119222e+01 7.473478082e-01 -6.067332105e-02 6.616570121e-01 6.577238633e+02
6.627318769e-01 1.518096855e-01 -7.333077654e-01 3.454299698e+02 -5.442233301e-02 9.864107644e-01 1.550226226e-01 -6.299537871e+01 7.468766090e-01 -6.283011426e-02 6.619876945e-01 6.585719209e+02
6.623955270e-01 1.575597539e-01 -7.323981771e-01 3.444395688e+02 -5.645989570e-02 9.853522146e-01 1.609139315e-01 -6.279747961e+01 7.470237252e-01 -6.523754376e-02 6.615887067e-01 6.594504754e+02
6.623700011e-01 1.638412537e-01 -7.310417398e-01 3.434519274e+02 -5.819425270e-02 9.840970757e-01 1.678284080e-01 -6.259043963e+01 7.469132551e-01 -6.862207506e-02 6.613710004e-01 6.603372436e+02
6.624138979e-01 1.705956137e-01 -7.294552518e-01 3.424727228e+02 -6.000967118e-02 9.826804901e-01 1.753222569e-01 -6.238239720e+01 7.467306524e-01 -7.236152977e-02 6.611786005e-01 6.612133780e+02
6.618200219e-01 1.722039868e-01 -7.296163688e-01 3.415014047e+02 -6.293141006e-02 9.825861157e-01 1.748260933e-01 -6.217310791e+01 7.470166640e-01 -6.978762198e-02 6.611322043e-01 6.620750369e+02
6.617847389e-01 1.682288905e-01 -7.305751157e-01 3.405273280e+02 -6.509185361e-02 9.837114416e-01 1.675555141e-01 -6.196565422e+01 7.468627785e-01 -6.333119364e-02 6.619555499e-01 6.629409910e+02
6.614764652e-01 1.627478102e-01 -7.320942810e-01 3.395644234e+02 -6.865518123e-02 9.852118580e-01 1.569842695e-01 -6.176613383e+01 7.468168129e-01 -5.357933415e-02 6.628679378e-01 6.637910098e+02
6.609203076e-01 1.631145293e-01 -7.325148445e-01 3.385874844e+02 -7.195792355e-02 9.853696995e-01 1.544947008e-01 -6.157178769e+01 7.469982625e-01 -4.939843799e-02 6.629882277e-01 6.646655754e+02
6.604112006e-01 1.690863055e-01 -7.316193460e-01 3.376189000e+02 -7.396469898e-02 9.842277455e-01 1.607014881e-01 -6.139130093e+01 7.472524804e-01 -5.201505800e-02 6.625014447e-01 6.655346693e+02
6.605336447e-01 1.746061301e-01 -7.302109309e-01 3.366637812e+02 -7.302036142e-02 9.829111420e-01 1.689784417e-01 -6.120245607e+01 7.472371317e-01 -5.829567989e-02 6.619956818e-01 6.663893829e+02
6.604691226e-01 1.782187266e-01 -7.293960677e-01 3.356939077e+02 -7.545028417e-02 9.822588600e-01 1.716822255e-01 -6.100158506e+01 7.470527375e-01 -5.835766830e-02 6.621983010e-01 6.672461168e+02
6.590698935e-01 1.779412475e-01 -7.307282586e-01 3.347268551e+02 -7.839403948e-02 9.825688390e-01 1.685611201e-01 -6.078938236e+01 7.479847927e-01 -5.380881949e-02 6.615310732e-01 6.681306780e+02
6.592609902e-01 1.764003737e-01 -7.309294459e-01 3.337809942e+02 -8.010156427e-02 9.830362160e-01 1.649955682e-01 -6.059174827e+01 7.476353965e-01 -5.022654968e-02 6.622073750e-01 6.689481072e+02
6.591354557e-01 1.776731771e-01 -7.307343519e-01 3.328139122e+02 -8.118454144e-02 9.828226519e-01 1.657368551e-01 -6.038904421e+01 7.476292672e-01 -4.991870424e-02 6.622375720e-01 6.698050014e+02
6.594641524e-01 1.773328812e-01 -7.305204179e-01 3.318605798e+02 -7.752989883e-02 9.826400184e-01 1.685458662e-01 -6.018420538e+01 7.477273209e-01 -5.451278268e-02 6.617644672e-01 6.706488951e+02
6.589765529e-01 1.761837519e-01 -7.312381201e-01 3.308964333e+02 -7.395306626e-02 9.826457252e-01 1.701126768e-01 -5.995688856e+01 7.485191024e-01 -5.802296419e-02 6.605698214e-01 6.715402081e+02
6.586404766e-01 1.732213351e-01 -7.322479714e-01 3.299221028e+02 -6.858898146e-02 9.829112977e-01 1.708242737e-01 -5.974716785e+01 7.493252126e-01 -6.228763851e-02 6.592662405e-01 6.724503571e+02
6.583022009e-01 1.709431156e-01 -7.330870777e-01 3.289715488e+02 -6.535261736e-02 9.831753114e-01 1.705735688e-01 -5.955008029e+01 7.499114932e-01 -6.437979646e-02 6.583980514e-01 6.733094580e+02
6.583718089e-01 1.695085638e-01 -7.333576263e-01 3.280181906e+02 -6.275229776e-02 9.832810565e-01 1.709400863e-01 -5.935242545e+01 7.500724701e-01 -6.652225768e-02 6.580015797e-01 6.741558046e+02
6.579575255e-01 1.700771158e-01 -7.335977572e-01 3.270650562e+02 -6.249815775e-02 9.831341661e-01 1.718755121e-01 -5.914238440e+01 7.504571106e-01 -6.723827827e-02 6.574900296e-01 6.750001139e+02
6.565676970e-01 1.700621721e-01 -7.348453694e-01 3.261169627e+02 -6.199486859e-02 9.831217329e-01 1.721287151e-01 -5.894193509e+01 7.517150361e-01 -6.745751199e-02 6.560289541e-01 6.758576001e+02
6.565449412e-01 1.665543733e-01 -7.356686625e-01 3.251852663e+02 -5.863780853e-02 9.836352015e-01 1.703625482e-01 -5.875428978e+01 7.520042205e-01 -6.871267100e-02 6.555670989e-01 6.766564243e+02
6.557611207e-01 1.627982359e-01 -7.372069499e-01 3.242356401e+02 -5.818033842e-02 9.844672012e-01 1.656483566e-01 -5.854830407e+01 7.527233229e-01 -6.573480214e-02 6.550469716e-01 6.775068692e+02
6.542163874e-01 1.610567348e-01 -7.389598410e-01 3.232758623e+02 -6.127050894e-02 9.851376424e-01 1.604672872e-01 -5.834939061e+01 7.538214929e-01 -5.970388336e-02 6.543612176e-01 6.783597492e+02
6.526623091e-01 1.635791001e-01 -7.397795538e-01 3.223171711e+02 -6.720634283e-02 9.850651545e-01 1.585242847e-01 -5.815402569e+01 7.546623203e-01 -5.374494739e-02 6.539084515e-01 6.791883686e+02
6.520420498e-01 1.686955709e-01 -7.391772248e-01 3.213565201e+02 -7.001359387e-02 9.841641907e-01 1.628463767e-01 -5.795925772e+01 7.549432177e-01 -5.443023125e-02 6.535274194e-01 6.800227056e+02
6.513848706e-01 1.724562177e-01 -7.388887625e-01 3.204027798e+02 -7.100023565e-02 9.834081960e-01 1.669349771e-01 -5.777099167e+01 7.554182397e-01 -5.627764221e-02 6.528216526e-01 6.808579665e+02
6.518312099e-01 1.699675459e-01 -7.390717875e-01 3.194584969e+02 -6.821859205e-02 9.837512258e-01 1.660715188e-01 -5.758728132e+01 7.552895454e-01 -5.783216226e-02 6.528346985e-01 6.816577602e+02
6.515508260e-01 1.654648080e-01 -7.403397318e-01 3.185022337e+02 -6.412659071e-02 9.844427566e-01 1.635855721e-01 -5.738621359e+01 7.558897416e-01 -5.910885163e-02 6.520251853e-01 6.825076369e+02
6.517884685e-01 1.627696136e-01 -7.407279157e-01 3.175388316e+02 -5.960360097e-02 9.846701428e-01 1.639271806e-01 -5.719121518e+01 7.560550265e-01 -6.269579491e-02 6.514982995e-01 6.833608303e+02
6.513564847e-01 1.641637672e-01 -7.408002344e-01 3.165707338e+02 -5.929664757e-02 9.843419957e-01 1.659962141e-01 -5.699739363e+01 7.564513450e-01 -6.419574011e-02 6.508919031e-01 6.842198893e+02
6.514291729e-01 1.640047304e-01 -7.407715445e-01 3.156306237e+02 -5.896136501e-02 9.843477313e-01 1.660816104e-01 -5.680132414e+01 7.564149589e-01 -6.451350467e-02 6.509027712e-01 6.850316222e+02
6.511060679e-01 1.664391107e-01 -7.405126000e-01 3.146702021e+02 -6.021289277e-02 9.839116705e-01 1.682029497e-01 -5.660980926e+01 7.565945386e-01 -6.492955541e-02 6.506526392e-01 6.858568352e+02
6.512140821e-01 1.698637316e-01 -7.396394608e-01 3.136898158e+02 -5.943093043e-02 9.830498029e-01 1.734388927e-01 -5.639462707e+01 7.565634036e-01 -6.898838795e-02 6.502710347e-01 6.867122799e+02
6.517907570e-01 1.734358007e-01 -7.383013152e-01 3.127174360e+02 -5.638304781e-02 9.818875213e-01 1.808807546e-01 -5.618297034e+01 7.563000469e-01 -7.626872564e-02 6.497640499e-01 6.875579531e+02
6.527817208e-01 1.718545234e-01 -7.377953970e-01 3.117444971e+02 -5.045626351e-02 9.816288180e-01 1.840082314e-01 -5.596895289e+01 7.558638704e-01 -8.289081095e-02 6.494604861e-01 6.884033030e+02
6.537036339e-01 1.652305559e-01 -7.384919922e-01 3.107621940e+02 -4.119376365e-02 9.821949417e-01 1.832925810e-01 -5.573690708e+01 7.556286343e-01 -8.939776166e-02 6.488708710e-01 6.892804368e+02
6.542878952e-01 1.602994477e-01 -7.390611865e-01 3.097944248e+02 -3.484280616e-02 9.826287291e-01 1.822820880e-01 -5.551250129e+01 7.554424724e-01 -9.351399802e-02 6.485073655e-01 6.901268856e+02
6.546844581e-01 1.571053660e-01 -7.393958103e-01 3.088281935e+02 -3.195103980e-02 9.830404550e-01 1.805840383e-01 -5.529518191e+01 7.552267152e-01 -9.460109827e-02 6.486009873e-01 6.909635471e+02
6.549971845e-01 1.541297736e-01 -7.397450244e-01 3.078461319e+02 -3.212834661e-02 9.837714249e-01 1.765263518e-01 -5.508105839e+01 7.549479834e-01 -9.185747886e-02 6.493194483e-01 6.918105464e+02
6.561838409e-01 1.519221010e-01 -7.391498104e-01 3.068411733e+02 -3.218768102e-02 9.842675272e-01 1.737279138e-01 -5.486666735e+01 7.539142658e-01 -9.020593143e-02 6.507504666e-01 6.926732872e+02
6.567001330e-01 1.532463486e-01 -7.384175593e-01 3.058470191e+02 -3.351633668e-02 9.840996378e-01 1.744263686e-01 -5.465687816e+01 7.534066568e-01 -8.979676795e-02 6.513946192e-01 6.935343081e+02
6.577488570e-01 1.530951525e-01 -7.375149594e-01 3.048409691e+02 -2.896693369e-02 9.835438302e-01 1.783324168e-01 -5.443533222e+01 7.526801165e-01 -9.593439639e-02 6.513595273e-01 6.944402182e+02
6.590156101e-01 1.573513811e-01 -7.354855325e-01 3.038246674e+02 -2.587711410e-02 9.820357351e-01 1.869122518e-01 -5.420299227e+01 7.516839766e-01 -1.041458486e-01 6.512486788e-01 6.953318850e+02
6.601746715e-01 1.605669158e-01 -7.337490502e-01 3.028600707e+02 -2.310741054e-02 9.807628083e-01 1.938307546e-01 -5.399073261e+01 7.507565855e-01 -1.110071142e-01 6.511850504e-01 6.961887225e+02
6.612751676e-01 1.612288538e-01 -7.326120457e-01 3.018664622e+02 -2.309959647e-02 9.805427895e-01 1.949416494e-01 -5.375387509e+01 7.497876775e-01 -1.119870292e-01 6.521329189e-01 6.970584789e+02
6.626591675e-01 1.597891644e-01 -7.316763292e-01 3.008770388e+02 -2.421654357e-02 9.810346548e-01 1.923137151e-01 -5.352061852e+01 7.485294829e-01 -1.097197746e-01 6.539611489e-01 6.979041783e+02
6.625740345e-01 1.599357706e-01 -7.317213937e-01 2.998667576e+02 -2.914407645e-02 9.817010838e-01 1.881850281e-01 -5.327828942e+01 7.484292028e-01 -1.033611691e-01 6.551108281e-01 6.988022826e+02
6.623399758e-01 1.600364429e-01 -7.319112606e-01 2.988524660e+02 -3.544814366e-02 9.825192998e-01 1.827546295e-01 -5.304325010e+01 7.483643401e-01 -9.510080135e-02 6.564348041e-01 6.997015098e+02
6.624572254e-01 1.620775244e-01 -7.313557962e-01 2.978314678e+02 -4.041272411e-02 9.826236840e-01 1.811560306e-01 -5.280454790e+01 7.480088477e-01 -9.045204139e-02 6.574961536e-01 7.006074462e+02
6.629199160e-01 1.666937387e-01 -7.298975151e-01 2.968273184e+02 -4.440700560e-02 9.819371551e-01 1.839223786e-01 -5.257897708e+01 7.473721983e-01 -8.951324476e-02 6.583480661e-01 7.014967572e+02
6.631220249e-01 1.701078329e-01 -7.289255828e-01 2.958184394e+02 -4.833507801e-02 9.815328150e-01 1.850866103e-01 -5.234148798e+01 7.469490614e-01 -8.750233294e-02 6.590982032e-01 7.023869453e+02
6.633163510e-01 1.722097001e-01 -7.282549263e-01 2.948114773e+02 -4.760999417e-02 9.809015180e-01 1.885881766e-01 -5.209949148e+01 7.468230761e-01 -9.042140836e-02 6.588469185e-01 7.033033928e+02
6.641684168e-01 1.733859074e-01 -7.271984882e-01 2.938025805e+02 -4.351442449e-02 9.800497375e-01 1.939304178e-01 -5.186137868e+01 7.463154889e-01 -9.715883488e-02 6.584628705e-01 7.042224399e+02
6.639108457e-01 1.688556959e-01 -7.284985538e-01 2.928035777e+02 -4.099068099e-02 9.809263833e-01 1.900084066e-01 -5.162755671e+01 7.466874534e-01 -9.628699011e-02 6.581691746e-01 7.051249235e+02
6.629778711e-01 1.623372123e-01 -7.308262255e-01 2.918126883e+02 -4.259383206e-02 9.828045260e-01 1.796692214e-01 -5.139455332e+01 7.474263227e-01 -8.798802838e-02 6.584922163e-01 7.060023332e+02
6.627540734e-01 1.607828953e-01 -7.313726128e-01 2.908200312e+02 -4.508175659e-02 9.834731139e-01 1.753518448e-01 -5.116615230e+01 7.474788783e-01 -8.324358733e-02 6.590491876e-01 7.068830489e+02
6.622194035e-01 1.693025145e-01 -7.299329559e-01 2.898121869e+02 -5.075342101e-02 9.820376204e-01 1.817311265e-01 -5.094073229e+01 7.475891598e-01 -8.329928355e-02 6.589170490e-01 7.077689614e+02
6.614703752e-01 1.781387643e-01 -7.285077373e-01 2.887917239e+02 -5.233360378e-02 9.799767171e-01 1.921114983e-01 -5.070151323e+01 7.481431258e-01 -8.895062960e-02 6.575482103e-01 7.086895923e+02
6.616511320e-01 1.802427986e-01 -7.278257436e-01 2.877980278e+02 -4.891947075e-02 9.789866010e-01 1.979699988e-01 -5.046728933e+01 7.482143175e-01 -9.538222364e-02 6.565649751e-01 7.095788218e+02
6.612773795e-01 1.766565387e-01 -7.290436850e-01 2.868294135e+02 -4.754524550e-02 9.797912168e-01 1.942900440e-01 -5.022100053e+01 7.486332059e-01 -9.381705015e-02 6.563129468e-01 7.104409289e+02
6.606428200e-01 1.719227191e-01 -7.307486866e-01 2.858520526e+02 -4.789470823e-02 9.810922277e-01 1.875210327e-01 -4.998774961e+01 7.491709827e-01 -8.888542876e-02 6.563857245e-01 7.113004857e+02
6.605364009e-01 1.729062075e-01 -7.306128294e-01 2.848802338e+02 -5.081122570e-02 9.811841128e-01 1.862685053e-01 -4.975557493e+01 7.490726817e-01 -8.591379469e-02 6.568933988e-01 7.121394120e+02
6.598891377e-01 1.776563866e-01 -7.300578979e-01 2.838856008e+02 -5.344083719e-02 9.802814726e-01 1.902427694e-01 -4.952274292e+01 7.494600742e-01 -8.652423179e-02 6.563712017e-01 7.130177452e+02
6.595532748e-01 1.811211920e-01 -7.295098296e-01 2.828901543e+02 -5.549542482e-02 9.796194118e-01 1.930442068e-01 -4.927602138e+01 7.496063871e-01 -8.683848089e-02 6.561625886e-01 7.138902163e+02
6.589560903e-01 1.817760511e-01 -7.298865243e-01 2.818991152e+02 -5.331707363e-02 9.792068012e-01 1.957328028e-01 -4.903102711e+01 7.502893846e-01 -9.006390893e-02 6.549460524e-01 7.147839676e+02
6.586302458e-01 1.789231305e-01 -7.308848834e-01 2.809212016e+02 -5.104005876e-02 9.797043885e-01 1.938407168e-01 -4.879190902e+01 7.507337156e-01 -9.036495154e-02 6.543951893e-01 7.156631378e+02
6.587315324e-01 1.725837075e-01 -7.323166202e-01 2.799435193e+02 -4.863849987e-02 9.810681865e-01 1.874553541e-01 -4.854815466e+01 7.508042785e-01 -8.786397083e-02 6.546547625e-01 7.165360985e+02
6.590437565e-01 1.691934893e-01 -7.328266441e-01 2.789560553e+02 -4.614976510e-02 9.816292022e-01 1.851332187e-01 -4.831795588e+01 7.506873692e-01 -8.819111442e-02 6.547448366e-01 7.173961901e+02
6.587052902e-01 1.692150548e-01 -7.331259140e-01 2.779800713e+02 -4.400971729e-02 9.813787771e-01 1.869728341e-01 -4.809393921e+01 7.511128313e-01 -9.089533075e-02 6.538864989e-01 7.182600440e+02
6.592939218e-01 1.664996111e-01 -7.332185241e-01 2.769906131e+02 -3.891709459e-02 9.814228734e-01 1.878685798e-01 -4.787110757e+01 7.508774763e-01 -9.532587809e-02 6.535258163e-01 7.191379518e+02
6.590885933e-01 1.647065933e-01 -7.338078525e-01 2.760203628e+02 -3.835053593e-02 9.818147731e-01 1.859273722e-01 -4.764151880e+01 7.510868542e-01 -9.440068578e-02 6.534195038e-01 7.199983540e+02
6.577422968e-01 1.649572941e-01 -7.349586125e-01 2.750267653e+02 -4.238817271e-02 9.822854574e-01 1.825336213e-01 -4.741863511e+01 7.520494092e-01 -8.890653071e-02 6.530829312e-01 7.208757625e+02
6.572994355e-01 1.667045807e-01 -7.349605669e-01 2.740352347e+02 -4.589149053e-02 9.822719040e-01 1.817577446e-01 -4.719516142e+01 7.522309640e-01 -8.574082704e-02 6.532970896e-01 7.217435784e+02
6.573708747e-01 1.720668452e-01 -7.336596853e-01 2.730545982e+02 -5.087744208e-02 9.814949842e-01 1.846052055e-01 -4.697056571e+01 7.518477366e-01 -8.402735725e-02 6.539605372e-01 7.225835622e+02
6.571192700e-01 1.754539178e-01 -7.330826609e-01 2.720747991e+02 -5.346436388e-02 9.809326604e-01 1.868493444e-01 -4.674814786e+01 7.518881744e-01 -8.358850665e-02 6.539702859e-01 7.234399859e+02
6.577977614e-01 1.723489138e-01 -7.332107180e-01 2.711036848e+02 -4.876117347e-02 9.811702426e-01 1.868884776e-01 -4.652361027e+01 7.516145641e-01 -8.718260720e-02 6.538155244e-01 7.242918468e+02
6.574260199e-01 1.710518946e-01 -7.338475848e-01 2.701217725e+02 -4.626839644e-02 9.812198197e-01 1.872615844e-01 -4.629484042e+01 7.520972436e-01 -8.915668712e-02 6.529937376e-01 7.251831493e+02
6.577698579e-01 1.717803920e-01 -7.333691506e-01 2.691515945e+02 -4.640862298e-02 9.810396271e-01 1.881687801e-01 -4.607145214e+01 7.517879048e-01 -8.973709931e-02 6.532703875e-01 7.260348870e+02
6.576505237e-01 1.768556418e-01 -7.322689879e-01 2.681774380e+02 -4.942958797e-02 9.800874960e-01 1.923154075e-01 -4.584335579e+01 7.516997436e-01 -9.028057408e-02 6.532969566e-01 7.268882962e+02
6.579547121e-01 1.793677392e-01 -7.313841747e-01 2.671919505e+02 -5.099144988e-02 9.796021016e-01 1.943697368e-01 -4.560404470e+01 7.513291348e-01 -9.059214474e-02 6.536800398e-01 7.277583357e+02
6.580294714e-01 1.773833187e-01 -7.318007741e-01 2.662088287e+02 -5.213802122e-02 9.802578377e-01 1.907254527e-01 -4.536350280e+01 7.511849583e-01 -8.734832452e-02 6.542869620e-01 7.286296316e+02
6.578803599e-01 1.752633305e-01 -7.324453543e-01 2.652375029e+02 -5.081653534e-02 9.806586815e-01 1.890138360e-01 -4.512280354e+01 7.514060898e-01 -8.712815518e-02 6.540623615e-01 7.294902760e+02
6.585218518e-01 1.760927320e-01 -7.316695432e-01 2.642631679e+02 -5.082296532e-02 9.804252220e-01 1.902193741e-01 -4.488593304e+01 7.508435236e-01 -8.807799867e-02 6.545809875e-01 7.303608159e+02
6.598217454e-01 1.789204468e-01 -7.298100698e-01 2.632652644e+02 -5.180099812e-02 9.797585413e-01 1.933645709e-01 -4.465185569e+01 7.496345249e-01 -8.978125862e-02 6.557342485e-01 7.312382074e+02
6.611069360e-01 1.816966403e-01 -7.279587558e-01 2.622917482e+02 -5.226826957e-02 9.790302860e-01 1.968952184e-01 -4.441402254e+01 7.484688686e-01 -9.211965003e-02 6.567406816e-01 7.320967549e+02
6.618202504e-01 1.856530726e-01 -7.263104659e-01 2.613332198e+02 -5.290362258e-02 9.780006956e-01 2.017816791e-01 -4.418095400e+01 7.477935296e-01 -9.511874664e-02 6.570823853e-01 7.329501072e+02
6.636260028e-01 1.844794371e-01 -7.249605960e-01 2.603463918e+02 -4.989688283e-02 9.778729108e-01 2.031621802e-01 -4.393561460e+01 7.463985728e-01 -9.865043163e-02 6.581468398e-01 7.338355062e+02
6.641362386e-01 1.842927045e-01 -7.245407205e-01 2.593641431e+02 -4.975658417e-02 9.778877561e-01 2.031251309e-01 -4.367854674e+01 7.459539791e-01 -9.885208902e-02 6.586204715e-01 7.347299446e+02
6.659684322e-01 1.833710573e-01 -7.230913516e-01 2.583837432e+02 -4.835610969e-02 9.778904130e-01 2.034503055e-01 -4.342708095e+01 7.444109981e-01 -1.005255963e-01 6.601112561e-01 7.356153470e+02
6.664685232e-01 1.849290497e-01 -7.222333101e-01 2.573984053e+02 -5.158620923e-02 9.778644393e-01 2.027806732e-01 -4.315863655e+01 7.437463080e-01 -9.788965718e-02 6.612556574e-01 7.365064244e+02
6.666610937e-01 1.871075168e-01 -7.214941187e-01 2.564212015e+02 -5.522868428e-02 9.777187301e-01 2.025237696e-01 -4.290384024e+01 7.433120331e-01 -9.516754683e-02 6.621407399e-01 7.373949629e+02
6.672589338e-01 1.894405475e-01 -7.203317251e-01 2.554243590e+02 -5.878365909e-02 9.774917683e-01 2.026186672e-01 -4.264525937e+01 7.425025230e-01 -9.285538132e-02 6.633761237e-01 7.382937011e+02
6.675315061e-01 1.914017272e-01 -7.195603291e-01 2.544364944e+02 -6.058774672e-02 9.771538383e-01 2.037142636e-01 -4.239135515e+01 7.421123994e-01 -9.238915024e-02 6.638775727e-01 7.391999243e+02
6.683005044e-01 1.892285277e-01 -7.194212953e-01 2.534505544e+02 -5.926973317e-02 9.775754952e-01 2.020723880e-01 -4.213688900e+01 7.415264895e-01 -9.240517058e-02 6.645297208e-01 7.401055498e+02
6.689737393e-01 1.865894934e-01 -7.194848831e-01 2.524684448e+02 -5.682497115e-02 9.779842981e-01 2.007925180e-01 -4.187433093e+01 7.411106926e-01 -9.344021387e-02 6.648487555e-01 7.410136962e+02
6.697395601e-01 1.868281208e-01 -7.187100771e-01 2.514830599e+02 -5.453630429e-02 9.775954939e-01 2.033048002e-01 -4.161574384e+01 7.405907866e-01 -9.696547599e-02 6.649232913e-01 7.419171997e+02
6.704081472e-01 1.872846502e-01 -7.179675312e-01 2.504780126e+02 -5.282493999e-02 9.772127318e-01 2.055840523e-01 -4.135527416e+01 7.401097499e-01 -9.989863183e-02 6.650246774e-01 7.428444780e+02
6.702423496e-01 1.869404320e-01 -7.182119936e-01 2.494688786e+02 -5.305003051e-02 9.773477611e-01 2.048830107e-01 -4.109094798e+01 7.402438024e-01 -9.922010231e-02 6.649770554e-01 7.437783818e+02
6.702734349e-01 1.859042586e-01 -7.184518976e-01 2.484571520e+02 -5.240522994e-02 9.775551343e-01 2.040579606e-01 -4.082332961e+01 7.402615851e-01 -9.912399330e-02 6.649715931e-01 7.446981625e+02
6.699579732e-01 1.873399376e-01 -7.183732052e-01 2.474491841e+02 -5.447599244e-02 9.774343408e-01 2.040942812e-01 -4.056258995e+01 7.403976502e-01 -9.760049767e-02 6.650454589e-01 7.456102160e+02
6.692644627e-01 1.884696704e-01 -7.187240516e-01 2.464126249e+02 -5.710166619e-02 9.774810118e-01 2.031508585e-01 -4.029049408e+01 7.408268885e-01 -9.492130931e-02 6.649552363e-01 7.465630535e+02
6.686558422e-01 1.908654449e-01 -7.186582962e-01 2.453838549e+02 -6.067517103e-02 9.772768312e-01 2.030973139e-01 -4.002356260e+01 7.410923616e-01 -9.219749040e-02 6.650426561e-01 7.474982854e+02
6.681926754e-01 1.930738995e-01 -7.184991425e-01 2.443528758e+02 -6.385508107e-02 9.770591956e-01 2.031695278e-01 -3.975735751e+01 7.412429272e-01 -8.987656933e-02 6.651925475e-01 7.484378161e+02
6.679705238e-01 1.938524008e-01 -7.184960863e-01 2.433207584e+02 -6.563236817e-02 9.770603508e-01 2.025967993e-01 -3.948726676e+01 7.412879141e-01 -8.817209049e-02 6.653705064e-01 7.493680595e+02
6.682836238e-01 1.922876621e-01 -7.186253914e-01 2.422881215e+02 -6.036407507e-02 9.768470078e-01 2.052464417e-01 -3.921144970e+01 7.414534218e-01 -9.378367876e-02 6.644181251e-01 7.503445772e+02
6.658902201e-01 1.977555408e-01 -7.193628854e-01 2.412856125e+02 -6.396919396e-02 9.758125193e-01 2.090403534e-01 -3.895861229e+01 7.433021976e-01 -9.318086303e-02 6.624342758e-01 7.512454455e+02
6.648479681e-01 1.938655402e-01 -7.213829300e-01 2.402788861e+02 -6.052513294e-02 9.765400082e-01 2.066550765e-01 -3.869013573e+01 7.445225904e-01 -9.373240994e-02 6.609843778e-01 7.521727495e+02
6.631874027e-01 1.917442845e-01 -7.234753612e-01 2.392568656e+02 -6.379649346e-02 9.775911589e-01 2.006128948e-01 -3.842363627e+01 7.457294927e-01 -8.688875348e-02 6.605587546e-01 7.530868439e+02
6.613983584e-01 1.873756106e-01 -7.262524300e-01 2.382245619e+02 -6.367532686e-02 9.788235227e-01 1.945506724e-01 -3.816513571e+01 7.473270130e-01 -8.243113450e-02 6.593234743e-01 7.540276132e+02
6.602131490e-01 1.858800272e-01 -7.277136892e-01 2.371973307e+02 -6.165447183e-02 9.790345411e-01 1.941393658e-01 -3.791131656e+01 7.485434683e-01 -8.330655890e-02 6.578318123e-01 7.549416692e+02
6.589826003e-01 1.893379148e-01 -7.279375568e-01 2.361899040e+02 -5.964956309e-02 9.779056394e-01 2.003559084e-01 -3.766773167e+01 7.497892118e-01 -8.860990028e-02 6.557167250e-01 7.558322107e+02
6.567198847e-01 1.977425693e-01 -7.277478061e-01 2.351471052e+02 -6.210913794e-02 9.759141831e-01 2.091266656e-01 -3.740064669e+01 7.515726498e-01 -9.213785084e-02 6.531838703e-01 7.567678224e+02
6.541788689e-01 2.065648519e-01 -7.275857128e-01 2.340998149e+02 -6.931240579e-02 9.743075532e-01 2.142908821e-01 -3.711450564e+01 7.531572199e-01 -8.975385070e-02 6.516889200e-01 7.576870378e+02
6.518991408e-01 2.082003785e-01 -7.291639820e-01 2.330553554e+02 -7.539639066e-02 9.746012840e-01 2.108737098e-01 -3.683096283e+01 7.545481393e-01 -8.249205776e-02 6.510392967e-01 7.586007414e+02
6.496091926e-01 2.065539551e-01 -7.316716206e-01 2.320341179e+02 -7.932926278e-02 9.755482518e-01 2.049694525e-01 -3.656163230e+01 7.561182215e-01 -7.510707030e-02 6.501108852e-01 7.594893278e+02
6.481263475e-01 2.049657450e-01 -7.334311700e-01 2.310217512e+02 -7.933201569e-02 9.760308168e-01 2.026580271e-01 -3.630838839e+01 7.573893774e-01 -7.316343380e-02 6.488516340e-01 7.603601826e+02
6.466588943e-01 2.053835689e-01 -7.346086468e-01 2.300007536e+02 -7.883272669e-02 9.759061934e-01 2.034514754e-01 -3.604578974e+01 7.586947183e-01 -7.365250344e-02 6.472693668e-01 7.612438282e+02
6.450409467e-01 2.065010603e-01 -7.357169899e-01 2.289677992e+02 -7.825206632e-02 9.755827911e-01 2.052189849e-01 -3.577765770e+01 7.601307725e-01 -7.480327362e-02 6.454499818e-01 7.621437213e+02
6.441113333e-01 2.074233656e-01 -7.362717825e-01 2.279382872e+02 -7.707777487e-02 9.752332519e-01 2.073140635e-01 -3.551379843e+01 7.610385055e-01 -7.678314715e-02 6.441465217e-01 7.630273119e+02
6.419953296e-01 2.076968579e-01 -7.380406574e-01 2.269051335e+02 -7.624248441e-02 9.751320146e-01 2.080976637e-01 -3.524772019e+01 7.629083040e-01 -7.732767489e-02 6.418655236e-01 7.639256636e+02
6.403091365e-01 2.083015342e-01 -7.393339439e-01 2.258619033e+02 -7.653061989e-02 9.750386300e-01 2.084292067e-01 -3.497030323e+01 7.642952793e-01 -7.687744033e-02 6.402675888e-01 7.648217746e+02
6.387882763e-01 2.082956562e-01 -7.406500237e-01 2.248249158e+02 -7.667223279e-02 9.750972637e-01 2.081026072e-01 -3.470701053e+01 7.655526806e-01 -7.614621473e-02 6.388511933e-01 7.656995330e+02
6.366838829e-01 2.085938315e-01 -7.423760817e-01 2.237834562e+02 -7.737863519e-02 9.751412970e-01 2.076342884e-01 -3.443595009e+01 7.672328069e-01 -7.475335698e-02 6.369974534e-01 7.665810203e+02
6.339702377e-01 2.095458455e-01 -7.444274823e-01 2.227475388e+02 -7.636543724e-02 9.748495728e-01 2.093719903e-01 -3.417032112e+01 7.695778438e-01 -7.588708028e-02 6.340276755e-01 7.674669733e+02
6.308126105e-01 2.125122168e-01 -7.462667138e-01 2.217245137e+02 -7.480995082e-02 9.739406282e-01 2.141100743e-01 -3.390207329e+01 7.723204786e-01 -7.923515876e-02 6.302720587e-01 7.683160435e+02
6.266881226e-01 2.147033384e-01 -7.491091198e-01 2.206967258e+02 -7.256453260e-02 9.731972093e-01 2.182236936e-01 -3.363062912e+01 7.758842604e-01 -8.239944374e-02 6.254709794e-01 7.691777941e+02
6.228001785e-01 2.129000722e-01 -7.528568900e-01 2.196681728e+02 -7.042978790e-02 9.736131559e-01 2.170646625e-01 -3.336185771e+01 7.792044549e-01 -8.216435947e-02 6.213609542e-01 7.700229092e+02
6.182122381e-01 2.109088916e-01 -7.571862836e-01 2.186373065e+02 -7.165674901e-02 9.744388883e-01 2.129182081e-01 -3.308901166e+01 7.827381037e-01 -7.737113449e-02 6.175230915e-01 7.708551889e+02
6.130640533e-01 2.103792836e-01 -7.615070739e-01 2.175991710e+02 -7.332522778e-02 9.748839731e-01 2.102965764e-01 -3.280940560e+01 7.866230848e-01 -7.308759185e-02 6.130924289e-01 7.716969367e+02
6.083136427e-01 2.099435184e-01 -7.654268295e-01 2.165578718e+02 -7.238657151e-02 9.750378738e-01 2.099079058e-01 -3.255522030e+01 7.903889526e-01 -7.228321886e-02 6.083259323e-01 7.725168917e+02
6.032291703e-01 2.119238873e-01 -7.688971545e-01 2.155086480e+02 -7.302593496e-02 9.746786375e-01 2.113498673e-01 -3.229693887e+01 7.942177163e-01 -7.134297153e-02 6.034305258e-01 7.733238696e+02
5.976777660e-01 2.133566573e-01 -7.728261285e-01 2.144476011e+02 -7.338461121e-02 9.744523515e-01 2.122670804e-01 -3.202280913e+01 7.983708330e-01 -7.015376945e-02 5.980655998e-01 7.741305725e+02
5.908079816e-01 2.165854950e-01 -7.771979492e-01 2.133724046e+02 -7.414154292e-02 9.737932619e-01 2.150109640e-01 -3.174811028e+01 8.033983822e-01 -6.940753857e-02 5.913828143e-01 7.749478618e+02
5.845507708e-01 2.184349995e-01 -7.814003759e-01 2.122981801e+02 -7.178465903e-02 9.732250332e-01 2.183574991e-01 -3.147870121e+01 8.081753270e-01 -7.154848484e-02 5.845797253e-01 7.757566380e+02
5.776155506e-01 2.204262806e-01 -7.859850701e-01 2.112137117e+02 -7.373355043e-02 9.730048979e-01 2.186888936e-01 -3.119079848e+01 8.129721024e-01 -6.836463587e-02 5.782755722e-01 7.765500573e+02
5.717544184e-01 2.174664145e-01 -7.910785319e-01 2.101256824e+02 -7.030456756e-02 9.736705153e-01 2.168478625e-01 -3.091940574e+01 8.174069689e-01 -6.836728941e-02 5.719893014e-01 7.773366981e+02
5.651132590e-01 2.161011581e-01 -7.962080720e-01 2.090329347e+02 -7.038476305e-02 9.741949741e-01 2.144531125e-01 -3.063274961e+01 8.220054681e-01 -6.514938085e-02 5.657407256e-01 7.781076476e+02
5.583689159e-01 2.189799719e-01 -8.001699355e-01 2.079256535e+02 -7.049086043e-02 9.735687274e-01 2.172440372e-01 -3.035502355e+01 8.265925189e-01 -6.489765032e-02 5.590466015e-01 7.788692502e+02
5.520727407e-01 2.227367210e-01 -8.034948924e-01 2.067957129e+02 -6.872271750e-02 9.725355009e-01 2.223778037e-01 -3.007141590e+01 8.309590105e-01 -6.755037108e-02 5.522174122e-01 7.796388586e+02
5.453808165e-01 2.262715158e-01 -8.070693688e-01 2.056734062e+02 -6.901419513e-02 9.717263606e-01 2.257984078e-01 -2.978437996e+01 8.353423286e-01 -6.744687711e-02 5.455768625e-01 7.803803698e+02
5.385696435e-01 2.259605264e-01 -8.117170564e-01 2.045449071e+02 -6.709121523e-02 9.718113939e-01 2.260119099e-01 -2.949688976e+01 8.399056542e-01 -6.726407004e-02 5.385480823e-01 7.811300482e+02
5.314837373e-01 2.246774097e-01 -8.167282893e-01 2.034228932e+02 -6.546770599e-02 9.721934092e-01 2.248420659e-01 -2.920479491e+01 8.445347929e-01 -6.603057397e-02 5.314141011e-01 7.818585666e+02
5.236686206e-01 2.232486535e-01 -8.221503601e-01 2.022880896e+02 -6.393761728e-02 9.726309297e-01 2.233854420e-01 -2.890962306e+01 8.495193682e-01 -6.441361121e-02 5.236102842e-01 7.825943149e+02
5.152325452e-01 2.236573950e-01 -8.273528836e-01 2.011442838e+02 -6.175969343e-02 9.725284644e-01 2.244418101e-01 -2.862547247e+01 8.548223000e-01 -6.454266463e-02 5.148913281e-01 7.833183961e+02
5.064519217e-01 2.246265588e-01 -8.324958619e-01 1.999812298e+02 -6.117246546e-02 9.723992755e-01 2.251612277e-01 -2.833291070e+01 8.600955648e-01 -6.310751211e-02 5.062144421e-01 7.840189455e+02
4.976401791e-01 2.244670944e-01 -8.378357689e-01 1.987892748e+02 -5.795914766e-02 9.723810375e-01 2.260881577e-01 -2.804475498e+01 8.654449661e-01 -6.395030428e-02 4.969057951e-01 7.847332395e+02
4.897423122e-01 2.217566969e-01 -8.431941858e-01 1.975997335e+02 -5.391642334e-02 9.729651547e-01 2.245703163e-01 -2.775170646e+01 8.701985330e-01 -6.451957129e-02 4.884585325e-01 7.854262628e+02
4.811085012e-01 2.183455467e-01 -8.490346473e-01 1.964122991e+02 -5.147780306e-02 9.738519273e-01 2.212746246e-01 -2.744911239e+01 8.751483565e-01 -6.275066462e-02 4.797683902e-01 7.860983063e+02
4.723786584e-01 2.160841465e-01 -8.544975393e-01 1.952021997e+02 -4.857047741e-02 9.743909668e-01 2.195521635e-01 -2.715988511e+01 8.800564254e-01 -6.220840300e-02 4.707768078e-01 7.867705918e+02
4.640872188e-01 2.177817767e-01 -8.586001112e-01 1.939912156e+02 -4.795711410e-02 9.740607512e-01 2.211464858e-01 -2.686699455e+01 8.844903439e-01 -6.145527406e-02 4.624933305e-01 7.874144026e+02
4.555972722e-01 2.215286683e-01 -8.621810568e-01 1.927906989e+02 -4.826529375e-02 9.732629663e-01 2.245654913e-01 -2.659126996e+01 8.888765870e-01 -6.069800330e-02 4.541080988e-01 7.880212498e+02
4.475948690e-01 2.208252910e-01 -8.665419921e-01 1.915655617e+02 -4.867018388e-02 9.736095128e-01 2.229702440e-01 -2.628969820e+01 8.929109958e-01 -5.762557905e-02 4.465302298e-01 7.886362345e+02
4.390988654e-01 2.171150895e-01 -8.718103144e-01 1.903321227e+02 -4.688857042e-02 9.745769194e-01 2.190919675e-01 -2.600232034e+01 8.972143826e-01 -5.532509501e-02 4.381158357e-01 7.892571147e+02
4.305685081e-01 2.167438230e-01 -8.761466059e-01 1.891133401e+02 -4.485919262e-02 9.746766696e-01 2.190731444e-01 -2.571482785e+01 9.014424068e-01 -5.502276756e-02 4.293880324e-01 7.898503862e+02
4.220864760e-01 2.195329496e-01 -8.795727888e-01 1.878715152e+02 -4.245105792e-02 9.739579153e-01 2.227193007e-01 -2.542563219e+01 9.055611048e-01 -5.666800939e-02 4.204138702e-01 7.904445354e+02
4.130321085e-01 2.225773487e-01 -8.830989759e-01 1.866139652e+02 -4.093846253e-02 9.732324318e-01 2.261474651e-01 -2.512771198e+01 9.097958670e-01 -5.725345001e-02 4.110882178e-01 7.910407597e+02
4.050520096e-01 2.265144099e-01 -8.857900946e-01 1.853840250e+02 -4.093059923e-02 9.723456532e-01 2.299317655e-01 -2.483729297e+01 9.133770063e-01 -5.687840433e-02 4.031219314e-01 7.915790495e+02
3.966810324e-01 2.275031667e-01 -8.893179789e-01 1.841433161e+02 -4.253241327e-02 9.723165529e-01 2.297640417e-01 -2.453640785e+01 9.169706387e-01 -5.331819748e-02 3.953757927e-01 7.921057683e+02
3.875389752e-01 2.257555986e-01 -8.937829448e-01 1.829073357e+02 -4.246195962e-02 9.728924866e-01 2.273261787e-01 -2.424877652e+01 9.208748692e-01 -5.014597900e-02 3.866197823e-01 7.926397706e+02
3.790578459e-01 2.226783968e-01 -8.981812072e-01 1.816934381e+02 -4.051502530e-02 9.736782221e-01 2.242972416e-01 -2.397618056e+01 9.244856311e-01 -4.863179493e-02 3.781021903e-01 7.931414818e+02
3.710405347e-01 2.239617810e-01 -9.012047727e-01 1.804482765e+02 -4.022146326e-02 9.734461411e-01 2.253549298e-01 -2.369927886e+01 9.277451997e-01 -4.736803897e-02 3.701960472e-01 7.936298043e+02
3.619019967e-01 2.259524551e-01 -9.044182842e-01 1.791930324e+02 -4.003493162e-02 9.730529483e-01 2.270796428e-01 -2.339364922e+01 9.313560807e-01 -4.597225196e-02 3.611957960e-01 7.941353517e+02
3.532026983e-01 2.257403877e-01 -9.079037016e-01 1.779577662e+02 -3.568421543e-02 9.729969649e-01 2.280428536e-01 -2.312066584e+01 9.348660282e-01 -4.814751994e-02 3.517205220e-01 7.946132051e+02
3.437479095e-01 2.257597518e-01 -9.115206575e-01 1.767132434e+02 -3.212189013e-02 9.729302505e-01 2.288556574e-01 -2.283373315e+01 9.385124181e-01 -4.938888740e-02 3.416945697e-01 7.950796166e+02
3.342836017e-01 2.270102004e-01 -9.147244626e-01 1.754664039e+02 -2.924106315e-02 9.725891108e-01 2.306845937e-01 -2.254047766e+01 9.420188076e-01 -5.036656106e-02 3.317586105e-01 7.955320107e+02
3.250610622e-01 2.255486071e-01 -9.184024889e-01 1.742385462e+02 -2.462704378e-02 9.728318499e-01 2.301992626e-01 -2.225224335e+01 9.453723153e-01 -5.221127852e-02 3.217843499e-01 7.959574495e+02
3.150005325e-01 2.232725804e-01 -9.224554295e-01 1.729879695e+02 -2.444845794e-02 9.735215658e-01 2.272840379e-01 -2.194650253e+01 9.487765477e-01 -4.904198020e-02 3.121184819e-01 7.963711990e+02
3.059501245e-01 2.238691568e-01 -9.253524312e-01 1.717369880e+02 -2.258247830e-02 9.733933228e-01 2.280251537e-01 -2.167050725e+01 9.517796767e-01 -4.886757296e-02 3.028653287e-01 7.967578960e+02
2.955069036e-01 2.247694225e-01 -9.285226851e-01 1.704591198e+02 -2.305694020e-02 9.733233043e-01 2.282764174e-01 -2.138105313e+01 9.550623265e-01 -4.604836523e-02 2.928062510e-01 7.971696110e+02
2.852245714e-01 2.266790844e-01 -9.312698516e-01 1.692035076e+02 -2.543688159e-02 9.730787080e-01 2.290650412e-01 -2.109880487e+01 9.581231178e-01 -4.164637727e-02 2.833119665e-01 7.975398202e+02
2.749857892e-01 2.291956351e-01 -9.337302483e-01 1.679453722e+02 -2.860258062e-02 9.726908378e-01 2.303354652e-01 -2.080455851e+01 9.610227407e-01 -3.663188497e-02 2.740317443e-01 7.979075010e+02
2.665665126e-01 2.326679447e-01 -9.353116710e-01 1.666917026e+02 -3.008264713e-02 9.719607052e-01 2.332111103e-01 -2.051451743e+01 9.633469410e-01 -3.402962143e-02 2.660914433e-01 7.982441532e+02
2.582714339e-01 2.341173800e-01 -9.372752631e-01 1.654078698e+02 -2.749113709e-02 9.715797218e-01 2.351107858e-01 -2.020837104e+01 9.656811605e-01 -3.495563701e-02 2.573674409e-01 7.985965249e+02
2.492741105e-01 2.355279847e-01 -9.393556229e-01 1.641300129e+02 -2.546396221e-02 9.712335492e-01 2.367635521e-01 -1.990485355e+01 9.680981378e-01 -3.509930777e-02 2.481008548e-01 7.989438697e+02
2.416438359e-01 2.329525980e-01 -9.419879743e-01 1.628684108e+02 -2.189113646e-02 9.718179703e-01 2.347138910e-01 -1.960783444e+01 9.701180519e-01 -3.609597769e-02 2.399334193e-01 7.992621798e+02
2.337141242e-01 2.303023512e-01 -9.446367213e-01 1.615895192e+02 -1.962120159e-02 9.724625506e-01 2.322317723e-01 -1.931986009e+01 9.721073586e-01 -3.574093773e-02 2.317970422e-01 7.995759794e+02
2.246911258e-01 2.295820144e-01 -9.469984143e-01 1.603022974e+02 -1.705622748e-02 9.726262828e-01 2.317481371e-01 -1.904145485e+01 9.742807517e-01 -3.591952944e-02 2.224562975e-01 7.998978518e+02
2.166501006e-01 2.340100693e-01 -9.477879622e-01 1.590198624e+02 -1.861731263e-02 9.716600192e-01 2.356484727e-01 -1.874872857e+01 9.760717850e-01 -3.340800053e-02 2.148668796e-01 8.001799272e+02
2.084217535e-01 2.396053892e-01 -9.482350079e-01 1.577294402e+02 -1.630894586e-02 9.702433767e-01 2.415818873e-01 -1.845747886e+01 9.779030581e-01 -3.488620716e-02 2.061275372e-01 8.004725819e+02
2.013968105e-01 2.415970504e-01 -9.492471701e-01 1.564427207e+02 -1.301862260e-02 9.696789986e-01 2.440351514e-01 -1.816825747e+01 9.794232181e-01 -3.679001047e-02 1.984355183e-01 8.007415295e+02
1.953092548e-01 2.404550577e-01 -9.508078987e-01 1.551495165e+02 -7.067495975e-03 9.697982997e-01 2.438058824e-01 -1.787830529e+01 9.807162411e-01 -4.089771422e-02 1.911099984e-01 8.010030346e+02
1.890864935e-01 2.402661079e-01 -9.521126485e-01 1.538658506e+02 -5.855382600e-03 9.698625216e-01 2.435824373e-01 -1.757056290e+01 9.819429782e-01 -4.048316511e-02 1.847947534e-01 8.012491224e+02
1.824958055e-01 2.397310401e-01 -9.535325424e-01 1.525841220e+02 -8.317643809e-03 9.701608002e-01 2.423197031e-01 -1.725470159e+01 9.831714488e-01 -3.629118537e-02 1.790442741e-01 8.014936325e+02
1.775273627e-01 2.399050196e-01 -9.544263288e-01 1.513195800e+02 -1.098785133e-02 9.702540051e-01 2.418396841e-01 -1.695691026e+01 9.840545222e-01 -3.244606669e-02 1.748826753e-01 8.017198997e+02
1.736618330e-01 2.390259689e-01 -9.553576053e-01 1.500551343e+02 -1.061043723e-02 9.704957328e-01 2.408847259e-01 -1.665848551e+01 9.847481842e-01 -3.169572113e-02 1.710742379e-01 8.019446348e+02
1.718677123e-01 2.405852862e-01 -9.552906414e-01 1.487949014e+02 -9.073723369e-03 9.700655107e-01 2.426737983e-01 -1.637556380e+01 9.850782492e-01 -3.303974755e-02 1.689059445e-01 8.021385407e+02
1.689011868e-01 2.440979176e-01 -9.549285815e-01 1.475186296e+02 -7.854222410e-03 9.691505964e-01 2.463441345e-01 -1.605825463e+01 9.856016945e-01 -3.410759522e-02 1.656078853e-01 8.023707934e+02
1.651412283e-01 2.471993735e-01 -9.547883768e-01 1.462100900e+02 -4.436062299e-03 9.682565629e-01 2.499190866e-01 -1.574144014e+01 9.862599536e-01 -3.703644421e-02 1.609956699e-01 8.026190417e+02
1.634209543e-01 2.467975557e-01 -9.551882318e-01 1.449366814e+02 -1.752119973e-03 9.682754322e-01 2.498792059e-01 -1.544442179e+01 9.865548752e-01 -3.916189390e-02 1.586689141e-01 8.028265087e+02
1.606426868e-01 2.428038161e-01 -9.566818876e-01 1.436860293e+02 -9.097450194e-04 9.693061726e-01 2.458550714e-01 -1.514898353e+01 9.870122084e-01 -3.862448265e-02 1.559328375e-01 8.030320947e+02
1.582568563e-01 2.396600759e-01 -9.578715026e-01 1.424611066e+02 -1.808170730e-03 9.701653972e-01 2.424372755e-01 -1.485986602e+01 9.873963226e-01 -3.663536585e-02 1.539686721e-01 8.032145057e+02
1.564637719e-01 2.394300336e-01 -9.582235371e-01 1.412201894e+02 -7.797273476e-04 9.702021149e-01 2.422957868e-01 -1.456945914e+01 9.876833906e-01 -3.716335964e-02 1.519881726e-01 8.034080188e+02
1.553387238e-01 2.417665911e-01 -9.578198141e-01 1.399844462e+02 -7.444148687e-04 9.696177750e-01 2.446238261e-01 -1.427925200e+01 9.878609855e-01 -3.728653764e-02 1.507991624e-01 8.035877200e+02
1.549723358e-01 2.440725092e-01 -9.572942000e-01 1.387517587e+02 4.111526788e-03 9.688331487e-01 2.476800868e-01 -1.399885306e+01 9.879102543e-01 -4.231950231e-02 1.491388253e-01 8.037676794e+02
1.536808489e-01 2.453899804e-01 -9.571655835e-01 1.375518801e+02 5.627804295e-03 9.684398176e-01 2.491839633e-01 -1.370753561e+01 9.881045109e-01 -4.368154360e-02 1.474496465e-01 8.039339555e+02
1.520857234e-01 2.433054117e-01 -9.579521958e-01 1.363248817e+02 7.819284571e-03 9.689003934e-01 2.473274885e-01 -1.341284125e+01 9.883363757e-01 -4.510548083e-02 1.454534430e-01 8.041299464e+02
1.512298956e-01 2.393853645e-01 -9.590746405e-01 1.350921228e+02 7.186487973e-03 9.699417709e-01 2.432309919e-01 -1.311438761e+01 9.884724949e-01 -4.367617588e-02 1.449638527e-01 8.043089343e+02
1.501790760e-01 2.397894373e-01 -9.591388173e-01 1.338781961e+02 4.378618066e-03 9.699705409e-01 2.431830125e-01 -1.282115221e+01 9.886491151e-01 -4.072070267e-02 1.446193333e-01 8.044704995e+02
1.499203552e-01 2.413316959e-01 -9.587924174e-01 1.326535725e+02 2.876803315e-03 9.696419029e-01 2.445123803e-01 -1.253667874e+01 9.886938915e-01 -3.941564012e-02 1.446747947e-01 8.046391764e+02
1.496943975e-01 2.409024856e-01 -9.589356494e-01 1.314223212e+02 5.345283160e-04 9.698439110e-01 2.437262864e-01 -1.224921408e+01 9.887321688e-01 -3.699703786e-02 1.450514308e-01 8.048080033e+02
1.501542362e-01 2.371250265e-01 -9.598048902e-01 1.301621298e+02 8.458157781e-04 9.707802170e-01 2.399688623e-01 -1.195177547e+01 9.886622224e-01 -3.684415935e-02 1.455661979e-01 8.050023549e+02
1.497287324e-01 2.386495230e-01 -9.594934663e-01 1.288767666e+02 5.076986192e-04 9.704143616e-01 2.414450433e-01 -1.164735549e+01 9.887269840e-01 -3.663839380e-02 1.451777503e-01 8.052131713e+02
1.510181188e-01 2.414228733e-01 -9.585971646e-01 1.276365755e+02 4.582462691e-03 9.695374839e-01 2.449001193e-01 -1.135364745e+01 9.885203735e-01 -4.137709106e-02 1.453114156e-01 8.053952658e+02
1.512863814e-01 2.389231526e-01 -9.591809829e-01 1.263974696e+02 8.561899719e-03 9.699966065e-01 2.429676466e-01 -1.105571508e+01 9.884528945e-01 -4.497010743e-02 1.447016404e-01 8.055857889e+02
1.510534769e-01 2.348229852e-01 -9.602296667e-01 1.251809525e+02 1.164236412e-02 9.708856475e-01 2.392603494e-01 -1.077265302e+01 9.884570312e-01 -4.732045109e-02 1.439217580e-01 8.057656927e+02
1.500709073e-01 2.334039327e-01 -9.607295806e-01 1.239645144e+02 1.540758314e-02 9.710641169e-01 2.383213949e-01 -1.048261460e+01 9.885551725e-01 -5.056762885e-02 1.421322826e-01 8.059670655e+02
1.489224160e-01 2.331777703e-01 -9.609631842e-01 1.227466155e+02 1.224278335e-02 9.712905755e-01 2.375810014e-01 -1.020419619e+01 9.887730924e-01 -4.714600079e-02 1.417921942e-01 8.061379468e+02
1.480686527e-01 2.296278585e-01 -9.619494377e-01 1.215097173e+02 9.136424013e-03 9.723119935e-01 2.335078436e-01 -9.911938959e+00 9.889348815e-01 -4.336396975e-02 1.418709494e-01 8.063014287e+02
1.467775723e-01 2.273941827e-01 -9.626776355e-01 1.203122207e+02 6.885612280e-03 9.729595957e-01 2.308727214e-01 -9.639890027e+00 9.891455568e-01 -4.051556252e-02 1.412428993e-01 8.064592400e+02
1.442797920e-01 2.274595436e-01 -9.630397176e-01 1.190873145e+02 3.239772976e-03 9.731088123e-01 2.303231280e-01 -9.362437976e+00 9.895316294e-01 -3.635100305e-02 1.396630197e-01 8.066352819e+02
1.426996451e-01 2.274179974e-01 -9.632849349e-01 1.178326539e+02 -1.342289365e-03 9.732886585e-01 2.295808908e-01 -9.090182215e+00 9.897651285e-01 -3.146810451e-02 1.391932069e-01 8.068063525e+02
1.397212902e-01 2.225191490e-01 -9.648643373e-01 1.166026954e+02 -6.262462770e-03 9.746016665e-01 2.238579308e-01 -8.806162998e+00 9.901710674e-01 -2.523529192e-02 1.375661202e-01 8.069888757e+02
1.376217717e-01 2.158812990e-01 -9.666723916e-01 1.153821256e+02 -1.219176232e-02 9.762540547e-01 2.162854172e-01 -8.538705790e+00 9.904098187e-01 -1.798014226e-02 1.369857861e-01 8.071384395e+02
1.356626071e-01 2.117936750e-01 -9.678528278e-01 1.141758866e+02 -1.550119399e-02 9.772181928e-01 2.116703016e-01 -8.282858849e+00 9.906338224e-01 -1.371287052e-02 1.358550226e-01 8.072840073e+02
1.333624378e-01 2.123224582e-01 -9.680566274e-01 1.129694013e+02 -1.802628323e-02 9.771399779e-01 2.118313404e-01 -8.030177186e+00 9.909033824e-01 -1.079988102e-02 1.341411543e-01 8.074342836e+02
1.308463635e-01 2.108453520e-01 -9.687225953e-01 1.117660607e+02 -1.999700373e-02 9.774857634e-01 2.100516656e-01 -7.782621043e+00 9.912009630e-01 -8.112947235e-03 1.321167328e-01 8.075753989e+02
1.283445474e-01 2.107842327e-01 -9.690705260e-01 1.105371701e+02 -1.752403704e-02 9.774813804e-01 2.102927936e-01 -7.534058482e+00 9.915748006e-01 -1.000790563e-02 1.291481961e-01 8.077437908e+02
1.258310551e-01 2.134581960e-01 -9.688148141e-01 1.093116896e+02 -1.603681478e-02 9.768870225e-01 2.131538548e-01 -7.284550008e+00 9.919220565e-01 -1.128467073e-02 1.263459144e-01 8.078972834e+02
1.219176324e-01 2.192525429e-01 -9.680208744e-01 1.080584217e+02 -1.843532408e-02 9.756283471e-01 2.186537610e-01 -7.020547288e+00 9.923689988e-01 -8.811970314e-03 1.229882898e-01 8.080617590e+02
1.181335092e-01 2.250349198e-01 -9.671627365e-01 1.068377307e+02 -2.142276162e-02 9.743337157e-01 2.240867595e-01 -6.757410844e+00 9.927666087e-01 -5.752858524e-03 1.199223304e-01 8.082022455e+02
1.153586302e-01 2.271864507e-01 -9.669946758e-01 1.055901029e+02 -2.174766174e-02 9.738381129e-01 2.261998431e-01 -6.485925032e+00 9.930858098e-01 -5.064230941e-03 1.172814048e-01 8.083558063e+02
1.130977284e-01 2.281102964e-01 -9.670442578e-01 1.043609769e+02 -2.115744413e-02 9.736212282e-01 2.271872940e-01 -6.206457573e+00 9.933585790e-01 -5.234182005e-03 1.149405800e-01 8.085046580e+02
1.110725443e-01 2.349761229e-01 -9.656340464e-01 1.031355905e+02 -1.723746814e-02 9.719556413e-01 2.345316630e-01 -5.933228707e+00 9.936627997e-01 -9.404942432e-03 1.120079795e-01 8.086479556e+02
1.110803571e-01 2.420747775e-01 -9.638780817e-01 1.018941186e+02 -9.430490801e-03 9.700933396e-01 2.425489193e-01 -5.644858672e+00 9.937666829e-01 -1.785257719e-02 1.100411986e-01 8.087916596e+02
1.107603653e-01 2.450666759e-01 -9.631585881e-01 1.006571098e+02 -3.571001840e-03 9.692133330e-01 2.461965944e-01 -5.345686880e+00 9.938407264e-01 -2.382938363e-02 1.082255563e-01 8.089390327e+02
1.114930185e-01 2.496916046e-01 -9.618853411e-01 9.940870314e+01 1.606618348e-03 9.678735585e-01 2.514322843e-01 -5.042814139e+00 9.937639184e-01 -2.957832696e-02 1.075099854e-01 8.090772739e+02
1.126820476e-01 2.539598681e-01 -9.606285138e-01 9.814537723e+01 7.402934100e-03 9.665444749e-01 2.563922282e-01 -4.726079417e+00 9.936035189e-01 -3.600227085e-02 1.070321624e-01 8.092260249e+02
1.138227751e-01 2.513274988e-01 -9.611861756e-01 9.687798459e+01 1.249983773e-02 9.670348689e-01 2.543370133e-01 -4.414103623e+00 9.934224328e-01 -4.096401589e-02 1.069290395e-01 8.093789798e+02
1.154656384e-01 2.435648339e-01 -9.629869459e-01 9.563287370e+01 1.671516230e-02 9.688575669e-01 2.470538777e-01 -4.110596521e+00 9.931708260e-01 -4.462271680e-02 1.077985317e-01 8.095118658e+02
1.170587995e-01 2.385279353e-01 -9.640548022e-01 9.435866078e+01 2.117211627e-02 9.699085818e-01 2.425470766e-01 -3.806442221e+00 9.928992794e-01 -4.880334996e-02 1.084861930e-01 8.096691499e+02
1.176882820e-01 2.405023969e-01 -9.634874495e-01 9.308545779e+01 2.205023785e-02 9.693578843e-01 2.446611519e-01 -3.508809763e+00 9.928057490e-01 -5.003887807e-02 1.087789290e-01 8.098268225e+02
1.194795056e-01 2.399639604e-01 -9.634012380e-01 9.183520326e+01 2.423038201e-02 9.693584084e-01 2.444527861e-01 -3.212408676e+00 9.925409494e-01 -5.255067805e-02 1.100040450e-01 8.099755661e+02
1.206127884e-01 2.350748647e-01 -9.644648066e-01 9.058773831e+01 2.346905151e-02 9.706107413e-01 2.395078129e-01 -2.926746429e+00 9.924221677e-01 -5.152277938e-02 1.115510839e-01 8.101123294e+02
1.224490180e-01 2.299502743e-01 -9.654683368e-01 8.930133335e+01 2.339759411e-02 9.718495572e-01 2.344376052e-01 -2.629095559e+00 9.921989672e-01 -5.129629080e-02 1.136217407e-01 8.102772655e+02
1.246931712e-01 2.327662524e-01 -9.645058242e-01 8.804072328e+01 2.366192198e-02 9.711185798e-01 2.374211817e-01 -2.343201987e+00 9.919131648e-01 -5.242686161e-02 1.155841584e-01 8.104133712e+02
1.278912941e-01 2.369030748e-01 -9.630787870e-01 8.676742983e+01 2.563609717e-02 9.699388009e-01 2.419948617e-01 -2.052010007e+00 9.914568107e-01 -5.563861741e-02 1.179734582e-01 8.105581145e+02
1.315774913e-01 2.338795307e-01 -9.633211972e-01 8.548768822e+01 2.895768102e-02 9.704483468e-01 2.395651456e-01 -1.752652116e+00 9.908828470e-01 -5.941692882e-02 1.209165501e-01 8.107270046e+02
1.333315180e-01 2.267673230e-01 -9.647793984e-01 8.424291453e+01 2.647042022e-02 9.723089337e-01 2.321952933e-01 -1.468163564e+00 9.907179332e-01 -5.649706704e-02 1.236367998e-01 8.108768269e+02
1.356874502e-01 2.221213594e-01 -9.655314690e-01 8.298857112e+01 2.503380509e-02 9.734645609e-01 2.274644088e-01 -1.194518797e+00 9.904353712e-01 -5.503499223e-02 1.265263813e-01 8.110304781e+02
1.385557230e-01 2.170920138e-01 -9.662677523e-01 8.174296903e+01 2.452018930e-02 9.746274408e-01 2.224862062e-01 -9.111451982e-01 9.900510451e-01 -5.451980536e-02 1.297170725e-01 8.111897794e+02
1.407635546e-01 2.161853925e-01 -9.661519020e-01 8.046914398e+01 2.487148525e-02 9.747882406e-01 2.217415052e-01 -6.396273273e-01 9.897307871e-01 -5.524275526e-02 1.318378059e-01 8.113655317e+02
1.428555529e-01 2.181418280e-01 -9.654048031e-01 7.918506936e+01 2.858282818e-02 9.740929331e-01 2.243345259e-01 -3.671659718e-01 9.893307399e-01 -5.964143235e-02 1.329194742e-01 8.115436303e+02
1.438941641e-01 2.181073031e-01 -9.652583457e-01 7.790566975e+01 3.148342182e-02 9.739066096e-01 2.247547775e-01 -8.142367864e-02 9.890921411e-01 -6.273053651e-02 1.332727133e-01 8.117275985e+02
1.458142167e-01 2.127144289e-01 -9.661732691e-01 7.664136286e+01 3.505019460e-02 9.748874233e-01 2.199227042e-01 1.860690131e-01 9.886909012e-01 -6.593241794e-02 1.346967638e-01 8.118983668e+02
1.459296073e-01 2.055611896e-01 -9.677030263e-01 7.540258939e+01 3.506720178e-02 9.764848765e-01 2.127147795e-01 4.417417242e-01 9.886732732e-01 -6.497602153e-02 1.352895989e-01 8.120586534e+02
1.469742633e-01 2.025015397e-01 -9.681899051e-01 7.415195454e+01 3.498802288e-02 9.771427175e-01 2.096853547e-01 6.860971223e-01 9.885213221e-01 -6.469340110e-02 1.365297026e-01 8.122118576e+02
1.477279754e-01 2.058040084e-01 -9.673784964e-01 7.290060229e+01 3.498648317e-02 9.764106896e-01 2.130683253e-01 9.376468967e-01 9.884090202e-01 -6.532132380e-02 1.370428159e-01 8.123755455e+02
1.489042469e-01 2.113412044e-01 -9.660033233e-01 7.162648284e+01 3.559206918e-02 9.751156464e-01 2.188211161e-01 1.192904614e+00 9.882108732e-01 -6.696545061e-02 1.376767902e-01 8.125494042e+02
1.497627502e-01 2.140653367e-01 -9.652705063e-01 7.039321040e+01 3.203016811e-02 9.747182021e-01 2.211300406e-01 1.452876230e+00 9.882030090e-01 -6.403481961e-02 1.391199299e-01 8.126929197e+02
1.496226748e-01 2.125282712e-01 -9.656318083e-01 6.914768680e+01 2.854649597e-02 9.752898532e-01 2.190771551e-01 1.720886520e+00 9.883309935e-01 -6.034431446e-02 1.398585391e-01 8.128625578e+02
1.500260126e-01 2.093856269e-01 -9.662555846e-01 6.786385141e+01 2.571916143e-02 9.761595466e-01 2.155250900e-01 1.994162977e+00 9.883474694e-01 -5.718565323e-02 1.410641017e-01 8.130566874e+02
1.515816251e-01 2.085219567e-01 -9.661995676e-01 6.659491084e+01 2.014769833e-02 9.766398795e-01 2.139360091e-01 2.259861138e+00 9.882393846e-01 -5.189546534e-02 1.438394226e-01 8.132298842e+02
1.539618650e-01 2.106790766e-01 -9.653548937e-01 6.532516365e+01 1.883976070e-02 9.762003688e-01 2.160506963e-01 2.520619129e+00 9.878971645e-01 -5.145062332e-02 1.463284860e-01 8.134085674e+02
1.567138043e-01 2.117282115e-01 -9.646823042e-01 6.406400056e+01 1.693291170e-02 9.760314263e-01 2.169698857e-01 2.784219396e+00 9.874988912e-01 -5.033705648e-02 1.493724229e-01 8.135970411e+02
1.616843862e-01 2.105206450e-01 -9.641261418e-01 6.281305144e+01 2.103256096e-02 9.760237060e-01 2.166456938e-01 3.036520365e+00 9.866183612e-01 -5.530626787e-02 1.533800055e-01 8.137881649e+02
1.662548856e-01 2.078423632e-01 -9.639299067e-01 6.154480710e+01 2.314241193e-02 9.764427752e-01 2.145318986e-01 3.300763114e+00 9.858112100e-01 -5.797463923e-02 1.575284083e-01 8.139877732e+02
1.711802357e-01 2.058415280e-01 -9.634970640e-01 6.028600936e+01 2.690632546e-02 9.765901659e-01 2.134190656e-01 3.556028935e+00 9.848722641e-01 -6.245729153e-02 1.616344956e-01 8.141996659e+02
1.784490737e-01 2.068973158e-01 -9.619508453e-01 5.902952781e+01 2.619904805e-02 9.762971244e-01 2.148430467e-01 3.819948962e+00 9.836002938e-01 -6.354073908e-02 1.687988048e-01 8.143965917e+02
1.857939760e-01 2.067181729e-01 -9.605978323e-01 5.777830011e+01 2.255437093e-02 9.764646366e-01 2.144950206e-01 4.086100495e+00 9.823298320e-01 -6.151756253e-02 1.767588489e-01 8.146167078e+02
1.948829692e-01 2.036993624e-01 -9.594410863e-01 5.652814503e+01 1.831894269e-02 9.772699804e-01 2.112055912e-01 4.346273820e+00 9.806554159e-01 -5.873631901e-02 1.867217186e-01 8.148417409e+02
2.033921576e-01 2.029259818e-01 -9.578374999e-01 5.525411477e+01 1.433784994e-02 9.775640595e-01 2.101497935e-01 4.608511826e+00 9.789923678e-01 -5.647615025e-02 1.959193410e-01 8.151184097e+02
2.132694706e-01 2.070305038e-01 -9.548060030e-01 5.397830374e+01 1.003810127e-02 9.767741910e-01 2.140360165e-01 4.870552646e+00 9.769418455e-01 -5.523178729e-02 2.062379215e-01 8.153907543e+02
2.244343095e-01 2.088561156e-01 -9.518447162e-01 5.271296149e+01 7.537976679e-03 9.763613905e-01 2.160129951e-01 5.134502278e+00 9.744600657e-01 -5.565571066e-02 2.175546419e-01 8.156645262e+02
2.354327495e-01 2.060461661e-01 -9.497980827e-01 5.147423910e+01 5.369381205e-03 9.769778042e-01 2.132733923e-01 5.395131335e+00 9.718758101e-01 -5.531136911e-02 2.289062302e-01 8.159642596e+02
2.463686509e-01 2.046470011e-01 -9.473236473e-01 5.024029424e+01 1.868958202e-03 9.773503190e-01 2.116196140e-01 5.650324945e+00 9.691743883e-01 -5.390694710e-02 2.404060028e-01 8.162651179e+02
2.574244049e-01 2.067438010e-01 -9.439224950e-01 4.899007006e+01 -1.803396699e-04 9.768539115e-01 2.139074637e-01 5.915765384e+00 9.662984235e-01 -5.489477489e-02 2.515033210e-01 8.165935767e+02
2.685679947e-01 2.062074483e-01 -9.409302421e-01 4.772632530e+01 -2.277418984e-03 9.769510159e-01 2.134514603e-01 6.184412580e+00 9.632580369e-01 -5.518333828e-02 2.628473960e-01 8.169444192e+02
2.792236423e-01 1.985255692e-01 -9.394795133e-01 4.648608116e+01 -5.740806783e-03 9.787217174e-01 2.051117819e-01 6.434309025e+00 9.602089360e-01 -5.187868846e-02 2.744219397e-01 8.173037763e+02
2.901814850e-01 1.898153121e-01 -9.379578098e-01 4.525145031e+01 -1.097322745e-02 9.807268098e-01 1.950756592e-01 6.674633031e+00 9.569087177e-01 -4.631492009e-02 2.866716487e-01 8.176699501e+02
3.021017046e-01 1.881604056e-01 -9.345213865e-01 4.402127749e+01 -1.269781186e-02 9.810337610e-01 1.934205920e-01 6.917376036e+00 9.531911276e-01 -4.656631379e-02 2.987611969e-01 8.180475889e+02
3.148615936e-01 1.887921231e-01 -9.301718718e-01 4.276121078e+01 -1.006611279e-02 9.806270358e-01 1.956253820e-01 7.162252454e+00 9.490842166e-01 -5.223170454e-02 3.106621940e-01 8.184704937e+02
3.263147148e-01 1.862245056e-01 -9.267357447e-01 4.153407068e+01 -1.005540733e-02 9.810301672e-01 1.935941627e-01 7.404031162e+00 9.452076998e-01 -5.385391858e-02 3.219971425e-01 8.188956679e+02
3.393579487e-01 1.860155465e-01 -9.220815577e-01 4.029839173e+01 -7.197782798e-03 9.807371713e-01 1.951993667e-01 7.643353948e+00 9.406297755e-01 -5.960551389e-02 3.341598541e-01 8.193320911e+02
3.494381434e-01 1.964354218e-01 -9.161365122e-01 3.907868845e+01 -1.482540115e-02 9.788128509e-01 2.042195154e-01 7.888220750e+00 9.368421379e-01 -5.777999698e-02 3.449467793e-01 8.197728067e+02
3.599378406e-01 2.030608937e-01 -9.106102483e-01 3.786808454e+01 -1.931428484e-02 9.774398267e-01 2.103291316e-01 8.134906784e+00 9.327763447e-01 -5.811762772e-02 3.557395565e-01 8.202235761e+02
3.689453074e-01 1.985042717e-01 -9.080062854e-01 3.665094700e+01 -2.459383429e-02 9.786703651e-01 2.039594563e-01 8.394514850e+00 9.291256661e-01 -5.291852819e-02 3.659578199e-01 8.207050947e+02
3.761645076e-01 1.929996911e-01 -9.062292108e-01 3.543785198e+01 -2.748564653e-02 9.799591852e-01 1.972930173e-01 8.643833515e+00 9.261451303e-01 -4.930633492e-02 3.739305856e-01 8.211875015e+02
3.827204720e-01 1.913040018e-01 -9.038405939e-01 3.420974290e+01 -2.420537413e-02 9.800667676e-01 1.971883135e-01 8.889681720e+00 9.235470428e-01 -5.359020469e-02 3.797222008e-01 8.216984911e+02
3.867153828e-01 1.962627040e-01 -9.010727849e-01 3.301213431e+01 -2.359696916e-02 9.788773276e-01 2.030821520e-01 9.128692793e+00 9.218971720e-01 -5.727240543e-02 3.831781254e-01 8.221907931e+02
3.895352743e-01 2.009608233e-01 -8.988197915e-01 3.181020207e+01 -2.216420048e-02 9.776678003e-01 2.089842591e-01 9.377589900e+00 9.207448171e-01 -6.148511865e-02 3.852902307e-01 8.226996055e+02
3.902601716e-01 2.096314472e-01 -8.965219768e-01 3.058955117e+01 -2.937482251e-02 9.760738692e-01 2.154458670e-01 9.654030883e+00 9.202359036e-01 -5.774476707e-02 3.870806422e-01 8.232135950e+02
3.925733580e-01 2.128284190e-01 -8.947570747e-01 2.938857292e+01 -3.194296109e-02 9.754255597e-01 2.180014327e-01 9.925811068e+00 9.191658206e-01 -5.700036407e-02 3.897244574e-01 8.237129066e+02
3.944418487e-01 2.120609694e-01 -8.941173151e-01 2.820596655e+01 -3.084432719e-02 9.755149992e-01 2.177593025e-01 1.018593433e+01 9.184031007e-01 -5.831493486e-02 3.913248177e-01 8.242134523e+02
3.957831574e-01 2.095716496e-01 -8.941115233e-01 2.701519235e+01 -2.567896727e-02 9.757577117e-01 2.173418477e-01 1.044567733e+01 9.179849035e-01 -6.306038215e-02 3.915700515e-01 8.247306049e+02
3.955474538e-01 2.056511733e-01 -8.951255815e-01 2.578711728e+01 -1.863423010e-02 9.762056465e-01 2.160446739e-01 1.071753335e+01 9.182564877e-01 -6.877594462e-02 3.899678092e-01 8.252916891e+02
3.945444276e-01 1.996993232e-01 -8.969140845e-01 2.457591020e+01 -1.037259787e-02 9.770039731e-01 2.129686497e-01 1.097939099e+01 9.188183193e-01 -7.472226487e-02 3.875428741e-01 8.258322657e+02
3.915830524e-01 1.985441731e-01 -8.984669857e-01 2.337349068e+01 -1.226422424e-02 9.774824731e-01 2.106599240e-01 1.125239553e+01 9.200610316e-01 -7.147185548e-02 3.852005607e-01 8.263381198e+02
3.899357702e-01 1.985322230e-01 -8.991857714e-01 2.217539964e+01 -1.246667038e-02 9.775307543e-01 2.104238735e-01 1.151120595e+01 9.207576648e-01 -7.084194254e-02 3.836492433e-01 8.268214558e+02
3.874866984e-01 1.980512181e-01 -9.003498062e-01 2.099241004e+01 -1.185702864e-02 9.776402347e-01 2.099499519e-01 1.176211914e+01 9.217990396e-01 -7.067734025e-02 3.811708858e-01 8.273139546e+02
3.853210975e-01 1.981348208e-01 -9.012603645e-01 1.978244051e+01 -1.069790763e-02 9.775703602e-01 2.103372189e-01 1.201651968e+01 9.227205463e-01 -7.140576791e-02 3.787981120e-01 8.278122171e+02
3.827998526e-01 1.989359820e-01 -9.021578287e-01 1.853933693e+01 -9.389769525e-03 9.773269631e-01 2.115273965e-01 1.228856117e+01 9.237835813e-01 -7.250160210e-02 3.759885804e-01 8.283363855e+02
3.802244508e-01 1.968007014e-01 -9.037139210e-01 1.730140867e+01 -5.244578163e-03 9.775427917e-01 2.106717466e-01 1.255176510e+01 9.248793767e-01 -7.536295086e-02 3.727178078e-01 8.288604016e+02
3.792792633e-01 1.956796102e-01 -9.043543169e-01 1.608483749e+01 -2.630461813e-03 9.776061885e-01 2.104262839e-01 1.281941116e+01 9.252785100e-01 -7.743145645e-02 3.713004827e-01 8.293428401e+02
3.776126236e-01 1.931242525e-01 -9.056002041e-01 1.486397817e+01 2.355748277e-03 9.778048287e-01 2.095045761e-01 1.308096538e+01 9.259606671e-01 -8.124493877e-02 3.687764946e-01 8.298544675e+02
3.756235463e-01 1.898831701e-01 -9.071115330e-01 1.365236795e+01 4.717375573e-03 9.783813156e-01 2.067552845e-01 1.333565147e+01 9.267603238e-01 -8.194133896e-02 3.666073091e-01 8.303440557e+02
3.752534227e-01 1.871018589e-01 -9.078423669e-01 1.243157118e+01 8.934102114e-03 9.786402999e-01 2.053858450e-01 1.358679532e+01 9.268791995e-01 -8.518249773e-02 3.655665350e-01 8.308299951e+02
3.751426629e-01 1.886921703e-01 -9.075589498e-01 1.120793962e+01 1.057451327e-02 9.781279184e-01 2.077353002e-01 1.383688460e+01 9.269067710e-01 -8.752736785e-02 3.649421841e-01 8.313098713e+02
3.753891737e-01 1.922542185e-01 -9.067090403e-01 9.985093949e+00 6.089736029e-03 9.777185010e-01 2.098319514e-01 1.409487649e+01 9.268472816e-01 -8.429026157e-02 3.658541627e-01 8.317620186e+02
3.751688555e-01 1.977737062e-01 -9.056124397e-01 8.735305054e+00 3.321031115e-03 9.766810057e-01 2.146699418e-01 1.436629502e+01 9.269505384e-01 -8.354504346e-02 3.657634824e-01 8.322733632e+02
3.768121705e-01 1.998906774e-01 -9.044646512e-01 7.495625044e+00 1.005821328e-03 9.763493432e-01 2.161965502e-01 1.463097058e+01 9.262891430e-01 -8.237522117e-02 3.676992609e-01 8.327759589e+02
3.797316298e-01 1.912404393e-01 -9.051137960e-01 6.273319280e+00 4.795353349e-03 9.779790682e-01 2.086479013e-01 1.489083614e+01 9.250842631e-01 -8.357054809e-02 3.704525200e-01 8.332748674e+02
3.829259597e-01 1.800003955e-01 -9.060726058e-01 5.063918652e+00 1.386022725e-02 9.796027100e-01 2.004655199e-01 1.513302590e+01 9.236750530e-01 -8.932182381e-02 3.726204614e-01 8.337811197e+02
3.870705376e-01 1.783948254e-01 -9.046279264e-01 3.852022128e+00 1.982206071e-02 9.792682660e-01 2.015955087e-01 1.537757723e+01 9.218370164e-01 -9.596327163e-02 3.755097412e-01 8.342609633e+02
3.915623243e-01 1.820309838e-01 -9.019665555e-01 2.652300400e+00 2.834261986e-02 9.773858120e-01 2.095558886e-01 1.562717006e+01 9.197149787e-01 -1.076182860e-01 3.775482253e-01 8.347660476e+02
3.945919831e-01 1.847303775e-01 -9.000954697e-01 1.458696625e+00 2.744758673e-02 9.767754047e-01 2.125004440e-01 1.588610114e+01 9.184464039e-01 -1.085564201e-01 3.803573409e-01 8.352620980e+02
