1.000000000e+00 0.000000000e+00 0.000000000e+00 0.000000000e+00 0.000000000e+00 1.000000000e+00 0.000000000e+00 0.000000000e+00 0.000000000e+00 0.000000000e+00 1.000000000e+00 0.000000000e+00
9.999971289e-01 2.376853014e-03 -3.044427259e-04 1.275456294e-02 -2.376503592e-03 9.999965229e-01 1.143006442e-03 -7.124839810e-03 3.071584256e-04 -1.142279651e-03 9.999993004e-01 8.138975133e-01
9.999848588e-01 5.482010052e-03 4.792435446e-04 -1.498422120e-02 -5.482369006e-03 9.999846898e-01 7.509249695e-04 -4.168974631e-03 -4.751196290e-04 -7.535409896e-04 9.999996032e-01 1.547778958e+00
9.999755774e-01 6.827682587e-03 1.492445703e-03 -4.369256343e-02 -6.828465017e-03 9.999765507e-01 5.197950372e-04 -2.528088987e-02 -1.488861711e-03 -5.299734557e-04 9.999987512e-01 2.261344787e+00
9.999567053e-01 8.978961823e-03 2.442493564e-03 -7.210042806e-02 -8.979308999e-03 9.999596766e-01 1.312110088e-04 -3.617092508e-02 -2.441216936e-03 -1.531372325e-04 9.999970085e-01 2.956591782e+00
9.999552090e-01 8.839264847e-03 3.383400738e-03 -9.530876117e-02 -8.839687917e-03 9.999609231e-01 1.101088841e-04 -5.613069539e-02 -3.382295243e-03 -1.400121588e-04 9.999942702e-01 3.663217916e+00
9.999441378e-01 9.640664419e-03 4.333449071e-03 -1.043190405e-01 -9.644755714e-03 9.999530612e-01 9.242152821e-04 -6.918714166e-02 -4.324335614e-03 -9.659587111e-04 9.999901835e-01 4.349500795e+00
9.999328089e-01 1.021815282e-02 5.474222626e-03 -1.308652351e-01 -1.023692696e-02 9.999417781e-01 3.412581912e-03 -7.437618235e-02 -5.439033623e-03 -3.468391834e-03 9.999791934e-01 5.024376030e+00
9.999196889e-01 1.028224220e-02 7.408857355e-03 -1.447647154e-01 -1.033612506e-02 9.999201413e-01 7.271550759e-03 -8.439507645e-02 -7.333497847e-03 -7.347545649e-03 9.999461152e-01 5.685568259e+00
9.999028335e-01 1.032618243e-02 9.364477653e-03 -1.652771852e-01 -1.042398499e-02 9.998910001e-01 1.045602903e-02 -9.042596456e-02 -9.255486062e-03 -1.055262823e-02 9.999014842e-01 6.327913156e+00
9.998996554e-01 9.521978995e-03 1.048861884e-02 -1.632406852e-01 -9.651616307e-03 9.998767917e-01 1.237932399e-02 -9.534199475e-02 -1.036945089e-02 -1.247931392e-02 9.998683619e-01 6.950635240e+00
9.998861303e-01 9.898540306e-03 1.139058218e-02 -1.589445277e-01 -1.003479362e-02 9.998780323e-01 1.196760259e-02 -1.021246335e-01 -1.127073110e-02 -1.208054198e-02 9.998635062e-01 7.532726523e+00
9.998607230e-01 1.093821808e-02 1.260516069e-02 -1.663699860e-01 -1.105828058e-02 9.998937754e-01 9.494860278e-03 -1.177528356e-01 -1.249996486e-02 -9.632929265e-03 9.998754710e-01 8.074048860e+00
9.998524093e-01 1.065996196e-02 1.347311732e-02 -1.671013052e-01 -1.074973235e-02 9.999203846e-01 6.608161063e-03 -1.214456058e-01 -1.340160191e-02 -6.752018165e-03 9.998873973e-01 8.599606160e+00
9.998331900e-01 9.219481379e-03 1.576684283e-02 -1.804141824e-01 -9.304562342e-03 9.999424991e-01 5.331377846e-03 -1.321651799e-01 -1.571678368e-02 -5.477192091e-03 9.998614819e-01 9.079415873e+00
9.998177711e-01 6.016911042e-03 1.811687967e-02 -1.800451992e-01 -6.059127438e-03 9.999790526e-01 2.276235586e-03 -1.265027956e-01 -1.810280426e-02 -2.385593272e-03 9.998332848e-01 9.552044880e+00
9.997916172e-01 4.161934645e-03 1.998500714e-02 -1.690965042e-01 -4.191879162e-03 9.999901531e-01 1.456691184e-03 -1.439763809e-01 -1.997874769e-02 -1.540162370e-03 9.997992186e-01 1.000020329e+01
9.997146774e-01 8.901292995e-03 2.216598026e-02 -1.695777372e-01 -8.883881332e-03 9.999601469e-01 -8.838630557e-04 -1.472409353e-01 -2.217296441e-02 6.866909314e-04 9.997539138e-01 1.041182169e+01
9.995790531e-01 1.369478571e-02 2.557673825e-02 -1.722528964e-01 -1.365872180e-02 9.999054603e-01 -1.584205385e-03 -1.582493273e-01 -2.559601559e-02 1.234192966e-03 9.996716065e-01 1.076478800e+01
9.994702530e-01 1.464573631e-02 2.906399467e-02 -1.627870837e-01 -1.464279434e-02 9.998927392e-01 -3.140667334e-04 -1.708145494e-01 -2.906547699e-02 -1.116777393e-04 9.995775035e-01 1.112027991e+01
9.994532603e-01 9.708124491e-03 3.160589861e-02 -1.290849689e-01 -9.724799984e-03 9.999526431e-01 3.739272223e-04 -1.806051940e-01 -3.160077172e-02 -6.810838237e-04 9.995003388e-01 1.145481251e+01
9.993989566e-01 5.096620877e-03 3.428921090e-02 -1.168241048e-01 -5.100144466e-03 9.999869941e-01 1.529540268e-05 -1.823316116e-01 -3.428868699e-02 -1.901661387e-04 9.994119520e-01 1.172297395e+01
9.993122497e-01 2.856715623e-03 3.697116093e-02 -1.027397672e-01 -2.886023199e-03 9.999955621e-01 7.393706141e-04 -1.792422150e-01 -3.696888468e-02 -8.455617399e-04 9.993160594e-01 1.198748527e+01
9.992231727e-01 2.152512450e-03 3.934994099e-02 -8.799402687e-02 -2.223988998e-03 9.999959556e-01 1.772749767e-03 -1.835075872e-01 -3.934596597e-02 -1.858886482e-03 9.992239186e-01 1.222527125e+01
9.991215624e-01 2.876406072e-03 4.180705447e-02 -8.308284055e-02 -2.926642745e-03 9.999950670e-01 1.140477119e-03 -1.943641811e-01 -4.180356776e-02 -1.261829594e-03 9.991250520e-01 1.242338734e+01
9.990302752e-01 3.971749190e-03 4.384899545e-02 -7.603319144e-02 -3.964880165e-03 9.999921102e-01 -2.436208759e-04 -2.001031207e-01 -4.384961709e-02 6.952861837e-05 9.990381405e-01 1.260515055e+01
9.989073477e-01 5.230991156e-03 4.644079528e-02 -7.753962606e-02 -5.211589205e-03 9.999862744e-01 -5.388496742e-04 -2.093721671e-01 -4.644297657e-02 2.962305514e-04 9.989208989e-01 1.277131503e+01
9.987987701e-01 7.959544928e-03 4.834937937e-02 -7.505647490e-02 -7.921514170e-03 9.999681459e-01 -9.781464554e-04 -2.169195327e-01 -4.835562485e-02 5.939711828e-04 9.988300059e-01 1.294116785e+01
9.987105196e-01 9.360149397e-03 4.989675081e-02 -7.141063667e-02 -9.265370189e-03 9.999548060e-01 -2.130473369e-03 -2.249965003e-01 -4.991443732e-02 1.665414298e-03 9.987521091e-01 1.309661646e+01
9.986086366e-01 8.443871614e-03 5.205278123e-02 -6.679615664e-02 -8.249345256e-03 9.999581688e-01 -3.950816334e-03 -2.315604150e-01 -5.208396398e-02 3.515917949e-03 9.986365200e-01 1.324175081e+01
9.985630912e-01 6.366930323e-03 5.320916371e-02 -4.828087160e-02 -6.107638813e-03 9.999686761e-01 -5.034249257e-03 -2.405418040e-01 -5.323954970e-02 4.702033147e-03 9.985706992e-01 1.339342284e+01
9.984800773e-01 6.514097613e-03 5.472752368e-02 -4.851875639e-02 -6.152915831e-03 9.999581837e-01 -6.765541697e-03 -2.382609260e-01 -5.476930657e-02 6.418524749e-03 9.984784052e-01 1.352680615e+01
9.983864788e-01 7.031157899e-03 5.634715454e-02 -3.997871660e-02 -6.590177332e-03 9.999462182e-01 -8.008138354e-03 -2.417257068e-01 -5.640043057e-02 7.623879312e-03 9.983791203e-01 1.366916048e+01
9.983273196e-01 8.096804454e-03 5.724512843e-02 -2.806237869e-02 -7.524395367e-03 9.999195894e-01 -1.020774944e-02 -2.449242640e-01 -5.732317547e-02 9.759940157e-03 9.983079671e-01 1.379456233e+01
9.983082059e-01 8.002549922e-03 5.759067016e-02 -9.971058338e-03 -7.291015438e-03 9.998946064e-01 -1.255456764e-02 -2.444713907e-01 -5.768506903e-02 1.211343344e-02 9.982613373e-01 1.392837300e+01
9.982634949e-01 7.096473560e-03 5.847764370e-02 -5.252112140e-03 -6.231576699e-03 9.998686844e-01 -1.495932621e-02 -2.467912973e-01 -5.857612314e-02 1.456894134e-02 9.981766295e-01 1.405417670e+01
9.983138645e-01 6.325366743e-03 5.770110558e-02 9.119554504e-03 -5.348296441e-03 9.998399577e-01 -1.707204599e-02 -2.499697381e-01 -5.779985791e-02 1.673465759e-02 9.981879220e-01 1.416762808e+01
9.984370257e-01 5.731086895e-03 5.559370738e-02 2.177694575e-02 -4.727488355e-03 9.998237878e-01 -1.816712074e-02 -2.527513567e-01 -5.568802844e-02 1.787590739e-02 9.982881826e-01 1.429015430e+01
9.986106672e-01 5.896443755e-03 5.236379759e-02 2.911722935e-02 -4.932006516e-03 9.998161742e-01 -1.852817335e-02 -2.611714891e-01 -5.246342210e-02 1.824417296e-02 9.984561781e-01 1.442659795e+01
9.988207421e-01 6.542767823e-03 4.810735257e-02 3.468908677e-02 -5.587427354e-03 9.997850418e-01 -1.996624246e-02 -2.566952931e-01 -4.822764599e-02 1.967390078e-02 9.986425946e-01 1.455577003e+01
9.990826355e-01 7.109582032e-03 4.222962530e-02 4.134155066e-02 -6.251830193e-03 9.997721664e-01 -2.040906679e-02 -2.684232070e-01 -4.236510391e-02 2.012633179e-02 9.988994588e-01 1.467534506e+01
9.993515676e-01 6.943786090e-03 3.533027327e-02 3.832107369e-02 -6.214081916e-03 9.997659677e-01 -2.072184698e-02 -2.707755168e-01 -3.546589292e-02 2.048886505e-02 9.991608363e-01 1.479388815e+01
9.995747012e-01 6.979150306e-03 2.831445011e-02 3.381918151e-02 -6.381892592e-03 9.997563771e-01 -2.112955193e-02 -2.759338354e-01 -2.845501838e-02 2.093986578e-02 9.993757221e-01 1.490869291e+01
9.997761835e-01 7.386774048e-03 1.982469275e-02 3.443460474e-02 -6.939777088e-03 9.997222532e-01 -2.252234372e-02 -2.734926286e-01 -1.998555397e-02 2.237972390e-02 9.995497614e-01 1.504896520e+01
9.999302814e-01 6.175244566e-03 1.006472214e-02 1.671946038e-02 -5.935594094e-03 9.997022210e-01 -2.366935041e-02 -2.787316970e-01 -1.020788911e-02 2.360796011e-02 9.996691769e-01 1.517664206e+01
9.999835887e-01 4.782295895e-03 -3.154660952e-03 1.079280136e-02 -4.860922516e-03 9.996653998e-01 -2.540590106e-02 -2.781404716e-01 3.032106865e-03 2.542081867e-02 9.996722404e-01 1.532358906e+01
9.998041314e-01 3.583045420e-03 -1.946434287e-02 -1.382028090e-02 -4.114576415e-03 9.996178095e-01 -2.733688409e-02 -2.792252418e-01 1.935895448e-02 2.741161718e-02 9.994367584e-01 1.547723013e+01
9.992306512e-01 3.442815222e-03 -3.906728468e-02 -3.264499005e-02 -4.547937877e-03 9.995909907e-01 -2.823415697e-02 -2.768314609e-01 3.895410081e-02 2.839011064e-02 9.988376143e-01 1.564361810e+01
9.981216392e-01 4.335313537e-03 -6.110972432e-02 -5.648413050e-02 -6.049327017e-03 9.995926635e-01 -2.789108627e-02 -2.871609454e-01 6.096391549e-02 2.820836945e-02 9.977412936e-01 1.582430716e+01
9.964089897e-01 5.081089934e-03 -8.451809121e-02 -1.007295614e-01 -7.308025584e-03 9.996336637e-01 -2.606014654e-02 -3.002582825e-01 8.435471522e-02 2.658422466e-02 9.960811016e-01 1.602236977e+01
9.937691091e-01 6.316860537e-03 -1.112791762e-01 -1.483049446e-01 -9.084201683e-03 9.996615132e-01 -2.437901450e-02 -3.095006913e-01 1.110875109e-01 2.523799400e-02 9.934901150e-01 1.623123908e+01
9.898692476e-01 7.204569013e-03 -1.417990367e-01 -1.956991018e-01 -1.045330007e-02 9.996993594e-01 -2.217925679e-02 -3.171213248e-01 1.415966142e-01 2.343683212e-02 9.896469642e-01 1.644981631e+01
9.845151398e-01 7.170907474e-03 -1.751528408e-01 -2.627438510e-01 -1.059529605e-02 9.997704251e-01 -1.862355270e-02 -3.236315275e-01 1.749790823e-01 2.019096579e-02 9.843650977e-01 1.668534579e+01
9.772366060e-01 8.640321026e-03 -2.119763210e-01 -3.484873741e-01 -1.195252533e-02 9.998256076e-01 -1.434891904e-02 -3.313525687e-01 2.118153746e-01 1.655594129e-02 9.771694571e-01 1.693739224e+01
9.677032915e-01 1.046666213e-02 -2.518745492e-01 -4.380853001e-01 -1.306858606e-02 9.998771040e-01 -8.659620167e-03 -3.384161228e-01 2.517529575e-01 1.167158716e-02 9.677211491e-01 1.718918009e+01
9.559503307e-01 1.456738791e-02 -2.931667723e-01 -5.644234143e-01 -1.628869717e-02 9.998614442e-01 -3.430866097e-03 -3.486355809e-01 2.930761736e-01 8.055042355e-03 9.560551620e-01 1.744634907e+01
9.417346355e-01 1.796418642e-02 -3.358767101e-01 -6.803804749e-01 -1.872171220e-02 9.998242502e-01 9.829332827e-04 -3.487635489e-01 3.358353374e-01 5.362524786e-03 9.419054461e-01 1.770817012e+01
9.251916398e-01 2.063508498e-02 -3.789388116e-01 -8.310501192e-01 -1.954507264e-02 9.997863705e-01 6.723351712e-03 -3.492854465e-01 3.789965960e-01 1.185997804e-03 9.253973058e-01 1.798132295e+01
9.059969700e-01 2.388868699e-02 -4.226095372e-01 -1.001366549e+00 -1.971994548e-02 9.997042152e-01 1.423396705e-02 -3.496495396e-01 4.228245665e-01 -4.562093985e-03 9.062000735e-01 1.826937613e+01
8.841560328e-01 2.781444496e-02 -4.663630199e-01 -1.183078769e+00 -2.040755866e-02 9.995727266e-01 2.092596126e-02 -3.452711285e-01 4.667457994e-01 -8.984484201e-03 8.843458813e-01 1.854851647e+01
8.594711500e-01 3.249736223e-02 -5.101502364e-01 -1.408727497e+00 -2.270791624e-02 9.994192337e-01 2.540759377e-02 -3.423659494e-01 5.106796381e-01 -1.025264500e-02 8.597099455e-01 1.884364682e+01
8.315224573e-01 3.557737168e-02 -5.543506595e-01 -1.638047389e+00 -2.333589627e-02 9.993031955e-01 2.913004454e-02 -3.425272619e-01 5.550007559e-01 -1.128601673e-02 8.317732785e-01 1.912038167e+01
8.008667544e-01 3.898560644e-02 -5.975722250e-01 -1.891421506e+00 -2.544565349e-02 9.991927936e-01 3.108504431e-02 -3.366234284e-01 5.983017302e-01 -9.689362776e-03 8.012123039e-01 1.938628789e+01
7.669582792e-01 4.182890562e-02 -6.403322111e-01 -2.156660088e+00 -2.584995031e-02 9.990771616e-01 3.430168045e-02 -3.300051249e-01 6.411760897e-01 -9.755401974e-03 7.673317758e-01 1.965529572e+01
7.304126685e-01 4.574337520e-02 -6.814725801e-01 -2.446372857e+00 -2.728063934e-02 9.989124371e-01 3.781150200e-02 -3.130731558e-01 6.824610615e-01 -9.026992395e-03 7.308662073e-01 1.990430212e+01
6.915247619e-01 4.671365119e-02 -7.208407164e-01 -2.774615966e+00 -2.476222590e-02 9.988532865e-01 4.097492134e-02 -3.003742686e-01 7.219282068e-01 -1.048555207e-02 6.918885151e-01 2.016469854e+01
6.507501439e-01 4.673383804e-02 -7.578523594e-01 -3.095046567e+00 -2.198855149e-02 9.988453469e-01 4.271389173e-02 -2.925220461e-01 7.589734869e-01 -1.113199557e-02 6.510263626e-01 2.040438882e+01
6.083055749e-01 4.570546569e-02 -7.923858517e-01 -3.466452864e+00 -1.699950646e-02 9.988618481e-01 4.456484338e-02 -2.768489044e-01 7.935208531e-01 -1.363887427e-02 6.083902011e-01 2.064739994e+01
5.631621657e-01 4.546565436e-02 -8.250946912e-01 -3.862274575e+00 -1.183582390e-02 9.988266263e-01 4.696044993e-02 -2.581905600e-01 8.262616344e-01 -1.668067322e-02 5.630394895e-01 2.088913013e+01
5.166665714e-01 4.728611581e-02 -8.548799198e-01 -4.292467454e+00 -1.021317146e-02 9.987430705e-01 4.907107448e-02 -2.418230178e-01 8.561257764e-01 -1.662234861e-02 5.165000992e-01 2.110319401e+01
4.666882809e-01 4.677192668e-02 -8.831842590e-01 -4.744353512e+00 -9.063090195e-03 9.988011314e-01 4.810572072e-02 -2.123328755e-01 8.843754343e-01 -1.444599751e-02 4.665526812e-01 2.130447966e+01
4.143069585e-01 4.594674109e-02 -9.089767000e-01 -5.227501205e+00 -4.301810724e-03 9.988126073e-01 4.852700201e-02 -1.901302584e-01 9.101270453e-01 -1.619482889e-02 4.140126676e-01 2.149008209e+01
3.607865804e-01 4.550536778e-02 -9.315376025e-01 -5.742749564e+00 8.543213137e-04 9.987924387e-01 4.912162944e-02 -1.712895270e-01 9.326480116e-01 -1.851825714e-02 3.603120323e-01 2.166088191e+01
3.064818946e-01 4.473850815e-02 -9.508245444e-01 -6.281805395e+00 3.436684397e-03 9.988363561e-01 4.810533160e-02 -1.457303302e-01 9.518702840e-01 -1.801109704e-02 3.059715066e-01 2.180892911e+01
2.532715426e-01 5.026999772e-02 -9.660882222e-01 -6.842186028e+00 4.951429822e-03 9.985685006e-01 5.325817181e-02 -1.124632374e-01 9.673825557e-01 -1.827229737e-02 2.526600762e-01 2.191358644e+01
2.016030007e-01 5.500763732e-02 -9.779214641e-01 -7.437971761e+00 7.644663287e-03 9.983029591e-01 5.773006958e-02 -7.599259553e-02 9.794374861e-01 -1.911443557e-02 2.008403573e-01 2.200779546e+01
1.532476338e-01 5.612429050e-02 -9.865927360e-01 -8.046046876e+00 1.358445690e-02 9.981718635e-01 5.889306843e-02 -4.311108913e-02 9.880944415e-01 -2.242754988e-02 1.522050582e-01 2.207925696e+01
1.092639752e-01 5.761422220e-02 -9.923416675e-01 -8.668449425e+00 1.582682927e-02 9.980914449e-01 5.969069576e-02 -2.040321502e-02 9.938867618e-01 -2.222766486e-02 1.081435885e-01 2.211372324e+01
6.872628815e-02 5.621905954e-02 -9.960502571e-01 -9.310793381e+00 1.613894298e-02 9.982176427e-01 5.745495905e-02 3.131051766e-03 9.975050034e-01 -2.002386438e-02 6.769647715e-02 2.213340479e+01
3.339145157e-02 5.201026572e-02 -9.980881440e-01 -9.951995043e+00 1.349226603e-02 9.985305774e-01 5.248471022e-02 3.990320346e-02 9.993512744e-01 -1.521901142e-02 3.264064907e-02 2.212327633e+01
4.960799056e-03 5.205189175e-02 -9.986320599e-01 -1.061067544e+01 1.083732482e-02 9.985829022e-01 5.210316493e-02 7.671766706e-02 9.999289689e-01 -1.108097334e-02 4.389665861e-03 2.209403414e+01
-1.631093549e-02 5.638863529e-02 -9.982756509e-01 -1.131011290e+01 1.062998500e-02 9.983618259e-01 5.621981849e-02 1.075855991e-01 9.998104604e-01 -9.694657358e-03 -1.688362569e-02 2.206279108e+01
-2.922451409e-02 6.266996248e-02 -9.976063370e-01 -1.205117653e+01 1.182620760e-02 9.979844481e-01 6.234727110e-02 1.406453514e-01 9.995029107e-01 -9.975830940e-03 -2.990675855e-02 2.202884448e+01
-3.672631656e-02 6.554141449e-02 -9.971737565e-01 -1.278631701e+01 1.173259841e-02 9.978064484e-01 6.515088315e-02 1.776912676e-01 9.992564855e-01 -9.306687274e-03 -3.741472659e-02 2.197961151e+01
-4.062894184e-02 6.212145879e-02 -9.972413015e-01 -1.359224096e+01 1.254067541e-02 9.980184896e-01 6.165894854e-02 2.313081372e-01 9.990956013e-01 -1.000094163e-02 -4.132748022e-02 2.195304799e+01
-3.973088057e-02 5.791922042e-02 -9.975303610e-01 -1.437576237e+01 1.986962454e-02 9.981670123e-01 5.716479393e-02 2.798218699e-01 9.990128403e-01 -1.754934614e-02 -4.080888752e-02 2.192198587e+01
-3.569754065e-02 5.623190371e-02 -9.977793637e-01 -1.516647437e+01 3.175994012e-02 9.979752309e-01 5.510666720e-02 3.265489083e-01 9.988578436e-01 -2.972224036e-02 -3.741118326e-02 2.190396943e+01
-3.012300904e-02 5.635886356e-02 -9.979560526e-01 -1.602131832e+01 3.198339270e-02 9.979522292e-01 5.539323836e-02 3.732432589e-01 9.990343672e-01 -3.024940931e-02 -3.186387168e-02 2.188257858e+01
-2.516128372e-02 5.523935102e-02 -9.981560619e-01 -1.687250346e+01 3.040060868e-02 9.980526622e-01 5.446729733e-02 4.003357002e-01 9.992210530e-01 -2.897408472e-02 -2.679159609e-02 2.186262449e+01
-2.281864042e-02 4.898484965e-02 -9.985388296e-01 -1.772678870e+01 3.392123186e-02 9.982617328e-01 4.819608719e-02 4.386911010e-01 9.991639804e-01 -3.277189798e-02 -2.444060197e-02 2.186205845e+01
-2.040912444e-02 3.844577441e-02 -9.990522459e-01 -1.857973358e+01 3.222843365e-02 9.987663751e-01 3.777639536e-02 4.653430413e-01 9.992721330e-01 -3.142690587e-02 -2.162299433e-02 2.182727574e+01
-1.987750704e-02 3.001242613e-02 -9.993518595e-01 -1.949728501e+01 2.456195813e-02 9.992623327e-01 2.952119033e-02 4.955391620e-01 9.995006728e-01 -2.395923086e-02 -2.060000801e-02 2.179565402e+01
-2.163473199e-02 2.681931506e-02 -9.994061550e-01 -2.044645241e+01 1.916318719e-02 9.994676026e-01 2.640612726e-02 5.289781402e-01 9.995822681e-01 -1.858051774e-02 -2.213715727e-02 2.176937104e+01
-2.495011805e-02 3.285645099e-02 -9.991486102e-01 -2.137688410e+01 1.023890105e-02 9.994157202e-01 3.260955528e-02 5.500581797e-01 9.996362621e-01 -9.416571498e-03 -2.527195415e-02 2.172291908e+01
-2.963554956e-02 4.116843605e-02 -9.987126184e-01 -2.231876339e+01 5.557554094e-03 9.991428177e-01 4.102125603e-02 5.743392213e-01 9.995453205e-01 -4.334711935e-03 -2.983894230e-02 2.166498620e+01
-3.437187016e-02 5.011271779e-02 -9.981519374e-01 -2.333513563e+01 3.799555308e-03 9.987414159e-01 5.001147323e-02 6.277815290e-01 9.994018901e-01 -2.073545627e-03 -3.451901632e-02 2.162494975e+01
-3.592288714e-02 6.011912137e-02 -9.975446042e-01 -2.436267235e+01 2.498849355e-03 9.981911536e-01 6.006810018e-02 6.746109945e-01 9.993514407e-01 -3.348941077e-04 -3.600813678e-02 2.156917327e+01
-3.737180850e-02 6.795181673e-02 -9.969884144e-01 -2.538101977e+01 4.259213049e-03 9.976871367e-01 6.783978429e-02 7.173066337e-01 9.992923531e-01 -1.711090637e-03 -3.757479388e-02 2.153016892e+01
-3.957478821e-02 6.848278765e-02 -9.968670643e-01 -2.641228509e+01 5.553958898e-03 9.976482757e-01 6.831596780e-02 7.801562111e-01 9.992011758e-01 -2.832968744e-03 -3.986206981e-02 2.150765868e+01
-4.196544571e-02 6.580720147e-02 -9.969495040e-01 -2.741483826e+01 4.850414514e-03 9.978301886e-01 6.566116155e-02 8.350463348e-01 9.991072890e-01 -2.080118434e-03 -4.219358081e-02 2.147186806e+01
-4.491014237e-02 6.111925893e-02 -9.971196093e-01 -2.842381365e+01 4.764679452e-03 9.981284408e-01 6.096649551e-02 8.846701382e-01 9.989796679e-01 -2.012941321e-03 -4.511730405e-02 2.141952493e+01
-4.956731060e-02 5.602376746e-02 -9.971982848e-01 -2.942374720e+01 4.765244280e-03 9.984274656e-01 5.585596031e-02 9.238992428e-01 9.987594176e-01 -1.983263689e-03 -4.975633124e-02 2.136167651e+01
-5.542860022e-02 5.141913212e-02 -9.971377754e-01 -3.043973138e+01 4.881644372e-03 9.986751019e-01 5.122704761e-02 9.647289082e-01 9.984507198e-01 -2.028228467e-03 -5.560617289e-02 2.131029413e+01
-6.282035328e-02 4.917083475e-02 -9.968128371e-01 -3.141898831e+01 3.840777987e-03 9.987901023e-01 4.902631891e-02 1.010287876e+00 9.980174606e-01 -7.486861281e-04 -6.293320134e-02 2.125449472e+01
-6.905066310e-02 5.185541171e-02 -9.962645342e-01 -3.246920288e+01 4.136063535e-03 9.986544510e-01 5.169313773e-02 1.046162390e+00 9.976045804e-01 -5.511679735e-04 -6.917222933e-02 2.116348291e+01
-7.626034672e-02 5.686640433e-02 -9.954650027e-01 -3.355853295e+01 3.333268048e-03 9.983812841e-01 5.677764407e-02 1.084566178e+00 9.970823681e-01 1.011731136e-03 -7.632645385e-02 2.109600665e+01
-8.212567369e-02 6.005728415e-02 -9.948107842e-01 -3.459311324e+01 7.775202829e-04 9.981862210e-01 6.019687370e-02 1.124666025e+00 9.966216781e-01 4.170223244e-03 -8.202341163e-02 2.098905440e+01
-8.721427045e-02 6.228434703e-02 -9.942405801e-01 -3.566184476e+01 -1.881133651e-03 9.980314732e-01 6.268684015e-02 1.175340593e+00 9.961877997e-01 7.337486443e-03 -8.692542164e-02 2.089212361e+01
-8.997851234e-02 6.342446106e-02 -9.939221323e-01 -3.674322770e+01 -6.159401590e-03 9.979156690e-01 6.423690066e-02 1.227907479e+00 9.959246603e-01 1.190190632e-02 -8.940031061e-02 2.079108131e+01
-9.162161063e-02 6.475387005e-02 -9.936862768e-01 -3.783798525e+01 -9.911358411e-03 9.977747498e-01 6.593416115e-02 1.284598885e+00 9.957445684e-01 1.588977488e-02 -9.077593081e-02 2.068372142e+01
-9.303268494e-02 6.413142814e-02 -9.935955311e-01 -3.892765837e+01 -1.131578428e-02 9.977909167e-01 6.546174195e-02 1.344719827e+00 9.955987508e-01 1.733339431e-02 -9.210147058e-02 2.056829596e+01
-9.404432881e-02 6.383584117e-02 -9.935193252e-01 -3.999599549e+01 -1.173107366e-02 9.978018569e-01 6.522144075e-02 1.386083240e+00 9.954988931e-01 1.778875501e-02 -9.308874296e-02 2.044493750e+01
-9.548613710e-02 6.299704376e-02 -9.934353377e-01 -4.108444328e+01 -1.250411296e-02 9.978407690e-01 6.447826608e-02 1.440991992e+00 9.953522215e-01 1.857880824e-02 -9.449223833e-02 2.033719391e+01
-9.674536361e-02 6.191407440e-02 -9.933815893e-01 -4.218708920e+01 -1.464180092e-02 9.978668077e-01 6.361958668e-02 1.496814810e+00 9.952014632e-01 2.069979551e-02 -9.563245359e-02 2.022356809e+01
-9.755301355e-02 5.970274846e-02 -9.934379655e-01 -4.326376601e+01 -1.846553915e-02 9.979186348e-01 6.178529144e-02 1.545175534e+00 9.950590100e-01 2.437170902e-02 -9.624752666e-02 2.009600109e+01
-9.807938935e-02 5.471194115e-02 -9.936735062e-01 -4.434283865e+01 -2.375893335e-02 9.980742947e-01 5.729934772e-02 1.598630365e+00 9.948949424e-01 2.922850764e-02 -9.659061999e-02 1.998326096e+01
-9.739707946e-02 5.414233437e-02 -9.937718131e-01 -4.544054903e+01 -2.480757006e-02 9.980768568e-01 5.680820791e-02 1.647707395e+00 9.949363765e-01 3.018601741e-02 -9.586663117e-02 1.986774035e+01
-9.609330922e-02 5.778597173e-02 -9.936935430e-01 -4.657136101e+01 -2.648375170e-02 9.978115483e-01 6.058650747e-02 1.709742243e+00 9.950199429e-01 3.213869105e-02 -9.435262433e-02 1.975739912e+01
-9.387971527e-02 6.070169871e-02 -9.937313031e-01 -4.769481933e+01 -2.646520799e-02 9.976346598e-01 6.344035307e-02 1.762161461e+00 9.952317277e-01 3.225506791e-02 -9.205117472e-02 1.964124491e+01
-9.243753895e-02 5.988766498e-02 -9.939158762e-01 -4.879922716e+01 -2.542261928e-02 9.977222881e-01 6.248140711e-02 1.830787245e+00 9.953938878e-01 3.104357242e-02 -9.070449156e-02 1.953608581e+01
-8.985802112e-02 5.870720513e-02 -9.942228121e-01 -4.993807562e+01 -2.482256026e-02 9.978190842e-01 6.116302610e-02 1.896983246e+00 9.956452062e-01 3.017514416e-02 -8.820478520e-02 1.942807922e+01
-8.554667672e-02 5.932604914e-02 -9.945663306e-01 -5.103375063e+01 -2.964710848e-02 9.976320619e-01 6.205898835e-02 1.949359802e+00 9.958929737e-01 3.479495611e-02 -8.358526167e-02 1.931700228e+01
-7.973693664e-02 5.996982435e-02 -9.950103724e-01 -5.217329069e+01 -3.479739346e-02 9.974128194e-01 6.290317255e-02 2.009804883e+00 9.962083930e-01 3.963947370e-02 -7.744384921e-02 1.920499805e+01
-7.435752150e-02 5.915999248e-02 -9.954752906e-01 -5.330379574e+01 -3.880970791e-02 9.973108581e-01 6.216798864e-02 2.076550187e+00 9.964761741e-01 4.325676282e-02 -7.186158155e-02 1.911777181e+01
-6.879820684e-02 5.825965025e-02 -9.959280194e-01 -5.442548782e+01 -4.069590294e-02 9.972985458e-01 6.115107561e-02 2.134694322e+00 9.968002058e-01 4.473727436e-02 -6.624142256e-02 1.903833410e+01
-6.344521213e-02 5.790378046e-02 -9.963040988e-01 -5.554447714e+01 -3.979673168e-02 9.973745221e-01 6.050027047e-02 2.176780989e+00 9.971915188e-01 4.348809939e-02 -6.097425691e-02 1.896306700e+01
-5.842176322e-02 5.745246680e-02 -9.966374023e-01 -5.667210608e+01 -3.758826517e-02 9.975080508e-01 5.970603828e-02 2.229922856e+00 9.975840916e-01 4.095000298e-02 -5.611664059e-02 1.890141666e+01
-5.278175643e-02 5.794137341e-02 -9.969237099e-01 -5.782950070e+01 -3.658226176e-02 9.975330051e-01 5.991362005e-02 2.290073491e+00 9.979357817e-01 3.963207022e-02 -5.053191762e-02 1.883568240e+01
-4.716695742e-02 5.953354817e-02 -9.971113452e-01 -5.896579213e+01 -3.621601475e-02 9.974641157e-01 6.126775861e-02 2.339994048e+00 9.982302732e-01 3.900121295e-02 -4.489127961e-02 1.877719798e+01
-4.194282318e-02 6.086897496e-02 -9.972641413e-01 -6.010876804e+01 -3.671580813e-02 9.973744062e-01 6.241989442e-02 2.392960751e+00 9.984451658e-01 3.923342546e-02 -3.959784476e-02 1.872515244e+01
-3.618015040e-02 6.008425983e-02 -9.975374070e-01 -6.123662390e+01 -3.647974280e-02 9.974462585e-01 6.140187056e-02 2.442512091e+00 9.986792403e-01 3.861143695e-02 -3.389589731e-02 1.867100034e+01
-3.086004242e-02 5.573820931e-02 -9.979683912e-01 -6.238704464e+01 -3.761690135e-02 9.976718301e-01 5.688486826e-02 2.493014980e+00 9.988156119e-01 3.929594797e-02 -2.869149628e-02 1.862734362e+01
-2.690748714e-02 5.056273389e-02 -9.983583510e-01 -6.353744574e+01 -3.806469258e-02 9.979438144e-01 5.156764873e-02 2.537388115e+00 9.989129423e-01 3.938975957e-02 -2.492750543e-02 1.859970995e+01
-2.282301872e-02 5.012889805e-02 -9.984819495e-01 -6.469432709e+01 -3.885464898e-02 9.979430540e-01 5.098997135e-02 2.583200618e+00 9.989841971e-01 3.995941073e-02 -2.082833227e-02 1.855833170e+01
-2.018004754e-02 5.239238666e-02 -9.984226577e-01 -6.584834877e+01 -3.801122176e-02 9.978638221e-01 5.313134178e-02 2.627752866e+00 9.990735272e-01 3.902345806e-02 -1.814544074e-02 1.853419821e+01
-1.841555186e-02 5.170633505e-02 -9.984925249e-01 -6.698394578e+01 -3.805359346e-02 9.979020552e-01 5.237759386e-02 2.676718806e+00 9.991059961e-01 3.896079091e-02 -1.640930520e-02 1.851071933e+01
-1.746348188e-02 5.136871077e-02 -9.985270564e-01 -6.813661030e+01 -4.063412609e-02 9.978178220e-01 5.204288466e-02 2.723383519e+00 9.990214685e-01 4.148312429e-02 -1.533805078e-02 1.848373282e+01
-1.685037078e-02 5.209827088e-02 -9.984997923e-01 -6.928900459e+01 -4.177693289e-02 9.977327927e-01 5.276326596e-02 2.769195086e+00 9.989848612e-01 4.260333941e-02 -1.463566153e-02 1.846490857e+01
-1.600386522e-02 5.134804352e-02 -9.985525798e-01 -7.045686414e+01 -4.246697485e-02 9.977444046e-01 5.198710603e-02 2.818203451e+00 9.989696854e-01 4.323750193e-02 -1.378717090e-02 1.844806223e+01
-1.510339863e-02 4.914430834e-02 -9.986774876e-01 -7.162726389e+01 -4.266587234e-02 9.978500268e-01 4.974884253e-02 2.861254069e+00 9.989752303e-01 4.336082279e-02 -1.297414194e-02 1.842303377e+01
-1.416252299e-02 4.767772907e-02 -9.987623627e-01 -7.280377709e+01 -4.097325909e-02 9.979959002e-01 4.822214439e-02 2.906859290e+00 9.990598656e-01 4.160549628e-02 -1.218062793e-02 1.839858831e+01
-1.446032985e-02 4.747459867e-02 -9.987677715e-01 -7.400203420e+01 -3.775266112e-02 9.981340562e-01 4.799106563e-02 2.948240564e+00 9.991824836e-01 3.840010785e-02 -1.264105525e-02 1.839310921e+01
-1.367683788e-02 4.817868800e-02 -9.987450917e-01 -7.518038110e+01 -3.602955745e-02 9.981661273e-01 4.864414878e-02 2.992131924e+00 9.992571316e-01 3.664964180e-02 -1.191589949e-02 1.836727886e+01
-1.380202963e-02 5.070549695e-02 -9.986182737e-01 -7.636963466e+01 -3.561121304e-02 9.980548918e-01 5.116907795e-02 3.038560927e+00 9.992704066e-01 3.626824522e-02 -1.196949894e-02 1.835680368e+01
-1.345419946e-02 5.441262718e-02 -9.984278895e-01 -7.753963070e+01 -3.827912628e-02 9.977582779e-01 5.489196042e-02 3.079653259e+00 9.991765074e-01 3.895747465e-02 -1.134117106e-02 1.833259325e+01
-1.324263633e-02 5.442799490e-02 -9.984298803e-01 -7.870873239e+01 -3.937019882e-02 9.977147628e-01 5.491119640e-02 3.125414465e+00 9.991369376e-01 4.003555190e-02 -1.106953278e-02 1.831091639e+01
-1.294738635e-02 5.220978150e-02 -9.985522039e-01 -7.989378179e+01 -3.951028354e-02 9.978292961e-01 5.268428052e-02 3.171288941e+00 9.991352775e-01 4.013520444e-02 -1.085645813e-02 1.828971657e+01
-1.311727849e-02 5.016808736e-02 -9.986546450e-01 -8.106139790e+01 -3.892067501e-02 9.979580824e-01 5.064431617e-02 3.209718153e+00 9.991562030e-01 3.953262849e-02 -1.113791826e-02 1.827675315e+01
-1.255661790e-02 4.939657101e-02 -9.987003105e-01 -8.223369352e+01 -3.728451194e-02 9.980613524e-01 4.983374423e-02 3.254217852e+00 9.992257986e-01 3.786179693e-02 -1.069054800e-02 1.824841940e+01
-1.263707151e-02 5.109440557e-02 -9.986138724e-01 -8.340674353e+01 -3.561249366e-02 9.980370224e-01 5.151555316e-02 3.292856086e+00 9.992857723e-01 3.621413593e-02 -1.079266603e-02 1.823341073e+01
-1.237574950e-02 5.420570403e-02 -9.984530948e-01 -8.457684151e+01 -3.550171282e-02 9.978761912e-01 5.461442512e-02 3.324097307e+00 9.992929847e-01 3.612268948e-02 -1.042507044e-02 1.821249884e+01
-1.171437202e-02 5.648218227e-02 -9.983348820e-01 -8.576488214e+01 -3.652481800e-02 9.977129381e-01 5.687557387e-02 3.367195990e+00 9.992640848e-01 3.713026150e-02 -9.624579095e-03 1.819280542e+01
-1.185569896e-02 5.733604618e-02 -9.982845387e-01 -8.690573599e+01 -3.828799565e-02 9.975965234e-01 5.775124130e-02 3.399103784e+00 9.991964130e-01 3.890699541e-02 -9.631921776e-03 1.816570896e+01
-1.192365741e-02 5.474287148e-02 -9.984292886e-01 -8.807268531e+01 -3.693382784e-02 9.977947997e-01 5.514916221e-02 3.456555294e+00 9.992465756e-01 3.753339517e-02 -9.875499565e-03 1.815354098e+01
-1.154899135e-02 5.334626176e-02 -9.985092875e-01 -8.926386869e+01 -3.521216555e-02 9.979348473e-01 5.372284389e-02 3.504475728e+00 9.993131262e-01 3.578011899e-02 -9.646703523e-03 1.813807858e+01
-1.103769456e-02 5.430976651e-02 -9.984631283e-01 -9.043242817e+01 -3.363537422e-02 9.979387273e-01 5.465307101e-02 3.551724698e+00 9.993732190e-01 3.418692487e-02 -9.188213544e-03 1.811395102e+01
-1.069803661e-02 5.708211519e-02 -9.983121677e-01 -9.160081880e+01 -3.161182355e-02 9.978509728e-01 5.739450091e-02 3.600186379e+00 9.994429672e-01 3.217247657e-02 -8.870576489e-03 1.809848364e+01
-1.081407142e-02 5.925889919e-02 -9.981840706e-01 -9.276316027e+01 -3.043575507e-02 9.977604204e-01 5.956348167e-02 3.649176103e+00 9.994782242e-01 3.102460963e-02 -8.986263106e-03 1.808897880e+01
-9.711718911e-03 6.077927699e-02 -9.981039836e-01 -9.392821861e+01 -3.195052156e-02 9.976225426e-01 6.106084369e-02 3.705388940e+00 9.994422678e-01 3.248294860e-02 -7.746700113e-03 1.805552769e+01
-8.880261817e-03 6.294284421e-02 -9.979776247e-01 -9.506960039e+01 -3.523200148e-02 9.973776249e-01 6.321850541e-02 3.751553783e+00 9.993397055e-01 3.572214603e-02 -6.639372059e-03 1.802286185e+01
-8.452788626e-03 6.195016831e-02 -9.980434495e-01 -9.622476176e+01 -3.809649638e-02 9.973345632e-01 6.222881951e-02 3.806556846e+00 9.992383136e-01 3.854796571e-02 -6.070173890e-03 1.799844373e+01
-8.521809450e-03 5.814800032e-02 -9.982716007e-01 -9.734314760e+01 -3.973397683e-02 9.974997327e-01 5.844223166e-02 3.851966788e+00 9.991739537e-01 4.016333422e-02 -6.190051351e-03 1.797481179e+01
-7.956144480e-03 5.623291163e-02 -9.983859772e-01 -9.848059950e+01 -4.083142664e-02 9.975666252e-01 5.651214851e-02 3.902696282e+00 9.991343725e-01 4.121514261e-02 -5.640714193e-03 1.795336078e+01
-7.428103159e-03 5.456569552e-02 -9.984825528e-01 -9.963028305e+01 -4.060762120e-02 9.976699942e-01 5.482338633e-02 3.949350262e+00 9.991475589e-01 4.095323505e-02 -5.195012542e-03 1.793089003e+01
-7.497106085e-03 5.497188917e-02 -9.984597562e-01 -1.007888619e+02 -3.977778993e-02 9.976811258e-01 5.522769871e-02 4.000136761e+00 9.991804246e-01 4.013057036e-02 -5.293060979e-03 1.792667548e+01
-7.961820570e-03 5.654211609e-02 -9.983684683e-01 -1.019289844e+02 -3.884360869e-02 9.976290876e-01 5.681001286e-02 4.054049426e+00 9.992135825e-01 3.923254524e-02 -5.746643959e-03 1.792168819e+01
-7.571825774e-03 5.876227965e-02 -9.982432880e-01 -1.030647980e+02 -3.778400406e-02 9.975422153e-01 5.900760788e-02 4.097217414e+00 9.992572424e-01 3.816442377e-02 -5.332941644e-03 1.790408073e+01
-7.628028192e-03 5.706157692e-02 -9.983415195e-01 -1.042368007e+02 -4.125779783e-02 9.975024792e-01 5.732885889e-02 4.160415467e+00 9.991194159e-01 4.162667873e-02 -5.254742029e-03 1.788089962e+01
-8.558276963e-03 5.825914889e-02 -9.982648083e-01 -1.053991884e+02 -4.560463301e-02 9.972398874e-01 5.859030958e-02 4.208638968e+00 9.989229066e-01 4.602693233e-02 -5.877768050e-03 1.787439373e+01
-9.162539263e-03 5.710937942e-02 -9.983258820e-01 -1.065602950e+02 -4.901421618e-02 9.971420827e-01 5.749150779e-02 4.258231563e+00 9.987560535e-01 4.945892879e-02 -6.337182015e-03 1.785415732e+01
-9.670690667e-03 5.347853149e-02 -9.985221702e-01 -1.077239624e+02 -4.983262970e-02 9.973023356e-01 5.389582917e-02 4.298012632e+00 9.987107623e-01 5.028019545e-02 -6.979626533e-03 1.784044744e+01
-1.067129331e-02 4.966706176e-02 -9.987088197e-01 -1.088736456e+02 -4.999049799e-02 9.974902851e-01 5.014061543e-02 4.339351006e+00 9.986926823e-01 5.046101645e-02 -8.161630256e-03 1.783215842e+01
-1.181189680e-02 4.817243754e-02 -9.987691902e-01 -1.100568564e+02 -4.751883374e-02 9.976833260e-01 4.868204360e-02 4.400940320e+00 9.988005004e-01 4.803537437e-02 -9.495434436e-03 1.782591274e+01
-1.234092764e-02 4.811004344e-02 -9.987658010e-01 -1.112963338e+02 -4.369064441e-02 9.978619893e-01 4.860635665e-02 4.432847634e+00 9.989688829e-01 4.423656899e-02 -1.021258380e-02 1.781691843e+01
-1.262868051e-02 4.894858549e-02 -9.987214589e-01 -1.125350577e+02 -4.275746554e-02 9.978611053e-01 4.944708011e-02 4.504606732e+00 9.990056634e-01 4.332724974e-02 -1.050875163e-02 1.779861272e+01
-1.349600524e-02 5.291305367e-02 -9.985079201e-01 -1.137740735e+02 -4.126835289e-02 9.977185293e-01 5.342901235e-02 4.552794503e+00 9.990569458e-01 4.192785544e-02 -1.128157993e-02 1.778041826e+01
-1.411792530e-02 5.267316489e-02 -9.985120039e-01 -1.150196448e+02 -3.913492747e-02 9.978172668e-01 5.318984369e-02 4.609076244e+00 9.991341960e-01 3.982762509e-02 -1.202574915e-02 1.776526010e+01
-1.459059067e-02 4.817543413e-02 -9.987323176e-01 -1.162553329e+02 -3.984793844e-02 9.980171358e-01 4.872307914e-02 4.664805355e+00 9.990992225e-01 4.050832242e-02 -1.264196777e-02 1.774467853e+01
-1.507105098e-02 4.414368987e-02 -9.989115066e-01 -1.174910518e+02 -3.937720907e-02 9.982237644e-01 4.470739991e-02 4.714547244e+00 9.991107540e-01 4.000813474e-02 -1.330602594e-02 1.771286532e+01
-1.608838010e-02 4.278841453e-02 -9.989546114e-01 -1.187511768e+02 -3.796935273e-02 9.983371526e-01 4.337347144e-02 4.754911127e+00 9.991493844e-01 3.862746889e-02 -1.443697918e-02 1.769122865e+01
-1.666717390e-02 4.398871480e-02 -9.988929864e-01 -1.200062897e+02 -4.093857014e-02 9.981639799e-01 4.463969766e-02 4.797382936e+00 9.990226418e-01 4.163726819e-02 -1.483573754e-02 1.765440023e+01
-1.728462818e-02 4.909878699e-02 -9.986443565e-01 -1.212547269e+02 -4.538794613e-02 9.977254081e-01 4.983918523e-02 4.834950659e+00 9.988198917e-01 4.618786804e-02 -1.501681960e-02 1.762083782e+01
-1.774540169e-02 5.243583214e-02 -9.984666165e-01 -1.225150183e+02 -5.048351223e-02 9.973031203e-01 5.327195555e-02 4.877635630e+00 9.985672314e-01 5.135143389e-02 -1.505039951e-02 1.758336238e+01
-1.772328517e-02 5.221963609e-02 -9.984783397e-01 -1.237840853e+02 -5.726437266e-02 9.969429537e-01 5.315579612e-02 4.924320720e+00 9.982017215e-01 5.811933107e-02 -1.467877956e-02 1.754622298e+01
-1.749318028e-02 5.010764093e-02 -9.985906133e-01 -1.250524710e+02 -6.003054698e-02 9.968890578e-01 5.107386697e-02 4.972712064e+00 9.980432466e-01 6.083938509e-02 -1.443077091e-02 1.750976676e+01
-1.795946209e-02 4.855916054e-02 -9.986588335e-01 -1.263112400e+02 -6.266398048e-02 9.968016274e-01 4.959577784e-02 5.021657253e+00 9.978730797e-01 6.347065114e-02 -1.485911075e-02 1.747202931e+01
-1.897737632e-02 4.831595244e-02 -9.986518051e-01 -1.275519409e+02 -6.330188118e-02 9.967696638e-01 4.942781762e-02 5.057408507e+00 9.978139762e-01 6.415454820e-02 -1.585758233e-02 1.745212557e+01
-1.996679444e-02 4.803575906e-02 -9.986460299e-01 -1.287717451e+02 -6.201077963e-02 9.968625913e-01 4.918980927e-02 5.083111212e+00 9.978757389e-01 6.290898170e-02 -1.692541557e-02 1.744389193e+01
-2.118543402e-02 4.832213593e-02 -9.986071042e-01 -1.300006020e+02 -6.134228401e-02 9.968865969e-01 4.954025697e-02 5.125227193e+00 9.978919288e-01 6.230637245e-02 -1.815528504e-02 1.743422095e+01
-2.217004446e-02 5.326271296e-02 -9.983343992e-01 -1.312748584e+02 -6.073416182e-02 9.966637746e-01 5.452230802e-02 5.168762094e+00 9.979077366e-01 6.184176495e-02 -1.886121397e-02 1.740543540e+01
-2.289164157e-02 5.724178179e-02 -9.980978665e-01 -1.325280058e+02 -5.931058742e-02 9.965232690e-01 5.851178144e-02 5.213533092e+00 9.979770674e-01 6.053720149e-02 -1.941700979e-02 1.737216821e+01
-2.334945648e-02 5.597052239e-02 -9.981593578e-01 -1.337826769e+02 -6.000391591e-02 9.965530907e-01 5.728409542e-02 5.266588436e+00 9.979250137e-01 6.123102267e-02 -1.991052250e-02 1.735046713e+01
-2.291761270e-02 5.447166255e-02 -9.982522832e-01 -1.350332695e+02 -5.998862919e-02 9.966403992e-01 5.576090996e-02 5.316699506e+00 9.979359435e-01 6.116169300e-02 -1.957293830e-02 1.732259829e+01
-2.192450461e-02 5.389137878e-02 -9.983060830e-01 -1.362847551e+02 -5.980859208e-02 9.966870102e-01 5.511747537e-02 5.367460525e+00 9.979690619e-01 6.091570464e-02 -1.862870146e-02 1.728808481e+01
-2.169051268e-02 5.336711959e-02 -9.983393572e-01 -1.375294354e+02 -6.037157065e-02 9.966820876e-01 5.459019730e-02 5.414586568e+00 9.979402763e-01 6.145540440e-02 -1.839668862e-02 1.726597014e+01
-2.114129810e-02 5.568339400e-02 -9.982246266e-01 -1.387646004e+02 -6.085479147e-02 9.965247887e-01 5.687741037e-02 5.459986078e+00 9.979227124e-01 6.194921378e-02 -1.767922629e-02 1.723095651e+01
-2.068700565e-02 5.899424215e-02 -9.980439505e-01 -1.400152864e+02 -6.184688486e-02 9.962702312e-01 6.017133223e-02 5.516073573e+00 9.978712395e-01 6.297067398e-02 -1.696123780e-02 1.720563775e+01
-1.987342029e-02 6.008492511e-02 -9.979954153e-01 -1.412531214e+02 -6.329321391e-02 9.961147533e-01 6.123207788e-02 5.562265219e+00 9.977970817e-01 6.438322812e-02 -1.599323913e-02 1.717405140e+01
-1.876142728e-02 5.717090727e-02 -9.981881066e-01 -1.424833753e+02 -6.618401926e-02 9.961030651e-01 5.829544777e-02 5.624840241e+00 9.976310362e-01 6.715780667e-02 -1.490451480e-02 1.713486746e+01
-1.980575437e-02 5.414568231e-02 -9.983366051e-01 -1.437158039e+02 -6.422298328e-02 9.964013641e-01 5.531482674e-02 5.664822578e+00 9.977390142e-01 6.521170697e-02 -1.625708342e-02 1.713401081e+01
-1.912699486e-02 5.240671802e-02 -9.984426343e-01 -1.449548071e+02 -6.126581722e-02 9.966872668e-01 5.348824026e-02 5.712685944e+00 9.979382034e-01 6.219347324e-02 -1.585289182e-02 1.709064873e+01
-2.007315913e-02 5.147523930e-02 -9.984725174e-01 -1.461971769e+02 -5.894850606e-02 9.968754325e-01 5.257799616e-02 5.762916118e+00 9.980591876e-01 5.991386973e-02 -1.697605073e-02 1.707772168e+01
-2.049703518e-02 5.175240656e-02 -9.984495781e-01 -1.474171436e+02 -5.632915467e-02 9.970133196e-01 5.283433484e-02 5.809226390e+00 9.982018322e-01 5.732476794e-02 -1.752064777e-02 1.705671733e+01
-2.107539275e-02 5.005866000e-02 -9.985238897e-01 -1.486623429e+02 -5.375262783e-02 9.972444411e-01 5.112905027e-02 5.847246761e+00 9.983318500e-01 5.475084784e-02 -1.832653374e-02 1.703510108e+01
-2.173923551e-02 5.002648388e-02 -9.985112701e-01 -1.498520968e+02 -5.230362565e-02 9.973226866e-01 5.110567068e-02 5.888100382e+00 9.983945795e-01 5.333675789e-02 -1.906446628e-02 1.700632425e+01
-2.186166567e-02 5.224911407e-02 -9.983947604e-01 -1.510881135e+02 -5.001666692e-02 9.973257652e-01 5.328837593e-02 5.943999756e+00 9.985090889e-01 5.110135084e-02 -1.918987591e-02 1.697670120e+01
-2.215018589e-02 5.359324374e-02 -9.983171508e-01 -1.523098700e+02 -4.813947047e-02 9.973466910e-01 5.460924164e-02 5.993974547e+00 9.985949933e-01 4.926806385e-02 -1.951146423e-02 1.694917125e+01
-2.230289611e-02 5.208000800e-02 -9.983938369e-01 -1.535542816e+02 -4.550708032e-02 9.975542630e-01 5.305278510e-02 6.041338369e+00 9.987150176e-01 4.661721928e-02 -1.987833999e-02 1.692399056e+01
-2.316327188e-02 5.248068229e-02 -9.983532645e-01 -1.547601162e+02 -4.662451541e-02 9.974778929e-01 5.351642411e-02 6.084155084e+00 9.986438892e-01 4.778735265e-02 -2.065796525e-02 1.689010419e+01
-2.315732088e-02 5.695513148e-02 -9.981081362e-01 -1.559962480e+02 -4.752125085e-02 9.971846131e-01 5.800498314e-02 6.133338020e+00 9.986017571e-01 4.877458712e-02 -2.038554498e-02 1.685565828e+01
-2.326562715e-02 6.295060916e-02 -9.977454241e-01 -1.572349992e+02 -5.315101120e-02 9.965262084e-01 6.411307126e-02 6.198691892e+00 9.983154214e-01 5.452280903e-02 -1.983891868e-02 1.682210409e+01
-2.217074093e-02 6.274398025e-02 -9.977833689e-01 -1.584991640e+02 -5.777532514e-02 9.962803589e-01 6.393323333e-02 6.257971648e+00 9.980833983e-01 5.906470571e-02 -1.846321987e-02 1.678863943e+01
-2.036459517e-02 5.882956585e-02 -9.980603015e-01 -1.597478223e+02 -6.205029534e-02 9.962685162e-01 5.999003601e-02 6.320194329e+00 9.978652435e-01 6.315160927e-02 -1.663821307e-02 1.674502339e+01
-1.871518536e-02 5.325911675e-02 -9.984053327e-01 -1.609371904e+02 -6.376990341e-02 9.964834485e-01 5.435196719e-02 6.367209161e+00 9.977891266e-01 6.468541877e-02 -1.525304372e-02 1.670737191e+01
-1.862263407e-02 5.158179098e-02 -9.984951258e-01 -1.621615995e+02 -6.552509991e-02 9.964583846e-01 5.269866293e-02 6.413052743e+00 9.976771315e-01 6.640788079e-02 -1.517677786e-02 1.668788563e+01
-1.788789050e-02 4.852299886e-02 -9.986618757e-01 -1.633956311e+02 -5.989578100e-02 9.969758607e-01 4.951392351e-02 6.452127544e+00 9.980443471e-01 6.070133264e-02 -1.492747211e-02 1.668169296e+01
-1.790084870e-02 4.388221835e-02 -9.988763239e-01 -1.646218353e+02 -5.747441013e-02 9.973392832e-01 4.484469182e-02 6.505003212e+00 9.981864815e-01 5.821258556e-02 -1.533111499e-02 1.667040442e+01
-1.774028907e-02 4.039693789e-02 -9.990262106e-01 -1.658353367e+02 -5.183152716e-02 9.978028140e-01 4.126787079e-02 6.548845355e+00 9.984982599e-01 5.251315812e-02 -1.560747538e-02 1.663933773e+01
-1.887695728e-02 4.374492789e-02 -9.988643761e-01 -1.670522087e+02 -5.060771693e-02 9.977199647e-01 4.465121461e-02 6.579437586e+00 9.985401942e-01 5.139312467e-02 -1.662008623e-02 1.661422477e+01
-1.862599496e-02 5.015213452e-02 -9.985678924e-01 -1.683001563e+02 -5.134632177e-02 9.973752826e-01 5.104998474e-02 6.616974462e+00 9.985071995e-01 5.222364508e-02 -1.600197935e-02 1.660077705e+01
-1.743723588e-02 5.346294380e-02 -9.984175762e-01 -1.695514332e+02 -5.234536752e-02 9.971511714e-01 5.430933594e-02 6.659001535e+00 9.984767926e-01 5.320953966e-02 -1.458902274e-02 1.657975980e+01
-1.541395716e-02 4.979489309e-02 -9.986405152e-01 -1.707696074e+02 -5.242709360e-02 9.973450547e-01 5.053950704e-02 6.709426517e+00 9.985057886e-01 5.313483356e-02 -1.276243243e-02 1.655167862e+01
-1.437534974e-02 4.972048737e-02 -9.986597130e-01 -1.719725576e+02 -5.519103644e-02 9.972008438e-01 5.044230959e-02 6.758329244e+00 9.983723247e-01 5.584219046e-02 -1.159098566e-02 1.651305127e+01
-1.357499397e-02 5.084187402e-02 -9.986144518e-01 -1.732081467e+02 -5.361262255e-02 9.972328726e-01 5.150033530e-02 6.800291990e+00 9.984695320e-01 5.423745642e-02 -1.081166403e-02 1.648907111e+01
-1.360200588e-02 4.873419046e-02 -9.987191618e-01 -1.743991122e+02 -5.278758710e-02 9.973837274e-01 4.938796360e-02 6.844681308e+00 9.985131226e-01 5.339175011e-02 -1.099385900e-02 1.648585405e+01
-1.191025123e-02 4.701774097e-02 -9.988230464e-01 -1.755631933e+02 -5.291543410e-02 9.974646090e-01 4.758477380e-02 6.885504581e+00 9.985279679e-01 5.341990170e-02 -9.392089914e-03 1.646016959e+01
-1.051977748e-02 4.909133085e-02 -9.987388926e-01 -1.766991221e+02 -5.540458905e-02 9.972312128e-01 4.960080330e-02 6.911724551e+00 9.984085666e-01 5.585650732e-02 -7.770765447e-03 1.643834267e+01
-9.618140111e-03 5.089078020e-02 -9.986579093e-01 -1.778170465e+02 -5.564106302e-02 9.971295678e-01 5.134877992e-02 6.943060194e+00 9.984045089e-01 5.606026743e-02 -6.758914783e-03 1.643439583e+01
-9.670551435e-03 5.190312167e-02 -9.986053006e-01 -1.789647626e+02 -5.673179070e-02 9.970149958e-01 5.236985854e-02 6.989153026e+00 9.983426187e-01 5.715911231e-02 -6.697127763e-03 1.643229949e+01
-9.105799799e-03 5.288563088e-02 -9.985590591e-01 -1.800513594e+02 -5.583620018e-02 9.970155652e-01 5.331305138e-02 7.022008004e+00 9.983984190e-01 5.624120148e-02 -6.125691461e-03 1.640732173e+01
-8.919894516e-03 5.298051794e-02 -9.985557071e-01 -1.811465931e+02 -5.523201086e-02 9.970449007e-01 5.339373516e-02 7.075156418e+00 9.984337036e-01 5.562850614e-02 -5.967314799e-03 1.638289812e+01
-8.875230827e-03 5.223975727e-02 -9.985951322e-01 -1.821574185e+02 -5.521914931e-02 9.970850824e-01 5.265153382e-02 7.095009651e+00 9.984348130e-01 5.560886822e-02 -5.964725304e-03 1.638050339e+01
-7.724211745e-03 5.259262011e-02 -9.985861770e-01 -1.831210423e+02 -5.665343017e-02 9.969889836e-01 5.294672325e-02 7.109978013e+00 9.983640245e-01 5.698230394e-02 -4.721401686e-03 1.636702462e+01
-5.878691655e-03 5.321632244e-02 -9.985657034e-01 -1.840825838e+02 -5.740712214e-02 9.969181298e-01 5.346648221e-02 7.141993843e+00 9.983335431e-01 5.763909626e-02 -2.805578368e-03 1.634349732e+01
-7.262055413e-03 5.159279195e-02 -9.986418008e-01 -1.850221418e+02 -5.573692437e-02 9.970947286e-01 5.191818075e-02 7.168363680e+00 9.984190793e-01 5.603825523e-02 -4.365333628e-03 1.634620485e+01
-1.107907367e-02 4.817088163e-02 -9.987776631e-01 -1.859727731e+02 -5.264916307e-02 9.974253761e-01 4.868967887e-02 7.206196543e+00 9.985516110e-01 5.312424459e-02 -8.514392615e-03 1.635358339e+01
-1.675612250e-02 4.488536638e-02 -9.988516087e-01 -1.868983797e+02 -5.254262311e-02 9.975720193e-01 4.570928835e-02 7.222394018e+00 9.984780945e-01 5.324819406e-02 -1.435704407e-02 1.634983047e+01
-2.191989793e-02 4.145143256e-02 -9.989000435e-01 -1.878440146e+02 -5.409469808e-02 9.976272972e-01 4.258567328e-02 7.256043676e+00 9.982951877e-01 5.496866987e-02 -1.962558579e-02 1.632832678e+01
-2.604061606e-02 4.024379286e-02 -9.988505011e-01 -1.887911537e+02 -5.661027914e-02 9.975265383e-01 4.166631331e-02 7.286935661e+00 9.980566931e-01 5.763022215e-02 -2.369799324e-02 1.630696025e+01
-2.900271371e-02 4.069107225e-02 -9.987507593e-01 -1.896960800e+02 -5.786711427e-02 9.974270012e-01 4.231754231e-02 7.315905663e+00 9.979029210e-01 5.902214788e-02 -2.657341483e-02 1.627519280e+01
-3.122730191e-02 4.286778719e-02 -9.985926139e-01 -1.906302911e+02 -5.618828606e-02 9.974246688e-01 4.457473087e-02 7.325793354e+00 9.979317272e-01 5.750115602e-02 -2.873821378e-02 1.624132358e+01
-3.294153208e-02 4.462278444e-02 -9.984606465e-01 -1.915518275e+02 -5.326994987e-02 9.975044581e-01 4.633755004e-02 7.342902202e+00 9.980366566e-01 5.471437848e-02 -3.048227162e-02 1.620919325e+01
-3.446039573e-02 4.498113511e-02 -9.983932986e-01 -1.924869339e+02 -5.161765314e-02 9.975732134e-01 4.672581469e-02 7.369575926e+00 9.980721913e-01 5.314490905e-02 -3.205494707e-02 1.617119674e+01
-3.559284011e-02 4.370807550e-02 -9.984101131e-01 -1.933964369e+02 -5.173421592e-02 9.976230200e-01 4.551791830e-02 7.397876967e+00 9.980264128e-01 5.327207635e-02 -3.324703362e-02 1.613332527e+01
-3.737633138e-02 4.213410163e-02 -9.984126038e-01 -1.942948158e+02 -5.388372325e-02 9.975722226e-01 4.411581459e-02 7.427287230e+00 9.978474604e-01 5.544707573e-02 -3.501524769e-02 1.610932346e+01
-3.674178049e-02 4.159159550e-02 -9.984589029e-01 -1.951967745e+02 -5.731175001e-02 9.974013589e-01 4.365652856e-02 7.450635998e+00 9.976800113e-01 5.882744562e-02 -3.426261467e-02 1.605741651e+01
-3.597352493e-02 4.011420897e-02 -9.985473227e-01 -1.960901696e+02 -6.016839296e-02 9.972944726e-01 4.223149680e-02 7.466403793e+00 9.975398087e-01 6.160020350e-02 -3.346259008e-02 1.601852381e+01
-3.507444720e-02 3.722102732e-02 -9.986913328e-01 -1.969972866e+02 -6.092283632e-02 9.973680496e-01 3.931134369e-02 7.489631806e+00 9.975260353e-01 6.222193225e-02 -3.271452244e-02 1.598161780e+01
-3.501379823e-02 3.390169216e-02 -9.988116485e-01 -1.979148093e+02 -6.082155441e-02 9.974996289e-01 3.598928691e-02 7.521249910e+00 9.975343465e-01 6.200939865e-02 -3.286429713e-02 1.595248877e+01
-3.395662785e-02 3.390713459e-02 -9.988479632e-01 -1.988361727e+02 -6.088501814e-02 9.974978536e-01 3.593113787e-02 7.537076463e+00 9.975670213e-01 6.203497664e-02 -3.180722689e-02 1.590705537e+01
-3.354915861e-02 3.656141017e-02 -9.987680998e-01 -1.997566023e+02 -5.801083093e-02 9.975746010e-01 3.846633542e-02 7.560128704e+00 9.977520721e-01 5.922988057e-02 -3.134683073e-02 1.587675298e+01
-3.381969238e-02 3.742292548e-02 -9.987270663e-01 -2.006782506e+02 -5.730095501e-02 9.975823307e-01 3.932040216e-02 7.583395449e+00 9.977839591e-01 5.855781860e-02 -3.159355818e-02 1.584766253e+01
-3.284154376e-02 3.372692225e-02 -9.988913493e-01 -2.016110075e+02 -5.232899020e-02 9.980016472e-01 3.541735426e-02 7.602731447e+00 9.980897303e-01 5.343413622e-02 -3.101101899e-02 1.581476549e+01
-3.282040004e-02 3.068227330e-02 -9.989901999e-01 -2.025619654e+02 -5.075138084e-02 9.981880542e-01 3.232500109e-02 7.623032839e+00 9.981718883e-01 5.176105156e-02 -3.120376352e-02 1.578924258e+01
-3.286889202e-02 3.090756231e-02 -9.989816608e-01 -2.034939656e+02 -5.479285459e-02 9.979628427e-01 3.267885733e-02 7.648701926e+00 9.979566018e-01 5.581117471e-02 -3.110841934e-02 1.575801264e+01
-3.133327047e-02 3.489756335e-02 -9.988995877e-01 -2.044457063e+02 -5.625253484e-02 9.977447073e-01 3.662173403e-02 7.667934234e+00 9.979247860e-01 5.733811256e-02 -2.929952837e-02 1.572405259e+01
-2.958141087e-02 3.399658758e-02 -9.989840700e-01 -2.054140831e+02 -5.353242951e-02 9.979332446e-01 3.554600199e-02 7.696841974e+00 9.981278571e-01 5.452954520e-02 -2.770035340e-02 1.569187754e+01
-2.715492077e-02 3.479547380e-02 -9.990254678e-01 -2.063945627e+02 -5.191121542e-02 9.979964477e-01 3.617065365e-02 7.733219843e+00 9.982824430e-01 5.284283751e-02 -2.529423913e-02 1.565278115e+01
-2.541689751e-02 3.912334977e-02 -9.989110795e-01 -2.073751917e+02 -5.191737696e-02 9.978337789e-01 4.040217335e-02 7.768898303e+00 9.983278857e-01 5.288774096e-02 -2.333065719e-02 1.561986010e+01
-2.403194025e-02 4.321892154e-02 -9.987765469e-01 -2.083597933e+02 -4.872482081e-02 9.978271140e-01 4.435022415e-02 7.794388853e+00 9.985230882e-01 4.973103021e-02 -2.187388738e-02 1.560153398e+01
-2.272158048e-02 4.358600982e-02 -9.987912642e-01 -2.093472704e+02 -4.852525315e-02 9.978235736e-01 4.464768578e-02 7.826896658e+00 9.985634830e-01 4.948106492e-02 -2.055710647e-02 1.557688035e+01
-2.059813488e-02 4.455798261e-02 -9.987944248e-01 -2.103351081e+02 -5.203474826e-02 9.976046458e-01 4.557801695e-02 7.852621332e+00 9.984328229e-01 5.291083860e-02 -1.823023164e-02 1.554260225e+01
-1.816620154e-02 4.594369358e-02 -9.987788375e-01 -2.113393619e+02 -5.529602301e-02 9.973686314e-01 4.688457116e-02 7.888917190e+00 9.983047325e-01 5.608021214e-02 -1.557789603e-02 1.551591399e+01
-1.503057673e-02 4.629620918e-02 -9.988146689e-01 -2.123504021e+02 -5.666011046e-02 9.972829625e-01 4.707785762e-02 7.921762230e+00 9.982803783e-01 5.730055682e-02 -1.236658976e-02 1.550826939e+01
-1.203356515e-02 4.332925770e-02 -9.989883727e-01 -2.133759769e+02 -5.978556631e-02 9.972421979e-01 4.397368267e-02 7.964104225e+00 9.981387075e-01 6.025424577e-02 -9.409914748e-03 1.548857113e+01
-9.407062465e-03 3.981624160e-02 -9.991627365e-01 -2.144001690e+02 -5.925980288e-02 9.974285827e-01 4.030506405e-02 7.994815820e+00 9.981982684e-01 5.958933906e-02 -7.023370353e-03 1.548625028e+01
-8.030201157e-03 3.848668212e-02 -9.992268467e-01 -2.154375445e+02 -5.848960639e-02 9.975301633e-01 3.889137860e-02 8.028979873e+00 9.982557196e-01 5.875669055e-02 -5.759296983e-03 1.548004926e+01
-6.490581059e-03 4.075529719e-02 -9.991480762e-01 -2.164839590e+02 -5.929727045e-02 9.973951930e-01 4.106899891e-02 8.060894820e+00 9.982192675e-01 5.951331536e-02 -4.056996468e-03 1.547063398e+01
-5.206585977e-03 4.418852063e-02 -9.990096426e-01 -2.175575890e+02 -6.338123914e-02 9.969998986e-01 4.442995199e-02 8.092419075e+00 9.979758063e-01 6.354979743e-02 -2.390242499e-03 1.544943782e+01
-3.637752760e-03 4.361560452e-02 -9.990417638e-01 -2.186451246e+02 -6.309948471e-02 9.970474744e-01 4.375829945e-02 8.128323374e+00 9.980006121e-01 6.319820237e-02 -8.748900318e-04 1.543138303e+01
-2.857659710e-03 4.067947133e-02 -9.991681612e-01 -2.196903146e+02 -6.221103241e-02 9.972296143e-01 4.077847257e-02 8.160342427e+00 9.980589267e-01 6.227581386e-02 -3.190309817e-04 1.542143410e+01
-1.952501179e-03 3.735893463e-02 -9.993000039e-01 -2.207306667e+02 -6.002940954e-02 9.974953909e-01 3.740875858e-02 8.204589192e+00 9.981946993e-01 6.006042983e-02 2.950238602e-04 1.539067834e+01
-2.127023928e-03 3.655835272e-02 -9.993292564e-01 -2.217919829e+02 -5.696783137e-02 9.977041798e-01 3.662015599e-02 8.223822153e+00 9.983737486e-01 5.700751251e-02 -3.949059046e-05 1.538462613e+01
-1.694259479e-03 3.558973906e-02 -9.993650484e-01 -2.229225337e+02 -5.682981263e-02 9.977479555e-01 3.562849620e-02 8.244025499e+00 9.983824427e-01 5.685409236e-02 3.321142706e-04 1.536662912e+01
-9.821329323e-04 3.557126152e-02 -9.993666598e-01 -2.240207349e+02 -5.697521439e-02 9.977417709e-01 3.556941824e-02 8.272178275e+00 9.983751100e-01 5.697406360e-02 1.046765200e-03 1.535385219e+01
-1.620599342e-03 3.695254361e-02 -9.993157075e-01 -2.251422322e+02 -5.798803869e-02 9.976319699e-01 3.698432235e-02 8.281161946e+00 9.983159625e-01 5.800829468e-02 5.260438149e-04 1.534574511e+01
-1.641090709e-03 3.924009805e-02 -9.992284631e-01 -2.262695038e+02 -5.874295010e-02 9.975004931e-01 3.926871693e-02 8.308655955e+00 9.982717930e-01 5.876207127e-02 6.680903303e-04 1.532565269e+01
-3.003559628e-03 4.039103603e-02 -9.991794348e-01 -2.273954823e+02 -5.826126605e-02 9.974796143e-01 4.049745703e-02 8.345263248e+00 9.982968514e-01 5.833509540e-02 -6.427566026e-04 1.532385984e+01
-3.466196621e-03 4.241930806e-02 -9.990938834e-01 -2.285178018e+02 -5.875522238e-02 9.973652001e-01 4.254975386e-02 8.370481998e+00 9.982664020e-01 5.884946911e-02 -9.647080084e-04 1.530439626e+01
-3.503881382e-03 4.382459854e-02 -9.990330962e-01 -2.296433375e+02 -6.125032870e-02 9.971540403e-01 4.395699156e-02 8.394763745e+00 9.981162858e-01 6.134512561e-02 -8.096384116e-04 1.527019718e+01
-3.884727245e-03 4.265384762e-02 -9.990823581e-01 -2.307975108e+02 -6.314688097e-02 9.970854637e-01 4.281412788e-02 8.426282776e+00 9.979966835e-01 6.325525596e-02 -1.179947628e-03 1.523701246e+01
-4.873667737e-03 3.816721134e-02 -9.992594815e-01 -2.319656872e+02 -6.094684493e-02 9.974023355e-01 3.839353152e-02 8.457945829e+00 9.981291146e-01 6.108882998e-02 -2.534836472e-03 1.521319676e+01
-6.207183571e-03 3.164743450e-02 -9.994798201e-01 -2.331329267e+02 -5.673011594e-02 9.978782255e-01 3.194903927e-02 8.490340448e+00 9.983702544e-01 5.689891962e-02 -4.398650698e-03 1.519578024e+01
-8.101244555e-03 2.743542897e-02 -9.995907498e-01 -2.343075234e+02 -5.194613011e-02 9.982623147e-01 2.781996846e-02 8.507769908e+00 9.986170284e-01 5.215024751e-02 -6.662002779e-03 1.517961757e+01
-1.110848512e-02 2.803814182e-02 -9.995451286e-01 -2.354561820e+02 -4.608451651e-02 9.985302811e-01 2.852183657e-02 8.515782108e+00 9.988757775e-01 4.638038838e-02 -9.800034558e-03 1.518666007e+01
-1.341534545e-02 3.217851233e-02 -9.993921012e-01 -2.366311712e+02 -4.169541866e-02 9.985947036e-01 3.271253634e-02 8.532308259e+00 9.990402998e-01 4.210892203e-02 -1.205479637e-02 1.517392334e+01
-1.479414251e-02 3.423952967e-02 -9.993041519e-01 -2.378408076e+02 -3.968200878e-02 9.986060703e-01 3.480308113e-02 8.572072774e+00 9.991028333e-01 4.016927787e-02 -1.341482720e-02 1.513495468e+01
-1.678348554e-02 3.386980704e-02 -9.992853200e-01 -2.390314625e+02 -3.778952604e-02 9.986905336e-01 3.448434090e-02 8.594731342e+00 9.991447675e-01 3.834128605e-02 -1.548158418e-02 1.510324663e+01
-1.887368387e-02 3.406851843e-02 -9.992412722e-01 -2.402480080e+02 -3.752492588e-02 9.986910056e-01 3.475852878e-02 8.633350220e+00 9.991174425e-01 3.815247616e-02 -1.757055969e-02 1.506632114e+01
-2.062206457e-02 3.555960448e-02 -9.991547653e-01 -2.414784744e+02 -3.677380121e-02 9.986640653e-01 3.630113385e-02 8.659354326e+00 9.991108137e-01 3.749132304e-02 -1.928685301e-02 1.502649130e+01
-2.320377912e-02 3.530138595e-02 -9.991072999e-01 -2.426976001e+02 -3.613623272e-02 9.986936885e-01 3.612601820e-02 8.682466866e+00 9.990774531e-01 3.694223405e-02 -2.189780866e-02 1.500065980e+01
-2.530453668e-02 3.430544978e-02 -9.990909951e-01 -2.439029243e+02 -3.655242212e-02 9.987109692e-01 3.521818460e-02 8.698608843e+00 9.990113117e-01 3.741037563e-02 -2.401797107e-02 1.496239939e+01
-2.743577722e-02 3.407983471e-02 -9.990424631e-01 -2.451471532e+02 -3.683174179e-02 9.987055768e-01 3.507981867e-02 8.724462066e+00 9.989447937e-01 3.775891613e-02 -2.614504404e-02 1.491911639e+01
-2.978019902e-02 3.508159067e-02 -9.989406498e-01 -2.463875980e+02 -3.718270408e-02 9.986533209e-01 3.617998263e-02 8.749109687e+00 9.988646486e-01 3.822076166e-02 -2.843566624e-02 1.487900586e+01
-3.155672001e-02 3.514123381e-02 -9.988840108e-01 -2.476409262e+02 -3.815148462e-02 9.986110819e-01 3.633691284e-02 8.781284918e+00 9.987735668e-01 3.925558176e-02 -3.017220007e-02 1.481998744e+01
-3.367077451e-02 3.549315353e-02 -9.988025405e-01 -2.488976633e+02 -3.860875445e-02 9.985770395e-01 3.678668540e-02 8.823480293e+00 9.986869595e-01 3.980115822e-02 -3.225251588e-02 1.476232649e+01
-3.629993292e-02 3.732086347e-02 -9.986438144e-01 -2.501337788e+02 -4.038637808e-02 9.984312594e-01 3.878093367e-02 8.850458088e+00 9.985245392e-01 4.173935194e-02 -3.473573324e-02 1.470761373e+01
-3.809482454e-02 3.807168854e-02 -9.985486122e-01 -2.513889543e+02 -4.134489596e-02 9.983582181e-01 3.964174523e-02 8.881237546e+00 9.984184413e-01 4.279503381e-02 -3.645821114e-02 1.465949527e+01
-3.945452296e-02 3.856449940e-02 -9.984769001e-01 -2.526275569e+02 -4.309084221e-02 9.982596885e-01 4.025883201e-02 8.904235478e+00 9.982918010e-01 4.461360356e-02 -3.772408304e-02 1.460465379e+01
-3.907509674e-02 3.887329953e-02 -9.984798463e-01 -2.539004340e+02 -4.377865131e-02 9.982169062e-01 4.057632207e-02 8.933477702e+00 9.982767985e-01 4.529762474e-02 -3.730360155e-02 1.453774055e+01
-3.907476637e-02 3.778848997e-02 -9.985215034e-01 -2.551631958e+02 -4.208874328e-02 9.983355805e-01 3.942849679e-02 8.963168012e+00 9.983494881e-01 4.356717452e-02 -3.741925951e-02 1.447512853e+01
-3.911198976e-02 3.646127285e-02 -9.985693906e-01 -2.564390797e+02 -3.952000057e-02 9.984957062e-01 3.800650271e-02 8.996464580e+00 9.984530143e-01 4.094997283e-02 -3.761220431e-02 1.442339093e+01
-3.933971316e-02 3.587392392e-02 -9.985817185e-01 -2.577022726e+02 -3.856428944e-02 9.985562646e-01 3.739227232e-02 9.029473517e+00 9.984814383e-01 3.998059569e-02 -3.789946464e-02 1.437568430e+01
-3.939594050e-02 3.632390183e-02 -9.985632349e-01 -2.589814537e+02 -3.903251080e-02 9.985203609e-01 3.786227724e-02 9.053884780e+00 9.984610273e-01 4.046805027e-02 -3.791983563e-02 1.432162666e+01
-3.864180013e-02 3.634148614e-02 -9.985920627e-01 -2.602105044e+02 -3.903033929e-02 9.985209405e-01 3.784922683e-02 9.078717034e+00 9.984905828e-01 4.043794928e-02 -3.716622607e-02 1.425668779e+01
-3.822586096e-02 3.673216678e-02 -9.985937770e-01 -2.614592956e+02 -3.892601895e-02 9.985109204e-01 3.821919496e-02 9.113613221e+00 9.985106652e-01 4.033224192e-02 -3.673910259e-02 1.419952769e+01
-3.825236362e-02 3.734026769e-02 -9.985702084e-01 -2.627067238e+02 -3.589519551e-02 9.986053065e-01 3.871662224e-02 9.145983308e+00 9.986231980e-01 3.732487517e-02 -3.685867709e-02 1.415681550e+01
-3.884652192e-02 3.952234301e-02 -9.984632853e-01 -2.639478960e+02 -3.100398829e-02 9.986887440e-01 4.073751815e-02 9.181273052e+00 9.987640865e-01 3.253885490e-02 -3.757023392e-02 1.411850907e+01
-3.898205731e-02 4.313061287e-02 -9.983086444e-01 -2.651566726e+02 -2.746945311e-02 9.986441912e-01 4.421773972e-02 9.208862182e+00 9.988622670e-01 2.914669096e-02 -3.774443075e-02 1.406743621e+01
-3.904740446e-02 4.554999244e-02 -9.981986267e-01 -2.663914074e+02 -2.518510855e-02 9.985982624e-01 4.655341650e-02 9.241486571e+00 9.989199220e-01 2.695753085e-02 -3.784548874e-02 1.402124001e+01
-3.913720433e-02 4.383719610e-02 -9.982717964e-01 -2.676209815e+02 -2.498586674e-02 9.986819060e-01 4.483477515e-02 9.276763154e+00 9.989214112e-01 2.669739383e-02 -3.799030748e-02 1.397450887e+01
-3.925017552e-02 4.231487200e-02 -9.983330483e-01 -2.688365624e+02 -2.641905926e-02 9.987097265e-01 4.336952186e-02 9.306309940e+00 9.988801014e-01 2.807728131e-02 -3.808161295e-02 1.391782064e+01
-4.011593333e-02 4.497713760e-02 -9.981822324e-01 -2.700732980e+02 -3.217132169e-02 9.984103042e-01 4.628034714e-02 9.349147069e+00 9.986769838e-01 3.396942102e-02 -3.860518724e-02 1.386263451e+01
-3.996507476e-02 5.067609616e-02 -9.979151898e-01 -2.713191182e+02 -3.789173273e-02 9.979178473e-01 5.219374076e-02 9.394052332e+00 9.984823531e-01 3.989866241e-02 -3.796165628e-02 1.379934494e+01
-4.005788583e-02 4.969000005e-02 -9.979610562e-01 -2.725564040e+02 -4.257539465e-02 9.977707433e-01 5.138948887e-02 9.439636939e+00 9.982898885e-01 4.454714009e-02 -3.785301515e-02 1.374130873e+01
-3.992390152e-02 4.253359032e-02 -9.982970379e-01 -2.737943962e+02 -4.227256083e-02 9.981271937e-01 4.421691843e-02 9.487001059e+00 9.983081251e-01 4.396588416e-02 -3.805112800e-02 1.369024370e+01
-4.009199066e-02 3.704440897e-02 -9.985090606e-01 -2.750293846e+02 -3.947218284e-02 9.984737482e-01 3.862798024e-02 9.521855688e+00 9.984160351e-01 4.096200483e-02 -3.856857650e-02 1.362348715e+01
-4.019225077e-02 3.645181862e-02 -9.985268388e-01 -2.762202781e+02 -3.300753401e-02 9.987404833e-01 3.778822217e-02 9.540550187e+00 9.986466270e-01 3.447770229e-02 -3.893844332e-02 1.357140396e+01
-3.928625435e-02 3.751117435e-02 -9.985236612e-01 -2.774685675e+02 -3.027603726e-02 9.987916245e-01 3.871243153e-02 9.573270423e+00 9.987692185e-01 3.175220600e-02 -3.810309209e-02 1.351840832e+01
-3.826839637e-02 4.007424993e-02 -9.984636119e-01 -2.786930895e+02 -2.886403046e-02 9.987342674e-01 4.119139277e-02 9.592736882e+00 9.988505382e-01 3.039601265e-02 -3.706325444e-02 1.347379887e+01
-3.713067228e-02 4.230749030e-02 -9.984144377e-01 -2.799029590e+02 -2.982851743e-02 9.986112940e-01 4.342514381e-02 9.624110658e+00 9.988651424e-01 3.139362724e-02 -3.581713898e-02 1.340914562e+01
-3.634015402e-02 4.341442946e-02 -9.983960039e-01 -2.811223867e+02 -3.031834320e-02 9.985481256e-01 4.452458769e-02 9.657415253e+00 9.988794678e-01 3.188774307e-02 -3.497113911e-02 1.336144903e+01
-3.581472863e-02 4.431407587e-02 -9.983754644e-01 -2.823374691e+02 -3.018568775e-02 9.985125891e-01 4.540301366e-02 9.686329772e+00 9.989024624e-01 3.176274664e-02 -3.442380656e-02 1.331392049e+01
-3.480908868e-02 4.344192994e-02 -9.984493608e-01 -2.835635759e+02 -3.027312995e-02 9.985505155e-01 4.450174776e-02 9.716283195e+00 9.989353658e-01 3.177525254e-02 -3.344351025e-02 1.325648863e+01
-3.432385062e-02 4.150692207e-02 -9.985484709e-01 -2.847849767e+02 -3.060135129e-02 9.986250720e-01 4.256198922e-02 9.750565144e+00 9.989421558e-01 3.201782390e-02 -3.300648989e-02 1.320586375e+01
-3.473769947e-02 4.007521042e-02 -9.985926445e-01 -2.860335243e+02 -2.987294365e-02 9.987075822e-01 4.111900290e-02 9.784827890e+00 9.989498984e-01 3.125928137e-02 -3.349563935e-02 1.318253006e+01
-3.460648790e-02 4.022726463e-02 -9.985910866e-01 -2.872482376e+02 -3.015836417e-02 9.986925071e-01 4.127649785e-02 9.800264107e+00 9.989458764e-01 3.154430827e-02 -3.334805166e-02 1.312382704e+01
-3.402560981e-02 3.997523450e-02 -9.986211687e-01 -2.884679254e+02 -3.146937443e-02 9.986614295e-01 4.104908925e-02 9.833408395e+00 9.989253908e-01 3.282270376e-02 -3.272206851e-02 1.306370347e+01
-3.390127099e-02 3.999919960e-02 -9.986244378e-01 -2.896889038e+02 -3.204421020e-02 9.986415612e-01 4.108772131e-02 9.863928106e+00 9.989113436e-01 3.339305738e-02 -3.257347543e-02 1.300880849e+01
-3.346908407e-02 4.012650110e-02 -9.986339091e-01 -2.908899804e+02 -3.225235538e-02 9.986299345e-01 4.120727484e-02 9.893892629e+00 9.989192189e-01 3.358746547e-02 -3.212905506e-02 1.295744771e+01
-3.325717754e-02 3.824003680e-02 -9.987150043e-01 -2.920980396e+02 -3.211237891e-02 9.987109592e-01 3.930922311e-02 9.928974370e+00 9.989308060e-01 3.337842845e-02 -3.198632914e-02 1.290409489e+01
-3.354287924e-02 3.536370031e-02 -9.988114356e-01 -2.933152825e+02 -3.260353149e-02 9.988031839e-01 3.645832585e-02 9.964196232e+00 9.989053434e-01 3.378769732e-02 -3.234975307e-02 1.286150374e+01
-3.319354821e-02 3.203734420e-02 -9.989353317e-01 -2.945289839e+02 -3.365090889e-02 9.988835955e-01 3.315386851e-02 1.000481497e+01 9.988822777e-01 3.471557637e-02 -3.207840504e-02 1.278710757e+01
-3.310207927e-02 3.052656616e-02 -9.989856761e-01 -2.957583897e+02 -3.493761610e-02 9.988872119e-01 3.168123933e-02 1.003024822e+01 9.988411362e-01 3.595089293e-02 -3.199871822e-02 1.272243457e+01
-3.258778533e-02 2.967960661e-02 -9.990281063e-01 -2.970026789e+02 -3.900982879e-02 9.987595783e-01 3.094410969e-02 1.007480314e+01 9.987072992e-01 3.998031539e-02 -3.138956636e-02 1.264180251e+01
-3.278169392e-02 3.079046215e-02 -9.989881421e-01 -2.982593925e+02 -4.167213175e-02 9.986140608e-01 3.214639910e-02 1.009350656e+01 9.985934077e-01 4.268377889e-02 -3.145315629e-02 1.258519510e+01
-3.292495423e-02 3.103549755e-02 -9.989758482e-01 -2.994966524e+02 -4.505503618e-02 9.984555648e-01 3.250428956e-02 1.013688107e+01 9.984417815e-01 4.607909523e-02 -3.147579831e-02 1.252655128e+01
-3.334598208e-02 3.101922637e-02 -9.989623882e-01 -3.007201755e+02 -4.661795057e-02 9.983820842e-01 3.255734310e-02 1.015720026e+01 9.983560548e-01 4.765523582e-02 -3.184597832e-02 1.247981729e+01
-3.349312617e-02 2.909995720e-02 -9.990152166e-01 -3.019444296e+02 -4.643524795e-02 9.984512698e-01 3.064032492e-02 1.017417491e+01 9.983596437e-01 4.741575955e-02 -3.208999063e-02 1.242525550e+01
-3.406990430e-02 2.673426727e-02 -9.990618202e-01 -3.032035622e+02 -4.422751439e-02 9.986225270e-01 2.823075424e-02 1.019478553e+01 9.984403681e-01 4.514784013e-02 -3.284058374e-02 1.237856961e+01
-3.502785568e-02 2.680823513e-02 -9.990267103e-01 -3.044062649e+02 -4.121342405e-02 9.987510325e-01 2.824586179e-02 1.020082089e+01 9.985361801e-01 4.216270342e-02 -3.387924787e-02 1.233610784e+01
-3.587949249e-02 2.855377278e-02 -9.989481188e-01 -3.056504106e+02 -3.906283402e-02 9.987877450e-01 2.995221917e-02 1.022444060e+01 9.985923878e-01 4.009641499e-02 -3.472060611e-02 1.229719005e+01
-3.588035553e-02 2.942067131e-02 -9.989229321e-01 -3.068860182e+02 -3.792017692e-02 9.988066353e-01 3.077930255e-02 1.024413650e+01 9.986364004e-01 3.898370663e-02 -3.472190012e-02 1.223120502e+01
-3.649441186e-02 2.920463916e-02 -9.989070262e-01 -3.081258969e+02 -3.937055448e-02 9.987548436e-01 3.063856720e-02 1.025491738e+01 9.985580190e-01 4.044565998e-02 -3.529916777e-02 1.216802371e+01
-3.688549921e-02 2.767939908e-02 -9.989360895e-01 -3.093830546e+02 -4.049799733e-02 9.987537431e-01 2.916972627e-02 1.027241121e+01 9.984985589e-01 4.153085100e-02 -3.571857017e-02 1.212055610e+01
-3.694351925e-02 2.749797812e-02 -9.989389559e-01 -3.106531134e+02 -3.974229949e-02 9.987900961e-01 2.896366034e-02 1.028641198e+01 9.985267778e-01 4.077015070e-02 -3.580598826e-02 1.207684326e+01
-3.565569428e-02 2.683706165e-02 -9.990037255e-01 -3.119026635e+02 -3.776027709e-02 9.988893598e-01 2.818170094e-02 1.030789688e+01 9.986505059e-01 3.872749560e-02 -3.460271875e-02 1.202378292e+01
-3.488629694e-02 2.811693333e-02 -9.989956879e-01 -3.131189013e+02 -3.485218410e-02 9.989619094e-01 2.933306860e-02 1.031721094e+01 9.987833957e-01 3.584050377e-02 -3.387014527e-02 1.197194602e+01
-3.489577406e-02 2.880597381e-02 -9.989757258e-01 -3.143765878e+02 -3.161436373e-02 9.990524375e-01 2.991252467e-02 1.033335110e+01 9.988907933e-01 3.262580266e-02 -3.395202560e-02 1.193036791e+01
-3.379307579e-02 2.941525191e-02 -9.989958814e-01 -3.156264150e+02 -3.075164016e-02 9.990629007e-01 3.045746231e-02 1.034947231e+01 9.989556370e-01 3.175001319e-02 -3.285684108e-02 1.187683916e+01
-3.331723944e-02 2.959204280e-02 -9.990066429e-01 -3.168668644e+02 -3.019644911e-02 9.990754448e-01 3.060114351e-02 1.036356021e+01 9.989885565e-01 3.118599888e-02 -3.239286120e-02 1.182805927e+01
-3.298981944e-02 2.883167477e-02 -9.990397421e-01 -3.181413585e+02 -3.070163742e-02 9.990828704e-01 2.984673443e-02 1.038896368e+01 9.989840245e-01 3.165679431e-02 -3.207438388e-02 1.178797228e+01
-3.241060547e-02 2.973368940e-02 -9.990322619e-01 -3.193764685e+02 -3.137760046e-02 9.990344232e-01 3.075170586e-02 1.040942218e+01 9.989819812e-01 3.234391657e-02 -3.144633872e-02 1.174393958e+01
-3.055236797e-02 3.159342556e-02 -9.990337373e-01 -3.206360023e+02 -3.344423838e-02 9.989083662e-01 3.261224978e-02 1.042953334e+01 9.989734910e-01 3.440830391e-02 -2.946239792e-02 1.168358669e+01
-2.868151327e-02 3.203273311e-02 -9.990752098e-01 -3.218966933e+02 -3.583435144e-02 9.988109925e-01 3.305299646e-02 1.044892942e+01 9.989460797e-01 3.674922214e-02 -2.749953852e-02 1.164274717e+01
-2.579923970e-02 3.252322750e-02 -9.991379479e-01 -3.231411283e+02 -3.904530650e-02 9.986751808e-01 3.351637218e-02 1.047848929e+01 9.989043314e-01 3.987634433e-02 -2.449518099e-02 1.158284348e+01
-2.436691215e-02 3.469834653e-02 -9.991007348e-01 -3.244040282e+02 -4.133034242e-02 9.985080516e-01 3.568576218e-02 1.050619812e+01 9.988483651e-01 4.216272732e-02 -2.289646343e-02 1.154473418e+01
-2.322250291e-02 3.872948399e-02 -9.989798509e-01 -3.256661241e+02 -4.341759484e-02 9.982674673e-01 3.971116042e-02 1.053638729e+01 9.987870783e-01 4.429549496e-02 -2.150072812e-02 1.149854515e+01
-2.316135621e-02 4.071084450e-02 -9.989024871e-01 -3.269183319e+02 -4.526110563e-02 9.981033156e-01 4.172773419e-02 1.056873028e+01 9.987066556e-01 4.617790189e-02 -2.127480859e-02 1.146243580e+01
-2.319233021e-02 4.260181176e-02 -9.988229080e-01 -3.281822025e+02 -4.888106500e-02 9.978483687e-01 4.369524750e-02 1.060515492e+01 9.985353060e-01 4.983692210e-02 -2.106000694e-02 1.142388304e+01
-2.305650908e-02 4.441076145e-02 -9.987472561e-01 -3.294279333e+02 -5.463130544e-02 9.974641357e-01 4.561489275e-02 1.064575916e+01 9.982403608e-01 5.561458660e-02 -2.057182303e-02 1.138692926e+01
-2.336899771e-02 4.395370613e-02 -9.987602123e-01 -3.306408758e+02 -5.902498671e-02 9.972296186e-01 4.526741437e-02 1.068465076e+01 9.979829362e-01 6.000966236e-02 -2.070988975e-02 1.135297502e+01
-2.360220678e-02 3.764969856e-02 -9.990122302e-01 -3.318779668e+02 -5.971586979e-02 9.974531956e-01 3.900176321e-02 1.071021347e+01 9.979363460e-01 6.057741194e-02 -2.129381208e-02 1.131819175e+01
-2.396911370e-02 3.094270199e-02 -9.992337218e-01 -3.331131618e+02 -5.994378146e-02 9.976779827e-01 3.233242745e-02 1.073510526e+01 9.979139365e-01 6.067282747e-02 -2.205863444e-02 1.128746765e+01
-2.417640132e-02 2.993287956e-02 -9.992594880e-01 -3.343917674e+02 -6.163262725e-02 9.976056636e-01 3.137449850e-02 1.077075494e+01 9.978060537e-01 6.234551001e-02 -2.227367288e-02 1.124545413e+01
-2.425616692e-02 3.257134039e-02 -9.991750328e-01 -3.356438380e+02 -6.003448530e-02 9.976178411e-01 3.397798751e-02 1.079348455e+01 9.979015477e-01 6.080913455e-02 -2.224298123e-02 1.120374380e+01
-2.376738266e-02 3.280953973e-02 -9.991789858e-01 -3.369035848e+02 -6.147713533e-02 9.975217924e-01 3.421747451e-02 1.082013938e+01 9.978254724e-01 6.223992154e-02 -2.169144563e-02 1.116623983e+01
-2.393474806e-02 3.516804618e-02 -9.990947585e-01 -3.381536294e+02 -6.074561529e-02 9.974832611e-01 3.656656996e-02 1.084306354e+01 9.978662726e-01 6.156583748e-02 -2.173820594e-02 1.113663688e+01
-2.447889156e-02 3.827847048e-02 -9.989672380e-01 -3.394395686e+02 -6.008923844e-02 9.974035836e-01 3.969099293e-02 1.087094269e+01 9.978928135e-01 6.099877207e-02 -2.211521003e-02 1.111368213e+01
-2.486059454e-02 4.000071912e-02 -9.988903310e-01 -3.406526925e+02 -5.937282088e-02 9.973762762e-01 4.141777193e-02 1.089779959e+01 9.979262593e-01 6.033660714e-02 -2.242041167e-02 1.107973872e+01
-2.484655592e-02 3.998636753e-02 -9.988912549e-01 -3.418742715e+02 -6.044743646e-02 9.973113535e-01 4.142670059e-02 1.093465404e+01 9.978620927e-01 6.140972650e-02 -2.236267891e-02 1.104214369e+01
-2.474959212e-02 3.832489230e-02 -9.989587881e-01 -3.430816161e+02 -6.218152878e-02 9.972709566e-01 3.980071045e-02 1.095497953e+01 9.977579442e-01 6.310183598e-02 -2.229894901e-02 1.100151538e+01
-2.440431501e-02 3.570301097e-02 -9.990644246e-01 -3.442764035e+02 -6.438689460e-02 9.972310278e-01 3.721028141e-02 1.098295435e+01 9.976265620e-01 6.523474723e-02 -2.203793414e-02 1.095842631e+01
-2.427128907e-02 3.583263663e-02 -9.990630244e-01 -3.454440333e+02 -6.456688524e-02 9.972147311e-01 3.733493656e-02 1.100658477e+01 9.976181744e-01 6.541255468e-02 -2.189008526e-02 1.090833848e+01
-2.400644676e-02 3.851636802e-02 -9.989695590e-01 -3.466032587e+02 -6.491077456e-02 9.970889088e-01 4.000374191e-02 1.102979101e+01 9.976022664e-01 6.580423554e-02 -2.143643453e-02 1.085816512e+01
-2.506580805e-02 4.084706729e-02 -9.988509510e-01 -3.477652662e+02 -6.287124416e-02 9.971225278e-01 4.235411648e-02 1.105610005e+01 9.977068266e-01 6.386064217e-02 -2.242557595e-02 1.084290572e+01
-2.548450391e-02 4.308983026e-02 -9.987461172e-01 -3.489369999e+02 -6.011447479e-02 9.971965372e-01 4.455688621e-02 1.108315630e+01 9.978661183e-01 6.117460842e-02 -2.282273654e-02 1.081488207e+01
-2.557884958e-02 4.642330549e-02 -9.985943116e-01 -3.500591937e+02 -5.973601454e-02 9.970651381e-01 4.788234569e-02 1.110660256e+01 9.978864319e-01 6.087681964e-02 -2.273063594e-02 1.075973218e+01
-2.603286353e-02 4.859606255e-02 -9.984791999e-01 -3.511188142e+02 -5.986960160e-02 9.969490308e-01 5.008254016e-02 1.112715228e+01 9.978666849e-01 6.108234384e-02 -2.304401116e-02 1.071959347e+01
-2.671437729e-02 4.359493670e-02 -9.986920564e-01 -3.521735699e+02 -5.907254582e-02 9.972338706e-01 4.511143695e-02 1.114800525e+01 9.978961751e-01 6.020040621e-02 -2.406521797e-02 1.067653238e+01
-2.748669423e-02 3.192916749e-02 -9.991121108e-01 -3.532492242e+02 -6.056952290e-02 9.976000799e-01 3.354718218e-02 1.116910771e+01 9.977854552e-01 6.143784502e-02 -2.548679392e-02 1.065326731e+01
-2.813972303e-02 2.054216354e-02 -9.993929035e-01 -3.543024050e+02 -6.257048314e-02 9.977920301e-01 2.227104380e-02 1.119081190e+01 9.976437694e-01 6.315919782e-02 -2.679225827e-02 1.061543123e+01
-2.909937213e-02 1.598693140e-02 -9.994486703e-01 -3.553242334e+02 -6.207196656e-02 9.979134789e-01 1.776962651e-02 1.119223797e+01 9.976473813e-01 6.255482941e-02 -2.804631541e-02 1.057886410e+01
-2.998382088e-02 1.883622936e-02 -9.993728868e-01 -3.563829132e+02 -6.265597298e-02 9.978207678e-01 2.068681929e-02 1.119711795e+01 9.975846829e-01 6.323695047e-02 -2.873827689e-02 1.054751365e+01
-3.035641191e-02 2.584348952e-02 -9.992049851e-01 -3.574005325e+02 -6.247967802e-02 9.976617179e-01 2.770174229e-02 1.120806385e+01 9.975844717e-01 6.327093125e-02 -2.867073715e-02 1.050098275e+01
-3.156910918e-02 3.137224543e-02 -9.990090958e-01 -3.584614793e+02 -6.282072523e-02 9.974688288e-01 3.330903731e-02 1.122257248e+01 9.975254121e-01 6.381001255e-02 -2.951837515e-02 1.047518333e+01
-3.110560547e-02 3.389518342e-02 -9.989412184e-01 -3.595030728e+02 -6.445035787e-02 9.972769144e-01 3.584560400e-02 1.123828173e+01 9.974360093e-01 6.549711824e-02 -2.883634555e-02 1.042019983e+01
-3.056734197e-02 3.601615217e-02 -9.988836140e-01 -3.605087115e+02 -6.909206859e-02 9.968840685e-01 3.805837704e-02 1.126398301e+01 9.971418774e-01 7.017827860e-02 -2.798366577e-02 1.037139865e+01
-2.929218349e-02 3.707845910e-02 -9.988829540e-01 -3.615034641e+02 -7.231731215e-02 9.966143823e-01 3.911495079e-02 1.128200659e+01 9.969514403e-01 7.338229270e-02 -2.651159685e-02 1.033838499e+01
-2.802871523e-02 3.626213512e-02 -9.989491722e-01 -3.624665661e+02 -7.519058032e-02 9.964341303e-01 3.828055070e-02 1.129534110e+01 9.967751842e-01 7.618452262e-02 -2.520219750e-02 1.032203899e+01
-2.496400653e-02 3.337293572e-02 -9.991311453e-01 -3.634130227e+02 -7.686089304e-02 9.964201751e-01 3.520280842e-02 1.130672186e+01 9.967292519e-01 7.767291523e-02 -2.230956612e-02 1.030920371e+01
-2.144465135e-02 3.102619107e-02 -9.992884981e-01 -3.643127606e+02 -7.906918956e-02 9.963349141e-01 3.263130586e-02 1.131062835e+01 9.966384451e-01 7.971269866e-02 -1.891283908e-02 1.029951697e+01
-1.652679219e-02 2.772138792e-02 -9.994790592e-01 -3.651860637e+02 -7.782974955e-02 9.965469172e-01 2.892700903e-02 1.132044726e+01 9.968296721e-01 7.826727552e-02 -1.431217513e-02 1.029472159e+01
-8.891664623e-03 2.474554657e-02 -9.996542383e-01 -3.660549409e+02 -7.894769700e-02 9.965558540e-01 2.537106808e-02 1.133001251e+01 9.968391041e-01 7.914599094e-02 -6.907436519e-03 1.030802081e+01
3.399299777e-03 2.172693872e-02 -9.997581632e-01 -3.669120391e+02 -7.777629719e-02 9.967411997e-01 2.139692458e-02 1.132998724e+01 9.969650407e-01 7.768475346e-02 5.078062981e-03 1.033057003e+01
2.023798169e-02 2.012257567e-02 -9.995926701e-01 -3.677208496e+02 -7.703976124e-02 9.968562280e-01 1.850772435e-02 1.133768681e+01 9.968226017e-01 7.663382165e-02 2.172459652e-02 1.036092925e+01
4.190725956e-02 1.981525225e-02 -9.989249909e-01 -3.685126372e+02 -7.379518379e-02 9.971338528e-01 1.668384017e-02 1.132928360e+01 9.963925193e-01 7.301667927e-02 4.324941737e-02 1.040954777e+01
6.707280441e-02 2.146884259e-02 -9.975170814e-01 -3.692425530e+02 -6.916916697e-02 9.974631937e-01 1.681676494e-02 1.131607326e+01 9.953476103e-01 6.786947797e-02 6.838763565e-02 1.047314659e+01
9.515487447e-02 2.329369692e-02 -9.951899083e-01 -3.699319301e+02 -6.593868888e-02 9.976780450e-01 1.704722104e-02 1.130581219e+01 9.932762149e-01 6.399939156e-02 9.646988497e-02 1.055499441e+01
1.264363017e-01 2.626340965e-02 -9.916269938e-01 -3.706290954e+02 -6.170348513e-02 9.979218938e-01 1.856269661e-02 1.130536954e+01 9.900538074e-01 5.883984276e-02 1.277940976e-01 1.065374769e+01
1.603590922e-01 3.038648722e-02 -9.865909096e-01 -3.713129133e+02 -5.741678962e-02 9.981207143e-01 2.140915537e-02 1.129959980e+01 9.853873725e-01 5.321372997e-02 1.618024262e-01 1.077583508e+01
1.956705871e-01 3.493422857e-02 -9.800472545e-01 -3.719658783e+02 -5.226195417e-02 9.983166376e-01 2.515112841e-02 1.128134528e+01 9.792761150e-01 4.629784863e-02 1.971669337e-01 1.092980401e+01
2.330177814e-01 3.739329541e-02 -9.717532892e-01 -3.725677604e+02 -4.706745057e-02 9.985230272e-01 2.713704591e-02 1.128381728e+01 9.713327796e-01 3.941453567e-02 2.344336276e-01 1.110833460e+01
2.731070342e-01 3.746961361e-02 -9.612536481e-01 -3.731800537e+02 -4.376474080e-02 9.986904828e-01 2.649465934e-02 1.127068145e+01 9.609876146e-01 3.483313891e-02 2.743892438e-01 1.130812228e+01
3.156812727e-01 3.586886775e-02 -9.481870904e-01 -3.737497423e+02 -4.160587381e-02 9.988474078e-01 2.393338889e-02 1.128170446e+01 9.479526809e-01 3.189482976e-02 3.168097766e-01 1.154270095e+01
3.609706612e-01 3.569321607e-02 -9.318938652e-01 -3.743329489e+02 -4.039842621e-02 9.989277498e-01 2.261233621e-02 1.127543527e+01 9.317017489e-01 2.948465559e-02 3.620255601e-01 1.178538590e+01
4.077032485e-01 3.508197747e-02 -9.124403082e-01 -3.749000049e+02 -3.777748930e-02 9.990541669e-01 2.153213804e-02 1.127609739e+01 9.123326819e-01 2.569098135e-02 4.086429383e-01 1.206832526e+01
4.538166680e-01 3.478188278e-02 -8.904159997e-01 -3.754422876e+02 -3.555958945e-02 9.991488720e-01 2.090567168e-02 1.126688154e+01 8.903852803e-01 2.217548513e-02 4.546672414e-01 1.236642227e+01
4.980109686e-01 2.812144973e-02 -8.667146354e-01 -3.759337753e+02 -2.771897172e-02 9.994795371e-01 1.650192696e-02 1.125735448e+01 8.667276007e-01 1.580629784e-02 4.985312700e-01 1.269443300e+01
5.406518949e-01 2.552934758e-02 -8.408589542e-01 -3.764207410e+02 -2.795072934e-02 9.995326963e-01 1.237520607e-02 1.125103745e+01 8.407819487e-01 1.681194243e-02 5.411128102e-01 1.304654058e+01
5.830595590e-01 2.433584980e-02 -8.120648479e-01 -3.768931249e+02 -2.683317912e-02 9.995827733e-01 1.068923827e-02 1.125336832e+01 8.119861644e-01 1.555781897e-02 5.834692992e-01 1.340854378e+01
6.227486487e-01 2.631552907e-02 -7.819792922e-01 -3.773438616e+02 -2.660898094e-02 9.995684213e-01 1.244721570e-02 1.125543500e+01 7.819693617e-01 1.305618532e-02 6.231801131e-01 1.379538057e+01
6.603718578e-01 2.789124682e-02 -7.504206072e-01 -3.777971901e+02 -2.322763803e-02 9.995905109e-01 1.671189071e-02 1.125732939e+01 7.505794337e-01 6.394435916e-03 6.607492905e-01 1.421021715e+01
6.960475801e-01 2.782429021e-02 -7.174563228e-01 -3.781966332e+02 -1.922331836e-02 9.996128073e-01 2.011714464e-02 1.124681151e+01 7.177382742e-01 -2.105985435e-04 6.963129507e-01 1.464655732e+01
7.295596135e-01 2.769335909e-02 -6.833563114e-01 -3.786183838e+02 -1.955710394e-02 9.996160071e-01 1.963053771e-02 1.125397973e+01 6.836375429e-01 -9.571770950e-04 7.298210697e-01 1.513039254e+01
7.614885207e-01 2.963112578e-02 -6.475007562e-01 -3.790075420e+02 -2.228582395e-02 9.995608031e-01 1.953312433e-02 1.124913664e+01 6.477951643e-01 -4.441620967e-04 7.618144314e-01 1.558997232e+01
7.913406878e-01 2.909262026e-02 -6.106828434e-01 -3.793891803e+02 -2.197708665e-02 9.995752303e-01 1.914070431e-02 1.126034162e+01 6.109802971e-01 -1.725788352e-03 7.916439213e-01 1.610742248e+01
8.189965140e-01 2.208430374e-02 -5.733733457e-01 -3.797558379e+02 -1.495592510e-02 9.997411735e-01 1.714369406e-02 1.126939758e+01 5.736035481e-01 -5.465296863e-03 8.191148272e-01 1.666003269e+01
8.434903867e-01 1.567929385e-02 -5.369153819e-01 -3.800913857e+02 -1.002086902e-02 9.998592531e-01 1.345571499e-02 1.126942800e+01 5.370507889e-01 -5.969407521e-03 8.435287881e-01 1.722415172e+01
8.654978660e-01 1.137795408e-02 -5.007833724e-01 -3.803909496e+02 -7.900194963e-03 9.999277050e-01 9.064856949e-03 1.126874356e+01 5.008503078e-01 -3.889328069e-03 8.655251829e-01 1.779367769e+01
8.849244861e-01 1.022222875e-02 -4.656223362e-01 -3.806909529e+02 -8.653753464e-03 9.999473962e-01 5.506120499e-03 1.126986097e+01 4.656541275e-01 -8.431199483e-04 8.849663963e-01 1.838883609e+01
9.024402074e-01 8.101706551e-03 -4.307389400e-01 -3.809826353e+02 -7.885794625e-03 9.999662920e-01 2.286710652e-03 1.127396456e+01 4.307429470e-01 1.333099183e-03 9.024736763e-01 1.901411259e+01
9.184219311e-01 8.412349545e-03 -3.955128176e-01 -3.812528226e+02 -8.157746856e-03 9.999640208e-01 2.325571293e-03 1.127122323e+01 3.955181509e-01 1.090637766e-03 9.184575128e-01 1.967273962e+01
9.323488938e-01 1.202649213e-02 -3.613597981e-01 -3.814814649e+02 -1.154867842e-02 9.999272495e-01 3.481902655e-03 1.127230337e+01 3.613753841e-01 9.268800145e-04 9.324199551e-01 2.033485350e+01
9.447484054e-01 1.517280364e-02 -3.274450130e-01 -3.817062395e+02 -1.490369601e-02 9.998833846e-01 3.331219517e-03 1.127750450e+01 3.274573718e-01 1.732976606e-03 9.448643640e-01 2.101521687e+01
9.553124545e-01 1.644057553e-02 -2.951403426e-01 -3.819145755e+02 -1.734697401e-02 9.998494273e-01 -4.529380726e-04 1.126846083e+01 2.950884560e-01 5.552489235e-03 9.554538048e-01 2.172767605e+01
9.641752659e-01 1.777875431e-02 -2.646695536e-01 -3.821181839e+02 -1.969658120e-02 9.997954499e-01 -4.593799053e-03 1.126525660e+01 2.645337434e-01 9.642312775e-03 9.643282244e-01 2.245795977e+01
9.708761457e-01 2.261564474e-02 -2.385121428e-01 -3.822948091e+02 -2.518157405e-02 9.996531147e-01 -7.716126422e-03 1.125449139e+01 2.382549013e-01 1.349751427e-02 9.711088606e-01 2.319189721e+01
9.757971024e-01 2.729569034e-02 -2.169676480e-01 -3.824681781e+02 -2.991606455e-02 9.995136650e-01 -8.801282701e-03 1.122491019e+01 2.166218920e-01 1.507908432e-02 9.761391177e-01 2.398389029e+01
9.796736120e-01 3.274138945e-02 -1.979080985e-01 -3.826289214e+02 -3.486594663e-02 9.993656346e-01 -7.259068417e-03 1.119717237e+01 1.975448804e-01 1.401177097e-02 9.801937005e-01 2.474670755e+01
9.827765236e-01 3.923109226e-02 -1.805857861e-01 -3.827739248e+02 -4.111817266e-02 9.991317137e-01 -6.716732085e-03 1.118353887e+01 1.801654812e-01 1.402640414e-02 9.835363030e-01 2.553787282e+01
9.856321560e-01 4.413009037e-02 -1.630392229e-01 -3.829233858e+02 -4.572354700e-02 9.989359195e-01 -6.032081044e-03 1.116188550e+01 1.625995398e-01 1.340014462e-02 9.866011483e-01 2.637492935e+01
9.882942162e-01 4.713274023e-02 -1.450966814e-01 -3.830568353e+02 -4.846846474e-02 9.988085485e-01 -5.682552597e-03 1.113922387e+01 1.446559714e-01 1.264864725e-02 9.894011632e-01 2.718980803e+01
9.905603329e-01 4.977493006e-02 -1.277211148e-01 -3.831821199e+02 -5.089474152e-02 9.986887839e-01 -5.517081021e-03 1.112152658e+01 1.272790325e-01 1.196533474e-02 9.917947765e-01 2.806638897e+01
9.923837741e-01 5.126114231e-02 -1.120122322e-01 -3.832888282e+02 -5.214276394e-02 9.986273554e-01 -4.953511643e-03 1.110078652e+01 1.116045565e-01 1.075641196e-02 9.936944815e-01 2.893193430e+01
9.937343107e-01 4.947105952e-02 -1.002234209e-01 -3.833695968e+02 -5.025716945e-02 9.987220745e-01 -5.332430694e-03 1.109407320e+01 9.983154185e-02 1.033596479e-02 9.949506677e-01 2.981000800e+01
9.946511388e-01 4.760425631e-02 -9.166758922e-02 -3.834512122e+02 -4.830245329e-02 9.988180936e-01 -5.411919715e-03 1.107125042e+01 9.130161630e-02 9.810741555e-03 9.957749566e-01 3.071820401e+01
9.952545395e-01 4.684393068e-02 -8.528802853e-02 -3.835373723e+02 -4.761031429e-02 9.988416468e-01 -6.972989832e-03 1.106264274e+01 8.486259262e-02 1.100048963e-02 9.963319375e-01 3.165883827e+01
9.957294893e-01 4.693612069e-02 -7.949707420e-02 -3.836176884e+02 -4.778408598e-02 9.988189494e-01 -8.797012643e-03 1.105538189e+01 7.899028648e-02 1.255813993e-02 9.967962820e-01 3.261229720e+01
9.961479873e-01 4.796564174e-02 -7.340629832e-02 -3.837096280e+02 -4.882482219e-02 9.987577550e-01 -9.954073566e-03 1.104467688e+01 7.283765619e-02 1.349977981e-02 9.972524414e-01 3.357625486e+01
9.965884606e-01 4.680090726e-02 -6.797878504e-02 -3.837787870e+02 -4.759418418e-02 9.988157282e-01 -1.009627466e-02 1.103554493e+01 6.742576487e-02 1.329722564e-02 9.976356800e-01 3.454592744e+01
9.969834026e-01 4.443468364e-02 -6.363689118e-02 -3.838558678e+02 -4.507141851e-02 9.989467086e-01 -8.604682070e-03 1.102053781e+01 6.318751667e-02 1.144693016e-02 9.979360228e-01 3.555320476e+01
9.971716517e-01 4.352327216e-02 -6.127333673e-02 -3.839260704e+02 -4.399745901e-02 9.990110761e-01 -6.410421529e-03 1.100227865e+01 6.093373954e-02 9.088161745e-03 9.981004382e-01 3.655611731e+01
9.973722867e-01 4.092200495e-02 -5.978219839e-02 -3.839864041e+02 -4.125245385e-02 9.991394879e-01 -4.303340477e-03 1.099719498e+01 5.955465377e-02 6.758194913e-03 9.982021689e-01 3.756520306e+01
9.975342769e-01 3.954239019e-02 -5.798073571e-02 -3.840525686e+02 -3.969102627e-02 9.992110007e-01 -1.413709626e-03 1.097630337e+01 5.787908750e-02 3.711538714e-03 9.983167011e-01 3.857833509e+01
9.976915722e-01 3.872421416e-02 -5.578496161e-02 -3.841250914e+02 -3.884529778e-02 9.992446449e-01 -1.087436258e-03 1.096401903e+01 5.570071404e-02 3.251909435e-03 9.984422144e-01 3.958733832e+01
9.977887621e-01 3.849633522e-02 -5.418134740e-02 -3.841863024e+02 -3.863187512e-02 9.992524496e-01 -1.456102303e-03 1.094842310e+01 5.408478951e-02 3.546009561e-03 9.985300503e-01 4.059852122e+01
9.979363011e-01 3.666890698e-02 -5.271176500e-02 -3.842454552e+02 -3.679994940e-02 9.993215006e-01 -1.517274734e-03 1.093629565e+01 5.262036329e-02 3.453933821e-03 9.986086159e-01 4.160332698e+01
9.980766635e-01 3.574702924e-02 -5.064704949e-02 -3.843119982e+02 -3.589670323e-02 9.993534063e-01 -2.048418646e-03 1.091786659e+01 5.054107655e-02 3.862540952e-03 9.987145139e-01 4.259501884e+01
9.982090132e-01 3.630357179e-02 -4.754804503e-02 -3.843665295e+02 -3.647466937e-02 9.993308340e-01 -2.735444552e-03 1.089916620e+01 4.741692109e-02 4.464844628e-03 9.988652065e-01 4.358687607e+01
9.983507756e-01 3.662663677e-02 -4.420654208e-02 -3.844231609e+02 -3.677646380e-02 9.993201854e-01 -2.580471231e-03 1.087739710e+01 4.408197584e-02 4.201975750e-03 9.990190803e-01 4.460381042e+01
9.985265179e-01 3.555551495e-02 -4.099510183e-02 -3.844784397e+02 -3.565070796e-02 9.993630417e-01 -1.593110006e-03 1.085683742e+01 4.091234581e-02 3.052266990e-03 9.991580774e-01 4.561122085e+01
9.986658188e-01 3.429939623e-02 -3.860225169e-02 -3.845118085e+02 -3.432487517e-02 9.994107278e-01 2.719854861e-06 1.083769876e+01 3.857959775e-02 1.322301244e-03 9.992546553e-01 4.661184748e+01
9.988086645e-01 3.248354016e-02 -3.641526197e-02 -3.845574770e+02 -3.247730480e-02 9.994721820e-01 7.629033819e-04 1.082418971e+01 3.642082314e-02 4.206750542e-04 9.993364532e-01 4.763962256e+01
9.988695885e-01 3.252123096e-02 -3.466864092e-02 -3.846066662e+02 -3.251798330e-02 9.994709342e-01 6.576690885e-04 1.080505134e+01 3.467168713e-02 4.704286345e-04 9.993986456e-01 4.866674648e+01
9.989210992e-01 3.259821125e-02 -3.307558250e-02 -3.846404444e+02 -3.265035753e-02 9.994662964e-01 -1.037549970e-03 1.078752221e+01 3.302410767e-02 2.116360151e-03 9.994523147e-01 4.965345162e+01
9.989593735e-01 3.299825872e-02 -3.148467923e-02 -3.846858422e+02 -3.306200761e-02 9.994521675e-01 -1.506167962e-03 1.077298731e+01 3.141772998e-02 2.545547308e-03 9.995030998e-01 5.068838278e+01
9.990182940e-01 3.294020493e-02 -2.962078955e-02 -3.847270187e+02 -3.298329048e-02 9.994554354e-01 -9.670144590e-04 1.076148272e+01 2.957280546e-02 1.943056241e-03 9.995607404e-01 5.169093720e+01
9.990550708e-01 3.372764034e-02 -2.741189236e-02 -3.847763746e+02 -3.373752980e-02 9.994307223e-01 1.017703810e-04 1.074368981e+01 2.739971985e-02 8.231353201e-04 9.996242183e-01 5.269514553e+01
9.991249088e-01 3.312646727e-02 -2.553534363e-02 -3.847982391e+02 -3.311556625e-02 9.994511680e-01 8.497751763e-04 1.071817028e+01 2.554947906e-02 -3.414181971e-06 9.996735588e-01 5.365863257e+01
9.991818209e-01 3.273383998e-02 -2.375256839e-02 -3.848390626e+02 -3.273740879e-02 9.994639589e-01 2.386928478e-04 1.070854983e+01 2.374764937e-02 5.390999870e-04 9.997178395e-01 5.466177976e+01
9.992382077e-01 3.243338607e-02 -2.170437096e-02 -3.848792062e+02 -3.242331078e-02 9.994738931e-01 8.160427114e-04 1.069224000e+01 2.171941917e-02 -1.116934915e-04 9.997640994e-01 5.562555842e+01
9.992903220e-01 3.179000218e-02 -2.020515320e-02 -3.849026927e+02 -3.178080725e-02 9.994945612e-01 7.760975728e-04 1.067419472e+01 2.021961287e-02 -1.334107140e-04 9.997955538e-01 5.659013188e+01
9.993078258e-01 3.243994899e-02 -1.820766228e-02 -3.849398519e+02 -3.243448254e-02 9.994736863e-01 5.955279515e-04 1.065863641e+01 1.821739824e-02 -4.559637878e-06 9.998340494e-01 5.752910631e+01
9.992909963e-01 3.384400722e-02 -1.649508547e-02 -3.849681663e+02 -3.385887466e-02 9.994264299e-01 -6.228092802e-04 1.064225043e+01 1.646454602e-02 1.180872738e-03 9.998637529e-01 5.846312787e+01
9.992616865e-01 3.553934669e-02 -1.459577626e-02 -3.849920708e+02 -3.557677616e-02 9.993642701e-01 -2.312729706e-03 1.062675439e+01 1.450430438e-02 2.830292851e-03 9.998908013e-01 5.937473665e+01
9.992626357e-01 3.633353908e-02 -1.241204204e-02 -3.850100694e+02 -3.638519695e-02 9.993299868e-01 -3.961690548e-03 1.059997058e+01 1.225978357e-02 4.410383933e-03 9.999151195e-01 6.028077759e+01
9.992496411e-01 3.754349968e-02 -9.520524428e-03 -3.850309420e+02 -3.758559185e-02 9.992842401e-01 -4.281446042e-03 1.058042465e+01 9.352969550e-03 4.636067967e-03 9.999455129e-01 6.118030378e+01
9.992663497e-01 3.778244612e-02 -6.264911843e-03 -3.850555259e+02 -3.780665059e-02 9.992778816e-01 -3.791116919e-03 1.057269581e+01 6.117150164e-03 4.025190898e-03 9.999731888e-01 6.207139524e+01
9.992897905e-01 3.756235088e-02 -2.997414721e-03 -3.850576948e+02 -3.757108819e-02 9.992897090e-01 -2.913900868e-03 1.055510266e+01 2.885832718e-03 3.024447521e-03 9.999912623e-01 6.297128951e+01
9.992819702e-01 3.785577167e-02 1.576237521e-03 -3.850696415e+02 -3.785036553e-02 9.992778733e-01 -3.328918568e-03 1.054633126e+01 -1.701118059e-03 3.266867139e-03 9.999932169e-01 6.385521972e+01
9.992633251e-01 3.780203750e-02 6.619141135e-03 -3.850504404e+02 -3.777839459e-02 9.992794344e-01 -3.661269685e-03 1.052889330e+01 -6.752775063e-03 3.408511994e-03 9.999713906e-01 6.470907518e+01
9.991345291e-01 3.903993114e-02 1.435536794e-02 -3.850500932e+02 -3.899446787e-02 9.992335276e-01 -3.433476614e-03 1.051130892e+01 -1.447840764e-02 2.870725106e-03 9.998910614e-01 6.555682619e+01
9.989076762e-01 4.015809069e-02 2.389104891e-02 -3.850269335e+02 -4.009692856e-02 9.991911891e-01 -3.033799829e-03 1.049154076e+01 -2.399355718e-02 2.072528256e-03 9.997099649e-01 6.638952246e+01
9.984352046e-01 4.246447428e-02 3.638558160e-02 -3.850160471e+02 -4.238239121e-02 9.990968845e-01 -3.024618760e-03 1.047631563e+01 -3.648116006e-02 1.477777897e-03 9.993332483e-01 6.721660171e+01
9.977867309e-01 4.354348243e-02 5.025539477e-02 -3.849799962e+02 -4.338860648e-02 9.990495719e-01 -4.169137624e-03 1.045368980e+01 -5.038916940e-02 1.979398653e-03 9.987276974e-01 6.801017625e+01
9.967987041e-01 4.421195597e-02 6.661566250e-02 -3.849332921e+02 -4.396507917e-02 9.990197004e-01 -5.168169956e-03 1.043272245e+01 -6.677885410e-02 2.222862239e-03 9.977653249e-01 6.880674029e+01
9.954028968e-01 4.406514377e-02 8.503726326e-02 -3.848464367e+02 -4.374790379e-02 9.990269552e-01 -5.591386988e-03 1.041550952e+01 -8.520090347e-02 1.845480793e-03 9.963620829e-01 6.958158971e+01
9.934599623e-01 4.242182662e-02 1.060079801e-01 -3.847584037e+02 -4.226903726e-02 9.990994556e-01 -3.688663103e-03 1.040369217e+01 -1.060689950e-01 -8.163161518e-04 9.943584373e-01 7.037328239e+01
9.909473805e-01 3.662238846e-02 1.291591643e-01 -3.846599295e+02 -3.687433302e-02 9.993198132e-01 -4.409650628e-04 1.038772865e+01 -1.290874612e-01 -4.325684864e-03 9.916237774e-01 7.113623303e+01
9.877186050e-01 2.786018234e-02 1.537392842e-01 -3.845305762e+02 -2.825334220e-02 9.996007252e-01 3.726651455e-04 1.036466911e+01 -1.536675175e-01 -4.711736905e-03 9.881113771e-01 7.188096777e+01
9.833192770e-01 2.168498684e-02 1.805905887e-01 -3.843877776e+02 -2.187237100e-02 9.997603160e-01 -9.538993807e-04 1.035827715e+01 -1.805679893e-01 -3.011956707e-03 9.835578932e-01 7.262109914e+01
9.778104352e-01 1.415378955e-02 2.090129733e-01 -3.842225346e+02 -1.356604181e-02 9.998989645e-01 -4.245393293e-03 1.034328352e+01 -2.090519440e-01 1.315711130e-03 9.779036525e-01 7.331314407e+01
9.711603147e-01 3.553188942e-03 2.384009605e-01 -3.840160917e+02 -2.041946750e-03 9.999762290e-01 -6.585740376e-03 1.032783489e+01 -2.384186938e-01 5.909007629e-03 9.711444846e-01 7.399627970e+01
9.628974548e-01 -4.741071468e-03 2.698258954e-01 -3.837966198e+02 6.818399795e-03 9.999538912e-01 -6.762015715e-03 1.030383686e+01 -2.697813949e-01 8.350908551e-03 9.628853833e-01 7.466648735e+01
9.527466848e-01 -1.166278501e-02 3.035419808e-01 -3.835671186e+02 1.416123562e-02 9.998815361e-01 -6.031017175e-03 1.029012717e+01 -3.034356836e-01 1.004456113e-02 9.527989781e-01 7.533277358e+01
9.411278191e-01 -1.755866450e-02 3.375946111e-01 -3.833163748e+02 2.026812945e-02 9.997844420e-01 -4.502503382e-03 1.027860263e+01 -3.374427819e-01 1.107984247e-02 9.412808327e-01 7.599269775e+01
9.280331522e-01 -2.154900765e-02 3.718737806e-01 -3.830414588e+02 2.502973066e-02 9.996764216e-01 -4.534831637e-03 1.026897541e+01 -3.716557292e-01 1.351637467e-02 9.282722266e-01 7.661263833e+01
9.125820551e-01 -2.173404372e-02 4.083155938e-01 -3.827774786e+02 2.559501828e-02 9.996644153e-01 -3.993979894e-03 1.024678159e+01 -4.080917639e-01 1.409567947e-02 9.128320897e-01 7.718237033e+01
8.944150171e-01 -2.251365816e-02 4.466709217e-01 -3.825000486e+02 2.642118339e-02 9.996477224e-01 -2.520370232e-03 1.022359042e+01 -4.464568268e-01 1.405583132e-02 8.946947722e-01 7.774563162e+01
8.744083475e-01 -1.846247103e-02 4.848393332e-01 -3.821843843e+02 2.336787251e-02 9.997186283e-01 -4.075136712e-03 1.020474980e+01 -4.846276761e-01 1.489299728e-02 8.745937424e-01 7.829525505e+01
8.510249895e-01 -1.361890310e-02 5.249485619e-01 -3.818421665e+02 2.146831466e-02 9.997302054e-01 -8.867237302e-03 1.018729332e+01 -5.246861716e-01 1.881600144e-02 8.510877625e-01 7.883373714e+01
8.229027920e-01 -1.269197790e-02 5.680404111e-01 -3.814832677e+02 2.325817041e-02 9.996649769e-01 -1.135744473e-02 1.017301622e+01 -5.677059560e-01 2.255765366e-02 8.229222927e-01 7.933281411e+01
7.913053366e-01 -1.388758617e-02 6.112634451e-01 -3.810913751e+02 2.587122019e-02 9.996071501e-01 -1.078079218e-02 1.015415653e+01 -6.108735911e-01 2.434502957e-02 7.913537611e-01 7.981452588e+01
7.581721340e-01 -1.551420677e-02 6.518698678e-01 -3.806633348e+02 3.030683812e-02 9.994749211e-01 -1.146201092e-02 1.014093316e+01 -6.513497607e-01 2.844629184e-02 7.582442204e-01 8.026792462e+01
7.228982753e-01 -1.540480668e-02 6.907827267e-01 -3.802215307e+02 3.032421685e-02 9.994954918e-01 -9.444777611e-03 1.012434457e+01 -6.902887261e-01 2.777505865e-02 7.230007059e-01 8.069962970e+01
6.857296633e-01 -1.578849139e-02 7.276850641e-01 -3.797553955e+02 3.134603253e-02 9.994777403e-01 -7.853203143e-03 1.010728604e+01 -7.271810333e-01 2.819521404e-02 6.858664409e-01 8.112075882e+01
6.475995426e-01 -1.237238091e-02 7.618804083e-01 -3.792827948e+02 2.785189946e-02 9.995843605e-01 -7.441638907e-03 1.009536351e+01 -7.614716699e-01 2.603901849e-02 6.476749690e-01 8.150556940e+01
6.074097307e-01 -9.758072393e-03 7.943287727e-01 -3.787819650e+02 2.730940902e-02 9.995900048e-01 -8.603401239e-03 1.008021308e+01 -7.939191491e-01 2.691843898e-02 6.074271828e-01 8.186999967e+01
5.663424718e-01 -5.911386813e-03 8.241488095e-01 -3.782596937e+02 2.492938107e-02 9.996395877e-01 -9.960957202e-03 1.007174784e+01 -8.237928930e-01 2.618683285e-02 5.662857222e-01 8.221856429e+01
5.254589968e-01 -2.265413434e-03 8.508159088e-01 -3.777278682e+02 2.463706018e-02 9.996176320e-01 -1.255408791e-02 1.006126123e+01 -8.504621438e-01 2.755826119e-02 5.253138912e-01 8.253521457e+01
4.859370842e-01 6.355958046e-04 8.739935619e-01 -3.771854891e+02 2.451532090e-02 9.995963511e-01 -1.435736297e-02 1.005123304e+01 -8.736499009e-01 2.840300773e-02 4.857253544e-01 8.281556763e+01
4.482245785e-01 1.759216848e-03 8.939192538e-01 -3.766175222e+02 2.265975036e-02 9.996543738e-01 -1.332924179e-02 1.003593505e+01 -8.936337409e-01 2.623048092e-02 4.480297970e-01 8.307987316e+01
4.115808250e-01 1.392299129e-03 9.113721995e-01 -3.760301708e+02 1.957717858e-02 9.997545842e-01 -1.036848475e-02 1.002536356e+01 -9.111629704e-01 2.210956581e-02 4.114525592e-01 8.333459780e+01
3.764858892e-01 -2.081748527e-03 9.264200136e-01 -3.754479477e+02 1.521427976e-02 9.998765088e-01 -3.936087454e-03 1.001136415e+01 -9.262974150e-01 1.557669464e-02 3.764710688e-01 8.356709949e+01
3.424372167e-01 -5.471197819e-03 9.395247834e-01 -3.748333109e+02 1.591985985e-02 9.998732708e-01 2.017185907e-05 1.000445346e+01 -9.394058285e-01 1.495019528e-02 3.424809206e-01 8.377592652e+01
3.101497689e-01 -5.686995202e-03 9.506706995e-01 -3.742222677e+02 1.820652184e-02 9.998342467e-01 4.134346756e-05 9.993893238e+00 -9.505133578e-01 1.729558418e-02 3.102019010e-01 8.396069033e+01
2.787718391e-01 -4.842667327e-03 9.603451516e-01 -3.735817102e+02 1.721771805e-02 9.998517631e-01 4.387437048e-05 9.987147888e+00 -9.602030056e-01 1.652272111e-02 2.788138946e-01 8.412257753e+01
2.478764350e-01 4.209797707e-04 9.687915647e-01 -3.729378691e+02 1.024801616e-02 9.999428161e-01 -3.056588763e-03 9.984230561e+00 -9.687374521e-01 1.068584794e-02 2.478579463e-01 8.428749949e+01
2.186274450e-01 1.127569677e-03 9.758077520e-01 -3.722844157e+02 7.279591200e-03 9.999696211e-01 -2.786464692e-03 9.977493143e+00 -9.757812500e-01 7.712679180e-03 2.186125951e-01 8.443924220e+01
1.915801071e-01 -2.329753043e-03 9.814742150e-01 -3.715954549e+02 9.425955545e-03 9.999554323e-01 5.337110546e-04 9.968544965e+00 -9.814317164e-01 9.149083898e-03 1.915935290e-01 8.455960439e+01
1.673193358e-01 -4.527332966e-03 9.858923588e-01 -3.709088309e+02 1.212128503e-02 9.999233221e-01 2.534617939e-03 9.959787738e+00 -9.858282377e-01 1.152619170e-02 1.673613832e-01 8.465412417e+01
1.462724595e-01 -5.086508440e-03 9.892312647e-01 -3.701915960e+02 1.378795090e-02 9.999001281e-01 3.102614182e-03 9.948991586e+00 -9.891482498e-01 1.318564510e-02 1.463279835e-01 8.474549690e+01
1.284729250e-01 -5.051623542e-03 9.917001506e-01 -3.694802900e+02 1.473560338e-02 9.998863545e-01 3.184353031e-03 9.942494682e+00 -9.916035345e-01 1.420419694e-02 1.285327634e-01 8.482972798e+01
1.140989395e-01 -4.526877389e-03 9.934590779e-01 -3.687706421e+02 1.571988721e-02 9.998726514e-01 2.750670358e-03 9.936240803e+00 -9.933450142e-01 1.530321608e-02 1.141555712e-01 8.489739442e+01
1.011747606e-01 -5.470957211e-03 9.948536256e-01 -3.680324354e+02 1.463418065e-02 9.998848723e-01 4.010356424e-03 9.933178918e+00 -9.947610309e-01 1.415312083e-02 1.012431755e-01 8.497401245e+01
9.046975897e-02 -7.248581633e-03 9.958728236e-01 -3.672900648e+02 1.418442816e-02 9.998814588e-01 5.989178980e-03 9.931546925e+00 -9.957981847e-01 1.358404694e-02 9.056185157e-02 8.504211219e+01
8.060705491e-02 -9.475216845e-03 9.967009195e-01 -3.665198310e+02 1.501270754e-02 9.998529278e-01 8.291045991e-03 9.924097818e+00 -9.966328919e-01 1.429486261e-02 8.073744851e-02 8.510707305e+01
7.073655256e-02 -1.109102934e-02 9.974333708e-01 -3.657376706e+02 1.627328664e-02 9.998179382e-01 9.963466415e-03 9.921304148e+00 -9.973622814e-01 1.552673788e-02 7.090416164e-02 8.516115680e+01
6.052545886e-02 -1.075998165e-02 9.981086572e-01 -3.649640491e+02 1.702207132e-02 9.998076130e-01 9.746076058e-03 9.919887038e+00 -9.980215017e-01 1.639999103e-02 6.069697172e-02 8.521838209e+01
5.110274059e-02 -1.076226225e-02 9.986354108e-01 -3.641632181e+02 1.592745291e-02 9.998235416e-01 9.960017997e-03 9.918673517e+00 -9.985663854e-01 1.539673426e-02 5.126513851e-02 8.526234901e+01
4.189356305e-02 -9.968657063e-03 9.990723474e-01 -3.633493221e+02 1.396990383e-02 9.998583182e-01 9.390706952e-03 9.917704329e+00 -9.990244097e-01 1.356353444e-02 4.202688868e-02 8.530003862e+01
3.385519678e-02 -9.335442185e-03 9.993831473e-01 -3.625329095e+02 1.672812704e-02 9.998215875e-01 8.772854151e-03 9.918743230e+00 -9.992867433e-01 1.642080155e-02 3.400532105e-02 8.531843949e+01
2.571559234e-02 -9.004699241e-03 9.996287429e-01 -3.616802844e+02 1.853703263e-02 9.997917931e-01 8.529300189e-03 9.922550497e+00 -9.994974171e-01 1.831081462e-02 2.587715858e-02 8.534327260e+01
1.909291079e-02 -8.937220636e-03 9.997777687e-01 -3.608401027e+02 1.965346341e-02 9.997701918e-01 8.561827672e-03 9.920066174e+00 -9.996245306e-01 1.948562558e-02 1.926417042e-02 8.535437182e+01
1.196272806e-02 -9.625910597e-03 9.998821105e-01 -3.599915961e+02 1.914966651e-02 9.997724792e-01 9.395745909e-03 9.918278470e+00 -9.997450592e-01 1.903501021e-02 1.214433927e-02 8.537596863e+01
5.396701081e-03 -9.547440446e-03 9.999398592e-01 -3.591316993e+02 1.957090412e-02 9.997639039e-01 9.440135751e-03 9.917522031e+00 -9.997939064e-01 1.951878151e-02 5.582278983e-03 8.537762652e+01
-1.706702359e-03 -1.100373730e-02 9.999380005e-01 -3.582721845e+02 1.969072345e-02 9.997452172e-01 1.103522412e-02 9.907673111e+00 -9.998046622e-01 1.970833648e-02 -1.489595973e-03 8.537965435e+01
-8.282512296e-03 -1.112577372e-02 9.999038039e-01 -3.573871654e+02 2.057781347e-02 9.997244590e-01 1.129423057e-02 9.905337979e+00 -9.997539465e-01 2.066937857e-02 -8.051286028e-03 8.537493664e+01
-1.459108903e-02 -1.102569308e-02 9.998327531e-01 -3.564874815e+02 2.307709848e-02 9.996691367e-01 1.136066512e-02 9.898826215e+00 -9.996272043e-01 2.323900339e-02 -1.433182037e-02 8.537344283e+01
-1.842881375e-02 -9.895441023e-03 9.997812056e-01 -3.556063570e+02 2.722935205e-02 9.995751597e-01 1.039531613e-02 9.894956767e+00 -9.994593244e-01 2.741496777e-02 -1.815153800e-02 8.534789966e+01
-2.111587096e-02 -8.941828072e-03 9.997370473e-01 -3.547263269e+02 3.040103989e-02 9.994918543e-01 9.581748303e-03 9.894344191e+00 -9.993147136e-01 3.059537281e-02 -2.083330015e-02 8.532845003e+01
-2.321211911e-02 -9.184741749e-03 9.996883705e-01 -3.538378374e+02 3.231759642e-02 9.994282933e-01 9.932746006e-03 9.889150609e+00 -9.992080717e-01 3.253808539e-02 -2.290201981e-02 8.531148162e+01
-2.422735426e-02 -6.864601893e-03 9.996829060e-01 -3.529512434e+02 3.452200924e-02 9.993742814e-01 7.699124878e-03 9.881564983e+00 -9.991102373e-01 3.469759194e-02 -2.397521490e-02 8.528790567e+01
-2.512324923e-02 -1.682246355e-03 9.996829459e-01 -3.520602816e+02 3.706867838e-02 9.993093036e-01 2.613198604e-03 9.872001847e+00 -9.989968646e-01 3.712257764e-02 -2.504353805e-02 8.526016861e+01
-2.507162313e-02 2.543206189e-03 9.996824225e-01 -3.511662041e+02 3.987142238e-02 9.992036288e-01 -1.542029291e-03 9.855348653e+00 -9.988902259e-01 3.982009894e-02 -2.515305806e-02 8.523503173e+01
-2.391535901e-02 3.099798762e-03 9.997091811e-01 -3.502519325e+02 4.264590404e-02 9.990880893e-01 -2.077684147e-03 9.846817893e+00 -9.988039760e-01 4.258381324e-02 -2.402574405e-02 8.521365586e+01
-2.263880792e-02 1.456689215e-03 9.997426481e-01 -3.493305873e+02 4.355901731e-02 9.990507453e-01 -4.693029957e-04 9.831992714e+00 -9.987943214e-01 4.353718285e-02 -2.268076987e-02 8.520089818e+01
-2.022865730e-02 2.139787310e-05 9.997953795e-01 -3.484265136e+02 4.574387110e-02 9.989527921e-01 9.041466340e-04 9.814789581e+00 -9.987483665e-01 4.575280064e-02 -2.020845251e-02 8.518036419e+01
-1.724014479e-02 4.415107133e-05 9.998513767e-01 -3.475176022e+02 4.752632519e-02 9.988696848e-01 7.753747997e-04 9.800072880e+00 -9.987211952e-01 4.753262924e-02 -1.722275633e-02 8.516663779e+01
-1.383522989e-02 -1.513938464e-04 9.999042772e-01 -3.466209276e+02 4.834632880e-02 9.988302958e-01 8.201778435e-04 9.780992046e+00 -9.987348091e-01 4.835304830e-02 -1.381172743e-02 8.515509183e+01
-9.807314228e-03 -3.787536247e-04 9.999518354e-01 -3.457259415e+02 5.091140607e-02 9.987027879e-01 8.776087278e-04 9.758064054e+00 -9.986550182e-01 5.091756093e-02 -9.775309182e-03 8.515182295e+01
-4.794328527e-03 -1.391146312e-03 9.999875395e-01 -3.448390214e+02 5.234664430e-02 9.986276275e-01 1.640224590e-03 9.740836513e+00 -9.986174659e-01 5.235385581e-02 -4.714927082e-03 8.515909081e+01
1.638939336e-03 -1.819564007e-03 9.999970015e-01 -3.439421201e+02 5.151919485e-02 9.986705013e-01 1.732713260e-03 9.726136973e+00 -9.986706596e-01 5.151620056e-02 1.730502841e-03 8.516443752e+01
7.901581391e-03 -1.728157056e-03 9.999672887e-01 -3.430566216e+02 5.174083077e-02 9.986596777e-01 1.317049465e-03 9.712287479e+00 -9.986292863e-01 5.172873149e-02 7.980407007e-03 8.518271436e+01
1.463975885e-02 -2.520472139e-03 9.998896563e-01 -3.421614899e+02 5.092478846e-02 9.987009194e-01 1.771866734e-03 9.695095437e+00 -9.985951849e-01 5.089322952e-02 1.474909513e-02 8.519876983e+01
2.088441210e-02 -3.363523748e-03 9.997762390e-01 -3.412715825e+02 4.854630328e-02 9.988181775e-01 2.346212647e-03 9.686226959e+00 -9.986025725e-01 4.848644124e-02 2.102301708e-02 8.522192349e+01
2.656928461e-02 -2.769713694e-03 9.996431372e-01 -3.403830871e+02 4.449325894e-02 9.990084266e-01 1.585379023e-03 9.682171608e+00 -9.986563088e-01 4.443525856e-02 2.666617280e-02 8.525197915e+01
3.144817349e-02 -9.990413906e-04 9.995048846e-01 -3.395063797e+02 4.370978291e-02 9.990441997e-01 -3.766928361e-04 9.667834490e+00 -9.985491812e-01 4.369998783e-02 3.146178320e-02 8.527965671e+01
3.441310360e-02 2.590158774e-04 9.994076602e-01 -3.386287579e+02 4.314957746e-02 9.990670998e-01 -1.744718587e-03 9.654558194e+00 -9.984757645e-01 4.318405943e-02 3.436982318e-02 8.532292737e+01
3.560693855e-02 2.828220111e-04 9.993658319e-01 -3.377505129e+02 4.137945856e-02 9.991419584e-01 -1.757089466e-03 9.635630711e+00 -9.985088314e-01 4.141578161e-02 3.556468329e-02 8.536875450e+01
3.697409372e-02 -2.417810820e-04 9.993161952e-01 -3.369019850e+02 4.141054112e-02 9.991413823e-01 -1.290426143e-03 9.612338295e+00 -9.984578526e-01 4.142993672e-02 3.695235940e-02 8.541704523e+01
3.903290401e-02 7.995376456e-04 9.992376059e-01 -3.360142012e+02 4.121204076e-02 9.991475181e-01 -2.409318535e-03 9.598728667e+00 -9.983877003e-01 4.127466365e-02 3.896667859e-02 8.545101967e+01
3.998752635e-02 1.086818781e-03 9.991995880e-01 -3.351430924e+02 4.090139758e-02 9.991594755e-01 -2.723631024e-03 9.578742865e+00 -9.983626963e-01 4.097757088e-02 3.990946345e-02 8.548553739e+01
4.093326571e-02 8.015524587e-04 9.991615611e-01 -3.342818112e+02 3.741837590e-02 9.992969603e-01 -2.334602680e-03 9.554312817e+00 -9.984609822e-01 3.748256579e-02 4.087449521e-02 8.551461425e+01
4.083425028e-02 -1.333476015e-05 9.991659341e-01 -3.334152637e+02 3.687994344e-02 9.993185869e-01 -1.493885166e-03 9.533038435e+00 -9.984850694e-01 3.691018481e-02 4.080691707e-02 8.555971599e+01
4.090495917e-02 -8.587326463e-04 9.991626729e-01 -3.325496607e+02 3.555901741e-02 9.993673999e-01 -5.968505025e-04 9.515853296e+00 -9.985300900e-01 3.555365703e-02 4.090961838e-02 8.560061533e+01
4.003910527e-02 -1.551940779e-03 9.991969083e-01 -3.316806380e+02 3.414600273e-02 9.994168383e-01 1.840081243e-04 9.496511838e+00 -9.986145005e-01 3.411121284e-02 4.006874857e-02 8.564785257e+01
3.771014562e-02 -9.364865090e-04 9.992882807e-01 -3.307988958e+02 3.134253356e-02 9.995086718e-01 -2.460802580e-04 9.476206502e+00 -9.987970717e-01 3.132950620e-02 3.772096942e-02 8.569306023e+01
3.376908237e-02 -3.865600416e-05 9.994296611e-01 -3.299404548e+02 3.081434214e-02 9.995246227e-01 -1.002506198e-03 9.469850474e+00 -9.989545162e-01 3.083062123e-02 3.375422048e-02 8.574545988e+01
3.090891385e-02 -2.788176444e-04 9.995221665e-01 -3.290689720e+02 2.994112734e-02 9.995514545e-01 -6.470643325e-04 9.453887779e+00 -9.990736549e-01 2.994682052e-02 3.090339791e-02 8.574961775e+01
2.710747309e-02 -1.039664244e-03 9.996319843e-01 -3.281991672e+02 3.039066445e-02 9.995380739e-01 2.154491661e-04 9.431171960e+00 -9.991704521e-01 3.037363993e-02 2.712654753e-02 8.578377676e+01
2.322995215e-02 -2.915626774e-05 9.997301478e-01 -3.273129760e+02 3.142013663e-02 9.995060198e-01 -7.009355544e-04 9.418739012e+00 -9.992362805e-01 3.142794054e-02 2.321939311e-02 8.581663154e+01
2.105411127e-02 7.388624234e-04 9.997780646e-01 -3.264677578e+02 3.267300245e-02 9.994650767e-01 -1.426684850e-03 9.400336460e+00 -9.992443141e-01 3.269578874e-02 2.101870808e-02 8.582218010e+01
1.905775204e-02 4.985296437e-04 9.998182603e-01 -3.256051077e+02 3.281248711e-02 9.994608936e-01 -1.123797365e-03 9.395057556e+00 -9.992798121e-01 3.282794083e-02 1.903111988e-02 8.583395250e+01
1.736471557e-02 -2.788079414e-04 9.998491831e-01 -3.247551892e+02 3.187175690e-02 9.994919287e-01 -2.748191537e-04 9.375539865e+00 -9.993411118e-01 3.187172226e-02 1.736477916e-02 8.585458539e+01
1.621855683e-02 -6.253243490e-04 9.998682750e-01 -3.238747073e+02 3.210489014e-02 9.994844997e-01 1.043207503e-04 9.367029415e+00 -9.993529079e-01 3.209896920e-02 1.623027213e-02 8.585758000e+01
1.607256996e-02 -4.486892410e-05 9.998708269e-01 -3.230125955e+02 3.395736861e-02 9.994231567e-01 -5.010038570e-04 9.346849892e+00 -9.992940356e-01 3.396103465e-02 1.606482223e-02 8.586536613e+01
1.658754759e-02 3.816124956e-04 9.998623443e-01 -3.221714031e+02 3.694643699e-02 9.993167526e-01 -9.943394181e-04 9.332436807e+00 -9.991795705e-01 3.695784475e-02 1.656211497e-02 8.587902626e+01
1.778757825e-02 5.393062540e-04 9.998416431e-01 -3.213001685e+02 3.898137773e-02 9.992391772e-01 -1.232475415e-03 9.308879361e+00 -9.990816054e-01 3.899712751e-02 1.775302216e-02 8.589436672e+01
1.981532172e-02 2.012362411e-03 9.998016320e-01 -3.204198164e+02 4.018654827e-02 9.991882499e-01 -2.807595195e-03 9.297959991e+00 -9.989956929e-01 4.023420995e-02 1.971836673e-02 8.591592201e+01
2.360396597e-02 3.507438757e-03 9.997152348e-01 -3.195600645e+02 4.130811386e-02 9.991364085e-01 -4.480721031e-03 9.288667192e+00 -9.988676051e-01 4.140211354e-02 2.343869611e-02 8.592595458e+01
2.767455894e-02 3.429119373e-03 9.996111043e-01 -3.186878938e+02 4.167473459e-02 9.991207279e-01 -4.581215758e-03 9.275881960e+00 -9.987478837e-01 4.178531060e-02 2.750731783e-02 8.594717946e+01
3.187763534e-02 2.378094250e-03 9.994889499e-01 -3.178094513e+02 4.161359177e-02 9.991269119e-01 -3.704454029e-03 9.259745951e+00 -9.986251175e-01 4.171041437e-02 3.175084231e-02 8.596604785e+01
3.543559263e-02 6.444413554e-04 9.993717544e-01 -3.169287255e+02 4.139835029e-02 9.991404882e-01 -2.112189501e-03 9.238648784e+00 -9.985141438e-01 4.144718865e-02 3.537845652e-02 8.601218668e+01
3.914818145e-02 -1.287910908e-03 9.992325861e-01 -3.160684435e+02 4.190415761e-02 9.991215723e-01 -3.539636311e-04 9.222010572e+00 -9.983543767e-01 4.188585681e-02 3.916776143e-02 8.604007945e+01
4.156861370e-02 -4.489635191e-03 9.991255644e-01 -3.152159428e+02 4.071443595e-02 9.991669118e-01 2.795897101e-03 9.205964116e+00 -9.983057573e-01 4.056261224e-02 4.171677634e-02 8.608393633e+01
4.394141758e-02 -7.060911229e-03 9.990091568e-01 -3.143585810e+02 3.885564901e-02 9.992304937e-01 5.353409904e-03 9.188204901e+00 -9.982782129e-01 3.858191274e-02 4.418196067e-02 8.612407753e+01
4.627305198e-02 -7.182503355e-03 9.989030065e-01 -3.134971789e+02 3.752655393e-02 9.992807862e-01 5.446844572e-03 9.178420553e+00 -9.982237036e-01 3.723334542e-02 4.650930636e-02 8.616590700e+01
4.830158870e-02 -6.003569577e-03 9.988147544e-01 -3.126459811e+02 3.670819464e-02 9.993170686e-01 4.231420703e-03 9.169730557e+00 -9.981580361e-01 3.646030208e-02 4.848898223e-02 8.620171310e+01
4.827292113e-02 -3.932662754e-03 9.988264410e-01 -3.117929563e+02 3.460355672e-02 9.993985565e-01 2.262537937e-03 9.158781469e+00 -9.982346012e-01 3.445372808e-02 4.837997182e-02 8.624985513e+01
4.754533239e-02 -2.913548862e-03 9.988648320e-01 -3.109417492e+02 3.381334362e-02 9.994273125e-01 1.305695832e-03 9.145197478e+00 -9.982965988e-01 3.371288005e-02 4.761662060e-02 8.629738218e+01
4.677548984e-02 -2.162483788e-03 9.989030870e-01 -3.100963283e+02 3.314334267e-02 9.994504213e-01 6.116701935e-04 9.132558027e+00 -9.983554339e-01 3.307837614e-02 4.682145497e-02 8.635305619e+01
4.678107018e-02 -2.052891120e-03 9.989030569e-01 -3.092422427e+02 3.408893695e-02 9.994186986e-01 4.574826522e-04 9.116062715e+00 -9.983233323e-01 3.403014180e-02 4.682385715e-02 8.639124168e+01
4.678757732e-02 -2.358528626e-03 9.989020773e-01 -3.084001130e+02 3.433724947e-02 9.994100203e-01 7.514054129e-04 9.102048794e+00 -9.983145175e-01 3.426439338e-02 4.684095898e-02 8.642931998e+01
4.730717815e-02 -2.881691519e-03 9.988762319e-01 -3.075520149e+02 3.333006652e-02 9.994435473e-01 1.304802895e-03 9.089679042e+00 -9.983241646e-01 3.323088471e-02 4.737690091e-02 8.647449343e+01
4.818084163e-02 -3.230103005e-03 9.988334060e-01 -3.067026320e+02 3.298154886e-02 9.994546133e-01 1.641177155e-03 9.072207858e+00 -9.982939567e-01 3.286399949e-02 4.826109824e-02 8.651749213e+01
4.946598456e-02 -3.255767748e-03 9.987705023e-01 -3.058777513e+02 3.288173573e-02 9.994579212e-01 1.629478873e-03 9.057606072e+00 -9.982343952e-01 3.276070394e-02 4.954622540e-02 8.655200206e+01
4.959846550e-02 -3.434981371e-03 9.987633319e-01 -3.050770396e+02 3.194783264e-02 9.994878238e-01 1.850947588e-03 9.031044334e+00 -9.982581471e-01 3.181651962e-02 4.968280255e-02 8.660620589e+01
4.915094450e-02 -2.817862826e-03 9.987873869e-01 -3.042424196e+02 3.190684177e-02 9.994900658e-01 1.249689883e-03 9.019438685e+00 -9.982815926e-01 3.180672768e-02 4.921578986e-02 8.666119680e+01
4.929890289e-02 -2.105503663e-03 9.987818506e-01 -3.034184015e+02 3.214337668e-02 9.994831327e-01 5.204161354e-04 9.008783642e+00 -9.982667086e-01 3.207856530e-02 4.934109990e-02 8.671217263e+01
5.060829871e-02 -1.314343195e-03 9.987177142e-01 -3.025909632e+02 3.272378493e-02 9.994643747e-01 -3.428955729e-04 8.998520541e+00 -9.981823250e-01 3.269917705e-02 5.062420191e-02 8.676024888e+01
5.463122765e-02 1.207552284e-05 9.985065993e-01 -3.017496991e+02 3.405834028e-02 9.994180866e-01 -1.875518338e-03 8.995813076e+00 -9.979255776e-01 3.410993940e-02 5.459902574e-02 8.680325716e+01
5.731934846e-02 8.316655044e-04 9.983555482e-01 -3.008923502e+02 3.355089361e-02 9.994332025e-01 -2.758846270e-03 8.980755675e+00 -9.977919772e-01 3.365385605e-02 5.725895687e-02 8.686555937e+01
5.962712094e-02 2.363169363e-03 9.982179230e-01 -3.000275708e+02 3.052027535e-02 9.995253684e-01 -4.189349621e-03 8.972893226e+00 -9.977540374e-01 3.071568473e-02 5.952669544e-02 8.693150035e+01
6.222553128e-02 3.455831626e-03 9.980561309e-01 -2.991722467e+02 2.826753872e-02 9.995867452e-01 -5.223519941e-03 8.955121107e+00 -9.976617310e-01 2.853762663e-02 6.210212842e-02 8.698709924e+01
6.430723172e-02 4.726665683e-03 9.979189539e-01 -2.983137507e+02 2.692375869e-02 9.996165535e-01 -6.469709412e-03 8.943078913e+00 -9.975668856e-01 2.728377821e-02 6.415531373e-02 8.704914034e+01
6.627890032e-02 5.140477659e-03 9.977878947e-01 -2.974678272e+02 2.533579517e-02 9.996556442e-01 -6.833051578e-03 8.923807353e+00 -9.974794258e-01 2.573263687e-02 6.612583871e-02 8.711359527e+01
6.862651731e-02 4.930043608e-03 9.976302400e-01 -2.965924813e+02 2.571056779e-02 9.996469182e-01 -6.708627462e-03 8.902629035e+00 -9.973110687e-01 2.611002965e-02 6.847553232e-02 8.716912087e+01
7.052384863e-02 6.149725700e-03 9.974911366e-01 -2.957347681e+02 2.439745319e-02 9.996712171e-01 -7.888096227e-03 8.889765295e+00 -9.972116882e-01 2.489254222e-02 7.035062395e-02 8.723842930e+01
7.185928890e-02 9.169631407e-03 9.973726287e-01 -2.948630904e+02 2.314706055e-02 9.996730999e-01 -1.085849446e-02 8.866118735e+00 -9.971461559e-01 2.386652832e-02 7.162354808e-02 8.730039417e+01
7.257896650e-02 1.206950597e-02 9.972896373e-01 -2.939952531e+02 2.078050280e-02 9.996914094e-01 -1.361089933e-02 8.847081864e+00 -9.971461600e-01 2.171204510e-02 7.230575892e-02 8.737979948e+01
7.341756897e-02 1.373369412e-02 9.972067219e-01 -2.931049281e+02 2.016590342e-02 9.996802986e-01 -1.525243935e-02 8.829679521e+00 -9.970973859e-01 2.122937146e-02 7.311714492e-02 8.744902510e+01
7.258948858e-02 1.220961109e-02 9.972871660e-01 -2.922106864e+02 1.821391892e-02 9.997420833e-01 -1.356540177e-02 8.804376484e+00 -9.971955773e-01 1.914921316e-02 7.234838167e-02 8.752745959e+01
7.013377562e-02 1.066216124e-02 9.974806123e-01 -2.913182223e+02 1.596680242e-02 9.998027776e-01 -1.180962359e-02 8.783281074e+00 -9.974098028e-01 1.675482935e-02 6.994970305e-02 8.759499842e+01
6.716301828e-02 1.060022429e-02 9.976857041e-01 -2.904166407e+02 1.469453108e-02 9.998245988e-01 -1.161216805e-02 8.756031063e+00 -9.976338004e-01 1.544043185e-02 6.699547247e-02 8.766397164e+01
6.466226312e-02 1.264296753e-02 9.978271128e-01 -2.895087399e+02 1.585700085e-02 9.997804730e-01 -1.369529996e-02 8.744180256e+00 -9.977812121e-01 1.670811446e-02 6.444758846e-02 8.771643501e+01
6.107910720e-02 1.481351360e-02 9.980229970e-01 -2.885917205e+02 1.493621497e-02 9.997643413e-01 -1.575345798e-02 8.715035540e+00 -9.980211682e-01 1.586889318e-02 6.084345555e-02 8.777109739e+01
5.536055278e-02 1.535350552e-02 9.983483756e-01 -2.876583629e+02 1.334245961e-02 9.997811123e-01 -1.611540737e-02 8.693902206e+00 -9.983772774e-01 1.421258074e-02 5.514358151e-02 8.783688569e+01
4.808914233e-02 1.495114892e-02 9.987311438e-01 -2.867214174e+02 1.138027004e-02 9.998148648e-01 -1.551533509e-02 8.666951783e+00 -9.987782155e-01 1.211194927e-02 4.791009123e-02 8.789476995e+01
4.089316882e-02 1.451873569e-02 9.990580339e-01 -2.857884780e+02 1.203707029e-02 9.998147006e-01 -1.502242995e-02 8.644241922e+00 -9.990910157e-01 1.264004655e-02 4.071082830e-02 8.793620898e+01
3.484529043e-02 1.444699077e-02 9.992882918e-01 -2.848221888e+02 1.367849796e-02 9.997949567e-01 -1.493128646e-02 8.623298699e+00 -9.992991066e-01 1.418904787e-02 3.464053250e-02 8.795438378e+01
2.808119158e-02 1.415564169e-02 9.995054099e-01 -2.838531549e+02 1.418998606e-02 9.997933275e-01 -1.455838826e-02 8.593386218e+00 -9.995049229e-01 1.459178473e-02 2.787451961e-02 8.798766466e+01
2.279792465e-02 1.392706964e-02 9.996430820e-01 -2.829126815e+02 1.642529337e-02 9.997627841e-01 -1.430333364e-02 8.562907259e+00 -9.996051542e-01 1.674551721e-02 2.256376041e-02 8.800026461e+01
1.797079902e-02 1.307270024e-02 9.997530470e-01 -2.819617226e+02 1.742174461e-02 9.997586207e-01 -1.338593313e-02 8.531204815e+00 -9.996867175e-01 1.765799817e-02 1.773871200e-02 8.803165828e+01
1.552301318e-02 1.139763839e-02 9.998145478e-01 -2.810035730e+02 1.879112323e-02 9.997551039e-01 -1.168870970e-02 8.511051014e+00 -9.997029207e-01 1.896908237e-02 1.530503723e-02 8.805196468e+01
1.361081855e-02 1.009204201e-02 9.998564378e-01 -2.800408504e+02 2.044968423e-02 9.997371103e-01 -1.036921449e-02 8.491666920e+00 -9.996982325e-01 2.058788192e-02 1.340086133e-02 8.807300583e+01
1.235767133e-02 9.783598235e-03 9.998757769e-01 -2.791001210e+02 2.052926482e-02 9.997388801e-01 -1.003598415e-02 8.461416737e+00 -9.997128774e-01 2.065073600e-02 1.215359442e-02 8.807949585e+01
1.105682420e-02 1.078627263e-02 9.998806944e-01 -2.781517696e+02 1.995578342e-02 9.997402899e-01 -1.100543192e-02 8.439998031e+00 -9.997397228e-01 2.007508771e-02 1.083870411e-02 8.808657943e+01
9.873177043e-03 1.097276605e-02 9.998910535e-01 -2.772199544e+02 2.092763006e-02 9.997185091e-01 -1.117751726e-02 8.409398447e+00 -9.997322415e-01 2.103570768e-02 9.640763845e-03 8.809244405e+01
8.498067127e-03 1.064028807e-02 9.999072793e-01 -2.762660556e+02 2.223204085e-02 9.996942098e-01 -1.082696763e-02 8.378064411e+00 -9.997167195e-01 2.232198778e-02 8.258913182e-03 8.809519492e+01
7.075339976e-03 9.750872546e-03 9.999274274e-01 -2.753242637e+02 2.405868294e-02 9.996613441e-01 -9.918513529e-03 8.345487702e+00 -9.996855102e-01 2.412711379e-02 6.838350719e-03 8.810010985e+01
5.259745408e-03 9.411915610e-03 9.999418738e-01 -2.743917254e+02 2.394914888e-02 9.996677029e-01 -9.535308735e-03 8.320048899e+00 -9.996993415e-01 2.399791010e-02 5.032590241e-03 8.810887299e+01
3.292545623e-03 1.006965057e-02 9.999438791e-01 -2.734687011e+02 2.390724289e-02 9.996626990e-01 -1.014553913e-02 8.294023129e+00 -9.997087590e-01 2.393930584e-02 3.050697462e-03 8.811587542e+01
-5.776849158e-04 9.860106773e-03 9.999512211e-01 -2.725652724e+02 2.207442342e-02 9.997078557e-01 -9.844954363e-03 8.270316518e+00 -9.997561633e-01 2.206765937e-02 -7.951723203e-04 8.813162190e+01
-4.364167685e-03 9.273907432e-03 9.999474730e-01 -2.716604989e+02 2.200057375e-02 9.997158499e-01 -9.175740032e-03 8.247647100e+00 -9.997484328e-01 2.195937365e-02 -4.566958890e-03 8.812284230e+01
-8.169068134e-03 9.826441556e-03 9.999183504e-01 -2.707464219e+02 2.296770220e-02 9.996897626e-01 -9.636555123e-03 8.221578102e+00 -9.997028313e-01 2.288710522e-02 -8.392224567e-03 8.812363210e+01
-1.126573374e-02 1.131491512e-02 9.998725198e-01 -2.698515428e+02 2.601280155e-02 9.996008810e-01 -1.101875050e-02 8.199437222e+00 -9.995981279e-01 2.588535113e-02 -1.155557001e-02 8.810504425e+01
-1.474034513e-02 1.362839028e-02 9.997984743e-01 -2.689410746e+02 2.762765208e-02 9.995308963e-01 -1.321741967e-02 8.170103250e+00 -9.995095973e-01 2.742725507e-02 -1.510995080e-02 8.809493877e+01
-1.759909085e-02 1.459064328e-02 9.997386584e-01 -2.680480172e+02 2.990341514e-02 9.994539009e-01 -1.406007691e-02 8.140011430e+00 -9.993978476e-01 2.964815557e-02 -1.802579006e-02 8.808841555e+01
-1.803840544e-02 1.302786194e-02 9.997524147e-01 -2.671162693e+02 3.180927935e-02 9.994164189e-01 -1.244955277e-02 8.128230449e+00 -9.993311692e-01 3.157683376e-02 -1.844228547e-02 8.805197700e+01
-1.798940042e-02 9.648560976e-03 9.997916217e-01 -2.662547206e+02 3.377982788e-02 9.993884422e-01 -9.036864560e-03 8.101194503e+00 -9.992673840e-01 3.361022112e-02 -1.830432559e-02 8.804185502e+01
-1.731465034e-02 9.336125744e-03 9.998065011e-01 -2.653886759e+02 3.491552068e-02 9.993521612e-01 -8.727216115e-03 8.076733493e+00 -9.992402661e-01 3.475765587e-02 -1.762940893e-02 8.804000330e+01
-1.465905373e-02 1.181465579e-02 9.998227473e-01 -2.645116021e+02 3.625122533e-02 9.992790822e-01 -1.127672856e-02 8.054227238e+00 -9.992351879e-01 3.607949353e-02 -1.507678151e-02 8.801953302e+01
-1.104407998e-02 1.373349982e-02 9.998446976e-01 -2.636459828e+02 3.769142401e-02 9.992008032e-01 -1.330832377e-02 8.028734650e+00 -9.992283947e-01 3.753859225e-02 -1.155288875e-02 8.801242184e+01
-5.967587377e-03 1.379715956e-02 9.998870068e-01 -2.627679986e+02 3.961932359e-02 9.991229666e-01 -1.355015829e-02 8.002015414e+00 -9.991970262e-01 3.953398512e-02 -6.508987733e-03 8.800958820e+01
4.802030990e-04 1.335067007e-02 9.999107605e-01 -2.618845497e+02 4.142395754e-02 9.990523460e-01 -1.335910233e-02 7.975296940e+00 -9.991415441e-01 4.142667598e-02 -7.328955756e-05 8.801012106e+01
7.468993557e-03 1.248889661e-02 9.998941152e-01 -2.610188838e+02 4.206928873e-02 9.990327971e-01 -1.279238708e-02 7.950591467e+00 -9.990867776e-01 4.216038048e-02 6.936370528e-03 8.802710694e+01
1.477829956e-02 1.100719793e-02 9.998302073e-01 -2.601456161e+02 4.239193526e-02 9.990334243e-01 -1.162501320e-02 7.928283184e+00 -9.989917546e-01 4.255653535e-02 1.429739879e-02 8.804558859e+01
2.217873260e-02 7.803212033e-03 9.997235686e-01 -2.592563756e+02 4.221082060e-02 9.990705451e-01 -8.734556307e-03 7.909654541e+00 -9.988625283e-01 4.239287359e-02 2.182873849e-02 8.807221447e+01
2.995967049e-02 6.085141078e-03 9.995325854e-01 -2.583590822e+02 4.270011905e-02 9.990608083e-01 -7.362148636e-03 7.892378916e+00 -9.986386323e-01 4.290072793e-02 2.967169637e-02 8.809890747e+01
3.819377910e-02 7.249803727e-03 9.992440521e-01 -2.574878598e+02 4.350111041e-02 9.990136385e-01 -8.910860748e-03 7.867799483e+00 -9.983230382e-01 4.380856528e-02 3.784073171e-02 8.813751617e+01
4.642608443e-02 8.936361673e-03 9.988817548e-01 -2.565767306e+02 4.284641124e-02 9.990218923e-01 -1.092903339e-02 7.843336172e+00 -9.980024067e-01 4.330589067e-02 4.599778369e-02 8.818167318e+01
5.409594376e-02 1.025463823e-02 9.984830851e-01 -2.556952836e+02 4.144092955e-02 9.990626881e-01 -1.250578284e-02 7.821494448e+00 -9.976754373e-01 4.205457932e-02 5.362027724e-02 8.825531992e+01
6.242055830e-02 9.957148887e-03 9.980002651e-01 -2.548047034e+02 4.057026368e-02 9.990984254e-01 -1.250559817e-02 7.798286957e+00 -9.972250135e-01 4.126974033e-02 6.196031735e-02 8.832290382e+01
7.089191528e-02 9.361943803e-03 9.974400686e-01 -2.539362989e+02 4.024654935e-02 9.991148298e-01 -1.223814066e-02 7.777749417e+00 -9.966717371e-01 4.101110618e-02 7.045237794e-02 8.838895212e+01
7.835515118e-02 9.602153557e-03 9.968792650e-01 -2.530484587e+02 3.700031675e-02 9.992366576e-01 -1.253310173e-02 7.754310143e+00 -9.962386495e-01 3.786688164e-02 7.794005665e-02 8.848715725e+01
8.565546250e-02 9.869070566e-03 9.962759373e-01 -2.521653579e+02 3.467862288e-02 9.993155061e-01 -1.288069725e-02 7.732252599e+00 -9.957211130e-01 3.565277959e-02 8.525458608e-02 8.857857877e+01
9.119190119e-02 1.072795588e-02 9.957755511e-01 -2.512674927e+02 3.064665455e-02 9.994381067e-01 -1.357399726e-02 7.702691600e+00 -9.953616527e-01 3.175502794e-02 9.081188511e-02 8.867392537e+01
9.375776614e-02 1.184359624e-02 9.955245906e-01 -2.503741023e+02 2.684968689e-02 9.995354711e-01 -1.441999660e-02 7.683686949e+00 -9.952329253e-01 2.808151022e-02 9.339621610e-02 8.877423429e+01
9.532367105e-02 1.204886632e-02 9.953734086e-01 -2.495011031e+02 2.339298083e-02 9.996234872e-01 -1.434058260e-02 7.650332053e+00 -9.951714255e-01 2.465174804e-02 9.500592157e-02 8.887839053e+01
9.686414781e-02 1.183087851e-02 9.952272942e-01 -2.486224737e+02 2.086633903e-02 9.996854381e-01 -1.391476820e-02 7.624414959e+00 -9.950788576e-01 2.211459230e-02 9.658681091e-02 8.896932452e+01
9.873664086e-02 1.091240778e-02 9.950537649e-01 -2.477349187e+02 1.975147629e-02 9.997213926e-01 -1.292348451e-02 7.593648018e+00 -9.949175619e-01 2.092980230e-02 9.849359593e-02 8.906695792e+01
9.993418674e-02 1.117557150e-02 9.949312865e-01 -2.468353397e+02 1.871371053e-02 9.997389384e-01 -1.310924042e-02 7.565769047e+00 -9.948180514e-01 1.992891737e-02 9.969896134e-02 8.917091472e+01
1.003269124e-01 1.101021821e-02 9.948936052e-01 -2.459212316e+02 1.523793691e-02 9.998044886e-01 -1.260118739e-02 7.543517372e+00 -9.948378340e-01 1.642436421e-02 1.001395243e-01 8.927977850e+01
9.880393346e-02 1.128388485e-02 9.950429421e-01 -2.449975223e+02 1.124268894e-02 9.998592293e-01 -1.245485775e-02 7.524554506e+00 -9.950434084e-01 1.241754722e-02 9.866316355e-02 8.938778661e+01
9.546742400e-02 1.175469261e-02 9.953631489e-01 -2.440931128e+02 7.011122935e-03 9.998975330e-01 -1.248069311e-02 7.497433041e+00 -9.954078637e-01 8.170113022e-03 9.537522814e-02 8.949420761e+01
9.104256009e-02 1.307668035e-02 9.957611424e-01 -2.431981444e+02 5.479450167e-03 9.998920674e-01 -1.363191587e-02 7.473884453e+00 -9.958319275e-01 6.697308078e-03 9.096108062e-02 8.957644131e+01
8.488638806e-02 1.352606183e-02 9.962988240e-01 -2.422920968e+02 4.575463965e-03 9.998920206e-01 -1.396468165e-02 7.442399200e+00 -9.963801314e-01 5.743940753e-03 8.481533407e-02 8.966435504e+01
7.784996469e-02 1.470287458e-02 9.968566640e-01 -2.413854192e+02 3.677171696e-03 9.998802118e-01 -1.503463996e-02 7.416138381e+00 -9.969583047e-01 4.836059300e-03 7.778657419e-02 8.973856804e+01
7.070142291e-02 1.564003601e-02 9.973749035e-01 -2.405017900e+02 4.222754888e-03 9.998634202e-01 -1.597839951e-02 7.387632441e+00 -9.974885850e-01 5.341365330e-03 7.062572248e-02 8.980129403e+01
6.309925065e-02 1.716160152e-02 9.978596915e-01 -2.396046351e+02 4.374594254e-03 9.998377786e-01 -1.747224715e-02 7.364717029e+00 -9.979976691e-01 5.467716976e-03 6.301393955e-02 8.985702297e+01
5.517880185e-02 1.874255502e-02 9.983005642e-01 -2.386914307e+02 3.560097767e-03 9.998137579e-01 -1.896774076e-02 7.336422439e+00 -9.984701425e-01 4.600664818e-03 5.510179990e-02 8.990727877e+01
4.565760384e-02 2.027025645e-02 9.987514705e-01 -2.378108388e+02 2.210321814e-03 9.997896107e-01 -2.039237028e-02 7.305680895e+00 -9.989547025e-01 3.138628925e-03 4.560319418e-02 8.995671582e+01
3.560550740e-02 2.153251508e-02 9.991339243e-01 -2.369170881e+02 2.028020169e-03 9.997642388e-01 -2.161837038e-02 7.268707037e+00 -9.993638652e-01 2.795996796e-03 3.555344463e-02 8.998084290e+01
2.493733536e-02 2.128237195e-02 9.994624505e-01 -2.360246049e+02 1.932448443e-03 9.997704696e-01 -2.133714688e-02 7.227685769e+00 -9.996871485e-01 2.463501243e-03 2.489048440e-02 9.000678843e+01
1.366533271e-02 1.962142012e-02 9.997140884e-01 -2.351428196e+02 3.443422619e-03 9.998005934e-01 -1.967018693e-02 7.197339571e+00 -9.999006958e-01 3.711237753e-03 1.359504291e-02 9.003061962e+01
3.300883356e-03 1.845775195e-02 9.998241923e-01 -2.342763552e+02 5.840451094e-03 9.998122306e-01 -1.847681316e-02 7.166711536e+00 -9.999774964e-01 5.900414103e-03 3.192461953e-03 9.004261085e+01
-6.647365501e-03 1.807579646e-02 9.998145219e-01 -2.333966412e+02 8.646120902e-03 9.998002772e-01 -1.801805434e-02 7.136053610e+00 -9.999405268e-01 8.524744643e-03 -6.802323392e-03 9.003083078e+01
-1.703811578e-02 1.888181406e-02 9.996765375e-01 -2.325259132e+02 9.840387494e-03 9.997764144e-01 -1.871598461e-02 7.108391389e+00 -9.998064160e-01 9.518319385e-03 -1.722011067e-02 9.002244589e+01
-2.616078332e-02 1.930946780e-02 9.994712391e-01 -2.316577247e+02 1.388723039e-02 9.997239668e-01 -1.895085739e-02 7.070668925e+00 -9.995612829e-01 1.338411809e-02 -2.642171710e-02 8.998850291e+01
-3.407466593e-02 1.918691477e-02 9.992350972e-01 -2.308097431e+02 1.894559974e-02 9.996484415e-01 -1.854879249e-02 7.032184117e+00 -9.992397017e-01 1.829906429e-02 -3.442619430e-02 8.995945000e+01
-3.924347334e-02 1.910954627e-02 9.990469334e-01 -2.299289574e+02 2.337548224e-02 9.995610558e-01 -1.820117006e-02 7.005379270e+00 -9.989562236e-01 2.263892672e-02 -3.967294251e-02 8.990886872e+01
-4.278477337e-02 1.794667392e-02 9.989231102e-01 -2.290818837e+02 2.841979918e-02 9.994559124e-01 -1.673900075e-02 6.974262571e+00 -9.986800179e-01 2.767301983e-02 -4.327153557e-02 8.987101155e+01
-4.535718464e-02 1.595200758e-02 9.988434608e-01 -2.282411781e+02 3.211901061e-02 9.993788370e-01 -1.450204307e-02 6.941401542e+00 -9.984543530e-01 3.142409187e-02 -4.584137314e-02 8.983253192e+01
-4.715965604e-02 1.525892444e-02 9.987708106e-01 -2.274164120e+02 3.605230364e-02 9.992578485e-01 -1.356405856e-02 6.909280506e+00 -9.982365442e-01 3.536831220e-02 -4.767477580e-02 8.978168338e+01
-4.813925507e-02 1.519516949e-02 9.987250467e-01 -2.265975243e+02 3.905581048e-02 9.991482600e-01 -1.331909075e-02 6.878283096e+00 -9.980767785e-01 3.836484504e-02 -4.869171260e-02 8.973278608e+01
-4.835982466e-02 1.625444606e-02 9.986977122e-01 -2.258031421e+02 4.243742655e-02 9.989981482e-01 -1.420439321e-02 6.855239259e+00 -9.979280496e-01 4.169523884e-02 -4.900117214e-02 8.969511584e+01
-4.767359429e-02 1.602827606e-02 9.987343605e-01 -2.250288937e+02 4.426686220e-02 9.989227832e-01 -1.391826521e-02 6.824888138e+00 -9.978815928e-01 4.354730258e-02 -4.833176098e-02 8.965047694e+01
-4.723558985e-02 1.557292019e-02 9.987623757e-01 -2.242672681e+02 4.595056859e-02 9.988538203e-01 -1.340115421e-02 6.799819777e+00 -9.978263097e-01 4.526068763e-02 -4.789703391e-02 8.960976797e+01
-4.655451998e-02 1.523312159e-02 9.987995939e-01 -2.235333949e+02 4.780965465e-02 9.987718088e-01 -1.300426728e-02 6.763229874e+00 -9.977709725e-01 4.714685623e-02 -4.722563241e-02 8.958057474e+01
-4.509686409e-02 1.451443253e-02 9.988771717e-01 -2.228027867e+02 4.994615495e-02 9.986767035e-01 -1.225657270e-02 6.734757818e+00 -9.977332582e-01 4.933734100e-02 -4.576212767e-02 8.953322738e+01
-4.442009877e-02 1.397243548e-02 9.989152246e-01 -2.221340803e+02 5.222299247e-02 9.985675470e-01 -1.164530268e-02 6.705855323e+00 -9.976470387e-01 5.164905676e-02 -4.508615146e-02 8.951384827e+01
-4.334922863e-02 1.397624882e-02 9.989622159e-01 -2.214577314e+02 5.409690973e-02 9.984680552e-01 -1.162183963e-02 6.676576000e+00 -9.975942906e-01 5.353697104e-02 -4.403889188e-02 8.946958893e+01
-4.207478346e-02 1.287414380e-02 9.990315155e-01 -2.207991629e+02 5.584394194e-02 9.983841505e-01 -1.051390191e-02 6.652610366e+00 -9.975525885e-01 5.534748780e-02 -4.272573988e-02 8.944117753e+01
-4.138534717e-02 1.277386188e-02 9.990616004e-01 -2.201824731e+02 5.761103891e-02 9.982851681e-01 -1.037744220e-02 6.633220821e+00 -9.974809378e-01 5.712750269e-02 -4.205029371e-02 8.941763842e+01
-4.031932668e-02 1.269718232e-02 9.991061673e-01 -2.195809773e+02 5.717872787e-02 9.983100005e-01 -1.037959390e-02 6.609141756e+00 -9.975494699e-01 5.670912142e-02 -4.097719578e-02 8.939453032e+01
-3.896985129e-02 1.318570097e-02 9.991533856e-01 -2.190431785e+02 5.820569068e-02 9.982450655e-01 -1.090352489e-02 6.585211755e+00 -9.975437074e-01 5.773150416e-02 -3.966894459e-02 8.938585648e+01
-3.692971165e-02 1.575487960e-02 9.991936650e-01 -2.184705368e+02 6.206569276e-02 9.979815462e-01 -1.344184960e-02 6.570284447e+00 -9.973886134e-01 6.151924339e-02 -3.783300825e-02 8.936609960e+01
-3.367233642e-02 1.797646736e-02 9.992712446e-01 -2.179517908e+02 6.318890061e-02 9.978761566e-01 -1.582210068e-02 6.548886458e+00 -9.974333745e-01 6.261008426e-02 -3.473673486e-02 8.936187900e+01
-2.827050942e-02 1.962092082e-02 9.994077235e-01 -2.174571892e+02 6.321142213e-02 9.978413710e-01 -1.780209118e-02 6.539131534e+00 -9.975996664e-01 6.267070930e-02 -2.944975018e-02 8.935511214e+01
-2.118244056e-02 1.838231539e-02 9.996066200e-01 -2.169689967e+02 6.497824613e-02 9.977423563e-01 -1.697109293e-02 6.528347900e+00 -9.976618324e-01 6.459319581e-02 -2.232906877e-02 8.934098459e+01
-1.256633178e-02 1.501443834e-02 9.998083086e-01 -2.164998333e+02 6.594396709e-02 9.977229321e-01 -1.415428894e-02 6.515979431e+00 -9.977441959e-01 6.575345871e-02 -1.352782902e-02 8.935408365e+01
-5.035516268e-04 1.307515659e-02 9.999143897e-01 -2.160663696e+02 6.951201971e-02 9.974962943e-01 -1.300853102e-02 6.494245581e+00 -9.975809870e-01 6.949951829e-02 -1.411171424e-03 8.936048338e+01
1.598177825e-02 1.422693678e-02 9.997710623e-01 -2.156319967e+02 7.275195944e-02 9.972318757e-01 -1.535377559e-02 6.480438704e+00 -9.972220090e-01 7.298068441e-02 1.490250117e-02 8.936574886e+01
3.641012575e-02 1.614905681e-02 9.992064405e-01 -2.152021934e+02 7.194223324e-02 9.972327600e-01 -1.873866449e-02 6.449783483e+00 -9.967440082e-01 7.256741993e-02 3.514757099e-02 8.939334909e+01
6.195726496e-02 1.880039168e-02 9.979017199e-01 -2.148037937e+02 6.789277334e-02 9.974273211e-01 -2.300674946e-02 6.429713573e+00 -9.957669751e-01 6.917575056e-02 6.052145808e-02 8.944720171e+01
9.368534732e-02 2.118523157e-02 9.953764321e-01 -2.143884734e+02 6.620874806e-02 9.974278535e-01 -2.746049507e-02 6.411988048e+00 -9.933979351e-01 6.847527344e-02 9.204172722e-02 8.951119934e+01
1.282193734e-01 2.247887511e-02 9.914910451e-01 -2.139831818e+02 6.257166380e-02 9.975679330e-01 -3.070840090e-02 6.400244644e+00 -9.897699628e-01 6.597665626e-02 1.265009947e-01 8.960163552e+01
1.657420788e-01 2.153840310e-02 9.859339027e-01 -2.135715437e+02 5.796060327e-02 9.978204716e-01 -3.154163817e-02 6.383977055e+00 -9.844643883e-01 6.237310046e-02 1.641324604e-01 8.969857972e+01
2.054924150e-01 1.831735524e-02 9.784872722e-01 -2.131831811e+02 5.365180495e-02 9.981103914e-01 -2.995213368e-02 6.358647794e+00 -9.771869582e-01 5.865254456e-02 2.041213556e-01 8.980562099e+01
2.447634983e-01 1.546811100e-02 9.694594202e-01 -2.127804928e+02 4.759401288e-02 9.984757164e-01 -2.794733821e-02 6.336951421e+00 -9.684139816e-01 5.298095240e-02 2.436542198e-01 8.994441859e+01
2.846988727e-01 1.237871966e-02 9.585370724e-01 -2.124108607e+02 4.290401191e-02 9.987501081e-01 -2.564112765e-02 6.317129273e+00 -9.576564090e-01 4.842508611e-02 2.838119331e-01 9.009242903e+01
3.256274037e-01 1.195341812e-02 9.454226091e-01 -2.120464623e+02 3.561765576e-02 9.990552614e-01 -2.489914014e-02 6.292516266e+00 -9.448270617e-01 4.178157940e-02 3.248940182e-01 9.025305972e+01
3.659665195e-01 1.392203788e-02 9.305238758e-01 -2.116944332e+02 3.014738861e-02 9.991859548e-01 -2.680601782e-02 6.267633594e+00 -9.301395817e-01 3.786296994e-02 3.652488932e-01 9.042964503e+01
4.059377587e-01 1.633037518e-02 9.137548112e-01 -2.113502523e+02 2.542787991e-02 9.992514317e-01 -2.915474373e-02 6.247467910e+00 -9.135469112e-01 3.506985893e-02 4.052186397e-01 9.062023233e+01
4.459436432e-01 1.657300499e-02 8.949075944e-01 -2.110306809e+02 2.348996256e-02 9.992674899e-01 -3.021101256e-02 6.229487775e+00 -8.947527529e-01 3.449375490e-02 4.452276857e-01 9.081460208e+01
4.844191581e-01 1.518276574e-02 8.747042717e-01 -2.107122918e+02 2.248127676e-02 9.993031573e-01 -2.979583813e-02 6.208898216e+00 -8.745471237e-01 3.409814363e-02 4.837402662e-01 9.102029297e+01
5.217486712e-01 1.547116849e-02 8.529589480e-01 -2.104081978e+02 1.822591952e-02 9.994051859e-01 -2.927610452e-02 6.190443866e+00 -8.529045316e-01 3.082072977e-02 5.211563515e-01 9.123560878e+01
5.587583452e-01 1.735730074e-02 8.291488623e-01 -2.101112722e+02 1.468896058e-02 9.994169965e-01 -3.082047367e-02 6.170967437e+00 -8.292004258e-01 2.940053182e-02 5.581776264e-01 9.147149011e+01
5.953171472e-01 2.096807423e-02 8.032171774e-01 -2.098326089e+02 9.605128268e-03 9.994022898e-01 -3.320850164e-02 6.149685361e+00 -8.034334047e-01 2.748459448e-02 5.947599191e-01 9.172085926e+01
6.309972396e-01 2.200634836e-02 7.754728908e-01 -2.095393888e+02 9.285249088e-03 9.993117551e-01 -3.591378819e-02 6.133307276e+00 -7.757295069e-01 2.986196016e-02 6.303586245e-01 9.199583178e+01
6.674200336e-01 2.093372222e-02 7.443871829e-01 -2.092551325e+02 1.185333855e-02 9.991795317e-01 -3.872675812e-02 6.116992049e+00 -7.445871320e-01 3.467048749e-02 6.666243021e-01 9.227066035e+01
7.035836399e-01 1.763669995e-02 7.103935589e-01 -2.089615906e+02 1.551402283e-02 9.990724556e-01 -4.016893653e-02 6.094373718e+00 -7.104430849e-01 3.928326847e-02 7.026574187e-01 9.257430997e+01
7.376768705e-01 1.805297648e-02 6.749125312e-01 -2.086854735e+02 1.486761221e-02 9.989656804e-01 -4.297119439e-02 6.076560840e+00 -6.749902139e-01 4.173319399e-02 7.366454722e-01 9.290931382e+01
7.711717785e-01 2.139083477e-02 6.362676483e-01 -2.084133651e+02 8.811387963e-03 9.989809833e-01 -4.426459676e-02 6.050109230e+00 -6.365661376e-01 3.974200890e-02 7.701974586e-01 9.327689184e+01
8.033431046e-01 2.597027901e-02 5.949499146e-01 -2.081721222e+02 2.062008785e-04 9.990364552e-01 -4.388756918e-02 6.045199799e+00 -5.955164261e-01 3.537945527e-02 8.025636924e-01 9.364513938e+01
8.329945776e-01 2.600589605e-02 5.526696364e-01 -2.079350981e+02 -3.153550546e-03 9.991016836e-01 -4.225968370e-02 6.027882734e+00 -5.532721652e-01 3.345921574e-02 8.323282959e-01 9.406067574e+01
8.598798461e-01 2.018016429e-02 5.100974526e-01 -2.076842494e+02 1.251359219e-03 9.991320417e-01 -4.163648969e-02 6.011827070e+00 -5.104949406e-01 3.644069349e-02 8.591082537e-01 9.449339692e+01
8.841371367e-01 1.365125702e-02 4.670280149e-01 -2.074333644e+02 5.044366314e-03 9.992359217e-01 -3.875728523e-02 5.985551143e+00 -4.672002546e-01 3.662261557e-02 8.833927247e-01 9.496847177e+01
9.049636495e-01 9.857957116e-03 4.253746745e-01 -2.072328550e+02 4.488708615e-03 9.994547516e-01 -3.271163294e-02 5.958698919e+00 -4.254652095e-01 3.151222169e-02 9.044259701e-01 9.544718622e+01
9.230268493e-01 1.133407098e-02 3.845685561e-01 -2.070470696e+02 2.446953700e-04 9.995484818e-01 -3.004617422e-02 5.931948928e+00 -3.847354619e-01 2.782752766e-02 9.226073125e-01 9.595916801e+01
9.379863437e-01 1.154927425e-02 3.464797732e-01 -2.068719024e+02 -1.626162188e-03 9.995804971e-01 -2.891687234e-02 5.920672758e+00 -3.466683928e-01 2.656019905e-02 9.376116367e-01 9.649496073e+01
9.508503639e-01 8.607105594e-03 3.095311022e-01 -2.067057173e+02 -8.210319119e-04 9.996801765e-01 -2.527589083e-02 5.896319663e+00 -3.096496592e-01 2.377945508e-02 9.505533263e-01 9.706121562e+01
9.618896668e-01 -2.717909891e-03 2.734243621e-01 -2.065352388e+02 8.602527124e-03 9.997564095e-01 -2.032530705e-02 5.878418634e+00 -2.733025162e-01 2.190284332e-02 9.616787406e-01 9.766991440e+01
9.712799448e-01 -8.559906317e-03 2.377856110e-01 -2.063955622e+02 1.365400162e-02 9.997110328e-01 -1.978431386e-02 5.866459085e+00 -2.375475469e-01 2.246283239e-02 9.711161538e-01 9.829735094e+01
9.792536089e-01 -1.183121283e-02 2.022928369e-01 -2.062857619e+02 1.676826959e-02 9.996014813e-01 -2.270911174e-02 5.839400132e+00 -2.019435430e-01 2.563008045e-02 9.790617470e-01 9.890344387e+01
9.858774046e-01 -1.321344703e-02 1.669465419e-01 -2.061870509e+02 1.795824175e-02 9.994756401e-01 -2.694339332e-02 5.823428596e+00 -1.665029867e-01 2.956094904e-02 9.855977403e-01 9.953872381e+01
9.910022459e-01 -1.244749731e-02 1.332651809e-01 -2.061000668e+02 1.693616523e-02 9.993249169e-01 -3.260179090e-02 5.805216568e+00 -1.327694052e-01 3.456544912e-02 9.905440499e-01 1.002086567e+02
9.947158362e-01 -1.021620507e-02 1.021569108e-01 -2.060543048e+02 1.376815731e-02 9.993227272e-01 -3.412513327e-02 5.773869978e+00 -1.017390933e-01 3.535132289e-02 9.941828005e-01 1.008917561e+02
9.972387950e-01 -1.033919530e-02 7.353833541e-02 -2.060145668e+02 1.262520699e-02 9.994492316e-01 -3.068937302e-02 5.747989508e+00 -7.318052940e-02 3.153307008e-02 9.968200819e-01 1.016014000e+02
9.988141229e-01 -1.099480110e-02 4.742849711e-02 -2.059859015e+02 1.215337414e-02 9.996330432e-01 -2.420897381e-02 5.725468295e+00 -4.714492005e-02 2.475668121e-02 9.985812252e-01 1.023391019e+02
9.996202060e-01 -9.613478386e-03 2.582682397e-02 -2.060023442e+02 1.009807605e-02 9.997741643e-01 -1.869891312e-02 5.702027191e+00 -2.564122976e-02 1.895261262e-02 9.994915336e-01 1.030837057e+02
9.999495777e-01 -8.132092689e-03 5.891612053e-03 -2.060105785e+02 8.225811991e-03 9.998371673e-01 -1.606159866e-02 5.676118609e+00 -5.760038297e-03 1.610925209e-02 9.998536463e-01 1.038620926e+02
9.998997008e-01 -8.589127692e-03 -1.126122527e-02 -2.060455690e+02 8.392297221e-03 9.998131980e-01 -1.741087141e-02 5.652849992e+00 1.140866585e-02 1.731461757e-02 9.997850001e-01 1.046624991e+02
9.995729474e-01 -1.044561058e-02 -2.729124605e-02 -2.060707966e+02 9.839153897e-03 9.997037482e-01 -2.226222981e-02 5.639446526e+00 2.751570355e-02 2.198419990e-02 9.993795981e-01 1.054701913e+02
9.990941752e-01 -1.053635569e-02 -4.122880400e-02 -2.061070309e+02 9.534721863e-03 9.996564103e-01 -2.441619281e-02 5.622519269e+00 4.147189590e-02 2.400097083e-02 9.988513579e-01 1.063153655e+02
9.985600572e-01 -1.102333932e-02 -5.250045942e-02 -2.061449200e+02 9.767191039e-03 9.996612794e-01 -2.412319158e-02 5.604597362e+00 5.274859456e-02 2.357567355e-02 9.983294914e-01 1.071896429e+02
9.981142532e-01 -8.144255725e-03 -6.084084749e-02 -2.062123127e+02 7.095153202e-03 9.998227443e-01 -1.743957576e-02 5.580827897e+00 6.097209547e-02 1.697501400e-02 9.979951165e-01 1.081086295e+02
9.978901520e-01 -4.828570116e-03 -6.474511135e-02 -2.063045156e+02 4.078307753e-03 9.999230590e-01 -1.171510005e-02 5.558173928e+00 6.479669697e-02 1.142633248e-02 9.978330657e-01 1.090631135e+02
9.978378376e-01 -1.074477511e-03 -6.571526010e-02 -2.063761393e+02 4.457882308e-04 9.999540039e-01 -9.580784195e-03 5.534458300e+00 6.572253179e-02 9.530773894e-03 9.977924199e-01 1.099605066e+02
9.979673934e-01 -4.168563007e-04 -6.372525305e-02 -2.064388332e+02 -5.315233057e-04 9.998893738e-01 -1.486464264e-02 5.518371631e+00 6.372439979e-02 1.486830012e-02 9.978567705e-01 1.109012161e+02
9.981464031e-01 -1.818624496e-03 -6.083132851e-02 -2.064848775e+02 5.660143312e-04 9.997875872e-01 -2.060242738e-02 5.485186067e+00 6.085587524e-02 2.052980738e-02 9.979354135e-01 1.118592587e+02
9.983985944e-01 -1.130029347e-03 -5.655943498e-02 -2.065548605e+02 -1.389320784e-04 9.997484750e-01 -2.242693387e-02 5.456964447e+00 5.657055196e-02 2.239887718e-02 9.981473153e-01 1.127809445e+02
9.986073554e-01 -2.375379385e-03 -5.270395909e-02 -2.066026030e+02 1.289055064e-03 9.997862191e-01 -2.063624297e-02 5.424845020e+00 5.274171089e-02 2.053956571e-02 9.983969342e-01 1.137566161e+02
9.988450277e-01 -3.166991614e-03 -4.794351664e-02 -2.066503495e+02 2.175556021e-03 9.997830063e-01 -2.071731806e-02 5.377529289e+00 4.799872477e-02 2.058908632e-02 9.986351746e-01 1.146995814e+02
9.991073895e-01 -4.066829243e-03 -4.204622745e-02 -2.066996431e+02 3.091959817e-03 9.997254878e-01 -2.322474587e-02 5.343829332e+00 4.212913632e-02 2.307400998e-02 9.988456968e-01 1.156655290e+02
9.993358067e-01 -2.902342694e-03 -3.632522404e-02 -2.067249933e+02 2.086602967e-03 9.997452421e-01 -2.247436216e-02 5.314870570e+00 3.638119821e-02 2.238363852e-02 9.990872740e-01 1.166116741e+02
9.995197961e-01 -5.200886790e-03 -3.054714468e-02 -2.067395366e+02 4.702970653e-03 9.998552821e-01 -1.634921581e-02 5.298269820e+00 3.062775438e-02 1.619770252e-02 9.993996073e-01 1.176417438e+02
9.996497464e-01 -7.247692889e-03 -2.545300678e-02 -2.067535328e+02 7.102540152e-03 9.999580224e-01 -5.788557256e-03 5.276302216e+00 2.549389201e-02 5.605748790e-03 9.996592605e-01 1.186283279e+02
9.996865540e-01 -1.166835209e-02 -2.215047014e-02 -2.067577400e+02 1.160163115e-02 9.999277740e-01 -3.138293130e-03 5.250928323e+00 2.218548901e-02 2.880327861e-03 9.997497226e-01 1.196129532e+02
9.997146817e-01 -1.396384810e-02 -1.937952759e-02 -2.067763718e+02 1.378153683e-02 9.998598114e-01 -9.509304328e-03 5.236667841e+00 1.950959728e-02 9.239511477e-03 9.997669764e-01 1.205754504e+02
9.997766709e-01 -1.387183127e-02 -1.594304405e-02 -2.067949228e+02 1.355995733e-02 9.997177791e-01 -1.950614626e-02 5.217921389e+00 1.620913056e-02 1.928560298e-02 9.996826144e-01 1.215105269e+02
9.998513367e-01 -1.139545075e-02 -1.294017639e-02 -2.068122192e+02 1.110932946e-02 9.996968663e-01 -2.197176308e-02 5.168582979e+00 1.318663194e-02 2.182474000e-02 9.996748439e-01 1.224681860e+02
9.999149537e-01 -7.821094173e-03 -1.043627970e-02 -2.068348446e+02 7.633205516e-03 9.998102250e-01 -1.792339703e-02 5.131903214e+00 1.057447973e-02 1.784221044e-02 9.997848948e-01 1.234181387e+02
9.999598881e-01 -4.026580004e-03 -8.000550951e-03 -2.068816413e+02 3.902359848e-03 9.998725336e-01 -1.548186297e-02 5.106494523e+00 8.061870109e-03 1.545002094e-02 9.998481400e-01 1.244347702e+02
9.999720801e-01 1.071462563e-03 -7.395336056e-03 -2.068879555e+02 -1.188079302e-03 9.998747408e-01 -1.578262004e-02 5.076951373e+00 7.377499236e-03 1.579096564e-02 9.998480974e-01 1.254020585e+02
9.999630951e-01 1.065219850e-03 -8.524885588e-03 -2.068949640e+02 -1.235366372e-03 9.997996468e-01 -1.997849117e-02 5.039969435e+00 8.501896114e-03 1.998828522e-02 9.997640653e-01 1.263420750e+02
9.999491765e-01 -2.565614129e-03 -9.749979408e-03 -2.069165965e+02 2.357688521e-03 9.997708234e-01 -2.127773268e-02 4.991328221e+00 9.802335393e-03 2.125366385e-02 9.997260605e-01 1.273098731e+02
9.998967464e-01 -5.631496922e-03 -1.322054210e-02 -2.069080245e+02 5.350320244e-03 9.997607678e-01 -2.120804735e-02 4.959153035e+00 1.333681237e-02 2.113512341e-02 9.996876692e-01 1.282685220e+02
9.998364184e-01 -6.150536452e-03 -1.700903658e-02 -2.069263718e+02 5.866713615e-03 9.998435599e-01 -1.668644376e-02 4.926609851e+00 1.710900626e-02 1.658392702e-02 9.997160873e-01 1.292054151e+02
9.997473981e-01 -9.115907409e-03 -2.054361856e-02 -2.069510252e+02 8.810717521e-03 9.998502056e-01 -1.489756927e-02 4.895242016e+00 2.067634611e-02 1.471280210e-02 9.996779592e-01 1.301730978e+02
9.996312116e-01 -1.202414588e-02 -2.434873260e-02 -2.069731165e+02 1.162673442e-02 9.997979425e-01 -1.639796618e-02 4.879028207e+00 2.454098430e-02 1.610882256e-02 9.995690301e-01 1.311197889e+02
9.995314210e-01 -1.419909051e-02 -2.711686469e-02 -2.070033327e+02 1.369243464e-02 9.997298905e-01 -1.877932982e-02 4.850761427e+00 2.737618957e-02 1.839923432e-02 9.994558582e-01 1.320338821e+02
9.994271861e-01 -1.398365571e-02 -3.081812945e-02 -2.070279741e+02 1.350496638e-02 9.997857515e-01 -1.568651925e-02 4.817248693e+00 3.103088160e-02 1.526133599e-02 9.994019091e-01 1.329353863e+02
9.993505058e-01 -1.335229092e-02 -3.347062574e-02 -2.070747764e+02 1.292649054e-02 9.998331580e-01 -1.290589368e-02 4.789617844e+00 3.363736467e-02 1.246485365e-02 9.993563704e-01 1.338465248e+02
9.992043085e-01 -1.692467104e-02 -3.611516788e-02 -2.071099390e+02 1.643973947e-02 9.997712378e-01 -1.368236216e-02 4.757223779e+00 3.633847557e-02 1.307775127e-02 9.992539655e-01 1.347362791e+02
9.990634901e-01 -1.732675851e-02 -3.964752331e-02 -2.071371012e+02 1.665187085e-02 9.997118510e-01 -1.728959495e-02 4.723335515e+00 3.993567155e-02 1.661319764e-02 9.990641340e-01 1.356000647e+02
9.989917950e-01 -1.663157547e-02 -4.169873182e-02 -2.071827028e+02 1.574485290e-02 9.996447761e-01 -2.150397968e-02 4.699972064e+00 4.204156449e-02 2.082575886e-02 9.988987910e-01 1.364442344e+02
9.988701755e-01 -1.610192322e-02 -4.471130142e-02 -2.072167940e+02 1.524998983e-02 9.996968432e-01 -1.933027602e-02 4.662767773e+00 4.500900150e-02 1.862658931e-02 9.988129154e-01 1.372806958e+02
9.987162096e-01 -1.701903744e-02 -4.771042988e-02 -2.072598497e+02 1.618728608e-02 9.997111315e-01 -1.776584660e-02 4.634201412e+00 4.799900545e-02 1.697073659e-02 9.987032039e-01 1.380804825e+02
9.984734664e-01 -1.918679013e-02 -5.179386091e-02 -2.072913819e+02 1.832445310e-02 9.996863095e-01 -1.707328229e-02 4.602342392e+00 5.210519516e-02 1.609812517e-02 9.985118422e-01 1.388556333e+02
9.982329493e-01 -1.844350303e-02 -5.648731023e-02 -2.073378381e+02 1.747420040e-02 9.996922964e-01 -1.760581776e-02 4.573068982e+00 5.679464183e-02 1.658763681e-02 9.982480749e-01 1.396080887e+02
9.979668354e-01 -1.717547319e-02 -6.137750902e-02 -2.074038100e+02 1.626322111e-02 9.997501907e-01 -1.533179336e-02 4.527463663e+00 6.162550715e-02 1.430242529e-02 9.979968625e-01 1.403220357e+02
9.976312006e-01 -1.574744364e-02 -6.696271731e-02 -2.074578170e+02 1.476976352e-02 9.997773425e-01 -1.507048231e-02 4.503551157e+00 6.718512914e-02 1.404575986e-02 9.976416566e-01 1.410553487e+02
9.972288460e-01 -1.490273061e-02 -7.288715451e-02 -2.075205836e+02 1.397006845e-02 9.998141012e-01 -1.328910394e-02 4.482710302e+00 7.307164881e-02 1.223403925e-02 9.972516545e-01 1.417491800e+02
9.967054763e-01 -1.389741232e-02 -7.990654203e-02 -2.075780274e+02 1.296580146e-02 9.998419277e-01 -1.216583994e-02 4.470495471e+00 8.006298471e-02 1.108970694e-02 9.967281158e-01 1.424181732e+02
9.959512428e-01 -1.274573237e-02 -8.898689890e-02 -2.076301282e+02 1.166283563e-02 9.998516052e-01 -1.267855543e-02 4.450587543e+00 8.913529119e-02 1.158938346e-02 9.959521003e-01 1.430533562e+02
9.949081889e-01 -1.261987390e-02 -9.999217212e-02 -2.077045737e+02 1.145620048e-02 9.998599072e-01 -1.220333800e-02 4.429917869e+00 1.001321685e-01 1.099567054e-02 9.949133852e-01 1.436580250e+02
9.934169872e-01 -1.319452689e-02 -1.137918887e-01 -2.077816247e+02 1.175369928e-02 9.998421534e-01 -1.332361794e-02 4.420489107e+00 1.139497258e-01 1.189843275e-02 9.934152643e-01 1.442509361e+02
9.913767576e-01 -1.445755116e-02 -1.302424808e-01 -2.078666455e+02 1.255156541e-02 9.998019636e-01 -1.544317807e-02 4.402705011e+00 1.304399586e-01 1.367526079e-02 9.913618938e-01 1.447976826e+02
9.886295055e-01 -1.209483518e-02 -1.498846754e-01 -2.079552367e+02 9.538033260e-03 9.997966836e-01 -1.776562540e-02 4.384972663e+00 1.500690737e-01 1.613401644e-02 9.885438618e-01 1.453580682e+02
9.852452918e-01 -9.650024800e-03 -1.708759549e-01 -2.080780456e+02 6.025848085e-03 9.997460336e-01 -2.171537572e-02 4.367530007e+00 1.710421121e-01 2.036529914e-02 9.850532222e-01 1.458842745e+02
9.808788623e-01 -7.116698401e-03 -1.944891003e-01 -2.082346882e+02 2.463074976e-03 9.997050996e-01 -2.415879089e-02 4.346773792e+00 1.946036762e-01 2.321780608e-02 9.806071296e-01 1.463903917e+02
9.751265891e-01 -8.244866030e-03 -2.214952761e-01 -2.083743114e+02 2.983935263e-03 9.997056774e-01 -2.407602029e-02 4.338569650e+00 2.216285886e-01 2.281623998e-02 9.748641895e-01 1.468745778e+02
9.681286416e-01 -6.472505835e-03 -2.503698063e-01 -2.085320567e+02 7.486879756e-04 9.997363350e-01 -2.294994382e-02 4.316175537e+00 2.504523362e-01 2.203104908e-02 9.678782259e-01 1.473517929e+02
9.596646616e-01 -3.928965538e-03 -2.811197262e-01 -2.087172061e+02 -2.254524687e-03 9.997626547e-01 -2.166913283e-02 4.304588095e+00 2.811381410e-01 2.142889239e-02 9.594280318e-01 1.478501974e+02
9.491477503e-01 1.331728061e-03 -3.148281668e-01 -2.089093037e+02 -7.768814484e-03 9.997856255e-01 -1.919240670e-02 4.287412165e+00 3.147351166e-01 2.066227126e-02 9.489546232e-01 1.483139866e+02
9.361491031e-01 6.128163285e-03 -3.515498575e-01 -2.091311499e+02 -1.303001645e-02 9.997659534e-01 -1.727012279e-02 4.268306445e+00 3.513617443e-01 2.074811039e-02 9.360098507e-01 1.487767782e+02
9.199820361e-01 9.880818771e-03 -3.918359639e-01 -2.093126399e+02 -1.771340777e-02 9.997089313e-01 -1.637949235e-02 4.251874077e+00 3.915600700e-01 2.200958894e-02 9.198892812e-01 1.491873957e+02
9.021222061e-01 1.701774106e-02 -4.311448964e-01 -2.095740432e+02 -2.545061584e-02 9.995808522e-01 -1.379804712e-02 4.243554408e+00 4.307293714e-01 2.342042784e-02 9.021771956e-01 1.496060176e+02
8.824828791e-01 2.416807470e-02 -4.697231868e-01 -2.098312156e+02 -3.236659851e-02 9.994319958e-01 -9.385574370e-03 4.248311972e+00 4.692295508e-01 2.348595049e-02 8.827638635e-01 1.500291674e+02
8.613188329e-01 2.886400188e-02 -5.072442581e-01 -2.101002310e+02 -3.650235869e-02 9.993204640e-01 -5.117418654e-03 4.229937733e+00 5.067518582e-01 2.292334092e-02 8.617871400e-01 1.504364748e+02
8.382876930e-01 3.076217639e-02 -5.443596534e-01 -2.103768379e+02 -3.821024311e-02 9.992669053e-01 -2.372607407e-03 4.215246362e+00 5.438875997e-01 2.278904228e-02 8.388485790e-01 1.508244914e+02
8.135378334e-01 3.105907704e-02 -5.806819503e-01 -2.106906692e+02 -3.882381953e-02 9.992456240e-01 -9.454387199e-04 4.196373917e+00 5.802145334e-01 2.331344141e-02 8.141299520e-01 1.512264127e+02
7.867597153e-01 3.147120267e-02 -6.164565790e-01 -2.110152462e+02 -4.018187591e-02 9.991923453e-01 -2.720328658e-04 4.205229576e+00 6.159501337e-01 2.498440626e-02 7.873888571e-01 1.516049943e+02
7.579532767e-01 3.520680945e-02 -6.513580512e-01 -2.113718672e+02 -4.389390008e-02 9.990319254e-01 2.921897168e-03 4.213902243e+00 6.508303587e-01 2.637598368e-02 7.587648856e-01 1.519716474e+02
7.269444145e-01 3.810665309e-02 -6.856381708e-01 -2.117476577e+02 -4.478014820e-02 9.989644890e-01 8.042893248e-03 4.205395496e+00 6.852346726e-01 2.485624258e-02 7.278980771e-01 1.523388870e+02
6.936286546e-01 3.834271141e-02 -7.193115640e-01 -2.121454770e+02 -4.231738968e-02 9.990266892e-01 1.244639793e-02 4.205861591e+00 7.190886789e-01 2.180620950e-02 6.945761018e-01 1.526864280e+02
6.573168750e-01 3.695340179e-02 -7.527077600e-01 -2.125670990e+02 -3.851629767e-02 9.991390414e-01 1.541657286e-02 4.201525161e+00 7.526294046e-01 1.885794265e-02 6.581742606e-01 1.530296526e+02
6.183342036e-01 3.374918805e-02 -7.851902986e-01 -2.130017624e+02 -3.686344571e-02 9.992233726e-01 1.391898013e-02 4.197260210e+00 7.850502525e-01 2.033823845e-02 6.190980997e-01 1.533429495e+02
5.766915866e-01 2.926400796e-02 -8.164376472e-01 -2.134819397e+02 -3.530159447e-02 9.993174378e-01 1.088374717e-02 4.200624390e+00 8.161988798e-01 2.254498530e-02 5.773310248e-01 1.536508758e+02
5.327998132e-01 2.377795466e-02 -8.459071864e-01 -2.139641124e+02 -3.170116320e-02 9.994643491e-01 8.127184947e-03 4.201307958e+00 8.456473233e-01 2.248607914e-02 5.332682073e-01 1.539212891e+02
4.861677594e-01 1.749249112e-02 -8.736904043e-01 -2.145018274e+02 -2.911502428e-02 9.995688005e-01 3.811604463e-03 4.206564301e+00 8.733803439e-01 2.358443814e-02 4.864674184e-01 1.541953722e+02
4.382886006e-01 1.741989950e-02 -8.986654826e-01 -2.150587116e+02 -3.263844263e-02 9.994612502e-01 3.455631989e-03 4.218491237e+00 8.982415236e-01 2.781647769e-02 4.386210311e-01 1.544425131e+02
3.901050545e-01 2.037932460e-02 -9.205448004e-01 -2.156357759e+02 -3.621618223e-02 9.993210082e-01 6.775739175e-03 4.220584591e+00 9.200578431e-01 3.069536814e-02 3.905782377e-01 1.546543023e+02
3.425897549e-01 2.345141366e-02 -9.391923611e-01 -2.162488574e+02 -3.705288876e-02 9.992478772e-01 1.143518164e-02 4.225833271e+00 9.387541442e-01 3.088221400e-02 3.432010279e-01 1.548418001e+02
2.948227381e-01 2.587100894e-02 -9.552016771e-01 -2.168714287e+02 -3.783538986e-02 9.991655619e-01 1.538385903e-02 4.232759302e+00 9.548026165e-01 3.160491641e-02 2.955555665e-01 1.550094324e+02
2.504164679e-01 2.893704594e-02 -9.677056577e-01 -2.175198436e+02 -3.911132202e-02 9.990395996e-01 1.975304735e-02 4.242340248e+00 9.673478677e-01 3.290175925e-02 2.513077339e-01 1.551404351e+02
2.066880336e-01 2.994389217e-02 -9.779485774e-01 -2.181581129e+02 -4.031823189e-02 9.989432179e-01 2.206552822e-02 4.245344706e+00 9.775758267e-01 3.486847689e-02 2.076768941e-01 1.552535547e+02
1.659316102e-01 2.763730624e-02 -9.857499074e-01 -2.188265623e+02 -4.293311441e-02 9.988618640e-01 2.077797853e-02 4.259926035e+00 9.852022373e-01 3.887359012e-02 1.669293131e-01 1.553331456e+02
1.287105783e-01 2.483368699e-02 -9.913712095e-01 -2.195181835e+02 -4.315795240e-02 9.988795281e-01 1.941853500e-02 4.259912805e+00 9.907426397e-01 4.028618060e-02 1.296381328e-01 1.554004790e+02
9.620394971e-02 2.392432331e-02 -9.950740811e-01 -2.201958714e+02 -4.269730943e-02 9.988900859e-01 1.988808666e-02 4.269329960e+00 9.944454434e-01 4.057367346e-02 9.711867582e-02 1.554413604e+02
6.876935687e-02 2.478972882e-02 -9.973245434e-01 -2.209281788e+02 -4.270190155e-02 9.988481745e-01 2.188314047e-02 4.281399552e+00 9.967182767e-01 4.108276497e-02 6.974871513e-02 1.554769129e+02
4.694804178e-02 2.896476717e-02 -9.984773025e-01 -2.216766015e+02 -4.234905750e-02 9.987384929e-01 2.698110665e-02 4.290290424e+00 9.979992178e-01 4.101786258e-02 4.811544709e-02 1.554981533e+02
3.017327931e-02 3.231883935e-02 -9.990220547e-01 -2.224287221e+02 -4.233713151e-02 9.986214905e-01 3.102718031e-02 4.305569897e+00 9.986476558e-01 4.135953633e-02 3.149997211e-02 1.555028484e+02
1.814780819e-02 3.337069928e-02 -9.992782663e-01 -2.232004843e+02 -4.091894477e-02 9.986303084e-01 3.260593536e-02 4.324229729e+00 9.989976462e-01 4.029768592e-02 1.948844509e-02 1.555091633e+02
9.104551762e-03 3.387549148e-02 -9.993845897e-01 -2.239728901e+02 -4.162746328e-02 9.985724803e-01 3.346873115e-02 4.335162722e+00 9.990917182e-01 4.129712752e-02 1.050170561e-02 1.555085220e+02
3.661852208e-03 3.279460078e-02 -9.994554042e-01 -2.247581829e+02 -4.148647293e-02 9.986066046e-01 3.261474946e-02 4.357184679e+00 9.991323553e-01 4.134444918e-02 5.017282118e-03 1.554979236e+02
7.451734113e-04 3.158319334e-02 -9.995008487e-01 -2.255515705e+02 -4.244114065e-02 9.986015429e-01 3.152313441e-02 4.380139164e+00 9.990986910e-01 4.239646590e-02 2.084558069e-03 1.554764019e+02
-6.703801159e-04 3.163345630e-02 -9.994993122e-01 -2.263770206e+02 -4.286836862e-02 9.985798163e-01 3.163310739e-02 4.396460504e+00 9.990805040e-01 4.286811115e-02 6.866466124e-04 1.554722742e+02
2.288953034e-04 3.233953720e-02 -9.994769142e-01 -2.271840895e+02 -4.272060596e-02 9.985647922e-01 3.230024050e-02 4.410985501e+00 9.990870320e-01 4.269086605e-02 1.610131417e-03 1.554606402e+02
8.641642387e-04 3.232802761e-02 -9.994769391e-01 -2.280211424e+02 -4.161033309e-02 9.986128419e-01 3.226410145e-02 4.428437756e+00 9.991335413e-01 4.156068687e-02 2.208145503e-03 1.554627346e+02
1.573670804e-03 3.193425231e-02 -9.994887328e-01 -2.288778383e+02 -3.884934789e-02 9.987373851e-01 3.184907895e-02 4.448216265e+00 9.992438400e-01 3.877936553e-02 2.812308741e-03 1.554600221e+02
1.723386926e-03 3.161731640e-02 -9.994985619e-01 -2.297523989e+02 -3.589048654e-02 9.988580510e-01 3.153517077e-02 4.467466377e+00 9.993542430e-01 3.581814238e-02 2.856179774e-03 1.554674984e+02
2.321685952e-03 3.207743684e-02 -9.994826901e-01 -2.306282649e+02 -3.435860015e-02 9.988978123e-01 3.197885459e-02 4.487566327e+00 9.994068723e-01 3.426658125e-02 3.421262845e-03 1.554600033e+02
2.588822938e-03 3.318308359e-02 -9.994459370e-01 -2.315074796e+02 -3.177784367e-02 9.989472476e-01 3.308421354e-02 4.506894046e+00 9.994916041e-01 3.167458757e-02 3.640584391e-03 1.554664265e+02
3.434036259e-03 3.356768690e-02 -9.994305468e-01 -2.324072952e+02 -3.035745972e-02 9.989792996e-01 3.344822293e-02 4.529118854e+00 9.995332071e-01 3.022531015e-02 4.449560839e-03 1.554569420e+02
4.254105282e-03 3.304595478e-02 -9.994447796e-01 -2.333178025e+02 -2.657666107e-02 9.991045243e-01 3.292158175e-02 4.552109947e+00 9.996377262e-01 2.642185330e-02 5.128546974e-03 1.554503102e+02
3.975751684e-03 3.246680491e-02 -9.994649068e-01 -2.342458431e+02 -2.429880265e-02 9.991808340e-01 3.236091931e-02 4.578661798e+00 9.996968348e-01 2.415714154e-02 4.761399369e-03 1.554604172e+02
3.933588638e-03 3.256581311e-02 -9.994618525e-01 -2.352007085e+02 -2.156264950e-02 9.992399660e-01 3.247371904e-02 4.602824225e+00 9.997597607e-01 2.142330736e-02 4.632804191e-03 1.554797517e+02
3.709306771e-03 3.261922193e-02 -9.994609684e-01 -2.361549887e+02 -2.036563193e-02 9.992630150e-01 3.253717824e-02 4.626796355e+00 9.997857181e-01 2.023396383e-02 4.370884135e-03 1.554785220e+02
2.583810743e-03 3.218859871e-02 -9.994784730e-01 -2.371295038e+02 -1.705137098e-02 9.993379167e-01 3.213999154e-02 4.644064884e+00 9.998512763e-01 1.695943457e-02 3.130959783e-03 1.554940868e+02
1.343412302e-03 3.023522974e-02 -9.995419081e-01 -2.380961974e+02 -1.633193938e-02 9.994101592e-01 3.020929387e-02 4.673909826e+00 9.998657225e-01 1.628387432e-02 1.836419842e-03 1.554809816e+02
-2.288670567e-04 2.771970023e-02 -9.996157091e-01 -2.390896701e+02 -1.365352722e-02 9.995224707e-01 2.772024074e-02 4.699065505e+00 9.999067601e-01 1.365462455e-02 1.497139157e-04 1.554779663e+02
-2.882884881e-03 2.742467062e-02 -9.996197159e-01 -2.401037570e+02 -1.169612103e-02 9.995545683e-01 2.745661469e-02 4.717330495e+00 9.999274422e-01 1.177082744e-02 -2.560838486e-03 1.554679343e+02
-6.842744030e-03 2.960010185e-02 -9.995383989e-01 -2.411583209e+02 -8.210591432e-03 9.995264431e-01 2.965595672e-02 4.745774980e+00 9.999428799e-01 8.409729535e-03 -6.596469258e-03 1.554686808e+02
-1.231012477e-02 3.355203347e-02 -9.993611569e-01 -2.421985218e+02 -6.437526048e-03 9.994135148e-01 3.363308872e-02 4.759068635e+00 9.999035049e-01 6.847440997e-03 -1.208691298e-02 1.554570215e+02
-1.881743612e-02 3.495201610e-02 -9.992118197e-01 -2.432432336e+02 -4.938574486e-03 9.993733341e-01 3.505067042e-02 4.780660256e+00 9.998107394e-01 5.594245751e-03 -1.863303074e-02 1.554362824e+02
-2.613429277e-02 3.338242315e-02 -9.991009021e-01 -2.442930680e+02 -5.184434043e-03 9.994243035e-01 3.352884224e-02 4.804684774e+00 9.996449972e-01 6.056025308e-03 -2.594617837e-02 1.553993915e+02
-3.347858247e-02 3.351297471e-02 -9.988774024e-01 -2.453540767e+02 -6.082457702e-03 9.994123114e-01 3.373478216e-02 4.835946039e+00 9.994209264e-01 7.205022236e-03 -3.325506623e-02 1.553600033e+02
-4.063492357e-02 3.663501360e-02 -9.985022177e-01 -2.464192960e+02 -7.804776053e-03 9.992854765e-01 3.698137354e-02 4.870063615e+00 9.991435775e-01 9.295821486e-03 -4.031996089e-02 1.553015223e+02
-4.785706156e-02 3.986716684e-02 -9.980582702e-01 -2.475096763e+02 -9.133033427e-03 9.991439282e-01 4.034846364e-02 4.901925056e+00 9.988124395e-01 1.104625845e-02 -4.745198431e-02 1.552364755e+02
-5.518502446e-02 3.863751193e-02 -9.977282976e-01 -2.486042744e+02 -9.972265729e-03 9.991798440e-01 3.924529651e-02 4.923118528e+00 9.984263453e-01 1.211536436e-02 -5.475446059e-02 1.551689628e+02
-6.206255509e-02 3.117754379e-02 -9.975851843e-01 -2.496707220e+02 -1.021963286e-02 9.994397329e-01 3.187129587e-02 4.949073595e+00 9.980199389e-01 1.217296839e-02 -6.170916043e-02 1.550867086e+02
-6.986589226e-02 2.552118578e-02 -9.972298763e-01 -2.507598376e+02 -1.029314150e-02 9.996010220e-01 2.630300549e-02 4.972816613e+00 9.975032874e-01 1.210231117e-02 -6.957532413e-02 1.550176731e+02
-7.728671088e-02 2.581670311e-02 -9.966746019e-01 -2.518308858e+02 -1.059088984e-02 9.995870281e-01 2.671340930e-02 4.989198458e+00 9.969526555e-01 1.262026245e-02 -7.698137178e-02 1.549228103e+02
-8.447518864e-02 2.816904237e-02 -9.960273327e-01 -2.529124297e+02 -9.914330171e-03 9.995270779e-01 2.910887540e-02 5.004383933e+00 9.963762585e-01 1.233392158e-02 -8.415596127e-02 1.548262000e+02
-9.166608607e-02 2.771334799e-02 -9.954040883e-01 -2.539740675e+02 -9.664368265e-03 9.995408183e-01 2.871850505e-02 5.025371317e+00 9.957429029e-01 1.225246464e-02 -9.135616268e-02 1.547279839e+02
-9.860217787e-02 2.755925763e-02 -9.947452427e-01 -2.550480090e+02 -9.909332956e-03 9.995396880e-01 2.867433023e-02 5.047158309e+00 9.950775928e-01 1.268461323e-02 -9.828369625e-02 1.546199172e+02
-1.059762677e-01 2.753415213e-02 -9.939873747e-01 -2.561171909e+02 -1.063273299e-02 9.995280284e-01 2.882126562e-02 5.053301314e+00 9.943118101e-01 1.362317251e-02 -1.056334866e-01 1.545178238e+02
-1.117804874e-01 2.722286403e-02 -9.933599742e-01 -2.572039096e+02 -1.265316073e-02 9.995046714e-01 2.881508918e-02 5.073594093e+00 9.936523638e-01 1.579010813e-02 -1.113806641e-01 1.543790689e+02
-1.164805399e-01 2.842652764e-02 -9.927860879e-01 -2.582512647e+02 -1.391176476e-02 9.994455636e-01 3.024943357e-02 5.090211917e+00 9.930955375e-01 1.733487686e-02 -1.160204957e-01 1.542400993e+02
-1.202348620e-01 3.080028452e-02 -9.922675649e-01 -2.593274262e+02 -1.569919406e-02 9.993346190e-01 3.292194785e-02 5.102899768e+00 9.926213343e-01 1.953616692e-02 -1.196713203e-01 1.540963938e+02
-1.229439198e-01 3.140423506e-02 -9.919166127e-01 -2.603821266e+02 -1.750353352e-02 9.992751041e-01 3.380669590e-02 5.121394269e+00 9.922592498e-01 2.151837338e-02 -1.223051132e-01 1.539606573e+02
-1.244378050e-01 2.864795066e-02 -9.918137565e-01 -2.613900822e+02 -2.109796852e-02 9.992807176e-01 3.151068372e-02 5.130733093e+00 9.920030788e-01 2.484637573e-02 -1.237438855e-01 1.538308519e+02
-1.247521559e-01 2.760451236e-02 -9.918038569e-01 -2.623930300e+02 -2.490367287e-02 9.992108535e-01 3.094312956e-02 5.137852016e+00 9.918753484e-01 2.855978093e-02 -1.239662545e-01 1.536987245e+02
-1.245100156e-01 2.999534526e-02 -9.917648589e-01 -2.633937665e+02 -2.571948526e-02 9.991095266e-01 3.344640457e-02 5.147208032e+00 9.918849551e-01 2.967209402e-02 -1.236276779e-01 1.535573188e+02
-1.252100940e-01 3.552467866e-02 -9.914940391e-01 -2.643812590e+02 -2.706818330e-02 9.988644159e-01 3.920704073e-02 5.156677044e+00 9.917609318e-01 3.174705965e-02 -1.241063189e-01 1.534269997e+02
-1.258217518e-01 3.595538092e-02 -9.914010779e-01 -2.653302756e+02 -2.843700136e-02 9.988016242e-01 3.983280538e-02 5.174494924e+00 9.916452106e-01 3.320430715e-02 -1.246485069e-01 1.533016044e+02
-1.267433271e-01 3.312993783e-02 -9.913821343e-01 -2.662479064e+02 -3.009642320e-02 9.988535097e-01 3.722729532e-02 5.190079458e+00 9.914788623e-01 3.455536754e-02 -1.256009245e-01 1.531787994e+02
-1.262756206e-01 3.117355470e-02 -9.915052582e-01 -2.671565664e+02 -3.261473054e-02 9.988352848e-01 3.555774559e-02 5.201397098e+00 9.914588983e-01 3.682775322e-02 -1.251118284e-01 1.530500745e+02
-1.250337614e-01 3.203999969e-02 -9.916350120e-01 -2.680424640e+02 -3.533152264e-02 9.987007012e-01 3.672319239e-02 5.214698504e+00 9.915231929e-01 3.962761375e-02 -1.237392832e-01 1.529322098e+02
-1.214448934e-01 3.346746441e-02 -9.920338032e-01 -2.689020067e+02 -3.976160495e-02 9.984651991e-01 3.855205566e-02 5.225149144e+00 9.918014684e-01 4.412680647e-02 -1.199277796e-01 1.528145310e+02
-1.172942288e-01 3.204907634e-02 -9.925799316e-01 -2.697510804e+02 -4.220011430e-02 9.984154944e-01 3.722433134e-02 5.239296464e+00 9.922001886e-01 4.625318581e-02 -1.157559008e-01 1.527088783e+02
-1.133624854e-01 2.921737852e-02 -9.931240062e-01 -2.705948854e+02 -4.264019341e-02 9.985034989e-01 3.424290700e-02 5.247550241e+00 9.926382830e-01 4.622886075e-02 -1.119470036e-01 1.526089673e+02
-1.102532343e-01 2.734431372e-02 -9.935273086e-01 -2.714509295e+02 -4.251121415e-02 9.985769392e-01 3.220082596e-02 5.255932142e+00 9.929939683e-01 4.578629739e-02 -1.089338972e-01 1.525250664e+02
-1.071575036e-01 2.720329035e-02 -9.938698357e-01 -2.722929908e+02 -4.169260993e-02 9.986233847e-01 3.182863263e-02 5.265491481e+00 9.933675028e-01 4.484770420e-02 -1.058758128e-01 1.524407758e+02
-1.044223965e-01 2.760956768e-02 -9.941497246e-01 -2.731240122e+02 -4.356763772e-02 9.985279640e-01 3.230736955e-02 5.278501488e+00 9.935782929e-01 4.668636799e-02 -1.030657993e-01 1.523465497e+02
-1.017828285e-01 2.830937166e-02 -9.944037587e-01 -2.739568713e+02 -4.288620219e-02 9.985408513e-01 3.281679374e-02 5.287541661e+00 9.938817985e-01 4.598638674e-02 -1.004202308e-01 1.522577585e+02
-9.941881757e-02 2.675368268e-02 -9.946859500e-01 -2.747723327e+02 -4.436963390e-02 9.985249953e-01 3.129168298e-02 5.298809335e+00 9.940559513e-01 4.724483357e-02 -9.808512324e-02 1.521695048e+02
-9.634910305e-02 2.429139497e-02 -9.950511436e-01 -2.755989643e+02 -4.644433219e-02 9.985035230e-01 2.887280054e-02 5.306010629e+00 9.942634331e-01 4.899635430e-02 -9.507672121e-02 1.520900948e+02
-9.234294351e-02 2.246226047e-02 -9.954738709e-01 -2.764273776e+02 -4.970562975e-02 9.983951244e-01 2.713901016e-02 5.317181287e+00 9.944858627e-01 5.198675174e-02 -9.107824377e-02 1.520053613e+02
-8.803904812e-02 2.468525426e-02 -9.958111087e-01 -2.772469523e+02 -4.940395318e-02 9.983543978e-01 2.911607323e-02 5.326896765e+00 9.948911375e-01 5.176035676e-02 -8.667462173e-02 1.519322828e+02
-8.331564780e-02 2.996029069e-02 -9.960727302e-01 -2.780815484e+02 -4.862466835e-02 9.982351141e-01 3.409250038e-02 5.345877142e+00 9.953361967e-01 5.127414491e-02 -8.171179599e-02 1.518579798e+02
-7.864537662e-02 3.546154131e-02 -9.962717420e-01 -2.789138897e+02 -4.812612550e-02 9.980668614e-01 3.932449837e-02 5.360799088e+00 9.957403179e-01 5.103938887e-02 -7.678671762e-02 1.517932845e+02
-7.436016523e-02 3.631416118e-02 -9.965700415e-01 -2.797304528e+02 -4.641259726e-02 9.981278070e-01 3.983405161e-02 5.374347260e+00 9.961508102e-01 4.921547063e-02 -7.253551411e-02 1.517265549e+02
-7.117201736e-02 3.497721221e-02 -9.968506100e-01 -2.805607037e+02 -4.491370890e-02 9.982589701e-01 3.823332677e-02 5.390306237e+00 9.964523585e-01 4.749340111e-02 -6.947714843e-02 1.516677400e+02
-6.767658396e-02 3.315639509e-02 -9.971562232e-01 -2.813706604e+02 -4.268773473e-02 9.984361897e-01 3.609615425e-02 5.412598435e+00 9.967936784e-01 4.500920476e-02 -6.615537922e-02 1.516159259e+02
-6.408400051e-02 3.159484754e-02 -9.974442373e-01 -2.822051527e+02 -4.317526377e-02 9.984750563e-01 3.440143270e-02 5.427462273e+00 9.970100990e-01 4.526949947e-02 -6.262216014e-02 1.515516108e+02
-6.152766635e-02 3.087240117e-02 -9.976278069e-01 -2.830359574e+02 -4.239074186e-02 9.985388174e-01 3.351499842e-02 5.440089775e+00 9.972047790e-01 4.435228248e-02 -6.012905921e-02 1.515066266e+02
-5.916643850e-02 2.989410483e-02 -9.978004184e-01 -2.838642451e+02 -4.186674783e-02 9.985977064e-01 3.240055855e-02 5.447932750e+00 9.973697950e-01 4.369168416e-02 -5.783190083e-02 1.514461001e+02
-5.780978668e-02 2.995215483e-02 -9.978781975e-01 -2.847147015e+02 -4.111671983e-02 9.986302906e-01 3.235673248e-02 5.457533928e+00 9.974805481e-01 4.290001407e-02 -5.649906971e-02 1.513978855e+02
-5.638819422e-02 3.073511867e-02 -9.979357314e-01 -2.855697974e+02 -3.905316146e-02 9.986932212e-01 3.296514082e-02 5.466187446e+00 9.976448377e-01 4.083139001e-02 -5.511420377e-02 1.513510322e+02
-5.626090794e-02 3.228535813e-02 -9.978939653e-01 -2.864053709e+02 -4.013866331e-02 9.985958786e-01 3.457107109e-02 5.468648359e+00 9.976089404e-01 4.199912974e-02 -5.488601968e-02 1.513080325e+02
-5.612298444e-02 3.294469274e-02 -9.978801821e-01 -2.872494728e+02 -3.882075693e-02 9.986276754e-01 3.515273606e-02 5.489508712e+00 9.976688626e-01 4.071134045e-02 -5.476702758e-02 1.512553021e+02
-5.718085708e-02 3.341377999e-02 -9.978045244e-01 -2.881053292e+02 -3.789854353e-02 9.986467624e-01 3.561382368e-02 5.504503888e+00 9.976442502e-01 3.985176716e-02 -5.583714420e-02 1.512082433e+02
-5.900729028e-02 3.529886762e-02 -9.976332641e-01 -2.889509396e+02 -3.656718995e-02 9.986274698e-01 3.749689490e-02 5.518047895e+00 9.975875803e-01 3.869323523e-02 -5.763552060e-02 1.511580475e+02
-6.075516837e-02 3.621417937e-02 -9.974955352e-01 -2.897909846e+02 -3.795831067e-02 9.985349241e-01 3.856386826e-02 5.541064580e+00 9.974306874e-01 4.020619973e-02 -5.929152837e-02 1.510976361e+02
-6.258483608e-02 3.683507179e-02 -9.973596722e-01 -2.906209735e+02 -3.771138713e-02 9.985177715e-01 3.924425247e-02 5.556936287e+00 9.973269221e-01 4.006791182e-02 -6.110296939e-02 1.510358327e+02
-6.458014838e-02 3.629592966e-02 -9.972522298e-01 -2.914533959e+02 -3.578946952e-02 9.986111769e-01 3.866304745e-02 5.568929957e+00 9.972705342e-01 3.818799363e-02 -6.319144591e-02 1.509777241e+02
-6.675466258e-02 3.456025823e-02 -9.971706993e-01 -2.922754699e+02 -3.683873718e-02 9.986331647e-01 3.707707972e-02 5.583567788e+00 9.970891246e-01 3.920957726e-02 -6.539026368e-02 1.509057251e+02
-6.906496736e-02 3.258418043e-02 -9.970798872e-01 -2.930991246e+02 -3.751420926e-02 9.986747181e-01 3.523480445e-02 5.602397485e+00 9.969065725e-01 3.983815416e-02 -6.775106705e-02 1.508424402e+02
-7.195851012e-02 3.067261543e-02 -9.969358873e-01 -2.939253058e+02 -3.808751743e-02 9.987135066e-01 3.347645194e-02 5.614966731e+00 9.966801462e-01 4.037972859e-02 -7.069769219e-02 1.507960362e+02
-7.394181494e-02 2.833926002e-02 -9.968598168e-01 -2.947433303e+02 -3.934580265e-02 9.987349634e-01 3.131103225e-02 5.636053863e+00 9.964860841e-01 4.153744417e-02 -7.273324490e-02 1.507335806e+02
-7.504479824e-02 2.552891435e-02 -9.968533256e-01 -2.955661117e+02 -4.171131872e-02 9.987169343e-01 2.871673880e-02 5.651944255e+00 9.963074044e-01 4.373510866e-02 -7.388366615e-02 1.506661135e+02
-7.537835076e-02 2.481259777e-02 -9.968462465e-01 -2.964051826e+02 -4.209278090e-02 9.987200984e-01 2.804216255e-02 5.670731021e+00 9.962661803e-01 4.407380261e-02 -7.423744264e-02 1.505853154e+02
-7.565885916e-02 2.768106763e-02 -9.967494648e-01 -2.972646667e+02 -4.086217575e-02 9.986888339e-01 3.083659419e-02 5.693499053e+00 9.962961506e-01 4.306241334e-02 -7.442854918e-02 1.505222022e+02
-7.563506007e-02 3.262398778e-02 -9.966017324e-01 -2.981189312e+02 -4.179453124e-02 9.984825783e-01 3.585746858e-02 5.706025322e+00 9.962592809e-01 4.436458403e-02 -7.415678551e-02 1.504354319e+02
-7.540127072e-02 3.448625970e-02 -9.965567451e-01 -2.990026514e+02 -4.178708050e-02 9.984145568e-01 3.771223550e-02 5.714434317e+00 9.962773149e-01 4.448674741e-02 -7.384064617e-02 1.503452901e+02
-7.596084396e-02 3.211480021e-02 -9.965934928e-01 -2.998670338e+02 -4.218404883e-02 9.984828417e-01 3.539097253e-02 5.727337544e+00 9.962180766e-01 4.472867671e-02 -7.449086703e-02 1.502700016e+02
-7.647018092e-02 2.958813586e-02 -9.966327577e-01 -3.007647470e+02 -4.167669456e-02 9.985911677e-01 3.284406945e-02 5.752507819e+00 9.962004640e-01 4.404795097e-02 -7.512931156e-02 1.502099188e+02
-7.715177015e-02 2.699829768e-02 -9.966537494e-01 -3.016570802e+02 -4.314824635e-02 9.986063267e-01 3.039133147e-02 5.777412762e+00 9.960852540e-01 4.534860653e-02 -7.587931659e-02 1.501365003e+02
-7.731255059e-02 2.703377593e-02 -9.966403285e-01 -3.025268812e+02 -4.402014996e-02 9.985649352e-01 3.050076332e-02 5.787308178e+00 9.960346359e-01 4.623034853e-02 -7.601157120e-02 1.500478919e+02
-7.782986475e-02 2.817335360e-02 -9.965684996e-01 -3.034530658e+02 -4.544731096e-02 9.984612236e-01 3.177619921e-02 5.804815103e+00 9.959302456e-01 4.776449578e-02 -7.642969883e-02 1.499764469e+02
-7.801008705e-02 2.886887264e-02 -9.965345024e-01 -3.043425986e+02 -4.570495861e-02 9.984261155e-01 3.250151810e-02 5.831986596e+00 9.959043544e-01 4.808201444e-02 -7.656785755e-02 1.498865047e+02
-7.795251601e-02 2.861584656e-02 -9.965463053e-01 -3.052913438e+02 -4.573552817e-02 9.984329498e-01 3.224757687e-02 5.848359943e+00 9.959074589e-01 4.809135137e-02 -7.652159965e-02 1.498155330e+02
-7.671938246e-02 2.664872580e-02 -9.966965344e-01 -3.062333108e+02 -4.555336151e-02 9.985052029e-01 3.020349333e-02 5.863004462e+00 9.960115600e-01 4.772007091e-02 -7.539076351e-02 1.497280029e+02
-7.594815340e-02 2.503691222e-02 -9.967973871e-01 -3.071533722e+02 -4.705331137e-02 9.984810184e-01 2.866429436e-02 5.885475751e+00 9.960009357e-01 4.907961806e-02 -7.465471993e-02 1.496490430e+02
-7.648462524e-02 2.334669190e-02 -9.967973887e-01 -3.081049858e+02 -4.652510874e-02 9.985533017e-01 2.695770684e-02 5.906222130e+00 9.959846968e-01 4.843795701e-02 -7.528776768e-02 1.495757910e+02
-7.656464432e-02 2.131253930e-02 -9.968368126e-01 -3.090444317e+02 -4.502793585e-02 9.986775906e-01 2.481038319e-02 5.922405149e+00 9.960473584e-01 4.678510221e-02 -7.550373486e-02 1.494909800e+02
-7.703640622e-02 1.889376607e-02 -9.968492452e-01 -3.099995224e+02 -4.424043868e-02 9.987708957e-01 2.234908455e-02 5.934570234e+00 9.960462719e-01 4.582274107e-02 -7.610585194e-02 1.494213041e+02
-7.637690028e-02 1.850192645e-02 -9.969073416e-01 -3.109484610e+02 -4.445037590e-02 9.987706002e-01 2.194202129e-02 5.939624456e+00 9.960877136e-01 4.598876965e-02 -7.546058495e-02 1.493416767e+02
-7.538344581e-02 1.884009477e-02 -9.969766231e-01 -3.119152319e+02 -4.414598454e-02 9.987781307e-01 2.221210664e-02 5.952219846e+00 9.961769261e-01 4.568693972e-02 -7.445962256e-02 1.492659271e+02
-7.515918521e-02 1.945565851e-02 -9.969817321e-01 -3.128760822e+02 -4.166256461e-02 9.988753472e-01 2.263341577e-02 5.961972571e+00 9.963008218e-01 4.323792492e-02 -7.426408459e-02 1.491997246e+02
-7.471540307e-02 1.934298985e-02 -9.970172803e-01 -3.138370097e+02 -4.075854878e-02 9.989171363e-01 2.243425051e-02 5.964742641e+00 9.963715920e-01 4.231316153e-02 -7.384610427e-02 1.491306695e+02
-7.360531021e-02 1.892591822e-02 -9.971078517e-01 -3.147617393e+02 -4.111665223e-02 9.989122211e-01 2.199534875e-02 5.970931108e+00 9.964395010e-01 4.261671124e-02 -7.274707351e-02 1.490433846e+02
-7.277980392e-02 1.853960067e-02 -9.971757033e-01 -3.157159953e+02 -3.966709785e-02 9.989822982e-01 2.146832942e-02 5.985335321e+00 9.965588901e-01 4.111752700e-02 -7.197032363e-02 1.489666590e+02
-7.190746427e-02 1.983435767e-02 -9.972140767e-01 -3.166764781e+02 -3.942330300e-02 9.989644497e-01 2.271192162e-02 5.991030806e+00 9.966318878e-01 4.094662940e-02 -7.105106458e-02 1.488953003e+02
-7.086037167e-02 2.158565305e-02 -9.972526597e-01 -3.176412834e+02 -4.033988752e-02 9.988859103e-01 2.448737929e-02 5.997103200e+00 9.966702068e-01 4.196424492e-02 -6.991066404e-02 1.488296169e+02
-6.975506475e-02 2.175731468e-02 -9.973268522e-01 -3.185883510e+02 -3.912616210e-02 9.989331687e-01 2.452892069e-02 6.008182836e+00 9.967965562e-01 4.073258854e-02 -6.882936764e-02 1.487606203e+02
-6.773540830e-02 2.201143737e-02 -9.974604810e-01 -3.195222289e+02 -3.847956477e-02 9.989551199e-01 2.465748524e-02 6.017940567e+00 9.969610010e-01 4.005203002e-02 -6.681764238e-02 1.486853715e+02
-6.604715615e-02 2.087409023e-02 -9.975981383e-01 -3.204484282e+02 -3.904569195e-02 9.989613420e-01 2.348768026e-02 6.020603160e+00 9.970522590e-01 4.050320408e-02 -6.516351244e-02 1.486126696e+02
-6.568732324e-02 1.862978725e-02 -9.976663303e-01 -3.213935744e+02 -3.970079401e-02 9.989852372e-01 2.126835464e-02 6.028965852e+00 9.970501605e-01 4.100520675e-02 -6.488104884e-02 1.485472339e+02
-6.532865772e-02 1.580427334e-02 -9.977386388e-01 -3.223281907e+02 -3.971473967e-02 9.990411643e-01 1.842529652e-02 6.031807592e+00 9.970731698e-01 4.082863019e-02 -6.463835567e-02 1.484768375e+02
-6.498749229e-02 1.813161122e-02 -9.977213391e-01 -3.232602539e+02 -4.033548769e-02 9.989700565e-01 2.078159308e-02 6.035949397e+00 9.970705463e-01 4.159412041e-02 -6.418921147e-02 1.484073622e+02
-6.443665031e-02 2.083148586e-02 -9.977043486e-01 -3.241703844e+02 -3.973547805e-02 9.989356491e-01 2.342350716e-02 6.036306148e+00 9.971303876e-01 4.115359159e-02 -6.354031806e-02 1.483442828e+02
-6.377426155e-02 2.183264130e-02 -9.977255030e-01 -3.250846352e+02 -4.121125037e-02 9.988502396e-01 2.449146181e-02 6.039910850e+00 9.971130710e-01 4.267944040e-02 -6.280118598e-02 1.482715647e+02
-6.326688685e-02 2.015738726e-02 -9.977930551e-01 -3.259935295e+02 -3.956063296e-02 9.989595332e-01 2.268936644e-02 6.048591764e+00 9.972122429e-01 4.090881040e-02 -6.240362075e-02 1.482151869e+02
-6.261342034e-02 2.066697855e-02 -9.978238500e-01 -3.269085411e+02 -3.867177752e-02 9.989845178e-01 2.311767139e-02 6.059974530e+00 9.972883501e-01 4.003509841e-02 -6.175060873e-02 1.481503266e+02
-6.218833604e-02 2.256299046e-02 -9.978093617e-01 -3.278187552e+02 -3.909152646e-02 9.989222320e-01 2.502452947e-02 6.069393317e+00 9.972985829e-01 4.056212491e-02 -6.123928970e-02 1.480885215e+02
-6.214830963e-02 2.263756446e-02 -9.978101665e-01 -3.287221086e+02 -3.985175838e-02 9.988891863e-01 2.514419938e-02 6.070961852e+00 9.972709887e-01 4.132715915e-02 -6.117712769e-02 1.480285233e+02
-6.185426043e-02 2.054379937e-02 -9.978737409e-01 -3.296417693e+02 -4.039765326e-02 9.989173307e-01 2.306937566e-02 6.086348025e+00 9.972673062e-01 4.173869655e-02 -6.095737143e-02 1.479737015e+02
-6.157868848e-02 2.059205958e-02 -9.978897896e-01 -3.305376764e+02 -4.091647672e-02 9.988946333e-01 2.313770620e-02 6.092073869e+00 9.972632085e-01 4.225492395e-02 -6.066806692e-02 1.479092560e+02
-6.139214680e-02 2.246375064e-02 -9.978609042e-01 -3.314251523e+02 -4.139963378e-02 9.988290339e-01 2.503260588e-02 6.096514303e+00 9.972547692e-01 4.284788141e-02 -6.039026763e-02 1.478478447e+02
-6.133304660e-02 2.476499784e-02 -9.978100783e-01 -3.323166952e+02 -4.161858614e-02 9.987592545e-01 2.734675272e-02 6.101926354e+00 9.972492921e-01 4.320470436e-02 -6.022626370e-02 1.477940921e+02
-6.075312551e-02 2.541281716e-02 -9.978292672e-01 -3.331822393e+02 -4.177231739e-02 9.987353189e-01 2.797921228e-02 6.100536653e+00 9.972783620e-01 4.338146544e-02 -5.961473991e-02 1.477321383e+02
-6.042008571e-02 2.523096886e-02 -9.978541033e-01 -3.340460543e+02 -4.272310292e-02 9.986990109e-01 2.783921727e-02 6.094841217e+00 9.972583164e-01 4.431347144e-02 -5.926353456e-02 1.476726695e+02
-6.074923532e-02 2.237641793e-02 -9.979022128e-01 -3.348953097e+02 -4.273181154e-02 9.987738108e-01 2.499734419e-02 6.102359436e+00 9.972379469e-01 4.416073884e-02 -5.971856039e-02 1.476220806e+02
-6.068539950e-02 1.943864841e-02 -9.979676454e-01 -3.357522538e+02 -4.191419395e-02 9.988788582e-01 2.200515682e-02 6.108455738e+00 9.972765327e-01 4.316440118e-02 -5.980260729e-02 1.475706706e+02
-6.089248444e-02 1.820091347e-02 -9.979783726e-01 -3.366098220e+02 -4.149781121e-02 9.989231013e-01 2.075016686e-02 6.114253463e+00 9.972813229e-01 4.267744731e-02 -6.007161133e-02 1.475159183e+02
-6.202962877e-02 2.000546567e-02 -9.978737929e-01 -3.374609729e+02 -4.056669240e-02 9.989223807e-01 2.254818638e-02 6.119470632e+00 9.972495518e-01 4.187909484e-02 -6.115122888e-02 1.474689323e+02
-6.288182509e-02 2.377317874e-02 -9.977377972e-01 -3.383316347e+02 -4.016798011e-02 9.988459362e-01 2.633114526e-02 6.130205672e+00 9.972123191e-01 4.173286246e-02 -6.185433488e-02 1.474147174e+02
-6.412922898e-02 2.625920139e-02 -9.975960587e-01 -3.391747028e+02 -3.970130521e-02 9.987952205e-01 2.884291561e-02 6.137768951e+00 9.971515674e-01 4.145553954e-02 -6.300944283e-02 1.473613322e+02
-6.523838143e-02 2.725326953e-02 -9.974974751e-01 -3.400003024e+02 -3.899143011e-02 9.987939296e-01 2.983881033e-02 6.142927358e+00 9.971076281e-01 4.084048878e-02 -6.409705540e-02 1.472989539e+02
-6.628463002e-02 2.785178794e-02 -9.974119639e-01 -3.408376147e+02 -3.814976595e-02 9.988087145e-01 3.042609546e-02 6.155136756e+00 9.970711826e-01 4.006781546e-02 -6.514312691e-02 1.472405932e+02
-6.792721699e-02 2.803694532e-02 -9.972962563e-01 -3.416577892e+02 -3.717223568e-02 9.988398863e-01 3.061219332e-02 6.164218558e+00 9.969975517e-01 3.915113258e-02 -6.680621776e-02 1.471796263e+02
-7.081831200e-02 2.697135684e-02 -9.971245221e-01 -3.424786416e+02 -3.720114670e-02 9.988675198e-01 2.966062319e-02 6.179442865e+00 9.967952856e-01 3.919469090e-02 -6.973474626e-02 1.471160510e+02
-7.457311148e-02 2.445335424e-02 -9.969156858e-01 -3.433140284e+02 -3.614849325e-02 9.989759830e-01 2.720793703e-02 6.191182474e+00 9.965601525e-01 3.806598046e-02 -7.361279544e-02 1.470532510e+02
-7.843878705e-02 2.092397130e-02 -9.966993248e-01 -3.441421771e+02 -3.700237499e-02 9.990296965e-01 2.388492649e-02 6.197888468e+00 9.962319915e-01 3.875374683e-02 -7.758844099e-02 1.469847777e+02
-8.153338146e-02 2.003961144e-02 -9.964691273e-01 -3.449846864e+02 -3.827623331e-02 9.989973246e-01 2.322230395e-02 6.202924480e+00 9.959353582e-01 4.003447777e-02 -8.068458910e-02 1.469192643e+02
-8.398401307e-02 2.151676577e-02 -9.962347687e-01 -3.458209216e+02 -4.049064276e-02 9.988674364e-01 2.498704534e-02 6.215386533e+00 9.956441098e-01 4.243669846e-02 -8.301766816e-02 1.468404314e+02
-8.603483182e-02 2.409234810e-02 -9.960007864e-01 -3.466781128e+02 -4.064530027e-02 9.987904122e-01 2.767077922e-02 6.222173122e+00 9.954626900e-01 4.286340187e-02 -8.495152442e-02 1.467637061e+02
-8.762317672e-02 2.465072122e-02 -9.958486435e-01 -3.475296677e+02 -3.908322416e-02 9.988389822e-01 2.816361475e-02 6.229618604e+00 9.953866990e-01 4.138876116e-02 -8.655801499e-02 1.466875502e+02
-8.976917278e-02 2.175153670e-02 -9.957250455e-01 -3.483849545e+02 -3.876282474e-02 9.989276932e-01 2.531614446e-02 6.242283536e+00 9.952079878e-01 4.086972478e-02 -8.882976168e-02 1.466145627e+02
-9.148078037e-02 1.982165711e-02 -9.956095463e-01 -3.492426478e+02 -3.863974261e-02 9.989782673e-01 2.343910680e-02 6.251852707e+00 9.950569014e-01 4.061432439e-02 -9.062140774e-02 1.465316824e+02
-9.275681194e-02 1.953011746e-02 -9.954972367e-01 -3.501022837e+02 -3.822683459e-02 9.990006465e-01 2.316068637e-02 6.266063753e+00 9.949547140e-01 4.020301963e-02 -9.191754052e-02 1.464483748e+02
-9.301388959e-02 2.095077942e-02 -9.954443637e-01 -3.509685033e+02 -3.811425308e-02 9.989708773e-01 2.458638003e-02 6.276109862e+00 9.949350331e-01 4.022749324e-02 -9.211964357e-02 1.463595065e+02
-9.361903493e-02 2.185285386e-02 -9.953682379e-01 -3.518429019e+02 -4.045287662e-02 9.988499998e-01 2.573407646e-02 6.282025793e+00 9.947859273e-01 4.267470793e-02 -9.262736222e-02 1.462730934e+02
-9.439919976e-02 2.202985241e-02 -9.952906494e-01 -3.527136270e+02 -4.197803381e-02 9.987778711e-01 2.608848170e-02 6.291474383e+00 9.946490013e-01 4.424307633e-02 -9.335906188e-02 1.461929034e+02
-9.505173585e-02 2.241891086e-02 -9.952198551e-01 -3.535841444e+02 -4.266767653e-02 9.987358674e-01 2.657323100e-02 6.300866840e+00 9.945575081e-01 4.498955058e-02 -9.397501502e-02 1.460997979e+02
-9.600765316e-02 2.188912361e-02 -9.951398881e-01 -3.544617460e+02 -4.409730868e-02 9.986830652e-01 2.622141519e-02 6.306425346e+00 9.944033175e-01 4.640044736e-02 -9.491596590e-02 1.460193719e+02
-9.626411990e-02 1.976750238e-02 -9.951595174e-01 -3.553612481e+02 -4.561297127e-02 9.986648208e-01 2.424938046e-02 6.319210786e+00 9.943101508e-01 4.772652774e-02 -9.523393554e-02 1.459253885e+02
-9.738562094e-02 1.879292380e-02 -9.950692774e-01 -3.562423425e+02 -4.681810528e-02 9.986283247e-01 2.344214297e-02 6.321930955e+00 9.941449119e-01 4.887018584e-02 -9.637219040e-02 1.458428813e+02
-9.805783768e-02 1.983668342e-02 -9.949829981e-01 -3.571069809e+02 -4.814913020e-02 9.985358804e-01 2.465272250e-02 6.322922481e+00 9.940152523e-01 5.032495858e-02 -9.695915023e-02 1.457615043e+02
-9.879832905e-02 2.168095105e-02 -9.948712613e-01 -3.580116689e+02 -4.986016593e-02 9.983990063e-01 2.670932622e-02 6.335021562e+00 9.938575622e-01 5.224328297e-02 -9.755913773e-02 1.456609254e+02
-9.960034963e-02 2.359739922e-02 -9.947476731e-01 -3.589052492e+02 -4.872134373e-02 9.984039358e-01 2.856241828e-02 6.344515004e+00 9.938339907e-01 5.131027015e-02 -9.829168408e-02 1.455708540e+02
-1.003313782e-01 2.691068629e-02 -9.945900811e-01 -3.597799541e+02 -4.695689594e-02 9.983921873e-01 3.175043632e-02 6.352568842e+00 9.938453926e-01 4.988842798e-02 -9.890642181e-02 1.454755503e+02
-1.004823168e-01 2.877868907e-02 -9.945225443e-01 -3.606761273e+02 -4.506874157e-02 9.984238736e-01 3.344513604e-02 6.363171660e+00 9.939175582e-01 4.818252429e-02 -9.902692469e-02 1.453807454e+02
-1.013501581e-01 2.721537920e-02 -9.944784908e-01 -3.615565705e+02 -4.665199564e-02 9.983960415e-01 3.207702760e-02 6.380630480e+00 9.937563770e-01 4.964541803e-02 -9.991794487e-02 1.452894988e+02
-1.018391158e-01 2.334251481e-02 -9.945269838e-01 -3.624353447e+02 -4.814026881e-02 9.984377831e-01 2.836384695e-02 6.392691462e+00 9.936354004e-01 5.076534544e-02 -1.005563061e-01 1.451887038e+02
-1.015104772e-01 2.148825207e-02 -9.946023718e-01 -3.633242746e+02 -5.003354650e-02 9.983912075e-01 2.667660149e-02 6.400685737e+00 9.935754965e-01 5.247143857e-02 -1.002720345e-01 1.450852526e+02
-9.944578977e-02 2.233936066e-02 -9.947921833e-01 -3.642173114e+02 -5.187572059e-02 9.982719898e-01 2.760333312e-02 6.406075366e+00 9.936898130e-01 5.435059660e-02 -9.811507600e-02 1.450018171e+02
-9.600001673e-02 2.340687664e-02 -9.951060822e-01 -3.650885261e+02 -5.346176138e-02 9.981592080e-01 2.863626295e-02 6.415344093e+00 9.939445844e-01 5.594920564e-02 -9.457192782e-02 1.449106855e+02
-9.230150957e-02 2.248528129e-02 -9.954771938e-01 -3.659392842e+02 -5.531038777e-02 9.980856610e-01 2.767262705e-02 6.407302040e+00 9.941937398e-01 5.761445486e-02 -9.088114356e-02 1.448328185e+02
-8.821077473e-02 1.953796594e-02 -9.959102003e-01 -3.667853876e+02 -5.518010282e-02 9.981765277e-01 2.446989559e-02 6.416028741e+00 9.945722777e-01 5.711293570e-02 -8.697181786e-02 1.447603707e+02
-8.358309403e-02 1.853145129e-02 -9.963284858e-01 -3.676307948e+02 -5.616788742e-02 9.981499562e-01 2.327731610e-02 6.427944425e+00 9.949165969e-01 5.790725632e-02 -8.238758917e-02 1.446710276e+02
-7.890343863e-02 1.802543903e-02 -9.967192839e-01 -3.684628805e+02 -5.540556032e-02 9.982117697e-01 2.243850900e-02 6.437573216e+00 9.953413843e-01 5.699426593e-02 -7.776363156e-02 1.445892075e+02
-7.483852409e-02 1.765419572e-02 -9.970393797e-01 -3.692959520e+02 -5.522117549e-02 9.982356913e-01 2.182032122e-02 6.435170908e+00 9.956655147e-01 5.669068719e-02 -7.373160039e-02 1.445260505e+02
-7.016660913e-02 1.695463347e-02 -9.973911907e-01 -3.701000954e+02 -5.406032129e-02 9.983215610e-01 2.077359995e-02 6.438562559e+00 9.960693393e-01 5.537690129e-02 -6.913226583e-02 1.444633977e+02
-6.594025334e-02 1.767358633e-02 -9.976670423e-01 -3.709030317e+02 -5.479318948e-02 9.982703889e-01 2.130580023e-02 6.442126955e+00 9.963180162e-01 5.607026915e-02 -6.485781017e-02 1.444154634e+02
-6.020666015e-02 2.138239795e-02 -9.979568884e-01 -3.717080142e+02 -5.028929487e-02 9.984359406e-01 2.442661139e-02 6.451451482e+00 9.969183241e-01 5.165719292e-02 -5.903718764e-02 1.443435705e+02
-5.402103543e-02 2.308837592e-02 -9.982728358e-01 -3.724585868e+02 -5.055686068e-02 9.983871875e-01 2.582687993e-02 6.458991894e+00 9.972591095e-01 5.186473547e-02 -5.276663382e-02 1.443001855e+02
-4.476901466e-02 2.086358182e-02 -9.987794783e-01 -3.731910746e+02 -5.361286859e-02 9.982909372e-01 2.325650502e-02 6.459498127e+00 9.975577154e-01 5.458860373e-02 -4.357394513e-02 1.442632832e+02
-3.405694395e-02 1.728119370e-02 -9.992704764e-01 -3.739091548e+02 -5.732446846e-02 9.981706541e-01 1.921589508e-02 6.467681446e+00 9.977745386e-01 5.793708357e-02 -3.300400678e-02 1.442481292e+02
-2.050908622e-02 1.393826804e-02 -9.996925038e-01 -3.746214735e+02 -5.427248947e-02 9.984129808e-01 1.503384976e-02 6.468409986e+00 9.983155184e-01 5.456413140e-02 -1.972007340e-02 1.442476985e+02
-3.396241031e-03 1.363439606e-02 -9.999012795e-01 -3.753035483e+02 -5.452798967e-02 9.984168848e-01 1.379936372e-02 6.455729921e+00 9.985064666e-01 5.456947261e-02 -2.647408183e-03 1.442587128e+02
1.602837356e-02 1.532238675e-02 -9.997541276e-01 -3.759753081e+02 -5.349348476e-02 9.984637147e-01 1.444498526e-02 6.441668992e+00 9.984395517e-01 5.324880257e-02 1.682339727e-02 1.442741792e+02
3.403321197e-02 1.541030168e-02 -9.993018879e-01 -3.766442466e+02 -5.358712579e-02 9.984709350e-01 1.357247142e-02 6.447075355e+00 9.979830462e-01 5.308780117e-02 3.480696675e-02 1.442989604e+02
5.276039465e-02 1.785270679e-02 -9.984476058e-01 -3.772522503e+02 -5.052429679e-02 9.986073747e-01 1.518573707e-02 6.435791418e+00 9.973282490e-01 4.964465769e-02 5.358891465e-02 1.443507388e+02
7.210221025e-02 1.991757180e-02 -9.971983562e-01 -3.778670333e+02 -4.554240184e-02 9.988235233e-01 1.665709867e-02 6.440816874e+00 9.963569445e-01 4.421379462e-02 7.292447774e-02 1.444093117e+02
9.294600370e-02 2.116013729e-02 -9.954462763e-01 -3.784691949e+02 -3.956400077e-02 9.990630296e-01 1.754288054e-02 6.442025369e+00 9.948847824e-01 3.775329660e-02 9.369609573e-02 1.444722755e+02
1.143402830e-01 2.190389513e-02 -9.932001405e-01 -3.790183016e+02 -3.675400290e-02 9.991657284e-01 1.780422447e-02 6.427546299e+00 9.927615237e-01 3.446834078e-02 1.150499480e-01 1.445504947e+02
1.375744858e-01 2.033297436e-02 -9.902827026e-01 -3.795457278e+02 -3.462980962e-02 9.992767761e-01 1.570671766e-02 6.411875733e+00 9.898858708e-01 3.213245785e-02 1.381791157e-01 1.446464678e+02
1.631804047e-01 1.658442074e-02 -9.864568478e-01 -3.800815460e+02 -3.519325649e-02 9.993202172e-01 1.097898719e-02 6.414248883e+00 9.859683515e-01 3.292507328e-02 1.636531373e-01 1.447391606e+02
1.916070256e-01 1.230111457e-02 -9.813946354e-01 -3.805935932e+02 -3.371586281e-02 9.994137811e-01 5.944303161e-03 6.418313852e+00 9.808924448e-01 3.194959664e-02 1.919094446e-01 1.448381261e+02
2.224573147e-01 7.443229326e-03 -9.749140175e-01 -3.810879373e+02 -3.122575662e-02 9.995122291e-01 5.058915552e-04 6.413790361e+00 9.744422483e-01 3.032988856e-02 2.225812270e-01 1.449759169e+02
2.580514000e-01 3.181255783e-03 -9.661259517e-01 -3.815542257e+02 -2.586787440e-02 9.996588248e-01 -3.617614019e-03 6.404626497e+00 9.657848249e-01 2.592515514e-02 2.580456516e-01 1.451349501e+02
2.978331585e-01 6.828120932e-04 -9.546176949e-01 -3.820256242e+02 -2.004234445e-02 9.997837945e-01 -5.537934520e-03 6.401411764e+00 9.544075199e-01 2.078215719e-02 2.977824505e-01 1.452947272e+02
3.375451390e-01 2.969375212e-04 -9.413092961e-01 -3.824760024e+02 -1.724989054e-02 9.998339769e-01 -5.870258054e-03 6.387186300e+00 9.411512739e-01 1.821895939e-02 3.374942209e-01 1.454663323e+02
3.765537333e-01 -7.951251856e-04 -9.263944374e-01 -3.828952410e+02 -1.835584709e-02 9.997969057e-01 -8.319271076e-03 6.372593894e+00 9.262129068e-01 2.013740722e-02 3.764626622e-01 1.456635789e+02
4.166106885e-01 -4.902660073e-03 -9.090717783e-01 -3.833140762e+02 -1.633295907e-02 9.997836857e-01 -1.287696435e-02 6.352979208e+00 9.089382645e-01 2.021251314e-02 4.164404947e-01 1.458826099e+02
4.560780686e-01 -8.066512648e-03 -8.899032120e-01 -3.837320489e+02 -1.382804066e-02 9.997739664e-01 -1.614934661e-02 6.335828527e+00 8.898323329e-01 1.967098061e-02 4.558634355e-01 1.461212226e+02
4.942667928e-01 -1.209292692e-02 -8.692261493e-01 -3.841328786e+02 -7.037782617e-03 9.998148050e-01 -1.791159829e-02 6.318092215e+00 8.692817766e-01 1.497053292e-02 4.940901496e-01 1.463820138e+02
5.305368218e-01 -1.588047832e-02 -8.475131215e-01 -3.845180035e+02 -1.947299430e-03 9.997990234e-01 -1.995296631e-02 6.303305910e+00 8.476596538e-01 1.223614515e-02 5.303992723e-01 1.466516182e+02
5.656843885e-01 -1.363661081e-02 -8.245090754e-01 -3.848911091e+02 -5.660234109e-03 9.997754927e-01 -2.041876296e-02 6.289422012e+00 8.246024099e-01 1.621748983e-02 5.654802018e-01 1.469302624e+02
5.999918557e-01 -9.677699842e-03 -7.999475703e-01 -3.852826909e+02 -1.410924335e-02 9.996432986e-01 -2.267608474e-02 6.280522414e+00 7.998816802e-01 2.489212110e-02 5.996412928e-01 1.472286744e+02
6.318947086e-01 -1.033690117e-02 -7.749853068e-01 -3.856415056e+02 -1.678637647e-02 9.994939827e-01 -2.701843868e-02 6.255429532e+00 7.748724378e-01 3.008200355e-02 6.314014398e-01 1.475385613e+02
6.625793476e-01 -1.898069646e-02 -7.487511878e-01 -3.859996400e+02 -7.189404624e-03 9.994716222e-01 -3.169840514e-02 6.234732289e+00 7.489572221e-01 2.638578385e-02 6.620927955e-01 1.478837288e+02
6.923134365e-01 -2.816384004e-02 -7.210470885e-01 -3.863343390e+02 4.927797915e-03 9.993992700e-01 -3.430475049e-02 6.217879854e+00 7.215800874e-01 2.019646536e-02 6.920363287e-01 1.482564498e+02
7.228039672e-01 -3.118427969e-02 -6.903491622e-01 -3.866861591e+02 9.958740850e-03 9.993476209e-01 -3.471535802e-02 6.201518015e+00 6.909813662e-01 1.821739010e-02 7.226429811e-01 1.486649357e+02
7.542966442e-01 -2.373259373e-02 -6.561046689e-01 -3.870420130e+02 3.821230387e-04 9.993621365e-01 -3.570957892e-02 6.188359849e+00 6.565336446e-01 2.668490283e-02 7.538245747e-01 1.490733581e+02
7.851329972e-01 -1.412667905e-02 -6.191660631e-01 -3.873828422e+02 -9.816887144e-03 9.993303557e-01 -3.524867160e-02 6.166023926e+00 6.192493888e-01 3.375317855e-02 7.844685573e-01 1.495133726e+02
8.146753091e-01 -9.367501615e-03 -5.798416945e-01 -3.877087367e+02 -1.213931559e-02 9.993749744e-01 -3.320086767e-02 6.139567945e+00 5.797902878e-01 3.408680845e-02 8.140524011e-01 1.499969667e+02
8.421846454e-01 -1.081865326e-02 -5.390806803e-01 -3.880050942e+02 -8.816285310e-03 9.993887228e-01 -3.382977882e-02 6.120953975e+00 5.391171452e-01 3.324360936e-02 8.415744567e-01 1.505039649e+02
8.680987439e-01 -1.160674175e-02 -4.962558356e-01 -3.882924434e+02 -7.089022895e-03 9.993347667e-01 -3.577387137e-02 6.096544411e+00 4.963409278e-01 3.457322178e-02 8.674389752e-01 1.510406945e+02
8.921078892e-01 -1.290298296e-02 -4.516381594e-01 -3.885479693e+02 -5.234905533e-03 9.992298767e-01 -3.888764983e-02 6.081159845e+00 4.517921090e-01 3.705626231e-02 8.913533103e-01 1.515932941e+02
9.131427839e-01 -1.296648421e-02 -4.074335854e-01 -3.887767459e+02 -3.399994292e-03 9.992169473e-01 -3.941994868e-02 6.055442725e+00 4.076256815e-01 3.738131354e-02 9.123836590e-01 1.521948218e+02
9.307154756e-01 -1.426179668e-02 -3.654658733e-01 -3.889995167e+02 -1.168112994e-06 9.992393317e-01 -3.899689795e-02 6.023636964e+00 3.657440409e-01 3.629544333e-02 9.300074932e-01 1.528329607e+02
9.455020966e-01 -1.375038885e-02 -3.253255480e-01 -3.892178187e+02 9.643389530e-04 9.992218313e-01 -3.943097707e-02 5.992986446e+00 3.256145811e-01 3.696834739e-02 9.447795964e-01 1.534984451e+02
9.575035749e-01 -1.333088646e-02 -2.881131576e-01 -3.894077017e+02 2.026828921e-03 9.992176121e-01 -3.949753873e-02 5.969884207e+00 2.884142786e-01 3.723507845e-02 9.567814551e-01 1.541755764e+02
9.669722549e-01 -1.317532109e-02 -2.545408989e-01 -3.895796987e+02 3.603603596e-03 9.992699615e-01 -3.803364390e-02 5.935994839e+00 2.548561797e-01 3.586021390e-02 9.663138065e-01 1.548797353e+02
9.743911155e-01 -1.306364380e-02 -2.244800555e-01 -3.897368275e+02 5.083363110e-03 9.993355675e-01 -3.609131343e-02 5.901762179e+00 2.248023877e-01 3.402594152e-02 9.738101056e-01 1.555874500e+02
9.804272202e-01 -1.255275918e-02 -1.964812817e-01 -3.898778817e+02 6.034858855e-03 9.994125327e-01 -3.373677583e-02 5.864979640e+00 1.967893450e-01 3.189071654e-02 9.799270054e-01 1.563089383e+02
9.852249099e-01 -1.210081463e-02 -1.708374878e-01 -3.900082479e+02 6.939790941e-03 9.995022432e-01 -3.077507479e-02 5.826347480e+00 1.711248558e-01 2.913479384e-02 9.848184846e-01 1.570562465e+02
9.887911820e-01 -1.150744087e-02 -1.488609321e-01 -3.901004836e+02 7.219668768e-03 9.995442298e-01 -2.931226642e-02 5.799147184e+00 1.491303949e-01 2.790898394e-02 9.884236005e-01 1.578665545e+02
9.914698322e-01 -1.316068257e-02 -1.296702286e-01 -3.901990798e+02 9.491656680e-03 9.995380351e-01 -2.887256066e-02 5.759259563e+00 1.299903081e-01 2.739548759e-02 9.911367247e-01 1.586620087e+02
9.934139660e-01 -1.239886843e-02 -1.139076830e-01 -3.902772674e+02 9.033397695e-03 9.995086455e-01 -3.001441754e-02 5.730242014e+00 1.142238588e-01 2.878776817e-02 9.930378515e-01 1.594888947e+02
9.947999150e-01 -1.509521546e-02 -1.007236990e-01 -3.903404137e+02 1.198270204e-02 9.994339581e-01 -3.143530263e-02 5.692846293e+00 1.011412079e-01 3.006489431e-02 9.944176981e-01 1.603434079e+02
9.958059835e-01 -1.685711212e-02 -8.992375048e-02 -3.903959276e+02 1.401632053e-02 9.993854261e-01 -3.212962446e-02 5.669775397e+00 9.041009837e-02 3.073447217e-02 9.954302619e-01 1.612186183e+02
9.964614672e-01 -1.879122554e-02 -8.192334369e-02 -3.904537026e+02 1.623730714e-02 9.993645741e-01 -3.173007958e-02 5.635776714e+00 8.246753456e-02 3.028758716e-02 9.961334086e-01 1.620907620e+02
9.968771444e-01 -2.059557947e-02 -7.623503795e-02 -3.905232920e+02 1.823518260e-02 9.993364543e-01 -3.152981458e-02 5.590345107e+00 7.683382732e-02 3.004119169e-02 9.965912351e-01 1.629500653e+02
9.970047544e-01 -2.334256613e-02 -7.373360343e-02 -3.905787169e+02 2.088354249e-02 9.992054270e-01 -3.394690473e-02 5.556641778e+00 7.446742456e-02 3.230540657e-02 9.967000368e-01 1.638616230e+02
9.970169202e-01 -2.640187593e-02 -7.252724836e-02 -3.906465075e+02 2.378944165e-02 9.990449331e-01 -3.665083939e-02 5.514754421e+00 7.342563091e-02 3.481612427e-02 9.966927883e-01 1.647752235e+02
9.970577937e-01 -2.735366904e-02 -7.160679269e-02 -3.907090658e+02 2.456608554e-02 9.989165718e-01 -3.952454998e-02 5.471026575e+00 7.261035333e-02 3.764916201e-02 9.966495258e-01 1.656992390e+02
9.971380134e-01 -2.783688254e-02 -7.029146618e-02 -3.907830033e+02 2.495439234e-02 9.988244075e-01 -4.155816723e-02 5.416656806e+00 7.136568188e-02 3.968514749e-02 9.966604379e-01 1.666505232e+02
9.971378764e-01 -2.887431846e-02 -6.987366594e-02 -3.908417535e+02 2.584291370e-02 9.987013603e-01 -4.390599810e-02 5.375460651e+00 7.105068100e-02 4.197459459e-02 9.965891501e-01 1.676296048e+02
9.971234081e-01 -3.003569387e-02 -6.958998632e-02 -3.909143323e+02 2.705729608e-02 9.986933258e-01 -4.335370475e-02 5.331464698e+00 7.080121348e-02 4.134607697e-02 9.966331773e-01 1.685756391e+02
9.971082663e-01 -3.055291490e-02 -6.958178469e-02 -3.909872972e+02 2.768245266e-02 9.987403195e-01 -4.185040124e-02 5.275895787e+00 7.077278561e-02 3.980318656e-02 9.966980080e-01 1.695415090e+02
9.970225587e-01 -3.325388330e-02 -6.957152212e-02 -3.910593632e+02 3.066279713e-02 9.988077224e-01 -3.798587273e-02 5.228053285e+00 7.075175133e-02 3.573951456e-02 9.968534881e-01 1.705020503e+02
9.968775979e-01 -3.625473276e-02 -7.014733822e-02 -3.911174191e+02 3.380538389e-02 9.987872166e-01 -3.579513910e-02 5.181400328e+00 7.136000790e-02 3.331201458e-02 9.968942065e-01 1.714630545e+02
9.967493117e-01 -3.753061637e-02 -7.128998830e-02 -3.911589275e+02 3.524844325e-02 9.988334069e-01 -3.300564247e-02 5.124381100e+00 7.244554400e-02 3.038549030e-02 9.969094067e-01 1.724326024e+02
9.966383889e-01 -3.945362174e-02 -7.180065059e-02 -3.912236719e+02 3.715416595e-02 9.987617204e-01 -3.308464486e-02 5.077036313e+00 7.301705038e-02 3.030573387e-02 9.968701384e-01 1.734117868e+02
9.964549908e-01 -4.230558255e-02 -7.271649795e-02 -3.912789017e+02 3.978331157e-02 9.985670771e-01 -3.579218779e-02 5.034713485e+00 7.412651017e-02 3.277240106e-02 9.967102037e-01 1.744093046e+02
9.964437992e-01 -4.196001495e-02 -7.306922887e-02 -3.913404861e+02 3.920774987e-02 9.984812768e-01 -3.870261261e-02 4.988820855e+00 7.458221914e-02 3.570009830e-02 9.965756346e-01 1.753592844e+02
9.965344778e-01 -4.088010508e-02 -7.244205616e-02 -3.914158796e+02 3.814567491e-02 9.985210938e-01 -3.873671122e-02 4.934649241e+00 7.391848197e-02 3.583911716e-02 9.966200960e-01 1.763087901e+02
9.966747187e-01 -3.751703808e-02 -7.233240557e-02 -3.914771207e+02 3.486306818e-02 9.986841047e-01 -3.761150878e-02 4.874242268e+00 7.364829610e-02 3.496471034e-02 9.966711582e-01 1.772554121e+02
9.967839957e-01 -3.688027793e-02 -7.114429671e-02 -3.915673562e+02 3.423657476e-02 9.986899956e-01 -3.802827412e-02 4.816275542e+00 7.245359068e-02 3.547023799e-02 9.967408587e-01 1.782393081e+02
9.968156737e-01 -3.715028697e-02 -7.055755718e-02 -3.916431873e+02 3.450301276e-02 9.986675650e-01 -3.837494977e-02 4.762913142e+00 7.188918422e-02 3.581830311e-02 9.967692784e-01 1.791937460e+02
9.967975497e-01 -3.805634124e-02 -7.033036150e-02 -3.917108277e+02 3.547202921e-02 9.986617239e-01 -3.763637047e-02 4.714570468e+00 7.166854261e-02 3.502108123e-02 9.968134950e-01 1.801713589e+02
9.968320365e-01 -3.718456978e-02 -7.030788624e-02 -3.917769755e+02 3.475885757e-02 9.987680096e-01 -3.541588436e-02 4.661364378e+00 7.153819202e-02 3.285986632e-02 9.968964421e-01 1.811612759e+02
9.969144538e-01 -3.719368507e-02 -6.912453682e-02 -3.918662887e+02 3.501321953e-02 9.988584975e-01 -3.249271329e-02 4.613344840e+00 7.025415473e-02 2.997218294e-02 9.970787441e-01 1.821299339e+02
9.968789838e-01 -3.817713676e-02 -6.909991173e-02 -3.919344589e+02 3.614899970e-02 9.988849123e-01 -3.036744564e-02 4.563180496e+00 7.018220139e-02 2.777477567e-02 9.971474417e-01 1.830967804e+02
9.969327577e-01 -3.736960034e-02 -6.876474086e-02 -3.920088051e+02 3.542426128e-02 9.989428921e-01 -2.929539355e-02 4.517525199e+00 6.978680626e-02 2.676959733e-02 9.972026827e-01 1.840595031e+02
9.969262010e-01 -3.557832961e-02 -6.980209314e-02 -3.920668485e+02 3.358837712e-02 9.990009246e-01 -2.947835636e-02 4.463336842e+00 7.078114626e-02 2.704320679e-02 9.971252150e-01 1.849988533e+02
9.969049032e-01 -3.511226130e-02 -7.034019485e-02 -3.921297923e+02 3.316017636e-02 9.990370179e-01 -2.873046381e-02 4.422496242e+00 7.128125005e-02 2.630904698e-02 9.971092304e-01 1.859311168e+02
9.968887329e-01 -3.456796399e-02 -7.083720778e-02 -3.921952795e+02 3.269839731e-02 9.990900368e-01 -2.738454288e-02 4.392071807e+00 7.171937642e-02 2.498307909e-02 9.971119179e-01 1.868544559e+02
9.969934913e-01 -3.223734392e-02 -7.046085438e-02 -3.922587967e+02 3.065456795e-02 9.992553768e-01 -2.343052092e-02 4.342559340e+00 7.116372536e-02 2.120012981e-02 9.972393287e-01 1.877584975e+02
9.970959913e-01 -3.002307010e-02 -6.998713762e-02 -3.923451314e+02 2.863112858e-02 9.993734515e-01 -2.080776142e-02 4.305393410e+00 7.056800017e-02 1.874352476e-02 9.973308567e-01 1.886718726e+02
9.971936749e-01 -2.828418080e-02 -6.931651969e-02 -3.924072207e+02 2.685683012e-02 9.994093848e-01 -2.143810182e-02 4.266064511e+00 6.988193945e-02 1.951631755e-02 9.973643406e-01 1.895409578e+02
9.974139057e-01 -2.746853494e-02 -6.641521137e-02 -3.924892434e+02 2.577711329e-02 9.993245385e-01 -2.619173715e-02 4.220917109e+00 6.708979910e-02 2.441201042e-02 9.974482506e-01 1.903952148e+02
9.976539493e-01 -2.680145923e-02 -6.299428011e-02 -3.925529334e+02 2.461581982e-02 9.990763929e-01 -3.521963194e-02 4.185246874e+00 6.388003567e-02 3.358634905e-02 9.973922489e-01 1.912536168e+02
9.978133011e-01 -2.733045546e-02 -6.018024803e-02 -3.926001638e+02 2.491133568e-02 9.988653843e-01 -4.058779882e-02 4.148156953e+00 6.122124960e-02 3.899987517e-02 9.973620047e-01 1.920713418e+02
9.979988965e-01 -2.713534620e-02 -5.711283196e-02 -3.926456022e+02 2.489649995e-02 9.989072440e-01 -3.955353518e-02 4.108837841e+00 5.812372044e-02 3.805247485e-02 9.975839024e-01 1.928731022e+02
9.983284793e-01 -2.474722065e-02 -5.222856074e-02 -3.927029151e+02 2.301770197e-02 9.991749613e-01 -3.346015696e-02 4.057939387e+00 5.301351604e-02 3.220204617e-02 9.980744438e-01 1.936624285e+02
9.987314166e-01 -2.297778695e-02 -4.480601247e-02 -3.927592213e+02 2.168696870e-02 9.993416397e-01 -2.908543381e-02 4.009972554e+00 4.544483287e-02 2.807682992e-02 9.985722101e-01 1.944346034e+02
9.991217953e-01 -2.314431988e-02 -3.492819208e-02 -3.927836777e+02 2.216814692e-02 9.993598058e-01 -2.808116355e-02 3.976443504e+00 3.555575069e-02 2.728220924e-02 9.989952300e-01 1.951804978e+02
9.995615096e-01 -2.196665443e-02 -1.985584598e-02 -3.928098979e+02 2.142792817e-02 9.994071173e-01 -2.694916917e-02 3.946998774e+00 2.043605688e-02 2.651188258e-02 9.994395868e-01 1.959065446e+02
9.997561840e-01 -2.205356872e-02 -1.101226777e-03 -3.928204700e+02 2.202108997e-02 9.994735567e-01 -2.382606022e-02 3.919907588e+00 1.626096700e-03 2.379600083e-02 9.997155126e-01 1.966232239e+02
9.995313425e-01 -2.257532460e-02 2.067486462e-02 -3.928172527e+02 2.298555339e-02 9.995392306e-01 -1.982399742e-02 3.882226981e+00 -2.021780510e-02 2.028992996e-02 9.995896954e-01 1.973534509e+02
9.986190013e-01 -2.413902627e-02 4.666259268e-02 -3.927837100e+02 2.500567975e-02 9.995238186e-01 -1.807904733e-02 3.856976763e+00 -4.620396222e-02 1.922091004e-02 9.987470904e-01 1.980565617e+02
9.966063352e-01 -2.422207420e-02 7.867085770e-02 -3.927288971e+02 2.570622937e-02 9.995091332e-01 -1.790760512e-02 3.821123883e+00 -7.819848145e-02 1.986916383e-02 9.967397924e-01 1.987468335e+02
9.930611178e-01 -2.407064584e-02 1.151096015e-01 -3.926369778e+02 2.654214711e-02 9.994478781e-01 -1.998632906e-02 3.791398908e+00 -1.145649631e-01 2.290290225e-02 9.931517136e-01 1.994216701e+02
9.874251953e-01 -2.354772166e-02 1.563233458e-01 -3.925177322e+02 2.747169181e-02 9.993582127e-01 -2.298845127e-02 3.767344421e+00 -1.556816938e-01 2.699384277e-02 9.874383741e-01 2.000723490e+02
9.794718704e-01 -2.200148681e-02 2.003766195e-01 -3.923576694e+02 2.756284335e-02 9.993072340e-01 -2.500683372e-02 3.743491137e+00 -1.996876179e-01 3.001643957e-02 9.793997491e-01 2.007115042e+02
9.684497659e-01 -2.293102428e-02 2.481516048e-01 -3.921691062e+02 3.016008563e-02 9.992230938e-01 -2.536884195e-02 3.718477009e+00 -2.473770808e-01 3.205272270e-02 9.683889729e-01 2.013481191e+02
9.544682607e-01 -2.384638460e-02 2.973578471e-01 -3.919539156e+02 3.307064990e-02 9.991140454e-01 -2.602799280e-02 3.698150892e+00 -2.964737280e-01 3.467671027e-02 9.544112606e-01 2.019714195e+02
9.383362446e-01 -2.712207819e-02 3.446585048e-01 -3.916916382e+02 3.836331984e-02 9.989298024e-01 -2.583612805e-02 3.668841077e+00 -3.435889226e-01 3.746521982e-02 9.383725324e-01 2.025579225e+02
9.195434920e-01 -2.815561597e-02 3.919783510e-01 -3.914185526e+02 4.038248118e-02 9.989199703e-01 -2.298147505e-02 3.641966158e+00 -3.909079452e-01 3.696152420e-02 9.196873513e-01 2.031519479e+02
8.984031021e-01 -2.962184325e-02 4.381716701e-01 -3.911158447e+02 4.255922668e-02 9.988990694e-01 -1.973224244e-02 3.618680854e+00 -4.371047681e-01 3.637575526e-02 8.986747054e-01 2.037434120e+02
8.751999903e-01 -3.149507038e-02 4.827349557e-01 -3.907827538e+02 4.468036694e-02 9.988758110e-01 -1.583600412e-02 3.600776529e+00 -4.816935143e-01 3.542844561e-02 8.756233114e-01 2.043063012e+02
8.499981427e-01 -3.161459164e-02 5.258361674e-01 -3.904304880e+02 4.599895431e-02 9.988390836e-01 -1.430319262e-02 3.578418404e+00 -5.247735260e-01 3.634560100e-02 8.504656041e-01 2.048066623e+02
8.219314619e-01 -2.632082172e-02 5.689779313e-01 -3.900411252e+02 4.521097978e-02 9.987947264e-01 -1.910659128e-02 3.569018899e+00 -5.677892560e-01 4.142835826e-02 8.221307997e-01 2.053559548e+02
7.909941779e-01 -2.297011060e-02 6.113923327e-01 -3.896227046e+02 4.703792764e-02 9.986204481e-01 -2.333739566e-02 3.554358796e+00 -6.100128227e-01 4.721837240e-02 7.909834268e-01 2.058503967e+02
7.580533433e-01 -1.778729899e-02 6.519499526e-01 -3.891739432e+02 4.632882033e-02 9.985713682e-01 -2.662448181e-02 3.543119515e+00 -6.505449785e-01 5.038684967e-02 7.577944288e-01 2.063278131e+02
7.224262803e-01 -1.779464643e-02 6.912189379e-01 -3.887009144e+02 4.973604072e-02 9.984166315e-01 -2.627843502e-02 3.527673145e+00 -6.896568682e-01 5.336272531e-02 7.221674485e-01 2.067909308e+02
6.838769566e-01 -2.001000709e-02 7.293229106e-01 -3.881961305e+02 5.146109771e-02 9.984571105e-01 -2.086034155e-02 3.509267690e+00 -7.277802304e-01 5.179766445e-02 6.838515469e-01 2.072626085e+02
6.454218730e-01 -2.222237576e-02 7.635029613e-01 -3.876601655e+02 5.240688618e-02 9.985095293e-01 -1.523936024e-02 3.500856374e+00 -7.620263277e-01 4.984862922e-02 6.456244962e-01 2.076971574e+02
6.059870850e-01 -2.193763024e-02 7.951719268e-01 -3.871053543e+02 5.114187258e-02 9.986260598e-01 -1.142372452e-02 3.471131116e+00 -7.938287987e-01 4.758921088e-02 6.062764265e-01 2.081067663e+02
5.664518361e-01 -2.255471568e-02 8.237861386e-01 -3.865275457e+02 5.235425617e-02 9.985910335e-01 -8.659077099e-03 3.456520951e+00 -8.224301486e-01 4.803366065e-02 5.668345598e-01 2.084853912e+02
5.288527719e-01 -2.022155012e-02 8.484726481e-01 -3.859201888e+02 5.131437100e-02 9.986490199e-01 -8.183547399e-03 3.445315327e+00 -8.471608944e-01 4.786673197e-02 5.291759584e-01 2.088437381e+02
4.918896615e-01 -2.086781017e-02 8.704074307e-01 -3.852919639e+02 5.547577548e-02 9.984325099e-01 -7.413608976e-03 3.430646025e+00 -8.688883698e-01 5.193320481e-02 4.922762873e-01 2.091661966e+02
4.561911658e-01 -2.109761273e-02 8.896316715e-01 -3.846522616e+02 5.576270114e-02 9.984319449e-01 -4.916552853e-03 3.422474127e+00 -8.881329525e-01 5.185115301e-02 4.566522928e-01 2.094715521e+02
4.216845109e-01 -1.999679590e-02 9.065220910e-01 -3.840113033e+02 5.460583068e-02 9.985022845e-01 -3.375082243e-03 3.410506512e+00 -9.050968879e-01 5.092461171e-02 4.221448891e-01 2.097611339e+02
3.874711774e-01 -1.851503584e-02 9.216958718e-01 -3.833305674e+02 5.349271708e-02 9.985652864e-01 -2.428582004e-03 3.407538633e+00 -9.203285369e-01 5.024502203e-02 3.879056868e-01 2.100320767e+02
3.551392404e-01 -1.777158979e-02 9.346444728e-01 -3.826204715e+02 5.622174591e-02 9.984154735e-01 -2.378570641e-03 3.399441815e+00 -9.331212329e-01 5.339206783e-02 3.555756627e-01 2.102851489e+02
3.251366783e-01 -1.598985443e-02 9.455318424e-01 -3.818835837e+02 5.986567400e-02 9.981995652e-01 -3.705280445e-03 3.397782904e+00 -9.437702271e-01 5.780962361e-02 3.255085343e-01 2.105099638e+02
2.974645625e-01 -1.827196111e-02 9.545579969e-01 -3.811434157e+02 6.293611204e-02 9.980174282e-01 -5.086410729e-04 3.390666410e+00 -9.526562233e-01 6.022747174e-02 2.980247839e-01 2.107196953e+02
2.733262707e-01 -2.108090447e-02 9.616903583e-01 -3.803950772e+02 6.302264076e-02 9.980042213e-01 3.964985455e-03 3.387436096e+00 -9.598546226e-01 5.952453128e-02 2.741093462e-01 2.109293911e+02
2.516808950e-01 -2.417364812e-02 9.675083265e-01 -3.796222911e+02 6.655274861e-02 9.977538356e-01 7.616776609e-03 3.382072423e+00 -9.655192690e-01 6.247334127e-02 2.527244011e-01 2.111160012e+02
2.326211234e-01 -2.350934056e-02 9.722832529e-01 -3.788190323e+02 6.784884143e-02 9.976644135e-01 7.890045131e-03 3.382073795e+00 -9.701978910e-01 6.413290109e-02 2.336728981e-01 2.112998203e+02
2.154919160e-01 -2.035696829e-02 9.762934129e-01 -3.780051279e+02 6.949148905e-02 9.975675910e-01 5.462085092e-03 3.383982750e+00 -9.740298594e-01 6.666704782e-02 2.163823875e-01 2.114734148e+02
1.999123546e-01 -1.837634453e-02 9.796414448e-01 -3.771781284e+02 7.102712426e-02 9.974654728e-01 4.216409538e-03 3.386657102e+00 -9.772359992e-01 6.873820227e-02 2.007108902e-01 2.116434612e+02
1.869079787e-01 -1.862830170e-02 9.822007910e-01 -3.763501450e+02 7.149661112e-02 9.974266997e-01 5.311621067e-03 3.389128460e+00 -9.797722399e-01 6.923124364e-02 1.877588688e-01 2.117954979e+02
1.753648673e-01 -1.987553609e-02 9.843028631e-01 -3.754793059e+02 7.207984562e-02 9.973721678e-01 7.297585145e-03 3.388184655e+00 -9.818613238e-01 6.966865837e-02 1.763366634e-01 2.119562247e+02
1.663376207e-01 -2.107319685e-02 9.858436571e-01 -3.745938693e+02 7.183750241e-02 9.973739295e-01 9.198799278e-03 3.391540415e+00 -9.834486103e-01 6.929043971e-02 1.674146522e-01 2.121017842e+02
1.592262576e-01 -2.334067732e-02 9.869661654e-01 -3.736984820e+02 7.157050366e-02 9.973628717e-01 1.204015084e-02 3.392158266e+00 -9.846444343e-01 6.872055739e-02 1.604768615e-01 2.122391325e+02
1.532614034e-01 -2.472063190e-02 9.878764258e-01 -3.727976800e+02 7.270634015e-02 9.972596281e-01 1.367560972e-02 3.396074810e+00 -9.855073467e-01 6.972893630e-02 1.546387568e-01 2.123826028e+02
1.489650979e-01 -2.562225151e-02 9.885104450e-01 -3.718641722e+02 7.558611913e-02 9.970345330e-01 1.445263023e-02 3.397836963e+00 -9.859493588e-01 7.256473078e-02 1.504600334e-01 2.125243445e+02
1.459687582e-01 -2.459133414e-02 9.889835125e-01 -3.709351504e+02 7.728317705e-02 9.969193702e-01 1.338207139e-02 3.400328701e+00 -9.862659034e-01 7.447842355e-02 1.474195789e-01 2.126584552e+02
1.425005471e-01 -2.408197344e-02 9.895017194e-01 -3.700124295e+02 7.851981771e-02 9.968284065e-01 1.295245676e-02 3.408906122e+00 -9.866753429e-01 7.584976246e-02 1.439395054e-01 2.127903303e+02
1.389626481e-01 -2.530979904e-02 9.899741393e-01 -3.690395976e+02 7.793867414e-02 9.968520425e-01 1.454539037e-02 3.411002816e+00 -9.872258837e-01 7.513600589e-02 1.404978118e-01 2.129267246e+02
1.354549221e-01 -2.607459908e-02 9.904403462e-01 -3.680638807e+02 7.731524252e-02 9.968835396e-01 1.567041219e-02 3.420572772e+00 -9.877622778e-01 7.445350111e-02 1.370487461e-01 2.130543909e+02
1.310788001e-01 -2.596903833e-02 9.910317640e-01 -3.671030781e+02 7.630618726e-02 9.969555420e-01 1.603162865e-02 3.419511973e+00 -9.884309353e-01 7.352044872e-02 1.326613345e-01 2.131907730e+02
1.270323782e-01 -2.431598470e-02 9.916004779e-01 -3.661321251e+02 7.378806620e-02 9.971611390e-01 1.499946984e-02 3.419135143e+00 -9.891501889e-01 7.126286338e-02 1.284659804e-01 2.133131928e+02
1.231476619e-01 -2.175578829e-02 9.921498572e-01 -3.651630375e+02 7.164421808e-02 9.973458281e-01 1.297709882e-02 3.424345630e+00 -9.897988479e-01 6.948370135e-02 1.243794833e-01 2.134305398e+02
1.191463550e-01 -1.983899244e-02 9.926784779e-01 -3.641749988e+02 6.970397802e-02 9.975006318e-01 1.156913627e-02 3.423548984e+00 -9.904269289e-01 6.781521839e-02 1.202314211e-01 2.135505767e+02
1.142817540e-01 -1.857486985e-02 9.932747127e-01 -3.631820153e+02 6.834740037e-02 9.976032098e-01 1.079206875e-02 3.422606611e+00 -9.910945028e-01 6.665440792e-02 1.152773887e-01 2.136808070e+02
1.100043616e-01 -1.904605616e-02 9.937486041e-01 -3.621801447e+02 6.631707023e-02 9.977290451e-01 1.178128594e-02 3.419014566e+00 -9.917162329e-01 6.460650314e-02 1.110176253e-01 2.137955575e+02
1.050416278e-01 -1.960321303e-02 9.942745951e-01 -3.611680656e+02 6.420796622e-02 9.978532828e-01 1.289042408e-02 3.416918454e+00 -9.923928625e-01 6.248631849e-02 1.060748156e-01 2.139142164e+02
1.005595073e-01 -2.022455556e-02 9.947254661e-01 -3.601379436e+02 6.269232021e-02 9.979353749e-01 1.395208133e-02 3.420654887e+00 -9.929539055e-01 6.095863302e-02 1.016198139e-01 2.140148928e+02
9.613777795e-02 -2.034494373e-02 9.951600931e-01 -3.591036269e+02 6.055345543e-02 9.980588399e-01 1.455441831e-02 3.428503657e+00 -9.935244369e-01 5.886115291e-02 9.718311578e-02 2.141132250e+02
9.203308477e-02 -2.200700989e-02 9.955127336e-01 -3.580776096e+02 6.035526864e-02 9.980408541e-01 1.648317780e-02 3.429364730e+00 -9.939251244e-01 5.856744077e-02 9.318101752e-02 2.142033736e+02
8.811041360e-02 -2.444069885e-02 9.958108291e-01 -3.570373605e+02 6.081621464e-02 9.979659814e-01 1.911250976e-02 3.426836450e+00 -9.942524544e-01 5.887743398e-02 8.941758616e-02 2.142936424e+02
8.435576612e-02 -2.702286278e-02 9.960692092e-01 -3.559867753e+02 6.188700106e-02 9.978444041e-01 2.182989578e-02 3.435269137e+00 -9.945119928e-01 5.980225862e-02 8.584629311e-02 2.143778873e+02
8.055962352e-02 -2.750629399e-02 9.963701877e-01 -3.549730538e+02 6.150884489e-02 9.978512297e-01 2.257399927e-02 3.439059888e+00 -9.948501440e-01 5.946702645e-02 8.207839976e-02 2.144753878e+02
7.760241199e-02 -2.386144371e-02 9.966987996e-01 -3.539311234e+02 6.036755397e-02 9.979916921e-01 1.919221212e-02 3.443176953e+00 -9.951550754e-01 5.867890663e-02 7.888701944e-02 2.145606498e+02
7.494001976e-02 -1.895083670e-02 9.970079534e-01 -3.529124314e+02 5.848301921e-02 9.981819671e-01 1.457728074e-02 3.445997193e+00 -9.954716118e-01 5.721561359e-02 7.591207848e-02 2.146441948e+02
7.209419673e-02 -1.542667003e-02 9.972785191e-01 -3.518616385e+02 5.654085010e-02 9.983357060e-01 1.135563248e-02 3.447935041e+00 -9.957939340e-01 5.556830006e-02 7.284644783e-02 2.147310777e+02
6.882839922e-02 -1.513455711e-02 9.975137075e-01 -3.508482442e+02 5.366703726e-02 9.984932795e-01 1.144639639e-02 3.440436036e+00 -9.961839692e-01 5.274576817e-02 6.953692090e-02 2.148229491e+02
6.590516404e-02 -1.714078033e-02 9.976786572e-01 -3.498285991e+02 5.057437587e-02 9.986247273e-01 1.381616660e-02 3.427630746e+00 -9.965433969e-01 4.954641868e-02 6.668141073e-02 2.149051166e+02
6.169267505e-02 -2.056023388e-02 9.978834053e-01 -3.487954606e+02 4.767941091e-02 9.987071015e-01 1.762949568e-02 3.440327954e+00 -9.969557100e-01 4.649088217e-02 6.259321252e-02 2.149999735e+02
5.785700469e-02 -2.119689510e-02 9.980998240e-01 -3.477596248e+02 4.501288533e-02 9.988131842e-01 1.860277613e-02 3.442504474e+00 -9.973095844e-01 4.385105202e-02 5.874247249e-02 2.150626812e+02
5.314886027e-02 -1.769437184e-02 9.984298212e-01 -3.467558285e+02 4.038073560e-02 9.990632643e-01 1.555603257e-02 3.438401535e+00 -9.977698105e-01 3.949054522e-02 5.381358559e-02 2.151349581e+02
4.815039727e-02 -1.510263579e-02 9.987259132e-01 -3.457573149e+02 3.812326258e-02 9.991849088e-01 1.327158468e-02 3.438247973e+00 -9.981122963e-01 3.743565816e-02 4.868691206e-02 2.151967426e+02
4.241245992e-02 -1.681440923e-02 9.989586873e-01 -3.447370398e+02 3.584229089e-02 9.992403713e-01 1.529740618e-02 3.440763837e+00 -9.984570664e-01 3.515616723e-02 4.298290914e-02 2.152481093e+02
3.616547753e-02 -1.767577090e-02 9.991894842e-01 -3.437252237e+02 3.528120525e-02 9.992428563e-01 1.639971839e-02 3.444727604e+00 -9.987228318e-01 3.465950563e-02 3.676171757e-02 2.152932326e+02
3.045321896e-02 -1.772961773e-02 9.993789382e-01 -3.427275904e+02 3.617192060e-02 9.992072976e-01 1.662433674e-02 3.443429842e+00 -9.988814713e-01 3.564319104e-02 3.107039294e-02 2.153169306e+02
2.364898086e-02 -1.883223500e-02 9.995429319e-01 -3.417028455e+02 3.668224872e-02 9.991656271e-01 1.795723178e-02 3.448848994e+00 -9.990471152e-01 3.624081220e-02 2.432005752e-02 2.153569608e+02
1.795380130e-02 -2.159645020e-02 9.996055494e-01 -3.406767870e+02 3.753929806e-02 9.990763437e-01 2.091077767e-02 3.459046573e+00 -9.991338560e-01 3.714906271e-02 1.874793374e-02 2.153661397e+02
1.231384500e-02 -2.392657315e-02 9.996378786e-01 -3.396532480e+02 4.023212717e-02 9.989159997e-01 2.341370316e-02 3.460505404e+00 -9.991144805e-01 3.992924555e-02 1.326311372e-02 2.153772825e+02
7.391758531e-03 -2.231088047e-02 9.997237551e-01 -3.386186952e+02 4.401727909e-02 9.987892855e-01 2.196457086e-02 3.456863949e+00 -9.990034239e-01 4.384276274e-02 8.364873473e-03 2.153730312e+02
3.487754471e-03 -1.737414579e-02 9.998429750e-01 -3.376189007e+02 4.948174784e-02 9.986272528e-01 1.718041304e-02 3.453946424e+00 -9.987689383e-01 4.941405691e-02 4.342669766e-03 2.153715057e+02
7.407729270e-04 -1.528733382e-02 9.998828675e-01 -3.366032551e+02 5.237904146e-02 9.985111705e-01 1.522755625e-02 3.451129226e+00 -9.986270011e-01 5.236162601e-02 1.540405934e-03 2.153652210e+02
-1.151229098e-03 -2.082585804e-02 9.997824555e-01 -3.356294660e+02 5.177933695e-02 9.984407161e-01 2.085753194e-02 3.443963507e+00 -9.986578868e-01 5.179208443e-02 -7.108488465e-05 2.153818025e+02
-2.400492554e-03 -2.729343361e-02 9.996245826e-01 -3.346575900e+02 5.488758067e-02 9.981169600e-01 2.738407667e-02 3.432914792e+00 -9.984896550e-01 5.493271019e-02 -8.979017911e-04 2.154139744e+02
-1.563475814e-03 -3.089038563e-02 9.995215554e-01 -3.336671131e+02 5.690160581e-02 9.979005892e-01 3.092929626e-02 3.441718937e+00 -9.983785669e-01 5.692273875e-02 1.975191101e-04 2.154173769e+02
6.772764284e-04 -2.533191703e-02 9.996788661e-01 -3.326742696e+02 6.110661629e-02 9.978119872e-01 2.524321085e-02 3.447105523e+00 -9.981310148e-01 6.106989625e-02 2.223742272e-03 2.154029214e+02
4.071710169e-03 -2.057362325e-02 9.997800494e-01 -3.316723991e+02 6.411043431e-02 9.977369191e-01 2.027048287e-02 3.454087103e+00 -9.979345036e-01 6.401379765e-02 5.381479482e-03 2.154045402e+02
9.400004457e-03 -1.570605195e-02 9.998324659e-01 -3.306528900e+02 7.336358540e-02 9.971928290e-01 1.497485314e-02 3.466862592e+00 -9.972609610e-01 7.321053081e-02 1.052586932e-02 2.154014244e+02
1.570384345e-02 -1.541762192e-02 9.997578138e-01 -3.296505839e+02 7.725985660e-02 9.969104298e-01 1.416014080e-02 3.464192847e+00 -9.968873075e-01 7.701877669e-02 1.684648858e-02 2.154270475e+02
2.068900123e-02 -1.615920142e-02 9.996553633e-01 -3.286323108e+02 7.749021069e-02 9.968875094e-01 1.451071192e-02 3.470554773e+00 -9.967784270e-01 7.716329259e-02 2.187678683e-02 2.154573682e+02
2.555109930e-02 -1.934097714e-02 9.994864021e-01 -3.276230003e+02 7.693850319e-02 9.968853263e-01 1.732377042e-02 3.471108601e+00 -9.967083867e-01 7.645634636e-02 2.695958179e-02 2.154944376e+02
3.240621170e-02 -1.972216031e-02 9.992801778e-01 -3.266038802e+02 7.794111286e-02 9.968105154e-01 1.714582253e-02 3.469437636e+00 -9.964311418e-01 7.732937796e-02 3.384001971e-02 2.155271846e+02
3.936010781e-02 -1.664357760e-02 9.990864694e-01 -3.256324574e+02 8.059026678e-02 9.966568584e-01 1.342816121e-02 3.467830235e+00 -9.959698745e-01 7.998811123e-02 4.056983175e-02 2.155838133e+02
4.738673841e-02 -1.470479139e-02 9.987683746e-01 -3.246501412e+02 8.249636793e-02 9.965333002e-01 1.075783010e-02 3.463471466e+00 -9.954641361e-01 8.188498483e-02 4.843555469e-02 2.156353783e+02
5.500455473e-02 -1.753618181e-02 9.983320997e-01 -3.236239955e+02 8.337632918e-02 9.964345150e-01 1.290911007e-02 3.469674152e+00 -9.949989380e-01 8.252720592e-02 5.627053928e-02 2.156895707e+02
6.242996585e-02 -2.065425105e-02 9.978356083e-01 -3.226271087e+02 8.478317516e-02 9.962816793e-01 1.531759447e-02 3.461080742e+00 -9.944417090e-01 8.364339427e-02 6.394896420e-02 2.157533348e+02
6.888101628e-02 -1.879727298e-02 9.974477771e-01 -3.216712962e+02 8.405259297e-02 9.963768725e-01 1.297264913e-02 3.452791829e+00 -9.940777471e-01 8.294450276e-02 7.021141111e-02 2.158532581e+02
7.668149749e-02 -1.584322104e-02 9.969297569e-01 -3.206459037e+02 8.408677025e-02 9.964144064e-01 9.367274034e-03 3.455197699e+00 -9.935035798e-01 8.311030683e-02 7.773875409e-02 2.159286307e+02
8.464251396e-02 -1.635682254e-02 9.962771197e-01 -3.196173706e+02 8.510987183e-02 9.963297698e-01 9.126853911e-03 3.449991910e+00 -9.927698397e-01 8.402049811e-02 8.572398352e-02 2.160153135e+02
9.199128256e-02 -1.918635334e-02 9.955749534e-01 -3.185911381e+02 8.642475814e-02 9.961952809e-01 1.121264679e-02 3.444263094e+00 -9.920022002e-01 8.501085880e-02 9.329945752e-02 2.160950154e+02
9.730933674e-02 -2.127916167e-02 9.950266782e-01 -3.175991867e+02 8.557420838e-02 9.962478116e-01 1.293648610e-02 3.424370776e+00 -9.915684282e-01 8.388977942e-02 9.876516120e-02 2.162131289e+02
1.021757459e-01 -2.219636631e-02 9.945186968e-01 -3.165910929e+02 8.452038658e-02 9.963295708e-01 1.355325207e-02 3.412676548e+00 -9.911692193e-01 8.267229107e-02 1.036767625e-01 2.163233138e+02
1.051277143e-01 -2.137932495e-02 9.942288912e-01 -3.155622478e+02 8.277378090e-02 9.964877476e-01 1.267556906e-02 3.406129126e+00 -9.910079035e-01 8.096353080e-02 1.065281268e-01 2.164481458e+02
1.078550330e-01 -1.933778922e-02 9.939785419e-01 -3.145636743e+02 8.082352553e-02 9.966718467e-01 1.062015489e-02 3.401271238e+00 -9.908757993e-01 7.919141290e-02 1.090590233e-01 2.165637429e+02
1.107007157e-01 -1.722609807e-02 9.937044898e-01 -3.135520665e+02 8.087066728e-02 9.966903048e-01 8.268699868e-03 3.417874047e+00 -9.905580683e-01 7.944619418e-02 1.117274161e-01 2.166685779e+02
1.133335524e-01 -1.922983017e-02 9.933708872e-01 -3.125337237e+02 8.035729357e-02 9.967146819e-01 1.012660694e-02 3.423918651e+00 -9.903020808e-01 7.867691166e-02 1.145064727e-01 2.167699777e+02
1.154294515e-01 -2.421719599e-02 9.930204274e-01 -3.115555910e+02 7.888252425e-02 9.967689554e-01 1.513924813e-02 3.420591999e+00 -9.901785643e-01 7.658444283e-02 1.169668073e-01 2.168906793e+02
1.166930543e-01 -2.696661864e-02 9.928018597e-01 -3.105251441e+02 7.726897365e-02 9.968478859e-01 1.799439039e-02 3.428384528e+00 -9.901576828e-01 7.461296036e-02 1.184089074e-01 2.170292657e+02
1.168730276e-01 -2.856425134e-02 9.927360067e-01 -3.095056386e+02 7.591483133e-02 9.969187445e-01 1.974728556e-02 3.424178758e+00 -9.902411998e-01 7.305546145e-02 1.186813622e-01 2.171751767e+02
1.171146698e-01 -2.829885350e-02 9.927151298e-01 -3.084818179e+02 7.408544661e-02 9.970576446e-01 1.968247990e-02 3.429503322e+00 -9.903512007e-01 7.124063662e-02 1.188666100e-01 2.173100346e+02
1.181014373e-01 -2.681384394e-02 9.926394453e-01 -3.074349937e+02 7.165778554e-02 9.972593059e-01 1.841299781e-02 3.426075035e+00 -9.904126475e-01 6.895574298e-02 1.196991780e-01 2.174427420e+02
1.187456337e-01 -2.521184602e-02 9.926045725e-01 -3.064325821e+02 7.009322704e-02 9.973964584e-01 1.694828105e-02 3.432395545e+00 -9.904475827e-01 6.756232329e-02 1.202036542e-01 2.175733122e+02
1.188129669e-01 -2.544711798e-02 9.925905113e-01 -3.054312509e+02 6.846558018e-02 9.975021200e-01 1.737771541e-02 3.431190502e+00 -9.905533520e-01 6.589358731e-02 1.202584381e-01 2.177046837e+02
1.177453409e-01 -2.461275772e-02 9.927387606e-01 -3.044362735e+02 6.497368760e-02 9.977416411e-01 1.703048672e-02 3.435046768e+00 -9.909159675e-01 6.249663763e-02 1.190786113e-01 2.178439279e+02
1.163006841e-01 -2.463339455e-02 9.929085289e-01 -3.034131234e+02 6.164265576e-02 9.979441869e-01 1.753804037e-02 3.435223466e+00 -9.912993160e-01 5.916583255e-02 1.175800595e-01 2.179640630e+02
1.136519666e-01 -2.437630425e-02 9.932215394e-01 -3.024212575e+02 5.958151302e-02 9.980669071e-01 1.767745237e-02 3.434118512e+00 -9.917324608e-01 5.716856486e-02 1.148846439e-01 2.180901178e+02
1.110280128e-01 -2.561036169e-02 9.934872368e-01 -3.014193078e+02 5.795791247e-02 9.981333591e-01 1.925299469e-02 3.434881335e+00 -9.921258291e-01 5.544282457e-02 1.123050865e-01 2.182093522e+02
1.088166434e-01 -2.549950499e-02 9.937347299e-01 -3.004150894e+02 5.758689232e-02 9.981537910e-01 1.930697869e-02 3.438652051e+00 -9.923924062e-01 5.512517427e-02 1.100841823e-01 2.183257357e+02
1.072538243e-01 -2.595605878e-02 9.938928012e-01 -2.994197247e+02 5.846249424e-02 9.980940841e-01 1.975692208e-02 3.434566043e+00 -9.925113369e-01 5.598644671e-02 1.085668635e-01 2.184359860e+02
1.076742239e-01 -2.547729642e-02 9.938597330e-01 -2.984216801e+02 5.751847727e-02 9.981567877e-01 1.935592953e-02 3.435091161e+00 -9.925209752e-01 5.508116377e-02 1.089411727e-01 2.185402528e+02
1.080162230e-01 -2.439060905e-02 9.938498849e-01 -2.974238698e+02 5.749481983e-02 9.981790192e-01 1.824804854e-02 3.437703017e+00 -9.924851844e-01 5.517013479e-02 1.092218612e-01 2.186449986e+02
1.079402985e-01 -2.310633064e-02 9.938888215e-01 -2.964409836e+02 5.560061661e-02 9.983054359e-01 1.717056069e-02 3.438182660e+00 -9.926013618e-01 5.340743587e-02 1.090421129e-01 2.187629822e+02
1.077383803e-01 -2.340904016e-02 9.939036464e-01 -2.954651297e+02 5.504162826e-02 9.983298695e-01 1.754681975e-02 3.438961256e+00 -9.926544517e-01 5.281560909e-02 1.088469148e-01 2.188680331e+02
1.080404612e-01 -2.366586724e-02 9.938647722e-01 -2.945163730e+02 5.418997760e-02 9.983705071e-01 1.788230572e-02 3.432124668e+00 -9.926684769e-01 5.192549719e-02 1.091468629e-01 2.189722846e+02
1.070478588e-01 -2.160358208e-02 9.940191352e-01 -2.935529285e+02 5.408156549e-02 9.984103229e-01 1.587486902e-02 3.424143321e+00 -9.927819198e-01 5.205874022e-02 1.080460428e-01 2.190871920e+02
1.060642417e-01 -1.814370440e-02 9.941937350e-01 -2.926015659e+02 5.498168288e-02 9.984109214e-01 1.235501864e-02 3.420067784e+00 -9.928380488e-01 5.335201897e-02 1.068932687e-01 2.191796606e+02
1.038560771e-01 -1.636851658e-02 9.944576345e-01 -2.916481573e+02 5.407676190e-02 9.984785126e-01 1.078719833e-02 3.410521557e+00 -9.931211502e-01 5.265673262e-02 1.045832178e-01 2.192906702e+02
1.020353742e-01 -1.576704873e-02 9.946558111e-01 -2.907063905e+02 5.175422587e-02 9.986044357e-01 1.052050657e-02 3.402630066e+00 -9.934335823e-01 5.040417768e-02 1.027089887e-01 2.193917781e+02
9.991028798e-02 -1.592140938e-02 9.948690583e-01 -2.897787295e+02 5.237067225e-02 9.985701611e-01 1.072128567e-02 3.393326372e+00 -9.936172538e-01 5.103079464e-02 1.006012473e-01 2.194828477e+02
9.672528120e-02 -1.609924512e-02 9.951809053e-01 -2.888391195e+02 5.115539865e-02 9.986280914e-01 1.118303018e-02 3.382455120e+00 -9.939956465e-01 4.982719420e-02 9.741614626e-02 2.195882872e+02
9.423677032e-02 -1.612574167e-02 9.954192039e-01 -2.879201991e+02 5.076448890e-02 9.986459040e-01 1.137211774e-02 3.384441072e+00 -9.942546946e-01 4.946027548e-02 9.492777972e-02 2.196802677e+02
9.141408318e-02 -1.679767646e-02 9.956712828e-01 -2.870029117e+02 5.081826188e-02 9.986336187e-01 1.218195183e-02 3.389723644e+00 -9.945154447e-01 4.948468204e-02 9.214280540e-02 2.197800230e+02
8.891772693e-02 -1.794738537e-02 9.958772661e-01 -2.860994877e+02 5.046725569e-02 9.986345914e-01 1.349106627e-02 3.378430472e+00 -9.947596162e-01 4.905959768e-02 8.970207319e-02 2.198670403e+02
8.676824316e-02 -1.711659725e-02 9.960814696e-01 -2.852178253e+02 5.061576782e-02 9.986367939e-01 1.275138925e-02 3.369865745e+00 -9.949418657e-01 4.931101275e-02 8.751632987e-02 2.199347772e+02
8.405319222e-02 -1.506848870e-02 9.963473298e-01 -2.843179623e+02 5.179560153e-02 9.986000291e-01 1.073301175e-02 3.357823122e+00 -9.951142028e-01 5.070426538e-02 8.471600163e-02 2.200091119e+02
8.051281019e-02 -1.346745518e-02 9.966625884e-01 -2.834395206e+02 5.235134670e-02 9.985857539e-01 9.264373868e-03 3.348745298e+00 -9.953778297e-01 5.143072793e-02 8.110398468e-02 2.200973089e+02
7.788692101e-02 -1.237147444e-02 9.968854368e-01 -2.825532139e+02 5.368321680e-02 9.985243676e-01 8.197529951e-03 3.338554157e+00 -9.955158159e-01 5.287753666e-02 7.843612909e-02 2.201640384e+02
7.589500689e-02 -1.280492010e-02 9.970335912e-01 -2.816793406e+02 5.388815203e-02 9.985088864e-01 8.721857435e-03 3.336249121e+00 -9.956585836e-01 5.306635231e-02 7.647187230e-02 2.202341632e+02
7.423351352e-02 -1.531227655e-02 9.971233222e-01 -2.808231129e+02 5.493053061e-02 9.984268803e-01 1.124284426e-02 3.330704085e+00 -9.957268814e-01 5.393791734e-02 7.495784679e-02 2.202957672e+02
7.299512497e-02 -1.762551734e-02 9.971765405e-01 -2.799620810e+02 5.584423171e-02 9.983474315e-01 1.355831464e-02 3.321347754e+00 -9.957676102e-01 5.469686691e-02 7.385877899e-02 2.203579798e+02
7.165863377e-02 -1.817359440e-02 9.972636365e-01 -2.791249063e+02 5.469149928e-02 9.984014048e-01 1.426445680e-02 3.315799057e+00 -9.959286521e-01 5.351967197e-02 7.253802175e-02 2.204260960e+02
7.104527846e-02 -1.678974529e-02 9.973317767e-01 -2.782914736e+02 5.424492790e-02 9.984437554e-01 1.294430864e-02 3.314521599e+00 -9.959970162e-01 5.318055831e-02 7.184547315e-02 2.204865309e+02
7.088829441e-02 -1.623439199e-02 9.973521415e-01 -2.774861809e+02 5.496847359e-02 9.984117767e-01 1.234467376e-02 3.306865416e+00 -9.959685319e-01 5.394783199e-02 7.166808772e-02 2.205466167e+02
7.074319855e-02 -1.677514490e-02 9.973534952e-01 -2.766899358e+02 5.646656781e-02 9.983226128e-01 1.278621967e-02 3.291838684e+00 -9.958950379e-01 5.541259069e-02 7.157176968e-02 2.205992919e+02
7.012900561e-02 -1.631875645e-02 9.974044419e-01 -2.758915622e+02 5.639745825e-02 9.983317815e-01 1.236853880e-02 3.282636589e+00 -9.959423925e-01 5.538368205e-02 7.093235150e-02 2.206657555e+02
7.051797100e-02 -1.728423847e-02 9.973607526e-01 -2.751161190e+02 5.731011321e-02 9.982685233e-01 1.324788275e-02 3.277533152e+00 -9.958628252e-01 5.622464384e-02 7.138643244e-02 2.207253014e+02
7.040142636e-02 -1.907323396e-02 9.973363780e-01 -2.743364019e+02 5.876559717e-02 9.981599964e-01 1.494075380e-02 3.277430356e+00 -9.957862440e-01 5.755721745e-02 7.139273747e-02 2.207921248e+02
7.063813659e-02 -2.177789200e-02 9.972642464e-01 -2.735746877e+02 5.949788007e-02 9.980735960e-01 1.758121748e-02 3.271911472e+00 -9.957259944e-01 5.809320409e-02 7.179779741e-02 2.208567639e+02
7.113212043e-02 -2.496976595e-02 9.971543172e-01 -2.728252059e+02 5.969092068e-02 9.980015731e-01 2.073292327e-02 3.267451160e+00 -9.956792734e-01 5.804628246e-02 7.248043640e-02 2.209175493e+02
7.191530403e-02 -2.598735980e-02 9.970721369e-01 -2.720752903e+02 6.025375685e-02 9.979479661e-01 2.166429571e-02 3.267372879e+00 -9.955891089e-01 5.851934768e-02 7.333356745e-02 2.209729915e+02
7.249202290e-02 -2.604775999e-02 9.970287964e-01 -2.713348605e+02 6.050379478e-02 9.979326650e-01 2.167226077e-02 3.267699073e+00 -9.955321177e-01 5.875295967e-02 7.391814593e-02 2.210308866e+02
7.285174907e-02 -2.500943156e-02 9.970291626e-01 -2.706143958e+02 6.176667175e-02 9.978797064e-01 2.051754845e-02 3.268539846e+00 -9.954283002e-01 6.008843372e-02 7.424203133e-02 2.210896306e+02
7.370589775e-02 -2.401326797e-02 9.969908744e-01 -2.698977242e+02 6.243557592e-02 9.978600718e-01 1.941844367e-02 3.269593312e+00 -9.953236858e-01 6.081644561e-02 7.504745464e-02 2.211440134e+02
7.486658852e-02 -2.334602416e-02 9.969202361e-01 -2.691896658e+02 6.201673350e-02 9.978996941e-01 1.871163653e-02 3.271115469e+00 -9.952632409e-01 6.042486020e-02 7.615718994e-02 2.211927553e+02
7.476258943e-02 -2.383685411e-02 9.969164256e-01 -2.684952739e+02 6.207175372e-02 9.978868989e-01 1.920505962e-02 3.265689081e+00 -9.952676286e-01 6.044453086e-02 7.608420386e-02 2.212584222e+02
7.635317161e-02 -2.463681297e-02 9.967764146e-01 -2.678138355e+02 6.339609417e-02 9.977918956e-01 1.980576504e-02 3.266671833e+00 -9.950633791e-01 6.167949847e-02 7.774645355e-02 2.213010082e+02
7.698277950e-02 -2.493622072e-02 9.967205409e-01 -2.671396404e+02 6.397249316e-02 9.977508102e-01 2.002101218e-02 3.267100020e+00 -9.949779755e-01 6.222142481e-02 7.840486283e-02 2.213552264e+02
7.809610464e-02 -2.412782615e-02 9.966538248e-01 -2.664694599e+02 6.494536183e-02 9.977066965e-01 1.906430646e-02 3.272463918e+00 -9.948281753e-01 6.323919520e-02 7.948399696e-02 2.214020230e+02
7.866549273e-02 -2.396043385e-02 9.966130833e-01 -2.658034006e+02 6.456614691e-02 9.977346052e-01 1.889100852e-02 3.275236211e+00 -9.948079980e-01 6.286139625e-02 8.003431723e-02 2.214670375e+02
7.896778294e-02 -2.299249856e-02 9.966119778e-01 -2.651501967e+02 6.529262192e-02 9.977065990e-01 1.784421053e-02 3.280221980e+00 -9.947366299e-01 6.366229132e-02 8.028791866e-02 2.215336731e+02
8.024257712e-02 -2.194035177e-02 9.965338679e-01 -2.645202621e+02 6.596950003e-02 9.976826551e-01 1.665366954e-02 3.280671969e+00 -9.945899426e-01 6.440450766e-02 8.150402143e-02 2.215801664e+02
8.083773344e-02 -2.205049019e-02 9.964833349e-01 -2.639047485e+02 6.557497635e-02 9.977069181e-01 1.675792616e-02 3.274840748e+00 -9.945678375e-01 6.398969835e-02 8.209832627e-02 2.216395909e+02
8.139075644e-02 -2.184936960e-02 9.964427479e-01 -2.632844236e+02 6.530447320e-02 9.977282404e-01 1.654340166e-02 3.276954692e+00 -9.945405324e-01 6.372568875e-02 8.263271777e-02 2.217004476e+02
8.201397679e-02 -2.191377219e-02 9.963902319e-01 -2.626804518e+02 6.584869763e-02 9.976928191e-01 1.652234142e-02 3.271858101e+00 -9.944534462e-01 6.425593618e-02 8.326774906e-02 2.217566921e+02
8.297012416e-02 -2.150257034e-02 9.963200279e-01 -2.620840314e+02 6.603851839e-02 9.976882622e-01 1.603263763e-02 3.271019174e+00 -9.943615402e-01 6.446526855e-02 8.419831688e-02 2.218044794e+02
8.344098159e-02 -2.157126793e-02 9.962792194e-01 -2.614985740e+02 6.601155875e-02 9.976893944e-01 1.607316069e-02 3.269939100e+00 -9.943239295e-01 6.442478392e-02 8.467213541e-02 2.218595507e+02
8.446024632e-02 -2.187283101e-02 9.961867526e-01 -2.609209932e+02 6.663556174e-02 9.976449613e-01 1.625524897e-02 3.266237547e+00 -9.941962426e-01 6.500854152e-02 8.571884755e-02 2.219050237e+02
8.414179153e-02 -2.247461337e-02 9.962003065e-01 -2.603437025e+02 6.668546779e-02 9.976313452e-01 1.687446183e-02 3.263886903e+00 -9.942198989e-01 6.501223600e-02 8.544121878e-02 2.219636499e+02
8.402616552e-02 -2.344806134e-02 9.961876289e-01 -2.597632877e+02 6.579627788e-02 9.976719145e-01 1.793323145e-02 3.258469912e+00 -9.942889184e-01 6.403857738e-02 8.537334059e-02 2.220189724e+02
8.393368519e-02 -2.382736042e-02 9.961864250e-01 -2.591981385e+02 6.541688824e-02 9.976892549e-01 1.835160619e-02 3.255532741e+00 -9.943217624e-01 6.362709809e-02 8.529844761e-02 2.220688649e+02
8.430367167e-02 -2.402642412e-02 9.961504012e-01 -2.586426280e+02 6.599814241e-02 9.976486552e-01 1.847717369e-02 3.251710251e+00 -9.942520486e-01 6.418638246e-02 8.569114403e-02 2.221163925e+02
8.472583957e-02 -2.379111099e-02 9.961202313e-01 -2.580847964e+02 6.620976678e-02 9.976398032e-01 1.819587700e-02 3.254554915e+00 -9.942020916e-01 6.441122724e-02 8.610107382e-02 2.221619161e+02
8.534576976e-02 -2.326388850e-02 9.960797614e-01 -2.575449447e+02 6.634270168e-02 9.976413796e-01 1.761600782e-02 3.258117577e+00 -9.941402042e-01 6.457917071e-02 8.668786069e-02 2.222055983e+02
8.553864559e-02 -2.301220983e-02 9.960690630e-01 -2.569969551e+02 6.663213671e-02 9.976271673e-01 1.732609075e-02 3.253725009e+00 -9.941042694e-01 6.488815965e-02 8.686902940e-02 2.222508955e+02
8.576536181e-02 -2.168999954e-02 9.960792371e-01 -2.564559575e+02 6.592858823e-02 9.976952769e-01 1.604854341e-02 3.252204539e+00 -9.941316432e-01 6.429368874e-02 8.699768744e-02 2.223010891e+02
8.648068931e-02 -2.016146516e-02 9.960494996e-01 -2.559114464e+02 6.687738056e-02 9.976574646e-01 1.438747195e-02 3.248291098e+00 -9.940062909e-01 6.536894295e-02 8.762645121e-02 2.223472639e+02
8.631220861e-02 -1.822491456e-02 9.961014281e-01 -2.553677305e+02 6.752419994e-02 9.976405517e-01 1.240210146e-02 3.251685612e+00 -9.939772055e-01 6.619049922e-02 8.733918219e-02 2.223989364e+02
8.645722612e-02 -1.706247176e-02 9.961094418e-01 -2.548337674e+02 6.721651863e-02 9.976749267e-01 1.125523566e-02 3.250844155e+00 -9.939854565e-01 6.598191240e-02 8.740308668e-02 2.224497617e+02
8.691006135e-02 -1.735060892e-02 9.960650569e-01 -2.542869616e+02 6.684049245e-02 9.976968558e-01 1.154697334e-02 3.250617961e+00 -9.939713224e-01 6.557393076e-02 8.786961818e-02 2.224926617e+02
8.700670536e-02 -1.884270853e-02 9.960295104e-01 -2.537472465e+02 6.605253349e-02 9.977300852e-01 1.310495696e-02 3.249506459e+00 -9.940155411e-01 6.465005346e-02 8.805381619e-02 2.225477193e+02
8.719366307e-02 -1.955393636e-02 9.959994522e-01 -2.532088407e+02 6.588575413e-02 9.977314638e-01 1.382004506e-02 3.252964259e+00 -9.940102276e-01 6.441715467e-02 8.828418693e-02 2.225958544e+02
8.747289990e-02 -2.022662248e-02 9.959615332e-01 -2.526783185e+02 6.661000529e-02 9.976750091e-01 1.441122469e-02 3.246311617e+00 -9.939374221e-01 6.508041138e-02 8.861682164e-02 2.226437223e+02
8.882827931e-02 -2.101376855e-02 9.958252650e-01 -2.521363359e+02 6.755406755e-02 9.976024685e-01 1.502540287e-02 3.236700940e+00 -9.937534829e-01 6.593736654e-02 9.003487626e-02 2.226810905e+02
8.988238315e-02 -2.013289029e-02 9.957488759e-01 -2.516064072e+02 6.714382156e-02 9.976435256e-01 1.411038596e-02 3.237409932e+00 -9.936865021e-01 6.559010972e-02 9.102237681e-02 2.227261966e+02
9.070049550e-02 -1.935747348e-02 9.956900664e-01 -2.510800064e+02 6.786988659e-02 9.976066934e-01 1.321225672e-02 3.234214937e+00 -9.935628307e-01 6.637901366e-02 9.179721094e-02 2.227733208e+02
9.182774388e-02 -1.888652974e-02 9.955957837e-01 -2.505572344e+02 6.845153124e-02 9.975747405e-01 1.261051475e-02 3.233025218e+00 -9.934193743e-01 6.699206077e-02 9.289784965e-02 2.228206288e+02
9.282163723e-02 -1.995582179e-02 9.954827517e-01 -2.500386791e+02 6.936089790e-02 9.974998927e-01 1.352885117e-02 3.228114392e+00 -9.932639173e-01 6.779180738e-02 9.397372690e-02 2.228718232e+02
9.351500659e-02 -1.997409763e-02 9.954174898e-01 -2.495098652e+02 6.985449354e-02 9.974664780e-01 1.345269651e-02 3.225399132e+00 -9.931642831e-01 6.827635561e-02 9.467336474e-02 2.229312630e+02
9.455076004e-02 -1.731723052e-02 9.953694125e-01 -2.489938643e+02 6.693065930e-02 9.976969922e-01 1.099994028e-02 3.218085866e+00 -9.932675574e-01 6.558067831e-02 9.549206256e-02 2.229886472e+02
9.556026404e-02 -1.228190410e-02 9.953478742e-01 -2.484790802e+02 6.284204515e-02 9.980037181e-01 6.281405414e-03 3.212933191e+00 -9.934380269e-01 6.194944329e-02 9.614131879e-02 2.230525008e+02
9.670175379e-02 -7.652193681e-03 9.952839870e-01 -2.479791829e+02 6.045385970e-02 9.981693686e-01 1.800683123e-03 3.207799557e+00 -9.934757680e-01 5.999462930e-02 9.698733316e-02 2.231125258e+02
9.840285041e-02 -3.562118928e-03 9.951402868e-01 -2.474590276e+02 6.196182898e-02 9.980752511e-01 -2.554371357e-03 3.209009859e+00 -9.932157927e-01 6.191206968e-02 9.843416504e-02 2.231650653e+02
9.943990212e-02 -5.883215862e-04 9.950433959e-01 -2.469516509e+02 6.298243559e-02 9.979983347e-01 -5.704096214e-03 3.205025450e+00 -9.930482962e-01 6.323747136e-02 9.927791065e-02 2.232214223e+02
1.003339317e-01 5.841104276e-04 9.949536476e-01 -2.464515569e+02 6.199802777e-02 9.980528475e-01 -6.837985847e-03 3.195719081e+00 -9.930203154e-01 6.237124588e-02 1.001023526e-01 2.232731528e+02
1.006480482e-01 -1.451764680e-04 9.949220820e-01 -2.459714709e+02 5.747900056e-02 9.983306200e-01 -5.669001834e-03 3.176332323e+00 -9.932603560e-01 5.775770088e-02 1.004883730e-01 2.233259435e+02
1.012647650e-01 -1.190908102e-03 9.948587986e-01 -2.454516421e+02 5.590033051e-02 9.984262365e-01 -4.494808653e-03 3.165255282e+00 -9.932877732e-01 5.606810139e-02 1.011719703e-01 2.233791938e+02
1.017978300e-01 -2.704309633e-03 9.948014317e-01 -2.449452753e+02 5.467718827e-02 9.984999281e-01 -2.880741875e-03 3.150577420e+00 -9.933013676e-01 5.468619845e-02 1.017929900e-01 2.234335671e+02
1.019172874e-01 -3.968796789e-03 9.947849593e-01 -2.444199268e+02 5.569621776e-02 9.984462747e-01 -1.722761332e-03 3.140970610e+00 -9.932324994e-01 5.558133887e-02 1.019799829e-01 2.234975358e+02
1.021446934e-01 -2.985622324e-03 9.947650716e-01 -2.439021407e+02 5.429292651e-02 9.985217233e-01 -2.578021343e-03 3.130439085e+00 -9.932868366e-01 5.427203813e-02 1.021557935e-01 2.235580858e+02
1.020654086e-01 -5.656419929e-04 9.947775291e-01 -2.434000274e+02 5.213389307e-02 9.986286585e-01 -4.781170317e-03 3.115741567e+00 -9.934106450e-01 5.234961743e-02 1.019549312e-01 2.236095960e+02
1.015119889e-01 1.945699948e-03 9.948324132e-01 -2.428974998e+02 5.112400156e-02 9.986665758e-01 -7.169855434e-03 3.108491622e+00 -9.935198300e-01 5.158764013e-02 1.012771584e-01 2.236660033e+02
1.003437019e-01 3.182834004e-03 9.949477429e-01 -2.423865983e+02 5.274674645e-02 9.985716252e-01 -8.514106983e-03 3.099968488e+00 -9.935536836e-01 5.333459334e-02 1.000324893e-01 2.237182297e+02
9.894842517e-02 4.640018506e-03 9.950817451e-01 -2.418920897e+02 5.308593884e-02 9.985405256e-01 -9.934878832e-03 3.092311864e+00 -9.936755468e-01 5.380788928e-02 9.855769274e-02 2.237625731e+02
9.724230407e-02 5.663852703e-03 9.952446207e-01 -2.413877839e+02 5.333002502e-02 9.985175245e-01 -1.089319195e-02 3.085155620e+00 -9.938308924e-01 5.413569961e-02 9.679609133e-02 2.238139583e+02
9.577910084e-02 4.652421716e-03 9.953917414e-01 -2.408726106e+02 5.237791756e-02 9.985801535e-01 -9.707259401e-03 3.069581354e+00 -9.940236001e-01 5.306629914e-02 9.539942505e-02 2.238661299e+02
9.426221743e-02 3.377449585e-03 9.955416753e-01 -2.403469032e+02 5.325985353e-02 9.985450989e-01 -8.430513591e-03 3.059567432e+00 -9.941217342e-01 5.381708271e-02 9.394519275e-02 2.239206657e+02
9.299127040e-02 2.957536495e-03 9.956625315e-01 -2.398265372e+02 5.358488877e-02 9.985314856e-01 -7.970692821e-03 3.048290309e+00 -9.942239603e-01 5.409367086e-02 9.269623212e-02 2.239671708e+02
9.189445701e-02 2.170781035e-03 9.957663865e-01 -2.393038150e+02 5.384628048e-02 9.985236666e-01 -7.146004366e-03 3.039524084e+00 -9.943118157e-01 5.427499433e-02 9.164190167e-02 2.240052102e+02
9.035453795e-02 7.872113593e-04 9.959093522e-01 -2.387708396e+02 5.307160416e-02 9.985749831e-01 -5.604274957e-03 3.030344504e+00 -9.944945763e-01 5.336087859e-02 9.018400264e-02 2.240577686e+02
8.894750824e-02 -4.958727394e-04 9.960361916e-01 -2.382480414e+02 5.362047516e-02 9.985521667e-01 -4.291262601e-03 3.018616570e+00 -9.945919693e-01 5.378963098e-02 8.884531601e-02 2.241084098e+02
8.790413625e-02 -1.601599365e-03 9.961276513e-01 -2.377343272e+02 5.638200034e-02 9.984035816e-01 -3.370219161e-03 3.011906745e+00 -9.945320170e-01 5.645992578e-02 8.785410584e-02 2.241501357e+02
8.652388043e-02 -4.414274290e-03 9.962399973e-01 -2.372027199e+02 5.719828079e-02 9.983626900e-01 -5.440159550e-04 3.000389084e+00 -9.946064422e-01 5.703028548e-02 8.663470291e-02 2.241940158e+02
8.500762174e-02 -7.165704478e-03 9.963545338e-01 -2.366499521e+02 5.754433615e-02 9.983403702e-01 2.270381500e-03 3.001350077e+00 -9.947172229e-01 5.714156048e-02 8.527888626e-02 2.242485408e+02
8.337991937e-02 -9.883680034e-03 9.964688163e-01 -2.361019577e+02 5.708277999e-02 9.983562894e-01 5.125977299e-03 2.993385174e+00 -9.948815735e-01 5.645380663e-02 8.380705484e-02 2.243047670e+02
8.228410437e-02 -1.242934311e-02 9.965314032e-01 -2.355624077e+02 5.684148464e-02 9.983530684e-01 7.758633745e-03 2.989617827e+00 -9.949866189e-01 5.600591222e-02 8.285509040e-02 2.243535982e+02
8.090970479e-02 -1.546777352e-02 9.966014086e-01 -2.350258392e+02 5.673808078e-02 9.983297228e-01 1.088828150e-02 2.981922637e+00 -9.951052255e-01 5.566428359e-02 8.165217494e-02 2.244106064e+02
7.977303683e-02 -1.740522825e-02 9.966610861e-01 -2.344701627e+02 5.850408180e-02 9.982057514e-01 1.274952022e-02 2.985268333e+00 -9.950947367e-01 5.729167377e-02 8.064818107e-02 2.244577806e+02
7.823579574e-02 -1.835558617e-02 9.967658866e-01 -2.339172080e+02 6.037599732e-02 9.980824934e-01 1.364094137e-02 2.989557227e+00 -9.951049689e-01 5.911352460e-02 7.919401491e-02 2.245025581e+02
7.694868475e-02 -1.877148793e-02 9.968583305e-01 -2.333785346e+02 6.130459539e-02 9.980200547e-01 1.406118903e-02 2.987628824e+00 -9.951485550e-01 6.003000661e-02 7.794710904e-02 2.245379863e+02
7.530140950e-02 -1.892494666e-02 9.969812155e-01 -2.328623505e+02 6.002176380e-02 9.980930135e-01 1.441264229e-02 2.980980244e+00 -9.953527443e-01 5.875527875e-02 7.629371941e-02 2.245867142e+02
7.291333244e-02 -1.871883031e-02 9.971626003e-01 -2.323606922e+02 5.748346182e-02 9.982406329e-01 1.453583022e-02 2.976656875e+00 -9.956803190e-01 5.626050244e-02 7.386107429e-02 2.246449786e+02
6.992469413e-02 -1.866870200e-02 9.973775698e-01 -2.318225192e+02 5.615483946e-02 9.983131236e-01 1.474927919e-02 2.981076339e+00 -9.959704670e-01 5.497623847e-02 7.085507778e-02 2.246794374e+02
6.541600541e-02 -1.880330816e-02 9.976809018e-01 -2.313050605e+02 5.691074331e-02 9.982653338e-01 1.508279569e-02 2.978150688e+00 -9.962338649e-01 5.579210546e-02 6.637264072e-02 2.247251036e+02
5.962773274e-02 -1.912965849e-02 9.980373689e-01 -2.307852358e+02 5.851936899e-02 9.981638161e-01 1.563584302e-02 2.974011204e+00 -9.965038971e-01 5.747218719e-02 6.063770081e-02 2.247536664e+02
5.264134249e-02 -1.875221664e-02 9.984374009e-01 -2.302844566e+02 5.996638766e-02 9.980787427e-01 1.558382893e-02 2.965772628e+00 -9.968113770e-01 5.905233056e-02 5.366470762e-02 2.247769038e+02
4.506841776e-02 -1.781954836e-02 9.988249603e-01 -2.297641634e+02 6.009652234e-02 9.980784345e-01 1.509458849e-02 2.962179764e+00 -9.971746315e-01 5.934561733e-02 4.605270873e-02 2.247843242e+02
3.675837531e-02 -1.725119649e-02 9.991752689e-01 -2.292379546e+02 5.933863187e-02 9.981244524e-01 1.505006160e-02 2.960398888e+00 -9.975608997e-01 5.873647764e-02 3.771309562e-02 2.247927949e+02
2.681549342e-02 -1.748312452e-02 9.994875035e-01 -2.287191599e+02 5.894154663e-02 9.981351510e-01 1.587811196e-02 2.948685835e+00 -9.979012092e-01 5.848555989e-02 2.779596897e-02 2.247942234e+02
1.479935186e-02 -1.441414519e-02 9.997865830e-01 -2.282257971e+02 6.060948845e-02 9.980703631e-01 1.349222944e-02 2.957896784e+00 -9.980518369e-01 6.039687710e-02 1.564442845e-02 2.248008655e+02
4.869521831e-04 -1.087273946e-02 9.999407715e-01 -2.277411349e+02 6.338798732e-02 9.979303034e-01 1.082001012e-02 2.958978591e+00 -9.979888406e-01 6.337896412e-02 1.175145411e-03 2.247982098e+02
-1.589979287e-02 -8.039717308e-03 9.998412672e-01 -2.272449738e+02 6.494068884e-02 9.978480288e-01 9.056397117e-03 2.953701031e+00 -9.977624484e-01 6.507437545e-02 -1.534347220e-02 2.247911433e+02
-3.439808545e-02 -3.366152931e-03 9.994025419e-01 -2.268054699e+02 6.564361590e-02 9.978273042e-01 5.620211855e-03 2.935913551e+00 -9.972500626e-01 6.579772112e-02 -3.410238242e-02 2.247711374e+02
-5.440748595e-02 1.956344009e-03 9.985168993e-01 -2.263565852e+02 6.637706780e-02 9.977932266e-01 1.661847270e-03 2.927479554e+00 -9.963101477e-01 6.636904086e-02 -5.441727734e-02 2.247327450e+02
-7.514858793e-02 3.579154469e-03 9.971659237e-01 -2.259289001e+02 6.932873800e-02 9.975925136e-01 1.644078505e-03 2.911219837e+00 -9.947593758e-01 6.925580525e-02 -7.521580699e-02 2.246877417e+02
-9.605454476e-02 1.932947708e-03 9.953741950e-01 -2.254869625e+02 7.162463463e-02 9.974192508e-01 4.974925453e-03 2.898585609e+00 -9.927957676e-01 7.177117724e-02 -9.594509874e-02 2.246289382e+02
-1.172428768e-01 8.377197330e-04 9.931029182e-01 -2.250731355e+02 7.459381554e-02 9.971821893e-01 7.965170766e-03 2.898496490e+00 -9.902978696e-01 7.501319542e-02 -1.169749973e-01 2.245615224e+02
-1.377046396e-01 -1.639624884e-04 9.904733239e-01 -2.246657584e+02 7.655300075e-02 9.970069319e-01 1.080814077e-02 2.899927462e+00 -9.875105419e-01 7.731203624e-02 -1.372799284e-01 2.244839172e+02
-1.572058479e-01 -2.792235084e-03 9.875619094e-01 -2.242858376e+02 7.722296211e-02 9.968993222e-01 1.511143591e-02 2.891571693e+00 -9.845419928e-01 7.863806201e-02 -1.565027786e-01 2.244115168e+02
-1.758487040e-01 -4.606196921e-03 9.844064284e-01 -2.239267433e+02 7.764275354e-02 9.968089576e-01 1.853388540e-02 2.886406375e+00 -9.813505164e-01 7.969118543e-02 -1.749299255e-01 2.243439722e+02
-1.947066704e-01 -5.427438089e-03 9.808464994e-01 -2.235690837e+02 7.700102655e-02 9.968140012e-01 2.080117509e-02 2.875371982e+00 -9.778344208e-01 7.957631488e-02 -1.936684169e-01 2.242613946e+02
-2.148088337e-01 -5.062656699e-03 9.766429923e-01 -2.232353444e+02 7.649736343e-02 9.968272065e-01 2.199258432e-02 2.876668197e+00 -9.736556467e-01 7.943481531e-02 -2.137400098e-01 2.241855870e+02
-2.350242056e-01 -5.334786590e-03 9.719748777e-01 -2.229009309e+02 7.528101070e-02 9.968812808e-01 2.367448908e-02 2.883515169e+00 -9.690698593e-01 7.873532916e-02 -2.338896229e-01 2.240912479e+02
-2.565699371e-01 -6.016359838e-03 9.665069430e-01 -2.225736571e+02 7.408377875e-02 9.969163620e-01 2.587201075e-02 2.901778299e+00 -9.636822407e-01 7.824046669e-02 -2.553330536e-01 2.239850833e+02
-2.801866018e-01 -6.459685551e-03 9.599238202e-01 -2.222844184e+02 7.276026642e-02 9.969578418e-01 2.794647387e-02 2.915842484e+00 -9.571841055e-01 7.767454045e-02 -2.788642214e-01 2.238925842e+02
-3.059033519e-01 -6.656471236e-03 9.520393010e-01 -2.219827015e+02 7.246328066e-02 9.969121269e-01 3.025366423e-02 2.922894775e+00 -9.493009071e-01 7.824258836e-02 -3.044764115e-01 2.237706056e+02
-3.334833507e-01 -7.140264027e-03 9.427289491e-01 -2.216701024e+02 7.213082019e-02 9.968469247e-01 3.306589648e-02 2.924859666e+00 -9.399925529e-01 7.902673826e-02 -3.319168195e-01 2.236461971e+02
-3.609609703e-01 -7.155423577e-03 9.325534718e-01 -2.213702209e+02 7.106457966e-02 9.968520012e-01 3.515555829e-02 2.928167662e+00 -9.298693475e-01 7.896130492e-02 -3.593161684e-01 2.235044515e+02
-3.902118371e-01 -4.698964066e-03 9.207131160e-01 -2.211008508e+02 7.036306844e-02 9.969104360e-01 3.490875492e-02 2.930649792e+00 -9.180325489e-01 7.840600938e-02 -3.886756192e-01 2.233736339e+02
-4.194648058e-01 -2.797170468e-04 9.077715563e-01 -2.208280882e+02 6.865526870e-02 9.971260854e-01 3.203160742e-02 2.934574018e+00 -9.051716582e-01 7.575943210e-02 -4.182400958e-01 2.232315070e+02
-4.493141169e-01 5.155749673e-03 8.933589662e-01 -2.205788607e+02 6.744122290e-02 9.973256665e-01 2.816374267e-02 2.936633914e+00 -8.908246212e-01 7.290358834e-02 -4.484602112e-01 2.230893637e+02
-4.801556413e-01 1.084018917e-02 8.771163266e-01 -2.203486222e+02 6.700153760e-02 9.974556774e-01 2.435088411e-02 2.931427809e+00 -8.746206916e-01 7.046035692e-02 -4.796602798e-01 2.229466129e+02
-5.130143828e-01 1.734714399e-02 8.582047073e-01 -2.200843811e+02 6.439185813e-02 9.977564434e-01 1.832397856e-02 2.944329310e+00 -8.559614078e-01 6.466186031e-02 -5.129804208e-01 2.227756275e+02
-5.461074927e-01 2.283446666e-02 8.374038414e-01 -2.198207037e+02 6.172525077e-02 9.980079935e-01 1.303987532e-02 2.954623671e+00 -8.354379688e-01 5.881013572e-02 -5.464291062e-01 2.225760483e+02
-5.808877029e-01 2.615621332e-02 8.135633529e-01 -2.195556547e+02 5.986349216e-02 9.981497359e-01 1.065208874e-02 2.953912544e+00 -8.117794275e-01 5.489041076e-02 -5.813787095e-01 2.223767993e+02
-6.160363115e-01 2.854193841e-02 7.872004958e-01 -2.193059952e+02 5.861313961e-02 9.982338860e-01 9.675161897e-03 2.967126431e+00 -7.855340621e-01 5.210054361e-02 -6.166212538e-01 2.221566124e+02
-6.516147532e-01 3.002312228e-02 7.579556883e-01 -2.190580225e+02 5.929011926e-02 9.981753153e-01 1.143335556e-02 2.970276496e+00 -7.562293932e-01 5.238942632e-02 -6.522058363e-01 2.219112166e+02
-6.868722317e-01 3.314880735e-02 7.260218275e-01 -2.188252086e+02 6.303124406e-02 9.979123758e-01 1.406955795e-02 2.979840685e+00 -7.240397777e-01 5.542604767e-02 -6.875277111e-01 2.216480851e+02
-7.215591403e-01 3.334402746e-02 6.915494074e-01 -2.185850614e+02 6.452483481e-02 9.977310353e-01 1.921787966e-02 2.984669916e+00 -6.893395047e-01 5.848894800e-02 -7.220734659e-01 2.213536186e+02
-7.552566959e-01 2.914094616e-02 6.547809775e-01 -2.183581827e+02 6.115527168e-02 9.977860946e-01 2.613316232e-02 2.986149140e+00 -6.525698093e-01 5.978055440e-02 -7.553667515e-01 2.210525092e+02
-7.876990203e-01 2.447616371e-02 6.155738548e-01 -2.181235049e+02 5.636321545e-02 9.978829820e-01 3.244598874e-02 3.003699848e+00 -6.134765206e-01 6.025339535e-02 -7.874110026e-01 2.207265309e+02
-8.182882605e-01 2.201031338e-02 5.743865152e-01 -2.179128152e+02 5.307748757e-02 9.978906484e-01 3.737692043e-02 3.019271876e+00 -5.723522544e-01 6.107208832e-02 -8.177304549e-01 2.203773295e+02
-8.461889619e-01 2.214381537e-02 5.324226631e-01 -2.177285979e+02 5.293650692e-02 9.976871690e-01 4.263846929e-02 3.026708461e+00 -5.302470811e-01 6.426479806e-02 -8.454040861e-01 2.200013413e+02
-8.713229191e-01 1.954336609e-02 4.903207394e-01 -2.175542885e+02 4.937874162e-02 9.976267931e-01 4.798459818e-02 3.037243820e+00 -4.882193262e-01 6.602150126e-02 -8.702201163e-01 2.196267871e+02
-8.936869832e-01 1.499329570e-02 4.484403831e-01 -2.173797603e+02 4.195085606e-02 9.978557190e-01 5.024031951e-02 3.058287234e+00 -4.467255330e-01 6.371157754e-02 -8.923996487e-01 2.192290678e+02
-9.130695461e-01 1.127908487e-02 4.076478704e-01 -2.172150160e+02 3.453679798e-02 9.981649231e-01 4.973927999e-02 3.080220058e+00 -4.063387917e-01 5.949427395e-02 -9.117835367e-01 2.188054067e+02
-9.297013929e-01 1.363972936e-02 3.680615136e-01 -2.170652725e+02 3.345724682e-02 9.983100242e-01 4.751534672e-02 3.100685472e+00 -3.667914021e-01 5.648940893e-02 -9.285865679e-01 2.183541988e+02
-9.433886805e-01 1.849693458e-02 3.311731585e-01 -2.169395905e+02 3.545804128e-02 9.983463816e-01 4.524632112e-02 3.116556084e+00 -3.297886062e-01 5.442761870e-02 -9.424845407e-01 2.178900560e+02
-9.548713131e-01 1.992478651e-02 2.963507690e-01 -2.168268907e+02 3.391958303e-02 9.985350545e-01 4.215693128e-02 3.144139439e+00 -2.950766634e-01 5.030653885e-02 -9.541483191e-01 2.174015029e+02
-9.648437233e-01 1.732742929e-02 2.622524545e-01 -2.167080705e+02 2.846298791e-02 9.988445669e-01 3.872195076e-02 3.175709803e+00 -2.612784875e-01 4.482511958e-02 -9.642221013e-01 2.168892922e+02
-9.730432664e-01 1.402563015e-02 2.301957500e-01 -2.165807376e+02 2.386932025e-02 9.989132049e-01 4.003329419e-02 3.190513118e+00 -2.293840822e-01 4.444874343e-02 -9.723205500e-01 2.163671817e+02
-9.794697786e-01 1.312441234e-02 2.011633730e-01 -2.164844131e+02 2.257487381e-02 9.987427971e-01 4.475712569e-02 3.203617745e+00 -2.003230588e-01 4.837948975e-02 -9.785346683e-01 2.158138083e+02
-9.849442142e-01 1.544679926e-02 1.721809843e-01 -2.164007547e+02 2.380818535e-02 9.986297398e-01 4.660271466e-02 3.222041641e+00 -1.712251888e-01 5.000039096e-02 -9.839623446e-01 2.152353575e+02
-9.895271142e-01 1.728962580e-02 1.433079169e-01 -2.163350359e+02 2.427791470e-02 9.985922788e-01 4.715976756e-02 3.238713664e+00 -1.422908046e-01 5.014508608e-02 -9.885538919e-01 2.146407927e+02
-9.930062115e-01 1.589223567e-02 1.169876099e-01 -2.162759303e+02 2.153623299e-02 9.986561272e-01 4.713947576e-02 3.262213540e+00 -1.160812418e-01 4.932926466e-02 -9.920139964e-01 2.140330839e+02
-9.954755624e-01 1.749905336e-02 9.339265354e-02 -2.162305293e+02 2.200395815e-02 9.986323436e-01 4.742644923e-02 3.277187635e+00 -9.243500652e-02 4.926687927e-02 -9.944991424e-01 2.133940501e+02
-9.970416937e-01 2.173921761e-02 7.372426617e-02 -2.161878523e+02 2.545475309e-02 9.984328659e-01 4.983841810e-02 3.295196035e+00 -7.252528214e-02 5.156761379e-02 -9.960325620e-01 2.127507771e+02
-9.978416803e-01 2.808602056e-02 5.935618276e-02 -2.161606805e+02 3.116677979e-02 9.981797837e-01 5.163091447e-02 3.325070163e+00 -5.779803474e-02 5.336941953e-02 -9.969007434e-01 2.120635198e+02
-9.982439845e-01 3.230729225e-02 4.965064209e-02 -2.161449647e+02 3.491876095e-02 9.980016911e-01 5.266217438e-02 3.348319900e+00 -4.785005251e-02 5.430343769e-02 -9.973773153e-01 2.113613435e+02
-9.984498402e-01 3.453309077e-02 4.365068449e-02 -2.161260890e+02 3.683783654e-02 9.979069741e-01 5.314738866e-02 3.382280844e+00 -4.172397888e-02 5.467299849e-02 -9.976321831e-01 2.106432069e+02
-9.986393378e-01 3.160186866e-02 4.148246593e-02 -2.160944579e+02 3.380364805e-02 9.979957688e-01 5.349540928e-02 3.419142896e+00 -3.970877058e-02 5.482487878e-02 -9.977060921e-01 2.099056858e+02
-9.986550530e-01 3.245646252e-02 4.043096807e-02 -2.160693190e+02 3.458401166e-02 9.979909953e-01 5.308407808e-02 3.452800292e+00 -3.862682068e-02 5.441094788e-02 -9.977712250e-01 2.091520998e+02
-9.985865896e-01 3.335978802e-02 4.137568936e-02 -2.160458301e+02 3.554093716e-02 9.979537911e-01 5.315141169e-02 3.480627478e+00 -3.951790623e-02 5.454681771e-02 -9.977289110e-01 2.083778895e+02
-9.983380872e-01 3.827439736e-02 4.308287478e-02 -2.160221699e+02 4.053747527e-02 9.977744574e-01 5.294190491e-02 3.518708665e+00 -4.096067251e-02 5.460039105e-02 -9.976677907e-01 2.075784697e+02
-9.982183119e-01 3.843225642e-02 4.564168643e-02 -2.159932139e+02 4.085056702e-02 9.977431351e-01 5.329040672e-02 3.558556945e+00 -4.349060873e-02 5.505994861e-02 -9.975354475e-01 2.067617613e+02
-9.981662905e-01 3.604323048e-02 4.863066930e-02 -2.159445973e+02 3.872593689e-02 9.977129703e-01 5.539973578e-02 3.602443663e+00 -4.652266407e-02 5.718141699e-02 -9.972792624e-01 2.059220047e+02
-9.981824690e-01 3.163772501e-02 5.129145188e-02 -2.158825264e+02 3.452484021e-02 9.978102539e-01 5.641571279e-02 3.647917149e+00 -4.939427182e-02 5.808400466e-02 -9.970889902e-01 2.050898184e+02
-9.980518705e-01 3.039927463e-02 5.448254694e-02 -2.158246086e+02 3.346395308e-02 9.978557233e-01 5.625050523e-02 3.705977403e+00 -5.265574672e-02 5.796412336e-02 -9.969290510e-01 2.042230641e+02
-9.977358950e-01 3.342980325e-02 5.835693695e-02 -2.157769356e+02 3.661669585e-02 9.978463343e-01 5.442343867e-02 3.753812245e+00 -5.641189077e-02 5.643705650e-02 -9.968111944e-01 2.033511427e+02
-9.976224217e-01 3.142334977e-02 6.133577063e-02 -2.157050642e+02 3.484057274e-02 9.978526927e-01 5.546294319e-02 3.806298338e+00 -5.946123242e-02 5.746804908e-02 -9.965750274e-01 2.024556099e+02
-9.973662782e-01 3.257298421e-02 6.480360994e-02 -2.156486257e+02 3.602088318e-02 9.979569116e-01 5.276834847e-02 3.848877274e+00 -6.295238785e-02 5.496365458e-02 -9.965018783e-01 2.015551891e+02
-9.971291066e-01 3.220471255e-02 6.853029502e-02 -2.155700729e+02 3.555105637e-02 9.982055988e-01 4.818407251e-02 3.890654900e+00 -6.685556998e-02 5.048206556e-02 -9.964847685e-01 2.006370290e+02
-9.968422602e-01 3.377364007e-02 7.186688686e-02 -2.155034638e+02 3.717614656e-02 9.982241414e-01 4.654565195e-02 3.929991178e+00 -7.016724534e-02 4.907040682e-02 -9.963275831e-01 1.997140872e+02
-9.964683981e-01 3.813702823e-02 7.480841370e-02 -2.154264347e+02 4.178071905e-02 9.979845493e-01 4.776202400e-02 3.978544546e+00 -7.283613937e-02 5.071889686e-02 -9.960534576e-01 1.987963991e+02
-9.961452632e-01 4.017730086e-02 7.797691430e-02 -2.153657128e+02 4.436727143e-02 9.976208130e-01 5.276607532e-02 4.014684806e+00 -7.567139416e-02 5.602229891e-02 -9.955578045e-01 1.978387008e+02
-9.959140402e-01 4.433667869e-02 7.867326992e-02 -2.152961034e+02 4.882213549e-02 9.972343176e-01 5.603672882e-02 4.057962139e+00 -7.597120220e-02 5.964876205e-02 -9.953242696e-01 1.969009057e+02
-9.958109065e-01 4.444848976e-02 7.990600948e-02 -2.152212251e+02 4.935721412e-02 9.969445188e-01 6.054330486e-02 4.102625959e+00 -7.697079971e-02 6.423362131e-02 -9.949620786e-01 1.959660021e+02
-9.958660209e-01 4.558393788e-02 7.856826980e-02 -2.151399787e+02 5.057192052e-02 9.967496319e-01 6.271086239e-02 4.147518812e+00 -7.545428594e-02 6.642496529e-02 -9.949343570e-01 1.950331233e+02
-9.960595869e-01 4.303337367e-02 7.754629687e-02 -2.150576182e+02 4.819033655e-02 9.966614946e-01 6.590566411e-02 4.195804149e+00 -7.445126507e-02 6.938295071e-02 -9.948080294e-01 1.940870545e+02
-9.961904444e-01 4.289952023e-02 7.592252385e-02 -2.149966005e+02 4.797497871e-02 9.966430633e-01 6.634007737e-02 4.236073339e+00 -7.282169925e-02 6.972973263e-02 -9.949043997e-01 1.931159395e+02
-9.963349098e-01 4.051141497e-02 7.533639713e-02 -2.149230892e+02 4.546282375e-02 9.968351164e-01 6.521412651e-02 4.287208053e+00 -7.245604966e-02 6.840011620e-02 -9.950233892e-01 1.921862071e+02
-9.964152975e-01 4.101010811e-02 7.399139076e-02 -2.148486348e+02 4.587672300e-02 9.968093160e-01 6.531855584e-02 4.339702991e+00 -7.107658658e-02 6.847889079e-02 -9.951174606e-01 1.912492218e+02
-9.963874306e-01 4.269408764e-02 7.341187192e-02 -2.147817080e+02 4.781630243e-02 9.964357770e-01 6.949347840e-02 4.384051288e+00 -7.018325498e-02 7.275271266e-02 -9.948775570e-01 1.902999880e+02
-9.964816037e-01 4.057515105e-02 7.333533052e-02 -2.147092976e+02 4.561242667e-02 9.966166751e-01 6.837184633e-02 4.430099740e+00 -7.031301529e-02 7.147628946e-02 -9.949609138e-01 1.893548268e+02
-9.966118639e-01 3.796993363e-02 7.295941960e-02 -2.146201701e+02 4.249884730e-02 9.971982479e-01 6.155893448e-02 4.465475283e+00 -7.041761673e-02 6.445105566e-02 -9.954332829e-01 1.884549183e+02
-9.967656302e-01 3.451180891e-02 7.257557115e-02 -2.145364352e+02 3.829936430e-02 9.979403758e-01 5.146032452e-02 4.501166533e+00 -7.065010387e-02 5.407348104e-02 -9.960344479e-01 1.875615081e+02
-9.969214327e-01 3.027319358e-02 7.232697097e-02 -2.144514694e+02 3.389879662e-02 9.982017744e-01 4.943773109e-02 4.536379809e+00 -7.070027275e-02 5.173733098e-02 -9.961549679e-01 1.866460592e+02
-9.969484077e-01 2.681585351e-02 7.331290726e-02 -2.143688726e+02 3.054337114e-02 9.982718003e-01 5.020473206e-02 4.566275071e+00 -7.183992518e-02 5.229075102e-02 -9.960445284e-01 1.857064992e+02
-9.968437096e-01 2.377604053e-02 7.574508861e-02 -2.142836480e+02 2.790012443e-02 9.981585213e-01 5.386231841e-02 4.598266440e+00 -7.432497298e-02 5.580561069e-02 -9.956713977e-01 1.847987002e+02
-9.967443307e-01 2.189388456e-02 7.759766076e-02 -2.142015670e+02 2.632456240e-02 9.980530614e-01 5.654293933e-02 4.636977457e+00 -7.620863829e-02 5.840157869e-02 -9.953800777e-01 1.838697288e+02
-9.965549735e-01 2.259615227e-02 7.979723460e-02 -2.141346753e+02 2.733604409e-02 9.978945374e-01 5.881524344e-02 4.684135807e+00 -7.830022631e-02 6.079396409e-02 -9.950744537e-01 1.829188905e+02
-9.963232039e-01 2.347273036e-02 8.239602141e-02 -2.140498626e+02 2.860557892e-02 9.976861234e-01 6.167754935e-02 4.720486276e+00 -8.075762670e-02 6.380775947e-02 -9.946892859e-01 1.820251883e+02
-9.959569592e-01 2.492756303e-02 8.630383495e-02 -2.139762983e+02 3.021767568e-02 9.977081065e-01 6.054276352e-02 4.751513567e+00 -8.459685220e-02 6.290588796e-02 -9.944275850e-01 1.811353137e+02
-9.955574535e-01 2.546532000e-02 9.064697621e-02 -2.138888929e+02 3.056436057e-02 9.980010227e-01 5.531526576e-02 4.793475936e+00 -8.905715401e-02 5.784009198e-02 -9.943456879e-01 1.802457172e+02
-9.950987612e-01 2.617480010e-02 9.535898089e-02 -2.138141338e+02 3.106829082e-02 9.982559199e-01 5.019840311e-02 4.824223579e+00 -9.387873402e-02 5.291500930e-02 -9.941764356e-01 1.793618143e+02
-9.946486359e-01 2.920759786e-02 9.910099532e-02 -2.137248439e+02 3.395351604e-02 9.983389436e-01 4.654580923e-02 4.854346497e+00 -9.757689171e-02 4.966155289e-02 -9.939881691e-01 1.785017925e+02
-9.943061705e-01 2.937094770e-02 1.024333286e-01 -2.136416607e+02 3.435810014e-02 9.982912179e-01 4.726695785e-02 4.887206471e+00 -1.008700170e-01 5.051724241e-02 -9.936162478e-01 1.776337968e+02
-9.940437397e-01 2.531964659e-02 1.059998065e-01 -2.135469444e+02 3.098060864e-02 9.981610053e-01 5.210383262e-02 4.911054107e+00 -1.044856228e-01 5.507742715e-02 -9.930001166e-01 1.768135863e+02
-9.937732146e-01 2.128088214e-02 1.093705719e-01 -2.134557646e+02 2.739445914e-02 9.981268273e-01 5.470265217e-02 4.951489714e+00 -1.080015812e-01 5.735817816e-02 -9.924946840e-01 1.759901344e+02
-9.934344339e-01 2.348729173e-02 1.119659443e-01 -2.133543606e+02 2.963618378e-02 9.981240444e-01 5.357320820e-02 4.982738221e+00 -1.104976116e-01 5.653971306e-02 -9.922668687e-01 1.751932652e+02
-9.930534851e-01 2.509032709e-02 1.149576058e-01 -2.132601108e+02 3.116475272e-02 9.981942603e-01 5.135150275e-02 5.014481198e+00 -1.134615963e-01 5.457741413e-02 -9.920422229e-01 1.744424114e+02
-9.927919712e-01 2.385544057e-02 1.174522028e-01 -2.131631297e+02 3.000361766e-02 9.982550347e-01 5.085930206e-02 5.040811875e+00 -1.160339817e-01 5.401669773e-02 -9.917753332e-01 1.737054778e+02
-9.924489833e-01 2.112828568e-02 1.208247120e-01 -2.130745398e+02 2.763011135e-02 9.982442701e-01 5.239231030e-02 5.067423441e+00 -1.195056168e-01 5.533509533e-02 -9.912902879e-01 1.729825418e+02
-9.920827399e-01 2.353692124e-02 1.233606526e-01 -2.129736107e+02 3.013293503e-02 9.981986594e-01 5.187911529e-02 5.084443572e+00 -1.219173633e-01 5.518559337e-02 -9.910048975e-01 1.722831638e+02
-9.918231023e-01 2.127402660e-02 1.258346115e-01 -2.128799162e+02 2.793807397e-02 9.982855768e-01 5.143317251e-02 5.115869613e+00 -1.245246870e-01 5.452818540e-02 -9.907170531e-01 1.715786326e+02
-9.916816409e-01 1.522493176e-02 1.278112847e-01 -2.127700915e+02 2.196869818e-02 9.984302668e-01 5.152066193e-02 5.141020462e+00 -1.268262565e-01 5.389994210e-02 -9.904594373e-01 1.708912147e+02
-9.915635435e-01 1.129734541e-02 1.291282661e-01 -2.126404091e+02 1.818755598e-02 9.984655007e-01 5.230541713e-02 5.168222026e+00 -1.283392065e-01 5.421267232e-02 -9.902474611e-01 1.702010879e+02
-9.912344460e-01 1.041613563e-02 1.317033678e-01 -2.125406977e+02 1.720689249e-02 9.985743787e-01 5.052853620e-02 5.198240339e+00 -1.309892966e-01 5.235183128e-02 -9.900005505e-01 1.695260193e+02
-9.912433802e-01 8.847082318e-03 1.317508650e-01 -2.124497596e+02 1.534580665e-02 9.987105041e-01 4.839251123e-02 5.220655326e+00 -1.311528402e-01 4.999057970e-02 -9.901009415e-01 1.688832581e+02
-9.916555774e-01 2.446235780e-03 1.288923261e-01 -2.123592049e+02 8.753519466e-03 9.987901222e-01 4.839078053e-02 5.254618184e+00 -1.286180069e-01 4.911524889e-02 -9.904772085e-01 1.682667746e+02
-9.921402974e-01 -2.606533944e-03 1.251033020e-01 -2.122807247e+02 3.780302570e-03 9.987023040e-01 5.078796380e-02 5.267795697e+00 -1.250733365e-01 5.086171385e-02 -9.908429475e-01 1.676625799e+02
-9.926067651e-01 -3.033637102e-03 1.213367500e-01 -2.122251112e+02 3.485575880e-03 9.985628401e-01 5.347995129e-02 5.278465438e+00 -1.213246084e-01 5.350748989e-02 -9.911696565e-01 1.670907945e+02
-9.930773896e-01 -7.844528200e-04 1.174592815e-01 -2.121568875e+02 5.540512434e-03 9.985518387e-01 5.351194348e-02 5.295125754e+00 -1.173311591e-01 5.379228576e-02 -9.916349072e-01 1.665531927e+02
-9.933977225e-01 2.212187082e-03 1.146999178e-01 -2.120962939e+02 8.300365419e-03 9.985796479e-01 5.262880063e-02 5.308373213e+00 -1.144205788e-01 5.323338191e-02 -9.920051100e-01 1.660492459e+02
-9.936873852e-01 4.191716881e-03 1.121062441e-01 -2.120505466e+02 9.848169483e-03 9.987031584e-01 4.995012489e-02 5.335605339e+00 -1.117514833e-01 5.073885028e-02 -9.924400108e-01 1.655510011e+02
-9.939730554e-01 2.294323348e-03 1.096006439e-01 -2.119905522e+02 7.353982654e-03 9.989243566e-01 4.578262461e-02 5.357760646e+00 -1.093777125e-01 4.631269650e-02 -9.929207673e-01 1.650654681e+02
-9.940956582e-01 1.512285946e-03 1.084967063e-01 -2.119287680e+02 6.214206077e-03 9.990552303e-01 4.301197940e-02 5.364348546e+00 -1.083291555e-01 4.343224287e-02 -9.931658645e-01 1.645909073e+02
-9.940587595e-01 4.617953920e-04 1.088437845e-01 -2.118703517e+02 5.105980877e-03 9.990879434e-01 4.239351683e-02 5.380527481e+00 -1.087249357e-01 4.269740103e-02 -9.931544796e-01 1.641259495e+02
-9.940310105e-01 7.851631037e-04 1.090950675e-01 -2.118151183e+02 5.536309164e-03 9.990487486e-01 4.325444664e-02 5.388286907e+00 -1.089573289e-01 4.360024532e-02 -9.930897840e-01 1.636559156e+02
-9.939199653e-01 3.922948565e-04 1.101042631e-01 -2.117591468e+02 5.122610519e-03 9.990755513e-01 4.268256775e-02 5.403848994e+00 -1.099857332e-01 4.298707751e-02 -9.930031469e-01 1.632087770e+02
-9.936557662e-01 1.840543157e-03 1.124492359e-01 -2.117154637e+02 6.445136744e-03 9.991547576e-01 4.059840693e-02 5.416772672e+00 -1.122794659e-01 4.106559185e-02 -9.928277488e-01 1.627380334e+02
-9.932978997e-01 1.469579093e-03 1.155730194e-01 -2.116561143e+02 5.938166812e-03 9.992474976e-01 3.832984042e-02 5.424071342e+00 -1.154297217e-01 3.875924185e-02 -9.925591673e-01 1.622837612e+02
-9.928202092e-01 5.304709953e-04 1.196150106e-01 -2.115947579e+02 4.587075978e-03 9.994234525e-01 3.364106694e-02 5.427822883e+00 -1.195282012e-01 3.394821426e-02 -9.922502345e-01 1.618464232e+02
-9.922794000e-01 1.136494754e-03 1.240173402e-01 -2.115344921e+02 4.713078997e-03 9.995812598e-01 2.854981679e-02 5.433871368e+00 -1.239329624e-01 2.891389860e-02 -9.918692491e-01 1.614168988e+02
-9.917199028e-01 2.605110354e-03 1.283933325e-01 -2.114809863e+02 5.802674276e-03 9.996820898e-01 2.453667448e-02 5.441687136e+00 -1.282885942e-01 2.507853312e-02 -9.914197415e-01 1.609775374e+02
-9.912067732e-01 5.959937699e-03 1.321877905e-01 -2.114165765e+02 9.159897794e-03 9.996792140e-01 2.361282300e-02 5.446499649e+00 -1.320046556e-01 2.461601674e-02 -9.909434003e-01 1.605611090e+02
-9.905057719e-01 9.615377542e-03 1.371344606e-01 -2.113722102e+02 1.308931938e-02 9.996152828e-01 2.445313920e-02 5.462741480e+00 -1.368465764e-01 2.601597227e-02 -9.902505661e-01 1.600980705e+02
-9.899907076e-01 1.055777844e-02 1.407371030e-01 -2.112921071e+02 1.459004329e-02 9.995111829e-01 2.765006226e-02 5.468751203e+00 -1.403763851e-01 2.942666513e-02 -9.896608216e-01 1.596633858e+02
-9.893327397e-01 9.394833521e-03 1.453701042e-01 -2.112253926e+02 1.437922668e-02 9.993427924e-01 3.327493358e-02 5.470236579e+00 -1.449619534e-01 3.501029089e-02 -9.888176331e-01 1.592031148e+02
-9.886588469e-01 7.400997608e-03 1.499963659e-01 -2.111443420e+02 1.361479004e-02 9.990891334e-01 4.044182203e-02 5.471278543e+00 -1.495604293e-01 4.202533416e-02 -9.878590736e-01 1.587408971e+02
-9.878409167e-01 8.502640601e-03 1.552353966e-01 -2.110645603e+02 1.586746118e-02 9.988031414e-01 4.626562890e-02 5.474501866e+00 -1.546562218e-01 4.816627290e-02 -9.867935261e-01 1.582725533e+02
-9.869472675e-01 1.147142117e-02 1.606346716e-01 -2.109852167e+02 1.934893429e-02 9.986808725e-01 4.756189213e-02 5.489538926e+00 -1.598771715e-01 5.004918918e-02 -9.858673180e-01 1.577937066e+02
-9.861197820e-01 1.335194165e-02 1.654977377e-01 -2.108992393e+02 2.129613628e-02 9.986995905e-01 4.632064896e-02 5.510989989e+00 -1.646640523e-01 4.920217063e-02 -9.851217672e-01 1.573166602e+02
-9.853658276e-01 1.195023279e-02 1.700334606e-01 -2.108024597e+02 1.992578510e-02 9.987757340e-01 4.527688359e-02 5.529308425e+00 -1.692842251e-01 4.800234406e-02 -9.843975955e-01 1.568106026e+02
-9.846275581e-01 8.988991322e-03 1.744355753e-01 -2.107059962e+02 1.715933213e-02 9.988220844e-01 4.538723382e-02 5.552315396e+00 -1.738221194e-01 4.768271918e-02 -9.836219950e-01 1.563006060e+02
-9.842148620e-01 5.895388922e-03 1.768794781e-01 -2.106021418e+02 1.450314439e-02 9.987701613e-01 4.741121922e-02 5.567086566e+00 -1.763824373e-01 4.922813519e-02 -9.830899382e-01 1.557754535e+02
-9.838432487e-01 4.590417048e-03 1.789731548e-01 -2.104997193e+02 1.366037438e-02 9.986817733e-01 4.947837726e-02 5.582555879e+00 -1.785101012e-01 5.112380772e-02 -9.826090271e-01 1.552540014e+02
-9.836301287e-01 3.756189513e-03 1.801600981e-01 -2.103825186e+02 1.309445773e-02 9.986295058e-01 5.067193880e-02 5.603363579e+00 -1.797228563e-01 5.220154447e-02 -9.823312546e-01 1.547139684e+02
-9.836586646e-01 2.350777971e-03 1.800280683e-01 -2.102664721e+02 1.150582830e-02 9.986916295e-01 4.982614938e-02 5.629065699e+00 -1.796753946e-01 5.108329561e-02 -9.823987222e-01 1.541478117e+02
-9.840539810e-01 3.289012526e-05 1.778700691e-01 -2.101498585e+02 8.729740262e-03 9.988037981e-01 4.811200062e-02 5.662266943e+00 -1.776557182e-01 4.889756525e-02 -9.828771408e-01 1.535858905e+02
-9.845037739e-01 -1.751779517e-03 1.753546420e-01 -2.100403990e+02 6.369956512e-03 9.989329552e-01 4.574248177e-02 5.687664960e+00 -1.752476615e-01 4.615064738e-02 -9.834421055e-01 1.529827427e+02
-9.849571334e-01 -2.225904573e-03 1.727845213e-01 -2.099294380e+02 5.512327037e-03 9.990033891e-01 4.429269469e-02 5.709197523e+00 -1.727109137e-01 4.457885038e-02 -9.839632444e-01 1.523673443e+02
-9.854929974e-01 -4.311595765e-03 1.696613163e-01 -2.098199577e+02 3.488668149e-03 9.989513784e-01 4.565055094e-02 5.741788981e+00 -1.696802325e-01 4.558019031e-02 -9.844445464e-01 1.517240274e+02
-9.861689930e-01 -2.334103440e-03 1.657264893e-01 -2.097126426e+02 5.763395222e-03 9.988132019e-01 4.836290821e-02 5.757124888e+00 -1.656426895e-01 4.864914775e-02 -9.849851572e-01 1.510858703e+02
-9.867995730e-01 -2.397154607e-03 1.619285533e-01 -2.096064375e+02 5.529972261e-03 9.988085523e-01 4.848603060e-02 5.779726386e+00 -1.618518524e-01 4.874145470e-02 -9.856105968e-01 1.504110255e+02
-9.876911429e-01 -6.617557771e-03 1.562767229e-01 -2.094939368e+02 8.848503750e-04 9.988522762e-01 4.788890745e-02 5.805174246e+00 -1.564142680e-01 4.743773125e-02 -9.865516907e-01 1.497353397e+02
-9.890053316e-01 -1.014685618e-02 1.475313369e-01 -2.093774617e+02 -3.692677023e-03 9.990266389e-01 4.395610111e-02 5.839821967e+00 -1.478337519e-01 4.292803278e-02 -9.880801414e-01 1.490360774e+02
-9.904600090e-01 -1.203172262e-02 1.372742080e-01 -2.092743894e+02 -6.441182671e-03 9.991343945e-01 4.109711598e-02 5.873402100e+00 -1.376498518e-01 3.982084162e-02 -9.896801599e-01 1.483330176e+02
-9.921379974e-01 -1.231369168e-02 1.245414271e-01 -2.091917302e+02 -7.256468489e-03 9.991336499e-01 4.097918031e-02 5.898153235e+00 -1.249381356e-01 3.975327095e-02 -9.913678125e-01 1.476278391e+02
-9.939311889e-01 -1.367300176e-02 1.091505414e-01 -2.091055643e+02 -9.161103819e-03 9.990868635e-01 4.173144334e-02 5.925872002e+00 -1.096214662e-01 4.047824366e-02 -9.931488539e-01 1.468949186e+02
-9.954242694e-01 -1.202557932e-02 9.479403640e-02 -2.090384300e+02 -8.138799204e-03 9.991143498e-01 4.128287773e-02 5.942555049e+00 -9.520653257e-02 4.032246878e-02 -9.946405455e-01 1.461292864e+02
-9.967568559e-01 -1.283215593e-02 7.944246914e-02 -2.089705561e+02 -9.691437181e-03 9.991608806e-01 3.979460607e-02 5.971341475e+00 -7.988645802e-02 3.889563473e-02 -9.960448200e-01 1.453198041e+02
-9.978472149e-01 -1.047808382e-02 6.473905649e-02 -2.089199694e+02 -8.022682212e-03 9.992427969e-01 3.807189686e-02 5.998590226e+00 -6.508895641e-02 3.747055537e-02 -9.971757043e-01 1.445128771e+02
-9.986031062e-01 -8.617218007e-03 5.213041185e-02 -2.089045479e+02 -6.590410138e-03 9.992203127e-01 3.892728186e-02 6.037618176e+00 -5.242521130e-02 3.852934379e-02 -9.978812990e-01 1.436653016e+02
-9.991350478e-01 -7.628345840e-03 4.087743282e-02 -2.088689995e+02 -5.911929544e-03 9.991023498e-01 4.194691613e-02 6.059106861e+00 -4.116072477e-02 4.166896955e-02 -9.982832723e-01 1.428260750e+02
-9.994476960e-01 -7.666081354e-03 3.233472145e-02 -2.088488333e+02 -6.222795398e-03 9.989898875e-01 4.450260157e-02 6.077146512e+00 -3.264322031e-02 4.427681025e-02 -9.984858458e-01 1.419724731e+02
-9.996342333e-01 -6.847631849e-03 2.616313401e-02 -2.088265068e+02 -5.706891329e-03 9.990401883e-01 4.342963934e-02 6.108510108e+00 -2.643541251e-02 4.326444406e-02 -9.987138513e-01 1.411033949e+02
-9.997285831e-01 -6.681953795e-03 2.231841280e-02 -2.088018421e+02 -5.743196592e-03 9.991067937e-01 4.186443044e-02 6.152901022e+00 -2.257821404e-02 4.172488869e-02 -9.988739950e-01 1.402328936e+02
-9.997850095e-01 -5.113814434e-03 2.009436989e-02 -2.088086173e+02 -4.255017951e-03 9.990852398e-01 4.255089169e-02 6.186727792e+00 -2.029358573e-02 4.245624175e-02 -9.988922054e-01 1.392944777e+02
-9.998204732e-01 -5.489424513e-03 1.813525627e-02 -2.087935683e+02 -4.646217152e-03 9.989207210e-01 4.621477901e-02 6.224315868e+00 -1.836937581e-02 4.612222188e-02 -9.987668931e-01 1.383543985e+02
-9.998658102e-01 -3.251881949e-03 1.605573929e-02 -2.087517703e+02 -2.458486718e-03 9.987864230e-01 4.918980750e-02 6.258705283e+00 -1.619621386e-02 4.914373391e-02 -9.986603908e-01 1.374504606e+02
-9.998721618e-01 -3.327018046e-04 1.598591280e-02 -2.087355604e+02 3.989960406e-04 9.989530042e-01 4.574643376e-02 6.286882029e+00 -1.598439554e-02 4.574696393e-02 -9.988251671e-01 1.365064799e+02
-9.998557077e-01 1.198747120e-03 1.694481725e-02 -2.087309231e+02 1.855033506e-03 9.992465045e-01 3.876831247e-02 6.330815341e+00 -1.688557601e-02 3.879415170e-02 -9.991045446e-01 1.355392371e+02
-9.998272471e-01 3.001489275e-03 1.834303986e-02 -2.087153028e+02 3.620682484e-03 9.994214878e-01 3.381686616e-02 6.372542781e+00 -1.823092723e-02 3.387743852e-02 -9.992597022e-01 1.345740980e+02
-9.998045742e-01 3.242605688e-03 1.950125211e-02 -2.086898387e+02 3.971748540e-03 9.992899423e-01 3.746780479e-02 6.393096071e+00 -1.936591178e-02 3.753793669e-02 -9.991075341e-01 1.336191173e+02
-9.997614357e-01 6.244365998e-03 2.093034954e-02 -2.086711294e+02 7.123916063e-03 9.990831495e-01 4.221504764e-02 6.409915187e+00 -2.064755333e-02 4.235408269e-02 -9.988892883e-01 1.326505410e+02
-9.997073188e-01 7.712841942e-03 2.293008583e-02 -2.086685373e+02 8.713836628e-03 9.989988174e-01 4.387974301e-02 6.451257902e+00 -2.256869110e-02 4.406670925e-02 -9.987736377e-01 1.316439586e+02
-9.996652749e-01 8.717838240e-03 2.435851931e-02 -2.086305905e+02 9.839942101e-03 9.988776000e-01 4.633266384e-02 6.468979365e+00 -2.392725864e-02 4.655684155e-02 -9.986290336e-01 1.306754014e+02
-9.996065401e-01 7.317370357e-03 2.707805400e-02 -2.085974151e+02 8.621955461e-03 9.987917936e-01 4.837990221e-02 6.504321322e+00 -2.669132446e-02 4.859433243e-02 -9.984618991e-01 1.296829636e+02
-9.994944421e-01 1.345281868e-02 2.880766922e-02 -2.085613793e+02 1.490050253e-02 9.986056554e-01 5.064306446e-02 6.533522442e+00 -2.808620944e-02 5.104671021e-02 -9.983012562e-01 1.286798969e+02
-9.993593607e-01 1.699914024e-02 3.149440232e-02 -2.085293981e+02 1.858013049e-02 9.985458473e-01 5.060602250e-02 6.546591046e+00 -3.058834577e-02 5.115877240e-02 -9.982219859e-01 1.276516214e+02
-9.991734477e-01 1.941460795e-02 3.571406447e-02 -2.084981678e+02 2.103545254e-02 9.987390756e-01 4.558254759e-02 6.585678178e+00 -3.478406444e-02 4.629613274e-02 -9.983219606e-01 1.266555273e+02
-9.988139804e-01 2.632679850e-02 4.095768946e-02 -2.084835357e+02 2.799632283e-02 9.987775955e-01 4.073721335e-02 6.630037576e+00 -3.983514219e-02 4.183556291e-02 -9.983300792e-01 1.256369161e+02
-9.983901053e-01 3.139807235e-02 4.723725939e-02 -2.084456509e+02 3.329588016e-02 9.986471537e-01 3.994054158e-02 6.652635148e+00 -4.591929862e-02 4.144904764e-02 -9.980848634e-01 1.246422729e+02
-9.979412817e-01 3.363834420e-02 5.460457913e-02 -2.083953159e+02 3.596812553e-02 9.984590217e-01 4.225962521e-02 6.674616750e+00 -5.309889084e-02 4.413664891e-02 -9.976133840e-01 1.236550485e+02
-9.975847644e-01 3.165828243e-02 6.182548835e-02 -2.083274632e+02 3.439868193e-02 9.984490310e-01 4.377514303e-02 6.699303907e+00 -6.034375310e-02 4.579613106e-02 -9.971265445e-01 1.226557281e+02
-9.971158082e-01 3.361447232e-02 6.804507556e-02 -2.082596205e+02 3.674003959e-02 9.983014169e-01 4.521560005e-02 6.717590153e+00 -6.640959681e-02 4.758516836e-02 -9.966571212e-01 1.216648412e+02
-9.968354891e-01 2.879482481e-02 7.409362871e-02 -2.081623201e+02 3.190021727e-02 9.986466854e-01 4.107522319e-02 6.743008626e+00 -7.281060286e-02 4.330884305e-02 -9.964050182e-01 1.206987156e+02
-9.965035547e-01 2.460949552e-02 7.984383592e-02 -2.080767523e+02 2.758142756e-02 9.989589798e-01 3.633485349e-02 6.776034259e+00 -7.886653446e-02 3.841001764e-02 -9.961449394e-01 1.197179717e+02
-9.960395043e-01 2.323512499e-02 8.582211213e-02 -2.079935658e+02 2.651828240e-02 9.989516192e-01 3.731545458e-02 6.806661918e+00 -8.486510862e-02 3.944352189e-02 -9.956114312e-01 1.187342898e+02
-9.957085656e-01 1.912824090e-02 9.054591567e-02 -2.078880966e+02 2.311653848e-02 9.987987380e-01 4.320539989e-02 6.835600819e+00 -8.961070301e-02 4.511309489e-02 -9.949546374e-01 1.177568218e+02
-9.953849072e-01 1.892244687e-02 9.407883697e-02 -2.077904514e+02 2.374961571e-02 9.984437729e-01 5.045778562e-02 6.858386666e+00 -9.297764416e-02 5.245925448e-02 -9.942852630e-01 1.167975707e+02
-9.950962097e-01 1.456625082e-02 9.783331665e-02 -2.076790531e+02 1.958071340e-02 9.985324901e-01 5.049219583e-02 6.886214243e+00 -9.695426331e-02 5.216023882e-02 -9.939211137e-01 1.158566020e+02
-9.950254541e-01 1.247786236e-02 9.883647436e-02 -2.075592753e+02 1.734026731e-02 9.986730775e-01 4.849122937e-02 6.914555532e+00 -9.810025913e-02 4.996385841e-02 -9.939215019e-01 1.149222825e+02
-9.948808375e-01 8.580627574e-03 1.006900785e-01 -2.074634589e+02 1.326085949e-02 9.988578016e-01 4.590470346e-02 6.950181574e+00 -1.001811793e-01 4.700494681e-02 -9.938582727e-01 1.139950929e+02
-9.947639402e-01 1.131490648e-02 1.015710397e-01 -2.073726348e+02 1.611952242e-02 9.987832066e-01 4.660758696e-02 6.964562100e+00 -1.009200882e-01 4.800082350e-02 -9.937359089e-01 1.130733726e+02
-9.945585290e-01 1.486152899e-02 1.031138558e-01 -2.072804444e+02 1.951709860e-02 9.988281080e-01 4.428875201e-02 6.996336586e+00 -1.023348189e-01 4.606023934e-02 -9.936830678e-01 1.121766048e+02
-9.943854047e-01 1.926412366e-02 1.040507586e-01 -2.071977246e+02 2.385348951e-02 9.987883710e-01 4.304417570e-02 7.021305135e+00 -1.030954794e-01 4.528447376e-02 -9.936400951e-01 1.112909537e+02
-9.941198400e-01 2.459189040e-02 1.054560699e-01 -2.071106534e+02 2.937257931e-02 9.985986556e-01 4.402245553e-02 7.049480946e+00 -1.042256942e-01 4.686111322e-02 -9.934490630e-01 1.104281117e+02
-9.938807438e-01 2.628304081e-02 1.072859214e-01 -2.070337635e+02 3.130464214e-02 9.984785911e-01 4.539297794e-02 7.068126715e+00 -1.059296301e-01 4.847375405e-02 -9.931914260e-01 1.095899467e+02
-9.937913596e-01 2.288231451e-02 1.088812804e-01 -2.069474340e+02 2.804418980e-02 9.985423805e-01 4.611548183e-02 7.090126113e+00 -1.076673440e-01 4.888265468e-02 -9.929845060e-01 1.087716425e+02
-9.938411225e-01 2.116553821e-02 1.087742760e-01 -2.068557742e+02 2.610581248e-02 9.986817288e-01 4.419605322e-02 7.113885660e+00 -1.076954488e-01 4.676349600e-02 -9.930835140e-01 1.079963450e+02
-9.939992591e-01 1.928583524e-02 1.076732536e-01 -2.067691125e+02 2.407351869e-02 9.987701440e-01 4.334357097e-02 7.129685242e+00 -1.067049141e-01 4.567555151e-02 -9.932410610e-01 1.072572232e+02
-9.942144128e-01 1.468099698e-02 1.064056843e-01 -2.067067765e+02 1.932011263e-02 9.989011391e-01 4.269950293e-02 7.163123670e+00 -1.056618880e-01 4.450823104e-02 -9.934055480e-01 1.065048352e+02
-9.944102644e-01 1.135054017e-02 1.049732880e-01 -2.066394247e+02 1.590188992e-02 9.989646944e-01 4.262240191e-02 7.170037712e+00 -1.043808213e-01 4.405342763e-02 -9.935612410e-01 1.058183108e+02
-9.945181759e-01 8.620771050e-03 1.042078698e-01 -2.065610385e+02 1.312177971e-02 9.990066961e-01 4.258450373e-02 7.185582229e+00 -1.037372484e-01 4.371845568e-02 -9.936434370e-01 1.051445724e+02
-9.945917098e-01 7.505210689e-03 1.035905526e-01 -2.065087948e+02 1.214142597e-02 9.989490332e-01 4.419745372e-02 7.195136605e+00 -1.031499712e-01 4.521615809e-02 -9.936375509e-01 1.044831865e+02
-9.946693311e-01 5.992269769e-03 1.029418011e-01 -2.064584343e+02 1.067183908e-02 9.989314256e-01 4.496797613e-02 7.214159684e+00 -1.025623399e-01 4.582684507e-02 -9.936704014e-01 1.038516330e+02
-9.948068788e-01 6.342867765e-03 1.015826849e-01 -2.063876246e+02 1.126183992e-02 9.987875286e-01 4.792331097e-02 7.218328688e+00 -1.011555476e-01 4.881844735e-02 -9.936721363e-01 1.032643579e+02
-9.948236752e-01 2.638958872e-03 1.015819431e-01 -2.063529202e+02 7.830353023e-03 9.986811622e-01 5.074073108e-02 7.220254129e+00 -1.013140703e-01 5.127350305e-02 -9.935323281e-01 1.026976965e+02
-9.949586004e-01 -2.582934540e-03 1.002532387e-01 -2.062966177e+02 2.621733453e-03 9.986566938e-01 5.174876324e-02 7.232916289e+00 -1.002522316e-01 5.175071432e-02 -9.936152946e-01 1.021981140e+02
-9.950716647e-01 -8.204461917e-03 9.881836370e-02 -2.062308708e+02 -3.153422628e-03 9.986853631e-01 5.116249993e-02 7.256046812e+00 -9.910821422e-02 5.059873791e-02 -9.937893789e-01 1.017130638e+02
-9.951495463e-01 -6.313507889e-03 9.817087239e-02 -2.061835114e+02 -1.420388893e-03 9.987565497e-01 4.983309075e-02 7.251500553e+00 -9.836342340e-02 4.945193683e-02 -9.939210949e-01 1.012669654e+02
-9.950894941e-01 -1.564887004e-03 9.896691279e-02 -2.061608027e+02 2.856845897e-03 9.990043457e-01 4.452140752e-02 7.276577153e+00 -9.893804693e-02 4.458551811e-02 -9.940942583e-01 1.008098332e+02
-9.950421632e-01 3.861424541e-03 9.937898559e-02 -2.061116705e+02 7.879806900e-03 9.991656338e-01 4.007424086e-02 7.279569290e+00 -9.914132348e-02 4.065864653e-02 -9.942423610e-01 1.003799313e+02
-9.949097512e-01 5.429611572e-03 1.006235875e-01 -2.060831849e+02 9.048117164e-03 9.993273154e-01 3.553938921e-02 7.276723233e+00 -1.003629345e-01 3.626893888e-02 -9.942896185e-01 9.993837608e+01
-9.947726076e-01 -8.964660517e-04 1.021109962e-01 -2.060242780e+02 2.496668455e-03 9.994490187e-01 3.309721412e-02 7.286754139e+00 -1.020844055e-01 3.317913929e-02 -9.942222683e-01 9.951725689e+01
-9.945720771e-01 -4.479526937e-03 1.039534385e-01 -2.059656873e+02 -1.084922218e-03 9.994649946e-01 3.268864475e-02 7.291661293e+00 -1.040442526e-01 3.239843191e-02 -9.940448356e-01 9.910303516e+01
-9.944123686e-01 -7.887750512e-04 1.055623943e-01 -2.059130545e+02 2.752420545e-03 9.994384044e-01 3.339610791e-02 7.313267821e+00 -1.055294529e-01 3.350005487e-02 -9.938517399e-01 9.867283690e+01
-9.941150408e-01 5.947057183e-03 1.081661603e-01 -2.058850092e+02 9.821071046e-03 9.993278662e-01 3.531801874e-02 7.329852103e+00 -1.078834199e-01 3.617248119e-02 -9.935052689e-01 9.823556612e+01
-9.938963686e-01 1.157598619e-02 1.097087284e-01 -2.058491098e+02 1.550654512e-02 9.992655324e-01 3.504201480e-02 7.335559122e+00 -1.092225050e-01 3.652933460e-02 -9.933458874e-01 9.781450511e+01
-9.936624724e-01 1.342141033e-02 1.116008808e-01 -2.058146367e+02 1.731274253e-02 9.992728012e-01 3.397260150e-02 7.332125490e+00 -1.110637645e-01 3.568941652e-02 -9.931722437e-01 9.738590366e+01
-9.935427623e-01 1.347319500e-02 1.126554593e-01 -2.057575875e+02 1.728485333e-02 9.993082960e-01 3.292663681e-02 7.332160087e+00 -1.121339081e-01 3.466125478e-02 -9.930884070e-01 9.700078057e+01
-9.933507429e-01 1.208265620e-02 1.144915325e-01 -2.057093992e+02 1.597205326e-02 9.993239234e-01 3.311479453e-02 7.345345329e+00 -1.140140127e-01 3.472327060e-02 -9.928721465e-01 9.658819116e+01
-9.927197700e-01 1.561089523e-02 1.194309764e-01 -2.056663875e+02 2.000851868e-02 9.991618280e-01 3.571135041e-02 7.352681157e+00 -1.187733866e-01 3.784100049e-02 -9.922000511e-01 9.618741422e+01
-9.919817265e-01 2.057269322e-02 1.246957039e-01 -2.056147793e+02 2.537272697e-02 9.989920406e-01 3.702873939e-02 7.360873069e+00 -1.238082348e-01 3.989570288e-02 -9.915038345e-01 9.577997314e+01
-9.913153345e-01 1.837870394e-02 1.302157085e-01 -2.055552924e+02 2.329152378e-02 9.990692467e-01 3.630627088e-02 7.386462929e+00 -1.294272476e-01 3.902388533e-02 -9.908207325e-01 9.537714534e+01
-9.904094692e-01 1.471970542e-02 1.373769036e-01 -2.054986523e+02 1.986900431e-02 9.991474892e-01 3.618725689e-02 7.385466305e+00 -1.367271225e-01 3.856974417e-02 -9.898576003e-01 9.496349841e+01
-9.894436926e-01 1.519860336e-02 1.441186375e-01 -2.054321964e+02 2.060831269e-02 9.991350118e-01 3.611821726e-02 7.392839644e+00 -1.434450301e-01 3.870698420e-02 -9.889010530e-01 9.454213687e+01
-9.883548452e-01 1.983718812e-02 1.508681076e-01 -2.053786069e+02 2.559183614e-02 9.990132720e-01 3.629793680e-02 7.402943847e+00 -1.499991928e-01 3.973623359e-02 -9.878872779e-01 9.411037041e+01
-9.874755334e-01 2.249206000e-02 1.561607446e-01 -2.053068195e+02 2.819389779e-02 9.990105922e-01 3.439390669e-02 7.423610941e+00 -1.552326481e-01 3.836592143e-02 -9.871326563e-01 9.368204651e+01
-9.866554437e-01 2.217280820e-02 1.613053067e-01 -2.052269805e+02 2.749754691e-02 9.991456261e-01 3.085292181e-02 7.438192267e+00 -1.604833957e-01 3.487670350e-02 -9.864221689e-01 9.325640264e+01
-9.858061482e-01 2.011146650e-02 1.666786341e-01 -2.051477652e+02 2.499684022e-02 9.993156806e-01 2.726405191e-02 7.434250801e+00 -1.660162526e-01 3.104350919e-02 -9.856342650e-01 9.281027496e+01
-9.849299391e-01 1.600000507e-02 1.722121215e-01 -2.050546674e+02 2.096610334e-02 9.994140036e-01 2.705682805e-02 7.436001200e+00 -1.716782965e-01 3.025969715e-02 -9.846882315e-01 9.235119398e+01
-9.838354058e-01 1.445271243e-02 1.784909338e-01 -2.049627152e+02 2.005931644e-02 9.993591518e-01 2.964640937e-02 7.444562138e+00 -1.779480772e-01 3.274759332e-02 -9.834948281e-01 9.189114206e+01
-9.826811936e-01 1.777917834e-02 1.844493768e-01 -2.048743599e+02 2.371597174e-02 9.992675966e-01 3.003036769e-02 7.452568946e+00 -1.837803702e-01 3.388467378e-02 -9.823831251e-01 9.140320581e+01
-9.816375590e-01 2.149288818e-02 1.895409151e-01 -2.047783929e+02 2.754882931e-02 9.991887957e-01 2.937367111e-02 7.462876758e+00 -1.887558336e-01 3.405592913e-02 -9.814333543e-01 9.090109285e+01
-9.807600420e-01 2.253320197e-02 1.939123382e-01 -2.046795608e+02 2.880108925e-02 9.991478503e-01 2.956468497e-02 7.475363823e+00 -1.930809088e-01 3.458074824e-02 -9.805732683e-01 9.038916249e+01
-9.802971216e-01 2.011390544e-02 1.965018684e-01 -2.045604191e+02 2.638192686e-02 9.992214978e-01 2.933244495e-02 7.485101908e+00 -1.957589012e-01 3.393860928e-02 -9.800646016e-01 8.987560896e+01
-9.800246851e-01 1.671460031e-02 1.981722450e-01 -2.044421041e+02 2.223327168e-02 9.994235747e-01 2.565540641e-02 7.489533567e+00 -1.976291936e-01 2.954894895e-02 -9.798313944e-01 8.935015087e+01
-9.798400181e-01 1.290945623e-02 1.993662082e-01 -2.043316128e+02 1.742350718e-02 9.996296511e-01 2.090411608e-02 7.497028398e+00 -1.990225123e-01 2.395634804e-02 -9.797020634e-01 8.880834181e+01
-9.799348252e-01 1.209639040e-02 1.989507870e-01 -2.042105881e+02 1.580147020e-02 9.997298395e-01 1.704586621e-02 7.503711302e+00 -1.986908449e-01 1.984755285e-02 -9.798612263e-01 8.825846488e+01
-9.800835631e-01 1.052158735e-02 1.983065949e-01 -2.040943356e+02 1.417846627e-02 9.997544521e-01 1.702957958e-02 7.516877714e+00 -1.980787229e-01 1.950209440e-02 -9.799920856e-01 8.766948894e+01
-9.806063715e-01 6.877308520e-03 1.958669109e-01 -2.039713649e+02 1.119667140e-02 9.997177462e-01 2.095381971e-02 7.525562500e+00 -1.956675208e-01 2.274050655e-02 -9.804065946e-01 8.708972975e+01
-9.811940018e-01 1.739676176e-03 1.930163316e-01 -2.038419124e+02 7.381994497e-03 9.995660492e-01 2.851700389e-02 7.539030526e+00 -1.928829617e-01 2.940555866e-02 -9.807810542e-01 8.646765133e+01
-9.818695088e-01 -5.073929786e-03 1.894901660e-01 -2.037176176e+02 2.127743046e-03 9.992837114e-01 3.778275969e-02 7.549211632e+00 -1.895461434e-01 3.750092608e-02 -9.811554108e-01 8.583069983e+01
-9.827250692e-01 -1.064938110e-02 1.847647939e-01 -2.035844280e+02 -3.021605117e-03 9.991332593e-01 4.151626288e-02 7.566410245e+00 -1.850467733e-01 4.024078607e-02 -9.819054796e-01 8.515618932e+01
-9.835426750e-01 -1.545939039e-02 1.800133710e-01 -2.034632009e+02 -8.555212113e-03 9.991999637e-01 3.906713191e-02 7.581443505e+00 -1.804733079e-01 3.688413885e-02 -9.828880635e-01 8.449044821e+01
-9.847415860e-01 -1.763129000e-02 1.731275438e-01 -2.033382672e+02 -1.160641952e-02 9.992933239e-01 3.575113631e-02 7.593167624e+00 -1.736355374e-01 3.319623976e-02 -9.842503288e-01 8.386188077e+01
-9.863045842e-01 -1.805251862e-02 1.639432027e-01 -2.032313909e+02 -1.350734155e-02 9.994940214e-01 2.879675072e-02 7.625366584e+00 -1.643801049e-01 2.618793041e-02 -9.860493768e-01 8.317837892e+01
-9.883047711e-01 -1.423289034e-02 1.518259010e-01 -2.031392556e+02 -1.079643144e-02 9.996670717e-01 2.343465167e-02 7.652510900e+00 -1.521088967e-01 2.152140012e-02 -9.881294009e-01 8.246956574e+01
-9.903786862e-01 -1.378446784e-02 1.376954845e-01 -2.030402229e+02 -1.119481936e-02 9.997459334e-01 1.956386001e-02 7.657057159e+00 -1.379301780e-01 1.783415390e-02 -9.902813787e-01 8.178209781e+01
-9.924793269e-01 -1.154023731e-02 1.218671761e-01 -2.029650942e+02 -9.476966859e-03 9.998020088e-01 1.749657965e-02 7.673266198e+00 -1.220449622e-01 1.621006240e-02 -9.923921912e-01 8.104944887e+01
-9.943811109e-01 -1.112861366e-02 1.052727894e-01 -2.028950684e+02 -9.383045754e-03 9.998104028e-01 1.706215113e-02 7.682927795e+00 -1.054427080e-01 1.597850140e-02 -9.942969993e-01 8.032461829e+01
-9.961392025e-01 -9.806862602e-03 8.723826335e-02 -2.028475015e+02 -8.077149476e-03 9.997641713e-01 2.015840936e-02 7.682799358e+00 -8.741538081e-02 1.937594533e-02 -9.959834958e-01 7.958973464e+01
-9.977057548e-01 -1.038838962e-02 6.689774387e-02 -2.028068713e+02 -8.814784083e-03 9.996784746e-01 2.377492253e-02 7.697886222e+00 -6.712321771e-02 2.313068786e-02 -9.974765385e-01 7.881742329e+01
-9.988382876e-01 -1.172418486e-02 4.673990416e-02 -2.027817992e+02 -1.035920129e-02 9.995158132e-01 2.933983946e-02 7.710105517e+00 -4.706125902e-02 2.882156693e-02 -9.984761165e-01 7.806318443e+01
-9.995706802e-01 -1.172159477e-02 2.685255128e-02 -2.027869790e+02 -1.085980957e-02 9.994283148e-01 3.201731035e-02 7.711080439e+00 -2.721249401e-02 3.171195109e-02 -9.991265347e-01 7.728117475e+01
-9.999312251e-01 -9.172732906e-03 7.307942383e-03 -2.027796394e+02 -8.958511193e-03 9.995443031e-01 2.882587698e-02 7.715060120e+00 -7.569024247e-03 2.875842620e-02 -9.995577336e-01 7.649620563e+01
-9.999418052e-01 -6.500907638e-03 -8.609552161e-03 -2.028046704e+02 -6.665650765e-03 9.997925489e-01 1.924651109e-02 7.727802897e+00 8.482646309e-03 1.930277931e-02 -9.997776990e-01 7.571359740e+01
-9.997813641e-01 -9.372651374e-04 -2.088888725e-02 -2.028355416e+02 -1.201174755e-03 9.999195799e-01 1.262500818e-02 7.742764767e+00 2.087537438e-02 1.264733910e-02 -9.997020874e-01 7.493318198e+01
-9.995828383e-01 5.904881144e-03 -2.827157138e-02 -2.028753395e+02 5.557421110e-03 9.999082559e-01 1.235292633e-02 7.750062089e+00 2.834192019e-02 1.219065614e-02 -9.995239484e-01 7.412244556e+01
-9.994330893e-01 1.273284806e-02 -3.116688210e-02 -2.029115840e+02 1.225840323e-02 9.998067785e-01 1.536675974e-02 7.755510676e+00 3.135652260e-02 1.497599195e-02 -9.993960617e-01 7.330922823e+01
-9.993702542e-01 1.834840605e-02 -3.037154810e-02 -2.029402973e+02 1.783818482e-02 9.996965934e-01 1.698588805e-02 7.760597118e+00 3.067399714e-02 1.643341797e-02 -9.993943409e-01 7.251322364e+01
-9.993629722e-01 2.256536943e-02 -2.764875796e-02 -2.029557445e+02 2.204312766e-02 9.995755115e-01 1.904986523e-02 7.772921388e+00 2.806688863e-02 1.842826483e-02 -9.994361655e-01 7.168299796e+01
-9.994539035e-01 2.409193307e-02 -2.261578217e-02 -2.029703136e+02 2.352210699e-02 9.994073558e-01 2.513260278e-02 7.773247636e+00 2.320787204e-02 2.458690710e-02 -9.994282759e-01 7.086108133e+01
-9.994801827e-01 2.780368017e-02 -1.631930479e-02 -2.029810760e+02 2.731859749e-02 9.991993156e-01 2.923049666e-02 7.786992255e+00 1.711895355e-02 2.876948162e-02 -9.994394721e-01 7.001583854e+01
-9.995567390e-01 2.858971076e-02 -8.303855689e-03 -2.029773510e+02 2.833100433e-02 9.991554999e-01 2.975972309e-02 7.808228056e+00 9.147664958e-03 2.951127519e-02 -9.995225885e-01 6.917854759e+01
-9.994452973e-01 3.329323912e-02 8.110735695e-04 -2.029880097e+02 3.330309398e-02 9.991194370e-01 2.551968916e-02 7.815404177e+00 3.927374537e-05 2.553254458e-02 -9.996739907e-01 6.830882981e+01
-9.992627301e-01 3.687822932e-02 1.067672564e-02 -2.029952698e+02 3.708696935e-02 9.991106441e-01 2.006184262e-02 7.837846955e+00 -9.927385001e-03 2.044301903e-02 -9.997417316e-01 6.742688230e+01
-9.991493117e-01 3.611204752e-02 1.991413978e-02 -2.029827316e+02 3.643511297e-02 9.992062261e-01 1.610590923e-02 7.846085283e+00 -1.931671510e-02 1.681778205e-02 -9.996719596e-01 6.653713129e+01
-9.990013029e-01 3.398844143e-02 2.900314808e-02 -2.029415293e+02 3.441060251e-02 9.993071399e-01 1.418275515e-02 7.854739298e+00 -2.850100321e-02 1.516660668e-02 -9.994786976e-01 6.565586608e+01
-9.986575928e-01 3.502717703e-02 3.815899987e-02 -2.029025949e+02 3.560443870e-02 9.992599707e-01 1.455455211e-02 7.867681362e+00 -3.762095622e-02 1.589364374e-02 -9.991656798e-01 6.474695879e+01
-9.983326984e-01 3.518011517e-02 4.576224188e-02 -2.028580143e+02 3.606321434e-02 9.991760863e-01 1.861701391e-02 7.872852246e+00 -4.506958905e-02 2.023630727e-02 -9.987788664e-01 6.382578771e+01
-9.980575900e-01 3.281337164e-02 5.295592289e-02 -2.027976944e+02 3.393230346e-02 9.992165171e-01 2.037033875e-02 7.871798449e+00 -5.224601333e-02 2.212768765e-02 -9.983890622e-01 6.290939135e+01
-9.977668316e-01 2.902231556e-02 6.015858140e-02 -2.027149774e+02 3.019389320e-02 9.993699062e-01 1.865795956e-02 7.883941706e+00 -5.957917866e-02 2.043271497e-02 -9.980144416e-01 6.198833778e+01
-9.973022020e-01 2.929957665e-02 6.730418065e-02 -2.026463365e+02 3.071075442e-02 9.993276209e-01 2.002887145e-02 7.884026664e+00 -6.667208927e-02 2.204179976e-02 -9.975314489e-01 6.106245676e+01
-9.967841880e-01 3.109750488e-02 7.385274346e-02 -2.025853189e+02 3.274601488e-02 9.992384925e-01 2.121635404e-02 7.881193298e+00 -7.313672837e-02 2.356650927e-02 -9.970434487e-01 6.009498984e+01
-9.965146329e-01 3.055896427e-02 7.761917376e-02 -2.025050261e+02 3.241243921e-02 9.992160307e-01 2.273230823e-02 7.896883431e+00 -7.686364692e-02 2.516890454e-02 -9.967238866e-01 5.915763279e+01
-9.962776474e-01 2.954869647e-02 8.097977397e-02 -2.024219134e+02 3.168154068e-02 9.991807724e-01 2.518062660e-02 7.904171023e+00 -8.016937841e-02 2.765245943e-02 -9.963976175e-01 5.823722840e+01
-9.959897925e-01 3.031908696e-02 8.417295416e-02 -2.023431239e+02 3.229030430e-02 9.992329172e-01 2.215656786e-02 7.916150778e+00 -8.343661963e-02 2.478568573e-02 -9.962047984e-01 5.728866029e+01
-9.959119212e-01 2.654268880e-02 8.634194214e-02 -2.022472202e+02 2.816095370e-02 9.994488249e-01 1.757859897e-02 7.936279547e+00 -8.582776932e-02 1.993820771e-02 -9.961104667e-01 5.635291259e+01
-9.957584237e-01 2.840703390e-02 8.751115333e-02 -2.021567985e+02 2.995912985e-02 9.994153635e-01 1.647366933e-02 7.944540951e+00 -8.699202303e-02 1.902555302e-02 -9.960273170e-01 5.543696896e+01
-9.956818908e-01 2.792573859e-02 8.853092970e-02 -2.020820703e+02 2.987882075e-02 9.993368205e-01 2.081286091e-02 7.944023713e+00 -8.789100329e-02 2.336818848e-02 -9.958559631e-01 5.449173438e+01
-9.958052811e-01 2.834495586e-02 8.699658398e-02 -2.019718536e+02 3.036074773e-02 9.992982797e-01 2.193565787e-02 7.953727359e+00 -8.631377146e-02 2.448492529e-02 -9.959670784e-01 5.361664944e+01
-9.957036180e-01 3.315553824e-02 8.645817182e-02 -2.018854029e+02 3.514962366e-02 9.991476502e-01 2.164433141e-02 7.960663117e+00 -8.566684976e-02 2.459031130e-02 -9.960203349e-01 5.272598801e+01
-9.956084386e-01 3.577355913e-02 8.651063163e-02 -2.018168082e+02 3.753145241e-02 9.991189803e-01 1.877906543e-02 7.961492104e+00 -8.576262005e-02 2.194346567e-02 -9.960739216e-01 5.180653692e+01
-9.956019940e-01 3.781126492e-02 8.571451288e-02 -2.017349097e+02 3.923627850e-02 9.991173487e-01 1.500126772e-02 7.964733498e+00 -8.507163994e-02 1.829841055e-02 -9.962067979e-01 5.090631665e+01
-9.955703183e-01 4.043610107e-02 8.488028680e-02 -2.016481794e+02 4.191530949e-02 9.989975372e-01 1.571710795e-02 7.971619781e+00 -8.415965891e-02 1.920526965e-02 -9.962671878e-01 5.002358146e+01
-9.956888340e-01 3.911696406e-02 8.410474970e-02 -2.015596538e+02 4.109938446e-02 9.989135018e-01 2.196944469e-02 7.984265638e+00 -8.315399206e-02 2.533138421e-02 -9.962147031e-01 4.909760229e+01
-9.960625276e-01 3.274923262e-02 8.238281935e-02 -2.014681775e+02 3.543308682e-02 9.988808624e-01 3.132920581e-02 7.988635675e+00 -8.126461419e-02 3.412492551e-02 -9.961082029e-01 4.819508473e+01
-9.964803275e-01 2.714935424e-02 7.930869672e-02 -2.013705410e+02 3.018891795e-02 9.988449645e-01 3.738136177e-02 8.009462322e+00 -7.820221253e-02 3.964403536e-02 -9.961489670e-01 4.731505065e+01
-9.968062152e-01 2.410002774e-02 7.613513023e-02 -2.012931799e+02 2.702986596e-02 9.989238897e-01 3.768884252e-02 8.024982164e+00 -7.514489828e-02 3.962639483e-02 -9.963849623e-01 4.641128074e+01
-9.969138036e-01 2.729182536e-02 7.360723097e-02 -2.012297964e+02 2.964157439e-02 9.990790996e-01 3.102144088e-02 8.036785318e+00 -7.269281429e-02 3.310753684e-02 -9.968047180e-01 4.551821404e+01
-9.970055936e-01 2.841778141e-02 7.191853744e-02 -2.011556694e+02 3.011466603e-02 9.992904457e-01 2.262105285e-02 8.053221926e+00 -7.122466720e-02 2.471911896e-02 -9.971539560e-01 4.465729295e+01
-9.970792734e-01 2.822072696e-02 7.096839535e-02 -2.010786967e+02 2.968018724e-02 9.993673610e-01 1.959500558e-02 8.059944430e+00 -7.037051268e-02 2.164412918e-02 -9.972860786e-01 4.379075981e+01
-9.969584627e-01 3.067896253e-02 7.164234084e-02 -2.010295238e+02 3.220988901e-02 9.992747067e-01 2.031215236e-02 8.067545201e+00 -7.096722337e-02 2.255796403e-02 -9.972235414e-01 4.292888416e+01
-9.968753715e-01 3.167634506e-02 7.236092087e-02 -2.009666505e+02 3.324533012e-02 9.992352731e-01 2.058195901e-02 8.067267968e+00 -7.165362329e-02 2.292331073e-02 -9.971661246e-01 4.210623955e+01
-9.968997694e-01 3.082792091e-02 7.239122176e-02 -2.009019806e+02 3.228756103e-02 9.992964848e-01 1.908006408e-02 8.067990464e+00 -7.175209473e-02 2.135824747e-02 -9.971937937e-01 4.127590357e+01
-9.967446621e-01 3.459997420e-02 7.282115378e-02 -2.008517526e+02 3.612853814e-02 9.991514039e-01 1.977879604e-02 8.075560212e+00 -7.207501220e-02 2.234533121e-02 -9.971488749e-01 4.045226379e+01
-9.965923350e-01 3.694594025e-02 7.374764684e-02 -2.007828770e+02 3.872287521e-02 9.989895714e-01 2.281173274e-02 8.076751260e+00 -7.283032920e-02 2.558971893e-02 -9.970160026e-01 3.968276489e+01
-9.965967374e-01 3.521895920e-02 7.452897387e-02 -2.007151077e+02 3.740947889e-02 9.989019823e-01 2.820213859e-02 8.075885959e+00 -7.345388977e-02 3.089424938e-02 -9.968199795e-01 3.891365361e+01
-9.965618329e-01 3.352380233e-02 7.576719576e-02 -2.006504668e+02 3.590744519e-02 9.988950793e-01 3.031956228e-02 8.077767194e+00 -7.466705201e-02 3.293592498e-02 -9.966644652e-01 3.816825551e+01
-9.964189298e-01 3.514984750e-02 7.690126562e-02 -2.005932121e+02 3.748613506e-02 9.988718866e-01 2.915036666e-02 8.069968639e+00 -7.578988132e-02 3.192870838e-02 -9.966124881e-01 3.745040698e+01
-9.962758030e-01 3.651050376e-02 7.811214621e-02 -2.005465002e+02 3.841259842e-02 9.989975102e-01 2.298797398e-02 8.077906780e+00 -7.719453707e-02 2.590285275e-02 -9.966795100e-01 3.676062353e+01
-9.962290721e-01 3.692318473e-02 7.851314750e-02 -2.004883552e+02 3.849302204e-02 9.990862010e-01 1.857552935e-02 8.079346220e+00 -7.775553456e-02 2.152769069e-02 -9.967400039e-01 3.610418046e+01
-9.961640289e-01 3.609200111e-02 7.971571375e-02 -2.004240137e+02 3.747296095e-02 9.991712105e-01 1.589557758e-02 8.090247446e+00 -7.907594300e-02 1.882178643e-02 -9.966908927e-01 3.546746831e+01
-9.959286814e-01 3.595096089e-02 8.266553128e-02 -2.003694355e+02 3.757318272e-02 9.991289971e-01 1.815221893e-02 8.081264030e+00 -8.194093966e-02 2.118432257e-02 -9.964120166e-01 3.486222348e+01
-9.956195379e-01 3.557951136e-02 8.646290585e-02 -2.003096298e+02 3.753642119e-02 9.990721982e-01 2.111302735e-02 8.078158629e+00 -8.563149421e-02 2.426605059e-02 -9.960313278e-01 3.427708396e+01
-9.951454638e-01 3.512548609e-02 9.193316133e-02 -2.002611679e+02 3.744099122e-02 9.990205038e-01 2.358400088e-02 8.082477579e+00 -9.101471366e-02 2.691158018e-02 -9.954858556e-01 3.370215586e+01
-9.946846584e-01 3.372840636e-02 9.728733145e-02 -2.002010751e+02 3.621162936e-02 9.990589697e-01 2.387243268e-02 8.077456443e+00 -9.639060201e-02 2.726847533e-02 -9.949699906e-01 3.315706216e+01
-9.942358300e-01 3.078548319e-02 1.027003817e-01 -2.001361687e+02 3.343521132e-02 9.991483622e-01 2.417926713e-02 8.079662600e+00 -1.018685478e-01 2.747370269e-02 -9.944184203e-01 3.263802428e+01
-9.936144890e-01 2.996422504e-02 1.087768012e-01 -2.000792101e+02 3.282844546e-02 9.991573210e-01 2.463617444e-02 8.080186492e+00 -1.079469334e-01 2.804983316e-02 -9.937608698e-01 3.216148392e+01
-9.929334783e-01 2.969877680e-02 1.148959981e-01 -2.000216840e+02 3.268647009e-02 9.991724649e-01 2.420702604e-02 8.079659365e+00 -1.140819986e-01 2.779151117e-02 -9.930825391e-01 3.170042684e+01
-9.921412508e-01 3.023881722e-02 1.214139712e-01 -1.999614313e+02 3.311935150e-02 9.992141285e-01 2.177691249e-02 8.086480359e+00 -1.206600473e-01 2.562692518e-02 -9.923630453e-01 3.127840119e+01
-9.912969022e-01 2.829164215e-02 1.285691825e-01 -1.998974855e+02 3.116723026e-02 9.993057959e-01 2.040906516e-02 8.088272433e+00 -1.279025233e-01 2.423858839e-02 -9.914905120e-01 3.087503810e+01
-9.903286161e-01 2.618914879e-02 1.362474246e-01 -1.998308177e+02 2.931988529e-02 9.993489936e-01 2.102220975e-02 8.082669183e+00 -1.356081728e-01 2.481365474e-02 -9.904517686e-01 3.048625148e+01
-9.891131052e-01 2.428207258e-02 1.451400912e-01 -1.997637447e+02 2.759389602e-02 9.994017818e-01 2.084839239e-02 8.081461801e+00 -1.445470236e-01 2.462639872e-02 -9.891914367e-01 3.011032387e+01
-9.876772660e-01 2.366561705e-02 1.547047408e-01 -1.996980741e+02 2.701717017e-02 9.994428517e-01 1.959741476e-02 8.078059663e+00 -1.541547625e-01 2.353560534e-02 -9.877663613e-01 2.974772884e+01
-9.861080554e-01 2.368673679e-02 1.644075473e-01 -1.996223413e+02 2.694403891e-02 9.994818133e-01 1.761033006e-02 8.080446664e+00 -1.639052222e-01 2.179549168e-02 -9.862352836e-01 2.939597301e+01
-9.843359931e-01 2.166088021e-02 1.749670226e-01 -1.995435830e+02 2.480482561e-02 9.995674202e-01 1.580167771e-02 8.077661288e+00 -1.745490571e-01 1.989418661e-02 -9.844474836e-01 2.905888151e+01
-9.823065365e-01 1.973623835e-02 1.862373468e-01 -1.994644233e+02 2.252658827e-02 9.996632943e-01 1.287830770e-02 8.072808311e+00 -1.859204702e-01 1.684573786e-02 -9.824203784e-01 2.873253286e+01
-9.798981487e-01 1.883923230e-02 1.986069020e-01 -1.993919093e+02 2.115777239e-02 9.997304592e-01 9.558115146e-03 8.063985808e+00 -1.983733018e-01 1.356805896e-02 -9.800326224e-01 2.841832846e+01
-9.771586384e-01 1.781237337e-02 2.117633462e-01 -1.993101094e+02 1.965076220e-02 9.997852537e-01 6.579815785e-03 8.062941698e+00 -2.116006687e-01 1.059083499e-02 -9.772988239e-01 2.810748589e+01
-9.739775614e-01 1.645914801e-02 2.260460272e-01 -1.992269502e+02 1.808363323e-02 9.998233806e-01 5.117594864e-03 8.062590041e+00 -2.259218718e-01 9.072156014e-03 -9.741031792e-01 2.781788183e+01
-9.703669137e-01 1.558628229e-02 2.411329935e-01 -1.991381329e+02 1.735386662e-02 9.998358450e-01 5.208305425e-03 8.059996246e+00 -2.410122322e-01 9.238557069e-03 -9.704781054e-01 2.753747309e+01
-9.660612760e-01 1.477902165e-02 2.578898827e-01 -1.990416031e+02 1.660490889e-02 9.998501053e-01 4.903461511e-03 8.070046383e+00 -2.577787581e-01 9.019282290e-03 -9.661618728e-01 2.725613762e+01
-9.607288340e-01 1.485079554e-02 2.770912510e-01 -1.989452389e+02 1.705841057e-02 9.998390461e-01 5.558102793e-03 8.068170182e+00 -2.769641098e-01 1.006656594e-02 -9.608275319e-01 2.699506261e+01
-9.541666403e-01 1.508559470e-02 2.988953785e-01 -1.988400650e+02 1.794767933e-02 9.998155805e-01 6.832706073e-03 8.065221451e+00 -2.987371810e-01 1.188401861e-02 -9.542614248e-01 2.671680370e+01
-9.463673712e-01 1.294034799e-02 3.228333102e-01 -1.987288140e+02 1.670836337e-02 9.998207665e-01 8.903112462e-03 8.066777385e+00 -3.226602382e-01 1.381963139e-02 -9.464139625e-01 2.647008124e+01
-9.374605028e-01 8.133374907e-03 3.479966291e-01 -1.986046369e+02 1.302440499e-02 9.998465178e-01 1.171775338e-02 8.064123049e+00 -3.478479129e-01 1.551738001e-02 -9.374225517e-01 2.622532186e+01
-9.275940839e-01 2.851552741e-03 3.735787522e-01 -1.984697860e+02 8.856259095e-03 9.998576963e-01 1.435806120e-02 8.062684798e+00 -3.734846477e-01 1.662696285e-02 -9.274873379e-01 2.599018969e+01
-9.169995188e-01 -1.114990353e-03 3.988867501e-01 -1.983394358e+02 6.503429212e-03 9.998213859e-01 1.774546950e-02 8.048509011e+00 -3.988352893e-01 1.886671873e-02 -9.168284785e-01 2.576346820e+01
-9.054582598e-01 -3.177566437e-03 4.244234240e-01 -1.982101967e+02 5.940951404e-03 9.997791262e-01 2.015946254e-02 8.047850496e+00 -4.243937380e-01 2.077503081e-02 -9.052393900e-01 2.554661142e+01
-8.927467469e-01 -6.108009282e-03 4.505174115e-01 -1.980775135e+02 4.058146633e-03 9.997585402e-01 2.159612792e-02 8.044815015e+00 -4.505405391e-01 2.110813866e-02 -8.925063973e-01 2.533909970e+01
-8.790550036e-01 -7.040390892e-03 4.766683685e-01 -1.979354779e+02 3.757680807e-03 9.997575480e-01 2.169619957e-02 8.041402962e+00 -4.767055490e-01 2.086332037e-02 -8.788154194e-01 2.514602094e+01
-8.636639540e-01 -6.045739853e-03 5.040317684e-01 -1.977925425e+02 5.113482731e-03 9.997715352e-01 2.075402779e-02 8.040909238e+00 -5.040420883e-01 2.050186345e-02 -8.634357225e-01 2.494662364e+01
-8.474343624e-01 -5.998828246e-03 5.308662877e-01 -1.976275363e+02 4.827236045e-03 9.998077595e-01 1.900373213e-02 8.048748285e+00 -5.308782339e-01 1.866703250e-02 -8.472424934e-01 2.474076959e+01
-8.296100822e-01 -7.414755940e-03 5.582939485e-01 -1.974632108e+02 2.563258344e-03 9.998507030e-01 1.708804821e-02 8.052273554e+00 -5.583373006e-01 1.560746870e-02 -8.294672180e-01 2.454111430e+01
-8.100201479e-01 -9.346946591e-03 5.863275489e-01 -1.972779864e+02 1.840444827e-04 9.998688568e-01 1.619367973e-02 8.041668406e+00 -5.864020175e-01 1.322511720e-02 -8.099121990e-01 2.434359171e+01
-7.885251928e-01 -1.046398029e-02 6.149134293e-01 -1.970726666e+02 -1.766478773e-03 9.998896539e-01 1.474990167e-02 8.038792596e+00 -6.149999186e-01 1.054443754e-02 -7.884566665e-01 2.412997343e+01
-7.651063212e-01 -7.018200086e-03 6.438657175e-01 -1.968618191e+02 1.309631692e-03 9.999215699e-01 1.245548088e-02 8.043378348e+00 -6.439026340e-01 1.037299410e-02 -7.650371225e-01 2.391785414e+01
-7.399534634e-01 -3.770440596e-03 6.726474974e-01 -1.966357209e+02 4.041535318e-03 9.999413202e-01 1.005098128e-02 8.043819638e+00 -6.726459232e-01 1.015578702e-02 -7.398948047e-01 2.370065199e+01
-7.132101433e-01 -2.283221146e-03 7.009465588e-01 -1.963781470e+02 5.460225678e-03 9.999462577e-01 8.812921186e-03 8.038905105e+00 -7.009290102e-01 1.011279118e-02 -7.131593469e-01 2.347272985e+01
-6.849662238e-01 -6.113030605e-04 7.285745663e-01 -1.961245639e+02 8.168310126e-03 9.999303555e-01 8.518382764e-03 8.034609247e+00 -7.285290324e-01 1.178602748e-02 -6.849135263e-01 2.327077951e+01
-6.542159816e-01 8.841942118e-04 7.563072574e-01 -1.958577804e+02 9.815000666e-03 9.999250308e-01 7.321101731e-03 8.036961331e+00 -7.562440844e-01 1.221273799e-02 -6.541756140e-01 2.306970574e+01
-6.219371739e-01 1.022103810e-03 7.830664768e-01 -1.955561161e+02 9.332560881e-03 9.999378017e-01 6.107050226e-03 8.038867248e+00 -7.830115293e-01 1.110621713e-02 -6.219080293e-01 2.285874423e+01
-5.889775537e-01 -1.746725290e-03 8.081475052e-01 -1.952196558e+02 5.847799135e-03 9.999622723e-01 6.423186095e-03 8.042013837e+00 -8.081282352e-01 8.508996715e-03 -5.889451184e-01 2.265301375e+01
-5.545819612e-01 -4.204533699e-03 8.321184833e-01 -1.948697183e+02 4.715238462e-03 9.999553021e-01 8.195145398e-03 8.040322381e+00 -8.321157460e-01 8.468516884e-03 -5.545373472e-01 2.246020693e+01
-5.190476580e-01 -6.269934226e-03 8.547223038e-01 -1.944895803e+02 6.404730508e-03 9.999164923e-01 1.122443040e-02 8.033056988e+00 -8.547213044e-01 1.130028033e-02 -5.189641563e-01 2.226055095e+01
-4.831119909e-01 -5.921706692e-03 8.755385415e-01 -1.941051140e+02 8.909461868e-03 9.998921065e-01 1.167890978e-02 8.032134938e+00 -8.755132356e-01 1.344279861e-02 -4.830071070e-01 2.206355283e+01
-4.466379580e-01 -6.933117012e-03 8.946879156e-01 -1.936987047e+02 1.090609542e-02 9.998534967e-01 1.319250799e-02 8.032201467e+00 -8.946483061e-01 1.564982660e-02 -4.464969108e-01 2.187452551e+01
-4.119753002e-01 -9.159964274e-03 9.111489709e-01 -1.932728258e+02 1.194168872e-02 9.998093176e-01 1.545070990e-02 8.030183144e+00 -9.111167588e-01 1.724596823e-02 -4.117873583e-01 2.170294691e+01
-3.790053330e-01 -1.033961629e-02 9.253367224e-01 -1.927972374e+02 1.473724255e-02 9.997433300e-01 1.720720204e-02 8.042047496e+00 -9.252771321e-01 2.015853306e-02 -3.787556763e-01 2.152962987e+01
-3.492620680e-01 -1.039884871e-02 9.369673803e-01 -1.923024512e+02 1.676273624e-02 9.997090623e-01 1.734362536e-02 8.052843405e+00 -9.368751350e-01 2.176360752e-02 -3.489861414e-01 2.135624829e+01
-3.242200251e-01 -1.067681802e-02 9.459214454e-01 -1.917833752e+02 1.826801493e-02 9.996791738e-01 1.754506038e-02 8.056958215e+00 -9.458052944e-01 2.296856701e-02 -3.239209625e-01 2.119378406e+01
-3.031220785e-01 -1.083509716e-02 9.528901333e-01 -1.912478421e+02 1.818653036e-02 9.996874721e-01 1.715250185e-02 8.063415596e+00 -9.527781776e-01 2.252906735e-02 -3.028302915e-01 2.103343546e+01
-2.850695819e-01 -1.058989437e-02 9.584483229e-01 -1.906766553e+02 2.048355177e-02 9.996433024e-01 1.713744406e-02 8.073948691e+00 -9.582879304e-01 2.451778985e-02 -2.847509796e-01 2.086866961e+01
-2.686312158e-01 -9.330198629e-03 9.631979118e-01 -1.901072353e+02 2.655700306e-02 9.995012304e-01 1.708847665e-02 8.080583575e+00 -9.628769368e-01 3.017014815e-02 -2.682494486e-01 2.071287086e+01
-2.519046481e-01 -7.997036919e-03 9.677190169e-01 -1.895120577e+02 3.488229600e-02 9.992410275e-01 1.733765648e-02 8.088595900e+00 -9.671231947e-01 3.812369745e-02 -2.514345044e-01 2.056386034e+01
-2.319592827e-01 -1.009731248e-02 9.726730877e-01 -1.888961745e+02 4.058378802e-02 9.989749792e-01 2.004861565e-02 8.093817203e+00 -9.718785147e-01 4.412522090e-02 -2.313117324e-01 2.042141236e+01
-2.090379586e-01 -1.324861356e-02 9.778177776e-01 -1.882535339e+02 4.752750566e-02 9.985889532e-01 2.369047939e-02 8.101494696e+00 -9.767518969e-01 5.142544941e-02 -2.081133227e-01 2.027413448e+01
-1.841542807e-01 -1.775992217e-02 9.827368855e-01 -1.876047859e+02 5.308199823e-02 9.981979098e-01 2.798632554e-02 8.106493541e+00 -9.814629399e-01 5.731943927e-02 -1.828796859e-01 2.016419666e+01
-1.564468181e-01 -2.222334560e-02 9.874363352e-01 -1.869743765e+02 5.702452834e-02 9.978759376e-01 3.149311680e-02 8.114805917e+00 -9.860388412e-01 6.123508919e-02 -1.548472395e-01 2.007413275e+01
-1.281227969e-01 -2.642363447e-02 9.914062439e-01 -1.863439147e+02 6.017735820e-02 9.975959582e-01 3.436553138e-02 8.123753847e+00 -9.899309241e-01 6.406321666e-02 -1.262246798e-01 1.999821172e+01
-9.926899517e-02 -2.974837240e-02 9.946158560e-01 -1.857029478e+02 6.229982549e-02 9.974062098e-01 3.604974949e-02 8.132484341e+00 -9.931084525e-01 6.554301667e-02 -9.715819381e-02 1.993827855e+01
-7.172747591e-02 -3.198884220e-02 9.969111712e-01 -1.850951546e+02 6.253733277e-02 9.973748512e-01 3.650326409e-02 8.140148012e+00 -9.954618281e-01 6.496245264e-02 -6.953868374e-02 1.991016429e+01
-4.469152191e-02 -3.182870255e-02 9.984936663e-01 -1.844952519e+02 6.237344411e-02 9.974533931e-01 3.458731153e-02 8.151124417e+00 -9.970517646e-01 6.382524848e-02 -4.259244437e-02 1.989374100e+01
-1.854536692e-02 -2.912285343e-02 9.994037867e-01 -1.838895811e+02 5.948463262e-02 9.977729187e-01 3.017915202e-02 8.165612764e+00 -9.980569362e-01 6.000885053e-02 -1.677170265e-02 1.990672486e+01
6.349042458e-03 -2.663616983e-02 9.996250318e-01 -1.833016494e+02 5.717736672e-02 9.980194005e-01 2.623022822e-02 8.172828869e+00 -9.983438478e-01 5.698939019e-02 7.859453599e-03 1.992909196e+01
2.826750601e-02 -2.363171026e-02 9.993210147e-01 -1.827079793e+02 5.500526983e-02 9.982425582e-01 2.205028893e-02 8.180588622e+00 -9.980858522e-01 5.434461538e-02 2.951769611e-02 1.996009892e+01
4.582937025e-02 -2.121303130e-02 9.987240240e-01 -1.821227058e+02 5.170776945e-02 9.984846230e-01 1.883518429e-02 8.180788995e+00 -9.976101320e-01 5.077858694e-02 4.685680000e-02 2.000502739e+01
5.945600502e-02 -2.046626515e-02 9.980210997e-01 -1.815306073e+02 4.858941030e-02 9.986640298e-01 1.758478915e-02 8.185405593e+00 -9.970476682e-01 4.744773539e-02 6.037101732e-02 2.005708136e+01
6.993881609e-02 -2.013213830e-02 9.973481133e-01 -1.809528709e+02 4.397017055e-02 9.988868327e-01 1.707979989e-02 8.184614730e+00 -9.965817508e-01 4.265902566e-02 7.074617605e-02 2.010601693e+01
7.880942269e-02 -2.033946557e-02 9.966821866e-01 -1.803842198e+02 4.192892584e-02 9.989747500e-01 1.707085601e-02 8.182607139e+00 -9.960075502e-01 4.044446918e-02 7.958143527e-02 2.015695842e+01
8.816795144e-02 -2.215138630e-02 9.958592915e-01 -1.798079086e+02 4.288312156e-02 9.989102288e-01 1.842261205e-02 8.182743316e+00 -9.951821191e-01 4.108127109e-02 8.902178914e-02 2.020600581e+01
9.747921651e-02 -2.398835294e-02 9.949484214e-01 -1.792189657e+02 4.210855485e-02 9.989136758e-01 1.995840633e-02 8.181629131e+00 -9.943463541e-01 3.995031036e-02 9.838343735e-02 2.026343953e+01
1.060174650e-01 -2.401293548e-02 9.940742810e-01 -1.786338572e+02 4.243219555e-02 9.989069927e-01 1.960430497e-02 8.195893156e+00 -9.934585074e-01 4.010235556e-02 1.069205087e-01 2.033577746e+01
1.148054448e-01 -2.296818597e-02 9.931224357e-01 -1.780456976e+02 4.168004727e-02 9.989636784e-01 1.828504374e-02 8.196039455e+00 -9.925132158e-01 3.929416748e-02 1.156437845e-01 2.040887388e+01
1.219897240e-01 -2.091775864e-02 9.923109163e-01 -1.774507555e+02 4.025489566e-02 9.990595427e-01 1.611128377e-02 8.197308295e+00 -9.917147022e-01 3.797996134e-02 1.227170401e-01 2.049868984e+01
1.274181420e-01 -1.925130661e-02 9.916622431e-01 -1.768554640e+02 3.858344232e-02 9.991510545e-01 1.443912266e-02 8.193494420e+00 -9.910983478e-01 3.642193677e-02 1.280527526e-01 2.057445217e+01
1.309532135e-01 -1.649530882e-02 9.912513105e-01 -1.762472084e+02 3.743968715e-02 9.992306047e-01 1.168197201e-02 8.197709590e+00 -9.906813442e-01 3.558234718e-02 1.314700379e-01 2.066081422e+01
1.345136198e-01 -1.510877995e-02 9.907965537e-01 -1.756254084e+02 3.738766705e-02 9.992491681e-01 1.016180903e-02 8.200609929e+00 -9.902061646e-01 3.567666994e-02 1.349775047e-01 2.074898511e+01
1.381581603e-01 -1.542439478e-02 9.902900640e-01 -1.749977000e+02 3.956673365e-02 9.991664627e-01 1.004258369e-02 8.204910878e+00 -9.896195210e-01 3.779507831e-02 1.386532933e-01 2.083436109e+01
1.411735559e-01 -1.632209507e-02 9.898503000e-01 -1.743809218e+02 3.989448556e-02 9.991456858e-01 1.078557484e-02 8.202042142e+00 -9.891806999e-01 3.796693055e-02 1.417041109e-01 2.091909855e+01
1.448158536e-01 -1.691622803e-02 9.893140097e-01 -1.737019159e+02 3.806703693e-02 9.992088609e-01 1.151316405e-02 8.203585210e+00 -9.887260840e-01 3.599296426e-02 1.453452348e-01 2.101983875e+01
1.483519826e-01 -1.750289225e-02 9.887797217e-01 -1.730557345e+02 3.793238799e-02 9.992082981e-01 1.199629195e-02 8.195920599e+00 -9.882068727e-01 3.572710235e-02 1.488984585e-01 2.112159915e+01
1.521150109e-01 -1.783021842e-02 9.882019565e-01 -1.723778113e+02 3.806758971e-02 9.992010692e-01 1.216889059e-02 8.199563592e+00 -9.876294255e-01 3.576739570e-02 1.526722350e-01 2.122534866e+01
1.558087167e-01 -1.739263268e-02 9.876341125e-01 -1.716880136e+02 3.732020894e-02 9.992347543e-01 1.170930513e-02 8.204533197e+00 -9.870819854e-01 3.503429963e-02 1.563385814e-01 2.134128189e+01
1.600643252e-01 -1.619020584e-02 9.869738036e-01 -1.709662323e+02 3.579065672e-02 9.993032184e-01 1.058803937e-02 8.206192071e+00 -9.864575210e-01 3.362967323e-02 1.605322534e-01 2.145905691e+01
1.636843839e-01 -1.464091782e-02 9.864041089e-01 -1.702401689e+02 3.508074218e-02 9.993438505e-01 9.011663114e-03 8.209736419e+00 -9.858888193e-01 3.312871970e-02 1.640905967e-01 2.159058390e+01
1.659371920e-01 -1.118911168e-02 9.860728432e-01 -1.695157192e+02 3.218194654e-02 9.994644622e-01 5.925462491e-03 8.208352647e+00 -9.856110646e-01 3.075048891e-02 1.662084138e-01 2.171933148e+01
1.668448433e-01 -5.915348477e-03 9.859654187e-01 -1.687643948e+02 2.846385995e-02 9.995941252e-01 1.180466687e-03 8.204602175e+00 -9.855722231e-01 2.786742682e-02 1.669454989e-01 2.185257906e+01
1.664714359e-01 -2.802485381e-03 9.860422948e-01 -1.680086371e+02 2.718602122e-02 9.996288624e-01 -1.748657970e-03 8.202755043e+00 -9.856714368e-01 2.709766836e-02 1.664858406e-01 2.198826434e+01
1.659538101e-01 -3.221809338e-03 9.861282639e-01 -1.672426824e+02 2.644570588e-02 9.996495494e-01 -1.184516703e-03 8.199717756e+00 -9.857788583e-01 2.627543309e-02 1.659808546e-01 2.213032216e+01
1.658675819e-01 -6.260400826e-03 9.861281624e-01 -1.664337311e+02 2.688416073e-02 9.996368911e-01 1.824222201e-03 8.195225783e+00 -9.857815109e-01 2.620864869e-02 1.659756595e-01 2.226408354e+01
1.666152899e-01 -8.569090945e-03 9.859847442e-01 -1.656144059e+02 2.731204842e-02 9.996186615e-01 4.072292577e-03 8.190527073e+00 -9.856436461e-01 2.625075687e-02 1.667857925e-01 2.241407517e+01
1.692258843e-01 -6.055509171e-03 9.855586897e-01 -1.648004899e+02 2.775630648e-02 9.996137725e-01 1.375955457e-03 8.188633053e+00 -9.851863720e-01 2.712262177e-02 1.693286032e-01 2.254209210e+01
1.722515461e-01 -4.203073398e-03 9.850440290e-01 -1.639475619e+02 2.837814221e-02 9.995970163e-01 -6.972269499e-04 8.187158727e+00 -9.846441418e-01 2.807381796e-02 1.723014069e-01 2.269910819e+01
1.760094469e-01 -5.664548816e-03 9.843721794e-01 -1.631072409e+02 2.913385098e-02 9.995753719e-01 5.427931665e-04 8.179289930e+00 -9.839572619e-01 2.858301566e-02 1.760997385e-01 2.285486178e+01
1.803331937e-01 -1.058915600e-02 9.835485799e-01 -1.622511128e+02 3.105389593e-02 9.995048668e-01 5.067227825e-03 8.171515080e+00 -9.831152500e-01 2.962922587e-02 1.805727393e-01 2.301980884e+01
1.857687984e-01 -1.247067324e-02 9.825143438e-01 -1.614092184e+02 3.080876343e-02 9.995017484e-01 6.861123999e-03 8.158459337e+00 -9.821103673e-01 2.899546923e-02 1.860604448e-01 2.317674207e+01
1.914158399e-01 -1.279546326e-02 9.814256224e-01 -1.605323205e+02 3.263730929e-02 9.994450389e-01 6.664859928e-03 8.151296150e+00 -9.809662493e-01 3.075533182e-02 1.917272210e-01 2.333906784e+01
1.976378881e-01 -9.966846155e-03 9.802244269e-01 -1.596492560e+02 3.337652046e-02 9.994369539e-01 3.432652005e-03 8.148207220e+00 -9.797067281e-01 3.203805855e-02 1.978592675e-01 2.351231547e+01
2.021543550e-01 -6.130170415e-03 9.793344872e-01 -1.587444330e+02 3.340053988e-02 9.994418423e-01 -6.385109375e-04 8.147570135e+00 -9.787839500e-01 3.283937836e-02 2.022462720e-01 2.371452578e+01
2.055178516e-01 -2.501148897e-03 9.786501709e-01 -1.578215050e+02 2.995917475e-02 9.995441377e-01 -3.736919096e-03 8.132516759e+00 -9.781946946e-01 3.008755507e-02 2.054990961e-01 2.392243583e+01
2.067148220e-01 8.424173018e-04 9.784008753e-01 -1.568668400e+02 2.348223504e-02 9.997073014e-01 -5.822047904e-03 8.129308788e+00 -9.781194032e-01 2.417854292e-02 2.066345350e-01 2.415000013e+01
2.070258046e-01 2.774295659e-05 9.783354821e-01 -1.559013292e+02 1.770118203e-02 9.998361987e-01 -3.774104008e-03 8.124269290e+00 -9.781753342e-01 1.809903137e-02 2.069914024e-01 2.436250085e+01
2.065103248e-01 5.472624811e-04 9.784442684e-01 -1.549230464e+02 1.298443435e-02 9.999102540e-01 -3.299761904e-03 8.114414997e+00 -9.783582627e-01 1.338598027e-02 2.064846854e-01 2.458447273e+01
2.053502385e-01 2.463127831e-03 9.786854513e-01 -1.539536031e+02 7.882425220e-03 9.999602360e-01 -4.170581856e-03 8.101186116e+00 -9.786568075e-01 8.570844862e-03 2.053226576e-01 2.480612805e+01
2.043246886e-01 4.741302611e-03 9.788916905e-01 -1.529642353e+02 6.014907228e-03 9.999633117e-01 -6.098859318e-03 8.099910693e+00 -9.788846932e-01 7.134090236e-03 2.042886738e-01 2.502591934e+01
2.024612524e-01 3.560423547e-03 9.792838019e-01 -1.519846009e+02 1.673288723e-03 9.999906732e-01 -3.981651144e-03 8.084467531e+00 -9.792888447e-01 2.444754619e-03 2.024534065e-01 2.524332513e+01
1.998793009e-01 -2.350887802e-03 9.798177067e-01 -1.509822603e+02 -1.564909823e-03 9.999950803e-01 2.718535601e-03 8.069310429e+00 -9.798192773e-01 -2.076705349e-03 1.998746386e-01 2.545403559e+01
1.961817405e-01 -6.977179009e-03 9.805427291e-01 -1.499686514e+02 -2.572127338e-03 9.999675830e-01 7.630016546e-03 8.055866930e+00 -9.805641789e-01 -4.018950686e-03 1.961574347e-01 2.565388473e+01
1.904689672e-01 -5.375032474e-03 9.816785021e-01 -1.489577476e+02 -4.486199751e-03 9.999698031e-01 6.345613136e-03 8.048639852e+00 -9.816829664e-01 -5.612648232e-03 1.904391022e-01 2.586088043e+01
1.833982157e-01 -2.047361217e-03 9.830365725e-01 -1.479341462e+02 -5.636269472e-03 9.999792045e-01 3.134166614e-03 8.037978088e+00 -9.830225465e-01 -6.115459588e-03 1.833828624e-01 2.604534267e+01
1.742580313e-01 -7.622591107e-05 9.847000217e-01 -1.469043826e+02 -7.080904144e-03 9.999740450e-01 1.330484736e-03 8.025788695e+00 -9.846745652e-01 -7.204414115e-03 1.742529686e-01 2.622744030e+01
1.622201649e-01 -1.223696913e-03 9.867538298e-01 -1.458691321e+02 -6.288209761e-03 9.999776437e-01 2.273863969e-03 8.013467928e+00 -9.867345522e-01 -6.573781652e-03 1.622088434e-01 2.639497497e+01
1.483299294e-01 -4.561819072e-03 9.889274098e-01 -1.448141365e+02 -8.936034659e-03 9.999423532e-01 5.952952087e-03 7.998566833e+00 -9.888975576e-01 -9.720090572e-03 1.482806141e-01 2.656911962e+01
1.339646369e-01 -8.322509580e-03 9.909511652e-01 -1.437465480e+02 -7.649088825e-03 9.999262621e-01 9.431951474e-03 7.997511531e+00 -9.909565921e-01 -8.843421439e-03 1.338910990e-01 2.671585711e+01
1.206729774e-01 -8.129491570e-03 9.926590270e-01 -1.426752960e+02 -6.867936334e-03 9.999356975e-01 9.023988001e-03 7.992579308e+00 -9.926685570e-01 -7.906470499e-03 1.206093849e-01 2.684882066e+01
1.073864364e-01 -4.978766849e-03 9.942048909e-01 -1.415790335e+02 -7.522671776e-03 9.999547669e-01 5.820102688e-03 7.983755308e+00 -9.941888969e-01 -8.104077160e-03 1.073441254e-01 2.698122606e+01
9.645902719e-02 -2.101156134e-03 9.953347383e-01 -1.405273157e+02 -6.150014345e-03 9.999774246e-01 2.706961786e-03 7.977532568e+00 -9.953179559e-01 -6.382433819e-03 9.644392745e-02 2.707427913e+01
8.645341999e-02 -2.444262984e-03 9.962528955e-01 -1.394299734e+02 -1.793628428e-03 9.999949878e-01 2.609092587e-03 7.966364902e+00 -9.962542793e-01 -2.012472492e-03 8.644860256e-02 2.717256325e+01
7.827940402e-02 -4.300943023e-03 9.969221819e-01 -1.383604462e+02 1.461896703e-03 9.999901139e-01 4.199389056e-03 7.949024478e+00 -9.969303876e-01 1.128671578e-03 7.828491768e-02 2.724783584e+01
7.214681796e-02 -4.052700382e-03 9.973857891e-01 -1.372788810e+02 5.044860210e-03 9.999804357e-01 3.698318667e-03 7.933480427e+00 -9.973812641e-01 4.764849958e-03 7.216585176e-02 2.732193573e+01
6.934088299e-02 -2.841684452e-03 9.975889769e-01 -1.362062598e+02 8.444985773e-03 9.999617833e-01 2.261445479e-03 7.927543298e+00 -9.975572786e-01 8.267814091e-03 6.936223100e-02 2.738820559e+01
6.917700654e-02 -2.981882235e-03 9.975999449e-01 -1.351153606e+02 9.908503935e-03 9.999482603e-01 2.301811787e-03 7.921445375e+00 -9.975551931e-01 9.725490531e-03 6.920297333e-02 2.744913807e+01
7.051828952e-02 -5.256812273e-03 9.974966350e-01 -1.339994482e+02 1.177184706e-02 9.999208635e-01 4.437374115e-03 7.911430272e+00 -9.974410230e-01 1.142946179e-02 7.057459134e-02 2.752636398e+01
7.315123023e-02 -6.302927963e-03 9.973009429e-01 -1.329068672e+02 1.315115999e-02 9.998991819e-01 5.354721681e-03 7.899817491e+00 -9.972341473e-01 1.272395978e-02 7.322674607e-02 2.760194566e+01
7.668578309e-02 -4.431158848e-03 9.970454631e-01 -1.318089677e+02 1.610898548e-02 9.998651061e-01 3.204699348e-03 7.906366030e+00 -9.969251683e-01 1.581563601e-02 7.674682012e-02 2.768258737e+01
7.994809307e-02 -3.529450774e-03 9.967927796e-01 -1.306720256e+02 1.844123931e-02 9.998278214e-01 2.061111601e-03 7.908132763e+00 -9.966284278e-01 1.821731225e-02 7.999941517e-02 2.778292830e+01
8.385412088e-02 -4.281810338e-03 9.964688417e-01 -1.295628325e+02 2.166001904e-02 9.997623351e-01 2.473244265e-03 7.904326107e+00 -9.962426060e-01 2.137614236e-02 8.392693579e-02 2.786673983e+01
8.791990061e-02 -4.613677551e-03 9.961168632e-01 -1.284441917e+02 2.317972020e-02 9.997279735e-01 2.584499779e-03 7.883087012e+00 -9.958578170e-01 2.286248121e-02 8.800292782e-02 2.796158323e+01
9.069603876e-02 -2.445269052e-03 9.958756193e-01 -1.273246386e+02 2.353320282e-02 9.997230073e-01 3.115082335e-04 7.881921010e+00 -9.956005308e-01 2.340789037e-02 9.072846164e-02 2.809634742e+01
9.366466353e-02 -2.908798227e-03 9.955995529e-01 -1.261928212e+02 2.520298782e-02 9.996822031e-01 5.496632100e-04 7.885884488e+00 -9.952847533e-01 2.504059938e-02 9.370820760e-02 2.822140472e+01
9.586235865e-02 -8.169562808e-03 9.953610734e-01 -1.250333487e+02 2.664973118e-02 9.996289337e-01 5.637979442e-03 7.877084071e+00 -9.950377882e-01 2.598563503e-02 9.604450401e-02 2.833225578e+01
9.635435229e-02 -1.237775137e-02 9.952701292e-01 -1.238843971e+02 2.621810589e-02 9.996072881e-01 9.893456636e-03 7.863127333e+00 -9.950017335e-01 2.514082003e-02 9.664103399e-02 2.845977392e+01
9.642055021e-02 -1.204780942e-02 9.952677669e-01 -1.227286888e+02 2.769388641e-02 9.995720932e-01 9.416957552e-03 7.853228382e+00 -9.949553388e-01 2.665484425e-02 9.671294186e-02 2.857859572e+01
9.669635489e-02 -9.546084884e-03 9.952681484e-01 -1.215713307e+02 2.837808157e-02 9.995739251e-01 6.830280364e-03 7.848164592e+00 -9.949092921e-01 2.758333748e-02 9.692605457e-02 2.869765112e+01
9.706101065e-02 -7.691503240e-03 9.952487131e-01 -1.203828162e+02 2.721031490e-02 9.996168655e-01 5.071592286e-03 7.839736462e+00 -9.949064071e-01 2.658877701e-02 9.723311144e-02 2.880870141e+01
9.716049826e-02 -6.430802660e-03 9.952479502e-01 -1.192158586e+02 2.487139199e-02 9.996825304e-01 4.031401659e-03 7.828993626e+00 -9.949579144e-01 2.436150890e-02 9.728959577e-02 2.893198460e+01
9.715255191e-02 -5.115086030e-03 9.952563577e-01 -1.180302233e+02 1.990902392e-02 9.997966907e-01 3.194989494e-03 7.817799629e+00 -9.950703555e-01 1.950418125e-02 9.723463627e-02 2.906670767e+01
9.731331229e-02 -4.963595850e-03 9.952414189e-01 -1.168565507e+02 1.736201707e-02 9.998438595e-01 3.288916016e-03 7.807059815e+00 -9.951023463e-01 1.695934319e-02 9.738429578e-02 2.919167773e+01
9.737557965e-02 -6.842201537e-03 9.952241862e-01 -1.156454218e+02 1.521916321e-02 9.998696806e-01 5.385053037e-03 7.793897724e+00 -9.951313348e-01 1.462210666e-02 9.746702231e-02 2.931701139e+01
9.690774143e-02 -8.225580737e-03 9.952593780e-01 -1.144080141e+02 1.425513362e-02 9.998747500e-01 6.875712835e-03 7.796000482e+00 -9.951912785e-01 1.352124562e-02 9.701286049e-02 2.945806295e+01
9.739915833e-02 -7.791469926e-03 9.952148999e-01 -1.131962653e+02 1.461498311e-02 9.998727284e-01 6.397604417e-03 7.787436531e+00 -9.951380840e-01 1.392192766e-02 9.750063438e-02 2.957446849e+01
9.819589568e-02 -5.396329546e-03 9.951524736e-01 -1.119588204e+02 1.681130398e-02 9.998515991e-01 3.762968764e-03 7.778775456e+00 -9.950250982e-01 1.636030265e-02 9.827204265e-02 2.968749921e+01
9.850377358e-02 -1.699444762e-03 9.951352262e-01 -1.107260967e+02 1.760191934e-02 9.998450736e-01 -3.484350955e-05 7.771433534e+00 -9.949809943e-01 1.751972220e-02 9.851842624e-02 2.981542841e+01
9.894276950e-02 3.543814604e-04 9.950930624e-01 -1.095081371e+02 1.959873082e-02 9.998052699e-01 -2.304774543e-03 7.742130382e+00 -9.949001046e-01 1.973060185e-02 9.891655694e-02 2.994976007e+01
9.973173037e-02 -8.721348104e-04 9.950139805e-01 -1.082729634e+02 2.210933026e-02 9.997546612e-01 -1.339760997e-03 7.720481277e+00 -9.947686965e-01 2.213270939e-02 9.972654462e-02 3.006424685e+01
1.002678440e-01 -5.173093284e-03 9.949470330e-01 -1.070228847e+02 2.280558865e-02 9.997357135e-01 2.899711045e-03 7.694725139e+00 -9.946990824e-01 2.239960499e-02 1.003593200e-01 3.018467454e+01
1.002212775e-01 -6.717802044e-03 9.949424942e-01 -1.057967519e+02 2.465702272e-02 9.996868667e-01 4.266116068e-03 7.683608256e+00 -9.946596035e-01 2.410476408e-02 1.003555358e-01 3.031792365e+01
1.004275857e-01 -5.660153277e-03 9.949282701e-01 -1.045631651e+02 2.860420851e-02 9.995868961e-01 2.799361047e-03 7.675641931e+00 -9.945331062e-01 2.817800262e-02 1.005480029e-01 3.044418073e+01
1.007917222e-01 -4.047183351e-03 9.948993160e-01 -1.033038143e+02 2.753004552e-02 9.996201603e-01 1.277360784e-03 7.659602526e+00 -9.945265835e-01 2.726087606e-02 1.008648566e-01 3.057505251e+01
1.016565616e-01 -4.810736983e-04 9.948194369e-01 -1.020205719e+02 2.544468452e-02 9.996739907e-01 -2.116667807e-03 7.641255946e+00 -9.944940983e-01 2.552803990e-02 1.016356614e-01 3.071000449e+01
1.026664665e-01 2.670845553e-03 9.947122515e-01 -1.007896696e+02 2.041202425e-02 9.997801726e-01 -4.791223618e-03 7.624002874e+00 -9.945063830e-01 2.079598860e-02 1.025893803e-01 3.084234909e+01
1.034486057e-01 1.367939047e-03 9.946338596e-01 -9.952975065e+01 1.735977130e-02 9.998442488e-01 -3.180637875e-03 7.596715901e+00 -9.944832951e-01 1.759564889e-02 1.034087464e-01 3.097339796e+01
1.037333239e-01 -7.057842219e-04 9.946048961e-01 -9.828399132e+01 1.248201026e-02 9.999219213e-01 -5.922666385e-04 7.568995023e+00 -9.945268206e-01 1.247610630e-02 1.037340342e-01 3.111469004e+01
1.051057422e-01 -2.041240268e-03 9.944589566e-01 -9.703120116e+01 1.435073270e-02 9.998968795e-01 5.356534414e-04 7.552840718e+00 -9.943575008e-01 1.421491441e-02 1.051241969e-01 3.123923779e+01
1.066375166e-01 -4.569528325e-03 9.942874632e-01 -9.579947864e+01 1.646291226e-02 9.998604735e-01 2.829490243e-03 7.527295656e+00 -9.941616632e-01 1.606713745e-02 1.066978656e-01 3.137404971e+01
1.080764841e-01 -2.352908760e-03 9.941397977e-01 -9.457324033e+01 1.824088079e-02 9.998335478e-01 3.833533791e-04 7.523081989e+00 -9.939752230e-01 1.809255405e-02 1.081014137e-01 3.151536411e+01
1.097910415e-01 -2.614645834e-03 9.939512517e-01 -9.327839575e+01 1.851832522e-02 9.998283502e-01 5.845868373e-04 7.512275087e+00 -9.937821687e-01 1.834213013e-02 1.098206147e-01 3.165251424e+01
1.102057256e-01 -2.776561919e-03 9.939049194e-01 -9.201776866e+01 1.393802874e-02 9.999020823e-01 1.247845190e-03 7.495572557e+00 -9.938110632e-01 1.371555565e-02 1.102336344e-01 3.181687589e+01
1.110295785e-01 -7.840432160e-04 9.938167930e-01 -9.076100563e+01 1.108523867e-02 9.999384558e-01 -4.495742259e-04 7.472536205e+00 -9.937552768e-01 1.106661239e-02 1.110314366e-01 3.196585514e+01
1.120913535e-01 -7.621758466e-04 9.936976137e-01 -8.951831958e+01 8.785994346e-03 9.999613773e-01 -2.240999533e-04 7.455590158e+00 -9.936590636e-01 8.755741283e-03 1.120937207e-01 3.211514295e+01
1.130056495e-01 -2.942829828e-03 9.935899873e-01 -8.824535607e+01 9.377758655e-03 9.999542321e-01 1.895103068e-03 7.436098306e+00 -9.935500897e-01 9.103489751e-03 1.130280746e-01 3.227208008e+01
1.148356318e-01 -6.695568161e-03 9.933619416e-01 -8.699858196e+01 1.241678900e-02 9.999088398e-01 5.304278090e-03 7.413737301e+00 -9.933069017e-01 1.172524550e-02 1.149083008e-01 3.241878502e+01
1.161962513e-01 -9.485006429e-03 9.931809834e-01 -8.574659191e+01 1.495606317e-02 9.998577358e-01 7.799000087e-03 7.398940592e+00 -9.931136629e-01 1.394786296e-02 1.163215791e-01 3.257287518e+01
1.174381063e-01 -1.165242692e-02 9.930118389e-01 -8.451991174e+01 1.633252995e-02 9.998185805e-01 9.800740708e-03 7.378357850e+00 -9.929458896e-01 1.506741517e-02 1.176071144e-01 3.272473851e+01
1.192154827e-01 -9.930170527e-03 9.928187450e-01 -8.329061103e+01 1.582602763e-02 9.998419504e-01 8.100062157e-03 7.368835346e+00 -9.927422654e-01 1.474672407e-02 1.193537959e-01 3.287025396e+01
1.209858857e-01 -7.290552099e-03 9.926274544e-01 -8.203766404e+01 1.496027413e-02 9.998728499e-01 5.520342062e-03 7.365419250e+00 -9.925414881e-01 1.418209536e-02 1.210795710e-01 3.302189282e+01
1.226294525e-01 -6.580201797e-03 9.924307121e-01 -8.075673873e+01 1.342910824e-02 9.998974721e-01 4.970344923e-03 7.355456610e+00 -9.923616661e-01 1.271794878e-02 1.227052458e-01 3.318543997e+01
1.233795004e-01 -8.529509285e-03 9.923229043e-01 -7.952076006e+01 1.316212428e-02 9.998891659e-01 6.958045185e-03 7.338323027e+00 -9.922722698e-01 1.220259725e-02 1.234780922e-01 3.336019377e+01
1.246785930e-01 -1.117456286e-02 9.921342538e-01 -7.831897775e+01 1.386558904e-02 9.998585559e-01 9.519115096e-03 7.324024703e+00 -9.921002943e-01 1.256969596e-02 1.248158998e-01 3.351466498e+01
1.257828227e-01 -1.216891787e-02 9.919831646e-01 -7.705811294e+01 1.589054277e-02 9.998211965e-01 1.025015853e-02 7.322221881e+00 -9.919305279e-01 1.447385703e-02 1.259537030e-01 3.368019885e+01
1.274803686e-01 -1.107253991e-02 9.917792872e-01 -7.581527668e+01 1.619433942e-02 9.998276262e-01 9.080821760e-03 7.312006273e+00 -9.917088781e-01 1.490358390e-02 1.276377068e-01 3.384764517e+01
1.290752278e-01 -8.465937484e-03 9.915986655e-01 -7.458022746e+01 1.624737825e-02 9.998473821e-01 6.421460216e-03 7.301797683e+00 -9.915016935e-01 1.528202716e-02 1.291930779e-01 3.401670876e+01
1.302494917e-01 -6.634500558e-03 9.914590528e-01 -7.335244151e+01 1.489288040e-02 9.998778866e-01 4.734336009e-03 7.288006559e+00 -9.913693923e-01 1.414903623e-02 1.303323933e-01 3.418040759e+01
1.295278870e-01 -7.047437639e-03 9.915507350e-01 -7.211096424e+01 1.342275602e-02 9.998955804e-01 5.353312075e-03 7.278436538e+00 -9.914849248e-01 1.261594040e-02 1.296089578e-01 3.436250165e+01
1.287596764e-01 -1.048004839e-02 9.916204487e-01 -7.088364342e+01 1.286204013e-02 9.998776963e-01 8.897209139e-03 7.266173748e+00 -9.915924131e-01 1.160866023e-02 1.288787234e-01 3.452664856e+01
1.280569314e-01 -1.221102940e-02 9.916916421e-01 -6.964941795e+01 1.454676366e-02 9.998397599e-01 1.043293938e-02 7.254779736e+00 -9.916601303e-01 1.308989374e-02 1.282140425e-01 3.468847780e+01
1.272770457e-01 -1.170632172e-02 9.917981224e-01 -6.844404229e+01 1.685054964e-02 9.998115616e-01 9.638481270e-03 7.247571758e+00 -9.917240607e-01 1.548558608e-02 1.274503197e-01 3.485340942e+01
1.271134553e-01 -9.647196709e-03 9.918412681e-01 -6.722777825e+01 1.776267687e-02 9.998144879e-01 7.448300492e-03 7.243365675e+00 -9.917291247e-01 1.667097674e-02 1.272612342e-01 3.502136641e+01
1.277150634e-01 -7.051836964e-03 9.917858308e-01 -6.602891406e+01 1.651937936e-02 9.998511341e-01 4.981936070e-03 7.226257614e+00 -9.916733195e-01 1.574741810e-02 1.278125430e-01 3.516585224e+01
1.279154477e-01 -4.548864087e-03 9.917746448e-01 -6.481683765e+01 1.470310440e-02 9.998882858e-01 2.689725681e-03 7.211512514e+00 -9.916760847e-01 1.423810868e-02 1.279680402e-01 3.533181866e+01
1.267957965e-01 -5.899971893e-03 9.919112946e-01 -6.361015375e+01 1.261199988e-02 9.999110671e-01 4.335366121e-03 7.200648985e+00 -9.918486595e-01 1.196027892e-02 1.268589306e-01 3.551804802e+01
1.275152874e-01 -6.022739109e-03 9.918183191e-01 -6.238944264e+01 1.160958346e-02 9.999221206e-01 4.579337368e-03 7.181849639e+00 -9.917686570e-01 1.093066203e-02 1.275752780e-01 3.568119913e+01
1.291384643e-01 -5.727039735e-03 9.916100333e-01 -6.118509547e+01 1.265235519e-02 9.999114379e-01 4.127254345e-03 7.163945641e+00 -9.915458512e-01 1.201321506e-02 1.291994880e-01 3.582224002e+01
1.299265109e-01 -6.628978925e-03 9.915014667e-01 -5.999173205e+01 1.592761372e-02 9.998625766e-01 4.597722569e-03 7.156326213e+00 -9.913956894e-01 1.519488631e-02 1.300142398e-01 3.598115932e+01
1.310559334e-01 -7.127451130e-03 9.913493540e-01 -5.880597609e+01 1.499515569e-02 9.998740115e-01 5.206387643e-03 7.139933924e+00 -9.912615637e-01 1.418310992e-02 1.311462991e-01 3.614858028e+01
1.317944797e-01 -2.176633387e-03 9.912746730e-01 -5.759400402e+01 1.658794558e-02 9.998624105e-01 -9.952591952e-06 7.134159784e+00 -9.911382624e-01 1.644452203e-02 1.318124521e-01 3.632315069e+01
1.322896984e-01 2.336227657e-03 9.912083422e-01 -5.640217363e+01 1.692524935e-02 9.998461048e-01 -4.615481993e-03 7.113844166e+00 -9.910665828e-01 1.738702907e-02 1.322297984e-01 3.648698494e+01
1.332339053e-01 3.386844532e-03 9.910788343e-01 -5.520309637e+01 1.555015804e-02 9.998639217e-01 -5.507323688e-03 7.091836326e+00 -9.909626224e-01 1.614519474e-02 1.331631091e-01 3.664661951e+01
1.336094431e-01 1.588676462e-03 9.910327910e-01 -5.400005180e+01 1.634754863e-02 9.998591231e-01 -3.806775676e-03 7.069921949e+00 -9.908992251e-01 1.670957792e-02 1.335646496e-01 3.681085717e+01
1.343731652e-01 -1.585503936e-03 9.909295326e-01 -5.281763715e+01 1.727127945e-02 9.998505648e-01 -7.422621465e-04 7.047519340e+00 -9.907802760e-01 1.721436099e-02 1.343804688e-01 3.697540420e+01
1.353449157e-01 -3.223988628e-03 9.907932982e-01 -5.161808173e+01 1.916907948e-02 9.998160548e-01 6.348025827e-04 7.030551278e+00 -9.906130931e-01 1.890667818e-02 1.353818205e-01 3.713338598e+01
1.366667861e-01 -3.255870029e-03 9.906117246e-01 -5.046684043e+01 2.085343598e-02 9.997824598e-01 4.090297547e-04 6.999290811e+00 -9.903975584e-01 2.060175740e-02 1.367049517e-01 3.728189829e+01
1.373877994e-01 -1.074329498e-03 9.905167532e-01 -4.929710644e+01 1.957696993e-02 9.998070225e-01 -1.630981643e-03 6.977123015e+00 -9.903238535e-01 1.961539368e-02 1.373823187e-01 3.745806052e+01
1.376998576e-01 6.860127904e-05 9.904739999e-01 -4.812928237e+01 1.801109566e-02 9.998344758e-01 -2.573227800e-03 6.948013714e+00 -9.903102290e-01 1.819385506e-02 1.376758294e-01 3.762767811e+01
1.374603072e-01 4.729074601e-04 9.905071632e-01 -4.698493654e+01 1.466774481e-02 9.998892651e-01 -2.512942756e-03 6.921736782e+00 -9.903986678e-01 1.487393619e-02 1.374381490e-01 3.781142263e+01
1.368950393e-01 -6.582360566e-04 9.905853396e-01 -4.578438674e+01 1.280480565e-02 9.999174044e-01 -1.105137175e-03 6.901119813e+00 -9.905027941e-01 1.283554055e-02 1.368921609e-01 3.800461881e+01
1.379210934e-01 -2.617979795e-03 9.904397600e-01 -4.462861655e+01 1.477147069e-02 9.998907242e-01 5.859986124e-04 6.894551461e+00 -9.903330630e-01 1.454943031e-02 1.379446933e-01 3.815968009e+01
1.387108252e-01 -3.072573728e-03 9.903281609e-01 -4.346126082e+01 1.634978233e-02 9.998660036e-01 8.121249565e-04 6.884382079e+00 -9.901979558e-01 1.607899934e-02 1.387424744e-01 3.832072152e+01
1.396643892e-01 -3.412335062e-03 9.901930187e-01 -4.238290718e+01 1.586146397e-02 9.998734688e-01 1.208473091e-03 6.859861840e+00 -9.900718521e-01 1.553713024e-02 1.397008419e-01 3.846082793e+01
1.396542687e-01 -2.995555850e-03 9.901957947e-01 -4.128728893e+01 1.464636454e-02 9.998922762e-01 9.592101201e-04 6.843743460e+00 -9.900920004e-01 1.436881079e-02 1.396830986e-01 3.864111838e+01
1.395326192e-01 -2.516994168e-03 9.902142763e-01 -4.016463462e+01 1.353921606e-02 9.999081397e-01 6.338028979e-04 6.829698553e+00 -9.901249102e-01 1.331828885e-02 1.395538798e-01 3.881771153e+01
1.397955722e-01 -7.779565301e-04 9.901800810e-01 -3.907567113e+01 1.236955888e-02 9.999230325e-01 -9.607473694e-04 6.809162604e+00 -9.901031219e-01 1.238239904e-02 1.397944354e-01 3.897984847e+01
1.395029876e-01 -1.150677291e-04 9.902216435e-01 -3.795712636e+01 1.214320551e-02 9.999249972e-01 -1.594546393e-03 6.788282825e+00 -9.901471906e-01 1.224690891e-02 1.394939218e-01 3.915425966e+01
1.401387676e-01 -4.843887723e-04 9.901317545e-01 -3.687226329e+01 1.187248860e-02 9.999288100e-01 -1.191196654e-03 6.762706340e+00 -9.900606900e-01 1.192226080e-02 1.401345420e-01 3.931351410e+01
1.407744467e-01 -1.647234906e-03 9.900403233e-01 -3.577702693e+01 1.336701538e-02 9.999106294e-01 -2.370070160e-04 6.741838937e+00 -9.899514524e-01 1.326724876e-02 1.407838842e-01 3.946677505e+01
1.411020642e-01 -2.355164594e-03 9.899922528e-01 -3.469321418e+01 1.266822818e-02 9.999195905e-01 5.731984958e-04 6.726379663e+00 -9.899139980e-01 1.246056826e-02 1.411205540e-01 3.963027288e+01
1.413183916e-01 -3.406528011e-03 9.899583364e-01 -3.360349928e+01 1.231763863e-02 9.999227196e-01 1.682450476e-03 6.715281178e+00 -9.898875633e-01 1.195618785e-02 1.413494308e-01 3.979006283e+01
1.418180461e-01 -4.416375467e-03 9.898828908e-01 -3.260567053e+01 1.120333331e-02 9.999331617e-01 2.856141338e-03 6.694453009e+00 -9.898293424e-01 1.068493558e-02 1.418580453e-01 3.994472313e+01
1.421994871e-01 -5.230216233e-03 9.898242019e-01 -3.161111955e+01 1.115823936e-02 9.999309710e-01 3.680612451e-03 6.675190515e+00 -9.897751257e-01 1.052131417e-02 1.422480313e-01 4.009615178e+01
1.422902960e-01 -3.632428583e-03 9.898183051e-01 -3.062248191e+01 8.207342850e-03 9.999632195e-01 2.489820328e-03 6.655658537e+00 -9.897909432e-01 7.769500918e-03 1.423148750e-01 4.025715880e+01
1.424255618e-01 -3.796901676e-03 9.897982334e-01 -2.964864264e+01 7.600631042e-03 9.999673548e-01 2.742229160e-03 6.640171590e+00 -9.897763332e-01 7.132527650e-03 1.424497712e-01 4.041124085e+01
1.431241574e-01 -6.872589279e-03 9.896808794e-01 -2.867064855e+01 8.488307358e-03 9.999476347e-01 5.716335107e-03 6.622456606e+00 -9.896683405e-01 7.582569845e-03 1.431749993e-01 4.055388396e+01
1.433068565e-01 -1.169862771e-02 9.896091587e-01 -2.772266414e+01 9.320951953e-03 9.999017392e-01 1.047051937e-02 6.608220278e+00 -9.896344096e-01 7.723602203e-03 1.434018174e-01 4.070031056e+01
1.430615205e-01 -1.074028060e-02 9.896555197e-01 -2.680368598e+01 1.079849338e-02 9.998985349e-01 9.290446796e-03 6.591250639e+00 -9.896548863e-01 9.357683134e-03 1.431629836e-01 4.084690723e+01
1.427823905e-01 -3.643794153e-03 9.897473979e-01 -2.590639601e+01 8.654305642e-03 9.999595912e-01 2.432908102e-03 6.570624611e+00 -9.897162684e-01 8.218200056e-03 1.428081554e-01 4.099195432e+01
1.414863091e-01 5.210628706e-03 9.899264991e-01 -2.502276074e+01 8.992003685e-03 9.999381285e-01 -6.548518233e-03 6.555629159e+00 -9.898993728e-01 9.827948403e-03 1.414307011e-01 4.112858344e+01
1.386334572e-01 4.779979191e-03 9.903322252e-01 -2.413050788e+01 1.247711805e-02 9.999005550e-01 -6.572794151e-03 6.539766556e+00 -9.902651595e-01 1.326770126e-02 1.385600304e-01 4.125560107e+01
1.358980669e-01 -1.395416510e-04 9.907228149e-01 -2.325491128e+01 1.163859428e-02 9.999312098e-01 -1.455634603e-03 6.522481090e+00 -9.906544597e-01 1.172843881e-02 1.358903425e-01 4.136998656e+01
1.322502290e-01 -4.136806705e-03 9.912077299e-01 -2.239819593e+01 1.120043169e-02 9.999336849e-01 2.678825675e-03 6.498494849e+00 -9.911530796e-01 1.074767916e-02 1.322877929e-01 4.148481550e+01
1.294015003e-01 -4.873122872e-03 9.915803066e-01 -2.154862348e+01 1.684482762e-02 9.998544282e-01 2.715531460e-03 6.487721381e+00 -9.914491936e-01 1.635160549e-02 1.294647500e-01 4.159437611e+01
1.261333048e-01 -7.310799963e-03 9.919863616e-01 -2.072595296e+01 2.014723036e-02 9.997854703e-01 4.806512484e-03 6.470943479e+00 -9.918086905e-01 1.937951644e-02 1.262535378e-01 4.168778069e+01
1.217103339e-01 -1.031950663e-02 9.925120163e-01 -1.994063982e+01 2.256358784e-02 9.997163129e-01 7.627471695e-03 6.452517324e+00 -9.923091651e-01 2.146628993e-02 1.219086513e-01 4.178448802e+01
1.182404001e-01 -1.357844644e-02 9.928921561e-01 -1.918012134e+01 2.204936488e-02 9.996958627e-01 1.104570213e-02 6.438318206e+00 -9.927401640e-01 2.058659320e-02 1.185038349e-01 4.188509893e+01
1.152868055e-01 -1.392441887e-02 9.932346465e-01 -1.840963110e+01 2.167915500e-02 9.996988517e-01 1.149869778e-02 6.438950195e+00 -9.930956483e-01 2.020683972e-02 1.155539567e-01 4.196244367e+01
1.126625293e-01 -1.537195793e-02 9.935143972e-01 -1.765612483e+01 2.242534715e-02 9.996649792e-01 1.292413246e-02 6.438335410e+00 -9.933802184e-01 2.082383981e-02 1.129695065e-01 4.203050763e+01
1.099873367e-01 -1.414925849e-02 9.938322717e-01 -1.691753784e+01 2.685302014e-02 9.995759828e-01 1.125921055e-02 6.419857385e+00 -9.935701792e-01 2.544902743e-02 1.103206505e-01 4.209743062e+01
1.074261700e-01 -1.239102965e-02 9.941358460e-01 -1.622233686e+01 2.892220472e-02 9.995380936e-01 9.333034824e-03 6.411976763e+00 -9.937922942e-01 2.774998827e-02 1.077349250e-01 4.216198347e+01
1.049335273e-01 -8.878745788e-03 9.944396023e-01 -1.554160442e+01 3.378076523e-02 9.994149014e-01 5.358612009e-03 6.412564529e+00 -9.939053349e-01 3.303063268e-02 1.051720617e-01 4.221187754e+01
1.028093271e-01 -7.860163045e-03 9.946700257e-01 -1.488444418e+01 3.717738542e-02 9.993004585e-01 4.054090756e-03 6.395943503e+00 -9.940060786e-01 3.656243257e-02 1.030296280e-01 4.226561191e+01
1.010040472e-01 -5.965814178e-03 9.948681277e-01 -1.423430798e+01 3.724867489e-02 9.993035819e-01 2.210737786e-03 6.381635120e+00 -9.941884724e-01 3.683422598e-02 1.011559248e-01 4.231539077e+01
9.761669427e-02 -5.251836378e-03 9.952102287e-01 -1.360665612e+01 3.778897522e-02 9.992845134e-01 1.566748285e-03 6.384050935e+00 -9.945063973e-01 3.745503388e-02 9.774531234e-02 4.242596885e+01
9.660220936e-02 -3.354113615e-03 9.953174182e-01 -1.300575105e+01 3.790364474e-02 9.992813502e-01 -3.113304730e-04 6.376437304e+00 -9.946010893e-01 3.775623303e-02 9.665991933e-02 4.246723969e+01
9.426970966e-02 -1.761981412e-03 9.955451357e-01 -1.244606398e+01 3.689930272e-02 9.993174993e-01 -1.725394093e-03 6.352591850e+00 -9.948626354e-01 3.689757374e-02 9.427038640e-02 4.253560184e+01
9.264906752e-02 -1.217122390e-03 9.956980812e-01 -1.188057349e+01 3.435071021e-02 9.994078894e-01 -1.974654353e-03 6.337025434e+00 -9.951061144e-01 3.438588613e-02 9.263601804e-02 4.257446426e+01
9.218121448e-02 -1.660262025e-03 9.957408635e-01 -1.135321075e+01 3.309650242e-02 9.994511837e-01 -1.397476987e-03 6.336333573e+00 -9.951920645e-01 3.308436102e-02 9.218557280e-02 4.260455096e+01
9.231879772e-02 -1.524930737e-03 9.957283335e-01 -1.084509142e+01 3.174038448e-02 9.994951495e-01 -1.412105302e-03 6.320614715e+00 -9.952234862e-01 3.173516401e-02 9.232059242e-02 4.265191211e+01
9.249672441e-02 -3.536008115e-04 9.957129260e-01 -1.036624405e+01 3.186471006e-02 9.994887961e-01 -2.605129639e-03 6.307066071e+00 -9.952029925e-01 3.196906965e-02 9.246070711e-02 4.270605373e+01
9.535016518e-02 -2.569433329e-04 9.954437603e-01 -9.936481443e+00 3.035985759e-02 9.995355202e-01 -2.650067792e-03 6.285497323e+00 -9.949807159e-01 3.047421521e-02 9.531367772e-02 4.274449744e+01
9.995230826e-02 3.888042996e-04 9.949921532e-01 -9.484251423e+00 3.104315373e-02 9.995118856e-01 -3.509022035e-03 6.277550809e+00 -9.945078475e-01 3.123842923e-02 9.989145038e-02 4.280273398e+01
1.060472347e-01 2.092436181e-04 9.943610714e-01 -9.088039203e+00 2.982537465e-02 9.995493720e-01 -3.391170400e-03 6.265185768e+00 -9.939136940e-01 3.001681573e-02 1.059932061e-01 4.286217064e+01
1.142311862e-01 5.197874362e-04 9.934540583e-01 -8.701914903e+00 2.812775754e-02 9.995972751e-01 -3.757239887e-03 6.250509133e+00 -9.930559226e-01 2.837282885e-02 1.141705620e-01 4.291009190e+01
1.226107329e-01 7.426681276e-04 9.924545615e-01 -8.350198308e+00 2.484189140e-02 9.996841051e-01 -3.817117862e-03 6.245046437e+00 -9.921438850e-01 2.512246806e-02 1.225535515e-01 4.297439049e+01
1.321698546e-01 1.300422544e-03 9.912262297e-01 -7.995009644e+00 2.219801179e-02 9.997444687e-01 -4.271475177e-03 6.241551617e+00 -9.909784951e-01 2.256781178e-02 1.321072142e-01 4.303407070e+01
1.441319101e-01 1.319530901e-03 9.895576038e-01 -7.675971492e+00 2.063760809e-02 9.997776060e-01 -4.339085770e-03 6.228634506e+00 -9.893432577e-01 2.104750273e-02 1.440726241e-01 4.309486630e+01
1.588392607e-01 5.568415606e-04 9.873042992e-01 -7.359322597e+00 1.944728569e-02 9.998040647e-01 -3.692605147e-03 6.219584152e+00 -9.871129076e-01 1.978691944e-02 1.587973094e-01 4.314491292e+01
1.775414123e-01 4.516616896e-04 9.841132267e-01 -7.037064136e+00 1.934361930e-02 9.998050975e-01 -3.948597625e-03 6.222429776e+00 -9.839232040e-01 1.973735121e-02 1.774980723e-01 4.322429597e+01
2.015796459e-01 -6.108041713e-04 9.794719359e-01 -6.746867899e+00 2.098051126e-02 9.997730590e-01 -3.694417719e-03 6.214353089e+00 -9.792473970e-01 2.129454140e-02 2.015467142e-01 4.329519236e+01
2.302996594e-01 -2.707154509e-03 9.731159942e-01 -6.477603510e+00 2.136189576e-02 9.997692220e-01 -2.274248470e-03 6.199013207e+00 -9.728852637e-01 2.131136108e-02 2.303043412e-01 4.336695211e+01
2.611936490e-01 -4.045426915e-03 9.652779456e-01 -6.194932839e+00 1.757327393e-02 9.998454186e-01 -5.648383218e-04 6.193286507e+00 -9.651264465e-01 1.711062594e-02 2.612243647e-01 4.347759345e+01
2.931640292e-01 -4.469092391e-03 9.560517137e-01 -5.943822221e+00 1.248317230e-02 9.999217240e-01 8.463197838e-04 6.184874174e+00 -9.559806601e-01 1.168644775e-02 2.931968699e-01 4.355616154e+01
3.263906209e-01 -4.273375487e-03 9.452253175e-01 -5.695307671e+00 6.839002551e-03 9.999742823e-01 2.159357414e-03 6.177901795e+00 -9.452102362e-01 5.759604351e-03 3.264114525e-01 4.367589622e+01
3.620975185e-01 -4.029193299e-03 9.321315104e-01 -5.465955583e+00 1.747808649e-03 9.999918348e-01 3.643566587e-03 6.161291856e+00 -9.321385800e-01 3.098610961e-04 3.621016041e-01 4.378550318e+01
3.976194332e-01 -3.292555808e-03 9.175445196e-01 -5.237144806e+00 -2.020245724e-03 9.999879961e-01 4.463876311e-03 6.153850359e+00 -9.175482031e-01 -3.628589361e-03 3.976080085e-01 4.391755877e+01
4.321501595e-01 -1.814486931e-03 9.017998377e-01 -5.015570010e+00 -5.062279334e-03 9.999773389e-01 4.437914565e-03 6.151343495e+00 -9.017874544e-01 -6.483008169e-03 4.321311811e-01 4.405725471e+01
4.666574949e-01 1.963746299e-04 8.844380950e-01 -4.767517929e+00 -7.148034644e-03 9.999681528e-01 3.549502879e-03 6.156412653e+00 -8.844092311e-01 -7.978396265e-03 4.666440368e-01 4.422264402e+01
5.023411538e-01 3.246109036e-03 8.646634189e-01 -4.528846213e+00 -9.185772419e-03 9.999565575e-01 1.582608294e-03 6.163139294e+00 -8.646207184e-01 -8.737610662e-03 5.023491489e-01 4.439630070e+01
5.378176942e-01 3.773162452e-03 8.430527214e-01 -4.308349359e+00 -1.033687848e-02 9.999443279e-01 2.118970396e-03 6.149984626e+00 -8.429977916e-01 -9.854153309e-03 5.378267555e-01 4.457384989e+01
5.732838338e-01 4.298755814e-03 8.193455722e-01 -4.065789741e+00 -1.121575064e-02 9.999337180e-01 2.601268274e-03 6.146593038e+00 -8.192800821e-01 -1.068084067e-02 5.732940491e-01 4.478358921e+01
6.092807004e-01 3.509914770e-03 7.929468510e-01 -3.820719724e+00 -9.973813535e-03 9.999450195e-01 3.237455702e-03 6.141230484e+00 -7.928918912e-01 -9.881223313e-03 6.092822091e-01 4.501186251e+01
6.456027687e-01 2.238403551e-03 7.636701216e-01 -3.566250085e+00 -8.851127954e-03 9.999504684e-01 4.551729779e-03 6.137662434e+00 -7.636221072e-01 -9.697951308e-03 6.455906034e-01 4.524983993e+01
6.813068619e-01 1.678453313e-03 7.319959991e-01 -3.285872824e+00 -7.783690885e-03 9.999574460e-01 4.951803189e-03 6.138554574e+00 -7.319565384e-01 -9.071328078e-03 6.812909341e-01 4.552945401e+01
7.169033675e-01 4.205158387e-03 6.971598657e-01 -3.064285791e+00 -1.043900286e-02 9.999344515e-01 4.703187488e-03 6.135159007e+00 -6.970943902e-01 -1.064938478e-02 7.169002732e-01 4.581626245e+01
7.513635016e-01 9.646329976e-03 6.598180330e-01 -2.824866172e+00 -1.560938504e-02 9.998731814e-01 3.157257694e-03 6.157246943e+00 -6.597038999e-01 -1.267160193e-02 7.514187880e-01 4.614323643e+01
7.845205347e-01 1.259142197e-02 6.199749888e-01 -2.584195430e+00 -1.850546235e-02 9.998239194e-01 3.110948650e-03 6.166858517e+00 -6.198266520e-01 -1.391352691e-02 7.846154060e-01 4.649107154e+01
8.143912137e-01 1.281281610e-02 5.801747864e-01 -2.344581531e+00 -1.898536680e-02 9.998093193e-01 4.569559094e-03 6.173417101e+00 -5.800056093e-01 -1.473623990e-02 8.144791811e-01 4.685767567e+01
8.408695783e-01 1.232003933e-02 5.410975596e-01 -2.113994534e+00 -1.935836506e-02 9.997858178e-01 7.319307942e-03 6.172948798e+00 -5.408914920e-01 -1.662934747e-02 8.409279748e-01 4.725818477e+01
8.647101863e-01 1.229798832e-02 5.021205564e-01 -1.909000100e+00 -2.007383988e-02 9.997476494e-01 1.008357225e-02 6.163775444e+00 -5.018698383e-01 -1.879885529e-02 8.647388440e-01 4.766182901e+01
8.857453518e-01 1.540836549e-02 4.639156756e-01 -1.689151282e+00 -2.148967286e-02 9.997384491e-01 7.824789340e-03 6.163296318e+00 -4.636737708e-01 -1.690016689e-02 8.858448050e-01 4.810549466e+01
9.037510108e-01 1.678112447e-02 4.277294757e-01 -1.502490840e+00 -2.097633799e-02 9.997669793e-01 5.097082766e-03 6.171487201e+00 -4.275442711e-01 -1.357869175e-02 9.038924247e-01 4.857313927e+01
9.192227598e-01 1.794635143e-02 3.933286746e-01 -1.325300562e+00 -2.083275912e-02 9.997782606e-01 3.070140540e-03 6.178858663e+00 -3.931863604e-01 -1.101626459e-02 9.193928039e-01 4.905905489e+01
9.323240241e-01 1.623474637e-02 3.612593904e-01 -1.158238670e+00 -1.817470778e-02 9.998328801e-01 1.972774938e-03 6.184207452e+00 -3.611669893e-01 -8.405049321e-03 9.324632760e-01 4.956525616e+01
9.448673746e-01 1.332187945e-02 3.271821693e-01 -9.665270449e-01 -1.507948960e-02 9.998822768e-01 2.835749271e-03 6.195518864e+00 -3.271058749e-01 -7.613147089e-03 9.449570290e-01 5.012570462e+01
9.564704669e-01 8.040946940e-03 2.917183387e-01 -8.301615126e-01 -1.047480319e-02 9.999221365e-01 6.782292352e-03 6.183739152e+00 -2.916410884e-01 -9.542754518e-03 9.564802201e-01 5.067013326e+01
9.666515352e-01 -1.410179574e-03 2.560914308e-01 -6.898028177e-01 -1.864601452e-03 9.999195787e-01 1.254429331e-02 6.198295054e+00 -2.560885254e-01 -1.260346884e-02 9.665711664e-01 5.129172706e+01
9.751415714e-01 -3.271647296e-03 2.215585972e-01 -5.681071158e-01 -9.567265161e-04 9.998195071e-01 1.897466692e-02 6.204564271e+00 -2.215806859e-01 -1.871495750e-02 9.749624352e-01 5.190303992e+01
9.818836355e-01 -4.678816431e-03 1.894271231e-01 -4.639785947e-01 6.522217529e-04 9.997726297e-01 2.131345646e-02 6.194781970e+00 -1.894837748e-01 -2.080378563e-02 9.816634360e-01 5.256347288e+01
9.871074855e-01 -8.585579815e-03 1.598283451e-01 -3.952976986e-01 5.752049165e-03 9.998181332e-01 1.818280477e-02 6.198740176e+00 -1.599553875e-01 -1.702904220e-02 9.869773481e-01 5.319373825e+01
9.913304725e-01 -1.560705163e-02 1.304619263e-01 -3.067147401e-01 1.411009014e-02 9.998236703e-01 1.239087415e-02 6.201570878e+00 -1.306323070e-01 -1.044262158e-02 9.913758884e-01 5.384687517e+01
9.944872212e-01 -1.723103370e-02 1.034323856e-01 -2.637801323e-01 1.624783973e-02 9.998145211e-01 1.034075269e-02 6.207629221e+00 -1.035913829e-01 -8.603193584e-03 9.945827318e-01 5.459211961e+01
9.967290895e-01 -2.509696254e-02 7.681968929e-02 -1.926136110e-01 2.408663129e-02 9.996111328e-01 1.405052640e-02 6.215658759e+00 -7.714244217e-02 -1.215424085e-02 9.969459956e-01 5.537049641e+01
9.983486574e-01 -3.287716545e-02 4.710679565e-02 -1.420251474e-01 3.198032401e-02 9.992949757e-01 1.966749591e-02 6.227235951e+00 -4.772019573e-02 -1.812852754e-02 9.986962198e-01 5.617137670e+01
9.991155880e-01 -3.799302445e-02 1.801587825e-02 -1.492443974e-01 3.759799753e-02 9.990555521e-01 2.178059796e-02 6.218303559e+00 -1.882637398e-02 -2.108397399e-02 9.996004370e-01 5.701335879e+01
9.990421093e-01 -4.251820752e-02 -1.034725932e-02 -1.718466292e-01 4.275544245e-02 9.987996179e-01 2.390178676e-02 6.241635479e+00 9.318577527e-03 -2.432129311e-02 9.996607619e-01 5.789229154e+01
9.983967587e-01 -4.354186971e-02 -3.616652913e-02 -2.176290026e-01 4.455166605e-02 9.986257420e-01 2.760029954e-02 6.260018629e+00 3.491505834e-02 -2.916732873e-02 9.989645668e-01 5.873733262e+01
9.975886960e-01 -3.550776251e-02 -5.963214188e-02 -2.850337466e-01 3.733797152e-02 9.988563906e-01 2.986280173e-02 6.267419801e+00 5.850358473e-02 -3.201733666e-02 9.977736320e-01 5.962033397e+01
9.963069865e-01 -2.772163624e-02 -8.126438073e-02 -3.804760608e-01 3.010334947e-02 9.991480421e-01 2.823080416e-02 6.291515795e+00 8.041254282e-02 -3.057287747e-02 9.962926890e-01 6.055921505e+01
9.945232295e-01 -2.517393277e-02 -1.014387458e-01 -4.668803262e-01 2.771966122e-02 9.993331983e-01 2.376508328e-02 6.303746575e+00 1.007728457e-01 -2.644677504e-02 9.945578926e-01 6.150197217e+01
9.929219253e-01 -2.353591387e-02 -1.164135341e-01 -6.164318730e-01 2.584545979e-02 9.994971626e-01 1.836938098e-02 6.326814020e+00 1.159226569e-01 -2.124812245e-02 9.930309436e-01 6.247018299e+01
9.914109185e-01 -2.079064539e-02 -1.291206401e-01 -7.595632399e-01 2.295111268e-02 9.996200159e-01 1.526664075e-02 6.341158414e+00 1.287541730e-01 -1.809897669e-02 9.915113665e-01 6.346101203e+01
9.900766694e-01 -1.554218459e-02 -1.396661345e-01 -9.290814317e-01 1.810410638e-02 9.996900150e-01 1.709137729e-02 6.350506534e+00 1.393572027e-01 -1.945030446e-02 9.900511379e-01 6.449011691e+01
9.887791944e-01 -1.413955619e-02 -1.487137438e-01 -1.092338989e+00 1.767206463e-02 9.995915583e-01 2.245918056e-02 6.364563620e+00 1.483354401e-01 -2.483524935e-02 9.886252109e-01 6.553621454e+01
9.876887046e-01 -1.128560716e-02 -1.560245424e-01 -1.271019601e+00 1.515880714e-02 9.996052068e-01 2.365673278e-02 6.376967245e+00 1.556959644e-01 -2.573063370e-02 9.874698482e-01 6.659772096e+01
9.869128052e-01 -1.123805225e-02 -1.608627401e-01 -1.472651833e+00 1.535505455e-02 9.995850029e-01 2.437302427e-02 6.398910922e+00 1.605220772e-01 -2.652410590e-02 9.866758001e-01 6.764858565e+01
9.863820532e-01 -1.130171344e-02 -1.640814322e-01 -1.666063056e+00 1.624709150e-02 9.994523082e-01 2.882907483e-02 6.414265130e+00 1.636657482e-01 -3.110232807e-02 9.860254399e-01 6.872783976e+01
9.861521535e-01 -9.548061887e-03 -1.655680061e-01 -1.856586352e+00 1.462035432e-02 9.994595005e-01 2.944405053e-02 6.418387707e+00 1.651973831e-01 -3.145697675e-02 9.857587348e-01 6.980505097e+01
9.860302722e-01 -1.057906467e-02 -1.662299179e-01 -2.030591486e+00 1.518648498e-02 9.995342320e-01 2.647054569e-02 6.442101189e+00 1.658724597e-01 -2.862520753e-02 9.857316697e-01 7.084648826e+01
9.860978764e-01 -1.154508125e-02 -1.657639562e-01 -2.177766346e+00 1.560903355e-02 9.996081764e-01 2.323470857e-02 6.462641328e+00 1.654307594e-01 -2.549911193e-02 9.858917076e-01 7.187163768e+01
9.863725494e-01 -1.038128565e-02 -1.641993383e-01 -2.381446951e+00 1.442476927e-02 9.996208868e-01 2.345226550e-02 6.478854419e+00 1.638936234e-01 -2.550120848e-02 9.861483502e-01 7.292140845e+01
9.865821009e-01 -9.294263432e-03 -1.630011500e-01 -2.589489752e+00 1.374429556e-02 9.995623841e-01 2.619417023e-02 6.475339198e+00 1.626863626e-01 -2.808303548e-02 9.862781000e-01 7.401906482e+01
9.865368538e-01 -1.048107134e-02 -1.632028900e-01 -2.750416421e+00 1.518111582e-02 9.995043635e-01 2.757827206e-02 6.475869670e+00 1.628329509e-01 -2.968458373e-02 9.862070044e-01 7.508838052e+01
9.867926852e-01 -1.008836290e-02 -1.616738115e-01 -2.958989574e+00 1.463894360e-02 9.995287738e-01 2.698021047e-02 6.487201123e+00 1.613254404e-01 -2.899060814e-02 9.864753656e-01 7.613595970e+01
9.869289300e-01 -1.080517930e-02 -1.607934551e-01 -3.142384902e+00 1.539270851e-02 9.995084302e-01 2.731231525e-02 6.508790934e+00 1.604192995e-01 -2.943036086e-02 9.866101065e-01 7.719845926e+01
9.871320089e-01 -1.091083777e-02 -1.595347945e-01 -3.340215067e+00 1.542150740e-02 9.995147628e-01 2.706318811e-02 6.516059222e+00 1.591621003e-01 -2.917520626e-02 9.868212772e-01 7.827710221e+01
9.872316760e-01 -1.059076742e-02 -1.589385215e-01 -3.537352214e+00 1.457621284e-02 9.996073537e-01 2.393057392e-02 6.527624641e+00 1.586226717e-01 -2.594174232e-02 9.869984164e-01 7.939016653e+01
9.872338684e-01 -1.162510062e-02 -1.588525926e-01 -3.689170616e+00 1.530189724e-02 9.996421270e-01 2.194242375e-02 6.532030769e+00 1.585406606e-01 -2.409304992e-02 9.870584501e-01 8.038098155e+01
9.872785516e-01 -1.410178721e-02 -1.583736127e-01 -3.858356408e+00 1.788442677e-02 9.995872130e-01 2.248445765e-02 6.532794162e+00 1.579911671e-01 -2.503084406e-02 9.871232182e-01 8.140531454e+01
9.874230818e-01 -1.580865594e-02 -1.573078000e-01 -4.035698705e+00 2.017146934e-02 9.994538046e-01 2.617640760e-02 6.540222143e+00 1.568080654e-01 -2.902031852e-02 9.872026396e-01 8.242918363e+01
9.875813466e-01 -1.814939833e-02 -1.560566665e-01 -4.209373777e+00 2.299176850e-02 9.993067737e-01 2.928054992e-02 6.552461304e+00 1.554170595e-01 -3.250494367e-02 9.873140160e-01 8.344367096e+01
9.877679375e-01 -2.067221637e-02 -1.545547188e-01 -4.395656389e+00 2.555966140e-02 9.992319350e-01 2.970258877e-02 6.576495600e+00 1.538219924e-01 -3.328963113e-02 9.875376424e-01 8.446629643e+01
9.878099650e-01 -2.288805080e-02 -1.539727576e-01 -4.547765629e+00 2.741915194e-02 9.992492888e-01 2.736875729e-02 6.596757769e+00 1.532307510e-01 -3.125693361e-02 9.876959760e-01 8.548428654e+01
9.880473802e-01 -2.285795526e-02 -1.524463456e-01 -4.718741547e+00 2.687163607e-02 9.993430079e-01 2.432010974e-02 6.608728729e+00 1.517902815e-01 -2.812590343e-02 9.880124716e-01 8.651008649e+01
9.882312790e-01 -2.420280224e-02 -1.510402712e-01 -4.884470322e+00 2.817381869e-02 9.993099037e-01 2.420645085e-02 6.619368698e+00 1.503501749e-01 -2.817695310e-02 9.882311897e-01 8.755524924e+01
9.883202023e-01 -2.560919273e-02 -1.502243225e-01 -5.040048748e+00 3.013878924e-02 9.991547832e-01 2.795304248e-02 6.654610623e+00 1.493814955e-01 -3.215413579e-02 9.882566875e-01 8.855476253e+01
9.885557159e-01 -2.587450906e-02 -1.486206792e-01 -5.206587718e+00 3.095310115e-02 9.990097283e-01 3.196041643e-02 6.678564142e+00 1.476465443e-01 -3.619492326e-02 9.883776735e-01 8.956201234e+01
9.886568027e-01 -2.628690629e-02 -1.478740175e-01 -5.356955123e+00 3.130205571e-02 9.990074599e-01 3.169031928e-02 6.699382697e+00 1.468942061e-01 -3.595961047e-02 9.884983554e-01 9.054227555e+01
9.887436533e-01 -2.703900399e-02 -1.471559728e-01 -5.504821955e+00 3.177684136e-02 9.990464435e-01 2.994054102e-02 6.716451064e+00 1.462060889e-01 -3.427967191e-02 9.886600445e-01 9.150316288e+01
9.888903266e-01 -2.650407903e-02 -1.462650189e-01 -5.649825515e+00 3.130259116e-02 9.990413404e-01 3.060307233e-02 6.711844257e+00 1.453136943e-01 -3.484155628e-02 9.887719637e-01 9.247889871e+01
9.890678135e-01 -2.573178081e-02 -1.451989522e-01 -5.796725303e+00 3.058806446e-02 9.990414870e-01 3.131257772e-02 6.722743837e+00 1.442540487e-01 -3.541161769e-02 9.889068646e-01 9.340085199e+01
9.891308063e-01 -2.466308853e-02 -1.449550965e-01 -5.938654539e+00 2.936831459e-02 9.991059713e-01 3.040987020e-02 6.745490887e+00 1.440755012e-01 -3.433642631e-02 9.889708084e-01 9.431620373e+01
9.892391382e-01 -2.543837360e-02 -1.440792023e-01 -6.089531565e+00 2.981080611e-02 9.991557049e-01 2.827000691e-02 6.739216357e+00 1.432384140e-01 -3.226091443e-02 9.891622669e-01 9.523788050e+01
9.892289684e-01 -2.412764783e-02 -1.443741829e-01 -6.220973508e+00 2.791665399e-02 9.993154331e-01 2.427602991e-02 6.776450800e+00 1.436896256e-01 -2.804499614e-02 9.892253382e-01 9.613422936e+01
9.892951762e-01 -2.569286012e-02 -1.436486381e-01 -6.357757267e+00 2.955144008e-02 9.992557539e-01 2.479215162e-02 6.782295540e+00 1.429047468e-01 -2.877178013e-02 9.893181581e-01 9.701923003e+01
9.892677135e-01 -2.607543390e-02 -1.437687827e-01 -6.490130490e+00 3.066034635e-02 9.990864941e-01 2.976777576e-02 6.797485144e+00 1.428612414e-01 -3.385630013e-02 9.891634934e-01 9.788796455e+01
9.893407814e-01 -2.526008648e-02 -1.434111096e-01 -6.631867917e+00 3.086759331e-02 9.988380018e-01 3.701132074e-02 6.816275836e+00 1.423095570e-01 -4.104356479e-02 9.889708872e-01 9.877235080e+01
9.893438089e-01 -2.538490450e-02 -1.433681777e-01 -6.748719481e+00 3.150008092e-02 9.986810187e-01 4.054587179e-02 6.818561044e+00 1.421498246e-01 -4.462991643e-02 9.888385095e-01 9.957260825e+01
9.893889477e-01 -2.705208860e-02 -1.427504628e-01 -6.882729833e+00 3.298867165e-02 9.986794026e-01 3.938525550e-02 6.840160022e+00 1.414964935e-01 -4.367648464e-02 9.889747757e-01 1.003818494e+02
9.893590660e-01 -2.923776833e-02 -1.425264585e-01 -6.979302903e+00 3.468072320e-02 9.987550500e-01 3.585523136e-02 6.863421046e+00 1.413006932e-01 -4.041661887e-02 9.891413504e-01 1.011744243e+02
9.895208951e-01 -2.832572482e-02 -1.415840790e-01 -7.097248831e+00 3.333418160e-02 9.988950630e-01 3.312831907e-02 6.857991048e+00 1.404892538e-01 -3.750075334e-02 9.893717517e-01 1.019003993e+02
9.897932879e-01 -2.727762626e-02 -1.398755818e-01 -7.216445175e+00 3.195833195e-02 9.989981487e-01 3.132672811e-02 6.867335229e+00 1.388809285e-01 -3.547717549e-02 9.896734096e-01 1.026311652e+02
9.903928049e-01 -2.422625628e-02 -1.361439698e-01 -7.324331744e+00 2.862411413e-02 9.991266978e-01 3.043849277e-02 6.878461511e+00 1.352876642e-01 -3.404306476e-02 9.902213478e-01 1.033242139e+02
9.914448413e-01 -2.221239620e-02 -1.286224554e-01 -7.417127315e+00 2.640628609e-02 9.991707261e-01 3.099303363e-02 6.879384282e+00 1.278273626e-01 -3.412432466e-02 9.912092089e-01 1.039806524e+02
9.929876168e-01 -1.929922386e-02 -1.166324693e-01 -7.496407336e+00 2.313064550e-02 9.992333378e-01 3.158654439e-02 6.887280477e+00 1.159334558e-01 -3.406283174e-02 9.926727342e-01 1.046232747e+02
9.947561313e-01 -1.740341475e-02 -1.007837309e-01 -7.549981380e+00 2.079389547e-02 9.992492441e-01 3.268886708e-02 6.901796416e+00 1.001391690e-01 -3.461313731e-02 9.943711971e-01 1.052591889e+02
9.966355713e-01 -1.602484189e-02 -8.037874398e-02 -7.586718615e+00 1.882596242e-02 9.992372329e-01 3.421308925e-02 6.900418478e+00 7.976917438e-02 -3.561118896e-02 9.961770536e-01 1.058426270e+02
9.983471016e-01 -1.465739605e-02 -5.557180393e-02 -7.606004614e+00 1.661988851e-02 9.992484622e-01 3.501842539e-02 6.910433611e+00 5.501676068e-02 -3.588414068e-02 9.978404103e-01 1.063877060e+02
9.995659111e-01 -1.277681228e-02 -2.654698712e-02 -7.603844905e+00 1.369341979e-02 9.993061161e-01 3.463779053e-02 6.913072493e+00 2.608600605e-02 -3.498627369e-02 9.990472866e-01 1.069092530e+02
9.999131518e-01 -1.048946336e-02 7.978719571e-03 -7.589355709e+00 1.021852492e-02 9.993940851e-01 3.327227744e-02 6.919582981e+00 -8.322893481e-03 -3.318785706e-02 9.994144764e-01 1.074051441e+02
9.988172174e-01 -1.128102170e-02 4.729592846e-02 -7.542695884e+00 9.735071654e-03 9.994148303e-01 3.279062833e-02 6.925864413e+00 -4.763816411e-02 -3.229141490e-02 9.983425614e-01 1.078800556e+02
9.959623635e-01 -1.479563214e-02 8.854411187e-02 -7.472193673e+00 1.193302124e-02 9.993916060e-01 3.277225855e-02 6.932122736e+00 -8.897512844e-02 -3.158333732e-02 9.955329825e-01 1.083256967e+02
9.914311839e-01 -1.793961083e-02 1.293923410e-01 -7.386005604e+00 1.385075930e-02 9.993779863e-01 3.243142074e-02 6.941496623e+00 -1.298936642e-01 -3.036133969e-02 9.910629773e-01 1.087452219e+02
9.848527928e-01 -1.948754448e-02 1.722939701e-01 -7.282302754e+00 1.428185103e-02 9.994047855e-01 3.140228491e-02 6.945956399e+00 -1.728033717e-01 -2.846595117e-02 9.845449123e-01 1.091459735e+02
9.756705635e-01 -1.758234628e-02 2.185356095e-01 -7.171416325e+00 1.124509363e-02 9.994803525e-01 3.020881965e-02 6.949225488e+00 -2.189531899e-01 -2.701640270e-02 9.753612739e-01 1.095278826e+02
9.642302623e-01 -1.722834347e-02 2.645055492e-01 -7.047878378e+00 9.590132566e-03 9.994996307e-01 3.014162435e-02 6.947097431e+00 -2.648924890e-01 -2.652682307e-02 9.639130132e-01 1.098867403e+02
9.508258585e-01 -1.846053329e-02 3.091753475e-01 -6.907153072e+00 9.275305250e-03 9.994716063e-01 3.115247986e-02 6.952503030e+00 -3.095870726e-01 -2.675288768e-02 9.504946752e-01 1.102324480e+02
9.355478867e-01 -1.970115918e-02 3.526499909e-01 -6.749783457e+00 9.351774260e-03 9.994747874e-01 3.102730616e-02 6.965306183e+00 -3.530760485e-01 -2.572962760e-02 9.352407659e-01 1.105674977e+02
9.188873548e-01 -2.176870321e-02 3.939189672e-01 -6.580181694e+00 1.075425451e-02 9.994876113e-01 3.014731882e-02 6.964432603e+00 -3.943733956e-01 -2.346568522e-02 9.186506335e-01 1.108697624e+02
9.004374123e-01 -1.983120885e-02 4.345333010e-01 -6.404688426e+00 8.348169267e-03 9.995640754e-01 2.831902635e-02 6.976088554e+00 -4.349054778e-01 -2.187195325e-02 9.002104437e-01 1.111649463e+02
8.802813650e-01 -1.926067654e-02 4.740609083e-01 -6.233967555e+00 7.464649340e-03 9.996142204e-01 2.675237343e-02 6.974799798e+00 -4.743932941e-01 -2.001091735e-02 8.800855445e-01 1.114266558e+02
8.586469584e-01 -1.933849402e-02 5.122025219e-01 -6.053411289e+00 8.196663876e-03 9.996782913e-01 2.400267791e-02 6.982411078e+00 -5.125019175e-01 -1.641147447e-02 8.585292354e-01 1.116720995e+02
8.366484481e-01 -2.267509830e-02 5.472706956e-01 -5.874662479e+00 1.252640480e-02 9.996735238e-01 2.226959781e-02 6.977842910e+00 -5.475969901e-01 -1.177649018e-02 8.366593397e-01 1.118841436e+02
8.151747609e-01 -2.613046010e-02 5.786253608e-01 -5.693673537e+00 1.816035297e-02 9.996437616e-01 1.955892499e-02 6.983743628e+00 -5.789303159e-01 -5.435901214e-03 8.153589027e-01 1.120764366e+02
7.937511874e-01 -3.132414557e-02 6.074354701e-01 -5.525430815e+00 2.561669871e-02 9.995085357e-01 1.806852973e-02 6.979122753e+00 -6.077029186e-01 1.218574491e-03 7.941635083e-01 1.122423601e+02
7.733731127e-01 -3.389607323e-02 6.330442993e-01 -5.362872185e+00 2.947350340e-02 9.994122518e-01 1.750609842e-02 6.978783377e+00 -6.332656166e-01 5.119287480e-03 7.739176001e-01 1.123952321e+02
7.545439379e-01 -3.180121135e-02 6.554785495e-01 -5.211064696e+00 2.844298753e-02 9.994713482e-01 1.574867060e-02 6.978028194e+00 -6.556328563e-01 6.760704276e-03 7.550495683e-01 1.125389797e+02
7.356337221e-01 -2.583852457e-02 6.768865470e-01 -5.088014500e+00 2.325596682e-02 9.996465091e-01 1.288475519e-02 6.974328819e+00 -6.769801968e-01 6.263190663e-03 7.359745822e-01 1.126592220e+02
7.156413350e-01 -1.934514600e-02 6.982000036e-01 -4.965934576e+00 1.701892444e-02 9.998025491e-01 1.025763455e-02 6.974632507e+00 -6.982605788e-01 4.541825818e-03 7.158292645e-01 1.127701656e+02
6.953905514e-01 -1.496568661e-02 7.184761716e-01 -4.840925885e+00 1.167843373e-02 9.998864454e-01 9.524205519e-03 6.975930735e+00 -7.185371216e-01 1.767633828e-03 6.954863624e-01 1.128728245e+02
6.742978054e-01 -1.200736525e-02 7.383618982e-01 -4.705587680e+00 5.325703804e-03 9.999208665e-01 1.139726292e-02 6.976480993e+00 -7.384403202e-01 -3.752852602e-03 6.743083936e-01 1.129864039e+02
6.528976270e-01 -1.012106751e-02 7.573785398e-01 -4.575690404e+00 -8.411940476e-04 9.999004179e-01 1.408710792e-02 6.973808993e+00 -7.574456951e-01 -9.834541652e-03 6.528240963e-01 1.130881422e+02
6.315185647e-01 -7.947739865e-03 7.753200216e-01 -4.426105962e+00 -6.468850825e-03 9.998586548e-01 1.551851564e-02 6.974657765e+00 -7.753337710e-01 -1.481566028e-02 6.313778898e-01 1.131845707e+02
6.088665055e-01 -7.796138258e-03 7.932343908e-01 -4.278072546e+00 -8.119988748e-03 9.998380677e-01 1.605939573e-02 6.968667411e+00 -7.932311417e-01 -1.621908248e-02 6.087046058e-01 1.132763729e+02
5.857050480e-01 -9.110474983e-03 8.104730692e-01 -4.141967251e+00 -5.812030962e-03 9.998639104e-01 1.543958892e-02 6.959407716e+00 -8.105034343e-01 -1.375353974e-02 5.855723893e-01 1.133464383e+02
5.624293248e-01 -1.109540857e-02 8.267709154e-01 -3.997981475e+00 -1.838707894e-03 9.998907061e-01 1.466952807e-02 6.958978404e+00 -8.268433187e-01 -9.770762975e-03 5.623474535e-01 1.134073016e+02
5.391643434e-01 -1.499018702e-02 8.420671619e-01 -3.841031063e+00 1.931922884e-03 9.998609711e-01 1.656219319e-02 6.961387857e+00 -8.421983606e-01 -7.302935196e-03 5.391183438e-01 1.134673591e+02
5.166173835e-01 -2.004894271e-02 8.559816113e-01 -3.689609139e+00 3.745920816e-03 9.997691702e-01 2.115595331e-02 6.964370739e+00 -8.562081798e-01 -7.723093908e-03 5.165732346e-01 1.135270533e+02
4.944713682e-01 -2.306865059e-02 8.688877392e-01 -3.522415009e+00 3.358434122e-03 9.996909895e-01 2.463019289e-02 6.969147714e+00 -8.691874291e-01 -9.260822947e-03 4.943960459e-01 1.135954512e+02
4.726166415e-01 -2.375871641e-02 8.809478041e-01 -3.359021154e+00 4.436000855e-03 9.996879940e-01 2.458122448e-02 6.970479035e+00 -8.812569615e-01 -7.709610543e-03 4.725745759e-01 1.136594712e+02
4.518464083e-01 -2.301065528e-02 8.917989308e-01 -3.192999161e+00 6.245592419e-03 9.997243782e-01 2.263095844e-02 6.970893180e+00 -8.920738847e-01 -4.655904648e-03 4.518655848e-01 1.137196796e+02
4.308351743e-01 -2.328032915e-02 9.021303004e-01 -3.023668009e+00 7.333667215e-03 9.997245046e-01 2.229646174e-02 6.971028202e+00 -9.024008366e-01 -2.990176574e-03 4.308872114e-01 1.137766807e+02
4.108546225e-01 -2.397016446e-02 9.113857089e-01 -2.853372760e+00 4.864799394e-03 9.996977215e-01 2.409977824e-02 6.969649867e+00 -9.116878923e-01 -5.467796648e-03 4.108470400e-01 1.138412162e+02
3.916179739e-01 -2.399196054e-02 9.198150620e-01 -2.691511034e+00 -6.712831757e-04 9.996522843e-01 2.636019535e-02 6.972165949e+00 -9.201276606e-01 -1.094058267e-02 3.914656968e-01 1.138939503e+02
3.711225323e-01 -2.510630208e-02 9.282444396e-01 -2.519064654e+00 -4.270193046e-03 9.995777156e-01 2.874292998e-02 6.971741001e+00 -9.285740851e-01 -1.463093191e-02 3.708586043e-01 1.139541797e+02
3.527103647e-01 -2.800370366e-02 9.353134187e-01 -2.342380266e+00 -1.395582773e-03 9.995352313e-01 3.045281331e-02 6.975295330e+00 -9.357315058e-01 -1.204633018e-02 3.525073544e-01 1.139930731e+02
3.347056198e-01 -3.159098003e-02 9.417930548e-01 -2.165063216e+00 3.766851481e-03 9.994747623e-01 3.218711451e-02 6.973355187e+00 -9.423152121e-01 -7.225613547e-03 3.346488183e-01 1.140327275e+02
3.186606032e-01 -3.493332663e-02 9.472249377e-01 -1.993152059e+00 9.149665498e-03 9.993874445e-01 3.377897776e-02 6.976128270e+00 -9.478247220e-01 -2.097238096e-03 3.187850341e-01 1.140640239e+02
3.033561094e-01 -3.758318214e-02 9.521357967e-01 -1.815206035e+00 9.136079060e-03 9.992906591e-01 3.653369358e-02 6.973905584e+00 -9.528334602e-01 -2.383931232e-03 3.034842894e-01 1.141080596e+02
2.896857991e-01 -3.890387284e-02 9.563308143e-01 -1.638966914e+00 6.406176506e-03 9.992300097e-01 3.870850789e-02 6.968745089e+00 -9.571003598e-01 -5.086881048e-03 2.897119690e-01 1.141554792e+02
2.778430822e-01 -3.743145064e-02 9.598969258e-01 -1.450958653e+00 2.022319092e-03 9.992611275e-01 3.838110657e-02 6.971081581e+00 -9.606243448e-01 -8.722707068e-03 2.777134899e-01 1.142069261e+02
2.662198774e-01 -3.480936062e-02 9.632835955e-01 -1.273329292e+00 8.068482174e-04 9.993554253e-01 3.588987139e-02 6.978333730e+00 -9.639119907e-01 -8.777373508e-03 2.660763647e-01 1.142486798e+02
2.549696932e-01 -3.080526083e-02 9.664582202e-01 -1.087388281e+00 5.391678429e-03 9.995221535e-01 3.043672808e-02 6.988808599e+00 -9.669340129e-01 -2.549611283e-03 2.550139489e-01 1.142777016e+02
2.433072996e-01 -2.692954814e-02 9.695753490e-01 -9.003689436e-01 1.230132997e-02 9.996197868e-01 2.467709788e-02 7.000220418e+00 -9.698712467e-01 5.922948254e-03 2.435460602e-01 1.142972100e+02
2.304770766e-01 -2.612559512e-02 9.727269763e-01 -7.132937146e-01 1.523399699e-02 9.996138812e-01 2.323819632e-02 6.997958793e+00 -9.729584999e-01 9.462648273e-03 2.307860823e-01 1.143263750e+02
2.182863012e-01 -2.597738119e-02 9.755389620e-01 -5.261727779e-01 1.116285960e-02 9.996467085e-01 2.412154223e-02 6.994128985e+00 -9.758209268e-01 5.624402236e-03 2.184991644e-01 1.143676563e+02
2.067037120e-01 -2.567381269e-02 9.780666801e-01 -3.359557749e-01 6.023351370e-03 9.996701066e-01 2.496792343e-02 6.988555159e+00 -9.783850442e-01 7.302768250e-04 2.067901642e-01 1.144060833e+02
1.954493018e-01 -2.439193837e-02 9.804104262e-01 -1.471581919e-01 4.028711845e-03 9.997021877e-01 2.406876202e-02 6.989533793e+00 -9.807055317e-01 -7.544316356e-04 1.954893627e-01 1.144424063e+02
1.864260742e-01 -2.353764017e-02 9.821869976e-01 4.802774797e-02 4.685436872e-03 9.997229059e-01 2.306855057e-02 6.990428891e+00 -9.824578187e-01 3.013958528e-04 1.864847008e-01 1.144726350e+02
1.800850206e-01 -2.099803116e-02 9.834269002e-01 2.532376787e-01 7.065165036e-03 9.997739488e-01 2.005329947e-02 6.990063448e+00 -9.836256751e-01 3.336774502e-03 1.801926667e-01 1.145003501e+02
1.754854229e-01 -1.626645997e-02 9.843476361e-01 4.670603942e-01 9.608002229e-03 9.998441679e-01 1.480966710e-02 6.987369202e+00 -9.844351440e-01 6.858733588e-03 1.756143648e-01 1.145315442e+02
1.736690810e-01 -1.135758138e-02 9.847385722e-01 6.935525370e-01 9.183120895e-03 9.999086971e-01 9.913006872e-03 6.989654005e+00 -9.847612506e-01 7.321390566e-03 1.737575226e-01 1.145736729e+02
1.741271827e-01 -7.571420127e-03 9.846940631e-01 9.409531017e-01 5.325268289e-03 9.999630581e-01 6.747137725e-03 6.992516179e+00 -9.847087721e-01 4.068899985e-03 1.741610699e-01 1.146217949e+02
1.739458736e-01 -7.715653513e-03 9.847249879e-01 1.205631684e+00 3.951956422e-03 9.999667222e-01 7.136987816e-03 6.994087282e+00 -9.847472849e-01 2.650140659e-03 1.739705770e-01 1.146742177e+02
1.735129229e-01 -9.777045905e-03 9.847830599e-01 1.494362672e+00 3.694967784e-03 9.999501448e-01 9.276595202e-03 6.996441023e+00 -9.848246610e-01 2.029132533e-03 1.735403982e-01 1.147315067e+02
1.735700514e-01 -1.120546783e-02 9.847577747e-01 1.795546838e+00 4.056308378e-03 9.999349190e-01 1.066321606e-02 6.993148070e+00 -9.848131719e-01 2.143666253e-03 1.736042081e-01 1.147846278e+02
1.729990155e-01 -1.182819630e-02 9.848509707e-01 2.098886102e+00 2.970282545e-03 9.999296045e-01 1.148753266e-02 6.988348254e+00 -9.849175184e-01 9.379538077e-04 1.730219702e-01 1.148373246e+02
1.718102417e-01 -1.254964293e-02 9.850501243e-01 2.422177288e+00 -6.990021072e-04 9.999170500e-01 1.286096752e-02 6.987041529e+00 -9.851298149e-01 -2.898198051e-03 1.717872178e-01 1.149097758e+02
1.713559337e-01 -1.397581837e-02 9.851100550e-01 2.751659553e+00 -4.186650212e-03 9.998800209e-01 1.491361178e-02 6.995491116e+00 -9.852002923e-01 -6.679847092e-03 1.712768627e-01 1.149777468e+02
1.704439195e-01 -1.554506086e-02 9.852447520e-01 3.087851552e+00 -3.474203676e-03 9.998598573e-01 1.637668122e-02 6.999539441e+00 -9.853612537e-01 -6.214246674e-03 1.703660263e-01 1.150405320e+02
1.687993763e-01 -1.739400937e-02 9.854969401e-01 3.423698496e+00 -3.518057639e-03 9.998272741e-01 1.824952486e-02 6.997032247e+00 -9.856441517e-01 -6.547543453e-03 1.687090271e-01 1.150988849e+02
1.669161263e-01 -1.809039303e-02 9.858051250e-01 3.762835522e+00 -3.544721753e-03 9.998141933e-01 1.894766264e-02 6.996685116e+00 -9.859647264e-01 -6.657075323e-03 1.668209868e-01 1.151507162e+02
1.655101312e-01 -1.800482099e-02 9.860437226e-01 4.115171465e+00 -4.323497787e-03 9.998104793e-01 1.898190817e-02 7.001430500e+00 -9.861986128e-01 -7.404855964e-03 1.654009198e-01 1.152141571e+02
1.642731790e-01 -1.885326816e-02 9.862346967e-01 4.474580848e+00 -4.743136984e-03 9.997906756e-01 1.990245523e-02 7.001914762e+00 -9.864034800e-01 -7.947285857e-03 1.641493690e-01 1.152694019e+02
1.621252609e-01 -2.092903067e-02 9.865482124e-01 4.837122221e+00 -5.054501211e-03 9.997443210e-01 2.203961409e-02 7.005223848e+00 -9.867572406e-01 -8.559687320e-03 1.619780231e-01 1.153290126e+02
1.596014782e-01 -2.353090511e-02 9.869010410e-01 5.207752707e+00 -1.394241719e-03 9.997095013e-01 2.406177668e-02 7.007938715e+00 -9.871805429e-01 -5.216273729e-03 1.595223064e-01 1.153824241e+02
1.568703991e-01 -2.525031182e-02 9.872963586e-01 5.595193512e+00 2.574075400e-03 9.996801725e-01 2.515803854e-02 7.013168421e+00 -9.876158423e-01 -1.405176277e-03 1.568852238e-01 1.154403990e+02
1.534860101e-01 -2.735585370e-02 9.877720901e-01 5.971834677e+00 5.559398327e-03 9.996248131e-01 2.682025595e-02 7.014948037e+00 -9.881351819e-01 1.374884430e-03 1.535805063e-01 1.154881972e+02
1.476823434e-01 -2.760246925e-02 9.886495988e-01 6.349621298e+00 4.203576617e-03 9.996189712e-01 2.728080596e-02 7.016019563e+00 -9.890259124e-01 1.269709818e-04 1.477421012e-01 1.155399915e+02
1.401888005e-01 -2.596401753e-02 9.897843048e-01 6.723513990e+00 -2.029392000e-04 9.996553442e-01 2.625169803e-02 7.018681602e+00 -9.901247694e-01 -3.881060092e-03 1.401352145e-01 1.155962476e+02
1.329312346e-01 -2.520882423e-02 9.908046235e-01 7.116594407e+00 -4.202167038e-03 9.996531695e-01 2.599773930e-02 7.021441964e+00 -9.911163548e-01 -7.619438112e-03 1.327791983e-01 1.156493221e+02
1.252845384e-01 -2.454113962e-02 9.918172800e-01 7.511011286e+00 -3.622554463e-03 9.996760377e-01 2.519318808e-02 7.026598091e+00 -9.921142381e-01 -6.749229055e-03 1.251550493e-01 1.156996902e+02
1.186015554e-01 -2.295961031e-02 9.926764465e-01 7.895530628e+00 1.047453824e-03 9.997349687e-01 2.299772068e-02 7.032864104e+00 -9.929413749e-01 -1.687782703e-03 1.185941714e-01 1.157297098e+02
1.112735253e-01 -1.966376275e-02 9.935952591e-01 8.288159429e+00 4.533222956e-03 9.998038667e-01 1.927895504e-02 7.034739664e+00 -9.937794788e-01 2.358951546e-03 1.113408411e-01 1.157666655e+02
1.029212668e-01 -1.672882211e-02 9.945488220e-01 8.695319113e+00 9.511198383e-03 9.998294061e-01 1.583337423e-02 7.038020880e+00 -9.946440318e-01 7.829760213e-03 1.030628202e-01 1.157998759e+02
9.505384099e-02 -1.658967714e-02 9.953338887e-01 9.117575268e+00 1.323653144e-02 9.997937969e-01 1.539993093e-02 7.041470940e+00 -9.953841276e-01 1.171094573e-02 9.525383038e-02 1.158322579e+02
8.778811838e-02 -1.715524415e-02 9.959914376e-01 9.530557621e+00 1.213261121e-02 9.997959454e-01 1.615138828e-02 7.042883816e+00 -9.960652820e-01 1.066607690e-02 8.797834272e-02 1.158645029e+02
8.207605252e-02 -1.715984785e-02 9.964783295e-01 9.952854813e+00 1.110067195e-02 9.998054776e-01 1.630282371e-02 7.043665321e+00 -9.965642461e-01 9.723507628e-03 8.225057273e-02 1.158978984e+02
7.754822932e-02 -1.737984301e-02 9.968371046e-01 1.040707946e+01 1.230165712e-02 9.997886109e-01 1.647430387e-02 7.048997253e+00 -9.969127050e-01 1.098519517e-02 7.774563734e-02 1.159377309e+02
7.369144579e-02 -1.970988369e-02 9.970863008e-01 1.085913475e+01 1.556274653e-02 9.997056637e-01 1.861146929e-02 7.046218118e+00 -9.971596521e-01 1.414589529e-02 7.397649566e-02 1.159642965e+02
7.251701674e-02 -2.125232258e-02 9.971407228e-01 1.133637283e+01 2.166245218e-02 9.995706659e-01 1.972871168e-02 7.049847097e+00 -9.971318972e-01 2.016984590e-02 7.294626013e-02 1.159965576e+02
7.401472867e-02 -2.044903107e-02 9.970474698e-01 1.183858687e+01 2.966278754e-02 9.993925189e-01 1.829514246e-02 7.063162158e+00 -9.968159002e-01 2.822109726e-02 7.457634138e-02 1.160315700e+02
7.838301037e-02 -1.835128234e-02 9.967544001e-01 1.230707742e+01 3.533865817e-02 9.992533449e-01 1.561832068e-02 7.065529349e+00 -9.962967846e-01 3.399975203e-02 7.897299499e-02 1.160643680e+02
8.907781192e-02 -1.734194670e-02 9.958736869e-01 1.280353452e+01 3.760384886e-02 9.991941428e-01 1.403622084e-02 7.069000909e+00 -9.953145704e-01 3.619836776e-02 8.965815187e-02 1.161193114e+02
1.060930054e-01 -1.813233753e-02 9.941908733e-01 1.331342276e+01 3.823669826e-02 9.991686228e-01 1.414277364e-02 7.069696623e+00 -9.936207672e-01 3.651412708e-02 1.066981228e-01 1.161903939e+02
1.264636498e-01 -1.881115997e-02 9.917928642e-01 1.382689455e+01 3.734604314e-02 9.992016443e-01 1.418968169e-02 7.071255287e+00 -9.912679851e-01 3.524506016e-02 1.270652093e-01 1.162717558e+02
1.467198193e-01 -2.066851645e-02 9.889621363e-01 1.435329041e+01 3.536490286e-02 9.992521255e-01 1.563692508e-02 7.077747210e+00 -9.885457087e-01 3.268030306e-02 1.473410313e-01 1.163722448e+02
1.655130396e-01 -2.419550102e-02 9.859107523e-01 1.489785409e+01 3.281129080e-02 9.992806598e-01 1.901531118e-02 7.084188426e+00 -9.856616321e-01 2.920172245e-02 1.661878650e-01 1.164801551e+02
1.818180784e-01 -2.641017081e-02 9.829774612e-01 1.544244120e+01 2.824896034e-02 9.993669688e-01 2.162539987e-02 7.089756590e+00 -9.829263363e-01 2.383620267e-02 1.824490418e-01 1.166021021e+02
1.950618927e-01 -2.411735106e-02 9.804943709e-01 1.601353138e+01 2.085876348e-02 9.995735306e-01 2.043695146e-02 7.090427151e+00 -9.805691052e-01 1.646542974e-02 1.954817629e-01 1.167445035e+02
2.040651955e-01 -1.876925767e-02 9.787773552e-01 1.657189342e+01 1.288730431e-02 9.997810545e-01 1.648515658e-02 7.094513064e+00 -9.788724704e-01 9.249754931e-03 2.042624014e-01 1.168892462e+02
2.075266976e-01 -1.234001169e-02 9.781515189e-01 1.715021032e+01 9.229814399e-03 9.999006233e-01 1.065617369e-02 7.093103370e+00 -9.781858107e-01 6.816716439e-03 2.076199703e-01 1.170151093e+02
2.065473668e-01 -6.893400610e-03 9.784123192e-01 1.774823431e+01 5.749513961e-03 9.999664677e-01 5.831511295e-03 7.096228024e+00 -9.784197097e-01 4.420911986e-03 2.065800745e-01 1.171487967e+02
2.017809731e-01 -5.991866630e-03 9.794123424e-01 1.837623950e+01 4.643424352e-03 9.999759009e-01 5.161020878e-03 7.102066629e+00 -9.794196636e-01 3.506431306e-03 2.018039332e-01 1.172855565e+02
1.951221352e-01 -8.562566245e-03 9.807415739e-01 1.901454430e+01 1.835364162e-03 9.999633265e-01 8.365233278e-03 7.103569325e+00 -9.807772345e-01 1.677757577e-04 1.951306949e-01 1.174135223e+02
1.856370290e-01 -1.544160725e-02 9.824970485e-01 1.967561376e+01 1.207254599e-03 9.998793451e-01 1.548669587e-02 7.102283186e+00 -9.826176449e-01 -1.688780130e-03 1.856332729e-01 1.175445549e+02
1.760038797e-01 -2.050361004e-02 9.841759174e-01 2.034661193e+01 5.186612733e-04 9.997848506e-01 2.073604114e-02 7.101161904e+00 -9.843893362e-01 -3.139169756e-03 1.759766470e-01 1.176661653e+02
1.671719683e-01 -2.232691360e-02 9.856749170e-01 2.101859947e+01 2.563794911e-03 9.997500200e-01 2.221091082e-02 7.100341122e+00 -9.859244190e-01 -1.185973343e-03 1.671874202e-01 1.177665103e+02
1.585353321e-01 -1.935920845e-02 9.871634969e-01 2.171088753e+01 8.077859462e-04 9.998099694e-01 1.947748986e-02 7.105657760e+00 -9.873529743e-01 -2.290453524e-03 1.585208437e-01 1.178733765e+02
1.497483654e-01 -1.404151111e-02 9.886244297e-01 2.239938312e+01 6.243610288e-04 9.999002951e-01 1.410709025e-02 7.107532921e+00 -9.887239439e-01 -1.495255140e-03 1.497422017e-01 1.179744093e+02
1.422637223e-01 -9.386259465e-03 9.897842853e-01 2.309755035e+01 -2.720477364e-06 9.999550344e-01 9.483101086e-03 7.111142501e+00 -9.898287899e-01 -1.351793945e-03 1.422572998e-01 1.180708589e+02
1.357413529e-01 -8.745972274e-03 9.907057046e-01 2.380600461e+01 -9.244993592e-04 9.999594818e-01 8.954334930e-03 7.110110596e+00 -9.907438773e-01 -2.131380327e-03 1.357277672e-01 1.181763980e+02
1.312632896e-01 -1.098779751e-02 9.912866473e-01 2.451280433e+01 -4.538760270e-03 9.999214328e-01 1.168451816e-02 7.104425213e+00 -9.913371518e-01 -6.032960742e-03 1.312031056e-01 1.182784344e+02
1.277863441e-01 -1.378348961e-02 9.917059371e-01 2.523158280e+01 -6.318785658e-03 9.998718187e-01 1.471119290e-02 7.101693033e+00 -9.917815905e-01 -8.146266811e-03 1.276828693e-01 1.183784407e+02
1.255216828e-01 -1.517652106e-02 9.919747882e-01 2.594779303e+01 -6.922583168e-03 9.998452456e-01 1.617289764e-02 7.103220020e+00 -9.920667241e-01 -8.897077300e-03 1.253971971e-01 1.184725897e+02
1.232359312e-01 -1.611473944e-02 9.922465522e-01 2.665709520e+01 -7.797526545e-03 9.998215566e-01 1.720620674e-02 7.104521930e+00 -9.923467659e-01 -9.857491741e-03 1.230882855e-01 1.185680830e+02
1.205685276e-01 -1.858049359e-02 9.925311055e-01 2.739195672e+01 -7.964458716e-03 9.997745366e-01 1.968358203e-02 7.108233739e+00 -9.926730567e-01 -1.027819352e-02 1.203933602e-01 1.186625083e+02
1.190924670e-01 -2.126817286e-02 9.926553526e-01 2.812070746e+01 -9.607400261e-03 9.996990623e-01 2.257172281e-02 7.114246034e+00 -9.928366845e-01 -1.222495945e-02 1.188522957e-01 1.187584222e+02
1.174845907e-01 -2.113297737e-02 9.928498216e-01 2.883509158e+01 -9.413162743e-03 9.997049349e-01 2.239275554e-02 7.111369555e+00 -9.930300918e-01 -1.197666067e-02 1.172509969e-01 1.188486482e+02
1.168935027e-01 -1.729404507e-02 9.929938696e-01 2.953579248e+01 -9.145732406e-03 9.997872340e-01 1.848897838e-02 7.108961442e+00 -9.931023435e-01 -1.124289766e-02 1.167104650e-01 1.189312065e+02
1.169247109e-01 -1.179627321e-02 9.930707225e-01 3.023593510e+01 -8.918576222e-03 9.998766657e-01 1.292719640e-02 7.105884732e+00 -9.931007356e-01 -1.036828563e-02 1.168050841e-01 1.190190667e+02
1.169438202e-01 -7.701807755e-03 9.931086673e-01 3.093784259e+01 -9.069586560e-03 9.999199488e-01 8.822622946e-03 7.109375434e+00 -9.930971179e-01 -1.003883625e-02 1.168646065e-01 1.190991370e+02
1.163340909e-01 -8.916402965e-03 9.931701149e-01 3.163600787e+01 -9.480065318e-03 9.999041828e-01 1.008729849e-02 7.108368727e+00 -9.931648945e-01 -1.058881426e-02 1.162384160e-01 1.191915710e+02
1.167485391e-01 -1.158431599e-02 9.930939443e-01 3.235275430e+01 -8.835556905e-03 9.998802865e-01 1.270218958e-02 7.101427333e+00 -9.931222037e-01 -1.025750013e-02 1.166322088e-01 1.192843518e+02
1.172999153e-01 -1.217219906e-02 9.930219370e-01 3.307005137e+01 -1.091719827e-02 9.998486561e-01 1.354546441e-02 7.092305541e+00 -9.930365274e-01 -1.242989921e-02 1.171492764e-01 1.193787434e+02
1.186451685e-01 -1.020966646e-02 9.928842262e-01 3.378442364e+01 -1.277879587e-02 9.998486219e-01 1.180828844e-02 7.092106628e+00 -9.928544840e-01 -1.408886122e-02 1.184967410e-01 1.194731933e+02
1.196080695e-01 -1.082667804e-02 9.927621532e-01 3.447815450e+01 -1.754456239e-02 9.997613474e-01 1.301677891e-02 7.090508185e+00 -9.926661564e-01 -1.897448933e-02 1.193895754e-01 1.195713425e+02
1.200346727e-01 -1.416485838e-02 9.926686427e-01 3.518538712e+01 -1.883844590e-02 9.996856724e-01 1.654295498e-02 7.084116066e+00 -9.925909481e-01 -2.068606271e-02 1.197300985e-01 1.196601084e+02
1.213629222e-01 -1.810429114e-02 9.924430844e-01 3.590170423e+01 -1.913013514e-02 9.996052899e-01 2.057431264e-02 7.085869218e+00 -9.924238404e-01 -2.148252902e-02 1.209686815e-01 1.197475947e+02
1.223377640e-01 -1.881017454e-02 9.923102584e-01 3.661294274e+01 -2.252362513e-02 9.995102680e-01 2.172350063e-02 7.093255176e+00 -9.922329151e-01 -2.500802876e-02 1.218541780e-01 1.198522276e+02
1.232256854e-01 -1.665237139e-02 9.922389475e-01 3.731854716e+01 -2.940506190e-02 9.993589026e-01 2.042366363e-02 7.096974254e+00 -9.919429282e-01 -3.169356762e-02 1.226570217e-01 1.199632831e+02
1.255595771e-01 -1.326647122e-02 9.919973757e-01 3.801908457e+01 -3.051054752e-02 9.993859786e-01 1.722707860e-02 7.097224537e+00 -9.916168106e-01 -3.242940778e-02 1.250777135e-01 1.200602663e+02
1.278585153e-01 -7.984957317e-03 9.917602737e-01 3.872663866e+01 -2.939446287e-02 9.994978016e-01 1.183681175e-02 7.098584953e+00 -9.913567297e-01 -3.066569771e-02 1.275595915e-01 1.201589209e+02
1.307026558e-01 -3.553659767e-03 9.914152446e-01 3.942186060e+01 -3.119710463e-02 9.994836272e-01 7.695432589e-03 7.097347271e+00 -9.909306517e-01 -3.193509859e-02 1.305243007e-01 1.202618660e+02
1.335856319e-01 -1.091914400e-03 9.910366727e-01 4.012279012e+01 -3.757350387e-02 9.992748452e-01 6.165667746e-03 7.093711843e+00 -9.903247502e-01 -3.806036487e-02 1.334477346e-01 1.203774698e+02
1.369316069e-01 -1.806308606e-03 9.905788572e-01 4.079814653e+01 -3.802941949e-02 9.992515449e-01 7.079079203e-03 7.085060281e+00 -9.898502403e-01 -3.864048859e-02 1.367604269e-01 1.204774142e+02
1.401422167e-01 -1.410346467e-03 9.901303803e-01 4.146285617e+01 -3.610326818e-02 9.993267072e-01 6.533471807e-03 7.073803068e+00 -9.894729471e-01 -3.666255787e-02 1.399969419e-01 1.205688091e+02
1.411494567e-01 2.596881763e-03 9.899848923e-01 4.216595702e+01 -3.456768256e-02 9.993996964e-01 2.306991537e-03 7.071886413e+00 -9.893846098e-01 -3.454711410e-02 1.411544924e-01 1.206699154e+02
1.413426062e-01 7.781288538e-03 9.899301588e-01 4.283563738e+01 -3.697932440e-02 9.993127130e-01 -2.575117499e-03 7.063125136e+00 -9.892698304e-01 -3.624297465e-02 1.415332100e-01 1.207757584e+02
1.410054028e-01 9.457904000e-03 9.899636480e-01 4.353582355e+01 -3.655214170e-02 9.993223186e-01 -4.341013027e-03 7.047351402e+00 -9.893338250e-01 -3.557318525e-02 1.412555527e-01 1.208635286e+02
1.406627290e-01 8.591744438e-03 9.900202920e-01 4.421862950e+01 -3.374449048e-02 9.994229652e-01 -3.878904922e-03 7.038403088e+00 -9.894823425e-01 -3.286211297e-02 1.408714858e-01 1.209648823e+02
1.394545067e-01 5.541391619e-03 9.902129738e-01 4.489902112e+01 -3.052925616e-02 9.995330360e-01 -1.294026298e-03 7.028630719e+00 -9.897577507e-01 -3.005000773e-02 1.395585611e-01 1.210607981e+02
1.383667269e-01 2.444551641e-03 9.903780455e-01 4.557945907e+01 -2.897996324e-02 9.995787415e-01 1.581558489e-03 7.016379931e+00 -9.899569741e-01 -2.891995442e-02 1.383792817e-01 1.211554238e+02
1.371348273e-01 -9.664750220e-05 9.905523862e-01 4.627563033e+01 -2.980036350e-02 9.995469490e-01 4.223170300e-03 7.007373956e+00 -9.901040236e-01 -3.009796490e-02 1.370698181e-01 1.212568484e+02
1.363632270e-01 6.290091346e-04 9.906587075e-01 4.696844103e+01 -2.877010092e-02 9.995805232e-01 3.325503020e-03 6.998562663e+00 -9.902410573e-01 -2.895482732e-02 1.363241225e-01 1.213552179e+02
1.359940009e-01 2.895262877e-03 9.907054301e-01 4.765342078e+01 -2.463832582e-02 9.996963243e-01 4.605615697e-04 6.985229785e+00 -9.904032434e-01 -2.447195679e-02 1.360240373e-01 1.214451528e+02
1.357240525e-01 4.537740760e-03 9.907362870e-01 4.833298706e+01 -1.915868659e-02 9.998145447e-01 -1.954712523e-03 6.975530635e+00 -9.905614197e-01 -1.871590451e-02 1.357858189e-01 1.215333120e+02
1.354470377e-01 4.656278256e-03 9.907736467e-01 4.901394707e+01 -1.708244733e-02 9.998512906e-01 -2.363626589e-03 6.964423562e+00 -9.906373150e-01 -1.660469241e-02 1.355064361e-01 1.216230254e+02
1.348961545e-01 3.898235344e-03 9.908520733e-01 4.969710205e+01 -1.699747579e-02 9.998542207e-01 -1.619588821e-03 6.952517233e+00 -9.907139412e-01 -1.662350782e-02 1.349427496e-01 1.217287805e+02
1.354130873e-01 2.662354009e-04 9.907891930e-01 5.036964348e+01 -1.706067782e-02 9.998523277e-01 2.063045282e-03 6.941923339e+00 -9.906423316e-01 -1.718289854e-02 1.353976327e-01 1.218268138e+02
1.363962214e-01 1.021451891e-03 9.906538383e-01 5.105136619e+01 -1.392227573e-02 9.999026880e-01 8.858728223e-04 6.932759666e+00 -9.905565310e-01 -1.391298560e-02 1.363971694e-01 1.219156826e+02
1.373112730e-01 -6.956601320e-05 9.905279448e-01 5.173343546e+01 -1.764952856e-02 9.998410671e-01 2.516874162e-03 6.926720770e+00 -9.903706924e-01 -1.782794645e-02 1.372882219e-01 1.220181359e+02
1.367757594e-01 2.556725855e-04 9.906020020e-01 5.240617842e+01 -2.070734420e-02 9.997821964e-01 2.601090876e-03 6.913258467e+00 -9.903855802e-01 -2.086850280e-02 1.367512635e-01 1.221243276e+02
1.361939471e-01 1.010663357e-03 9.906816781e-01 5.306894476e+01 -2.072833703e-02 9.997834707e-01 1.829679056e-03 6.897304834e+00 -9.904653173e-01 -2.078437493e-02 1.361854065e-01 1.222147940e+02
1.357823199e-01 1.698403542e-03 9.907372391e-01 5.374798659e+01 -1.936857013e-02 9.998119693e-01 9.405371664e-04 6.886525431e+00 -9.905493527e-01 -1.931687201e-02 1.357896843e-01 1.223045989e+02
1.335174041e-01 3.711856298e-03 9.910395173e-01 5.441979140e+01 -2.017473643e-02 9.997959422e-01 -1.026619434e-03 6.872734076e+00 -9.908410987e-01 -1.985688949e-02 1.335650446e-01 1.223960210e+02
1.324336806e-01 2.677629810e-03 9.911882518e-01 5.507407963e+01 -2.527126294e-02 9.996804021e-01 6.759486093e-04 6.865608103e+00 -9.908696602e-01 -2.513809729e-02 1.324590222e-01 1.225088123e+02
1.329762946e-01 5.397126446e-04 9.911190715e-01 5.572785908e+01 -2.011769521e-02 9.997952968e-01 2.154710228e-03 6.855034028e+00 -9.909150233e-01 -2.022555677e-02 1.329599317e-01 1.226019155e+02
1.322263356e-01 4.014081237e-05 9.912195491e-01 5.640509101e+01 -1.619867516e-02 9.998665446e-01 2.120373840e-03 6.847657575e+00 -9.910871804e-01 -1.633681275e-02 1.322093395e-01 1.226855602e+02
1.318334044e-01 3.192739815e-04 9.912718353e-01 5.707770823e+01 -1.351572572e-02 9.999075698e-01 1.475457702e-03 6.830647344e+00 -9.911797408e-01 -1.359227285e-02 1.318255343e-01 1.227710369e+02
1.314763251e-01 -1.482849571e-04 9.913192997e-01 5.772573297e+01 -1.861532265e-02 9.998232911e-01 2.618463060e-03 6.823517658e+00 -9.911445130e-01 -1.879799452e-02 1.314503317e-01 1.228802264e+02
1.307890159e-01 -1.347313354e-04 9.914102154e-01 5.840191906e+01 -2.119095100e-02 9.997711490e-01 2.931424435e-03 6.818247703e+00 -9.911837251e-01 -2.139232342e-02 1.307562297e-01 1.229785820e+02
1.317560299e-01 -7.603646776e-04 9.912818824e-01 5.906769729e+01 -1.862598572e-02 9.998212632e-01 3.242583932e-03 6.801892624e+00 -9.911071694e-01 -1.889083217e-02 1.317183177e-01 1.230704433e+02
1.328689388e-01 -1.960051158e-04 9.911335968e-01 5.975198244e+01 -1.103797608e-02 9.999376726e-01 1.677470195e-03 6.783218870e+00 -9.910721508e-01 -1.116299262e-02 1.328584939e-01 1.231431418e+02
1.330716627e-01 5.351098560e-03 9.910919727e-01 6.041120657e+01 -9.059928316e-03 9.999502111e-01 -4.182469966e-03 6.770756448e+00 -9.910650081e-01 -8.422653994e-03 1.331135178e-01 1.232374210e+02
1.337543454e-01 1.022678963e-02 9.909617489e-01 6.109937493e+01 -1.049472965e-02 9.999052980e-01 -8.902569097e-03 6.755989685e+00 -9.909589476e-01 -9.209118343e-03 1.338490059e-01 1.233322151e+02
1.342859620e-01 1.002425977e-02 9.908919187e-01 6.175896394e+01 -1.279282094e-02 9.998830400e-01 -8.381530728e-03 6.744606518e+00 -9.908600427e-01 -1.155078097e-02 1.343984945e-01 1.234344191e+02
1.343283572e-01 7.023122130e-03 9.909119881e-01 6.241048166e+01 -1.537594152e-02 9.998692705e-01 -5.002239447e-03 6.736145741e+00 -9.908175780e-01 -1.456426218e-02 1.344187837e-01 1.235313845e+02
1.346470160e-01 9.865666742e-04 9.908931364e-01 6.309945913e+01 -1.370061056e-02 9.999057671e-01 8.661606294e-04 6.721093504e+00 -9.907989071e-01 -1.369246691e-02 1.346478444e-01 1.236201259e+02
1.349037025e-01 -2.917104131e-03 9.908544200e-01 6.377275021e+01 -1.256628497e-02 9.999102073e-01 4.654650040e-03 6.706360301e+00 -9.907790266e-01 -1.307928853e-02 1.348549320e-01 1.237086829e+02
1.345146766e-01 -2.851901187e-03 9.909074974e-01 6.443114221e+01 -1.400152310e-02 9.998905559e-01 4.778447460e-03 6.692777626e+00 -9.908126761e-01 -1.451698553e-02 1.344600238e-01 1.238041852e+02
1.339801249e-01 7.939599776e-04 9.909837011e-01 6.506318456e+01 -1.653072349e-02 9.998623301e-01 1.433865889e-03 6.680746781e+00 -9.908461340e-01 -1.657378708e-02 1.339748046e-01 1.239075280e+02
1.329646703e-01 4.064268550e-03 9.911124448e-01 6.572362453e+01 -1.450694123e-02 9.998924485e-01 -2.154065147e-03 6.674241199e+00 -9.910146039e-01 -1.409159542e-02 1.330093299e-01 1.240012120e+02
1.332214104e-01 5.218349208e-03 9.910725628e-01 6.638480877e+01 -1.159202419e-02 9.999259398e-01 -3.706748690e-03 6.657076963e+00 -9.910185068e-01 -1.099471883e-02 1.332720352e-01 1.240899467e+02
1.324050651e-01 2.226410168e-03 9.911931910e-01 6.707039198e+01 -9.498078827e-03 9.999544146e-01 -9.773220192e-04 6.652683699e+00 -9.911501830e-01 -9.285028675e-03 1.324201760e-01 1.241739639e+02
1.313027800e-01 -2.717860495e-03 9.913385866e-01 6.773701834e+01 -1.434212258e-02 9.998863763e-01 4.640909078e-03 6.643894659e+00 -9.912385603e-01 -1.482726379e-02 1.312488810e-01 1.242802560e+02
1.308554888e-01 -6.071512010e-03 9.913828614e-01 6.841529161e+01 -1.658352586e-02 9.998279327e-01 8.312139542e-03 6.638538560e+00 -9.912627440e-01 -1.752831240e-02 1.307322857e-01 1.243712370e+02
1.308035851e-01 -4.009521971e-03 9.914001946e-01 6.908426424e+01 -1.311724057e-02 9.998972910e-01 5.774552275e-03 6.628656389e+00 -9.913215221e-01 -1.375976699e-02 1.307375565e-01 1.244585949e+02
1.300219356e-01 -4.285388391e-04 9.915110250e-01 6.974159616e+01 -1.290016644e-02 9.999145339e-01 2.123836014e-03 6.621028833e+00 -9.914271945e-01 -1.306680251e-02 1.300052949e-01 1.245471438e+02
1.287121606e-01 2.959382238e-03 9.916775795e-01 7.040850826e+01 -1.580938356e-02 9.998745896e-01 -9.319069056e-04 6.618079402e+00 -9.915559707e-01 -1.555786347e-02 1.287428048e-01 1.246418510e+02
1.281185291e-01 1.338424567e-03 9.917579600e-01 7.107541905e+01 -1.336398216e-02 9.999106269e-01 3.769758393e-04 6.614237309e+00 -9.916688190e-01 -1.330213328e-02 1.281249654e-01 1.247256413e+02
1.282007918e-01 -4.091823658e-03 9.917397915e-01 7.176137884e+01 -1.049673563e-02 9.999298778e-01 5.482513251e-03 6.603782578e+00 -9.916926820e-01 -1.111289294e-02 1.281488513e-01 1.248055775e+02
1.273626127e-01 -2.900853277e-03 9.918519799e-01 7.244213066e+01 -1.012096120e-02 9.999398596e-01 4.224129170e-03 6.596514823e+00 -9.918045831e-01 -1.057649154e-02 1.273255937e-01 1.248946681e+02
1.262227389e-01 1.035902714e-03 9.920013846e-01 7.309765531e+01 -1.269049714e-02 9.999193096e-01 5.705739818e-04 6.591808791e+00 -9.919207486e-01 -1.266101015e-02 1.262257000e-01 1.249945106e+02
1.267724684e-01 3.563187503e-03 9.919254231e-01 7.377598979e+01 -7.917585831e-03 9.999653267e-01 -2.580165803e-03 6.585173003e+00 -9.919002233e-01 -7.526560687e-03 1.267962847e-01 1.250760784e+02
1.271604494e-01 5.221208592e-03 9.918684182e-01 7.445295111e+01 -2.703132391e-03 9.999842561e-01 -4.917380946e-03 6.578001076e+00 -9.918784770e-01 -2.055855278e-03 1.271725610e-01 1.251526457e+02
1.264737993e-01 6.626920067e-03 9.919478121e-01 7.513607824e+01 -2.832357645e-03 9.999760210e-01 -6.319427344e-03 6.572271813e+00 -9.919659046e-01 -2.010308983e-03 1.264895364e-01 1.252367083e+02
1.269269337e-01 1.092819507e-02 9.918518680e-01 7.580168000e+01 -4.055625118e-03 9.999366670e-01 -1.049827623e-02 6.554709456e+00 -9.919037783e-01 -2.690065338e-03 1.269632157e-01 1.253213074e+02
1.271375123e-01 1.480768862e-02 9.917745638e-01 7.646088895e+01 -3.911038131e-03 9.998882698e-01 -1.442746670e-02 6.535627284e+00 -9.918773900e-01 -2.044595911e-03 1.271812207e-01 1.254142094e+02
1.273033232e-01 1.078281757e-02 9.918052202e-01 7.712542433e+01 -3.440753953e-03 9.999396903e-01 -1.042961626e-02 6.518702749e+00 -9.918578654e-01 -2.084832923e-03 1.273327466e-01 1.255098325e+02
1.270828476e-01 4.587783976e-03 9.918814960e-01 7.779702102e+01 -6.178078741e-03 9.999735669e-01 -3.833658438e-03 6.508245980e+00 -9.918728654e-01 -5.640729753e-03 1.271078321e-01 1.256117307e+02
1.273781593e-01 -2.473897032e-03 9.918511402e-01 7.847601537e+01 -6.466725564e-03 9.999735638e-01 3.324643283e-03 6.486462404e+00 -9.918331442e-01 -6.837516066e-03 1.273587939e-01 1.257107439e+02
1.277983529e-01 -3.585259102e-03 9.917936917e-01 7.913812519e+01 -4.437218537e-03 9.999813915e-01 4.186618286e-03 6.469515710e+00 -9.917902460e-01 -4.935848275e-03 1.277800662e-01 1.258069806e+02
1.284477025e-01 1.918733590e-03 9.917144277e-01 7.980270072e+01 -3.969102460e-03 9.999911139e-01 -1.420665475e-03 6.465594391e+00 -9.917083412e-01 -3.753734959e-03 1.284541767e-01 1.258931758e+02
1.286975858e-01 5.292786530e-03 9.916697625e-01 8.046872369e+01 -2.855402459e-03 9.999835897e-01 -4.966589138e-03 6.454109113e+00 -9.916797760e-01 -2.192428247e-03 1.287105869e-01 1.259858879e+02
1.297684531e-01 3.835078296e-03 9.915369084e-01 8.113693729e+01 -3.864799120e-03 9.999868802e-01 -3.361951481e-03 6.448462242e+00 -9.915367930e-01 -3.395815728e-03 1.297815724e-01 1.260773747e+02
1.314392197e-01 -1.589667438e-03 9.913229567e-01 8.181186313e+01 -3.150840806e-03 9.999929932e-01 2.021339607e-03 6.439393583e+00 -9.913192239e-01 -3.389184124e-03 1.314332899e-01 1.261666058e+02
1.313637036e-01 -8.092118294e-03 9.913012130e-01 8.249629327e+01 4.638675383e-03 9.999607536e-01 7.548106499e-03 6.431942269e+00 -9.913233882e-01 3.606777309e-03 1.313960848e-01 1.262531801e+02
1.317681564e-01 -5.382877061e-03 9.912659470e-01 8.316626677e+01 7.010930881e-03 9.999653061e-01 4.498160040e-03 6.421282826e+00 -9.912557691e-01 6.356982784e-03 1.318013238e-01 1.263434547e+02
1.311485416e-01 5.229629204e-03 9.913489350e-01 8.382066788e+01 4.276861968e-03 9.999737957e-01 -5.840926610e-03 6.406159632e+00 -9.913535033e-01 5.005891564e-03 1.311227385e-01 1.264391754e+02
1.308037619e-01 1.337860691e-02 9.913180059e-01 8.447991669e+01 4.315344843e-04 9.999080814e-01 -1.355147735e-02 6.392392918e+00 -9.914081852e-01 2.200372120e-03 1.307859652e-01 1.265360915e+02
1.316991254e-01 1.670391434e-02 9.911489896e-01 8.515576158e+01 4.214247322e-03 9.998395471e-01 -1.741034599e-02 6.386234926e+00 -9.912807778e-01 6.469874315e-03 1.316075995e-01 1.266238286e+02
1.319204772e-01 1.017573479e-02 9.912080721e-01 8.583224376e+01 1.003384607e-02 9.998823718e-01 -1.160019568e-02 6.369228771e+00 -9.912095185e-01 1.147593257e-02 1.318028579e-01 1.267043479e+02
1.316690214e-01 4.475156598e-03 9.912836334e-01 8.650643747e+01 7.192287354e-03 9.999591761e-01 -5.469650825e-03 6.344995507e+00 -9.912676429e-01 7.849780313e-03 1.316314596e-01 1.267984519e+02
1.315928740e-01 4.680238214e-03 9.912927978e-01 8.716414747e+01 1.349374029e-03 9.999870825e-01 -4.900414665e-03 6.329776333e+00 -9.913029278e-01 1.982484406e-03 1.315848587e-01 1.269003486e+02
1.318860181e-01 1.191149710e-02 9.911933184e-01 8.781776431e+01 2.571670587e-03 9.999203232e-01 -1.235855327e-02 6.311643063e+00 -9.912615521e-01 4.178943083e-03 1.318448774e-01 1.269927876e+02
1.321916893e-01 1.701373145e-02 9.910781454e-01 8.846386212e+01 6.665372284e-03 9.998148183e-01 -1.805275166e-02 6.294323892e+00 -9.912017605e-01 8.992328540e-03 1.320538070e-01 1.270739332e+02
1.323927584e-01 1.850097366e-02 9.910246574e-01 8.912052479e+01 1.010362926e-02 9.997486547e-01 -2.001359979e-02 6.275922024e+00 -9.911458390e-01 1.266260141e-02 1.321725552e-01 1.271548539e+02
1.325309291e-01 1.346937902e-02 9.910873466e-01 8.977682506e+01 8.371534129e-03 9.998567855e-01 -1.470802473e-02 6.254763863e+00 -9.911435165e-01 1.024618973e-02 1.323991893e-01 1.272424221e+02
1.321614821e-01 7.464206328e-03 9.912000950e-01 9.042876410e+01 4.091968088e-03 9.999590181e-01 -8.075766980e-03 6.228775783e+00 -9.912197529e-01 5.123264490e-03 1.321255225e-01 1.273359154e+02
1.318714417e-01 4.750483545e-03 9.912554443e-01 9.106761978e+01 -1.077104012e-03 9.999886131e-01 -4.649044017e-03 6.211628643e+00 -9.912662421e-01 -4.546090787e-04 1.318750568e-01 1.274304154e+02
1.317560559e-01 4.524490787e-03 9.912718450e-01 9.169697531e+01 -7.756693597e-04 9.999897480e-01 -4.461183165e-03 6.186646126e+00 -9.912818671e-01 -1.811112991e-04 1.317582146e-01 1.275125983e+02
1.316191867e-01 6.442352710e-03 9.912794186e-01 9.233456290e+01 2.536569711e-05 9.999788598e-01 -6.502258605e-03 6.175620367e+00 -9.913003526e-01 8.809664829e-04 1.316162408e-01 1.276006083e+02
1.304457501e-01 7.252092214e-03 9.914289251e-01 9.295506970e+01 1.564217304e-03 9.999704981e-01 -7.520381517e-03 6.162040915e+00 -9.914542145e-01 2.531812088e-03 1.304305578e-01 1.276784422e+02
1.292297574e-01 4.137060873e-03 9.916060481e-01 9.356997389e+01 4.227525755e-03 9.999799107e-01 -4.722944056e-03 6.146013488e+00 -9.916056665e-01 4.802385022e-03 1.292096717e-01 1.277561983e+02
1.289275620e-01 1.980330531e-03 9.916520368e-01 9.418887975e+01 2.272877026e-03 9.999947892e-01 -2.292494364e-03 6.129399686e+00 -9.916514094e-01 2.549468841e-03 1.289223891e-01 1.278452822e+02
1.286570780e-01 1.912387092e-03 9.916872990e-01 9.479387324e+01 -2.617705196e-04 9.999981713e-01 -1.894452986e-03 6.114326844e+00 -9.916891084e-01 -1.585971400e-05 1.286573433e-01 1.279274647e+02
1.280709994e-01 3.246450153e-03 9.917596885e-01 9.537313851e+01 -1.767079197e-03 9.999938020e-01 -3.045211928e-03 6.095029758e+00 -9.917634277e-01 -1.362514579e-03 1.280759423e-01 1.280087194e+02
1.280062294e-01 4.674223765e-03 9.917623490e-01 9.595201046e+01 4.034143722e-03 9.999781672e-01 -5.233630058e-03 6.082565178e+00 -9.917651592e-01 4.670849104e-03 1.279845782e-01 1.280843356e+02
1.283116635e-01 5.770940634e-03 9.917171034e-01 9.649766392e+01 1.213127274e-02 9.998991187e-01 -7.388137418e-03 6.068336597e+00 -9.916596943e-01 1.297877487e-02 1.282287104e-01 1.281316053e+02
1.278700656e-01 5.228367404e-03 9.917771476e-01 9.702536770e+01 1.312837048e-02 9.998895697e-01 -6.963777746e-03 6.052503115e+00 -9.917040346e-01 1.391087655e-02 1.277873050e-01 1.281952132e+02
1.269971509e-01 2.419924280e-03 9.919001299e-01 9.753994135e+01 5.850539228e-03 9.999778014e-01 -3.188700434e-03 6.037063509e+00 -9.918858275e-01 6.208106490e-03 1.269801739e-01 1.282722859e+02
1.262051924e-01 1.377840954e-03 9.920032011e-01 9.802304440e+01 3.760741795e-03 9.999911848e-01 -1.867387068e-03 6.023228802e+00 -9.919970294e-01 3.966341843e-03 1.261988981e-01 1.283383704e+02
1.262439395e-01 5.673840255e-04 9.919990654e-01 9.847536036e+01 6.129065180e-03 9.999803032e-01 -1.351947024e-03 6.007683316e+00 -9.919802933e-01 6.250702049e-03 1.262379754e-01 1.283859768e+02
1.260997089e-01 -6.489198750e-05 9.920175700e-01 9.892455203e+01 1.049101904e-02 9.999441636e-01 -1.268148994e-03 5.992338374e+00 -9.919620970e-01 1.056718844e-02 1.260933487e-01 1.284395813e+02
1.252462664e-01 4.233927625e-04 9.921255936e-01 9.934397474e+01 1.166960899e-02 9.999301029e-01 -1.899898700e-03 5.978196737e+00 -9.920570513e-01 1.181567297e-02 1.252325713e-01 1.284890927e+02
1.243126593e-01 1.807686416e-03 9.922414500e-01 9.974015508e+01 1.002793890e-02 9.999449815e-01 -3.078068057e-03 5.967702779e+00 -9.921924225e-01 1.033277946e-02 1.242876925e-01 1.285368200e+02
1.235219310e-01 2.253597751e-03 9.923392836e-01 1.001235098e+02 7.590639895e-03 9.999660199e-01 -3.215766748e-03 5.957877362e+00 -9.923128109e-01 7.929707874e-03 1.235006275e-01 1.285893557e+02
1.221710343e-01 2.573388917e-04 9.925090288e-01 1.005083991e+02 7.502389094e-03 9.999711572e-01 -1.182766172e-03 5.949534460e+00 -9.924807064e-01 7.590688680e-03 1.221655799e-01 1.286436142e+02
1.213266432e-01 -2.531597370e-03 9.926094079e-01 1.008729636e+02 1.198934514e-02 9.999275368e-01 1.084804269e-03 5.942526885e+00 -9.925402265e-01 1.176912112e-02 1.213482037e-01 1.286819269e+02
1.204649700e-01 -4.642909932e-03 9.927067212e-01 1.012216697e+02 1.688444342e-02 9.998539955e-01 2.627410514e-03 5.933889146e+00 -9.925739804e-01 1.644478954e-02 1.205257745e-01 1.287169157e+02
1.197899673e-01 -4.820412137e-03 9.927875540e-01 1.015399830e+02 1.926029192e-02 9.998113009e-01 2.530564347e-03 5.926240671e+00 -9.926124142e-01 1.881824189e-02 1.198602056e-01 1.287529134e+02
1.193503677e-01 -5.985379008e-03 9.928341578e-01 1.018377663e+02 1.828034299e-02 9.998255648e-01 3.830014570e-03 5.910277908e+00 -9.926838967e-01 1.769223530e-02 1.194389635e-01 1.287907929e+02
1.198097164e-01 -7.062402834e-03 9.927717534e-01 1.021230654e+02 1.637643162e-02 9.998527039e-01 5.136434356e-03 5.906198285e+00 -9.926617976e-01 1.564266399e-02 1.199077258e-01 1.288214945e+02
1.188216595e-01 -8.200824690e-03 9.928817451e-01 1.023868006e+02 1.422632643e-02 9.998773071e-01 6.556090717e-03 5.899454890e+00 -9.928136909e-01 1.334605423e-02 1.189237486e-01 1.288670710e+02
1.185301401e-01 -7.932752730e-03 9.929187667e-01 1.026221662e+02 1.054195511e-02 9.999217824e-01 6.730251313e-03 5.896686651e+00 -9.928944924e-01 9.669567437e-03 1.186044956e-01 1.289011723e+02
1.192710902e-01 -6.942418219e-03 9.928374539e-01 1.028368379e+02 9.568389084e-03 9.999371530e-01 5.842597586e-03 5.891628862e+00 -9.928156188e-01 8.803002073e-03 1.193300221e-01 1.289302172e+02
1.217777416e-01 -4.730543628e-03 9.925461217e-01 1.030369104e+02 9.779062781e-03 9.999458253e-01 3.565995670e-03 5.886528545e+00 -9.925092199e-01 9.271911938e-03 1.218174046e-01 1.289577777e+02
1.268750780e-01 -2.685611771e-03 9.919150680e-01 1.032113115e+02 1.171502847e-02 9.999306460e-01 1.208853864e-03 5.880823695e+00 -9.918495212e-01 1.146693983e-02 1.268977407e-01 1.289817107e+02
1.353510012e-01 -6.725751746e-04 9.907974839e-01 1.033811073e+02 1.228330378e-02 9.999240581e-01 -9.992287850e-04 5.878233218e+00 -9.907215688e-01 1.230551309e-02 1.353489838e-01 1.290079073e+02
1.489320385e-01 4.227688345e-04 9.888473437e-01 1.035403274e+02 1.375811010e-02 9.999022284e-01 -2.499628379e-03 5.873316459e+00 -9.887517192e-01 1.397694538e-02 1.489116607e-01 1.290398086e+02
1.667655204e-01 3.869574998e-04 9.859965068e-01 1.036955870e+02 1.314658726e-02 9.999101580e-01 -2.615952677e-03 5.867232132e+00 -9.859089352e-01 1.339873983e-02 1.667454507e-01 1.290825049e+02
1.858337422e-01 -2.319518038e-03 9.825784651e-01 1.038510590e+02 1.392746890e-02 9.999029707e-01 -2.736684135e-04 5.862977912e+00 -9.824824914e-01 1.373568784e-02 1.858480159e-01 1.291264047e+02
2.073134594e-01 -6.098176778e-03 9.782555606e-01 1.040038117e+02 1.523668167e-02 9.998794025e-01 3.003992295e-03 5.863006554e+00 -9.781559043e-01 1.428260053e-02 2.073813739e-01 1.291780105e+02
2.348137194e-01 -1.006652142e-02 9.719882624e-01 1.041536750e+02 1.607256985e-02 9.998498800e-01 6.472249278e-03 5.861881943e+00 -9.719075006e-01 1.410257631e-02 2.349402641e-01 1.292354171e+02
2.635034701e-01 -1.185294970e-02 9.645856254e-01 1.042945233e+02 1.238023230e-02 9.998837114e-01 8.904691241e-03 5.861633084e+00 -9.645790020e-01 9.595377073e-03 2.636195699e-01 1.293109006e+02
2.936994574e-01 -1.195905689e-02 9.558230012e-01 1.044352948e+02 8.030749717e-03 9.999173180e-01 1.004311598e-02 5.863319292e+00 -9.558640781e-01 4.726317583e-03 2.937712140e-01 1.293923564e+02
3.288676398e-01 -1.216567202e-02 9.442976606e-01 1.045603094e+02 2.265288227e-03 9.999243062e-01 1.209340194e-02 5.861489991e+00 -9.443733075e-01 -1.838022179e-03 3.288703053e-01 1.294781768e+02
3.660467358e-01 -1.153951994e-02 9.305249200e-01 1.046804725e+02 -3.575010053e-03 9.998982996e-01 1.380615054e-02 5.859204250e+00 -9.305896016e-01 -8.380332284e-03 3.659682548e-01 1.295689627e+02
4.009801368e-01 -8.688003999e-03 9.160455494e-01 1.048017977e+02 -1.085061219e-02 9.998398392e-01 1.423236267e-02 5.862153567e+00 -9.160224856e-01 -1.564654973e-02 4.008216453e-01 1.296737697e+02
4.351057864e-01 -4.524960142e-03 9.003679689e-01 1.049217472e+02 -1.833421607e-02 9.997355047e-01 1.388441975e-02 5.869116711e+00 -9.001926523e-01 -2.254873226e-02 4.349077413e-01 1.297853900e+02
4.714389928e-01 -2.365749319e-03 8.818955036e-01 1.050355580e+02 -2.201819873e-02 9.996531089e-01 1.445201392e-02 5.871106463e+00 -8.816237718e-01 -2.623099334e-02 4.712233653e-01 1.298917286e+02
5.088858711e-01 -1.132835702e-04 8.608339895e-01 1.051541566e+02 -2.523992829e-02 9.995680948e-01 1.505223736e-02 5.874652784e+00 -8.604638960e-01 -2.938725908e-02 5.086632213e-01 1.300107080e+02
5.453317086e-01 1.971718594e-03 8.382180146e-01 1.052779360e+02 -2.787277064e-02 9.994868786e-01 1.578252739e-02 5.878239401e+00 -8.377567883e-01 -3.197017109e-02 5.451068445e-01 1.301484438e+02
5.826056248e-01 4.223498901e-03 8.127440237e-01 1.053958215e+02 -3.312388260e-02 9.992790633e-01 1.855160524e-02 5.879265628e+00 -8.120797340e-01 -3.772950718e-02 5.823255017e-01 1.302927982e+02
6.209752557e-01 5.948503725e-03 7.838075957e-01 1.055097320e+02 -3.826897501e-02 9.990087646e-01 2.273705853e-02 5.876478957e+00 -7.828954064e-01 -4.411466403e-02 6.205873662e-01 1.304407743e+02
6.596181848e-01 7.049815142e-03 7.515677949e-01 1.056261161e+02 -3.909829465e-02 9.989239609e-01 2.494481138e-02 5.874467602e+00 -7.505832223e-01 -4.583907030e-02 6.591840456e-01 1.305970495e+02
6.970534918e-01 8.032974948e-03 7.169741285e-01 1.057343184e+02 -3.758953018e-02 9.989716062e-01 2.535265732e-02 5.875926922e+00 -7.160331395e-01 -4.462287895e-02 6.966386021e-01 1.307542536e+02
7.328819928e-01 1.026418419e-02 6.802783483e-01 1.058438478e+02 -3.680999989e-02 9.990198704e-01 2.458296983e-02 5.883085436e+00 -6.793592632e-01 -4.305746184e-02 7.325414981e-01 1.309330935e+02
7.663228662e-01 1.306976783e-02 6.423226961e-01 1.059482797e+02 -3.807788046e-02 9.989594332e-01 2.510230875e-02 5.884289895e+00 -6.413262350e-01 -4.369476003e-02 7.660231251e-01 1.311196790e+02
7.955628096e-01 1.747059498e-02 6.056191825e-01 1.060423442e+02 -4.122254328e-02 9.988286657e-01 2.533769029e-02 5.887835841e+00 -6.044671354e-01 -4.512288704e-02 7.953511220e-01 1.313189851e+02
8.215489150e-01 2.261826244e-02 5.696892086e-01 1.061446640e+02 -4.553241927e-02 9.986240854e-01 2.601412802e-02 5.895350150e+00 -5.683169706e-01 -4.731120655e-02 8.214483981e-01 1.315386680e+02
8.444827139e-01 2.697284604e-02 5.349031795e-01 1.062421852e+02 -4.788856496e-02 9.985334165e-01 2.525275173e-02 5.906962729e+00 -5.334375608e-01 -4.694125798e-02 8.445359004e-01 1.317649776e+02
8.659324734e-01 2.873711870e-02 4.993346868e-01 1.063388870e+02 -4.690964050e-02 9.986136935e-01 2.387837475e-02 5.916168234e+00 -4.979562602e-01 -4.410067076e-02 8.660800735e-01 1.320006930e+02
8.859434281e-01 3.059156572e-02 4.627833167e-01 1.064367131e+02 -4.709070253e-02 9.985989126e-01 2.413871409e-02 5.925920580e+00 -4.613964758e-01 -4.317832662e-02 8.861427223e-01 1.322488254e+02
9.024060981e-01 3.195218818e-02 4.297002349e-01 1.065204987e+02 -4.712676044e-02 9.985830849e-01 2.471621026e-02 5.931190731e+00 -4.283016491e-01 -4.255443889e-02 9.026332683e-01 1.325031161e+02
9.176220859e-01 3.518270218e-02 3.958937798e-01 1.066015402e+02 -4.923450258e-02 9.984645898e-01 2.538555837e-02 5.941658549e+00 -3.943927879e-01 -4.278598235e-02 9.179453625e-01 1.327730709e+02
9.319015014e-01 3.756057230e-02 3.607614103e-01 1.066735363e+02 -5.037764045e-02 9.983868838e-01 2.618632640e-02 5.947621579e+00 -3.591958868e-01 -4.257738551e-02 9.322904489e-01 1.330560989e+02
9.445193064e-01 3.882915181e-02 3.261526895e-01 1.067387000e+02 -5.005268714e-02 9.984058171e-01 2.608740803e-02 5.951560438e+00 -3.246197906e-01 -4.096487907e-02 9.449570732e-01 1.333400983e+02
9.553389029e-01 3.850844766e-02 2.929926279e-01 1.067960969e+02 -4.840781397e-02 9.984731589e-01 2.660891700e-02 5.952668860e+00 -2.915206066e-01 -3.960366620e-02 9.557443620e-01 1.336242739e+02
9.655595680e-01 3.706912368e-02 2.575278638e-01 1.068478600e+02 -4.557452987e-02 9.985923403e-01 2.713485175e-02 5.958475250e+00 -2.561594870e-01 -3.793702706e-02 9.658897966e-01 1.339142933e+02
9.744519442e-01 3.480558796e-02 2.218828058e-01 1.068878187e+02 -4.149976572e-02 9.988110606e-01 2.557801244e-02 5.962743273e+00 -2.207287428e-01 -3.413262841e-02 9.747378036e-01 1.342129876e+02
9.819853361e-01 3.707092837e-02 1.852850400e-01 1.069138962e+02 -4.211727939e-02 9.988392470e-01 2.337292086e-02 5.972880440e+00 -1.842035139e-01 -3.075556734e-02 9.824068203e-01 1.345387928e+02
9.883208735e-01 4.259681783e-02 1.463125494e-01 1.069168725e+02 -4.628595957e-02 9.986881096e-01 2.190136482e-02 5.973844324e+00 -1.451876749e-01 -2.841779275e-02 9.889959394e-01 1.348626185e+02
9.933233384e-01 4.499194185e-02 1.062283890e-01 1.069283483e+02 -4.734107206e-02 9.986845878e-01 1.969560928e-02 5.980095918e+00 -1.052025112e-01 -2.459307419e-02 9.941466755e-01 1.352236531e+02
9.965353008e-01 4.626516508e-02 6.911532967e-02 1.069162106e+02 -4.749835780e-02 9.987382124e-01 1.630610769e-02 5.989069394e+00 -6.827371604e-02 -1.953247659e-02 9.974754042e-01 1.355890305e+02
9.983554803e-01 4.656060606e-02 3.344315905e-02 1.069016871e+02 -4.695973767e-02 9.988334346e-01 1.124957688e-02 5.998195989e+00 -3.288035830e-02 -1.280155871e-02 9.993773072e-01 1.359608430e+02
9.986135759e-01 5.263494802e-02 -6.987640871e-04 1.068728788e+02 -5.263049735e-02 9.985998492e-01 5.326537859e-03 6.003601265e+00 9.781477553e-04 -5.282376717e-03 9.999855698e-01 1.363494918e+02
9.979087182e-01 5.587159287e-02 -3.250469555e-02 1.068325487e+02 -5.578216549e-02 9.984362828e-01 3.652279638e-03 6.009787315e+00 3.265792608e-02 -1.831459386e-03 9.994649096e-01 1.367604901e+02
9.969414652e-01 5.530035238e-02 -5.522305623e-02 1.067966906e+02 -5.513376359e-02 9.984686704e-01 4.536769171e-03 6.011127182e+00 5.538937647e-02 -1.478238377e-03 9.984637358e-01 1.371875505e+02
9.960341106e-01 5.594316524e-02 -6.918390497e-02 1.067506009e+02 -5.569523846e-02 9.984326182e-01 5.508848344e-03 6.003846732e+00 6.938364979e-02 -1.633786776e-03 9.975887128e-01 1.376398825e+02
9.953610221e-01 5.552230046e-02 -7.857295890e-02 1.067040589e+02 -5.529300621e-02 9.984571846e-01 5.092548680e-03 6.001237456e+00 7.873448535e-02 -7.243893539e-04 9.968953586e-01 1.381152740e+02
9.948047804e-01 5.271499906e-02 -8.708948145e-02 1.066617968e+02 -5.242719429e-02 9.986091018e-01 5.590277352e-03 5.996224996e+00 8.726304031e-02 -9.953774695e-04 9.961848077e-01 1.386119247e+02
9.940665685e-01 5.288997372e-02 -9.504897730e-02 1.066015625e+02 -5.264138182e-02 9.986003419e-01 5.122706919e-03 5.993147343e+00 9.518688106e-02 -8.880218284e-05 9.954594164e-01 1.391216107e+02
9.933257054e-01 5.174020994e-02 -1.030873111e-01 1.065500450e+02 -5.177438171e-02 9.986560516e-01 2.346065069e-03 5.990722815e+00 1.030701530e-01 3.006875056e-03 9.946695443e-01 1.396476912e+02
9.923636883e-01 5.521568649e-02 -1.102974986e-01 1.064736839e+02 -5.537715774e-02 9.984642240e-01 1.601188251e-03 5.988130776e+00 1.102165171e-01 4.519000900e-03 9.938973277e-01 1.402061468e+02
9.916507429e-01 5.637514191e-02 -1.159769261e-01 1.063926658e+02 -5.650219654e-02 9.984000633e-01 2.194402716e-03 5.989482422e+00 1.159150802e-01 4.376869990e-03 9.932494839e-01 1.407902366e+02
9.911514241e-01 5.669806452e-02 -1.200174322e-01 1.063216456e+02 -5.682577463e-02 9.983813188e-01 2.360831897e-03 5.986278177e+00 1.199570168e-01 4.480141658e-03 9.927689774e-01 1.413765393e+02
9.909293004e-01 5.662419156e-02 -1.218721565e-01 1.062504069e+02 -5.677628959e-02 9.983844414e-01 2.227111946e-03 5.985039105e+00 1.218013733e-01 4.712538369e-03 9.925433076e-01 1.419897724e+02
9.907594273e-01 5.744583874e-02 -1.228646936e-01 1.061605047e+02 -5.763213000e-02 9.983358029e-01 2.040142107e-03 5.981895662e+00 1.227774202e-01 5.059663967e-03 9.924213344e-01 1.426445443e+02
9.907643125e-01 5.604002796e-02 -1.234730430e-01 1.060756511e+02 -5.632398564e-02 9.984118322e-01 1.192422942e-03 5.984843021e+00 1.233437705e-01 5.773083805e-03 9.923472103e-01 1.433031785e+02
9.906724723e-01 5.510425332e-02 -1.246257352e-01 1.059986434e+02 -5.537906107e-02 9.984646062e-01 1.260857095e-03 5.982247187e+00 1.245038642e-01 5.652559784e-03 9.922030218e-01 1.439736562e+02
9.907559114e-01 5.332545380e-02 -1.247362015e-01 1.058893987e+02 -5.341714526e-02 9.985688695e-01 2.611797387e-03 5.984043345e+00 1.246969630e-01 4.075398093e-03 9.921865039e-01 1.447069734e+02
9.905450770e-01 5.522312316e-02 -1.255820729e-01 1.057880253e+02 -5.503766310e-02 9.984720161e-01 4.948611373e-03 5.977900872e+00 1.256634633e-01 2.009921186e-03 9.920708917e-01 1.454397071e+02
9.905730933e-01 5.378132223e-02 -1.259861744e-01 1.056821093e+02 -5.343873145e-02 9.985524989e-01 6.099908953e-03 5.985177959e+00 1.261318704e-01 6.901356584e-04 9.920132433e-01 1.461918414e+02
9.904032736e-01 5.332340825e-02 -1.275067442e-01 1.055667367e+02 -5.314719610e-02 9.985752188e-01 4.786233552e-03 5.988758094e+00 1.275802933e-01 2.036324561e-03 9.918261552e-01 1.469655276e+02
9.901183724e-01 5.325016243e-02 -1.297306014e-01 1.054553266e+02 -5.332064895e-02 9.985731366e-01 2.932442780e-03 5.989004995e+00 1.297016466e-01 4.013854382e-03 9.915449419e-01 1.477510276e+02
9.897667262e-01 5.488962847e-02 -1.317154374e-01 1.053356079e+02 -5.501044067e-02 9.984820633e-01 2.724097682e-03 5.995735361e+00 1.316650264e-01 4.549503007e-03 9.912838256e-01 1.485629482e+02
9.893140766e-01 5.772676904e-02 -1.338853166e-01 1.052209428e+02 -5.759516159e-02 9.983281960e-01 4.859062227e-03 5.985322184e+00 1.339419846e-01 2.904007786e-03 9.909849199e-01 1.493644188e+02
9.890152900e-01 5.798750265e-02 -1.359639866e-01 1.051013928e+02 -5.744174414e-02 9.983173082e-01 7.937133529e-03 5.980954548e+00 1.361954557e-01 -3.993788932e-05 9.906819854e-01 1.502011940e+02
9.884486278e-01 5.909866687e-02 -1.395587968e-01 1.049748204e+02 -5.861900737e-02 9.982518871e-01 7.548634367e-03 5.980311924e+00 1.397609465e-01 7.193608591e-04 9.901850132e-01 1.510520106e+02
9.878841347e-01 5.970921301e-02 -1.432471514e-01 1.048368900e+02 -5.917162028e-02 9.982156565e-01 8.013886196e-03 5.981941808e+00 1.434700521e-01 5.593750166e-04 9.896545010e-01 1.519129691e+02
9.872101418e-01 5.949134451e-02 -1.479084713e-01 1.047041373e+02 -5.875681225e-02 9.982286837e-01 9.334459013e-03 5.982844823e+00 1.482017981e-01 -5.244423275e-04 9.889570021e-01 1.527895136e+02
9.864926470e-01 5.817710129e-02 -1.531263609e-01 1.045731100e+02 -5.731434351e-02 9.983056338e-01 1.004627506e-02 5.977768230e+00 1.534513719e-01 -1.134239626e-03 9.881555495e-01 1.536548454e+02
9.857852392e-01 5.877356677e-02 -1.573948220e-01 1.044118287e+02 -5.817835503e-02 9.982709466e-01 8.390241141e-03 5.975902483e+00 1.576158023e-01 8.859959627e-04 9.875001133e-01 1.545515250e+02
9.848596454e-01 6.121208998e-02 -1.621868023e-01 1.042563694e+02 -6.061222777e-02 9.981239186e-01 8.648755307e-03 5.970690606e+00 1.624119351e-01 1.312693319e-03 9.867221697e-01 1.554272927e+02
9.840829321e-01 6.142722661e-02 -1.667557451e-01 1.041126174e+02 -6.063225088e-02 9.981114812e-01 9.859072057e-03 5.972034925e+00 1.670464392e-01 4.086316347e-04 9.859489440e-01 1.563146826e+02
9.834034796e-01 6.354281605e-02 -1.699408921e-01 1.039454817e+02 -6.232714244e-02 9.979776906e-01 1.248424696e-02 5.966670375e+00 1.703905032e-01 -1.685121711e-03 9.853751756e-01 1.572143460e+02
9.831658238e-01 6.106072929e-02 -1.722107728e-01 1.037899244e+02 -5.942215449e-02 9.981253043e-01 1.465894084e-02 5.971874398e+00 1.727830156e-01 -4.179034505e-03 9.849510471e-01 1.581212151e+02
9.827071351e-01 6.065782357e-02 -1.749494643e-01 1.036302435e+02 -5.887459927e-02 9.981470586e-01 1.536980646e-02 5.971115204e+00 1.755575922e-01 -4.803938873e-03 9.844574414e-01 1.590201056e+02
9.824373212e-01 6.076061629e-02 -1.764229502e-01 1.034513991e+02 -5.846893313e-02 9.981239648e-01 1.816410613e-02 5.969987286e+00 1.771956368e-01 -7.529834088e-03 9.841468426e-01 1.599380857e+02
9.820894906e-01 5.991621283e-02 -1.786344870e-01 1.032865832e+02 -5.708023921e-02 9.981491697e-01 2.097811623e-02 5.967037443e+00 1.795607942e-01 -1.040588823e-02 9.836918413e-01 1.608401990e+02
9.818294989e-01 5.857418946e-02 -1.804990287e-01 1.031235324e+02 -5.531711384e-02 9.982031940e-01 2.303042226e-02 5.972098342e+00 1.815236953e-01 -1.262726262e-02 9.833054969e-01 1.617335704e+02
9.817215194e-01 5.843788950e-02 -1.811294327e-01 1.029585651e+02 -5.520432144e-02 9.982136577e-01 2.284680650e-02 5.975143309e+00 1.821409927e-01 -1.243007417e-02 9.831938527e-01 1.626200913e+02
9.818918149e-01 5.731965074e-02 -1.805627910e-01 1.027918236e+02 -5.407106919e-02 9.982752329e-01 2.286654635e-02 5.974260528e+00 1.815620647e-01 -1.268925153e-02 9.832976150e-01 1.635171499e+02
9.821273628e-01 5.710094326e-02 -1.793469418e-01 1.026205204e+02 -5.412602108e-02 9.983038820e-01 2.144138585e-02 5.978997024e+00 1.802670715e-01 -1.135083539e-02 9.835522058e-01 1.644045533e+02
9.824200633e-01 5.766430374e-02 -1.775546316e-01 1.024520189e+02 -5.497960818e-02 9.982870007e-01 2.000767113e-02 5.978292878e+00 1.784042091e-01 -9.894053458e-03 9.839075393e-01 1.652868761e+02
9.829488102e-01 5.668042410e-02 -1.749256012e-01 1.022870890e+02 -5.424580831e-02 9.983530171e-01 1.867205057e-02 5.980249648e+00 1.756958415e-01 -8.864689262e-03 9.844045858e-01 1.661717901e+02
9.835635892e-01 5.474911712e-02 -1.720616175e-01 1.021386606e+02 -5.250340211e-02 9.984660065e-01 1.757915418e-02 5.986361687e+00 1.727601192e-01 -8.256395695e-03 9.849293239e-01 1.670554185e+02
9.843345026e-01 5.302435383e-02 -1.681487579e-01 1.019843298e+02 -5.075289798e-02 9.985529487e-01 1.778066230e-02 5.987288238e+00 1.688482462e-01 -8.968082621e-03 9.856012598e-01 1.679351564e+02
9.850716955e-01 5.092581204e-02 -1.644394001e-01 1.018309635e+02 -4.856895672e-02 9.986517283e-01 1.832435331e-02 5.984193676e+00 1.651508737e-01 -1.006415167e-02 9.862169648e-01 1.688261999e+02
9.857708683e-01 4.962725803e-02 -1.606017759e-01 1.016797810e+02 -4.722284240e-02 9.987082731e-01 1.875602424e-02 5.989105677e+00 1.613251323e-01 -1.090506995e-02 9.868410617e-01 1.696918303e+02
9.862997217e-01 4.794075244e-02 -1.578434136e-01 1.015453782e+02 -4.548578523e-02 9.987817784e-01 1.913119210e-02 5.990677934e+00 1.585682890e-01 -1.168945784e-02 9.872788128e-01 1.705641076e+02
9.867731892e-01 4.676422781e-02 -1.552152704e-01 1.014023691e+02 -4.433225976e-02 9.988343370e-01 1.909497131e-02 5.989548122e+00 1.559273033e-01 -1.196136205e-02 9.876961081e-01 1.714424046e+02
9.871517669e-01 4.430792377e-02 -1.535193701e-01 1.012632847e+02 -4.185379896e-02 9.989395831e-01 1.918251290e-02 5.993065144e+00 1.542065128e-01 -1.251068265e-02 9.879594294e-01 1.723165197e+02
9.873402165e-01 4.307314865e-02 -1.526564794e-01 1.011362260e+02 -4.037048175e-02 9.989690655e-01 2.076127315e-02 6.001191916e+00 1.533933540e-01 -1.433562431e-02 9.880612171e-01 1.731825678e+02
9.875241460e-01 4.329163964e-02 -1.513997851e-01 1.009959664e+02 -3.986703105e-02 9.988774138e-01 2.558382264e-02 6.011481855e+00 1.523373914e-01 -1.922878267e-02 9.881414742e-01 1.740538233e+02
9.876590627e-01 4.352369286e-02 -1.504502047e-01 1.008584469e+02 -3.928913518e-02 9.987467074e-01 3.100610278e-02 6.017386034e+00 1.516111467e-01 -2.471239998e-02 9.881312451e-01 1.749108831e+02
9.876856353e-01 4.552754816e-02 -1.496807544e-01 1.007243424e+02 -4.102550486e-02 9.986119786e-01 3.303065340e-02 6.023046118e+00 1.509767990e-01 -2.648317336e-02 9.881824972e-01 1.757452232e+02
9.877590850e-01 4.558271904e-02 -1.491784358e-01 1.005983238e+02 -4.108821698e-02 9.986079482e-01 3.307452513e-02 6.033936563e+00 1.504783985e-01 -2.654018674e-02 9.882569858e-01 1.765482678e+02
9.877720890e-01 4.401063603e-02 -1.495639130e-01 1.004663039e+02 -3.947212913e-02 9.986696151e-01 3.318058073e-02 6.051183380e+00 1.508252339e-01 -2.687124545e-02 9.881951654e-01 1.773596112e+02
9.877893813e-01 4.418493511e-02 -1.493982251e-01 1.003378142e+02 -3.996707225e-02 9.987162879e-01 3.111927734e-02 6.055135472e+00 1.505814440e-01 -2.476828205e-02 9.882872866e-01 1.781347482e+02
9.877352623e-01 4.360704900e-02 -1.499249042e-01 1.002110577e+02 -3.983479868e-02 9.988118122e-01 2.807405703e-02 6.066357905e+00 1.509709920e-01 -2.175750771e-02 9.882987253e-01 1.789065299e+02
9.877229263e-01 4.231044606e-02 -1.503770161e-01 1.000855835e+02 -3.905351503e-02 9.989355588e-01 2.454734788e-02 6.075602373e+00 1.512555578e-01 -1.837322722e-02 9.883239250e-01 1.796426137e+02
9.877447256e-01 3.930977879e-02 -1.510466763e-01 9.996385922e+01 -3.649832556e-02 9.991058013e-01 2.134174384e-02 6.081765967e+00 1.517505498e-01 -1.556724415e-02 9.882962266e-01 1.803697851e+02
9.876395253e-01 3.854107469e-02 -1.519300945e-01 9.985619002e+01 -3.585754746e-02 9.991494026e-01 2.036436965e-02 6.081169362e+00 1.525857278e-01 -1.466481581e-02 9.881814301e-01 1.810463048e+02
9.875302646e-01 4.040203688e-02 -1.521566693e-01 9.972993109e+01 -3.774209611e-02 9.990806784e-01 2.033057292e-02 6.078181697e+00 1.528381849e-01 -1.433434442e-02 9.881472642e-01 1.817181730e+02
9.873581392e-01 4.175454881e-02 -1.529067121e-01 9.961675463e+01 -3.917331586e-02 9.990351229e-01 1.985634580e-02 6.074119199e+00 1.535882687e-01 -1.361546171e-02 9.880411241e-01 1.823606241e+02
9.872437920e-01 4.211736110e-02 -1.535442055e-01 9.950905237e+01 -3.951461754e-02 9.990195169e-01 1.996496624e-02 6.069681249e+00 1.542345297e-01 -1.364304843e-02 9.879400676e-01 1.829744252e+02
9.871344846e-01 4.253506588e-02 -1.541307157e-01 9.940575662e+01 -3.989035635e-02 9.989996067e-01 2.021250410e-02 6.068990512e+00 1.548362645e-01 -1.380413065e-02 9.878437008e-01 1.835605559e+02
9.870970155e-01 4.089450521e-02 -1.548131821e-01 9.931435521e+01 -3.850100757e-02 9.990886125e-01 1.842869425e-02 6.068623087e+00 1.554257197e-01 -1.223044559e-02 9.877718673e-01 1.841221821e+02
9.870266585e-01 4.015655977e-02 -1.554536140e-01 9.922868189e+01 -3.792559831e-02 9.991309424e-01 1.729187743e-02 6.064513928e+00 1.560128982e-01 -1.117187268e-02 9.876918370e-01 1.846603753e+02
9.870057817e-01 4.029250922e-02 -1.555509582e-01 9.914471910e+01 -3.804926785e-02 9.991248317e-01 1.737307932e-02 6.062218077e+00 1.561148299e-01 -1.122872966e-02 9.876750860e-01 1.851753374e+02
9.870646759e-01 4.001011785e-02 -1.552498504e-01 9.905801063e+01 -3.769131294e-02 9.991299543e-01 1.785215011e-02 6.062100690e+00 1.558290426e-01 -1.176965606e-02 9.877139184e-01 1.856776878e+02
9.871264129e-01 3.917265107e-02 -1.550707853e-01 9.897987023e+01 -3.679619842e-02 9.991576471e-01 1.816689403e-02 6.055066277e+00 1.556518063e-01 -1.222700555e-02 9.877363087e-01 1.861650103e+02
9.871515293e-01 3.886032623e-02 -1.549894620e-01 9.890127759e+01 -3.632518204e-02 9.991563954e-01 1.915668616e-02 6.052667244e+00 1.556031472e-01 -1.328053162e-02 9.877303721e-01 1.866221376e+02
9.870930705e-01 3.901460934e-02 -1.553226656e-01 9.883128357e+01 -3.622249840e-02 9.991279478e-01 2.076715194e-02 6.051194637e+00 1.559974384e-01 -1.487293677e-02 9.876454804e-01 1.870629634e+02
9.871581196e-01 3.942771110e-02 -1.548040780e-01 9.876553064e+01 -3.664083845e-02 9.991116792e-01 2.081589519e-02 6.049668047e+00 1.554872854e-01 -1.487642874e-02 9.877258709e-01 1.874882709e+02
9.875352762e-01 4.124838446e-02 -1.518968370e-01 9.869326315e+01 -3.861383698e-02 9.990489068e-01 2.025471555e-02 6.046130394e+00 1.525878432e-01 -1.413692642e-02 9.881887964e-01 1.878817301e+02
9.882095285e-01 4.244323993e-02 -1.471071011e-01 9.863495405e+01 -3.985127561e-02 9.989948237e-01 2.052359597e-02 6.039640292e+00 1.478303205e-01 -1.441920747e-02 9.889076210e-01 1.882419858e+02
9.890446504e-01 4.231449142e-02 -1.414219336e-01 9.858728183e+01 -3.981774161e-02 9.989978894e-01 2.043928556e-02 6.035830872e+00 1.421450912e-01 -1.458426403e-02 9.897383858e-01 1.885926557e+02
9.897763408e-01 4.150494974e-02 -1.364556130e-01 9.854259610e+01 -3.930446228e-02 9.990507453e-01 1.878210843e-02 6.030023452e+00 1.371056323e-01 -1.322677206e-02 9.904681207e-01 1.889141639e+02
9.904476258e-01 3.980557935e-02 -1.320190003e-01 9.851146041e+01 -3.776863841e-02 9.991262055e-01 1.789847826e-02 6.025830613e+00 1.326161021e-01 -1.274132741e-02 9.910855806e-01 1.892157741e+02
9.911388894e-01 3.870006736e-02 -1.270669375e-01 9.847540616e+01 -3.678810574e-02 9.991722861e-01 1.736023981e-02 6.029270153e+00 1.276336049e-01 -1.253185687e-02 9.917422122e-01 1.895067202e+02
9.917689636e-01 3.842814532e-02 -1.221376291e-01 9.844212505e+01 -3.657168688e-02 9.991794318e-01 1.740617063e-02 6.023945591e+00 1.227062937e-01 -1.279612068e-02 9.923605317e-01 1.897757706e+02
9.922751947e-01 3.837066336e-02 -1.179730059e-01 9.841123605e+01 -3.675830827e-02 9.991990583e-01 1.581355992e-02 6.018563161e+00 1.184852932e-01 -1.135491513e-02 9.928908808e-01 1.900306512e+02
9.928792682e-01 3.723970626e-02 -1.131545981e-01 9.838555179e+01 -3.595372089e-02 9.992638134e-01 1.338511052e-02 6.012004256e+00 1.135697528e-01 -9.221469898e-03 9.934872298e-01 1.902835236e+02
9.933373533e-01 3.625055135e-02 -1.093928701e-01 9.836563049e+01 -3.519597220e-02 9.993136102e-01 1.155647048e-02 6.012513924e+00 1.097367124e-01 -7.629285389e-03 9.939314101e-01 1.905338198e+02
9.937578058e-01 3.543242971e-02 -1.057826368e-01 9.834390777e+01 -3.442828882e-02 9.993432394e-01 1.130410779e-02 6.009496294e+00 1.061136949e-01 -7.591630186e-03 9.943250228e-01 1.907884800e+02
9.941903258e-01 3.527663678e-02 -1.016914699e-01 9.831824908e+01 -3.432515077e-02 9.993491658e-01 1.109183212e-02 6.003850313e+00 1.020165682e-01 -7.536817150e-03 9.947541486e-01 1.910338632e+02
9.945723458e-01 3.448627349e-02 -9.816590988e-02 9.829635886e+01 -3.360834907e-02 9.993790430e-01 1.058335249e-02 5.999502257e+00 9.846993345e-02 -7.226715548e-03 9.951137858e-01 1.912841975e+02
9.948894710e-01 3.302035685e-02 -9.541800926e-02 9.827123390e+01 -3.218726912e-02 9.994292205e-01 1.025733363e-02 5.998681521e+00 9.570224744e-02 -7.133668083e-03 9.953844436e-01 1.915322885e+02
9.950148237e-01 3.293605201e-02 -9.413138219e-02 9.825263171e+01 -3.212896643e-02 9.994329294e-01 1.007716071e-02 5.993161716e+00 9.440990493e-02 -7.002580272e-03 9.955087813e-01 1.917721857e+02
9.951083907e-01 3.272454553e-02 -9.321155959e-02 9.823133913e+01 -3.194681932e-02 9.994412884e-01 9.824038933e-03 5.989527482e+00 9.348096842e-02 -6.798170720e-03 9.955978573e-01 1.920136309e+02
9.951637904e-01 3.156605255e-02 -9.301943175e-02 9.820921222e+01 -3.080588057e-02 9.994793109e-01 9.597129913e-03 5.987221857e+00 9.327394105e-02 -6.685170676e-03 9.956180394e-01 1.922554458e+02
9.951636482e-01 3.109611117e-02 -9.317910266e-02 9.818791103e+01 -3.033286081e-02 9.994937826e-01 9.596672760e-03 5.987612183e+00 9.343035297e-02 -6.723871123e-03 9.956031130e-01 1.924926177e+02
9.951370408e-01 3.159261973e-02 -9.329617571e-02 9.816215887e+01 -3.082366384e-02 9.994780409e-01 9.671994040e-03 5.986870357e+00 9.355304256e-02 -6.749229569e-03 9.955914203e-01 1.927353947e+02
9.951027382e-01 3.057139512e-02 -9.399962843e-02 9.813620006e+01 -3.010406716e-02 9.995263703e-01 6.385939515e-03 5.987984735e+00 9.415033449e-02 -3.524894771e-03 9.955517514e-01 1.929929180e+02
9.951925226e-01 2.599110780e-02 -9.442618944e-02 9.811762051e+01 -2.585919027e-02 9.996621603e-01 2.620609540e-03 5.991930890e+00 9.446240106e-02 -1.662262197e-04 9.955284160e-01 1.932692526e+02
9.952466244e-01 2.223977358e-02 -9.481323304e-02 9.810136857e+01 -2.210344587e-02 9.997525933e-01 2.487958784e-03 5.986040704e+00 9.484510725e-02 -3.804334167e-04 9.954919693e-01 1.935578157e+02
9.951563581e-01 2.224539906e-02 -9.575471375e-02 9.806280973e+01 -2.199935731e-02 9.997514145e-01 3.624561774e-03 5.985314280e+00 9.581154034e-02 -1.500463533e-03 9.953983611e-01 1.938716962e+02
9.950258892e-01 2.541931973e-02 -9.631893866e-02 9.801730022e+01 -2.507626445e-02 9.996741578e-01 4.770657902e-03 5.975947213e+00 9.640882076e-02 -2.331608944e-03 9.953390894e-01 1.941968649e+02
9.948566855e-01 2.796051031e-02 -9.735699892e-02 9.796668669e+01 -2.750173717e-02 9.996034396e-01 6.051287517e-03 5.973641993e+00 9.748758807e-02 -3.342677246e-03 9.952311273e-01 1.945450538e+02
9.946378110e-01 2.891427938e-02 -9.929546523e-02 9.791059610e+01 -2.843003945e-02 9.995760034e-01 6.288581438e-03 5.971915095e+00 9.943519410e-02 -3.431886882e-03 9.950381220e-01 1.949120869e+02
9.943604881e-01 3.017739789e-02 -1.016687977e-01 9.787295075e+01 -2.965102075e-02 9.995379574e-01 6.684953473e-03 5.972418450e+00 1.018235568e-01 -3.632669969e-03 9.947958419e-01 1.952732979e+02
9.940611095e-01 3.354225987e-02 -1.035250086e-01 9.781922364e+01 -3.288188990e-02 9.994265880e-01 8.079384786e-03 5.972178445e+00 1.037366469e-01 -4.627304271e-03 9.945940358e-01 1.956585146e+02
9.937769360e-01 3.390057859e-02 -1.061044406e-01 9.778056613e+01 -3.311685596e-02 9.994096925e-01 9.140043237e-03 5.969846462e+00 1.063516591e-01 -5.569318688e-03 9.943129826e-01 1.960371247e+02
9.937077950e-01 2.943714974e-02 -1.080660552e-01 9.773478907e+01 -2.874256759e-02 9.995549954e-01 7.979717682e-03 5.967050010e+00 1.082528654e-01 -4.823411768e-03 9.941116898e-01 1.964479797e+02
9.935820788e-01 2.717231448e-02 -1.098012660e-01 9.769288661e+01 -2.647295524e-02 9.996189240e-01 7.822367504e-03 5.967604250e+00 1.099719752e-01 -4.865400165e-03 9.939227800e-01 1.968695237e+02
9.933095938e-01 3.052244429e-02 -1.113751826e-01 9.762184484e+01 -2.956637338e-02 9.995105077e-01 1.022616917e-02 5.962941487e+00 1.116327930e-01 -6.864791707e-03 9.937258144e-01 1.973190082e+02
9.929127301e-01 3.518141052e-02 -1.135190680e-01 9.755940424e+01 -3.395994307e-02 9.993427978e-01 1.267654374e-02 5.965963670e+00 1.138904417e-01 -8.731600564e-03 9.934549443e-01 1.977743389e+02
9.925241806e-01 3.977607618e-02 -1.153846383e-01 9.749425545e+01 -3.860013557e-02 9.991776859e-01 1.240892939e-02 5.978910777e+00 1.157833344e-01 -7.862299797e-03 9.932433759e-01 1.982505839e+02
9.922590507e-01 4.188939477e-02 -1.169070356e-01 9.742563911e+01 -4.096299224e-02 9.991074003e-01 1.031678297e-02 5.987310250e+00 1.172348482e-01 -5.448059286e-03 9.930892755e-01 1.987327066e+02
9.920762971e-01 4.031533168e-02 -1.189928346e-01 9.736619738e+01 -3.939570949e-02 9.991729293e-01 1.007151783e-02 5.987928275e+00 1.193004557e-01 -5.303906973e-03 9.928440310e-01 1.992313165e+02
9.920544255e-01 3.669800935e-02 -1.203381610e-01 9.729999967e+01 -3.552111953e-02 9.992979413e-01 1.191111240e-02 5.982049812e+00 1.206907906e-01 -7.541925568e-03 9.926614994e-01 1.997697776e+02
9.918815964e-01 3.632386322e-02 -1.218666309e-01 9.723937573e+01 -3.506775613e-02 9.993075477e-01 1.243694631e-02 5.979028887e+00 1.222340020e-01 -8.062388868e-03 9.924685620e-01 2.002929798e+02
9.915990613e-01 3.705351090e-02 -1.239287660e-01 9.717379033e+01 -3.572623332e-02 9.992781460e-01 1.291600250e-02 5.976204541e+00 1.243178908e-01 -8.379987940e-03 9.922070539e-01 2.008805751e+02
9.913219850e-01 3.832124880e-02 -1.257465866e-01 9.709077016e+01 -3.697933161e-02 9.992316064e-01 1.298944669e-02 5.973476748e+00 1.261477355e-01 -8.226699357e-03 9.919773537e-01 2.014562749e+02
9.911268023e-01 3.808426731e-02 -1.273469682e-01 9.701270651e+01 -3.659854795e-02 9.992321580e-01 1.398716303e-02 5.971449607e+00 1.277818767e-01 -9.202338049e-03 9.917596024e-01 2.020518467e+02
9.909348590e-01 3.867327565e-02 -1.286564535e-01 9.692744060e+01 -3.714826531e-02 9.992084025e-01 1.423287274e-02 5.971146574e+00 1.291050412e-01 -9.324485667e-03 9.915870826e-01 2.026621012e+02
9.907013316e-01 3.799913300e-02 -1.306404893e-01 9.684278144e+01 -3.656871240e-02 9.992422098e-01 1.333174407e-02 5.978478657e+00 1.310480859e-01 -8.430422126e-03 9.913401672e-01 2.032862549e+02
9.904707269e-01 3.876744228e-02 -1.321545478e-01 9.674482880e+01 -3.730370535e-02 9.992123120e-01 1.353474020e-02 5.981452599e+00 1.325751585e-01 -8.475909646e-03 9.911367142e-01 2.039495251e+02
9.903193507e-01 3.699798007e-02 -1.337861473e-01 9.664449683e+01 -3.550516418e-02 9.992779321e-01 1.352766278e-02 5.994307314e+00 1.341900408e-01 -8.646607099e-03 9.909178922e-01 2.046265992e+02
9.900475237e-01 3.677031812e-02 -1.358449283e-01 9.655103591e+01 -3.526380996e-02 9.992871158e-01 1.348049896e-02 5.997640050e+00 1.362437688e-01 -8.555924882e-03 9.906383960e-01 2.053143758e+02
9.899057480e-01 3.655781123e-02 -1.369311380e-01 9.643358880e+01 -3.504662324e-02 9.992954154e-01 1.343156422e-02 6.001949367e+00 1.373256870e-01 -8.497008624e-03 9.904895035e-01 2.060337614e+02
9.896949663e-01 3.792415100e-02 -1.380783562e-01 9.629013367e+01 -3.627709577e-02 9.992376344e-01 1.442644536e-02 6.006131330e+00 1.385202007e-01 -9.268698603e-03 9.903162350e-01 2.068104422e+02
9.895388076e-01 3.708330888e-02 -1.394194266e-01 9.619190201e+01 -3.535506390e-02 9.992644305e-01 1.485319375e-02 6.013522858e+00 1.398676795e-01 -9.768628895e-03 9.901220158e-01 2.075434966e+02
9.893723806e-01 3.532742736e-02 -1.410470323e-01 9.609546014e+01 -3.357860609e-02 9.993270776e-01 1.476039068e-02 6.025476920e+00 1.414735652e-01 -9.867360125e-03 9.898928556e-01 2.082882349e+02
9.891963913e-01 3.584247507e-02 -1.421471646e-01 9.597989199e+01 -3.404327046e-02 9.993067363e-01 1.506992070e-02 6.031074889e+00 1.425887624e-01 -1.006795681e-02 9.897308124e-01 2.090643363e+02
9.891572599e-01 3.558569441e-02 -1.424835904e-01 9.585582600e+01 -3.401468068e-02 9.993308624e-01 1.344726323e-02 6.035447238e+00 1.428667795e-01 -8.454924220e-03 9.897058136e-01 2.098592432e+02
9.889513164e-01 3.770875974e-02 -1.433643721e-01 9.574227194e+01 -3.618224603e-02 9.992574855e-01 1.324095078e-02 6.032658740e+00 1.437572219e-01 -7.907410721e-03 9.895813933e-01 2.106308047e+02
9.889152756e-01 3.543274778e-02 -1.441911857e-01 9.562002762e+01 -3.395414615e-02 9.993426569e-01 1.270315176e-02 6.044657791e+00 1.445465102e-01 -7.666452230e-03 9.894683077e-01 2.114443838e+02
9.888401695e-01 3.433519281e-02 -1.449696993e-01 9.551339103e+01 -3.279899901e-02 9.993777548e-01 1.297416060e-02 6.047342710e+00 1.453249629e-01 -8.074510138e-03 9.893510284e-01 2.122448794e+02
9.887670334e-01 3.411343894e-02 -1.455198504e-01 9.537599900e+01 -3.245853771e-02 9.993787415e-01 1.373224083e-02 6.053946984e+00 1.458978989e-01 -8.854625478e-03 9.892600258e-01 2.131017218e+02
9.887503437e-01 3.542365758e-02 -1.453200688e-01 9.523261850e+01 -3.359498813e-02 9.993226691e-01 1.501931564e-02 6.051967771e+00 1.457536781e-01 -9.968327518e-03 9.892706898e-01 2.139665136e+02
9.886935097e-01 3.697941458e-02 -1.453191892e-01 9.507925649e+01 -3.483767026e-02 9.992439917e-01 1.725635391e-02 6.045745932e+00 1.458474566e-01 -1.199866312e-02 9.892343259e-01 2.148363782e+02
9.886403736e-01 3.675751809e-02 -1.457363939e-01 9.495990888e+01 -3.450874391e-02 9.992435543e-01 1.792946485e-02 6.052051569e+00 1.462851949e-01 -1.269661293e-02 9.891609767e-01 2.156960402e+02
9.888715789e-01 3.580352250e-02 -1.443991282e-01 9.482182203e+01 -3.363134082e-02 9.992818403e-01 1.745670344e-02 6.059923602e+00 1.449204381e-01 -1.240610160e-02 9.893655317e-01 2.165796323e+02
9.893061202e-01 3.582444751e-02 -1.413860298e-01 9.467462239e+01 -3.400111372e-02 9.993048025e-01 1.529169854e-02 6.059314276e+00 1.418355552e-01 -1.032088848e-02 9.898364282e-01 2.174833502e+02
9.895666019e-01 3.577796308e-02 -1.395631678e-01 9.455030213e+01 -3.407947322e-02 9.993133284e-01 1.454170812e-02 6.067223877e+00 1.399876065e-01 -9.633749449e-03 9.901063887e-01 2.183941677e+02
9.899559126e-01 3.372320032e-02 -1.372954362e-01 9.442504798e+01 -3.196092018e-02 9.993762457e-01 1.502062619e-02 6.069989808e+00 1.377163412e-01 -1.048166923e-02 9.904162478e-01 2.192880203e+02
9.901241258e-01 3.064478321e-02 -1.368031903e-01 9.431363964e+01 -2.883258639e-02 9.994685410e-01 1.520912896e-02 6.070105012e+00 1.371965654e-01 -1.111453571e-02 9.904814837e-01 2.201972937e+02
9.901621596e-01 2.910154182e-02 -1.368648895e-01 9.419762028e+01 -2.755858283e-02 9.995336221e-01 1.315533602e-02 6.070793102e+00 1.371838993e-01 -9.254113526e-03 9.905023671e-01 2.210960552e+02
9.902402271e-01 2.705054139e-02 -1.367207402e-01 9.407895365e+01 -2.573408293e-02 9.996039628e-01 1.138747664e-02 6.074919976e+00 1.369746311e-01 -7.757954586e-03 9.905441760e-01 2.219867343e+02
9.902198041e-01 2.762330159e-02 -1.367541328e-01 9.394986490e+01 -2.616756971e-02 9.995802697e-01 1.243151828e-02 6.063910968e+00 1.370401326e-01 -8.731412289e-03 9.905270135e-01 2.228996733e+02
9.902338619e-01 2.808943826e-02 -1.365572486e-01 9.381993865e+01 -2.633343713e-02 9.995458760e-01 1.464895527e-02 6.059096687e+00 1.369067156e-01 -1.090986983e-02 9.905238644e-01 2.238011454e+02
9.902344445e-01 2.832675286e-02 -1.365039926e-01 9.368876070e+01 -2.633506730e-02 9.995190479e-01 1.637489322e-02 6.059132290e+00 1.369021883e-01 -1.262014146e-02 9.905041761e-01 2.247089047e+02
9.902012518e-01 2.757333696e-02 -1.368984736e-01 9.356822850e+01 -2.549026859e-02 9.995314250e-01 1.694628771e-02 6.056375508e+00 1.373015921e-01 -1.329065644e-02 9.904401200e-01 2.256007561e+02
9.901692722e-01 2.725899366e-02 -1.371924181e-01 9.343992358e+01 -2.518071752e-02 9.995407014e-01 1.686172553e-02 6.049897594e+00 1.375890395e-01 -1.324135897e-02 9.904008899e-01 2.264972684e+02
9.901701075e-01 2.641104333e-02 -1.373521570e-01 9.330899627e+01 -2.440350695e-02 9.995696273e-01 1.627971263e-02 6.049251194e+00 1.377230086e-01 -1.276781049e-02 9.903884874e-01 2.273880792e+02
9.899906763e-01 2.466692677e-02 -1.389604385e-01 9.318352837e+01 -2.281621326e-02 9.996286986e-01 1.489581871e-02 6.047239441e+00 1.392762764e-01 -1.157617064e-02 9.901858973e-01 2.282851049e+02
9.896421346e-01 2.167124070e-02 -1.419112499e-01 9.305630038e+01 -1.993880668e-02 9.997084457e-01 1.361864655e-02 6.042473319e+00 1.421650080e-01 -1.064804547e-02 9.897856988e-01 2.291688345e+02
9.890916783e-01 2.065773365e-02 -1.458455005e-01 9.291873766e+01 -1.887518077e-02 9.997294068e-01 1.359561714e-02 6.039488010e+00 1.460868903e-01 -1.069445159e-02 9.892139552e-01 2.300354393e+02
9.883516456e-01 1.917263085e-02 -1.509749480e-01 9.279335938e+01 -1.706380161e-02 9.997380771e-01 1.525135615e-02 6.031569400e+00 1.512278129e-01 -1.249749639e-02 9.884199316e-01 2.308805245e+02
9.874967563e-01 1.851261106e-02 -1.565485211e-01 9.265178596e+01 -1.594145122e-02 9.997168904e-01 1.766377969e-02 6.030289685e+00 1.568312034e-01 -1.494731454e-02 9.875123044e-01 2.317314498e+02
9.866176781e-01 1.993108888e-02 -1.618280226e-01 9.251250022e+01 -1.700248323e-02 9.996660191e-01 1.946190592e-02 6.023783874e+00 1.621618721e-01 -1.644998219e-02 9.866270447e-01 2.325453057e+02
9.858559259e-01 2.119083048e-02 -1.662499383e-01 9.236378317e+01 -1.790361012e-02 9.996139438e-01 2.124674170e-02 6.027450460e+00 1.666359926e-01 -1.796975213e-02 9.858547225e-01 2.333630677e+02
9.852340585e-01 2.195986719e-02 -1.697987460e-01 9.220615013e+01 -1.819242096e-02 9.995532891e-01 2.371198162e-02 6.034567233e+00 1.702436070e-01 -2.027280162e-02 9.851934469e-01 2.341901854e+02
9.848090511e-01 2.247376627e-02 -1.721803204e-01 9.205814755e+01 -1.834567675e-02 9.995057194e-01 2.552945309e-02 6.034150026e+00 1.726689580e-01 -2.198287197e-02 9.847345756e-01 2.349780935e+02
9.844877973e-01 2.376033826e-02 -1.738367719e-01 9.191300550e+01 -1.965330480e-02 9.994864601e-01 2.530936105e-02 6.042433571e+00 1.743488587e-01 -2.150029005e-02 9.844491927e-01 2.357600666e+02
9.842420795e-01 2.512336747e-02 -1.750324120e-01 9.177327646e+01 -2.081777761e-02 9.994348843e-01 2.639189552e-02 6.048573306e+00 1.755965518e-01 -2.233222831e-02 9.842088816e-01 2.365179275e+02
9.841042452e-01 2.473587600e-02 -1.758606577e-01 9.164388103e+01 -2.020649983e-02 9.994175543e-01 2.749999063e-02 6.061836497e+00 1.764384648e-01 -2.350932917e-02 9.840308835e-01 2.372589158e+02
9.841084128e-01 2.656149720e-02 -1.755708365e-01 9.150696393e+01 -2.170015027e-02 9.993276873e-01 2.955125828e-02 6.064918706e+00 1.762377237e-01 -2.527172835e-02 9.840231727e-01 2.379860211e+02
9.841937066e-01 2.628339926e-02 -1.751340367e-01 9.137707298e+01 -2.142233726e-02 9.993325500e-01 2.958949041e-02 6.069507094e+00 1.757948559e-01 -2.537000984e-02 9.840998584e-01 2.386881617e+02
9.842643586e-01 2.743539087e-02 -1.745593643e-01 9.125325097e+01 -2.267855944e-02 9.993166539e-01 2.918746443e-02 6.074911495e+00 1.752408494e-01 -2.476942604e-02 9.842139606e-01 2.393687581e+02
9.844893275e-01 2.604018762e-02 -1.735012181e-01 9.113838783e+01 -2.122143229e-02 9.993373745e-01 2.957131476e-02 6.077444123e+00 1.741562944e-01 -2.543069943e-02 9.843895899e-01 2.400182792e+02
9.848395615e-01 2.563269193e-02 -1.715634087e-01 9.102400089e+01 -2.082980988e-02 9.993406993e-01 2.973694387e-02 6.083699219e+00 1.722125347e-01 -2.571248557e-02 9.847241801e-01 2.406612760e+02
9.852170480e-01 2.582234977e-02 -1.693534014e-01 9.091942062e+01 -2.093555503e-02 9.993130978e-01 3.057834428e-02 6.083593227e+00 1.700266769e-01 -2.658079863e-02 9.850809054e-01 2.412909413e+02
9.857019525e-01 2.550103589e-02 -1.665573715e-01 9.081858207e+01 -2.103485256e-02 9.993717545e-01 2.852422381e-02 6.084629504e+00 1.671801299e-01 -2.461287336e-02 9.856191002e-01 2.418881945e+02
9.862135554e-01 2.497443859e-02 -1.635820915e-01 9.072505767e+01 -2.117712073e-02 9.994652019e-01 2.491665650e-02 6.086946131e+00 1.641168876e-01 -2.110894670e-02 9.862150169e-01 2.424957148e+02
9.866892587e-01 2.539351014e-02 -1.606221543e-01 9.063873366e+01 -2.208728525e-02 9.995065008e-01 2.233621738e-02 6.094914582e+00 1.611100823e-01 -1.849119843e-02 9.867632021e-01 2.430933551e+02
9.873724015e-01 2.546805853e-02 -1.563557443e-01 9.055166935e+01 -2.245162265e-02 9.995267559e-01 2.102828627e-02 6.100776420e+00 1.568172995e-01 -1.725230935e-02 9.874769326e-01 2.436969730e+02
9.882506858e-01 2.491328553e-02 -1.507975804e-01 9.045813597e+01 -2.194547178e-02 9.995319597e-01 2.131332323e-02 6.094605190e+00 1.512579860e-01 -1.775358226e-02 9.883348785e-01 2.442778435e+02
9.890649112e-01 2.340229131e-02 -1.456122736e-01 9.037126288e+01 -2.051017380e-02 9.995620510e-01 2.133164321e-02 6.096212022e+00 1.460477122e-01 -1.811184676e-02 9.891117362e-01 2.448479541e+02
9.897530436e-01 2.230042873e-02 -1.410375962e-01 9.029097797e+01 -1.965824714e-02 9.996047010e-01 2.009962964e-02 6.093550551e+00 1.414300745e-01 -1.712111769e-02 9.898001825e-01 2.454281445e+02
9.903600082e-01 2.033901531e-02 -1.370159795e-01 9.021192123e+01 -1.787910333e-02 9.996565494e-01 1.916039980e-02 6.094216894e+00 1.373586250e-01 -1.652597085e-02 9.903835118e-01 2.460085815e+02
9.909164761e-01 2.043664792e-02 -1.329168193e-01 9.013640210e+01 -1.809258847e-02 9.996591827e-01 1.881958020e-02 6.101681645e+00 1.332561281e-01 -1.624382278e-02 9.909485065e-01 2.465748567e+02
9.914538738e-01 1.909195660e-02 -1.290531414e-01 9.005927718e+01 -1.691790494e-02 9.996962548e-01 1.792157166e-02 6.102407840e+00 1.293560999e-01 -1.558510286e-02 9.914757203e-01 2.471512491e+02
9.918975767e-01 1.632559425e-02 -1.259867939e-01 8.998220667e+01 -1.435245352e-02 9.997599670e-01 1.655341512e-02 6.109470575e+00 1.262267973e-01 -1.461107274e-02 9.918938009e-01 2.477068042e+02
9.921738976e-01 1.397495203e-02 -1.240792394e-01 8.991658259e+01 -1.202676131e-02 9.997925795e-01 1.643638940e-02 6.110570933e+00 1.242832006e-01 -1.481548513e-02 9.921361738e-01 2.482735100e+02
9.922556154e-01 1.354306914e-02 -1.234721793e-01 8.985037725e+01 -1.159943485e-02 9.997974575e-01 1.644679593e-02 6.105682336e+00 1.236699111e-01 -1.488721811e-02 9.922117334e-01 2.488322095e+02
9.922356733e-01 1.402584826e-02 -1.235784942e-01 8.978059234e+01 -1.213842894e-02 9.997981045e-01 1.601277229e-02 6.098931298e+00 1.237781370e-01 -1.438839513e-02 9.922055971e-01 2.493588516e+02
9.920737103e-01 1.314669179e-02 -1.249676670e-01 8.971313525e+01 -1.121383211e-02 9.998065693e-01 1.615778572e-02 6.097241170e+00 1.251559158e-01 -1.462834799e-02 9.920292376e-01 2.498915761e+02
9.917665543e-01 1.110644269e-02 -1.275764428e-01 8.965241104e+01 -9.049568978e-03 9.998197413e-01 1.669101886e-02 6.101667513e+00 1.277388239e-01 -1.539908244e-02 9.916882883e-01 2.504116637e+02
9.914588221e-01 9.692964172e-03 -1.300594112e-01 8.958090968e+01 -7.495232697e-03 9.998209185e-01 1.737677987e-02 6.098592413e+00 1.302045525e-01 -1.625353615e-02 9.913539212e-01 2.509246340e+02
9.910080551e-01 8.071470384e-03 -1.335585490e-01 8.951266518e+01 -5.902623449e-03 9.998443403e-01 1.662691466e-02 6.094443577e+00 1.336719630e-01 -1.568906053e-02 9.909014379e-01 2.514245171e+02
9.904647409e-01 8.681998914e-03 -1.374926178e-01 8.943959656e+01 -6.620850786e-03 9.998588565e-01 1.544122355e-02 6.094576182e+00 1.376072723e-01 -1.438366938e-02 9.903824255e-01 2.518970400e+02
9.898427962e-01 9.585564908e-03 -1.418427150e-01 8.937354648e+01 -7.472414080e-03 9.998531361e-01 1.542301194e-02 6.091181504e+00 1.419697217e-01 -1.420644977e-02 9.897690513e-01 2.523546308e+02
9.892937055e-01 9.760713475e-03 -1.456114446e-01 8.929651225e+01 -7.757109994e-03 9.998673537e-01 1.432139258e-02 6.092702980e+00 1.457319168e-01 -1.303853954e-02 9.892381942e-01 2.528107479e+02
9.887158110e-01 7.339057551e-03 -1.496234715e-01 8.922930091e+01 -5.584421837e-03 9.999106673e-01 1.214378833e-02 6.097295019e+00 1.496992292e-01 -1.117119495e-02 9.886684708e-01 2.532696218e+02
9.881253450e-01 4.210757964e-03 -1.535922268e-01 8.915240398e+01 -2.492374716e-03 9.999321533e-01 1.137878973e-02 6.092446327e+00 1.536297194e-01 -1.086086114e-02 9.880687987e-01 2.537208183e+02
9.873820738e-01 3.416579392e-03 -1.583191943e-01 8.908319539e+01 -1.551632744e-03 9.999279675e-01 1.190177186e-02 6.085199529e+00 1.583484535e-01 -1.150594293e-02 9.873162515e-01 2.541731069e+02
9.866978070e-01 3.968498343e-03 -1.625167333e-01 8.899740220e+01 -1.959137037e-03 9.999196721e-01 1.252242339e-02 6.082177069e+00 1.625533739e-01 -1.203745515e-02 9.866263225e-01 2.546207135e+02
9.859298047e-01 5.242131373e-03 -1.670776474e-01 8.891511143e+01 -3.171538039e-03 9.999148620e-01 1.265741541e-02 6.083474843e+00 1.671297746e-01 -1.194942998e-02 9.858624902e-01 2.550648676e+02
9.851061505e-01 6.711109857e-03 -1.718162777e-01 8.883126264e+01 -4.597941051e-03 9.999088563e-01 1.269401364e-02 6.079258103e+00 1.718858086e-01 -1.171494980e-02 9.850472216e-01 2.555070275e+02
9.844180522e-01 8.067209552e-03 -1.756588134e-01 8.874426235e+01 -5.901519354e-03 9.999000472e-01 1.284786673e-02 6.073185815e+00 1.757449022e-01 -1.161101806e-02 9.843672656e-01 2.559421109e+02
9.840951972e-01 9.481535486e-03 -1.773886785e-01 8.864147718e+01 -7.355300115e-03 9.998930583e-01 1.264007386e-02 6.065260783e+00 1.774895556e-01 -1.113428901e-02 9.840596960e-01 2.563900206e+02
9.839878717e-01 8.053090197e-03 -1.780534077e-01 8.855539753e+01 -6.007176469e-03 9.999096335e-01 1.202658071e-02 6.064770373e+00 1.781341688e-01 -1.076441132e-02 9.839473285e-01 2.568172776e+02
9.840056405e-01 7.002074032e-03 -1.779996361e-01 8.848314205e+01 -4.950391182e-03 9.999161285e-01 1.196785543e-02 6.060806252e+00 1.780685069e-01 -1.089526942e-02 9.839577735e-01 2.572436139e+02
9.843837766e-01 6.539885156e-03 -1.759142127e-01 8.839724225e+01 -4.513011507e-03 9.999187752e-01 1.191955222e-02 6.059515268e+00 1.759778766e-01 -1.093951096e-02 9.843333348e-01 2.576656306e+02
9.846859314e-01 6.813159586e-03 -1.742044700e-01 8.831516988e+01 -4.767750085e-03 9.999147316e-01 1.215722080e-02 6.059164984e+00 1.742724449e-01 -1.114048091e-02 9.846344523e-01 2.580902877e+02
9.848368559e-01 9.077131782e-03 -1.732454125e-01 8.824506629e+01 -7.162506925e-03 9.999062096e-01 1.167349602e-02 6.048444948e+00 1.733351256e-01 -1.025561765e-02 9.848095027e-01 2.585076037e+02
9.850751856e-01 7.672321901e-03 -1.719535236e-01 8.816735755e+01 -5.933123009e-03 9.999259401e-01 1.062601919e-02 6.049559116e+00 1.720223150e-01 -9.447206417e-03 9.850477519e-01 2.589360131e+02
9.853972060e-01 6.221057732e-03 -1.701577058e-01 8.808572947e+01 -4.490232892e-03 9.999342145e-01 1.055482925e-02 6.042381650e+00 1.702121741e-01 -9.636651529e-03 9.853603152e-01 2.593766713e+02
9.857669125e-01 2.252237614e-03 -1.681027116e-01 8.803267530e+01 -2.005521549e-05 9.999118274e-01 1.327919841e-02 6.035117718e+00 1.681177974e-01 -1.308682308e-02 9.856800400e-01 2.597984183e+02
9.861061733e-01 -1.345091047e-03 -1.661108237e-01 8.796654524e+01 3.834907685e-03 9.998850495e-01 1.466906045e-02 6.035504725e+00 1.660719979e-01 -1.510227074e-02 9.859979782e-01 2.602621710e+02
9.866181756e-01 7.007608130e-04 -1.630462652e-01 8.787710696e+01 1.502110859e-03 9.999092613e-01 1.338704140e-02 6.036941449e+00 1.630408517e-01 -1.345281193e-02 9.865275985e-01 2.607271313e+02
9.869971208e-01 4.398731694e-03 -1.606777354e-01 8.779665178e+01 -2.668601754e-03 9.999361361e-01 1.098191060e-02 6.037516759e+00 1.607157804e-01 -1.041032926e-02 9.869458258e-01 2.611910469e+02
9.872586268e-01 6.668678636e-03 -1.589840640e-01 8.772713043e+01 -4.900415087e-03 9.999217301e-01 1.151171737e-02 6.035341637e+00 1.590483882e-01 -1.058595438e-02 9.872140334e-01 2.616547356e+02
9.875559826e-01 3.716677064e-03 -1.572239407e-01 8.764089676e+01 -1.935382603e-03 9.999322154e-01 1.148124424e-02 6.038137009e+00 1.572559554e-01 -1.103408295e-02 9.874962347e-01 2.621437251e+02
9.875317720e-01 -3.288698119e-03 -1.573854623e-01 8.756555758e+01 4.999973308e-03 9.999325989e-01 1.047845220e-02 6.043127232e+00 1.573403939e-01 -1.113472758e-02 9.874816547e-01 2.626441953e+02
9.875812062e-01 -5.528080664e-03 -1.570121063e-01 8.749541219e+01 7.402125616e-03 9.999081498e-01 1.135343814e-02 6.037899919e+00 1.569349220e-01 -1.237466546e-02 9.875314162e-01 2.631350502e+02
9.874214134e-01 -6.129178328e-04 -1.581093819e-01 8.741381149e+01 3.057329587e-03 9.998795330e-01 1.521749486e-02 6.037227277e+00 1.580810078e-01 -1.550947277e-02 9.873043357e-01 2.636337617e+02
9.871919738e-01 4.296906021e-03 -1.594789752e-01 8.731390134e+01 -1.638944078e-03 9.998576221e-01 1.679432536e-02 6.041431219e+00 1.595284325e-01 -1.631784608e-02 9.870584619e-01 2.641495743e+02
9.869133789e-01 7.868086324e-03 -1.610592303e-01 8.721841681e+01 -5.547932902e-03 9.998743375e-01 1.485024105e-02 6.049005445e+00 1.611558342e-01 -1.376235577e-02 9.868330126e-01 2.646757689e+02
9.865920473e-01 7.414004932e-03 -1.630373106e-01 8.711735801e+01 -5.060435881e-03 9.998769815e-01 1.484633834e-02 6.046405684e+00 1.631273249e-01 -1.382223949e-02 9.865081964e-01 2.652109083e+02
9.859209068e-01 5.672401075e-03 -1.671160955e-01 8.702395723e+01 -3.180027927e-03 9.998797529e-01 1.517784963e-02 6.049974699e+00 1.671820951e-01 -1.443272542e-02 9.858203911e-01 2.657470422e+02
9.849070546e-01 3.965155582e-03 -1.730386414e-01 8.692606879e+01 -1.529893848e-03 9.998979389e-01 1.420461713e-02 6.055545127e+00 1.730773045e-01 -1.372549686e-02 9.848126002e-01 2.663045435e+02
9.834610285e-01 3.661395565e-03 -1.810828529e-01 8.681280482e+01 -1.430386694e-03 9.999214797e-01 1.244943111e-02 6.057864633e+00 1.811142165e-01 -1.198451182e-02 9.833890441e-01 2.668666819e+02
9.815497769e-01 5.284118319e-03 -1.911337584e-01 8.668392914e+01 -3.269025536e-03 9.999357215e-01 1.085662416e-02 6.053867210e+00 1.911788403e-01 -1.003149588e-02 9.815039583e-01 2.674340737e+02
9.790765179e-01 7.275194826e-03 -2.033623457e-01 8.653816743e+01 -5.622417377e-03 9.999463146e-01 8.703811025e-03 6.054146349e+00 2.034147500e-01 -7.378309005e-03 9.790648600e-01 2.680251758e+02
9.759697666e-01 7.621874041e-03 -2.177726376e-01 8.639611161e+01 -6.602448195e-03 9.999635777e-01 5.408423315e-03 6.057582965e+00 2.178059281e-01 -3.840625083e-03 9.759845425e-01 2.686090765e+02
9.725385811e-01 6.078647859e-03 -2.326623269e-01 8.621222889e+01 -5.613833415e-03 9.999807047e-01 2.659910583e-03 6.063638347e+00 2.326740063e-01 -1.280738119e-03 9.725539401e-01 2.692217361e+02
9.684399645e-01 8.687345677e-03 -2.490954940e-01 8.603776343e+01 -8.273598834e-03 9.999621066e-01 2.707928243e-03 6.064975193e+00 2.491095797e-01 -5.615497425e-04 9.684751427e-01 2.698277372e+02
9.646303056e-01 1.527167042e-02 -2.631637316e-01 8.583100744e+01 -1.492171431e-02 9.998831248e-01 3.328527468e-03 6.061871320e+00 2.631838064e-01 7.160555503e-04 9.647454438e-01 2.704536543e+02
9.613866835e-01 2.174919394e-02 -2.743403312e-01 8.562701747e+01 -2.143676227e-02 9.997616461e-01 4.137168424e-03 6.058471110e+00 2.743649212e-01 1.903549830e-03 9.616237656e-01 2.710814799e+02
9.587349139e-01 2.614242346e-02 -2.830970480e-01 8.543525662e+01 -2.586606220e-02 9.996542999e-01 4.714599172e-03 6.055596522e+00 2.831224323e-01 2.802555019e-03 9.590796807e-01 2.717030200e+02
9.571587680e-01 3.127820700e-02 -2.878693569e-01 8.522628301e+01 -3.123442838e-02 9.995008174e-01 4.746203242e-03 6.041191272e+00 2.878741102e-01 4.448564763e-03 9.576579279e-01 2.723340635e+02
9.562656388e-01 3.419643910e-02 -2.904937719e-01 8.501753338e+01 -3.420084834e-02 9.994021530e-01 5.063443403e-03 6.040330684e+00 2.904932529e-01 5.093136499e-03 9.568634856e-01 2.729809954e+02
9.561150024e-01 3.917704968e-02 -2.903605707e-01 8.478080444e+01 -3.915195012e-02 9.992158614e-01 5.898054818e-03 6.036876239e+00 2.903639562e-01 5.728963885e-03 9.568991336e-01 2.736514713e+02
9.568572505e-01 4.292855652e-02 -2.873696944e-01 8.456798557e+01 -4.255963320e-02 9.990655241e-01 7.533665744e-03 6.031921297e+00 2.874245638e-01 5.021706098e-03 9.577901141e-01 2.743243599e+02
9.584452690e-01 4.593509678e-02 -2.815539614e-01 8.436020689e+01 -4.500294495e-02 9.989389838e-01 9.779650070e-03 6.022746677e+00 2.817044572e-01 3.297498082e-03 9.594955577e-01 2.749954177e+02
9.605459468e-01 4.604694682e-02 -2.742829976e-01 8.415650831e+01 -4.491767940e-02 9.989365578e-01 1.039978305e-02 6.028588970e+00 2.744701918e-01 2.330686293e-03 9.615927837e-01 2.756932544e+02
9.628327518e-01 5.001674263e-02 -2.654268591e-01 8.397328016e+01 -4.902040225e-02 9.987438259e-01 1.038125570e-02 6.015674550e+00 2.656126733e-01 3.015918407e-03 9.640751070e-01 2.763768802e+02
9.657317171e-01 5.017806006e-02 -2.546456614e-01 8.378080066e+01 -4.969178319e-02 9.987297249e-01 8.346456805e-03 6.015421142e+00 2.547410004e-01 4.593358937e-03 9.669984094e-01 2.770964876e+02
9.687689606e-01 5.115568075e-02 -2.426309899e-01 8.359923398e+01 -5.126464891e-02 9.986678596e-01 5.868720887e-03 6.012627354e+00 2.426079898e-01 6.752957879e-03 9.701009024e-01 2.778107603e+02
9.717088660e-01 4.947314184e-02 -2.309421744e-01 8.343352575e+01 -4.968611604e-02 9.987528753e-01 4.897343650e-03 6.010698319e+00 2.308964477e-01 6.715827433e-03 9.729551521e-01 2.785384237e+02
9.744351140e-01 4.992752467e-02 -2.190512518e-01 8.327019663e+01 -5.016186172e-02 9.987309851e-01 4.495233160e-03 6.005949698e+00 2.189977083e-01 6.607705564e-03 9.757029989e-01 2.792852204e+02
9.770803100e-01 5.049354873e-02 -2.067957191e-01 8.310340292e+01 -5.082957624e-02 9.987005197e-01 3.691349386e-03 6.002281566e+00 2.067133815e-01 6.904593967e-03 9.783771791e-01 2.800487111e+02
9.794507457e-01 5.038308939e-02 -1.952889680e-01 8.294799165e+01 -5.070010076e-02 9.987082089e-01 3.378344790e-03 5.997241290e+00 1.952069069e-01 6.592248029e-03 9.807399277e-01 2.808209222e+02
9.813790407e-01 5.009334073e-02 -1.854341814e-01 8.280462608e+01 -5.035446195e-02 9.987259437e-01 3.304166601e-03 5.986050846e+00 1.853634445e-01 6.094798580e-03 9.826511318e-01 2.815974404e+02
9.829891294e-01 4.874254557e-02 -1.770777674e-01 8.267431840e+01 -4.903610288e-02 9.987933012e-01 2.720679882e-03 5.978293010e+00 1.769967007e-01 6.008804869e-03 9.841931021e-01 2.823789229e+02
9.843278929e-01 4.659026360e-02 -1.700821763e-01 8.253643039e+01 -4.706940113e-02 9.988908810e-01 1.216265164e-03 5.973306299e+00 1.699502010e-01 6.808462453e-03 9.854291319e-01 2.831865462e+02
9.853010435e-01 4.744969207e-02 -1.641047847e-01 8.239243514e+01 -4.816889171e-02 9.988391236e-01 -4.037080510e-04 5.963930247e+00 1.638951235e-01 8.302519569e-03 9.864428299e-01 2.839999202e+02
9.859767890e-01 4.787216808e-02 -1.598687810e-01 8.226098298e+01 -4.870601901e-02 9.988123127e-01 -1.299148702e-03 5.951501564e+00 1.596167138e-01 9.067502354e-03 9.871374195e-01 2.848313928e+02
9.864841109e-01 4.663470686e-02 -1.570805620e-01 8.213080843e+01 -4.739394990e-02 9.988756815e-01 -1.089275055e-03 5.946556883e+00 1.568531554e-01 8.519220821e-03 9.875851915e-01 2.856521159e+02
9.867317986e-01 4.563937478e-02 -1.558120824e-01 8.199998836e+01 -4.636639752e-02 9.989239663e-01 -1.032869545e-03 5.942874717e+00 1.555972838e-01 8.243610175e-03 9.877861753e-01 2.864914924e+02
9.867520312e-01 4.534275215e-02 -1.557705486e-01 8.186465596e+01 -4.593251095e-02 9.989445278e-01 -1.868411334e-04 5.934168255e+00 1.555976652e-01 7.339298298e-03 9.877932482e-01 2.873417456e+02
9.866531649e-01 4.539294403e-02 -1.563809864e-01 8.172758333e+01 -4.559099155e-02 9.989574914e-01 2.322055936e-03 5.926437224e+00 1.563233628e-01 4.838500391e-03 9.876940797e-01 2.881998921e+02
9.865226103e-01 4.662246065e-02 -1.568422316e-01 8.158650524e+01 -4.599649588e-02 9.989125358e-01 7.620251252e-03 5.919816766e+00 1.570269462e-01 -3.033570957e-04 9.875942720e-01 2.890617383e+02
9.864606544e-01 4.827135978e-02 -1.567330633e-01 8.143643523e+01 -4.649388716e-02 9.988061051e-01 1.498942500e-02 5.910839053e+00 1.572695004e-01 -7.499348636e-03 9.875272472e-01 2.899304195e+02
9.862932290e-01 4.962958158e-02 -1.573612754e-01 8.129393033e+01 -4.721137411e-02 9.987028612e-01 1.907042568e-02 5.910115994e+00 1.581036133e-01 -1.137978968e-02 9.873569506e-01 2.907871901e+02
9.861340126e-01 4.850537328e-02 -1.587039319e-01 8.115381227e+01 -4.602075779e-02 9.987541064e-01 1.929571731e-02 5.919473816e+00 1.594421497e-01 -1.172448793e-02 9.871376486e-01 2.916477649e+02
9.859527342e-01 4.815210598e-02 -1.599330503e-01 8.100843814e+01 -4.597357946e-02 9.987929103e-01 1.729602285e-02 5.918047909e+00 1.605728367e-01 -9.700366226e-03 9.869763255e-01 2.925010825e+02
9.856844641e-01 4.950647288e-02 -1.611683792e-01 8.086714713e+01 -4.766575844e-02 9.987466174e-01 1.526989837e-02 5.917994485e+00 1.617223324e-01 -7.369088562e-03 9.868087878e-01 2.933510035e+02
9.854548212e-01 5.030763261e-02 -1.623204777e-01 8.070949704e+01 -4.838759837e-02 9.987042449e-01 1.576297812e-02 5.917373797e+00 1.629031483e-01 -7.679404696e-03 9.866121786e-01 2.942112532e+02
9.851789662e-01 5.153986640e-02 -1.636033212e-01 8.055929309e+01 -4.933220752e-02 9.986285583e-01 1.753099668e-02 5.906579081e+00 1.642824940e-01 -9.200256196e-03 9.863704261e-01 2.950688705e+02
9.849946320e-01 5.279691686e-02 -1.643108656e-01 8.039893186e+01 -5.060154566e-02 9.985652173e-01 1.752114142e-02 5.907232199e+00 1.650001775e-01 -8.943846473e-03 9.862529843e-01 2.959373102e+02
9.848220715e-01 5.420801164e-02 -1.648847446e-01 8.024609206e+01 -5.202232159e-02 9.984917223e-01 1.754874532e-02 5.902575456e+00 1.655873352e-01 -8.704704508e-03 9.861567130e-01 2.967688442e+02
9.847875217e-01 5.319776165e-02 -1.654192713e-01 8.008733863e+01 -5.119014728e-02 9.985545991e-01 1.637929651e-02 5.902600946e+00 1.660515160e-01 -7.662289958e-03 9.860873102e-01 2.976180102e+02
9.845384675e-01 5.379063695e-02 -1.667050491e-01 7.993336078e+01 -5.221284110e-02 9.985401242e-01 1.383616608e-02 5.903447156e+00 1.672059366e-01 -4.918093514e-03 9.859097256e-01 2.984654831e+02
9.844030323e-01 5.626397986e-02 -1.666884353e-01 7.977624667e+01 -5.451566376e-02 9.983994997e-01 1.504930213e-02 5.905451280e+00 1.672683841e-01 -5.727447954e-03 9.858947632e-01 2.993130513e+02
9.842377770e-01 5.931977335e-02 -1.666048104e-01 7.962410882e+01 -5.710410708e-02 9.982048260e-01 1.806229133e-02 5.907486029e+00 1.673771768e-01 -8.263770533e-03 9.858583016e-01 3.001494791e+02
9.842798866e-01 6.151887551e-02 -1.655552256e-01 7.946555910e+01 -5.882439975e-02 9.980446021e-01 2.113438642e-02 5.907080230e+00 1.665316629e-01 -1.106346470e-02 9.859740387e-01 3.009993652e+02
9.844157608e-01 6.113383749e-02 -1.648886404e-01 7.932069009e+01 -5.875536355e-02 9.980864362e-01 1.926844735e-02 5.914507053e+00 1.657510696e-01 -9.280071245e-03 9.861239594e-01 3.018264524e+02
9.843841249e-01 6.472329537e-02 -1.637033585e-01 7.917393766e+01 -6.280984912e-02 9.978833753e-01 1.684316138e-02 5.920284845e+00 1.644470048e-01 -6.297957427e-03 9.863658136e-01 3.026217853e+02
9.844566430e-01 6.683067279e-02 -1.624154528e-01 7.902863660e+01 -6.510041981e-02 9.977511089e-01 1.595806986e-02 5.926714859e+00 1.631166867e-01 -5.136713719e-03 9.865934121e-01 3.034105707e+02
9.846106804e-01 6.675794612e-02 -1.615090856e-01 7.889396138e+01 -6.481231241e-02 9.977476524e-01 1.729121920e-02 5.923260999e+00 1.622996373e-01 -6.557341792e-03 9.867197317e-01 3.042171819e+02
9.846844371e-01 6.946071638e-02 -1.599117511e-01 7.875757735e+01 -6.752434929e-02 9.975638248e-01 1.751792479e-02 5.924034356e+00 1.607389856e-01 -6.451690980e-03 9.869758630e-01 3.049796025e+02
9.848465896e-01 7.025021484e-02 -1.585626133e-01 7.862314652e+01 -6.830472301e-02 9.975076051e-01 1.769301096e-02 5.926956198e+00 1.594103505e-01 -6.594326127e-03 9.871903844e-01 3.057504285e+02
9.849848200e-01 7.104656958e-02 -1.573444928e-01 7.849604632e+01 -6.908098264e-02 9.974498596e-01 1.793308144e-02 5.925292297e+00 1.582173261e-01 -6.794300824e-03 9.873809372e-01 3.064965943e+02
9.852104949e-01 7.084182292e-02 -1.560183221e-01 7.837494743e+01 -6.885635228e-02 9.974623627e-01 1.810076614e-02 5.922535172e+00 1.569046954e-01 -7.090212217e-03 9.875882975e-01 3.072310597e+02
9.854211094e-01 7.069549836e-02 -1.547494225e-01 7.824885952e+01 -6.879421630e-02 9.974753658e-01 1.761392769e-02 5.932599606e+00 1.556039622e-01 -6.711270917e-03 9.877967229e-01 3.079585885e+02
9.855985258e-01 7.091885028e-02 -1.535124186e-01 7.813043121e+01 -6.910292336e-02 9.974622903e-01 1.713958693e-02 5.932250878e+00 1.543383685e-01 -6.284594715e-03 9.879980627e-01 3.086503447e+02
9.855237478e-01 7.186679049e-02 -1.535516424e-01 7.802064152e+01 -7.017138583e-02 9.973994762e-01 1.643962908e-02 5.927817413e+00 1.543337911e-01 -5.426713322e-03 9.880038622e-01 3.093257443e+02
9.855511062e-01 7.168101942e-02 -1.534628573e-01 7.790147682e+01 -7.019165808e-02 9.974191058e-01 1.510822921e-02 5.929825577e+00 1.541497591e-01 -4.118119608e-03 9.880389126e-01 3.099996817e+02
9.855403183e-01 7.201316748e-02 -1.533766110e-01 7.778766377e+01 -7.087328675e-02 9.974019898e-01 1.289371924e-02 5.933554224e+00 1.539066546e-01 -1.836975626e-03 9.880836843e-01 3.106363195e+02
9.854723772e-01 7.257082784e-02 -1.535502155e-01 7.768481453e+01 -7.162712497e-02 9.973631317e-01 1.167640828e-02 5.927524409e+00 1.539926904e-01 -5.084173530e-04 9.880718561e-01 3.112593837e+02
9.855286567e-01 7.103582379e-02 -1.539063958e-01 7.758722289e+01 -7.066415029e-02 9.974689515e-01 7.891053246e-03 5.924846456e+00 1.540773987e-01 3.098805575e-03 9.880539219e-01 3.118593966e+02
9.856403701e-01 6.935345968e-02 -1.539583011e-01 7.749052376e+01 -6.967514031e-02 9.975642365e-01 3.311935568e-03 5.913478833e+00 1.538129893e-01 7.462688833e-03 9.880717953e-01 3.124461461e+02
9.858569880e-01 6.654620774e-02 -1.538102777e-01 7.739510191e+01 -6.736108046e-02 9.977286592e-01 -8.668646403e-05 5.908150372e+00 1.534551535e-01 1.044628695e-02 9.881003952e-01 3.130310023e+02
9.858890666e-01 6.773754055e-02 -1.530828993e-01 7.729730525e+01 -6.919221071e-02 9.975945526e-01 -4.188858217e-03 5.900320431e+00 1.524309235e-01 1.472189374e-02 9.882044725e-01 3.136069600e+02
9.860609162e-01 6.664205736e-02 -1.524555862e-01 7.720338076e+01 -6.848958648e-02 9.976280164e-01 -6.893292202e-03 5.895917770e+00 1.516345808e-01 1.723882608e-02 9.882862828e-01 3.141724000e+02
9.862565478e-01 6.567688534e-02 -1.516066246e-01 7.711536287e+01 -6.763224932e-02 9.976800492e-01 -7.771629637e-03 5.880594210e+00 1.507444883e-01 1.791831765e-02 9.884103567e-01 3.147214530e+02
9.868699023e-01 6.154447011e-02 -1.493320931e-01 7.703853215e+01 -6.328072081e-02 9.979719232e-01 -6.898621369e-03 5.867039032e+00 1.486046642e-01 1.625788429e-02 9.887630328e-01 3.152669435e+02
9.870985240e-01 6.186924500e-02 -1.476776913e-01 7.695503132e+01 -6.348206025e-02 9.979635439e-01 -6.228408384e-03 5.856181676e+00 1.469916052e-01 1.552293682e-02 9.890159283e-01 3.158035639e+02
9.873644022e-01 6.332338206e-02 -1.452641959e-01 7.687537583e+01 -6.490350640e-02 9.978725349e-01 -6.159453207e-03 5.838984048e+00 1.445651140e-01 1.550978050e-02 9.893737284e-01 3.163187506e+02
9.875585484e-01 6.772632707e-02 -1.419199003e-01 7.679584234e+01 -6.926176575e-02 9.975810641e-01 -5.901550168e-03 5.826472453e+00 1.411769148e-01 1.565774921e-02 9.898605526e-01 3.168113694e+02
9.883894149e-01 6.812776581e-02 -1.358122678e-01 7.670455402e+01 -6.956244672e-02 9.975605014e-01 -5.840545918e-03 5.816359862e+00 1.350830507e-01 1.522016741e-02 9.907173744e-01 3.173085054e+02
9.896488329e-01 6.431898945e-02 -1.282897308e-01 7.663880939e+01 -6.584353140e-02 9.978004528e-01 -7.673702334e-03 5.811436408e+00 1.275139867e-01 1.604131948e-02 9.917070431e-01 3.177808804e+02
9.909392177e-01 6.158535670e-02 -1.193595853e-01 7.659567108e+01 -6.315601878e-02 9.979592291e-01 -9.417766880e-03 5.802361890e+00 1.185360032e-01 1.687071076e-02 9.928064238e-01 3.182306284e+02
9.921905579e-01 6.267813096e-02 -1.078394581e-01 7.654847995e+01 -6.411511364e-02 9.978933368e-01 -9.906588396e-03 5.786334380e+00 1.069913502e-01 1.674336258e-02 9.941189621e-01 3.186804357e+02
9.932716659e-01 6.580309381e-02 -9.529612037e-02 7.649816032e+01 -6.706540718e-02 9.976974492e-01 -1.010103938e-02 5.779017874e+00 9.441201657e-02 1.642414933e-02 9.953977187e-01 3.191009635e+02
9.942806381e-01 6.766328179e-02 -8.262985539e-02 7.647379539e+01 -6.878793133e-02 9.975724404e-01 -1.083728278e-02 5.758251801e+00 8.169598037e-02 1.645923726e-02 9.965213798e-01 3.194935295e+02
9.955918792e-01 6.466779511e-02 -6.793295497e-02 7.645419091e+01 -6.569456375e-02 9.977552430e-01 -1.298843178e-02 5.749818887e+00 6.694052875e-02 1.739400304e-02 9.976053399e-01 3.198856785e+02
9.967536987e-01 6.223036114e-02 -5.108273990e-02 7.645147228e+01 -6.307856639e-02 9.978933815e-01 -1.516224164e-02 5.737643298e+00 5.003157629e-02 1.833524643e-02 9.985793209e-01 3.202510371e+02
9.976757595e-01 6.022397882e-02 -3.187712721e-02 7.645187208e+01 -6.078874649e-02 9.980049562e-01 -1.705390429e-02 5.723876404e+00 3.078647698e-02 1.895203752e-02 9.993462929e-01 3.206229972e+02
9.981880336e-01 5.908192275e-02 -1.140070175e-02 7.646394623e+01 -5.928112183e-02 9.980789146e-01 -1.800635662e-02 5.705557087e+00 1.031494986e-02 1.864957609e-02 9.997728718e-01 3.209673571e+02
9.983609522e-01 5.629277518e-02 1.032146477e-02 7.649461976e+01 -5.607735232e-02 9.982242527e-01 -2.009158492e-02 5.689882047e+00 -1.143414753e-02 1.947985343e-02 9.997448652e-01 3.213037492e+02
9.980531315e-01 5.239726994e-02 3.383005708e-02 7.652683520e+01 -5.166041061e-02 9.984156932e-01 -2.230034687e-02 5.673232226e+00 -3.494493718e-02 2.050925638e-02 9.991787737e-01 3.216370221e+02
9.972053499e-01 4.678156259e-02 5.824925342e-02 7.656219301e+01 -4.541624654e-02 9.986665108e-01 -2.454719618e-02 5.660906521e+00 -5.931993486e-02 2.183313290e-02 9.980002303e-01 3.219523578e+02
9.957781011e-01 4.027012503e-02 8.248812300e-02 7.661591590e+01 -3.822323320e-02 9.989244964e-01 -2.624566670e-02 5.644372587e+00 -8.345632301e-02 2.298189739e-02 9.962463925e-01 3.222584783e+02
9.936293416e-01 3.669474670e-02 1.065562159e-01 7.666915766e+01 -3.390945312e-02 9.990372180e-01 -2.783497943e-02 5.628363810e+00 -1.074750230e-01 2.404438928e-02 9.939169919e-01 3.225485228e+02
9.907892222e-01 3.223933705e-02 1.315193607e-01 7.672169273e+01 -2.843670464e-02 9.991243561e-01 -3.068997885e-02 5.613596117e+00 -1.323936212e-01 2.666732306e-02 9.908384242e-01 3.228129737e+02
9.870368855e-01 3.173684553e-02 1.573243760e-01 7.678159651e+01 -2.688295301e-02 9.990975084e-01 -3.288579440e-02 5.604629729e+00 -1.582260835e-01 2.823014827e-02 9.869992732e-01 3.230919329e+02
9.824941674e-01 3.235571103e-02 1.834620367e-01 7.684556600e+01 -2.667257198e-02 9.990873816e-01 -3.336132272e-02 5.595121490e+00 -1.843740352e-01 2.788390061e-02 9.824605352e-01 3.233742949e+02
9.771119177e-01 3.466605620e-02 2.098822644e-01 7.691199220e+01 -2.848686431e-02 9.990691295e-01 -3.239402814e-02 5.581131010e+00 -2.108098644e-01 2.567370337e-02 9.771898802e-01 3.236580924e+02
9.704967080e-01 3.315764138e-02 2.388235973e-01 7.697764152e+01 -2.690503350e-02 9.992057309e-01 -2.939432677e-02 5.577922676e+00 -2.396085536e-01 2.210154047e-02 9.706179799e-01 3.239024158e+02
9.631351865e-01 2.876719705e-02 2.674753463e-01 7.706824334e+01 -2.277598489e-02 9.994159585e-01 -2.547540718e-02 5.570877966e+00 -2.680519857e-01 1.844424660e-02 9.632278769e-01 3.241664586e+02
9.550227465e-01 2.297646093e-02 2.956410593e-01 7.716698094e+01 -1.748179008e-02 9.996220664e-01 -2.121582903e-02 5.547024299e+00 -2.960167912e-01 1.509326438e-02 9.550634810e-01 3.244173166e+02
9.461641816e-01 1.690585801e-02 3.232453147e-01 7.727081059e+01 -1.177186134e-02 9.997717079e-01 -1.783130248e-02 5.538211400e+00 -3.234729738e-01 1.306614070e-02 9.461471932e-01 3.246612134e+02
9.363599612e-01 1.189281178e-02 3.508398268e-01 7.738518066e+01 -6.965304289e-03 9.998586328e-01 -1.530356038e-02 5.532408643e+00 -3.509722319e-01 1.188593505e-02 9.363104277e-01 3.248966710e+02
9.255590528e-01 7.586260429e-03 3.785272626e-01 7.749685252e+01 -2.567673402e-03 9.999020136e-01 -1.376118508e-02 5.524147245e+00 -3.785945680e-01 1.176485504e-02 9.254878396e-01 3.251376516e+02
9.140810186e-01 4.767050043e-03 4.055035965e-01 7.761994715e+01 6.259262763e-05 9.999292365e-01 -1.189613973e-02 5.515293601e+00 -4.055316111e-01 1.089941705e-02 9.140160366e-01 3.253789556e+02
9.022131955e-01 4.368623905e-03 4.312682055e-01 7.775028872e+01 -8.124805379e-05 9.999504022e-01 -9.959241397e-03 5.504571918e+00 -4.312903237e-01 8.950319302e-03 9.021688026e-01 3.256205781e+02
8.897669094e-01 3.726405515e-03 4.564000009e-01 7.789589316e+01 -7.944615102e-05 9.999679192e-01 -8.009634981e-03 5.497378678e+00 -4.564152063e-01 7.090448939e-03 8.897386610e-01 3.258737614e+02
8.776961812e-01 1.180124518e-03 4.792160482e-01 7.804854565e+01 1.571614642e-03 9.999845016e-01 -5.341028138e-03 5.479125868e+00 -4.792149242e-01 5.440942958e-03 8.776807236e-01 3.261369254e+02
8.692793740e-01 -3.167756553e-03 4.943109702e-01 7.821241845e+01 5.971829814e-03 9.999737895e-01 -4.093607223e-03 5.472184635e+00 -4.942850465e-01 6.510429314e-03 8.692755070e-01 3.264048500e+02
8.660634662e-01 -9.517125249e-03 4.998434723e-01 7.838524701e+01 1.341159730e-02 9.999012416e-01 -4.199532875e-03 5.468620978e+00 -4.997541410e-01 1.034076136e-02 8.661055751e-01 3.266679333e+02
8.661808123e-01 -1.251934692e-02 4.995738847e-01 7.854739913e+01 1.630739743e-02 9.998618477e-01 -3.217817142e-03 5.468784132e+00 -4.994645824e-01 1.093396135e-02 8.662653054e-01 3.269332291e+02
8.681824768e-01 -1.353090524e-02 4.960605825e-01 7.868422594e+01 1.536280815e-02 9.998819105e-01 3.862160371e-04 5.450492078e+00 -4.960072288e-01 7.285577565e-03 8.682878263e-01 3.271703874e+02
8.734356200e-01 -1.267411629e-02 4.867746753e-01 7.881155019e+01 1.385582697e-02 9.999033160e-01 1.172448194e-03 5.448733829e+00 -4.867424717e-01 5.720607658e-03 8.735267832e-01 3.274024496e+02
8.817470037e-01 -1.255548997e-02 4.715554910e-01 7.892116299e+01 1.408207898e-02 9.999008001e-01 2.914047674e-04 5.443757205e+00 -4.715123715e-01 6.383536389e-03 8.818363419e-01 3.276160638e+02
8.898039885e-01 -1.071850675e-02 4.562170269e-01 7.901261950e+01 1.260834557e-02 9.999199079e-01 -1.098836450e-03 5.439278017e+00 -4.561687096e-01 6.729890987e-03 8.898678649e-01 3.278259540e+02
8.985724390e-01 -1.074756120e-02 4.386935854e-01 7.909998560e+01 1.334087251e-02 9.999070039e-01 -2.829260946e-03 5.433599919e+00 -4.386223809e-01 8.394851102e-03 8.986322571e-01 3.280307656e+02
9.101489819e-01 -1.181438292e-02 4.141126068e-01 7.917826103e+01 1.490363086e-02 9.998799886e-01 -4.229669323e-03 5.426977162e+00 -4.140129377e-01 1.002141065e-02 9.102158309e-01 3.282290315e+02
9.232014169e-01 -1.581516364e-02 3.839909171e-01 7.925278073e+01 1.930590270e-02 9.997999042e-01 -5.237721906e-03 5.421886529e+00 -3.838312467e-01 1.224876357e-02 9.233220142e-01 3.284321497e+02
9.362047619e-01 -1.776340274e-02 3.510058481e-01 7.930818521e+01 2.089888505e-02 9.997683498e-01 -5.146204455e-03 5.409249868e+00 -3.508331234e-01 1.215353199e-02 9.363591251e-01 3.286392693e+02
9.497294279e-01 -1.846950263e-02 3.125266249e-01 7.934919053e+01 2.098796879e-02 9.997686991e-01 -4.696115018e-03 5.398631347e+00 -3.123676023e-01 1.101933768e-02 9.498973919e-01 3.288523929e+02
9.630935611e-01 -1.777029363e-02 2.685796145e-01 7.937118330e+01 1.976506584e-02 9.997934879e-01 -4.724795655e-03 5.394077128e+00 -2.684401885e-01 9.858914036e-03 9.632459016e-01 3.290515071e+02
9.747229751e-01 -1.511406231e-02 2.229051074e-01 7.937640055e+01 1.662278040e-02 9.998498566e-01 -4.893620158e-03 5.386640890e+00 -2.227976772e-01 8.475226649e-03 9.748278646e-01 3.292599151e+02
9.843798165e-01 -1.156696433e-02 1.756774948e-01 7.937366933e+01 1.252840208e-02 9.999119909e-01 -4.364587561e-03 5.382440409e+00 -1.756115486e-01 6.497370194e-03 9.844380977e-01 3.294626418e+02
9.919942395e-01 -8.409333866e-03 1.260028251e-01 7.935842464e+01 8.861926338e-03 9.999561363e-01 -3.031796125e-03 5.374109671e+00 -1.259718027e-01 4.124152046e-03 9.920252498e-01 3.296506015e+02
9.970697195e-01 -5.952633280e-03 7.626624872e-02 7.933019631e+01 6.178572830e-03 9.999771944e-01 -2.726898915e-03 5.369579088e+00 -7.624827720e-02 3.190124908e-03 9.970837594e-01 3.298374224e+02
9.996187062e-01 -4.741350767e-03 2.720223726e-02 7.929493355e+01 4.830016282e-03 9.999832322e-01 -3.194713759e-03 5.366571659e+00 -2.718663388e-02 3.324882883e-03 9.996248457e-01 3.300211400e+02
9.997667737e-01 -3.463940779e-03 -2.131664623e-02 7.925482814e+01 3.382769713e-03 9.999868950e-01 -3.842753757e-03 5.371695722e+00 2.132967795e-02 3.769748220e-03 9.997653894e-01 3.302095357e+02
9.975852326e-01 -1.256430902e-03 -6.944152296e-02 7.919930317e+01 1.002835192e-03 9.999927014e-01 -3.686672497e-03 5.378527056e+00 6.944564818e-02 3.608131637e-03 9.975792116e-01 3.303987202e+02
9.930400272e-01 1.607177092e-03 -1.177663846e-01 7.913706158e+01 -1.829589190e-03 9.999967412e-01 -1.780503369e-03 5.386723800e+00 1.177631392e-01 1.983575218e-03 9.930397316e-01 3.305927715e+02
9.862869997e-01 3.503722677e-03 -1.650020550e-01 7.906720952e+01 -3.202533355e-03 9.999926850e-01 2.091368092e-03 5.384659172e+00 1.650081755e-01 -1.534264576e-03 9.862910058e-01 3.307512459e+02
9.770071368e-01 4.110064369e-03 -2.131669813e-01 7.898227665e+01 -2.831919806e-03 9.999761387e-01 6.300977886e-03 5.386336404e+00 2.131877923e-01 -5.552428568e-03 9.769954635e-01 3.309384640e+02
9.651610572e-01 4.356455795e-03 -2.616202493e-01 7.888414420e+01 -1.900233164e-03 9.999517214e-01 9.640746190e-03 5.384010597e+00 2.616496182e-01 -8.807733311e-03 9.651227389e-01 3.310994376e+02
9.505976286e-01 5.854106751e-03 -3.103705494e-01 7.877159112e+01 -1.747766695e-03 9.999072503e-01 1.350689013e-02 5.379957518e+00 3.104208334e-01 -1.229716241e-02 9.505196926e-01 3.312630385e+02
9.337538615e-01 9.853215561e-03 -3.577801564e-01 7.866735543e+01 -3.506869221e-03 9.998248752e-01 1.838262191e-02 5.381643222e+00 3.578986281e-01 -1.591015598e-02 9.336248920e-01 3.314323252e+02
9.154955458e-01 1.557430435e-02 -4.020265497e-01 7.854940327e+01 -6.427246388e-03 9.996891013e-01 2.409131160e-02 5.376651369e+00 4.022767656e-01 -1.947156477e-02 9.153110193e-01 3.315938349e+02
8.972819383e-01 2.190158114e-02 -4.409143272e-01 7.841467193e+01 -1.002958955e-02 9.995221398e-01 2.923866361e-02 5.372819909e+00 4.413440047e-01 -2.181313503e-02 8.970728268e-01 3.317596510e+02
8.809727799e-01 2.788588510e-02 -4.723445124e-01 7.827568450e+01 -1.376556152e-02 9.993497805e-01 3.332454963e-02 5.369357359e+00 4.729666694e-01 -2.285593369e-02 8.807838191e-01 3.319191215e+02
8.665583567e-01 3.090773959e-02 -4.981177834e-01 7.813682791e+01 -1.439547849e-02 9.992131686e-01 3.695691832e-02 5.372542194e+00 4.988681035e-01 -2.485468257e-02 8.663214531e-01 3.321106958e+02
8.539283733e-01 3.243280166e-02 -5.193789047e-01 7.800413143e+01 -1.326797209e-02 9.990884356e-01 4.057411470e-02 5.375498519e+00 5.202213896e-01 -2.775628295e-02 8.535802801e-01 3.322913085e+02
8.426014095e-01 3.253296311e-02 -5.375541564e-01 7.785392667e+01 -1.019831777e-02 9.989585873e-01 4.447173490e-02 5.378690013e+00 5.384411380e-01 -3.198979840e-02 8.420556951e-01 3.324864915e+02
8.321720461e-01 3.734289400e-02 -5.532587044e-01 7.769984015e+01 -1.541169326e-02 9.989020046e-01 4.424098737e-02 5.381532664e+00 5.543033153e-01 -2.828945954e-02 8.318338422e-01 3.326734174e+02
8.231837678e-01 4.215141190e-02 -5.662082151e-01 7.753549421e+01 -2.390772403e-02 9.989292785e-01 3.960703594e-02 5.380466773e+00 5.672714563e-01 -1.906711933e-02 8.233101116e-01 3.328567047e+02
8.170299403e-01 4.605477519e-02 -5.747530203e-01 7.737792904e+01 -3.183632152e-02 9.988876357e-01 3.478418891e-02 5.381330915e+00 5.757156636e-01 -1.012170184e-02 8.175873200e-01 3.330523225e+02
8.134225495e-01 4.653525674e-02 -5.798087839e-01 7.720918544e+01 -3.288356716e-02 9.988794534e-01 3.403687100e-02 5.389205710e+00 5.807429957e-01 -8.620177297e-03 8.140413168e-01 3.332761601e+02
8.107687437e-01 4.051039250e-02 -5.839631430e-01 7.703534101e+01 -2.753901959e-02 9.991375470e-01 3.107675218e-02 5.393732377e+00 5.847184337e-01 -9.114286883e-03 8.111851102e-01 3.335153589e+02
8.107456782e-01 3.702885148e-02 -5.842262485e-01 7.685143479e+01 -2.944644846e-02 9.993136792e-01 2.247392516e-02 5.398490008e+00 5.846574655e-01 -1.017249581e-03 8.112796147e-01 3.337666077e+02
8.147371653e-01 3.776973314e-02 -5.785989965e-01 7.666226642e+01 -3.925451876e-02 9.991797110e-01 9.949266657e-03 5.396125910e+00 5.785001593e-01 1.460658785e-02 8.155514780e-01 3.340235019e+02
8.220452127e-01 3.836220182e-02 -5.681285151e-01 7.645013936e+01 -4.958419873e-02 9.987606691e-01 -4.305002773e-03 5.399978391e+00 5.672592665e-01 3.170910412e-02 8.229285857e-01 3.342938772e+02
8.322836269e-01 3.256391681e-02 -5.533927680e-01 7.629736597e+01 -5.183738202e-02 9.984708099e-01 -1.920748614e-02 5.396712217e+00 5.519210543e-01 4.467250856e-02 8.326989353e-01 3.345724857e+02
8.467128430e-01 2.802243787e-02 -5.313116830e-01 7.613303759e+01 -5.310848865e-02 9.980760656e-01 -3.199461901e-02 5.385843645e+00 5.293929070e-01 5.530741531e-02 8.465720523e-01 3.348786200e+02
8.610268299e-01 3.327171784e-02 -5.074699902e-01 7.592636562e+01 -6.256853304e-02 9.972072043e-01 -4.077953244e-02 5.377954811e+00 5.046959251e-01 6.686392439e-02 8.607039205e-01 3.351975767e+02
8.737009005e-01 3.510653119e-02 -4.851950823e-01 7.573599135e+01 -6.610661521e-02 9.967086946e-01 -4.692220759e-02 5.383417761e+00 4.819508811e-01 7.307057963e-02 8.731460580e-01 3.355414086e+02
8.859614402e-01 3.308499227e-02 -4.625772473e-01 7.557292514e+01 -6.050666634e-02 9.971724182e-01 -4.456581387e-02 5.383965101e+00 4.597948127e-01 6.747259980e-02 8.854581743e-01 3.359106414e+02
8.983900794e-01 3.734957048e-02 -4.376074438e-01 7.539370539e+01 -5.899119576e-02 9.976105698e-01 -3.596094852e-02 5.365708016e+00 4.352186854e-01 5.812194578e-02 8.984467348e-01 3.362964578e+02
9.080171187e-01 4.715967171e-02 -4.162701977e-01 7.521162102e+01 -6.257362649e-02 9.977647010e-01 -2.345512205e-02 5.338209764e+00 4.142335734e-01 4.734518821e-02 9.089383806e-01 3.366995539e+02
9.157680476e-01 5.662495970e-02 -3.976964884e-01 7.503984917e+01 -6.687876171e-02 9.976895806e-01 -1.194705230e-02 5.321503369e+00 3.961011414e-01 3.753817744e-02 9.174392465e-01 3.371056224e+02
9.229889023e-01 6.046425900e-02 -3.800467860e-01 7.487348427e+01 -6.790180470e-02 9.976728624e-01 -6.180980684e-03 5.304344953e+00 3.787886364e-01 3.151083922e-02 9.249466125e-01 3.375240714e+02
9.298510255e-01 5.854521248e-02 -3.632485767e-01 7.470899324e+01 -6.474911184e-02 9.978894703e-01 -4.915028140e-03 5.282166427e+00 3.621941785e-01 2.809026668e-02 9.316792978e-01 3.379701208e+02
9.359102640e-01 5.759143092e-02 -3.474984962e-01 7.454047172e+01 -6.391894644e-02 9.979321786e-01 -6.762780069e-03 5.267727148e+00 3.463904532e-01 2.854109304e-02 9.376561523e-01 3.384230102e+02
9.414967300e-01 5.339942395e-02 -3.327647952e-01 7.438880755e+01 -6.051412691e-02 9.981062254e-01 -1.104550476e-02 5.268332683e+00 3.315447901e-01 3.053627766e-02 9.429451670e-01 3.389001688e+02
9.466698578e-01 5.218476890e-02 -3.179511443e-01 7.423429516e+01 -6.024187999e-02 9.980626132e-01 -1.555429268e-02 5.264118752e+00 3.165234528e-01 3.387875472e-02 9.479795007e-01 3.393871467e+02
9.516474308e-01 4.981892171e-02 -3.031257866e-01 7.408370039e+01 -5.733175473e-02 9.982280733e-01 -1.593058418e-02 5.246591885e+00 3.017950254e-01 3.253903276e-02 9.528173875e-01 3.399183813e+02
9.561474696e-01 4.933300817e-02 -2.887010057e-01 7.392148360e+01 -5.554696571e-02 9.983666137e-01 -1.336560083e-02 5.246464771e+00 2.875700801e-01 2.881595028e-02 9.573260103e-01 3.404694130e+02
9.599480578e-01 5.082697761e-02 -2.755292085e-01 7.376820431e+01 -5.505623889e-02 9.984540898e-01 -7.631589914e-03 5.235227369e+00 2.747153744e-01 2.249553184e-02 9.612624065e-01 3.410512992e+02
9.631503167e-01 5.050263383e-02 -2.641797710e-01 7.359946945e+01 -5.330134053e-02 9.985725756e-01 -3.431973124e-03 5.221866273e+00 2.636293507e-01 1.738664194e-02 9.644673505e-01 3.416504207e+02
9.655735092e-01 4.645884711e-02 -2.559479904e-01 7.345047373e+01 -4.899100762e-02 9.987930072e-01 -3.522776381e-03 5.214652371e+00 2.554753989e-01 1.594064950e-02 9.666841347e-01 3.422591820e+02
9.672733776e-01 3.888325775e-02 -2.507395167e-01 7.329748308e+01 -4.157265341e-02 9.991206949e-01 -5.436133054e-03 5.202682733e+00 2.503076656e-01 1.568213380e-02 9.680393294e-01 3.428917661e+02
9.682712364e-01 3.281603695e-02 -2.477376041e-01 7.313980648e+01 -3.620516230e-02 9.993026191e-01 -9.135736990e-03 5.192915658e+00 2.472650380e-01 1.781525152e-02 9.687840925e-01 3.435339257e+02
9.690674902e-01 3.278068153e-02 -2.446091299e-01 7.296948370e+01 -3.710346146e-02 9.992257718e-01 -1.308396163e-02 5.182056319e+00 2.439908454e-01 2.175508728e-02 9.695334876e-01 3.442025761e+02
9.697940215e-01 3.855760494e-02 -2.408586036e-01 7.278997590e+01 -4.278428476e-02 9.990081028e-01 -1.234161359e-02 5.172179709e+00 2.401438336e-01 2.227378616e-02 9.704817451e-01 3.448816064e+02
9.710588508e-01 4.035010917e-02 -2.354072575e-01 7.262035551e+01 -4.467827955e-02 9.989158086e-01 -1.307893776e-02 5.153925376e+00 2.346242944e-01 2.321800953e-02 9.718088107e-01 3.455862926e+02
9.726613067e-01 4.586128578e-02 -2.276548374e-01 7.243879424e+01 -4.966055260e-02 9.987057334e-01 -1.098579306e-02 5.143332354e+00 2.268563688e-01 2.199092086e-02 9.736799204e-01 3.463159966e+02
9.746271370e-01 4.741857685e-02 -2.187542511e-01 7.227204795e+01 -5.059088145e-02 9.986796268e-01 -8.919960648e-03 5.131808396e+00 2.180424420e-01 1.976060609e-02 9.757392131e-01 3.470656667e+02
9.767971023e-01 4.733050833e-02 -2.088713574e-01 7.211178187e+01 -5.002545732e-02 9.987187549e-01 -7.635586884e-03 5.117921624e+00 2.082423458e-01 1.790730432e-02 9.779133161e-01 3.478356686e+02
9.786160223e-01 5.211150609e-02 -1.989851046e-01 7.192733537e+01 -5.479551880e-02 9.984655342e-01 -8.001754145e-03 5.104534412e+00 1.982627853e-01 1.873413685e-02 9.799698465e-01 3.486396547e+02
9.800858700e-01 5.818498279e-02 -1.898583556e-01 7.177209788e+01 -6.194114724e-02 9.979829352e-01 -1.390522559e-02 5.094002554e+00 1.886663237e-01 2.538835948e-02 9.817130179e-01 3.494159829e+02
9.815739894e-01 5.928883810e-02 -1.816516913e-01 7.162598320e+01 -6.371236305e-02 9.977947938e-01 -1.860871412e-02 5.082493432e+00 1.801478228e-01 2.983928826e-02 9.831868484e-01 3.502148713e+02
9.833846179e-01 5.532923197e-02 -1.728969908e-01 7.147847952e+01 -5.894269611e-02 9.981358204e-01 -1.583169457e-02 5.059677627e+00 1.716987243e-01 2.575965970e-02 9.848126665e-01 3.510532971e+02
9.847908362e-01 5.532348651e-02 -1.647007005e-01 7.133384881e+01 -5.761463855e-02 9.982968487e-01 -9.162716559e-03 5.036926088e+00 1.639132769e-01 1.851253063e-02 9.863010311e-01 3.519130857e+02
9.857721260e-01 5.682882525e-02 -1.581891280e-01 7.119381286e+01 -5.849668960e-02 9.982701462e-01 -5.903606611e-03 5.019744668e+00 1.575799889e-01 1.507315116e-02 9.873911825e-01 3.527905388e+02
9.863760999e-01 5.719090986e-02 -1.542445767e-01 7.107377062e+01 -5.930641393e-02 9.981979345e-01 -9.145094104e-03 4.996235571e+00 1.534436016e-01 1.816819497e-02 9.879903733e-01 3.536467112e+02
9.868031531e-01 5.723369524e-02 -1.514722453e-01 7.092852406e+01 -6.008263384e-02 9.980910432e-01 -1.429498799e-02 4.987634103e+00 1.503649363e-01 2.320719067e-02 9.883581397e-01 3.545295827e+02
9.873755378e-01 5.562659306e-02 -1.483078875e-01 7.079318333e+01 -5.875216876e-02 9.981316540e-01 -1.677450157e-02 4.956834678e+00 1.470976887e-01 2.527614255e-02 9.887989617e-01 3.553887054e+02
9.879679245e-01 5.123200731e-02 -1.459269046e-01 7.063601993e+01 -5.459844955e-02 9.983246295e-01 -1.915576962e-02 4.937246485e+00 1.447010344e-01 2.689266869e-02 9.891099004e-01 3.563180812e+02
9.883745079e-01 4.785919067e-02 -1.443098400e-01 7.049621921e+01 -5.112631089e-02 9.985111627e-01 -1.901468570e-02 4.915606536e+00 1.431849586e-01 2.617166037e-02 9.893498430e-01 3.572318205e+02
9.888136545e-01 4.150622199e-02 -1.432647560e-01 7.036269230e+01 -4.437348310e-02 9.988724678e-01 -1.687563411e-02 4.898171299e+00 1.424027765e-01 2.304401367e-02 9.895405109e-01 3.581461044e+02
9.889530774e-01 3.993304896e-02 -1.427485982e-01 7.021519953e+01 -4.163183116e-02 9.990930898e-01 -8.932446940e-03 4.878822285e+00 1.422624382e-01 1.477665643e-02 9.897186717e-01 3.590910108e+02
9.890952848e-01 3.757523326e-02 -1.424030179e-01 7.011054658e+01 -3.856066264e-02 9.992475780e-01 -4.165703658e-03 4.842351524e+00 1.421393434e-01 9.611432578e-03 9.897999936e-01 3.599680331e+02
9.890737777e-01 3.675832509e-02 -1.427651490e-01 6.998166974e+01 -3.778955431e-02 9.992755078e-01 -4.517652047e-03 4.819920069e+00 1.424956554e-01 9.863322528e-03 9.897462822e-01 3.609222497e+02
9.889679104e-01 4.180683542e-02 -1.421079195e-01 6.981784077e+01 -4.339316187e-02 9.990253917e-01 -8.080862061e-03 4.803323198e+00 1.416315847e-01 1.415822522e-02 9.898181848e-01 3.618440081e+02
9.886871870e-01 4.568715763e-02 -1.428647260e-01 6.965362697e+01 -4.774841282e-02 9.987984782e-01 -1.103127757e-02 4.781649734e+00 1.421890832e-01 1.772804671e-02 9.896807470e-01 3.627898954e+02
9.884141558e-01 4.769885083e-02 -1.440912083e-01 6.948428251e+01 -5.007895616e-02 9.986615031e-01 -1.293446788e-02 4.777412423e+00 1.432813834e-01 2.000054846e-02 9.894798751e-01 3.637639332e+02
9.884077051e-01 4.656981749e-02 -1.445041889e-01 6.933462981e+01 -4.923354066e-02 9.986759889e-01 -1.491065710e-02 4.751469798e+00 1.436184771e-01 2.185226122e-02 9.893918393e-01 3.647283647e+02
9.881436452e-01 4.808398449e-02 -1.458083225e-01 6.919087178e+01 -5.095636714e-02 9.985722720e-01 -1.602704628e-02 4.724661120e+00 1.448295037e-01 2.326688634e-02 9.891830300e-01 3.657006956e+02
9.881088243e-01 4.631502323e-02 -1.466146990e-01 6.905865558e+01 -4.895983548e-02 9.986957770e-01 -1.448031729e-02 4.697034325e+00 1.457528245e-01 2.148636084e-02 9.890876859e-01 3.666657975e+02
9.877699385e-01 4.611239770e-02 -1.489435977e-01 6.892396289e+01 -4.830742189e-02 9.987702637e-01 -1.115138594e-02 4.674993981e+00 1.482462192e-01 1.821008502e-02 9.887828130e-01 3.676268972e+02
9.876042695e-01 4.495070425e-02 -1.503902955e-01 6.876635861e+01 -4.665146124e-02 9.988807876e-01 -7.798292015e-03 4.652733740e+00 1.498714381e-01 1.471755353e-02 9.885959466e-01 3.686087645e+02
9.874850528e-01 4.180870741e-02 -1.520700578e-01 6.861893589e+01 -4.359236015e-02 9.990139801e-01 -8.412707205e-03 4.644174600e+00 1.515683893e-01 1.493651535e-02 9.883339131e-01 3.695848534e+02
9.874314274e-01 3.921935766e-02 -1.531045987e-01 6.847326291e+01 -4.159071063e-02 9.990588302e-01 -1.231530072e-02 4.636775447e+00 1.524775031e-01 1.852824403e-02 9.881332477e-01 3.705401527e+02
9.872515936e-01 4.243013724e-02 -1.534078695e-01 6.830754423e+01 -4.541045887e-02 9.988406822e-01 -1.597441300e-02 4.607973793e+00 1.525522245e-01 2.273708644e-02 9.880338272e-01 3.714895058e+02
9.869957991e-01 4.193332180e-02 -1.551801828e-01 6.815810357e+01 -4.514722054e-02 9.988315186e-01 -1.724313942e-02 4.588891081e+00 1.542757955e-01 2.402486010e-02 9.877356858e-01 3.724308277e+02
9.866219507e-01 3.972142095e-02 -1.581117802e-01 6.800444123e+01 -4.280017465e-02 9.989537030e-01 -1.611348155e-02 4.561965556e+00 1.573062980e-01 2.266512641e-02 9.872897349e-01 3.733761487e+02
9.863775941e-01 3.949979342e-02 -1.596840888e-01 6.783506876e+01 -4.201991151e-02 9.990393892e-01 -1.243486269e-02 4.529259499e+00 1.590395201e-01 1.897538122e-02 9.870898470e-01 3.743420139e+02
9.862494615e-01 3.694279547e-02 -1.610814378e-01 6.767058053e+01 -3.888533208e-02 9.992038427e-01 -8.922534134e-03 4.502040551e+00 1.606235683e-01 1.506354969e-02 9.869007847e-01 3.753067354e+02
9.859767862e-01 3.415660985e-02 -1.633496346e-01 6.752161985e+01 -3.562922514e-02 9.993465029e-01 -6.093067168e-03 4.468624081e+00 1.630347676e-01 1.182764369e-02 9.865494267e-01 3.762424704e+02
9.857282016e-01 3.110143620e-02 -1.654467080e-01 6.738003104e+01 -3.306430483e-02 9.994115931e-01 -9.122465206e-03 4.433888792e+00 1.650656362e-01 1.446265161e-02 9.861765397e-01 3.771595350e+02
9.855067515e-01 2.477159669e-02 -1.678177902e-01 6.722850234e+01 -2.726026374e-02 9.995496896e-01 -1.254177031e-02 4.410985044e+00 1.674315404e-01 1.693475654e-02 9.857382479e-01 3.780741691e+02
9.852500872e-01 2.038952497e-02 -1.699015387e-01 6.705452515e+01 -2.386274413e-02 9.995454326e-01 -1.842546105e-02 4.392600592e+00 1.694486206e-01 2.220800405e-02 9.852887747e-01 3.789788746e+02
9.849731085e-01 1.912823669e-02 -1.716452330e-01 6.687017231e+01 -2.282554341e-02 9.995474611e-01 -1.959253958e-02 4.358323281e+00 1.711927861e-01 2.321602033e-02 9.849639823e-01 3.799063018e+02
9.847901454e-01 1.400269960e-02 -1.731828339e-01 6.668190734e+01 -1.786318451e-02 9.996250425e-01 -2.075285873e-02 4.347854485e+00 1.728273016e-01 2.353080768e-02 9.846710237e-01 3.808246416e+02
9.843354569e-01 1.551400833e-02 -1.756218203e-01 6.650937315e+01 -1.870469181e-02 9.996884465e-01 -1.652708339e-02 4.333648617e+00 1.753107034e-01 1.955314621e-02 9.843189685e-01 3.817606585e+02
9.842627993e-01 1.651557685e-02 -1.759374252e-01 6.631029445e+01 -1.909412639e-02 9.997335204e-01 -1.297314945e-02 4.315550509e+00 1.756762824e-01 1.612835983e-02 9.843158638e-01 3.826759848e+02
9.840793208e-01 1.956376911e-02 -1.766497929e-01 6.612581571e+01 -2.171090611e-02 9.997119508e-01 -1.022995798e-02 4.291139640e+00 1.763987725e-01 1.390231717e-02 9.842206047e-01 3.835726537e+02
9.841284095e-01 1.785856886e-02 -1.765569177e-01 6.595511966e+01 -2.011098673e-02 9.997375019e-01 -1.097613387e-02 4.271673738e+00 1.763145538e-01 1.435265900e-02 9.842292311e-01 3.844486596e+02
9.839756989e-01 2.039014023e-02 -1.771329055e-01 6.579155257e+01 -2.300392285e-02 9.996545173e-01 -1.271477632e-02 4.261058946e+00 1.768124531e-01 1.658578261e-02 9.841048055e-01 3.853272231e+02
9.839404101e-01 2.078617521e-02 -1.772828371e-01 6.563330354e+01 -2.384251350e-02 9.996012775e-01 -1.512681803e-02 4.225847023e+00 1.768977218e-01 1.911075597e-02 9.840436855e-01 3.861872876e+02
9.838038046e-01 2.001631681e-02 -1.781275416e-01 6.549637306e+01 -2.340477423e-02 9.995825141e-01 -1.694148827e-02 4.190851633e+00 1.777140696e-01 2.083613551e-02 9.838615578e-01 3.869948934e+02
9.839799892e-01 1.882092461e-02 -1.772826940e-01 6.533609371e+01 -2.202892936e-02 9.996269728e-01 -1.614439468e-02 4.157125759e+00 1.769127103e-01 1.979110924e-02 9.840275428e-01 3.877909746e+02
9.842118050e-01 1.999684772e-02 -1.758614483e-01 6.518134924e+01 -2.250834037e-02 9.996710155e-01 -1.229777910e-02 4.121845108e+00 1.755576758e-01 1.606196870e-02 9.843381104e-01 3.885622015e+02
9.842836905e-01 2.023265306e-02 -1.754316290e-01 6.504597808e+01 -2.251660762e-02 9.996855315e-01 -1.103814133e-02 4.084931721e+00 1.751531304e-01 1.481478764e-02 9.844297349e-01 3.893097963e+02
9.846284452e-01 1.705268493e-02 -1.738275895e-01 6.491136614e+01 -1.943090101e-02 9.997393208e-01 -1.198876549e-02 4.063066242e+00 1.735778357e-01 1.518210621e-02 9.847031221e-01 3.900532194e+02
9.849772471e-01 1.746233658e-02 -1.717989797e-01 6.479192609e+01 -2.055966453e-02 9.996563011e-01 -1.626591131e-02 4.039351924e+00 1.714558918e-01 1.955368194e-02 9.849977313e-01 3.907486200e+02
9.853912606e-01 1.959960760e-02 -1.691742267e-01 6.468065545e+01 -2.356221301e-02 9.994922873e-01 -2.144736950e-02 4.013968740e+00 1.686679748e-01 2.512016964e-02 9.853527751e-01 3.914180805e+02
9.858891786e-01 2.216465294e-02 -1.659254519e-01 6.457713214e+01 -2.647440589e-02 9.993659591e-01 -2.380726158e-02 3.980810314e+00 1.652925687e-01 2.786409932e-02 9.858508806e-01 3.920655636e+02
9.866101917e-01 2.180788291e-02 -1.616315127e-01 6.447681831e+01 -2.666587432e-02 9.992536522e-01 -2.794762389e-02 3.956117580e+00 1.609014009e-01 3.188345617e-02 9.864553636e-01 3.926750354e+02
9.873812386e-01 1.921543505e-02 -1.571911469e-01 6.438716986e+01 -2.424156125e-02 9.992522870e-01 -3.011998734e-02 3.925325370e+00 1.564948444e-01 3.355046923e-02 9.871087730e-01 3.932683579e+02
9.881486879e-01 1.962453680e-02 -1.522401001e-01 6.430169800e+01 -2.448975917e-02 9.992453781e-01 -3.014840173e-02 3.893266408e+00 1.515335680e-01 3.351942700e-02 9.878836094e-01 3.938421128e+02
9.890822646e-01 2.334572430e-02 -1.455034399e-01 6.421490655e+01 -2.834569437e-02 9.990734371e-01 -3.238501142e-02 3.864658995e+00 1.446125703e-01 3.615583647e-02 9.888275684e-01 3.943884519e+02
9.904025454e-01 2.606499365e-02 -1.357328779e-01 6.413309178e+01 -3.096224075e-02 9.989388890e-01 -3.409451219e-02 3.828570145e+00 1.347001770e-01 3.796988570e-02 9.901586490e-01 3.949094281e+02
9.920783118e-01 2.901359410e-02 -1.222245254e-01 6.403990644e+01 -3.343532261e-02 9.988527399e-01 -3.428240318e-02 3.795458548e+00 1.210896463e-01 3.809744511e-02 9.919102188e-01 3.954094315e+02
9.936864415e-01 2.742453305e-02 -1.087894804e-01 6.400305723e+01 -3.149156596e-02 9.988610983e-01 -3.584393365e-02 3.787453344e+00 1.076825767e-01 3.904358197e-02 9.934183718e-01 3.958934148e+02
9.952794318e-01 2.533449273e-02 -9.368573020e-02 6.398119014e+01 -2.911622449e-02 9.988062324e-01 -3.922187634e-02 3.769292891e+00 9.258022487e-02 4.176450155e-02 9.948289443e-01 3.963274213e+02
9.968235381e-01 2.522583832e-02 -7.554131904e-02 6.396117691e+01 -2.840860085e-02 9.987404074e-01 -4.135879560e-02 3.739078858e+00 7.440285747e-02 4.337344415e-02 9.962845774e-01 3.967523223e+02
9.981614114e-01 2.590628164e-02 -5.479654455e-02 6.394547155e+01 -2.830130993e-02 9.986571434e-01 -4.339292327e-02 3.727149766e+00 5.359881135e-02 4.486395552e-02 9.975542055e-01 3.971614788e+02
9.991827642e-01 2.462164715e-02 -3.205586114e-02 6.394080897e+01 -2.596162850e-02 9.987769278e-01 -4.207900183e-02 3.697377584e+00 3.098060017e-02 4.287683572e-02 9.985999096e-01 3.975696902e+02
9.997530246e-01 2.135466079e-02 -6.153722029e-03 6.395100695e+01 -2.159244577e-02 9.989015834e-01 -4.158596968e-02 3.675828551e+00 5.258908402e-03 4.170857288e-02 9.991159787e-01 3.979630617e+02
9.994901503e-01 2.194515869e-02 2.319158141e-02 6.395927120e+01 -2.088409856e-02 9.987666838e-01 -4.504404180e-02 3.656072896e+00 -2.415147750e-02 4.453674084e-02 9.987157678e-01 3.983412699e+02
9.982768376e-01 2.481270861e-02 5.317598105e-02 6.399338840e+01 -2.231039250e-02 9.986388665e-01 -4.714510341e-02 3.631993977e+00 -5.427339915e-02 4.587748773e-02 9.974716308e-01 3.987134242e+02
9.961624146e-01 2.684990729e-02 8.330381816e-02 6.404235291e+01 -2.315848130e-02 9.987200033e-01 -4.496709672e-02 3.601590261e+00 -8.440455193e-02 4.286534173e-02 9.955091331e-01 3.990686412e+02
9.930576086e-01 2.753022788e-02 1.143620241e-01 6.410649798e+01 -2.297259972e-02 9.988957834e-01 -4.098138029e-02 3.577511777e+00 -1.153639704e-01 3.806967851e-02 9.925934988e-01 3.994168847e+02
9.885241047e-01 2.890722495e-02 1.482715978e-01 6.417605930e+01 -2.375656116e-02 9.990551583e-01 -3.639253193e-02 3.557304706e+00 -1.491835117e-01 3.245247177e-02 9.882768422e-01 3.997689914e+02
9.825119632e-01 2.914958601e-02 1.839036267e-01 6.426223476e+01 -2.354460391e-02 9.991914903e-01 -3.258860839e-02 3.535970065e+00 -1.847048832e-01 2.768875956e-02 9.824039081e-01 4.001040666e+02
9.750510840e-01 2.530066523e-02 2.205340335e-01 6.436412971e+01 -1.899122483e-02 9.993487137e-01 -3.068357655e-02 3.517714557e+00 -2.211667176e-01 2.572984317e-02 9.748965372e-01 4.004244046e+02
9.654078759e-01 2.311860621e-02 2.597174681e-01 6.447905601e+01 -1.658825563e-02 9.994894206e-01 -2.730801956e-02 3.505627527e+00 -2.602161851e-01 2.205511741e-02 9.652984558e-01 4.007451303e+02
9.532377636e-01 2.027383077e-02 3.015406074e-01 6.460466516e+01 -1.439023909e-02 9.996605117e-01 -2.172055291e-02 3.493276242e+00 -3.018785967e-01 1.636560984e-02 9.532058957e-01 4.010596230e+02
9.395339981e-01 2.439101248e-02 3.415859261e-01 6.473244931e+01 -2.155853943e-02 9.996945262e-01 -1.208650769e-02 3.481307795e+00 -3.417763827e-01 3.991591230e-03 9.397728297e-01 4.013696987e+02
9.246136376e-01 2.212392114e-02 3.802632683e-01 6.488570879e+01 -2.272024424e-02 9.997375953e-01 -2.920787092e-03 3.465284482e+00 -3.802281047e-01 -5.939074752e-03 9.248736756e-01 4.016709169e+02
9.086102438e-01 1.889741688e-02 4.172173445e-01 6.505333293e+01 -2.107600394e-02 9.997776871e-01 6.151645903e-04 3.450251938e+00 -4.171129667e-01 -9.352219244e-03 9.088065300e-01 4.019590250e+02
8.912049753e-01 1.029177060e-02 4.534840366e-01 6.524345737e+01 -1.092552933e-02 9.999395677e-01 -1.222231655e-03 3.440035630e+00 -4.534692104e-01 -3.865294213e-03 8.912635607e-01 4.022359991e+02
8.717414788e-01 -1.793732334e-03 4.899628320e-01 6.545333147e+01 3.735967974e-03 9.999885628e-01 -2.986117174e-03 3.429685447e+00 -4.899518719e-01 4.433607650e-03 8.717382098e-01 4.025008947e+02
8.512362074e-01 -5.373826710e-03 5.247552203e-01 6.566859807e+01 1.062612190e-02 9.999190573e-01 -6.997449146e-03 3.422239276e+00 -5.246751421e-01 1.153259501e-02 8.512244090e-01 4.027611077e+02
8.285724791e-01 1.570235093e-03 5.598796131e-01 6.587992954e+01 6.722991493e-03 9.998960664e-01 -1.275373751e-02 3.411010901e+00 -5.598414492e-01 1.433146178e-02 8.284758059e-01 4.030392464e+02
8.050972142e-01 1.251855124e-02 5.930107601e-01 6.609989320e+01 -2.584631899e-03 9.998418059e-01 -1.759781043e-02 3.395551564e+00 -5.931372484e-01 1.263523363e-02 8.050022084e-01 4.033282538e+02
7.807378304e-01 2.339605416e-02 6.244205833e-01 6.633536120e+01 -1.155790674e-02 9.996685445e-01 -2.300469389e-02 3.388918294e+00 -6.247518348e-01 1.074363992e-02 7.807494599e-01 4.036168940e+02
7.559407092e-01 2.949811936e-02 6.539751563e-01 6.659435435e+01 -1.537826006e-02 9.995087779e-01 -2.730772911e-02 3.376573520e+00 -6.544594359e-01 1.058602408e-02 7.560230042e-01 4.039027654e+02
7.327890996e-01 2.571142257e-02 6.799698951e-01 6.689280600e+01 -9.416167853e-03 9.995733473e-01 -2.764885283e-02 3.365089296e+00 -6.803906755e-01 1.385806730e-02 7.327185563e-01 4.041717455e+02
7.086664833e-01 1.609037310e-02 7.053601317e-01 6.722105451e+01 4.342669535e-03 9.996215042e-01 -2.716596310e-02 3.348687026e+00 -7.055302663e-01 2.231475349e-02 7.083283808e-01 4.044418584e+02
6.830516932e-01 8.902909605e-03 7.303157691e-01 6.757901461e+01 1.486614129e-02 9.995490782e-01 -2.608904104e-02 3.335504323e+00 -7.302187222e-01 2.867714107e-02 6.826113384e-01 4.047334911e+02
6.577425684e-01 5.128374863e-03 7.532253404e-01 6.795043723e+01 2.553339695e-02 9.992503339e-01 -2.910009955e-02 3.325853971e+00 -7.528099092e-01 3.837277583e-02 6.571185363e-01 4.050213215e+02
6.331045152e-01 8.635980182e-03 7.740181475e-01 6.832031736e+01 2.602999742e-02 9.991347075e-01 -3.243879553e-02 3.309381694e+00 -7.736285362e-01 4.068483830e-02 6.323319001e-01 4.053016050e+02
6.083572644e-01 1.544867834e-02 7.935129345e-01 6.871507680e+01 1.657447834e-02 9.993451992e-01 -3.216301301e-02 3.295599562e+00 -7.934902176e-01 3.271866556e-02 6.077028579e-01 4.056036434e+02
5.837049672e-01 2.142033080e-02 8.116832391e-01 6.911754118e+01 3.971626974e-03 9.995646863e-01 -2.923463672e-02 3.269688302e+00 -8.119561179e-01 2.028810572e-02 5.833657989e-01 4.059158454e+02
5.587893058e-01 2.188748110e-02 8.290207777e-01 6.957534997e+01 -1.296619430e-03 9.996734959e-01 -2.551901985e-02 3.246205370e+00 -8.293086461e-01 1.318483094e-02 5.586352386e-01 4.062231661e+02
5.323572819e-01 1.960522449e-02 8.462927151e-01 7.004903876e+01 2.671097563e-04 9.997278358e-01 -2.332772825e-02 3.226520663e+00 -8.465197299e-01 1.264473904e-02 5.322071566e-01 4.065130295e+02
5.053185161e-01 2.128090973e-02 8.626704586e-01 7.055965836e+01 -3.595091674e-03 9.997391093e-01 -2.255634368e-02 3.210683215e+00 -8.629254154e-01 8.296758734e-03 5.052631900e-01 4.067988739e+02
4.772155681e-01 2.666704655e-02 8.783815630e-01 7.107984550e+01 -1.261051812e-02 9.996443618e-01 -2.349733650e-02 3.195148724e+00 -8.786957815e-01 1.364481667e-04 4.773821373e-01 4.070889090e+02
4.502199681e-01 3.115543494e-02 8.923739795e-01 7.162871534e+01 -2.153066167e-02 9.994793073e-01 -2.403216501e-02 3.172725647e+00 -8.926580594e-01 -8.393641669e-03 4.506563389e-01 4.073669410e+02
4.234962956e-01 3.237023295e-02 9.053193114e-01 7.221105724e+01 -2.492468997e-02 9.993994043e-01 -2.407468546e-02 3.148379092e+00 -9.055548837e-01 -1.236926305e-02 4.240487636e-01 4.076383843e+02
3.958407680e-01 3.285027535e-02 9.177314127e-01 7.281560591e+01 -2.416433067e-02 9.993865320e-01 -2.535044048e-02 3.127862505e+00 -9.180011827e-01 -1.214162749e-02 3.963917373e-01 4.078910928e+02
3.663467957e-01 3.434539127e-02 9.298442985e-01 7.343307811e+01 -2.313724662e-02 9.993457898e-01 -2.779676774e-02 3.103827517e+00 -9.301906757e-01 -1.133078006e-02 3.669017857e-01 4.081290035e+02
3.375329765e-01 3.460264030e-02 9.406774936e-01 7.408238330e+01 -2.317177509e-02 9.993267326e-01 -2.844556762e-02 3.081416495e+00 -9.410284579e-01 -1.219585021e-02 3.381075312e-01 4.083478158e+02
3.097407686e-01 3.401097968e-02 9.502125602e-01 7.476845351e+01 -2.209583136e-02 9.993476349e-01 -2.856709483e-02 3.052405317e+00 -9.505642695e-01 -1.214734257e-02 3.102902054e-01 4.085593824e+02
2.829632336e-01 3.168253457e-02 9.586073364e-01 7.546623147e+01 -1.833293065e-02 9.994503444e-01 -2.762087640e-02 3.026222968e+00 -9.589555319e-01 -9.758389316e-03 2.833885350e-01 4.087539428e+02
2.574304726e-01 2.800277691e-02 9.658909857e-01 7.617847496e+01 -1.443544616e-02 9.995799089e-01 -2.513212135e-02 2.999059370e+00 -9.661889927e-01 -7.473293446e-03 2.577265609e-01 4.089289422e+02
2.330373614e-01 2.350044016e-02 9.721837879e-01 7.692674783e+01 -1.071323960e-02 9.997093387e-01 -2.159779319e-02 2.972817562e+00 -9.724087693e-01 -5.382145113e-03 2.332213923e-01 4.090965544e+02
2.109604945e-01 2.073672552e-02 9.772746072e-01 7.769613054e+01 -5.175377896e-03 9.997846363e-01 -2.009717551e-02 2.944269342e+00 -9.774808874e-01 -8.180553175e-04 2.110223817e-01 4.092477657e+02
1.929714430e-01 2.094247760e-02 9.809808534e-01 7.846963038e+01 2.838920730e-03 9.997560971e-01 -2.190175295e-02 2.913057188e+00 -9.812002664e-01 7.011339751e-03 1.928649227e-01 4.093828442e+02
1.778762180e-01 2.298710693e-02 9.837843483e-01 7.925911788e+01 1.031050336e-02 9.996287146e-01 -2.522154935e-02 2.890657865e+00 -9.839988540e-01 1.462962563e-02 1.775731665e-01 4.095070592e+02
1.650849525e-01 2.331002006e-02 9.860038547e-01 8.007427837e+01 1.371372024e-02 9.995697750e-01 -2.592679556e-02 2.865267513e+00 -9.861840053e-01 1.780190483e-02 1.646942617e-01 4.096418968e+02
1.554979168e-01 2.176705001e-02 9.875963717e-01 8.091646844e+01 1.861985948e-02 9.995149957e-01 -2.496145487e-02 2.840642951e+00 -9.876607204e-01 2.227035990e-02 1.550172002e-01 4.097672466e+02
1.493459277e-01 2.009543115e-02 9.885807845e-01 8.175651517e+01 2.415258314e-02 9.994210091e-01 -2.396454229e-02 2.810596007e+00 -9.884899831e-01 2.745578639e-02 1.487741012e-01 4.098814444e+02
1.453299433e-01 1.847016763e-02 9.892108271e-01 8.263273915e+01 2.786295152e-02 9.993527685e-01 -2.275302060e-02 2.780257685e+00 -9.889908309e-01 3.086902851e-02 1.447212478e-01 4.100005230e+02
1.420178369e-01 1.743867152e-02 9.897104762e-01 8.353702763e+01 2.946302095e-02 9.993273358e-01 -2.183589663e-02 2.759823159e+00 -9.894255224e-01 3.226094730e-02 1.414085107e-01 4.101464076e+02
1.401508709e-01 1.689297431e-02 9.899860407e-01 8.444372907e+01 3.196076698e-02 9.992562205e-01 -2.157579816e-02 2.731349511e+00 -9.896141888e-01 3.466458007e-02 1.395067171e-01 4.102767234e+02
1.389830290e-01 1.885501086e-02 9.901152490e-01 8.533072766e+01 3.372318968e-02 9.991487236e-01 -2.376078048e-02 2.702268860e+00 -9.897203969e-01 3.669218959e-02 1.382288650e-01 4.103971124e+02
1.383812898e-01 1.967474386e-02 9.901835805e-01 8.624973434e+01 3.623119362e-02 9.990328289e-01 -2.491400060e-02 2.664789493e+00 -9.897160801e-01 3.932316456e-02 1.375346119e-01 4.105210040e+02
1.376412124e-01 1.848543244e-02 9.903096412e-01 8.719618784e+01 4.100036560e-02 9.988625316e-01 -2.434364452e-02 2.636355074e+00 -9.896331980e-01 4.395374609e-02 1.367267404e-01 4.106478686e+02
1.371744088e-01 1.801440759e-02 9.903830889e-01 8.811642124e+01 4.338542629e-02 9.987658503e-01 -2.417604419e-02 2.603963135e+00 -9.895963249e-01 4.628452707e-02 1.362235523e-01 4.107911622e+02
1.377366254e-01 1.823209226e-02 9.903010718e-01 8.905798197e+01 4.708893133e-02 9.985794577e-01 -2.493389536e-02 2.560987404e+00 -9.893489044e-01 5.006652978e-02 1.366824349e-01 4.109186379e+02
1.388037792e-01 1.654840432e-02 9.901816304e-01 9.003596006e+01 4.913612127e-02 9.985138128e-01 -2.357556321e-02 2.535124391e+00 -9.891001731e-01 5.192606194e-02 1.377843664e-01 4.110583487e+02
1.398696750e-01 1.004870345e-02 9.901189310e-01 9.101479055e+01 5.090622447e-02 9.985531433e-01 -1.732559691e-02 2.505944572e+00 -9.888604706e-01 5.282654216e-02 1.391557621e-01 4.112033003e+02
1.413204874e-01 5.627172449e-03 9.899479051e-01 9.205167250e+01 5.133481678e-02 9.985968232e-01 -1.300466196e-02 2.493216694e+00 -9.886320126e-01 5.265661950e-02 1.408333199e-01 4.113500382e+02
1.430277089e-01 4.716981567e-03 9.897074439e-01 9.307887012e+01 5.319201253e-02 9.985067389e-01 -1.244597042e-02 2.474040211e+00 -9.882882597e-01 5.442464939e-02 1.425632255e-01 4.115007363e+02
1.457384415e-01 5.893791795e-03 9.893055998e-01 9.412907416e+01 5.453106113e-02 9.984141868e-01 -1.398123816e-02 2.460869072e+00 -9.878191485e-01 5.598548801e-02 1.451859328e-01 4.116339297e+02
1.479309825e-01 7.521870914e-03 9.889690824e-01 9.518834143e+01 5.703417338e-02 9.982420206e-01 -1.612362733e-02 2.440553899e+00 -9.873517749e-01 5.879021815e-02 1.472419192e-01 4.117861509e+02
1.505452822e-01 1.024549969e-02 9.885500229e-01 9.625383011e+01 6.018161823e-02 9.979967911e-01 -1.950840531e-02 2.411444451e+00 -9.867696240e-01 6.242943846e-02 1.496271178e-01 4.119461183e+02
1.536399175e-01 1.119516085e-02 9.880634818e-01 9.730429121e+01 6.254739890e-02 9.978203724e-01 -2.103158061e-02 2.386004518e+00 -9.861453233e-01 6.503209105e-02 1.526048115e-01 4.121119711e+02
1.565872014e-01 9.158475779e-03 9.876216739e-01 9.836230935e+01 6.430505318e-02 9.977407683e-01 -1.944786499e-02 2.361361252e+00 -9.855685204e-01 6.655435101e-02 1.556444983e-01 4.122908873e+02
1.594301362e-01 5.965643611e-03 9.871911886e-01 9.945249531e+01 6.445864472e-02 9.977849573e-01 -1.643965237e-02 2.330754565e+00 -9.851025910e-01 6.625398211e-02 1.586924543e-01 4.124679506e+02
1.606163580e-01 5.406679562e-03 9.870021040e-01 1.005133133e+02 6.232428007e-02 9.979338921e-01 -1.560868776e-02 2.305878173e+00 -9.850472423e-01 6.402120614e-02 1.599475399e-01 4.126477680e+02
1.618035667e-01 7.626802117e-03 9.867935132e-01 1.015795288e+02 6.061451242e-02 9.980051479e-01 -1.765235771e-02 2.279818360e+00 -9.849596371e-01 6.267022210e-02 1.610184976e-01 4.128252115e+02
1.624856352e-01 9.549268930e-03 9.866646998e-01 1.026873551e+02 5.874856266e-02 9.980855569e-01 -1.933461785e-02 2.247999693e+00 -9.849604179e-01 6.110673061e-02 1.616135598e-01 4.130081699e+02
1.629250309e-01 9.769985708e-03 9.865900778e-01 1.037482411e+02 5.638182955e-02 9.982247243e-01 -1.919607042e-02 2.206442141e+00 -9.850261538e-01 5.875327397e-02 1.620849444e-01 4.131942792e+02
1.625747821e-01 1.101661073e-02 9.866347219e-01 1.048564619e+02 5.561436783e-02 9.982457296e-01 -2.031023023e-02 2.172245008e+00 -9.851276477e-01 5.817299759e-02 1.616769001e-01 4.133798173e+02
1.615179614e-01 1.349166501e-02 9.867775449e-01 1.059477855e+02 5.480788086e-02 9.982406803e-01 -2.261947098e-02 2.131082945e+00 -9.853466620e-01 5.773663696e-02 1.604943501e-01 4.135748877e+02
1.610031898e-01 1.541857717e-02 9.868334410e-01 1.070439704e+02 5.493091074e-02 9.981881075e-01 -2.455803706e-02 2.096781133e+00 -9.854240549e-01 5.816158197e-02 1.598645128e-01 4.137581158e+02
1.607153647e-01 1.462489519e-02 9.868924379e-01 1.081568388e+02 5.534564215e-02 9.981834350e-01 -2.380525200e-02 2.051070899e+00 -9.854478329e-01 5.844606547e-02 1.596139906e-01 4.139471203e+02
1.598121579e-01 1.209146541e-02 9.870733867e-01 1.092587777e+02 5.474784478e-02 9.982774028e-01 -2.109266462e-02 2.004933117e+00 -9.856280981e-01 5.741100481e-02 1.588748842e-01 4.141328008e+02
1.587776671e-01 1.065369627e-02 9.872568821e-01 1.103497715e+02 5.206805670e-02 9.984599394e-01 -1.914854568e-02 1.975051603e+00 -9.859404495e-01 5.444490873e-02 1.579784226e-01 4.143202295e+02
1.579109088e-01 1.055138386e-02 9.873969886e-01 1.114589749e+02 4.957494710e-02 9.985972093e-01 -1.859941607e-02 1.931360366e+00 -9.862081269e-01 5.188720418e-02 1.571663085e-01 4.145015379e+02
1.570832562e-01 1.058231700e-02 9.875286655e-01 1.125701715e+02 4.627031160e-02 9.987656347e-01 -1.806281315e-02 1.893625076e+00 -9.865008408e-01 4.853062458e-02 1.563997110e-01 4.146855307e+02
1.562788410e-01 9.420770641e-03 9.876680480e-01 1.137004654e+02 4.389471095e-02 9.989003365e-01 -1.647337438e-02 1.861750575e+00 -9.867371373e-01 4.592784333e-02 1.556934648e-01 4.148696286e+02
1.558373465e-01 8.004730156e-03 9.877502952e-01 1.148430285e+02 4.389524709e-02 9.989232143e-01 -1.502062786e-02 1.824140039e+00 -9.868069359e-01 4.569831806e-02 1.553181734e-01 4.150508677e+02
1.553776010e-01 9.126721902e-03 9.878129904e-01 1.159743960e+02 4.663360871e-02 9.987747326e-01 -1.656321352e-02 1.791017974e+00 -9.867538232e-01 4.863883686e-02 1.547616099e-01 4.152319480e+02
1.550353097e-01 1.257206735e-02 9.878289305e-01 1.171008235e+02 4.973591765e-02 9.985517009e-01 -2.051436439e-02 1.753264471e+00 -9.866561667e-01 5.231102917e-02 1.541854889e-01 4.154106907e+02
1.548339761e-01 1.452466384e-02 9.878337279e-01 1.182300152e+02 5.449621013e-02 9.982439667e-01 -2.321951791e-02 1.703907347e+00 -9.864363147e-01 5.742836469e-02 1.537705434e-01 4.155904669e+02
1.549810309e-01 1.416556823e-02 9.878158820e-01 1.193649338e+02 5.663154915e-02 9.981255923e-01 -2.319848513e-02 1.661700839e+00 -9.862929320e-01 5.953686882e-02 1.538883152e-01 4.157599400e+02
1.543036762e-01 1.159916191e-02 9.879553811e-01 1.205085251e+02 5.717346273e-02 9.981507076e-01 -2.064849035e-02 1.621692335e+00 -9.863678678e-01 5.967096813e-02 1.533551593e-01 4.159530178e+02
1.538962678e-01 7.348868125e-03 9.880596808e-01 1.216641048e+02 5.766904858e-02 9.982009339e-01 -1.640659839e-02 1.582103284e+00 -9.864026660e-01 5.950537599e-02 1.531955960e-01 4.161303182e+02
1.533122948e-01 4.839676716e-03 9.881659364e-01 1.228145091e+02 5.713623974e-02 9.982716485e-01 -1.375376299e-02 1.553330281e+00 -9.865246020e-01 5.856870681e-02 1.527707963e-01 4.163158673e+02
1.532654981e-01 4.463366202e-03 9.881749670e-01 1.239901889e+02 5.844025967e-02 9.981986365e-01 -1.357269918e-02 1.521347243e+00 -9.864554846e-01 5.982942817e-02 1.527285710e-01 4.164925577e+02
1.535322807e-01 7.479869077e-03 9.881153224e-01 1.251457550e+02 5.981724718e-02 9.980671270e-01 -1.684954119e-02 1.494646747e+00 -9.863314533e-01 6.169328697e-02 1.527880971e-01 4.166867124e+02
1.542616060e-01 1.141141557e-02 9.879641373e-01 1.263091433e+02 6.001924413e-02 9.979784272e-01 -2.089854355e-02 1.457652425e+00 -9.862053778e-01 6.252070364e-02 1.532648504e-01 4.168654188e+02
1.544201922e-01 1.454374620e-02 9.878982152e-01 1.274655171e+02 6.089374051e-02 9.978506363e-01 -2.420867772e-02 1.422195076e+00 -9.861269475e-01 6.389512623e-02 1.532026639e-01 4.170698978e+02
1.551172769e-01 1.628989619e-02 9.877617474e-01 1.286345567e+02 5.845771881e-02 9.979606082e-01 -2.563824417e-02 1.380043771e+00 -9.861649586e-01 6.171923310e-02 1.538486618e-01 4.172597300e+02
1.551912521e-01 1.527822708e-02 9.877662937e-01 1.298158424e+02 5.506238897e-02 9.981922560e-01 -2.409052546e-02 1.337363586e+00 -9.863487256e-01 5.812741069e-02 1.540694504e-01 4.174648982e+02
1.557610955e-01 1.349262751e-02 9.877026021e-01 1.310007421e+02 5.291088541e-02 9.983572603e-01 -2.198224452e-02 1.287375617e+00 -9.863766620e-01 5.568419769e-02 1.547913137e-01 4.176589046e+02
1.564743622e-01 1.503325648e-02 9.875676054e-01 1.321976829e+02 5.213454014e-02 9.983645179e-01 -2.345802824e-02 1.232275871e+00 -9.863051068e-01 5.515696298e-02 1.554346993e-01 4.178514416e+02
1.569811495e-01 1.758469785e-02 9.874450350e-01 1.333979117e+02 4.944532449e-02 9.984476366e-01 -2.564130964e-02 1.192522570e+00 -9.863630562e-01 5.284974243e-02 1.558679766e-01 4.180497248e+02
1.571312608e-01 1.726492791e-02 9.874268019e-01 1.345792503e+02 4.685658427e-02 9.985908211e-01 -2.491651295e-02 1.148470446e+00 -9.864655227e-01 5.018261025e-02 1.561008592e-01 4.182522854e+02
1.576274562e-01 1.605050120e-02 9.873682021e-01 1.357518723e+02 4.466579894e-02 9.987286947e-01 -2.336580450e-02 1.101532589e+00 -9.864879885e-01 4.778468192e-02 1.567101551e-01 4.184534053e+02
1.583383097e-01 1.579209751e-02 9.872586233e-01 1.369353926e+02 4.465868497e-02 9.987343141e-01 -2.313810163e-02 1.057346992e+00 -9.863744631e-01 4.775331974e-02 1.574326488e-01 4.186386683e+02
1.593183094e-01 1.375058561e-02 9.871314997e-01 1.381029183e+02 4.544986302e-02 9.987406298e-01 -2.124768977e-02 1.009634567e+00 -9.861805039e-01 4.825013746e-02 1.584927065e-01 4.188299310e+02
1.591711753e-01 1.034654053e-02 9.871967818e-01 1.392873585e+02 4.603851205e-02 9.987794393e-01 -1.789097811e-02 9.573237408e-01 -9.861769579e-01 4.829679895e-02 1.585005579e-01 4.190229859e+02
1.601248440e-01 8.141225468e-03 9.870631970e-01 1.404586173e+02 4.736610434e-02 9.987506983e-01 -1.592151824e-02 9.160089308e-01 -9.859596779e-01 4.930276900e-02 1.595391816e-01 4.192104750e+02
1.599370072e-01 8.593604214e-03 9.870898154e-01 1.416078570e+02 4.830512963e-02 9.986959775e-01 -1.652147107e-02 8.768273331e-01 -9.859446071e-01 5.032389613e-02 1.593133306e-01 4.194162618e+02
1.601607295e-01 8.963216053e-03 9.870502528e-01 1.427763252e+02 4.920659732e-02 9.986430349e-01 -1.705284787e-02 8.426686739e-01 -9.858637084e-01 5.130058088e-02 1.595023476e-01 4.196089700e+02
1.596063233e-01 9.967713918e-03 9.871304201e-01 1.439526061e+02 4.955314620e-02 9.986075460e-01 -1.809571405e-02 8.005924125e-01 -9.859362592e-01 5.180360841e-02 1.588901473e-01 4.198083316e+02
1.595280731e-01 1.121963886e-02 9.871296336e-01 1.451303216e+02 4.918001827e-02 9.986034826e-01 -1.929793549e-02 7.567395890e-01 -9.859676058e-01 5.162561589e-02 1.587535074e-01 4.200033327e+02
1.594988411e-01 1.102144049e-02 9.871365901e-01 1.463270301e+02 5.110237501e-02 9.985048721e-01 -1.940535059e-02 7.108360789e-01 -9.858745696e-01 5.354015514e-02 1.586971481e-01 4.201926215e+02
1.600639266e-01 9.299606721e-03 9.870628433e-01 1.474987997e+02 5.389855570e-02 9.983815147e-01 -1.814653447e-02 6.730823494e-01 -9.856340523e-01 5.610586720e-02 1.593036301e-01 4.203783819e+02
1.600690660e-01 9.226905166e-03 9.870626922e-01 1.486793374e+02 5.473092480e-02 9.983351144e-01 -1.820783177e-02 6.357510545e-01 -9.855873477e-01 5.693736461e-02 1.592975723e-01 4.205696535e+02
1.601596148e-01 8.886198102e-03 9.870511300e-01 1.498562258e+02 5.591140376e-02 9.982723934e-01 -1.805944453e-02 5.984906653e-01 -9.855063738e-01 5.807980795e-02 1.593860821e-01 4.207581034e+02
1.591068497e-01 8.824310429e-03 9.872219314e-01 1.510311359e+02 5.277273847e-02 9.984544240e-01 -1.742989636e-02 5.532783821e-01 -9.858499117e-01 5.487162070e-02 1.583952550e-01 4.209697469e+02
1.585947804e-01 8.725080015e-03 9.873052054e-01 1.522141939e+02 5.182019477e-02 9.985091925e-01 -1.714817761e-02 5.038441019e-01 -9.859829426e-01 5.388195951e-02 1.579062108e-01 4.211618404e+02
1.582243856e-01 1.023433380e-02 9.873501416e-01 1.533644225e+02 4.999034935e-02 9.985808981e-01 -1.836177642e-02 4.685758066e-01 -9.861369118e-01 5.226325931e-02 1.574882312e-01 4.213644936e+02
1.573078233e-01 1.238396099e-02 9.874719673e-01 1.545131830e+02 4.757319394e-02 9.986654414e-01 -2.010291949e-02 4.267882408e-01 -9.864030819e-01 5.013954192e-02 1.565087423e-01 4.215532890e+02
1.565032036e-01 1.401507491e-02 9.875780096e-01 1.556587008e+02 4.687568784e-02 9.986671469e-01 -2.160091657e-02 3.810004644e-01 -9.865644516e-01 4.967401114e-02 1.556376415e-01 4.217447441e+02
1.556597341e-01 1.488374747e-02 9.876985984e-01 1.568143471e+02 4.622390510e-02 9.986814008e-01 -2.233406283e-02 3.374021105e-01 -9.867286343e-01 4.913180056e-02 1.547664964e-01 4.219391039e+02
1.544743212e-01 1.281929454e-02 9.879136348e-01 1.579660464e+02 4.569551881e-02 9.987530750e-01 -2.010509157e-02 2.936116392e-01 -9.869395137e-01 4.824894645e-02 1.536959190e-01 4.221291624e+02
1.536296505e-01 1.095701457e-02 9.880677478e-01 1.591257670e+02 4.628252878e-02 9.987612666e-01 -1.827183461e-02 2.459281276e-01 -9.870440000e-01 4.853736954e-02 1.529322260e-01 4.223091874e+02
1.528610739e-01 1.072326411e-02 9.881895080e-01 1.602727429e+02 4.489398257e-02 9.988334614e-01 -1.778332724e-02 2.041244635e-01 -9.872274421e-01 4.708214105e-02 1.522013455e-01 4.224859651e+02
1.523055414e-01 1.253195221e-02 9.882540019e-01 1.614398674e+02 4.586850461e-02 9.987525439e-01 -1.973414379e-02 1.629812152e-01 -9.872685057e-01 4.833535270e-02 1.515407250e-01 4.226679294e+02
1.528960952e-01 1.479454576e-02 9.881315224e-01 1.625405424e+02 4.579392326e-02 9.987077711e-01 -2.203870576e-02 1.152192851e-01 -9.871806829e-01 4.862005116e-02 1.520210182e-01 4.228369797e+02
1.536196435e-01 1.458006193e-02 9.880224830e-01 1.636775934e+02 4.676321646e-02 9.986635333e-01 -2.200792510e-02 7.132049492e-02 -9.870229008e-01 4.958395885e-02 1.527325254e-01 4.230179506e+02
1.546181785e-01 1.199300261e-02 9.879015066e-01 1.648189119e+02 4.702474890e-02 9.987036819e-01 -1.948406471e-02 2.710567941e-02 -9.868545444e-01 4.946841088e-02 1.538537762e-01 4.232008052e+02
1.552481549e-01 9.352954648e-03 9.878312268e-01 1.659432696e+02 4.796583499e-02 9.987043979e-01 -1.699424342e-02 -9.336790617e-03 -9.867103370e-01 5.002047456e-02 1.545983928e-01 4.233851395e+02
1.560195246e-01 9.143759232e-03 9.877116480e-01 1.670456701e+02 4.897743515e-02 9.986555146e-01 -1.698157733e-02 -5.182579705e-02 -9.865389596e-01 5.102504081e-02 1.553619208e-01 4.235623984e+02
1.569392073e-01 1.019136444e-02 9.875556801e-01 1.681505922e+02 4.936112555e-02 9.986160741e-01 -1.814981840e-02 -9.225802711e-02 -9.863739476e-01 5.159527802e-02 1.562189578e-01 4.237363795e+02
1.576427502e-01 1.283132553e-02 9.874128419e-01 1.692642230e+02 4.997311615e-02 9.985307268e-01 -2.095412516e-02 -1.235850929e-01 -9.862309319e-01 5.264736256e-02 1.567699086e-01 4.239167010e+02
1.584697463e-01 1.494851527e-02 9.872506680e-01 1.703809949e+02 5.016930722e-02 9.984718956e-01 -2.317140977e-02 -1.569656607e-01 -9.860884241e-01 5.320164949e-02 1.574776314e-01 4.241021619e+02
1.590128856e-01 1.546222833e-02 9.871554192e-01 1.714918177e+02 5.256356882e-02 9.983266281e-01 -2.410424799e-02 -1.969366159e-01 -9.858762465e-01 5.572129784e-02 1.579340480e-01 4.242865524e+02
1.591215890e-01 1.506185868e-02 9.871440930e-01 1.726217831e+02 5.422807767e-02 9.982407722e-01 -2.397240636e-02 -2.408513007e-01 -9.857685507e-01 5.734545394e-02 1.580248823e-01 4.244862400e+02
1.598689922e-01 1.367539871e-02 9.870435091e-01 1.737290422e+02 5.399428186e-02 9.982859911e-01 -2.257648237e-02 -2.923537876e-01 -9.856604501e-01 5.690398492e-02 1.588565820e-01 4.246678982e+02
1.599434058e-01 1.061681862e-02 9.870690908e-01 1.748442515e+02 5.501862930e-02 9.982919025e-01 -1.965267801e-02 -3.403262720e-01 -9.855917296e-01 5.745050466e-02 1.590860841e-01 4.248611608e+02
1.605428893e-01 9.129186500e-03 9.869866456e-01 1.759582272e+02 5.460594004e-02 9.983436216e-01 -1.811641584e-02 -3.796639285e-01 -9.855172104e-01 5.680379533e-02 1.597784617e-01 4.250389858e+02
1.605452192e-01 8.779389440e-03 9.869894401e-01 1.770548889e+02 5.523168757e-02 9.983137439e-01 -1.786419166e-02 -4.167568934e-01 -9.854819599e-01 5.738110295e-02 1.597895984e-01 4.252228192e+02
1.610525480e-01 1.035361350e-02 9.868915237e-01 1.781708098e+02 5.633909874e-02 9.982179792e-01 -1.966651661e-02 -4.520449164e-01 -9.853364820e-01 5.876792160e-02 1.601822357e-01 4.254105582e+02
1.613776083e-01 1.236321015e-02 9.868152910e-01 1.792868482e+02 5.691074353e-02 9.981409755e-01 -2.181193027e-02 -4.972948350e-01 -9.852504427e-01 5.968034907e-02 1.603740039e-01 4.255948674e+02
1.616120106e-01 1.438590704e-02 9.867495142e-01 1.803957593e+02 5.696208186e-02 9.980906957e-01 -2.388062645e-02 -5.331869423e-01 -9.852090536e-01 6.006670266e-02 1.604839929e-01 4.257849317e+02
1.620527952e-01 1.429672933e-02 9.866785166e-01 1.814839443e+02 5.783712923e-02 9.980384556e-01 -2.396054411e-02 -5.805811566e-01 -9.850856603e-01 6.094952602e-02 1.609080397e-01 4.259606590e+02
1.627122170e-01 1.303411378e-02 9.865874753e-01 1.826008369e+02 6.037202248e-02 9.979076796e-01 -2.314048012e-02 -6.306334797e-01 -9.848248338e-01 6.332752006e-02 1.615848751e-01 4.261398705e+02
1.626460019e-01 1.468731390e-02 9.865751674e-01 1.836784138e+02 5.755427527e-02 9.980454684e-01 -2.434642655e-02 -6.899120859e-01 -9.850044586e-01 6.074146770e-02 1.614827874e-01 4.263187275e+02
1.617038446e-01 1.798279108e-02 9.866754714e-01 1.847981864e+02 5.617492234e-02 9.980449972e-01 -2.739637943e-02 -7.344816785e-01 -9.852391815e-01 5.985651787e-02 1.603775313e-01 4.265134081e+02
1.603820406e-01 1.871151556e-02 9.868776420e-01 1.859090776e+02 5.333796484e-02 9.981951794e-01 -2.759429854e-02 -7.909896837e-01 -9.856128360e-01 5.706367488e-02 1.590945457e-01 4.266937081e+02
1.587112881e-01 1.669186207e-02 9.871839285e-01 1.870146046e+02 5.001534020e-02 9.984374292e-01 -2.492319639e-02 -8.439967936e-01 -9.860573983e-01 5.332993263e-02 1.576284413e-01 4.268804566e+02
1.569633114e-01 1.542394774e-02 9.874839850e-01 1.881423701e+02 4.745404195e-02 9.986053405e-01 -2.314060835e-02 -8.907891360e-01 -9.864637007e-01 5.049233296e-02 1.560124723e-01 4.270682882e+02
1.558905123e-01 1.556493046e-02 9.876517003e-01 1.892585682e+02 4.602088200e-02 9.986756029e-01 -2.300257791e-02 -9.268812839e-01 -9.867016908e-01 4.903848601e-02 1.549677396e-01 4.272402532e+02
1.540819349e-01 1.588013988e-02 9.879304523e-01 1.903905316e+02 4.289810269e-02 9.988204959e-01 -2.274576293e-02 -9.817156850e-01 -9.871263901e-01 4.588505316e-02 1.532189668e-01 4.274240607e+02
1.518342312e-01 1.768920922e-02 9.882476704e-01 1.915016835e+02 4.122587323e-02 9.988564242e-01 -2.421303864e-02 -1.023548301e+00 -9.875458438e-01 4.441774128e-02 1.509313442e-01 4.276179059e+02
1.503218373e-01 1.946035164e-02 9.884455675e-01 1.926261075e+02 3.894330073e-02 9.989137236e-01 -2.558890613e-02 -1.062957484e+00 -9.878698115e-01 4.233990438e-02 1.494006959e-01 4.277914285e+02
1.482351875e-01 1.977233290e-02 9.887544610e-01 1.937607297e+02 3.839708623e-02 9.989311832e-01 -2.573237358e-02 -1.115434328e+00 -9.882064526e-01 4.177973352e-02 1.473175512e-01 4.279757287e+02
1.473663298e-01 1.964606659e-02 9.888868474e-01 1.948775272e+02 3.795014371e-02 9.989541833e-01 -2.550149581e-02 -1.155893820e+00 -9.883536571e-01 4.128645981e-02 1.464666406e-01 4.281483049e+02
1.472506327e-01 1.882148736e-02 9.889201195e-01 1.960132286e+02 3.961510184e-02 9.989044623e-01 -2.491021876e-02 -1.201261068e+00 -9.883055676e-01 4.284421672e-02 1.463436989e-01 4.283115224e+02
1.473181846e-01 1.749994026e-02 9.889343277e-01 1.971489176e+02 4.125557595e-02 9.988646154e-01 -2.382136709e-02 -1.243761105e+00 -9.882283794e-01 4.430837582e-02 1.464289517e-01 4.284867500e+02
1.480365414e-01 1.681490342e-02 9.888389360e-01 1.983067667e+02 4.373949137e-02 9.987657932e-01 -2.353183368e-02 -1.285802250e+00 -9.880141898e-01 4.673488338e-02 1.471183584e-01 4.286464909e+02
1.480653259e-01 1.704731597e-02 9.888306469e-01 1.994501343e+02 4.431135529e-02 9.987329636e-01 -2.385311553e-02 -1.326224480e+00 -9.879843941e-01 4.734824544e-02 1.471223320e-01 4.288211825e+02
1.483049810e-01 1.728177052e-02 9.887906619e-01 2.005600743e+02 4.599005577e-02 9.986450325e-01 -2.435187705e-02 -1.367165536e+00 -9.878717262e-01 4.908604235e-02 1.473092429e-01 4.289917043e+02
1.482014147e-01 1.522065305e-02 9.888400641e-01 2.016698048e+02 4.675843107e-02 9.986554973e-01 -2.237960948e-02 -1.418635652e+00 -9.878511982e-01 4.955329976e-02 1.472904636e-01 4.291742311e+02
1.484299900e-01 1.301164180e-02 9.888373148e-01 2.028165337e+02 4.662558030e-02 9.987093789e-01 -2.014030298e-02 -1.460307216e+00 -9.878231589e-01 4.909453860e-02 1.476317478e-01 4.293431056e+02
1.477190086e-01 1.334572511e-02 9.889393238e-01 2.039332069e+02 4.618451934e-02 9.987250832e-01 -2.037641880e-02 -1.509985372e+00 -9.879504465e-01 4.868367170e-02 1.469143132e-01 4.295247724e+02
1.473495842e-01 1.561380410e-02 9.889612273e-01 2.050106838e+02 4.695938350e-02 9.986373970e-01 -2.276325269e-02 -1.566379093e+00 -9.879690867e-01 4.979516536e-02 1.464155906e-01 4.297037004e+02
1.475960750e-01 1.827379724e-02 9.888788940e-01 2.061034987e+02 4.757987297e-02 9.985405114e-01 -2.555391716e-02 -1.614064674e+00 -9.879026037e-01 5.082239003e-02 1.465111953e-01 4.298722175e+02
1.477714708e-01 1.890228676e-02 9.888408851e-01 2.072318584e+02 4.823939249e-02 9.984896111e-01 -2.629557832e-02 -1.671082503e+00 -9.878443974e-01 5.158681985e-02 1.466364436e-01 4.300409123e+02
1.483441569e-01 1.847749297e-02 9.887631634e-01 2.083923899e+02 4.887246621e-02 9.984667953e-01 -2.599116648e-02 -1.722513339e+00 -9.877274387e-01 5.217893198e-02 1.472136743e-01 4.302074532e+02
1.481301780e-01 1.673530028e-02 9.888262638e-01 2.095190885e+02 4.721812373e-02 9.985968606e-01 -2.397412798e-02 -1.767833856e+00 -9.878400170e-01 5.024181272e-02 1.471321213e-01 4.303895515e+02
1.483949156e-01 1.585046508e-02 9.888011488e-01 2.106404589e+02 4.559458749e-02 9.986986186e-01 -2.285175596e-02 -1.826531642e+00 -9.878765523e-01 4.847506489e-02 1.474791018e-01 4.305776592e+02
1.492737787e-01 1.678750666e-02 9.886533865e-01 2.117651685e+02 4.520158666e-02 9.986947442e-01 -2.378286125e-02 -1.878856579e+00 -9.877621959e-01 4.823885930e-02 1.483201163e-01 4.307492529e+02
1.505164626e-01 1.862903207e-02 9.884319671e-01 2.128734428e+02 4.335036620e-02 9.987363707e-01 -2.542454766e-02 -1.917176722e+00 -9.876565902e-01 4.667570072e-02 1.495186903e-01 4.309262703e+02
1.513309526e-01 1.902382353e-02 9.883000743e-01 2.139871064e+02 4.125483278e-02 9.988220929e-01 -2.554340431e-02 -1.963230084e+00 -9.876218819e-01 4.463766201e-02 1.503678742e-01 4.311135951e+02
1.519761207e-01 1.834536781e-02 9.882138970e-01 2.150887486e+02 4.015954992e-02 9.988874571e-01 -2.471959814e-02 -2.015529523e+00 -9.875679568e-01 4.344301395e-02 1.510702990e-01 4.312981153e+02
1.528514836e-01 1.848004287e-02 9.880763695e-01 2.162336160e+02 4.019650475e-02 9.988814807e-01 -2.490037079e-02 -2.058985291e+00 -9.874313470e-01 4.352327509e-02 1.519376831e-01 4.314827437e+02
1.539866486e-01 1.831241387e-02 9.879032177e-01 2.173113259e+02 4.002684826e-02 9.988919023e-01 -2.475518017e-02 -2.111276240e+00 -9.872618515e-01 4.335461942e-02 1.530830281e-01 4.316463031e+02
1.552321263e-01 1.720621385e-02 9.877281677e-01 2.184036120e+02 4.248488702e-02 9.988069747e-01 -2.407616440e-02 -2.154380974e+00 -9.869640426e-01 4.570091381e-02 1.543159264e-01 4.318239404e+02
1.569693888e-01 1.543356240e-02 9.874828688e-01 2.195096757e+02 4.457843976e-02 9.987480485e-01 -2.269577679e-02 -2.201055178e+00 -9.865968648e-01 4.758298779e-02 1.560848666e-01 4.319992190e+02
1.583986376e-01 1.382232105e-02 9.872784891e-01 2.206301653e+02 4.604217376e-02 9.987109032e-01 -2.136937103e-02 -2.235803817e+00 -9.863011659e-01 4.884132701e-02 1.575580368e-01 4.321807723e+02
1.596027875e-01 1.351811478e-02 9.870887553e-01 2.217417443e+02 4.718925608e-02 9.986587016e-01 -2.130661469e-02 -2.280869377e+00 -9.860528000e-01 4.998057914e-02 1.587508028e-01 4.323613632e+02
1.602916569e-01 1.490642418e-02 9.869571334e-01 2.228121510e+02 4.723595461e-02 9.986245589e-01 -2.275423110e-02 -2.325914283e+00 -9.859388162e-01 5.026717576e-02 1.593670660e-01 4.325516134e+02
1.615669001e-01 1.545261846e-02 9.867407731e-01 2.239120043e+02 4.793909510e-02 9.985740764e-01 -2.348737970e-02 -2.359385307e+00 -9.856966977e-01 5.109824289e-02 1.605957335e-01 4.327348996e+02
1.621770970e-01 1.567121247e-02 9.866372192e-01 2.249820215e+02 4.941644136e-02 9.984902942e-01 -2.398223794e-02 -2.398859217e+00 -9.855235180e-01 5.264547001e-02 1.611578417e-01 4.329313545e+02
1.628224982e-01 1.666602674e-02 9.865146110e-01 2.260729453e+02 5.294417830e-02 9.982692036e-01 -2.560295036e-02 -2.446131032e+00 -9.852338545e-01 5.639894180e-02 1.616583165e-01 4.331179533e+02
1.633816179e-01 1.762901927e-02 9.864054261e-01 2.271819724e+02 5.483322105e-02 9.981325501e-01 -2.692081534e-02 -2.490888635e+00 -9.850379510e-01 5.848615313e-02 1.621098550e-01 4.333102681e+02
1.641177161e-01 1.626361649e-02 9.863066815e-01 2.282742248e+02 5.586433933e-02 9.981061654e-01 -2.575379864e-02 -2.537795790e+00 -9.848576297e-01 5.932602575e-02 1.628983481e-01 4.334999659e+02
1.647081914e-01 1.554965365e-02 9.862197625e-01 2.294133877e+02 5.446709515e-02 9.982066667e-01 -2.483517934e-02 -2.588097744e+00 -9.848373202e-01 5.780708312e-02 1.635658702e-01 4.336886690e+02
1.649655429e-01 1.477908933e-02 9.861885967e-01 2.305273016e+02 5.276330030e-02 9.983237020e-01 -2.378697313e-02 -2.641063934e+00 -9.848870005e-01 5.595859602e-02 1.639092179e-01 4.338726244e+02
1.643777598e-01 1.635507392e-02 9.862618636e-01 2.316271373e+02 5.053383595e-02 9.984099296e-01 -2.497887007e-02 -2.688494276e+00 -9.851021691e-01 5.394556593e-02 1.632899030e-01 4.340648219e+02
1.630205020e-01 1.859514779e-02 9.864474322e-01 2.327133490e+02 4.847317917e-02 9.984640082e-01 -2.683235511e-02 -2.734417038e+00 -9.854312086e-01 5.219046712e-02 1.618687379e-01 4.342612226e+02
1.633447203e-01 1.792840342e-02 9.864061408e-01 2.338140456e+02 5.071281919e-02 9.983604820e-01 -2.654350947e-02 -2.793707841e+00 -9.852647930e-01 5.435917840e-02 1.621677138e-01 4.344331118e+02
1.630223294e-01 1.475557462e-02 9.865120340e-01 2.349183258e+02 5.175239910e-02 9.983837590e-01 -2.348529152e-02 -2.850721465e+00 -9.852641318e-01 5.488299143e-02 1.619952096e-01 4.346102436e+02
1.619294558e-01 1.552822696e-02 9.866801536e-01 2.360189051e+02 5.014318170e-02 9.984550081e-01 -2.394280863e-02 -2.888262326e+00 -9.855275301e-01 5.335232820e-02 1.609006414e-01 4.347977900e+02
1.607655739e-01 1.716105251e-02 9.868434164e-01 2.371018650e+02 5.083231370e-02 9.983779491e-01 -2.564267246e-02 -2.937948547e+00 -9.856827614e-01 5.428599307e-02 1.596324680e-01 4.349810745e+02
1.591367104e-01 1.942755616e-02 9.870653866e-01 2.381768150e+02 4.876496892e-02 9.984312690e-01 -2.751324953e-02 -2.987864270e+00 -9.860514617e-01 5.251258092e-02 1.579396835e-01 4.351653299e+02
1.581978870e-01 2.091315200e-02 9.871859342e-01 2.392389675e+02 4.713257362e-02 9.984760994e-01 -2.870538873e-02 -3.027018346e+00 -9.862818811e-01 5.106974556e-02 1.569711185e-01 4.353439513e+02
1.573643263e-01 1.984577972e-02 9.873411841e-01 2.403330063e+02 4.651417245e-02 9.985394536e-01 -2.748438523e-02 -3.072812579e+00 -9.864445755e-01 5.025041987e-02 1.562113784e-01 4.355179541e+02
1.561339027e-01 1.685407118e-02 9.875920943e-01 2.414205811e+02 4.825517800e-02 9.985303427e-01 -2.466966968e-02 -3.120717971e+00 -9.865564567e-01 5.150820411e-02 1.550911431e-01 4.356930117e+02
1.548251505e-01 1.609957558e-02 9.878106987e-01 2.424900333e+02 4.790135817e-02 9.985688959e-01 -2.378276570e-02 -3.169313553e+00 -9.867799312e-01 5.099964437e-02 1.538323881e-01 4.358661235e+02
1.534644840e-01 1.702928314e-02 9.880074168e-01 2.435753385e+02 4.983543679e-02 9.984457555e-01 -2.495000002e-02 -3.196598438e+00 -9.868966924e-01 5.306672005e-02 1.523773009e-01 4.360349955e+02
1.520933857e-01 1.695993508e-02 9.882206042e-01 2.446462986e+02 4.895988959e-02 9.984959917e-01 -2.467151814e-02 -3.236607230e+00 -9.871527396e-01 5.213554640e-02 1.510342794e-01 4.362028394e+02
1.505657252e-01 1.526625209e-02 9.884821212e-01 2.457317712e+02 5.093918658e-02 9.984327386e-01 -2.317899429e-02 -3.284029808e+00 -9.872867677e-01 5.384243729e-02 1.495520989e-01 4.363692993e+02
1.495022332e-01 1.461453658e-02 9.886533759e-01 2.468223489e+02 5.132355223e-02 9.984281342e-01 -2.252007701e-02 -3.317477864e+00 -9.874284659e-01 5.410800497e-02 1.485171658e-01 4.365243432e+02
1.485902752e-01 1.637488779e-02 9.887632645e-01 2.479689298e+02 5.281272481e-02 9.983045916e-01 -2.446954074e-02 -3.346738495e+00 -9.874875929e-01 5.585521798e-02 1.474735515e-01 4.366999878e+02
1.475773046e-01 1.832659164e-02 9.888807184e-01 2.490032204e+02 5.465248905e-02 9.981496089e-01 -2.665452649e-02 -3.413786830e+00 -9.875393889e-01 5.797839580e-02 1.463026351e-01 4.368630201e+02
1.468577550e-01 2.030555784e-02 9.889491818e-01 2.501100927e+02 5.666913190e-02 9.979744701e-01 -2.890616661e-02 -3.456311321e+00 -9.875329915e-01 6.028798636e-02 1.454095919e-01 4.370286469e+02
1.466344551e-01 2.123199125e-02 9.889628603e-01 2.511919712e+02 5.866296714e-02 9.978233451e-01 -3.012022994e-02 -3.501700344e+00 -9.874497419e-01 6.243215929e-02 1.450697509e-01 4.371890206e+02
1.460960877e-01 1.975550028e-02 9.890731284e-01 2.522710619e+02 5.874014495e-02 9.978633180e-01 -2.860758584e-02 -3.555440321e+00 -9.875249508e-01 6.227775530e-02 1.446234858e-01 4.373512139e+02
1.460281786e-01 1.856544538e-02 9.891062103e-01 2.533579224e+02 5.881347499e-02 9.978925202e-01 -2.741337929e-02 -3.605399745e+00 -9.875306305e-01 6.217589921e-02 1.446285288e-01 4.375092170e+02
1.456470233e-01 1.813384916e-02 9.891704141e-01 2.544584044e+02 5.809109889e-02 9.979501976e-01 -2.684822919e-02 -3.656720522e+00 -9.876296719e-01 6.137236101e-02 1.442950605e-01 4.376763733e+02
1.448635556e-01 1.818063876e-02 9.892845974e-01 2.555315354e+02 5.557087261e-02 9.981035430e-01 -2.648009908e-02 -3.707317953e+00 -9.878898868e-01 5.881140965e-02 1.435785141e-01 4.378432571e+02
1.442989344e-01 1.909147527e-02 9.893499548e-01 2.565881227e+02 5.276734500e-02 9.982428575e-01 -2.695931844e-02 -3.757339245e+00 -9.881262191e-01 5.609557131e-02 1.430379742e-01 4.380132574e+02
1.441588385e-01 2.108426954e-02 9.893299161e-01 2.576614280e+02 5.146452890e-02 9.982602256e-01 -2.877367187e-02 -3.797376019e+00 -9.882153771e-01 5.506337718e-02 1.428229427e-01 4.381730517e+02
1.439126271e-01 2.309588775e-02 9.893208457e-01 2.587250044e+02 5.165136166e-02 9.981896028e-01 -3.081645182e-02 -3.837041622e+00 -9.882415153e-01 5.553464534e-02 1.424591541e-01 4.383348823e+02
1.440577908e-01 2.287825462e-02 9.893047753e-01 2.598179610e+02 5.181954580e-02 9.981866442e-01 -3.062936544e-02 -3.895837272e+00 -9.882115601e-01 5.567772283e-02 1.426110221e-01 4.384894337e+02
1.442241865e-01 2.135902075e-02 9.893144982e-01 2.609204080e+02 5.176526431e-02 9.982352731e-01 -2.909805840e-02 -3.948310007e+00 -9.881901343e-01 5.540877029e-02 1.428640149e-01 4.386437760e+02
1.440356524e-01 2.010564835e-02 9.893682296e-01 2.620186760e+02 5.118127547e-02 9.983040914e-01 -2.773838758e-02 -3.997765470e+00 -9.882480498e-01 5.463244465e-02 1.427623483e-01 4.388078937e+02
1.440988009e-01 1.824404107e-02 9.893951135e-01 2.630718248e+02 4.980180530e-02 9.984293380e-01 -2.566392934e-02 -4.049584102e+00 -9.883093219e-01 5.297180425e-02 1.429638842e-01 4.389663714e+02
1.442112604e-01 1.604753650e-02 9.894167923e-01 2.640982900e+02 4.996691396e-02 9.984748985e-01 -2.347731937e-02 -4.092192493e+00 -9.882845845e-01 5.282379755e-02 1.431894777e-01 4.391154590e+02
1.443297705e-01 1.648104821e-02 9.893923855e-01 2.651492397e+02 5.024106216e-02 9.984496526e-01 -2.396094631e-02 -4.137820718e+00 -9.882533850e-01 5.316640222e-02 1.432779839e-01 4.392671274e+02
1.450958077e-01 2.026110166e-02 9.892101366e-01 2.662156148e+02 5.141845318e-02 9.982849099e-01 -2.798895100e-02 -4.182506586e+00 -9.880806390e-01 5.492473455e-02 1.438051608e-01 4.394052488e+02
1.448000096e-01 2.266449402e-02 9.892013334e-01 2.672338042e+02 5.216553537e-02 9.981723983e-01 -3.050606722e-02 -4.233992983e+00 -9.880848719e-01 5.601949597e-02 1.433530674e-01 4.395645382e+02
1.448951847e-01 2.138605613e-02 9.892158622e-01 2.683075330e+02 5.565022807e-02 9.980076797e-01 -2.972748362e-02 -4.284117093e+00 -9.878807810e-01 5.935745757e-02 1.434163682e-01 4.397217321e+02
1.449786825e-01 1.931151443e-02 9.892463025e-01 2.693537841e+02 5.723295896e-02 9.979717799e-01 -2.786960673e-02 -4.337215512e+00 -9.877780976e-01 6.065799190e-02 1.435793787e-01 4.398776261e+02
1.443220812e-01 1.804447080e-02 9.893662284e-01 2.704043359e+02 5.857591349e-02 9.979246241e-01 -2.674522207e-02 -4.384768167e+00 -9.877955250e-01 6.181295671e-02 1.429655873e-01 4.400357293e+02
1.436556800e-01 1.650639041e-02 9.894900630e-01 2.714294125e+02 5.912666949e-02 9.979315698e-01 -2.523130948e-02 -4.433663132e+00 -9.878598497e-01 6.212987283e-02 1.423825703e-01 4.401958700e+02
1.440233746e-01 1.746777573e-02 9.894201051e-01 2.724494005e+02 6.051368534e-02 9.978175354e-01 -2.642460767e-02 -4.473668407e+00 -9.877223099e-01 6.367921808e-02 1.426520092e-01 4.403393041e+02
1.438036325e-01 1.888473960e-02 9.894260366e-01 2.734784885e+02 6.211690407e-02 9.976740702e-01 -2.807026542e-02 -4.518217613e+00 -9.876548008e-01 6.549668833e-02 1.422960937e-01 4.404939988e+02
1.439670397e-01 1.807549924e-02 9.894173881e-01 2.744915203e+02 6.325463003e-02 9.976204102e-01 -2.742934289e-02 -4.576579758e+00 -9.875587796e-01 6.653415213e-02 1.424810982e-01 4.406441971e+02
1.448783995e-01 1.681176928e-02 9.893066328e-01 2.755283995e+02 6.442487654e-02 9.975736394e-01 -2.638691584e-02 -4.623460455e+00 -9.873498289e-01 6.755885181e-02 1.434437761e-01 4.407875813e+02
1.452093895e-01 1.673367816e-02 9.892594287e-01 2.765450215e+02 6.580524574e-02 9.974796850e-01 -2.653201255e-02 -4.670123419e+00 -9.872101614e-01 6.895115715e-02 1.437422523e-01 4.409420945e+02
1.466795301e-01 1.835093568e-02 9.890138313e-01 2.775822489e+02 6.569785158e-02 9.974395630e-01 -2.825084785e-02 -4.716066316e+00 -9.869999533e-01 6.911990499e-02 1.450983494e-01 4.410906098e+02
1.482382534e-01 1.931011195e-02 9.887631363e-01 2.785869589e+02 6.396192125e-02 9.975288313e-01 -2.907065994e-02 -4.764889451e+00 -9.868810936e-01 6.755257372e-02 1.466368198e-01 4.412453001e+02
1.505418260e-01 2.107514657e-02 9.883789743e-01 2.795791029e+02 6.339538377e-02 9.975092112e-01 -3.092569799e-02 -4.818495717e+00 -9.865688947e-01 6.731427543e-02 1.488307911e-01 4.413946108e+02
1.552957946e-01 2.309670365e-02 9.875979741e-01 2.805817491e+02 6.407240013e-02 9.973861428e-01 -3.340074334e-02 -4.865592818e+00 -9.857879811e-01 6.846476755e-02 1.534100124e-01 4.415460513e+02
1.624890425e-01 2.145714498e-02 9.864770154e-01 2.815689913e+02 6.621358266e-02 9.972728329e-01 -3.259843757e-02 -4.919804578e+00 -9.844861972e-01 7.061506632e-02 1.606251533e-01 4.417079776e+02
1.731290037e-01 1.910128622e-02 9.847139122e-01 2.825427539e+02 6.595993772e-02 9.973423741e-01 -3.094309938e-02 -4.968997560e+00 -9.826879640e-01 7.030881629e-02 1.714089720e-01 4.418798130e+02
1.860398123e-01 1.790950402e-02 9.823789686e-01 2.835311948e+02 6.691975599e-02 9.972811853e-01 -3.085423366e-02 -5.016891420e+00 -9.802606462e-01 7.148067671e-02 1.843355049e-01 4.420670108e+02
2.007734066e-01 1.969810178e-02 9.794396480e-01 2.845038787e+02 6.559015372e-02 9.972840798e-01 -3.350217849e-02 -5.059606294e+00 -9.774394973e-01 7.096794358e-02 1.989361205e-01 4.422735969e+02
2.174441350e-01 1.897206297e-02 9.758883691e-01 2.854613715e+02 6.716009285e-02 9.971507473e-01 -3.434980488e-02 -5.110753091e+00 -9.737595032e-01 7.300991709e-02 2.155504162e-01 4.424868863e+02
2.357613420e-01 1.846988602e-02 9.716354527e-01 2.863892759e+02 6.570158032e-02 9.972288598e-01 -3.489847559e-02 -5.156647644e+00 -9.695874855e-01 7.206569617e-02 2.338945136e-01 4.427358864e+02
2.562019751e-01 1.685896945e-02 9.664762403e-01 2.873395976e+02 6.530274883e-02 9.972617383e-01 -3.470700780e-02 -5.204686676e+00 -9.644148998e-01 7.200555912e-02 2.543994900e-01 4.429932674e+02
2.780340214e-01 1.553679213e-02 9.604455690e-01 2.882597933e+02 6.426341737e-02 9.973282187e-01 -3.473668749e-02 -5.259993673e+00 -9.584191652e-01 7.137949538e-02 2.762927279e-01 4.432662666e+02
2.999339110e-01 1.288728287e-02 9.538729302e-01 2.891768958e+02 6.389488847e-02 9.973919749e-01 -3.356622805e-02 -5.316965416e+00 -9.518177831e-01 7.101525455e-02 2.983282443e-01 4.435706297e+02
3.225294668e-01 1.259328820e-02 9.464756479e-01 2.900311987e+02 6.092070726e-02 9.975622432e-01 -3.403290103e-02 -5.364833985e+00 -9.445969566e-01 6.863657930e-02 3.209760264e-01 4.438504538e+02
3.461338891e-01 1.270331140e-02 9.380991188e-01 2.909233220e+02 6.019282102e-02 9.975475206e-01 -3.571790161e-02 -5.416593221e+00 -9.362521856e-01 6.883000855e-02 3.445203547e-01 4.441870568e+02
3.703115734e-01 1.413700306e-02 9.288000235e-01 2.917748240e+02 5.840925704e-02 9.975511661e-01 -3.847115294e-02 -5.470376434e+00 -9.270694134e-01 6.849683249e-02 3.685790100e-01 4.445266119e+02
3.941346409e-01 1.420253577e-02 9.189429649e-01 2.926363783e+02 5.685237534e-02 9.975888968e-01 -3.980201593e-02 -5.526475312e+00 -9.172925881e-01 6.793144361e-02 3.923768937e-01 4.449124420e+02
4.181530308e-01 1.416528102e-02 9.082661436e-01 2.934738505e+02 5.296004614e-02 9.977974427e-01 -3.994367205e-02 -5.570600451e+00 -9.068314487e-01 6.480438441e-02 4.164818308e-01 4.452787548e+02
4.414552977e-01 1.335367230e-02 8.971838717e-01 2.943129790e+02 5.019586656e-02 9.979559096e-01 -3.955221279e-02 -5.611176124e+00 -8.958781140e-01 6.249545578e-02 4.398826240e-01 4.456731724e+02
4.639540537e-01 1.324519846e-02 8.857602389e-01 2.951150346e+02 4.779152586e-02 9.980578079e-01 -3.995725293e-02 -5.659564435e+00 -8.845691641e-01 6.087016283e-02 4.624199576e-01 4.460812081e+02
4.857844692e-01 1.315791362e-02 8.739795872e-01 2.959197734e+02 4.664047625e-02 9.980720091e-01 -4.095034347e-02 -5.727514290e+00 -8.728333836e-01 6.065586504e-02 4.842341898e-01 4.465456937e+02
5.062530635e-01 1.516894575e-02 8.622515519e-01 2.967473128e+02 4.369127260e-02 9.981101369e-01 -4.321142599e-02 -5.773519378e+00 -8.612774863e-01 5.954878439e-02 5.046335640e-01 4.470620771e+02
5.260628574e-01 1.636450407e-02 8.502882294e-01 2.975582646e+02 4.109739862e-02 9.981575815e-01 -4.463682719e-02 -5.827544200e+00 -8.494521021e-01 5.842641117e-02 5.244210909e-01 4.475279396e+02
5.425999952e-01 1.791347801e-02 8.398001861e-01 2.983438466e+02 3.683304703e-02 9.983035570e-01 -4.509251199e-02 -5.893478172e+00 -8.391832767e-01 5.539959654e-02 5.410196973e-01 4.480566636e+02
5.572338821e-01 1.828214150e-02 8.301543013e-01 2.991274453e+02 3.426760332e-02 9.983995723e-01 -4.498916867e-02 -5.946971557e+00 -8.296481977e-01 5.351688740e-02 5.557155844e-01 4.485989964e+02
5.710760588e-01 1.758872924e-02 8.207087009e-01 2.999036844e+02 3.132324030e-02 9.985754500e-01 -4.319635675e-02 -5.999185087e+00 -8.202993293e-01 5.037566102e-02 5.697115964e-01 4.491550839e+02
5.830788843e-01 1.580089205e-02 8.122618706e-01 3.006713537e+02 2.960153361e-02 9.987337368e-01 -4.067766117e-02 -6.046833850e+00 -8.118760767e-01 4.776248235e-02 5.818728223e-01 4.497516870e+02
5.952579742e-01 1.536812844e-02 8.033876802e-01 3.014066251e+02 2.761101050e-02 9.988354496e-01 -3.956484078e-02 -6.092906469e+00 -8.030601324e-01 4.573363265e-02 5.941404368e-01 4.502905672e+02
6.059882173e-01 1.743907141e-02 7.952824400e-01 3.021725681e+02 2.449325304e-02 9.988765746e-01 -4.056684901e-02 -6.152761158e+00 -7.950964477e-01 4.406208655e-02 6.048802951e-01 4.508726150e+02
6.143356690e-01 2.085189496e-02 7.887692212e-01 3.029201940e+02 2.048594138e-02 9.988922693e-01 -4.236225283e-02 -6.200436845e+00 -7.887788106e-01 4.218332296e-02 6.132279798e-01 4.514683023e+02
6.192375955e-01 2.295119264e-02 7.848681692e-01 3.036388080e+02 1.643124085e-02 9.989750792e-01 -4.217588744e-02 -6.253322709e+00 -7.850317284e-01 3.901325305e-02 6.182258094e-01 4.520526831e+02
6.211741349e-01 2.500698802e-02 7.832734801e-01 3.044155246e+02 1.261262668e-02 9.990422765e-01 -4.189810653e-02 -6.307047912e+00 -7.835710662e-01 3.590515607e-02 6.202638181e-01 4.527035906e+02
6.215495629e-01 2.615609284e-02 7.829380561e-01 3.051988210e+02 1.107670443e-02 9.990490767e-01 -4.216928906e-02 -6.356497229e+00 -7.832965259e-01 3.488267661e-02 6.206687936e-01 4.533408902e+02
6.214395466e-01 2.636156169e-02 7.830184915e-01 3.059530942e+02 1.136125997e-02 9.990254492e-01 -4.265059844e-02 -6.414553823e+00 -7.833797366e-01 3.540084520e-02 6.205344216e-01 4.539276257e+02
6.199890500e-01 2.634775467e-02 7.841679500e-01 3.067092116e+02 1.072240304e-02 9.990581606e-01 -4.204547226e-02 -6.464530939e+00 -7.845371935e-01 3.447589721e-02 6.191226086e-01 4.545440318e+02
6.165180294e-01 2.941298085e-02 7.867912023e-01 3.074514030e+02 8.042238266e-03 9.990145840e-01 -4.364840585e-02 -6.523237229e+00 -7.872997154e-01 3.323759148e-02 6.156739565e-01 4.551372256e+02
6.115185245e-01 3.118032348e-02 7.906155081e-01 3.082099437e+02 6.859915958e-03 9.989767400e-01 -4.470363056e-02 -6.581414807e+00 -7.912003765e-01 3.276065414e-02 6.106788877e-01 4.557241806e+02
6.036142541e-01 3.283171837e-02 7.966002200e-01 3.089387102e+02 4.269184517e-03 9.990043256e-01 -4.440868633e-02 -6.648981161e+00 -7.972650791e-01 3.020654940e-02 6.028730862e-01 4.563036945e+02
5.935734188e-01 3.293521874e-02 8.041056323e-01 3.097291081e+02 2.505279295e-03 9.990817800e-01 -4.277055498e-02 -6.694233584e+00 -8.047759440e-01 2.740197373e-02 5.929458759e-01 4.568992556e+02
5.812481335e-01 3.370402072e-02 8.130280722e-01 3.105095709e+02 9.365741514e-04 9.991134790e-01 -4.208775138e-02 -6.748920595e+00 -8.137258323e-01 2.522488801e-02 5.807012786e-01 4.574596173e+02
5.671152327e-01 3.414277551e-02 8.229304853e-01 3.113177257e+02 5.190035085e-04 9.991254181e-01 -4.181063926e-02 -6.801832739e+00 -8.236382965e-01 2.413855422e-02 5.666015238e-01 4.579991193e+02
5.511945372e-01 3.425847877e-02 8.336731606e-01 3.121168796e+02 5.421707701e-06 9.991565863e-01 -4.106234281e-02 -6.848726136e+00 -8.343767627e-01 2.263785898e-02 5.507294664e-01 4.585232330e+02
5.344142336e-01 3.537678219e-02 8.444820367e-01 3.128977629e+02 1.329469648e-04 9.991201656e-01 -4.193896814e-02 -6.908747988e+00 -8.452226980e-01 2.252505284e-02 5.339393343e-01 4.590206615e+02
5.167255619e-01 3.954400819e-02 8.552373735e-01 3.136942479e+02 1.182670009e-03 9.988988374e-01 -4.690110708e-02 -6.977888646e+00 -8.561502759e-01 2.524646450e-02 5.161097956e-01 4.595055024e+02
4.981915592e-01 4.565103822e-02 8.658643964e-01 3.145120844e+02 3.686211740e-03 9.984924926e-01 -5.476453209e-02 -7.034971460e+00 -8.670591572e-01 3.047498713e-02 4.972722524e-01 4.599647185e+02
4.778093671e-01 5.080493100e-02 8.769931971e-01 3.153228418e+02 5.453100382e-03 9.981354508e-01 -6.079379558e-02 -7.110501145e+00 -8.784466247e-01 3.383017692e-02 4.766414236e-01 4.603985111e+02
4.556091829e-01 4.969583956e-02 8.887916493e-01 3.161387047e+02 7.524681193e-03 9.981897970e-01 -5.966999565e-02 -7.175406933e+00 -8.901481065e-01 3.387407177e-02 4.544104925e-01 4.608104520e+02
4.327397143e-01 4.070100783e-02 9.005996711e-01 3.169787245e+02 1.273932879e-02 9.986045264e-01 -5.125143349e-02 -7.234697438e+00 -9.014288930e-01 3.365156600e-02 4.316173339e-01 4.612172736e+02
4.102249444e-01 3.108022569e-02 9.114546146e-01 3.178306877e+02 1.730936362e-02 9.989737399e-01 -4.185514168e-02 -7.302901918e+00 -9.118200924e-01 3.294672252e-02 4.092659680e-01 4.615884954e+02
3.868918887e-01 2.875816772e-02 9.216765345e-01 3.186794016e+02 2.221901250e-02 9.989326420e-01 -4.049558253e-02 -7.355501340e+00 -9.218573544e-01 3.614615485e-02 3.858399585e-01 4.619411501e+02
3.641119728e-01 3.382316960e-02 9.307408149e-01 3.195376717e+02 2.338806231e-02 9.986931519e-01 -4.544212598e-02 -7.406403299e+00 -9.310614748e-01 3.831424631e-02 3.628450754e-01 4.622577414e+02
3.408329829e-01 3.862323597e-02 9.393301461e-01 3.203993049e+02 2.550778802e-02 9.984079712e-01 -5.030780961e-02 -7.458048320e+00 -9.397777559e-01 4.110679506e-02 3.393051737e-01 4.625586943e+02
3.167945253e-01 4.101949999e-02 9.476067905e-01 3.212730966e+02 2.665544529e-02 9.982847957e-01 -5.212440730e-02 -7.517764298e+00 -9.481195684e-01 4.177160783e-02 3.151577649e-01 4.628523302e+02
2.923514586e-01 4.103839510e-02 9.554299947e-01 3.221895477e+02 2.953877961e-02 9.982145701e-01 -5.191466617e-02 -7.575380331e+00 -9.558546360e-01 4.339956442e-02 2.906172615e-01 4.631336456e+02
2.686369183e-01 4.056461428e-02 9.623869898e-01 3.230741561e+02 3.071882191e-02 9.982438876e-01 -5.065071372e-02 -7.642195283e+00 -9.627515568e-01 4.317004619e-02 2.669190645e-01 4.633797611e+02
2.446568936e-01 3.995723493e-02 9.687860568e-01 3.239798588e+02 3.565267010e-02 9.981041239e-01 -5.017016104e-02 -7.711949108e+00 -9.689540193e-01 4.681428543e-02 2.427684723e-01 4.636329687e+02
2.230507952e-01 4.106356991e-02 9.739415414e-01 3.249044914e+02 4.017334345e-02 9.978763278e-01 -5.127316007e-02 -7.776057291e+00 -9.739786678e-01 5.056300717e-02 2.209274475e-01 4.638438383e+02
2.032509738e-01 4.315571587e-02 9.781751509e-01 3.258187086e+02 4.491495794e-02 9.975655749e-01 -5.334388776e-02 -7.834477805e+00 -9.780959504e-01 5.477689289e-02 2.008178374e-01 4.640162563e+02
1.849737708e-01 4.430385787e-02 9.817443009e-01 3.267690532e+02 4.913101879e-02 9.973172053e-01 -5.426356891e-02 -7.884813319e+00 -9.815145680e-01 5.827143465e-02 1.823008304e-01 4.641752040e+02
1.672456473e-01 4.276029149e-02 9.849875385e-01 3.277004795e+02 5.090538187e-02 9.973519062e-01 -5.194051678e-02 -7.953538810e+00 -9.846001907e-01 5.882799213e-02 1.646260361e-01 4.643254401e+02
1.506971967e-01 4.194805313e-02 9.876895847e-01 3.286440658e+02 5.289069990e-02 9.973262635e-01 -5.042715451e-02 -8.024298377e+00 -9.871640840e-01 5.983882424e-02 1.480756102e-01 4.644578903e+02
1.348062907e-01 4.363534011e-02 9.899107137e-01 3.295750190e+02 5.475640733e-02 9.971752659e-01 -5.141230350e-02 -8.078426696e+00 -9.893578725e-01 6.113465619e-02 1.320361843e-01 4.645838789e+02
1.200492215e-01 4.343895560e-02 9.918171412e-01 3.305347041e+02 5.493655266e-02 9.972208166e-01 -5.032512455e-02 -8.154218510e+00 -9.912467703e-01 6.052850663e-02 1.173291963e-01 4.646924094e+02
1.072421596e-01 4.304836286e-02 9.933005374e-01 3.315051120e+02 5.750859735e-02 9.971209257e-01 -4.942287632e-02 -8.213250500e+00 -9.925683253e-01 6.242353664e-02 1.044577505e-01 4.647839311e+02
9.599650565e-02 4.276470950e-02 9.944625938e-01 3.324700101e+02 6.059044727e-02 9.969729240e-01 -4.872151953e-02 -8.279124694e+00 -9.935358416e-01 6.493202898e-02 9.311478406e-02 4.648709770e+02
8.615129605e-02 4.218852376e-02 9.953884079e-01 3.334582814e+02 6.059947812e-02 9.970311742e-01 -4.750306170e-02 -8.332846543e+00 -9.944373572e-01 6.441246838e-02 8.333892534e-02 4.649623860e+02
7.780389842e-02 4.042169273e-02 9.961489046e-01 3.344690366e+02 6.690397587e-02 9.967136489e-01 -4.567012300e-02 -8.387701673e+00 -9.947212732e-01 7.019963588e-02 7.484383554e-02 4.650265339e+02
7.025836961e-02 3.871943073e-02 9.967770900e-01 3.354741999e+02 6.746694226e-02 9.967738750e-01 -4.347474958e-02 -8.431107845e+00 -9.952446801e-01 7.030396740e-02 6.741942573e-02 4.651039735e+02
6.297935307e-02 3.647020924e-02 9.973482466e-01 3.364568165e+02 6.791126804e-02 9.968591950e-01 -4.074070546e-02 -8.489305369e+00 -9.957015922e-01 7.029700738e-02 6.030480905e-02 4.651786350e+02
5.722091532e-02 3.273862204e-02 9.978246086e-01 3.374636457e+02 6.770185671e-02 9.970342308e-01 -3.659509772e-02 -8.541018592e+00 -9.960633642e-01 6.964858366e-02 5.483474580e-02 4.652464836e+02
5.281898091e-02 2.944530022e-02 9.981698901e-01 3.384859901e+02 6.965222929e-02 9.970221391e-01 -3.309714739e-02 -8.595511301e+00 -9.961720344e-01 7.127291566e-02 5.061076253e-02 4.652949366e+02
5.029686167e-02 2.801916600e-02 9.983412002e-01 3.395148498e+02 7.324419422e-02 9.968111825e-01 -3.166629915e-02 -8.639223387e+00 -9.960449356e-01 7.471541223e-02 4.808423292e-02 4.653331718e+02
4.783393767e-02 2.771916851e-02 9.984706115e-01 3.405699715e+02 7.852843465e-02 9.964164809e-01 -3.142422043e-02 -8.678399585e+00 -9.957636262e-01 7.991147837e-02 4.548578093e-02 4.653744563e+02
4.557912657e-02 2.749956684e-02 9.985821534e-01 3.415981428e+02 8.253452968e-02 9.960997497e-01 -3.119839796e-02 -8.722475414e+00 -9.955453755e-01 8.383950411e-02 4.313169276e-02 4.654065323e+02
4.357540735e-02 3.081268148e-02 9.985748658e-01 3.426369433e+02 8.375626593e-02 9.958928508e-01 -3.438484562e-02 -8.770052224e+00 -9.955330591e-01 8.513523566e-02 4.081568151e-02 4.654480278e+02
4.151172017e-02 3.538763213e-02 9.985111379e-01 3.436586190e+02 7.781876149e-02 9.962222524e-01 -3.854172054e-02 -8.822129448e+00 -9.961029151e-01 7.930283321e-02 3.860107766e-02 4.654959031e+02
3.921236350e-02 3.900302489e-02 9.984694059e-01 3.446786914e+02 7.153525904e-02 9.965644224e-01 -4.173797745e-02 -8.885878939e+00 -9.966669942e-01 7.306241235e-02 3.628755489e-02 4.655231272e+02
3.706337959e-02 3.996130596e-02 9.985135953e-01 3.456497066e+02 6.520719179e-02 9.969739378e-01 -4.232008423e-02 -8.946598305e+00 -9.971831968e-01 6.667879286e-02 3.434545896e-02 4.655450921e+02
3.404540608e-02 3.923592869e-02 9.986498146e-01 3.467133737e+02 5.547017674e-02 9.976146421e-01 -4.108631579e-02 -9.007174025e+00 -9.978797372e-01 5.679408202e-02 3.178777170e-02 4.655895026e+02
3.029343423e-02 3.675328256e-02 9.988651080e-01 3.477618075e+02 4.862363014e-02 9.980864479e-01 -3.819928204e-02 -9.073492485e+00 -9.983576766e-01 4.972563501e-02 2.844838814e-02 4.656391205e+02
2.575267577e-02 3.781237293e-02 9.989529639e-01 3.487879064e+02 4.526097335e-02 9.982155292e-01 -3.895127241e-02 -9.126915968e+00 -9.986432015e-01 4.621668297e-02 2.399529607e-02 4.656783654e+02
2.089997739e-02 4.102462266e-02 9.989395233e-01 3.498159743e+02 4.101670044e-02 9.982813863e-01 -4.185575234e-02 -9.187294676e+00 -9.989398487e-01 4.184798746e-02 1.918136374e-02 4.657043669e+02
1.547954214e-02 4.367387249e-02 9.989259115e-01 3.508655925e+02 3.836709556e-02 9.982839063e-01 -4.424034715e-02 -9.243224085e+00 -9.991438083e-01 3.901070622e-02 1.377733816e-02 4.657276357e+02
1.058502375e-02 4.529477380e-02 9.989175846e-01 3.518346376e+02 3.482725500e-02 9.983507522e-01 -4.563811822e-02 -9.304058256e+00 -9.993372902e-01 3.527263801e-02 8.990073790e-03 4.657661758e+02
5.613609970e-03 4.197106101e-02 9.991030565e-01 3.528554553e+02 3.301771099e-02 9.985662495e-01 -4.213402538e-02 -9.373434350e+00 -9.994390017e-01 3.322461995e-02 4.219773092e-03 4.657756663e+02
-1.672215284e-03 3.711158909e-02 9.993097286e-01 3.538758484e+02 2.981419528e-02 9.988687391e-01 -3.704532178e-02 -9.426206473e+00 -9.995540593e-01 2.973166764e-02 -2.776775736e-03 4.657925543e+02
-1.089700227e-02 3.360066892e-02 9.993759305e-01 3.548449373e+02 2.686317253e-02 9.990843889e-01 -3.329795596e-02 -9.485578773e+00 -9.995797243e-01 2.648356014e-02 -1.178964542e-02 4.657843481e+02
-2.298687239e-02 3.408954161e-02 9.991543959e-01 3.558375991e+02 2.534322357e-02 9.991171710e-01 -3.350521707e-02 -9.542784659e+00 -9.994144909e-01 2.455161309e-02 -2.383051779e-02 4.657866774e+02
-3.814818504e-02 3.359468089e-02 9.987072211e-01 3.567674813e+02 2.274996941e-02 9.992048701e-01 -3.274242743e-02 -9.580279065e+00 -9.990130904e-01 2.147149455e-02 -3.888213024e-02 4.657678317e+02
-5.812144948e-02 3.142588611e-02 9.978147678e-01 3.576675668e+02 1.956099089e-02 9.993483720e-01 -3.033478352e-02 -9.625753733e+00 -9.981178611e-01 1.775514399e-02 -5.869829739e-02 4.657344335e+02
-8.168266740e-02 3.178787122e-02 9.961513304e-01 3.585519499e+02 2.112639584e-02 9.993218939e-01 -3.015671855e-02 -9.662400113e+00 -9.964344521e-01 1.858180611e-02 -8.229884103e-02 4.656491243e+02
-1.090615731e-01 3.214322512e-02 9.935151666e-01 3.593628516e+02 2.419689541e-02 9.992667390e-01 -2.967312956e-02 -9.713045122e+00 -9.937404508e-01 2.080378438e-02 -1.097593687e-01 4.655408267e+02
-1.425263440e-01 3.143436101e-02 9.892917276e-01 3.601669120e+02 2.837414056e-02 9.992145575e-01 -2.766181890e-02 -9.748568564e+00 -9.893842274e-01 2.412776461e-02 -1.433063208e-01 4.654227185e+02
-1.793425854e-01 2.916287109e-02 9.833543430e-01 3.609361420e+02 3.309395436e-02 9.991736587e-01 -2.359639477e-02 -9.782211870e+00 -9.832298954e-01 2.831124530e-02 -1.801595020e-01 4.652587194e+02
-2.185968801e-01 2.501347547e-02 9.754946079e-01 3.616637412e+02 3.976122273e-02 9.990695118e-01 -1.670795652e-02 -9.816352419e+00 -9.750048457e-01 3.513455121e-02 -2.193880447e-01 4.650598531e+02
-2.602096730e-01 2.254277860e-02 9.652889460e-01 3.623563529e+02 4.229440007e-02 9.990339666e-01 -1.192968132e-02 -9.842934538e+00 -9.646253728e-01 3.772209838e-02 -2.609117351e-01 4.648469906e+02
-3.022493709e-01 2.382538292e-02 9.529310935e-01 3.630110786e+02 4.722424684e-02 9.988343104e-01 -9.994543240e-03 -9.869224499e+00 -9.520583954e-01 4.198060877e-02 -3.030221778e-01 4.646073951e+02
-3.449373007e-01 2.628320770e-02 9.382576680e-01 3.636080818e+02 4.762394391e-02 9.988104496e-01 -1.047118310e-02 -9.888604380e+00 -9.374167795e-01 4.107162892e-02 -3.457786904e-01 4.643616182e+02
-3.888073034e-01 3.073748430e-02 9.208062162e-01 3.641952675e+02 4.501907558e-02 9.988832771e-01 -1.433462702e-02 -9.904359692e+00 -9.202185412e-01 3.588043697e-02 -3.897568865e-01 4.640856362e+02
-4.346243410e-01 3.276834348e-02 9.000155098e-01 3.647852553e+02 3.894722641e-02 9.990868316e-01 -1.756748376e-02 -9.917572886e+00 -8.997693014e-01 2.741785178e-02 -4.355036919e-01 4.638052248e+02
-4.797213135e-01 3.476040071e-02 8.767321004e-01 3.653225736e+02 3.851677269e-02 9.990860154e-01 -1.853623638e-02 -9.943317294e+00 -8.765751078e-01 2.487666336e-02 -4.806217141e-01 4.634771858e+02
-5.252031602e-01 3.746938068e-02 8.501515665e-01 3.658729257e+02 4.272658380e-02 9.989312187e-01 -1.763120585e-02 -9.968921311e+00 -8.499035707e-01 2.706410712e-02 -5.262427715e-01 4.631145721e+02
-5.696697668e-01 4.004441423e-02 8.208975586e-01 3.663716075e+02 4.598839398e-02 9.988005490e-01 -1.680865669e-02 -9.988017401e+00 -8.205860250e-01 2.817637680e-02 -5.708280541e-01 4.627328962e+02
-6.126489909e-01 4.338858382e-02 7.891632561e-01 3.668465355e+02 5.157987934e-02 9.985583334e-01 -1.485835894e-02 -1.000079875e+01 -7.886702289e-01 3.160198692e-02 -6.140037332e-01 4.623277043e+02
-6.525906021e-01 4.512366987e-02 7.563658906e-01 3.673046682e+02 5.787801818e-02 9.982773236e-01 -9.618738432e-03 -1.001895571e+01 -7.554969498e-01 3.749986046e-02 -6.540780683e-01 4.618989498e+02
-6.901574605e-01 4.394158536e-02 7.223239002e-01 3.677336457e+02 6.203924742e-02 9.980726720e-01 -1.439861068e-03 -1.003501908e+01 -7.209950149e-01 4.381870030e-02 -6.915534036e-01 4.614454438e+02
-7.263674281e-01 4.381081748e-02 6.859088654e-01 3.681403658e+02 6.602400107e-02 9.977988574e-01 6.186390702e-03 -1.004045437e+01 -6.841280514e-01 4.978004037e-02 -7.276611553e-01 4.609718633e+02
-7.600358325e-01 4.430174927e-02 6.483694073e-01 3.685137169e+02 6.863916520e-02 9.975657366e-01 1.229903483e-02 -1.005101901e+01 -6.462462366e-01 5.385124203e-02 -7.612265401e-01 4.604807691e+02
-7.917303342e-01 4.612373470e-02 6.091269810e-01 3.688712851e+02 6.999374478e-02 9.974277768e-01 1.545010658e-02 -1.005198926e+01 -6.068475539e-01 5.486739650e-02 -7.929221999e-01 4.599740540e+02
-8.220146688e-01 4.565823904e-02 5.676329883e-01 3.692205572e+02 6.684189424e-02 9.976262878e-01 1.655146588e-02 -1.004803299e+01 -5.655298802e-01 5.154721192e-02 -8.231153258e-01 4.594537866e+02
-8.496874378e-01 4.677414711e-02 5.252079943e-01 3.695418996e+02 6.553145189e-02 9.977028785e-01 1.716377194e-02 -1.003749369e+01 -5.231987069e-01 4.900148382e-02 -8.508007802e-01 4.589173132e+02
-8.739368125e-01 4.978086230e-02 4.834835195e-01 3.698302511e+02 6.739500048e-02 9.975433023e-01 1.911214292e-02 -1.002344393e+01 -4.813443276e-01 4.928717729e-02 -8.751447951e-01 4.583424853e+02
-8.955756462e-01 5.136925127e-02 4.419337755e-01 3.700829272e+02 6.807420961e-02 9.974373962e-01 2.201232984e-02 -1.001714058e+01 -4.396705174e-01 4.979799898e-02 -8.967775618e-01 4.577444746e+02
-9.154084182e-01 4.927008790e-02 3.994995449e-01 3.703264058e+02 6.444818130e-02 9.976168070e-01 2.464017809e-02 -1.001451925e+01 -3.973334366e-01 4.830284555e-02 -9.164021908e-01 4.571523498e+02
-9.320717582e-01 4.583149921e-02 3.593629242e-01 3.705342634e+02 5.887188767e-02 9.979417982e-01 2.542180760e-02 -1.001097200e+01 -3.574581632e-01 4.485132261e-02 -9.328515533e-01 4.565291640e+02
-9.463793225e-01 4.567610275e-02 3.198122441e-01 3.707375656e+02 5.657531347e-02 9.980885956e-01 2.486743311e-02 -9.999565073e+00 -3.180651062e-01 4.162750246e-02 -9.471545488e-01 4.558866149e+02
-9.575986738e-01 4.860370142e-02 2.839761612e-01 3.709057093e+02 5.805480095e-02 9.980014460e-01 2.495503874e-02 -9.994812946e+00 -2.821957123e-01 4.038309152e-02 -9.585065393e-01 4.552366346e+02
-9.662538943e-01 5.544701311e-02 2.515532558e-01 3.710568889e+02 6.428329339e-02 9.975652879e-01 2.703986856e-02 -9.979717464e+00 -2.494415161e-01 4.229805004e-02 -9.674656609e-01 4.545643377e+02
-9.729476478e-01 5.732867473e-02 2.237996822e-01 3.711884678e+02 6.610932944e-02 9.973012264e-01 3.193462513e-02 -9.969146352e+00 -2.213649278e-01 4.586596532e-02 -9.741118426e-01 4.538916986e+02
-9.778538322e-01 5.751120261e-02 2.012320660e-01 3.713140346e+02 6.623436204e-02 9.971222256e-01 3.688192716e-02 -9.956558366e+00 -1.985318415e-01 4.939361133e-02 -9.788490073e-01 4.532236590e+02
-9.812072057e-01 5.830378934e-02 1.839377273e-01 3.714211539e+02 6.694595756e-02 9.969087400e-01 4.112423754e-02 -9.936698545e+00 -1.809714291e-01 5.266528550e-02 -9.820772422e-01 4.525245069e+02
-9.834514057e-01 6.135636809e-02 1.704662101e-01 3.715305344e+02 6.977034654e-02 9.966006588e-01 4.380896662e-02 -9.916192954e+00 -1.671987783e-01 5.497747635e-02 -9.843891739e-01 4.518685858e+02
-9.851153370e-01 6.208207847e-02 1.602921965e-01 3.716385234e+02 7.016192859e-02 9.965090549e-01 4.524386558e-02 -9.890309021e+00 -1.569237920e-01 5.581683553e-02 -9.860321518e-01 4.511964314e+02
-9.865055689e-01 6.168994945e-02 1.516611770e-01 3.717429864e+02 6.956567680e-02 9.964610955e-01 4.717946349e-02 -9.866113879e+00 -1.482139638e-01 5.709321590e-02 -9.873059230e-01 4.505312697e+02
-9.876442631e-01 5.913551858e-02 1.451268409e-01 3.718448651e+02 6.663502712e-02 9.966524944e-01 4.736642869e-02 -9.852387892e+00 -1.418399896e-01 5.645171254e-02 -9.882786153e-01 4.498741562e+02
-9.885450504e-01 5.808448729e-02 1.393013846e-01 3.719402799e+02 6.504789675e-02 9.968230027e-01 4.596381692e-02 -9.833138911e+00 -1.361890398e-01 5.449856580e-02 -9.891827191e-01 4.492216678e+02
-9.891823993e-01 5.709149723e-02 1.351249119e-01 3.720318985e+02 6.365157565e-02 9.969691194e-01 4.473311779e-02 -9.819040671e+00 -1.321614838e-01 5.285012634e-02 -9.898182694e-01 4.485703793e+02
-9.894430214e-01 6.067767244e-02 1.316082346e-01 3.721132771e+02 6.673710135e-02 9.968809098e-01 4.212613221e-02 -9.803413181e+00 -1.286416210e-01 5.046455963e-02 -9.904063114e-01 4.479241701e+02
-9.895438669e-01 6.302718797e-02 1.297324516e-01 3.721960124e+02 6.872530008e-02 9.968366189e-01 3.991977471e-02 -9.788615428e+00 -1.268060273e-01 4.841826990e-02 -9.907451249e-01 4.472859329e+02
-9.897011309e-01 6.604779552e-02 1.270014180e-01 3.722805337e+02 7.153064241e-02 9.966716671e-01 3.910185647e-02 -9.771800843e+00 -1.239961236e-01 4.778364458e-02 -9.911315173e-01 4.466447948e+02
-9.900881865e-01 6.446578005e-02 1.247779873e-01 3.723687233e+02 6.984651110e-02 9.967858867e-01 3.923469099e-02 -9.749973551e+00 -1.218476418e-01 4.756111113e-02 -9.914086407e-01 4.459946800e+02
-9.901736519e-01 6.519422658e-02 1.237168215e-01 3.724462419e+02 7.084720523e-02 9.966087569e-01 4.185282772e-02 -9.740813880e+00 -1.205687050e-01 5.020655831e-02 -9.914345611e-01 4.453303263e+02
-9.903578811e-01 6.528203192e-02 1.221864302e-01 3.725322236e+02 7.131461167e-02 9.964080910e-01 4.566335963e-02 -9.730889078e+00 -1.187665508e-01 5.393674591e-02 -9.914561684e-01 4.446789664e+02
-9.904165467e-01 6.608973261e-02 1.212732919e-01 3.726083169e+02 7.229908586e-02 9.962497556e-01 4.753174327e-02 -9.715526864e+00 -1.176771272e-01 5.584417318e-02 -9.914804698e-01 4.440308357e+02
-9.905147014e-01 6.558465004e-02 1.207446892e-01 3.726948242e+02 7.189606531e-02 9.962237707e-01 4.867396106e-02 -9.702755124e+00 -1.170964648e-01 5.689334207e-02 -9.914895691e-01 4.433981018e+02
-9.904182929e-01 6.648349957e-02 1.210435846e-01 3.727758375e+02 7.285317215e-02 9.961394112e-01 4.897641042e-02 -9.687601405e+00 -1.173201619e-01 5.732554190e-02 -9.914382290e-01 4.427501692e+02
-9.901641089e-01 6.776857458e-02 1.224028499e-01 3.728558301e+02 7.426573649e-02 9.960182959e-01 4.931687970e-02 -9.672482977e+00 -1.185733433e-01 5.792214204e-02 -9.912544516e-01 4.421103982e+02
-9.899226010e-01 6.699726167e-02 1.247582097e-01 3.729420680e+02 7.374876011e-02 9.960073588e-01 5.030369384e-02 -9.653739455e+00 -1.208898852e-01 5.899752673e-02 -9.909111602e-01 4.414729935e+02
-9.899736585e-01 6.456395228e-02 1.256330031e-01 3.730329519e+02 7.126704299e-02 9.962228918e-01 4.960804791e-02 -9.637826015e+00 -1.219555820e-01 5.806415331e-02 -9.908357029e-01 4.408506583e+02
-9.897292698e-01 6.511689079e-02 1.272625755e-01 3.731130540e+02 7.174111675e-02 9.962591521e-01 4.817586525e-02 -9.622472904e+00 -1.236494430e-01 5.681102322e-02 -9.906984016e-01 4.402191504e+02
-9.892400970e-01 6.864966803e-02 1.291946343e-01 3.731895590e+02 7.535204717e-02 9.960144802e-01 4.772027157e-02 -9.607181035e+00 -1.254037457e-01 5.694188625e-02 -9.904703540e-01 4.396118350e+02
-9.890616750e-01 7.089575838e-02 1.293475725e-01 3.732696093e+02 7.726634015e-02 9.959984578e-01 4.491085284e-02 -9.589279279e+00 -1.256459938e-01 5.441381687e-02 -9.905817588e-01 4.389884804e+02
-9.890508011e-01 7.057647912e-02 1.296050670e-01 3.733481080e+02 7.677758230e-02 9.960995717e-01 4.348386055e-02 -9.568028324e+00 -1.260306140e-01 5.295851082e-02 -9.906117708e-01 4.383647266e+02
-9.890698155e-01 6.863819986e-02 1.304978836e-01 3.734411394e+02 7.498960731e-02 9.961957832e-01 4.439054213e-02 -9.552686071e+00 -1.269545544e-01 5.369133036e-02 -9.904543312e-01 4.377356145e+02
-9.889516308e-01 6.959310072e-02 1.308872503e-01 3.735299500e+02 7.601923514e-02 9.961015389e-01 4.475265411e-02 -9.524772070e+00 -1.272625155e-01 5.420815892e-02 -9.903866556e-01 4.371061260e+02
-9.887835097e-01 7.113841026e-02 1.313259210e-01 3.736172279e+02 7.770319142e-02 9.959352761e-01 4.555370349e-02 -9.504435104e+00 -1.275514993e-01 5.524719399e-02 -9.902920592e-01 4.364917246e+02
-9.886202688e-01 7.197613636e-02 1.320961764e-01 3.736995581e+02 7.854458997e-02 9.958853732e-01 4.520034105e-02 -9.484901124e+00 -1.282993040e-01 5.506141334e-02 -9.902058015e-01 4.358799279e+02
-9.887117020e-01 7.072542313e-02 1.320874138e-01 3.737891064e+02 7.707990456e-02 9.960700467e-01 4.362511109e-02 -9.469705741e+00 -1.284829120e-01 5.331394308e-02 -9.902776201e-01 4.352665792e+02
-9.886194112e-01 7.197488853e-02 1.321032745e-01 3.738839565e+02 7.800029863e-02 9.961094400e-01 4.101142394e-02 -9.453876205e+00 -1.286375261e-01 5.084878465e-02 -9.903871909e-01 4.346680224e+02
-9.881357773e-01 7.662446951e-02 1.331028789e-01 3.739728599e+02 8.212137688e-02 9.959609123e-01 3.630345228e-02 -9.437712037e+00 -1.297835319e-01 4.680333172e-02 -9.904371171e-01 4.340663164e+02
-9.875646177e-01 8.180524858e-02 1.342535930e-01 3.740561840e+02 8.712088120e-02 9.956105587e-01 3.419893939e-02 -9.421774407e+00 -1.308666420e-01 4.546995383e-02 -9.903567061e-01 4.334367868e+02
-9.872413127e-01 8.196941800e-02 1.365122886e-01 3.741577703e+02 8.754547622e-02 9.955332313e-01 3.534649771e-02 -9.399458880e+00 -1.330051879e-01 4.684655612e-02 -9.900075859e-01 4.328085416e+02
-9.869603085e-01 7.971526844e-02 1.398385691e-01 3.742529133e+02 8.555397153e-02 9.956741847e-01 3.624135495e-02 -9.377645911e+00 -1.363446640e-01 4.773252382e-02 -9.895108583e-01 4.321870853e+02
-9.866043448e-01 7.855657654e-02 1.429710845e-01 3.743586765e+02 8.506949325e-02 9.955711029e-01 4.001700155e-02 -9.362934593e+00 -1.391942817e-01 5.164342531e-02 -9.889175439e-01 4.315489579e+02
-9.859143436e-01 8.057722537e-02 1.465613111e-01 3.744613137e+02 8.775962015e-02 9.952041414e-01 4.320840096e-02 -9.348100351e+00 -1.423768107e-01 5.546194726e-02 -9.882574645e-01 4.309115028e+02
-9.851685108e-01 8.162840407e-02 1.509298147e-01 3.745665534e+02 8.900063032e-02 9.951140676e-01 4.274202041e-02 -9.319213044e+00 -1.467034190e-01 5.554094125e-02 -9.876200234e-01 4.302746159e+02
-9.847861565e-01 7.867153362e-02 1.549419758e-01 3.746748345e+02 8.611592929e-02 9.954026071e-01 4.192489034e-02 -9.304536220e+00 -1.509313512e-01 5.463002385e-02 -9.870335798e-01 4.296404985e+02
-9.842641220e-01 7.701390677e-02 1.590377199e-01 3.747829746e+02 8.428680330e-02 9.956585844e-01 3.949326643e-02 -9.281714764e+00 -1.553057403e-01 5.227658622e-02 -9.864822784e-01 4.290116459e+02
-9.835096674e-01 7.626339707e-02 1.639897203e-01 3.748906174e+02 8.341477800e-02 9.958216808e-01 3.716389236e-02 -9.249670040e+00 -1.604702742e-01 5.023021352e-02 -9.857617444e-01 4.283570965e+02
-9.827091429e-01 7.678083042e-02 1.684857400e-01 3.750031349e+02 8.401202230e-02 9.958066915e-01 3.620791714e-02 -9.226074550e+00 -1.649991534e-01 4.973667896e-02 -9.850388531e-01 4.277160154e+02
-9.820713512e-01 7.630438052e-02 1.723760504e-01 3.751356226e+02 8.373298093e-02 9.958292977e-01 3.623255107e-02 -9.235582714e+00 -1.688924189e-01 5.001651093e-02 -9.843646171e-01 4.270953114e+02
-9.812729241e-01 7.804042474e-02 1.761054813e-01 3.752593527e+02 8.524288289e-02 9.957901395e-01 3.369939126e-02 -9.228008004e+00 -1.727341870e-01 4.808003912e-02 -9.837942928e-01 4.264620090e+02
-9.803933781e-01 7.892623671e-02 1.805532425e-01 3.753824513e+02 8.593082222e-02 9.958094604e-01 3.129556588e-02 -9.214694610e+00 -1.773265858e-01 4.619705413e-02 -9.830671972e-01 4.258379448e+02
-9.794828767e-01 8.046318945e-02 1.847673386e-01 3.754999278e+02 8.729493420e-02 9.957565352e-01 2.912931787e-02 -9.201898504e+00 -1.816394470e-01 4.466092073e-02 -9.823505044e-01 4.251930885e+02
-9.788802852e-01 7.846152470e-02 1.887781139e-01 3.756313505e+02 8.547947845e-02 9.959086316e-01 2.931307255e-02 -9.189138305e+00 -1.857058047e-01 4.483064354e-02 -9.815821756e-01 4.245616781e+02
-9.788721780e-01 7.574534252e-02 1.899260439e-01 3.757659773e+02 8.322076590e-02 9.960272476e-01 3.168637240e-02 -9.185463764e+00 -1.867714196e-01 4.682269920e-02 -9.812869466e-01 4.238957204e+02
-9.795307520e-01 7.439321962e-02 1.870431897e-01 3.758964727e+02 8.163442031e-02 9.961706277e-01 3.130338416e-02 -9.174443417e+00 -1.839981722e-01 4.593178979e-02 -9.818528114e-01 4.232340246e+02
-9.803693303e-01 7.463629164e-02 1.824976715e-01 3.760436303e+02 8.105227153e-02 9.963180587e-01 2.794378650e-02 -9.156261932e+00 -1.797401051e-01 4.218708208e-02 -9.828091090e-01 4.225485532e+02
-9.811819422e-01 7.477161343e-02 1.780202294e-01 3.761537108e+02 8.094849343e-02 9.963338419e-01 2.768062456e-02 -9.143390670e+00 -1.752978541e-01 4.157019834e-02 -9.836374235e-01 4.218790407e+02
-9.824180349e-01 7.333342000e-02 1.716887130e-01 3.762680072e+02 7.931580522e-02 9.964494926e-01 2.823848037e-02 -9.134624092e+00 -1.690083066e-01 4.135962092e-02 -9.847464517e-01 4.211831657e+02
-9.837374025e-01 7.296908220e-02 1.641226249e-01 3.763818063e+02 7.876423233e-02 9.964691842e-01 2.907508647e-02 -9.120654470e+00 -1.614215557e-01 4.152924260e-02 -9.860113607e-01 4.204750842e+02
-9.852257853e-01 7.243349910e-02 1.551887243e-01 3.764928081e+02 7.787701118e-02 9.965328877e-01 2.928096417e-02 -9.117696847e+00 -1.525297449e-01 4.093399493e-02 -9.874508013e-01 4.197729510e+02
-9.866713074e-01 7.158064243e-02 1.461367265e-01 3.765962746e+02 7.613785755e-02 9.967627838e-01 2.582594481e-02 -9.104992306e+00 -1.438150126e-01 3.660825600e-02 -9.889272358e-01 4.190535941e+02
-9.878972412e-01 7.101093360e-02 1.379002830e-01 3.767014718e+02 7.500188449e-02 9.968955723e-01 2.395694489e-02 -9.094727535e+00 -1.357709765e-01 3.400978086e-02 -9.901563395e-01 4.183384999e+02
-9.889531345e-01 7.024318495e-02 1.305281298e-01 3.767925266e+02 7.392552933e-02 9.969850221e-01 2.357714502e-02 -9.078952918e+00 -1.284784567e-01 3.296605256e-02 -9.911642273e-01 4.175883599e+02
-9.896685852e-01 7.104361055e-02 1.245347213e-01 3.768807359e+02 7.482579324e-02 9.968587876e-01 2.595492585e-02 -9.069172049e+00 -1.222995996e-01 3.500518405e-02 -9.918757206e-01 4.168329878e+02
-9.904591107e-01 7.016542048e-02 1.186067615e-01 3.769738060e+02 7.394594234e-02 9.968754042e-01 2.777455807e-02 -9.060241595e+00 -1.162873497e-01 3.628005283e-02 -9.925527744e-01 4.160508599e+02
-9.911155720e-01 7.043353899e-02 1.128230450e-01 3.770654086e+02 7.413211192e-02 9.968288854e-01 2.892409387e-02 -9.051498295e+00 -1.104280439e-01 3.703093044e-02 -9.931940180e-01 4.152550007e+02
-9.917168206e-01 7.037756985e-02 1.074464773e-01 3.771408184e+02 7.397133377e-02 9.968140942e-01 2.983124690e-02 -9.039877402e+00 -1.050047123e-01 3.753210857e-02 -9.937632269e-01 4.144469191e+02
-9.924155708e-01 7.003863805e-02 1.010243736e-01 3.772306131e+02 7.350828231e-02 9.968115517e-01 3.103647516e-02 -9.015920589e+00 -9.852851018e-02 3.822720938e-02 -9.943997250e-01 4.136351676e+02
-9.929672769e-01 7.042866476e-02 9.516191577e-02 3.773126878e+02 7.384019296e-02 9.967301290e-01 3.281274023e-02 -9.002036562e+00 -9.253979110e-02 3.960875153e-02 -9.949208681e-01 4.128031613e+02
-9.936165931e-01 7.009962875e-02 8.838612983e-02 3.773823908e+02 7.334853192e-02 9.967246449e-01 3.405840746e-02 -8.978138389e+00 -8.570915215e-02 4.032399165e-02 -9.955038508e-01 4.119535185e+02
-9.942783769e-01 6.994442040e-02 8.073591035e-02 3.774554577e+02 7.293546275e-02 9.967325078e-01 3.470916425e-02 -8.966853790e+00 -7.804439402e-02 4.039908248e-02 -9.961310088e-01 4.111067576e+02
-9.948127069e-01 7.219317088e-02 7.166466524e-02 3.775225027e+02 7.488610465e-02 9.965554861e-01 3.562631549e-02 -8.950580387e+00 -6.884583863e-02 4.080819897e-02 -9.967923261e-01 4.102688075e+02
-9.954937376e-01 7.053618517e-02 6.337874217e-02 3.775870182e+02 7.299944116e-02 9.966294893e-01 3.742649726e-02 -8.928989123e+00 -6.052520110e-02 4.188445640e-02 -9.972875174e-01 4.094173743e+02
-9.959839896e-01 7.077145815e-02 5.483879200e-02 3.776321772e+02 7.303856120e-02 9.965064166e-01 4.050099110e-02 -8.908040954e+00 -5.178089391e-02 4.434368517e-02 -9.976734820e-01 4.085667019e+02
-9.963101748e-01 7.201953215e-02 4.668214475e-02 3.776558023e+02 7.404010811e-02 9.963233063e-01 4.310373215e-02 -8.885202261e+00 -4.340619818e-02 4.640103795e-02 -9.979793814e-01 4.077067919e+02
-9.967774666e-01 7.092831262e-02 3.746807281e-02 3.777050226e+02 7.264389730e-02 9.962685119e-01 4.660382348e-02 -8.876992535e+00 -3.402273058e-02 4.917546794e-02 -9.982105124e-01 4.068679851e+02
-9.972991112e-01 6.844857234e-02 2.663223201e-02 3.777487778e+02 6.973302130e-02 9.962748843e-01 5.073125957e-02 -8.854520530e+00 -2.306054158e-02 5.245138608e-02 -9.983571823e-01 4.059897797e+02
-9.977809803e-01 6.502758432e-02 1.430135042e-02 3.777787886e+02 6.570138778e-02 9.964202897e-01 5.319712317e-02 -8.818810736e+00 -1.079087532e-02 5.401869627e-02 -9.984816160e-01 4.051471944e+02
-9.980829519e-01 6.187316896e-02 -1.460176852e-03 3.777655632e+02 6.171411978e-02 9.967425789e-01 5.191915639e-02 -8.794309289e+00 4.667823176e-03 5.172951134e-02 -9.986502236e-01 4.042853498e+02
-9.981694809e-01 5.684630908e-02 -2.064423895e-02 3.777403515e+02 5.590035052e-02 9.974741427e-01 4.382334293e-02 -8.776658981e+00 2.308328985e-02 4.258910327e-02 -9.988259758e-01 4.034231351e+02
-9.975883110e-01 5.417080230e-02 -4.339453818e-02 3.777161091e+02 5.270015035e-02 9.980195336e-01 3.434683088e-02 -8.755175134e+00 4.516919214e-02 3.197709832e-02 -9.984674302e-01 4.025615502e+02
-9.960640013e-01 5.760702351e-02 -6.736420521e-02 3.776504125e+02 5.592578165e-02 9.980809555e-01 2.658407714e-02 -8.730070652e+00 6.876635986e-02 2.271204641e-02 -9.973742280e-01 4.017100063e+02
-9.938752894e-01 6.056248124e-02 -9.243427395e-02 3.775702915e+02 5.866351921e-02 9.980098851e-01 2.312705790e-02 -8.700452895e+00 9.365095114e-02 1.756289155e-02 -9.954501716e-01 4.008573153e+02
-9.910650021e-01 6.162878332e-02 -1.182880160e-01 3.774641995e+02 5.911605523e-02 9.979470175e-01 2.463822797e-02 -8.692594125e+00 1.195635968e-01 1.742536457e-02 -9.926736135e-01 4.000154504e+02
-9.875211896e-01 6.482148772e-02 -1.435272615e-01 3.773557255e+02 6.135925487e-02 9.977109540e-01 2.842347824e-02 -8.677445094e+00 1.450411732e-01 1.926206122e-02 -9.892381064e-01 3.991961082e+02
-9.836747870e-01 6.592902687e-02 -1.674433543e-01 3.771763269e+02 6.070586940e-02 9.975016431e-01 3.612851344e-02 -8.688944228e+00 1.694069388e-01 2.537391336e-02 -9.852194951e-01 3.983552907e+02
-9.789840919e-01 6.514358584e-02 -1.932523249e-01 3.770344990e+02 5.822318967e-02 9.974496700e-01 4.128215136e-02 -8.677185386e+00 1.954487351e-01 2.916280269e-02 -9.802802267e-01 3.974992267e+02
-9.737212310e-01 6.458601638e-02 -2.183932479e-01 3.768494156e+02 5.647946931e-02 9.974701430e-01 4.316692344e-02 -8.654067054e+00 2.206287238e-01 2.969781508e-02 -9.749056395e-01 3.966654091e+02
-9.678499823e-01 6.214816630e-02 -2.437293932e-01 3.766607919e+02 5.344590854e-02 9.976802154e-01 4.216304881e-02 -8.634586318e+00 2.457843497e-01 2.778116718e-02 -9.689263440e-01 3.958339415e+02
-9.616138087e-01 5.972863436e-02 -2.678271330e-01 3.764131054e+02 5.037504933e-02 9.978608247e-01 4.166688104e-02 -8.605904671e+00 2.697429097e-01 2.657564314e-02 -9.625655811e-01 3.950190514e+02
-9.546152569e-01 6.190819706e-02 -2.913367236e-01 3.761574853e+02 5.127933119e-02 9.977152237e-01 4.398593697e-02 -8.584029677e+00 2.933941744e-01 2.705009418e-02 -9.556087855e-01 3.941970879e+02
-9.476153285e-01 6.744552071e-02 -3.122119327e-01 3.758700501e+02 5.482819110e-02 9.972914445e-01 4.902697445e-02 -8.557419944e+00 3.146729392e-01 2.934069699e-02 -9.487465757e-01 3.934077470e+02
-9.410821716e-01 7.043862416e-02 -3.307608601e-01 3.755876885e+02 5.509955375e-02 9.969351327e-01 5.553719817e-02 -8.528758541e+00 3.336590858e-01 3.404029127e-02 -9.420790163e-01 3.926193654e+02
-9.352173894e-01 7.310434786e-02 -3.464450735e-01 3.752914202e+02 5.415327093e-02 9.964741301e-01 6.408378263e-02 -8.492376348e+00 3.499083564e-01 4.117113396e-02 -9.358787741e-01 3.918143482e+02
-9.302526258e-01 7.704022467e-02 -3.587406528e-01 3.749590404e+02 5.526607421e-02 9.959742046e-01 7.057651716e-02 -8.450090711e+00 3.627336670e-01 4.582780287e-02 -9.307653299e-01 3.910299013e+02
-9.255995627e-01 8.028301534e-02 -3.698919937e-01 3.746352293e+02 5.804464252e-02 9.957943237e-01 7.088359760e-02 -8.410468210e+00 3.740270966e-01 4.413957840e-02 -9.263667895e-01 3.902538306e+02
-9.217064572e-01 7.763206550e-02 -3.800400890e-01 3.743173220e+02 5.686512228e-02 9.962251618e-01 6.558799282e-02 -8.358987411e+00 3.836972305e-01 3.884185036e-02 -9.226417213e-01 3.894708794e+02
-9.180549369e-01 7.729696631e-02 -3.888448428e-01 3.739860117e+02 5.673695941e-02 9.963292133e-01 6.410160865e-02 -8.311973996e+00 3.923723362e-01 3.678692422e-02 -9.190705479e-01 3.886950878e+02
-9.151991479e-01 7.684523018e-02 -3.956075458e-01 3.736472114e+02 5.448812126e-02 9.962329022e-01 6.746146481e-02 -8.271512384e+00 3.993013453e-01 4.018476318e-02 -9.159386554e-01 3.879332553e+02
-9.113589087e-01 7.711876595e-02 -4.043236766e-01 3.733152054e+02 5.235683840e-02 9.960320742e-01 7.196435675e-02 -8.234059707e+00 4.082691526e-01 4.441624823e-02 -9.117803989e-01 3.871670546e+02
-9.078571316e-01 7.621324532e-02 -4.122947609e-01 3.729588849e+02 5.164930416e-02 9.961797132e-01 7.041539816e-02 -8.190623446e+00 4.160862627e-01 4.263238389e-02 -9.083252181e-01 3.864185878e+02
-9.040405787e-01 7.408476881e-02 -4.209775280e-01 3.725972591e+02 5.108480106e-02 9.965329515e-01 6.566901644e-02 -8.141837659e+00 4.243830524e-01 3.786190236e-02 -9.046908318e-01 3.856690605e+02
-9.000350556e-01 6.877313901e-02 -4.303570076e-01 3.722609206e+02 4.753842649e-02 9.970707722e-01 5.991638578e-02 -8.103733400e+00 4.332170318e-01 3.346835263e-02 -9.006680147e-01 3.849294710e+02
-8.962390332e-01 6.086544430e-02 -4.393756855e-01 3.719041010e+02 4.249854547e-02 9.977668155e-01 5.152917190e-02 -8.076501422e+00 4.415308245e-01 2.750962766e-02 -8.968242589e-01 3.841776063e+02
-8.923766880e-01 5.236282493e-02 -4.482432167e-01 3.715405207e+02 3.577542064e-02 9.983280936e-01 4.539974516e-02 -8.056582117e+00 4.498710549e-01 2.447758459e-02 -8.927580197e-01 3.834344709e+02
-8.888125976e-01 4.820638022e-02 -4.557283305e-01 3.711630254e+02 3.205376044e-02 9.985559491e-01 4.311117031e-02 -8.023515287e+00 4.571484691e-01 2.370994453e-02 -8.890743027e-01 3.827219247e+02
-8.846900270e-01 5.019369924e-02 -4.634696847e-01 3.707740633e+02 3.219319057e-02 9.983912768e-01 4.667394126e-02 -8.008109991e+00 4.650668280e-01 2.637140248e-02 -8.848827010e-01 3.819735879e+02
-8.810939228e-01 5.109131050e-02 -4.701735608e-01 3.703888742e+02 3.051871606e-02 9.982179072e-01 5.127979919e-02 -7.988819413e+00 4.719556200e-01 3.083322603e-02 -8.810829728e-01 3.812431359e+02
-8.782554622e-01 4.972328793e-02 -4.755995562e-01 3.699930173e+02 2.700550378e-02 9.981492750e-01 5.448603190e-02 -7.960896484e+00 4.774285768e-01 3.500884952e-02 -8.779728552e-01 3.805040583e+02
-8.761500442e-01 5.302780026e-02 -4.791128807e-01 3.695958793e+02 2.887877441e-02 9.979197459e-01 5.763850357e-02 -7.926534921e+00 4.811726473e-01 3.666378465e-02 -8.758588074e-01 3.797857565e+02
-8.742878982e-01 5.959435146e-02 -4.817355959e-01 3.691984502e+02 3.520903118e-02 9.976064792e-01 5.951165229e-02 -7.889185753e+00 4.841291100e-01 3.506887378e-02 -8.742935313e-01 3.790550779e+02
-8.738652014e-01 6.345406631e-02 -4.820095343e-01 3.687957744e+02 4.003621859e-02 9.974708793e-01 5.872772857e-02 -7.857087291e+00 4.845169872e-01 3.202227928e-02 -8.741955518e-01 3.783331054e+02
-8.749892113e-01 6.311962638e-02 -4.800102008e-01 3.683735873e+02 4.156263337e-02 9.975978180e-01 5.541787593e-02 -7.822359131e+00 4.823550846e-01 2.853955556e-02 -8.755107459e-01 3.776041138e+02
-8.764776147e-01 6.168941439e-02 -4.774739858e-01 3.679781505e+02 4.133839084e-02 9.977372285e-01 5.302414771e-02 -7.790164097e+00 4.796645999e-01 2.673647227e-02 -8.770444873e-01 3.768768451e+02
-8.780529942e-01 6.499017515e-02 -4.741299574e-01 3.675722295e+02 4.430841078e-02 9.975205331e-01 5.467678430e-02 -7.759232637e+00 4.765078216e-01 2.700116926e-02 -8.787555023e-01 3.761201899e+02
-8.803284179e-01 7.059997141e-02 -4.690815714e-01 3.671842137e+02 4.780466808e-02 9.970322050e-01 6.034480797e-02 -7.724231144e+00 4.719497752e-01 3.069896051e-02 -8.810907919e-01 3.753751783e+02
-8.836054195e-01 7.798652050e-02 -4.616920675e-01 3.667766542e+02 5.284497452e-02 9.963417971e-01 6.715975060e-02 -7.683047573e+00 4.652406595e-01 3.494461406e-02 -8.844942073e-01 3.746198993e+02
-8.870684124e-01 8.357785474e-02 -4.540092223e-01 3.663850457e+02 5.659201413e-02 9.957446120e-01 7.273246620e-02 -7.645522797e+00 4.581560604e-01 3.882537700e-02 -8.880234313e-01 3.738528637e+02
-8.902310289e-01 8.657439114e-02 -4.472064287e-01 3.660221793e+02 5.908253863e-02 9.954248297e-01 7.509102560e-02 -7.602736564e+00 4.516613430e-01 4.042626988e-02 -8.912731051e-01 3.730936061e+02
-8.936210472e-01 8.903118590e-02 -4.399032530e-01 3.656471555e+02 6.377082069e-02 9.953706245e-01 7.190690072e-02 -7.560529885e+00 4.442687323e-01 3.620452845e-02 -8.951617316e-01 3.723445939e+02
-8.967956749e-01 9.051236677e-02 -4.330877844e-01 3.652858828e+02 6.821721568e-02 9.954329179e-01 6.678111559e-02 -7.518999178e+00 4.371543538e-01 3.034497282e-02 -8.988744371e-01 3.715965078e+02
-8.997893639e-01 9.044917206e-02 -4.268466328e-01 3.649251051e+02 7.088290424e-02 9.955841916e-01 6.154454671e-02 -7.473122580e+00 4.305284132e-01 2.512099953e-02 -9.022273665e-01 3.708294524e+02
-9.028610113e-01 9.110842851e-02 -4.201681194e-01 3.645822559e+02 7.222810818e-02 9.955413784e-01 6.066682962e-02 -7.433347135e+00 4.238220082e-01 2.442576676e-02 -9.054160851e-01 3.700722336e+02
-9.058579783e-01 9.438507745e-02 -4.129319318e-01 3.642391485e+02 7.469962243e-02 9.951758623e-01 6.360007511e-02 -7.394860613e+00 4.169427893e-01 2.676677606e-02 -9.085385243e-01 3.692991723e+02
-9.087794292e-01 9.703867034e-02 -4.058367227e-01 3.638898076e+02 7.630416571e-02 9.948305925e-01 6.700571988e-02 -7.359117609e+00 4.102409332e-01 2.992638733e-02 -9.114860328e-01 3.685262718e+02
-9.110561245e-01 9.812383653e-02 -4.004353266e-01 3.635608380e+02 7.666139205e-02 9.946450005e-01 6.931344680e-02 -7.321239780e+00 4.050922969e-01 3.245051065e-02 -9.136997293e-01 3.677648672e+02
-9.130436864e-01 9.562758790e-02 -3.964928640e-01 3.632400064e+02 7.478860574e-02 9.948966607e-01 6.772960128e-02 -7.280646747e+00 4.009462448e-01 3.218693633e-02 -9.155359686e-01 3.670034487e+02
-9.143085098e-01 9.211589883e-02 -3.944041202e-01 3.629220825e+02 7.179609901e-02 9.952329096e-01 6.600587667e-02 -7.244117089e+00 3.986041508e-01 3.203305747e-02 -9.165634807e-01 3.662386047e+02
-9.152979624e-01 8.897448989e-02 -3.928271632e-01 3.626152743e+02 6.863126835e-02 9.954854599e-01 6.556255095e-02 -7.207194602e+00 3.968871238e-01 3.304904284e-02 -9.172722452e-01 3.654921100e+02
-9.156654297e-01 9.150471644e-02 -3.913869029e-01 3.622753418e+02 7.138374845e-02 9.952835864e-01 6.568822681e-02 -7.175404627e+00 3.955517429e-01 3.220977421e-02 -9.178787224e-01 3.647243393e+02
-9.158986910e-01 9.392745210e-02 -3.902655783e-01 3.619609771e+02 7.382098382e-02 9.950691085e-01 6.624146483e-02 -7.148719685e+00 3.945631130e-01 3.186068198e-02 -9.183163108e-01 3.639906512e+02
-9.165848506e-01 8.869102251e-02 -3.898796149e-01 3.616560613e+02 7.010210588e-02 9.956308987e-01 6.168312804e-02 -7.117206344e+00 3.936469311e-01 2.920643866e-02 -9.187976260e-01 3.632540464e+02
-9.173164102e-01 8.089116140e-02 -3.898553881e-01 3.613394390e+02 6.438767609e-02 9.963948785e-01 5.524014212e-02 -7.080363785e+00 3.929183513e-01 2.557080642e-02 -9.192177669e-01 3.624891496e+02
-9.173587365e-01 8.013155763e-02 -3.899126594e-01 3.610279965e+02 6.494490138e-02 9.965330017e-01 5.200130975e-02 -7.057023586e+00 3.927277789e-01 2.238101660e-02 -9.193823915e-01 3.617532152e+02
-9.173243483e-01 7.897918400e-02 -3.902285594e-01 3.606976640e+02 6.337673374e-02 9.965961377e-01 5.272122776e-02 -7.018754771e+00 3.930641547e-01 2.363105439e-02 -9.192073452e-01 3.609910954e+02
-9.170912622e-01 7.680405476e-02 -3.912093481e-01 3.603810664e+02 5.930700210e-02 9.966320071e-01 5.663322196e-02 -6.983153011e+00 3.942414189e-01 2.873637938e-02 -9.185575236e-01 3.602280695e+02
-9.174029702e-01 7.447756663e-02 -3.909282316e-01 3.600803698e+02 5.662346225e-02 9.967661022e-01 5.701860223e-02 -6.956503199e+00 3.939106164e-01 3.017332508e-02 -9.186533605e-01 3.594817149e+02
-9.181596084e-01 7.367424080e-02 -3.893007060e-01 3.597569164e+02 5.672252889e-02 9.968806086e-01 5.487811032e-02 -6.922732186e+00 3.921294278e-01 2.830474374e-02 -9.194744985e-01 3.587131809e+02
-9.193941141e-01 7.283524242e-02 -3.865352384e-01 3.594293486e+02 5.748414877e-02 9.970355670e-01 5.114343333e-02 -6.881483265e+00 3.891144249e-01 2.480132243e-02 -9.208555037e-01 3.579528679e+02
-9.213977578e-01 7.225716179e-02 -3.818443065e-01 3.591003925e+02 5.752339317e-02 9.970974261e-01 4.987767062e-02 -6.848622705e+00 3.843399941e-01 2.399219370e-02 -9.228798099e-01 3.571841138e+02
-9.237338983e-01 7.261791969e-02 -3.760881850e-01 3.587948134e+02 5.828353635e-02 9.970785725e-01 4.936952078e-02 -6.827132715e+00 3.785745825e-01 2.368455049e-02 -9.252677059e-01 3.564266640e+02
-9.259534554e-01 7.077266935e-02 -3.709466643e-01 3.585029339e+02 5.665740700e-02 9.971989951e-01 4.882727012e-02 -6.793728104e+00 3.733632772e-01 2.419490335e-02 -9.273696512e-01 3.556586681e+02
-9.280979778e-01 6.969829564e-02 -3.657544137e-01 3.581988493e+02 5.585507920e-02 9.972695279e-01 4.830837215e-02 -6.764228599e+00 3.681227427e-01 2.440566076e-02 -9.294568360e-01 3.548769469e+02
-9.302286861e-01 6.896773262e-02 -3.604414563e-01 3.578780193e+02 5.538893340e-02 9.973161416e-01 4.788089147e-02 -6.721051497e+00 3.627763190e-01 2.457571095e-02 -9.315521332e-01 3.540761459e+02
-9.322692073e-01 7.018769230e-02 -3.548912691e-01 3.575912528e+02 5.633249856e-02 9.971972369e-01 4.923738779e-02 -6.701102136e+00 3.573524516e-01 2.591058858e-02 -9.336101257e-01 3.533100370e+02
-9.337778069e-01 7.119193179e-02 -3.507003226e-01 3.572914466e+02 5.688532598e-02 9.970801607e-01 5.094323187e-02 -6.682245427e+00 3.533030811e-01 2.761995716e-02 -9.351011020e-01 3.525134065e+02
-9.346541918e-01 7.131789950e-02 -3.483321675e-01 3.570171438e+02 5.693109343e-02 9.970551829e-01 5.137910846e-02 -6.661000187e+00 3.509706431e-01 2.819076792e-02 -9.359620122e-01 3.517433691e+02
-9.349797259e-01 7.086038192e-02 -3.475510301e-01 3.567332871e+02 5.698068599e-02 9.971220120e-01 5.000894523e-02 -6.633268480e+00 3.500944353e-01 2.695365380e-02 -9.363265386e-01 3.509641352e+02
-9.351406893e-01 6.918034353e-02 -3.474564307e-01 3.564723863e+02 5.608216476e-02 9.972895821e-01 4.762646543e-02 -6.605434751e+00 3.498094938e-01 2.505133692e-02 -9.364858507e-01 3.501982463e+02
-9.351501003e-01 6.736769763e-02 -3.477871234e-01 3.561882746e+02 5.462704882e-02 9.974317814e-01 4.632199236e-02 -6.568906862e+00 3.500145360e-01 2.431943163e-02 -9.364285289e-01 3.494033719e+02
-9.351034874e-01 6.778926077e-02 -3.478305392e-01 3.558951288e+02 5.416363901e-02 9.973408215e-01 4.876049508e-02 -6.538473927e+00 3.502110336e-01 2.675634124e-02 -9.362885934e-01 3.486111878e+02
-9.349068644e-01 7.150190700e-02 -3.476156387e-01 3.555975845e+02 5.578644411e-02 9.969254312e-01 5.502324350e-02 -6.504619617e+00 3.504811373e-01 3.204936765e-02 -9.360212660e-01 3.478268037e+02
-9.349717864e-01 7.360902393e-02 -3.470006775e-01 3.552837777e+02 5.588418627e-02 9.965826205e-01 6.082794026e-02 -6.469717937e+00 3.502923298e-01 3.748055748e-02 -9.358902134e-01 3.470282443e+02
-9.348834876e-01 7.427936458e-02 -3.470957226e-01 3.549861130e+02 5.559273098e-02 9.964320447e-01 6.350298050e-02 -6.435014245e+00 3.505742616e-01 4.007188874e-02 -9.356772578e-01 3.462248069e+02
-9.348322198e-01 7.259351349e-02 -3.475901360e-01 3.547013941e+02 5.433440560e-02 9.965956917e-01 6.200644830e-02 -6.397962085e+00 3.509080980e-01 3.907952227e-02 -9.355940881e-01 3.454491867e+02
-9.347818234e-01 7.148036592e-02 -3.479561754e-01 3.544100100e+02 5.449866085e-02 9.968067319e-01 5.836296013e-02 -6.348614586e+00 3.510168638e-01 3.559348869e-02 -9.356923987e-01 3.446560259e+02
-9.347103810e-01 7.088289885e-02 -3.482701799e-01 3.541126436e+02 5.458119897e-02 9.969145357e-01 5.641188950e-02 -6.305794484e+00 3.511942430e-01 3.371977474e-02 -9.356952391e-01 3.438687056e+02
-9.344845976e-01 6.866432365e-02 -3.493189768e-01 3.538174818e+02 5.283927839e-02 9.971068385e-01 5.464396765e-02 -6.271996180e+00 3.520604317e-01 3.260618345e-02 -9.354091560e-01 3.430702682e+02
-9.340519851e-01 6.755986813e-02 -3.506886844e-01 3.535095938e+02 5.181104524e-02 9.971899066e-01 5.411012609e-02 -6.247601471e+00 3.533588895e-01 3.237212339e-02 -9.349275591e-01 3.422712513e+02
-9.334010147e-01 6.927193235e-02 -3.520851390e-01 3.532092206e+02 5.363306547e-02 9.970999583e-01 5.399229055e-02 -6.211430569e+00 3.548042277e-01 3.151305348e-02 -9.344093789e-01 3.414710273e+02
-9.325119622e-01 6.868865868e-02 -3.545466238e-01 3.529246234e+02 5.298014837e-02 9.971432475e-01 5.383723547e-02 -6.188176259e+00 3.572317793e-01 3.141993335e-02 -9.334871416e-01 3.406697461e+02
-9.316604591e-01 6.740065837e-02 -3.570237251e-01 3.526317515e+02 5.201576577e-02 9.972636274e-01 5.253206304e-02 -6.163491273e+00 3.595874708e-01 3.037118351e-02 -9.326169857e-01 3.399055380e+02
-9.305252684e-01 6.534692526e-02 -3.603505298e-01 3.523293771e+02 4.995504116e-02 9.974034206e-01 5.187398701e-02 -6.142774836e+00 3.628046566e-01 3.026873014e-02 -9.313734939e-01 3.391152938e+02
-9.288473096e-01 6.418582871e-02 -3.648600484e-01 3.520266996e+02 4.871444167e-02 9.974861556e-01 5.146136861e-02 -6.110690289e+00 3.672459376e-01 3.002580024e-02 -9.296391088e-01 3.383495953e+02
-9.267729291e-01 6.459987933e-02 -3.700253958e-01 3.517246616e+02 4.821033205e-02 9.974097339e-01 5.338151929e-02 -6.079674050e+00 3.725153713e-01 3.163349980e-02 -9.274867222e-01 3.375805992e+02
-9.247548330e-01 6.455166817e-02 -3.750487714e-01 3.514057992e+02 4.761614074e-02 9.973908967e-01 5.425958293e-02 -6.048453765e+00 3.775727770e-01 3.231843647e-02 -9.254157535e-01 3.368035749e+02
-9.226529776e-01 6.241189521e-02 -3.805472878e-01 3.511025347e+02 4.512699888e-02 9.975106691e-01 5.418504383e-02 -6.020990439e+00 3.829817709e-01 3.282103500e-02 -9.231726506e-01 3.360395982e+02
-9.206263488e-01 6.199582534e-02 -3.854914311e-01 3.507843925e+02 4.496167390e-02 9.975787977e-01 5.305648213e-02 -5.991417046e+00 3.878473587e-01 3.151285542e-02 -9.211847623e-01 3.352791149e+02
-9.185911122e-01 6.243607742e-02 -3.902462105e-01 3.504755773e+02 4.513837035e-02 9.975551516e-01 5.335022939e-02 -5.967258964e+00 3.926230968e-01 3.139196857e-02 -9.191635590e-01 3.345311040e+02
-9.166041789e-01 6.377935674e-02 -3.946757821e-01 3.501534358e+02 4.584958221e-02 9.974493337e-01 5.470504960e-02 -5.939659244e+00 3.971581487e-01 3.204715735e-02 -9.171904844e-01 3.337850248e+02
-9.146838842e-01 6.568544025e-02 -3.987967088e-01 3.498319952e+02 4.652241930e-02 9.972578888e-01 5.755317375e-02 -5.904596466e+00 4.014835694e-01 3.408997281e-02 -9.152315648e-01 3.330302144e+02
-9.136186988e-01 6.722733329e-02 -4.009755090e-01 3.495062513e+02 4.728131897e-02 9.971112058e-01 5.944510254e-02 -5.870241616e+00 4.038135089e-01 3.535150630e-02 -9.141580394e-01 3.322888451e+02
-9.128123913e-01 6.955873105e-02 -4.024116316e-01 3.491809958e+02 4.907982549e-02 9.969307608e-01 6.099367880e-02 -5.838324357e+00 4.054191770e-01 3.592549314e-02 -9.134246821e-01 3.315503276e+02
-9.121535904e-01 6.988815932e-02 -4.038458527e-01 3.488532529e+02 4.960304791e-02 9.969355895e-01 6.048940433e-02 -5.806730303e+00 4.068357964e-01 3.514364215e-02 -9.128250430e-01 3.308205413e+02
-9.114338492e-01 7.028232538e-02 -4.053994737e-01 3.485400792e+02 5.085990740e-02 9.969910495e-01 5.849886276e-02 -5.772217191e+00 4.082910828e-01 3.269926397e-02 -9.122659425e-01 3.300981963e+02
-9.111944911e-01 7.109801133e-02 -4.057951110e-01 3.482270638e+02 5.257552136e-02 9.970101357e-01 5.662688354e-02 -5.741252546e+00 4.086078975e-01 3.026321481e-02 -9.122081582e-01 3.293848799e+02
-9.111903200e-01 7.069912938e-02 -4.058741602e-01 3.479055853e+02 5.299583083e-02 9.970950325e-01 5.470775142e-02 -5.705250898e+00 4.085628993e-01 2.833953519e-02 -9.122901008e-01 3.286580239e+02
-9.113243243e-01 7.037332270e-02 -4.056298453e-01 3.475909892e+02 5.307233307e-02 9.971425830e-01 5.375868899e-02 -5.669377358e+00 4.082539693e-01 2.746387866e-02 -9.124551671e-01 3.279426750e+02
-9.115491816e-01 6.988975167e-02 -4.052079863e-01 3.472731370e+02 5.307974522e-02 9.972045490e-01 5.258923986e-02 -5.638257647e+00 4.077506962e-01 2.642934188e-02 -9.127107207e-01 3.272178070e+02
-9.116536607e-01 6.963309465e-02 -4.050170799e-01 3.469526854e+02 5.317255732e-02 9.972426758e-01 5.176605667e-02 -5.609923951e+00 4.075049472e-01 2.565692117e-02 -9.128425058e-01 3.264925373e+02
-9.111587569e-01 6.819015738e-02 -4.063739930e-01 3.466569474e+02 5.146395000e-02 9.973221565e-01 5.196131267e-02 -5.578955012e+00 4.088290371e-01 2.643139421e-02 -9.122281512e-01 3.257792549e+02
-9.105751208e-01 6.796566647e-02 -4.077175707e-01 3.463217124e+02 5.134927240e-02 9.973481163e-01 5.157506327e-02 -5.544983248e+00 4.101416847e-01 2.602696886e-02 -9.116503690e-01 3.250451354e+02
-9.097703444e-01 6.801739359e-02 -4.095015930e-01 3.460007591e+02 5.181106462e-02 9.973764092e-01 5.055602722e-02 -5.517083478e+00 4.118659176e-01 2.477766080e-02 -9.109075329e-01 3.243143128e+02
-9.091997096e-01 6.805067605e-02 -4.107614802e-01 3.456632424e+02 5.213892360e-02 9.973957979e-01 4.983126493e-02 -5.484419517e+00 4.130828256e-01 2.388991017e-02 -9.103800588e-01 3.235844513e+02
-9.084967933e-01 6.864576815e-02 -4.122151564e-01 3.453439494e+02 5.308288767e-02 9.973821923e-01 4.910162374e-02 -5.458226741e+00 4.145066751e-01 2.272709687e-02 -9.097624390e-01 3.228522139e+02
-9.081952863e-01 6.874275694e-02 -4.128628771e-01 3.450149180e+02 5.357684362e-02 9.973990888e-01 4.821389234e-02 -5.430925576e+00 4.151034133e-01 2.166773996e-02 -9.095161710e-01 3.221151637e+02
-9.078883369e-01 6.661290182e-02 -4.138858406e-01 3.446837039e+02 5.200181577e-02 9.975645857e-01 4.648342099e-02 -5.394731312e+00 4.159742526e-01 2.067894054e-02 -9.091412446e-01 3.213632864e+02
-9.074762778e-01 6.512967037e-02 -4.150240130e-01 3.443420928e+02 5.097609319e-02 9.976808674e-01 4.510348832e-02 -5.364529711e+00 4.169990926e-01 1.977404294e-02 -9.086917761e-01 3.206083349e+02
-9.070017312e-01 6.563582825e-02 -4.159805257e-01 3.439967412e+02 5.193238488e-02 9.976726263e-01 4.418549674e-02 -5.340013764e+00 4.179125352e-01 1.847346127e-02 -9.082994243e-01 3.198539822e+02
-9.065457381e-01 6.394012356e-02 -4.172367257e-01 3.436299349e+02 5.027684520e-02 9.977802047e-01 4.366808746e-02 -5.303230949e+00 4.191026885e-01 1.860977231e-02 -9.077480999e-01 3.190740209e+02
-9.056397576e-01 6.443134269e-02 -4.191243628e-01 3.433279872e+02 5.063401384e-02 9.977487561e-01 4.397290550e-02 -5.298632552e+00 4.210140450e-01 1.860166269e-02 -9.068633591e-01 3.183316221e+02
-9.051835830e-01 6.447714342e-02 -4.201016294e-01 3.429654099e+02 5.062745527e-02 9.977457744e-01 4.404804635e-02 -5.262288691e+00 4.219947177e-01 1.860289197e-02 -9.064074087e-01 3.175540809e+02
-9.045630664e-01 6.492380421e-02 -4.213674864e-01 3.426197458e+02 5.069575976e-02 9.977045581e-01 4.489492924e-02 -5.243856507e+00 4.233150114e-01 1.924875000e-02 -9.057780560e-01 3.167807176e+02
-9.040373469e-01 6.542299004e-02 -4.224172201e-01 3.422535089e+02 5.099848207e-02 9.976675537e-01 4.537187666e-02 -5.220614748e+00 4.244003184e-01 1.947523397e-02 -9.052652015e-01 3.159868947e+02
-9.032192871e-01 6.314827412e-02 -4.245082036e-01 3.419135475e+02 4.885637024e-02 9.978148895e-01 4.448034717e-02 -5.183165186e+00 4.263894635e-01 1.943557749e-02 -9.043308486e-01 3.151959091e+02
-9.027227041e-01 6.317129002e-02 -4.255597580e-01 3.415391103e+02 4.885521688e-02 9.978147901e-01 4.448384426e-02 -5.162527927e+00 4.274399224e-01 1.936576191e-02 -9.038363126e-01 3.143712696e+02
-9.028388317e-01 6.465214730e-02 -4.250907478e-01 3.411468170e+02 4.933882513e-02 9.976781022e-01 4.694767998e-02 -5.146619037e+00 4.271389989e-01 2.141271047e-02 -9.039323932e-01 3.135579880e+02
-9.028955548e-01 6.717839262e-02 -4.245782386e-01 3.407762395e+02 5.052721973e-02 9.974516383e-01 5.037091810e-02 -5.117211918e+00 4.268800970e-01 2.402692009e-02 -9.039889877e-01 3.127413942e+02
-9.035518690e-01 6.805839175e-02 -4.230390943e-01 3.403850806e+02 5.043229309e-02 9.973342728e-01 5.273454455e-02 -5.084158184e+00 4.255004157e-01 2.631356470e-02 -9.045755870e-01 3.118985627e+02
-9.043242329e-01 6.768262836e-02 -4.214460151e-01 3.400065802e+02 5.022014397e-02 9.973619853e-01 5.241190243e-02 -5.054606868e+00 4.238816096e-01 2.623227391e-02 -9.053376436e-01 3.110597340e+02
-9.053884859e-01 6.822077937e-02 -4.190675541e-01 3.396373463e+02 5.229829395e-02 9.974098682e-01 4.938059553e-02 -5.033376965e+00 4.213508967e-01 2.279210448e-02 -9.066112407e-01 3.102385360e+02
-9.072173799e-01 6.782094283e-02 -4.151589399e-01 3.392416255e+02 5.334521172e-02 9.974984063e-01 4.638122253e-02 -4.994133174e+00 4.172659991e-01 1.993110964e-02 -9.085658132e-01 3.093959288e+02
-9.085501319e-01 6.813745625e-02 -4.121819317e-01 3.388823588e+02 5.362468885e-02 9.974690707e-01 4.668881763e-02 -4.954575144e+00 4.143199856e-01 2.031600358e-02 -9.099045057e-01 3.085539172e+02
-9.101468752e-01 7.012939381e-02 -4.083069112e-01 3.385166932e+02 5.398554027e-02 9.972412839e-01 5.094490290e-02 -4.918146676e+00 4.107532435e-01 2.432467498e-02 -9.114220116e-01 3.077215759e+02
-9.113863129e-01 7.257703345e-02 -4.051019167e-01 3.381462194e+02 5.473714516e-02 9.969590244e-01 5.546664341e-02 -4.881905600e+00 4.078956161e-01 2.837741720e-02 -9.125874690e-01 3.068652285e+02
-9.124518238e-01 7.452674264e-02 -4.023399483e-01 3.377752311e+02 5.656923365e-02 9.968071697e-01 5.635058383e-02 -4.845403986e+00 4.052549705e-01 2.865713044e-02 -9.137544406e-01 3.059968123e+02
-9.137969751e-01 7.300649927e-02 -3.995561779e-01 3.374126565e+02 5.566622937e-02 9.969417065e-01 5.484983880e-02 -4.813212283e+00 4.023386126e-01 2.787983093e-02 -9.150663123e-01 3.051411933e+02
-9.148285336e-01 7.279916122e-02 -3.972266811e-01 3.370489794e+02 5.701387296e-02 9.970482201e-01 5.142241772e-02 -4.775266502e+00 3.997976642e-01 2.439526347e-02 -9.162787233e-01 3.043034857e+02
-9.157049566e-01 7.351963409e-02 -3.950687229e-01 3.366792922e+02 5.815624007e-02 9.970171275e-01 5.074149369e-02 -4.735323764e+00 3.976207793e-01 2.348852579e-02 -9.172491510e-01 3.034291326e+02
-9.166536118e-01 7.212052397e-02 -3.931218464e-01 3.363089938e+02 5.623588447e-02 9.970732671e-01 5.179213531e-02 -4.706780120e+00 3.957065597e-01 2.536789316e-02 -9.180265729e-01 3.025630360e+02
-9.172693594e-01 7.195270377e-02 -3.917138378e-01 3.359393642e+02 5.503212314e-02 9.970086591e-01 5.426968953e-02 -4.671762990e+00 3.944469390e-01 2.822307920e-02 -9.184852041e-01 3.016891017e+02
-9.174322271e-01 7.207472540e-02 -3.913097783e-01 3.355625739e+02 5.490591057e-02 9.969808605e-01 5.490450565e-02 -4.640777994e+00 3.940855867e-01 2.888594320e-02 -9.186196997e-01 3.008082185e+02
-9.170051100e-01 6.795607176e-02 -3.930440185e-01 3.352029478e+02 5.154848467e-02 9.973071956e-01 5.216427303e-02 -4.610067681e+00 3.955305069e-01 2.757408136e-02 -9.180388271e-01 2.999210004e+02
-9.161444786e-01 6.384169066e-02 -3.957316425e-01 3.348240624e+02 5.000772715e-02 9.977260626e-01 4.518773233e-02 -4.575157712e+00 3.977166348e-01 2.160885147e-02 -9.172538013e-01 2.990329993e+02
-9.148205091e-01 6.077791151e-02 -3.992611696e-01 3.344560882e+02 4.810261265e-02 9.979715483e-01 4.170044853e-02 -4.539827258e+00 4.009857538e-01 1.894292016e-02 -9.158884163e-01 2.981416286e+02
-9.135884894e-01 5.784496068e-02 -4.025046988e-01 3.340651455e+02 4.414167653e-02 9.980887828e-01 4.324689592e-02 -4.507922919e+00 4.042370398e-01 2.174263410e-02 -9.143957969e-01 2.972329054e+02
-9.117023394e-01 5.797605695e-02 -4.067402379e-01 3.337255196e+02 4.269677727e-02 9.980030735e-01 4.654944246e-02 -4.494171948e+00 4.086267606e-01 2.507273825e-02 -9.123571276e-01 2.963857839e+02
-9.099921735e-01 5.583648189e-02 -4.108485506e-01 3.333007274e+02 4.068208899e-02 9.981335920e-01 4.554448501e-02 -4.458742498e+00 4.126247834e-01 2.473094761e-02 -9.105653015e-01 2.954636655e+02
-9.080376248e-01 5.438559675e-02 -4.153430858e-01 3.329013065e+02 3.911841216e-02 9.982124230e-01 4.518526706e-02 -4.433732456e+00 4.170580558e-01 2.478236056e-02 -9.085419158e-01 2.945600710e+02
-9.063667347e-01 5.463099594e-02 -4.189448610e-01 3.324875378e+02 3.808829219e-02 9.981325926e-01 4.775572744e-02 -4.399381200e+00 4.207714632e-01 2.732730846e-02 -9.067549801e-01 2.936511768e+02
-9.045317581e-01 5.769559285e-02 -4.224849314e-01 3.320499955e+02 3.976871854e-02 9.978997963e-01 5.113164956e-02 -4.366898027e+00 4.245476978e-01 2.944851654e-02 -9.049265369e-01 2.927249926e+02
-9.029566762e-01 5.888633252e-02 -4.256778604e-01 3.316290023e+02 4.004519764e-02 9.977867563e-01 5.308456526e-02 -4.338218413e+00 4.278616869e-01 3.088670855e-02 -9.033163278e-01 2.918229440e+02
-9.013670665e-01 6.087920016e-02 -4.287553316e-01 3.311867543e+02 4.186083830e-02 9.976815669e-01 5.365781621e-02 -4.307601199e+00 4.310279360e-01 3.041733078e-02 -9.018257616e-01 2.909013723e+02
-9.002958026e-01 6.401948105e-02 -4.305449731e-01 3.307446470e+02 4.455695928e-02 9.974834909e-01 5.514855242e-02 -4.273184291e+00 4.329920845e-01 3.046623542e-02 -9.008827134e-01 2.899743716e+02
-8.993022472e-01 6.741050393e-02 -4.321010209e-01 3.303102212e+02 4.717375897e-02 9.972363665e-01 5.739569534e-02 -4.232326615e+00 4.347759247e-01 3.123224839e-02 -8.999969122e-01 2.890587120e+02
-8.984616474e-01 7.018084904e-02 -4.334066411e-01 3.298745898e+02 4.938110217e-02 9.970311501e-01 5.907954287e-02 -4.188762083e+00 4.362661743e-01 3.167860579e-02 -8.992598574e-01 2.881259380e+02
-8.979540434e-01 7.202019542e-02 -4.341562246e-01 3.294170401e+02 5.230419111e-02 9.969912928e-01 5.720693713e-02 -4.137273621e+00 4.369700305e-01 2.866101036e-02 -8.990193207e-01 2.871965659e+02
-8.974628008e-01 7.273172929e-02 -4.350524298e-01 3.289652795e+02 5.451463233e-02 9.970394163e-01 5.422690390e-02 -4.086891542e+00 4.377084372e-01 2.494990580e-02 -8.987707306e-01 2.862506254e+02
-8.974766295e-01 7.066947031e-02 -4.353636704e-01 3.285104854e+02 5.371240210e-02 9.972454948e-01 5.115076614e-02 -4.044085107e+00 4.377792564e-01 2.252218866e-02 -8.988003525e-01 2.853084060e+02
-8.974486268e-01 7.032600554e-02 -4.354769973e-01 3.280604678e+02 5.439390750e-02 9.973184331e-01 4.896167696e-02 -4.003870584e+00 4.377525158e-01 2.025329425e-02 -8.988673645e-01 2.843701314e+02
-8.977218063e-01 6.965621402e-02 -4.350213448e-01 3.276185749e+02 5.419360714e-02 9.973824827e-01 4.786685766e-02 -3.968701363e+00 4.372168930e-01 1.939574606e-02 -8.991469255e-01 2.834403101e+02
-8.980353843e-01 6.815248537e-02 -4.346121112e-01 3.271721443e+02 5.262443077e-02 9.974755086e-01 4.767891542e-02 -3.937559252e+00 4.367643733e-01 1.994613817e-02 -8.993547875e-01 2.824912427e+02
-8.986970529e-01 6.747935484e-02 -4.333476016e-01 3.267163186e+02 5.264394726e-02 9.975459796e-01 4.615878522e-02 -3.911308489e+00 4.353989227e-01 1.866963597e-02 -9.000440116e-01 2.815299538e+02
-8.994553809e-01 6.611445311e-02 -4.319825192e-01 3.262537814e+02 5.244122894e-02 9.976760306e-01 4.350236123e-02 -3.871157860e+00 4.338547398e-01 1.647473871e-02 -9.008321973e-01 2.805576189e+02
-9.001493063e-01 6.575126128e-02 -4.305902901e-01 3.257945381e+02 5.200435243e-02 9.976931979e-01 4.363290300e-02 -3.840955042e+00 4.324659219e-01 1.688355816e-02 -9.014921918e-01 2.795817594e+02
-9.007913857e-01 6.639684172e-02 -4.291460578e-01 3.253460754e+02 5.166276267e-02 9.976089051e-01 4.590676913e-02 -3.803254477e+00 4.311679933e-01 1.918155124e-02 -9.020677522e-01 2.786037175e+02
-9.013024137e-01 6.634734109e-02 -4.280794196e-01 3.248957554e+02 5.113602523e-02 9.975875002e-01 4.694982814e-02 -3.773047340e+00 4.301616743e-01 2.042571342e-02 -9.025207611e-01 2.776130359e+02
-9.023913049e-01 6.490766591e-02 -4.260010889e-01 3.244266246e+02 5.068827568e-02 9.977161587e-01 4.464488089e-02 -3.734783473e+00 4.279259650e-01 1.869389169e-02 -9.036204440e-01 2.766283750e+02
-9.034097883e-01 6.343247835e-02 -4.240602258e-01 3.239531442e+02 4.927328536e-02 9.978031146e-01 4.428417244e-02 -3.705918033e+00 4.259376689e-01 1.911191433e-02 -9.045506271e-01 2.756255027e+02
-9.042062513e-01 6.321059774e-02 -4.223925609e-01 3.235193989e+02 4.788190491e-02 9.977553991e-01 4.681331838e-02 -3.692178434e+00 4.244035560e-01 2.210393468e-02 -9.052033129e-01 2.746534011e+02
-9.051331417e-01 6.482019773e-02 -4.201575153e-01 3.230549842e+02 4.785334400e-02 9.975611950e-01 5.081062587e-02 -3.650353206e+00 4.224263879e-01 2.588443931e-02 -9.060275617e-01 2.736480020e+02
-9.063570532e-01 6.579779482e-02 -4.173578110e-01 3.225869234e+02 4.723566518e-02 9.973870312e-01 5.466170356e-02 -3.614598678e+00 4.198638876e-01 2.982884675e-02 -9.070967731e-01 2.726550069e+02
-9.067778967e-01 6.739827922e-02 -4.161866385e-01 3.221395208e+02 4.837979476e-02 9.972529485e-01 5.608878802e-02 -3.566521637e+00 4.188236402e-01 3.072504908e-02 -9.075476460e-01 2.716479193e+02
-9.071083155e-01 6.928022789e-02 -4.151563006e-01 3.216936494e+02 5.090735978e-02 9.971781001e-01 5.517497051e-02 -3.519714159e+00 4.178073057e-01 2.891516339e-02 -9.080754201e-01 2.706589992e+02
-9.070098932e-01 6.914003981e-02 -4.153946419e-01 3.212417131e+02 5.187207957e-02 9.972608680e-01 5.272616581e-02 -3.470816271e+00 4.179023104e-01 2.627577009e-02 -9.081119110e-01 2.696254902e+02
-9.074415119e-01 7.036835592e-02 -4.142441272e-01 3.207906895e+02 5.498943836e-02 9.972862946e-01 4.895108105e-02 -3.430073638e+00 4.165645978e-01 2.164119110e-02 -9.088484993e-01 2.686324673e+02
-9.079691701e-01 7.199540466e-02 -4.128058234e-01 3.203407760e+02 5.788780348e-02 9.972349838e-01 4.659816849e-02 -3.396388694e+00 4.150192626e-01 1.841327799e-02 -9.096262765e-01 2.676395004e+02
-9.089200583e-01 7.120173679e-02 -4.108462489e-01 3.198878285e+02 5.699218500e-02 9.972795057e-01 4.674910094e-02 -3.355808220e+00 4.130571612e-01 1.907617012e-02 -9.105052890e-01 2.666299518e+02
-9.095956960e-01 7.156890308e-02 -4.092842067e-01 3.194207120e+02 5.748160953e-02 9.972566924e-01 4.663640233e-02 -3.322286214e+00 4.114991304e-01 1.889395588e-02 -9.112142910e-01 2.656234855e+02
-9.102739685e-01 6.995974747e-02 -4.080526142e-01 3.189759662e+02 5.639238023e-02 9.973849765e-01 4.520075279e-02 -3.289988466e+00 4.101477803e-01 1.813401045e-02 -9.118387774e-01 2.646167479e+02
-9.109412043e-01 6.772501365e-02 -4.069391168e-01 3.185259714e+02 5.480733184e-02 9.975562857e-01 4.333143575e-02 -3.249926757e+00 4.088792959e-01 1.716914306e-02 -9.124269515e-01 2.636052204e+02
-9.113064194e-01 6.829598114e-02 -4.060249609e-01 3.181077547e+02 5.496579448e-02 9.974998054e-01 4.441733460e-02 -3.220986200e+00 4.080433450e-01 1.816031760e-02 -9.127819189e-01 2.626184465e+02
-9.118708346e-01 6.859810707e-02 -4.047046834e-01 3.176771099e+02 5.491412499e-02 9.974611335e-01 4.534011441e-02 -3.188187730e+00 4.067874382e-01 1.912032440e-02 -9.133227213e-01 2.616188423e+02
-9.128579870e-01 6.892944858e-02 -4.024164841e-01 3.172378051e+02 5.580811877e-02 9.974601884e-01 4.425637246e-02 -3.155326101e+00 4.044449894e-01 1.794167614e-02 -9.143863225e-01 2.606381788e+02
-9.135566164e-01 7.060655859e-02 -4.005359191e-01 3.168106042e+02 5.785477655e-02 9.973611772e-01 4.385780563e-02 -3.130398897e+00 4.025756245e-01 1.689367241e-02 -9.152308290e-01 2.596507945e+02
-9.141140085e-01 7.214035783e-02 -3.989879048e-01 3.163845776e+02 5.860836354e-02 9.972193272e-01 4.602904686e-02 -3.107821112e+00 4.011990019e-01 1.869176836e-02 -9.158001849e-01 2.586347950e+02
-9.146826616e-01 7.418392888e-02 -3.973063972e-01 3.159734481e+02 5.968545470e-02 9.970259520e-01 4.875343537e-02 -3.085779495e+00 3.997415103e-01 2.088050905e-02 -9.163900530e-01 2.576452842e+02
-9.151370249e-01 7.487710669e-02 -3.961283183e-01 3.155300672e+02 6.033124840e-02 9.969714327e-01 4.907242493e-02 -3.052683745e+00 3.986030182e-01 2.100907698e-02 -9.168829001e-01 2.565963975e+02
-9.156260929e-01 7.576388269e-02 -3.948274206e-01 3.151023926e+02 6.157501239e-02 9.969231607e-01 4.850494261e-02 -3.019590245e+00 3.972875228e-01 2.010088778e-02 -9.174740206e-01 2.555666015e+02
-9.161911541e-01 7.716976969e-02 -3.932411419e-01 3.146538999e+02 6.295509916e-02 9.968157070e-01 4.893977644e-02 -2.984123132e+00 3.957656182e-01 2.008165518e-02 -9.181319636e-01 2.545366966e+02
-9.166274779e-01 7.751087429e-02 -3.921557486e-01 3.142239048e+02 6.286078203e-02 9.967648923e-01 5.008264762e-02 -2.945097505e+00 3.947690323e-01 2.125591394e-02 -9.185344834e-01 2.535178540e+02
-9.170377776e-01 7.807864873e-02 -3.910823943e-01 3.137918382e+02 6.353071978e-02 9.967254389e-01 5.002246494e-02 -2.917030912e+00 3.937074576e-01 2.102674408e-02 -9.189952741e-01 2.524988212e+02
-9.174889140e-01 7.926099528e-02 -3.897842832e-01 3.133550665e+02 6.535861348e-02 9.966666587e-01 4.882441095e-02 -2.894023762e+00 3.923548705e-01 1.932009548e-02 -9.196109990e-01 2.514862105e+02
-9.178423786e-01 7.720362856e-02 -3.893648261e-01 3.129285235e+02 6.375656085e-02 9.968409606e-01 4.736243379e-02 -2.857834042e+00 3.917913590e-01 1.864668666e-02 -9.198651162e-01 2.504647639e+02
-9.181023986e-01 7.643260015e-02 -3.889036428e-01 3.124897085e+02 6.348726251e-02 9.969195982e-01 4.605086475e-02 -2.824817769e+00 3.912254506e-01 1.758898172e-02 -9.201267709e-01 2.494337801e+02
-9.181515081e-01 7.547204963e-02 -3.889752920e-01 3.120715795e+02 6.247514022e-02 9.969870542e-01 4.597467393e-02 -2.787955804e+00 3.912731334e-01 1.791043029e-02 -9.201002943e-01 2.484169155e+02
-9.182349569e-01 7.511300382e-02 -3.888477858e-01 3.116635653e+02 6.171493832e-02 9.969935504e-01 4.685218045e-02 -2.751199109e+00 3.911979425e-01 1.902359278e-02 -9.201099242e-01 2.474275114e+02
-9.183237958e-01 7.512916184e-02 -3.886348095e-01 3.112494204e+02 6.145189803e-02 9.969780127e-01 4.752374659e-02 -2.729621013e+00 3.910307793e-01 1.975984067e-02 -9.201654625e-01 2.464407028e+02
-9.185891876e-01 7.408498670e-02 -3.882078299e-01 3.108368854e+02 6.053445525e-02 9.970571548e-01 4.703838660e-02 -2.707712052e+00 3.905502325e-01 1.970900383e-02 -9.203706161e-01 2.454675357e+02
-9.188339822e-01 7.211740146e-02 -3.879989607e-01 3.104364201e+02 5.909775032e-02 9.972192016e-01 4.540176141e-02 -2.676498523e+00 3.901942709e-01 1.878681553e-02 -9.205408663e-01 2.445069827e+02
-9.189698576e-01 6.991776938e-02 -3.880797681e-01 3.100739802e+02 5.699789563e-02 9.973722550e-01 4.471940230e-02 -2.650639878e+00 3.901866742e-01 1.897605265e-02 -9.205402048e-01 2.435851603e+02
-9.195167036e-01 6.692961267e-02 -3.873105456e-01 3.096714689e+02 5.386248465e-02 9.975559302e-01 4.450841294e-02 -2.622504846e+00 3.893428624e-01 2.006472083e-02 -9.208743359e-01 2.426503333e+02
-9.198973993e-01 6.710382710e-02 -3.863752724e-01 3.092972886e+02 5.311324010e-02 9.974919012e-01 4.678558364e-02 -2.600534703e+00 3.885456968e-01 2.251629410e-02 -9.211543074e-01 2.417496262e+02
-9.200373906e-01 6.805825692e-02 -3.858746864e-01 3.089559850e+02 5.273845671e-02 9.973476780e-01 5.016237939e-02 -2.582542230e+00 3.882651866e-01 2.580082920e-02 -9.211864426e-01 2.408873192e+02
-9.201506720e-01 6.978002766e-02 -3.852966242e-01 3.086031658e+02 5.289033863e-02 9.971242407e-01 5.427578431e-02 -2.556479102e+00 3.879759695e-01 2.956343049e-02 -9.211952294e-01 2.400275790e+02
-9.203679801e-01 7.180895756e-02 -3.844037654e-01 3.082546090e+02 5.366416669e-02 9.968883946e-01 5.773808094e-02 -2.538556152e+00 3.873537640e-01 3.251157318e-02 -9.213577259e-01 2.391939166e+02
-9.202431360e-01 7.108441079e-02 -3.848370788e-01 3.079200444e+02 5.268496143e-02 9.969160852e-01 5.816024398e-02 -2.510383827e+00 3.877845607e-01 3.324643866e-02 -9.211502640e-01 2.383775286e+02
-9.195283461e-01 6.895732711e-02 -3.869270057e-01 3.075727900e+02 5.100193597e-02 9.970993317e-01 5.649535603e-02 -2.484974380e+00 3.897004275e-01 3.221505493e-02 -9.203780566e-01 2.375538766e+02
-9.179459176e-01 6.757854055e-02 -3.909071926e-01 3.072274767e+02 5.009066511e-02 9.972415546e-01 5.477414511e-02 -2.461722811e+00 3.935304532e-01 3.069890162e-02 -9.187988680e-01 2.367330407e+02
-9.158355649e-01 6.752677531e-02 -3.958350068e-01 3.068788833e+02 4.981645001e-02 9.972503054e-01 5.486483080e-02 -2.434023083e+00 3.984514265e-01 3.052806848e-02 -9.166812411e-01 2.359130928e+02
-9.135448834e-01 6.860918094e-02 -4.009096237e-01 3.065091804e+02 5.066779052e-02 9.971890802e-01 5.519704179e-02 -2.394071176e+00 4.035697227e-01 3.011177028e-02 -9.144532575e-01 2.350885576e+02
-9.112837250e-01 6.975161286e-02 -4.058283935e-01 3.061541383e+02 5.192201421e-02 9.971467974e-01 5.479387645e-02 -2.364281157e+00 4.084924441e-01 2.886134023e-02 -9.123052922e-01 2.342914949e+02
-9.093628214e-01 7.073783278e-02 -4.099456283e-01 3.058076441e+02 5.334917050e-02 9.971300544e-01 5.371704277e-02 -2.333589213e+00 4.125689338e-01 2.697802235e-02 -9.105268042e-01 2.335058515e+02
-9.083268929e-01 7.313682157e-02 -4.118170236e-01 3.054530388e+02 5.601734116e-02 9.969950277e-01 5.350674874e-02 -2.303883367e+00 4.144928384e-01 2.553272412e-02 -9.096943261e-01 2.327205210e+02
-9.082523052e-01 7.401872328e-02 -4.118239656e-01 3.050891584e+02 5.755619385e-02 9.969738566e-01 5.225336082e-02 -2.264460146e+00 4.144454543e-01 2.375621543e-02 -9.097640396e-01 2.319243707e+02
-9.088521957e-01 7.525493103e-02 -4.102735450e-01 3.047453828e+02 5.977601892e-02 9.969363031e-01 5.044635935e-02 -2.229482364e+00 4.128129285e-01 2.132376527e-02 -9.105661882e-01 2.311364382e+02
-9.102245152e-01 7.463779316e-02 -4.073334404e-01 3.044024714e+02 6.090150538e-02 9.970551340e-01 4.660543368e-02 -2.204508476e+00 4.096124247e-01 1.761418856e-02 -9.120895800e-01 2.303507754e+02
-9.121710318e-01 7.167152148e-02 -4.034937444e-01 3.040530396e+02 5.946381161e-02 9.973158492e-01 4.272179721e-02 -2.172938738e+00 4.054726426e-01 1.497630984e-02 -9.139844891e-01 2.295583352e+02
-9.138563397e-01 7.081607701e-02 -3.998145490e-01 3.037190478e+02 5.970935998e-02 9.974066063e-01 4.018524570e-02 -2.151213130e+00 4.016234339e-01 1.285087071e-02 -9.157147331e-01 2.287742647e+02
-9.153719680e-01 6.977990186e-02 -3.965159838e-01 3.033777417e+02 5.880743377e-02 9.974764619e-01 3.977931251e-02 -2.131242095e+00 3.982911571e-01 1.309478012e-02 -9.171655690e-01 2.279721136e+02
-9.167075413e-01 6.829279531e-02 -3.936792830e-01 3.030341798e+02 5.699868289e-02 9.975595555e-01 4.032472313e-02 -2.110047099e+00 3.954724187e-01 1.452677719e-02 -9.183629668e-01 2.271678416e+02
-9.177208550e-01 6.533736573e-02 -3.918155956e-01 3.027195417e+02 5.367999434e-02 9.977305948e-01 4.064625973e-02 -2.089605169e+00 3.935821268e-01 1.626926128e-02 -9.191454839e-01 2.263846540e+02
-9.182473721e-01 6.601600101e-02 -3.904659411e-01 3.023815644e+02 5.408904956e-02 9.976743138e-01 4.147696169e-02 -2.064746728e+00 3.922959830e-01 1.696617944e-02 -9.196825596e-01 2.255841122e+02
-9.181538204e-01 6.405467094e-02 -3.910122265e-01 3.020486875e+02 5.152392207e-02 9.977684593e-01 4.246630494e-02 -2.055424432e+00 3.928598320e-01 1.884411663e-02 -9.194052706e-01 2.247998108e+02
-9.173652778e-01 6.150758740e-02 -3.932655131e-01 3.017107973e+02 4.838545517e-02 9.978938840e-01 4.320467520e-02 -2.042167686e+00 3.950946657e-01 2.060613801e-02 -9.184092727e-01 2.239747856e+02
-9.163056508e-01 5.985562484e-02 -3.959813865e-01 3.013629746e+02 4.669139138e-02 9.979916070e-01 4.280965227e-02 -2.002746791e+00 3.977484988e-01 2.073780438e-02 -9.172600914e-01 2.231591758e+02
-9.152108389e-01 5.861448458e-02 -3.986896821e-01 3.010175188e+02 4.585628896e-02 9.980868366e-01 4.147128344e-02 -1.977981952e+00 4.003577415e-01 1.967253884e-02 -9.161477337e-01 2.223565883e+02
-9.144342239e-01 5.993836254e-02 -4.002717113e-01 3.006461085e+02 4.792644844e-02 9.980511173e-01 3.996276672e-02 -1.949355505e+00 4.018869315e-01 1.735972004e-02 -9.155247317e-01 2.215232254e+02
-9.140214242e-01 6.200206899e-02 -4.008997126e-01 3.002833993e+02 5.029680973e-02 9.979462827e-01 3.966670991e-02 -1.927725876e+00 4.025357960e-01 1.609224611e-02 -9.152627888e-01 2.207284136e+02
-9.134800756e-01 6.156494952e-02 -4.021988420e-01 2.999209386e+02 4.890979019e-02 9.979335881e-01 4.166996617e-02 -1.905633926e+00 4.039331429e-01 1.839322287e-02 -9.146035783e-01 2.198832652e+02
-9.127241060e-01 6.272931411e-02 -4.037322620e-01 2.995535916e+02 4.986675142e-02 9.978594475e-01 4.230638522e-02 -1.884739339e+00 4.055219024e-01 1.848124128e-02 -9.138984792e-01 2.190294939e+02
-9.120561220e-01 6.427182051e-02 -4.049972387e-01 2.991812140e+02 5.168994789e-02 9.977821791e-01 4.193891236e-02 -1.850477669e+00 4.067945176e-01 1.731635560e-02 -9.133555520e-01 2.181607136e+02
-9.118242868e-01 6.395918578e-02 -4.055683574e-01 2.988144534e+02 5.140037145e-02 9.978031931e-01 4.179461352e-02 -1.829744801e+00 4.073505515e-01 1.726297945e-02 -9.131087108e-01 2.173206185e+02
-9.118384602e-01 6.420091420e-02 -4.054982923e-01 2.984512518e+02 5.171401213e-02 9.977914587e-01 4.168771845e-02 -1.803230078e+00 4.072791222e-01 1.704252139e-02 -9.131447142e-01 2.164788648e+02
-9.122447519e-01 6.412474662e-02 -4.045955134e-01 2.980784350e+02 5.179446341e-02 9.978008799e-01 4.136106461e-02 -1.781875639e+00 4.063580271e-01 1.677560661e-02 -9.135599230e-01 2.156358797e+02
-9.126475578e-01 6.417277536e-02 -4.036784488e-01 2.977051314e+02 5.176270456e-02 9.977929036e-01 4.159259431e-02 -1.759000585e+00 4.054566038e-01 1.706389133e-02 -9.139550131e-01 2.147846867e+02
-9.128423128e-01 6.455094669e-02 -4.031774886e-01 2.973319092e+02 5.207917882e-02 9.977663270e-01 4.183438664e-02 -1.727844719e+00 4.049773712e-01 1.719104573e-02 -9.141650818e-01 2.139261496e+02
-9.130040404e-01 6.501894745e-02 -4.027358423e-01 2.969425987e+02 5.211502294e-02 9.977179272e-01 4.292973496e-02 -1.697021221e+00 4.046080159e-01 1.820643381e-02 -9.143089627e-01 2.130428649e+02
-9.129626437e-01 6.454544294e-02 -4.029058165e-01 2.965625888e+02 5.049268352e-02 9.976912593e-01 4.541629745e-02 -1.669910575e+00 4.049070264e-01 2.111958711e-02 -9.141139223e-01 2.121660237e+02
-9.125647195e-01 6.606140407e-02 -4.035610531e-01 2.961756601e+02 5.155710022e-02 9.975768764e-01 4.671446435e-02 -1.648323557e+00 4.056691979e-01 2.182353440e-02 -9.137593968e-01 2.112829268e+02
-9.121156529e-01 6.581790056e-02 -4.046146805e-01 2.957936423e+02 5.162267559e-02 9.976109512e-01 4.590739989e-02 -1.618297254e+00 4.066695649e-01 2.098556563e-02 -9.133342603e-01 2.103987871e+02
-9.114595325e-01 6.588249703e-02 -4.060800626e-01 2.953919545e+02 5.186966047e-02 9.976199519e-01 4.543093526e-02 -1.589000863e+00 4.081066760e-01 2.034522404e-02 -9.127075177e-01 2.094958815e+02
-9.102894583e-01 6.511926946e-02 -4.088185207e-01 2.949725683e+02 5.084191465e-02 9.976602278e-01 4.570743571e-02 -1.548561483e+00 4.108384133e-01 2.082188055e-02 -9.114703766e-01 2.085746658e+02
-9.085611055e-01 6.495693142e-02 -4.126709519e-01 2.945765429e+02 5.035391687e-02 9.976633948e-01 4.617611742e-02 -1.515926320e+00 4.147061617e-01 2.117422548e-02 -9.097089928e-01 2.076844874e+02
-9.070992529e-01 6.574577330e-02 -4.157504524e-01 2.941571244e+02 5.064856741e-02 9.975981530e-01 4.725090311e-02 -1.483482311e+00 4.178584306e-01 2.180409410e-02 -9.082504685e-01 2.067698070e+02
-9.059069006e-01 6.677104981e-02 -4.181797632e-01 2.937315818e+02 5.142770486e-02 9.975288801e-01 4.786778220e-02 -1.450469565e+00 4.203425729e-01 2.185772877e-02 -9.071021779e-01 2.058506116e+02
-9.048931478e-01 6.771082053e-02 -4.202185572e-01 2.933122824e+02 5.212961740e-02 9.974634400e-01 4.846843158e-02 -1.417549356e+00 4.224344849e-01 2.195291901e-02 -9.061275712e-01 2.049342115e+02
-9.042788777e-01 6.835572596e-02 -4.214346997e-01 2.928801456e+02 5.309291161e-02 9.974419862e-01 4.786049314e-02 -1.377758740e+00 4.236282027e-01 2.090403776e-02 -9.055949244e-01 2.040017045e+02
-9.040920968e-01 6.881341363e-02 -4.217608262e-01 2.924509819e+02 5.332464515e-02 9.974023194e-01 4.842618574e-02 -1.345861245e+00 4.239975975e-01 2.129148541e-02 -9.054130052e-01 2.030838582e+02
-9.039353522e-01 7.038371814e-02 -4.218376598e-01 2.920179460e+02 5.467752381e-02 9.972896054e-01 4.923221830e-02 -1.312802223e+00 4.241594599e-01 2.143770390e-02 -9.053337382e-01 2.021651437e+02
-9.041204925e-01 7.209350705e-02 -4.211515895e-01 2.915772384e+02 5.649480962e-02 9.971791721e-01 4.941695365e-02 -1.280502074e+00 4.235262348e-01 2.088600160e-02 -9.056430331e-01 2.012488656e+02
-9.041709161e-01 7.367666311e-02 -4.207691811e-01 2.911525887e+02 5.814352941e-02 9.970730401e-01 4.964557091e-02 -1.242087089e+00 4.231953266e-01 2.042307608e-02 -9.058082653e-01 2.003033157e+02
-9.045584679e-01 7.548655264e-02 -4.196138206e-01 2.907163046e+02 5.984573880e-02 9.969377296e-01 5.033538354e-02 -1.210720549e+00 4.221284942e-01 2.041919832e-02 -9.063060138e-01 1.993619747e+02
-9.048773230e-01 7.608920862e-02 -4.188167411e-01 2.902535531e+02 6.056398427e-02 9.968980994e-01 5.026115107e-02 -1.166775284e+00 4.213419444e-01 2.011496531e-02 -9.066787491e-01 1.983783886e+02
-9.050828591e-01 7.464084697e-02 -4.186332072e-01 2.898079203e+02 5.936792475e-02 9.970125525e-01 4.941072503e-02 -1.120065415e+00 4.210706208e-01 1.986741554e-02 -9.068102437e-01 1.974016285e+02
-9.054225087e-01 7.448123088e-02 -4.179265808e-01 2.893376098e+02 5.968648162e-02 9.970440467e-01 4.838070811e-02 -1.087874954e+00 4.202946640e-01 1.886041493e-02 -9.071916447e-01 1.964032918e+02
-9.059519628e-01 7.438722244e-02 -4.167944124e-01 2.888563389e+02 6.062484760e-02 9.970917753e-01 4.618029281e-02 -1.037698112e+00 4.190175043e-01 1.656902918e-02 -9.078269650e-01 1.954011945e+02
-9.061521921e-01 7.560760777e-02 -4.161390325e-01 2.884238325e+02 6.255235547e-02 9.970294126e-01 4.493943916e-02 -1.008177043e+00 4.183006186e-01 1.469149462e-02 -9.081898218e-01 1.944153152e+02
-9.063984795e-01 7.635274357e-02 -4.154660695e-01 2.879850838e+02 6.372636934e-02 9.969883633e-01 4.419449366e-02 -9.727583389e-01 4.175892075e-01 1.358167766e-02 -9.085344197e-01 1.934351726e+02
-9.069227818e-01 7.598842771e-02 -4.143872907e-01 2.875300905e+02 6.368081207e-02 9.970236241e-01 4.345856825e-02 -9.461183429e-01 4.164562666e-01 1.302504643e-02 -9.090624435e-01 1.924207975e+02
-9.074363375e-01 7.669872619e-02 -4.131302443e-01 2.870747221e+02 6.537900600e-02 9.969975370e-01 4.149092348e-02 -9.163130378e-01 4.150721370e-01 1.064032692e-02 -9.097262800e-01 1.914146508e+02
-9.081112675e-01 7.532175669e-02 -4.118987240e-01 2.866400929e+02 6.476062889e-02 9.971163773e-01 3.955996809e-02 -8.894212153e-01 4.136906898e-01 9.250032356e-03 -9.103705015e-01 1.904331809e+02
-9.087107888e-01 7.415036818e-02 -4.107875669e-01 2.861953184e+02 6.430873804e-02 9.972159101e-01 3.774671891e-02 -8.713065397e-01 4.124428305e-01 7.883620686e-03 -9.109493729e-01 1.894277374e+02
-9.092758052e-01 7.288204300e-02 -4.097630021e-01 2.857503568e+02 6.397129608e-02 9.973224847e-01 3.543352713e-02 -8.431979607e-01 4.112483232e-01 6.005778589e-03 -9.115035641e-01 1.884115483e+02
-9.099479504e-01 7.155966710e-02 -4.085020705e-01 2.853115236e+02 6.331519119e-02 9.974248169e-01 3.368859156e-02 -8.175401405e-01 4.098608473e-01 4.790478149e-03 -9.121354818e-01 1.873971845e+02
-9.107932102e-01 7.109402996e-02 -4.066956690e-01 2.848476985e+02 6.324339512e-02 9.974612283e-01 3.273180561e-02 -7.944419045e-01 4.079901975e-01 4.091091419e-03 -9.129771420e-01 1.863732729e+02
-9.114455292e-01 7.224723069e-02 -4.050276348e-01 2.844012514e+02 6.360124596e-02 9.973690509e-01 3.478301088e-02 -7.720171064e-01 4.064750039e-01 5.942557533e-03 -9.136425763e-01 1.853523787e+02
-9.119866982e-01 7.489299991e-02 -4.033253040e-01 2.839295337e+02 6.408514096e-02 9.971324445e-01 4.024900945e-02 -7.486997968e-01 4.051831154e-01 1.085940227e-02 -9.141710542e-01 1.843120497e+02
-9.125970479e-01 7.579251471e-02 -4.017737210e-01 2.834457862e+02 6.289028759e-02 9.969951216e-01 4.522763852e-02 -7.079275225e-01 4.039943563e-01 1.600694454e-02 -9.146214178e-01 1.832448699e+02
-9.127490528e-01 7.789053674e-02 -4.010264716e-01 2.829959294e+02 6.467775783e-02 9.968267426e-01 4.640294131e-02 -6.786202126e-01 4.033682614e-01 1.641674771e-02 -9.148904503e-01 1.822079382e+02
-9.132185534e-01 7.541826858e-02 -4.004297172e-01 2.825197335e+02 6.241742804e-02 9.970155331e-01 4.543227220e-02 -6.277222867e-01 4.026610713e-01 1.649580083e-02 -9.152004973e-01 1.811324724e+02
-9.133273284e-01 7.572169634e-02 -4.001242505e-01 2.820872521e+02 6.210535742e-02 9.969666280e-01 4.690913901e-02 -6.057234463e-01 4.024625643e-01 1.799353903e-02 -9.152595899e-01 1.800906406e+02
-9.135176742e-01 7.546467612e-02 -3.997380913e-01 2.816533355e+02 6.073873345e-02 9.969305037e-01 4.940017349e-02 -5.564569852e-01 4.022390648e-01 2.084834621e-02 -9.152972638e-01 1.790603500e+02
-9.136501742e-01 7.660857749e-02 -3.992173405e-01 2.812073577e+02 6.090526770e-02 9.967936596e-01 5.189362727e-02 -5.260190054e-01 4.019128108e-01 2.309818260e-02 -9.153865667e-01 1.780262430e+02
-9.135389859e-01 7.831332160e-02 -3.991410088e-01 2.807462398e+02 6.216019854e-02 9.966432493e-01 5.327610567e-02 -4.874767806e-01 4.019734208e-01 2.385911519e-02 -9.153404348e-01 1.769721464e+02
-9.135301509e-01 7.770786381e-02 -3.992795403e-01 2.802945361e+02 6.190083891e-02 9.967082669e-01 5.235376583e-02 -4.464873769e-01 4.020335179e-01 2.311100509e-02 -9.153332354e-01 1.759308114e+02
-9.131955288e-01 7.652174406e-02 -4.002728431e-01 2.798542564e+02 6.179887699e-02 9.968562717e-01 4.958298489e-02 -4.147371337e-01 4.028086705e-01 2.054254792e-02 -9.150536480e-01 1.748743597e+02
-9.127139171e-01 7.331102316e-02 -4.019686548e-01 2.794352488e+02 5.989057669e-02 9.971503739e-01 4.587211238e-02 -3.843551292e-01 4.041861259e-01 1.779398083e-02 -9.145036631e-01 1.738193825e+02
-9.122676056e-01 7.185562956e-02 -4.032425874e-01 2.790009127e+02 5.938865680e-02 9.972929819e-01 4.335545865e-02 -3.542024673e-01 4.052663362e-01 1.560374482e-02 -9.140654899e-01 1.727678190e+02
-9.122152932e-01 7.113128720e-02 -4.034892796e-01 2.785396873e+02 5.864718791e-02 9.973422481e-01 4.323132497e-02 -3.177501664e-01 4.054920050e-01 1.577276418e-02 -9.139625013e-01 1.717293707e+02
-9.120132264e-01 7.162573852e-02 -4.038584263e-01 2.780658934e+02 5.866449949e-02 9.972901581e-01 4.439388525e-02 -2.852890350e-01 4.059437786e-01 1.679565807e-02 -9.137437028e-01 1.706735340e+02
-9.116580967e-01 7.159248083e-02 -4.046653326e-01 2.776146917e+02 5.890755117e-02 9.973051638e-01 4.372997489e-02 -2.542832077e-01 4.067055632e-01 1.602894189e-02 -9.134186652e-01 1.696226405e+02
-9.111028192e-01 7.052743555e-02 -4.061003985e-01 2.771619467e+02 5.859161769e-02 9.974079066e-01 4.176709467e-02 -2.309342129e-01 4.079934744e-01 1.426003842e-02 -9.128734721e-01 1.685457544e+02
-9.106595187e-01 6.901794504e-02 -4.073521379e-01 2.767170349e+02 5.773069375e-02 9.975324480e-01 3.995224860e-02 -1.994330501e-01 4.091043974e-01 1.286617396e-02 -9.123968729e-01 1.674940482e+02
-9.106428753e-01 6.867977597e-02 -4.074464897e-01 2.762625653e+02 5.738451427e-02 9.975547177e-01 3.989489630e-02 -1.721693602e-01 4.091901406e-01 1.294888417e-02 -9.123572520e-01 1.664767840e+02
-9.109845803e-01 7.010879014e-02 -4.064380051e-01 2.757705367e+02 5.847408707e-02 9.974469494e-01 4.099224720e-02 -1.516262105e-01 4.082742651e-01 1.357721381e-02 -9.127583381e-01 1.654272311e+02
-9.110457139e-01 6.955025498e-02 -4.063969355e-01 2.753366870e+02 5.727184273e-02 9.974614926e-01 4.231437986e-02 -1.178992395e-01 4.083082698e-01 1.527523303e-02 -9.127162889e-01 1.643995552e+02
-9.109564225e-01 7.133351357e-02 -4.062879843e-01 2.748900229e+02 5.905711394e-02 9.973412747e-01 4.269237777e-02 -8.667955711e-02 4.082531734e-01 1.489669995e-02 -9.127471910e-01 1.633634444e+02
-9.111853415e-01 7.113633577e-02 -4.058089393e-01 2.744362464e+02 5.903648938e-02 9.973602954e-01 4.227450768e-02 -5.739952007e-02 4.077449772e-01 1.456237658e-02 -9.129797209e-01 1.623198120e+02
-9.114785291e-01 7.050907187e-02 -4.052596227e-01 2.739767732e+02 5.904629947e-02 9.974238047e-01 4.073436291e-02 -2.946878755e-02 4.070877369e-01 1.319941615e-02 -9.132936822e-01 1.612881610e+02
-9.113579277e-01 7.000302483e-02 -4.056184219e-01 2.735625659e+02 5.957778539e-02 9.974890825e-01 3.828861102e-02 -8.291509111e-03 4.072802661e-01 1.072878190e-02 -9.132402083e-01 1.602940518e+02
-9.115595434e-01 7.039641564e-02 -4.050969556e-01 2.731219946e+02 6.018225288e-02 9.974671461e-01 3.791291105e-02 7.371872401e-03 4.067398373e-01 1.018022846e-02 -9.134873112e-01 1.593025515e+02
-9.117183973e-01 7.242607652e-02 -4.043810423e-01 2.726736103e+02 6.191853255e-02 9.973181110e-01 3.902154381e-02 2.726327135e-02 4.061227145e-01 1.053797866e-02 -9.137577861e-01 1.582939285e+02
-9.117474262e-01 7.373954857e-02 -4.040780986e-01 2.722221226e+02 6.285403478e-02 9.972144560e-01 4.015842341e-02 4.699941945e-02 4.059137853e-01 1.121640032e-02 -9.138425418e-01 1.572937842e+02
-9.116658534e-01 7.468798973e-02 -4.040879556e-01 2.717847274e+02 6.361127485e-02 9.971408568e-01 4.078869135e-02 6.583344771e-02 4.059790356e-01 1.148110710e-02 -9.138102685e-01 1.563046770e+02
-9.117166189e-01 7.484877500e-02 -4.039436442e-01 2.713065965e+02 6.428442591e-02 9.971426935e-01 3.967318190e-02 9.861513429e-02 4.057589425e-01 1.020341400e-02 -9.139231756e-01 1.552857735e+02
-9.111891463e-01 7.321131415e-02 -4.054311817e-01 2.709224349e+02 6.277572190e-02 9.972654864e-01 3.899690276e-02 1.145996374e-01 4.071775391e-01 1.008231942e-02 -9.132933803e-01 1.543339088e+02
-9.111947920e-01 7.030103965e-02 -4.059332640e-01 2.704897693e+02 5.938226712e-02 9.974555545e-01 3.944823292e-02 1.359415777e-01 4.076736408e-01 1.183978687e-02 -9.130509417e-01 1.533569527e+02
-9.106860567e-01 7.032542984e-02 -4.070690852e-01 2.700647911e+02 5.855511187e-02 9.974287551e-01 4.131800379e-02 1.589753149e-01 4.089281172e-01 1.379175412e-02 -9.124623732e-01 1.523838675e+02
-9.099994703e-01 7.124090157e-02 -4.084430167e-01 2.696506339e+02 5.885950139e-02 9.973474553e-01 4.282070224e-02 1.730825682e-01 4.104101888e-01 1.492606404e-02 -9.117788600e-01 1.514198993e+02
-9.089054389e-01 7.395198126e-02 -4.103925044e-01 2.692415310e+02 6.045253352e-02 9.971200697e-01 4.579364387e-02 1.852161969e-01 4.125971332e-01 1.681282535e-02 -9.107584392e-01 1.504632549e+02
-9.080281099e-01 7.495867219e-02 -4.121482126e-01 2.688258438e+02 6.077571379e-02 9.970237716e-01 4.743323141e-02 2.118317195e-01 4.144770975e-01 1.802210566e-02 -9.098812776e-01 1.495105782e+02
-9.074360586e-01 7.451200926e-02 -4.135308453e-01 2.684027544e+02 5.994711638e-02 9.970416917e-01 4.810621742e-02 2.402881025e-01 4.158919845e-01 1.886333462e-02 -9.092183631e-01 1.485473776e+02
-9.065791673e-01 7.426215867e-02 -4.154507735e-01 2.679777979e+02 5.987389839e-02 9.970716724e-01 4.757306293e-02 2.741548305e-01 4.177670759e-01 1.825409037e-02 -9.083707715e-01 1.475862558e+02
-9.061833293e-01 7.477632076e-02 -4.162214260e-01 2.675251632e+02 5.996158111e-02 9.970181856e-01 4.857310362e-02 3.137258661e-01 4.186124490e-01 1.905884196e-02 -9.079649652e-01 1.466145874e+02
-9.058027520e-01 7.526608884e-02 -4.169608978e-01 2.670903507e+02 5.946766802e-02 9.969382464e-01 5.077134423e-02 3.573453114e-01 4.195056267e-01 2.119313108e-02 -9.075053060e-01 1.456626798e+02
-9.056045235e-01 7.680460048e-02 -4.171108969e-01 2.666674734e+02 6.011951649e-02 9.967823716e-01 5.301459610e-02 3.954345306e-01 4.198405539e-01 2.293375259e-02 -9.073080801e-01 1.447203711e+02
-9.056231230e-01 7.833044975e-02 -4.167866357e-01 2.662391613e+02 6.200115639e-02 9.966892621e-01 5.259630565e-02 4.235071167e-01 4.195266567e-01 2.179117719e-02 -9.074814207e-01 1.437797192e+02
-9.061314436e-01 7.759741156e-02 -4.158178071e-01 2.658112758e+02 6.243674571e-02 9.967978457e-01 4.995705763e-02 4.576221255e-01 4.183628327e-01 1.930535006e-02 -9.080748007e-01 1.428442375e+02
-9.068924056e-01 7.601167284e-02 -4.144495027e-01 2.653902236e+02 6.184426433e-02 9.969539972e-01 4.751856931e-02 4.882992294e-01 4.167990543e-01 1.746290504e-02 -9.088308948e-01 1.419241025e+02
-9.069594612e-01 7.567793847e-02 -4.143638320e-01 2.650077210e+02 6.146759611e-02 9.969760836e-01 4.754391030e-02 5.103492585e-01 4.167088556e-01 1.765045060e-02 -9.088686326e-01 1.410140792e+02
-9.075512651e-01 7.574579600e-02 -4.130535990e-01 2.645986856e+02 6.135996691e-02 9.969606620e-01 4.800409288e-02 5.403098786e-01 4.154342977e-01 1.822122006e-02 -9.094406695e-01 1.400981087e+02
-9.084089501e-01 7.560024675e-02 -4.111906882e-01 2.641849025e+02 6.163095970e-02 9.969848724e-01 4.714646395e-02 5.656965922e-01 4.135151801e-01 1.748619308e-02 -9.103292970e-01 1.391882254e+02
-9.092000923e-01 7.431225764e-02 -4.096741150e-01 2.637763784e+02 6.132770999e-02 9.971133889e-01 4.476384228e-02 6.053570646e-01 4.118180474e-01 1.557491422e-02 -9.111329858e-01 1.382768742e+02
-9.097760200e-01 7.358636087e-02 -4.085249575e-01 2.633767862e+02 6.065006118e-02 9.971644198e-01 4.454985976e-02 6.404433082e-01 4.106448143e-01 1.575333044e-02 -9.116592944e-01 1.373735868e+02
-9.100082301e-01 7.734018884e-02 -4.073125535e-01 2.629874670e+02 6.372249596e-02 9.968642271e-01 4.691648131e-02 6.567434831e-01 4.096638434e-01 1.673941158e-02 -9.120829609e-01 1.364773030e+02
-9.102056998e-01 8.148414989e-02 -4.060614700e-01 2.625964505e+02 6.740492480e-02 9.965275633e-01 4.888140357e-02 6.638962239e-01 4.086345069e-01 1.712158928e-02 -9.125375011e-01 1.355808903e+02
-9.108603217e-01 8.165530459e-02 -4.045564059e-01 2.621902332e+02 6.760044517e-02 9.965118167e-01 4.893239212e-02 6.931736497e-01 4.071408284e-01 1.722238129e-02 -9.132030089e-01 1.346734883e+02
-9.108738514e-01 8.036675276e-02 -4.047839076e-01 2.618219559e+02 6.675233735e-02 9.966305305e-01 4.766246994e-02 7.229200037e-01 4.072504786e-01 1.639422560e-02 -9.131693584e-01 1.337875957e+02
-9.112207412e-01 8.009585221e-02 -4.040562031e-01 2.614233906e+02 6.711120893e-02 9.966742687e-01 4.622215730e-02 7.422827064e-01 4.064146238e-01 1.500188817e-02 -9.135655953e-01 1.328962160e+02
-9.114510611e-01 8.100707442e-02 -4.033544560e-01 2.610458331e+02 6.849099804e-02 9.966187932e-01 4.538682947e-02 7.592095785e-01 4.056672854e-01 1.374172463e-02 -9.139175119e-01 1.320174850e+02
-9.119083357e-01 8.090376010e-02 -4.023403645e-01 2.606511747e+02 6.822216326e-02 9.966193914e-01 4.577690539e-02 7.858048098e-01 4.046837330e-01 1.429581158e-02 -9.143449601e-01 1.311285979e+02
-9.123285686e-01 8.089499227e-02 -4.013883197e-01 2.602421316e+02 6.804560050e-02 9.966123014e-01 4.619217402e-02 8.195349752e-01 4.037652527e-01 1.482973076e-02 -9.147424227e-01 1.302233749e+02
-9.122832568e-01 8.163722793e-02 -4.013410299e-01 2.598857624e+02 6.849770130e-02 9.965432424e-01 4.700671097e-02 8.352516777e-01 4.037911889e-01 1.539249739e-02 -9.147216772e-01 1.293582471e+02
-9.126834165e-01 8.192000682e-02 -4.003724437e-01 2.594686475e+02 6.868372732e-02 9.965153242e-01 4.732604237e-02 8.755644613e-01 4.028542252e-01 1.569462229e-02 -9.151295821e-01 1.284591377e+02
-9.125723533e-01 8.396403715e-02 -4.002021244e-01 2.591283234e+02 7.020514134e-02 9.963309829e-01 4.894701806e-02 8.784269024e-01 4.028435652e-01 1.657144876e-02 -9.151188169e-01 1.276161044e+02
-9.128731436e-01 8.480990557e-02 -3.993368298e-01 2.587442991e+02 7.111552416e-02 9.962630700e-01 4.901507533e-02 9.036485829e-01 4.020014999e-01 1.634549794e-02 -9.154931014e-01 1.267404307e+02
-9.133895155e-01 8.499917342e-02 -3.981139706e-01 2.583464637e+02 7.213156241e-02 9.962767771e-01 4.721886471e-02 9.376762602e-01 4.006452680e-01 1.441263324e-02 -9.161198858e-01 1.258581923e+02
-9.139096736e-01 8.566373368e-02 -3.967755452e-01 2.579636086e+02 7.347492482e-02 9.962425182e-01 4.585063123e-02 9.694886263e-01 3.992124046e-01 1.275028207e-02 -9.167698110e-01 1.249843336e+02
-9.145901967e-01 8.493353545e-02 -3.953619437e-01 2.576056465e+02 7.314569009e-02 9.963134193e-01 4.482497697e-02 9.910166841e-01 3.977115538e-01 1.207746229e-02 -9.174310082e-01 1.241297303e+02
-9.151445772e-01 8.695849302e-02 -3.936351398e-01 2.572915044e+02 7.549460757e-02 9.961506541e-01 4.454703659e-02 1.002211613e+00 3.959936452e-01 1.104964855e-02 -9.181867665e-01 1.232900974e+02
-9.168976598e-01 8.747764533e-02 -3.894179542e-01 2.569420762e+02 7.684741867e-02 9.961226833e-01 4.282609026e-02 1.032868124e+00 3.916543830e-01 9.341377370e-03 -9.200649884e-01 1.224234904e+02
-9.195369235e-01 8.823474700e-02 -3.829705939e-01 2.565884873e+02 7.882364083e-02 9.960764514e-01 4.023104056e-02 1.072129874e+00 3.850177658e-01 6.806790719e-03 -9.228840597e-01 1.215377412e+02
-9.230377707e-01 9.109826217e-02 -3.737678162e-01 2.562790601e+02 8.323544332e-02 9.958367986e-01 3.716088734e-02 1.108581338e+00 3.755970377e-01 3.190172737e-03 -9.267775828e-01 1.207131920e+02
-9.276028682e-01 9.169641086e-02 -3.621390439e-01 2.559676781e+02 8.548482781e-02 9.957869925e-01 3.317543892e-02 1.143972914e+00 3.636554180e-01 -1.837615130e-04 -9.315335223e-01 1.198697067e+02
-9.330896196e-01 9.248253501e-02 -3.475496259e-01 2.556605318e+02 8.775336929e-02 9.957094706e-01 2.935977268e-02 1.153205654e+00 3.487737203e-01 -3.103351548e-03 -9.372018253e-01 1.190086673e+02
-9.395959519e-01 9.275356852e-02 -3.294787134e-01 2.553717844e+02 8.924208720e-02 9.956757222e-01 2.580127975e-02 1.156562628e+00 3.304471167e-01 -5.160590070e-03 -9.438104001e-01 1.181487887e+02
-9.464457139e-01 9.529711595e-02 -3.084784762e-01 2.551190398e+02 9.231105596e-02 9.954337794e-01 2.429526083e-02 1.148554882e+00 3.093851637e-01 -5.481828401e-03 -9.509210115e-01 1.173096298e+02
-9.537573584e-01 9.681261715e-02 -2.845596922e-01 2.548910057e+02 9.402395700e-02 9.952930625e-01 2.347797505e-02 1.168816945e+00 2.854932517e-01 -4.363136796e-03 -9.583707875e-01 1.164610250e+02
-9.613598885e-01 9.669909151e-02 -2.577526926e-01 2.546550740e+02 9.393095653e-02 9.953115710e-01 2.306191543e-02 1.170886639e+00 2.587743037e-01 -2.040156522e-03 -9.659356591e-01 1.155987418e+02
-9.684697477e-01 9.663617728e-02 -2.296253405e-01 2.544437987e+02 9.434566088e-02 9.953188360e-01 2.095974725e-02 1.160231534e+00 2.305758965e-01 -1.365273379e-03 -9.730533860e-01 1.147122561e+02
-9.748703662e-01 9.683189147e-02 -2.006274005e-01 2.542650576e+02 9.492390058e-02 9.953006732e-01 1.913172895e-02 1.138938562e+00 2.015371483e-01 -3.933798053e-04 -9.794807926e-01 1.138483562e+02
-9.805435887e-01 9.684917975e-02 -1.707469095e-01 2.541017250e+02 9.553943211e-02 9.952988000e-01 1.589074013e-02 1.123429179e+00 1.714831993e-01 -7.314994094e-04 -9.851867728e-01 1.129699044e+02
-9.851966284e-01 9.652425964e-02 -1.416709946e-01 2.539965623e+02 9.574730302e-02 9.953295906e-01 1.230690678e-02 1.118575623e+00 1.421972482e-01 -1.439892584e-03 -9.898372944e-01 1.121004938e+02
-9.891141980e-01 9.632147334e-02 -1.112442225e-01 2.539001947e+02 9.586990891e-02 9.953493564e-01 9.413778115e-03 1.117125440e+00 1.116336143e-01 -1.353671890e-03 -9.937485113e-01 1.112014480e+02
-9.920772766e-01 9.582723305e-02 -8.123926776e-02 2.538527535e+02 9.554825192e-02 9.953978575e-01 7.323710971e-03 1.116301719e+00 8.156720404e-02 -4.965827871e-04 -9.966677203e-01 1.103779526e+02
-9.941388864e-01 9.506016338e-02 -5.149213487e-02 2.538323006e+02 9.487266935e-02 9.954708556e-01 6.078837479e-03 1.107213056e+00 5.183677484e-02 1.158012436e-03 -9.986548992e-01 1.095332949e+02
-9.953019961e-01 9.435618496e-02 -2.169900847e-02 2.538243352e+02 9.426056328e-02 9.955329678e-01 5.390387573e-03 1.103141079e+00 2.211069470e-02 3.319702750e-03 -9.997500171e-01 1.086605965e+02
-9.955587099e-01 9.382852672e-02 7.685227732e-03 2.538339072e+02 9.387492384e-02 9.955664201e-01 5.916236163e-03 1.089908604e+00 -7.096042938e-03 6.611410610e-03 -9.999529666e-01 1.077739000e+02
-9.951567886e-01 9.187965686e-02 3.494416655e-02 2.538615256e+02 9.211028798e-02 9.957360307e-01 5.045006871e-03 1.079705617e+00 -3.433163220e-02 8.239290081e-03 -9.993765322e-01 1.069188123e+02
-9.944167163e-01 8.801774096e-02 5.820886193e-02 2.539248233e+02 8.837792921e-02 9.960803727e-01 3.637692589e-03 1.069761784e+00 -5.766052340e-02 8.761760998e-03 -9.982977990e-01 1.060887937e+02
-9.931983618e-01 8.633757371e-02 7.812065938e-02 2.540064028e+02 8.685073281e-02 9.962162324e-01 3.188825591e-03 1.039575680e+00 -7.754975350e-02 9.951972868e-03 -9.969388115e-01 1.052548894e+02
-9.918585918e-01 8.410607729e-02 9.561747598e-02 2.540835168e+02 8.471758947e-02 9.964022396e-01 2.346696638e-03 1.020939244e+00 -9.507609576e-02 1.042807330e-02 -9.954153863e-01 1.044331352e+02
-9.904749063e-01 8.284922965e-02 1.099793850e-01 2.541785605e+02 8.343571807e-02 9.965128916e-01 7.334068364e-04 1.011920872e+00 -1.095351128e-01 9.902630031e-03 -9.939335979e-01 1.036176500e+02
-9.891955853e-01 8.283819142e-02 1.209542392e-01 2.542949952e+02 8.322586413e-02 9.965289889e-01 -1.851954580e-03 9.973468717e-01 -1.206878183e-01 8.234575785e-03 -9.926563566e-01 1.027925350e+02
-9.882280927e-01 8.025404080e-02 1.302479395e-01 2.543835109e+02 8.049401113e-02 9.967491919e-01 -3.429668207e-03 9.730558306e-01 -1.300997731e-01 7.094884618e-03 -9.914755225e-01 1.020058264e+02
-9.877570402e-01 7.757183943e-02 1.353463679e-01 2.544938405e+02 7.782535078e-02 9.969611245e-01 -3.425065162e-03 9.350509829e-01 -1.352007558e-01 7.150246334e-03 -9.907924251e-01 1.012447240e+02
-9.875232334e-01 7.645328282e-02 1.376690200e-01 2.545981122e+02 7.679259993e-02 9.970430073e-01 -2.852743808e-03 9.129950549e-01 -1.374800353e-01 7.754811185e-03 -9.904741808e-01 1.004571533e+02
-9.879211824e-01 7.265768652e-02 1.368670813e-01 2.546965134e+02 7.327393028e-02 9.973117079e-01 -5.369705609e-04 8.691897876e-01 -1.365381577e-01 9.498304383e-03 -9.905892760e-01 9.970247277e+01
-9.888733671e-01 6.993858458e-02 1.312937860e-01 2.548079046e+02 7.050361273e-02 9.975114641e-01 -3.457512532e-04 8.532412432e-01 -1.309912380e-01 8.914782034e-03 -9.913434431e-01 9.894260381e+01
-9.906953594e-01 6.629375755e-02 1.188606013e-01 2.549516313e+02 6.667286047e-02 9.977745776e-01 -7.885916091e-04 8.588669203e-01 -1.186483650e-01 7.143522239e-03 -9.929106383e-01 9.818766069e+01
-9.924796552e-01 6.328983192e-02 1.047784861e-01 2.549969392e+02 6.361511587e-02 9.979744788e-01 -2.379187254e-04 8.378555032e-01 -1.045813129e-01 6.429366041e-03 -9.944955567e-01 9.746615332e+01
-9.946656312e-01 6.031212308e-02 8.368231524e-02 2.550503476e+02 6.057188840e-02 9.981636767e-01 5.664887830e-04 8.302150199e-01 -8.349448131e-02 5.632262783e-03 -9.964923227e-01 9.675706648e+01
-9.967935723e-01 5.746418242e-02 5.568161266e-02 2.551096436e+02 5.766136738e-02 9.983343145e-01 1.939872081e-03 8.213063320e-01 -5.547739144e-02 5.144329945e-03 -9.984466911e-01 9.603855838e+01
-9.981236273e-01 5.539560284e-02 2.608738810e-02 2.551107872e+02 5.548702902e-02 9.984555008e-01 2.793315302e-03 8.121197435e-01 -2.589235877e-02 4.235585662e-03 -9.996557635e-01 9.534785625e+01
-9.984123443e-01 5.599759040e-02 -6.087741862e-03 2.550986772e+02 5.597844687e-02 9.984266195e-01 3.270919238e-03 8.097650245e-01 6.261327124e-03 2.924943810e-03 -9.999761200e-01 9.464957121e+01
-9.976369843e-01 5.426429638e-02 -4.214064235e-02 2.550832126e+02 5.412619902e-02 9.985243557e-01 4.411978941e-03 7.957925769e-01 4.231787069e-02 2.120640571e-03 -9.991019471e-01 9.394977952e+01
-9.954105243e-01 5.149778755e-02 -8.065894829e-02 2.550367816e+02 5.113848671e-02 9.986703184e-01 6.515384090e-03 7.887555588e-01 8.088722544e-02 2.360705338e-03 -9.967204642e-01 9.326500879e+01
-9.911054515e-01 4.980086288e-02 -1.234093110e-01 2.550083665e+02 4.870965727e-02 9.987427365e-01 1.184548554e-02 7.746655620e-01 1.238440684e-01 5.728900047e-03 -9.922851538e-01 9.258112067e+01
-9.848088781e-01 5.055898999e-02 -1.661182177e-01 2.549312443e+02 4.847823859e-02 9.986869627e-01 1.655931801e-02 7.849597830e-01 1.667373206e-01 8.254644799e-03 -9.859667980e-01 9.190761667e+01
-9.765920816e-01 5.052074587e-02 -2.090826640e-01 2.548080643e+02 4.697617474e-02 9.986561854e-01 2.188749173e-02 7.770507472e-01 2.099074681e-01 1.155324735e-02 -9.776529943e-01 9.123601048e+01
-9.664392618e-01 4.871609714e-02 -2.522338105e-01 2.546257681e+02 4.400905365e-02 9.987362155e-01 2.427292820e-02 7.702345348e-01 2.530975236e-01 1.235773951e-02 -9.673618402e-01 9.060010381e+01
-9.534865052e-01 4.719197212e-02 -2.977186628e-01 2.544241865e+02 4.164637597e-02 9.988209279e-01 2.494661178e-02 7.666888717e-01 2.985449109e-01 1.138735432e-02 -9.543276504e-01 8.997529570e+01
-9.375020267e-01 4.582089697e-02 -3.449498446e-01 2.542134673e+02 3.987445650e-02 9.989087345e-01 2.431805827e-02 7.878019426e-01 3.456876879e-01 9.043541340e-03 -9.383060464e-01 8.936095573e+01
-9.189920712e-01 4.947247210e-02 -3.911598748e-01 2.539411143e+02 4.388873944e-02 9.987668220e-01 2.320805573e-02 8.132333020e-01 3.918256649e-01 4.160505383e-03 -9.200300748e-01 8.875257629e+01
-8.980635725e-01 5.425203109e-02 -4.365072013e-01 2.536434246e+02 4.794631527e-02 9.985253988e-01 2.545935502e-02 8.278453849e-01 4.372447490e-01 1.935207429e-03 -8.993404719e-01 8.816746561e+01
-8.753722945e-01 5.520210694e-02 -4.802874905e-01 2.533270385e+02 4.738889009e-02 9.984730124e-01 2.838902287e-02 8.397407492e-01 4.811212313e-01 2.090672990e-03 -8.766515784e-01 8.761246789e+01
-8.507932787e-01 5.405675701e-02 -5.227127930e-01 2.529830171e+02 4.445890071e-02 9.985332041e-01 3.090058842e-02 8.379668527e-01 5.236164656e-01 3.050776769e-03 -8.519486426e-01 8.708333879e+01
-8.246563228e-01 5.463959724e-02 -5.629888663e-01 2.526065561e+02 4.533405398e-02 9.985060736e-01 3.050318839e-02 8.753021255e-01 5.638144843e-01 -3.679204814e-04 -8.259013815e-01 8.657822931e+01
-7.964413372e-01 5.469358006e-02 -6.022373359e-01 2.522128799e+02 4.483752037e-02 9.985011697e-01 3.138488410e-02 8.994234533e-01 6.030512359e-01 -2.006609757e-03 -7.976999313e-01 8.608598194e+01
-7.657387864e-01 5.543256049e-02 -6.407584118e-01 2.518104045e+02 4.408803229e-02 9.984594230e-01 3.369014846e-02 9.112980123e-01 6.416388053e-01 -2.451924152e-03 -7.670030193e-01 8.564968773e+01
-7.314693101e-01 5.591205992e-02 -6.795781705e-01 2.513613219e+02 4.335407863e-02 9.984295301e-01 3.548094211e-02 9.323454983e-01 6.804947261e-01 -3.509265191e-03 -7.327445755e-01 8.519086596e+01
-6.945484915e-01 5.612011416e-02 -7.172537387e-01 2.509017150e+02 4.166769513e-02 9.984173424e-01 3.777053918e-02 9.501501265e-01 7.182382586e-01 -3.652839104e-03 -6.957876549e-01 8.474922777e+01
-6.564214463e-01 5.500456239e-02 -7.523864585e-01 2.504154516e+02 3.897797624e-02 9.984791242e-01 3.898917560e-02 9.591568868e-01 7.533867548e-01 -3.733170467e-03 -6.575670773e-01 8.434134048e+01
-6.170117077e-01 5.486535919e-02 -7.850390723e-01 2.499273936e+02 3.831351748e-02 9.984780515e-01 3.966932245e-02 9.767926325e-01 7.860207548e-01 -5.601171825e-03 -6.181747325e-01 8.397617250e+01
-5.770797709e-01 5.685719509e-02 -8.147062031e-01 2.494070127e+02 3.936791097e-02 9.983506026e-01 4.178805784e-02 9.923499613e-01 8.157383806e-01 -7.958238428e-03 -5.783662861e-01 8.364335526e+01
-5.369823172e-01 6.027758439e-02 -8.414372251e-01 2.489145719e+02 4.121731489e-02 9.981273589e-01 4.519854330e-02 1.014216368e+00 8.425859742e-01 -1.041096456e-02 -5.384612222e-01 8.335710304e+01
-4.972805467e-01 6.345527975e-02 -8.652661356e-01 2.484227840e+02 4.172581626e-02 9.979168427e-01 4.920296074e-02 1.035664127e+00 8.665858377e-01 -1.163626057e-02 -4.988923564e-01 8.312458272e+01
-4.571236493e-01 6.666066498e-02 -8.869015306e-01 2.479239875e+02 4.198506754e-02 9.976929561e-01 5.334809669e-02 1.048468324e+00 8.884116295e-01 -1.284994402e-02 -4.588677975e-01 8.288658561e+01
-4.168013690e-01 6.868553436e-02 -9.063988725e-01 2.474514510e+02 4.189866667e-02 9.975329707e-01 5.632472088e-02 1.071194304e+00 9.080314535e-01 -1.450068345e-02 -4.186509401e-01 8.270047019e+01
-3.765017110e-01 6.917311277e-02 -9.238298231e-01 2.470011011e+02 4.122121313e-02 9.974717179e-01 5.788768127e-02 1.103112123e+00 9.254983918e-01 -1.628657500e-02 -3.784012080e-01 8.255801664e+01
-3.365598076e-01 6.944436253e-02 -9.390979589e-01 2.465592721e+02 3.955164315e-02 9.974394392e-01 5.958382944e-02 1.130699180e+00 9.408311025e-01 -1.708934518e-02 -3.384446644e-01 8.242935061e+01
-2.972612071e-01 7.038345802e-02 -9.521984791e-01 2.461450090e+02 3.761006892e-02 9.973684559e-01 6.198101305e-02 1.148046269e+00 9.540551648e-01 -1.738769966e-02 -2.991260778e-01 8.234322220e+01
-2.569168354e-01 7.139813193e-02 -9.637925329e-01 2.457645934e+02 3.346498133e-02 9.973264672e-01 6.496162550e-02 1.153966740e+00 9.658539407e-01 -1.556356388e-02 -2.586192970e-01 8.226076106e+01
-2.155876226e-01 7.164359200e-02 -9.738527469e-01 2.453739036e+02 2.849601347e-02 9.973417139e-01 6.706327547e-02 1.178908892e+00 9.760686217e-01 -1.329290887e-02 -2.170560858e-01 8.220437103e+01
-1.740674942e-01 7.329427038e-02 -9.820022695e-01 2.450010912e+02 2.653002068e-02 9.972132736e-01 6.972693160e-02 1.195350163e+00 9.843762825e-01 -1.391534826e-02 -1.755269142e-01 8.217971083e+01
-1.315317372e-01 7.369688266e-02 -9.885687490e-01 2.446410882e+02 2.451176073e-02 9.971696316e-01 7.107671463e-02 1.204286657e+00 9.910088676e-01 -1.488271689e-02 -1.329658943e-01 8.217669937e+01
-8.666138271e-02 7.229873849e-02 -9.936109385e-01 2.442655682e+02 2.174313918e-02 9.972628847e-01 7.066806058e-02 1.227981045e+00 9.960005224e-01 -1.548002908e-02 -8.799618204e-02 8.218798786e+01
-3.918215426e-02 7.192328343e-02 -9.966402561e-01 2.439473312e+02 1.497838779e-02 9.973363919e-01 7.138465666e-02 1.241074745e+00 9.991198160e-01 -1.213105962e-02 -4.015508319e-02 8.217859860e+01
1.036660942e-02 7.286422791e-02 -9.972879914e-01 2.435890943e+02 8.714668153e-03 9.972971233e-01 7.295548235e-02 1.261146011e+00 9.999082898e-01 -9.447334889e-03 9.703602191e-03 8.222335602e+01
6.352798795e-02 7.599863844e-02 -9.950821080e-01 2.432405875e+02 2.263417910e-03 9.970826486e-01 7.629592923e-02 1.277093281e+00 9.979774906e-01 -7.099213538e-03 6.317063781e-02 8.228358861e+01
1.202949592e-01 7.904883723e-02 -9.895859761e-01 2.429112217e+02 -2.503246479e-03 9.968457077e-01 7.932445291e-02 1.289855642e+00 9.927350384e-01 -7.065154219e-03 1.201133925e-01 8.234811526e+01
1.778157178e-01 8.078319273e-02 -9.807423955e-01 2.425922642e+02 -6.526749300e-03 9.966996977e-01 8.091423958e-02 1.309092839e+00 9.840421597e-01 -7.986763850e-03 1.777561238e-01 8.244893140e+01
2.365613276e-01 8.152703299e-02 -9.681901059e-01 2.422908614e+02 -9.910923272e-03 9.966240828e-01 8.149976211e-02 1.327312110e+00 9.715660101e-01 -9.684034068e-03 2.365707243e-01 8.255710617e+01
2.944142649e-01 8.159582637e-02 -9.521881966e-01 2.420063119e+02 -1.261093876e-02 9.965934105e-01 8.150176918e-02 1.343683577e+00 9.555946865e-01 -1.198729643e-02 2.944403163e-01 8.268828069e+01
3.513222865e-01 8.180074949e-02 -9.326742670e-01 2.417162576e+02 -1.667468096e-02 9.965645878e-01 8.112322365e-02 1.361909575e+00 9.361060869e-01 -1.294835058e-02 3.514793510e-01 8.284005923e+01
4.065966914e-01 8.282860549e-02 -9.098453455e-01 2.414250474e+02 -2.356689055e-02 9.965013065e-01 8.018570873e-02 1.371162733e+00 9.133037459e-01 -1.116101819e-02 4.071261469e-01 8.299972203e+01
4.612236287e-01 8.354639275e-02 -8.833418164e-01 2.411400535e+02 -3.267857306e-02 9.964811426e-01 7.718447559e-02 1.393810255e+00 8.866819470e-01 -6.732953825e-03 4.623308254e-01 8.316992073e+01
5.153261548e-01 8.384359205e-02 -8.528828796e-01 2.408726088e+02 -4.060217673e-02 9.964737571e-01 7.342693477e-02 1.415523744e+00 8.560317853e-01 -3.209918547e-03 5.169132219e-01 8.335879669e+01
5.685327684e-01 8.390405953e-02 -8.183706985e-01 2.405946474e+02 -4.678289528e-02 9.964729629e-01 6.966343974e-02 1.435107232e+00 8.213293201e-01 -1.320197560e-03 5.704528071e-01 8.357240473e+01
6.196986882e-01 8.263186850e-02 -7.804777448e-01 2.403251593e+02 -4.989132842e-02 9.965783329e-01 6.589750870e-02 1.452881398e+00 7.832524441e-01 -1.897528207e-03 6.217008993e-01 8.381796708e+01
6.676051202e-01 8.102589689e-02 -7.400933775e-01 2.400710210e+02 -5.107369450e-02 9.967027550e-01 6.304836135e-02 1.468872513e+00 7.427616584e-01 -4.292105798e-03 6.695421545e-01 8.409500001e+01
7.108957675e-01 7.983457082e-02 -6.987514931e-01 2.398421341e+02 -5.154517712e-02 9.967786708e-01 6.144408930e-02 1.490039356e+00 7.014059470e-01 -7.663073547e-03 7.127208253e-01 8.439114393e+01
7.504606737e-01 8.146656104e-02 -6.558749703e-01 2.396052603e+02 -5.459707261e-02 9.966237809e-01 6.132046199e-02 1.503828372e+00 6.586561599e-01 -1.020974183e-02 7.523747898e-01 8.470800781e+01
7.859439065e-01 8.542569452e-02 -6.123680483e-01 2.393730440e+02 -6.021421284e-02 9.962767950e-01 6.169924049e-02 1.525646766e+00 6.153587770e-01 -1.161888210e-02 7.881615171e-01 8.504335743e+01
8.168568114e-01 8.724567551e-02 -5.702044737e-01 2.391507598e+02 -6.328863450e-02 9.960834960e-01 6.174315870e-02 1.550206826e+00 5.733580892e-01 -1.434785721e-02 8.191792481e-01 8.540525994e+01
8.439257114e-01 8.647932565e-02 -5.294437835e-01 2.389547325e+02 -6.301050748e-02 9.960689559e-01 6.226002702e-02 1.570834893e+00 5.327467218e-01 -1.918231612e-02 8.460573084e-01 8.577996980e+01
8.666622297e-01 8.916071688e-02 -4.908634699e-01 2.387578415e+02 -6.683189892e-02 9.957811094e-01 6.287669979e-02 1.595624860e+00 4.943987023e-01 -2.168752304e-02 8.689646567e-01 8.617699088e+01
8.866900927e-01 9.460310056e-02 -4.525825150e-01 2.385511764e+02 -7.417302651e-02 9.952709262e-01 6.272276728e-02 1.617456205e+00 4.563759872e-01 -2.204624145e-02 8.895138681e-01 8.659372138e+01
9.042193187e-01 1.035244139e-01 -4.143309299e-01 2.383531991e+02 -8.509817880e-02 9.943950425e-01 6.274392002e-02 1.650815410e+00 4.185041502e-01 -2.147545706e-02 9.079609469e-01 8.702288160e+01
9.203288656e-01 1.047719153e-01 -3.768522587e-01 2.381711116e+02 -8.769293967e-02 9.942008050e-01 6.224714934e-02 1.689032360e+00 3.811885720e-01 -2.424056596e-02 9.241794563e-01 8.748288187e+01
9.339738242e-01 1.023385824e-01 -3.423736413e-01 2.380193349e+02 -8.602146188e-02 9.943276655e-01 6.255239126e-02 1.714340342e+00 3.468331066e-01 -2.897081494e-02 9.374793267e-01 8.796074518e+01
9.457672423e-01 9.546617310e-02 -3.105004561e-01 2.378762163e+02 -8.059152038e-02 9.949143978e-01 6.041810820e-02 1.739024958e+00 3.146892599e-01 -3.211776374e-02 9.486512104e-01 8.845797968e+01
9.546472600e-01 9.807741973e-02 -2.811217328e-01 2.377347949e+02 -8.544112540e-02 9.947176807e-01 5.689068243e-02 1.762608607e+00 2.852164494e-01 -3.029117687e-02 9.579843535e-01 8.895807159e+01
9.610163976e-01 1.054036928e-01 -2.556120987e-01 2.375856948e+02 -9.460811942e-02 9.940378191e-01 5.420440938e-02 1.786230787e+00 2.598014381e-01 -2.790834627e-02 9.652586891e-01 8.947531017e+01
9.653867710e-01 1.107752398e-01 -2.361296861e-01 2.374632569e+02 -1.023189435e-01 9.936020937e-01 4.780913376e-02 1.803471911e+00 2.399150188e-01 -2.199376526e-02 9.705447223e-01 8.999912745e+01
9.692783161e-01 1.115439974e-01 -2.192201692e-01 2.373415839e+02 -1.047601484e-01 9.935946451e-01 4.236735299e-02 1.824982733e+00 2.225418102e-01 -1.810021911e-02 9.747551102e-01 9.054577714e+01
9.730835811e-01 1.058947236e-01 -2.046818306e-01 2.372393397e+02 -9.978868608e-02 9.942060489e-01 3.995685733e-02 1.839333717e+00 2.077271344e-01 -1.845643088e-02 9.780126777e-01 9.110488760e+01
9.753813617e-01 1.069418846e-01 -1.928591003e-01 2.371382211e+02 -1.007339807e-01 9.940373892e-01 4.174127371e-02 1.855483219e+00 1.961730471e-01 -2.128619549e-02 9.803382240e-01 9.167701925e+01
9.766229274e-01 1.122842009e-01 -1.833027982e-01 2.370327179e+02 -1.061099754e-01 9.934162889e-01 4.318275265e-02 1.872679677e+00 1.869447264e-01 -2.272301091e-02 9.821075980e-01 9.225848803e+01
9.776587606e-01 1.167706567e-01 -1.747797518e-01 2.369183819e+02 -1.106690641e-01 9.928698340e-01 4.429278775e-02 1.889310025e+00 1.787056411e-01 -2.396052042e-02 9.836107906e-01 9.287280948e+01
9.785534012e-01 1.198765893e-01 -1.675196832e-01 2.367939940e+02 -1.145281832e-01 9.925624996e-01 4.126717427e-02 1.909624005e+00 1.712207236e-01 -2.119640878e-02 9.850046579e-01 9.350763054e+01
9.788917863e-01 1.247286273e-01 -1.619062701e-01 2.366779799e+02 -1.207492695e-01 9.920927309e-01 3.422904076e-02 1.927997075e+00 1.648953750e-01 -1.395646300e-02 9.862123161e-01 9.414355383e+01
9.794181567e-01 1.260754307e-01 -1.576231588e-01 2.365615407e+02 -1.235665233e-01 9.920045580e-01 2.565679682e-02 1.942858252e+00 1.595975837e-01 -5.651786912e-03 9.871659782e-01 9.479645943e+01
9.798664660e-01 1.252481567e-01 -1.554818574e-01 2.364587586e+02 -1.234464528e-01 9.921241428e-01 2.122871886e-02 1.960297717e+00 1.569161624e-01 -1.607625948e-03 9.876106184e-01 9.546172288e+01
9.801359305e-01 1.253755134e-01 -1.536702262e-01 2.363413596e+02 -1.240655978e-01 9.921085046e-01 1.812298393e-02 1.977405025e+00 1.547297168e-01 1.302200760e-03 9.879559803e-01 9.614610401e+01
9.793682637e-01 1.344092007e-01 -1.509038465e-01 2.362107565e+02 -1.329682395e-01 9.909255706e-01 1.964588803e-02 1.982626470e+00 1.521750683e-01 8.248595530e-04 9.883532102e-01 9.684769373e+01
9.787231749e-01 1.397285815e-01 -1.502560163e-01 2.360849502e+02 -1.383916382e-01 9.901881397e-01 1.937014392e-02 1.987287934e+00 1.514882880e-01 1.836167499e-03 9.884573471e-01 9.754959204e+01
9.779413252e-01 1.455028512e-01 -1.498655558e-01 2.359668757e+02 -1.440583226e-01 9.893566453e-01 2.050922126e-02 1.999981882e+00 1.512546337e-01 1.532565564e-03 9.884936454e-01 9.827263977e+01
9.783059667e-01 1.453404782e-01 -1.476264911e-01 2.358423974e+02 -1.436892731e-01 9.893816856e-01 2.184658069e-02 2.011232204e+00 1.492341391e-01 -1.602970458e-04 9.888018740e-01 9.902301491e+01
9.783456605e-01 1.477805144e-01 -1.449161420e-01 2.357142920e+02 -1.458309433e-01 9.890172928e-01 2.404434469e-02 2.020928365e+00 1.468778561e-01 -2.390422596e-03 9.891517484e-01 9.978136612e+01
9.783674588e-01 1.504914390e-01 -1.419487311e-01 2.355883270e+02 -1.483737433e-01 9.886038682e-01 2.544846002e-02 2.036137820e+00 1.441608400e-01 -3.836480580e-03 9.895468325e-01 1.005420742e+02
9.780480682e-01 1.553351841e-01 -1.388990888e-01 2.354588863e+02 -1.530001199e-01 9.878462503e-01 2.739980149e-02 2.045321699e+00 1.414670972e-01 -5.546745676e-03 9.899274186e-01 1.013126162e+02
9.783848708e-01 1.556537009e-01 -1.361431965e-01 2.353422465e+02 -1.532213929e-01 9.877885496e-01 2.823094267e-02 2.056985156e+00 1.388749414e-01 -6.760676992e-03 9.902868493e-01 1.020917817e+02
9.784856803e-01 1.555641832e-01 -1.355195868e-01 2.352233402e+02 -1.535925358e-01 9.878192331e-01 2.494986387e-02 2.068968974e+00 1.377501595e-01 -3.598287537e-03 9.904604716e-01 1.028766740e+02
9.785108218e-01 1.564125695e-01 -1.343565395e-01 2.351055000e+02 -1.548487336e-01 9.876914861e-01 2.207709156e-02 2.085942406e+00 1.361559448e-01 -7.977330129e-04 9.906870961e-01 1.036695374e+02
9.781370983e-01 1.585766884e-01 -1.345408891e-01 2.349934135e+02 -1.572525693e-01 9.873460237e-01 2.048069531e-02 2.101291922e+00 1.360861728e-01 1.123972599e-03 9.906963663e-01 1.044735157e+02
9.782568842e-01 1.599809009e-01 -1.319832560e-01 2.348698176e+02 -1.578418952e-01 9.871065669e-01 2.658122970e-02 2.118824228e+00 1.345340278e-01 -5.170783684e-03 9.908954831e-01 1.053029520e+02
9.785642628e-01 1.610543358e-01 -1.283490729e-01 2.347420525e+02 -1.581613214e-01 9.868786125e-01 3.249000910e-02 2.133381318e+00 1.318976118e-01 -1.149370284e-02 9.911967084e-01 1.061507231e+02
9.782913588e-01 1.644513065e-01 -1.261022806e-01 2.346180722e+02 -1.611035329e-01 9.862670340e-01 3.637292008e-02 2.154092072e+00 1.303520965e-01 -1.526779051e-02 9.913502033e-01 1.069902278e+02
9.783960901e-01 1.649362561e-01 -1.246479932e-01 2.344940426e+02 -1.619493247e-01 9.862201093e-01 3.379810872e-02 2.175204452e+00 1.285048910e-01 -1.288127910e-02 9.916252143e-01 1.078541049e+02
9.787284393e-01 1.631608458e-01 -1.243751600e-01 2.343756055e+02 -1.604062977e-01 9.865349124e-01 3.191686560e-02 2.195753904e+00 1.279080204e-01 -1.128738511e-02 9.917218024e-01 1.087117574e+02
9.788567566e-01 1.628703475e-01 -1.237444944e-01 2.342547588e+02 -1.602821298e-01 9.865949996e-01 3.065853397e-02 2.213933628e+00 1.270790655e-01 -1.017628201e-02 9.918403876e-01 1.095806790e+02
9.782133097e-01 1.663024499e-01 -1.242667131e-01 2.341329093e+02 -1.636284956e-01 9.860191461e-01 3.149538037e-02 2.232491825e+00 1.277671172e-01 -1.047562496e-02 9.917488720e-01 1.104630594e+02
9.782392630e-01 1.659493094e-01 -1.245342162e-01 2.340152497e+02 -1.630325219e-01 9.860575500e-01 3.333023981e-02 2.257824896e+00 1.283290344e-01 -1.230182189e-02 9.916553454e-01 1.113555778e+02
9.784969482e-01 1.630588176e-01 -1.263152578e-01 2.338916237e+02 -1.603503114e-01 9.865608867e-01 3.139099235e-02 2.282051176e+00 1.297362708e-01 -1.046129930e-02 9.914933491e-01 1.122618645e+02
9.780179804e-01 1.638222572e-01 -1.290081321e-01 2.337582576e+02 -1.617202704e-01 9.864760285e-01 2.667581766e-02 2.296818748e+00 1.316335224e-01 -5.226199315e-03 9.912846728e-01 1.131860289e+02
9.785172077e-01 1.593056898e-01 -1.308654710e-01 2.336245130e+02 -1.570474471e-01 9.872090469e-01 2.746628880e-02 2.325441999e+00 1.335671130e-01 -6.324148091e-03 9.910195919e-01 1.141174135e+02
9.788059373e-01 1.547175946e-01 -1.341693074e-01 2.334955065e+02 -1.509338682e-01 9.878135857e-01 3.799062287e-02 2.352449315e+00 1.384120824e-01 -1.693475466e-02 9.902299276e-01 1.150496218e+02
9.798337966e-01 1.468139787e-01 -1.355410889e-01 2.333682413e+02 -1.405690470e-01 9.885641269e-01 5.460137377e-02 2.374766344e+00 1.420073032e-01 -3.444738965e-02 9.892660427e-01 1.160147471e+02
9.812366525e-01 1.341838038e-01 -1.384533809e-01 2.332430804e+02 -1.265534628e-01 9.899853319e-01 6.255608410e-02 2.411791489e+00 1.454608295e-01 -4.386056777e-02 9.883913181e-01 1.169749151e+02
9.818848185e-01 1.262632488e-01 -1.412791393e-01 2.331057026e+02 -1.176906492e-01 9.907532358e-01 6.750508733e-02 2.464369724e+00 1.484961761e-01 -4.965498680e-02 9.876655648e-01 1.179595018e+02
9.820814264e-01 1.203015595e-01 -1.450641468e-01 2.329650559e+02 -1.120640893e-01 9.916566448e-01 6.370823145e-02 2.505322700e+00 1.515180246e-01 -4.631018933e-02 9.873690569e-01 1.189106128e+02
9.821040951e-01 1.161582143e-01 -1.482525404e-01 2.328145474e+02 -1.088337669e-01 9.924459322e-01 5.662404868e-02 2.550612400e+00 1.537099790e-01 -3.947582766e-02 9.873271501e-01 1.198669390e+02
9.815304688e-01 1.158093919e-01 -1.522699037e-01 2.326672568e+02 -1.101496177e-01 9.928902336e-01 4.512256289e-02 2.585984850e+00 1.564129168e-01 -2.751669864e-02 9.873083767e-01 1.208039540e+02
9.802371615e-01 1.246001057e-01 -1.536552016e-01 2.324988052e+02 -1.198077695e-01 9.919869202e-01 4.010047940e-02 2.607856594e+00 1.574204742e-01 -2.089889313e-02 9.873105036e-01 1.217577717e+02
9.796089950e-01 1.291374465e-01 -1.539147066e-01 2.323150933e+02 -1.251862512e-01 9.915109754e-01 3.513386083e-02 2.640269345e+00 1.571452179e-01 -1.514944097e-02 9.874593029e-01 1.227321191e+02
9.796840200e-01 1.304366600e-01 -1.523335115e-01 2.321695458e+02 -1.259708449e-01 9.912807403e-01 3.865022898e-02 2.665531555e+00 1.560466829e-01 -1.867543054e-02 9.875731168e-01 1.236862271e+02
9.804713967e-01 1.274261895e-01 -1.497945478e-01 2.320083937e+02 -1.220521077e-01 9.915221797e-01 4.457634014e-02 2.693719419e+00 1.542048097e-01 -2.542308620e-02 9.877117714e-01 1.246791847e+02
9.808135813e-01 1.270172657e-01 -1.478895971e-01 2.318637394e+02 -1.209194079e-01 9.914246376e-01 4.955486556e-02 2.711394883e+00 1.529157138e-01 -3.072136264e-02 9.877616020e-01 1.256465206e+02
9.815104434e-01 1.219897117e-01 -1.474983378e-01 2.317288639e+02 -1.163834169e-01 9.921342360e-01 4.609292795e-02 2.742762215e+00 1.519610137e-01 -2.807432961e-02 9.879876934e-01 1.266263910e+02
9.817978346e-01 1.210369051e-01 -1.463662516e-01 2.315797750e+02 -1.155245877e-01 9.922562700e-01 4.562416436e-02 2.772019552e+00 1.507550385e-01 -2.788480489e-02 9.881777958e-01 1.276007141e+02
9.820717252e-01 1.186303337e-01 -1.464990458e-01 2.314566193e+02 -1.129176209e-01 9.925042262e-01 4.674368197e-02 2.787801405e+00 1.509461407e-01 -2.936332468e-02 9.881057928e-01 1.285579953e+02
9.823565957e-01 1.153912091e-01 -1.471746848e-01 2.312785189e+02 -1.096195381e-01 9.928726808e-01 4.676961166e-02 2.816160190e+00 1.515225259e-01 -2.981121553e-02 9.880041577e-01 1.295617525e+02
9.823616925e-01 1.123524578e-01 -1.494738448e-01 2.311230200e+02 -1.064558401e-01 9.932103577e-01 4.690777556e-02 2.852443101e+00 1.537291748e-01 -3.016803806e-02 9.876523833e-01 1.305657447e+02
9.825653212e-01 1.069548488e-01 -1.520725152e-01 2.309812455e+02 -1.000319125e-01 9.935987112e-01 5.249016654e-02 2.890672430e+00 1.567131330e-01 -3.636291281e-02 9.869745349e-01 1.315808056e+02
9.827246854e-01 1.032776463e-01 -1.535770830e-01 2.308183692e+02 -9.569174340e-02 9.938338539e-01 5.601215164e-02 2.922128436e+00 1.584149075e-01 -4.034846528e-02 9.865478794e-01 1.326017580e+02
9.828273898e-01 1.014293767e-01 -1.541505868e-01 2.306629054e+02 -9.464600189e-02 9.942169011e-01 5.074335254e-02 2.957280204e+00 1.584059853e-01 -3.528222000e-02 9.867434868e-01 1.335858427e+02
9.827742684e-01 1.042861967e-01 -1.525749867e-01 2.304899690e+02 -9.880107670e-02 9.941724487e-01 4.312179756e-02 2.994236364e+00 1.561828564e-01 -2.730442009e-02 9.873506895e-01 1.345844899e+02
9.830016103e-01 1.057625665e-01 -1.500736939e-01 2.303240342e+02 -1.010890950e-01 9.941338167e-01 3.845711097e-02 3.020993244e+00 1.532606569e-01 -2.263258811e-02 9.879265848e-01 1.355874011e+02
9.831921337e-01 1.069613834e-01 -1.479611119e-01 2.301602373e+02 -1.018950924e-01 9.939320993e-01 4.142912252e-02 3.051211758e+00 1.514946148e-01 -2.565627620e-02 9.881250615e-01 1.365792269e+02
9.835023129e-01 1.065455524e-01 -1.461890756e-01 2.300110173e+02 -1.009726711e-01 9.938688270e-01 4.504746761e-02 3.085871819e+00 1.500923724e-01 -2.954318714e-02 9.882304791e-01 1.375736656e+02
9.838870062e-01 1.064520946e-01 -1.436464778e-01 2.298581630e+02 -1.004265647e-01 9.937574800e-01 4.858575960e-02 3.109399257e+00 1.479218177e-01 -3.337697527e-02 9.884356901e-01 1.385772571e+02
9.839174621e-01 1.080997754e-01 -1.422000929e-01 2.296952587e+02 -1.027281669e-01 9.937086153e-01 4.461066621e-02 3.144510579e+00 1.461278604e-01 -2.928525861e-02 9.888321506e-01 1.395839881e+02
9.835003749e-01 1.119264381e-01 -1.421248924e-01 2.295424389e+02 -1.068059260e-01 9.933416504e-01 4.318402193e-02 3.174628434e+00 1.460120090e-01 -2.729172102e-02 9.889062924e-01 1.405693707e+02
9.834673839e-01 1.131509346e-01 -1.413816493e-01 2.293889651e+02 -1.075928180e-01 9.931125228e-01 4.638213636e-02 3.206684205e+00 1.456560685e-01 -3.040366825e-02 9.888680027e-01 1.415836394e+02
9.834366343e-01 1.137496295e-01 -1.411148752e-01 2.292349963e+02 -1.077362447e-01 9.929429373e-01 4.957040376e-02 3.233622360e+00 1.457576338e-01 -3.354616431e-02 9.887514182e-01 1.426100562e+02
9.835426610e-01 1.122313891e-01 -1.415907813e-01 2.290833487e+02 -1.063177091e-01 9.931395954e-01 4.868561267e-02 3.270999758e+00 1.460834652e-01 -3.283076955e-02 9.887273445e-01 1.436226410e+02
9.839148593e-01 1.086005326e-01 -1.418360815e-01 2.289499887e+02 -1.030399670e-01 9.936130219e-01 4.599921707e-02 3.294631768e+00 1.459257170e-01 -3.064452803e-02 9.888208119e-01 1.445810032e+02
9.853570405e-01 9.712425466e-02 -1.401370114e-01 2.288118937e+02 -9.178736574e-02 9.948028514e-01 4.407228583e-02 3.318505748e+00 1.436891865e-01 -3.056413002e-02 9.891507730e-01 1.455769485e+02
9.850216430e-01 9.970297277e-02 -1.406829058e-01 2.286733102e+02 -9.480148021e-02 9.946457747e-01 4.113954544e-02 3.340406039e+00 1.440313928e-01 -2.718639493e-02 9.891996046e-01 1.465461906e+02
9.843256040e-01 1.057659600e-01 -1.411264218e-01 2.285091788e+02 -1.023966680e-01 9.942621438e-01 3.094691987e-02 3.357920628e+00 1.435897893e-01 -1.601097025e-02 9.895077671e-01 1.475311516e+02
9.835909873e-01 1.111056285e-01 -1.421418625e-01 2.283537803e+02 -1.086601723e-01 9.937676387e-01 2.487663954e-02 3.379834186e+00 1.440199177e-01 -9.023279176e-03 9.895336496e-01 1.485313818e+02
9.823343527e-01 1.219708493e-01 -1.419236815e-01 2.281835322e+02 -1.200110955e-01 9.925216226e-01 2.231962573e-02 3.386580810e+00 1.435846664e-01 -4.892918602e-03 9.896259409e-01 1.495141314e+02
9.807057401e-01 1.352485526e-01 -1.411526847e-01 2.280078822e+02 -1.332147350e-01 9.908012960e-01 2.380391105e-02 3.402969833e+00 1.430737074e-01 -4.541014712e-03 9.897016184e-01 1.504909343e+02
9.788503018e-01 1.461755910e-01 -1.431250616e-01 2.278464116e+02 -1.446496677e-01 9.892586567e-01 2.106617683e-02 3.409991926e+00 1.446670670e-01 8.235905420e-05 9.894803853e-01 1.514401646e+02
9.786112777e-01 1.454621472e-01 -1.454672848e-01 2.276895354e+02 -1.439500020e-01 9.893637094e-01 2.092480202e-02 3.424642040e+00 1.469638191e-01 4.627686993e-04 9.891417602e-01 1.524456214e+02
9.787369654e-01 1.430676132e-01 -1.469884712e-01 2.275355318e+02 -1.408075370e-01 9.897027854e-01 2.572224718e-02 3.436074322e+00 1.491549199e-01 -4.478229534e-03 9.888036991e-01 1.534294053e+02
9.792994361e-01 1.385656135e-01 -1.475540080e-01 2.273930641e+02 -1.346081417e-01 9.902254873e-01 3.652577751e-02 3.457084340e+00 1.511729563e-01 -1.590770250e-02 9.883793211e-01 1.544323052e+02
9.801395344e-01 1.313466878e-01 -1.485750340e-01 2.272469010e+02 -1.264252485e-01 9.910807092e-01 4.213887133e-02 3.469603078e+00 1.527846512e-01 -2.251833813e-02 9.880029225e-01 1.554378094e+02
9.806746868e-01 1.257537629e-01 -1.498771155e-01 2.270857552e+02 -1.218044314e-01 9.919268319e-01 3.528229803e-02 3.493180919e+00 1.531040141e-01 -1.634475974e-02 9.880749009e-01 1.564474125e+02
9.809580390e-01 1.207925432e-01 -1.520871039e-01 2.269354452e+02 -1.189087453e-01 9.926733539e-01 2.145513531e-02 3.515016047e+00 1.535644359e-01 -2.962100763e-03 9.881341963e-01 1.574428101e+02
9.810286766e-01 1.198781654e-01 -1.523547214e-01 2.267842755e+02 -1.195169587e-01 9.927648544e-01 1.156029565e-02 3.517115772e+00 1.526382398e-01 6.867991401e-03 9.882582650e-01 1.584112912e+02
9.809890555e-01 1.210437383e-01 -1.516868035e-01 2.266146004e+02 -1.210358690e-01 9.926043828e-01 9.319744921e-03 3.527785217e+00 1.516930828e-01 9.216976312e-03 9.883846701e-01 1.594275197e+02
9.813018310e-01 1.213226501e-01 -1.494239974e-01 2.264592920e+02 -1.204362722e-01 9.926077188e-01 1.500069957e-02 3.525513695e+00 1.501393378e-01 3.275855271e-03 9.886594196e-01 1.604434991e+02
9.814429660e-01 1.228458582e-01 -1.472365430e-01 2.262934420e+02 -1.210640580e-01 9.924217517e-01 2.103712579e-02 3.535711846e+00 1.487050717e-01 -2.821685753e-03 9.888775656e-01 1.614548598e+02
9.818737779e-01 1.210385119e-01 -1.458545951e-01 2.261323396e+02 -1.190781032e-01 9.926382326e-01 2.213017375e-02 3.543639786e+00 1.474594508e-01 -4.360948787e-03 9.890584879e-01 1.624619075e+02
9.821805434e-01 1.183523701e-01 -1.459934816e-01 2.259625201e+02 -1.164478029e-01 9.929629063e-01 2.155402445e-02 3.545759734e+00 1.475170817e-01 -4.169323281e-03 9.890507203e-01 1.635047554e+02
9.824311859e-01 1.136708037e-01 -1.480132205e-01 2.257990319e+02 -1.123227448e-01 9.935183275e-01 1.746235510e-02 3.552734874e+00 1.490388072e-01 -5.303110361e-04 9.888312054e-01 1.645300782e+02
9.824692694e-01 1.113301990e-01 -1.495316740e-01 2.256366475e+02 -1.096328591e-01 9.937794240e-01 1.957275037e-02 3.559617169e+00 1.507805391e-01 -2.836040813e-03 9.885631927e-01 1.655772307e+02
9.824586017e-01 1.094309510e-01 -1.509965661e-01 2.254837500e+02 -1.070675192e-01 9.939687811e-01 2.371937219e-02 3.571774443e+00 1.526815062e-01 -7.136473490e-03 9.882496792e-01 1.666243853e+02
9.825134734e-01 1.080806192e-01 -1.516108651e-01 2.253101934e+02 -1.050386482e-01 9.940751321e-01 2.795557368e-02 3.578297257e+00 1.537340465e-01 -1.154172747e-02 9.880448530e-01 1.676596957e+02
9.828287048e-01 1.036281208e-01 -1.526726875e-01 2.251406684e+02 -1.009321849e-01 9.945709265e-01 2.532520788e-02 3.596648282e+00 1.544682200e-01 -9.480753342e-03 9.879522682e-01 1.687014023e+02
9.834402456e-01 9.755579574e-02 -1.527355560e-01 2.249777165e+02 -9.459854554e-02 9.951619812e-01 2.652821784e-02 3.620251191e+00 1.545845999e-01 -1.164035562e-02 9.879109796e-01 1.697593249e+02
9.840930636e-01 9.100165146e-02 -1.525763469e-01 2.248191505e+02 -8.814314740e-02 9.957836810e-01 2.540957091e-02 3.634814091e+00 1.542453493e-01 -1.155682304e-02 9.879649852e-01 1.708131364e+02
9.845485045e-01 8.739045070e-02 -1.517469981e-01 2.246571552e+02 -8.566807975e-02 9.961635703e-01 1.786396842e-02 3.632068772e+00 1.527259716e-01 -4.588069456e-03 9.882579254e-01 1.718639642e+02
9.846670164e-01 8.609007733e-02 -1.517213411e-01 2.244823364e+02 -8.580941464e-02 9.962760850e-01 8.408737320e-03 3.638971355e+00 1.518802526e-01 4.739313181e-03 9.883875393e-01 1.729268856e+02
9.848935987e-01 8.528662962e-02 -1.507009952e-01 2.243305814e+02 -8.519789828e-02 9.963390554e-01 7.057255018e-03 3.631258121e+00 1.507511767e-01 5.888762770e-03 9.885541994e-01 1.739612827e+02
9.852662006e-01 8.455822600e-02 -1.486621016e-01 2.241544966e+02 -8.373128477e-02 9.964182202e-01 1.182380859e-02 3.634606152e+00 1.491294270e-01 7.980698046e-04 9.888173629e-01 1.750050481e+02
9.847470222e-01 9.298280484e-02 -1.470629127e-01 2.239748047e+02 -9.158934585e-02 9.956645345e-01 1.623349811e-02 3.631739059e+00 1.479347627e-01 -2.516492953e-03 9.889939197e-01 1.760388272e+02
9.845385628e-01 9.607457753e-02 -1.464701124e-01 2.238152365e+02 -9.434666184e-02 9.953634781e-01 1.871507256e-02 3.634530601e+00 1.475890432e-01 -4.606744483e-03 9.890380439e-01 1.770659336e+02
9.838811149e-01 1.035834044e-01 -1.457684127e-01 2.236420837e+02 -1.017086179e-01 9.946075744e-01 2.027634239e-02 3.633041721e+00 1.470826599e-01 -5.123606572e-03 9.891109340e-01 1.780977734e+02
9.835194766e-01 1.088953147e-01 -1.443303488e-01 2.234686751e+02 -1.065662504e-01 9.940208591e-01 2.379424312e-02 3.641510517e+00 1.460584589e-01 -8.021357442e-03 9.892434404e-01 1.791372105e+02
9.826135067e-01 1.166517302e-01 -1.444405426e-01 2.232941819e+02 -1.138660978e-01 9.931172766e-01 2.743331508e-02 3.644023036e+00 1.466465419e-01 -1.050946498e-02 9.891331270e-01 1.801730794e+02
9.822377108e-01 1.184327991e-01 -1.455429544e-01 2.231219981e+02 -1.158412625e-01 9.929225471e-01 2.618429789e-02 3.655656240e+00 1.476139606e-01 -8.859325240e-03 9.890053746e-01 1.811912299e+02
9.825012927e-01 1.142820636e-01 -1.470741980e-01 2.229641932e+02 -1.119474770e-01 9.934222821e-01 2.408177364e-02 3.667151633e+00 1.488589002e-01 -7.195788335e-03 9.888322651e-01 1.822273560e+02
9.820054868e-01 1.161177933e-01 -1.489358319e-01 2.227941261e+02 -1.145057374e-01 9.932334756e-01 1.938295819e-02 3.672405923e+00 1.501787603e-01 -1.980164043e-03 9.886568762e-01 1.832404343e+02
9.816162028e-01 1.180048200e-01 -1.500149752e-01 2.226348841e+02 -1.166835068e-01 9.930129986e-01 1.761090318e-02 3.673712285e+00 1.510449918e-01 2.171254781e-04 9.885268652e-01 1.842384969e+02
9.810639182e-01 1.241960713e-01 -1.486234311e-01 2.224484904e+02 -1.228867565e-01 9.922575100e-01 1.799663528e-02 3.674768501e+00 1.497078271e-01 6.080018623e-04 9.887300930e-01 1.852487827e+02
9.809191270e-01 1.282016124e-01 -1.461574931e-01 2.222700769e+02 -1.266525703e-01 9.917476188e-01 1.989439640e-02 3.688325511e+00 1.475018394e-01 -1.003571786e-03 9.890612722e-01 1.862557729e+02
9.808207852e-01 1.314619057e-01 -1.439039774e-01 2.220896661e+02 -1.294522960e-01 9.913122992e-01 2.328150633e-02 3.697866584e+00 1.457144139e-01 -4.206285038e-03 9.893177532e-01 1.872768065e+02
9.811720562e-01 1.291880168e-01 -1.435682849e-01 2.219378629e+02 -1.270375288e-01 9.916054509e-01 2.408518256e-02 3.700866115e+00 1.454746109e-01 -5.393147968e-03 9.893472856e-01 1.882929207e+02
9.810380934e-01 1.301391667e-01 -1.436247076e-01 2.217959857e+02 -1.283316117e-01 9.914912801e-01 2.181831606e-02 3.705232153e+00 1.452420626e-01 -2.973008992e-03 9.893916840e-01 1.892755212e+02
9.806024836e-01 1.337160476e-01 -1.433135996e-01 2.216273168e+02 -1.325193252e-01 9.910186514e-01 1.790700767e-02 3.708315042e+00 1.444209045e-01 1.432165327e-03 9.895153113e-01 1.902704788e+02
9.804592226e-01 1.337529745e-01 -1.442562118e-01 2.214743677e+02 -1.329182424e-01 9.910065355e-01 1.545275093e-02 3.708325120e+00 1.450257001e-01 4.023489953e-03 9.894197076e-01 1.912510461e+02
9.804585373e-01 1.334204748e-01 -1.445684391e-01 2.213194460e+02 -1.324853887e-01 9.910538666e-01 1.612002589e-02 3.710642016e+00 1.454258520e-01 3.348188844e-03 9.893634879e-01 1.922429730e+02
9.804366212e-01 1.347119441e-01 -1.435155876e-01 2.211558701e+02 -1.328009147e-01 9.908791360e-01 2.285727128e-02 3.720935826e+00 1.452857489e-01 -3.351104518e-03 9.893840616e-01 1.932364515e+02
9.810796072e-01 1.316733605e-01 -1.419328378e-01 2.210031627e+02 -1.277851063e-01 9.911406396e-01 3.621048465e-02 3.735957148e+00 1.454433599e-01 -1.738846529e-02 9.892137637e-01 1.942353016e+02
9.810145441e-01 1.306654173e-01 -1.433074075e-01 2.208610903e+02 -1.254232551e-01 9.910794079e-01 4.506233871e-02 3.739724320e+00 1.479171099e-01 -2.623272813e-02 9.886517954e-01 1.951832477e+02
9.815970272e-01 1.231171347e-01 -1.459775579e-01 2.207088137e+02 -1.188389030e-01 9.921972572e-01 3.770832696e-02 3.758160772e+00 1.494810737e-01 -1.966656879e-02 9.885689833e-01 1.961787547e+02
9.816828781e-01 1.175633926e-01 -1.499252332e-01 2.205618504e+02 -1.159543889e-01 9.930638922e-01 1.945984655e-02 3.770084806e+00 1.511731012e-01 -1.718909371e-03 9.885058112e-01 1.971354807e+02
9.813157246e-01 1.199670845e-01 -1.504238923e-01 2.203782994e+02 -1.207743943e-01 9.926727430e-01 3.790904564e-03 3.772788468e+00 1.497764815e-01 1.444728022e-02 9.886143240e-01 1.981321230e+02
9.808719172e-01 1.249382277e-01 -1.492672818e-01 2.201731679e+02 -1.267402970e-01 9.919325684e-01 -2.583962601e-03 3.767737896e+00 1.477402425e-01 2.145271598e-02 9.887935081e-01 1.991135655e+02
9.803955097e-01 1.307308441e-01 -1.474248656e-01 2.200243834e+02 -1.311587348e-01 9.913376620e-01 6.857558892e-03 3.755231633e+00 1.470443160e-01 1.261293890e-02 9.890494846e-01 2.000736071e+02
9.805428427e-01 1.317134720e-01 -1.455585616e-01 2.198798057e+02 -1.304814122e-01 9.912869488e-01 1.802182503e-02 3.766310401e+00 1.466640196e-01 1.321515134e-03 9.891854826e-01 2.010118175e+02
9.809251578e-01 1.309920681e-01 -1.436207258e-01 2.197368451e+02 -1.287558059e-01 9.913662644e-01 2.479661642e-02 3.768229304e+00 1.456289025e-01 -5.831622588e-03 9.893220987e-01 2.019584155e+02
9.809649044e-01 1.312871111e-01 -1.430788274e-01 2.196016517e+02 -1.293048776e-01 9.913356345e-01 2.310645659e-02 3.785716495e+00 1.448727201e-01 -4.165832724e-03 9.894415298e-01 2.028740600e+02
9.811027589e-01 1.312431500e-01 -1.421710661e-01 2.194416356e+02 -1.291738789e-01 9.913380238e-01 2.372828770e-02 3.782145845e+00 1.440537590e-01 -4.915100445e-03 9.895576569e-01 2.038123668e+02
9.816478871e-01 1.259275653e-01 -1.432119899e-01 2.193220762e+02 -1.241531780e-01 9.920345182e-01 2.129561056e-02 3.778122287e+00 1.447529418e-01 -3.124567437e-03 9.894628962e-01 2.047525301e+02
9.819295225e-01 1.234113648e-01 -1.434714186e-01 2.191831620e+02 -1.219777592e-01 9.923551539e-01 1.877963642e-02 3.777988009e+00 1.446922223e-01 -9.399572680e-04 9.894762641e-01 2.057071554e+02
9.818908266e-01 1.232936257e-01 -1.438370139e-01 2.190556664e+02 -1.223651777e-01 9.923669317e-01 1.531783435e-02 3.768183950e+00 1.446276875e-01 2.560200737e-03 9.894828333e-01 2.066066336e+02
9.826512864e-01 1.182554987e-01 -1.428708730e-01 2.189121023e+02 -1.173549993e-01 9.929805851e-01 1.474319581e-02 3.779030176e+00 1.436114670e-01 2.279190880e-03 9.896315233e-01 2.075409599e+02
9.830557631e-01 1.154567814e-01 -1.423766070e-01 2.187686824e+02 -1.141099296e-01 9.933119267e-01 1.761647566e-02 3.785226895e+00 1.434583233e-01 -1.071393328e-03 9.896557793e-01 2.084685913e+02
9.832563130e-01 1.144812213e-01 -1.417782528e-01 2.186325909e+02 -1.124881061e-01 9.934090396e-01 2.202058162e-02 3.780648674e+00 1.433647410e-01 -5.703508741e-03 9.896534853e-01 2.093958778e+02
9.838375329e-01 1.113909834e-01 -1.401989933e-01 2.184987683e+02 -1.088526580e-01 9.937264100e-01 2.566945391e-02 3.794126118e+00 1.421787880e-01 -9.993539134e-03 9.897905442e-01 2.103121559e+02
9.840571812e-01 1.106334550e-01 -1.392540942e-01 2.183675878e+02 -1.084591768e-01 9.938317710e-01 2.313045574e-02 3.800223790e+00 1.409541453e-01 -7.658306643e-03 9.899865046e-01 2.112193033e+02
9.841774871e-01 1.117557782e-01 -1.374966182e-01 2.182296272e+02 -1.101963206e-01 9.937296260e-01 1.892620922e-02 3.805328229e+00 1.387495762e-01 -3.475127610e-03 9.903214017e-01 2.121427500e+02
9.843229020e-01 1.101594938e-01 -1.377436405e-01 2.181072611e+02 -1.097984509e-01 9.939011217e-01 1.024014365e-02 3.802745723e+00 1.380316079e-01 5.044430434e-03 9.904149782e-01 2.130365728e+02
9.845290781e-01 1.065215759e-01 -1.391245782e-01 2.179874770e+02 -1.068721281e-01 9.942603514e-01 4.970090364e-03 3.796588975e+00 1.388554739e-01 9.975341263e-03 9.902624147e-01 2.139272310e+02
9.842408593e-01 1.052155854e-01 -1.421253374e-01 2.178590812e+02 -1.054551571e-01 9.944067533e-01 5.866752789e-03 3.791871417e+00 1.419476691e-01 9.213551970e-03 9.898312834e-01 2.148273083e+02
9.832199533e-01 1.109052082e-01 -1.448397674e-01 2.177130258e+02 -1.096610309e-01 9.938309047e-01 1.657079248e-02 3.792481084e+00 1.457840243e-01 -4.094556003e-04 9.893163552e-01 2.157367147e+02
9.829565506e-01 1.089535966e-01 -1.480727300e-01 2.175716960e+02 -1.065482677e-01 9.940153106e-01 2.410454310e-02 3.788787355e+00 1.498128373e-01 -7.916825672e-03 9.886826779e-01 2.166352889e+02
9.825682418e-01 1.094843646e-01 -1.502425510e-01 2.174271801e+02 -1.065051972e-01 9.939245861e-01 2.775896331e-02 3.799045405e+00 1.523689378e-01 -1.127346325e-02 9.882593869e-01 2.175444416e+02
9.823795068e-01 1.122918380e-01 -1.494023017e-01 2.172629804e+02 -1.094265400e-01 9.936202186e-01 2.728907238e-02 3.816141661e+00 1.515134878e-01 -1.045964852e-02 9.883998476e-01 2.184755766e+02
9.820977066e-01 1.146394212e-01 -1.494720634e-01 2.171256021e+02 -1.117648768e-01 9.933535478e-01 2.751983544e-02 3.820937141e+00 1.516334625e-01 -1.032144052e-02 9.883829020e-01 2.193624421e+02
9.823618996e-01 1.115711735e-01 -1.500565609e-01 2.169880443e+02 -1.092929414e-01 9.937348038e-01 2.337076564e-02 3.830852777e+00 1.517239308e-01 -6.558426817e-03 9.884011513e-01 2.202407398e+02
9.825535561e-01 1.086916286e-01 -1.509126873e-01 2.168682475e+02 -1.063010757e-01 9.940480846e-01 2.384296063e-02 3.841507422e+00 1.526059980e-01 -7.384804757e-03 9.882595176e-01 2.211079941e+02
9.823187887e-01 1.105752211e-01 -1.510725581e-01 2.167282670e+02 -1.079996571e-01 9.938321479e-01 2.517410978e-02 3.849360095e+00 1.529243976e-01 -8.413216555e-03 9.882020777e-01 2.219963221e+02
9.821608499e-01 1.115154688e-01 -1.514079426e-01 2.165862602e+02 -1.092437397e-01 9.937426572e-01 2.326663956e-02 3.846957867e+00 1.530551214e-01 -6.311212617e-03 9.881974997e-01 2.228766786e+02
9.816957400e-01 1.136228964e-01 -1.528506183e-01 2.164323859e+02 -1.122848347e-01 9.935239446e-01 1.738641508e-02 3.855036731e+00 1.538362440e-01 9.463678447e-05 9.880963521e-01 2.237529002e+02
9.812524263e-01 1.156862054e-01 -1.541440160e-01 2.162827269e+02 -1.146089340e-01 9.932836394e-01 1.588722417e-02 3.866786838e+00 1.549466619e-01 2.076904096e-03 9.879206539e-01 2.246312443e+02
9.813171959e-01 1.161702274e-01 -1.533657042e-01 2.161296296e+02 -1.141863297e-01 9.932220726e-01 2.171166785e-02 3.870589176e+00 1.548484520e-01 -3.793766154e-03 9.879309512e-01 2.255260605e+02
9.809299370e-01 1.194391108e-01 -1.533321803e-01 2.159945358e+02 -1.164819924e-01 9.927935373e-01 2.815914923e-02 3.868372071e+00 1.555905014e-01 -9.761714612e-03 9.877734076e-01 2.263922566e+02
9.807578420e-01 1.215712573e-01 -1.527562923e-01 2.158405340e+02 -1.187559809e-01 9.925438197e-01 2.745510799e-02 3.878670478e+00 1.549550658e-01 -8.786089134e-03 9.878824486e-01 2.272834084e+02
9.808078889e-01 1.199004974e-01 -1.537522543e-01 2.156960837e+02 -1.183100394e-01 9.927854859e-01 1.948624181e-02 3.886682014e+00 1.549794166e-01 -9.218244267e-04 9.879172692e-01 2.281558162e+02
9.809608921e-01 1.181207714e-01 -1.541532079e-01 2.155489286e+02 -1.176422998e-01 9.929804173e-01 1.225480544e-02 3.897996519e+00 1.545186638e-01 6.113453016e-03 9.879709552e-01 2.290301228e+02
9.810216971e-01 1.180248574e-01 -1.538394059e-01 2.154025939e+02 -1.180468810e-01 9.929670197e-01 9.023951861e-03 3.906084326e+00 1.538225070e-01 9.307569464e-03 9.880546571e-01 2.299190455e+02
9.810359978e-01 1.198885513e-01 -1.522993967e-01 2.152482209e+02 -1.196335681e-01 9.927586031e-01 1.087039078e-02 3.905002200e+00 1.524997718e-01 7.555875581e-03 9.882746219e-01 2.307951005e+02
9.812447249e-01 1.189839512e-01 -1.516628143e-01 2.151097767e+02 -1.181623083e-01 9.928891317e-01 1.445133604e-02 3.907733108e+00 1.523038370e-01 3.740530960e-03 9.883266412e-01 2.316918636e+02
9.811694715e-01 1.211056170e-01 -1.504656029e-01 2.149505467e+02 -1.197126694e-01 9.926396263e-01 1.831526804e-02 3.912251842e+00 1.515762017e-01 4.225711173e-05 9.884455743e-01 2.326068020e+02
9.809314071e-01 1.228463332e-01 -1.506066165e-01 2.147939413e+02 -1.212532987e-01 9.924250804e-01 1.975087999e-02 3.920953132e+00 1.518921067e-01 -1.112709445e-03 9.883964538e-01 2.335216398e+02
9.813343294e-01 1.178989315e-01 -1.519301675e-01 2.146507773e+02 -1.171590001e-01 9.930166605e-01 1.384487678e-02 3.921892023e+00 1.525014837e-01 4.213533640e-03 9.882942596e-01 2.344334106e+02
9.816952098e-01 1.137851890e-01 -1.527332502e-01 2.144995998e+02 -1.138910377e-01 9.934603519e-01 8.084603398e-03 3.929201573e+00 1.526543367e-01 9.458331933e-03 9.882343818e-01 2.353481311e+02
9.819156869e-01 1.114298096e-01 -1.530522179e-01 2.143509369e+02 -1.118262078e-01 9.937094030e-01 6.043309718e-03 3.933495011e+00 1.527628329e-01 1.118122851e-02 9.881996241e-01 2.362622917e+02
9.819785418e-01 1.102201140e-01 -1.535241673e-01 2.142126969e+02 -1.097327990e-01 9.938926061e-01 1.167049098e-02 3.926222585e+00 1.538728575e-01 5.386464873e-03 9.880759737e-01 2.371661923e+02
9.820931037e-01 1.086572821e-01 -1.539049407e-01 2.140683957e+02 -1.076745676e-01 9.940770436e-01 1.473155762e-02 3.924256996e+00 1.545940594e-01 2.103886790e-03 9.879758350e-01 2.380619039e+02
9.821343732e-01 1.077840127e-01 -1.542552414e-01 2.139298988e+02 -1.065672592e-01 9.941741721e-01 1.615966627e-02 3.924990983e+00 1.550983306e-01 5.675946030e-04 9.878988742e-01 2.389618340e+02
9.821480545e-01 1.093771334e-01 -1.530419608e-01 2.137705327e+02 -1.084665511e-01 9.939970693e-01 1.431200865e-02 3.926659568e+00 1.536886670e-01 2.543422207e-03 9.881160482e-01 2.398699011e+02
9.822394355e-01 1.115557469e-01 -1.508675138e-01 2.136150092e+02 -1.110741902e-01 9.937439251e-01 1.164197593e-02 3.928139075e+00 1.512224047e-01 5.322279052e-03 9.884854362e-01 2.407710294e+02
9.820926874e-01 1.142738334e-01 -1.497846599e-01 2.134654980e+02 -1.141774182e-01 9.934171082e-01 9.271801519e-03 3.926637790e+00 1.498581680e-01 7.996257278e-03 9.886751688e-01 2.416503901e+02
9.818356108e-01 1.161725921e-01 -1.500092068e-01 2.133172993e+02 -1.162290128e-01 9.931867377e-01 8.421442809e-03 3.921946516e+00 1.499654956e-01 9.166949577e-03 9.886487330e-01 2.425425414e+02
9.819315277e-01 1.143861989e-01 -1.507523545e-01 2.131837066e+02 -1.145595579e-01 9.933875899e-01 7.563323252e-03 3.918521140e+00 1.506206579e-01 9.843457532e-03 9.885426262e-01 2.434388345e+02
9.820457258e-01 1.139040660e-01 -1.503730568e-01 2.130404126e+02 -1.143902344e-01 9.934209907e-01 5.441462445e-03 3.912615037e+00 1.500035557e-01 1.185744427e-02 9.886143506e-01 2.443368818e+02
9.822482104e-01 1.138164592e-01 -1.491115914e-01 2.128963512e+02 -1.147504534e-01 9.933915623e-01 2.353155322e-03 3.896952404e+00 1.483940245e-01 1.479924011e-02 9.888175747e-01 2.452308414e+02
9.818729134e-01 1.177777808e-01 -1.485058122e-01 2.127552033e+02 -1.189642094e-01 9.928981355e-01 8.996551107e-04 3.888960113e+00 1.475571034e-01 1.678352956e-02 9.889111256e-01 2.461079149e+02
9.815525588e-01 1.222037278e-01 -1.470402096e-01 2.126132303e+02 -1.226475592e-01 9.924316726e-01 6.078775798e-03 3.884450964e+00 1.466702103e-01 1.206748488e-02 9.891118366e-01 2.469841408e+02
9.814422179e-01 1.259885022e-01 -1.445616483e-01 2.124729408e+02 -1.253685845e-01 9.920193731e-01 1.342688980e-02 3.881014339e+00 1.450995895e-01 4.945772727e-03 9.894046940e-01 2.478716004e+02
9.810086602e-01 1.301755637e-01 -1.437926675e-01 2.123239302e+02 -1.288922431e-01 9.914907558e-01 1.824475073e-02 3.878467841e+00 1.449441213e-01 6.355009859e-04 9.894396383e-01 2.487646604e+02
9.807464362e-01 1.299260194e-01 -1.457932008e-01 2.122018171e+02 -1.289564421e-01 9.915191863e-01 1.612263123e-02 3.874497034e+00 1.466515051e-01 2.988759344e-03 9.891837056e-01 2.496244270e+02
9.803636325e-01 1.320002652e-01 -1.465028257e-01 2.120642611e+02 -1.313072795e-01 9.912366312e-01 1.443396552e-02 3.877407287e+00 1.471242547e-01 5.086352620e-03 9.891049402e-01 2.505085759e+02
9.806154556e-01 1.309217624e-01 -1.457834705e-01 2.119227726e+02 -1.304632573e-01 9.913712438e-01 1.274344727e-02 3.871213619e+00 1.461939350e-01 6.522965069e-03 9.892344435e-01 2.513983336e+02
9.815174171e-01 1.227240360e-01 -1.468413120e-01 2.118021528e+02 -1.228798575e-01 9.923889497e-01 8.044445407e-03 3.874202359e+00 1.467109422e-01 1.014807621e-02 9.891273507e-01 2.522723839e+02
9.820004740e-01 1.180372827e-01 -1.474525991e-01 2.116742059e+02 -1.189903893e-01 9.928925732e-01 2.371763307e-03 3.866575768e+00 1.466845471e-01 1.521636949e-02 9.890662798e-01 2.531414171e+02
9.824788188e-01 1.149524810e-01 -1.467013897e-01 2.115406313e+02 -1.158704366e-01 9.932616698e-01 2.301569851e-03 3.855199482e+00 1.459774385e-01 1.473711045e-02 9.891781463e-01 2.540278358e+02
9.826950362e-01 1.151839002e-01 -1.450625208e-01 2.113988875e+02 -1.151145242e-01 9.933123520e-01 8.900433647e-03 3.847036128e+00 1.451175804e-01 7.952391093e-03 9.893824576e-01 2.549171804e+02
9.829521868e-01 1.143980719e-01 -1.439377631e-01 2.112606985e+02 -1.134912070e-01 9.934328540e-01 1.452275573e-02 3.841194422e+00 1.446538781e-01 2.060495956e-03 9.894801716e-01 2.558121445e+02
9.831259646e-01 1.131838394e-01 -1.437106686e-01 2.111480814e+02 -1.117454855e-01 9.935726026e-01 1.806736928e-02 3.839860283e+00 1.448319172e-01 -1.703481420e-03 9.894548064e-01 2.566804246e+02
9.831446144e-01 1.145450156e-01 -1.424994971e-01 2.110133880e+02 -1.128413641e-01 9.934115728e-01 2.000684035e-02 3.845422236e+00 1.438523333e-01 -3.589779710e-03 9.895926534e-01 2.575488074e+02
9.831630610e-01 1.154557154e-01 -1.416346471e-01 2.108667988e+02 -1.139104194e-01 9.933093703e-01 1.899766334e-02 3.849469414e+00 1.428804110e-01 -2.544138773e-03 9.897366900e-01 2.584305003e+02
9.830691554e-01 1.167899593e-01 -1.411918593e-01 2.107376717e+02 -1.155142702e-01 9.931564404e-01 1.722609409e-02 3.839004969e+00 1.422374392e-01 -6.247671814e-04 9.898323699e-01 2.592859864e+02
9.834811965e-01 1.125947465e-01 -1.417291756e-01 2.106235873e+02 -1.120840348e-01 9.936309382e-01 1.160722902e-02 3.844492168e+00 1.421334067e-01 4.470086372e-03 9.898374175e-01 2.601374349e+02
9.834552651e-01 1.124516155e-01 -1.420224481e-01 2.105140324e+02 -1.126802293e-01 9.936103188e-01 6.457576165e-03 3.832651697e+00 1.418411348e-01 9.652384738e-03 9.898423733e-01 2.609633911e+02
9.837550061e-01 1.101716919e-01 -1.417331515e-01 2.103901692e+02 -1.107764379e-01 9.938386820e-01 3.640740956e-03 3.824405567e+00 1.412609951e-01 1.211909652e-02 9.898982063e-01 2.618212674e+02
9.835865058e-01 1.128736178e-01 -1.407733357e-01 2.102637738e+02 -1.132258932e-01 9.935538786e-01 5.530593551e-03 3.820775965e+00 1.404901518e-01 1.049936949e-02 9.900264039e-01 2.626671883e+02
9.832453025e-01 1.176905847e-01 -1.392034533e-01 2.101287633e+02 -1.175382451e-01 9.930243973e-01 9.343838888e-03 3.809333865e+00 1.393321071e-01 7.174443910e-03 9.902197187e-01 2.635068155e+02
9.831886605e-01 1.186670178e-01 -1.387739052e-01 2.099988321e+02 -1.185362717e-01 9.929067639e-01 9.236364947e-03 3.795575766e+00 1.388856010e-01 7.368652052e-03 9.902810171e-01 2.643509825e+02
9.826212750e-01 1.218127304e-01 -1.400610177e-01 2.098755026e+02 -1.222099537e-01 9.924873593e-01 5.793864602e-03 3.789908161e+00 1.397145561e-01 1.142367587e-02 9.901259225e-01 2.651731521e+02
9.828209554e-01 1.199550257e-01 -1.402631861e-01 2.097498732e+02 -1.207266431e-01 9.926811782e-01 3.025894313e-03 3.787724815e+00 1.395995961e-01 1.395959127e-02 9.901096316e-01 2.660096998e+02
9.831655037e-01 1.172470135e-01 -1.401382540e-01 2.096379479e+02 -1.170617412e-01 9.930783030e-01 9.593379404e-03 3.778034624e+00 1.402930546e-01 6.972948331e-03 9.900854695e-01 2.668422317e+02
9.833429019e-01 1.172408172e-01 -1.388932257e-01 2.095096079e+02 -1.157192523e-01 9.931000605e-01 1.900853921e-02 3.774888530e+00 1.401634476e-01 -2.619291881e-03 9.901249150e-01 2.676853374e+02
9.835747129e-01 1.176660836e-01 -1.368775979e-01 2.093718421e+02 -1.151420356e-01 9.930023583e-01 2.624172193e-02 3.775963092e+00 1.390075382e-01 -1.005032885e-02 9.902403219e-01 2.685452554e+02
9.839922408e-01 1.152119670e-01 -1.359612910e-01 2.092645454e+02 -1.128446152e-01 9.932976229e-01 2.501849744e-02 3.779065303e+00 1.379324575e-01 -9.275507795e-03 9.903982038e-01 2.693587874e+02
9.844476522e-01 1.119111731e-01 -1.354204912e-01 2.091497776e+02 -1.106752205e-01 9.937172300e-01 1.664519107e-02 3.781732672e+00 1.364324583e-01 -1.398626545e-03 9.906483878e-01 2.701846214e+02
9.846839848e-01 1.101522251e-01 -1.351441354e-01 2.090277154e+02 -1.106308503e-01 9.938535720e-01 3.986528030e-03 3.773315214e+00 1.347526066e-01 1.102564031e-02 9.908179299e-01 2.710017629e+02
9.846418061e-01 1.111931720e-01 -1.345978904e-01 2.089009763e+02 -1.129604754e-01 9.935840302e-01 -5.541294205e-03 3.766705516e+00 1.331181603e-01 2.066043162e-02 9.908848076e-01 2.718146972e+02
9.848180047e-01 1.117579702e-01 -1.328294159e-01 2.087810890e+02 -1.138494132e-01 9.934639131e-01 -8.231923511e-03 3.762689550e+00 1.310412482e-01 2.322949754e-02 9.911047279e-01 2.726228906e+02
9.844114722e-01 1.174740362e-01 -1.308965401e-01 2.086511819e+02 -1.184876695e-01 9.929555227e-01 4.485864548e-05 3.755081744e+00 1.299797122e-01 1.546546662e-02 9.913960328e-01 2.734587308e+02
9.840639071e-01 1.211824880e-01 -1.301269819e-01 2.085333773e+02 -1.212669739e-01 9.925930551e-01 7.303972596e-03 3.745389939e+00 1.300482521e-01 8.592529502e-03 9.914704335e-01 2.742911967e+02
9.835352427e-01 1.249687912e-01 -1.305420528e-01 2.084114299e+02 -1.249945254e-01 9.921249429e-01 8.029090271e-03 3.734711485e+00 1.305174124e-01 8.420148685e-03 9.914102613e-01 2.751189973e+02
9.832508208e-01 1.259953680e-01 -1.316927888e-01 2.082936643e+02 -1.268104827e-01 9.919244961e-01 2.212578597e-03 3.734091471e+00 1.309080778e-01 1.452450640e-02 9.912881084e-01 2.759480442e+02
9.833350331e-01 1.255237528e-01 -1.315142585e-01 2.081727903e+02 -1.267803251e-01 9.919301027e-01 -1.191856943e-03 3.733247076e+00 1.303033456e-01 1.784541514e-02 9.913135625e-01 2.767806146e+02
9.838923241e-01 1.216969407e-01 -1.309417780e-01 2.080603003e+02 -1.223448302e-01 9.924827630e-01 3.115709508e-03 3.729490573e+00 1.303366300e-01 1.295452693e-02 9.913851639e-01 2.776340564e+02
9.841836503e-01 1.183667900e-01 -1.318022971e-01 2.079463450e+02 -1.186713294e-01 9.929179681e-01 5.569936841e-03 3.721691544e+00 1.315281646e-01 1.015931305e-02 9.912603746e-01 2.784784364e+02
9.837554529e-01 1.182498008e-01 -1.350636643e-01 2.078443875e+02 -1.185643772e-01 9.929297709e-01 5.740959529e-03 3.711362270e+00 1.347876005e-01 1.036603899e-02 9.908202905e-01 2.792996276e+02
9.838825047e-01 1.151324801e-01 -1.368200609e-01 2.077229721e+02 -1.154386166e-01 9.932981365e-01 5.721695489e-03 3.701767679e+00 1.365618645e-01 1.016484246e-02 9.905793927e-01 2.801495721e+02
9.839282158e-01 1.132581460e-01 -1.380502029e-01 2.075955756e+02 -1.130287136e-01 9.935460575e-01 9.525838254e-03 3.698492056e+00 1.382381136e-01 6.230895814e-03 9.903794222e-01 2.810214958e+02
9.835037935e-01 1.164225062e-01 -1.384416418e-01 2.074694981e+02 -1.160137491e-01 9.931861810e-01 1.104625690e-02 3.695166447e+00 1.387843584e-01 5.197098335e-03 9.903089882e-01 2.818806315e+02
9.834085435e-01 1.154386400e-01 -1.399341166e-01 2.073304131e+02 -1.156453139e-01 9.932681022e-01 6.681209319e-03 3.696357176e+00 1.397633641e-01 9.612366513e-03 9.901382754e-01 2.827424462e+02
9.835746160e-01 1.097198345e-01 -1.433266645e-01 2.072012653e+02 -1.112255166e-01 9.937920201e-01 -2.511039186e-03 3.689989872e+00 1.421613846e-01 1.841137671e-02 9.896722498e-01 2.836203634e+02
9.837636597e-01 1.022897741e-01 -1.474647886e-01 2.070718613e+02 -1.045319038e-01 9.944931396e-01 -7.515079590e-03 3.680945380e+00 1.458840048e-01 2.280783729e-02 9.890387554e-01 2.844981061e+02
9.836557999e-01 9.651556115e-02 -1.520066241e-01 2.069445123e+02 -9.875872235e-02 9.950849322e-01 -7.258956084e-03 3.662994153e+00 1.505588990e-01 2.215229424e-02 9.883528185e-01 2.853643571e+02
9.833149027e-01 9.381947559e-02 -1.558515579e-01 2.067967842e+02 -9.526793601e-02 9.954499776e-01 -1.833708695e-03 3.655851896e+00 1.549703922e-01 1.665076933e-02 9.877787857e-01 2.862784243e+02
9.828931917e-01 9.385127318e-02 -1.584705406e-01 2.066557908e+02 -9.416942225e-02 9.955408990e-01 5.517094104e-03 3.652281745e+00 1.582816907e-01 9.500365015e-03 9.873482919e-01 2.871793727e+02
9.821862885e-01 9.727984274e-02 -1.607691725e-01 2.064974422e+02 -9.620652473e-02 9.952562721e-01 1.446573457e-02 3.644668616e+00 1.614137517e-01 1.258997220e-03 9.868860196e-01 2.880690872e+02
9.817817765e-01 9.809921799e-02 -1.627301039e-01 2.063346732e+02 -9.674280195e-02 9.951766152e-01 1.625837921e-02 3.642462972e+00 1.635401282e-01 -2.192142180e-04 9.865366584e-01 2.889829515e+02
9.815457733e-01 9.720661897e-02 -1.646777704e-01 2.061765202e+02 -9.743703027e-02 9.952191539e-01 6.697830816e-03 3.639012001e+00 1.645415448e-01 9.471485370e-03 9.863246783e-01 2.898877605e+02
9.811584487e-01 9.941412207e-02 -1.656651167e-01 2.060068489e+02 -1.019077981e-01 9.947719571e-01 -6.599556494e-03 3.635144164e+00 1.641429233e-01 2.335777787e-02 9.861599845e-01 2.908020831e+02
9.813921540e-01 9.729105198e-02 -1.655412074e-01 2.058453145e+02 -1.010623153e-01 9.947745355e-01 -1.449247778e-02 3.627045959e+00 1.632661893e-01 3.095278169e-02 9.860963831e-01 2.917038783e+02
9.813291898e-01 1.002776978e-01 -1.641261847e-01 2.056837243e+02 -1.031913567e-01 9.946180265e-01 -9.301894924e-03 3.611526710e+00 1.623100893e-01 2.606462468e-02 9.863954938e-01 2.926339282e+02
9.816290499e-01 1.032644231e-01 -1.604396064e-01 2.055193165e+02 -1.045747750e-01 9.945169879e-01 2.778987453e-04 3.591820324e+00 1.595886111e-01 1.650514225e-02 9.870456198e-01 2.935711658e+02
9.817270847e-01 1.076386346e-01 -1.569262741e-01 2.053489372e+02 -1.073913940e-01 9.941657355e-01 1.007863207e-02 3.585132273e+00 1.570955749e-01 6.958065248e-03 9.875588923e-01 2.945062666e+02
9.820594519e-01 1.057984011e-01 -1.560959038e-01 2.051972261e+02 -1.051721387e-01 9.943780935e-01 1.228936445e-02 3.579962137e+00 1.565185423e-01 4.348053528e-03 9.876654496e-01 2.954371616e+02
9.822649372e-01 1.045822858e-01 -1.556217810e-01 2.050436907e+02 -1.038036862e-01 9.945109490e-01 1.314409189e-02 3.577458236e+00 1.561422042e-01 3.243133919e-03 9.877292616e-01 2.963672976e+02
9.818088461e-01 1.078481701e-01 -1.562695167e-01 2.048803383e+02 -1.081029356e-01 9.941158097e-01 6.892914865e-03 3.569662014e+00 1.560933854e-01 1.012566872e-02 9.876903998e-01 2.972873600e+02
9.816990195e-01 1.089798224e-01 -1.561743685e-01 2.047196695e+02 -1.096338769e-01 9.939620951e-01 4.445947813e-03 3.560363987e+00 1.557159211e-01 1.275741888e-02 9.877194947e-01 2.982100127e+02
9.817145009e-01 1.082231019e-01 -1.566026786e-01 2.045671997e+02 -1.088809877e-01 9.940450674e-01 4.397090098e-03 3.555489379e+00 1.561459870e-01 1.273436722e-02 9.876518955e-01 2.991263366e+02
9.814265823e-01 1.142714218e-01 -1.540905762e-01 2.043978560e+02 -1.140858608e-01 9.934197971e-01 1.007586774e-02 3.551758981e+00 1.542280127e-01 7.690831585e-03 9.880053498e-01 3.000403437e+02
9.807754618e-01 1.229986476e-01 -1.514953007e-01 2.042289497e+02 -1.223095810e-01 9.923947325e-01 1.389465034e-02 3.550405414e+00 1.520521616e-01 4.901794650e-03 9.883603151e-01 3.009487758e+02
9.810361895e-01 1.227175548e-01 -1.500279865e-01 2.040824485e+02 -1.219821754e-01 9.924317094e-01 1.412979124e-02 3.546416152e+00 1.506265045e-01 4.438903604e-03 9.885807768e-01 3.018626111e+02
9.813409108e-01 1.191021630e-01 -1.509459888e-01 2.039401621e+02 -1.194030073e-01 9.928204693e-01 7.101939970e-03 3.542295132e+00 1.507081239e-01 1.105398077e-02 9.885165001e-01 3.027516440e+02
9.821369110e-01 1.121589513e-01 -1.510875829e-01 2.038088034e+02 -1.137970470e-01 9.935015549e-01 -2.211880310e-03 3.527362739e+00 1.498576664e-01 1.936569006e-02 9.885179057e-01 3.036590693e+02
9.818378923e-01 1.132706365e-01 -1.521976218e-01 2.036714970e+02 -1.157721649e-01 9.932463590e-01 -7.646972688e-03 3.503875475e+00 1.503035562e-01 2.512833571e-02 9.883204985e-01 3.045434591e+02
9.819589009e-01 1.138054723e-01 -1.510133486e-01 2.035176058e+02 -1.157156471e-01 9.932747520e-01 -3.893082317e-03 3.485811514e+00 1.495546923e-01 2.129745419e-02 9.885240576e-01 3.054405681e+02
9.823749381e-01 1.101814775e-01 -1.509951094e-01 2.033776297e+02 -1.111006400e-01 9.938063550e-01 2.361455351e-03 3.472840045e+00 1.503200879e-01 1.445581873e-02 9.885316892e-01 3.063397083e+02
9.829779660e-01 1.058368664e-01 -1.501761500e-01 2.032493652e+02 -1.059094543e-01 9.943472108e-01 7.537367804e-03 3.462724518e+00 1.501249672e-01 8.496007626e-03 9.886305235e-01 3.072341884e+02
9.832120623e-01 1.038912222e-01 -1.500021816e-01 2.031020856e+02 -1.038986679e-01 9.945572326e-01 7.808838957e-03 3.459835559e+00 1.499970244e-01 7.907282199e-03 9.886548273e-01 3.081196275e+02
9.837712877e-01 9.938508449e-02 -1.493876113e-01 2.029609034e+02 -9.928913750e-02 9.950255010e-01 8.119085828e-03 3.455899483e+00 1.494513988e-01 6.845243560e-03 9.887453778e-01 3.090193698e+02
9.843604968e-01 9.273408139e-02 -1.497825171e-01 2.028309750e+02 -9.258436394e-02 9.956728041e-01 7.987663655e-03 3.451099083e+00 1.498751074e-01 6.004778510e-03 9.886867020e-01 3.098981231e+02
9.849914205e-01 8.710314187e-02 -1.490132353e-01 2.026941635e+02 -8.637270827e-02 9.961979112e-01 1.137879716e-02 3.449110384e+00 1.494378027e-01 1.662659125e-03 9.887697299e-01 3.107751291e+02
9.851509693e-01 8.610356824e-02 -1.485386927e-01 2.025542655e+02 -8.498091252e-02 9.962856161e-01 1.390020445e-02 3.438376962e+00 1.491838202e-01 -1.070846238e-03 9.888089002e-01 3.116569954e+02
9.848823933e-01 8.865491162e-02 -1.488186077e-01 2.024400883e+02 -8.757384457e-02 9.960622361e-01 1.381461574e-02 3.423426598e+00 1.494573287e-01 -5.731541914e-04 9.887680104e-01 3.125039547e+02
9.843123017e-01 9.528705918e-02 -1.484913095e-01 2.022977915e+02 -9.489450994e-02 9.954396590e-01 9.742551255e-03 3.417895079e+00 1.487424776e-01 4.501296997e-03 9.888657208e-01 3.133596653e+02
9.841298450e-01 9.794146351e-02 -1.479726933e-01 2.021642164e+02 -9.838088232e-02 9.951392630e-01 4.364544140e-03 3.413939295e+00 1.476809068e-01 1.026240598e-02 9.889818162e-01 3.142178201e+02
9.839774217e-01 1.009895344e-01 -1.469338204e-01 2.020240106e+02 -1.018065100e-01 9.948022706e-01 1.968988285e-03 3.405385290e+00 1.463689454e-01 1.302137944e-02 9.891443654e-01 3.150739345e+02
9.838772933e-01 1.040248575e-01 -1.454795547e-01 2.018907606e+02 -1.043000923e-01 9.945292193e-01 5.755226802e-03 3.397421732e+00 1.452823546e-01 9.511094006e-03 9.893445186e-01 3.159473054e+02
9.837711530e-01 1.073675235e-01 -1.437585939e-01 2.017522271e+02 -1.071760828e-01 9.941984297e-01 9.097784461e-03 3.396348072e+00 1.439013749e-01 6.457345057e-03 9.895709661e-01 3.168172909e+02
9.837064277e-01 1.091632525e-01 -1.428462403e-01 2.016186017e+02 -1.082119927e-01 9.940230387e-01 1.443478804e-02 3.383370994e+00 1.435682022e-01 1.258082537e-03 9.896396256e-01 3.176802786e+02
9.842112867e-01 1.050320549e-01 -1.424654714e-01 2.014949057e+02 -1.041806169e-01 9.944675321e-01 1.344346427e-02 3.376067915e+00 1.430892804e-01 1.610931430e-03 9.897084736e-01 3.185439583e+02
9.846319100e-01 1.008056266e-01 -1.426121571e-01 2.013789205e+02 -1.005481566e-01 9.948912188e-01 9.029449772e-03 3.373583874e+00 1.427938022e-01 5.448705127e-03 9.897374610e-01 3.193915656e+02
9.839747771e-01 1.057980753e-01 -1.435284125e-01 2.012522136e+02 -1.057185581e-01 9.943622649e-01 8.201993300e-03 3.369542333e+00 1.435869925e-01 7.103062294e-03 9.896122079e-01 3.202410867e+02
9.832474146e-01 1.106761640e-01 -1.448285484e-01 2.011139530e+02 -1.100800031e-01 9.938484820e-01 1.214856609e-02 3.370141406e+00 1.452821897e-01 3.997680851e-03 9.893821829e-01 3.210940971e+02
9.829224583e-01 1.128242269e-01 -1.453758396e-01 2.009877414e+02 -1.111268796e-01 9.936095570e-01 1.977030300e-02 3.372575810e+00 1.466773928e-01 -3.277511405e-03 9.891789527e-01 3.219389700e+02
9.827194398e-01 1.139538947e-01 -1.458664204e-01 2.008524118e+02 -1.118294658e-01 9.934678916e-01 2.270944538e-02 3.374228184e+00 1.475014349e-01 -6.004849564e-03 9.890436130e-01 3.227817618e+02
9.822765851e-01 1.162022215e-01 -1.470705755e-01 2.007239692e+02 -1.147521463e-01 9.932249284e-01 1.833539220e-02 3.368449476e+00 1.482047751e-01 -1.133762243e-03 9.889560451e-01 3.235980055e+02
9.811157649e-01 1.244488812e-01 -1.480686729e-01 2.005858169e+02 -1.238472545e-01 9.922119896e-01 1.331259497e-02 3.370814300e+00 1.485722501e-01 5.276701819e-03 9.888874774e-01 3.243923320e+02
9.802665694e-01 1.308105625e-01 -1.482094787e-01 2.004565935e+02 -1.308833893e-01 9.913541090e-01 9.304247115e-03 3.363656887e+00 1.481451695e-01 1.027751649e-02 9.889122213e-01 3.251429481e+02
9.800290218e-01 1.348342698e-01 -1.461603098e-01 2.003296725e+02 -1.350506846e-01 9.908023399e-01 8.487390930e-03 3.349121276e+00 1.459603682e-01 1.142116048e-02 9.892245084e-01 3.258931204e+02
9.802195947e-01 1.365671933e-01 -1.432443640e-01 2.002101949e+02 -1.368451554e-01 9.905604944e-01 7.956779517e-03 3.340980080e+00 1.429788431e-01 1.180290606e-02 9.896553652e-01 3.266260243e+02
9.804406462e-01 1.388403166e-01 -1.394973322e-01 2.000905092e+02 -1.389775860e-01 9.902563847e-01 8.804725630e-03 3.349722912e+00 1.393605748e-01 1.075449159e-02 9.901833018e-01 3.273504519e+02
9.806053096e-01 1.414256167e-01 -1.356909051e-01 1.999962719e+02 -1.408292420e-01 9.899344383e-01 1.403326169e-02 3.343261880e+00 1.363097626e-01 5.348156402e-03 9.906518288e-01 3.280415184e+02
9.808307868e-01 1.455519948e-01 -1.295591929e-01 1.998742885e+02 -1.442918678e-01 9.893506023e-01 1.911132231e-02 3.338803838e+00 1.309611566e-01 -5.063535502e-05 9.913874989e-01 3.287377027e+02
9.820750129e-01 1.430475569e-01 -1.227439023e-01 1.997711192e+02 -1.422616261e-01 9.897125442e-01 1.518913069e-02 3.347087930e+00 1.236539479e-01 2.544881424e-03 9.923221376e-01 3.293910444e+02
9.839981921e-01 1.357885298e-01 -1.153647829e-01 1.997014952e+02 -1.358845023e-01 9.906994653e-01 7.069048634e-03 3.336008519e+00 1.152517244e-01 8.720355034e-03 9.932980396e-01 3.300089566e+02
9.856061237e-01 1.294643356e-01 -1.087177757e-01 1.996537179e+02 -1.301937974e-01 9.914884879e-01 3.917883197e-04 3.325871988e+00 1.078431457e-01 1.376823110e-02 9.940725787e-01 3.306092590e+02
9.872420542e-01 1.247006364e-01 -9.900948268e-02 1.996032828e+02 -1.255432034e-01 9.920854845e-01 -2.301180360e-03 3.311217255e+00 9.793891194e-02 1.470178965e-02 9.950838291e-01 3.311992585e+02
9.881443190e-01 1.247548887e-01 -8.948196828e-02 1.995464333e+02 -1.253549815e-01 9.921113483e-01 -1.095996952e-03 3.300780163e+00 8.863934522e-02 1.230001364e-02 9.959878394e-01 3.317759241e+02
9.895040925e-01 1.192405496e-01 -8.162929798e-02 1.995200383e+02 -1.194979556e-01 9.928329179e-01 1.742348297e-03 3.289460049e+00 8.125201267e-02 8.030473456e-03 9.966612373e-01 3.323233754e+02
9.907337304e-01 1.142656497e-01 -7.341686966e-02 1.994914224e+02 -1.141899497e-01 9.934451076e-01 5.241517225e-03 3.279057012e+00 7.353455535e-02 3.190520742e-03 9.972875662e-01 3.328706045e+02
9.919174519e-01 1.090211011e-01 -6.491662463e-02 1.994662516e+02 -1.089525499e-01 9.940362812e-01 4.605818430e-03 3.269054901e+00 6.503161153e-02 2.504240104e-03 9.978800621e-01 3.334034172e+02
9.921686198e-01 1.104697527e-01 -5.829119683e-02 1.994389624e+02 -1.105123053e-01 9.938716038e-01 2.503102430e-03 3.259347838e+00 5.821048239e-02 3.958394860e-03 9.982964844e-01 3.339232835e+02
9.927883974e-01 1.085109181e-01 -5.095663489e-02 1.994179994e+02 -1.086578581e-01 9.940792005e-01 -1.140987057e-04 3.247832458e+00 5.064254992e-02 5.650114673e-03 9.987008603e-01 3.344310482e+02
9.938702097e-01 1.009592839e-01 -4.504696820e-02 1.993987248e+02 -1.011852901e-01 9.948637704e-01 -2.759601412e-03 3.232892138e+00 4.453698924e-02 7.300776179e-03 9.989810585e-01 3.349283276e+02
9.949588533e-01 9.056038223e-02 -4.307780642e-02 1.993877640e+02 -9.108191577e-02 9.957901550e-01 -1.029814294e-02 3.224235670e+00 4.196385177e-02 1.416983763e-02 9.990186439e-01 3.354220355e+02
9.956535332e-01 8.278832368e-02 -4.266304351e-02 1.993703536e+02 -8.360427122e-02 9.963417049e-01 -1.770685833e-02 3.204642512e+00 4.104104839e-02 2.119670872e-02 9.989325963e-01 3.359033437e+02
9.953769847e-01 8.515802169e-02 -4.441587155e-02 1.993453748e+02 -8.617976777e-02 9.960450592e-01 -2.161683636e-02 3.191552364e+00 4.239936239e-02 2.534465089e-02 9.987792262e-01 3.363772919e+02
9.943977537e-01 9.435933203e-02 -4.763847117e-02 1.993022562e+02 -9.545715202e-02 9.952052808e-01 -2.131621762e-02 3.175757524e+00 4.539867402e-02 2.574423171e-02 9.986371688e-01 3.368441223e+02
9.939572813e-01 9.587313856e-02 -5.345338330e-02 1.992595204e+02 -9.713428736e-02 9.950387951e-01 -2.151107834e-02 3.171038906e+00 5.112585552e-02 2.657324924e-02 9.983386246e-01 3.373039783e+02
9.944988659e-01 8.555086591e-02 -6.044050864e-02 1.992384735e+02 -8.679883212e-02 9.960572428e-01 -1.832844404e-02 3.162404802e+00 5.863419213e-02 2.347378237e-02 9.980035135e-01 3.377556225e+02
9.947036380e-01 7.649665502e-02 -6.865081467e-02 1.992215895e+02 -7.755152355e-02 9.969057825e-01 -1.283050875e-02 3.143482461e+00 6.745690312e-02 1.808652900e-02 9.975582408e-01 3.381800463e+02
9.942631109e-01 7.282810788e-02 -7.833857958e-02 1.991706545e+02 -7.381335861e-02 9.972243943e-01 -9.751693088e-03 3.127850406e+00 7.741094522e-02 1.547818237e-02 9.968791158e-01 3.385960290e+02
9.929223799e-01 7.529883209e-02 -9.184352619e-02 1.991254490e+02 -7.639855500e-02 9.970410220e-01 -8.512418774e-03 3.119841609e+00 9.093078803e-02 1.546888379e-02 9.957370664e-01 3.390048551e+02
9.911363628e-01 7.903798586e-02 -1.067787763e-01 1.990638240e+02 -8.026587871e-02 9.967471636e-01 -7.244350324e-03 3.098244327e+00 1.058588636e-01 1.575083134e-02 9.942564118e-01 3.393967467e+02
9.890518736e-01 8.344161780e-02 -1.217123154e-01 1.989809730e+02 -8.502872682e-02 9.963472157e-01 -7.895651264e-03 3.101670583e+00 1.206089007e-01 1.815825189e-02 9.925340150e-01 3.397860250e+02
9.866947247e-01 8.426625295e-02 -1.390421481e-01 1.989033836e+02 -8.655905064e-02 9.961912272e-01 -1.051520509e-02 3.105579202e+00 1.376264913e-01 2.241065374e-02 9.902306355e-01 3.401519068e+02
9.843738081e-01 7.782275933e-02 -1.579614637e-01 1.988349768e+02 -8.110147912e-02 9.966017085e-01 -1.440779848e-02 3.097271878e+00 1.563034099e-01 2.699356780e-02 9.873401599e-01 3.405094677e+02
9.811995856e-01 7.183647822e-02 -1.791281488e-01 1.987733527e+02 -7.599993058e-02 9.969716117e-01 -1.648077607e-02 3.097870551e+00 1.774017583e-01 2.978465753e-02 9.836876996e-01 3.408629167e+02
9.765528556e-01 7.090990499e-02 -2.032641276e-01 1.987011821e+02 -7.533679463e-02 9.970582412e-01 -1.411491942e-02 3.092813290e+00 2.016652860e-01 2.909723270e-02 9.790221976e-01 3.412163647e+02
9.704701734e-01 7.231963642e-02 -2.301249938e-01 1.985951652e+02 -7.666858294e-02 9.970064759e-01 -1.000077000e-02 3.086820499e+00 2.287128570e-01 2.734880617e-02 9.731096916e-01 3.415544954e+02
9.632202615e-01 7.081535172e-02 -2.592140307e-01 1.984791233e+02 -7.545877641e-02 9.971168757e-01 -7.994320694e-03 3.095569530e+00 2.579005638e-01 2.726026526e-02 9.657868176e-01 3.418757095e+02
9.538952527e-01 7.037491307e-02 -2.917725457e-01 1.983678240e+02 -7.506041417e-02 9.971670407e-01 -4.881298668e-03 3.095056915e+00 2.906024450e-01 2.655681575e-02 9.564752765e-01 3.422106160e+02
9.432196482e-01 7.579987754e-02 -3.234054325e-01 1.982145010e+02 -8.029472734e-02 9.967710095e-01 -5.579498798e-04 3.093083932e+00 3.223188669e-01 2.649402031e-02 9.462603315e-01 3.425025772e+02
9.309054884e-01 8.310095814e-02 -3.556813214e-01 1.980596347e+02 -8.732983675e-02 9.961706798e-01 4.180465876e-03 3.079279724e+00 3.546667044e-01 2.716997310e-02 9.345979464e-01 3.427831454e+02
9.181513077e-01 8.327210886e-02 -3.873808617e-01 1.979174677e+02 -8.642488475e-02 9.962148854e-01 9.308135189e-03 3.070322624e+00 3.866896888e-01 2.493306983e-02 9.218727822e-01 3.430753163e+02
9.051427385e-01 7.973563844e-02 -4.175629903e-01 1.977619400e+02 -8.190403857e-02 9.965585861e-01 1.275589422e-02 3.071282934e+00 4.171430826e-01 2.265419024e-02 9.085584386e-01 3.433591839e+02
8.911117401e-01 7.576103938e-02 -4.474149433e-01 1.976008084e+02 -7.626675283e-02 9.969439898e-01 1.691341372e-02 3.077461795e+00 4.473290165e-01 1.905114336e-02 8.941665420e-01 3.436376487e+02
8.754425288e-01 7.832485381e-02 -4.769335341e-01 1.974291615e+02 -7.713726477e-02 9.967753868e-01 2.210589853e-02 3.076539638e+00 4.771270492e-01 1.743690459e-02 8.786613302e-01 3.439084346e+02
8.594953655e-01 8.126322499e-02 -5.046424525e-01 1.972370660e+02 -7.913357886e-02 9.965328245e-01 2.569448283e-02 3.091062617e+00 5.049807851e-01 1.784987440e-02 8.629459941e-01 3.441678414e+02
8.420435098e-01 8.475447307e-02 -5.327094958e-01 1.970333879e+02 -8.113917554e-02 9.962436916e-01 3.024799278e-02 3.101228663e+00 5.332721274e-01 1.775348329e-02 8.457574427e-01 3.444198853e+02
8.232505927e-01 8.651796280e-02 -5.610464363e-01 1.968258183e+02 -8.123063019e-02 9.961010532e-01 3.441331800e-02 3.116540603e+00 5.618363163e-01 1.724337114e-02 8.270686911e-01 3.446802861e+02
8.036037066e-01 8.609425793e-02 -5.889047984e-01 1.966067454e+02 -7.855456064e-02 9.961684238e-01 3.844024566e-02 3.131240814e+00 5.899578492e-01 1.537043380e-02 8.072877343e-01 3.449420235e+02
7.816353626e-01 8.503325108e-02 -6.179122156e-01 1.963776827e+02 -7.418693110e-02 9.963055352e-01 4.326175995e-02 3.139719655e+00 6.193080488e-01 1.202608955e-02 7.850559941e-01 3.452111361e+02
7.584407325e-01 8.346074606e-02 -6.463760200e-01 1.961328824e+02 -6.874066195e-02 9.964787828e-01 4.800788346e-02 3.152138970e+00 6.481067634e-01 8.021181181e-03 7.615072448e-01 3.454797500e+02
7.337698318e-01 8.490575443e-02 -6.740718410e-01 1.958653559e+02 -6.762114427e-02 9.963607194e-01 5.189120919e-02 3.170227426e+00 6.760245667e-01 7.505305377e-03 7.368408618e-01 3.457357691e+02
7.073883608e-01 8.661092515e-02 -7.014985778e-01 1.955798829e+02 -6.748155847e-02 9.962062247e-01 5.494904046e-02 3.187877123e+00 7.035964371e-01 8.467905633e-03 7.105493286e-01 3.459906711e+02
6.798502844e-01 8.629987702e-02 -7.282553961e-01 1.952778016e+02 -6.636746881e-02 9.962170472e-01 5.609771836e-02 3.203826356e+00 7.303416665e-01 1.019441750e-02 6.830059473e-01 3.462431499e+02
6.505646221e-01 8.357641897e-02 -7.548381645e-01 1.949679081e+02 -6.219568230e-02 9.964507413e-01 5.672404509e-02 3.220689263e+00 7.568998412e-01 1.004501771e-02 6.534536924e-01 3.464907362e+02
6.193787809e-01 7.898856710e-02 -7.811086557e-01 1.946391675e+02 -5.600222041e-02 9.968365670e-01 5.639689783e-02 3.252412174e+00 7.830923809e-01 8.812777272e-03 6.218429527e-01 3.467341963e+02
5.868810566e-01 7.608691354e-02 -8.060901978e-01 1.942875210e+02 -4.907550801e-02 9.970871348e-01 5.838527345e-02 3.276150691e+00 8.081845210e-01 5.294074990e-03 5.889055551e-01 3.469568204e+02
5.515582521e-01 7.597605838e-02 -8.306690876e-01 1.939297683e+02 -4.271297303e-02 9.971093038e-01 6.283818998e-02 3.299903670e+00 8.330420736e-01 8.214241082e-04 5.532090281e-01 3.471834211e+02
5.151714154e-01 7.833910453e-02 -8.534995006e-01 1.935360124e+02 -3.958727224e-02 9.969262250e-01 6.760879958e-02 3.326690175e+00 8.561724480e-01 -1.042403891e-03 5.166891258e-01 3.473872461e+02
4.761291084e-01 7.921679535e-02 -8.758000751e-01 1.931358183e+02 -3.475966161e-02 9.968513001e-01 7.126886663e-02 3.353546384e+00 8.786881347e-01 -3.490667669e-03 4.773834697e-01 3.475814518e+02
4.348902436e-01 7.866830597e-02 -8.970405641e-01 1.927060004e+02 -2.904359617e-02 9.968837216e-01 7.334381481e-02 3.388176190e+00 9.000149696e-01 -5.843225589e-03 4.358198150e-01 3.477638425e+02
3.921921375e-01 7.893813558e-02 -9.164900971e-01 1.923006480e+02 -2.265339087e-02 9.968378942e-01 7.616453607e-02 3.412142327e+00 9.196043449e-01 -9.109523806e-03 3.927402009e-01 3.479147492e+02
3.470870509e-01 7.953382484e-02 -9.344543594e-01 1.918510355e+02 -1.578262955e-02 9.967517380e-01 7.897392853e-02 3.439639858e+00 9.377001054e-01 -1.266268097e-02 3.472148741e-01 3.480652134e+02
2.996977986e-01 7.824177800e-02 -9.508204108e-01 1.913743138e+02 -6.932641249e-03 9.967836741e-01 7.983887257e-02 3.475927570e+00 9.540089979e-01 -1.733583756e-02 2.992762950e-01 3.481947946e+02
2.500288672e-01 7.647993961e-02 -9.652131290e-01 1.908801372e+02 7.824045556e-04 9.968592230e-01 7.919013387e-02 3.516651646e+00 9.682380665e-01 -2.055500661e-02 2.491837440e-01 3.483001133e+02
1.995800776e-01 7.617316419e-02 -9.769162921e-01 1.903507149e+02 4.874561415e-03 9.968843750e-01 7.872599029e-02 3.556453086e+00 9.798693950e-01 -2.047417771e-02 1.985869501e-01 3.483810682e+02
1.496985967e-01 7.725408233e-02 -9.857089514e-01 1.898271877e+02 8.093103502e-03 9.968136858e-01 7.935349747e-02 3.591620423e+00 9.886985546e-01 -1.985655178e-02 1.485963846e-01 3.484393264e+02
1.017763845e-01 7.885258619e-02 -9.916772848e-01 1.892714454e+02 1.034105681e-02 9.967159261e-01 8.031453888e-02 3.631156700e+00 9.947535524e-01 -1.842911453e-02 1.006267243e-01 3.484555220e+02
5.533376577e-02 8.003534275e-02 -9.952550016e-01 1.886755037e+02 1.423685725e-02 9.966175809e-01 8.093645194e-02 3.673794039e+00 9.983664088e-01 -1.864782206e-02 5.400715204e-02 3.484601211e+02
1.215368518e-02 8.021116590e-02 -9.967037959e-01 1.880675234e+02 1.738608887e-02 9.966097805e-01 8.041560373e-02 3.720159481e+00 9.997749806e-01 -1.830612670e-02 1.071792306e-02 3.484402805e+02
-2.678614955e-02 8.046989164e-02 -9.963970588e-01 1.874325773e+02 1.892672238e-02 9.966168597e-01 7.997883573e-02 3.764087834e+00 9.994619960e-01 -1.671620546e-02 -2.821855955e-02 3.484036205e+02
-6.136368935e-02 7.982304738e-02 -9.949184784e-01 1.867817370e+02 1.881879863e-02 9.967123072e-01 7.880627861e-02 3.813015149e+00 9.979380494e-01 -1.388732650e-02 -6.266411825e-02 3.483474525e+02
-9.063839207e-02 7.863981908e-02 -9.927741237e-01 1.860918443e+02 1.693989070e-02 9.968549180e-01 7.741648790e-02 3.869335063e+00 9.957397863e-01 -9.800579162e-03 -9.168547683e-02 3.482679346e+02
-1.137955482e-01 7.693017564e-02 -9.905212372e-01 1.853816965e+02 1.594333033e-02 9.970105650e-01 7.560253637e-02 3.927698279e+00 9.933762547e-01 -7.188975214e-03 -1.146818870e-01 3.481612914e+02
-1.324429330e-01 7.561464093e-02 -9.883022289e-01 1.846707175e+02 1.316755850e-02 9.971321611e-01 7.452562395e-02 3.993928761e+00 9.911031656e-01 -3.143135189e-03 -1.330587683e-01 3.480515213e+02
-1.459278964e-01 7.553797512e-02 -9.864071489e-01 1.839184419e+02 1.128362515e-02 9.971428990e-01 7.469082102e-02 4.038063301e+00 9.892308774e-01 -2.307741172e-04 -1.463633079e-01 3.479303074e+02
-1.539710155e-01 7.581386509e-02 -9.851625167e-01 1.831631582e+02 9.411370603e-03 9.971192964e-01 7.526310459e-02 4.082816766e+00 9.880305423e-01 2.316607094e-03 -1.542409830e-01 3.478064850e+02
-1.575114484e-01 7.571542083e-02 -9.846102369e-01 1.823805741e+02 7.355765948e-03 9.971186268e-01 7.550057505e-02 4.134220701e+00 9.874897652e-01 4.649642478e-03 -1.576145440e-01 3.476662458e+02
-1.571660208e-01 7.506463980e-02 -9.847152592e-01 1.815656430e+02 5.524467834e-03 9.971583362e-01 7.513143725e-02 4.195583402e+00 9.875567438e-01 6.368081253e-03 -1.571341000e-01 3.475228635e+02
-1.551205780e-01 7.486006649e-02 -9.850551135e-01 1.807345188e+02 3.783798323e-03 9.971624743e-01 7.518432535e-02 4.257550377e+00 9.878882979e-01 7.935386121e-03 -1.549636748e-01 3.473720515e+02
-1.538722090e-01 7.510372434e-02 -9.852323451e-01 1.798780804e+02 4.996979656e-03 9.971535333e-01 7.523204873e-02 4.323029133e+00 9.880781211e-01 6.652935543e-03 -1.538095087e-01 3.472420727e+02
-1.524778148e-01 7.260795199e-02 -9.856361404e-01 1.790205009e+02 5.940589803e-03 9.973469656e-01 7.255163393e-02 4.376893608e+00 9.882890394e-01 5.207254598e-03 -1.525046200e-01 3.471053310e+02
-1.518562926e-01 6.753969845e-02 -9.860923159e-01 1.781291805e+02 7.563266116e-03 9.977128190e-01 6.717088483e-02 4.428795801e+00 9.883736456e-01 2.742242939e-03 -1.520197905e-01 3.469804431e+02
-1.514907688e-01 6.274422805e-02 -9.864652598e-01 1.772107542e+02 8.156886088e-03 9.980286852e-01 6.222707375e-02 4.492156960e+00 9.884250160e-01 1.380342491e-03 -1.517039304e-01 3.468494387e+02
-1.506124856e-01 6.237126210e-02 -9.866233855e-01 1.762647225e+02 6.843369840e-03 9.980496477e-01 6.204892376e-02 4.545281090e+00 9.885691920e-01 2.593513917e-03 -1.507455678e-01 3.467083192e+02
-1.494496216e-01 6.514548571e-02 -9.866209385e-01 1.752900020e+02 7.782197234e-03 9.978737869e-01 6.470968090e-02 4.603293613e+00 9.887387157e-01 1.992758586e-03 -1.496388349e-01 3.465509428e+02
-1.483062756e-01 6.735403535e-02 -9.866451655e-01 1.742913874e+02 8.570170938e-03 9.977280784e-01 6.682240429e-02 4.673859886e+00 9.889043436e-01 1.454464186e-03 -1.485465710e-01 3.464011523e+02
-1.478554557e-01 6.781971540e-02 -9.866809263e-01 1.732928642e+02 9.729044664e-03 9.976975398e-01 6.711903423e-02 4.736091791e+00 9.889611266e-01 3.244525928e-04 -1.481748455e-01 3.462519936e+02
-1.484784141e-01 6.685895175e-02 -9.866529487e-01 1.722699642e+02 1.134189829e-02 9.977614476e-01 6.590489341e-02 4.799688747e+00 9.888506065e-01 -1.405063338e-03 -1.489043448e-01 3.460914058e+02
-1.502428475e-01 6.627410827e-02 -9.864252781e-01 1.711841525e+02 1.199497919e-02 9.977993801e-01 6.521132998e-02 4.871855043e+00 9.885763538e-01 -2.034614784e-03 -1.507071766e-01 3.459298689e+02
-1.513782879e-01 6.746583117e-02 -9.861708653e-01 1.701063192e+02 1.277198644e-02 9.977183017e-01 6.629529969e-02 4.941213294e+00 9.883933884e-01 -2.559691961e-03 -1.518945610e-01 3.457553381e+02
-1.530113536e-01 6.887556615e-02 -9.858213236e-01 1.690039627e+02 1.215205306e-02 9.976239699e-01 6.781402678e-02 5.006165619e+00 9.881497120e-01 -1.603436996e-03 -1.534847736e-01 3.455795968e+02
-1.551125688e-01 7.055071975e-02 -9.853743892e-01 1.678797742e+02 1.360698398e-02 9.975046409e-01 6.927727864e-02 5.077668099e+00 9.878030882e-01 -2.662196885e-03 -1.556854897e-01 3.454065550e+02
-1.583726228e-01 7.122820552e-02 -9.848069126e-01 1.667658226e+02 1.162698451e-02 9.974599941e-01 7.027356179e-02 5.145097556e+00 9.873109569e-01 -3.209264246e-04 -1.587985247e-01 3.452336630e+02
-1.597803539e-01 7.107910844e-02 -9.845902695e-01 1.656241266e+02 1.164974155e-02 9.974706458e-01 7.011843048e-02 5.218801745e+00 9.870838475e-01 -2.666745418e-04 -1.602042660e-01 3.450342488e+02
-1.612901142e-01 7.081147195e-02 -9.843633651e-01 1.644424855e+02 9.707993929e-03 9.974881630e-01 7.016494526e-02 5.296582945e+00 9.868592878e-01 1.760718458e-03 -1.615724170e-01 3.448428988e+02
-1.621372909e-01 7.002730819e-02 -9.842802827e-01 1.632667426e+02 7.505687687e-03 9.975373773e-01 6.973410591e-02 5.363744066e+00 9.867396635e-01 3.918798618e-03 -1.622636111e-01 3.446407638e+02
-1.634524641e-01 6.862862886e-02 -9.841612689e-01 1.620823115e+02 7.521524869e-03 9.976351737e-01 6.831900870e-02 5.440741983e+00 9.865225383e-01 3.764516859e-03 -1.635821194e-01 3.444469153e+02
-1.639920492e-01 6.846212304e-02 -9.840830989e-01 1.608763482e+02 5.903631816e-03 9.976390429e-01 6.842139480e-02 5.522878597e+00 9.864439948e-01 5.410900447e-03 -1.640090461e-01 3.442350300e+02
-1.655771136e-01 6.891316979e-02 -9.837861528e-01 1.596345197e+02 6.193105244e-03 9.976085539e-01 6.883907745e-02 5.605943378e+00 9.861774003e-01 5.305484562e-03 -1.656079313e-01 3.440425168e+02
-1.676664898e-01 7.031356637e-02 -9.833330822e-01 1.584094413e+02 7.774072168e-03 9.975165430e-01 7.000221543e-02 5.684453001e+00 9.858131222e-01 4.092523394e-03 -1.677967200e-01 3.438434577e+02
-1.694300507e-01 7.228438439e-02 -9.828877991e-01 1.571775940e+02 9.447837130e-03 9.973799456e-01 7.172156161e-02 5.757426972e+00 9.854969286e-01 2.865623976e-03 -1.696690658e-01 3.436251238e+02
-1.716795633e-01 7.513372630e-02 -9.822835898e-01 1.559559934e+02 1.040872811e-02 9.971701866e-01 7.445318922e-02 5.825580750e+00 9.850978560e-01 2.557768195e-03 -1.719757887e-01 3.434099042e+02
-1.737841102e-01 7.933078776e-02 -9.815832665e-01 1.547397394e+02 9.544736655e-03 9.968389074e-01 7.887389166e-02 5.903511516e+00 9.847375189e-01 4.338075294e-03 -1.739919540e-01 3.431833860e+02
-1.754080671e-01 8.259699728e-02 -9.810248448e-01 1.535046804e+02 7.274815349e-03 9.965559067e-01 8.260388577e-02 5.979440161e+00 9.844689366e-01 7.352613342e-03 -1.754048233e-01 3.429440216e+02
-1.758656953e-01 8.301730270e-02 -9.809074292e-01 1.522720374e+02 5.479214733e-03 9.965048530e-01 8.335500037e-02 6.063701520e+00 9.843989209e-01 9.284682655e-03 -1.757058884e-01 3.427157718e+02
-1.757762903e-01 8.238035381e-02 -9.809771522e-01 1.510949976e+02 2.170132784e-03 9.965224070e-01 8.329695590e-02 6.136094921e+00 9.844277456e-01 1.251277922e-02 -1.753437882e-01 3.424968150e+02
-1.747900389e-01 8.019516290e-02 -9.813343865e-01 1.498860179e+02 2.363209855e-04 9.966808981e-01 8.140719568e-02 6.220005769e+00 9.846057010e-01 1.399725699e-02 -1.742288448e-01 3.422596256e+02
-1.745513111e-01 7.875869495e-02 -9.814932031e-01 1.486463005e+02 7.590237357e-05 9.967970087e-01 7.997323102e-02 6.308354952e+00 9.846480762e-01 1.388493467e-02 -1.739982028e-01 3.420411180e+02
-1.752262490e-01 7.957186567e-02 -9.813073320e-01 1.474372676e+02 1.014569380e-03 9.967425890e-01 8.064230811e-02 6.387532947e+00 9.845276697e-01 1.313504479e-02 -1.747361962e-01 3.418376195e+02
-1.757056793e-01 7.997321914e-02 -9.811889718e-01 1.462041758e+02 2.262248335e-03 9.967249787e-01 8.083439331e-02 6.477984640e+00 9.844401437e-01 1.198336887e-02 -1.753111587e-01 3.416133358e+02
-1.769239046e-01 8.008619511e-02 -9.809608215e-01 1.450202081e+02 2.415429020e-03 9.967163055e-01 8.093684033e-02 6.555042350e+00 9.842215694e-01 1.195022058e-02 -1.765363831e-01 3.414036622e+02
-1.780858532e-01 7.922262807e-02 -9.808206789e-01 1.438013261e+02 1.673180608e-03 9.967767734e-01 8.020763376e-02 6.632048924e+00 9.840135311e-01 1.264275475e-02 -1.776443959e-01 3.411706840e+02
-1.787383491e-01 7.903610801e-02 -9.807170317e-01 1.426094935e+02 2.005862638e-03 9.967955491e-01 7.996630382e-02 6.703387949e+00 9.838945975e-01 1.232586148e-02 -1.783241265e-01 3.409658173e+02
-1.795334828e-01 7.910070295e-02 -9.805665747e-01 1.414141071e+02 2.153892600e-03 9.967913191e-01 8.001516697e-02 6.777400243e+00 9.837495054e-01 1.225336652e-02 -1.791277916e-01 3.407433059e+02
-1.799907256e-01 7.902633718e-02 -9.804887438e-01 1.402233293e+02 3.046880976e-03 9.968076550e-01 7.978230044e-02 6.851551209e+00 9.836635884e-01 1.137264165e-02 -1.796569170e-01 3.405268482e+02
-1.802194385e-01 7.917276457e-02 -9.804349174e-01 1.390345644e+02 3.549443164e-03 9.968012166e-01 7.984194361e-02 6.924349886e+00 9.836200259e-01 1.090907223e-02 -1.799239748e-01 3.403067190e+02
-1.804423614e-01 7.952857250e-02 -9.803651158e-01 1.378601769e+02 4.882542788e-03 9.967859553e-01 7.996199100e-02 6.998860153e+00 9.835734416e-01 9.641855856e-03 -1.802507133e-01 3.400908561e+02
-1.797803478e-01 8.179019205e-02 -9.803006636e-01 1.366612722e+02 3.811329836e-03 9.965879040e-01 8.245012664e-02 7.077016301e+00 9.836993953e-01 1.108666328e-02 -1.794786494e-01 3.398593885e+02
-1.790749258e-01 7.997588803e-02 -9.805794350e-01 1.354631846e+02 6.616672301e-04 9.967000641e-01 8.116984905e-02 7.150370247e+00 9.838352165e-01 1.388666742e-02 -1.785369075e-01 3.396235944e+02
-1.785411796e-01 7.626131943e-02 -9.809726084e-01 1.342592869e+02 3.382118370e-04 9.969965319e-01 7.744547156e-02 7.234473265e+00 9.839323822e-01 1.349542930e-02 -1.780307293e-01 3.394018149e+02
-1.787337890e-01 7.449695284e-02 -9.810731047e-01 1.330725542e+02 -2.983545544e-03 9.970837886e-01 7.625625860e-02 7.299737227e+00 9.838929470e-01 1.655664633e-02 -1.779902985e-01 3.391880918e+02
-1.783629121e-01 7.790704672e-02 -9.808757127e-01 1.318870370e+02 -4.059641866e-03 9.967938504e-01 7.990956816e-02 7.364734263e+00 9.839563969e-01 1.823490739e-02 -1.774747792e-01 3.389627139e+02
-1.784680903e-01 7.978562797e-02 -9.807055594e-01 1.306907476e+02 -2.788013338e-03 9.966619862e-01 8.159112905e-02 7.440396782e+00 9.839417502e-01 1.729563317e-02 -1.776499180e-01 3.387444687e+02
-1.780410831e-01 7.611316409e-02 -9.810750017e-01 1.295287494e+02 -2.614560614e-03 9.969639713e-01 7.782033118e-02 7.513367684e+00 9.840195815e-01 1.642029611e-02 -1.773015428e-01 3.385289131e+02
-1.775755931e-01 7.048672013e-02 -9.815796101e-01 1.283697818e+02 -4.696404320e-04 9.974254448e-01 7.170956297e-02 7.594071073e+00 9.841070512e-01 1.319485765e-02 -1.770853115e-01 3.383075346e+02
-1.779506827e-01 6.916316155e-02 -9.816058331e-01 1.272227205e+02 -1.552979700e-03 9.975059741e-01 7.056500511e-02 7.657945784e+00 9.840381816e-01 1.408150476e-02 -1.773994601e-01 3.380986153e+02
-1.779682025e-01 6.991994414e-02 -9.815490412e-01 1.260614459e+02 -1.643939302e-03 9.974499360e-01 7.135070158e-02 7.725717087e+00 9.840348654e-01 1.431176315e-02 -1.773994280e-01 3.378925810e+02
-1.776398163e-01 7.043914855e-02 -9.815714044e-01 1.248987854e+02 -2.248779351e-03 9.974033782e-01 7.198224923e-02 7.796080905e+00 9.840930031e-01 1.499425104e-02 -1.770201508e-01 3.376577331e+02
-1.774061043e-01 7.084296742e-02 -9.815846108e-01 1.237315491e+02 -1.006793989e-03 9.973921420e-01 7.216579156e-02 7.854745577e+00 9.841372163e-01 1.379090543e-02 -1.768721301e-01 3.374487608e+02
-1.773702719e-01 7.117736773e-02 -9.815668948e-01 1.225906368e+02 -2.059007324e-03 9.973521597e-01 7.269408584e-02 7.924326912e+00 9.841420361e-01 1.491482320e-02 -1.767540691e-01 3.372303387e+02
-1.769040357e-01 7.224695461e-02 -9.815728907e-01 1.214069721e+02 -2.446760168e-03 9.972668737e-01 7.384305026e-02 7.990904559e+00 9.842250635e-01 1.546480705e-02 -1.762437636e-01 3.370047994e+02
-1.764732406e-01 7.302743883e-02 -9.815926795e-01 1.202684504e+02 -1.357455459e-03 9.972249824e-01 7.443448029e-02 8.053903607e+00 9.843045020e-01 1.446816229e-02 -1.758843927e-01 3.367876845e+02
-1.766854643e-01 7.269917212e-02 -9.815788695e-01 1.190829593e+02 -1.003958231e-03 9.972547008e-01 7.404089292e-02 8.121120056e+00 9.842668534e-01 1.406741373e-02 -1.761274229e-01 3.365718668e+02
-1.770536195e-01 7.311699558e-02 -9.814814928e-01 1.179029726e+02 -4.169827288e-04 9.972309656e-01 7.436549842e-02 8.183339242e+00 9.842011186e-01 1.357594150e-02 -1.765328635e-01 3.363593657e+02
-1.770962675e-01 7.384230409e-02 -9.814194955e-01 1.167635465e+02 1.106287823e-03 9.971957153e-01 7.482968307e-02 8.233375623e+00 9.841929121e-01 1.216632513e-02 -1.766813300e-01 3.361481291e+02
-1.776920236e-01 7.391197774e-02 -9.813065598e-01 1.155976487e+02 1.504829489e-03 9.971947058e-01 7.483618240e-02 8.300303396e+00 9.840849964e-01 1.182109364e-02 -1.773047701e-01 3.359355548e+02
-1.783570424e-01 7.404709758e-02 -9.811757196e-01 1.144520829e+02 1.779930091e-03 9.971870660e-01 7.493188370e-02 8.365736539e+00 9.839642256e-01 1.161820497e-02 -1.779871345e-01 3.357215723e+02
-1.792959989e-01 7.396699798e-02 -9.810106156e-01 1.133057080e+02 3.404880600e-03 9.972102580e-01 7.456613262e-02 8.430019974e+00 9.837892821e-01 1.002918522e-02 -1.790476581e-01 3.355048746e+02
-1.804577872e-01 7.469959289e-02 -9.807420445e-01 1.121769131e+02 5.529129875e-03 9.971731872e-01 7.493372696e-02 8.491973798e+00 9.835671892e-01 8.099724416e-03 -1.803606906e-01 3.352831143e+02
-1.831691041e-01 7.777710782e-02 -9.799998984e-01 1.110357313e+02 6.613402908e-03 9.969403764e-01 7.788548569e-02 8.564321338e+00 9.830591753e-01 7.785080455e-03 -1.831230469e-01 3.350702016e+02
-1.860772938e-01 8.285195826e-02 -9.790356448e-01 1.099129535e+02 7.705673640e-03 9.965307452e-01 8.286794586e-02 8.636007908e+00 9.825048923e-01 7.875713945e-03 -1.860701744e-01 3.348491161e+02
-1.893557579e-01 8.679255232e-02 -9.780651562e-01 1.087777994e+02 8.917339991e-03 9.961967206e-01 8.667511135e-02 8.703140771e+00 9.818680553e-01 7.690691866e-03 -1.894095437e-01 3.346151162e+02
-1.929449049e-01 8.730777033e-02 -9.773175620e-01 1.076383038e+02 1.021264560e-02 9.961581746e-01 8.697466873e-02 8.798802466e+00 9.811564429e-01 6.800321289e-03 -1.930952876e-01 3.343406482e+02
-1.990429332e-01 8.628679843e-02 -9.761846645e-01 1.065149371e+02 7.611285005e-03 9.962222522e-01 8.650602621e-02 8.869877646e+00 9.799612131e-01 9.788393495e-03 -1.989477526e-01 3.340978305e+02
-2.058223204e-01 8.390655112e-02 -9.749855707e-01 1.054102764e+02 6.066325071e-03 9.964075993e-01 8.446949630e-02 8.929471762e+00 9.785705760e-01 1.147112832e-02 -2.055919286e-01 3.338525945e+02
-2.134190893e-01 8.083240807e-02 -9.736110179e-01 1.042793813e+02 3.730207002e-03 9.966314373e-01 8.192596447e-02 9.006152767e+00 9.769536211e-01 1.385279409e-02 -2.130016954e-01 3.336148591e+02
-2.203721100e-01 7.923106456e-02 -9.721926617e-01 1.031922729e+02 2.480414732e-03 9.967378445e-01 8.066918150e-02 9.070174491e+00 9.754127232e-01 1.536579674e-02 -2.198497478e-01 3.333505085e+02
-2.294991722e-01 8.059518692e-02 -9.699662601e-01 1.020798935e+02 2.715113827e-03 9.966148742e-01 8.216702887e-02 9.126299701e+00 9.733050694e-01 1.622369630e-02 -2.289411138e-01 3.330958770e+02
-2.379985850e-01 8.242138018e-02 -9.677620522e-01 1.009841048e+02 3.761524804e-03 9.964636479e-01 8.394074907e-02 9.191695087e+00 9.712582172e-01 1.633751854e-02 -2.374669683e-01 3.328122346e+02
-2.461211411e-01 8.258521065e-02 -9.657142781e-01 9.991892843e+01 5.031859615e-03 9.964587815e-01 8.393197986e-02 9.262339320e+00 9.692260130e-01 1.579809598e-02 -2.456651295e-01 3.325227323e+02
-2.544612608e-01 8.077705442e-02 -9.637035510e-01 9.882282972e+01 3.654384046e-03 9.965787568e-01 8.256771204e-02 9.339225435e+00 9.670760633e-01 1.748854123e-02 -2.538858773e-01 3.322385002e+02
-2.602885268e-01 7.928669809e-02 -9.622699737e-01 9.775358336e+01 4.623408776e-04 9.966327998e-01 8.199297913e-02 9.413559173e+00 9.655307706e-01 2.089693500e-02 -2.594487407e-01 3.319174587e+02
-2.654931353e-01 8.034235563e-02 -9.607593356e-01 9.668219310e+01 -3.392003762e-03 9.964377542e-01 8.426325629e-02 9.483439895e+00 9.641067832e-01 2.563021538e-02 -2.642748619e-01 3.316071440e+02
-2.683322299e-01 7.775427362e-02 -9.601833613e-01 9.564405246e+01 -6.205802580e-03 9.965770673e-01 8.243565345e-02 9.545942483e+00 9.633064426e-01 2.807885110e-02 -2.669312191e-01 3.312877897e+02
-2.711812201e-01 6.885412875e-02 -9.600624224e-01 9.460599567e+01 -5.944811018e-03 9.972992787e-01 7.320387967e-02 9.607534966e+00 9.625099506e-01 2.555890707e-02 -2.700395104e-01 3.309932777e+02
-2.742539449e-01 5.846588037e-02 -9.598783853e-01 9.355240179e+01 -7.506962576e-03 9.979895779e-01 6.293209046e-02 9.666312105e+00 9.616280046e-01 2.446514519e-02 -2.732636776e-01 3.306890287e+02
-2.752105681e-01 5.343077898e-02 -9.598980649e-01 9.250136570e+01 -5.027472961e-03 9.983607694e-01 5.701314473e-02 9.702646995e+00 9.613708274e-01 2.051648152e-02 -2.744908127e-01 3.303676563e+02
-2.773253004e-01 5.454621752e-02 -9.592264529e-01 9.146395129e+01 -5.209316474e-03 9.982870655e-01 5.827347496e-02 9.756613699e+00 9.607619584e-01 2.115762311e-02 -2.765661118e-01 3.300676877e+02
-2.786152825e-01 6.168132254e-02 -9.584200221e-01 9.043367298e+01 -5.673893115e-03 9.978123507e-01 6.586592237e-02 9.807935307e+00 9.603860324e-01 2.378922533e-02 -2.776557968e-01 3.297529046e+02
-2.796231521e-01 6.354025043e-02 -9.580049736e-01 8.935550685e+01 -8.026161760e-03 9.976181232e-01 6.851029780e-02 9.866162003e+00 9.600762853e-01 2.684616831e-02 -2.784471399e-01 3.294370907e+02
-2.789372074e-01 5.906590786e-02 -9.584911334e-01 8.832820191e+01 -1.001343145e-02 9.978734816e-01 6.440687824e-02 9.930440179e+00 9.602571351e-01 2.756326002e-02 -2.777525899e-01 3.291169448e+02
-2.780612938e-01 5.601717642e-02 -9.589285650e-01 8.730074649e+01 -1.314466513e-02 9.979827388e-01 6.211015075e-02 9.983462261e+00 9.604733909e-01 2.987522375e-02 -2.767640445e-01 3.288168286e+02
-2.750828295e-01 5.975337239e-02 -9.595618643e-01 8.626366252e+01 -1.252882342e-02 9.977592023e-01 6.572368465e-02 1.003630158e+01 9.613388921e-01 3.010163830e-02 -2.737177851e-01 3.285176629e+02
-2.703956769e-01 6.813814334e-02 -9.603350308e-01 8.522911687e+01 -1.263017235e-02 9.971554402e-01 7.430684295e-02 1.009910140e+01 9.626664306e-01 3.222144605e-02 -2.687659238e-01 3.282221873e+02
-2.649220224e-01 7.740480820e-02 -9.611580607e-01 8.420428751e+01 -1.733195353e-02 9.962296504e-01 8.500639440e-02 1.016456071e+01 9.641140625e-01 3.917881276e-02 -2.625815972e-01 3.279369286e+02
-2.573942085e-01 8.105405168e-02 -9.629010656e-01 8.318559926e+01 -1.660917718e-02 9.959575300e-01 8.827646179e-02 1.023343671e+01 9.661637318e-01 3.871484442e-02 -2.550074590e-01 3.276599609e+02
-2.493799542e-01 7.804859558e-02 -9.652554352e-01 8.215792387e+01 -2.122017700e-02 9.960671970e-01 8.602234141e-02 1.031196639e+01 9.681731986e-01 4.193513875e-02 -2.467429869e-01 3.273896501e+02
-2.419399342e-01 7.492044728e-02 -9.673944360e-01 8.112770063e+01 -2.706937161e-02 9.961052710e-01 8.391387360e-02 1.039119873e+01 9.699135618e-01 4.648887654e-02 -2.389695943e-01 3.271206964e+02
-2.352083187e-01 7.462809634e-02 -9.690756906e-01 8.009165417e+01 -3.405825393e-02 9.958027241e-01 8.495275145e-02 1.045898822e+01 9.713480747e-01 5.298661978e-02 -2.316793818e-01 3.268572030e+02
-2.276811808e-01 7.356792187e-02 -9.709526460e-01 7.903636137e+01 -3.715534845e-02 9.957592833e-01 8.416014427e-02 1.053639382e+01 9.730265978e-01 5.523776492e-02 -2.239822077e-01 3.266038436e+02
-2.205154196e-01 7.294916428e-02 -9.726517204e-01 7.798890047e+01 -4.226561900e-02 9.955479793e-01 8.424866998e-02 1.061044907e+01 9.744673248e-01 5.968785784e-02 -2.164504388e-01 3.263629050e+02
-2.134231854e-01 7.286391051e-02 -9.742388796e-01 7.693784272e+01 -4.741636140e-02 9.952670917e-01 8.482396354e-02 1.068240381e+01 9.758085020e-01 6.429826330e-02 -2.089581315e-01 3.261340299e+02
-2.055244550e-01 7.164684334e-02 -9.760258338e-01 7.587228503e+01 -5.325577344e-02 9.950200284e-01 8.425535990e-02 1.075589093e+01 9.772018834e-01 6.929554760e-02 -2.006853410e-01 3.258837409e+02
-1.982927847e-01 6.903634299e-02 -9.777085224e-01 7.480628081e+01 -5.829916071e-02 9.949195051e-01 8.207549110e-02 1.082961778e+01 9.784074710e-01 7.327456397e-02 -1.932605984e-01 3.256624623e+02
-1.915605940e-01 6.477678028e-02 -9.793408536e-01 7.372613887e+01 -6.066897503e-02 9.951300610e-01 7.768807553e-02 1.090437159e+01 9.796039068e-01 7.429757969e-02 -1.866977647e-01 3.254548837e+02
-1.847434390e-01 6.079207546e-02 -9.809047789e-01 7.263285193e+01 -6.144598689e-02 9.954178716e-01 7.326425850e-02 1.097173373e+01 9.808640336e-01 7.380775326e-02 -1.801614917e-01 3.252466013e+02
-1.784788419e-01 5.996326803e-02 -9.821149166e-01 7.155346685e+01 -6.066090815e-02 9.955720756e-01 7.180874931e-02 1.103567877e+01 9.820720733e-01 7.239232516e-02 -1.740511248e-01 3.250428176e+02
-1.743341176e-01 6.436886708e-02 -9.825804112e-01 7.046237931e+01 -5.755928570e-02 9.954886773e-01 7.542693177e-02 1.110234652e+01 9.830028200e-01 6.970611421e-02 -1.698426141e-01 3.248548670e+02
-1.718032607e-01 6.871954437e-02 -9.827315319e-01 6.935848333e+01 -5.451300228e-02 9.953723984e-01 7.913356467e-02 1.116584537e+01 9.836218644e-01 6.716705068e-02 -1.672621150e-01 3.246581649e+02
-1.711443468e-01 6.914320590e-02 -9.828167833e-01 6.825260169e+01 -5.395708078e-02 9.953796419e-01 7.942293029e-02 1.124373718e+01 9.837673739e-01 6.662271010e-02 -1.666228331e-01 3.244649962e+02
-1.708958219e-01 6.673432987e-02 -9.830265242e-01 6.715393205e+01 -5.494444418e-02 9.955056737e-01 7.713340189e-02 1.132632349e+01 9.837559281e-01 6.719362210e-02 -1.664610796e-01 3.242702431e+02
-1.707330761e-01 6.531529327e-02 -9.831501051e-01 6.605504409e+01 -5.608215494e-02 9.955387461e-01 7.587751209e-02 1.139195259e+01 9.837199849e-01 6.809197757e-02 -1.663083701e-01 3.240748794e+02
-1.703104987e-01 6.464798407e-02 -9.832674978e-01 6.490983159e+01 -5.680861394e-02 9.955418037e-01 7.529474350e-02 1.146673547e+01 9.837515517e-01 6.868154900e-02 -1.658786587e-01 3.238649716e+02
-1.701031069e-01 6.445004105e-02 -9.833163912e-01 6.380554404e+01 -5.479467690e-02 9.956964507e-01 7.474036084e-02 1.153229339e+01 9.839016599e-01 6.659407154e-02 -1.658395406e-01 3.236643375e+02
-1.712694669e-01 6.478710045e-02 -9.830917563e-01 6.267297914e+01 -5.376906156e-02 9.957337727e-01 7.498761127e-02 1.160074315e+01 9.837558934e-01 6.570300937e-02 -1.670552509e-01 3.234784652e+02
-1.714329814e-01 6.533868591e-02 -9.830267489e-01 6.153705045e+01 -5.267228846e-02 9.957634521e-01 7.537093265e-02 1.167250778e+01 9.837867467e-01 6.469933218e-02 -1.672651593e-01 3.232724340e+02
-1.727282306e-01 6.663753859e-02 -9.827127743e-01 6.041690677e+01 -5.287701021e-02 9.956427577e-01 7.680833818e-02 1.173749971e+01 9.835491752e-01 6.522988175e-02 -1.684520181e-01 3.230775865e+02
-1.737431136e-01 6.661356105e-02 -9.825354772e-01 5.928787290e+01 -5.218631413e-02 9.956849892e-01 7.673324502e-02 1.181559649e+01 9.834073007e-01 6.460677797e-02 -1.695170940e-01 3.228716147e+02
-1.746325359e-01 6.716113458e-02 -9.823405007e-01 5.817037845e+01 -5.148535082e-02 9.956833840e-01 7.722601590e-02 1.188197244e+01 9.832867008e-01 6.406232031e-02 -1.704208997e-01 3.226612719e+02
-1.754681107e-01 6.723869992e-02 -9.821862855e-01 5.702936737e+01 -5.137515154e-02 9.956801772e-01 7.734066597e-02 1.195315507e+01 9.831437005e-01 6.403078980e-02 -1.712557212e-01 3.224515089e+02
-1.768940117e-01 6.834088326e-02 -9.818543845e-01 5.588905355e+01 -5.018873159e-02 9.956622365e-01 7.834412512e-02 1.202275502e+01 9.829494391e-01 6.313663275e-02 -1.726967451e-01 3.222440871e+02
-1.781009884e-01 6.879063392e-02 -9.816047507e-01 5.475061530e+01 -4.979070483e-02 9.956455672e-01 7.880856670e-02 1.209345107e+01 9.827517101e-01 6.291067602e-02 -1.739003255e-01 3.220338082e+02
-1.788943551e-01 6.902093234e-02 -9.814443034e-01 5.360979511e+01 -4.972401977e-02 9.956272281e-01 7.908188547e-02 1.216743830e+01 9.826109767e-01 6.294865885e-02 -1.746800927e-01 3.218162849e+02
-1.800782504e-01 6.944435458e-02 -9.811978931e-01 5.248994431e+01 -5.077787155e-02 9.955185684e-01 7.977711252e-02 1.223924930e+01 9.823407919e-01 6.418926342e-02 -1.757450055e-01 3.215985464e+02
-1.804030835e-01 6.900186539e-02 -9.811694400e-01 5.137388826e+01 -5.178418152e-02 9.954864993e-01 7.953004676e-02 1.230987978e+01 9.822286526e-01 6.515652205e-02 -1.760156289e-01 3.213805839e+02
-1.802210235e-01 6.692902608e-02 -9.813464669e-01 5.025033422e+01 -5.295209416e-02 9.955755117e-01 7.762394075e-02 1.237991796e+01 9.821998057e-01 6.595381657e-02 -1.758796056e-01 3.211704840e+02
-1.800622788e-01 6.317213829e-02 -9.816246007e-01 4.913746492e+01 -5.418376565e-02 9.957835112e-01 7.402241747e-02 1.244815841e+01 9.821617460e-01 6.651676249e-02 -1.758801439e-01 3.209590179e+02
-1.800379288e-01 6.287510763e-02 -9.816481371e-01 4.802711166e+01 -5.506413949e-02 9.957460126e-01 7.387705288e-02 1.251175813e+01 9.821172459e-01 6.735428154e-02 -1.758098861e-01 3.207499649e+02
-1.796600726e-01 6.511962524e-02 -9.815710329e-01 4.690109992e+01 -5.483439889e-02 9.955923147e-01 7.608634323e-02 1.257660258e+01 9.821992909e-01 6.749353551e-02 -1.752973921e-01 3.205373141e+02
-1.793118511e-01 6.618976814e-02 -9.815631282e-01 4.578911694e+01 -5.327097675e-02 9.956170746e-01 7.686900476e-02 1.264402353e+01 9.823489518e-01 6.607235012e-02 -1.749999471e-01 3.203346411e+02
-1.793958522e-01 6.496858966e-02 -9.816293652e-01 4.468615868e+01 -5.289439117e-02 9.957366751e-01 7.556889032e-02 1.271435311e+01 9.823539645e-01 6.547943310e-02 -1.751945554e-01 3.201309267e+02
-1.795405016e-01 6.537719743e-02 -9.815757894e-01 4.360834069e+01 -5.323070624e-02 9.956818799e-01 7.605317832e-02 1.277697391e+01 9.823093709e-01 6.590459829e-02 -1.752851498e-01 3.199239988e+02
-1.794439557e-01 6.706081362e-02 -9.814798592e-01 4.251973080e+01 -5.216459076e-02 9.956217308e-01 7.756432608e-02 1.283930864e+01 9.823842030e-01 6.511694469e-02 -1.751601019e-01 3.197197695e+02
-1.796072493e-01 6.679387229e-02 -9.814681934e-01 4.140791410e+01 -5.208142371e-02 9.956474440e-01 7.728966663e-02 1.289973877e+01 9.823587742e-01 6.499804526e-02 -1.753467787e-01 3.195163034e+02
-1.800332845e-01 6.522181298e-02 -9.814958643e-01 4.031762182e+01 -5.298897022e-02 9.957075422e-01 7.588583117e-02 1.295737758e+01 9.822322462e-01 6.567043055e-02 -1.758044625e-01 3.193153090e+02
-1.799168077e-01 6.507924209e-02 -9.815266856e-01 3.921615934e+01 -5.310022771e-02 9.957117146e-01 7.575319986e-02 1.302080974e+01 9.822475799e-01 6.574856440e-02 -1.756895505e-01 3.191104903e+02
-1.805430928e-01 6.589221413e-02 -9.813574312e-01 3.812234318e+01 -5.282411462e-02 9.956638460e-01 7.657100459e-02 1.308659502e+01 9.821475472e-01 6.566370341e-02 -1.762795323e-01 3.189154723e+02
-1.804256811e-01 6.684022225e-02 -9.813149129e-01 3.706602603e+01 -5.267707050e-02 9.955998754e-01 7.749847911e-02 1.315009306e+01 9.821770206e-01 6.567551073e-02 -1.761108386e-01 3.187125241e+02
-1.808425134e-01 6.758819713e-02 -9.811869450e-01 3.599755971e+01 -5.135245148e-02 9.956261839e-01 7.804759895e-02 1.320786986e+01 9.821705102e-01 6.450067894e-02 -1.765807219e-01 3.185183605e+02
-1.809880989e-01 6.653103708e-02 -9.812323523e-01 3.490503149e+01 -5.194974727e-02 9.956696433e-01 7.709205652e-02 1.327844248e+01 9.821122806e-01 6.492751747e-02 -1.767480854e-01 3.183287164e+02
-1.817539054e-01 6.589760151e-02 -9.811335403e-01 3.382748911e+01 -5.096238018e-02 9.957799859e-01 7.632205123e-02 1.334255299e+01 9.820225831e-01 6.387273137e-02 -1.776286028e-01 3.181412494e+02
-1.819389923e-01 6.474468918e-02 -9.811759925e-01 3.275702244e+01 -5.205803593e-02 9.957963891e-01 7.536253930e-02 1.341135495e+01 9.819308346e-01 6.478947953e-02 -1.778037102e-01 3.179490536e+02
-1.821215130e-01 6.317467190e-02 -9.812444728e-01 3.168997160e+01 -5.176532131e-02 9.959339863e-01 7.372819259e-02 1.347248499e+01 9.819124737e-01 6.422192540e-02 -1.781107473e-01 3.177807906e+02
-1.809707946e-01 6.162328927e-02 -9.815559799e-01 3.063135887e+01 -5.166846719e-02 9.960610966e-01 7.206012300e-02 1.352665231e+01 9.821303075e-01 6.375627067e-02 -1.770739873e-01 3.175825067e+02
-1.798108674e-01 6.124885010e-02 -9.817925597e-01 2.958066048e+01 -5.087202263e-02 9.961452362e-01 7.146121863e-02 1.359014091e+01 9.823848987e-01 6.279527703e-02 -1.760018861e-01 3.173858924e+02
-1.796395829e-01 6.357780690e-02 -9.816758542e-01 2.850665941e+01 -5.049596671e-02 9.959978514e-01 7.374576156e-02 1.365916191e+01 9.824356353e-01 6.281832910e-02 -1.757102158e-01 3.171925544e+02
-1.798944873e-01 6.807681696e-02 -9.813274277e-01 2.745283901e+01 -5.113761232e-02 9.956062626e-01 7.844178985e-02 1.371944352e+01 9.823558001e-01 6.429398713e-02 -1.756227923e-01 3.169980345e+02
-1.799417464e-01 7.078387312e-02 -9.811272146e-01 2.640102837e+01 -5.040186490e-02 9.954340481e-01 8.105990311e-02 1.378753609e+01 9.823851688e-01 6.403670185e-02 -1.755525019e-01 3.168061724e+02
-1.806324120e-01 7.123813726e-02 -9.809674100e-01 2.536429159e+01 -5.176779474e-02 9.953024519e-01 8.181151942e-02 1.385146290e+01 9.821873687e-01 6.556033161e-02 -1.760960413e-01 3.166137246e+02
-1.809429206e-01 6.883258249e-02 -9.810819207e-01 2.430788218e+01 -5.268929584e-02 9.954368247e-01 7.955731400e-02 1.391598835e+01 9.820812072e-01 6.608784832e-02 -1.764905060e-01 3.164181026e+02
-1.816030814e-01 6.739571094e-02 -9.810597020e-01 2.324417140e+01 -5.425779305e-02 9.954422342e-01 7.842735699e-02 1.398002326e+01 9.818739291e-01 6.747278398e-02 -1.771186346e-01 3.162269624e+02
-1.816137547e-01 6.736264550e-02 -9.810599972e-01 2.221115769e+01 -5.435029898e-02 9.954384575e-01 7.841123888e-02 1.404170721e+01 9.818668388e-01 6.756146366e-02 -1.771241359e-01 3.160187772e+02
-1.816374774e-01 6.741098233e-02 -9.810522852e-01 2.118031400e+01 -5.420444581e-02 9.954444890e-01 7.843562552e-02 1.410697179e+01 9.818705133e-01 6.742424459e-02 -1.771560509e-01 3.158190470e+02
-1.821590071e-01 6.585643208e-02 -9.810611737e-01 2.015003332e+01 -5.271464112e-02 9.956655244e-01 7.662460577e-02 1.416815493e+01 9.818550111e-01 6.567414979e-02 -1.778978451e-01 3.156278771e+02
-1.824985276e-01 6.591961469e-02 -9.809938286e-01 1.912441358e+01 -5.382745601e-02 9.955836873e-01 7.691376064e-02 1.423276487e+01 9.817315786e-01 6.684105023e-02 -1.781442718e-01 3.154317855e+02
-1.827767896e-01 6.718246738e-02 -9.808563408e-01 1.808406693e+01 -5.344750960e-02 9.955082220e-01 7.814565668e-02 1.429594230e+01 9.817005699e-01 6.670754094e-02 -1.783650612e-01 3.152394867e+02
-1.829117333e-01 6.742637230e-02 -9.808144484e-01 1.706481584e+01 -5.212137615e-02 9.955773030e-01 7.816134567e-02 1.435840951e+01 9.817467392e-01 6.541802601e-02 -1.785884148e-01 3.150451631e+02
-1.827047297e-01 6.677506886e-02 -9.808975848e-01 1.605441212e+01 -5.235176576e-02 9.956147254e-01 7.752813161e-02 1.441793534e+01 9.817730259e-01 6.551647693e-02 -1.784077265e-01 3.148589742e+02
-1.822793899e-01 6.677146128e-02 -9.809769600e-01 1.504321580e+01 -5.217609918e-02 9.956289522e-01 7.746382500e-02 1.448026211e+01 9.818614356e-01 6.530360992e-02 -1.779987636e-01 3.146761699e+02
-1.807747037e-01 6.806237103e-02 -9.811666628e-01 1.401981235e+01 -5.131099725e-02 9.955914309e-01 7.851677662e-02 1.453849947e+01 9.821851598e-01 6.453848696e-02 -1.764853978e-01 3.144828553e+02
-1.800105252e-01 6.888981081e-02 -9.812494101e-01 1.300605734e+01 -5.251796523e-02 9.954487696e-01 7.952113205e-02 1.460279730e+01 9.822617137e-01 6.584786315e-02 -1.755733032e-01 3.142959248e+02
-1.786185156e-01 6.936507753e-02 -9.814702807e-01 1.198812373e+01 -5.284143160e-02 9.953960186e-01 7.996592624e-02 1.466760557e+01 9.824984524e-01 6.614568975e-02 -1.741308093e-01 3.141059222e+02
-1.774814761e-01 6.823771375e-02 -9.817555399e-01 1.098449974e+01 -5.354580554e-02 9.954458727e-01 7.886926631e-02 1.473086643e+01 9.826663586e-01 6.656672503e-02 -1.730193595e-01 3.139144231e+02
-1.768144270e-01 6.668057539e-02 -9.819828712e-01 9.974681884e+00 -5.299093437e-02 9.956104846e-01 7.714741662e-02 1.479197831e+01 9.828166763e-01 6.567696614e-02 -1.725048314e-01 3.137378037e+02
-1.759262900e-01 6.713990956e-02 -9.821110798e-01 8.983662836e+00 -5.292692844e-02 9.955832551e-01 7.754174598e-02 1.485042999e+01 9.829794915e-01 6.562175453e-02 -1.715957593e-01 3.135538252e+02
-1.757505837e-01 6.866018089e-02 -9.820374290e-01 8.001584219e+00 -5.250117107e-02 9.954914093e-01 7.899671581e-02 1.489864327e+01 9.830337529e-01 6.544183397e-02 -1.713534564e-01 3.133812622e+02
-1.759058378e-01 6.987486305e-02 -9.819239480e-01 6.983548151e+00 -5.224215327e-02 9.954093533e-01 8.019337153e-02 1.496302612e+01 9.830197829e-01 6.540430360e-02 -1.714479029e-01 3.131953348e+02
-1.763375841e-01 6.859017206e-02 -9.819370880e-01 6.027762954e+00 -5.330372617e-02 9.954401011e-01 7.910573810e-02 1.502262431e+01 9.828854304e-01 6.629022040e-02 -1.718773908e-01 3.130139365e+02
-1.765520791e-01 6.693382507e-02 -9.820128443e-01 5.044160726e+00 -5.212387146e-02 9.956495086e-01 7.723443573e-02 1.508372698e+01 9.829102021e-01 6.482221148e-02 -1.722951407e-01 3.128401199e+02
-1.766818065e-01 6.404365377e-02 -9.821822385e-01 4.127279115e+00 -5.193824006e-02 9.958839725e-01 7.428009543e-02 1.513821425e+01 9.828967181e-01 6.413675834e-02 -1.726282647e-01 3.126568188e+02
-1.777356385e-01 6.404767056e-02 -9.819918221e-01 3.207181554e+00 -5.118053797e-02 9.959276786e-01 7.422002079e-02 1.519014406e+01 9.827464553e-01 6.345041252e-02 -1.737338476e-01 3.124967498e+02
-1.787053944e-01 6.620943644e-02 -9.816723957e-01 2.275528098e+00 -4.967275763e-02 9.958538509e-01 7.620842993e-02 1.524865181e+01 9.826479528e-01 6.238123251e-02 -1.746756499e-01 3.123342113e+02
-1.795715811e-01 6.827189121e-02 -9.813730158e-01 1.371395654e+00 -4.990596988e-02 9.956721741e-01 7.839844282e-02 1.529936991e+01 9.824782142e-01 6.305450450e-02 -1.753872516e-01 3.121707367e+02
-1.801199462e-01 6.642225566e-02 -9.813994543e-01 4.873957447e-01 -4.913109008e-02 9.958646246e-01 7.641848960e-02 1.534776734e+01 9.824168876e-01 6.198171922e-02 -1.761116848e-01 3.120071861e+02
-1.809642081e-01 6.377740718e-02 -9.814195829e-01 -3.966193978e-01 -4.916804925e-02 9.960606439e-01 7.379496356e-02 1.539353748e+01 9.822598731e-01 6.160873353e-02 -1.771155150e-01 3.118533172e+02
-1.815196244e-01 6.242045948e-02 -9.814042552e-01 -1.253610106e+00 -4.958532030e-02 9.961329788e-01 7.252850859e-02 1.544689282e+01 9.821364070e-01 6.182859198e-02 -1.777225457e-01 3.116907746e+02
-1.819667741e-01 6.290998645e-02 -9.812901848e-01 -2.112735723e+00 -5.152539008e-02 9.959702424e-01 7.340579228e-02 1.549349510e+01 9.819537806e-01 6.391877477e-02 -1.779920305e-01 3.115277366e+02
-1.819621671e-01 6.327369248e-02 -9.812676544e-01 -2.946301436e+00 -5.159488705e-02 9.959384582e-01 7.378722907e-02 1.552768110e+01 9.819509852e-01 6.405487790e-02 -1.779585212e-01 3.113736350e+02
-1.821147951e-01 6.248008630e-02 -9.812901916e-01 -3.755354649e+00 -5.177362202e-02 9.959854158e-01 7.302426735e-02 1.556456217e+01 9.819132820e-01 6.410374696e-02 -1.781488596e-01 3.112290066e+02
-1.816171875e-01 6.133408305e-02 -9.814546997e-01 -4.573766299e+00 -5.250331703e-02 9.960246576e-01 7.196028901e-02 1.560512399e+01 9.819666995e-01 6.459885255e-02 -1.776749542e-01 3.110628518e+02
-1.809332095e-01 6.145431260e-02 -9.815735027e-01 -5.360354132e+00 -5.297151361e-02 9.959882418e-01 7.212101644e-02 1.564833103e+01 9.820678146e-01 6.504452113e-02 -1.769520212e-01 3.109078425e+02
-1.804143089e-01 6.189841659e-02 -9.816411071e-01 -6.134319124e+00 -5.422637723e-02 9.958740787e-01 7.276207409e-02 1.569397385e+01 9.820947903e-01 6.635816029e-02 -1.763134068e-01 3.107731088e+02
-1.789456466e-01 6.217913981e-02 -9.818921581e-01 -6.873780467e+00 -5.510636526e-02 9.958008168e-01 7.310281662e-02 1.573573390e+01 9.823144833e-01 6.718993869e-02 -1.747677547e-01 3.106382607e+02
-1.772156098e-01 6.186674823e-02 -9.822256019e-01 -7.622275935e+00 -5.700870394e-02 9.957011779e-01 7.300117832e-02 1.576359292e+01 9.825195343e-01 6.893235687e-02 -1.729268482e-01 3.105328237e+02
-1.721685972e-01 6.112038059e-02 -9.831695038e-01 -8.359165973e+00 -5.774914268e-02 9.957303924e-01 7.201404149e-02 1.580246912e+01 9.833732814e-01 6.917575246e-02 -1.679038553e-01 3.103985849e+02
-1.662503298e-01 6.112708349e-02 -9.841871303e-01 -9.094042429e+00 -5.997606894e-02 9.956021184e-01 7.196730467e-02 1.584181743e+01 9.842579433e-01 7.099226332e-02 -1.618530184e-01 3.102899747e+02
-1.579697801e-01 6.288766413e-02 -9.854393387e-01 -9.834450542e+00 -6.105684365e-02 9.954381978e-01 7.331341096e-02 1.587666083e+01 9.855544685e-01 7.174911904e-02 -1.534094310e-01 3.101545583e+02
-1.492752652e-01 6.401496786e-02 -9.867213280e-01 -1.054017969e+01 -6.079540796e-02 9.954199713e-01 7.377668450e-02 1.591216160e+01 9.869249280e-01 7.100115981e-02 -1.446997641e-01 3.100490352e+02
-1.402531741e-01 6.373752788e-02 -9.880620298e-01 -1.122035420e+01 -6.070248967e-02 9.954950903e-01 7.283359825e-02 1.594301922e+01 9.882531330e-01 7.019296849e-02 -1.357523196e-01 3.099668983e+02
-1.300167357e-01 6.289078737e-02 -9.895152335e-01 -1.187473031e+01 -6.111107043e-02 9.955806847e-01 7.130594119e-02 1.597178049e+01 9.896267405e-01 6.974130084e-02 -1.255988275e-01 3.098917355e+02
-1.190887504e-01 6.014863313e-02 -9.910600443e-01 -1.252506942e+01 -6.170614941e-02 9.957854682e-01 6.785022100e-02 1.600294115e+01 9.909642883e-01 6.923469721e-02 -1.148753065e-01 3.098178356e+02
-1.085142218e-01 5.805452639e-02 -9.923982747e-01 -1.316619785e+01 -6.298297347e-02 9.958861448e-01 6.514546476e-02 1.603126568e+01 9.920976810e-01 6.957340362e-02 -1.044113633e-01 3.097611378e+02
-9.736053460e-02 5.838408061e-02 -9.935352160e-01 -1.378768140e+01 -6.318592899e-02 9.959013561e-01 6.471496917e-02 1.605017001e+01 9.932413930e-01 6.907812960e-02 -9.327243607e-02 3.097185600e+02
-8.562546306e-02 5.877910083e-02 -9.945920256e-01 -1.440174311e+01 -6.152073199e-02 9.960414385e-01 6.416114313e-02 1.607496382e+01 9.944262062e-01 6.668185704e-02 -8.167037609e-02 3.096743251e+02
-7.463710934e-02 5.843135492e-02 -9.954974026e-01 -1.501317240e+01 -5.907777408e-02 9.962693668e-01 6.290600366e-02 1.610801131e+01 9.954592501e-01 6.350689292e-02 -7.090667128e-02 3.096454092e+02
-6.395569516e-02 5.787014008e-02 -9.962734143e-01 -1.558431325e+01 -5.645389517e-02 9.965087758e-01 6.150786489e-02 1.613842266e+01 9.963546692e-01 6.017729315e-02 -6.046541667e-02 3.096162185e+02
-5.398665667e-02 5.764771036e-02 -9.968762122e-01 -1.620538531e+01 -5.361721391e-02 9.967245282e-01 6.054262334e-02 1.618102875e+01 9.971011159e-01 5.671821893e-02 -5.071891529e-02 3.096074804e+02
-4.399033872e-02 5.733027302e-02 -9.973856275e-01 -1.676704606e+01 -5.053116722e-02 9.969465054e-01 5.953374188e-02 1.621373599e+01 9.977532016e-01 5.301796940e-02 -4.095904885e-02 3.095494129e+02
-3.555376086e-02 5.728081726e-02 -9.977248308e-01 -1.734045165e+01 -4.740209057e-02 9.971356833e-01 5.893615918e-02 1.624744572e+01 9.982429423e-01 4.938964491e-02 -3.273669314e-02 3.095294091e+02
-2.905934926e-02 5.897822079e-02 -9.978362209e-01 -1.789739379e+01 -4.259175044e-02 9.972781135e-01 6.018560567e-02 1.625844838e+01 9.986698639e-01 4.424854583e-02 -2.646826735e-02 3.095533155e+02
-2.270370273e-02 5.975049709e-02 -9.979551192e-01 -1.847264257e+01 -3.860227307e-02 9.974156305e-01 6.059640669e-02 1.628225427e+01 9.989966999e-01 3.989909883e-02 -2.033852296e-02 3.095418233e+02
-1.617823864e-02 6.081606894e-02 -9.980178708e-01 -1.904332784e+01 -3.641828743e-02 9.974503524e-01 6.137184006e-02 1.628770583e+01 9.992056710e-01 3.733898996e-02 -1.392217275e-02 3.095328514e+02
-9.408776280e-03 6.231035598e-02 -9.980124721e-01 -1.956526210e+01 -3.320235302e-02 9.974868551e-01 6.259055501e-02 1.629821919e+01 9.994043619e-01 3.372526295e-02 -7.316280226e-03 3.095099366e+02
-2.768808869e-03 6.353018413e-02 -9.979760766e-01 -2.011465581e+01 -2.965740103e-02 9.975356929e-01 6.358443194e-02 1.632510753e+01 9.995562877e-01 2.977342986e-02 -8.778455250e-04 3.095044686e+02
3.970185666e-03 6.343501254e-02 -9.979780743e-01 -2.064684459e+01 -2.662535135e-02 9.976388363e-01 6.330752762e-02 1.635630621e+01 9.996375985e-01 2.632017423e-02 5.649790904e-03 3.095016819e+02
1.083958715e-02 6.289500171e-02 -9.979612829e-01 -2.117730413e+01 -2.380611995e-02 9.977532706e-01 6.262331637e-02 1.638144610e+01 9.996578275e-01 2.307877511e-02 1.231251949e-02 3.095074248e+02
1.811363525e-02 6.254907969e-02 -9.978775019e-01 -2.170287028e+01 -2.245724161e-02 9.978149138e-01 6.213750902e-02 1.641561888e+01 9.995836976e-01 2.128403998e-02 1.947873519e-02 3.095272529e+02
2.599294856e-02 6.233236724e-02 -9.977169151e-01 -2.223711169e+01 -1.981269363e-02 9.978902125e-01 6.182702521e-02 1.644882586e+01 9.994657692e-01 1.816039289e-02 2.717308106e-02 3.095689717e+02
3.506238516e-02 6.212034286e-02 -9.974526015e-01 -2.270396758e+01 -1.772561674e-02 9.979479421e-01 6.152810252e-02 1.646997019e+01 9.992279178e-01 1.552314050e-02 3.609155651e-02 3.095542109e+02
4.463185288e-02 6.232892724e-02 -9.970572213e-01 -2.317472373e+01 -1.696695350e-02 9.979551159e-01 6.162555561e-02 1.648895836e+01 9.988594096e-01 1.416656078e-02 4.559811792e-02 3.095463725e+02
5.457066041e-02 6.268304651e-02 -9.965404551e-01 -2.365480975e+01 -1.612927144e-02 9.979527258e-01 6.188863866e-02 1.650755310e+01 9.983796320e-01 1.269616762e-02 5.546997118e-02 3.095716755e+02
6.487661070e-02 6.450974633e-02 -9.958059640e-01 -2.412426386e+01 -1.558223535e-02 9.978520852e-01 6.362711669e-02 1.651940070e+01 9.977716268e-01 1.138897121e-02 6.574246732e-02 3.095955575e+02
7.654688850e-02 6.430359144e-02 -9.949902623e-01 -2.456179979e+01 -1.381644838e-02 9.978907657e-01 6.342811218e-02 1.654563285e+01 9.969702501e-01 8.892006968e-03 7.727388044e-02 3.096164625e+02
8.914909308e-02 6.314318965e-02 -9.940147770e-01 -2.500152546e+01 -1.178269193e-02 9.979854993e-01 6.233868227e-02 1.655616117e+01 9.959485968e-01 6.154732902e-03 8.971349892e-02 3.096550829e+02
1.028959420e-01 6.066578322e-02 -9.928404141e-01 -2.542890715e+01 -1.030556746e-02 9.981498535e-01 5.992215941e-02 1.657604575e+01 9.946387386e-01 4.066036824e-03 1.033307648e-01 3.097109428e+02
1.180983456e-01 5.825936878e-02 -9.912913934e-01 -2.582766727e+01 -1.290223697e-02 9.982831931e-01 5.713316612e-02 1.660549166e+01 9.929180797e-01 6.042544073e-03 1.186472697e-01 3.097577095e+02
1.348129326e-01 5.662917999e-02 -9.892515399e-01 -2.624089625e+01 -1.506629557e-02 9.983672864e-01 5.509780583e-02 1.662615118e+01 9.907565190e-01 7.476459308e-03 1.354460136e-01 3.098127540e+02
1.523716141e-01 5.365379181e-02 -9.868658277e-01 -2.661990248e+01 -1.659116845e-02 9.985234908e-01 5.172592560e-02 1.664264562e+01 9.881840033e-01 8.491694411e-03 1.530368151e-01 3.098834300e+02
1.722270442e-01 4.942378685e-02 -9.838166163e-01 -2.700101334e+01 -1.792076627e-02 9.987324318e-01 4.703589822e-02 1.666817026e+01 9.848942539e-01 9.529893906e-03 1.728944468e-01 3.099526085e+02
1.938544422e-01 4.746844674e-02 -9.798812182e-01 -2.738201766e+01 -1.893278647e-02 9.988236951e-01 4.464051744e-02 1.668232064e+01 9.808475951e-01 9.898119262e-03 1.945251202e-01 3.100395862e+02
2.185646784e-01 4.742245889e-02 -9.746694782e-01 -2.774726890e+01 -2.000622196e-02 9.988262740e-01 4.411151206e-02 1.669512103e+01 9.756173597e-01 9.858235474e-03 2.192568876e-01 3.101161164e+02
2.442906297e-01 5.053807336e-02 -9.683842168e-01 -2.809017916e+01 -2.123183454e-02 9.986803404e-01 4.676309392e-02 1.669635855e+01 9.694695959e-01 9.136787799e-03 2.450412652e-01 3.102196904e+02
2.707511404e-01 5.162049133e-02 -9.612643470e-01 -2.837820063e+01 -2.016170881e-02 9.986462761e-01 4.794914731e-02 1.670816185e+01 9.624382190e-01 6.398445537e-03 2.714253754e-01 3.103070307e+02
2.951156046e-01 5.064692035e-02 -9.541182680e-01 -2.860502529e+01 -1.638969361e-02 9.987155120e-01 4.794480117e-02 1.670490602e+01 9.553209711e-01 1.488447100e-03 2.955666197e-01 3.103975550e+02
3.174173231e-01 5.002830337e-02 -9.469653699e-01 -2.882775430e+01 -1.634109643e-02 9.987476922e-01 4.728652903e-02 1.671833678e+01 9.481451427e-01 4.648889620e-04 3.178373362e-01 3.104865797e+02
3.368664732e-01 4.971796799e-02 -9.402388542e-01 -2.899477864e+01 -1.952598467e-02 9.987590140e-01 4.581667616e-02 1.673266998e+01 9.413499430e-01 2.924987338e-03 3.374192189e-01 3.105520155e+02
3.526871543e-01 4.766009114e-02 -9.345267716e-01 -2.913071967e+01 -2.054590385e-02 9.988557257e-01 4.318686182e-02 1.673526672e+01 9.355157064e-01 3.969245798e-03 3.532628031e-01 3.106165994e+02
3.652249351e-01 4.629850722e-02 -9.297672800e-01 -2.924544761e+01 -1.892162736e-02 9.989253565e-01 4.230962258e-02 1.673824646e+01 9.307269840e-01 2.140180843e-03 3.657084916e-01 3.106674670e+02
3.743181440e-01 4.604171657e-02 -9.261566214e-01 -2.928798164e+01 -1.628578571e-02 9.989389748e-01 4.307781119e-02 1.673461162e+01 9.271573223e-01 -1.041618064e-03 3.746708085e-01 3.106850641e+02
3.784857948e-01 4.451165031e-02 -9.245362168e-01 -2.933306056e+01 -1.501119658e-02 9.990068638e-01 4.195175787e-02 1.674604385e+01 9.254853684e-01 -1.999749524e-03 3.787780800e-01 3.107149287e+02
3.788638584e-01 4.446783004e-02 -9.243834642e-01 -2.935152003e+01 -1.537826302e-02 9.990095291e-01 4.175487704e-02 1.674485499e+01 9.253246381e-01 -1.604001774e-03 3.791724427e-01 3.107240399e+02
3.777848999e-01 4.416704443e-02 -9.248393599e-01 -2.932714451e+01 -1.914828602e-02 9.990206716e-01 3.988785369e-02 1.674575685e+01 9.256953670e-01 2.640059767e-03 3.782606476e-01 3.107113974e+02
3.783418866e-01 4.004827936e-02 -9.247991956e-01 -2.932028365e+01 -2.175991844e-02 9.991723699e-01 3.436686122e-02 1.674185914e+01 9.254101376e-01 7.121131959e-03 3.789002068e-01 3.106983049e+02
3.784064582e-01 3.572405268e-02 -9.249499146e-01 -2.932360471e+01 -2.136315471e-02 9.993258673e-01 2.985676714e-02 1.674196306e+01 9.253929803e-01 8.461854613e-03 3.789145405e-01 3.106973127e+02
3.783639469e-01 3.564364111e-02 -9.249704074e-01 -2.932239753e+01 -2.109435927e-02 9.993308723e-01 2.988035693e-02 1.674188138e+01 9.254165288e-01 8.206008306e-03 3.788626529e-01 3.106960337e+02
3.790424161e-01 3.731668613e-02 -9.246265796e-01 -2.930656583e+01 -2.076366945e-02 9.992779934e-01 3.181763584e-02 1.674014136e+01 9.251463218e-01 7.138407101e-03 3.795435764e-01 3.106931931e+02
3.790177517e-01 3.785256603e-02 -9.246149075e-01 -2.930673160e+01 -2.125123490e-02 9.992555932e-01 3.219696418e-02 1.673997406e+01 9.251453556e-01 7.445987614e-03 3.795400221e-01 3.106936105e+02
3.790234066e-01 3.801181226e-02 -9.246060563e-01 -2.930814573e+01 -2.149724722e-02 9.992480367e-01 3.226808725e-02 1.674202029e+01 9.251373550e-01 7.646124616e-03 3.795555442e-01 3.106937825e+02
3.790540762e-01 3.818701123e-02 -9.245862639e-01 -2.931643896e+01 -2.181355002e-02 9.992392656e-01 3.232737406e-02 1.674310009e+01 9.251173852e-01 7.914685810e-03 3.795987110e-01 3.107019546e+02
3.790886213e-01 3.809737580e-02 -9.245757985e-01 -2.931557248e+01 -2.178054577e-02 9.992426883e-01 3.224372430e-02 1.674311768e+01 9.251040077e-01 7.914536507e-03 3.796313147e-01 3.107016897e+02
3.791157270e-01 3.809179032e-02 -9.245649144e-01 -2.931530967e+01 -2.175535599e-02 9.992431063e-01 3.224777494e-02 1.674308757e+01 9.250934926e-01 7.888600208e-03 3.796574772e-01 3.107015826e+02
3.791299210e-01 3.828907059e-02 -9.245509451e-01 -2.931571986e+01 -2.204830512e-02 9.992336844e-01 3.234062661e-02 1.674697921e+01 9.250807398e-01 8.123482127e-03 3.796835970e-01 3.107019689e+02
3.791394987e-01 3.824099667e-02 -9.245490072e-01 -2.931494313e+01 -2.206393617e-02 9.992352299e-01 3.228216262e-02 1.674747319e+01 9.250764418e-01 8.159747324e-03 3.796932911e-01 3.107009437e+02
3.791637260e-01 3.818800511e-02 -9.245412620e-01 -2.931517179e+01 -2.205270768e-02 9.992371852e-01 3.222926780e-02 1.674804866e+01 9.250667797e-01 8.168468923e-03 3.797166432e-01 3.107010345e+02
3.791655132e-01 3.822947403e-02 -9.245388153e-01 -2.931455369e+01 -2.210360042e-02 9.992352892e-01 3.225317969e-02 1.674990533e+01 9.250648326e-01 8.206343115e-03 3.797205702e-01 3.107006240e+02
3.792248798e-01 3.822308636e-02 -9.245147301e-01 -2.931678691e+01 -2.213658276e-02 9.992352372e-01 3.223216555e-02 1.674925114e+01 9.250397085e-01 8.242357731e-03 3.797809912e-01 3.107027993e+02
3.809120630e-01 3.697192034e-02 -9.238717862e-01 -2.930739716e+01 -2.129999859e-02 9.992859337e-01 3.120789482e-02 1.676158520e+01 9.243658963e-01 7.791004150e-03 3.814275684e-01 3.107063887e+02
3.821415325e-01 3.650954270e-02 -9.233823165e-01 -2.931873741e+01 -2.084805896e-02 9.993055428e-01 3.088350153e-02 1.676319957e+01 9.238686095e-01 7.448860374e-03 3.826373046e-01 3.107076525e+02
3.839222666e-01 3.639133399e-02 -9.226480174e-01 -2.932838684e+01 -2.089073016e-02 9.993096230e-01 3.072221828e-02 1.676486606e+01 9.231290650e-01 7.479847088e-03 3.844174570e-01 3.107138634e+02
3.872973684e-01 3.681738742e-02 -9.212194247e-01 -2.935907746e+01 -2.159867355e-02 9.992904168e-01 3.085709249e-02 1.676251898e+01 9.217018204e-01 7.946246900e-03 3.878177555e-01 3.107231755e+02
3.907460554e-01 3.673426196e-02 -9.197652495e-01 -2.938441984e+01 -2.161295719e-02 9.992940656e-01 3.072865846e-02 1.676263473e+01 9.202447502e-01 7.871744879e-03 3.912641504e-01 3.107375680e+02
3.948127271e-01 3.665839589e-02 -9.180299954e-01 -2.939997304e+01 -2.158591811e-02 9.992979792e-01 3.062020399e-02 1.676183847e+01 9.185080068e-01 7.727274064e-03 3.953268655e-01 3.107392337e+02
4.004805137e-01 3.667145231e-02 -9.155711675e-01 -2.941415811e+01 -2.177078793e-02 9.992975782e-01 3.050218064e-02 1.676014016e+01 9.160466096e-01 7.717176751e-03 4.009975739e-01 3.107439974e+02
4.081176655e-01 3.612224837e-02 -9.122144234e-01 -2.945462322e+01 -2.360900367e-02 9.993003241e-01 2.900822698e-02 1.676049606e+01 9.126240113e-01 9.697703801e-03 4.086849256e-01 3.107581885e+02
4.172809001e-01 3.415144494e-02 -9.081356337e-01 -2.950775312e+01 -2.476925730e-02 9.993498005e-01 2.620038332e-02 1.676547241e+01 9.084399453e-01 1.156092563e-02 4.178554902e-01 3.107938736e+02
4.289497369e-01 3.274583535e-02 -9.027346418e-01 -2.958236603e+01 -2.554790333e-02 9.993827644e-01 2.411213222e-02 1.676166828e+01 9.029670137e-01 1.272008459e-02 4.295215612e-01 3.108318298e+02
4.439408673e-01 3.227466152e-02 -8.954746521e-01 -2.963314563e+01 -2.605504958e-02 9.993935081e-01 2.310303908e-02 1.676431210e+01 8.956771967e-01 1.307525324e-02 4.445125387e-01 3.108567159e+02
4.608509285e-01 3.246487156e-02 -8.868835627e-01 -2.973658604e+01 -2.653022339e-02 9.993880286e-01 2.279727210e-02 1.676458936e+01 8.870809258e-01 1.302307502e-02 4.614302012e-01 3.109105845e+02
4.792685385e-01 3.309729434e-02 -8.770440337e-01 -2.984737383e+01 -2.747022319e-02 9.993648012e-01 2.270200411e-02 1.676433952e+01 8.772383113e-01 1.321223903e-02 4.798732978e-01 3.109783507e+02
4.993257104e-01 3.364190867e-02 -8.657609698e-01 -2.997207341e+01 -2.870463230e-02 9.993396671e-01 2.227720302e-02 1.676640217e+01 8.659387271e-01 1.372777007e-02 4.999616678e-01 3.110543512e+02
5.202029900e-01 3.389387972e-02 -8.533698226e-01 -3.008680170e+01 -2.972091544e-02 9.993253998e-01 2.157342027e-02 1.677153941e+01 8.535253461e-01 1.414037461e-02 5.208594181e-01 3.111465315e+02
5.422909263e-01 3.420784206e-02 -8.394941184e-01 -3.024069001e+01 -3.027041746e-02 9.993176084e-01 2.116646896e-02 1.677678833e+01 8.396453139e-01 1.393345336e-02 5.429563571e-01 3.112587711e+02
5.638865064e-01 3.410626525e-02 -8.251477265e-01 -3.039629752e+01 -3.048926686e-02 9.993254644e-01 2.046999906e-02 1.678615379e+01 8.252892902e-01 1.361539297e-02 5.645460199e-01 3.113871479e+02
5.850136874e-01 3.359979383e-02 -8.103271187e-01 -3.054813881e+01 -3.030169836e-02 9.993493703e-01 1.956126624e-02 1.679447485e+01 8.104571504e-01 1.311067943e-02 5.856511910e-01 3.115130679e+02
6.044266520e-01 3.279455140e-02 -7.959855148e-01 -3.071788668e+01 -2.986511495e-02 9.993827846e-01 1.849661631e-02 1.680434836e+01 7.961008085e-01 1.259235103e-02 6.050330036e-01 3.116564379e+02
6.212289992e-01 3.384602334e-02 -7.828978077e-01 -3.089388949e+01 -3.260556193e-02 9.993180461e-01 1.732974748e-02 1.679999164e+01 7.829504505e-01 1.476108127e-02 6.219089182e-01 3.118144712e+02
6.367009298e-01 3.526163927e-02 -7.703041885e-01 -3.111525302e+01 -3.849198828e-02 9.991619207e-01 1.392203581e-02 1.680805728e+01 7.701495263e-01 2.078636665e-02 6.375246145e-01 3.119866062e+02
6.526729353e-01 3.661014850e-02 -7.567547400e-01 -3.133341000e+01 -4.327169392e-02 9.990026801e-01 1.100934364e-02 1.680679239e+01 7.564030672e-01 2.556055885e-02 6.536061947e-01 3.121782322e+02
6.711618436e-01 3.942176474e-02 -7.402619159e-01 -3.157092940e+01 -4.662001418e-02 9.988529572e-01 1.092447342e-02 1.680687119e+01 7.398434659e-01 2.717893130e-02 6.722298355e-01 3.124041721e+02
6.908489944e-01 4.422760045e-02 -7.216450556e-01 -3.180692439e+01 -5.143290790e-02 9.986047900e-01 1.196366674e-02 1.680328509e+01 7.211673335e-01 2.885121654e-02 6.921598691e-01 3.126502963e+02
7.116470632e-01 4.619646342e-02 -7.010166504e-01 -3.207483152e+01 -5.448293925e-02 9.984596130e-01 1.048859434e-02 1.680733080e+01 7.004213494e-01 3.072927022e-02 7.130677704e-01 3.129250356e+02
7.334784554e-01 4.477964747e-02 -6.782360493e-01 -3.233908150e+01 -5.384554147e-02 9.985196290e-01 7.694684463e-03 1.681089315e+01 6.775765736e-01 3.087610204e-02 7.348038196e-01 3.132335977e+02
7.557247603e-01 4.317149935e-02 -6.534648486e-01 -3.259881662e+01 -5.366867269e-02 9.985511721e-01 3.902591668e-03 1.681038942e+01 6.526865712e-01 3.212130592e-02 7.569468022e-01 3.135646221e+02
7.781081771e-01 3.949201166e-02 -6.268875862e-01 -3.285330771e+01 -5.178074243e-02 9.986575527e-01 -1.359132651e-03 1.680770044e+01 6.259923477e-01 3.351825686e-02 7.791085336e-01 3.139161539e+02
8.002298073e-01 3.842869915e-02 -5.984609348e-01 -3.310827026e+01 -5.228626554e-02 9.986153482e-01 -5.790752932e-03 1.680595572e+01 5.974097437e-01 3.592522046e-02 8.011310608e-01 3.142977472e+02
8.220021049e-01 4.007542700e-02 -5.680726183e-01 -3.337244131e+01 -5.445921040e-02 9.984809700e-01 -8.363427833e-03 1.680040851e+01 5.668745310e-01 3.781154152e-02 8.229359352e-01 3.147093892e+02
8.425097741e-01 4.210881002e-02 -5.370327073e-01 -3.363708848e+01 -5.711389955e-02 9.983034395e-01 -1.132454066e-02 1.679146539e+01 5.356447358e-01 4.021306829e-02 8.434854036e-01 3.151507140e+02
8.608321041e-01 4.270889408e-02 -5.070937181e-01 -3.389612709e+01 -5.725300102e-02 9.982735673e-01 -1.311406758e-02 1.678601344e+01 5.056581676e-01 4.032164754e-02 8.617911477e-01 3.156203392e+02
8.767858470e-01 4.206382524e-02 -4.790377992e-01 -3.412807320e+01 -5.492741005e-02 9.984074698e-01 -1.286482700e-02 1.677182612e+01 4.777337732e-01 3.759200387e-02 8.776999961e-01 3.160915196e+02
8.907892031e-01 3.995354797e-02 -4.526569448e-01 -3.436543141e+01 -5.122766013e-02 9.986066281e-01 -1.267001157e-02 1.676187047e+01 4.515200134e-01 3.447486563e-02 8.915947292e-01 3.166152433e+02
9.032225591e-01 3.868409074e-02 -4.274254905e-01 -3.459970889e+01 -4.827626360e-02 9.987663967e-01 -1.162270512e-02 1.674969406e+01 4.264486032e-01 3.113239511e-02 9.039758641e-01 3.171445172e+02
9.139345655e-01 3.994313641e-02 -4.038912673e-01 -3.484958878e+01 -4.788211874e-02 9.988071381e-01 -9.570975994e-03 1.674415854e+01 4.030271860e-01 2.808641541e-02 9.147569298e-01 3.176827276e+02
9.228283401e-01 4.072109255e-02 -3.830530607e-01 -3.507338982e+01 -4.921387794e-02 9.987113682e-01 -1.239343507e-02 1.673584700e+01 3.820547721e-01 3.028853969e-02 9.236431970e-01 3.182649647e+02
9.305175289e-01 4.001741220e-02 -3.640545773e-01 -3.528892993e+01 -4.996840457e-02 9.985894471e-01 -1.795200836e-02 1.670887418e+01 3.628226661e-01 3.489588486e-02 9.312045909e-01 3.188588942e+02
9.380539554e-01 3.931569762e-02 -3.442514382e-01 -3.553697641e+01 -4.969713426e-02 9.985354492e-01 -2.138110335e-02 1.669547306e+01 3.429066515e-01 3.716493851e-02 9.386340052e-01 3.194575541e+02
9.452573415e-01 3.796605339e-02 -3.241097611e-01 -3.575379923e+01 -4.801701222e-02 9.985801287e-01 -2.306714493e-02 1.668668652e+01 3.227737985e-01 3.736717045e-02 9.457382141e-01 3.201036868e+02
9.516411341e-01 3.838576485e-02 -3.048043388e-01 -3.594775440e+01 -4.740427712e-02 9.986281744e-01 -2.223968921e-02 1.667232014e+01 3.035325129e-01 3.561323241e-02 9.521552979e-01 3.207637893e+02
9.576347932e-01 4.073552313e-02 -2.850898456e-01 -3.614402550e+01 -4.828813045e-02 9.986428838e-01 -1.951017763e-02 1.664312907e+01 2.839081882e-01 3.245008057e-02 9.583022138e-01 3.214391711e+02
9.631639039e-01 4.026763785e-02 -2.658830787e-01 -3.633767454e+01 -4.798956238e-02 9.985919667e-01 -2.260720991e-02 1.661621278e+01 2.645983676e-01 3.453406114e-02 9.637401634e-01 3.221317018e+02
9.676713644e-01 3.540939681e-02 -2.497164496e-01 -3.650391446e+01 -4.439011523e-02 9.985509498e-01 -3.042233127e-02 1.659277572e+01 2.482773615e-01 4.052376078e-02 9.678409872e-01 3.228471253e+02
9.712631193e-01 3.226743952e-02 -2.358108679e-01 -3.668737333e+01 -4.157301700e-02 9.985363272e-01 -3.459606295e-02 1.656910689e+01 2.343493916e-01 4.340524924e-02 9.711829627e-01 3.235657264e+02
9.736674081e-01 3.308491287e-02 -2.255596751e-01 -3.686586156e+01 -4.141859995e-02 9.986192026e-01 -3.231389453e-02 1.653938877e+01 2.241791205e-01 4.080535188e-02 9.736933014e-01 3.243363473e+02
9.753986702e-01 3.599348092e-02 -2.174900076e-01 -3.705129630e+01 -4.309018825e-02 9.986794611e-01 -2.797444469e-02 1.650142863e+01 2.161959060e-01 3.665792153e-02 9.756615843e-01 3.250909291e+02
9.765775577e-01 3.629623574e-02 -2.120821941e-01 -3.722436289e+01 -4.271584115e-02 9.987549873e-01 -2.576494166e-02 1.647209207e+01 2.108829787e-01 3.422073311e-02 9.769121305e-01 3.259001495e+02
9.775314575e-01 3.595750844e-02 -2.077000414e-01 -3.741300711e+01 -4.227523672e-02 9.987661332e-01 -2.605792501e-02 1.644940290e+01 2.065067891e-01 3.425300983e-02 9.778454261e-01 3.266856294e+02
9.781379044e-01 3.576285573e-02 -2.048591180e-01 -3.758797655e+01 -4.190439342e-02 9.987905584e-01 -2.571851799e-02 1.642483691e+01 2.036915852e-01 3.374075436e-02 9.784535245e-01 3.275199708e+02
