1.000000000e+00 0.000000000e+00 0.000000000e+00 0.000000000e+00 0.000000000e+00 1.000000000e+00 0.000000000e+00 0.000000000e+00 0.000000000e+00 0.000000000e+00 1.000000000e+00 0.000000000e+00
9.999286625e-01 -2.669591182e-03 1.164230612e-02 5.132518970e-03 2.656610002e-03 9.999958324e-01 1.130323281e-03 -4.065496469e-03 -1.164527510e-02 -1.099313580e-03 9.999315872e-01 2.986658656e-01
9.998235249e-01 -4.869028382e-03 1.814419178e-02 1.537484749e-02 4.846032485e-03 9.999873983e-01 1.311149286e-03 -9.729620382e-03 -1.815034716e-02 -1.222990558e-03 9.998345209e-01 5.931302947e-01
9.997710322e-01 -7.762147534e-03 1.994072032e-02 2.507333146e-02 7.769907574e-03 9.999697652e-01 -3.117072813e-04 -9.051669106e-03 -1.993769790e-02 4.665734642e-04 9.998011155e-01 8.831697894e-01
9.998071414e-01 -9.132313170e-03 1.738622563e-02 3.208729304e-02 9.162842451e-03 9.999566139e-01 -1.677095671e-03 -1.269658761e-02 -1.737015555e-02 1.836079475e-03 9.998474416e-01 1.184341198e+00
9.998794968e-01 -1.180967383e-02 1.007588526e-02 4.071632897e-02 1.184405688e-02 9.999242129e-01 -3.359588412e-03 -1.205553692e-02 -1.003544600e-02 3.478522929e-03 9.999435933e-01 1.508704945e+00
9.999015657e-01 -1.367455985e-02 -3.140919106e-03 4.358121663e-02 1.365792028e-02 9.998928942e-01 -5.259400577e-03 -1.623090873e-02 3.212502683e-03 5.215984448e-03 9.999812365e-01 1.824548062e+00
9.997198533e-01 -1.295931107e-02 -1.980583555e-02 1.921608243e-02 1.285855213e-02 9.999037717e-01 -5.206251892e-03 -2.653622738e-02 1.987139911e-02 4.950119009e-03 9.997902899e-01 2.153394464e+00
9.991901131e-01 -8.602217787e-03 -3.930801223e-02 -1.669152499e-02 8.407405107e-03 9.999515562e-01 -5.118676606e-03 -3.414813822e-02 3.935013997e-02 4.784052674e-03 9.992140308e-01 2.499791487e+00
9.982419211e-01 -4.958611976e-03 -5.906334901e-02 -6.174056965e-02 4.576309407e-03 9.999677068e-01 -6.606261904e-03 -3.688973899e-02 5.909419955e-02 6.324355414e-03 9.982323768e-01 2.847575036e+00
9.968170992e-01 -4.665828813e-03 -7.958580752e-02 -9.693716794e-02 4.117381338e-03 9.999666437e-01 -7.053984543e-03 -4.272641894e-02 7.961606551e-02 6.703847292e-03 9.968030601e-01 3.216575771e+00
9.948881377e-01 -6.132423363e-03 -1.007967602e-01 -1.490264037e-01 5.479882742e-03 9.999622073e-01 -6.749435843e-03 -4.194455841e-02 1.008343412e-01 6.162579230e-03 9.948841431e-01 3.583704590e+00
9.927174646e-01 -6.951243721e-03 -1.202651889e-01 -2.145289932e-01 6.229458493e-03 9.999602660e-01 -6.376535768e-03 -4.409894647e-02 1.203047352e-01 5.580911419e-03 9.927213225e-01 3.966982637e+00
9.904448039e-01 -5.779846942e-03 -1.377885472e-01 -2.901706861e-01 4.979841210e-03 9.999686885e-01 -6.150062054e-03 -4.611723862e-02 1.378197792e-01 5.405131920e-03 9.904425743e-01 4.363888092e+00
9.880411312e-01 -4.755702753e-03 -1.541171836e-01 -3.634898932e-01 4.026885410e-03 9.999791870e-01 -5.040809460e-03 -5.964994516e-02 1.541379486e-01 4.359914843e-03 9.880397178e-01 4.775476034e+00
9.857633183e-01 -4.283979940e-03 -1.680842877e-01 -4.468853573e-01 3.430666049e-03 9.999797140e-01 -5.366761517e-03 -6.377468331e-02 1.681038690e-01 4.713715583e-03 9.857580180e-01 5.206811442e+00
9.835622834e-01 -5.655974470e-03 -1.804805935e-01 -5.310267063e-01 4.737133940e-03 9.999735349e-01 -5.521693441e-03 -7.514199128e-02 1.805070476e-01 4.575968665e-03 9.835630464e-01 5.638719194e+00
9.817428534e-01 -9.382310332e-03 -1.899814256e-01 -6.253858706e-01 8.088028918e-03 9.999385095e-01 -7.586893388e-03 -8.594763684e-02 1.900409261e-01 5.911803099e-03 9.817583700e-01 6.089162340e+00
9.801567494e-01 -9.281404485e-03 -1.980065712e-01 -7.229307607e-01 7.486078399e-03 9.999238226e-01 -9.813649980e-03 -8.543458835e-02 1.980825720e-01 8.136622548e-03 9.801515648e-01 6.544949419e+00
9.785736623e-01 -9.118689923e-03 -2.056950094e-01 -8.235812393e-01 6.885564160e-03 9.999093613e-01 -1.156971035e-02 -9.119116797e-02 2.057818661e-01 9.905487646e-03 9.785477530e-01 7.026919817e+00
9.769277453e-01 -9.594125302e-03 -2.133544778e-01 -9.362539612e-01 6.684198320e-03 9.998746037e-01 -1.435612448e-02 -1.011753541e-01 2.134654584e-01 1.259879267e-02 9.768693712e-01 7.495827555e+00
9.751115311e-01 -1.357424297e-02 -2.212989876e-01 -1.056353679e+00 1.019816514e-02 9.998136450e-01 -1.639124048e-02 -1.078315737e-01 2.214802461e-01 1.372644398e-02 9.750682465e-01 7.997421900e+00
9.731775693e-01 -2.006441450e-02 -2.291786157e-01 -1.173214960e+00 1.644124529e-02 9.997080127e-01 -1.770804316e-02 -1.184535396e-01 2.294670000e-01 1.346508856e-02 9.732232978e-01 8.512925834e+00
9.711396338e-01 -2.044401241e-02 -2.376338653e-01 -1.318737690e+00 1.610837991e-02 9.996667359e-01 -2.017268446e-02 -1.357920766e-01 2.379670811e-01 1.576259682e-02 9.711453078e-01 9.026693720e+00
9.691922441e-01 -1.704381896e-02 -2.457150834e-01 -1.493021579e+00 1.135861097e-02 9.996344120e-01 -2.453618314e-02 -1.498425782e-01 2.460434432e-01 2.098929636e-02 9.690315132e-01 9.550432181e+00
9.669829235e-01 -1.439963821e-02 -2.544340310e-01 -1.660034475e+00 7.501881661e-03 9.995780953e-01 -2.805981356e-02 -1.535634827e-01 2.547307353e-01 2.522462655e-02 9.666829732e-01 1.009733125e+01
9.647624310e-01 -1.722870781e-02 -2.625578475e-01 -1.826006725e+00 9.689623121e-03 9.995034768e-01 -2.998184619e-02 -1.728966004e-01 2.629440299e-01 2.638127222e-02 9.644503438e-01 1.064551466e+01
9.621922024e-01 -2.033331410e-02 -2.716113436e-01 -1.983025291e+00 1.187762043e-02 9.993933390e-01 -3.273951959e-02 -1.881364957e-01 2.721122706e-01 2.827561402e-02 9.618499893e-01 1.122383681e+01
9.597113203e-01 -2.035034544e-02 -2.802499688e-01 -2.144739946e+00 1.082744380e-02 9.993114974e-01 -3.548658305e-02 -2.084831313e-01 2.807791802e-01 3.102248469e-02 9.592708989e-01 1.179895149e+01
9.573762778e-01 -1.947860060e-02 -2.881861322e-01 -2.334781168e+00 8.518059779e-03 9.991935781e-01 -3.923819711e-02 -2.343727354e-01 2.887180378e-01 3.511093240e-02 9.567701485e-01 1.238249134e+01
9.551338737e-01 -2.027044861e-02 -2.954799353e-01 -2.530006812e+00 7.507879041e-03 9.989916782e-01 -4.426351275e-02 -2.665012994e-01 2.960792377e-01 4.005915279e-02 9.543229795e-01 1.296968688e+01
9.532815805e-01 -2.122410627e-02 -3.013366316e-01 -2.724991462e+00 5.788317040e-03 9.986289948e-01 -5.202524437e-02 -3.012722338e-01 3.020276868e-01 4.785047522e-02 9.520974784e-01 1.358809944e+01
9.519023165e-01 -2.262142301e-02 -3.055654612e-01 -2.940440906e+00 4.504316963e-03 9.981962661e-01 -5.986589637e-02 -3.444083541e-01 3.063685541e-01 5.561012174e-02 9.502872320e-01 1.422026890e+01
9.507546641e-01 -2.278659077e-02 -3.091057101e-01 -3.168295247e+00 1.473006918e-03 9.976147941e-01 -6.901125138e-02 -3.788129548e-01 3.099409605e-01 6.515745427e-02 9.485204833e-01 1.483348256e+01
9.494699733e-01 -2.304276895e-02 -3.130108633e-01 -3.428442397e+00 -1.620650514e-03 9.969280253e-01 -7.830635937e-02 -4.191541789e-01 3.138536972e-01 7.485681816e-02 9.465158813e-01 1.550590258e+01
9.479647947e-01 -2.272599375e-02 -3.175630287e-01 -3.644864804e+00 -4.768441161e-03 9.963237533e-01 -8.553502544e-02 -4.714200374e-01 3.183394571e-01 8.259847345e-02 9.443714747e-01 1.616688086e+01
9.463965420e-01 -2.042742127e-02 -3.223605213e-01 -3.888388534e+00 -9.925096502e-03 9.956879472e-01 -9.223342251e-02 -5.349411249e-01 3.228545767e-01 9.048885141e-02 9.421128861e-01 1.681267458e+01
9.447190130e-01 -1.978987994e-02 -3.272832828e-01 -4.130750939e+00 -1.316943398e-02 9.950811457e-01 -9.818390600e-02 -5.951985475e-01 3.276164717e-01 9.706633835e-02 9.398114563e-01 1.747528692e+01
9.430399896e-01 -1.725971117e-02 -3.322313656e-01 -4.369831751e+00 -1.836434750e-02 9.944298073e-01 -1.037887716e-01 -6.668901120e-01 3.321721371e-01 1.039781744e-01 9.374701118e-01 1.814586163e+01
9.414368824e-01 -1.415154071e-02 -3.368921643e-01 -4.660501826e+00 -2.341606126e-02 9.939629704e-01 -1.071881598e-01 -7.463632562e-01 3.363752140e-01 1.087995746e-01 9.354220267e-01 1.885380429e+01
9.396182452e-01 -1.264443130e-02 -3.419907478e-01 -4.921615555e+00 -2.611784345e-02 9.937532135e-01 -1.085007320e-01 -8.323591827e-01 3.412263347e-01 1.108813282e-01 9.334184054e-01 1.953956606e+01
9.372464066e-01 -1.229637458e-02 -3.484508180e-01 -5.172129363e+00 -2.708142113e-02 9.937915343e-01 -1.079119223e-01 -9.082784808e-01 3.476143985e-01 1.105766047e-01 9.310945411e-01 2.024391127e+01
9.347160919e-01 -1.340960432e-02 -3.551422392e-01 -5.446476421e+00 -2.625080105e-02 9.939531636e-01 -1.066208426e-01 -9.758994494e-01 3.544244954e-01 1.089829856e-01 9.287120037e-01 2.095380053e+01
9.320770456e-01 -1.246534409e-02 -3.620455720e-01 -5.698345193e+00 -2.738654037e-02 9.941231227e-01 -1.047339212e-01 -1.070763095e+00 3.612234190e-01 1.075352596e-01 9.262579606e-01 2.165228417e+01
9.288990542e-01 -1.092629701e-02 -3.701718022e-01 -6.033925755e+00 -2.893646602e-02 9.943672553e-01 -1.019629471e-01 -1.162151307e+00 3.692007964e-01 1.054247489e-01 9.233506345e-01 2.241119386e+01
9.257413654e-01 -8.243020422e-03 -3.780674239e-01 -6.376118237e+00 -3.045727936e-02 9.948891848e-01 -9.626974700e-02 -1.247782899e+00 3.769287446e-01 1.006357922e-01 9.207590123e-01 2.315491103e+01
9.222536993e-01 -3.533497610e-03 -3.865690476e-01 -6.710312665e+00 -3.447801613e-02 9.952215669e-01 -9.135260873e-02 -1.336037547e+00 3.850446475e-01 9.757841520e-02 9.177249437e-01 2.389977022e+01
9.185634855e-01 -2.927747164e-04 -3.952733703e-01 -7.054585930e+00 -3.734084593e-02 9.954633159e-01 -8.751255885e-02 -1.402706848e+00 3.935057614e-01 9.514568311e-02 9.143853207e-01 2.465637344e+01
9.146345112e-01 9.634281855e-04 -4.042805744e-01 -7.383764439e+00 -3.899715927e-02 9.955442488e-01 -8.585377216e-02 -1.478349376e+00 4.023964868e-01 9.429061688e-02 9.105966983e-01 2.539051013e+01
9.106841426e-01 2.824627208e-03 -4.130937108e-01 -7.744827933e+00 -4.181461810e-02 9.954710265e-01 -8.537548301e-02 -1.572978532e+00 4.109816664e-01 9.502345430e-02 9.066777890e-01 2.615897835e+01
9.068547175e-01 3.377597783e-03 -4.214298437e-01 -8.141812512e+00 -4.297805119e-02 9.954958456e-01 -8.450389654e-02 -1.648784459e+00 4.192462385e-01 9.474499062e-02 9.029152664e-01 2.694158679e+01
9.028492414e-01 4.047998383e-03 -4.299382060e-01 -8.535934456e+00 -4.386622309e-02 9.956050169e-01 -8.274300409e-02 -1.728348179e+00 4.277136914e-01 9.356422374e-02 8.990588047e-01 2.774097606e+01
8.990855832e-01 5.005168734e-03 -4.377442889e-01 -8.919549407e+00 -4.483116520e-02 9.957302219e-01 -8.069381470e-02 -1.811297568e+00 4.354713318e-01 9.217523198e-02 8.954710748e-01 2.852010528e+01
8.955984339e-01 7.384113614e-03 -4.448021134e-01 -9.388798862e+00 -4.629982192e-02 9.959794461e-01 -7.668943465e-02 -1.897774466e+00 4.424474791e-01 8.927719621e-02 8.923395153e-01 2.932431417e+01
8.920716042e-01 1.014077076e-02 -4.517802760e-01 -9.836624118e+00 -4.738745283e-02 9.963353643e-01 -7.120583665e-02 -1.968165069e+00 4.494025838e-01 8.492942144e-02 8.892830320e-01 3.012368247e+01
8.883326946e-01 1.128023227e-02 -4.590618477e-01 -1.031211658e+01 -4.748872192e-02 9.965947637e-01 -6.740696064e-02 -2.042372021e+00 4.567382674e-01 8.168006741e-02 8.858433957e-01 3.095562649e+01
8.846878188e-01 1.025203116e-02 -4.660711954e-01 -1.076951793e+01 -4.610269334e-02 9.967813699e-01 -6.558538236e-02 -2.109514234e+00 4.638987012e-01 7.950972626e-02 8.823129821e-01 3.177659653e+01
8.811516224e-01 9.426106961e-03 -4.727398511e-01 -1.120339739e+01 -4.534339811e-02 9.968779735e-01 -6.463963285e-02 -2.170572269e+00 4.706546447e-01 7.839294863e-02 8.788280555e-01 3.258520922e+01
8.776649621e-01 1.042566835e-02 -4.791612670e-01 -1.159582444e+01 -4.601056808e-02 9.969785882e-01 -6.258372168e-02 -2.230939230e+00 4.770610464e-01 7.697402181e-02 8.754928658e-01 3.337269984e+01
8.748307979e-01 9.077598751e-03 -4.843435478e-01 -1.208815415e+01 -4.425846900e-02 9.971405998e-01 -6.125203820e-02 -2.294876796e+00 4.824025943e-01 7.502147335e-02 8.727310671e-01 3.420305078e+01
8.718209642e-01 7.210843836e-03 -4.897715898e-01 -1.252256477e+01 -4.266696377e-02 9.972089977e-01 -6.126781497e-02 -2.355348624e+00 4.879628435e-01 7.431163220e-02 8.696953747e-01 3.503465671e+01
8.695562730e-01 6.402475235e-03 -4.937923616e-01 -1.297510593e+01 -4.242984550e-02 9.971869902e-01 -6.178846755e-02 -2.414697603e+00 4.920077197e-01 7.468008317e-02 8.673818588e-01 3.583572344e+01
8.684638585e-01 8.197824671e-03 -4.956847004e-01 -1.348578579e+01 -4.467324981e-02 9.970895637e-01 -6.177946880e-02 -2.499648511e+00 4.937355843e-01 7.579708230e-02 8.663024732e-01 3.667504225e+01
8.680946689e-01 8.655728264e-03 -4.963232054e-01 -1.403891624e+01 -4.494517136e-02 9.971117236e-01 -6.122207301e-02 -2.559364752e+00 4.943597652e-01 7.545388672e-02 8.659764047e-01 3.756466341e+01
8.681370078e-01 8.804248369e-03 -4.962465323e-01 -1.461999207e+01 -4.415927991e-02 9.972475125e-01 -5.955969144e-02 -2.625519572e+00 4.943562416e-01 7.361986184e-02 8.661362608e-01 3.848816220e+01
8.679542259e-01 7.355661574e-03 -4.965897260e-01 -1.517704492e+01 -4.208469454e-02 9.973832784e-01 -5.878328343e-02 -2.712293406e+00 4.948578990e-01 7.192002620e-02 8.659925921e-01 3.941924440e+01
8.663256771e-01 4.760318334e-03 -4.994568655e-01 -1.560351428e+01 -3.968509775e-02 9.974493563e-01 -5.932853219e-02 -2.781651048e+00 4.979005063e-01 7.121882535e-02 8.643049027e-01 4.029338985e+01
8.650899203e-01 2.232417260e-03 -5.016118480e-01 -1.613819567e+01 -3.710398877e-02 9.975354630e-01 -5.955076903e-02 -2.849671390e+00 5.002426649e-01 7.012857041e-02 8.630407058e-01 4.120986507e+01
8.634454766e-01 2.126206669e-03 -5.044376950e-01 -1.669666966e+01 -3.604226419e-02 9.976953744e-01 -5.748821650e-02 -2.924333198e+00 5.031529232e-01 6.781901717e-02 8.615321914e-01 4.213611209e+01
8.613013789e-01 3.094859682e-03 -5.080849895e-01 -1.725009193e+01 -3.501799463e-02 9.979652407e-01 -5.328337825e-02 -3.000369470e+00 5.068862542e-01 6.368516459e-02 8.596572137e-01 4.305341031e+01
8.583930744e-01 2.597636556e-03 -5.129859473e-01 -1.781018314e+01 -3.262982364e-02 9.982387172e-01 -4.954551560e-02 -3.055656559e+00 5.119537327e-01 5.926816845e-02 8.569659619e-01 4.397355721e+01
8.543682016e-01 2.693534088e-03 -5.196611597e-01 -1.834678163e+01 -3.197345007e-02 9.983644938e-01 -4.739236285e-02 -3.121251814e+00 5.186835977e-01 5.710588796e-02 8.530569987e-01 4.484363189e+01
8.485511951e-01 -1.791748877e-03 -5.291102521e-01 -1.891569946e+01 -2.895186103e-02 9.983389099e-01 -4.981175246e-02 -3.184210191e+00 5.283206025e-01 5.758654857e-02 8.470898007e-01 4.577894265e+01
8.423679281e-01 -4.377656876e-03 -5.388850618e-01 -1.947772962e+01 -2.860534503e-02 9.981940576e-01 -5.282383634e-02 -3.261271870e+00 5.381431110e-01 5.991209870e-02 8.407214357e-01 4.667737449e+01
8.363980269e-01 -4.603869191e-03 -5.481032248e-01 -2.007965470e+01 -2.867275970e-02 9.982281293e-01 -5.213899514e-02 -3.314305363e+00 5.473720978e-01 5.932458471e-02 8.347840321e-01 4.754306610e+01
8.302824411e-01 -1.671388263e-03 -5.573403578e-01 -2.069398669e+01 -2.964927819e-02 9.984470611e-01 -4.716340276e-02 -3.367824960e+00 5.565536706e-01 5.568368449e-02 8.289435077e-01 4.844749533e+01
8.248489869e-01 3.190255166e-03 -5.653441174e-01 -2.131593492e+01 -3.299387832e-02 9.985513617e-01 -4.250390643e-02 -3.436773522e+00 5.643895400e-01 5.371219918e-02 8.237593379e-01 4.935769667e+01
8.207524835e-01 2.803331831e-03 -5.712770800e-01 -2.193481836e+01 -3.437373627e-02 9.984185017e-01 -4.448529782e-02 -3.488961169e+00 5.702488992e-01 5.614834635e-02 8.195508259e-01 5.023248719e+01
8.171300896e-01 2.997814105e-04 -5.764532303e-01 -2.256685726e+01 -3.463543564e-02 9.982187410e-01 -4.857707049e-02 -3.554020816e+00 5.754118553e-01 5.965949472e-02 8.156849523e-01 5.113121552e+01
8.139167053e-01 -2.455359285e-03 -5.809763920e-01 -2.316745027e+01 -3.650104413e-02 9.977994403e-01 -5.535296467e-02 -3.618826067e+00 5.798338301e-01 6.625894755e-02 8.120360099e-01 5.194993675e+01
8.109520218e-01 -3.065798244e-03 -5.851046225e-01 -2.381294648e+01 -3.733843702e-02 9.976769501e-01 -5.697845471e-02 -3.679905964e+00 5.839200797e-01 6.805368514e-02 8.089536677e-01 5.281601738e+01
8.076132848e-01 -1.182182205e-03 -5.897112723e-01 -2.444901080e+01 -3.739813450e-02 9.978824011e-01 -5.321741425e-02 -3.747452307e+00 5.885254130e-01 6.503319220e-02 8.058588723e-01 5.367436375e+01
8.044870906e-01 1.868268292e-03 -5.939671966e-01 -2.510266299e+01 -3.790931352e-02 9.981177598e-01 -4.820603182e-02 -3.806174160e+00 5.927591458e-01 6.129801896e-02 8.030436775e-01 5.453699818e+01
8.014154728e-01 3.421792657e-03 -5.980982623e-01 -2.576772771e+01 -3.750799276e-02 9.983029163e-01 -4.454702821e-02 -3.879886580e+00 5.969308088e-01 5.813414296e-02 8.001837482e-01 5.540334928e+01
7.985273138e-01 3.129842006e-03 -6.019504408e-01 -2.642785254e+01 -3.775888370e-02 9.982776844e-01 -4.489912576e-02 -3.942202604e+00 6.007731650e-01 5.858215498e-02 7.972701771e-01 5.623309779e+01
7.950352994e-01 2.305086082e-03 -6.065587847e-01 -2.709494338e+01 -3.851665713e-02 9.981664967e-01 -4.669166955e-02 -4.002885704e+00 6.053390288e-01 6.048414222e-02 7.936663838e-01 5.707838041e+01
7.902726499e-01 -7.890597480e-04 -6.127548582e-01 -2.774318191e+01 -3.756037575e-02 9.980563327e-01 -4.972700477e-02 -4.054830856e+00 6.116031042e-01 6.231319455e-02 7.887069854e-01 5.795426164e+01
7.857618081e-01 -2.063475516e-03 -6.185257658e-01 -2.838250060e+01 -3.653433494e-02 9.980936613e-01 -4.974219121e-02 -4.119716917e+00 6.174492880e-01 6.168294160e-02 7.841884923e-01 5.877928178e+01
7.810639240e-01 -2.256652143e-03 -6.244469987e-01 -2.905173978e+01 -3.606247440e-02 9.981615094e-01 -4.871446437e-02 -4.186566159e+00 6.234088904e-01 6.056821460e-02 7.795465649e-01 5.961362530e+01
7.758813813e-01 -1.820980141e-03 -6.308761893e-01 -2.972261087e+01 -3.665537690e-02 9.981763673e-01 -4.796168300e-02 -4.245115284e+00 6.298130401e-01 6.033758135e-02 7.743997100e-01 6.045078035e+01
7.704998919e-01 -3.526094841e-03 -6.374303752e-01 -3.042046923e+01 -3.602961203e-02 9.981451532e-01 -4.907260129e-02 -4.306811854e+00 6.364210741e-01 6.077680310e-02 7.689436888e-01 6.128108084e+01
7.649089965e-01 -5.302937095e-03 -6.441165313e-01 -3.113887755e+01 -3.510392888e-02 9.981368877e-01 -4.990458493e-02 -4.371873286e+00 6.431811107e-01 6.078348688e-02 7.632977313e-01 6.212652785e+01
7.588774881e-01 -7.546907293e-03 -6.511896822e-01 -3.186618423e+01 -3.370967838e-02 9.981371255e-01 -5.085210241e-02 -4.429900606e+00 6.503603737e-01 6.054191050e-02 7.572093907e-01 6.296870520e+01
7.529844716e-01 -1.012054672e-02 -6.579604548e-01 -3.260916588e+01 -3.221718390e-02 9.981156425e-01 -5.222276648e-02 -4.494774177e+00 6.572491450e-01 6.052056520e-02 7.512395241e-01 6.381498952e+01
7.470528200e-01 -1.194616954e-02 -6.646573352e-01 -3.331158552e+01 -3.133679060e-02 9.980941574e-01 -5.316068588e-02 -4.557709890e+00 6.640256695e-01 6.054206803e-02 7.452547003e-01 6.458524737e+01
7.404904709e-01 -1.288498065e-02 -6.719433308e-01 -3.402152791e+01 -3.099287136e-02 9.980977985e-01 -5.329377506e-02 -4.626509349e+00 6.713518484e-01 6.028898580e-02 7.386825663e-01 6.539903612e+01
7.339589962e-01 -1.211647227e-02 -6.790856964e-01 -3.473408967e+01 -3.109970244e-02 9.981926194e-01 -5.142278767e-02 -4.703089274e+00 6.784813929e-01 5.886158071e-02 7.322556342e-01 6.619205888e+01
7.275488853e-01 -1.326954652e-02 -6.859275025e-01 -3.552097581e+01 -2.974571999e-02 9.982625921e-01 -5.086245588e-02 -4.762618624e+00 6.854106883e-01 5.740833050e-02 7.258901239e-01 6.699326955e+01
7.205366056e-01 -1.613001079e-02 -6.932292714e-01 -3.627411071e+01 -2.744068089e-02 9.982830204e-01 -5.174959056e-02 -4.823537188e+00 6.928737324e-01 5.631015755e-02 7.188568405e-01 6.777673517e+01
7.139291793e-01 -1.707768348e-02 -7.000096282e-01 -3.706210218e+01 -2.838276736e-02 9.981751531e-01 -5.329898851e-02 -4.898330512e+00 6.996424411e-01 5.791991355e-02 7.121416560e-01 6.858581738e+01
7.077443616e-01 -1.633429893e-02 -7.062797670e-01 -3.784467064e+01 -2.956382565e-02 9.981721426e-01 -5.271009423e-02 -4.975147896e+00 7.058497707e-01 5.818560388e-02 7.059678015e-01 6.935763877e+01
7.026490032e-01 -1.437428077e-02 -7.113914242e-01 -3.862001437e+01 -3.146873794e-02 9.981898729e-01 -5.125130498e-02 -5.060552763e+00 7.108404159e-01 5.839826866e-02 7.009247787e-01 7.011649450e+01
6.973971558e-01 -1.330559261e-02 -7.165613500e-01 -3.943238986e+01 -3.330071931e-02 9.981461492e-01 -5.094435105e-02 -5.136172366e+00 7.159107969e-01 5.939045391e-02 6.956611997e-01 7.091177343e+01
6.926333429e-01 -1.352363967e-02 -7.211630630e-01 -4.026000383e+01 -3.452670384e-02 9.980564584e-01 -5.187689737e-02 -5.213958473e+00 7.204630171e-01 6.083105234e-02 6.908202545e-01 7.168915297e+01
6.869539891e-01 -1.558835941e-02 -7.265337018e-01 -4.106748473e+01 -3.498991915e-02 9.979008235e-01 -5.449451433e-02 -5.280985219e+00 7.258580594e-01 6.285657949e-02 6.849665160e-01 7.247059537e+01
6.811310284e-01 -1.923937434e-02 -7.319087161e-01 -4.187819117e+01 -3.308564893e-02 9.978246832e-01 -5.701965801e-02 -5.340307208e+00 7.314136053e-01 6.305353313e-02 6.790128054e-01 7.326204663e+01
6.761619905e-01 -1.926012640e-02 -7.365011949e-01 -4.274093728e+01 -3.443505773e-02 9.977395886e-01 -5.770563315e-02 -5.418823220e+00 7.359478170e-01 6.437981694e-02 6.739703627e-01 7.402948368e+01
6.706252442e-01 -2.080423648e-02 -7.415045284e-01 -4.364047563e+01 -3.184171358e-02 9.978779501e-01 -5.679526448e-02 -5.476771364e+00 7.411126008e-01 6.169911293e-02 6.685397014e-01 7.484236021e+01
6.652666122e-01 -2.114970363e-02 -7.463062540e-01 -4.450386761e+01 -3.070065822e-02 9.979782951e-01 -5.564882759e-02 -5.556794618e+00 7.459743992e-01 5.993340024e-02 6.632723296e-01 7.561854342e+01
6.600573589e-01 -2.161175881e-02 -7.509042648e-01 -4.535318170e+01 -3.077013526e-02 9.979693915e-01 -5.576999620e-02 -5.633875660e+00 7.505847599e-01 5.991682219e-02 6.580520440e-01 7.636471032e+01
6.552896926e-01 -2.229740669e-02 -7.550485047e-01 -4.623288432e+01 -3.051601506e-02 9.979668264e-01 -5.595521621e-02 -5.708384461e+00 7.547610162e-01 5.970794797e-02 6.532769469e-01 7.712631538e+01
6.508458366e-01 -2.282131077e-02 -7.588668426e-01 -4.716001595e+01 -3.043123379e-02 9.979606658e-01 -5.611104599e-02 -5.773931951e+00 7.585997871e-01 5.961289497e-02 6.488240638e-01 7.791025200e+01
6.472210160e-01 -2.394488156e-02 -7.619262426e-01 -4.811668369e+01 -2.959808642e-02 9.979634970e-01 -5.650497239e-02 -5.833981026e+00 7.617275824e-01 5.912276441e-02 6.451942258e-01 7.868638167e+01
6.433524719e-01 -2.702207202e-02 -7.650930692e-01 -4.904409538e+01 -2.679952445e-02 9.979694412e-01 -5.778217604e-02 -5.907993338e+00 7.651008969e-01 5.767843620e-02 6.413219282e-01 7.944067495e+01
6.389765984e-01 -3.179599089e-02 -7.685687488e-01 -4.994186528e+01 -2.312233537e-02 9.978999205e-01 -6.050707636e-02 -5.994547188e+00 7.688785758e-01 5.643371019e-02 6.368994991e-01 8.017553985e+01
6.341096749e-01 -3.582754722e-02 -7.724126533e-01 -5.087313161e+01 -1.891846840e-02 9.979081269e-01 -6.181797279e-02 -6.080026318e+00 7.730116505e-01 5.381223900e-02 6.321053956e-01 8.095005346e+01
6.269579870e-01 -3.944161739e-02 -7.780540092e-01 -5.180333459e+01 -1.384891878e-02 9.979955307e-01 -6.175053087e-02 -6.165096503e+00 7.789299647e-01 4.949019531e-02 6.251550453e-01 8.171224431e+01
6.178957047e-01 -4.327875929e-02 -7.850680526e-01 -5.276375755e+01 -8.685806474e-03 9.980472894e-01 -6.185600185e-02 -6.259494455e+00 7.862120928e-01 4.503950702e-02 6.163132222e-01 8.249854670e+01
6.087388814e-01 -4.457786274e-02 -7.921172820e-01 -5.373524874e+01 -5.680651088e-03 9.981497119e-01 -6.053827524e-02 -6.335673771e+00 7.933503038e-01 4.135174385e-02 6.073593078e-01 8.323252048e+01
5.992012594e-01 -4.301512047e-02 -7.994420243e-01 -5.468907096e+01 -5.595740432e-03 9.983061581e-01 -5.790943303e-02 -6.417802780e+00 8.005788771e-01 3.917287526e-02 5.979456057e-01 8.396636522e+01
5.903322100e-01 -4.288250491e-02 -8.060204542e-01 -5.565328957e+01 -6.447105187e-03 9.983053684e-01 -5.783447364e-02 -6.494484173e+00 8.071346336e-01 3.933805129e-02 5.890553463e-01 8.466235255e+01
5.799741056e-01 -4.404750808e-02 -8.134432088e-01 -5.661357680e+01 -7.914795590e-03 9.981853246e-01 -5.969433652e-02 -6.578014803e+00 8.145964601e-01 4.105940616e-02 5.785730138e-01 8.537675686e+01
5.694912603e-01 -4.659366943e-02 -8.206757791e-01 -5.762251215e+01 -7.441066128e-03 9.980590722e-01 -6.182813957e-02 -6.656413405e+00 8.219637066e-01 4.131728787e-02 5.680392124e-01 8.607625839e+01
5.593657858e-01 -4.781453137e-02 -8.275407472e-01 -5.860381237e+01 -7.758089984e-03 9.979892473e-01 -6.290687009e-02 -6.753504213e+00 8.288846299e-01 4.160808640e-02 5.578700901e-01 8.674742367e+01
5.485745629e-01 -4.876259391e-02 -8.346784760e-01 -5.962419541e+01 -4.847797069e-03 9.980955776e-01 -6.149566447e-02 -6.837488365e+00 8.360875838e-01 3.778130913e-02 5.472934541e-01 8.744294903e+01
5.373589200e-01 -4.903271513e-02 -8.419270657e-01 -6.064229786e+01 -3.190955373e-03 9.981830751e-01 -6.016948114e-02 -6.920216287e+00 8.433476204e-01 3.501915910e-02 5.362261180e-01 8.812846479e+01
5.272147121e-01 -4.924650941e-02 -8.483038539e-01 -6.167966121e+01 -3.439628037e-03 9.981873148e-01 -6.008538481e-02 -7.014324311e+00 8.497251416e-01 3.459574857e-02 5.260896482e-01 8.875575836e+01
5.169556979e-01 -5.014348035e-02 -8.545422387e-01 -6.275462737e+01 -4.082583325e-03 9.981270557e-01 -6.103862015e-02 -7.103793701e+00 8.560024176e-01 3.504300238e-02 5.157827538e-01 8.939969187e+01
5.066063857e-01 -5.039587148e-02 -8.607033322e-01 -6.381891201e+01 -6.294408401e-03 9.980474387e-01 -6.214250130e-02 -7.192218281e+00 8.621544818e-01 3.689940627e-02 5.052999935e-01 9.002509723e+01
4.963125909e-01 -5.203854547e-02 -8.665828304e-01 -6.491145640e+01 -6.580035273e-03 9.979476818e-01 -6.369558482e-02 -7.272174972e+00 8.681189523e-01 3.731506632e-02 4.949515841e-01 9.065573721e+01
4.871441877e-01 -5.129256907e-02 -8.718139783e-01 -6.601205685e+01 -7.890436268e-03 9.979744944e-01 -6.312408062e-02 -7.380753011e+00 8.732859105e-01 3.762952161e-02 4.857527536e-01 9.123566784e+01
4.785617414e-01 -4.879911995e-02 -8.766968151e-01 -6.713769045e+01 -9.823232386e-03 9.980943979e-01 -6.091861008e-02 -7.467588100e+00 8.779989543e-01 3.776531267e-02 4.771704280e-01 9.182916763e+01
4.700815227e-01 -4.730590964e-02 -8.813543629e-01 -6.823347606e+01 -9.173050920e-03 9.982468699e-01 -5.847257374e-02 -7.558006607e+00 8.825753323e-01 3.557158495e-02 4.688234691e-01 9.242408502e+01
4.621041422e-01 -4.780155655e-02 -8.855364323e-01 -6.935105291e+01 -8.447862020e-03 9.982636557e-01 -5.829500259e-02 -7.642073968e+00 8.867854281e-01 3.441925176e-02 4.608979493e-01 9.300903757e+01
4.542165099e-01 -5.078834963e-02 -8.894424690e-01 -7.049062452e+01 -6.050777331e-03 9.981747989e-01 -6.008709444e-02 -7.737937025e+00 8.908707820e-01 3.267436865e-02 4.530801644e-01 9.358739017e+01
4.473295190e-01 -5.435559635e-02 -8.927159518e-01 -7.165983414e+01 -3.065358809e-03 9.980524283e-01 -6.230532825e-02 -7.833066807e+00 8.943639668e-01 3.060750722e-02 4.462916932e-01 9.415786647e+01
4.407868748e-01 -5.693686983e-02 -8.958041772e-01 -7.280488539e+01 -2.276432993e-03 9.979120760e-01 -6.454693249e-02 -7.929279251e+00 8.976089064e-01 3.049067884e-02 4.397369323e-01 9.472366769e+01
4.347644668e-01 -6.067301154e-02 -8.984979933e-01 -7.399705721e+01 3.396212969e-04 9.977387854e-01 -6.721012403e-02 -8.028043793e+00 9.005441372e-01 2.891542469e-02 4.338019769e-01 9.531235566e+01
4.301173261e-01 -6.126679837e-02 -9.006916593e-01 -7.515853658e+01 1.962963391e-03 9.977556164e-01 -6.693188171e-02 -8.130298875e+00 9.027708638e-01 2.702053724e-02 4.292722423e-01 9.586180646e+01
4.255969924e-01 -5.865388242e-02 -9.030099236e-01 -7.628730537e+01 3.717209621e-03 9.980020553e-01 -6.307202222e-02 -8.228012202e+00 9.049051787e-01 2.348658579e-02 4.249647019e-01 9.640738132e+01
4.219224482e-01 -5.595137445e-02 -9.049038023e-01 -7.742747306e+01 5.952822644e-03 9.982433585e-01 -5.894710389e-02 -8.336887855e+00 9.066123822e-01 1.948437454e-02 4.215143503e-01 9.693987253e+01
4.186135862e-01 -5.538876046e-02 -9.064738003e-01 -7.856277525e+01 7.219563300e-03 9.983098130e-01 -5.766624010e-02 -8.432393146e+00 9.081357516e-01 1.759552659e-02 4.183059336e-01 9.745971327e+01
4.154338847e-01 -5.543026825e-02 -9.079329121e-01 -7.971746589e+01 8.943512834e-03 9.983422360e-01 -5.685765873e-02 -8.521004939e+00 9.095794089e-01 1.550048839e-02 4.152409347e-01 9.798439266e+01
4.133898292e-01 -5.500340929e-02 -9.088913434e-01 -8.091855987e+01 1.070955876e-02 9.983985188e-01 -5.554910393e-02 -8.599014781e+00 9.104911611e-01 1.322960934e-02 4.133168554e-01 9.850197498e+01
4.117198080e-01 -5.397642902e-02 -9.097105830e-01 -8.211445818e+01 1.243943630e-02 9.984842610e-01 -5.361381238e-02 -8.698322135e+00 9.112255814e-01 1.075758169e-02 4.117671846e-01 9.900964305e+01
4.096702701e-01 -5.476370585e-02 -9.105883847e-01 -8.325497292e+01 1.475241955e-02 9.984636058e-01 -5.341155272e-02 -8.780877355e+00 9.121143765e-01 8.447743341e-03 4.098487523e-01 9.950103335e+01
4.069897135e-01 -5.470521092e-02 -9.117931306e-01 -8.435139420e+01 1.648540214e-02 9.984823242e-01 -5.254788114e-02 -8.865127701e+00 9.132839671e-01 6.355170667e-03 4.072738725e-01 1.000131288e+02
4.055943694e-01 -5.351665979e-02 -9.124851641e-01 -8.550057820e+01 1.971628664e-02 9.985645149e-01 -4.980138238e-02 -8.967127794e+00 9.138405088e-01 2.208341230e-03 4.060672945e-01 1.004939582e+02
4.032849415e-01 -5.525753099e-02 -9.134045441e-01 -8.661156069e+01 2.327326867e-02 9.984715918e-01 -5.012818956e-02 -8.985081268e+00 9.147784491e-01 -1.041965362e-03 4.039545809e-01 1.009767051e+02
4.017503072e-01 -5.789402392e-02 -9.139173774e-01 -8.774536443e+01 2.669482894e-02 9.983158613e-01 -5.150560410e-02 -9.046821973e+00 9.153600804e-01 -3.704475783e-03 4.026191750e-01 1.014592807e+02
3.997603869e-01 -5.959702479e-02 -9.146801778e-01 -8.882641806e+01 2.783355782e-02 9.982131635e-01 -5.287507260e-02 -9.111966539e+00 9.161969909e-01 -4.321444137e-03 4.007048777e-01 1.019664052e+02
3.979495874e-01 -6.107478318e-02 -9.153720537e-01 -8.987112182e+01 2.800635514e-02 9.981252597e-01 -5.442067643e-02 -9.191792142e+00 9.169796999e-01 -3.979549097e-03 3.989140173e-01 1.024531504e+02
3.978831749e-01 -6.234007776e-02 -9.153156252e-01 -9.090249432e+01 2.691359730e-02 9.980524449e-01 -5.627588785e-02 -9.253753484e+00 9.170412408e-01 -2.243207208e-03 3.987860713e-01 1.029184679e+02
4.005049768e-01 -6.328012532e-02 -9.141068807e-01 -9.192116347e+01 2.515241096e-02 9.979957695e-01 -5.806720496e-02 -9.314114565e+00 9.159492998e-01 2.642126474e-04 4.012939202e-01 1.033489848e+02
4.055008846e-01 -6.384669598e-02 -9.118621782e-01 -9.298188046e+01 2.342072626e-02 9.979559170e-01 -5.945971235e-02 -9.393161302e+00 9.137945623e-01 2.754491493e-03 4.061673431e-01 1.037856067e+02
4.111038052e-01 -6.484527566e-02 -9.092792484e-01 -9.400905775e+01 2.243201687e-02 9.978843114e-01 -6.102217317e-02 -9.471850296e+00 9.113124963e-01 4.689480156e-03 4.116886479e-01 1.042251463e+02
4.178892617e-01 -6.432704290e-02 -9.062177423e-01 -9.508008074e+01 2.182016552e-02 9.979130293e-01 -6.077389442e-02 -9.581462356e+00 9.082358974e-01 5.622936743e-03 4.184207658e-01 1.046880968e+02
4.299740095e-01 -6.253456815e-02 -9.006729589e-01 -9.623156974e+01 2.070400123e-02 9.980189674e-01 -5.940946953e-02 -9.685366245e+00 9.026038419e-01 6.896993767e-03 4.304169328e-01 1.050719997e+02
4.379765730e-01 -6.085696014e-02 -8.969241617e-01 -9.722011888e+01 1.878482649e-02 9.981077510e-01 -5.854953176e-02 -9.765217102e+00 8.987901044e-01 8.794758520e-03 4.382909997e-01 1.055491482e+02
4.468180410e-01 -6.048005906e-02 -8.925781762e-01 -9.823029462e+01 1.892645593e-02 9.981279922e-01 -5.815754781e-02 -9.854541315e+00 8.944246349e-01 9.092500065e-03 4.471262673e-01 1.060526087e+02
4.570684947e-01 -6.011752976e-02 -8.873974722e-01 -9.923283588e+01 1.942367328e-02 9.981498432e-01 -5.761606878e-02 -9.947844115e+00 8.892193835e-01 9.097971261e-03 4.573905496e-01 1.065385735e+02
4.659902492e-01 -6.138428103e-02 -8.826579506e-01 -1.001897199e+02 1.894163046e-02 9.980539733e-01 -5.940943538e-02 -1.002358564e+01 8.845870801e-01 1.096523687e-02 4.662461381e-01 1.070626010e+02
4.736012333e-01 -6.392707963e-02 -8.784163024e-01 -1.010978043e+02 1.731091141e-02 9.978453281e-01 -6.328533362e-02 -1.007654277e+01 8.805692501e-01 1.476582526e-02 4.736874140e-01 1.076095880e+02
4.846700678e-01 -6.719752053e-02 -8.721120447e-01 -1.020511746e+02 1.712479699e-02 9.975825570e-01 -6.734822457e-02 -1.013487970e+01 8.745293973e-01 1.770692685e-02 4.846491495e-01 1.081375638e+02
4.970695341e-01 -6.487020813e-02 -8.652824593e-01 -1.029566043e+02 1.633682458e-02 9.977244340e-01 -6.541453983e-02 -1.024312687e+01 8.675569068e-01 1.837960708e-02 4.969981927e-01 1.086202744e+02
5.113858805e-01 -6.240832190e-02 -8.570820746e-01 -1.039116837e+02 1.473889535e-02 9.978497523e-01 -6.386420530e-02 -1.032615064e+01 8.592247938e-01 2.002680985e-02 5.112061039e-01 1.091477574e+02
5.234629070e-01 -5.994136083e-02 -8.499374202e-01 -1.048467165e+02 1.453049983e-02 9.980053339e-01 -6.143466437e-02 -1.042771207e+01 8.519245562e-01 1.980875246e-02 5.232897513e-01 1.097294056e+02
5.350826041e-01 -5.956333582e-02 -8.426973453e-01 -1.057475588e+02 1.463825555e-02 9.980153111e-01 -6.124671630e-02 -1.051090914e+01 8.446729120e-01 2.043643336e-02 5.348925350e-01 1.102991993e+02
5.466990673e-01 -5.919539440e-02 -8.352341200e-01 -1.066258774e+02 1.388932534e-02 9.980018023e-01 -6.163999753e-02 -1.058602930e+01 8.372139610e-01 2.209769073e-02 5.464288385e-01 1.108598233e+02
5.580289511e-01 -5.898792550e-02 -8.277222447e-01 -1.074738863e+02 1.289982029e-02 9.979663698e-01 -6.242370918e-02 -1.066449305e+01 8.297212088e-01 2.415676875e-02 5.576550602e-01 1.114085811e+02
5.692384653e-01 -6.061561020e-02 -8.199349471e-01 -1.083327223e+02 1.522951710e-02 9.978848064e-01 -6.319790330e-02 -1.074625335e+01 8.220314054e-01 2.348746419e-02 5.689575622e-01 1.119906451e+02
5.795490018e-01 -6.117125280e-02 -8.126383158e-01 -1.091722726e+02 1.662123112e-02 9.978586650e-01 -6.325993465e-02 -1.083032385e+01 8.147678744e-01 2.315518271e-02 5.793247348e-01 1.125929647e+02
5.900230331e-01 -5.839355341e-02 -8.052720120e-01 -1.100003191e+02 1.561292165e-02 9.980198710e-01 -6.093089356e-02 -1.091571769e+01 8.072354409e-01 2.337798181e-02 5.897664054e-01 1.132022149e+02
5.996406544e-01 -5.506627410e-02 -7.983725891e-01 -1.108148368e+02 1.532480788e-02 9.982370021e-01 -5.734141573e-02 -1.099681512e+01 8.001226380e-01 2.214933750e-02 5.994273692e-01 1.138318591e+02
6.096101594e-01 -5.340879692e-02 -7.909000910e-01 -1.116147130e+02 1.412330373e-02 9.983010906e-01 -5.652844308e-02 -1.107321263e+01 7.925755395e-01 2.329019099e-02 6.093287956e-01 1.144432593e+02
6.196634052e-01 -5.296687963e-02 -7.830783958e-01 -1.124022240e+02 1.267902030e-02 9.982656322e-01 -5.748886821e-02 -1.115204230e+01 7.847652558e-01 2.569508096e-02 6.192602491e-01 1.150697602e+02
6.288178210e-01 -5.239935734e-02 -7.757850574e-01 -1.131745798e+02 1.095535826e-02 9.982247257e-01 -5.854380560e-02 -1.122648644e+01 7.774754839e-01 2.831438503e-02 6.282755506e-01 1.157017634e+02
6.377511541e-01 -5.313847078e-02 -7.684072933e-01 -1.139253853e+02 1.227989425e-02 9.981920636e-01 -5.883713425e-02 -1.128478384e+01 7.701445771e-01 2.808748997e-02 6.372506753e-01 1.163310647e+02
6.466658570e-01 -5.106835049e-02 -7.610619508e-01 -1.146619069e+02 1.220618895e-02 9.983213343e-01 -5.661733334e-02 -1.136088159e+01 7.626757360e-01 2.732283042e-02 6.462036711e-01 1.169648324e+02
6.556313543e-01 -4.880270222e-02 -7.535023713e-01 -1.154008106e+02 1.182087559e-02 9.984502340e-01 -5.438195597e-02 -1.142981953e+01 7.549886053e-01 2.674745765e-02 6.551921698e-01 1.175985518e+02
6.636073469e-01 -4.861448993e-02 -7.464997793e-01 -1.161019646e+02 1.258934598e-02 9.984706295e-01 -5.383224348e-02 -1.149461511e+01 7.479751316e-01 2.632552828e-02 6.632044700e-01 1.182318187e+02
6.712341760e-01 -4.756065992e-02 -7.397179628e-01 -1.168042265e+02 1.102803625e-02 9.984697300e-01 -5.419022717e-02 -1.155443172e+01 7.411633176e-01 2.821669598e-02 6.707315072e-01 1.188787147e+02
6.789587234e-01 -4.678250301e-02 -7.326844132e-01 -1.175030654e+02 1.067962208e-02 9.984914936e-01 -5.385798854e-02 -1.161733320e+01 7.340987656e-01 2.874255851e-02 6.784341292e-01 1.195170881e+02
6.863309038e-01 -4.417409938e-02 -7.259466506e-01 -1.181951961e+02 9.930451478e-03 9.986298829e-01 -5.137843107e-02 -1.167718209e+01 7.272216146e-01 2.805362704e-02 6.858292188e-01 1.201667445e+02
6.936203766e-01 -4.118779171e-02 -7.191622481e-01 -1.188629577e+02 8.618752364e-03 9.987670487e-01 -4.888864370e-02 -1.173908629e+01 7.202891713e-01 2.771187812e-02 6.931201638e-01 1.208161242e+02
7.010276433e-01 -3.958225861e-02 -7.120347521e-01 -1.195264643e+02 7.692689992e-03 9.988200668e-01 -4.795098238e-02 -1.180351716e+01 7.130926068e-01 2.813750156e-02 7.005049715e-01 1.214684034e+02
7.086387571e-01 -3.903967126e-02 -7.044906074e-01 -1.201700005e+02 7.449906579e-03 9.988264312e-01 -4.785665362e-02 -1.186250989e+01 7.055321473e-01 2.866469033e-02 7.080979627e-01 1.221143560e+02
7.165602879e-01 -3.639675859e-02 -6.965749276e-01 -1.207844915e+02 5.566099783e-03 9.989042723e-01 -4.646798256e-02 -1.192598799e+01 6.975029551e-01 2.941990541e-02 7.159777209e-01 1.227330489e+02
7.257196835e-01 -3.392381334e-02 -6.871536334e-01 -1.213971283e+02 5.563432183e-03 9.990403059e-01 -4.344554575e-02 -1.198607927e+01 6.879680147e-01 2.770635507e-02 7.252119474e-01 1.233764577e+02
7.355392625e-01 -2.978155176e-02 -6.768271954e-01 -1.220003884e+02 3.266591966e-03 9.991776176e-01 -4.041556468e-02 -1.203807275e+01 6.774742229e-01 2.751631636e-02 7.350316521e-01 1.240157428e+02
7.455368568e-01 -2.737788028e-02 -6.659018298e-01 -1.225694081e+02 1.279352944e-03 9.992128393e-01 -3.964927491e-02 -1.209368631e+01 6.664631711e-01 2.870807232e-02 7.449850254e-01 1.246585333e+02
7.559909865e-01 -2.628515745e-02 -6.540540641e-01 -1.231553032e+02 -2.575230834e-04 9.991814168e-01 -4.045281185e-02 -1.214682464e+01 6.545819750e-01 3.075039516e-02 7.553653760e-01 1.253174698e+02
7.659097794e-01 -2.703756918e-02 -6.423793113e-01 -1.237105280e+02 -8.190045609e-05 9.991112917e-01 -4.214997051e-02 -1.220652527e+01 6.429480563e-01 3.233568577e-02 7.652268947e-01 1.259740722e+02
7.765491327e-01 -2.602195308e-02 -6.295191041e-01 -1.242783799e+02 -2.384010138e-04 9.991345439e-01 -4.159454757e-02 -1.225973733e+01 6.300566543e-01 3.245028784e-02 7.758708598e-01 1.266439807e+02
7.870987458e-01 -2.391991432e-02 -6.163630440e-01 -1.248172185e+02 -6.965339922e-04 9.992127088e-01 -3.966708201e-02 -1.231398200e+01 6.168266200e-01 3.165122831e-02 7.864624089e-01 1.273341076e+02
7.974376630e-01 -2.155115880e-02 -6.030163523e-01 -1.253128491e+02 -6.945758717e-04 9.993285286e-01 -3.663344897e-02 -1.236154742e+01 6.034009373e-01 2.963173254e-02 7.968872375e-01 1.279800743e+02
8.072032735e-01 -1.983630637e-02 -5.899401633e-01 -1.258187671e+02 -8.438710972e-04 9.993953814e-01 -3.475859038e-02 -1.240325276e+01 5.902729565e-01 2.855508139e-02 8.066984841e-01 1.286860544e+02
8.162497850e-01 -1.883247588e-02 -5.773920907e-01 -1.263140646e+02 4.279695164e-04 9.994879460e-01 -3.199472752e-02 -1.244407936e+01 5.776989747e-01 2.586858325e-02 8.158398808e-01 1.293899832e+02
8.245823733e-01 -1.795134473e-02 -5.654570354e-01 -1.267852589e+02 1.030151694e-03 9.995424425e-01 -3.022985826e-02 -1.248151079e+01 5.657409729e-01 2.434450175e-02 8.242235721e-01 1.300787610e+02
8.319674566e-01 -1.830945042e-02 -5.545222404e-01 -1.272513683e+02 2.513806920e-03 9.995694734e-01 -2.923266369e-02 -1.251251261e+01 5.548187379e-01 2.292666302e-02 8.316552989e-01 1.307787948e+02
8.384732454e-01 -1.710319856e-02 -5.446743039e-01 -1.276846241e+02 2.032511016e-03 9.995985592e-01 -2.825932199e-02 -1.256293003e+01 5.449389743e-01 2.258762890e-02 8.381714105e-01 1.314709320e+02
8.452860539e-01 -1.624428065e-02 -5.340670468e-01 -1.281355367e+02 1.382718182e-03 9.996009053e-01 -2.821556832e-02 -1.260618635e+01 5.343122451e-01 2.311176219e-02 8.449711659e-01 1.322031046e+02
8.523801178e-01 -1.495743541e-02 -5.227087237e-01 -1.285806338e+02 8.480926597e-04 9.996290627e-01 -2.722164214e-02 -1.263830927e+01 5.229219975e-01 2.275988110e-02 8.520766235e-01 1.328869144e+02
8.589665161e-01 -1.386246187e-02 -5.118440742e-01 -1.290205937e+02 2.572913811e-05 9.996346145e-01 -2.703029489e-02 -1.267043955e+01 5.120317602e-01 2.320494893e-02 8.586530189e-01 1.336095652e+02
8.651951164e-01 -1.483426222e-02 -5.012158769e-01 -1.294542796e+02 1.570813021e-03 9.996375866e-01 -2.687430097e-02 -1.270788365e+01 5.014328900e-01 2.246419753e-02 8.649048599e-01 1.343330478e+02
8.706303288e-01 -1.589001540e-02 -4.916811344e-01 -1.298835993e+02 2.387300640e-03 9.996028944e-01 -2.807764642e-02 -1.274100670e+01 4.919320393e-01 2.327145985e-02 8.703225309e-01 1.350821282e+02
8.750424766e-01 -1.650637107e-02 -4.837646161e-01 -1.303013784e+02 2.917541546e-03 9.995800992e-01 -2.882903541e-02 -1.277123304e+01 4.840373457e-01 2.381522718e-02 8.747232036e-01 1.358633029e+02
8.786279481e-01 -1.501919074e-02 -4.772707332e-01 -1.307241462e+02 2.021268248e-03 9.996132478e-01 -2.773570290e-02 -1.280867095e+01 4.775027155e-01 2.340467155e-02 8.783184947e-01 1.366437462e+02
8.821107071e-01 -1.287750601e-02 -4.708660852e-01 -1.311455139e+02 1.485107474e-03 9.996973012e-01 -2.455810507e-02 -1.284343064e+01 4.710398018e-01 2.096368069e-02 8.818628177e-01 1.374197093e+02
8.853485823e-01 -8.487721706e-03 -4.648503483e-01 -1.315765303e+02 -9.360858179e-04 9.997987764e-01 -2.003822534e-02 -1.288097649e+01 4.649268884e-01 1.817595421e-02 8.851624841e-01 1.382271974e+02
8.887574794e-01 -6.201784920e-03 -4.583357729e-01 -1.319982994e+02 -2.128222186e-03 9.998418595e-01 -1.765578432e-02 -1.290426301e+01 4.583727888e-01 1.666715073e-02 8.886037320e-01 1.390369078e+02
8.918166089e-01 -3.949466464e-03 -4.523798601e-01 -1.324216335e+02 -3.608561758e-03 9.998679778e-01 -1.584314641e-02 -1.292449716e+01 4.523827079e-01 1.576162177e-02 8.916846174e-01 1.398784694e+02
8.954220125e-01 -2.178534039e-03 -4.452130654e-01 -1.328487974e+02 -4.351546536e-03 9.998974384e-01 -1.364466058e-02 -1.294903912e+01 4.451971290e-01 1.415509481e-02 8.953206965e-01 1.407000334e+02
8.991303397e-01 -5.827879915e-04 -4.376805828e-01 -1.332899620e+02 -4.481344944e-03 9.999344371e-01 -1.053750878e-02 -1.298253877e+01 4.376580284e-01 1.143599151e-02 8.990687784e-01 1.415553884e+02
9.027183581e-01 -9.257603163e-04 -4.302309948e-01 -1.337012429e+02 -3.350317333e-03 9.999522378e-01 -9.181367938e-03 -1.298745429e+01 4.302189458e-01 9.729599749e-03 9.026721407e-01 1.424157815e+02
9.067206171e-01 -1.920588815e-03 -4.217274401e-01 -1.341381260e+02 -1.952388792e-03 9.999597982e-01 -8.751583188e-03 -1.299140438e+01 4.217272941e-01 8.758616836e-03 9.066804156e-01 1.432964570e+02
9.105363220e-01 -2.688401518e-03 -4.134203416e-01 -1.345615430e+02 -1.032427515e-03 9.999609533e-01 -8.776441146e-03 -1.301115228e+01 4.134277935e-01 8.418094977e-03 9.104979930e-01 1.442117423e+02
9.144635065e-01 -4.068939836e-03 -4.046479199e-01 -1.349812878e+02 4.883710600e-04 9.999598159e-01 -8.951433183e-03 -1.304660481e+01 4.046680823e-01 7.988140643e-03 9.144287467e-01 1.451590349e+02
9.187730348e-01 -5.618227719e-03 -3.947461793e-01 -1.353759946e+02 1.698102557e-03 9.999457238e-01 -1.027939510e-02 -1.306136549e+01 3.947825060e-01 8.774111540e-03 9.187327076e-01 1.460549683e+02
9.236637960e-01 -7.830738082e-03 -3.831238332e-01 -1.357878596e+02 3.052429509e-03 9.999098161e-01 -1.307831258e-02 -1.306504027e+01 3.831916944e-01 1.091050535e-02 9.236043992e-01 1.469902634e+02
9.289396500e-01 -4.751189106e-03 -3.702006928e-01 -1.361612407e+02 -4.264263215e-04 9.999032594e-01 -1.390287455e-02 -1.309232505e+01 3.702309345e-01 1.307279474e-02 9.288477578e-01 1.479497006e+02
9.353024396e-01 -1.868942489e-03 -3.538443917e-01 -1.365678832e+02 -2.958423533e-03 9.999097988e-01 -1.310122405e-02 -1.311268970e+01 3.538369600e-01 1.330042839e-02 9.352125450e-01 1.489504793e+02
9.421024203e-01 1.276205391e-03 -3.353228309e-01 -1.369341364e+02 -5.100856298e-03 9.999315961e-01 -1.052541207e-02 -1.312644524e+01 3.352864609e-01 1.162644976e-02 9.420444866e-01 1.499568402e+02
9.487305117e-01 4.437125778e-03 -3.160549449e-01 -1.372746918e+02 -7.549217153e-03 9.999343245e-01 -8.622988911e-03 -1.314816086e+01 3.159959265e-01 1.056686009e-02 9.487017002e-01 1.509834511e+02
9.555536386e-01 5.408093954e-03 -2.947676990e-01 -1.376180259e+02 -8.215362453e-03 9.999319213e-01 -8.286164712e-03 -1.315649663e+01 2.947028192e-01 1.033949833e-02 9.555330152e-01 1.520554521e+02
9.616540042e-01 6.960751467e-03 -2.741771766e-01 -1.378945348e+02 -9.152453170e-03 9.999355664e-01 -6.715330212e-03 -1.318028327e+01 2.741127666e-01 8.967217956e-03 9.616557493e-01 1.530824035e+02
9.672388444e-01 6.928995383e-03 -2.537735348e-01 -1.381574183e+02 -8.229383382e-03 9.999578839e-01 -4.062975729e-03 -1.318991228e+01 2.537346944e-01 6.018267658e-03 9.672551294e-01 1.541643257e+02
9.727414624e-01 9.013334903e-03 -2.317170843e-01 -1.384349809e+02 -9.375090010e-03 9.999559471e-01 -4.600477680e-04 -1.320311603e+01 2.317027299e-01 2.619876060e-03 9.727831111e-01 1.552746019e+02
9.777937207e-01 1.117468554e-02 -2.092715131e-01 -1.386853905e+02 -1.064723200e-02 9.999366665e-01 3.646847127e-03 -1.321222720e+01 2.092990115e-01 -1.337701870e-03 9.778507730e-01 1.563824211e+02
9.822892326e-01 1.360255733e-02 -1.868765207e-01 -1.389141034e+02 -1.254959360e-02 9.998980165e-01 6.816476580e-03 -1.321914745e+01 1.869501839e-01 -4.350527160e-03 9.823597618e-01 1.575170425e+02
9.860925310e-01 1.586524769e-02 -1.654382490e-01 -1.391093870e+02 -1.501120185e-02 9.998667697e-01 6.411455264e-03 -1.322322191e+01 1.655179270e-01 -3.838861199e-03 9.861993100e-01 1.586717090e+02
9.893932272e-01 1.424194043e-02 -1.445621292e-01 -1.392659939e+02 -1.376219402e-02 9.998959725e-01 4.318124843e-03 -1.322761002e+01 1.446085892e-01 -2.282831404e-03 9.894863034e-01 1.598281505e+02
9.922564096e-01 1.471277582e-02 -1.233318766e-01 -1.394192781e+02 -1.441982270e-02 9.998906896e-01 3.267655274e-03 -1.323347126e+01 1.233664714e-01 -1.463928097e-03 9.923601013e-01 1.610022597e+02
9.945819716e-01 1.351308939e-02 -1.030732659e-01 -1.395449552e+02 -1.302410943e-02 9.999005171e-01 5.415571444e-03 -1.323954142e+01 1.031361930e-01 -4.043792230e-03 9.946590237e-01 1.621709871e+02
9.964607237e-01 1.490672599e-02 -8.272735721e-02 -1.396664783e+02 -1.439557745e-02 9.998734471e-01 6.771786207e-03 -1.323698636e+01 8.281783298e-02 -5.556910907e-03 9.965492097e-01 1.634034325e+02
9.979356305e-01 1.533635933e-02 -6.236403992e-02 -1.397506380e+02 -1.488301306e-02 9.998593815e-01 7.727429680e-03 -1.323998419e+01 6.247378102e-02 -6.783312589e-03 9.980235535e-01 1.646137632e+02
9.989868785e-01 1.746532152e-02 -4.147504154e-02 -1.398207161e+02 -1.713535227e-02 9.998187443e-01 8.298092917e-03 -1.324267999e+01 4.161245281e-02 -7.578996493e-03 9.991050809e-01 1.658338883e+02
9.996128420e-01 1.807943832e-02 -2.114946778e-02 -1.398442854e+02 -1.789847493e-02 9.998018301e-01 8.714645888e-03 -1.324423463e+01 2.130283250e-02 -8.332728725e-03 9.997383432e-01 1.670603237e+02
9.997821335e-01 2.087151115e-02 -2.559455190e-04 -1.398695301e+02 -2.086875137e-02 9.997493528e-01 8.107202379e-03 -1.324711855e+01 4.250909319e-04 -8.100094828e-03 9.999671033e-01 1.683348736e+02
9.995453799e-01 2.236603293e-02 2.021865566e-02 -1.398722146e+02 -2.250219092e-02 9.997254544e-01 6.532014052e-03 -1.324368907e+01 -2.006700947e-02 -6.984008517e-03 9.997742439e-01 1.696441738e+02
9.989102346e-01 2.293859670e-02 4.064682111e-02 -1.398356277e+02 -2.312366571e-02 9.997242511e-01 4.088756065e-03 -1.324979450e+01 -4.054182247e-02 -5.024203783e-03 9.991652106e-01 1.709469638e+02
9.978776712e-01 2.576090913e-02 5.980408675e-02 -1.397666121e+02 -2.588297171e-02 9.996641766e-01 1.267162874e-03 -1.325639690e+01 -5.975135987e-02 -2.812381023e-03 9.982093295e-01 1.722481018e+02
9.965106076e-01 2.586219185e-02 7.935840256e-02 -1.396905604e+02 -2.590127084e-02 9.996643615e-01 -5.370617078e-04 -1.326347101e+01 -7.934565642e-02 -1.520295789e-03 9.968460039e-01 1.735752276e+02
9.947609198e-01 2.641493982e-02 9.875709267e-02 -1.395862539e+02 -2.614127399e-02 9.996499964e-01 -4.064282602e-03 -1.326917400e+01 -9.882988512e-02 1.461353282e-03 9.951032701e-01 1.749257554e+02
9.925579745e-01 2.814787296e-02 1.184751640e-01 -1.394550393e+02 -2.721891429e-02 9.995848083e-01 -9.452071857e-03 -1.329262901e+01 -1.186920299e-01 6.156963962e-03 9.929120272e-01 1.762729997e+02
9.902439699e-01 3.025326793e-02 1.360206597e-01 -1.392865138e+02 -2.826977799e-02 9.994642938e-01 -1.649075873e-02 -1.331646013e+01 -1.364466919e-01 1.248460054e-02 9.905687432e-01 1.775831164e+02
9.875405659e-01 3.271146326e-02 1.539272256e-01 -1.391041963e+02 -2.973008588e-02 9.993238710e-01 -2.163152254e-02 -1.335664195e+01 -1.545307497e-01 1.678573637e-02 9.878453758e-01 1.789233138e+02
9.846242953e-01 3.544967195e-02 1.710506295e-01 -1.388838046e+02 -3.141637201e-02 9.991621500e-01 -2.622993734e-02 -1.339599285e+01 -1.718371574e-01 2.045284336e-02 9.849130279e-01 1.802604427e+02
9.812677344e-01 3.761793714e-02 1.889405310e-01 -1.386373990e+02 -3.265652587e-02 9.990369187e-01 -2.930505608e-02 -1.344074814e+01 -1.898609617e-01 2.258596464e-02 9.815511650e-01 1.816334893e+02
9.775610016e-01 3.734163347e-02 2.073164022e-01 -1.383670100e+02 -3.196455557e-02 9.990615772e-01 -2.922724976e-02 -1.348682565e+01 -2.082132450e-01 2.194464289e-02 9.778372448e-01 1.830183087e+02
9.736552090e-01 3.666899786e-02 2.250575894e-01 -1.380551239e+02 -3.059906187e-02 9.990693108e-01 -3.040081633e-02 -1.352930351e+01 -2.259628982e-01 2.271336208e-02 9.738710756e-01 1.844252459e+02
9.696398476e-01 3.743322929e-02 2.416553728e-01 -1.377273805e+02 -2.956248014e-02 9.989102753e-01 -3.611539251e-02 -1.357960076e+01 -2.427439507e-01 2.787499153e-02 9.696898263e-01 1.858175400e+02
9.654349460e-01 3.837419778e-02 2.578037741e-01 -1.373561993e+02 -2.889599924e-02 9.987634290e-01 -4.045533441e-02 -1.364440177e+01 -2.590374224e-01 3.160749593e-02 9.653499780e-01 1.872113222e+02
9.604675014e-01 4.097531249e-02 2.753601325e-01 -1.370000914e+02 -3.077515145e-02 9.986742082e-01 -4.126397977e-02 -1.369648921e+01 -2.766858667e-01 3.115846177e-02 9.604551428e-01 1.886706962e+02
9.552944841e-01 4.267475660e-02 2.925599319e-01 -1.365891838e+02 -3.162382527e-02 9.986000479e-01 -4.240139126e-02 -1.375861571e+01 -2.939598310e-01 3.125395102e-02 9.553066567e-01 1.900791619e+02
9.496264665e-01 4.635581671e-02 3.099366265e-01 -1.361657110e+02 -3.392198465e-02 9.983932186e-01 -4.539030698e-02 -1.383165877e+01 -3.115427309e-01 3.259017134e-02 9.496731056e-01 1.914480829e+02
9.439422185e-01 4.683378609e-02 3.267716092e-01 -1.357044510e+02 -3.235051799e-02 9.982440895e-01 -4.962037697e-02 -1.391271283e+01 -3.285217376e-01 3.626753790e-02 9.437998377e-01 1.928016848e+02
9.376728127e-01 4.921572317e-02 3.440167277e-01 -1.351990742e+02 -3.325911699e-02 9.980860481e-01 -5.213513013e-02 -1.399360818e+01 -3.459241644e-01 3.744400152e-02 9.375150235e-01 1.942067486e+02
9.311368384e-01 4.995503080e-02 3.612321733e-01 -1.346619000e+02 -3.125988975e-02 9.978607556e-01 -5.741717213e-02 -1.408290273e+01 -3.633276861e-01 4.217116622e-02 9.307064979e-01 1.955852572e+02
9.236690612e-01 5.301241777e-02 3.795064543e-01 -1.340139274e+02 -3.119463668e-02 9.974995997e-01 -6.341484961e-02 -1.421381693e+01 -3.819193108e-01 4.673576864e-02 9.230132220e-01 1.971241903e+02
9.142523375e-01 5.675406567e-02 4.011503951e-01 -1.333865958e+02 -3.233332348e-02 9.972024987e-01 -6.739237916e-02 -1.431292712e+01 -4.038529678e-01 4.864311469e-02 9.135297629e-01 1.986193569e+02
9.034866569e-01 5.982087866e-02 4.244211627e-01 -1.327515322e+02 -3.394509627e-02 9.970888203e-01 -6.827601999e-02 -1.444889584e+01 -4.272699279e-01 4.727945582e-02 9.028870703e-01 2.000084379e+02
8.908961351e-01 6.536349284e-02 4.494793547e-01 -1.320925947e+02 -3.714200225e-02 9.967608873e-01 -7.133165634e-02 -1.455938369e+01 -4.526859266e-01 4.685453374e-02 8.904381531e-01 2.014168228e+02
8.779349649e-01 6.871867358e-02 4.738226897e-01 -1.313858708e+02 -3.775811360e-02 9.965013098e-01 -7.456181576e-02 -1.468886208e+01 -4.772887200e-01 4.756977417e-02 8.774580300e-01 2.027825053e+02
8.638829191e-01 7.326467396e-02 4.983358202e-01 -1.306610506e+02 -3.959265713e-02 9.961807935e-01 -7.782190092e-02 -1.481622898e+01 -5.021341689e-01 4.749857167e-02 8.634843149e-01 2.041035247e+02
8.492238637e-01 7.608363217e-02 5.225228323e-01 -1.298276455e+02 -3.914273976e-02 9.959128461e-01 -8.139686027e-02 -1.491864812e+01 -5.265801699e-01 4.867118093e-02 8.487310769e-01 2.055612388e+02
8.342698637e-01 7.786648113e-02 5.458301986e-01 -1.290246902e+02 -3.820598991e-02 9.957619459e-01 -8.365673591e-02 -1.506432399e+01 -5.500309963e-01 4.893831061e-02 8.337091488e-01 2.068543956e+02
8.186985852e-01 8.036554475e-02 5.685719002e-01 -1.281433507e+02 -3.648967145e-02 9.954378204e-01 -8.815922891e-02 -1.524019901e+01 -5.730629376e-01 5.142883415e-02 8.178960476e-01 2.081771073e+02
8.032601702e-01 8.286068932e-02 5.898365918e-01 -1.272205430e+02 -3.444162102e-02 9.950808928e-01 -9.288590620e-02 -1.541243434e+01 -5.946317126e-01 5.429662047e-02 8.021627038e-01 2.094450627e+02
7.878671254e-01 8.508145856e-02 6.099397824e-01 -1.262729195e+02 -3.291127236e-02 9.948123574e-01 -9.625602151e-02 -1.557287546e+01 -6.149652355e-01 5.576306066e-02 7.865800914e-01 2.107090655e+02
7.722412841e-01 8.650008080e-02 6.294133261e-01 -1.253374832e+02 -3.033993745e-02 9.945789114e-01 -9.945992775e-02 -1.574597809e+01 -6.346045125e-01 5.771070138e-02 7.706793027e-01 2.119135264e+02
7.566459516e-01 8.753977317e-02 6.479380311e-01 -1.243854253e+02 -2.841070179e-02 9.944624183e-01 -1.011796945e-01 -1.591553845e+01 -6.532072688e-01 5.814883204e-02 7.549430292e-01 2.130999822e+02
7.416259332e-01 8.899236651e-02 6.648844515e-01 -1.233314184e+02 -2.655306098e-02 9.942788291e-01 -1.034627704e-01 -1.607732067e+01 -6.702879308e-01 5.907595626e-02 7.397459843e-01 2.143319780e+02
7.262835850e-01 9.024539750e-02 6.814454655e-01 -1.222151839e+02 -2.333894862e-02 9.940103825e-01 -1.067644742e-01 -1.625350002e+01 -6.869988702e-01 6.163706435e-02 7.240396568e-01 2.156169971e+02
7.119689871e-01 9.198249037e-02 6.961604577e-01 -1.211361204e+02 -2.078733842e-02 9.937100001e-01 -1.100378216e-01 -1.643822983e+01 -7.019031614e-01 6.387219335e-02 7.094027734e-01 2.167255213e+02
6.973326996e-01 9.469480146e-02 7.104646371e-01 -1.200222261e+02 -1.795538291e-02 9.932309615e-01 -1.147600159e-01 -1.661589751e+01 -7.165226516e-01 6.726924712e-02 6.943127092e-01 2.178669287e+02
6.821201222e-01 9.710909876e-02 7.247633834e-01 -1.188846549e+02 -1.629596267e-02 9.929153722e-01 -1.177009143e-01 -1.680873128e+01 -7.310585343e-01 6.847544502e-02 6.788700412e-01 2.189902798e+02
6.672941494e-01 9.746470717e-02 7.383895645e-01 -1.177476025e+02 -1.424874352e-02 9.928898356e-01 -1.181809956e-01 -1.701274108e+01 -7.446579694e-01 6.834036342e-02 6.639383279e-01 2.200344773e+02
6.507238449e-01 9.938869805e-02 7.527817508e-01 -1.165914846e+02 -1.430845370e-02 9.928255401e-01 -1.187127421e-01 -1.720205574e+01 -7.591796532e-01 6.647806912e-02 6.474773513e-01 2.210658122e+02
6.341357762e-01 1.005225598e-01 7.666596587e-01 -1.153978640e+02 -1.526848095e-02 9.929479541e-01 -1.175637442e-01 -1.740118681e+01 -7.730709481e-01 6.284564782e-02 6.311986484e-01 2.220682228e+02
6.178098356e-01 1.013023883e-01 7.797748605e-01 -1.141976731e+02 -1.635947808e-02 9.931079938e-01 -1.160555049e-01 -1.759558432e+01 -7.861573471e-01 5.894352267e-02 6.152091406e-01 2.230035815e+02
5.999798605e-01 1.034454518e-01 7.932989383e-01 -1.129514383e+02 -1.868632022e-02 9.931464909e-01 -1.153727394e-01 -1.780958353e+01 -7.997968420e-01 5.439748210e-02 5.978009079e-01 2.239958054e+02
5.825686225e-01 1.067536380e-01 8.057403185e-01 -1.117253127e+02 -1.860254110e-02 9.928284982e-01 -1.180911456e-01 -1.800938293e+01 -8.125686097e-01 5.380737867e-02 5.803766195e-01 2.249001359e+02
5.654870824e-01 1.100257484e-01 8.173852790e-01 -1.104779099e+02 -1.933779328e-02 9.925580837e-01 -1.202268700e-01 -1.821284657e+01 -8.245304175e-01 5.218031436e-02 5.634064300e-01 2.257679313e+02
5.468592828e-01 1.101890205e-01 8.299417477e-01 -1.092550088e+02 -1.924765268e-02 9.926939256e-01 -1.191146416e-01 -1.842507592e+01 -8.370032573e-01 4.916451698e-02 5.449847682e-01 2.265737879e+02
5.272307041e-01 1.091572144e-01 8.426817235e-01 -1.079835299e+02 -1.868762451e-02 9.929640818e-01 -1.169320527e-01 -1.861984161e+01 -8.495166610e-01 4.590244887e-02 5.255610410e-01 2.273750758e+02
5.070752637e-01 1.073171838e-01 8.551945387e-01 -1.067125517e+02 -1.719237932e-02 9.932800738e-01 -1.144513740e-01 -1.881352662e+01 -8.617302937e-01 4.333263175e-02 5.055127931e-01 2.281417118e+02
4.859635319e-01 1.060617556e-01 8.675196538e-01 -1.054443252e+02 -1.780437155e-02 9.936045757e-01 -1.115031457e-01 -1.902555984e+01 -8.737977169e-01 3.874082027e-02 4.847439518e-01 2.288740828e+02
4.654087327e-01 1.054704579e-01 8.787893343e-01 -1.041653001e+02 -1.744098810e-02 9.937747902e-01 -1.100339868e-01 -1.922514873e+01 -8.849240213e-01 3.588382402e-02 4.643509747e-01 2.295734423e+02
4.441128628e-01 1.050544426e-01 8.897906097e-01 -1.028481711e+02 -1.558274157e-02 9.938576334e-01 -1.095636014e-01 -1.941513610e+01 -8.958353327e-01 3.479322755e-02 4.430219950e-01 2.302725185e+02
4.234380882e-01 1.042893206e-01 8.999021742e-01 -1.015385178e+02 -1.275891375e-02 9.939396968e-01 -1.091837408e-01 -1.959562413e+01 -9.058351923e-01 3.475078023e-02 4.222025435e-01 2.309145343e+02
4.035430699e-01 1.047447507e-01 9.089452833e-01 -1.002581175e+02 -1.036013320e-02 9.938849575e-01 -1.099334294e-01 -1.978414384e+01 -9.149019939e-01 3.494607937e-02 4.021605564e-01 2.314765016e+02
3.826573041e-01 1.044016442e-01 9.179725945e-01 -9.899424570e+01 -6.517759538e-03 9.938750649e-01 -1.103171524e-01 -1.995929513e+01 -9.238673641e-01 3.623053949e-02 3.809940178e-01 2.320286108e+02
3.617904622e-01 1.028692339e-01 9.265665557e-01 -9.771295093e+01 -4.613626107e-03 9.940788508e-01 -1.085631283e-01 -2.013163466e+01 -9.322480228e-01 3.500227272e-02 3.601228470e-01 2.325503327e+02
3.409712916e-01 1.027304348e-01 9.344437041e-01 -9.640855491e+01 -3.200265607e-03 9.941321895e-01 -1.081246874e-01 -2.030427670e+01 -9.400682617e-01 3.387694628e-02 3.392993013e-01 2.330582601e+02
3.202971050e-01 1.078500108e-01 9.411578718e-01 -9.508039132e+01 -2.780682098e-03 9.936009548e-01 -1.129132874e-01 -2.046846219e+01 -9.473130593e-01 3.354873823e-02 3.185474059e-01 2.335864383e+02
3.009191944e-01 1.171413379e-01 9.464277814e-01 -9.377134403e+01 -3.409243935e-03 9.925529352e-01 -1.217663662e-01 -2.064846876e+01 -9.536435474e-01 3.341523366e-02 2.990775930e-01 2.340349455e+02
2.824540248e-01 1.248459582e-01 9.511220798e-01 -9.248289395e+01 -5.018504386e-03 9.916736666e-01 -1.286784893e-01 -2.084090190e+01 -9.592677095e-01 3.157254687e-02 2.807287584e-01 2.343972628e+02
2.636520225e-01 1.288814913e-01 9.559692318e-01 -9.127430059e+01 -7.151673033e-03 9.912680727e-01 -1.316679975e-01 -2.102882165e+01 -9.645913459e-01 2.787775447e-02 2.622715505e-01 2.347241953e+02
2.438504541e-01 1.304169340e-01 9.610038394e-01 -8.996433136e+01 -9.824180659e-03 9.911981375e-01 -1.320217319e-01 -2.122662946e+01 -9.697630853e-01 2.275248393e-02 2.429853554e-01 2.350786717e+02
2.245792834e-01 1.305301604e-01 9.656738697e-01 -8.870659977e+01 -1.310276568e-02 9.913027520e-01 -1.309472084e-01 -2.142478510e+01 -9.743677247e-01 1.675503179e-02 2.243363678e-01 2.353773711e+02
2.050989968e-01 1.310707177e-01 9.699251871e-01 -8.743321678e+01 -1.445361207e-02 9.912900119e-01 -1.309015104e-01 -2.160860180e+01 -9.786345051e-01 1.282884607e-02 2.052070323e-01 2.356720103e+02
1.856243296e-01 1.302101937e-01 9.739552935e-01 -8.612275672e+01 -1.432785810e-02 9.914345353e-01 -1.298163116e-01 -2.179185018e+01 -9.825163209e-01 1.014237257e-02 1.859000041e-01 2.359566234e+02
1.672365141e-01 1.303383362e-01 9.772634581e-01 -8.486555010e+01 -1.414039436e-02 9.914381813e-01 -1.298090210e-01 -2.197553009e+01 -9.858153973e-01 7.889917485e-03 1.676477009e-01 2.361857881e+02
1.494697995e-01 1.306285396e-01 9.800994662e-01 -8.366728689e+01 -1.317844781e-02 9.914098520e-01 -1.301262225e-01 -2.216325071e+01 -9.886784652e-01 6.533750730e-03 1.499073132e-01 2.363711010e+02
1.311693002e-01 1.341425587e-01 9.822425304e-01 -8.241722786e+01 -1.540009379e-02 9.909592460e-01 -1.332764417e-01 -2.234572002e+01 -9.912403603e-01 2.355150499e-03 1.320492388e-01 2.365467836e+02
1.128465432e-01 1.355786835e-01 9.843190937e-01 -8.119108070e+01 -1.467339468e-02 9.907662857e-01 -1.347844898e-01 -2.253584403e+01 -9.935040761e-01 7.666612050e-04 1.137939500e-01 2.366970493e+02
9.675524058e-02 1.323304481e-01 9.864720350e-01 -7.995389316e+01 -1.372098702e-02 9.912053328e-01 -1.316196140e-01 -2.274285839e+01 -9.952136243e-01 -8.004825707e-04 9.772001480e-02 2.368130994e+02
8.185745180e-02 1.279768062e-01 9.883932895e-01 -7.871723808e+01 -1.134000731e-02 9.917768593e-01 -1.274757449e-01 -2.292018771e+01 -9.965795311e-01 -7.735474879e-04 8.263558438e-02 2.369066605e+02
6.755887681e-02 1.237916937e-01 9.900057650e-01 -7.750740560e+01 -1.058766579e-02 9.923059017e-01 -1.233567942e-01 -2.309719292e+01 -9.976591099e-01 -2.148003702e-03 6.834973726e-02 2.369984644e+02
5.629464197e-02 1.204336174e-01 9.911239363e-01 -7.630766163e+01 -7.781389024e-03 9.927209315e-01 -1.201856983e-01 -2.326897957e+01 -9.983838757e-01 -9.465100645e-04 5.682201024e-02 2.370351597e+02
4.581471203e-02 1.204416486e-01 9.916626551e-01 -7.518368264e+01 -6.736756050e-03 9.927197178e-01 -1.202587960e-01 -2.343013237e+01 -9.989272387e-01 -1.170967285e-03 4.629255400e-02 2.371069083e+02
3.734791224e-02 1.228671524e-01 9.917201200e-01 -7.400816740e+01 -7.054834421e-03 9.924201903e-01 -1.226882030e-01 -2.359265032e+01 -9.992774203e-01 -2.414272999e-03 3.793162959e-02 2.371569188e+02
3.139913444e-02 1.243552655e-01 9.917408242e-01 -7.290072824e+01 -7.860376660e-03 9.922301062e-01 -1.241677526e-01 -2.375796723e+01 -9.994760171e-01 -3.896696470e-03 3.213264572e-02 2.371859676e+02
2.556280317e-02 1.284656122e-01 9.913844509e-01 -7.175124753e+01 -8.099744720e-03 9.917025870e-01 -1.282979854e-01 -2.392818928e+01 -9.996404040e-01 -4.750304825e-03 2.639123670e-02 2.372163978e+02
2.031086702e-02 1.378689405e-01 9.902422047e-01 -7.063779973e+01 -7.537645488e-03 9.904394881e-01 -1.377418031e-01 -2.408442863e+01 -9.997652987e-01 -4.666439240e-03 2.115589193e-02 2.372418547e+02
1.490451529e-02 1.410284800e-01 9.898933393e-01 -6.957331119e+01 -9.544346581e-03 9.899782707e-01 -1.408968737e-01 -2.422662224e+01 -9.998433682e-01 -7.347885500e-03 1.610117096e-02 2.372840211e+02
1.149328304e-02 1.324168359e-01 9.911274822e-01 -6.851544967e+01 -8.164337457e-03 9.911723379e-01 -1.323281537e-01 -2.438989720e+01 -9.999006191e-01 -6.571014302e-03 1.247291996e-02 2.372961639e+02
9.183801580e-03 1.227968052e-01 9.923893401e-01 -6.744412322e+01 -6.143131771e-03 9.924193934e-01 -1.227436739e-01 -2.454646691e+01 -9.999389580e-01 -4.969124938e-03 9.868539749e-03 2.373227169e+02
7.583583377e-03 1.189954845e-01 9.928658338e-01 -6.634458355e+01 -5.716581541e-03 9.928833197e-01 -1.189539165e-01 -2.470767807e+01 -9.999549040e-01 -4.773701554e-03 8.209860828e-03 2.373438143e+02
7.701194967e-03 1.211037300e-01 9.926099829e-01 -6.531099302e+01 -6.298023174e-03 9.926256055e-01 -1.210567727e-01 -2.484604131e+01 -9.999505120e-01 -5.319198867e-03 8.407117415e-03 2.373596235e+02
8.135288509e-03 1.242151869e-01 9.922219532e-01 -6.425822171e+01 -5.984210247e-03 9.922430685e-01 -1.241687654e-01 -2.499797151e+01 -9.999490019e-01 -4.927516050e-03 8.815513427e-03 2.373695682e+02
9.659788622e-03 1.268677356e-01 9.918726058e-01 -6.320237323e+01 -8.622876018e-03 9.918925734e-01 -1.267863119e-01 -2.514746869e+01 -9.999161637e-01 -7.328065533e-03 1.067543735e-02 2.373919169e+02
1.139474748e-02 1.276565370e-01 9.917529775e-01 -6.215410730e+01 -1.121216907e-02 9.917713279e-01 -1.275300768e-01 -2.529354179e+01 -9.998722153e-01 -9.666529033e-03 1.273229051e-02 2.374253464e+02
1.408599999e-02 1.295996312e-01 9.914663485e-01 -6.114682446e+01 -1.328735915e-02 9.915014321e-01 -1.294154404e-01 -2.544445145e+01 -9.998124978e-01 -1.135102357e-02 1.568832600e-02 2.374529551e+02
1.731853367e-02 1.313090704e-01 9.911901919e-01 -6.015214364e+01 -1.614193517e-02 9.912463892e-01 -1.310344758e-01 -2.558299792e+01 -9.997197139e-01 -1.373040284e-02 1.928651647e-02 2.374841214e+02
2.256083248e-02 1.322384873e-01 9.909611452e-01 -5.913625034e+01 -1.749607260e-02 9.911138610e-01 -1.318605401e-01 -2.573641285e+01 -9.995923651e-01 -1.436304459e-02 2.467400796e-02 2.375076056e+02
2.817380165e-02 1.317316188e-01 9.908849668e-01 -5.813991863e+01 -1.837610740e-02 9.911792048e-01 -1.312482485e-01 -2.587205848e+01 -9.994341177e-01 -1.451084645e-02 3.034600069e-02 2.375562041e+02
3.465231867e-02 1.307299410e-01 9.908122422e-01 -5.714885784e+01 -1.759729827e-02 9.913337686e-01 -1.301833106e-01 -2.601032843e+01 -9.992444906e-01 -1.292446499e-02 3.665250742e-02 2.375959068e+02
4.220207700e-02 1.302843456e-01 9.905781009e-01 -5.616742627e+01 -1.732692382e-02 9.914077303e-01 -1.296552741e-01 -2.615525062e+01 -9.989588392e-01 -1.169194943e-02 4.409689231e-02 2.376260298e+02
4.931452069e-02 1.311659729e-01 9.901331050e-01 -5.520903111e+01 -1.674814120e-02 9.913084820e-01 -1.304875216e-01 -2.629642506e+01 -9.986428680e-01 -1.014795947e-02 5.108268888e-02 2.376834488e+02
5.613205416e-02 1.311782450e-01 9.897683873e-01 -5.422021993e+01 -1.862470280e-02 9.912964447e-01 -1.303245150e-01 -2.643743213e+01 -9.982496246e-01 -1.111875931e-02 5.808666155e-02 2.377378290e+02
6.310269065e-02 1.299494392e-01 9.895105829e-01 -5.324047388e+01 -2.054174113e-02 9.914456518e-01 -1.288935859e-01 -2.658823561e+01 -9.977956140e-01 -1.219273816e-02 6.523227600e-02 2.377975996e+02
7.048173181e-02 1.278169268e-01 9.892902298e-01 -5.225057975e+01 -2.193349565e-02 9.917154626e-01 -1.265676220e-01 -2.673374929e+01 -9.972719024e-01 -1.277788776e-02 7.270129528e-02 2.378572605e+02
7.765393562e-02 1.266349272e-01 9.889051833e-01 -5.125980219e+01 -2.208976801e-02 9.918753925e-01 -1.252806769e-01 -2.687085887e+01 -9.967356261e-01 -1.211614847e-02 7.982036403e-02 2.379339125e+02
8.433332723e-02 1.270210690e-01 9.883084225e-01 -5.027355668e+01 -2.256654507e-02 9.918308380e-01 -1.255481575e-01 -2.701010978e+01 -9.961820320e-01 -1.171481272e-02 8.651082130e-02 2.380330345e+02
9.022338212e-02 1.294456583e-01 9.874733226e-01 -4.928795505e+01 -2.273374209e-02 9.915265031e-01 -1.278998459e-01 -2.714452278e+01 -9.956620502e-01 -1.090940716e-02 9.240165878e-02 2.381616985e+02
9.593257057e-02 1.311447072e-01 9.867107011e-01 -4.830009442e+01 -2.232985650e-02 9.913167380e-01 -1.295858884e-01 -2.727915447e+01 -9.951373370e-01 -9.601600974e-03 9.802800542e-02 2.382898105e+02
1.020110144e-01 1.329117474e-01 9.858641998e-01 -4.734769519e+01 -2.462605303e-02 9.910678514e-01 -1.310651419e-01 -2.742222977e+01 -9.944784113e-01 -1.090785598e-02 1.043729286e-01 2.384043520e+02
1.082265875e-01 1.337314317e-01 9.850903055e-01 -4.640783632e+01 -2.779597470e-02 9.909303226e-01 -1.314704515e-01 -2.755288063e+01 -9.937375859e-01 -1.315294689e-02 1.109622027e-01 2.385199307e+02
1.148259967e-01 1.337840779e-01 9.843357207e-01 -4.545948032e+01 -2.953726826e-02 9.909115300e-01 -1.312321969e-01 -2.768699813e+01 -9.929463934e-01 -1.400572043e-02 1.177340203e-01 2.386464558e+02
1.214116938e-01 1.314645130e-01 9.838578568e-01 -4.451569580e+01 -3.036091680e-02 9.912185242e-01 -1.287014068e-01 -2.782110234e+01 -9.921378006e-01 -1.424497074e-02 1.243369031e-01 2.387728562e+02
1.280080114e-01 1.299227631e-01 9.832263344e-01 -4.355640304e+01 -3.095499472e-02 9.914226902e-01 -1.269757366e-01 -2.796515359e+01 -9.912899361e-01 -1.418185445e-02 1.309318055e-01 2.389020121e+02
1.346332635e-01 1.294416295e-01 9.824045750e-01 -4.260468456e+01 -3.092540552e-02 9.914969913e-01 -1.264014858e-01 -2.809945717e+01 -9.904127946e-01 -1.336341532e-02 1.374915105e-01 2.390392543e+02
1.417189007e-01 1.309647562e-01 9.812053739e-01 -4.169127955e+01 -3.166224900e-02 9.913022571e-01 -1.277393323e-01 -2.822310104e+01 -9.894004524e-01 -1.296409112e-02 1.446329048e-01 2.391772951e+02
1.488794322e-01 1.314252712e-01 9.800828091e-01 -4.076987918e+01 -3.034842921e-02 9.912689738e-01 -1.283152154e-01 -2.834702762e+01 -9.883895424e-01 -1.064047733e-02 1.515681126e-01 2.393282323e+02
1.585749797e-01 1.325513829e-01 9.784089670e-01 -3.984360686e+01 -2.877228115e-02 9.911470164e-01 -1.296138405e-01 -2.849282448e+01 -9.869276223e-01 -7.597545754e-03 1.609849236e-01 2.394751167e+02
1.682576922e-01 1.348659564e-01 9.764735136e-01 -3.893466421e+01 -2.895957917e-02 9.908451269e-01 -1.318608257e-01 -2.862581008e+01 -9.853175589e-01 -6.091663802e-03 1.706229757e-01 2.396388176e+02
1.780182616e-01 1.357359088e-01 9.746205732e-01 -3.801104121e+01 -2.927261530e-02 9.907328453e-01 -1.326331155e-01 -2.876994259e+01 -9.835916900e-01 -4.918576451e-03 1.803418838e-01 2.398023884e+02
1.853781258e-01 1.348122857e-01 9.733758771e-01 -3.710879252e+01 -3.142244719e-02 9.908514111e-01 -1.312482795e-01 -2.890296806e+01 -9.821647419e-01 -6.255292032e-03 1.879183095e-01 2.399881720e+02
1.904702784e-01 1.334265041e-01 9.725833851e-01 -3.624453850e+01 -3.357289436e-02 9.910263483e-01 -1.293817523e-01 -2.903585028e+01 -9.811187155e-01 -8.009060870e-03 1.932405784e-01 2.401704321e+02
1.945770147e-01 1.340531689e-01 9.716838649e-01 -3.529458683e+01 -3.620600240e-02 9.909237713e-01 -1.294573476e-01 -2.917268705e+01 -9.802188076e-01 -9.991364123e-03 1.976645186e-01 2.403575378e+02
1.956799184e-01 1.358714147e-01 9.712097241e-01 -3.442758519e+01 -3.733733641e-02 9.906696185e-01 -1.310710884e-01 -2.930383849e+01 -9.799567811e-01 -1.061440430e-02 1.989272268e-01 2.405772671e+02
1.987342357e-01 1.374807611e-01 9.703626868e-01 -3.350061316e+01 -3.728660906e-02 9.904558442e-01 -1.326911054e-01 -2.943281450e+01 -9.793438683e-01 -9.811268745e-03 2.019636766e-01 2.407748102e+02
2.025529056e-01 1.369643088e-01 9.696458625e-01 -3.254372728e+01 -3.574767489e-02 9.905449995e-01 -1.324488875e-01 -2.957113065e+01 -9.786186306e-01 -7.834678047e-03 2.055339233e-01 2.409655436e+02
2.060073315e-01 1.367939285e-01 9.689418974e-01 -3.160406425e+01 -3.406468020e-02 9.905831915e-01 -1.326067050e-01 -2.970525760e+01 -9.779573492e-01 -5.688742423e-03 2.087272414e-01 2.411746364e+02
2.094789316e-01 1.372550751e-01 9.681320269e-01 -3.065277424e+01 -3.268412494e-02 9.905288002e-01 -1.333583290e-01 -2.984329766e+01 -9.772667626e-01 -3.706787857e-03 2.119809768e-01 2.413870742e+02
2.129139128e-01 1.378372229e-01 9.672996256e-01 -2.972144143e+01 -3.297476903e-02 9.904490871e-01 -1.338778193e-01 -2.998082941e+01 -9.765143779e-01 -3.392031389e-03 2.154255412e-01 2.416072547e+02
2.167297829e-01 1.367293434e-01 9.666091702e-01 -2.876142745e+01 -3.396831559e-02 9.905998918e-01 -1.325066335e-01 -3.011019721e+01 -9.756404844e-01 -4.115951425e-03 2.193369650e-01 2.418258368e+02
2.202707478e-01 1.331505082e-01 9.663083048e-01 -2.781386869e+01 -3.192947654e-02 9.910929821e-01 -1.292873133e-01 -3.024872697e+01 -9.749160508e-01 -2.375505174e-03 2.225602183e-01 2.420499010e+02
2.240128456e-01 1.319447691e-01 9.656131849e-01 -2.690406166e+01 -3.222009725e-02 9.912540556e-01 -1.279736790e-01 -3.038566502e+01 -9.740534433e-01 -2.444402717e-03 2.263049150e-01 2.422872424e+02
2.290088581e-01 1.332599783e-01 9.642596751e-01 -2.600375544e+01 -3.148545128e-02 9.910808644e-01 -1.294889441e-01 -3.052844208e+01 -9.729150062e-01 -7.060357914e-04 2.311620476e-01 2.425267924e+02
2.352099580e-01 1.354333380e-01 9.624625118e-01 -2.508196895e+01 -3.093684836e-02 9.907856863e-01 -1.318583908e-01 -3.066199298e+01 -9.714521023e-01 1.238849766e-03 2.372325403e-01 2.427679878e+02
2.411564701e-01 1.343891335e-01 9.611363679e-01 -2.415777712e+01 -3.176925799e-02 9.909281740e-01 -1.305835683e-01 -3.080873986e+01 -9.699661186e-01 9.564831423e-04 2.432381836e-01 2.430095531e+02
2.481149769e-01 1.336832054e-01 9.594622238e-01 -2.325153402e+01 -3.215630603e-02 9.910232058e-01 -1.297650856e-01 -3.094925577e+01 -9.681967415e-01 1.343900338e-03 2.501864579e-01 2.432494682e+02
2.551770052e-01 1.319854954e-01 9.578436851e-01 -2.231081067e+01 -3.095922459e-02 9.912468145e-01 -1.283404814e-01 -3.108627533e+01 -9.663985836e-01 3.095441936e-03 2.570295622e-01 2.435486871e+02
2.643439791e-01 1.329074657e-01 9.552266047e-01 -2.139240719e+01 -2.903418225e-02 9.911065101e-01 -1.298649374e-01 -3.122571410e+01 -9.639913262e-01 6.594790962e-03 2.658518981e-01 2.438244264e+02
2.755333568e-01 1.326314587e-01 9.520978235e-01 -2.046428187e+01 -2.695010966e-02 9.911125897e-01 -1.302671336e-01 -3.136797642e+01 -9.609136594e-01 1.023379985e-02 2.766590112e-01 2.440789070e+02
2.869047298e-01 1.322947653e-01 9.487801490e-01 -1.952611326e+01 -2.647952047e-02 9.911349686e-01 -1.301933525e-01 -3.150512505e+01 -9.575930822e-01 1.222984523e-02 2.878644123e-01 2.443663741e+02
2.982151850e-01 1.288981936e-01 9.457552322e-01 -1.862312512e+01 -2.707058202e-02 9.915833435e-01 -1.266082799e-01 -3.163474454e+01 -9.541147138e-01 1.215436703e-02 2.991945593e-01 2.446397321e+02
3.087117350e-01 1.287095961e-01 9.424069739e-01 -1.769402284e+01 -2.780474777e-02 9.915998073e-01 -1.263199043e-01 -3.177017625e+01 -9.507491576e-01 1.279304863e-02 3.096972348e-01 2.449519430e+02
3.191734462e-01 1.304325970e-01 9.386776065e-01 -1.678318489e+01 -3.069152233e-02 9.913866231e-01 -1.273208310e-01 -3.189271837e+01 -9.471992091e-01 1.182798370e-02 3.204274600e-01 2.452718799e+02
3.292247608e-01 1.332631176e-01 9.348005126e-01 -1.584785510e+01 -3.250284026e-02 9.910036310e-01 -1.298282275e-01 -3.202974829e+01 -9.436920166e-01 1.235899539e-02 3.305943632e-01 2.456179163e+02
3.395422611e-01 1.341315161e-01 9.309778673e-01 -1.496869442e+01 -3.615689548e-02 9.909096306e-01 -1.295792534e-01 -3.217585674e+01 -9.398955962e-01 1.033636325e-02 3.413054757e-01 2.459430248e+02
3.493951727e-01 1.329143485e-01 9.275002907e-01 -1.405821185e+01 -3.799209861e-02 9.910830930e-01 -1.277141462e-01 -3.231720870e+01 -9.362048994e-01 9.385023673e-03 3.513293435e-01 2.463050896e+02
3.579102301e-01 1.317560175e-01 9.244136623e-01 -1.317521484e+01 -3.928481545e-02 9.912430549e-01 -1.260710488e-01 -3.244863130e+01 -9.329292420e-01 8.806697956e-03 3.599520407e-01 2.466599106e+02
3.657883592e-01 1.301821542e-01 9.215484160e-01 -1.228404299e+01 -3.981338867e-02 9.914513893e-01 -1.242539204e-01 -3.257847554e+01 -9.298461003e-01 8.760672407e-03 3.678443697e-01 2.470139835e+02
3.739814122e-01 1.288244230e-01 9.184455190e-01 -1.138858754e+01 -3.978624841e-02 9.916227110e-01 -1.228879709e-01 -3.271338477e+01 -9.265824074e-01 9.416315340e-03 3.759739023e-01 2.473826410e+02
3.811461056e-01 1.274786243e-01 9.156838136e-01 -1.050392476e+01 -4.175930600e-02 9.918109296e-01 -1.206948232e-01 -3.285025415e+01 -9.235712244e-01 7.764041271e-03 3.833482922e-01 2.477721638e+02
3.882786702e-01 1.283249161e-01 9.125636362e-01 -9.615133437e+00 -4.454784472e-02 9.917132027e-01 -1.205006767e-01 -3.298466957e+01 -9.204646456e-01 6.135099332e-03 3.907776820e-01 2.481773305e+02
3.960857277e-01 1.292481388e-01 9.090715125e-01 -8.751921335e+00 -4.440268685e-02 9.915815121e-01 -1.216326690e-01 -3.311644203e+01 -9.171393011e-01 7.811746529e-03 3.984902495e-01 2.485730086e+02
4.036534590e-01 1.310635782e-01 9.054756891e-01 -7.874731634e+00 -4.559080789e-02 9.913380740e-01 -1.231677772e-01 -3.323999128e+01 -9.137753352e-01 8.435731117e-03 4.061323370e-01 2.489827986e+02
4.114860700e-01 1.307219769e-01 9.019927821e-01 -7.013573038e+00 -4.782352234e-02 9.913942981e-01 -1.218616284e-01 -3.336800266e+01 -9.101604941e-01 7.007890588e-03 4.141965289e-01 2.493820103e+02
4.199976642e-01 1.286370528e-01 8.983621045e-01 -6.167939424e+00 -4.726396515e-02 9.916602936e-01 -1.198998734e-01 -3.350880970e+01 -9.062935946e-01 7.897511559e-03 4.225749042e-01 2.497821517e+02
4.291950301e-01 1.269060542e-01 8.942519106e-01 -5.297991423e+00 -4.845452283e-02 9.918893115e-01 -1.175063952e-01 -3.363846089e+01 -9.019111849e-01 7.102611189e-03 4.318631352e-01 2.501973996e+02
4.366292063e-01 1.234543215e-01 8.911307237e-01 -4.452112431e+00 -4.854619847e-02 9.923297569e-01 -1.136878194e-01 -3.376690776e+01 -8.983307870e-01 6.378413353e-03 4.392733921e-01 2.506390839e+02
4.450882498e-01 1.210961646e-01 8.872610488e-01 -3.633853382e+00 -4.923634827e-02 9.926248695e-01 -1.107774816e-01 -3.387391477e+01 -8.941321110e-01 5.620261402e-03 4.477679988e-01 2.510723851e+02
4.535718569e-01 1.210818910e-01 8.829562539e-01 -2.796987685e+00 -5.229766066e-02 9.926367685e-01 -1.092574966e-01 -3.399804616e+01 -8.896839469e-01 3.379579080e-03 4.565644019e-01 2.515110362e+02
4.615407484e-01 1.210249316e-01 8.788248423e-01 -1.985888398e+00 -5.404170848e-02 9.926463198e-01 -1.083179466e-01 -3.411944367e+01 -8.854714176e-01 2.499950207e-03 4.646871194e-01 2.519586697e+02
4.695658223e-01 1.196366391e-01 8.747542587e-01 -1.161201024e+00 -5.569096004e-02 9.928172353e-01 -1.058888767e-01 -3.423894274e+01 -8.811392940e-01 1.005892991e-03 4.728557208e-01 2.524104469e+02
4.775386330e-01 1.189577637e-01 8.705204791e-01 -3.537353258e-01 -5.695759039e-02 9.928992732e-01 -1.044359431e-01 -3.435244060e+01 -8.767626172e-01 2.894486444e-04 4.809233092e-01 2.528676879e+02
4.857431202e-01 1.190409705e-01 8.659577753e-01 4.349160583e-01 -5.768524497e-02 9.928891440e-01 -1.041324173e-01 -3.446237475e+01 -8.721960982e-01 6.286188962e-04 4.891559783e-01 2.533243573e+02
4.945840262e-01 1.184628424e-01 8.610186967e-01 1.226092111e+00 -5.757639316e-02 9.929571380e-01 -1.035426535e-01 -3.457957258e+01 -8.672206178e-01 1.636191465e-03 4.979214023e-01 2.537741096e+02
5.030296485e-01 1.190294890e-01 8.560333834e-01 2.006962276e+00 -5.838731345e-02 9.928882661e-01 -1.037487964e-01 -3.468477964e+01 -8.622946680e-01 2.207231081e-03 5.064020475e-01 2.542434839e+02
5.113299846e-01 1.177067442e-01 8.512853630e-01 2.815836174e+00 -5.833038990e-02 9.930448935e-01 -1.022712332e-01 -3.478727705e+01 -8.574025965e-01 2.638540959e-03 5.146395104e-01 2.547324287e+02
5.187116571e-01 1.157051702e-01 8.470835439e-01 3.598456130e+00 -5.860801708e-02 9.932813515e-01 -9.978605631e-02 -3.489613839e+01 -8.529380500e-01 2.114303811e-03 5.220078664e-01 2.552325868e+02
5.249629874e-01 1.131473914e-01 8.435707022e-01 4.378570999e+00 -5.905763288e-02 9.935778525e-01 -9.651552690e-02 -3.500458898e+01 -8.490736469e-01 8.477904953e-04 5.282738148e-01 2.557274770e+02
5.301263841e-01 1.109526428e-01 8.406280556e-01 5.131306980e+00 -5.955798951e-02 9.938255975e-01 -9.361371463e-02 -3.511295334e+01 -8.458243687e-01 -4.390168845e-04 5.334612868e-01 2.562115027e+02
5.337912404e-01 1.090822891e-01 8.385511110e-01 5.913111856e+00 -6.084664807e-02 9.940291236e-01 -9.057475865e-02 -3.520920831e+01 -8.434243280e-01 -2.675011573e-03 5.372413306e-01 2.567291416e+02
5.366863243e-01 1.062665308e-01 8.370634467e-01 6.667571436e+00 -6.114865742e-02 9.943275900e-01 -8.702577516e-02 -3.530681707e+01 -8.415632068e-01 -4.479762551e-03 5.401400751e-01 2.572424787e+02
5.390516754e-01 1.034640058e-01 8.358938274e-01 7.446581492e+00 -6.131338461e-02 9.946138563e-01 -8.357000468e-02 -3.540116199e+01 -8.400380706e-01 -6.202928696e-03 5.424919940e-01 2.577671733e+02
5.406083045e-01 1.025441275e-01 8.350014150e-01 8.219580551e+00 -6.150305357e-02 9.947049208e-01 -8.233768884e-02 -3.547764802e+01 -8.390232628e-01 -6.842698401e-03 5.440525177e-01 2.582847254e+02
5.418823182e-01 1.036373423e-01 8.340400797e-01 9.002388932e+00 -6.235812603e-02 9.945905648e-01 -8.307269471e-02 -3.557329575e+01 -8.381378272e-01 -6.993552012e-03 5.454136713e-01 2.588130600e+02
5.437637303e-01 1.054674549e-01 8.325849036e-01 9.789736822e+00 -6.261537291e-02 9.944054081e-01 -8.507173077e-02 -3.566514180e+01 -8.368992297e-01 -5.873692549e-03 5.473254781e-01 2.593278634e+02
5.455559968e-01 1.057815135e-01 8.313717133e-01 1.056117131e+01 -6.164671702e-02 9.943801168e-01 -8.606895861e-02 -3.575242816e+01 -8.358040061e-01 -4.295900237e-03 5.490111189e-01 2.598474720e+02
5.474034838e-01 1.042128886e-01 8.303548035e-01 1.135158057e+01 -6.106620234e-02 9.945452046e-01 -8.456213703e-02 -3.584244774e+01 -8.346378525e-01 -4.417006038e-03 5.507813951e-01 2.603762595e+02
5.492432164e-01 1.009782240e-01 8.295392019e-01 1.214718420e+01 -5.836727975e-02 9.948837207e-01 -8.245994715e-02 -3.593910812e+01 -8.336217067e-01 -3.127380060e-03 5.523269590e-01 2.609004169e+02
5.503284229e-01 9.827446449e-02 8.291445933e-01 1.294785060e+01 -5.829203156e-02 9.951481859e-01 -7.925987071e-02 -3.602316516e+01 -8.329109593e-01 -4.713563163e-03 5.533869499e-01 2.614440236e+02
5.517825315e-01 9.513423920e-02 8.285442140e-01 1.374413381e+01 -5.635333219e-02 9.954550309e-01 -7.676967826e-02 -3.610380571e+01 -8.320819310e-01 -4.331059918e-03 5.546358283e-01 2.619815943e+02
5.530004836e-01 9.244666434e-02 8.280362790e-01 1.453103502e+01 -5.755393655e-02 9.956898527e-01 -7.272730964e-02 -3.618578285e+01 -8.311907179e-01 -7.438510062e-03 5.559376395e-01 2.625220386e+02
5.537755786e-01 9.208303652e-02 8.275586523e-01 1.532273723e+01 -5.721966042e-02 9.957252945e-01 -7.250550513e-02 -3.626686744e+01 -8.306976099e-01 -7.200847012e-03 5.566773112e-01 2.630450297e+02
5.546618916e-01 9.157364447e-02 8.270214348e-01 1.613489296e+01 -5.815514322e-02 9.957613998e-01 -7.125457234e-02 -3.634929681e+01 -8.300410624e-01 -8.573354106e-03 5.576363800e-01 2.636018419e+02
5.554918848e-01 9.180246106e-02 8.264387902e-01 1.691879359e+01 -5.909204862e-02 9.957323242e-01 -7.088912712e-02 -3.642342438e+01 -8.294196138e-01 -9.457626337e-03 5.585460210e-01 2.641318977e+02
5.567913952e-01 8.838558378e-02 8.259366385e-01 1.773206410e+01 -5.734996604e-02 9.960405919e-01 -6.792731908e-02 -3.651164909e+01 -8.286702140e-01 -9.546091405e-03 5.596557411e-01 2.646657460e+02
5.572275310e-01 8.651180102e-02 8.258408969e-01 1.852623075e+01 -5.782310300e-02 9.961862511e-01 -6.534096582e-02 -3.658558853e+01 -8.283441117e-01 -1.134289819e-02 5.601047859e-01 2.652181161e+02
5.578731134e-01 8.423689573e-02 8.256401969e-01 1.935501465e+01 -5.770098110e-02 9.963650791e-01 -6.266758268e-02 -3.665585935e+01 -8.279179827e-01 -1.267968993e-02 5.607058403e-01 2.657816621e+02
5.589362506e-01 8.267585555e-02 8.250787663e-01 2.014618975e+01 -5.705088000e-02 9.964934840e-01 -6.120403099e-02 -3.673590083e+01 -8.272457101e-01 -1.286231809e-02 5.616930620e-01 2.663241564e+02
5.596537373e-01 8.143735799e-02 8.247154970e-01 2.093823363e+01 -5.735869902e-02 9.965799358e-01 -5.948454577e-02 -3.681163984e+01 -8.267391814e-01 -1.401385963e-02 5.624108265e-01 2.668780821e+02
5.609429717e-01 7.920876551e-02 8.240564022e-01 2.174867817e+01 -5.648570380e-02 9.967544316e-01 -5.735824560e-02 -3.687529076e+01 -8.259251466e-01 -1.437270111e-02 5.635965558e-01 2.674394787e+02
5.620881385e-01 7.703151961e-02 8.234822824e-01 2.254591247e+01 -5.610740091e-02 9.969110628e-01 -5.495718671e-02 -3.694063849e+01 -8.251720330e-01 -1.531266779e-02 5.646739220e-01 2.680066574e+02
5.639534699e-01 7.564674240e-02 8.223345147e-01 2.336091277e+01 -5.592209935e-02 9.970080324e-01 -5.336386475e-02 -3.701162670e+01 -8.239109191e-01 -1.589193574e-02 5.664964641e-01 2.685752728e+02
5.660108649e-01 7.525188272e-02 8.209560615e-01 2.416924592e+01 -5.668381999e-02 9.970208776e-01 -5.230979121e-02 -3.708254778e+01 -8.224467431e-01 -1.692701544e-02 5.685902135e-01 2.691460208e+02
5.690028918e-01 7.377564130e-02 8.190194527e-01 2.496504829e+01 -5.654447908e-02 9.971203172e-01 -5.053508633e-02 -3.714376727e+01 -8.203891949e-01 -1.755641805e-02 5.715359491e-01 2.696961101e+02
5.716586790e-01 7.095178381e-02 8.174180076e-01 2.575033104e+01 -5.603701388e-02 9.973040231e-01 -4.737656102e-02 -3.720275352e+01 -8.185757190e-01 -1.872244195e-02 5.740934265e-01 2.702739625e+02
5.768283156e-01 6.749217091e-02 8.140724177e-01 2.655523087e+01 -5.418712328e-02 9.975472681e-01 -4.430805280e-02 -3.725775151e+01 -8.150661630e-01 -1.855410299e-02 5.790707170e-01 2.708269817e+02
5.832060240e-01 6.618414607e-02 8.096236115e-01 2.735766458e+01 -5.387384494e-02 9.976324058e-01 -4.274566289e-02 -3.731496143e+01 -8.105358366e-01 -1.868800881e-02 5.853908233e-01 2.714024016e+02
5.890142608e-01 6.468469684e-02 8.055296957e-01 2.813881506e+01 -5.136610624e-02 9.977725036e-01 -4.256235741e-02 -3.737297169e+01 -8.064885143e-01 -1.630708844e-02 5.910248346e-01 2.719802664e+02
5.950292764e-01 6.621647961e-02 8.009716212e-01 2.889091612e+01 -5.350604903e-02 9.976529835e-01 -4.272735999e-02 -3.742999155e+01 -8.019209829e-01 -1.743279674e-02 5.971757151e-01 2.725561649e+02
6.005101528e-01 6.578922045e-02 7.969061017e-01 2.966008634e+01 -5.361977597e-02 9.976794911e-01 -4.195894101e-02 -3.748487792e+01 -7.978173200e-01 -1.753315656e-02 6.026442669e-01 2.731597179e+02
6.072252913e-01 6.350244521e-02 7.919879324e-01 3.042844782e+01 -5.435557613e-02 9.977857451e-01 -3.832855630e-02 -3.753328390e+01 -7.926682263e-01 -1.977489159e-02 6.093324517e-01 2.737589100e+02
6.138156517e-01 5.962952976e-02 7.871941723e-01 3.117186489e+01 -5.274558272e-02 9.980128698e-01 -3.447049642e-02 -3.758651204e+01 -7.876853745e-01 -2.036248511e-02 6.157411144e-01 2.743484974e+02
6.216839141e-01 5.778559601e-02 7.811337503e-01 3.193764256e+01 -5.183355496e-02 9.981239963e-01 -3.258482005e-02 -3.763495321e+01 -7.815512738e-01 -2.023148071e-02 6.235128657e-01 2.749539237e+02
6.297708406e-01 5.785876032e-02 7.746231678e-01 3.268118622e+01 -5.034518121e-02 9.981656788e-01 -3.362499698e-02 -3.767863154e+01 -7.751477608e-01 -1.782250114e-02 6.315285484e-01 2.755721261e+02
6.389124812e-01 5.684169529e-02 7.671765528e-01 3.341801736e+01 -4.922739123e-02 9.982434488e-01 -3.296484385e-02 -3.772593499e+01 -7.677027455e-01 -1.670445013e-02 6.405883670e-01 2.761930322e+02
6.480577910e-01 5.617012432e-02 7.595169627e-01 3.417251832e+01 -4.827044959e-02 9.983007672e-01 -3.264263801e-02 -3.776349808e+01 -7.600599076e-01 -1.550790938e-02 6.496679472e-01 2.768464749e+02
6.572774746e-01 5.425991864e-02 7.516928778e-01 3.491751954e+01 -4.691442527e-02 9.984162904e-01 -3.104750944e-02 -3.780611618e+01 -7.521870499e-01 -1.485841074e-02 6.587821108e-01 2.774991366e+02
6.662728017e-01 5.263053784e-02 7.438484927e-01 3.564863886e+01 -4.702098081e-02 9.984863848e-01 -2.853010397e-02 -3.784061494e+01 -7.442241470e-01 -1.596765340e-02 6.677390606e-01 2.781633039e+02
6.753370287e-01 5.163185740e-02 7.356997002e-01 3.636390186e+01 -4.837755894e-02 9.984992820e-01 -2.566701552e-02 -3.787852648e+01 -7.359208581e-01 -1.825746961e-02 6.768213615e-01 2.788322403e+02
6.840852354e-01 5.054281621e-02 7.276488263e-01 3.709311988e+01 -4.770010520e-02 9.985607939e-01 -2.451613517e-02 -3.790777982e+01 -7.278407042e-01 -1.793779947e-02 6.855115934e-01 2.795312996e+02
6.923030305e-01 4.915966272e-02 7.199304421e-01 3.781449667e+01 -4.809455613e-02 9.986018083e-01 -2.193950999e-02 -3.793543582e+01 -7.200023803e-01 -1.943594581e-02 6.936993703e-01 2.802752425e+02
7.007959874e-01 4.489874323e-02 7.119473906e-01 3.851438885e+01 -4.707132121e-02 9.987527229e-01 -1.665200153e-02 -3.796790028e+01 -7.118070489e-01 -2.184264846e-02 7.020353438e-01 2.809824450e+02
7.092571867e-01 3.981161623e-02 7.038247497e-01 3.921368197e+01 -4.520547585e-02 9.989177058e-01 -1.094906044e-02 -3.799645852e+01 -7.034989041e-01 -2.405103292e-02 7.102892649e-01 2.817070052e+02
7.178908536e-01 3.571125105e-02 6.952391163e-01 3.990535727e+01 -4.175325232e-02 9.990942595e-01 -8.205274762e-03 -3.801176584e+01 -6.949024307e-01 -2.313800255e-02 7.187316917e-01 2.824279876e+02
7.270531463e-01 3.289326996e-02 6.857927932e-01 4.056684387e+01 -3.762252426e-02 9.992596596e-01 -8.042287935e-03 -3.803415058e+01 -6.855496102e-01 -1.995408525e-02 7.277524074e-01 2.831548680e+02
7.364120006e-01 3.005321993e-02 6.758654964e-01 4.126056944e+01 -3.493700745e-02 9.993692062e-01 -6.371431905e-03 -3.806508472e+01 -6.756306467e-01 -1.892071897e-02 7.369974461e-01 2.839294853e+02
7.459908110e-01 2.726560533e-02 6.653978484e-01 4.193858011e+01 -3.384829130e-02 9.994224656e-01 -3.004735028e-03 -3.808906442e+01 -6.650954842e-01 -2.028107548e-02 7.464828698e-01 2.847012158e+02
7.551035819e-01 2.502402391e-02 6.551277576e-01 4.259762130e+01 -3.313064527e-02 9.994510294e-01 1.035286925e-05 -3.810751972e+01 -6.547678527e-01 -2.171262283e-02 7.555181144e-01 2.854708805e+02
7.642293548e-01 2.241280966e-02 6.445550087e-01 4.326541455e+01 -3.179824363e-02 9.994899621e-01 2.947417842e-03 -3.812160760e+01 -6.441602013e-01 -2.274822043e-02 7.645522569e-01 2.862812163e+02
7.731199755e-01 2.179796858e-02 6.338851253e-01 4.392300740e+01 -3.141351125e-02 9.994986966e-01 3.942941344e-03 -3.812596119e+01 -6.334814085e-01 -2.296092423e-02 7.734171585e-01 2.871123200e+02
7.819469505e-01 1.733436198e-02 6.231039131e-01 4.455683535e+01 -2.775179571e-02 9.995902062e-01 7.018369609e-03 -3.813068476e+01 -6.227269100e-01 -2.278024522e-02 7.821075732e-01 2.879259242e+02
7.905003462e-01 1.860734282e-02 6.121788704e-01 4.518832424e+01 -2.946911524e-02 9.995362484e-01 7.671993261e-03 -3.812804119e+01 -6.117522161e-01 -2.410508301e-02 7.906820923e-01 2.887603360e+02
7.980256798e-01 1.793326025e-02 6.023565493e-01 4.580558565e+01 -2.930376090e-02 9.995294474e-01 9.064950006e-03 -3.813401735e+01 -6.019105448e-01 -2.488537519e-02 7.981756788e-01 2.895980078e+02
8.046814635e-01 1.933070527e-02 5.933920004e-01 4.641607225e+01 -3.125061608e-02 9.994633500e-01 9.818905596e-03 -3.814950042e+01 -5.928837503e-01 -2.644495691e-02 8.048537277e-01 2.904462232e+02
8.106190161e-01 2.139807551e-02 5.851828203e-01 4.703677129e+01 -3.473042178e-02 9.993297648e-01 1.156802000e-02 -3.816511870e+01 -5.845430768e-01 -2.970090315e-02 8.108188748e-01 2.913064912e+02
8.161108657e-01 2.421600926e-02 5.773877724e-01 4.764447254e+01 -3.693890838e-02 9.992644260e-01 1.030165202e-02 -3.816328268e+01 -5.767135961e-01 -2.973536417e-02 8.164050687e-01 2.921873207e+02
8.212196612e-01 2.739607648e-02 5.699541411e-01 4.824783432e+01 -3.954014283e-02 9.991779544e-01 8.943854733e-03 -3.815272596e+01 -5.692405863e-01 -2.988093750e-02 8.216278260e-01 2.930961742e+02
8.262063446e-01 2.801568575e-02 5.626705941e-01 4.882098581e+01 -4.213947672e-02 9.990380586e-01 1.213350546e-02 -3.816580941e+01 -5.617894095e-01 -3.373542359e-02 8.265921489e-01 2.939753667e+02
8.311122134e-01 2.967895171e-02 5.553122083e-01 4.945288153e+01 -4.640023196e-02 9.987937524e-01 1.606420281e-02 -3.815318178e+01 -5.541655955e-01 -3.911777042e-02 8.314867965e-01 2.949224354e+02
8.352132363e-01 3.176072371e-02 5.490082935e-01 5.002495957e+01 -5.001762047e-02 9.985802358e-01 1.832348949e-02 -3.815496375e+01 -5.476468639e-01 -4.276410942e-02 8.356160263e-01 2.958424186e+02
8.392139014e-01 3.451353447e-02 5.427051166e-01 5.061379197e+01 -5.362048834e-02 9.983724443e-01 1.942435611e-02 -3.815087378e+01 -5.411514306e-01 -4.540130305e-02 8.396986667e-01 2.967728914e+02
8.425653713e-01 3.642744446e-02 5.373608065e-01 5.119779486e+01 -5.719419700e-02 9.981202790e-01 2.201663884e-02 -3.814103153e+01 -5.355487082e-01 -4.928437730e-02 8.430650220e-01 2.977234136e+02
8.449554259e-01 3.921685922e-02 5.333970062e-01 5.177681170e+01 -6.082735292e-02 9.978835177e-01 2.298952621e-02 -3.813386498e+01 -5.313665039e-01 -5.187025285e-02 8.455525504e-01 2.986683582e+02
8.464003183e-01 4.454690574e-02 5.306807650e-01 5.235173276e+01 -6.434617642e-02 9.977491406e-01 1.887384648e-02 -3.812740592e+01 -5.286455057e-01 -5.012210780e-02 8.473616132e-01 2.996249140e+02
8.473177128e-01 5.002947273e-02 5.287246404e-01 5.292996917e+01 -6.644628807e-02 9.977169017e-01 1.207786780e-02 -3.811412747e+01 -5.269132607e-01 -4.536558109e-02 8.487074759e-01 3.006048057e+02
8.478331830e-01 5.474630599e-02 5.274293656e-01 5.349685179e+01 -6.932364463e-02 9.975630120e-01 7.891097192e-03 -3.810748633e+01 -5.257120182e-01 -4.325365996e-02 8.495622372e-01 3.015523810e+02
8.486693629e-01 5.610205749e-02 5.259399886e-01 5.408003691e+01 -7.108441422e-02 9.974357123e-01 8.306972190e-03 -3.812319002e+01 -5.241252889e-01 -4.443600880e-02 8.504811124e-01 3.024894424e+02
8.491640686e-01 5.463076159e-02 5.252959781e-01 5.464925967e+01 -6.995991270e-02 9.975059587e-01 9.352696556e-03 -3.812398967e+01 -5.234749233e-01 -4.469163463e-02 8.508681816e-01 3.034396109e+02
8.494361683e-01 5.437887496e-02 5.248820190e-01 5.523110726e+01 -7.015324612e-02 9.974841766e-01 1.019017050e-02 -3.812765650e+01 -5.230073785e-01 -4.547807685e-02 8.511139915e-01 3.044284217e+02
8.498670121e-01 5.423203527e-02 5.241993400e-01 5.581110666e+01 -6.949820366e-02 9.975370976e-01 9.473044413e-03 -3.813111146e+01 -5.223945457e-01 -4.448174044e-02 8.515429017e-01 3.053637988e+02
8.504572038e-01 5.433560710e-02 5.232305288e-01 5.641162699e+01 -6.868256995e-02 9.976061774e-01 8.038615612e-03 -3.812637184e+01 -5.215412246e-01 -4.277331595e-02 8.521532693e-01 3.063436329e+02
8.512847432e-01 5.450088919e-02 5.218658247e-01 5.700099213e+01 -6.805799807e-02 9.976579987e-01 6.828359339e-03 -3.813190567e+01 -5.202714626e-01 -4.133002142e-02 8.530002547e-01 3.073290945e+02
8.524877429e-01 5.311813580e-02 5.200414521e-01 5.758313637e+01 -6.586441067e-02 9.978102347e-01 6.051023854e-03 -3.814461433e+01 -5.185812643e-01 -3.941064744e-02 8.541195895e-01 3.082906263e+02
8.542018441e-01 5.123423748e-02 5.174111156e-01 5.815396574e+01 -6.412668768e-02 9.979168373e-01 7.053630159e-03 -3.815918867e+01 -5.159718767e-01 -3.920508490e-02 8.557078846e-01 3.092387611e+02
8.565508890e-01 4.943181165e-02 5.136896637e-01 5.873916368e+01 -6.274013757e-02 9.979930144e-01 8.580117949e-03 -3.818008946e+01 -5.122345651e-01 -3.957826783e-02 8.579331623e-01 3.102494478e+02
8.598698491e-01 4.928990170e-02 5.081282793e-01 5.930931190e+01 -6.235843001e-02 9.980157741e-01 8.714402616e-03 -3.818407726e+01 -5.066905059e-01 -3.917933380e-02 8.612373140e-01 3.112324910e+02
8.646871360e-01 4.802031839e-02 5.000102058e-01 5.988603510e+01 -6.042756286e-02 9.981351899e-01 8.640156941e-03 -3.819327719e+01 -4.986628786e-01 -3.768543070e-02 8.659764095e-01 3.122207018e+02
8.700641883e-01 4.605471591e-02 4.907823055e-01 6.042743809e+01 -5.847858440e-02 9.982386027e-01 9.997358827e-03 -3.819467558e+01 -4.894574174e-01 -3.739859837e-02 8.712248742e-01 3.132122856e+02
8.759909526e-01 4.643202170e-02 4.800874069e-01 6.097363130e+01 -5.913209504e-02 9.981855833e-01 1.135502727e-02 -3.819863505e+01 -4.786890914e-01 -3.833547533e-02 8.771471627e-01 3.142322515e+02
8.818295467e-01 4.791846506e-02 4.691273509e-01 6.148834608e+01 -5.998813523e-02 9.981405855e-01 1.080718342e-02 -3.820454365e+01 -4.677371850e-01 -3.767216862e-02 8.830643994e-01 3.152422769e+02
8.876367365e-01 4.892981573e-02 4.579376565e-01 6.198670404e+01 -6.100959796e-02 9.980695958e-01 1.161511604e-02 -3.821054941e+01 -4.564853262e-01 -3.824859601e-02 8.889084271e-01 3.162582074e+02
8.936529534e-01 4.902673499e-02 4.460726152e-01 6.248799570e+01 -6.202630027e-02 9.979680448e-01 1.457805600e-02 -3.821251660e+01 -4.444515011e-01 -4.069595677e-02 8.948780376e-01 3.172801589e+02
8.996581580e-01 4.761290441e-02 4.339910254e-01 6.297781931e+01 -6.121734331e-02 9.979725076e-01 1.741582722e-02 -3.822287271e+01 -4.322818937e-01 -4.223606863e-02 9.007488434e-01 3.182978104e+02
9.052708514e-01 4.680751981e-02 4.222484359e-01 6.345066629e+01 -5.978936635e-02 9.980567869e-01 1.754656058e-02 -3.821732480e+01 -4.206066063e-01 -4.113035626e-02 9.063103092e-01 3.193340131e+02
9.108999778e-01 4.725949370e-02 4.099119061e-01 6.389726645e+01 -5.977278154e-02 9.980540284e-01 1.775868717e-02 -3.820643192e+01 -4.082749626e-01 -4.067796256e-02 9.119522237e-01 3.203756307e+02
9.162769867e-01 4.815114488e-02 3.976404794e-01 6.434738926e+01 -6.073654373e-02 9.979709226e-01 1.910785038e-02 -3.820053369e+01 -3.959135712e-01 -4.165939194e-02 9.173423239e-01 3.214319247e+02
9.213743586e-01 5.166872862e-02 3.852267304e-01 6.475257389e+01 -6.402133259e-02 9.977619025e-01 1.929908985e-02 -3.820061993e+01 -3.833673960e-01 -4.244441516e-02 9.226201338e-01 3.224499053e+02
9.264580232e-01 5.583979874e-02 3.722330563e-01 6.516906650e+01 -6.756580664e-02 9.975428905e-01 1.852143247e-02 -3.819719508e+01 -3.702842059e-01 -4.230955642e-02 9.279544753e-01 3.234910429e+02
9.301756173e-01 6.000327189e-02 3.621780339e-01 6.553682249e+01 -7.151254923e-02 9.972691683e-01 1.844346137e-02 -3.818608909e+01 -3.600823187e-01 -4.305593255e-02 9.319264512e-01 3.245591717e+02
9.331873412e-01 6.527499634e-02 3.534127348e-01 6.591009519e+01 -7.725805031e-02 9.968127165e-01 1.988974203e-02 -3.819406352e+01 -3.509880054e-01 -4.586483433e-02 9.352560275e-01 3.256025015e+02
9.355065297e-01 6.629959621e-02 3.470329905e-01 6.626659548e+01 -7.847379381e-02 9.966922443e-01 2.112898015e-02 -3.820090340e+01 -3.444842473e-01 -4.699929424e-02 9.376148835e-01 3.266343129e+02
9.376487573e-01 6.615194795e-02 3.412311939e-01 6.665760828e+01 -7.808249773e-02 9.967186553e-01 2.133180228e-02 -3.820414910e+01 -3.387003565e-01 -4.664592182e-02 9.397373178e-01 3.277126358e+02
9.394157151e-01 6.421029250e-02 3.367122698e-01 6.703442455e+01 -7.577422598e-02 9.968974469e-01 2.130133845e-02 -3.820426060e+01 -3.342998369e-01 -4.552492371e-02 9.413666132e-01 3.287730262e+02
9.413173553e-01 6.266934699e-02 3.316537194e-01 6.741305224e+01 -7.401835329e-02 9.970210726e-01 2.168557320e-02 -3.819918753e+01 -3.293067263e-01 -4.496146858e-02 9.431519211e-01 3.298358111e+02
9.429765665e-01 6.080568461e-02 3.272580997e-01 6.776084618e+01 -7.186504160e-02 9.971761780e-01 2.179646586e-02 -3.819629553e+01 -3.250086321e-01 -4.407197349e-02 9.446835715e-01 3.308930377e+02
9.447506395e-01 6.050730485e-02 3.221569418e-01 6.810636551e+01 -7.089853243e-02 9.972706124e-01 2.060882766e-02 -3.819561036e+01 -3.200306660e-01 -4.231065750e-02 9.464619280e-01 3.319385686e+02
9.463084556e-01 6.064802745e-02 3.175249969e-01 6.844023997e+01 -7.003303300e-02 9.973783516e-01 1.821532703e-02 -3.818055000e+01 -3.155878343e-01 -3.947455657e-02 9.480749328e-01 3.330204781e+02
9.481429008e-01 6.178513295e-02 3.117813930e-01 6.877669783e+01 -7.059956836e-02 9.973589762e-01 1.705208430e-02 -3.818103023e+01 -3.099044056e-01 -3.817944444e-02 9.500008365e-01 3.340744796e+02
9.497369143e-01 6.285450973e-02 3.066742640e-01 6.908232244e+01 -7.142213894e-02 9.973049612e-01 1.678369547e-02 -3.819005592e+01 -3.047928340e-01 -3.784342704e-02 9.516665400e-01 3.351442843e+02
9.520631380e-01 6.350247176e-02 2.992377273e-01 6.942210293e+01 -7.239073847e-02 9.972010235e-01 1.870026164e-02 -3.819243100e+01 -2.972126551e-01 -3.946586983e-02 9.539953264e-01 3.362050059e+02
9.540000505e-01 6.464528203e-02 2.927539771e-01 6.972745538e+01 -7.459300947e-02 9.969503400e-01 2.293256260e-02 -3.819248356e+01 -2.903786951e-01 -4.371506607e-02 9.559127609e-01 3.372596773e+02
9.558252414e-01 6.471885795e-02 2.867221258e-01 7.003767430e+01 -7.519445877e-02 9.968385726e-01 2.566424796e-02 -3.819888928e+01 -2.841547138e-01 -4.609045107e-02 9.576699687e-01 3.383075825e+02
9.576845795e-01 6.480067451e-02 2.804302388e-01 7.034670635e+01 -7.459012654e-02 9.969165530e-01 2.436594905e-02 -3.817884562e+01 -2.779866171e-01 -4.425222067e-02 9.595651003e-01 3.393614348e+02
9.591820544e-01 6.355096625e-02 2.755559132e-01 7.064425539e+01 -7.202930465e-02 9.971867074e-01 2.074728702e-02 -3.817652180e+01 -2.734621836e-01 -3.974852621e-02 9.610611265e-01 3.403915152e+02
9.605022596e-01 6.130570600e-02 2.714351115e-01 7.093382307e+01 -6.917665676e-02 9.974135226e-01 1.951551118e-02 -3.816713443e+01 -2.695366385e-01 -3.752166612e-02 9.622588659e-01 3.414500804e+02
9.613109524e-01 5.907038230e-02 2.690575082e-01 7.122453513e+01 -6.679933416e-02 9.975728489e-01 1.965350095e-02 -3.817383646e+01 -2.672435251e-01 -3.686598811e-02 9.629235677e-01 3.424697984e+02
9.611677130e-01 6.060886286e-02 2.692270292e-01 7.151088885e+01 -6.868111060e-02 9.974247915e-01 2.065648319e-02 -3.816718672e+01 -2.672817475e-01 -3.834515607e-02 9.628551898e-01 3.435034756e+02
9.593910915e-01 6.470090899e-02 2.745587840e-01 7.180307211e+01 -7.351017948e-02 9.970538314e-01 2.190686467e-02 -3.816507109e+01 -2.723324935e-01 -4.120011630e-02 9.613207391e-01 3.445352537e+02
9.562430934e-01 6.947797723e-02 2.842040763e-01 7.210037660e+01 -7.877504770e-02 9.966626956e-01 2.140007034e-02 -3.815704823e+01 -2.817687672e-01 -4.285185913e-02 9.585249501e-01 3.455652041e+02
9.523142833e-01 7.235369830e-02 2.964160051e-01 7.239607189e+01 -8.235273511e-02 9.963741070e-01 2.136974479e-02 -3.815862636e+01 -2.937950523e-01 -4.476138195e-02 9.548198186e-01 3.465862866e+02
9.490495672e-01 7.163073374e-02 3.068777557e-01 7.272699481e+01 -8.198056606e-02 9.964136641e-01 2.095224806e-02 -3.815278753e+01 -3.042763641e-01 -4.504273408e-02 9.515182848e-01 3.476182244e+02
9.462076798e-01 6.946748534e-02 3.160147072e-01 7.304559666e+01 -8.036261496e-02 9.965325075e-01 2.155949054e-02 -3.815281980e+01 -3.134212450e-01 -4.579552376e-02 9.485093005e-01 3.485733102e+02
9.439034314e-01 6.684701238e-02 3.233848931e-01 7.336939917e+01 -7.797666711e-02 9.967218707e-01 2.156737861e-02 -3.815677891e+01 -3.208830808e-01 -4.557399883e-02 9.460217012e-01 3.495160475e+02
9.420347883e-01 6.605387926e-02 3.289488452e-01 7.367733741e+01 -7.690312113e-02 9.968366415e-01 2.006539426e-02 -3.814432031e+01 -3.265828649e-01 -4.419949232e-02 9.441345440e-01 3.504234980e+02
9.411088528e-01 6.556531642e-02 3.316855686e-01 7.399687359e+01 -7.565852928e-02 9.969785533e-01 1.759406478e-02 -3.814771585e+01 -3.295298379e-01 -4.165277242e-02 9.432259181e-01 3.513365438e+02
9.413303822e-01 6.449340732e-02 3.312668290e-01 7.431409511e+01 -7.367041234e-02 9.971666975e-01 1.520683323e-02 -3.814756284e+01 -3.293475094e-01 -3.871921802e-02 9.434145643e-01 3.522555476e+02
9.424370383e-01 6.167530301e-02 3.286465972e-01 7.461510389e+01 -7.022591729e-02 9.974300412e-01 1.419976813e-02 -3.813482225e+01 -3.269262140e-01 -3.646189618e-02 9.443462187e-01 3.531627772e+02
9.449936644e-01 5.871566655e-02 3.217754569e-01 7.490160451e+01 -6.695410852e-02 9.976494290e-01 1.458643611e-02 -3.814640492e+01 -3.201626485e-01 -3.532827857e-02 9.467036449e-01 3.540452192e+02
9.483010397e-01 5.569209850e-02 3.124476407e-01 7.519226844e+01 -6.323680750e-02 9.978995324e-01 1.405807142e-02 -3.815114308e+01 -3.110084311e-01 -3.308947505e-02 9.498309547e-01 3.549192539e+02
9.520415143e-01 5.371986242e-02 3.012160876e-01 7.545967687e+01 -6.065009611e-02 9.980651193e-01 1.369610927e-02 -3.814630807e+01 -2.998975173e-01 -3.130804927e-02 9.534575424e-01 3.558113654e+02
9.563515013e-01 5.169221325e-02 2.876103633e-01 7.572214362e+01 -5.822275537e-02 9.982027168e-01 1.419320139e-02 -3.814700027e+01 -2.863597680e-01 -3.031915728e-02 9.576423299e-01 3.567226942e+02
9.615437549e-01 4.864199992e-02 2.703101242e-01 7.598036660e+01 -5.482237093e-02 9.983780281e-01 1.535645194e-02 -3.814897318e+01 -2.691247203e-01 -2.958494236e-02 9.626508277e-01 3.576245253e+02
9.669240229e-01 4.452343598e-02 2.511485566e-01 7.620221627e+01 -5.014766219e-02 9.986130755e-01 1.603550496e-02 -3.815329085e+01 -2.500862768e-01 -2.809962794e-02 9.678157186e-01 3.585197284e+02
9.722457871e-01 4.104070159e-02 2.303340839e-01 7.639477017e+01 -4.596750162e-02 9.988137924e-01 1.606228194e-02 -3.815939362e+01 -2.294016525e-01 -2.620436832e-02 9.729790403e-01 3.594091476e+02
9.773512731e-01 4.104424593e-02 2.076050550e-01 7.656731022e+01 -4.530912571e-02 9.988476139e-01 1.582805670e-02 -3.816147630e+01 -2.067161631e-01 -2.487597490e-02 9.780846660e-01 3.603000350e+02
9.822840183e-01 4.136485984e-02 1.827759717e-01 7.672559996e+01 -4.497762826e-02 9.988651921e-01 1.566336493e-02 -3.816033162e+01 -1.819206432e-01 -2.360670275e-02 9.830298079e-01 3.612115984e+02
9.867690600e-01 4.139014132e-02 1.567599387e-01 7.685204616e+01 -4.420693664e-02 9.989168183e-01 1.452366627e-02 -3.815958552e+01 -1.559890026e-01 -2.126138119e-02 9.875299412e-01 3.620990768e+02
9.908308091e-01 4.139486358e-02 1.286109363e-01 7.696885887e+01 -4.334508331e-02 9.989831957e-01 1.240074057e-02 -3.816258056e+01 -1.279668372e-01 -1.786168756e-02 9.916175920e-01 3.630160019e+02
9.940420592e-01 4.418834428e-02 9.963821931e-02 7.704408509e+01 -4.562012519e-02 9.988851353e-01 1.213633622e-02 -3.815963096e+01 -9.899085157e-02 -1.660953669e-02 9.949497146e-01 3.639338915e+02
9.965907917e-01 4.404858023e-02 6.976042157e-02 7.708737025e+01 -4.504037167e-02 9.989043381e-01 1.270780419e-02 -3.816358587e+01 -6.912422700e-02 -1.580651596e-02 9.974828296e-01 3.648363971e+02
9.983264984e-01 4.334610134e-02 3.827947380e-02 7.711715550e+01 -4.392767371e-02 9.989297092e-01 1.448432307e-02 -3.815970492e+01 -3.761066470e-02 -1.614161177e-02 9.991620921e-01 3.657502543e+02
9.989499962e-01 4.517575477e-02 7.619466026e-03 7.709835337e+01 -4.527855008e-02 9.988776056e-01 1.390618075e-02 -3.815947038e+01 -6.982691769e-03 -1.423657758e-02 9.998742730e-01 3.666559151e+02
9.987606089e-01 4.419036326e-02 -2.290104648e-02 7.706328095e+01 -4.389096348e-02 9.989462468e-01 1.341563657e-02 -3.815852094e+01 2.346975628e-02 -1.239386036e-02 9.996477193e-01 3.675763332e+02
9.976207686e-01 4.517630268e-02 -5.207594126e-02 7.700796944e+01 -4.452989988e-02 9.989167321e-01 1.350742161e-02 -3.816547046e+01 5.262974443e-02 -1.115634787e-02 9.985517743e-01 3.684723008e+02
9.957636914e-01 4.877344836e-02 -7.794755739e-02 7.692485407e+01 -4.805170620e-02 9.987830670e-01 1.110939242e-02 -3.815849775e+01 7.839454381e-02 -7.316816479e-03 9.968955611e-01 3.694104439e+02
9.937777107e-01 5.051842735e-02 -9.926605815e-02 7.681099033e+01 -4.960517251e-02 9.987009774e-01 1.164837227e-02 -3.815962454e+01 9.972556675e-02 -6.651782786e-03 9.949927463e-01 3.703324778e+02
9.917584466e-01 5.515347926e-02 -1.156428871e-01 7.667049284e+01 -5.373361115e-02 9.984371310e-01 1.536211105e-02 -3.813838823e+01 1.163094263e-01 -9.021593463e-03 9.931720537e-01 3.712660315e+02
9.901460447e-01 6.191241296e-02 -1.256091685e-01 7.652172941e+01 -5.967957601e-02 9.979867622e-01 2.146557006e-02 -3.812932616e+01 1.266852726e-01 -1.375774738e-02 9.918475518e-01 3.722029539e+02
9.891169132e-01 6.553467119e-02 -1.317305538e-01 7.638716303e+01 -6.332986422e-02 9.977745723e-01 2.086219651e-02 -3.812460968e+01 1.328045942e-01 -1.229267333e-02 9.910660069e-01 3.731552435e+02
9.885658806e-01 6.846655775e-02 -1.343496565e-01 7.623649565e+01 -6.713797799e-02 9.976397793e-01 1.440009064e-02 -3.811619051e+01 1.350184863e-01 -5.215474006e-03 9.908293532e-01 3.741008763e+02
9.883721893e-01 7.014031193e-02 -1.349101633e-01 7.608869221e+01 -6.951841526e-02 9.975371216e-01 9.320992289e-03 -3.811076686e+01 1.352316733e-01 1.661311993e-04 9.908139921e-01 3.750670900e+02
9.883877904e-01 7.290263651e-02 -1.333220963e-01 7.594516028e+01 -7.255247509e-02 9.973364778e-01 7.489217501e-03 -3.811012289e+01 1.335129736e-01 2.270596933e-03 9.910444643e-01 3.760396588e+02
9.888715169e-01 7.280437421e-02 -1.297406881e-01 7.579999313e+01 -7.248215146e-02 9.973436479e-01 7.210113522e-03 -3.811009395e+01 1.299209789e-01 2.274008309e-03 9.915217436e-01 3.770272114e+02
9.894023796e-01 7.183971411e-02 -1.261823547e-01 7.565110684e+01 -7.141143942e-02 9.974154981e-01 7.920252751e-03 -3.812211456e+01 1.264252249e-01 1.174546660e-03 9.919754447e-01 3.780079417e+02
9.899087184e-01 6.947535112e-02 -1.235066993e-01 7.552323452e+01 -6.930558447e-02 9.975793321e-01 5.675579268e-03 -3.812592747e+01 1.236020434e-01 2.941398579e-03 9.923275079e-01 3.790030289e+02
9.903716480e-01 6.677821895e-02 -1.212628070e-01 7.539857808e+01 -6.716879886e-02 9.977412482e-01 8.684403294e-04 -3.813206368e+01 1.210468973e-01 7.284998411e-03 9.926200569e-01 3.800027476e+02
9.908093379e-01 6.410844614e-02 -1.191090385e-01 7.525914481e+01 -6.513849419e-02 9.978648278e-01 -4.770962358e-03 -3.813422069e+01 1.185488612e-01 1.248569747e-02 9.928697170e-01 3.810104093e+02
9.911414222e-01 6.248462993e-02 -1.171936527e-01 7.512961894e+01 -6.376390603e-02 9.979390753e-01 -7.194883613e-03 -3.814610690e+01 1.165025558e-01 1.460387223e-02 9.930830184e-01 3.820383823e+02
9.912875077e-01 6.276279180e-02 -1.158011614e-01 7.500326482e+01 -6.388107218e-02 9.979396771e-01 -5.967372360e-03 -3.815923524e+01 1.151880447e-01 1.331288402e-02 9.932544898e-01 3.830818492e+02
9.912393797e-01 6.461788408e-02 -1.151912375e-01 7.487124035e+01 -6.549748440e-02 9.978452551e-01 -3.863460352e-03 -3.817270486e+01 1.146933811e-01 1.137435032e-02 9.933358206e-01 3.841370071e+02
9.912785052e-01 6.598312267e-02 -1.140752061e-01 7.472387533e+01 -6.675365117e-02 9.977651451e-01 -2.943668455e-03 -3.818155971e+01 1.136260321e-01 1.053293178e-02 9.934677560e-01 3.852102523e+02
9.910912113e-01 6.861335696e-02 -1.141508572e-01 7.458892492e+01 -6.945367428e-02 9.975793975e-01 -3.395987371e-03 -3.818831494e+01 1.136415333e-01 1.129392970e-02 9.934576232e-01 3.862977374e+02
9.908775411e-01 7.124829611e-02 -1.143913409e-01 7.444966463e+01 -7.216112803e-02 9.973855429e-01 -3.853618674e-03 -3.819842747e+01 1.138177058e-01 1.207307239e-02 9.934282917e-01 3.873940783e+02
9.907636937e-01 7.183808239e-02 -1.150069266e-01 7.430820548e+01 -7.281889039e-02 9.973357188e-01 -4.344323351e-03 -3.820928575e+01 1.143884280e-01 1.267887463e-02 9.933551901e-01 3.885057280e+02
9.905722174e-01 7.249004237e-02 -1.162405944e-01 7.416646688e+01 -7.372421767e-02 9.972584656e-01 -6.347639202e-03 -3.822296651e+01 1.154617762e-01 1.485754192e-02 9.932008013e-01 3.896151965e+02
9.904279596e-01 7.155719520e-02 -1.180339980e-01 7.403537354e+01 -7.324048250e-02 9.972643738e-01 -9.980007499e-03 -3.823152930e+01 1.169969597e-01 1.852934543e-02 9.929594024e-01 3.907541547e+02
9.902810830e-01 6.841161066e-02 -1.210918172e-01 7.388527446e+01 -7.040495135e-02 9.974432088e-01 -1.225512219e-02 -3.824473525e+01 1.199438181e-01 2.066147918e-02 9.925656572e-01 3.918942542e+02
9.899679503e-01 6.324162500e-02 -1.263485428e-01 7.374432944e+01 -6.514352061e-02 9.978155632e-01 -1.097377050e-02 -3.827531536e+01 1.253785433e-01 1.909446999e-02 9.919252099e-01 3.930400936e+02
9.893800210e-01 5.768811167e-02 -1.334138515e-01 7.359601907e+01 -5.952072983e-02 9.981791032e-01 -9.785740737e-03 -3.830468110e+01 1.326063978e-01 1.762270619e-02 9.910121006e-01 3.941531662e+02
9.882927472e-01 5.432600816e-02 -1.425697398e-01 7.342966909e+01 -5.625457044e-02 9.983709888e-01 -9.528483945e-03 -3.832910547e+01 1.418198476e-01 1.743713104e-02 9.897388935e-01 3.952486820e+02
9.869596315e-01 5.100492860e-02 -1.526734523e-01 7.325986480e+01 -5.319369406e-02 9.985312620e-01 -1.028347061e-02 -3.836747121e+01 1.519247073e-01 1.827063528e-02 9.882231869e-01 3.963691149e+02
9.855226142e-01 4.855025485e-02 -1.624439893e-01 7.306908935e+01 -5.110911291e-02 9.986256114e-01 -1.160805418e-02 -3.839677120e+01 1.616571541e-01 1.974236809e-02 9.866494836e-01 3.974909054e+02
9.838311453e-01 4.670288500e-02 -1.729020477e-01 7.288162511e+01 -4.951729778e-02 9.987012024e-01 -1.199773173e-02 -3.842941946e+01 1.721171542e-01 2.036538433e-02 9.848659484e-01 3.986006475e+02
9.821545004e-01 4.549404843e-02 -1.824906271e-01 7.266284311e+01 -4.838422333e-02 9.987635771e-01 -1.141419796e-02 -3.846449038e+01 1.817457134e-01 2.004017315e-02 9.831413363e-01 3.997339281e+02
9.805203020e-01 4.530845719e-02 -1.911205930e-01 7.242400034e+01 -4.815960234e-02 9.987865750e-01 -1.029710627e-02 -3.849001995e+01 1.904221365e-01 1.930081350e-02 9.815125514e-01 4.008589867e+02
9.787111807e-01 4.351230238e-02 -2.005769286e-01 7.220285347e+01 -4.648667332e-02 9.988674356e-01 -1.014077265e-02 -3.852010631e+01 1.999085140e-01 1.924904173e-02 9.796254695e-01 4.019546098e+02
9.768040901e-01 4.395024995e-02 -2.095761081e-01 7.196590694e+01 -4.743322032e-02 9.988068275e-01 -1.161942517e-02 -3.854451907e+01 2.088153710e-01 2.129077174e-02 9.777232962e-01 4.030375784e+02
9.748731675e-01 4.442764964e-02 -2.182853435e-01 7.171314812e+01 -4.849779622e-02 9.987344568e-01 -1.332098455e-02 -3.856952109e+01 2.174172740e-01 2.357262851e-02 9.757940665e-01 4.041111683e+02
9.730349604e-01 4.292787559e-02 -2.266278080e-01 7.145309617e+01 -4.745026317e-02 9.987677315e-01 -1.454273444e-02 -3.859524451e+01 2.257242530e-01 2.490413816e-02 9.738728590e-01 4.051913867e+02
9.710638874e-01 4.264363615e-02 -2.349818010e-01 7.120248597e+01 -4.747520618e-02 9.987606799e-01 -1.494018357e-02 -3.862503728e+01 2.340534796e-01 2.566368219e-02 9.718849439e-01 4.062606227e+02
9.692435860e-01 4.293938162e-02 -2.423284557e-01 7.093179825e+01 -4.797967591e-02 9.987366698e-01 -1.493369039e-02 -3.865901457e+01 2.413810714e-01 2.610122439e-02 9.700793289e-01 4.073281524e+02
9.676092512e-01 4.057886297e-02 -2.491700079e-01 7.067108376e+01 -4.599370626e-02 9.988144547e-01 -1.594566226e-02 -3.869208218e+01 2.482275488e-01 2.688942247e-02 9.683284789e-01 4.084053740e+02
9.662884717e-01 3.696269872e-02 -2.547947183e-01 7.038685927e+01 -4.284663740e-02 9.989269870e-01 -1.757954222e-02 -3.872293932e+01 2.538715329e-01 2.790400589e-02 9.668353589e-01 4.094654809e+02
9.648324886e-01 3.324605566e-02 -2.607546139e-01 7.010165595e+01 -4.033373357e-02 9.989467616e-01 -2.187595768e-02 -3.876173068e+01 2.597526878e-01 3.162384182e-02 9.651572275e-01 4.105248729e+02
9.633808789e-01 2.623504201e-02 -2.668501542e-01 6.982162319e+01 -3.464227352e-02 9.990391399e-01 -2.684604071e-02 -3.879941213e+01 2.658894415e-01 3.510725832e-02 9.633640461e-01 4.115808330e+02
9.617085011e-01 2.267728823e-02 -2.731345813e-01 6.952457157e+01 -3.138724907e-02 9.991272325e-01 -2.756109460e-02 -3.884363322e+01 2.722711874e-01 3.507868211e-02 9.615809309e-01 4.126608426e+02
9.602719412e-01 2.229744283e-02 -2.781737281e-01 6.921770309e+01 -3.017567780e-02 9.992547203e-01 -2.407140224e-02 -3.888763818e+01 2.774296801e-01 3.150917294e-02 9.602291105e-01 4.136986700e+02
9.587001411e-01 2.173971381e-02 -2.835867139e-01 6.891403241e+01 -2.976147380e-02 9.992686539e-01 -2.400858095e-02 -3.893230945e+01 2.828573742e-01 3.145698850e-02 9.586460054e-01 4.147848659e+02
9.578365225e-01 2.088591733e-02 -2.865536156e-01 6.858684766e+01 -2.882752537e-02 9.993075814e-01 -2.352300147e-02 -3.897795816e+01 2.858639011e-01 3.079182154e-02 9.577753880e-01 4.158420257e+02
9.569591874e-01 2.283661975e-02 -2.893226615e-01 6.825010335e+01 -3.067523236e-02 9.992741677e-01 -2.258689727e-02 -3.902577786e+01 2.885968534e-01 3.048977873e-02 9.569651141e-01 4.168968639e+02
9.560871868e-01 2.192500000e-02 -2.922611600e-01 6.792396282e+01 -2.910029019e-02 9.993718498e-01 -2.022570078e-02 -3.907089827e+01 2.916341276e-01 2.784241792e-02 9.561246443e-01 4.179714075e+02
9.556835133e-01 2.121339833e-02 -2.936307445e-01 6.759364375e+01 -2.720956043e-02 9.994960228e-01 -1.635053937e-02 -3.910912660e+01 2.931359108e-01 2.361550440e-02 9.557790779e-01 4.190266430e+02
9.555609541e-01 1.801025101e-02 -2.942429163e-01 6.725926073e+01 -2.314365943e-02 9.996344938e-01 -1.397317966e-02 -3.914527637e+01 2.938837082e-01 2.016208274e-02 9.556285138e-01 4.200833985e+02
9.552016974e-01 1.390475016e-02 -2.956287794e-01 6.693603826e+01 -1.883598641e-02 9.997268062e-01 -1.383902724e-02 -3.917807047e+01 2.953555872e-01 1.878752198e-02 9.552026519e-01 4.211475954e+02
9.549686670e-01 8.332277230e-03 -2.965896460e-01 6.660229879e+01 -1.282696972e-02 9.998304439e-01 -1.321182241e-02 -3.919053175e+01 2.964292729e-01 1.642122284e-02 9.549136242e-01 4.222186974e+02
9.546174995e-01 4.334239040e-03 -2.978030289e-01 6.627449069e+01 -9.027379001e-03 9.998557698e-01 -1.438561613e-02 -3.921711203e+01 2.976977260e-01 1.642114171e-02 9.545189417e-01 4.232801013e+02
9.541703117e-01 1.566408410e-03 -2.992600252e-01 6.595024603e+01 -6.020381942e-03 9.998844033e-01 -1.396191280e-02 -3.924977278e+01 2.992035616e-01 1.512370234e-02 9.540694431e-01 4.243510464e+02
9.537075245e-01 -1.092897729e-03 -3.007337083e-01 6.562313594e+01 -3.408823300e-03 9.998898693e-01 -1.444400039e-02 -3.928034495e+01 3.007163741e-01 1.480049992e-02 9.535987665e-01 4.254073215e+02
9.533602120e-01 -1.190192133e-03 -3.018325523e-01 6.527545735e+01 -2.988021519e-03 9.999060094e-01 -1.338073400e-02 -3.931133164e+01 3.018201085e-01 1.365854157e-02 9.532670488e-01 4.264725216e+02
9.531732384e-01 6.627991382e-04 -3.024241034e-01 6.491969197e+01 -4.307920311e-03 9.999258960e-01 -1.138614380e-02 -3.934413973e+01 3.023941459e-01 1.215578650e-02 9.531054597e-01 4.275487566e+02
9.529234922e-01 2.653000834e-03 -3.031992409e-01 6.455943755e+01 -5.733796169e-03 9.999405823e-01 -9.271216716e-03 -3.936643274e+01 3.031566289e-01 1.057324286e-02 9.528820834e-01 4.286225784e+02
9.528848068e-01 4.351051496e-03 -3.033011923e-01 6.420102368e+01 -6.819581848e-03 9.999516808e-01 -7.080205186e-03 -3.938938244e+01 3.032557307e-01 8.815007256e-03 9.528684366e-01 4.296866413e+02
9.526581764e-01 7.619585173e-03 -3.039479247e-01 6.384914956e+01 -9.349773737e-03 9.999473116e-01 -4.237418924e-03 -3.942760166e+01 3.038996228e-01 6.878656109e-03 9.526792237e-01 4.307565472e+02
9.527675218e-01 9.228693427e-03 -3.035603411e-01 6.349601204e+01 -1.048007293e-02 9.999419737e-01 -2.493458781e-03 -3.944844817e+01 3.035197152e-01 5.557021058e-03 9.528089536e-01 4.318287848e+02
9.531718433e-01 1.070795732e-02 -3.022396015e-01 6.315266249e+01 -1.175168142e-02 9.999296099e-01 -1.635021509e-03 -3.946582134e+01 3.022008191e-01 5.110279974e-03 9.532305859e-01 4.328883607e+02
9.537312442e-01 1.072370897e-02 -3.004691596e-01 6.280839729e+01 -1.115121614e-02 9.999377806e-01 2.921381370e-04 -3.948343221e+01 3.004535974e-01 3.071975274e-03 9.537914860e-01 4.339444507e+02
9.541583044e-01 1.091407510e-02 -2.991033486e-01 6.247891739e+01 -1.069153373e-02 9.999400105e-01 2.380463735e-03 -3.949479200e+01 2.991113860e-01 9.265342979e-04 9.542177531e-01 4.349924984e+02
9.546634231e-01 1.223256044e-02 -2.974358973e-01 6.213580512e+01 -1.149092188e-02 9.999249799e-01 4.241854960e-03 -3.950190325e+01 2.974654724e-01 -6.317311153e-04 9.547323676e-01 4.360556041e+02
9.550596338e-01 1.382844890e-02 -2.960909824e-01 6.180601100e+01 -1.242737376e-02 9.999009061e-01 6.613492694e-03 -3.951467210e+01 2.961530960e-01 -2.636646604e-03 9.551368446e-01 4.370985032e+02
9.553591174e-01 1.562855410e-02 -2.950333967e-01 6.147836826e+01 -1.374191392e-02 9.998697262e-01 8.467025730e-03 -3.953439766e+01 2.951272889e-01 -4.034726688e-03 9.554494253e-01 4.381680296e+02
9.555764696e-01 1.521687434e-02 -2.943502294e-01 6.115942513e+01 -1.339012262e-02 9.998765563e-01 8.220512738e-03 -3.954326108e+01 2.944389842e-01 -3.913942874e-03 9.556622655e-01 4.392501325e+02
9.560954210e-01 1.444110846e-02 -2.926995051e-01 6.082169821e+01 -1.273572125e-02 9.998890082e-01 7.731276647e-03 -3.954922252e+01 2.927786661e-01 -3.664098893e-03 9.561732202e-01 4.402980176e+02
9.563643422e-01 1.428287471e-02 -2.918274225e-01 6.049535714e+01 -1.209369702e-02 9.998835801e-01 9.304236342e-03 -3.956098488e+01 2.919263392e-01 -5.368967441e-03 9.564257351e-01 4.413528555e+02
9.566263285e-01 1.348007183e-02 -2.910057650e-01 6.017446751e+01 -1.016720469e-02 9.998651857e-01 1.289334879e-02 -3.957682862e+01 2.911403365e-01 -9.375401740e-03 9.566344162e-01 4.423855847e+02
9.570132826e-01 1.170351222e-02 -2.898078755e-01 5.985159993e+01 -7.435683847e-03 9.998471575e-01 1.582315598e-02 -3.957387400e+01 2.899487670e-01 -1.298805071e-02 9.569540339e-01 4.434470480e+02
9.573039014e-01 1.052173708e-02 -2.888919061e-01 5.952804312e+01 -5.855696531e-03 9.998381545e-01 1.701104443e-02 -3.957648938e+01 2.890241360e-01 -1.459307586e-02 9.572105782e-01 4.445219714e+02
9.575828793e-01 9.198994333e-03 -2.880111243e-01 5.922368855e+01 -4.454289119e-03 9.998434338e-01 1.712504367e-02 -3.957610095e+01 2.881235647e-01 -1.511576381e-02 9.574739292e-01 4.455458755e+02
9.579412935e-01 6.532318197e-03 -2.868898867e-01 5.891130255e+01 -1.725535603e-03 9.998539251e-01 1.700444111e-02 -3.957633632e+01 2.869590577e-01 -1.579421760e-02 9.578126340e-01 4.465731993e+02
9.581109508e-01 6.058423387e-03 -2.863332000e-01 5.860223775e+01 -1.075739739e-03 9.998453064e-01 1.755579920e-02 -3.958633658e+01 2.863952665e-01 -1.651238346e-02 9.579692545e-01 4.475819902e+02
9.579792552e-01 1.330426228e-03 -2.868344062e-01 5.832254358e+01 4.076370582e-03 9.998251104e-01 1.825189688e-02 -3.959199346e+01 2.868085247e-01 -1.865418192e-02 9.578062913e-01 4.485751486e+02
9.579247762e-01 -3.915060598e-04 -2.870191105e-01 5.801841224e+01 5.285674180e-03 9.998535486e-01 1.627706784e-02 -3.958629071e+01 2.869707036e-01 -1.710929607e-02 9.577865562e-01 4.495748627e+02
9.578522246e-01 -1.979868604e-03 -2.872545839e-01 5.773249471e+01 7.121011722e-03 9.998326058e-01 1.685382934e-02 -3.957837322e+01 2.871731308e-01 -1.818902118e-02 9.577059844e-01 4.505603248e+02
9.576854885e-01 -3.489574704e-03 -2.877956359e-01 5.741644466e+01 9.048894031e-03 9.997972379e-01 1.798890151e-02 -3.957169735e+01 2.876745083e-01 -1.983194214e-02 9.575228829e-01 4.515910390e+02
9.576628338e-01 -2.135497497e-03 -2.878842412e-01 5.710657409e+01 8.593568390e-03 9.997389353e-01 2.117101317e-02 -3.956770679e+01 2.877638742e-01 -2.274864538e-02 9.574311734e-01 4.525743727e+02
9.576419340e-01 -2.385134250e-03 -2.879517970e-01 5.678817256e+01 8.841050735e-03 9.997378189e-01 2.112177134e-02 -3.956057479e+01 2.878259232e-01 -2.277289040e-02 9.574119455e-01 4.535679418e+02
9.575462726e-01 -2.646319242e-03 -2.882674674e-01 5.648546581e+01 9.215664465e-03 9.997277830e-01 2.143435174e-02 -3.955901481e+01 2.881322739e-01 -2.318095987e-02 9.573099999e-01 4.545415705e+02
9.574655610e-01 -4.869047940e-03 -2.885064848e-01 5.618621884e+01 1.108296291e-02 9.997403733e-01 1.990863914e-02 -3.955272810e+01 2.883346447e-01 -2.225934301e-02 9.572709409e-01 4.555098094e+02
9.575290980e-01 -4.501194912e-03 -2.883015187e-01 5.586626317e+01 1.099521527e-02 9.997209058e-01 2.090970567e-02 -3.954549549e+01 2.881269368e-01 -2.319158887e-02 9.573113488e-01 4.564873674e+02
9.573293090e-01 -5.660150495e-03 -2.889438645e-01 5.557033508e+01 1.252644663e-02 9.996812547e-01 2.191978761e-02 -3.953735507e+01 2.887276958e-01 -2.460389503e-02 9.570950664e-01 4.574628338e+02
9.571006426e-01 -6.090503337e-03 -2.896916735e-01 5.528859702e+01 1.328009302e-02 9.996504956e-01 2.285882369e-02 -3.953263479e+01 2.894512032e-01 -2.572532722e-02 9.568470142e-01 4.583897559e+02
9.568790102e-01 -6.570641716e-03 -2.904124422e-01 5.501316538e+01 1.379436502e-02 9.996441020e-01 2.283385333e-02 -3.953166901e+01 2.901590519e-01 -2.585529020e-02 9.566290967e-01 4.593201456e+02
9.567781945e-01 -5.320855810e-03 -2.907699694e-01 5.472372073e+01 1.249861948e-02 9.996611460e-01 2.283369831e-02 -3.952567403e+01 2.905499460e-01 -2.548100785e-02 9.565204897e-01 4.602582824e+02
9.569725617e-01 -3.213268174e-03 -2.901606298e-01 5.441850218e+01 1.042844672e-02 9.996735811e-01 2.332335049e-02 -3.951952007e+01 2.899909717e-01 -2.534573113e-02 9.566936972e-01 4.612005263e+02
9.571081896e-01 -1.451654342e-03 -2.897271236e-01 5.411535308e+01 9.179558829e-03 9.996373547e-01 2.531590048e-02 -3.951927148e+01 2.895853054e-01 -2.688962285e-02 9.567744243e-01 4.621369908e+02
9.569781457e-01 -7.293417389e-04 -2.901590886e-01 5.383488843e+01 8.893187009e-03 9.996007689e-01 2.681816753e-02 -3.950878634e+01 2.900236885e-01 -2.824483927e-02 9.566025764e-01 4.630958941e+02
9.569608756e-01 9.924133027e-05 -2.902169406e-01 5.355227086e+01 8.613479762e-03 9.995496974e-01 2.874387608e-02 -3.949756321e+01 2.900891078e-01 -3.000654256e-02 9.565290989e-01 4.640197913e+02
9.569325121e-01 1.131193582e-03 -2.903082632e-01 5.326370747e+01 8.287144980e-03 9.994784590e-01 3.121110637e-02 -3.948507579e+01 2.901921613e-01 -3.227274909e-02 9.564240582e-01 4.649573292e+02
9.566577692e-01 1.414392948e-03 -2.912111126e-01 5.298873652e+01 9.213003234e-03 9.993406578e-01 3.511937237e-02 -3.947538182e+01 2.910687774e-01 -3.628014935e-02 9.560139735e-01 4.658632255e+02
9.563121310e-01 1.589180739e-03 -2.923432616e-01 5.269769612e+01 1.021855529e-02 9.991924723e-01 3.885851775e-02 -3.945316887e+01 2.921689395e-01 -4.014819771e-02 9.555236433e-01 4.667888299e+02
9.556361675e-01 1.564892538e-03 -2.945455255e-01 5.241979062e+01 1.134612934e-02 9.990481443e-01 4.211971824e-02 -3.943583715e+01 2.943310735e-01 -4.359307774e-02 9.547087843e-01 4.676983777e+02
9.550307820e-01 6.605918757e-04 -2.965059343e-01 5.213820379e+01 1.298546596e-02 9.989448822e-01 4.405110682e-02 -3.940939624e+01 2.962221854e-01 -4.592043071e-02 9.540145339e-01 4.686061425e+02
9.544422232e-01 3.461185981e-04 -2.983955811e-01 5.185979790e+01 1.386823829e-02 9.988672825e-01 4.551729177e-02 -3.938358269e+01 2.980733376e-01 -4.758184618e-02 9.533563097e-01 4.694960695e+02
9.539084895e-01 -7.042161926e-04 -3.000968139e-01 5.157008017e+01 1.544084049e-02 9.987878568e-01 4.673753800e-02 -3.936021189e+01 2.997001403e-01 -4.921708131e-02 9.527630896e-01 4.704001337e+02
9.534174556e-01 -3.247635749e-04 -3.016538576e-01 5.127621251e+01 1.523168936e-02 9.987756204e-01 4.706650425e-02 -3.931682077e+01 3.012692333e-01 -4.946872458e-02 9.522550574e-01 4.712934865e+02
9.528396235e-01 -5.721774379e-04 -3.034737623e-01 5.100700366e+01 1.563334456e-02 9.987630148e-01 4.720210528e-02 -3.928707942e+01 3.030713618e-01 -4.972034612e-02 9.516699201e-01 4.721826640e+02
9.527121296e-01 -1.582918327e-03 -3.038701903e-01 5.072028129e+01 1.679650631e-02 9.987319644e-01 4.745883154e-02 -3.923978564e+01 3.034097486e-01 -5.031856203e-02 9.515306442e-01 4.730876990e+02
9.529067971e-01 -6.623948527e-04 -3.032625881e-01 5.043642293e+01 1.579540803e-02 9.987486909e-01 4.745057994e-02 -3.921141167e+01 3.028516819e-01 -5.000613647e-02 9.517248789e-01 4.739696719e+02
9.531421515e-01 -2.016308555e-03 -3.025160714e-01 5.016940780e+01 1.721642221e-02 9.987186932e-01 4.758746400e-02 -3.918975348e+01 3.020325045e-01 -5.056586224e-02 9.519555976e-01 4.748304301e+02
9.532642758e-01 -6.586289632e-03 -3.020659551e-01 4.990524770e+01 2.177969510e-02 9.986594075e-01 4.695777507e-02 -3.916382203e+01 3.013517302e-01 -5.134207385e-02 9.521297843e-01 4.756748105e+02
9.534128297e-01 -7.674259468e-03 -3.015710229e-01 4.963014630e+01 2.327138645e-02 9.985684552e-01 4.816100980e-02 -3.913904664e+01 3.007697104e-01 -5.293530046e-02 9.522265672e-01 4.765323911e+02
9.537909460e-01 -7.340279690e-03 -3.003813437e-01 4.935942339e+01 2.314676066e-02 9.985257875e-01 4.909663166e-02 -3.912527068e+01 2.995781348e-01 -5.378077782e-02 9.525547591e-01 4.773644782e+02
9.536916466e-01 -8.011319525e-03 -3.006793343e-01 4.910556090e+01 2.349360189e-02 9.985752946e-01 4.791066254e-02 -3.909846463e+01 2.998671272e-01 -5.275603922e-02 9.525211317e-01 4.781727421e+02
9.538658260e-01 -1.018946673e-02 -3.000602617e-01 4.884748316e+01 2.501709010e-02 9.986457869e-01 4.561510148e-02 -3.907313443e+01 2.991891227e-01 -5.101732106e-02 9.528289993e-01 4.789921801e+02
9.542308469e-01 -1.041116600e-02 -2.988897764e-01 4.859085091e+01 2.457547381e-02 9.987436889e-01 4.367024193e-02 -3.904842652e+01 2.980596197e-01 -4.901684981e-02 9.532878954e-01 4.797876921e+02
9.545716398e-01 -9.425813037e-03 -2.978323999e-01 4.833534505e+01 2.304438177e-02 9.988413890e-01 4.224732135e-02 -3.900856357e+01 2.970891127e-01 -4.719145835e-02 9.536828746e-01 4.805778581e+02
9.545807550e-01 -9.613654493e-03 -2.977971792e-01 4.810985352e+01 2.299980426e-02 9.988746167e-01 4.147901973e-02 -3.899109815e+01 2.970632782e-01 -4.644435080e-02 9.537275979e-01 4.813475289e+02
9.548062618e-01 -1.070361335e-02 -2.970360837e-01 4.786309663e+01 2.392712587e-02 9.988759643e-01 4.091821891e-02 -3.898194674e+01 2.962642317e-01 -4.617619140e-02 9.539891322e-01 4.821109336e+02
9.551128575e-01 -1.209381356e-02 -2.959952180e-01 4.762183624e+01 2.530869870e-02 9.988445101e-01 4.085479601e-02 -3.899655154e+01 2.951591082e-01 -4.651219475e-02 9.543153130e-01 4.828929586e+02
9.556244128e-01 -1.288981332e-02 -2.943056817e-01 4.738518681e+01 2.588543481e-02 9.988521016e-01 4.030413630e-02 -3.898244799e+01 2.934483359e-01 -4.613384712e-02 9.548611115e-01 4.836886340e+02
9.562824237e-01 -1.243728404e-02 -2.921801500e-01 4.718378391e+01 2.499324189e-02 9.989156266e-01 3.927987768e-02 -3.895034006e+01 2.913747826e-01 -4.486518579e-02 9.555563046e-01 4.844336040e+02
9.575228553e-01 -1.543347102e-02 -2.879440736e-01 4.697717672e+01 2.744530850e-02 9.989111769e-01 3.772553234e-02 -3.892528486e+01 2.870483175e-01 -4.402577338e-02 9.569038586e-01 4.851923265e+02
9.597817045e-01 -1.385307665e-02 -2.804053709e-01 4.672836330e+01 2.543155651e-02 9.989656110e-01 3.769541019e-02 -3.892995326e+01 2.795931253e-01 -4.331051008e-02 9.591412221e-01 4.859759834e+02
9.625092018e-01 -1.129482684e-02 -2.710137696e-01 4.652181958e+01 2.271641628e-02 9.989792442e-01 3.904400186e-02 -3.891082426e+01 2.702961354e-01 -4.373667268e-02 9.617832930e-01 4.867479383e+02
9.659422645e-01 -6.086057042e-03 -2.586861061e-01 4.629140002e+01 1.804741139e-02 9.988733747e-01 4.388931922e-02 -3.891017489e+01 2.581275509e-01 -4.706316298e-02 9.649638471e-01 4.875449171e+02
9.693708166e-01 -4.419932855e-03 -2.455619760e-01 4.610683226e+01 1.708683716e-02 9.986291061e-01 4.947674675e-02 -3.887677864e+01 2.450066527e-01 -5.215719190e-02 9.681174348e-01 4.883336021e+02
9.731813052e-01 -4.689130055e-03 -2.299916506e-01 4.593992986e+01 1.750699624e-02 9.984023957e-01 5.372300578e-02 -3.885100484e+01 2.293723008e-01 -5.630868785e-02 9.717086391e-01 4.890952511e+02
9.775089079e-01 -3.997738510e-03 -2.108562378e-01 4.575805389e+01 1.593688627e-02 9.983617299e-01 5.495336200e-02 -3.882981468e+01 2.102911091e-01 -5.707779276e-02 9.759711958e-01 4.898872792e+02
9.818218712e-01 -2.316013736e-03 -1.897905405e-01 4.560498904e+01 1.325426178e-02 9.983211608e-01 5.638425684e-02 -3.878895997e+01 1.893413260e-01 -5.787483006e-02 9.802042472e-01 4.906690130e+02
9.861717383e-01 -9.325301813e-04 -1.657239661e-01 4.544442023e+01 1.065109146e-02 9.982734447e-01 5.776403673e-02 -3.873976701e+01 1.653839678e-01 -5.873040164e-02 9.844789907e-01 4.914883989e+02
9.901412613e-01 -1.026380926e-03 -1.400686592e-01 4.531202084e+01 9.563464781e-03 9.981350999e-01 6.028982001e-02 -3.869564195e+01 1.397455648e-01 -6.103498012e-02 9.883045625e-01 4.923025973e+02
9.934860314e-01 -3.051677656e-03 -1.139130929e-01 4.523099643e+01 9.958889251e-03 9.981417111e-01 6.011609751e-02 -3.865430947e+01 1.135179545e-01 -6.085895102e-02 9.916702386e-01 4.930967948e+02
9.962531238e-01 -4.992040421e-03 -8.634114186e-02 4.516110502e+01 9.997968288e-03 9.982871591e-01 5.764363526e-02 -3.861555138e+01 8.590549386e-02 -5.829088769e-02 9.945966110e-01 4.939013766e+02
9.982347659e-01 -5.986250323e-03 -5.908905946e-02 4.511174954e+01 9.269715884e-03 9.984183571e-01 5.545138953e-02 -3.857699551e+01 5.866365577e-02 -5.590124364e-02 9.967114058e-01 4.946907004e+02
9.994351140e-01 -8.480788638e-03 -3.251967236e-02 4.509283362e+01 1.023354070e-02 9.984822000e-01 5.411627140e-02 -3.853729841e+01 3.201136534e-02 -5.441849327e-02 9.980049599e-01 4.955002994e+02
9.999343179e-01 -1.020651199e-02 -5.214106421e-03 4.508995361e+01 1.047650085e-02 9.984486847e-01 5.468516161e-02 -3.850723058e+01 4.647872940e-03 -5.473619537e-02 9.984900331e-01 4.963006065e+02
9.996901868e-01 -1.234820469e-02 2.161139330e-02 4.510684485e+01 1.113771518e-02 9.984097302e-01 5.526266275e-02 -3.847010306e+01 -2.225942003e-02 -5.500484010e-02 9.982379405e-01 4.971132983e+02
9.987173687e-01 -1.565085981e-02 4.815255042e-02 4.513855745e+01 1.290755074e-02 9.983041927e-01 5.676384379e-02 -3.843794179e+01 -4.895929593e-02 -5.606950522e-02 9.972257507e-01 4.979313355e+02
9.971060424e-01 -1.925997408e-02 7.354314143e-02 4.520443397e+01 1.503522680e-02 9.982280512e-01 5.757342991e-02 -3.840131987e+01 -7.452168952e-02 -5.630107704e-02 9.956287996e-01 4.987324489e+02
9.948628919e-01 -2.037231298e-02 9.916045150e-02 4.528009666e+01 1.468498776e-02 9.982230383e-01 5.775047089e-02 -3.836608853e+01 -1.001607578e-01 -5.599763046e-02 9.933942259e-01 4.995528278e+02
9.919462467e-01 -2.272451538e-02 1.246043338e-01 4.539481371e+01 1.554666384e-02 9.981793327e-01 5.827796292e-02 -3.833573053e+01 -1.257018093e-01 -5.587142489e-02 9.904935331e-01 5.003677048e+02
9.885031559e-01 -2.495895082e-02 1.491259925e-01 4.553447360e+01 1.650396375e-02 9.981993926e-01 5.766794339e-02 -3.829886214e+01 -1.502968065e-01 -5.454377406e-02 9.871351714e-01 5.011797156e+02
9.844836741e-01 -2.686999523e-02 1.734067438e-01 4.569264038e+01 1.728567152e-02 9.982503267e-01 5.654635969e-02 -3.826404013e+01 -1.746227391e-01 -5.267151593e-02 9.832256152e-01 5.019893174e+02
9.800893740e-01 -2.916934998e-02 1.964025664e-01 4.585810114e+01 1.880325429e-02 9.983400109e-01 5.443950989e-02 -3.822433565e+01 -1.976645054e-01 -4.966257777e-02 9.790109150e-01 5.027772730e+02
9.755863352e-01 -3.088215858e-02 2.174341160e-01 4.604955161e+01 1.983736399e-02 9.984081940e-01 5.279732154e-02 -3.818796333e+01 -2.187184983e-01 -4.719502573e-02 9.746460117e-01 5.035921542e+02
9.709593848e-01 -3.294037911e-02 2.369658299e-01 4.626238395e+01 2.125134938e-02 9.984357532e-01 5.171486164e-02 -3.815859981e+01 -2.382986640e-01 -4.517718660e-02 9.701405922e-01 5.043873871e+02
9.661789063e-01 -3.282623304e-02 2.557748217e-01 4.647839626e+01 2.024071621e-02 9.984583489e-01 5.168402937e-02 -3.812898991e+01 -2.570770982e-01 -4.475895339e-02 9.653538220e-01 5.051962878e+02
9.613467515e-01 -3.316710945e-02 2.733356291e-01 4.672550377e+01 2.005677429e-02 9.985165439e-01 5.062052370e-02 -3.809904009e+01 -2.746090842e-01 -4.318164500e-02 9.605858610e-01 5.059929135e+02
9.561296027e-01 -3.336919189e-02 2.910372484e-01 4.697067654e+01 1.958104748e-02 9.985491689e-01 5.016113838e-02 -3.806865713e+01 -2.922888391e-01 -4.226173513e-02 9.553958239e-01 5.067915865e+02
9.505478742e-01 -3.447269388e-02 3.086589903e-01 4.723562604e+01 2.011615251e-02 9.985677744e-01 4.957560181e-02 -3.803710844e+01 -3.099259256e-01 -4.091495159e-02 9.498799331e-01 5.075840291e+02
9.446454149e-01 -3.512774735e-02 3.262071145e-01 4.752478868e+01 2.006005119e-02 9.985755660e-01 4.944121110e-02 -3.800946296e+01 -3.274792123e-01 -4.016068196e-02 9.440044942e-01 5.083772990e+02
9.382586438e-01 -3.528371506e-02 3.441304647e-01 4.781972516e+01 1.926820910e-02 9.985708613e-01 4.984948373e-02 -3.797833644e+01 -3.453975295e-01 -4.014093125e-02 9.375975961e-01 5.091786832e+02
9.314006851e-01 -3.835445935e-02 3.619691966e-01 4.813315824e+01 2.105707837e-02 9.984451500e-01 5.161280814e-02 -3.794519093e+01 -3.633859702e-01 -4.045019111e-02 9.307601295e-01 5.100033399e+02
9.246591123e-01 -3.979807076e-02 3.787104958e-01 4.846268386e+01 2.124603528e-02 9.983662209e-01 5.304238886e-02 -3.790862414e+01 -3.802027512e-01 -4.100003165e-02 9.239939748e-01 5.108103266e+02
9.175264228e-01 -3.950071288e-02 3.957081716e-01 4.880847153e+01 2.053549984e-02 9.984332718e-01 5.205088943e-02 -3.787266644e+01 -3.971442517e-01 -3.963200129e-02 9.169000752e-01 5.116060483e+02
9.102409214e-01 -4.027268856e-02 4.121159735e-01 4.916583743e+01 2.131710387e-02 9.984969526e-01 5.049174957e-02 -3.784507585e+01 -4.135299821e-01 -3.717453763e-02 9.097312832e-01 5.123789814e+02
9.026594087e-01 -3.923640165e-02 4.285632936e-01 4.954833794e+01 2.090863489e-02 9.986575258e-01 4.739172040e-02 -3.781417930e+01 -4.298474391e-01 -3.381790888e-02 9.022679913e-01 5.132002955e+02
8.947673123e-01 -3.755353260e-02 4.449507714e-01 4.994181435e+01 1.957131734e-02 9.987979042e-01 4.494118434e-02 -3.777602036e+01 -4.461035982e-01 -3.150362998e-02 8.944266884e-01 5.139775774e+02
8.860049385e-01 -3.292879938e-02 4.625050735e-01 5.033722242e+01 1.462795435e-02 9.989636448e-01 4.310057292e-02 -3.775199337e+01 -4.634450041e-01 -3.142181736e-02 8.855684037e-01 5.147481748e+02
8.759430127e-01 -3.117843536e-02 4.814060070e-01 5.076599713e+01 1.166700279e-02 9.989865624e-01 4.347101631e-02 -3.772782739e+01 -4.822734903e-01 -3.246156777e-02 8.754190580e-01 5.155295038e+02
8.654180510e-01 -3.326101238e-02 4.999452991e-01 5.121160450e+01 1.186999480e-02 9.988751832e-01 4.590720648e-02 -3.770493723e+01 -5.009098724e-01 -3.379457706e-02 8.648394223e-01 5.162713377e+02
8.539051953e-01 -3.508516131e-02 5.192445944e-01 5.168569899e+01 1.145483283e-02 9.987503207e-01 4.864754516e-02 -3.767506317e+01 -5.203025122e-01 -3.559253153e-02 8.532399824e-01 5.170404986e+02
8.410077323e-01 -3.625367045e-02 5.398070633e-01 5.217738174e+01 1.119470762e-02 9.987048167e-01 4.963232506e-02 -3.764543282e+01 -5.409072681e-01 -3.569818690e-02 8.403243223e-01 5.177911325e+02
8.264203031e-01 -3.679783017e-02 5.618499821e-01 5.267436896e+01 9.933020328e-03 9.986596591e-01 5.079587038e-02 -3.762292985e+01 -5.629660893e-01 -3.639787130e-02 8.256781317e-01 5.185145873e+02
8.106988129e-01 -3.833009712e-02 5.842073591e-01 5.321134749e+01 1.060942214e-02 9.986525211e-01 5.079943230e-02 -3.758879037e+01 -5.853672992e-01 -3.498493696e-02 8.100130735e-01 5.192389904e+02
7.942595384e-01 -3.993917627e-02 6.062645032e-01 5.375339918e+01 1.125046355e-02 9.986328135e-01 5.104831936e-02 -3.756855044e+01 -6.074744544e-01 -3.372485788e-02 7.936229717e-01 5.199305514e+02
7.778323468e-01 -4.273588679e-02 6.270171324e-01 5.431960704e+01 1.380510699e-02 9.986064575e-01 5.093684382e-02 -3.753265043e+01 -6.283201886e-01 -3.096428617e-02 7.773383778e-01 5.206037941e+02
7.606261832e-01 -4.614132202e-02 6.475482900e-01 5.489491842e+01 1.612869742e-02 9.985061981e-01 5.220380779e-02 -3.750409293e+01 -6.489897338e-01 -2.926347263e-02 7.602341577e-01 5.212655267e+02
7.436270320e-01 -4.931589634e-02 6.667734096e-01 5.548969413e+01 1.819974944e-02 9.983995093e-01 5.354613807e-02 -3.747105333e+01 -6.683469207e-01 -2.768324674e-02 7.433344008e-01 5.219035450e+02
7.266360911e-01 -5.121901480e-02 6.851106507e-01 5.609496346e+01 1.926301551e-02 9.983439609e-01 5.420583052e-02 -3.743656200e+01 -6.867524499e-01 -2.619061571e-02 7.264193859e-01 5.225412650e+02
7.109587996e-01 -5.116971439e-02 7.013695499e-01 5.671218340e+01 1.935403588e-02 9.983951790e-01 5.322112151e-02 -3.740821558e+01 -7.029672870e-01 -2.426369323e-02 7.108081785e-01 5.231483326e+02
6.963426661e-01 -5.230997353e-02 7.158006413e-01 5.734408192e+01 2.087883142e-02 9.983947172e-01 5.265038604e-02 -3.737461254e+01 -7.174057191e-01 -2.171762926e-02 6.963170103e-01 5.237375364e+02
6.821568851e-01 -5.537408203e-02 7.291060932e-01 5.796715717e+01 2.284362511e-02 9.982555557e-01 5.444276114e-02 -3.734392781e+01 -7.308489261e-01 -2.048307811e-02 6.822318453e-01 5.243118910e+02
6.679570508e-01 -5.751359066e-02 7.419741001e-01 5.860210126e+01 2.165920144e-02 9.980892828e-01 5.786762925e-02 -3.731123935e+01 -7.438845726e-01 -2.258252447e-02 6.679264722e-01 5.248907301e+02
6.536301310e-01 -5.750821487e-02 7.546260379e-01 5.927275732e+01 2.102528651e-02 9.981037608e-01 5.785170742e-02 -3.727054469e+01 -7.565220348e-01 -2.194739045e-02 6.535998186e-01 5.254622148e+02
6.392547765e-01 -5.500277897e-02 7.670254396e-01 5.994433091e+01 1.957365301e-02 9.982794184e-01 5.527273130e-02 -3.723002195e+01 -7.687458636e-01 -2.031986769e-02 6.392314919e-01 5.260225979e+02
6.243446544e-01 -5.590176971e-02 7.791461639e-01 6.062020092e+01 2.090549823e-02 9.982745395e-01 5.487170359e-02 -3.719472683e+01 -7.808692033e-01 -1.797041607e-02 6.244360267e-01 5.265653126e+02
6.087022476e-01 -5.938804089e-02 7.911729485e-01 6.131219469e+01 2.036591956e-02 9.980355837e-01 5.924696634e-02 -3.715871710e+01 -7.931373167e-01 -1.995079694e-02 6.087159950e-01 5.270992068e+02
5.923183842e-01 -6.335801047e-02 8.032089979e-01 6.207517484e+01 1.803125379e-02 9.976960461e-01 6.540239659e-02 -3.711667070e+01 -8.055022071e-01 -2.425617658e-02 5.920961343e-01 5.276661582e+02
5.747723156e-01 -6.559020617e-02 8.156805196e-01 6.278756951e+01 1.639767406e-02 9.975055981e-01 6.865637636e-02 -3.708450256e+01 -8.181490705e-01 -2.608652112e-02 5.744141293e-01 5.281673193e+02
5.559204752e-01 -6.615790813e-02 8.285985497e-01 6.353302903e+01 1.576949279e-02 9.974876889e-01 6.906253334e-02 -3.704320335e+01 -8.310858851e-01 -2.532669750e-02 5.555671067e-01 5.286683747e+02
5.366916947e-01 -6.669976221e-02 8.411380187e-01 6.431413702e+01 1.712693669e-02 9.975264965e-01 6.817299202e-02 -3.699811116e+01 -8.436045832e-01 -2.218176102e-02 5.365065486e-01 5.291390907e+02
5.164816996e-01 -6.731021904e-02 8.536486329e-01 6.509719731e+01 1.882631531e-02 9.975573790e-01 6.726697161e-02 -3.694356515e+01 -8.560912474e-01 -1.867110150e-02 5.164873340e-01 5.295987710e+02
4.957094282e-01 -6.957321755e-02 8.656972509e-01 6.587649103e+01 2.148158517e-02 9.974634149e-01 6.786219409e-02 -3.689836805e+01 -8.682227273e-01 -1.504338021e-02 4.959465621e-01 5.300301668e+02
4.737325233e-01 -7.259693537e-02 8.776714541e-01 6.669456891e+01 2.625149060e-02 9.973177477e-01 6.832400314e-02 -3.684447609e+01 -8.802774311e-01 -9.327118481e-03 4.743676309e-01 5.304665378e+02
4.512833012e-01 -7.530640813e-02 8.891975748e-01 6.751471876e+01 2.913420154e-02 9.971450989e-01 6.966240001e-02 -3.680338691e+01 -8.919050288e-01 -5.531416487e-03 4.521889241e-01 5.308708597e+02
4.281819809e-01 -7.683506125e-02 9.004202156e-01 6.836083979e+01 3.017381929e-02 9.970389460e-01 7.073104498e-02 -3.675002463e+01 -9.031886469e-01 -3.116642085e-03 4.292325182e-01 5.312697504e+02
4.049558691e-01 -7.746541019e-02 9.110487661e-01 6.920570568e+01 2.908516373e-02 9.969916605e-01 7.184484806e-02 -3.670431085e+01 -9.138735128e-01 -2.595990361e-03 4.059907185e-01 5.316436662e+02
3.815725323e-01 -7.679911110e-02 9.211429309e-01 7.007076424e+01 2.882935900e-02 9.970464026e-01 7.118524576e-02 -3.665418689e+01 -9.238892091e-01 -6.063742378e-04 3.826595898e-01 5.319901388e+02
3.578841306e-01 -7.485023513e-02 9.307611892e-01 7.095706156e+01 2.745211935e-02 9.971945880e-01 6.963716608e-02 -3.659937834e+01 -9.333623788e-01 6.293306193e-04 3.589349157e-01 5.323192780e+02
3.326844230e-01 -7.337045588e-02 9.401796907e-01 7.184177646e+01 2.453610065e-02 9.973047538e-01 6.914627767e-02 -3.654810738e+01 -9.427189690e-01 6.445402540e-05 3.335879815e-01 5.326489980e+02
3.069864371e-01 -7.265029122e-02 9.489369118e-01 7.274616963e+01 2.240110564e-02 9.973574753e-01 6.911046941e-02 -3.649813485e+01 -9.514502183e-01 4.125923923e-05 3.078026647e-01 5.329543267e+02
2.809791604e-01 -7.340600538e-02 9.569024348e-01 7.368596749e+01 2.054658491e-02 9.973021301e-01 7.047197384e-02 -3.644244799e+01 -9.594939027e-01 -1.400789077e-04 2.817293579e-01 5.332391900e+02
2.553194758e-01 -7.420743073e-02 9.640047834e-01 7.461722215e+01 2.005718479e-02 9.972422301e-01 7.145378839e-02 -3.639711787e+01 -9.666486821e-01 1.091678280e-03 2.561037556e-01 5.334717904e+02
2.285900786e-01 -7.461565779e-02 9.706590955e-01 7.555621197e+01 2.088650545e-02 9.972048368e-01 7.173748976e-02 -3.634067147e+01 -9.732986848e-01 3.875198068e-03 2.295095924e-01 5.336872919e+02
2.027862157e-01 -7.505141717e-02 9.763426834e-01 7.651345092e+01 2.383990617e-02 9.971413941e-01 7.169866848e-02 -3.627476728e+01 -9.789327912e-01 8.736416307e-03 2.039957486e-01 5.338686206e+02
1.766668560e-01 -7.606115367e-02 9.813274290e-01 7.749160231e+01 2.480728230e-02 9.970370604e-01 7.281276604e-02 -3.622242289e+01 -9.839580381e-01 1.148046410e-02 1.780302733e-01 5.340330608e+02
1.508097934e-01 -7.716461104e-02 9.855465636e-01 7.846540697e+01 2.627201173e-02 9.969095906e-01 7.403411145e-02 -3.616442930e+01 -9.882136346e-01 1.472722182e-02 1.523709990e-01 5.341801004e+02
1.250503919e-01 -7.512743314e-02 9.893019096e-01 7.944286659e+01 2.706543245e-02 9.970162049e-01 7.229211290e-02 -3.610218787e+01 -9.917811562e-01 1.773572695e-02 1.267106237e-01 5.343113577e+02
1.004087047e-01 -7.445860293e-02 9.921562420e-01 8.042932514e+01 2.688508083e-02 9.970347149e-01 7.210388120e-02 -3.604666591e+01 -9.945829701e-01 1.943434345e-02 1.021127898e-01 5.344014493e+02
7.519403230e-02 -7.453337348e-02 9.943795220e-01 8.142708259e+01 2.673622421e-02 9.969948714e-01 7.270763829e-02 -3.598976702e+01 -9.968104292e-01 2.111877335e-02 7.696080555e-02 5.344839889e+02
5.063672797e-02 -7.692108453e-02 9.957505052e-01 8.244278449e+01 2.542222333e-02 9.968057660e-01 7.570981083e-02 -3.593621540e+01 -9.983935258e-01 2.148049463e-02 5.243048740e-02 5.345227828e+02
2.627561321e-02 -7.976666261e-02 9.964671955e-01 8.347449405e+01 2.458118184e-02 9.965615063e-01 7.912603663e-02 -3.587239701e+01 -9.993524692e-01 2.241525620e-02 2.814602352e-02 5.345536549e+02
1.883848467e-03 -8.116730992e-02 9.966987102e-01 8.449380787e+01 2.220762494e-02 9.964580676e-01 8.110573855e-02 -3.581153750e+01 -9.997516054e-01 2.198152022e-02 3.679709179e-03 5.345601279e+02
-2.316750929e-02 -7.979603736e-02 9.965419504e-01 8.554670431e+01 2.060588558e-02 9.965596227e-01 8.027649603e-02 -3.573650820e+01 -9.995192164e-01 2.239443587e-02 -2.144353630e-02 5.345537389e+02
-4.815874462e-02 -7.864766438e-02 9.957385602e-01 8.658865368e+01 1.836385401e-02 9.966570500e-01 7.960837563e-02 -3.566755861e+01 -9.986708688e-01 2.211943698e-02 -4.655347812e-02 5.345052879e+02
-7.343808792e-02 -7.698084418e-02 9.943242916e-01 8.761842561e+01 1.756811660e-02 9.967618953e-01 7.846709740e-02 -3.560460604e+01 -9.971450288e-01 2.323087869e-02 -7.184787926e-02 5.344345864e+02
-9.798427602e-02 -7.616588112e-02 9.922690362e-01 8.866834471e+01 1.786810029e-02 9.967715937e-01 7.827592794e-02 -3.554109878e+01 -9.950275437e-01 2.539977278e-02 -9.630700337e-02 5.343286791e+02
-1.222419239e-01 -7.617448718e-02 9.895728167e-01 8.973197350e+01 1.825505265e-02 9.967091309e-01 7.897886679e-02 -3.547394417e+01 -9.923324368e-01 2.771923250e-02 -1.204490725e-01 5.342002734e+02
-1.450128174e-01 -7.776218048e-02 9.863692646e-01 9.079524508e+01 1.828420294e-02 9.965259482e-01 8.125098509e-02 -3.540979223e+01 -9.892608204e-01 2.981741008e-02 -1.430872159e-01 5.340190703e+02
-1.675448024e-01 -7.640321346e-02 9.828994293e-01 9.186002373e+01 2.136223022e-02 9.964770141e-01 8.110003352e-02 -3.534191219e+01 -9.856329917e-01 3.458481298e-02 -1.653224014e-01 5.338438976e+02
-1.878103487e-01 -7.264863468e-02 9.795149048e-01 9.290175903e+01 2.194805161e-02 9.967014276e-01 7.813160244e-02 -3.527398968e+01 -9.819600582e-01 3.617236718e-02 -1.855963467e-01 5.336393393e+02
-2.084219405e-01 -7.214128099e-02 9.753747640e-01 9.397810125e+01 1.962584164e-02 9.967666402e-01 7.791720790e-02 -3.521242290e+01 -9.778420737e-01 3.538220632e-02 -2.063322040e-01 5.334178773e+02
-2.284180338e-01 -7.229671244e-02 9.708750626e-01 9.503815656e+01 1.843201382e-02 9.967390402e-01 7.855919166e-02 -3.514063633e+01 -9.733886494e-01 3.583951867e-02 -2.263405978e-01 5.331738670e+02
-2.484358076e-01 -7.068701332e-02 9.660657305e-01 9.609622148e+01 1.691810404e-02 9.968650025e-01 7.729129623e-02 -3.508049303e+01 -9.685006078e-01 3.554592614e-02 -2.464610717e-01 5.328887235e+02
-2.686998985e-01 -6.695338217e-02 9.608941717e-01 9.715452543e+01 1.584160859e-02 9.971391785e-01 7.390874167e-02 -3.501382294e+01 -9.630936652e-01 3.508138075e-02 -2.668705468e-01 5.325820242e+02
-2.886790742e-01 -6.438470504e-02 9.552586047e-01 9.820475508e+01 1.237550335e-02 9.974020289e-01 7.096506009e-02 -3.494768547e+01 -9.573459349e-01 3.230793391e-02 -2.871323011e-01 5.322796454e+02
-3.089244403e-01 -6.560155623e-02 9.488214405e-01 9.926924775e+01 9.371137412e-03 9.973599840e-01 7.200863886e-02 -3.488721434e+01 -9.510404155e-01 3.113676456e-02 -3.074941136e-01 5.319372665e+02
-3.281227695e-01 -6.765059587e-02 9.422095547e-01 1.003086700e+02 7.315022628e-03 9.972204328e-01 7.414781736e-02 -3.483756368e+01 -9.446067640e-01 3.122187139e-02 -3.267158645e-01 5.315744747e+02
-3.469714966e-01 -6.874886154e-02 9.353525403e-01 1.013446750e+02 5.053854102e-03 9.971582014e-01 7.516634789e-02 -3.477936041e+01 -9.378620576e-01 3.080771550e-02 -3.456380268e-01 5.311959626e+02
-3.637387860e-01 -7.001971990e-02 9.288656170e-01 1.023850981e+02 3.591627446e-03 9.970579959e-01 7.656665776e-02 -3.471354810e+01 -9.314940664e-01 3.118640238e-02 -3.624171802e-01 5.307992251e+02
-3.778126107e-01 -7.118642553e-02 9.231414431e-01 1.034352362e+02 4.410384597e-03 9.968902884e-01 7.867846876e-02 -3.465034383e+01 -9.258715784e-01 3.379712649e-02 -3.763237630e-01 5.303784212e+02
-3.891035914e-01 -6.906095430e-02 9.186016437e-01 1.044671879e+02 7.501360768e-03 9.969152665e-01 7.812605885e-02 -3.458454604e+01 -9.211634626e-01 3.728989241e-02 -3.873852594e-01 5.299527040e+02
-3.987115877e-01 -6.510533291e-02 9.147624639e-01 1.055112073e+02 1.159320146e-02 9.970393380e-01 7.601418350e-02 -3.451652951e+01 -9.170030902e-01 4.091276132e-02 -3.967763583e-01 5.295251518e+02
-4.048976026e-01 -6.234824113e-02 9.122338671e-01 1.065477708e+02 1.705126131e-02 9.969841607e-01 7.570890116e-02 -3.444501883e+01 -9.142030332e-01 4.620909061e-02 -4.026133803e-01 5.290511044e+02
-4.098996213e-01 -6.090730818e-02 9.100948304e-01 1.076127482e+02 2.230427091e-02 9.968004243e-01 7.675567480e-02 -3.437201970e+01 -9.118578946e-01 5.176112369e-02 -4.072296234e-01 5.285810065e+02
-4.123579225e-01 -6.028043273e-02 9.090254194e-01 1.086436969e+02 2.767423482e-02 9.965191850e-01 7.863619228e-02 -3.430213420e+01 -9.106014938e-01 5.758283980e-02 -4.092543660e-01 5.280944174e+02
-4.144495200e-01 -6.084192080e-02 9.080362636e-01 1.096982913e+02 3.047525239e-02 9.962753594e-01 8.066391527e-02 -3.423643910e+01 -9.095619025e-01 6.110375528e-02 -4.110516716e-01 5.276201990e+02
-4.157807624e-01 -6.159798413e-02 9.073764632e-01 1.107693978e+02 3.201964172e-02 9.960936924e-01 8.229276108e-02 -3.416408980e+01 -9.089010398e-01 6.326961620e-02 -4.121842495e-01 5.271418607e+02
-4.168806158e-01 -6.374161480e-02 9.067235294e-01 1.118285093e+02 3.178379810e-02 9.959058917e-01 8.462414017e-02 -3.409006351e+01 -9.084053844e-01 6.409728125e-02 -4.131479108e-01 5.266620982e+02
-4.179415716e-01 -6.799478776e-02 9.059257980e-01 1.129051936e+02 2.821712901e-02 9.957424710e-01 8.775377564e-02 -3.400631222e+01 -9.080355920e-01 6.223857602e-02 -4.142435556e-01 5.261767857e+02
-4.193629794e-01 -7.144716175e-02 9.050027594e-01 1.139969627e+02 2.690037835e-02 9.954824348e-01 9.105543213e-02 -3.391817092e+01 -9.074200026e-01 6.253019394e-02 -4.155465241e-01 5.256714105e+02
-4.206177046e-01 -7.199624204e-02 9.043767399e-01 1.150541506e+02 2.674970182e-02 9.954286336e-01 9.168581561e-02 -3.383675087e+01 -9.068435367e-01 6.275648544e-02 -4.167690290e-01 5.251935869e+02
-4.219544721e-01 -6.929565683e-02 9.039648972e-01 1.161211745e+02 2.700504129e-02 9.956716238e-01 8.893112702e-02 -3.374612030e+01 -9.062147379e-01 6.193649612e-02 -4.182567623e-01 5.247169259e+02
-4.230512300e-01 -6.707837688e-02 9.036194709e-01 1.171916091e+02 2.932784758e-02 9.957198854e-01 8.764580478e-02 -3.368090793e+01 -9.056310143e-01 6.357987964e-02 -4.192732579e-01 5.242270356e+02
-4.240134605e-01 -6.509562527e-02 9.033134256e-01 1.182715402e+02 3.167331863e-02 9.957375104e-01 8.662338793e-02 -3.359905667e+01 -9.051018651e-01 6.534041643e-02 -4.201443131e-01 5.237303750e+02
-4.255157391e-01 -6.553583449e-02 9.025748779e-01 1.193470465e+02 3.108943579e-02 9.957268692e-01 8.695659216e-02 -3.351863765e+01 -9.044168302e-01 6.506194229e-02 -4.216599826e-01 5.232468733e+02
-4.270583160e-01 -6.705314100e-02 9.017344792e-01 1.204553783e+02 3.013155795e-02 9.956375550e-01 8.830599206e-02 -3.342060499e+01 -9.037219063e-01 6.488247298e-02 -4.231748820e-01 5.227478152e+02
-4.289601997e-01 -6.985429854e-02 9.006184120e-01 1.215441635e+02 2.926761085e-02 9.954073246e-01 9.114639398e-02 -3.333779791e+01 -9.028491314e-01 6.545712457e-02 -4.249456563e-01 5.222731279e+02
-4.297640838e-01 -7.186259719e-02 9.000769964e-01 1.226518626e+02 2.923730726e-02 9.951976761e-01 9.341715723e-02 -3.325230084e+01 -9.024677347e-01 6.646316669e-02 -4.255991486e-01 5.217443593e+02
-4.306289858e-01 -7.289825593e-02 8.995801915e-01 1.237654779e+02 2.977486093e-02 9.950426354e-01 9.488736153e-02 -3.315686197e+01 -9.020377676e-01 6.764612336e-02 -4.263236655e-01 5.212160139e+02
-4.314856048e-01 -7.365371968e-02 8.991080594e-01 1.248751175e+02 2.934626157e-02 9.949879744e-01 9.559146299e-02 -3.306772696e+01 -9.016423735e-01 6.763180051e-02 -4.271615266e-01 5.206909440e+02
-4.322389403e-01 -7.414856280e-02 8.987054518e-01 1.260011386e+02 2.833014350e-02 9.950051206e-01 9.571944924e-02 -3.297267397e+01 -9.013139860e-01 6.683412772e-02 -4.279793195e-01 5.201640203e+02
-4.331367978e-01 -7.088971027e-02 8.985361224e-01 1.271169922e+02 3.139299044e-02 9.951108906e-01 9.364184697e-02 -3.286957504e+01 -9.007813245e-01 6.876746565e-02 -4.287937047e-01 5.196380699e+02
-4.338935996e-01 -6.848375157e-02 8.983575680e-01 1.282508740e+02 3.254713600e-02 9.952646762e-01 9.159098310e-02 -3.277368062e+01 -9.003760482e-01 6.897970729e-02 -4.296100229e-01 5.191038611e+02
-4.332283478e-01 -6.954270813e-02 8.985972459e-01 1.293966510e+02 3.243031132e-02 9.951703051e-01 9.265170647e-02 -3.267741328e+01 -9.007005460e-01 6.928113416e-02 -4.288806954e-01 5.185541358e+02
-4.330081624e-01 -7.050812699e-02 8.986281407e-01 1.305469910e+02 3.296860725e-02 9.950301240e-01 9.395809297e-02 -3.257854374e+01 -9.007868795e-01 7.031113942e-02 -4.285316108e-01 5.180128881e+02
-4.324703815e-01 -7.216953778e-02 8.987552097e-01 1.316859957e+02 2.999544905e-02 9.950881994e-01 9.433847813e-02 -3.248207989e+01 -9.011490677e-01 6.775716373e-02 -4.281814155e-01 5.174773405e+02
-4.327863814e-01 -6.738621437e-02 8.989744414e-01 1.328380436e+02 3.091791420e-02 9.955062184e-01 8.950671337e-02 -3.238498010e+01 -9.009661651e-01 6.653170123e-02 -4.287580927e-01 5.169414015e+02
-4.314558388e-01 -6.354561777e-02 8.998932235e-01 1.340005597e+02 3.163486709e-02 9.958368484e-01 8.548804885e-02 -3.229467819e+01 -9.015792224e-01 6.535232034e-02 -4.276493656e-01 5.163815839e+02
-4.318299549e-01 -6.082731643e-02 8.999016211e-01 1.351896085e+02 3.253552304e-02 9.960235305e-01 8.293712352e-02 -3.219995230e+01 -9.013680324e-01 6.509350423e-02 -4.281337477e-01 5.158284906e+02
-4.324801490e-01 -6.321655578e-02 8.994245871e-01 1.363692801e+02 3.299128895e-02 9.957615896e-01 8.585121726e-02 -3.211000081e+01 -9.010396748e-01 6.680212367e-02 -4.285615250e-01 5.152877905e+02
-4.328349022e-01 -6.639282857e-02 8.990249939e-01 1.375983702e+02 3.316604194e-02 9.954362088e-01 8.948054462e-02 -3.201589984e+01 -9.008628980e-01 6.854740343e-02 -4.286575468e-01 5.147018821e+02
-4.331119703e-01 -6.687331332e-02 8.988559290e-01 1.388225926e+02 3.235005991e-02 9.954480475e-01 8.964741151e-02 -3.190897049e+01 -9.007593990e-01 6.790541018e-02 -4.289771094e-01 5.141185979e+02
-4.335392705e-01 -6.635459857e-02 8.986883599e-01 1.400259852e+02 2.999995299e-02 9.956697178e-01 8.798758913e-02 -3.179708027e+01 -9.006351669e-01 6.510668375e-02 -4.296712882e-01 5.135597033e+02
-4.343332620e-01 -6.691794763e-02 8.982631050e-01 1.412246098e+02 2.939312930e-02 9.956525729e-01 8.838550756e-02 -3.171319359e+01 -9.002725484e-01 6.479152940e-02 -4.304781019e-01 5.130132260e+02
-4.344490588e-01 -6.861625986e-02 8.980789632e-01 1.424235978e+02 2.810335388e-02 9.955758158e-01 8.966045062e-02 -3.161788406e+01 -9.002578613e-01 6.419192931e-02 -4.305986292e-01 5.124492554e+02
-4.345369415e-01 -6.867530262e-02 8.980319311e-01 1.436448543e+02 2.785319167e-02 9.955871031e-01 8.961316800e-02 -3.152406105e+01 -9.002232202e-01 6.395328744e-02 -4.307065484e-01 5.118681836e+02
-4.345394053e-01 -6.697605870e-02 8.981590688e-01 1.448717451e+02 2.967477329e-02 9.956250545e-01 8.860112111e-02 -3.143376609e+01 -9.001638257e-01 6.515334522e-02 -4.306508197e-01 5.112835458e+02
-4.335524323e-01 -6.590281293e-02 8.987152540e-01 1.460976770e+02 3.107187323e-02 9.956357909e-01 8.799949165e-02 -3.134142482e+01 -9.005924867e-01 6.607716009e-02 -4.296125950e-01 5.106662466e+02
-4.339508972e-01 -6.571364590e-02 8.985367747e-01 1.473417708e+02 3.125788183e-02 9.956377754e-01 8.791111985e-02 -3.124685442e+01 -9.003941157e-01 6.623546566e-02 -4.300038366e-01 5.100774568e+02
-4.347306893e-01 -6.625040689e-02 8.981203212e-01 1.486259496e+02 3.165118792e-02 9.955502110e-01 8.875798422e-02 -3.113365336e+01 -9.000041278e-01 6.701239472e-02 -4.306993254e-01 5.094855816e+02
-4.355756997e-01 -6.735961580e-02 8.976282594e-01 1.498813783e+02 3.073297309e-02 9.955019813e-01 8.961746291e-02 -3.102631602e+01 -8.996273085e-01 6.662197425e-02 -4.315463108e-01 5.088959272e+02
-4.361587414e-01 -6.757709279e-02 8.973287518e-01 1.511213500e+02 2.836489245e-02 9.956483159e-01 8.876859709e-02 -3.093651447e+01 -8.994225843e-01 6.416983313e-02 -4.323438994e-01 5.083292268e+02
-4.364696597e-01 -6.750276865e-02 8.971831543e-01 1.523712778e+02 2.240172275e-02 9.960570476e-01 8.584008782e-02 -3.083224930e+01 -8.994400475e-01 5.756504220e-02 -4.332365023e-01 5.077455800e+02
-4.374887693e-01 -6.984794510e-02 8.965070224e-01 1.536625558e+02 1.732068446e-02 9.961391437e-01 8.606276942e-02 -3.074496285e+01 -8.990570452e-01 5.317961033e-02 -4.345898738e-01 5.071400055e+02
-4.374703049e-01 -7.264516988e-02 8.962937083e-01 1.549108822e+02 1.325599249e-02 9.961022040e-01 8.720480371e-02 -3.064531693e+01 -8.991351461e-01 5.003077474e-02 -4.348021511e-01 5.065582675e+02
-4.378656199e-01 -7.129226123e-02 8.962093017e-01 1.561888788e+02 1.317978066e-02 9.962348013e-01 8.568847075e-02 -3.054742381e+01 -8.989438204e-01 4.933187738e-02 -4.352773525e-01 5.059519086e+02
-4.375758485e-01 -6.970373933e-02 8.964757473e-01 1.574470775e+02 1.539867227e-02 9.962637659e-01 8.497875950e-02 -3.045473039e+01 -8.990496414e-01 5.098918902e-02 -4.348676176e-01 5.053524151e+02
-4.369859047e-01 -6.765812555e-02 8.969201175e-01 1.587214680e+02 2.056186357e-02 9.961549571e-01 8.516167742e-02 -3.036674230e+01 -8.992333006e-01 5.565680175e-02 -4.339144980e-01 5.047247465e+02
-4.367847735e-01 -6.602829128e-02 8.971395245e-01 1.599659913e+02 2.586865999e-02 9.959681771e-01 8.589646492e-02 -3.026192492e+01 -8.991940136e-01 6.072606529e-02 -4.333156712e-01 5.041162911e+02
-4.368747873e-01 -6.661615660e-02 8.970522325e-01 1.612265782e+02 2.740517434e-02 9.958053573e-01 8.729631620e-02 -3.017082553e+01 -8.991047640e-01 6.272143240e-02 -4.332166263e-01 5.035144132e+02
-4.363239179e-01 -6.823877500e-02 8.971983662e-01 1.624825417e+02 2.657102072e-02 9.957080886e-01 8.865316198e-02 -3.007570580e+01 -8.993972534e-01 6.252097135e-02 -4.326380804e-01 5.029024492e+02
-4.359070965e-01 -6.831131360e-02 8.973954355e-01 1.637303187e+02 2.700580959e-02 9.956734542e-01 8.891039832e-02 -2.997763849e+01 -8.995863991e-01 6.299156384e-02 -4.321763222e-01 5.023011290e+02
-4.359977338e-01 -6.937893803e-02 8.972694908e-01 1.650050906e+02 2.435435440e-02 9.957492099e-01 8.882779018e-02 -2.988802460e+01 -8.996181643e-01 6.058113439e-02 -4.324547198e-01 5.017025019e+02
-4.359740321e-01 -6.598743693e-02 8.975367968e-01 1.662469134e+02 2.769401437e-02 9.958522584e-01 8.666787755e-02 -2.979644374e+01 -8.995330372e-01 6.264134097e-02 -4.323382674e-01 5.010956473e+02
-4.360077244e-01 -6.411750948e-02 8.976559526e-01 1.675120696e+02 3.047137714e-02 9.958350302e-01 8.593071496e-02 -2.970219955e+01 -8.994269061e-01 6.481926855e-02 -4.322380165e-01 5.004922972e+02
-4.350375601e-01 -6.065597610e-02 8.983669483e-01 1.687801685e+02 3.452293364e-02 9.958711601e-01 8.395712937e-02 -2.961037968e+01 -8.997502366e-01 6.753876726e-02 -4.311473374e-01 4.998861224e+02
-4.336325583e-01 -5.802189351e-02 8.992198086e-01 1.700569900e+02 3.729532656e-02 9.959139747e-01 8.224605568e-02 -2.951969926e+01 -9.003176456e-01 6.920126395e-02 -4.296967792e-01 4.992671965e+02
-4.327700956e-01 -6.458413375e-02 8.991879303e-01 1.713241799e+02 3.198210334e-02 9.957027547e-01 8.690897106e-02 -2.942985753e+01 -9.009368399e-01 6.636952502e-02 -4.288448399e-01 4.986827678e+02
-4.316510679e-01 -7.043706178e-02 8.992863703e-01 1.725912960e+02 2.923313154e-02 9.953305951e-01 9.199146990e-02 -2.933009264e+01 -9.015668470e-01 6.599717298e-02 -4.275764184e-01 4.980957439e+02
-4.297980715e-01 -7.105844804e-02 9.001246106e-01 1.738617826e+02 2.514113285e-02 9.955701721e-01 9.059776924e-02 -2.922954786e+01 -9.025749504e-01 6.156889892e-02 -4.261076502e-01 4.975178820e+02
-4.278680910e-01 -6.810471834e-02 9.012716816e-01 1.751462290e+02 2.676716684e-02 9.957649694e-01 8.795251306e-02 -2.913234785e+01 -9.034447495e-01 6.175656333e-02 -4.242330862e-01 4.969194916e+02
-4.261784889e-01 -6.656191552e-02 9.021870133e-01 1.763743980e+02 2.614390767e-02 9.959666523e-01 8.583078462e-02 -2.903901090e+01 -9.042612409e-01 6.016592807e-02 -4.227193743e-01 4.963862393e+02
-4.244713178e-01 -6.414309477e-02 9.031665205e-01 1.776162347e+02 2.703313551e-02 9.961450965e-01 8.345152114e-02 -2.895270547e+01 -9.050377395e-01 5.983820008e-02 -4.211010328e-01 4.958160453e+02
-4.240709294e-01 -6.271097261e-02 9.034551349e-01 1.788832533e+02 2.672586635e-02 9.962985479e-01 8.170025393e-02 -2.886463803e+01 -9.052345414e-01 5.879232381e-02 -4.208252461e-01 4.952476791e+02
-4.235457570e-01 -6.489730411e-02 9.035470833e-01 1.801503982e+02 2.524103344e-02 9.961977790e-01 8.338390354e-02 -2.876872741e+01 -9.055229881e-01 5.812336069e-02 -4.202972674e-01 4.946781329e+02
-4.233176129e-01 -6.676695718e-02 9.035177763e-01 1.814246332e+02 2.327186184e-02 9.961503598e-01 8.451556729e-02 -2.866624480e+01 -9.056824052e-01 5.680346906e-02 -4.201342010e-01 4.941037248e+02
-4.234925604e-01 -6.680186101e-02 9.034332087e-01 1.827121619e+02 2.320103495e-02 9.961505089e-01 8.453328126e-02 -2.857350225e+01 -9.056024311e-01 5.675980116e-02 -4.203124572e-01 4.935155242e+02
-4.239267867e-01 -6.610589031e-02 9.032807375e-01 1.839512964e+02 2.062139692e-02 9.963696948e-01 8.259654522e-02 -2.847793013e+01 -9.054616709e-01 5.364179863e-02 -4.210246073e-01 4.929538967e+02
-4.260800610e-01 -6.411749502e-02 9.024105100e-01 1.851804605e+02 2.180589636e-02 9.964677154e-01 8.109620912e-02 -2.840293291e+01 -9.044226249e-01 5.423134779e-02 -4.231768855e-01 4.924048881e+02
-4.278428487e-01 -6.101446472e-02 9.017914015e-01 1.864435582e+02 2.414661229e-02 9.965912721e-01 7.888458271e-02 -2.831289762e+01 -9.035305407e-01 5.552541193e-02 -4.249111562e-01 4.918369220e+02
-4.291374278e-01 -5.844369585e-02 9.013464387e-01 1.877123543e+02 2.774522841e-02 9.965806235e-01 7.782842179e-02 -2.822517945e+01 -9.028129764e-01 5.840715156e-02 -4.260485117e-01 4.912252505e+02
-4.316982856e-01 -5.846578773e-02 9.001212928e-01 1.889647849e+02 2.929310518e-02 9.964621521e-01 7.877241491e-02 -2.813581085e+01 -9.015422919e-01 6.037326418e-02 -4.284583583e-01 4.906341708e+02
-4.341605723e-01 -5.949153067e-02 8.988689311e-01 1.901760762e+02 3.053244849e-02 9.962718573e-01 8.068553775e-02 -2.806491137e+01 -9.003179255e-01 6.247514858e-02 -4.307255376e-01 4.900442021e+02
-4.370503705e-01 -6.246443248e-02 8.972653835e-01 1.914097655e+02 2.875541226e-02 9.961052148e-01 8.335182867e-02 -2.798697375e+01 -8.989772522e-01 6.223018361e-02 -4.335519626e-01 4.894558352e+02
-4.396654519e-01 -6.261835737e-02 8.959761334e-01 1.925865632e+02 3.020530749e-02 9.959715808e-01 8.442896158e-02 -2.791385008e+01 -8.976535689e-01 6.418373216e-02 -4.360028885e-01 4.888842466e+02
-4.424306870e-01 -6.116099206e-02 8.947147145e-01 1.938110524e+02 3.108120707e-02 9.960266386e-01 8.345593956e-02 -2.782267361e+01 -8.962639376e-01 6.473228198e-02 -4.387717925e-01 4.883089625e+02
-4.457981606e-01 -5.729449498e-02 8.932980135e-01 1.950204601e+02 3.314597351e-02 9.962084772e-01 8.043639920e-02 -2.773539337e+01 -8.945196166e-01 6.546763110e-02 -4.422088249e-01 4.877505319e+02
-4.481055620e-01 -5.512489147e-02 8.922794695e-01 1.962945681e+02 3.368786416e-02 9.963469393e-01 7.847231568e-02 -2.763202058e+01 -8.933456963e-01 6.522287068e-02 -4.446115654e-01 4.871000435e+02
-4.510291122e-01 -5.532709979e-02 8.907927099e-01 1.975022345e+02 3.208240490e-02 9.964266635e-01 7.813208985e-02 -2.754844870e+01 -8.919324298e-01 6.381861952e-02 -4.476424070e-01 4.865015283e+02
-4.536066723e-01 -5.745390290e-02 8.893480960e-01 1.987261728e+02 2.910771580e-02 9.964322604e-01 7.921799883e-02 -2.744928460e+01 -8.907265168e-01 6.182070446e-02 -4.503159699e-01 4.858796784e+02
-4.560514269e-01 -5.997175084e-02 8.879304506e-01 1.999007386e+02 2.607922528e-02 9.963978219e-01 8.069234450e-02 -2.737420609e+01 -8.895712282e-01 5.995639710e-02 -4.528446316e-01 4.852958205e+02
-4.588766432e-01 -6.240013108e-02 8.863060701e-01 2.010814972e+02 2.256684547e-02 9.963904229e-01 8.183436144e-02 -2.728498616e+01 -8.882133549e-01 5.755300920e-02 -4.558121184e-01 4.847123953e+02
-4.613917555e-01 -6.358903110e-02 8.849147321e-01 2.022617497e+02 2.051085364e-02 9.963969839e-01 8.229432162e-02 -2.720672197e+01 -8.869593862e-01 5.612027808e-02 -4.584250883e-01 4.841124477e+02
-4.631403501e-01 -6.539861255e-02 8.838687898e-01 2.034140809e+02 1.990668161e-02 9.962546463e-01 8.414513552e-02 -2.713375332e+01 -8.860613636e-01 5.656590211e-02 -4.601038563e-01 4.835245910e+02
-4.647997097e-01 -6.711806768e-02 8.828682772e-01 2.045242800e+02 1.953820480e-02 9.961024475e-01 8.601263107e-02 -2.706408379e+01 -8.852002533e-01 5.722830716e-02 -4.616767619e-01 4.829517639e+02
-4.663274114e-01 -6.791302748e-02 8.820014547e-01 2.056161507e+02 1.874259475e-02 9.960663752e-01 8.660537735e-02 -2.700011177e+01 -8.844136252e-01 5.691745727e-02 -4.632201880e-01 4.823909057e+02
-4.688939065e-01 -6.748920363e-02 8.806723067e-01 2.066952274e+02 1.602613004e-02 9.962622855e-01 8.488004266e-02 -2.691005818e+01 -8.831090916e-01 5.391350370e-02 -4.660597242e-01 4.818727573e+02
-4.706354448e-01 -6.823859516e-02 8.796850415e-01 2.077772230e+02 1.291834022e-02 9.963650457e-01 8.420102229e-02 -2.685359876e+01 -8.822331860e-01 5.099205623e-02 -4.680431771e-01 4.813416013e+02
-4.707494387e-01 -6.979571763e-02 8.795018612e-01 2.088611987e+02 9.793450280e-03 9.963911284e-01 8.431374434e-02 -2.677584928e+01 -8.822125902e-01 4.830400557e-02 -4.683670235e-01 4.807570676e+02
-4.700792045e-01 -7.033756630e-02 8.798171221e-01 2.099284073e+02 8.363784542e-03 9.964198419e-01 8.412815119e-02 -2.669355882e+01 -8.825846071e-01 4.690549523e-02 -4.678079583e-01 4.801920750e+02
-4.689315034e-01 -7.120465702e-02 8.803596662e-01 2.109614656e+02 7.475190482e-03 9.963894135e-01 8.457102434e-02 -2.663941250e+01 -8.832029023e-01 4.623887379e-02 -4.667061173e-01 4.796673216e+02
-4.651942558e-01 -7.102713948e-02 8.823544921e-01 2.119726650e+02 4.700441773e-03 9.965635009e-01 8.269881770e-02 -2.654404943e+01 -8.851961422e-01 4.261847087e-02 -4.632617573e-01 4.791250364e+02
-4.602824547e-01 -7.155015705e-02 8.848845331e-01 2.129367857e+02 4.163351828e-03 9.965619890e-01 8.274580681e-02 -2.649590596e+01 -8.877627658e-01 4.177052871e-02 -4.584021101e-01 4.786421756e+02
-4.534076186e-01 -7.190316585e-02 8.883982588e-01 2.139064891e+02 4.450354612e-03 9.965456490e-01 8.292746078e-02 -2.643659042e+01 -8.912921663e-01 4.155362979e-02 -4.515213949e-01 4.781657492e+02
-4.441780292e-01 -7.187344608e-02 8.930509986e-01 2.148706593e+02 4.368694649e-03 9.965914713e-01 8.237932847e-02 -2.636711839e+01 -8.959278949e-01 4.049255488e-02 -4.423500425e-01 4.777059977e+02
-4.319999801e-01 -7.158931085e-02 8.990278014e-01 2.158243543e+02 4.621202459e-03 9.966557581e-01 8.158397118e-02 -2.630631272e+01 -9.018617753e-01 3.939886341e-02 -4.302244390e-01 4.772731047e+02
-4.187790833e-01 -7.039895568e-02 9.053552156e-01 2.167823073e+02 3.670701044e-03 9.968510792e-01 7.921143716e-02 -2.622358039e+01 -9.080807262e-01 3.649538138e-02 -4.172019677e-01 4.768581476e+02
-4.022531176e-01 -6.842761128e-02 9.129677384e-01 2.177351946e+02 4.905214320e-03 9.970275777e-01 7.688919369e-02 -2.616931056e+01 -9.155153566e-01 3.540722030e-02 -4.007217994e-01 4.764260173e+02
-3.849167835e-01 -6.875529142e-02 9.203867555e-01 2.186924116e+02 -3.032994948e-04 9.972307534e-01 7.436889502e-02 -2.608730876e+01 -9.229512326e-01 2.834668303e-02 -3.838717075e-01 4.760221374e+02
-3.685574981e-01 -6.731618659e-02 9.271644415e-01 2.196240827e+02 -3.151624426e-03 9.974594279e-01 7.116710607e-02 -2.602536636e+01 -9.295996116e-01 2.330709646e-02 -3.678333065e-01 4.756781455e+02
-3.522927864e-01 -6.341116317e-02 9.337391590e-01 2.205507172e+02 -2.566451437e-03 9.977636986e-01 6.679083100e-02 -2.596444921e+01 -9.358863211e-01 2.113353175e-02 -3.516676952e-01 4.753643845e+02
-3.330708769e-01 -6.428007439e-02 9.407081710e-01 2.215179593e+02 -5.866263068e-03 9.977955002e-01 6.610390927e-02 -2.592040353e+01 -9.428835442e-01 1.649884543e-02 -3.327137061e-01 4.750331502e+02
-3.132439774e-01 -6.270593812e-02 9.476002195e-01 2.224845074e+02 -4.622649221e-03 9.979065612e-01 6.450679178e-02 -2.586651360e+01 -9.496614353e-01 1.582594061e-02 -3.128780879e-01 4.747053795e+02
-2.933375898e-01 -6.338329885e-02 9.539054543e-01 2.234792019e+02 -5.566431754e-03 9.978960657e-01 6.459455766e-02 -2.580997783e+01 -9.559927161e-01 1.363816225e-02 -2.930732456e-01 4.744033132e+02
-2.735824154e-01 -6.467793553e-02 9.596715202e-01 2.244356889e+02 -5.875367161e-03 9.978303631e-01 6.557474034e-02 -2.575829626e+01 -9.618306203e-01 1.230167331e-02 -2.733688475e-01 4.741353914e+02
-2.529006388e-01 -6.792887432e-02 9.651046238e-01 2.254518267e+02 -1.052702235e-02 9.976662952e-01 6.746217571e-02 -2.566605335e+01 -9.674349842e-01 6.901549384e-03 -2.530255322e-01 4.738703925e+02
-2.323840429e-01 -7.044832746e-02 9.700694252e-01 2.264452833e+02 -1.149109913e-02 9.975026612e-01 6.968784325e-02 -2.561609231e+01 -9.725562252e-01 5.047178827e-03 -2.326132299e-01 4.736401554e+02
-2.121965589e-01 -7.306632642e-02 9.744916276e-01 2.274546443e+02 -1.639043645e-02 9.973267113e-01 7.120944178e-02 -2.556291678e+01 -9.770895425e-01 -8.619445852e-04 -2.128268852e-01 4.734431196e+02
-1.914850264e-01 -7.328948531e-02 9.787554015e-01 2.284492672e+02 -1.957464971e-02 9.972950296e-01 7.084812711e-02 -2.550904525e+01 -9.813003198e-01 -5.592438643e-03 -1.924016811e-01 4.732482133e+02
-1.707807836e-01 -7.348874136e-02 9.825646690e-01 2.294325605e+02 -2.330599270e-02 9.972369853e-01 7.053528116e-02 -2.546716619e+01 -9.850333774e-01 -1.085357441e-02 -1.720216418e-01 4.730933782e+02
-1.496218299e-01 -7.268804858e-02 9.860678251e-01 2.304574524e+02 -2.632577495e-02 9.972333740e-01 6.951655411e-02 -2.539527717e+01 -9.883927669e-01 -1.555780562e-02 -1.511214515e-01 4.729427273e+02
-1.274096198e-01 -7.210448348e-02 9.892258247e-01 2.314512587e+02 -2.449178528e-02 9.972786777e-01 6.953697849e-02 -2.534648446e+01 -9.915477504e-01 -1.536822650e-02 -1.288288646e-01 4.728180576e+02
-1.027420665e-01 -7.001225877e-02 9.922410752e-01 2.324390838e+02 -2.277880418e-02 9.974239312e-01 6.801931773e-02 -2.529701909e+01 -9.944471800e-01 -1.561361989e-02 -1.040721914e-01 4.727183789e+02
-7.798652731e-02 -6.503308967e-02 9.948310403e-01 2.334163095e+02 -1.842395318e-02 9.977937429e-01 6.378247888e-02 -2.524978279e+01 -9.967841589e-01 -1.335454647e-02 -7.901263558e-02 4.726470841e+02
-5.030260822e-02 -5.961389722e-02 9.969532742e-01 2.344328770e+02 -1.429958151e-02 9.981576630e-01 5.896441048e-02 -2.519751426e+01 -9.986316486e-01 -1.128995096e-02 -5.106238765e-02 4.725778867e+02
-2.328211091e-02 -5.719457815e-02 9.980915407e-01 2.354053300e+02 -1.063243706e-02 9.983198637e-01 5.695964305e-02 -2.515923778e+01 -9.996723936e-01 -9.286004761e-03 -2.385111154e-02 4.725615021e+02
5.515911249e-03 -5.630204342e-02 9.983985450e-01 2.364050249e+02 -9.013719527e-03 9.983703731e-01 5.635025337e-02 -2.512071847e+01 -9.999441622e-01 -9.310107457e-03 4.999431543e-03 4.725650480e+02
3.399487400e-02 -5.575781562e-02 9.978654291e-01 2.374212427e+02 -9.194437904e-03 9.983828209e-01 5.609995834e-02 -2.507591804e+01 -9.993797130e-01 -1.108192274e-02 3.342723642e-02 4.726140289e+02
6.294639015e-02 -5.552144369e-02 9.964713349e-01 2.384440643e+02 -8.585190298e-03 9.983842879e-01 5.617035011e-02 -2.503779948e+01 -9.979799830e-01 -1.209061681e-02 6.236802475e-02 4.726942066e+02
9.316672942e-02 -5.567498580e-02 9.940926800e-01 2.394314735e+02 -9.634431232e-03 9.983381961e-01 5.681570187e-02 -2.499691263e+01 -9.956039063e-01 -1.487085069e-02 9.247550776e-02 4.727985059e+02
1.235503052e-01 -5.647892663e-02 9.907297578e-01 2.404792670e+02 -1.379042459e-02 9.981848970e-01 5.862367843e-02 -2.494734454e+01 -9.922424836e-01 -2.090555738e-02 1.225471803e-01 4.729430871e+02
1.534596899e-01 -5.668752117e-02 9.865275711e-01 2.415059881e+02 -1.599210259e-02 9.980799302e-01 5.983899691e-02 -2.489824615e+01 -9.880254937e-01 -2.495952404e-02 1.522584840e-01 4.731153029e+02
1.836160881e-01 -5.218196286e-02 9.816120287e-01 2.425219650e+02 -2.216857546e-02 9.981162353e-01 5.720607510e-02 -2.485564407e+01 -9.827480279e-01 -3.226489606e-02 1.821133989e-01 4.733139907e+02
2.125428908e-01 -4.903938165e-02 9.759204161e-01 2.435166880e+02 -2.530957547e-02 9.981285304e-01 5.566742470e-02 -2.481491701e+01 -9.768239068e-01 -3.653184679e-02 2.109039573e-01 4.735364502e+02
2.414564629e-01 -4.540026781e-02 9.693490559e-01 2.445450943e+02 -2.683231434e-02 9.982107243e-01 5.343572536e-02 -2.477213967e+01 -9.700406195e-01 -3.891227981e-02 2.398062365e-01 4.737885668e+02
2.693843148e-01 -4.229038323e-02 9.621037441e-01 2.455521920e+02 -2.998283585e-02 9.981827179e-01 5.227132278e-02 -2.474262402e+01 -9.625659045e-01 -4.292767310e-02 2.676267819e-01 4.740796118e+02
2.979921478e-01 -3.890664207e-02 9.537751061e-01 2.465956370e+02 -3.211494939e-02 9.981947807e-01 5.075243575e-02 -2.470427510e+01 -9.540279398e-01 -4.575426660e-02 2.962047218e-01 4.743967983e+02
3.259945034e-01 -3.920538590e-02 9.445583738e-01 2.476096157e+02 -3.257233579e-02 9.980806903e-01 5.266857236e-02 -2.466236497e+01 -9.448103655e-01 -4.793613762e-02 3.240918080e-01 4.747481835e+02
3.538494930e-01 -4.078859630e-02 9.344125570e-01 2.486221217e+02 -3.228152982e-02 9.979207837e-01 5.578541358e-02 -2.463017412e+01 -9.347451199e-01 -4.990390713e-02 3.517970450e-01 4.751191184e+02
3.813585269e-01 -4.112807775e-02 9.235118598e-01 2.496107976e+02 -3.095009710e-02 9.978816951e-01 5.722074797e-02 -2.457816679e+01 -9.239089595e-01 -5.040440189e-02 3.792777753e-01 4.755254369e+02
4.091545240e-01 -3.539277520e-02 9.117784418e-01 2.505946465e+02 -3.344854511e-02 9.979940948e-01 5.374924648e-02 -2.453464603e+01 -9.118518357e-01 -5.248940971e-02 4.071499620e-01 4.759686891e+02
4.350952214e-01 -3.351770311e-02 8.997603636e-01 2.515904167e+02 -2.928559716e-02 9.982513269e-01 5.134824433e-02 -2.449508978e+01 -8.999080520e-01 -4.869139528e-02 4.333527961e-01 4.764432175e+02
4.597070691e-01 -3.050161387e-02 8.875466535e-01 2.525514653e+02 -3.151173613e-02 9.982203936e-01 5.062663544e-02 -2.445618175e+01 -8.875113640e-01 -5.124155814e-02 4.579278126e-01 4.769488611e+02
4.831780337e-01 -3.142306565e-02 8.749580440e-01 2.535259815e+02 -3.347231111e-02 9.979621217e-01 5.432502171e-02 -2.440776343e+01 -8.748820447e-01 -5.553552503e-02 4.811415731e-01 4.775023976e+02
5.057814061e-01 -3.344393789e-02 8.620131509e-01 2.544845532e+02 -3.398012001e-02 9.977003604e-01 5.864590547e-02 -2.436182230e+01 -8.619921813e-01 -5.895331885e-02 5.034818621e-01 4.780640114e+02
5.274798846e-01 -3.714117515e-02 8.487552677e-01 2.554389843e+02 -3.132169947e-02 9.975145430e-01 6.311646103e-02 -2.431277875e+01 -8.489899425e-01 -5.987712100e-02 5.250055313e-01 4.786618403e+02
5.483086987e-01 -3.738361673e-02 8.354400254e-01 2.563603018e+02 -3.118723660e-02 9.973913342e-01 6.509902187e-02 -2.426381539e+01 -8.356942785e-01 -6.174942571e-02 5.457124529e-01 4.792723693e+02
5.680928404e-01 -3.493448912e-02 8.222226621e-01 2.572523965e+02 -3.384854413e-02 9.972613136e-01 6.575825817e-02 -2.421428869e+01 -8.222680832e-01 -6.518783573e-02 5.653545307e-01 4.799085358e+02
5.860144571e-01 -3.422055149e-02 8.095776738e-01 2.581607318e+02 -3.258446877e-02 9.973044861e-01 6.574202947e-02 -2.415338410e+01 -8.096451744e-01 -6.490543814e-02 5.833197885e-01 4.805807585e+02
6.024037282e-01 -3.258219945e-02 7.975262683e-01 2.590501945e+02 -3.392010804e-02 9.972189095e-01 6.636168243e-02 -2.409907138e+01 -7.974704851e-01 -6.702870208e-02 5.996231971e-01 4.812631990e+02
6.168152321e-01 -2.811524765e-02 7.866056841e-01 2.599173618e+02 -3.979405693e-02 9.969699254e-01 6.683861797e-02 -2.405061032e+01 -7.861013945e-01 -7.252930904e-02 6.138274162e-01 4.819678057e+02
6.292660981e-01 -2.572248790e-02 7.767641414e-01 2.608034475e+02 -4.182238449e-02 9.968832811e-01 6.689254057e-02 -2.399157843e+01 -7.760638285e-01 -7.457933658e-02 6.262290768e-01 4.827101260e+02
6.408064392e-01 -2.230100959e-02 7.673785066e-01 2.616845517e+02 -4.558966855e-02 9.967084812e-01 6.703570418e-02 -2.393025008e+01 -7.663476297e-01 -7.794144267e-02 6.376805172e-01 4.834705080e+02
6.513664008e-01 -1.985014207e-02 7.585036478e-01 2.625580987e+02 -4.795491180e-02 9.965822303e-01 6.726205907e-02 -2.386455549e+01 -7.572464185e-01 -8.018622086e-02 6.481882687e-01 4.842306073e+02
6.609574557e-01 -1.885462583e-02 7.501864734e-01 2.634309858e+02 -4.774577677e-02 9.966022110e-01 6.711463177e-02 -2.379805914e+01 -7.489029194e-01 -8.017815215e-02 6.578114329e-01 4.850033446e+02
6.699103923e-01 -1.683896339e-02 7.422509788e-01 2.642785904e+02 -4.737632875e-02 9.967357123e-01 6.537127271e-02 -2.373198308e+01 -7.409288426e-01 -7.895802134e-02 6.669258438e-01 4.857899445e+02
6.788275164e-01 -1.418420515e-02 7.341607530e-01 2.651541753e+02 -4.667833494e-02 9.969577020e-01 6.242173878e-02 -2.368274556e+01 -7.328126200e-01 -7.664299543e-02 6.761002257e-01 4.865936994e+02
6.863238760e-01 -1.256095377e-02 7.271875685e-01 2.660028640e+02 -4.522455314e-02 9.971789183e-01 5.990780203e-02 -2.362741311e+01 -7.258886120e-01 -7.400288772e-02 6.838196367e-01 4.874091742e+02
6.921243947e-01 -1.211021314e-02 7.216766347e-01 2.668382274e+02 -4.531880121e-02 9.971572844e-01 6.019598392e-02 -2.357947562e+01 -7.203540994e-01 -7.436862888e-02 6.896080615e-01 4.882265731e+02
6.963182613e-01 -1.219766578e-02 7.176294976e-01 2.676698159e+02 -4.570068065e-02 9.970731513e-01 6.129093590e-02 -2.352756251e+01 -7.162767110e-01 -7.547415442e-02 6.937228015e-01 4.890481024e+02
6.992431470e-01 -1.158592366e-02 7.147900305e-01 2.684906008e+02 -4.719101172e-02 9.969396910e-01 6.232383889e-02 -2.347656293e+01 -7.133246314e-01 -7.731118195e-02 6.965564955e-01 4.898781528e+02
7.018139527e-01 -1.375688689e-02 7.122274383e-01 2.693250332e+02 -4.636332946e-02 9.968115902e-01 6.493916593e-02 -2.343164869e+01 -7.108499261e-01 -7.859644810e-02 6.989384671e-01 4.907095051e+02
7.041912591e-01 -1.306735069e-02 7.098900725e-01 2.701606650e+02 -4.760920467e-02 9.967112965e-01 6.557404256e-02 -2.337871063e+01 -7.084123335e-01 -7.997396934e-02 7.012532566e-01 4.915411758e+02
7.061326100e-01 -1.336596398e-02 7.079534505e-01 2.709895192e+02 -4.768190480e-02 9.966547471e-01 6.637583206e-02 -2.332773102e+01 -7.064723441e-01 -8.062670857e-02 7.031331032e-01 4.923723306e+02
7.082921807e-01 -1.265239327e-02 7.058059958e-01 2.717995219e+02 -4.860507666e-02 9.965924317e-01 6.664136517e-02 -2.327420505e+01 -7.042440865e-01 -8.150731239e-02 7.052636561e-01 4.932037454e+02
7.099600319e-01 -9.798845709e-03 7.041737966e-01 2.726122293e+02 -4.966662604e-02 9.967167782e-01 6.394443184e-02 -2.321820668e+01 -7.024884194e-01 -8.037192749e-02 7.071424000e-01 4.940284090e+02
7.111023009e-01 -9.621799068e-03 7.030227156e-01 2.734249650e+02 -4.739663341e-02 9.969757715e-01 6.158628259e-02 -2.316403471e+01 -7.014891851e-01 -7.711505718e-02 7.084957242e-01 4.948573320e+02
7.119659612e-01 -8.631261387e-03 7.021609299e-01 2.742289699e+02 -4.625052599e-02 9.971768559e-01 5.915409491e-02 -2.311545308e+01 -7.006892028e-01 -7.459101438e-02 7.095567783e-01 4.956864474e+02
7.125017688e-01 -9.011237463e-03 7.016124479e-01 2.750506753e+02 -4.450888682e-02 9.973233801e-01 5.800891720e-02 -2.305558462e+01 -7.002572302e-01 -7.255944515e-02 7.101935923e-01 4.965083142e+02
7.122327969e-01 -9.884338828e-03 7.018737371e-01 2.758466549e+02 -4.405976176e-02 9.972996592e-01 5.875480576e-02 -2.300605968e+01 -7.005591912e-01 -7.277148929e-02 7.098740240e-01 4.973124014e+02
7.104875006e-01 -1.030705472e-02 7.036343340e-01 2.766525466e+02 -4.546681149e-02 9.971311805e-01 6.051593114e-02 -2.295567388e+01 -7.022394752e-01 -7.498782229e-02 7.079806113e-01 4.981359479e+02
7.075086942e-01 -1.062993055e-02 7.066246897e-01 2.774479185e+02 -4.677997652e-02 9.969894113e-01 6.183645851e-02 -2.290886470e+01 -7.051546507e-01 -7.680571841e-02 7.048814086e-01 4.989377434e+02
7.033991111e-01 -1.043837405e-02 7.107184611e-01 2.782320920e+02 -4.938644847e-02 9.967580105e-01 6.351729887e-02 -2.286384850e+01 -7.090773366e-01 -7.977787222e-02 7.006031843e-01 4.997242219e+02
6.983005311e-01 -1.065146494e-02 7.157254464e-01 2.790139827e+02 -5.050826900e-02 9.966637815e-01 6.411100880e-02 -2.282128870e+01 -7.140205061e-01 -8.091880487e-02 6.954328608e-01 5.005034020e+02
6.926616767e-01 -8.611350734e-03 7.212112355e-01 2.797717758e+02 -5.296444867e-02 9.966217912e-01 6.276760731e-02 -2.277810282e+01 -7.193153472e-01 -8.167527159e-02 6.898656255e-01 5.012521961e+02
6.855579017e-01 -5.706595173e-03 7.279957405e-01 2.805416656e+02 -5.451356344e-02 9.967595763e-01 5.914912020e-02 -2.273520358e+01 -7.259742659e-01 -8.023578871e-02 6.830253168e-01 5.019896747e+02
6.774058631e-01 -3.399387961e-03 7.356016183e-01 2.813013179e+02 -5.644337976e-02 9.968010576e-01 5.658441860e-02 -2.269602457e+01 -7.334408235e-01 -7.985045841e-02 6.750470078e-01 5.026947079e+02
6.681243681e-01 -4.498262862e-03 7.440360169e-01 2.820677294e+02 -5.340170767e-02 9.971129545e-01 5.398160499e-02 -2.266553953e+01 -7.421307745e-01 -7.579921959e-02 6.659552477e-01 5.033775868e+02
6.579543917e-01 -4.187109712e-03 7.530461384e-01 2.828334045e+02 -5.249553905e-02 9.972968688e-01 5.141180585e-02 -2.263296865e+01 -7.512258228e-01 -7.335818640e-02 6.559560501e-01 5.040510613e+02
6.470550089e-01 -4.802054628e-03 7.624281971e-01 2.835804317e+02 -4.949365389e-02 9.976064880e-01 4.828740287e-02 -2.260069061e+01 -7.608351948e-01 -6.897996320e-02 6.452686038e-01 5.046943185e+02
6.361062918e-01 -4.782672132e-03 7.715866196e-01 2.843223671e+02 -4.818436771e-02 9.977828766e-01 4.590858230e-02 -2.256716102e+01 -7.700954825e-01 -6.638115145e-02 6.344655156e-01 5.053070233e+02
6.244271361e-01 -7.263810509e-03 7.810492870e-01 2.850552247e+02 -4.354060578e-02 9.980782224e-01 4.409169489e-02 -2.254847393e+01 -7.798685577e-01 -6.153940987e-02 6.229108554e-01 5.058934362e+02
6.127873142e-01 -6.712184252e-03 7.902193709e-01 2.857766229e+02 -3.922267571e-02 9.984731403e-01 3.889691259e-02 -2.253791268e+01 -7.892739000e-01 -5.483005272e-02 6.115884042e-01 5.064425345e+02
6.002162144e-01 -4.541226994e-03 7.998249016e-01 2.864979765e+02 -3.320837313e-02 9.989801254e-01 3.059269531e-02 -2.252907361e+01 -7.991481089e-01 -4.492311554e-02 5.994532623e-01 5.069720320e+02
5.876334435e-01 4.362968558e-03 8.091155051e-01 2.872014110e+02 -3.018394639e-02 9.994076273e-01 1.653251263e-02 -2.252080512e+01 -8.085640763e-01 -3.413735636e-02 5.874170371e-01 5.074690558e+02
5.728024544e-01 1.672878853e-02 8.195227245e-01 2.879018790e+02 -3.442827874e-02 9.994004586e-01 3.662916899e-03 -2.251820399e+01 -8.189701105e-01 -3.031288458e-02 5.730349790e-01 5.079714135e+02
5.561256557e-01 2.444865496e-02 8.307385379e-01 2.885935384e+02 -3.468694112e-02 9.993790505e-01 -6.191088374e-03 -2.251857057e+01 -8.303740550e-01 -2.537275567e-02 5.566283788e-01 5.084563766e+02
5.376484351e-01 2.575211738e-02 8.427757641e-01 2.892943388e+02 -3.302237838e-02 9.994097309e-01 -9.471661354e-03 -2.253616824e+01 -8.425222150e-01 -2.273803627e-02 5.381814740e-01 5.089101371e+02
5.161397392e-01 2.665257119e-02 8.560896040e-01 2.900036726e+02 -3.709305192e-02 9.992735360e-01 -8.746760712e-03 -2.255950702e+01 -8.557008093e-01 -2.724042534e-02 5.167534075e-01 5.093450616e+02
4.926991049e-01 2.387154609e-02 8.698722557e-01 2.907110114e+02 -3.575789337e-02 9.993347542e-01 -7.170919114e-03 -2.258009658e+01 -8.694647578e-01 -2.757169394e-02 4.932249351e-01 5.097414636e+02
4.664226522e-01 1.982484575e-02 8.843398018e-01 2.913996619e+02 -3.398996304e-02 9.994121451e-01 -4.477354634e-03 -2.259636390e+01 -8.839087011e-01 -2.797033755e-02 4.668223091e-01 5.101012589e+02
4.369696165e-01 1.437838393e-02 8.993613380e-01 2.921021825e+02 -2.890730407e-02 9.995802227e-01 -1.935523094e-03 -2.262332226e+01 -8.990116362e-01 -2.515234688e-02 4.372018269e-01 5.104215213e+02
4.030573202e-01 1.326360688e-02 9.150786159e-01 2.927973601e+02 -2.312915172e-02 9.997232251e-01 -4.302976676e-03 -2.265260131e+01 -9.148824181e-01 -1.943064589e-02 4.032525400e-01 5.107098411e+02
3.664172744e-01 1.699606218e-02 9.302953912e-01 2.934920559e+02 -1.629377383e-02 9.997970464e-01 -1.184816422e-02 -2.267605741e+01 -9.303079565e-01 -1.081665065e-02 3.666198387e-01 5.109678588e+02
3.291894260e-01 2.332119859e-02 9.439758702e-01 2.942033224e+02 -9.313176632e-03 9.997265269e-01 -2.145078306e-02 -2.269620435e+01 -9.442179762e-01 -1.730043054e-03 3.293165960e-01 5.111837689e+02
2.903693124e-01 3.101124090e-02 9.564120270e-01 2.949275206e+02 -7.252267997e-03 9.995173513e-01 -3.020710371e-02 -2.271988159e+01 -9.568871757e-01 1.835059600e-03 2.904540679e-01 5.113877750e+02
2.498574690e-01 3.581871531e-02 9.676198969e-01 2.956508541e+02 -5.224611410e-03 9.993508858e-01 -3.564422021e-02 -2.275750031e+01 -9.682685312e-01 3.850536695e-03 2.498824219e-01 5.115661565e+02
2.097074775e-01 3.519257524e-02 9.771306241e-01 2.963884736e+02 -1.223693192e-03 9.993607092e-01 -3.573059576e-02 -2.279234768e+01 -9.777634051e-01 6.297265015e-03 2.096164784e-01 5.117046799e+02
1.684735337e-01 3.123220835e-02 9.852112553e-01 2.971521138e+02 8.963811853e-04 9.994926332e-01 -3.183822607e-02 -2.282467839e+01 -9.857057700e-01 6.247023284e-03 1.683600598e-01 5.118378610e+02
1.265745918e-01 2.494775106e-02 9.916433242e-01 2.979162298e+02 2.302707500e-03 9.996736046e-01 -2.544369722e-02 -2.285400620e+01 -9.919544194e-01 5.503990109e-03 1.264758311e-01 5.119333351e+02
8.221699734e-02 2.173762663e-02 9.963773587e-01 2.987096576e+02 4.036839650e-03 9.997466363e-01 -2.214423656e-02 -2.287649961e+01 -9.966062760e-01 5.842848266e-03 8.210841522e-02 5.120263806e+02
3.731410048e-02 2.050432429e-02 9.990932042e-01 2.994860606e+02 1.273920019e-02 9.996984678e-01 -2.099252931e-02 -2.290292175e+01 -9.992223830e-01 1.351096568e-02 3.704164038e-02 5.120548388e+02
-5.915905993e-03 2.086278983e-02 9.997648454e-01 3.002409036e+02 1.735304354e-02 9.996339346e-01 -2.075737490e-02 -2.291763494e+01 -9.998319228e-01 1.722616421e-02 -6.275773285e-03 5.120276176e+02
-4.911981404e-02 2.377601880e-02 9.985098621e-01 3.009878386e+02 1.802140733e-02 9.995749789e-01 -2.291485160e-02 -2.293353578e+01 -9.986302983e-01 1.686897970e-02 -4.952741440e-02 5.119831585e+02
-9.017535215e-02 2.704572119e-02 9.955586044e-01 3.017167936e+02 2.285615713e-02 9.994241171e-01 -2.508047632e-02 -2.297446037e+01 -9.956635988e-01 2.049300311e-02 -9.074158296e-02 5.119184835e+02
-1.265412608e-01 3.182811405e-02 9.914505941e-01 3.024448883e+02 3.228636385e-02 9.990877082e-01 -2.795249758e-02 -2.298287703e+01 -9.914357771e-01 2.847319033e-02 -1.274534323e-01 5.118084447e+02
-1.584988740e-01 3.455924711e-02 9.867541565e-01 3.031925052e+02 3.738237577e-02 9.988807510e-01 -2.897935829e-02 -2.299864741e+01 -9.866512377e-01 3.229401901e-02 -1.596133810e-01 5.116668085e+02
-1.889277790e-01 3.319566328e-02 9.814297439e-01 3.039567050e+02 3.780795717e-02 9.989333316e-01 -2.650957066e-02 -2.304186669e+01 -9.812628866e-01 3.209745941e-02 -1.899813159e-01 5.115474852e+02
-2.138898882e-01 3.043145915e-02 9.763836551e-01 3.046814809e+02 3.879469807e-02 9.989907466e-01 -2.263756910e-02 -2.307034860e+01 -9.760871309e-01 3.303656198e-02 -2.148545984e-01 5.113863161e+02
-2.357085247e-01 3.043417578e-02 9.713471328e-01 3.054270631e+02 4.189917114e-02 9.988983825e-01 -2.113009495e-02 -2.309271098e+01 -9.709201568e-01 3.571809624e-02 -2.367240308e-01 5.112140878e+02
-2.538684914e-01 3.164419412e-02 9.667209701e-01 3.061512225e+02 4.650271404e-02 9.987082141e-01 -2.047927307e-02 -2.311744919e+01 -9.661202237e-01 3.975610667e-02 -2.550120886e-01 5.110137218e+02
-2.703719969e-01 3.158449856e-02 9.622377060e-01 3.068604873e+02 4.814576444e-02 9.986547732e-01 -1.925173340e-02 -2.313958735e+01 -9.615513344e-01 4.112254033e-02 -2.715289450e-01 5.107999216e+02
-2.877120336e-01 3.214112960e-02 9.571774828e-01 3.075825414e+02 5.132174451e-02 9.985180851e-01 -1.810282420e-02 -2.315980245e+01 -9.563408724e-01 4.391561785e-02 -2.889352077e-01 5.105635718e+02
-3.038036253e-01 3.127126719e-02 9.522213320e-01 3.082774958e+02 5.320622753e-02 9.984583126e-01 -1.581440296e-02 -2.318376958e+01 -9.512478408e-01 4.585963190e-02 -3.049990812e-01 5.103088736e+02
-3.213636843e-01 3.190175897e-02 9.464183325e-01 3.089872839e+02 5.681886427e-02 9.982812744e-01 -1.435666298e-02 -2.321215775e+01 -9.452497020e-01 4.916070467e-02 -3.226239700e-01 5.100609340e+02
-3.398211460e-01 3.227256633e-02 9.399362054e-01 3.096980267e+02 5.762175578e-02 9.982479837e-01 -1.344233057e-02 -2.322789490e+01 -9.387232404e-01 4.959278630e-02 -3.410853758e-01 5.097819307e+02
-3.613437865e-01 3.202948849e-02 9.318823852e-01 3.104259292e+02 5.690995044e-02 9.983042181e-01 -1.224523251e-02 -2.323574760e+01 -9.306943244e-01 4.860864168e-02 -3.625538229e-01 5.094973603e+02
-3.851515756e-01 3.241606588e-02 9.222838297e-01 3.111316043e+02 5.672279025e-02 9.983248689e-01 -1.140092924e-02 -2.325450939e+01 -9.211084566e-01 4.792342636e-02 -3.863451259e-01 5.091930785e+02
-4.112058555e-01 3.311401037e-02 9.109408360e-01 3.118658889e+02 5.554061480e-02 9.983933677e-01 -1.122156555e-02 -2.328781405e+01 -9.098488800e-01 4.597984061e-02 -4.123843714e-01 5.088832762e+02
-4.377282054e-01 3.667886654e-02 8.983588809e-01 3.125154447e+02 5.790103297e-02 9.982435095e-01 -1.254456926e-02 -2.332478571e+01 -8.972410426e-01 4.652479539e-02 -4.390830842e-01 5.085295021e+02
-4.678785490e-01 3.746062071e-02 8.829985081e-01 3.131903962e+02 5.737290838e-02 9.982812849e-01 -1.195096408e-02 -2.333618548e+01 -8.819285758e-01 4.506859277e-02 -4.692236238e-01 5.081580229e+02
-4.986844897e-01 3.669707704e-02 8.660064112e-01 3.138510018e+02 5.705105483e-02 9.983265215e-01 -9.451649552e-03 -2.333796189e+01 -8.649040160e-01 4.469318821e-02 -4.999435588e-01 5.077291950e+02
-5.327561025e-01 3.445145223e-02 8.455672846e-01 3.144808540e+02 6.007897833e-02 9.981896528e-01 -2.816618911e-03 -2.336453830e+01 -8.441335508e-01 4.930024765e-02 -5.338614370e-01 5.073122743e+02
-5.665261399e-01 3.656745181e-02 8.232320173e-01 3.151227776e+02 6.581294923e-02 9.978315085e-01 9.676500184e-04 -2.337192215e+01 -8.214114612e-01 5.472752599e-02 -5.677042446e-01 5.068502062e+02
-6.000702829e-01 3.934923019e-02 7.989789069e-01 3.157118258e+02 6.869231822e-02 9.976348644e-01 2.458206198e-03 -2.337817658e+01 -7.969924849e-01 5.635880981e-02 -6.013540251e-01 5.063722968e+02
-6.327348544e-01 4.126756155e-02 7.732681245e-01 3.162674755e+02 7.041377310e-02 9.975082446e-01 4.382070706e-03 -2.339002226e+01 -7.711604921e-01 5.722141513e-02 -6.340640386e-01 5.058736012e+02
-6.649819642e-01 4.407973563e-02 7.455574855e-01 3.168510470e+02 7.264406389e-02 9.973409068e-01 5.827141258e-03 -2.338161947e+01 -7.433181198e-01 5.803526945e-02 -6.664158463e-01 5.053558606e+02
-6.960985156e-01 4.664566697e-02 7.164293673e-01 3.173867546e+02 7.648852754e-02 9.970261222e-01 9.403023291e-03 -2.338794783e+01 -7.138601836e-01 6.134405795e-02 -6.975962621e-01 5.048232059e+02
-7.262927629e-01 4.888730925e-02 6.856448451e-01 3.179163036e+02 7.963165873e-02 9.967358386e-01 1.328408478e-02 -2.338221157e+01 -6.827573665e-01 6.424717095e-02 -7.278150036e-01 5.042767857e+02
-7.543545148e-01 4.947302805e-02 6.546004014e-01 3.183681397e+02 8.230380506e-02 9.964157229e-01 1.953946850e-02 -2.341213404e+01 -6.512874555e-01 6.861579011e-02 -7.557225177e-01 5.037166138e+02
-7.800011613e-01 5.185506802e-02 6.236258817e-01 3.188059865e+02 8.509290388e-02 9.960933934e-01 2.360401262e-02 -2.341548018e+01 -6.199656330e-01 7.147729446e-02 -7.813665019e-01 5.031152075e+02
-8.027699249e-01 5.488240613e-02 5.937578372e-01 3.192039242e+02 8.696865694e-02 9.958838351e-01 2.553115118e-02 -2.340258298e+01 -5.899126210e-01 7.213396197e-02 -8.042386406e-01 5.025362947e+02
-8.231463620e-01 5.898340208e-02 5.647574923e-01 3.195857656e+02 8.876369622e-02 9.957292904e-01 2.538082755e-02 -2.339276558e+01 -5.608485295e-01 7.102209834e-02 -8.248665277e-01 5.019498024e+02
-8.415923219e-01 6.410456906e-02 5.362955975e-01 3.199772985e+02 9.125167916e-02 9.955337676e-01 2.420017888e-02 -2.336966377e+01 -5.323490347e-01 6.930455853e-02 -8.436832246e-01 5.013680802e+02
-8.571717693e-01 6.805879493e-02 5.105140138e-01 3.203160413e+02 9.354036772e-02 9.953172424e-01 2.436773541e-02 -2.337605449e+01 -5.064649617e-01 6.864100345e-02 -8.595240865e-01 5.007587980e+02
-8.715760914e-01 6.989880084e-02 4.852517641e-01 3.206633489e+02 9.460286136e-02 9.951604601e-01 2.656985568e-02 -2.337531137e+01 -4.810461678e-01 6.906385633e-02 -8.739706907e-01 5.001207708e+02
-8.852006560e-01 7.009554158e-02 4.598982644e-01 3.209923210e+02 9.462698643e-02 9.950462229e-01 3.047536305e-02 -2.337493229e+01 -4.554838439e-01 7.049559819e-02 -8.874484991e-01 4.994658069e+02
-8.982320406e-01 7.188406395e-02 4.336033702e-01 3.213123515e+02 9.590053855e-02 9.948189647e-01 3.373891294e-02 -2.335934646e+01 -4.289315657e-01 7.188816933e-02 -9.004719891e-01 4.988184366e+02
-9.099229946e-01 7.503587066e-02 4.079335265e-01 3.215914101e+02 9.881463139e-02 9.943989678e-01 3.750148488e-02 -2.334608417e+01 -4.028347211e-01 7.443326447e-02 -9.122411285e-01 4.981563171e+02
-9.214511539e-01 7.531234895e-02 3.811244168e-01 3.218475576e+02 9.838487940e-02 9.942873236e-01 4.139001881e-02 -2.332127977e+01 -3.758299968e-01 7.563576038e-02 -9.235967980e-01 4.974863477e+02
-9.326710548e-01 7.836812393e-02 3.521123977e-01 3.221108159e+02 1.008243212e-01 9.938464425e-01 4.586616351e-02 -2.329619154e+01 -3.463512086e-01 7.827953657e-02 -9.348332228e-01 4.968001379e+02
-9.429410368e-01 7.902175184e-02 3.234466940e-01 3.223147208e+02 1.000295813e-01 9.937859439e-01 4.882192704e-02 -2.329491958e+01 -3.175787839e-01 7.839043589e-02 -9.449860610e-01 4.961354976e+02
-9.524674037e-01 8.327259777e-02 2.930384265e-01 3.225046232e+02 1.017244703e-01 9.936406447e-01 4.827423007e-02 -2.327625847e+01 -2.871549705e-01 7.578880931e-02 -9.548811859e-01 4.954321630e+02
-9.617112746e-01 8.592303297e-02 2.602472991e-01 3.226869510e+02 1.014339199e-01 9.937435645e-01 4.674278401e-02 -2.324468889e+01 -2.546027969e-01 7.135096606e-02 -9.644099001e-01 4.947308797e+02
-9.697786037e-01 8.821245988e-02 2.274819150e-01 3.228475455e+02 1.019329454e-01 9.935706085e-01 4.926581530e-02 -2.321766418e+01 -2.216734859e-01 7.096483519e-02 -9.725352733e-01 4.940328312e+02
-9.765527548e-01 9.043139918e-02 1.953634539e-01 3.229670437e+02 1.031715634e-01 9.930841413e-01 5.603139110e-02 -2.318653644e+01 -1.889453508e-01 7.487356231e-02 -9.791290028e-01 4.933368642e+02
-9.822485329e-01 9.240241499e-02 1.632470929e-01 3.230509372e+02 1.041500311e-01 9.924407947e-01 6.491563761e-02 -2.315617154e+01 -1.560147129e-01 8.076547961e-02 -9.844472290e-01 4.926273597e+02
-9.874933866e-01 9.052914649e-02 1.290786002e-01 3.231492734e+02 1.000560330e-01 9.925635716e-01 6.932781971e-02 -2.312418886e+01 -1.218425281e-01 8.137585615e-02 -9.892079500e-01 4.919253187e+02
-9.911846987e-01 9.241345039e-02 9.493496343e-02 3.232077391e+02 9.931654027e-02 9.925370246e-01 7.075648132e-02 -2.307983366e+01 -8.768761555e-02 7.956135373e-02 -9.929656958e-01 4.912270727e+02
-9.938201857e-01 9.232950898e-02 6.161736953e-02 3.232424279e+02 9.661466931e-02 9.928131060e-01 7.062394988e-02 -2.304225500e+01 -5.465385741e-02 7.614064876e-02 -9.955980903e-01 4.905069573e+02
-9.952431372e-01 9.329926505e-02 2.804184411e-02 3.232465400e+02 9.508876114e-02 9.929151793e-01 7.125709920e-02 -2.298944464e+01 -2.119493769e-02 7.358460317e-02 -9.970637296e-01 4.897792090e+02
-9.954350403e-01 9.533962478e-02 -4.408678855e-03 3.232367713e+02 9.476418786e-02 9.928091536e-01 7.314187051e-02 -2.294398556e+01 1.135029521e-02 7.239019595e-02 -9.973118020e-01 4.890363613e+02
-9.945998416e-01 9.800044736e-02 -3.416236832e-02 3.231949838e+02 9.522926025e-02 9.926249011e-01 7.501462375e-02 -2.290756119e+01 4.126188416e-02 7.135627584e-02 -9.965970795e-01 4.882848855e+02
-9.928355003e-01 1.015181749e-01 -6.302165909e-02 3.231390283e+02 9.664445121e-02 9.924063449e-01 7.608874230e-02 -2.285898047e+01 7.026748459e-02 6.945291088e-02 -9.951074182e-01 4.875064810e+02
-9.906095449e-01 1.029011700e-01 -9.002265709e-02 3.230679549e+02 9.600823186e-02 9.923337846e-01 7.782081606e-02 -2.281899006e+01 9.734037704e-02 6.844712704e-02 -9.928946781e-01 4.867064729e+02
-9.878671561e-01 1.053033010e-01 -1.141476970e-01 3.229866520e+02 9.657241941e-02 9.921454078e-01 7.950633665e-02 -2.278953846e+01 1.216233931e-01 6.751817940e-02 -9.902772570e-01 4.859126752e+02
-9.852319592e-01 1.057589055e-01 -1.346589785e-01 3.228708318e+02 9.560955219e-02 9.922194600e-01 7.974557541e-02 -2.273685859e+01 1.420450637e-01 6.569320486e-02 -9.876778841e-01 4.851315049e+02
-9.827255315e-01 1.036483357e-01 -1.533217276e-01 3.227559633e+02 9.243112879e-02 9.926134124e-01 7.858180473e-02 -2.268859598e+01 1.603340765e-01 6.305264547e-02 -9.850468759e-01 4.843457953e+02
-9.800767303e-01 1.029909214e-01 -1.698307184e-01 3.226071412e+02 9.100965505e-02 9.928760812e-01 7.690468134e-02 -2.262950603e+01 1.765413422e-01 5.991625353e-02 -9.824679115e-01 4.835530806e+02
-9.772950051e-01 1.032753914e-01 -1.850099092e-01 3.224518244e+02 9.026204459e-02 9.929016670e-01 7.745348877e-02 -2.256859162e+01 1.916956866e-01 5.899553503e-02 -9.796796877e-01 4.827363739e+02
-9.748423218e-01 1.014080436e-01 -1.984914517e-01 3.222804180e+02 8.730134133e-02 9.930764985e-01 7.859735264e-02 -2.251464919e+01 2.050875996e-01 5.929145576e-02 -9.769460578e-01 4.819407071e+02
-9.722655238e-01 1.002136193e-01 -2.113219861e-01 3.221063225e+02 8.489481573e-02 9.931424368e-01 8.038016235e-02 -2.246201163e+01 2.179280192e-01 6.021071958e-02 -9.741057682e-01 4.811323742e+02
-9.699632847e-01 1.006573753e-01 -2.214482311e-01 3.219265635e+02 8.412143360e-02 9.930010500e-01 8.290053736e-02 -2.240985588e+01 2.282428765e-01 6.178193486e-02 -9.716420029e-01 4.803307008e+02
-9.679423230e-01 1.034583151e-01 -2.288755917e-01 3.217248437e+02 8.608525404e-02 9.926845081e-01 8.465693397e-02 -2.234590045e+01 2.359597179e-01 6.224021587e-02 -9.697675840e-01 4.795074998e+02
-9.665719298e-01 1.060148941e-01 -2.334513798e-01 3.215245809e+02 8.829191467e-02 9.924501041e-01 8.513124372e-02 -2.228954612e+01 2.407140260e-01 6.167360122e-02 -9.686346704e-01 4.786770378e+02
-9.657812163e-01 1.059813797e-01 -2.367162635e-01 3.213264611e+02 8.858784364e-02 9.926064128e-01 8.297411189e-02 -2.223172220e+01 2.437597920e-01 5.916465536e-02 -9.680292905e-01 4.778469877e+02
-9.652424810e-01 1.053426608e-01 -2.391858621e-01 3.211176153e+02 8.890896930e-02 9.929401876e-01 7.851738025e-02 -2.216065758e+01 2.457684845e-01 5.452254245e-02 -9.677939576e-01 4.769958112e+02
-9.646087899e-01 1.060028088e-01 -2.414400276e-01 3.209099988e+02 8.995214447e-02 9.929967921e-01 7.658970240e-02 -2.210302082e+01 2.478678964e-01 5.216105192e-02 -9.673886140e-01 4.761407559e+02
-9.639860992e-01 1.083599663e-01 -2.428763435e-01 3.207023701e+02 9.167884573e-02 9.926502507e-01 7.899663918e-02 -2.204414456e+01 2.496513365e-01 5.388503922e-02 -9.668353597e-01 4.752956838e+02
-9.635225006e-01 1.098568813e-01 -2.440406861e-01 3.204940311e+02 9.211921732e-02 9.922844734e-01 8.297935622e-02 -2.199184519e+01 2.512736370e-01 5.747163980e-02 -9.662083471e-01 4.744341490e+02
-9.631712959e-01 1.107916368e-01 -2.450025877e-01 3.202719091e+02 9.240858539e-02 9.920580568e-01 8.533150268e-02 -2.192932667e+01 2.525108080e-01 5.954851146e-02 -9.657599426e-01 4.735555074e+02
-9.627332162e-01 1.120136254e-01 -2.461660054e-01 3.200388784e+02 9.350313555e-02 9.919257593e-01 8.567643612e-02 -2.186797772e+01 2.537753300e-01 5.946625753e-02 -9.654335016e-01 4.726673493e+02
-9.621280901e-01 1.130702598e-01 -2.480416390e-01 3.198159610e+02 9.494517721e-02 9.919409964e-01 8.389560800e-02 -2.179721603e+01 2.555287687e-01 5.716796371e-02 -9.651097721e-01 4.717747623e+02
-9.618283134e-01 1.111731319e-01 -2.500536547e-01 3.195912411e+02 9.309288459e-02 9.921882436e-01 8.304338634e-02 -2.173445326e+01 2.573324898e-01 5.659526421e-02 -9.646641725e-01 4.708645138e+02
-9.615947348e-01 1.090703952e-01 -2.518714254e-01 3.193475297e+02 9.115452874e-02 9.924738492e-01 8.177108624e-02 -2.166717173e+01 2.588946078e-01 5.567142490e-02 -9.642998883e-01 4.699336777e+02
-9.611015501e-01 1.091377482e-01 -2.537178796e-01 3.190995187e+02 9.116906261e-02 9.924892096e-01 8.156819726e-02 -2.159881097e+01 2.607144271e-01 5.526409958e-02 -9.638329040e-01 4.689984304e+02
-9.606306545e-01 1.096698173e-01 -2.552670697e-01 3.188604384e+02 9.133062301e-02 9.923842707e-01 8.265698153e-02 -2.153515125e+01 2.623880009e-01 5.608912975e-02 -9.633309642e-01 4.680752309e+02
-9.600364946e-01 1.108608517e-01 -2.569821017e-01 3.186388666e+02 9.222372365e-02 9.922300030e-01 8.351290903e-02 -2.147641325e+01 2.642436638e-01 5.647559411e-02 -9.628010145e-01 4.671627417e+02
-9.593536766e-01 1.114677201e-01 -2.592594657e-01 3.183979981e+02 9.297488877e-02 9.922388942e-01 8.256904309e-02 -2.140193451e+01 2.664511086e-01 5.510829507e-02 -9.622717301e-01 4.662038059e+02
-9.588481735e-01 1.127916051e-01 -2.605537067e-01 3.181464180e+02 9.408051604e-02 9.920783825e-01 8.324265461e-02 -2.134501890e+01 2.678787725e-01 5.530404015e-02 -9.618640374e-01 4.652495973e+02
-9.584444853e-01 1.130982335e-01 -2.619025737e-01 3.178805124e+02 9.413225854e-02 9.920176859e-01 8.390487899e-02 -2.126504535e+01 2.693014787e-01 5.576468778e-02 -9.614400726e-01 4.642762207e+02
-9.578310278e-01 1.144496121e-01 -2.635545645e-01 3.176286324e+02 9.528170866e-02 9.918625452e-01 8.443984506e-02 -2.120936838e+01 2.710740086e-01 5.576717435e-02 -9.609416757e-01 4.633145915e+02
-9.576079255e-01 1.130135939e-01 -2.649811099e-01 3.173686483e+02 9.345922916e-02 9.919607608e-01 8.531835374e-02 -2.114249489e+01 2.724929971e-01 5.693660146e-02 -9.604716497e-01 4.623640345e+02
-9.569849840e-01 1.135799970e-01 -2.669818808e-01 3.171234299e+02 9.362064514e-02 9.918538775e-01 8.637743038e-02 -2.107940169e+01 2.746177620e-01 5.766688790e-02 -9.598226997e-01 4.614037368e+02
-9.568196845e-01 1.128678314e-01 -2.678748661e-01 3.168449341e+02 9.207059708e-02 9.917662148e-01 8.901000159e-02 -2.101692812e+01 2.757156078e-01 6.050312278e-02 -9.593332454e-01 4.604292652e+02
-9.564604318e-01 1.117013540e-01 -2.696409648e-01 3.165664090e+02 9.164589632e-02 9.920801109e-01 8.589576930e-02 -2.093860775e+01 2.771001120e-01 5.744441669e-02 -9.591223420e-01 4.594541402e+02
-9.559507469e-01 1.113754398e-01 -2.715762894e-01 3.162816089e+02 9.142635342e-02 9.921710727e-01 8.507516897e-02 -2.085866268e+01 2.789254227e-01 5.649844150e-02 -9.586493283e-01 4.584710990e+02
-9.557082596e-01 1.121406366e-01 -2.721143146e-01 3.160122450e+02 9.226344167e-02 9.921157975e-01 8.481569197e-02 -2.078892516e+01 2.794801959e-01 5.595285416e-02 -9.585197432e-01 4.575022604e+02
-9.555059190e-01 1.144268528e-01 -2.718730109e-01 3.157229344e+02 9.350254340e-02 9.916552049e-01 8.875375477e-02 -2.071984315e+01 2.797600991e-01 5.938392003e-02 -9.582316197e-01 4.565198677e+02
-9.558020584e-01 1.136451953e-01 -2.711589843e-01 3.154557168e+02 9.311317807e-02 9.918065448e-01 8.746264220e-02 -2.064056898e+01 2.788769643e-01 5.834849866e-02 -9.585526023e-01 4.555411121e+02
-9.564653890e-01 1.120871338e-01 -2.694632331e-01 3.152052211e+02 9.168921717e-02 9.919650099e-01 8.716941341e-02 -2.057490418e+01 2.770686684e-01 5.866765400e-02 -9.590573806e-01 4.545723587e+02
-9.577185933e-01 1.087301093e-01 -2.663697796e-01 3.149354943e+02 8.920733185e-02 9.924337934e-01 8.436360339e-02 -2.050071902e+01 2.735272346e-01 5.703445424e-02 -9.601718195e-01 4.535827061e+02
-9.591126914e-01 1.050194081e-01 -2.628188903e-01 3.146620624e+02 8.602110621e-02 9.928458100e-01 8.281042712e-02 -2.043567175e+01 2.696353361e-01 5.681655996e-02 -9.612849026e-01 4.525897718e+02
-9.598601907e-01 1.044185903e-01 -2.603174453e-01 3.144581024e+02 8.632547086e-02 9.930476805e-01 8.002635391e-02 -2.037875274e+01 2.668638744e-01 5.434208529e-02 -9.622009199e-01 4.516447911e+02
-9.613973549e-01 1.013239580e-01 -2.558292040e-01 3.142107486e+02 8.411773008e-02 9.934487676e-01 7.735472624e-02 -2.032287650e+01 2.619910944e-01 5.284885727e-02 -9.636221587e-01 4.506690848e+02
-9.631381489e-01 9.602758805e-02 -2.512839202e-01 3.139730646e+02 8.041023858e-02 9.941781902e-01 7.172112466e-02 -2.025290136e+01 2.567081996e-01 4.887155127e-02 -9.652525430e-01 4.496826200e+02
-9.649550138e-01 9.185844056e-02 -2.458126283e-01 3.137329810e+02 7.753454134e-02 9.947122361e-01 6.734955206e-02 -2.019726171e+01 2.506994540e-01 4.593031855e-02 -9.669747616e-01 4.487099044e+02
-9.670001737e-01 8.594457717e-02 -2.398420184e-01 3.134997170e+02 7.208795898e-02 9.952137004e-01 6.597739599e-02 -2.014462241e+01 2.443644620e-01 4.651043180e-02 -9.685673902e-01 4.477025836e+02
-9.692215791e-01 7.920649567e-02 -2.331005399e-01 3.132900105e+02 6.550290990e-02 9.956695648e-01 6.596579875e-02 -2.009166187e+01 2.373160329e-01 4.866671196e-02 -9.702126837e-01 4.467354179e+02
-9.714029185e-01 7.772157223e-02 -2.243562504e-01 3.130636681e+02 6.402141090e-02 9.956483536e-01 6.771716861e-02 -2.004193059e+01 2.286430161e-01 5.141705153e-02 -9.721515612e-01 4.457306517e+02
-9.738248245e-01 7.798262639e-02 -2.135039137e-01 3.128560436e+02 6.417713225e-02 9.954198278e-01 7.085663075e-02 -2.000634913e+01 2.180516152e-01 5.529987710e-02 -9.743692404e-01 4.447432606e+02
-9.764319225e-01 7.972879343e-02 -2.005592685e-01 3.126461717e+02 6.607764435e-02 9.950761460e-01 7.387292190e-02 -1.995430219e+01 2.054615429e-01 5.887939513e-02 -9.768924051e-01 4.437255738e+02
-9.790589815e-01 8.286941639e-02 -1.859466872e-01 3.124681480e+02 7.018732134e-02 9.948008592e-01 7.379017868e-02 -1.989750305e+01 1.910948732e-01 5.919383730e-02 -9.797850984e-01 4.427279697e+02
-9.818518491e-01 8.251119947e-02 -1.707596216e-01 3.123203031e+02 7.111184255e-02 9.948779804e-01 7.183947391e-02 -1.984421911e+01 1.758125486e-01 5.839268897e-02 -9.826903081e-01 4.417932064e+02
-9.841663552e-01 8.151047220e-02 -1.573932282e-01 3.122032684e+02 7.176689242e-02 9.951930095e-01 6.663622903e-02 -1.979902480e+01 1.620681909e-01 5.428551177e-02 -9.852852301e-01 4.408454952e+02
-9.865516016e-01 7.807337193e-02 -1.435983497e-01 3.120902273e+02 6.966802789e-02 9.955999851e-01 6.266606442e-02 -1.975380049e+01 1.478590657e-01 5.181909239e-02 -9.876499776e-01 4.398797506e+02
-9.886041597e-01 7.522494191e-02 -1.303956420e-01 3.119768778e+02 6.791645344e-02 9.959078348e-01 5.962331648e-02 -1.969961775e+01 1.343472020e-01 5.008784913e-02 -9.896676395e-01 4.388986990e+02
-9.904099631e-01 7.427174479e-02 -1.164981239e-01 3.118516016e+02 6.764338831e-02 9.959122834e-01 5.985896588e-02 -1.964613584e+01 1.204677424e-01 5.140458836e-02 -9.913854403e-01 4.378946401e+02
-9.919625692e-01 7.397685142e-02 -1.026532351e-01 3.117488043e+02 6.800861735e-02 9.958502449e-01 6.047410774e-02 -1.958942162e+01 1.067009334e-01 5.300674670e-02 -9.928772309e-01 4.368835625e+02
-9.932298907e-01 7.508153116e-02 -8.864055480e-02 3.116687628e+02 6.981975659e-02 9.956901966e-01 6.104288642e-02 -1.955179135e+01 9.284172481e-02 5.444075744e-02 -9.941914393e-01 4.358877696e+02
-9.943194345e-01 7.636985356e-02 -7.413843623e-02 3.115907628e+02 7.198702022e-02 9.955936066e-01 6.009358893e-02 -1.952126087e+01 7.840109170e-02 5.441521825e-02 -9.954357101e-01 4.349015095e+02
-9.954968780e-01 7.292039363e-02 -6.056882163e-02 3.115481664e+02 6.928848723e-02 9.957880518e-01 6.004382948e-02 -1.947403571e+01 6.469212857e-02 5.557672276e-02 -9.963564404e-01 4.339222955e+02
-9.964047198e-01 7.006397716e-02 -4.763059473e-02 3.115233709e+02 6.703676761e-02 9.957953725e-01 6.243114548e-02 -1.944290140e+01 5.180450017e-02 5.901368690e-02 -9.969120716e-01 4.329309484e+02
-9.971935225e-01 6.619451338e-02 -3.497663556e-02 3.115088677e+02 6.384621792e-02 9.958759715e-01 6.445703908e-02 -1.941069561e+01 3.909909326e-02 6.204301595e-02 -9.973073373e-01 4.319392977e+02
-9.976657928e-01 6.457113982e-02 -2.221562176e-02 3.114945107e+02 6.303343820e-02 9.959523728e-01 6.407539886e-02 -1.936071690e+01 2.626312275e-02 6.252550658e-02 -9.976977545e-01 4.309360376e+02
-9.979399737e-01 6.349576100e-02 -9.170451734e-03 3.115009639e+02 6.278629955e-02 9.959912992e-01 6.371194997e-02 -1.932466307e+01 1.317912888e-02 6.300492294e-02 -9.979261948e-01 4.299432037e+02
-9.979856063e-01 6.332055650e-02 3.903437306e-03 3.115113887e+02 6.344072473e-02 9.960317761e-01 6.241774870e-02 -1.928292197e+01 6.437898993e-05 6.253965167e-02 -9.980424780e-01 4.289386343e+02
-9.979205712e-01 6.238413214e-02 1.620967831e-02 3.115552053e+02 6.327987621e-02 9.960455603e-01 6.236103802e-02 -1.922813506e+01 -1.225523888e-02 6.325710911e-02 -9.979220146e-01 4.279596282e+02
-9.976500608e-01 6.193623292e-02 2.929606082e-02 3.115969777e+02 6.369769141e-02 9.959406624e-01 6.359875091e-02 -1.918405173e+01 -2.523807117e-02 6.531538916e-02 -9.975454575e-01 4.269501719e+02
-9.973603998e-01 5.921569256e-02 4.202064597e-02 3.116489270e+02 6.190856376e-02 9.958989148e-01 6.597485308e-02 -1.913806910e+01 -3.794156911e-02 6.840214369e-02 -9.969360983e-01 4.259461007e+02
-9.966979415e-01 5.998082680e-02 5.473128729e-02 3.117032163e+02 6.352729344e-02 9.958257011e-01 6.553972842e-02 -1.909192560e+01 -5.057169544e-02 6.880024295e-02 -9.963478460e-01 4.249727040e+02
-9.958120035e-01 6.187885223e-02 6.730127280e-02 3.117804174e+02 6.626226540e-02 9.956844205e-01 6.497574202e-02 -1.904270744e+01 -6.299020447e-02 6.916315864e-02 -9.956147305e-01 4.239889515e+02
-9.949098194e-01 6.266284079e-02 7.891653604e-02 3.118736226e+02 6.761429897e-02 9.958009019e-01 6.171604640e-02 -1.899934687e+01 -7.471785497e-02 6.673778684e-02 -9.949689995e-01 4.229886605e+02
-9.938537673e-01 6.387150427e-02 9.041637092e-02 3.119720133e+02 6.935265009e-02 9.958557789e-01 5.883432253e-02 -1.896814003e+01 -8.628382881e-02 6.474332802e-02 -9.941646757e-01 4.219807839e+02
-9.926819247e-01 6.402057474e-02 1.023912226e-01 3.120803966e+02 6.999738540e-02 9.959806751e-01 5.588256363e-02 -1.891507936e+01 -9.840204516e-02 6.264072869e-02 -9.931732863e-01 4.209664492e+02
-9.915068755e-01 6.275081320e-02 1.139142280e-01 3.122070468e+02 6.936216460e-02 9.960725830e-01 5.502998714e-02 -1.888446657e+01 -1.100136629e-01 6.246394804e-02 -9.919653468e-01 4.199526976e+02
-9.901543070e-01 6.302542786e-02 1.249889746e-01 3.123304692e+02 7.024759146e-02 9.960539382e-01 5.423862096e-02 -1.885921683e+01 -1.210773481e-01 6.248477858e-02 -9.906744815e-01 4.189628625e+02
-9.888714847e-01 6.253096077e-02 1.349928356e-01 3.124714032e+02 6.999969598e-02 9.962268494e-01 5.130406532e-02 -1.881822266e+01 -1.312753948e-01 6.018258469e-02 -9.895174719e-01 4.179836207e+02
-9.875895288e-01 6.219323835e-02 1.442183199e-01 3.126212534e+02 6.983331963e-02 9.963775824e-01 4.852855561e-02 -1.879022666e+01 -1.406777529e-01 5.799753739e-02 -9.883552274e-01 4.170013262e+02
-9.862018541e-01 6.078564194e-02 1.539837935e-01 3.127763338e+02 6.874295195e-02 9.965320717e-01 4.688535600e-02 -1.876182624e+01 -1.505998322e-01 5.682372553e-02 -9.869603613e-01 4.160036600e+02
-9.848736081e-01 5.957782145e-02 1.627097393e-01 3.129538456e+02 6.782264961e-02 9.966551538e-01 4.559158449e-02 -1.873412758e+01 -1.594492530e-01 5.593735395e-02 -9.856200831e-01 4.150390168e+02
-9.833654590e-01 5.935045205e-02 1.716679876e-01 3.131257651e+02 6.814795349e-02 9.966228906e-01 4.581124642e-02 -1.871156228e+01 -1.683693279e-01 5.674801940e-02 -9.840891381e-01 4.140696610e+02
-9.820168210e-01 5.713237739e-02 1.799412533e-01 3.133238749e+02 6.672051322e-02 9.966315201e-01 4.768633096e-02 -1.867963172e+01 -1.766106914e-01 5.883455190e-02 -9.825208187e-01 4.130954701e+02
-9.805289492e-01 5.511752609e-02 1.884808695e-01 3.135139089e+02 6.557920049e-02 9.966077644e-01 4.972255333e-02 -1.865916233e+01 -1.851009138e-01 6.111482769e-02 -9.808173273e-01 4.120943226e+02
-9.790622143e-01 5.337873503e-02 1.964380086e-01 3.137276662e+02 6.412851677e-02 9.967491474e-01 4.877161537e-02 -1.862617523e+01 -1.931960504e-01 6.034772387e-02 -9.793025265e-01 4.111202043e+02
-9.773255789e-01 5.254757569e-02 2.051181734e-01 3.139262352e+02 6.345627515e-02 9.968788093e-01 4.696744320e-02 -1.858225180e+01 -2.020099352e-01 5.891851887e-02 -9.776096328e-01 4.101324659e+02
-9.755955535e-01 5.091610987e-02 2.135904159e-01 3.141328013e+02 6.231921170e-02 9.969492645e-01 4.699446604e-02 -1.855489841e+01 -2.105460327e-01 5.915837846e-02 -9.757923213e-01 4.091437146e+02
-9.740932843e-01 4.845115755e-02 2.208953571e-01 3.143637996e+02 6.035143838e-02 9.970491201e-01 4.744213261e-02 -1.852268816e+01 -2.179448952e-01 5.954441530e-02 -9.741429491e-01 4.081614284e+02
-9.723966185e-01 4.717028572e-02 2.285164775e-01 3.145826696e+02 5.966834073e-02 9.970591178e-01 4.809162740e-02 -1.848217395e+01 -2.255759416e-01 6.039933491e-02 -9.723514873e-01 4.071755571e+02
-9.707044186e-01 4.599923140e-02 2.358325727e-01 3.148128897e+02 5.920725278e-02 9.970310378e-01 4.923018197e-02 -1.845363343e+01 -2.328678442e-01 6.175095391e-02 -9.705459221e-01 4.062336445e+02
-9.690267793e-01 4.409312000e-02 2.429874437e-01 3.150485741e+02 5.812221373e-02 9.970126024e-01 5.086923448e-02 -1.841242724e+01 -2.400185604e-01 6.341661859e-02 -9.686947007e-01 4.052670678e+02
-9.671902196e-01 4.355795558e-02 2.502913973e-01 3.152976555e+02 5.804813236e-02 9.970203229e-01 5.080246100e-02 -1.838847655e+01 -2.473327584e-01 6.366459158e-02 -9.668367631e-01 4.043301228e+02
-9.655338425e-01 4.344759187e-02 2.566256141e-01 3.155561280e+02 5.780722467e-02 9.971404022e-01 4.867589920e-02 -1.835604823e+01 -2.537769175e-01 6.183304252e-02 -9.652843887e-01 4.033888130e+02
-9.637905404e-01 4.386261452e-02 2.630282594e-01 3.158247156e+02 5.760908343e-02 9.973345938e-01 4.477612726e-02 -1.832208957e+01 -2.603631843e-01 5.830762483e-02 -9.637485321e-01 4.024840000e+02
-9.618459633e-01 4.374664585e-02 2.700714235e-01 3.160809822e+02 5.672913194e-02 9.975698544e-01 4.044986061e-02 -1.828908050e+01 -2.676455649e-01 5.422745256e-02 -9.619902468e-01 4.015642033e+02
-9.599956126e-01 4.430806168e-02 2.764872862e-01 3.163542483e+02 5.685757864e-02 9.976764751e-01 3.753487324e-02 -1.827475467e+01 -2.741817636e-01 5.175371125e-02 -9.602842880e-01 4.006730534e+02
-9.579874814e-01 4.523409060e-02 2.832205193e-01 3.166240404e+02 5.757824762e-02 9.977128521e-01 3.540918186e-02 -1.826494831e+01 -2.809710500e-01 5.022889414e-02 -9.584009220e-01 3.997887206e+02
-9.556223542e-01 4.632826034e-02 2.909288719e-01 3.168833614e+02 5.833711892e-02 9.977600679e-01 3.273572224e-02 -1.825388604e+01 -2.887606220e-01 4.825494015e-02 -9.561844822e-01 3.989194099e+02
-9.531369592e-01 4.983875272e-02 2.984058240e-01 3.171526300e+02 6.109737436e-02 9.977244345e-01 2.851426998e-02 -1.825035266e+01 -2.963056664e-01 4.540981692e-02 -9.540130505e-01 3.980519131e+02
-9.507927667e-01 5.073731147e-02 3.056449576e-01 3.174354466e+02 6.059955302e-02 9.979003687e-01 2.285931662e-02 -1.825545637e+01 -3.038433956e-01 4.025642070e-02 -9.518711108e-01 3.972294487e+02
-9.490586049e-01 5.249145390e-02 3.106966556e-01 3.177359615e+02 5.952990816e-02 9.981391416e-01 1.320772781e-02 -1.827225597e+01 -3.094252003e-01 3.103065110e-02 -9.504173526e-01 3.964706200e+02
-9.474560122e-01 5.441930015e-02 3.152231665e-01 3.180421593e+02 5.780108564e-02 9.983271627e-01 1.382260675e-03 -1.826768766e+01 -3.146206278e-01 1.952987243e-02 -9.490165671e-01 3.957272791e+02
-9.460028500e-01 5.457376025e-02 3.195313953e-01 3.183241413e+02 5.482951089e-02 9.984620393e-01 -8.202494117e-03 -1.826261401e+01 -3.194876095e-01 9.760167304e-03 -9.475401873e-01 3.949924528e+02
-9.445259304e-01 5.437850734e-02 3.239039129e-01 3.185740229e+02 5.250230092e-02 9.985150172e-01 -1.453508704e-02 -1.830248793e+01 -3.242133175e-01 3.276934091e-03 -9.459783224e-01 3.942825998e+02
-9.431792852e-01 5.620206716e-02 3.274968145e-01 3.188192593e+02 5.238639396e-02 9.984171019e-01 -2.046842321e-02 -1.834247392e+01 -3.281287881e-01 -2.149015622e-03 -9.446305522e-01 3.935704359e+02
-9.424942934e-01 5.661394297e-02 3.293924232e-01 3.190573121e+02 5.050284566e-02 9.983565277e-01 -2.708700950e-02 -1.841125023e+01 -3.303845783e-01 -8.894097174e-03 -9.438044954e-01 3.929193892e+02
-9.419524209e-01 5.966615486e-02 3.304021591e-01 3.192977176e+02 5.097498851e-02 9.980894054e-01 -3.491545949e-02 -1.843783118e+01 -3.318541657e-01 -1.604645533e-02 -9.431942133e-01 3.922644876e+02
-9.416503598e-01 6.199917363e-02 3.308333452e-01 3.195185950e+02 5.239058402e-02 9.979075346e-01 -3.789167686e-02 -1.848911183e+01 -3.324903406e-01 -1.834815898e-02 -9.429281619e-01 3.916145565e+02
-9.421192768e-01 6.513992862e-02 3.288891273e-01 3.197768816e+02 5.642444598e-02 9.977581394e-01 -3.598579203e-02 -1.852110751e+01 -3.304959157e-01 -1.534552156e-02 -9.436826610e-01 3.909705529e+02
-9.432211710e-01 6.755990090e-02 3.252222045e-01 3.200110445e+02 6.087657037e-02 9.976732289e-01 -3.069481217e-02 -1.855914250e+01 -3.265392254e-01 -9.153584262e-03 -9.451393263e-01 3.903039838e+02
-9.452912157e-01 7.000939773e-02 3.186270576e-01 3.202217918e+02 6.408458974e-02 9.975214540e-01 -2.905364207e-02 -1.859258428e+01 -3.198713537e-01 -7.045068366e-03 -9.474347915e-01 3.896514483e+02
-9.484365341e-01 7.139798296e-02 3.088210952e-01 3.204137949e+02 6.522564449e-02 9.974110514e-01 -3.027886763e-02 -1.862870030e+01 -3.101834233e-01 -8.574529312e-03 -9.506380601e-01 3.890285445e+02
-9.533347644e-01 7.224029114e-02 2.931453006e-01 3.206423987e+02 6.630304620e-02 9.973438033e-01 -3.015367386e-02 -1.865814127e+01 -2.945449592e-01 -9.310119160e-03 -9.555922712e-01 3.883684072e+02
-9.591354434e-01 7.342434916e-02 2.732545811e-01 3.208399358e+02 6.883176271e-02 9.972797147e-01 -2.636966124e-02 -1.869347050e+01 -2.744474259e-01 -6.483482247e-03 -9.615802488e-01 3.877164007e+02
-9.655039993e-01 7.668671117e-02 2.488396584e-01 3.209943576e+02 7.460654308e-02 9.970542768e-01 -1.779417983e-02 -1.870255173e+01 -2.494712228e-01 1.384714905e-03 -9.683812222e-01 3.870794657e+02
-9.726118573e-01 7.697702645e-02 2.193187461e-01 3.211381382e+02 7.741659140e-02 9.969769706e-01 -6.602389948e-03 -1.873782140e+01 -2.191639714e-01 1.055734700e-02 -9.756309220e-01 3.864329702e+02
-9.791698651e-01 7.888195436e-02 1.870935929e-01 3.212350686e+02 8.067486212e-02 9.967385122e-01 1.976080697e-03 -1.874304085e+01 -1.863275123e-01 1.702866848e-02 -9.823401054e-01 3.857838601e+02
-9.853338388e-01 7.998594487e-02 1.507298071e-01 3.213162730e+02 8.213144224e-02 9.965889727e-01 8.052678211e-03 -1.873631561e+01 -1.495715625e-01 2.031423278e-02 -9.885421992e-01 3.851282403e+02
-9.904605178e-01 8.130657634e-02 1.112528798e-01 3.213709605e+02 8.348805776e-02 9.963946020e-01 1.508447384e-02 -1.873663708e+01 -1.096253020e-01 2.422886262e-02 -9.936776416e-01 3.844657923e+02
-9.942407721e-01 8.196355624e-02 6.904536583e-02 3.214157700e+02 8.370461814e-02 9.962318568e-01 2.270736528e-02 -1.872901829e+01 -6.692401659e-02 2.835600437e-02 -9.973550587e-01 3.838028841e+02
-9.960239906e-01 8.512134167e-02 2.627864875e-02 3.214212396e+02 8.588200980e-02 9.958738724e-01 2.931741174e-02 -1.871111268e+01 -2.367468227e-02 3.145770861e-02 -9.992246604e-01 3.831609149e+02
-9.960104199e-01 8.751752776e-02 -1.743346543e-02 3.213863791e+02 8.688006346e-02 9.956222236e-01 3.447089205e-02 -1.869766734e+01 2.037395287e-02 3.281874708e-02 -9.992536374e-01 3.825296579e+02
-9.943435577e-01 8.596166184e-02 -6.238174405e-02 3.213238865e+02 8.361999584e-02 9.957252422e-01 3.922930404e-02 -1.867267149e+01 6.548729337e-02 3.379104457e-02 -9.972810936e-01 3.818821773e+02
-9.906845144e-01 8.309172471e-02 -1.078886379e-01 3.212492702e+02 7.873676725e-02 9.959229067e-01 4.402369014e-02 -1.864348780e+01 1.111067702e-01 3.511878552e-02 -9.931877751e-01 3.812468747e+02
-9.846190099e-01 8.489489339e-02 -1.527031842e-01 3.211263150e+02 7.792012892e-02 9.956489097e-01 5.110481424e-02 -1.862154880e+01 1.563772966e-01 3.842011979e-02 -9.869498647e-01 3.806218744e+02
-9.765307632e-01 8.692822396e-02 -1.970562163e-01 3.209891537e+02 7.619473520e-02 9.951990768e-01 6.142605162e-02 -1.861017943e+01 2.014498221e-01 4.496978285e-02 -9.784659870e-01 3.800064044e+02
-9.663444075e-01 8.861319663e-02 -2.415081522e-01 3.208103826e+02 7.412369401e-02 9.948969058e-01 6.845308460e-02 -1.857597821e+01 2.463415600e-01 4.824777911e-02 -9.679813984e-01 3.793883569e+02
-9.541515026e-01 8.497251304e-02 -2.870097248e-01 3.206226608e+02 6.656499774e-02 9.950850133e-01 7.331382818e-02 -1.854435976e+01 2.918287360e-01 5.084769763e-02 -9.551180558e-01 3.787170911e+02
-9.400389315e-01 8.370543960e-02 -3.306360637e-01 3.203830146e+02 6.181088249e-02 9.951742911e-01 7.620725129e-02 -1.849298229e+01 3.354194717e-01 5.120087620e-02 -9.406764844e-01 3.780815284e+02
-9.240893807e-01 8.412450985e-02 -3.728027405e-01 3.201128584e+02 5.934606738e-02 9.952266515e-01 7.747229423e-02 -1.844781476e+01 3.775405419e-01 4.946694784e-02 -9.246708389e-01 3.774675759e+02
-9.063597151e-01 8.827865316e-02 -4.131814930e-01 3.198120727e+02 6.020813647e-02 9.949345085e-01 8.050033588e-02 -1.840319263e+01 4.181949869e-01 4.808537378e-02 -9.070836509e-01 3.768712068e+02
-8.872385199e-01 9.286806768e-02 -4.518664967e-01 3.194828667e+02 6.189028491e-02 9.946344532e-01 8.289690696e-02 -1.833170160e+01 4.571404614e-01 4.558318281e-02 -8.882256313e-01 3.762665627e+02
-8.681486237e-01 9.646329251e-02 -4.868396043e-01 3.191257620e+02 6.183764693e-02 9.943096553e-01 8.674338463e-02 -1.828406764e+01 4.924368717e-01 4.520113442e-02 -8.691736218e-01 3.757254961e+02
-8.488175491e-01 1.003628420e-01 -5.190723151e-01 3.187487981e+02 6.318974706e-02 9.940371760e-01 8.886590258e-02 -1.823686352e+01 5.248960128e-01 4.263088933e-02 -8.500981020e-01 3.751699158e+02
-8.300233086e-01 1.021216627e-01 -5.482996199e-01 3.183577321e+02 6.249621983e-02 9.939323255e-01 9.051383727e-02 -1.819464400e+01 5.542161398e-01 4.086194111e-02 -8.313692153e-01 3.746216886e+02
-8.115368079e-01 1.047530054e-01 -5.748345999e-01 3.179342897e+02 6.413837597e-02 9.938237643e-01 9.055713289e-02 -1.814613413e+01 5.807704177e-01 3.662148888e-02 -8.132432530e-01 3.740608314e+02
-7.946134922e-01 1.068806321e-01 -5.976336072e-01 3.174862365e+02 6.651081609e-02 9.937820306e-01 8.929494435e-02 -1.808675889e+01 6.034614398e-01 3.120586863e-02 -7.967813279e-01 3.735075900e+02
-7.792919926e-01 1.106759372e-01 -6.168102036e-01 3.170130133e+02 7.079749959e-02 9.935280375e-01 8.882427992e-02 -1.802965179e+01 6.226489415e-01 2.555142996e-02 -7.820840237e-01 3.729651477e+02
-7.653212669e-01 1.128114541e-01 -6.336852012e-01 3.165613534e+02 7.329240933e-02 9.933911441e-01 8.833038831e-02 -1.796763394e+01 6.394619466e-01 2.115680953e-02 -7.685315922e-01 3.724094999e+02
-7.532746383e-01 1.138094795e-01 -6.477844716e-01 3.160769611e+02 7.364282259e-02 9.933161430e-01 8.888067736e-02 -1.790156941e+01 6.535702364e-01 1.924688317e-02 -7.566211096e-01 3.718305056e+02
-7.420212482e-01 1.146494323e-01 -6.604997917e-01 3.155837841e+02 7.424843340e-02 9.932605954e-01 8.899752713e-02 -1.784039780e+01 6.662519323e-01 1.699698138e-02 -7.455330075e-01 3.712646588e+02
-7.322996834e-01 1.142915543e-01 -6.713230327e-01 3.150553644e+02 7.371347679e-02 9.933267664e-01 8.870320464e-02 -1.778128893e+01 6.769811644e-01 1.547177388e-02 -7.358377044e-01 3.707189927e+02
-7.229832826e-01 1.145843225e-01 -6.812970029e-01 3.145087945e+02 7.383581293e-02 9.933172481e-01 8.870804548e-02 -1.771336207e+01 6.869086153e-01 1.383031586e-02 -7.266121913e-01 3.701512838e+02
-7.138870424e-01 1.147432154e-01 -6.907961242e-01 3.139536657e+02 7.458641215e-02 9.933316191e-01 8.791565074e-02 -1.765380063e+01 6.962773570e-01 1.123783945e-02 -7.176848564e-01 3.695772226e+02
-7.070138565e-01 1.169515169e-01 -6.974623642e-01 3.133880269e+02 7.645785046e-02 9.930911239e-01 8.901807018e-02 -1.761041386e+01 7.030544814e-01 9.610535952e-03 -7.110710469e-01 3.689984455e+02
-7.027762560e-01 1.186861510e-01 -7.014407541e-01 3.128162773e+02 7.852504742e-02 9.929019875e-01 8.932782426e-02 -1.754854615e+01 7.070638945e-01 7.696805413e-03 -7.071077770e-01 3.684007911e+02
-7.025730196e-01 1.212185783e-01 -7.012112438e-01 3.122036107e+02 8.190188446e-02 9.926107551e-01 8.953195041e-02 -1.747153769e+01 7.068827580e-01 5.472210476e-03 -7.073095655e-01 3.677958027e+02
-7.054356410e-01 1.232311872e-01 -6.979789617e-01 3.115930244e+02 8.326584254e-02 9.923591676e-01 9.104988673e-02 -1.740542238e+01 7.038660071e-01 6.112028891e-03 -7.103064741e-01 3.671692507e+02
-7.090495578e-01 1.227788225e-01 -6.943875613e-01 3.109728803e+02 8.184991568e-02 9.923991684e-01 9.189386218e-02 -1.733299260e+01 7.003922586e-01 8.321738998e-03 -7.137096278e-01 3.665182774e+02
-7.118563265e-01 1.192324885e-01 -6.921301786e-01 3.103469490e+02 7.768405870e-02 9.928042590e-01 9.113117105e-02 -1.726024987e+01 6.980155854e-01 1.110481924e-02 -7.159964564e-01 3.658611952e+02
-7.135067007e-01 1.162787374e-01 -6.909323001e-01 3.097281654e+02 7.426004635e-02 9.931285307e-01 9.044980381e-02 -1.719195271e+01 6.967019690e-01 1.322787647e-02 -7.172387258e-01 3.651905441e+02
-7.143831361e-01 1.156975056e-01 -6.901237730e-01 3.090963886e+02 7.409495222e-02 9.931991253e-01 8.980776990e-02 -1.711551442e+01 6.958208626e-01 1.302246832e-02 -7.180973071e-01 3.645172562e+02
-7.152641357e-01 1.149217219e-01 -6.893404195e-01 3.084543625e+02 7.292281225e-02 9.932751522e-01 8.992627850e-02 -1.703408387e+01 6.950391929e-01 1.405239988e-02 -7.188345084e-01 3.638277380e+02
-7.167339340e-01 1.136496619e-01 -6.880234169e-01 3.077914603e+02 7.133776865e-02 9.934036060e-01 8.977860766e-02 -1.696613156e+01 6.936882518e-01 1.526531931e-02 -7.201135878e-01 3.631395465e+02
-7.177587379e-01 1.131000158e-01 -6.870449626e-01 3.071395901e+02 7.196479977e-02 9.934852413e-01 8.836369655e-02 -1.689349785e+01 6.925629659e-01 1.398076214e-02 -7.212219329e-01 3.624375972e+02
-7.192127856e-01 1.124440391e-01 -6.856305908e-01 3.064598790e+02 7.172440013e-02 9.935607788e-01 8.770740718e-02 -1.681934061e+01 6.910778389e-01 1.390384580e-02 -7.226465967e-01 3.617277780e+02
-7.205448139e-01 1.113794699e-01 -6.844046937e-01 3.057709268e+02 7.081051219e-02 9.936744870e-01 8.716011280e-02 -1.674455013e+01 6.897833301e-01 1.433972035e-02 -7.238738357e-01 3.610016745e+02
-7.216587561e-01 1.113396510e-01 -6.832365051e-01 3.051222160e+02 7.204034249e-02 9.937009086e-01 8.584109307e-02 -1.667655637e+01 6.884902533e-01 1.272738462e-02 -7.251339082e-01 3.602835382e+02
-7.229745122e-01 1.100324632e-01 -6.820562379e-01 3.044421802e+02 7.322318310e-02 9.938790567e-01 8.272113430e-02 -1.660626497e+01 6.869834206e-01 9.862942929e-03 -7.266061535e-01 3.595571423e+02
-7.245264016e-01 1.073248359e-01 -6.808398292e-01 3.037717231e+02 7.163173832e-02 9.941781653e-01 8.049018355e-02 -1.653945972e+01 6.855146880e-01 9.547522569e-03 -7.279961932e-01 3.588192419e+02
-7.262637209e-01 1.049790992e-01 -6.793529248e-01 3.031000612e+02 7.154671151e-02 9.944465259e-01 7.718273908e-02 -1.647822393e+01 6.836827303e-01 7.449555552e-03 -7.297413435e-01 3.580889719e+02
-7.280190368e-01 1.030981065e-01 -6.777603283e-01 3.024102718e+02 7.106466633e-02 9.946505177e-01 7.496773260e-02 -1.640680210e+01 6.818636926e-01 6.413124895e-03 -7.314511443e-01 3.573434583e+02
-7.300607695e-01 1.017361135e-01 -6.757669984e-01 3.016954844e+02 7.048253141e-02 9.947926135e-01 7.361975832e-02 -1.634992681e+01 6.797378065e-01 6.117128726e-03 -7.334296797e-01 3.565865940e+02
-7.317388852e-01 1.024952908e-01 -6.738344895e-01 3.009913617e+02 7.077657309e-02 9.947103690e-01 7.444433110e-02 -1.628461540e+01 6.779003471e-01 6.782115849e-03 -7.351225220e-01 3.558104199e+02
-7.342142415e-01 1.033784420e-01 -6.710010024e-01 3.002780972e+02 7.025409026e-02 9.946020488e-01 7.636181825e-02 -1.621317424e+01 6.752731376e-01 8.925369480e-03 -7.375137473e-01 3.550296610e+02
-7.362803146e-01 1.056244986e-01 -6.683821987e-01 2.995901631e+02 7.201547691e-02 9.943639451e-01 7.780819893e-02 -1.614543069e+01 6.728336119e-01 9.154782389e-03 -7.397371970e-01 3.542579104e+02
-7.401563281e-01 1.061249634e-01 -6.640076070e-01 2.988973300e+02 7.184835195e-02 9.942959241e-01 7.882531115e-02 -1.609074200e+01 6.685853904e-01 1.063520062e-02 -7.435593239e-01 3.535014104e+02
-7.439129287e-01 1.067999416e-01 -6.596872948e-01 2.982185858e+02 7.076878228e-02 9.941863772e-01 8.114941032e-02 -1.602026161e+01 6.645188740e-01 1.368282896e-02 -7.471462014e-01 3.527146102e+02
-7.481436030e-01 1.073347278e-01 -6.547979884e-01 2.975326136e+02 6.977103908e-02 9.940846081e-01 8.323337148e-02 -1.595192909e+01 6.598584329e-01 1.658457839e-02 -7.512068958e-01 3.519243154e+02
-7.527383910e-01 1.074238396e-01 -6.494959842e-01 2.968498173e+02 6.972368048e-02 9.940566697e-01 8.360589522e-02 -1.590148577e+01 6.546170813e-01 1.764811657e-02 -7.557546036e-01 3.511422193e+02
-7.577901917e-01 1.064903098e-01 -6.437498266e-01 2.961653526e+02 7.042562963e-02 9.941773790e-01 8.155715703e-02 -1.583005817e+01 6.486865623e-01 1.646672680e-02 -7.608775137e-01 3.503238374e+02
-7.633253616e-01 1.084997199e-01 -6.368376583e-01 2.954925552e+02 7.443428911e-02 9.940011823e-01 8.013230451e-02 -1.576720808e+01 6.417117179e-01 1.376446194e-02 -7.668224115e-01 3.495133043e+02
-7.702649814e-01 1.092509461e-01 -6.282961795e-01 2.948373943e+02 7.652345341e-02 9.939320037e-01 7.901476561e-02 -1.569682134e+01 6.331161185e-01 1.278291355e-02 -7.739512760e-01 3.487055433e+02
-7.780556831e-01 1.102168138e-01 -6.184509746e-01 2.941916700e+02 8.019799556e-02 9.938601460e-01 7.622526981e-02 -1.562624581e+01 6.230550822e-01 9.708975855e-03 -7.821177023e-01 3.478573342e+02
-7.878962568e-01 1.122735386e-01 -6.054866977e-01 2.934922916e+02 8.482950665e-02 9.936538328e-01 7.386484514e-02 -1.557274451e+01 6.099372454e-01 6.834697152e-03 -7.924202443e-01 3.470175879e+02
-7.975806706e-01 1.108569703e-01 -5.929382818e-01 2.928763291e+02 8.532460998e-02 9.938178793e-01 7.103332811e-02 -1.550728175e+01 5.971472054e-01 6.062581831e-03 -8.021087584e-01 3.461624066e+02
-8.070974924e-01 1.110641193e-01 -5.798779175e-01 2.922717631e+02 8.635833303e-02 9.937917510e-01 7.014409471e-02 -1.545040079e+01 5.840683831e-01 6.535832633e-03 -8.116781424e-01 3.453026215e+02
-8.170549634e-01 1.096301172e-01 -5.660410093e-01 2.916545017e+02 8.604858086e-02 9.939471153e-01 6.829914808e-02 -1.539472884e+01 5.701024719e-01 7.097132381e-03 -8.215429400e-01 3.444205237e+02
-8.263873106e-01 1.061739824e-01 -5.530018972e-01 2.910881958e+02 8.357210080e-02 9.943125950e-01 6.601641794e-02 -1.534169853e+01 5.568659774e-01 8.339599788e-03 -8.305604940e-01 3.435494691e+02
-8.337743521e-01 1.059787324e-01 -5.418383875e-01 2.905306682e+02 8.373058631e-02 9.943243591e-01 6.563732027e-02 -1.530285247e+01 5.457192674e-01 9.358268311e-03 -8.379158096e-01 3.426517087e+02
-8.405557504e-01 1.067608340e-01 -5.311008894e-01 2.899923328e+02 8.250601489e-02 9.941803745e-01 6.926861046e-02 -1.524770356e+01 5.354052558e-01 1.440511096e-02 -8.444724418e-01 3.417455304e+02
-8.471949100e-01 1.079816139e-01 -5.201929983e-01 2.894439888e+02 8.271129055e-02 9.939960668e-01 7.162863637e-02 -1.520086955e+01 5.248043701e-01 1.765758192e-02 -8.510397070e-01 3.408235632e+02
-8.543636196e-01 1.062364245e-01 -5.087009215e-01 2.888791610e+02 8.222511744e-02 9.941855925e-01 6.952724514e-02 -1.513379977e+01 5.131294530e-01 1.757355581e-02 -8.581313038e-01 3.398745804e+02
-8.606902201e-01 1.072572843e-01 -4.977029435e-01 2.883402852e+02 8.517108893e-02 9.941146208e-01 6.694778814e-02 -1.507762374e+01 5.019544109e-01 1.523140485e-02 -8.647599515e-01 3.389341447e+02
-8.673615332e-01 1.059533241e-01 -4.862693326e-01 2.878106702e+02 8.480855350e-02 9.942510012e-01 6.536402651e-02 -1.502578139e+01 4.903993067e-01 1.545444354e-02 -8.713608209e-01 3.379858865e+02
-8.734327170e-01 1.049279696e-01 -4.755054260e-01 2.873071400e+02 8.526474184e-02 9.943768112e-01 6.280669599e-02 -1.496881635e+01 4.794217483e-01 1.431357574e-02 -8.774678962e-01 3.370280543e+02
-8.796898559e-01 1.042851525e-01 -4.639723746e-01 2.867931586e+02 8.619872887e-02 9.944642142e-01 6.008914832e-02 -1.491916766e+01 4.676703289e-01 1.286598531e-02 -8.838093289e-01 3.360581306e+02
-8.851663501e-01 1.050115926e-01 -4.532693439e-01 2.862996211e+02 8.872334376e-02 9.944171947e-01 5.711927194e-02 -1.487234119e+01 4.567370151e-01 1.034448564e-02 -8.895416183e-01 3.350807961e+02
-8.902934245e-01 1.048970176e-01 -4.431413252e-01 2.858104783e+02 8.958015666e-02 9.944362964e-01 5.542425368e-02 -1.481836258e+01 4.464896571e-01 9.647179276e-03 -8.947367870e-01 3.340881201e+02
-8.942141685e-01 1.079407644e-01 -4.344304458e-01 2.853450880e+02 9.257666454e-02 9.941044346e-01 5.644408139e-02 -1.477143214e+01 4.379618499e-01 1.025497567e-02 -8.989350663e-01 3.330976267e+02
-8.974857662e-01 1.105439199e-01 -4.269652694e-01 2.848712824e+02 9.470942987e-02 9.938010127e-01 5.822088136e-02 -1.472539243e+01 4.307544816e-01 1.181477507e-02 -9.023918150e-01 3.320886677e+02
-9.001571106e-01 1.110822275e-01 -4.211625754e-01 2.844047584e+02 9.572648746e-02 9.937453000e-01 5.750407215e-02 -1.467485646e+01 4.249160103e-01 1.144628544e-02 -9.051604094e-01 3.310726666e+02
-9.021590090e-01 1.119689241e-01 -4.166198297e-01 2.839568836e+02 9.710323658e-02 9.936533480e-01 5.678015054e-02 -1.462407714e+01 4.203333009e-01 1.076959046e-02 -9.073058647e-01 3.300804750e+02
-9.034832392e-01 1.090733871e-01 -4.145130067e-01 2.835301977e+02 9.351019930e-02 9.939434760e-01 5.772529065e-02 -1.456739333e+01 4.182987917e-01 1.339263872e-02 -9.082107454e-01 3.290631756e+02
-9.043091473e-01 1.077414529e-01 -4.130577992e-01 2.830744772e+02 9.208435947e-02 9.940784362e-01 5.769344269e-02 -1.452141343e+01 4.168278264e-01 1.413654510e-02 -9.088755257e-01 3.280482790e+02
-9.053138492e-01 1.044169922e-01 -4.117085452e-01 2.825874831e+02 8.917301370e-02 9.944337139e-01 5.612274352e-02 -1.446866357e+01 4.152770257e-01 1.409540522e-02 -9.095857911e-01 3.270034152e+02
-9.058694136e-01 1.023974823e-01 -4.109931400e-01 2.821485849e+02 8.797908402e-02 9.946628772e-01 5.390214817e-02 -1.440960131e+01 4.143190634e-01 1.266950736e-02 -9.100435140e-01 3.259763261e+02
-9.069943828e-01 1.033761253e-01 -4.082579653e-01 2.816668356e+02 8.964856823e-02 9.945795430e-01 5.267510605e-02 -1.436597521e+01 4.114903689e-01 1.117628325e-02 -9.113455804e-01 3.249318186e+02
-9.080797089e-01 1.043904968e-01 -4.055784344e-01 2.812180954e+02 9.092150327e-02 9.944787956e-01 5.239470729e-02 -1.432121263e+01 4.088086625e-01 1.070276959e-02 -9.125573561e-01 3.238904851e+02
-9.093360489e-01 1.069761416e-01 -4.020746886e-01 2.807450088e+02 9.282428638e-02 9.941853772e-01 5.458101825e-02 -1.426914313e+01 4.055756427e-01 1.231019144e-02 -9.139785869e-01 3.228245292e+02
-9.103643420e-01 1.112846061e-01 -3.985630456e-01 2.802796529e+02 9.695323019e-02 9.937119080e-01 5.600638317e-02 -1.421994233e+01 4.022894929e-01 1.234423945e-02 -9.154292893e-01 3.217558861e+02
-9.111441331e-01 1.143984083e-01 -3.958906073e-01 2.798191520e+02 1.015423181e-01 9.933992992e-01 5.335719234e-02 -1.417265312e+01 3.993814297e-01 8.416442791e-03 -9.167462228e-01 3.207002870e+02
-9.118420956e-01 1.128604778e-01 -3.947233275e-01 2.793859662e+02 1.018265754e-01 9.936012588e-01 4.886601211e-02 -1.413512453e+01 3.977126366e-01 4.364762229e-03 -9.174996499e-01 3.196466161e+02
-9.121437837e-01 1.133737267e-01 -3.938783010e-01 2.789268860e+02 1.032932121e-01 9.935504365e-01 4.677651524e-02 -1.408386944e+01 3.966411857e-01 1.981952709e-03 -9.179715909e-01 3.185708425e+02
-9.122043405e-01 1.147745719e-01 -3.933319702e-01 2.784751263e+02 1.035097173e-01 9.933803243e-01 4.981234551e-02 -1.404645467e+01 3.964454307e-01 4.725356733e-03 -9.180461271e-01 3.174862787e+02
-9.123596915e-01 1.157023335e-01 -3.926993295e-01 2.780094387e+02 1.024563553e-01 9.932376965e-01 5.460378701e-02 -1.400281559e+01 3.963615630e-01 9.583752246e-03 -9.180444777e-01 3.163742340e+02
-9.122301045e-01 1.204204635e-01 -3.915803218e-01 2.775013115e+02 1.056583409e-01 9.926435645e-01 5.911910656e-02 -1.394552389e+01 3.958188366e-01 1.255650161e-02 -9.182427690e-01 3.152450325e+02
-9.114871159e-01 1.249658097e-01 -3.918861876e-01 2.770540367e+02 1.102816889e-01 9.920962122e-01 5.985862386e-02 -1.389292407e+01 3.962690837e-01 1.134249381e-02 -9.180643557e-01 3.141647539e+02
-9.101883212e-01 1.305473302e-01 -3.930834702e-01 2.766016250e+02 1.171042040e-01 9.914183808e-01 5.810507352e-02 -1.384876223e+01 3.972956398e-01 6.854832439e-03 -9.176650728e-01 3.130762777e+02
-9.094810758e-01 1.318320011e-01 -3.942898633e-01 2.761309329e+02 1.195669082e-01 9.912660490e-01 5.563609063e-02 -1.379368341e+01 3.981807722e-01 3.455951661e-03 -9.173004574e-01 3.119683129e+02
-9.089372676e-01 1.328929377e-01 -3.951866782e-01 2.756584572e+02 1.207639490e-01 9.911265726e-01 5.553544500e-02 -1.374200188e+01 3.990602863e-01 2.753931782e-03 -9.169205548e-01 3.108637832e+02
-9.087587395e-01 1.317025958e-01 -3.959949238e-01 2.751715100e+02 1.186270782e-01 9.912754620e-01 5.745062900e-02 -1.369126287e+01 4.001064480e-01 5.233040398e-03 -9.164537335e-01 3.097524938e+02
-9.081901563e-01 1.292084499e-01 -3.981153307e-01 2.746920841e+02 1.154432363e-01 9.915917366e-01 5.846954018e-02 -1.364763281e+01 4.023226308e-01 7.141738624e-03 -9.154700958e-01 3.086347735e+02
-9.076178367e-01 1.230527910e-01 -4.013575377e-01 2.742048657e+02 1.084478375e-01 9.923494615e-01 5.900519360e-02 -1.358561275e+01 4.055476901e-01 1.002780916e-02 -9.140188806e-01 3.074943794e+02
-9.060606053e-01 1.176104046e-01 -4.064750574e-01 2.737162850e+02 1.017004356e-01 9.929669874e-01 6.061009276e-02 -1.351930783e+01 4.107446908e-01 1.357772693e-02 -9.116492990e-01 3.063457297e+02
-9.040956675e-01 1.115020881e-01 -4.125267365e-01 2.732436274e+02 9.409256410e-02 9.936091462e-01 6.234944973e-02 -1.346719398e+01 4.168424323e-01 1.755416897e-02 -9.088092417e-01 3.052152826e+02
-9.015797064e-01 1.069454497e-01 -4.191857628e-01 2.727377839e+02 8.981555245e-02 9.941220381e-01 6.045279027e-02 -1.340330055e+01 4.231869557e-01 1.685360804e-02 -9.058856199e-01 3.040879247e+02
-8.988651831e-01 1.028174108e-01 -4.259929139e-01 2.722195674e+02 8.636388035e-02 9.945843730e-01 5.782045689e-02 -1.334491928e+01 4.296308448e-01 1.518239452e-02 -9.028769750e-01 3.029566684e+02
-8.951704305e-01 1.008519362e-01 -4.341644703e-01 2.717087398e+02 8.419599615e-02 9.947898443e-01 5.748216982e-02 -1.328610395e+01 4.376995940e-01 1.490142863e-02 -8.989977825e-01 3.018209510e+02
-8.917713979e-01 1.030259372e-01 -4.406012145e-01 2.711486570e+02 8.545744015e-02 9.945580393e-01 5.959305690e-02 -1.322967637e+01 4.443431105e-01 1.549073174e-02 -8.957227458e-01 3.006933443e+02
-8.874907955e-01 1.083132469e-01 -4.479155372e-01 2.705835047e+02 8.881348934e-02 9.939652441e-01 6.438367557e-02 -1.316807143e+01 4.521860812e-01 1.735897767e-02 -8.917546826e-01 2.995567008e+02
-8.830527212e-01 1.131958965e-01 -4.554169305e-01 2.700168979e+02 9.386751221e-02 9.934657061e-01 6.492134378e-02 -1.310870691e+01 4.597899321e-01 1.458011501e-02 -8.879080124e-01 2.984330101e+02
-8.784725126e-01 1.169886159e-01 -4.632490781e-01 2.694134281e+02 9.874794535e-02 9.930822240e-01 6.353376735e-02 -1.303058834e+01 4.674771523e-01 1.006777359e-02 -8.839478220e-01 2.972953737e+02
-8.743910137e-01 1.185338150e-01 -4.705210833e-01 2.688074220e+02 1.024622845e-01 9.929418854e-01 5.973183764e-02 -1.297313016e+01 4.742803342e-01 4.018316977e-03 -8.803647072e-01 2.961664510e+02
-8.716099113e-01 1.174613262e-01 -4.759191101e-01 2.681398536e+02 1.017097129e-01 9.930733165e-01 5.882620471e-02 -1.291361987e+01 4.795323731e-01 2.867907040e-03 -8.775195031e-01 2.950166915e+02
-8.676076320e-01 1.206324732e-01 -4.823948625e-01 2.675147096e+02 1.029356810e-01 9.926841585e-01 6.310631614e-02 -1.284451330e+01 4.864784091e-01 5.095877853e-03 -8.736777378e-01 2.938696763e+02
-8.639151156e-01 1.210882986e-01 -4.888642930e-01 2.668689590e+02 1.006559881e-01 9.925960610e-01 6.798111276e-02 -1.276710010e+01 4.934764889e-01 9.522792420e-03 -8.697070031e-01 2.927198505e+02
-8.602597483e-01 1.256121040e-01 -4.941404301e-01 2.662378637e+02 1.029223148e-01 9.920076518e-01 7.299188969e-02 -1.268278124e+01 4.993597526e-01 1.193390777e-02 -8.663125414e-01 2.915928437e+02
-8.570645710e-01 1.321436399e-01 -4.979742760e-01 2.655884062e+02 1.097789239e-01 9.911912672e-01 7.408413909e-02 -1.260910989e+01 5.033775015e-01 8.827810712e-03 -8.640215048e-01 2.904709575e+02
-8.553972746e-01 1.327551890e-01 -5.006711120e-01 2.649511404e+02 1.123635373e-01 9.911393909e-01 7.083179507e-02 -1.254249452e+01 5.056381494e-01 4.332147272e-03 -8.627347764e-01 2.893666295e+02
-8.536624019e-01 1.338462520e-01 -5.033345651e-01 2.642776886e+02 1.156922858e-01 9.910018091e-01 6.731054379e-02 -1.247361161e+01 5.078147286e-01 -7.714458885e-04 -8.614659635e-01 2.882281018e+02
-8.538585368e-01 1.280056053e-01 -5.045197361e-01 2.636406581e+02 1.087236971e-01 9.917692407e-01 6.762344976e-02 -1.240622681e+01 5.090233362e-01 2.887608875e-03 -8.607478753e-01 2.871152058e+02
-8.530216646e-01 1.271224461e-01 -5.061560268e-01 2.629725339e+02 1.074016922e-01 9.918799912e-01 6.810990812e-02 -1.233828233e+01 5.107043335e-01 3.737213400e-03 -8.597482870e-01 2.859720964e+02
-8.533673956e-01 1.222356788e-01 -5.067766046e-01 2.623031985e+02 1.014125942e-01 9.924752592e-01 6.861738533e-02 -1.226744185e+01 5.113507347e-01 7.162309245e-03 -8.593422644e-01 2.848367230e+02
-8.527977511e-01 1.232522121e-01 -5.074888057e-01 2.616157520e+02 1.022641608e-01 9.923501021e-01 6.916152348e-02 -1.219202097e+01 5.121308789e-01 7.082874878e-03 -8.588782194e-01 2.837035811e+02
-8.526230257e-01 1.238742866e-01 -5.076309064e-01 2.609612491e+02 1.010803912e-01 9.922436212e-01 7.235572393e-02 -1.212325307e+01 5.126565425e-01 1.038062568e-02 -8.585310199e-01 2.825691982e+02
-8.521147637e-01 1.253587749e-01 -5.081196778e-01 2.602963599e+02 1.023609975e-01 9.920582983e-01 7.309281129e-02 -1.204492957e+01 5.132471681e-01 1.027182657e-02 -8.581793717e-01 2.814166182e+02
-8.525066100e-01 1.248371391e-01 -5.075905521e-01 2.596156993e+02 1.016606653e-01 9.921178780e-01 7.326134852e-02 -1.197984179e+01 5.127353986e-01 1.085379062e-02 -8.584780756e-01 2.802846749e+02
-8.526566680e-01 1.232259433e-01 -5.077321867e-01 2.589185675e+02 1.003678282e-01 9.923212493e-01 7.228303635e-02 -1.189957553e+01 5.127405832e-01 1.067263606e-02 -8.584772503e-01 2.791194517e+02
-8.530934351e-01 1.212427651e-01 -5.074758939e-01 2.582401668e+02 9.790609320e-02 9.925478480e-01 7.254768280e-02 -1.182890904e+01 5.124899881e-01 1.220496976e-02 -8.586064586e-01 2.779823400e+02
-8.528054344e-01 1.205009888e-01 -5.081362050e-01 2.575796149e+02 9.659619101e-02 9.926226795e-01 7.327613609e-02 -1.176810354e+01 5.132173681e-01 1.340626515e-02 -8.581539519e-01 2.768315929e+02
-8.518806848e-01 1.219319378e-01 -5.093445803e-01 2.568789384e+02 9.748946199e-02 9.924420478e-01 7.452909854e-02 -1.169231734e+01 5.145824557e-01 1.383417040e-02 -8.573292903e-01 2.756667467e+02
-8.508215704e-01 1.210302261e-01 -5.113260601e-01 2.561852758e+02 9.507701700e-02 9.925089824e-01 7.672210103e-02 -1.160149372e+01 5.167814008e-01 1.666146198e-02 -8.559552439e-01 2.745051986e+02
-8.495853137e-01 1.232707582e-01 -5.128441429e-01 2.555234064e+02 9.740359823e-02 9.922506487e-01 7.714395067e-02 -1.152367031e+01 5.183795268e-01 1.558750269e-02 -8.550085941e-01 2.733790122e+02
-8.490950361e-01 1.230114206e-01 -5.137176364e-01 2.547980608e+02 9.796392815e-02 9.923072871e-01 7.569225036e-02 -1.145178244e+01 5.190767654e-01 1.394411643e-02 -8.546138738e-01 2.722180858e+02
-8.486375633e-01 1.215932137e-01 -5.148100393e-01 2.541086369e+02 9.660010898e-02 9.924803623e-01 7.517412781e-02 -1.137567519e+01 5.200795181e-01 1.406488275e-02 -8.540020339e-01 2.710691275e+02
-8.483969034e-01 1.210804061e-01 -5.153273033e-01 2.534322669e+02 9.553543244e-02 9.925266542e-01 7.591983791e-02 -1.130552097e+01 5.206684890e-01 1.517813861e-02 -8.536240089e-01 2.699194154e+02
-8.479104717e-01 1.204225357e-01 -5.162811685e-01 2.527483219e+02 9.405673123e-02 9.925810956e-01 7.704608935e-02 -1.121934831e+01 5.217290134e-01 1.676846686e-02 -8.529464550e-01 2.687459565e+02
-8.475425907e-01 1.218540863e-01 -5.165492606e-01 2.520924039e+02 9.511733471e-02 9.924022459e-01 7.804149517e-02 -1.114951624e+01 5.221343214e-01 1.701070208e-02 -8.526936064e-01 2.675928837e+02
-8.469951357e-01 1.244257225e-01 -5.168340930e-01 2.514426429e+02 9.823090403e-02 9.921127669e-01 7.786492892e-02 -1.108116165e+01 5.224461021e-01 1.518213584e-02 -8.525371388e-01 2.664505670e+02
-8.465861218e-01 1.242568485e-01 -5.175443690e-01 2.507784473e+02 9.923888584e-02 9.921665524e-01 7.587605589e-02 -1.099220787e+01 5.229183319e-01 1.287508934e-02 -8.522855450e-01 2.652858633e+02
-8.464887555e-01 1.237084306e-01 -5.178349265e-01 2.500904411e+02 9.903245079e-02 9.922419180e-01 7.515683565e-02 -1.090474576e+01 5.231150548e-01 1.233695440e-02 -8.521727753e-01 2.641132513e+02
-8.464186994e-01 1.236685138e-01 -5.179589598e-01 2.494169786e+02 9.855678684e-02 9.922363992e-01 7.585174988e-02 -1.082965365e+01 5.233182064e-01 1.315396868e-02 -8.520358138e-01 2.629458255e+02
-8.462746151e-01 1.231037174e-01 -5.183288055e-01 2.487497555e+02 9.740611662e-02 9.922898223e-01 7.663521994e-02 -1.074517082e+01 5.237664788e-01 1.436604519e-02 -8.517407425e-01 2.617815357e+02
-8.459115675e-01 1.244532819e-01 -5.185990750e-01 2.480670650e+02 9.840743251e-02 9.921182767e-01 7.757127231e-02 -1.067685537e+01 5.241656200e-01 1.458443307e-02 -8.514914545e-01 2.605953894e+02
-8.458082404e-01 1.261058767e-01 -5.183683326e-01 2.473726089e+02 1.002340479e-01 9.919206336e-01 7.775983759e-02 -1.061106245e+01 5.239862174e-01 1.381175511e-02 -8.516147482e-01 2.594241564e+02
-8.454248882e-01 1.265995135e-01 -5.188731268e-01 2.466647276e+02 1.013625456e-01 9.918766713e-01 7.685247736e-02 -1.053282405e+01 5.243876360e-01 1.237869611e-02 -8.513896729e-01 2.582437038e+02
-8.448554141e-01 1.284123007e-01 -5.193549945e-01 2.459900946e+02 1.036131710e-01 9.916605525e-01 7.663980312e-02 -1.047389453e+01 5.248653542e-01 1.093753473e-02 -8.511149924e-01 2.570778009e+02
-8.445641231e-01 1.294754000e-01 -5.195647821e-01 2.452898230e+02 1.045458643e-01 9.915234229e-01 7.714573230e-02 -1.039863512e+01 5.251491258e-01 1.083616856e-02 -8.509412278e-01 2.558928502e+02
-8.444820192e-01 1.306953227e-01 -5.193927722e-01 2.445612836e+02 1.056092069e-01 9.913637129e-01 7.774756650e-02 -1.031653546e+01 5.250683904e-01 1.080376320e-02 -8.509914595e-01 2.546927106e+02
-8.442643428e-01 1.320916153e-01 -5.193934199e-01 2.438264799e+02 1.066097247e-01 9.911749021e-01 7.878248569e-02 -1.023206938e+01 5.252162279e-01 1.114085399e-02 -8.508958780e-01 2.534824212e+02
-8.439670336e-01 1.346538222e-01 -5.192186383e-01 2.430869694e+02 1.092932707e-01 9.908403059e-01 7.931247828e-02 -1.014658912e+01 5.251424828e-01 1.019001385e-02 -8.509533104e-01 2.522718496e+02
-8.436979686e-01 1.355108166e-01 -5.194329180e-01 2.423411437e+02 1.104484604e-01 9.907318640e-01 7.906649896e-02 -1.005664291e+01 5.253331089e-01 9.337678488e-03 -8.508454222e-01 2.510633393e+02
-8.429197310e-01 1.376074139e-01 -5.201447171e-01 2.416310320e+02 1.138956003e-01 9.904683651e-01 7.746102234e-02 -9.971929680e+00 5.258460985e-01 6.051229342e-03 -8.505582069e-01 2.498757215e+02
-8.425341281e-01 1.378329403e-01 -5.207094425e-01 2.408785205e+02 1.155431933e-01 9.904502875e-01 7.521966862e-02 -9.884752240e+00 5.261045651e-01 3.210706131e-03 -8.504138274e-01 2.486626629e+02
-8.416648631e-01 1.393345976e-01 -5.217146040e-01 2.401492349e+02 1.169824180e-01 9.902416319e-01 7.574050678e-02 -9.802675994e+00 5.271767939e-01 2.716687396e-03 -8.497512857e-01 2.474527303e+02
-8.413269665e-01 1.369534165e-01 -5.228887999e-01 2.394223501e+02 1.135981753e-01 9.905643487e-01 7.666632669e-02 -9.726820834e+00 5.284547189e-01 5.102234501e-03 -8.489461569e-01 2.462667139e+02
-8.400455131e-01 1.345367431e-01 -5.255695963e-01 2.387057597e+02 1.105208933e-01 9.908866533e-01 7.699852293e-02 -9.631751147e+00 5.311390289e-01 6.595842440e-03 -8.472590081e-01 2.450555267e+02
-8.392834626e-01 1.323951564e-01 -5.273279738e-01 2.379342922e+02 1.066728227e-01 9.911454754e-01 7.906677879e-02 -9.546140041e+00 5.331267939e-01 1.010787641e-02 -8.459749715e-01 2.438263422e+02
-8.374535886e-01 1.363661685e-01 -5.292218392e-01 2.371413291e+02 1.099914165e-01 9.906101107e-01 8.120035052e-02 -9.432417261e+00 5.353254854e-01 9.791665194e-03 -8.445891001e-01 2.425605597e+02
-8.366034389e-01 1.367208347e-01 -5.304734672e-01 2.363869465e+02 1.107415456e-01 9.905711469e-01 8.065428105e-02 -9.345183507e+00 5.364988315e-01 8.730197215e-03 -8.438559045e-01 2.413612068e+02
-8.354328344e-01 1.361847869e-01 -5.324525171e-01 2.356164214e+02 1.114662922e-01 9.906639244e-01 7.848728967e-02 -9.251638029e+00 5.381702750e-01 6.220351017e-03 -8.428131835e-01 2.401587723e+02
-8.348983564e-01 1.348856517e-01 -5.336202727e-01 2.348228442e+02 1.107882830e-01 9.908471539e-01 7.712246107e-02 -9.150080197e+00 5.391388419e-01 5.270542187e-03 -8.422004100e-01 2.389267497e+02
-8.341647995e-01 1.338292441e-01 -5.350316071e-01 2.340635250e+02 1.102381880e-01 9.909945354e-01 7.600903021e-02 -9.056597444e+00 5.403856300e-01 4.423142534e-03 -8.414058514e-01 2.377071857e+02
-8.334456018e-01 1.356415127e-01 -5.356956308e-01 2.332935416e+02 1.116690486e-01 9.907479424e-01 7.712676709e-02 -8.971436973e+00 5.412009353e-01 4.460343365e-03 -8.408814738e-01 2.364721437e+02
-8.325654519e-01 1.388960623e-01 -5.362300367e-01 2.325041392e+02 1.134813778e-01 9.902887023e-01 8.031352926e-02 -8.881592851e+00 5.421777801e-01 6.014146427e-03 -8.402422774e-01 2.352136511e+02
-8.318333478e-01 1.408527770e-01 -5.368554523e-01 2.317383827e+02 1.148443285e-01 9.900099409e-01 8.179912679e-02 -8.794591645e+00 5.430138688e-01 6.388437546e-03 -8.396994261e-01 2.339858943e+02
-8.311697632e-01 1.424496369e-01 -5.374615574e-01 2.309350868e+02 1.174357524e-01 9.897940526e-01 8.072532134e-02 -8.683871882e+00 5.434755457e-01 3.979243864e-03 -8.394155686e-01 2.327314810e+02
-8.306501554e-01 1.439491878e-01 -5.378651789e-01 2.301458494e+02 1.188332598e-01 9.895784092e-01 8.132175916e-02 -8.596476488e+00 5.439659692e-01 3.633659362e-03 -8.390994106e-01 2.315116653e+02
-8.299805772e-01 1.471631008e-01 -5.380290542e-01 2.293664556e+02 1.213514394e-01 9.891046230e-01 8.334190356e-02 -8.498859171e+00 5.444318778e-01 3.881561038e-03 -8.387960801e-01 2.302860721e+02
-8.299880884e-01 1.494163976e-01 -5.373960487e-01 2.285573101e+02 1.232923949e-01 9.887667806e-01 8.449401758e-02 -8.412320136e+00 5.439841527e-01 3.872182267e-03 -8.390865556e-01 2.290540125e+02
-8.299157536e-01 1.505385143e-01 -5.371945621e-01 2.277603364e+02 1.250597139e-01 9.886012531e-01 8.383096251e-02 -8.314025132e+00 5.436910058e-01 2.391238205e-03 -8.392820576e-01 2.278100293e+02
-8.303335125e-01 1.501346960e-01 -5.366617473e-01 2.269893521e+02 1.256056168e-01 9.886651564e-01 8.224620058e-02 -8.220038115e+00 5.429267787e-01 8.840468096e-04 -8.397795731e-01 2.266013808e+02
-8.312274130e-01 1.479867869e-01 -5.358739579e-01 2.261999229e+02 1.232483563e-01 9.889871815e-01 8.194020675e-02 -8.114912090e+00 5.420985432e-01 2.065361574e-03 -8.403123846e-01 2.253761589e+02
-8.322268635e-01 1.459215696e-01 -5.348881595e-01 2.254379159e+02 1.212160544e-01 9.892921631e-01 8.128766301e-02 -8.014573951e+00 5.410222877e-01 2.812744581e-03 -8.410035509e-01 2.241599175e+02
-8.329982511e-01 1.447912346e-01 -5.339938314e-01 2.246596543e+02 1.198584510e-01 9.894551853e-01 8.131659057e-02 -7.915719157e+00 5.401368950e-01 3.732904240e-03 -8.415688921e-01 2.229118786e+02
-8.340445332e-01 1.441840793e-01 -5.325229272e-01 2.238939279e+02 1.187016850e-01 9.895372737e-01 8.201154732e-02 -7.823236349e+00 5.387760450e-01 5.189913921e-03 -8.424330467e-01 2.216753484e+02
-8.356822540e-01 1.439272455e-01 -5.300189792e-01 2.230944766e+02 1.177575893e-01 9.895635964e-01 8.304841298e-02 -7.731482941e+00 5.364404165e-01 6.988327694e-03 -8.439092622e-01 2.204340889e+02
-8.366886132e-01 1.429077371e-01 -5.287055355e-01 2.223082741e+02 1.174327155e-01 9.897162709e-01 8.167778445e-02 -7.627830850e+00 5.349408583e-01 6.251545446e-03 -8.448663778e-01 2.191752542e+02
-8.381175508e-01 1.378185221e-01 -5.277925976e-01 2.215634257e+02 1.141621474e-01 9.904469643e-01 7.734219391e-02 -7.539154679e+00 5.334097629e-01 4.567913787e-03 -8.458446423e-01 2.179491542e+02
-8.400601143e-01 1.333249374e-01 -5.258549852e-01 2.208044816e+02 1.110928628e-01 9.910659158e-01 7.380194019e-02 -7.466740038e+00 5.309965915e-01 3.579330570e-03 -8.473663955e-01 2.167270151e+02
-8.419123458e-01 1.303380732e-01 -5.236368863e-01 2.200439368e+02 1.074819575e-01 9.914514857e-01 7.397013136e-02 -7.383463367e+00 5.288016933e-01 5.994849235e-03 -8.487242373e-01 2.154933837e+02
-8.435943031e-01 1.287928564e-01 -5.213070611e-01 2.192929175e+02 1.045981095e-01 9.916274037e-01 7.572534405e-02 -7.286416738e+00 5.266952509e-01 9.353735786e-03 -8.500027178e-01 2.142470492e+02
-8.453119550e-01 1.282867082e-01 -5.186426701e-01 2.185368645e+02 1.029267546e-01 9.916626035e-01 7.753298590e-02 -7.210421756e+00 5.242649920e-01 1.215735304e-02 -8.514683887e-01 2.130045974e+02
-8.464274452e-01 1.302374529e-01 -5.163320499e-01 2.178063458e+02 1.044050438e-01 9.913990701e-01 7.891432510e-02 -7.137356178e+00 5.221687149e-01 1.288758030e-02 -8.527448291e-01 2.117800737e+02
-8.479176046e-01 1.314322918e-01 -5.135769547e-01 2.170382110e+02 1.061469339e-01 9.912526892e-01 7.842789356e-02 -7.040064445e+00 5.193924953e-01 1.198577255e-02 -8.544517406e-01 2.105142034e+02
-8.492703284e-01 1.341671430e-01 -5.106261716e-01 2.163117179e+02 1.086175728e-01 9.908832919e-01 7.970272741e-02 -6.959202811e+00 5.166644290e-01 1.222618610e-02 -8.561006881e-01 2.092882290e+02
-8.506024424e-01 1.360623620e-01 -5.079001070e-01 2.155975949e+02 1.107532334e-01 9.906310595e-01 7.989884320e-02 -6.873175534e+00 5.140128464e-01 1.171057208e-02 -8.577025453e-01 2.080527827e+02
-8.526950281e-01 1.368039338e-01 -5.041784136e-01 2.148759907e+02 1.125614138e-01 9.905466078e-01 7.840501219e-02 -6.780819516e+00 5.101383314e-01 1.010452906e-02 -8.600330118e-01 2.068199903e+02
-8.555415079e-01 1.380814727e-01 -4.989811973e-01 2.141378730e+02 1.144293936e-01 9.903751292e-01 7.786537981e-02 -6.691791368e+00 5.049303340e-01 9.518948625e-03 -8.631076106e-01 2.055602216e+02
-8.590927521e-01 1.389170202e-01 -4.926070490e-01 2.134085035e+02 1.152485708e-01 9.902487457e-01 7.826358396e-02 -6.613465941e+00 4.986756563e-01 1.046341939e-02 -8.667255083e-01 2.042891394e+02
-8.631558774e-01 1.362190398e-01 -4.862163145e-01 2.126725805e+02 1.151826209e-01 9.906535679e-01 7.306484910e-02 -6.524022374e+00 4.916247504e-01 7.062684506e-03 -8.707785156e-01 2.030135041e+02
-8.667992007e-01 1.318752804e-01 -4.809033751e-01 2.119895090e+02 1.113610542e-01 9.912334323e-01 7.109851143e-02 -6.445242628e+00 4.860636392e-01 8.074226078e-03 -8.738861170e-01 2.017265634e+02
-8.704480745e-01 1.297711116e-01 -4.748469312e-01 2.113079297e+02 1.089701969e-01 9.914910923e-01 7.121032259e-02 -6.366105081e+00 4.800475453e-01 1.024072460e-02 -8.771826958e-01 2.004404519e+02
-8.741028620e-01 1.290242194e-01 -4.682915091e-01 2.106230272e+02 1.078926877e-01 9.915658791e-01 7.180720935e-02 -6.298097578e+00 4.736067511e-01 1.224165766e-02 -8.806513426e-01 1.991584604e+02
-8.781518306e-01 1.277018726e-01 -4.610223359e-01 2.099405958e+02 1.065366484e-01 9.917150379e-01 7.177204235e-02 -6.213567410e+00 4.663682075e-01 1.391097589e-02 -8.844813055e-01 1.978745731e+02
-8.812468368e-01 1.306998951e-01 -4.542263204e-01 2.092504787e+02 1.092173179e-01 9.913080731e-01 7.334767663e-02 -6.126251180e+00 4.598647520e-01 1.502802760e-02 -8.878617957e-01 1.965686732e+02
-8.846401009e-01 1.279380879e-01 -4.483790111e-01 2.086212022e+02 1.082091907e-01 9.916977521e-01 6.947186196e-02 -6.059021057e+00 4.535445545e-01 1.293886504e-02 -8.911396764e-01 1.953166589e+02
-8.873379131e-01 1.269473237e-01 -4.433010320e-01 2.079948414e+02 1.090115115e-01 9.918581303e-01 6.583266445e-02 -5.978196186e+00 4.480490134e-01 1.009090355e-02 -8.939520431e-01 1.940225215e+02
-8.895526555e-01 1.269248204e-01 -4.388464003e-01 2.073336160e+02 1.096344549e-01 9.918679122e-01 6.464001098e-02 -5.905558958e+00 4.434820846e-01 9.388007546e-03 -8.962340687e-01 1.926943442e+02
-8.914807251e-01 1.286955267e-01 -4.343956470e-01 2.067015587e+02 1.110012727e-01 9.916274620e-01 6.598252915e-02 -5.834614247e+00 4.392503093e-01 1.060368325e-02 -8.983021361e-01 1.913930000e+02
-8.926718282e-01 1.314248396e-01 -4.311200746e-01 2.060708473e+02 1.136570773e-01 9.912686908e-01 6.684647605e-02 -5.756924666e+00 4.361411193e-01 1.067211833e-02 -8.998149976e-01 1.900773413e+02
-8.937619755e-01 1.328148587e-01 -4.284270585e-01 2.054424657e+02 1.147486586e-01 9.910743108e-01 6.785614068e-02 -5.675369287e+00 4.336153554e-01 1.148580809e-02 -9.010248608e-01 1.887620121e+02
-8.943915748e-01 1.331109092e-01 -4.270189653e-01 2.048341079e+02 1.163628827e-01 9.910635118e-01 6.521345784e-02 -5.606715076e+00 4.318835380e-01 8.637209494e-03 -9.018880242e-01 1.874530634e+02
-8.952496575e-01 1.328058287e-01 -4.253124295e-01 2.042660789e+02 1.171381177e-01 9.911207290e-01 6.291551380e-02 -5.552395084e+00 4.298915121e-01 6.504794772e-03 -9.028571180e-01 1.861800427e+02
-8.962514970e-01 1.310457811e-01 -4.237455101e-01 2.036791603e+02 1.156118670e-01 9.913541695e-01 6.205487025e-02 -5.485250896e+00 4.282139072e-01 6.626760802e-03 -9.036531059e-01 1.848703864e+02
-8.978585989e-01 1.294727533e-01 -4.208167564e-01 2.030737747e+02 1.136057448e-01 9.915468066e-01 6.267906375e-02 -5.419728589e+00 4.253747420e-01 8.469735338e-03 -9.049776751e-01 1.835585902e+02
-8.992999713e-01 1.293126163e-01 -4.177772240e-01 2.024498923e+02 1.130197587e-01 9.915534291e-01 6.362649954e-02 -5.359330789e+00 4.224761481e-01 1.000222815e-02 -9.063188510e-01 1.822281055e+02
-9.002044550e-01 1.290474314e-01 -4.159070805e-01 2.018470242e+02 1.126650773e-01 9.915819287e-01 6.381111935e-02 -5.285192427e+00 4.206406061e-01 1.058485053e-02 -9.071656086e-01 1.808747463e+02
-9.016764073e-01 1.282362461e-01 -4.129589831e-01 2.012537655e+02 1.119431806e-01 9.916820796e-01 6.352461961e-02 -5.212462547e+00 4.176701819e-01 1.105070878e-02 -9.085315080e-01 1.795670030e+02
-9.024614297e-01 1.294901403e-01 -4.108475039e-01 2.006369543e+02 1.136843297e-01 9.915306866e-01 6.279148523e-02 -5.159900822e+00 4.154987858e-01 9.959970434e-03 -9.095392009e-01 1.782257959e+02
-9.033686135e-01 1.321188044e-01 -4.080070707e-01 2.000342306e+02 1.166011737e-01 9.911916207e-01 6.279599803e-02 -5.089602999e+00 4.127097218e-01 9.153830344e-03 -9.108166077e-01 1.769014642e+02
-9.042971911e-01 1.341361104e-01 -4.052827335e-01 1.994314919e+02 1.189464827e-01 9.909275716e-01 6.256422445e-02 -5.026775979e+00 4.099979566e-01 8.369696782e-03 -9.120480381e-01 1.755665733e+02
-9.053648136e-01 1.353008196e-01 -4.025024752e-01 1.988077982e+02 1.207591938e-01 9.907798190e-01 6.142122852e-02 -4.964400036e+00 4.071016721e-01 7.002744679e-03 -9.133560040e-01 1.742246040e+02
-9.064271095e-01 1.325330004e-01 -4.010297981e-01 1.982152302e+02 1.190713043e-01 9.911648880e-01 5.843106509e-02 -4.891895970e+00 4.052306993e-01 5.212360294e-03 -9.141996016e-01 1.728742965e+02
-9.079510886e-01 1.283594156e-01 -3.989344322e-01 1.976224323e+02 1.142340990e-01 9.916947826e-01 5.909339054e-02 -4.832434488e+00 4.032063880e-01 8.081992841e-03 -9.150733796e-01 1.715285751e+02
-9.091466306e-01 1.253563462e-01 -3.971626751e-01 1.970460749e+02 1.092698002e-01 9.920149672e-01 6.297948579e-02 -4.773746299e+00 4.018861963e-01 1.385970117e-02 -9.155847279e-01 1.701684136e+02
-9.098179383e-01 1.235723244e-01 -3.961832908e-01 1.964737387e+02 1.066965651e-01 9.922005932e-01 6.445018063e-02 -4.712822637e+00 4.010575547e-01 1.636653419e-02 -9.159066406e-01 1.688232145e+02
-9.106295486e-01 1.218038446e-01 -3.948640888e-01 1.958734815e+02 1.048187331e-01 9.924042546e-01 6.439587388e-02 -4.637726271e+00 3.997084667e-01 1.725163205e-02 -9.164799631e-01 1.674451686e+02
-9.108441507e-01 1.224164553e-01 -3.941790768e-01 1.952966650e+02 1.055774463e-01 9.923353225e-01 6.421846006e-02 -4.567519354e+00 3.990192175e-01 1.687658842e-02 -9.167872407e-01 1.660920850e+02
-9.111621698e-01 1.246322618e-01 -3.927471192e-01 1.947210452e+02 1.077061570e-01 9.920595887e-01 6.493963515e-02 -4.506612080e+00 3.977221192e-01 1.686925598e-02 -9.173508294e-01 1.647579083e+02
-9.113723802e-01 1.243330678e-01 -3.923540147e-01 1.941490250e+02 1.078713981e-01 9.921140405e-01 6.382391547e-02 -4.442565491e+00 3.971953500e-01 1.584357764e-02 -9.175973164e-01 1.634035799e+02
-9.116042266e-01 1.238341660e-01 -3.919730009e-01 1.935914712e+02 1.085062324e-01 9.922153780e-01 6.111498412e-02 -4.377684668e+00 3.964897623e-01 1.318116430e-02 -9.179445110e-01 1.620687322e+02
-9.121546805e-01 1.230518752e-01 -3.909374310e-01 1.930528419e+02 1.083718846e-01 9.923289444e-01 5.948782009e-02 -4.320084326e+00 3.952586160e-01 1.189546735e-02 -9.184928548e-01 1.607809558e+02
-9.132625056e-01 1.206099157e-01 -3.891077538e-01 1.924348548e+02 1.063746319e-01 9.926323190e-01 5.801307545e-02 -4.244361060e+00 3.932378842e-01 1.158997256e-02 -9.193637142e-01 1.594237986e+02
-9.136354412e-01 1.213796581e-01 -3.879913133e-01 1.918742828e+02 1.070534535e-01 9.925355704e-01 5.841831565e-02 -4.181851106e+00 3.921859747e-01 1.183723359e-02 -9.198097853e-01 1.580745377e+02
-9.142645725e-01 1.207337691e-01 -3.867087386e-01 1.913143638e+02 1.063069186e-01 9.926070195e-01 5.856743061e-02 -4.130100247e+00 3.909208751e-01 1.243631252e-02 -9.203402673e-01 1.567239191e+02
-9.147051037e-01 1.217102507e-01 -3.853585190e-01 1.907801793e+02 1.078538307e-01 9.925047335e-01 5.746220582e-02 -4.064484439e+00 3.894638937e-01 1.099858047e-02 -9.209760620e-01 1.554053307e+02
-9.155160197e-01 1.213826126e-01 -3.835318488e-01 1.902242917e+02 1.073971589e-01 9.925369513e-01 5.776028495e-02 -4.003340988e+00 3.876806262e-01 1.169023528e-02 -9.217196268e-01 1.540759045e+02
-9.156701130e-01 1.224471255e-01 -3.828249544e-01 1.897001952e+02 1.086551641e-01 9.924131072e-01 5.753503183e-02 -3.940034942e+00 3.869655018e-01 1.108720086e-02 -9.220275345e-01 1.527473795e+02
-9.160149836e-01 1.236574470e-01 -3.816089433e-01 1.891384372e+02 1.106183241e-01 9.922832747e-01 5.601329422e-02 -3.886750830e+00 3.855906329e-01 9.096074995e-03 -9.226251271e-01 1.514027125e+02
-9.162028333e-01 1.245458225e-01 -3.808683584e-01 1.885925167e+02 1.122472301e-01 9.921883110e-01 5.443266320e-02 -3.837285712e+00 3.846724940e-01 7.119942004e-03 -9.230256653e-01 1.500653120e+02
-9.157120012e-01 1.248687724e-01 -3.819415145e-01 1.880766745e+02 1.131148162e-01 9.921580886e-01 5.317297818e-02 -3.781628431e+00 3.855860075e-01 5.487890049e-03 -9.226555771e-01 1.487439392e+02
-9.153680729e-01 1.237267851e-01 -3.831357119e-01 1.875395994e+02 1.118910056e-01 9.922996282e-01 5.312109538e-02 -3.723564395e+00 3.867579268e-01 5.755914624e-03 -9.221633128e-01 1.474219386e+02
-9.149688354e-01 1.231503426e-01 -3.842733706e-01 1.869771352e+02 1.114407617e-01 9.923734234e-01 5.268723940e-02 -3.672416474e+00 3.878311319e-01 5.383464930e-03 -9.217147235e-01 1.461175355e+02
-9.138766249e-01 1.219613356e-01 -3.872401672e-01 1.864044172e+02 1.098379124e-01 9.925151900e-01 5.337818549e-02 -3.613657235e+00 3.908518229e-01 6.247424433e-03 -9.204324105e-01 1.447713910e+02
-9.122924549e-01 1.203259211e-01 -3.914641100e-01 1.858539668e+02 1.074131903e-01 9.927025844e-01 5.480862546e-02 -3.554026383e+00 3.952023320e-01 7.953086541e-03 -9.185596688e-01 1.434482264e+02
-9.103485756e-01 1.196815290e-01 -3.961588098e-01 1.852822918e+02 1.052281473e-01 9.927490436e-01 5.810656951e-02 -3.508840263e+00 4.002405627e-01 1.121017519e-02 -9.163415433e-01 1.421105412e+02
-9.080986744e-01 1.191780538e-01 -4.014391473e-01 1.846828513e+02 1.034921196e-01 9.927810282e-01 6.062351979e-02 -3.444338526e+00 4.057661625e-01 1.350634970e-02 -9.138771252e-01 1.407678248e+02
-9.050949205e-01 1.195360720e-01 -4.080616526e-01 1.841087601e+02 1.025173829e-01 9.927078973e-01 6.341306532e-02 -3.381801827e+00 4.126661738e-01 1.556143065e-02 -9.107494007e-01 1.394499464e+02
-9.011332647e-01 1.186226297e-01 -4.169982145e-01 1.835328501e+02 1.006744101e-01 9.928028172e-01 6.486315807e-02 -3.313152603e+00 4.216912405e-01 1.646930014e-02 -9.065899072e-01 1.381197947e+02
-8.973418430e-01 1.148793696e-01 -4.261224557e-01 1.829339025e+02 9.693679488e-02 9.932537748e-01 6.364115522e-02 -3.246731028e+00 4.305587935e-01 1.580092643e-02 -9.024242107e-01 1.368254019e+02
-8.932229451e-01 1.120713624e-01 -4.354225305e-01 1.823284744e+02 9.415583114e-02 9.935883822e-01 6.258439330e-02 -3.189223984e+00 4.396446859e-01 1.490424584e-02 -8.980481132e-01 1.355291566e+02
-8.888559642e-01 1.105970883e-01 -4.446384587e-01 1.817005579e+02 9.166062208e-02 9.937352431e-01 6.394213827e-02 -3.133960563e+00 4.489247211e-01 1.607951325e-02 -8.934248956e-01 1.342414623e+02
-8.842293376e-01 1.081946807e-01 -4.543483131e-01 1.810579916e+02 8.823682945e-02 9.939780858e-01 6.497558707e-02 -3.067918840e+00 4.586422794e-01 1.736306571e-02 -8.884513400e-01 1.329410157e+02
-8.793028350e-01 1.086340486e-01 -4.637080632e-01 1.803968114e+02 8.832274654e-02 9.939444279e-01 6.537252256e-02 -3.003197622e+00 4.680017274e-01 1.652627467e-02 -8.835730108e-01 1.316607629e+02
-8.745077167e-01 1.096466363e-01 -4.724551498e-01 1.797316071e+02 8.851169002e-02 9.938318266e-01 6.681303170e-02 -2.930455800e+00 4.768667887e-01 1.661070803e-02 -8.788186105e-01 1.304122723e+02
-8.689504801e-01 1.108519811e-01 -4.823244774e-01 1.790561366e+02 8.968180654e-02 9.937266475e-01 6.681709139e-02 -2.856722068e+00 4.867054929e-01 1.480501317e-02 -8.734406533e-01 1.291594968e+02
-8.634722018e-01 1.122833238e-01 -4.917399841e-01 1.783514458e+02 9.013247254e-02 9.935643160e-01 6.860092818e-02 -2.804978724e+00 4.962780412e-01 1.491325388e-02 -8.680355411e-01 1.279038923e+02
-8.570947142e-01 1.144410515e-01 -5.022866677e-01 1.776581678e+02 9.210165269e-02 9.933447467e-01 6.916285029e-02 -2.744216627e+00 5.068588920e-01 1.301768118e-02 -8.619307417e-01 1.266743255e+02
-8.506090190e-01 1.164007008e-01 -5.127525463e-01 1.769360820e+02 9.382717030e-02 9.931384465e-01 6.980321047e-02 -2.675890991e+00 5.173594099e-01 1.126511990e-02 -8.556940681e-01 1.254481511e+02
-8.436046914e-01 1.200781524e-01 -5.233663745e-01 1.761891521e+02 9.726917265e-02 9.927239146e-01 7.097842912e-02 -2.600278343e+00 5.280812747e-01 8.970321559e-03 -8.491464542e-01 1.242242912e+02
-8.371614769e-01 1.239153294e-01 -5.327341295e-01 1.754234762e+02 9.955234914e-02 9.922500008e-01 7.435903185e-02 -2.520867374e+00 5.378196644e-01 9.215582861e-03 -8.430095383e-01 1.230147719e+02
-8.298349634e-01 1.276919054e-01 -5.432022743e-01 1.746847444e+02 1.022708420e-01 9.917794559e-01 7.690374302e-02 -2.446885663e+00 5.485568415e-01 8.263660835e-03 -8.360724272e-01 1.218339218e+02
-8.229469616e-01 1.305002070e-01 -5.529267531e-01 1.739056886e+02 1.047435005e-01 9.914279075e-01 7.809931676e-02 -2.365558998e+00 5.583789909e-01 6.356111776e-03 -8.295616327e-01 1.206535641e+02
-8.173916849e-01 1.302496983e-01 -5.611647258e-01 1.730824277e+02 1.056925404e-01 9.914768203e-01 7.617612262e-02 -2.278513963e+00 5.663037350e-01 2.954803732e-03 -8.241913302e-01 1.194691951e+02
-8.116551582e-01 1.301307980e-01 -5.694575309e-01 1.722844031e+02 1.068418234e-01 9.914966870e-01 7.429094475e-02 -2.194291191e+00 5.742827952e-01 -5.432524320e-04 -8.186568121e-01 1.183141107e+02
-8.072584214e-01 1.299849956e-01 -5.757062984e-01 1.714914732e+02 1.069814773e-01 9.915140083e-01 7.385753054e-02 -2.116703236e+00 5.804212303e-01 -1.967796794e-03 -8.143140200e-01 1.171789744e+02
-8.024946519e-01 1.332104642e-01 -5.815989218e-01 1.706514744e+02 1.116666648e-01 9.910669167e-01 7.291723067e-02 -2.038483014e+00 5.861167884e-01 -6.429524219e-03 -8.102010686e-01 1.160170943e+02
-7.977123256e-01 1.402667310e-01 -5.864983288e-01 1.698841723e+02 1.188708374e-01 9.900651929e-01 7.510417968e-02 -1.982981453e+00 5.912061988e-01 -9.806017656e-03 -8.064608313e-01 1.149337171e+02
-7.944433062e-01 1.408700352e-01 -5.907753095e-01 1.690231937e+02 1.188555067e-01 9.899810012e-01 7.622982225e-02 -1.895048995e+00 5.955948302e-01 -9.656626723e-03 -8.032269591e-01 1.137844986e+02
-7.899075748e-01 1.423405317e-01 -5.964773225e-01 1.681855265e+02 1.216664912e-01 9.897286748e-01 7.506274114e-02 -1.813065700e+00 6.010351805e-01 -1.327867510e-02 -7.991122503e-01 1.126592626e+02
-7.864197026e-01 1.408984652e-01 -6.014080760e-01 1.673527526e+02 1.197464027e-01 9.899417253e-01 7.534042373e-02 -1.729237280e+00 6.059742984e-01 -1.276726006e-02 -7.953817616e-01 1.115421066e+02
-7.837737949e-01 1.362368580e-01 -6.059192660e-01 1.664926901e+02 1.145224918e-01 9.906160457e-01 7.459523417e-02 -1.643847477e+00 6.103959676e-01 -1.092559442e-02 -7.920210819e-01 1.103979137e+02
-7.804248978e-01 1.388371250e-01 -6.096402477e-01 1.656372413e+02 1.174555227e-01 9.902304847e-01 7.515176268e-02 -1.561595945e+00 6.141182126e-01 -1.295530726e-02 -7.891077119e-01 1.092923430e+02
-7.775705496e-01 1.409383795e-01 -6.127972043e-01 1.647610951e+02 1.173638456e-01 9.899607876e-01 7.876145471e-02 -1.479096473e+00 6.177457148e-01 -1.067764886e-02 -7.863054239e-01 1.081714216e+02
-7.749872469e-01 1.415398584e-01 -6.159230760e-01 1.639334248e+02 1.162069238e-01 9.898952180e-01 8.126135712e-02 -1.391236368e+00 6.212010286e-01 -8.598010540e-03 -7.836040813e-01 1.070870821e+02
-7.728567739e-01 1.388554163e-01 -6.192023744e-01 1.630580483e+02 1.136946958e-01 9.902766350e-01 8.016047842e-02 -1.294287892e+00 6.243123603e-01 -8.447456858e-03 -7.811291297e-01 1.059610610e+02
-7.708476323e-01 1.362844848e-01 -6.222704131e-01 1.621765927e+02 1.116382168e-01 9.906303931e-01 7.866595713e-02 -1.207565887e+00 6.271609334e-01 -8.829692473e-03 -7.788396498e-01 1.048576663e+02
-7.682395352e-01 1.362348258e-01 -6.254982724e-01 1.612907444e+02 1.093912055e-01 9.906591265e-01 8.141289420e-02 -1.117477156e+00 6.307468436e-01 -5.879406048e-03 -7.759663987e-01 1.037430245e+02
-7.647872723e-01 1.379748068e-01 -6.293356663e-01 1.603888631e+02 1.087181665e-01 9.904299181e-01 8.502315922e-02 -1.026465925e+00 6.350439264e-01 -3.395589752e-03 -7.724685635e-01 1.026282826e+02
-7.599906055e-01 1.383828223e-01 -6.350310811e-01 1.594824023e+02 1.093027148e-01 9.903671444e-01 8.500491668e-02 -9.327041186e-01 6.406771387e-01 -4.807683037e-03 -7.677953439e-01 1.015304439e+02
-7.545900185e-01 1.369319684e-01 -6.417503720e-01 1.585716309e+02 1.081593649e-01 9.905629519e-01 8.418188748e-02 -8.309701692e-01 6.472213344e-01 -5.888500646e-03 -7.622793909e-01 1.004273944e+02
-7.493348257e-01 1.364450381e-01 -6.479815356e-01 1.576281095e+02 1.082881731e-01 9.906177299e-01 8.336776842e-02 -7.331786379e-01 6.532771162e-01 -7.698364451e-03 -7.570797479e-01 9.933374082e+01
-7.439481716e-01 1.369158693e-01 -6.540605191e-01 1.567101553e+02 1.096237959e-01 9.905301059e-01 8.266034476e-02 -6.344423508e-01 6.591841483e-01 -1.020558447e-02 -7.519122986e-01 9.825440889e+01
-7.404646444e-01 1.370694966e-01 -6.579696524e-01 1.557841089e+02 1.092725842e-01 9.905092846e-01 8.337181452e-02 -5.408332491e-01 6.631527824e-01 -1.016416326e-02 -7.484150433e-01 9.718161580e+01
-7.381291771e-01 1.372172307e-01 -6.605579078e-01 1.548208160e+02 1.090696445e-01 9.904891202e-01 8.387559444e-02 -4.361400737e-01 6.657845978e-01 -1.013579265e-02 -7.460751538e-01 9.609368032e+01
-7.363615146e-01 1.372394998e-01 -6.625232370e-01 1.538804823e+02 1.069027005e-01 9.905115057e-01 8.636416955e-02 -3.427981611e-01 6.680894644e-01 -7.230272480e-03 -7.440458257e-01 9.502095275e+01
-7.352298188e-01 1.369845476e-01 -6.638315654e-01 1.529172811e+02 1.056510696e-01 9.905557211e-01 8.739116008e-02 -2.422202857e-01 6.695333935e-01 -5.881928125e-03 -7.427586673e-01 9.392889836e+01
-7.346470521e-01 1.370386470e-01 -6.644652873e-01 1.519786339e+02 1.049416460e-01 9.905536493e-01 8.826504887e-02 -1.505030310e-01 6.702842381e-01 -4.886422997e-03 -7.420883796e-01 9.285424649e+01
-7.360015914e-01 1.375198806e-01 -6.628649484e-01 1.510254818e+02 1.048925170e-01 9.904908997e-01 8.902436453e-02 -4.219825061e-02 6.688043191e-01 -4.007498905e-03 -7.434276849e-01 9.178444853e+01
-7.374467298e-01 1.370532438e-01 -6.613537095e-01 1.501195588e+02 1.040823075e-01 9.905590104e-01 8.921726375e-02 5.862397166e-02 6.673373915e-01 -3.042240742e-03 -7.447493207e-01 9.072024400e+01
-7.387146981e-01 1.374923503e-01 -6.598457763e-01 1.491991730e+02 1.045232612e-01 9.904984437e-01 8.937405031e-02 1.468518780e-01 6.658644627e-01 -2.947307857e-03 -7.460669076e-01 8.965713498e+01
-7.405024349e-01 1.348210186e-01 -6.583915529e-01 1.482520507e+02 1.043611463e-01 9.908553644e-01 8.552425428e-02 2.293039752e-01 6.639012691e-01 -5.379578612e-03 -7.478008860e-01 8.859055073e+01
-7.415347755e-01 1.315677298e-01 -6.578876113e-01 1.472858660e+02 1.051383310e-01 9.912562750e-01 7.973034925e-02 3.264462840e-01 6.626251640e-01 -1.004637883e-02 -7.488838109e-01 8.751234060e+01
-7.425648479e-01 1.302507528e-01 -6.569872054e-01 1.463011278e+02 1.059595151e-01 9.914010988e-01 7.678829638e-02 4.219143962e-01 6.613395707e-01 -1.259375607e-02 -7.499809127e-01 8.641956993e+01
-7.431342828e-01 1.339863256e-01 -6.555906514e-01 1.453552437e+02 1.093632792e-01 9.908935685e-01 7.854685871e-02 5.035233673e-01 6.601447650e-01 -1.332667995e-02 -7.510201654e-01 8.534680932e+01
-7.433065089e-01 1.383048567e-01 -6.544976703e-01 1.443874033e+02 1.133766142e-01 9.902854803e-01 8.050099874e-02 6.002068917e-01 6.592732189e-01 -1.436781351e-02 -7.517661796e-01 8.424135818e+01
-7.435081230e-01 1.401099303e-01 -6.538844534e-01 1.434067145e+02 1.143365640e-01 9.900412035e-01 8.213139135e-02 6.992289596e-01 6.588799748e-01 -1.369754506e-02 -7.521233650e-01 8.313249561e+01
-7.431356728e-01 1.410975678e-01 -6.540954427e-01 1.424658684e+02 1.151175114e-01 9.898994308e-01 8.274705672e-02 7.819018984e-01 6.591641149e-01 -1.380554995e-02 -7.518723804e-01 8.204334870e+01
-7.425939431e-01 1.398600400e-01 -6.549758811e-01 1.415626634e+02 1.149807830e-01 9.900557874e-01 8.104910494e-02 8.656963998e-01 6.597981928e-01 -1.512306526e-02 -7.512906480e-01 8.096710539e+01
-7.420024811e-01 1.386730895e-01 -6.558979282e-01 1.406162440e+02 1.144653909e-01 9.902118647e-01 7.986324123e-02 9.545418328e-01 6.605527930e-01 -1.581888962e-02 -7.506129298e-01 7.986579553e+01
-7.414175505e-01 1.382100150e-01 -6.566566893e-01 1.396546037e+02 1.129592750e-01 9.903011524e-01 8.089394200e-02 1.044125089e+00 6.614682291e-01 -1.419927520e-02 -7.498387577e-01 7.875515258e+01
-7.408357789e-01 1.381973165e-01 -6.573156398e-01 1.386729422e+02 1.120157482e-01 9.903205722e-01 8.196118916e-02 1.140531436e+00 6.622800169e-01 -1.290992178e-02 -7.491451883e-01 7.764658405e+01
-7.401670456e-01 1.397317346e-01 -6.577444693e-01 1.377515291e+02 1.123782179e-01 9.901187258e-01 8.388113632e-02 1.236446337e+00 6.629659725e-01 -1.183009844e-02 -7.485560554e-01 7.657322056e+01
-7.388081806e-01 1.392314914e-01 -6.593762690e-01 1.368605978e+02 1.105647133e-01 9.902098366e-01 8.520518596e-02 1.337527757e+00 6.647841126e-01 -9.953459723e-03 -7.469692177e-01 7.549107392e+01
-7.373469990e-01 1.385634089e-01 -6.611501984e-01 1.358918704e+02 1.101502723e-01 9.902992531e-01 8.470127930e-02 1.434142768e+00 6.664730456e-01 -1.037164030e-02 -7.454569796e-01 7.439790190e+01
-7.349986390e-01 1.371880662e-01 -6.640455069e-01 1.349481392e+02 1.095788634e-01 9.904781366e-01 8.333986770e-02 1.532468431e+00 6.691557916e-01 -1.151066259e-02 -7.430329947e-01 7.330929072e+01
-7.332177289e-01 1.372156979e-01 -6.660057163e-01 1.339767539e+02 1.093522732e-01 9.904747176e-01 8.367744137e-02 1.632131545e+00 6.711436823e-01 -1.147545550e-02 -7.412384715e-01 7.222542976e+01
-7.313781834e-01 1.393355704e-01 -6.675863627e-01 1.329999215e+02 1.100989590e-01 9.901888409e-01 8.604811837e-02 1.728152404e+00 6.730261303e-01 -1.056684706e-02 -7.395432169e-01 7.112775402e+01
-7.299713276e-01 1.383436698e-01 -6.693301801e-01 1.320213700e+02 1.081428477e-01 9.903428792e-01 8.675313306e-02 1.829831475e+00 6.748681245e-01 -9.055971981e-03 -7.378827847e-01 7.004135891e+01
-7.283499563e-01 1.373663833e-01 -6.712948814e-01 1.310635767e+02 1.064221355e-01 9.904886641e-01 8.721545382e-02 1.923695657e+00 6.768904418e-01 -7.917262880e-03 -7.360411991e-01 6.896760576e+01
-7.260489739e-01 1.382230393e-01 -6.736076595e-01 1.301110130e+02 1.048520164e-01 9.903878320e-01 9.021084667e-02 1.998777253e+00 6.796020469e-01 -5.131628730e-03 -7.335630335e-01 6.786919994e+01
-7.244347553e-01 1.404047676e-01 -6.748931667e-01 1.291131867e+02 1.057440836e-01 9.900845135e-01 9.247077873e-02 2.098355456e+00 6.811846108e-01 -4.376913465e-03 -7.320986058e-01 6.676025642e+01
-7.229876550e-01 1.406038344e-01 -6.764018129e-01 1.280902066e+02 1.072045753e-01 9.900441539e-01 9.121267646e-02 2.211394084e+00 6.824925126e-01 -6.567730022e-03 -7.308630755e-01 6.565062206e+01
-7.216033681e-01 1.398910352e-01 -6.780258678e-01 1.271114992e+02 1.083201690e-01 9.901239756e-01 8.900142600e-02 2.316795441e+00 6.837801694e-01 -9.220147841e-03 -7.296298162e-01 6.458120956e+01
-7.202992627e-01 1.418250177e-01 -6.790100416e-01 1.261463771e+02 1.106454600e-01 9.898333279e-01 8.937317896e-02 2.416192498e+00 6.847821218e-01 -1.075394352e-02 -7.286685106e-01 6.352389360e+01
-7.195236150e-01 1.433110589e-01 -6.795202041e-01 1.251601024e+02 1.107514796e-01 9.896324541e-01 9.144241712e-02 2.519438768e+00 6.855799568e-01 -9.462889490e-03 -7.279358327e-01 6.244711850e+01
-7.194394039e-01 1.437264093e-01 -6.795216431e-01 1.241634246e+02 1.100859110e-01 9.895845248e-01 9.275538002e-02 2.622691115e+00 6.857754999e-01 -8.073883781e-03 -7.277683533e-01 6.136356126e+01
-7.195901790e-01 1.419203239e-01 -6.797415656e-01 1.231567330e+02 1.070702421e-01 9.898620936e-01 9.332201747e-02 2.728773421e+00 6.860947002e-01 -5.626486765e-03 -7.274904845e-01 6.027574885e+01
-7.195000736e-01 1.396920575e-01 -6.802982972e-01 1.221638546e+02 1.036517252e-01 9.901901536e-01 9.370047838e-02 2.840361165e+00 6.867138880e-01 -3.096591094e-03 -7.269212111e-01 5.919671782e+01
-7.186404665e-01 1.404647519e-01 -6.810473796e-01 1.211707580e+02 1.033240027e-01 9.900837169e-01 9.517554305e-02 2.950915213e+00 6.876627301e-01 -1.971544610e-03 -7.260276046e-01 5.810485697e+01
-7.189369957e-01 1.442352393e-01 -6.799454331e-01 1.201027984e+02 1.073819242e-01 9.895363937e-01 9.636829280e-02 3.073531957e+00 6.867304556e-01 -3.731118024e-03 -7.269025795e-01 5.700796188e+01
-7.191675163e-01 1.427918994e-01 -6.800062918e-01 1.191087656e+02 1.105128955e-01 9.897047747e-01 9.094701152e-02 3.181264690e+00 6.859919703e-01 -9.743327865e-03 -7.275438710e-01 5.592077276e+01
-7.199693829e-01 1.369329079e-01 -6.803627462e-01 1.180934278e+02 1.102640930e-01 9.904589557e-01 8.266127789e-02 3.294572864e+00 6.851904243e-01 -1.550599188e-02 -7.281989060e-01 5.483540747e+01
-7.207533994e-01 1.354981559e-01 -6.798196724e-01 1.170750066e+02 1.078006951e-01 9.906877609e-01 8.316712430e-02 3.390558583e+00 6.847580210e-01 -1.334204568e-02 -7.286483668e-01 5.375090881e+01
-7.211036385e-01 1.380626436e-01 -6.789316968e-01 1.160660372e+02 1.064233437e-01 9.903867264e-01 8.836404245e-02 3.484708709e+00 6.846047140e-01 -8.534548812e-03 -7.288645602e-01 5.265693947e+01
-7.214593040e-01 1.393164305e-01 -6.782974310e-01 1.150426233e+02 1.068581407e-01 9.902175937e-01 8.972432733e-02 3.598578005e+00 6.841621229e-01 -7.749151576e-03 -7.292887907e-01 5.155780748e+01
-7.215294756e-01 1.418833577e-01 -6.776904371e-01 1.140334031e+02 1.105458522e-01 9.898296658e-01 8.953684820e-02 3.706219121e+00 6.835018876e-01 -1.031239174e-02 -7.298758965e-01 5.047122187e+01
-7.217776061e-01 1.435484341e-01 -6.770752797e-01 1.130248034e+02 1.125597532e-01 9.895777756e-01 8.981162479e-02 3.801404201e+00 6.829109673e-01 -1.138740681e-02 -7.304128543e-01 4.940505511e+01
-7.213274320e-01 1.464410681e-01 -6.769355578e-01 1.119924344e+02 1.158681751e-01 9.891320334e-01 9.051180352e-02 3.904201121e+00 6.828332900e-01 -1.314664098e-02 -7.304559288e-01 4.829790587e+01
-7.207784643e-01 1.498758705e-01 -6.767685194e-01 1.109997182e+02 1.199665271e-01 9.885835985e-01 9.116195046e-02 4.004844710e+00 6.827052349e-01 -1.548199828e-02 -7.305298556e-01 4.722202218e+01
-7.206882115e-01 1.499214335e-01 -6.768545380e-01 1.099799756e+02 1.213534559e-01 9.885437544e-01 8.974733605e-02 4.118645722e+00 6.825553755e-01 -1.745879020e-02 -7.306253144e-01 4.611894517e+01
-7.214211037e-01 1.487946192e-01 -6.763222252e-01 1.089841135e+02 1.207308491e-01 9.887108833e-01 8.874035897e-02 4.224267494e+00 6.818912326e-01 -1.763378877e-02 -7.312409974e-01 4.502794011e+01
-7.220727848e-01 1.496958368e-01 -6.754273091e-01 1.079653165e+02 1.199518109e-01 9.886121131e-01 9.087162834e-02 4.308315650e+00 6.813387237e-01 -1.540279912e-02 -7.318061884e-01 4.394554539e+01
-7.234397597e-01 1.484686169e-01 -6.742343687e-01 1.069803697e+02 1.178780896e-01 9.888255824e-01 9.126184103e-02 4.418910012e+00 6.802497116e-01 -1.345501497e-02 -7.328569386e-01 4.288508584e+01
-7.240784212e-01 1.458580364e-01 -6.741185898e-01 1.059797743e+02 1.150162148e-01 9.892326709e-01 9.049858089e-02 4.532230541e+00 6.800600784e-01 -1.200649893e-02 -7.330580698e-01 4.178754442e+01
-7.252038629e-01 1.444864568e-01 -6.732035510e-01 1.049709263e+02 1.130328971e-01 9.894522018e-01 9.059748596e-02 4.658133896e+00 6.791928455e-01 -1.039250090e-02 -7.338862817e-01 4.068229617e+01
-7.258345750e-01 1.448105797e-01 -6.724537647e-01 1.040125184e+02 1.119763178e-01 9.894239580e-01 9.220377251e-02 4.757269268e+00 6.786939472e-01 -8.374210401e-03 -7.343734735e-01 3.962480214e+01
-7.259179356e-01 1.454639957e-01 -6.722227137e-01 1.030179654e+02 1.130453824e-01 9.893207469e-01 9.200652842e-02 4.870006664e+00 6.784275144e-01 -9.202484562e-03 -7.346097072e-01 3.852267190e+01
-7.271056603e-01 1.446679474e-01 -6.711099341e-01 1.020064662e+02 1.137606004e-01 9.894204086e-01 9.003210950e-02 4.979113453e+00 6.770346258e-01 -1.088301264e-02 -7.358706921e-01 3.743277904e+01
-7.275720635e-01 1.432399507e-01 -6.709107310e-01 1.010575075e+02 1.131750488e-01 9.896211428e-01 8.855169132e-02 5.066026921e+00 6.766315842e-01 -1.150261794e-02 -7.362318854e-01 3.637203750e+01
-7.276493741e-01 1.420110140e-01 -6.710881167e-01 1.000622336e+02 1.125824570e-01 9.897927081e-01 8.738183604e-02 5.155891178e+00 6.766473075e-01 -1.196941076e-02 -7.362099934e-01 3.524522138e+01
-7.279760488e-01 1.403135759e-01 -6.710908826e-01 9.907128629e+01 1.113473452e-01 9.900348439e-01 8.621355218e-02 5.264885951e+00 6.765002890e-01 -1.196278709e-02 -7.363451980e-01 3.413191340e+01
-7.280127578e-01 1.407720483e-01 -6.709550319e-01 9.812333289e+01 1.112819362e-01 9.899768930e-01 8.696023263e-02 5.367251265e+00 6.764715479e-01 -1.135701629e-02 -7.363811942e-01 3.305129859e+01
-7.288479388e-01 1.411959897e-01 -6.699584873e-01 9.715998185e+01 1.105385292e-01 9.899347002e-01 8.837716316e-02 5.457798381e+00 6.756936552e-01 -9.642712637e-03 -7.371194628e-01 3.198176267e+01
-7.289662777e-01 1.410902507e-01 -6.698520039e-01 9.622242827e+01 1.094551774e-01 9.899631995e-01 8.940037861e-02 5.541957398e+00 6.757423548e-01 -8.148908684e-03 -7.370928471e-01 3.090455449e+01
-7.284238472e-01 1.449582488e-01 -6.696161624e-01 9.526812286e+01 1.129501926e-01 9.893957607e-01 9.131419817e-02 5.628524899e+00 6.757521386e-01 -9.117834988e-03 -7.370725285e-01 2.982347690e+01
-7.301779668e-01 1.396663797e-01 -6.688299030e-01 9.429868391e+01 1.059611156e-01 9.901890366e-01 9.109288584e-02 5.734790858e+00 6.749906509e-01 -4.355944482e-03 -7.378134229e-01 2.873917525e+01
-7.300133882e-01 1.374883110e-01 -6.694605421e-01 9.329119937e+01 1.039622729e-01 9.904958765e-01 9.005423063e-02 5.821995422e+00 6.754793105e-01 -3.857845524e-03 -7.373688481e-01 2.763436405e+01
-7.309568581e-01 1.328535745e-01 -6.693668645e-01 9.234263491e+01 9.883816433e-02 9.911348731e-01 8.878446157e-02 5.918533182e+00 6.752281754e-01 -1.261381073e-03 -7.376078362e-01 2.655091293e+01
-7.318604985e-01 1.344877412e-01 -6.680518380e-01 9.136632322e+01 9.598812410e-02 9.909031020e-01 9.432561962e-02 5.980885996e+00 6.746602780e-01 4.908152264e-03 -7.381120642e-01 2.548082853e+01
-7.317202267e-01 1.365781384e-01 -6.677813430e-01 9.037922683e+01 9.617554036e-02 9.906051778e-01 9.721958176e-02 6.092438590e+00 6.747857255e-01 6.913302902e-03 -7.379813215e-01 2.436898657e+01
-7.327432399e-01 1.353793500e-01 -6.669031233e-01 8.937077315e+01 9.657682200e-02 9.907801224e-01 9.501403325e-02 6.208830053e+00 6.736172962e-01 5.213506330e-03 -7.390619444e-01 2.327701785e+01
-7.334494150e-01 1.358058198e-01 -6.660395897e-01 8.834380045e+01 9.840649114e-02 9.907304958e-01 9.364425894e-02 6.317663300e+00 6.725831682e-01 3.140707953e-03 -7.400148767e-01 2.215988465e+01
-7.335288622e-01 1.353628450e-01 -6.660422724e-01 8.738318988e+01 9.581586280e-02 9.907748998e-01 9.583537115e-02 6.416386009e+00 6.728705142e-01 6.480595771e-03 -7.397318927e-01 2.106597834e+01
-7.337727689e-01 1.355091600e-01 -6.657437879e-01 8.641415524e+01 9.537868364e-02 9.907489131e-01 9.653754703e-02 6.527751947e+00 6.726666561e-01 7.338857058e-03 -7.399092585e-01 1.997085174e+01
-7.343674693e-01 1.339550981e-01 -6.654024735e-01 8.541303558e+01 9.510887739e-02 9.909684183e-01 9.452986509e-02 6.646433049e+00 6.720555940e-01 6.133975544e-03 -7.404752885e-01 1.885810666e+01
-7.344640630e-01 1.346917350e-01 -6.651471091e-01 8.440853373e+01 9.728072444e-02 9.908803747e-01 9.323381233e-02 6.755549742e+00 6.716390406e-01 3.770891981e-03 -7.408689355e-01 1.774056122e+01
-7.345189657e-01 1.364783574e-01 -6.647221578e-01 8.346797101e+01 1.004641719e-01 9.906424688e-01 9.238208255e-02 6.846512019e+00 6.711101543e-01 1.075630589e-03 -7.413568667e-01 1.667460148e+01
-7.348215714e-01 1.375284863e-01 -6.641710424e-01 8.246474082e+01 1.011228071e-01 9.904969088e-01 9.322044560e-02 6.958290599e+00 6.706798312e-01 1.337554150e-03 -7.417457616e-01 1.556682062e+01
-7.358922624e-01 1.377487270e-01 -6.629388105e-01 8.151152579e+01 1.001547573e-01 9.904619122e-01 9.462676727e-02 7.065792095e+00 6.696503586e-01 3.238630145e-03 -7.426694477e-01 1.448505476e+01
-7.356641586e-01 1.357008042e-01 -6.636139974e-01 8.054607906e+01 9.743150010e-02 9.907376228e-01 9.458364325e-02 7.178277989e+00 6.703024307e-01 4.924889076e-03 -7.420716926e-01 1.336914224e+01
-7.370636791e-01 1.299761135e-01 -6.632068628e-01 7.962864715e+01 8.935293514e-02 9.914586925e-01 9.500375815e-02 7.278388906e+00 6.698904283e-01 1.076433971e-02 -7.423819388e-01 1.228389791e+01
-7.374377972e-01 1.257962607e-01 -6.635968625e-01 7.868169121e+01 8.602469729e-02 9.919940829e-01 9.245264177e-02 7.388935552e+00 6.699143577e-01 1.109235328e-02 -7.423555166e-01 1.119106947e+01
-7.383200600e-01 1.209899076e-01 -6.635095563e-01 7.771836105e+01 8.019235669e-02 9.925472955e-01 9.175539280e-02 7.502733843e+00 6.696660921e-01 1.453645212e-02 -7.425200446e-01 1.008984677e+01
-7.388553163e-01 1.194961347e-01 -6.631843601e-01 7.671308021e+01 7.898654738e-02 9.927249278e-01 9.087542604e-02 7.604149463e+00 6.692189081e-01 1.476114877e-02 -7.429186776e-01 8.963188772e+00
-7.393683615e-01 1.172012489e-01 -6.630220911e-01 7.571392629e+01 7.629488017e-02 9.929746080e-01 9.044622253e-02 7.708299117e+00 6.689645112e-01 1.628788436e-02 -7.431158642e-01 7.832264397e+00
-7.394025529e-01 1.170463474e-01 -6.630113252e-01 7.474210562e+01 7.591803534e-02 9.929863600e-01 9.063410384e-02 7.813686185e+00 6.689695933e-01 1.668057053e-02 -7.431025783e-01 6.720120750e+00
-7.395017706e-01 1.146113770e-01 -6.633259859e-01 7.377493698e+01 7.449246992e-02 9.932801203e-01 8.857468298e-02 7.927106402e+00 6.690201815e-01 1.608834384e-02 -7.430700922e-01 5.587825528e+00
-7.395155671e-01 1.127511216e-01 -6.636293473e-01 7.279725980e+01 7.441644054e-02 9.935229225e-01 8.587430296e-02 8.043065905e+00 6.690133925e-01 1.412044999e-02 -7.431162046e-01 4.469779833e+00
-7.397481783e-01 1.111286840e-01 -6.636437661e-01 7.183230555e+01 7.435146142e-02 9.937281127e-01 8.352423711e-02 8.143648845e+00 6.687634058e-01 1.244401837e-02 -7.433711411e-01 3.380695442e+00
-7.401171179e-01 1.111318896e-01 -6.632317506e-01 7.085570008e+01 7.455626214e-02 9.937306308e-01 8.331144715e-02 8.241565127e+00 6.683322644e-01 1.221214790e-02 -7.437626287e-01 2.284259989e+00
-7.402434418e-01 1.088757006e-01 -6.634649415e-01 6.991061911e+01 7.389507147e-02 9.939979028e-01 8.067023994e-02 8.354608342e+00 6.682657893e-01 1.068882680e-02 -7.438458064e-01 1.200172008e+00
-7.406970925e-01 1.034428092e-01 -6.638278410e-01 6.893220451e+01 7.036508975e-02 9.945858187e-01 7.647093193e-02 8.449990290e+00 6.681441247e-01 9.931491328e-03 -7.439655867e-01 8.780283863e-02
-7.413575519e-01 9.871185661e-02 -6.638109291e-01 6.798770405e+01 6.761236464e-02 9.950768081e-01 7.246181098e-02 8.528405020e+00 6.676957005e-01 8.838284200e-03 -7.443818484e-01 -9.591437332e-01
-7.415980772e-01 9.258993063e-02 -6.644241090e-01 6.708532531e+01 6.181949770e-02 9.956473684e-01 6.974716829e-02 8.626591244e+00 6.679900011e-01 1.065000122e-02 -7.440940370e-01 -1.987729239e+00
-7.419041721e-01 8.933392079e-02 -6.645281408e-01 6.615098526e+01 5.701855082e-02 9.959003803e-01 7.022333906e-02 8.699597553e+00 6.680771544e-01 1.420855666e-02 -7.439563379e-01 -3.051128300e+00
-7.422381363e-01 8.984973845e-02 -6.640855168e-01 6.517610195e+01 5.593617203e-02 9.958194156e-01 7.221382299e-02 8.782060835e+00 6.677976443e-01 1.645345168e-02 -7.441609975e-01 -4.149730534e+00
-7.431140560e-01 9.007160202e-02 -6.630751136e-01 6.421072683e+01 5.558708724e-02 9.957838713e-01 7.296956514e-02 8.866855285e+00 6.668519892e-01 1.736629532e-02 -7.449878095e-01 -5.248508747e+00
-7.446872957e-01 8.974430122e-02 -6.613522451e-01 6.329588034e+01 5.418747725e-02 9.957768225e-01 7.410962854e-02 8.938675937e+00 6.652101540e-01 1.935148912e-02 -7.464053663e-01 -6.286316606e+00
-7.464514210e-01 8.663310247e-02 -6.597764633e-01 6.234914575e+01 5.599393038e-02 9.961500856e-01 6.745136574e-02 9.009641670e+00 6.630799015e-01 1.340569046e-02 -7.484285749e-01 -7.369214229e+00
-7.478662999e-01 8.720723329e-02 -6.580964184e-01 6.142040704e+01 6.162576458e-02 9.961733452e-01 6.197524807e-02 9.072443442e+00 6.609828005e-01 5.793504508e-03 -7.503786862e-01 -8.423104326e+00
-7.491086959e-01 9.225844557e-02 -6.559912659e-01 6.049819896e+01 6.841694306e-02 9.957339693e-01 6.191110054e-02 9.128935930e+00 6.589046089e-01 1.497226708e-03 -7.522250160e-01 -9.472061336e+00
-7.506520912e-01 9.977593273e-02 -6.531203573e-01 5.958468327e+01 7.650842136e-02 9.950081674e-01 6.407189888e-02 9.198833591e+00 6.562529233e-01 -1.873502613e-03 -7.545386608e-01 -1.051033832e+01
-7.529888756e-01 1.050114328e-01 -6.496001479e-01 5.869663197e+01 8.169753902e-02 9.944654463e-01 6.606048894e-02 9.257458720e+00 6.529420076e-01 -3.327920140e-03 -7.574005939e-01 -1.154150056e+01
-7.556720656e-01 1.049260723e-01 -6.464907182e-01 5.781643759e+01 8.053435731e-02 9.944792629e-01 6.726970350e-02 9.327796836e+00 6.499799586e-01 -1.230878701e-03 -7.599503525e-01 -1.257858745e+01
-7.579193406e-01 1.034131231e-01 -6.440993705e-01 5.694511432e+01 7.766077366e-02 9.946369478e-01 6.830919698e-02 9.393959205e+00 6.477090994e-01 1.751606100e-03 -7.618857227e-01 -1.363414998e+01
-7.603094020e-01 9.912281400e-02 -6.419534882e-01 5.610203696e+01 7.322783006e-02 9.950676840e-01 6.691777843e-02 9.453913791e+00 6.454202492e-01 3.869355164e-03 -7.638178644e-01 -1.466611352e+01
-7.622700696e-01 9.707090698e-02 -6.399387315e-01 5.526901904e+01 7.502359053e-02 9.952769146e-01 6.160620272e-02 9.514280227e+00 6.428964162e-01 -1.049936927e-03 -7.659524109e-01 -1.568373785e+01
-7.640289386e-01 9.678547372e-02 -6.378811433e-01 5.445862551e+01 7.934833288e-02 9.952743059e-01 5.597229672e-02 9.575345927e+00 6.402840175e-01 -7.850350846e-03 -7.680981376e-01 -1.667353298e+01
-7.651165990e-01 9.820623290e-02 -6.363584883e-01 5.370064714e+01 8.211868556e-02 9.951127771e-01 5.483687005e-02 9.596989245e+00 6.386337850e-01 -1.030032309e-02 -7.694418705e-01 -1.763778392e+01
-7.670551749e-01 9.558228611e-02 -6.344212995e-01 5.291674984e+01 7.804901132e-02 9.953978465e-01 5.560107100e-02 9.632634286e+00 6.368160727e-01 -6.866865940e-03 -7.709851722e-01 -1.860932252e+01
-7.687750630e-01 8.868925477e-02 -6.333396550e-01 5.215642261e+01 7.042834958e-02 9.960545297e-01 5.399279011e-02 9.671809847e+00 6.356294126e-01 -3.096756009e-03 -7.719881216e-01 -1.956642697e+01
-7.701491867e-01 8.099951655e-02 -6.327000147e-01 5.140508965e+01 6.263812691e-02 9.967141375e-01 5.135555560e-02 9.716786946e+00 6.347808246e-01 -7.970443819e-05 -7.726922404e-01 -2.052221082e+01
-7.715347643e-01 7.638628367e-02 -6.315847078e-01 5.067634202e+01 5.484583927e-02 9.970557491e-01 5.358887128e-02 9.760491205e+00 6.338186187e-01 6.705883800e-03 -7.734526422e-01 -2.143639025e+01
-7.733420284e-01 7.245104338e-02 -6.298356558e-01 4.996956276e+01 4.618172232e-02 9.972472030e-01 5.801090047e-02 9.787215227e+00 6.323047964e-01 1.577537208e-02 -7.745590888e-01 -2.233278672e+01
-7.749626061e-01 6.817395997e-02 -6.283194016e-01 4.928017470e+01 4.094692630e-02 9.974923572e-01 5.772647993e-02 9.820403752e+00 6.306792437e-01 1.900811510e-02 -7.758107908e-01 -2.321052895e+01
-7.764856753e-01 5.799182215e-02 -6.274607116e-01 4.856320104e+01 3.259253321e-02 9.981194695e-01 5.191581082e-02 9.860183471e+00 6.292914450e-01 1.986134935e-02 -7.769155707e-01 -2.409793652e+01
-7.768662393e-01 4.754061344e-02 -6.278684068e-01 4.790178351e+01 2.122207941e-02 9.985560623e-01 4.934991217e-02 9.883552388e+00 6.293079290e-01 2.501360749e-02 -7.767534035e-01 -2.493867697e+01
-7.752026379e-01 3.989058267e-02 -6.304519106e-01 4.724330064e+01 9.149167041e-03 9.986085481e-01 5.193515614e-02 9.921446016e+00 6.316463907e-01 3.449216020e-02 -7.744889463e-01 -2.582057127e+01
-7.713755260e-01 3.425966410e-02 -6.354573733e-01 4.660299171e+01 -1.293129285e-03 9.984633885e-01 5.540026769e-02 9.971263669e+00 6.363789168e-01 4.355613917e-02 -7.701459193e-01 -2.668838861e+01
-7.664711365e-01 2.715813392e-02 -6.417043188e-01 4.598785327e+01 -1.149965260e-02 9.983652019e-01 5.598822792e-02 1.001271728e+01 6.421757976e-01 5.029273742e-02 -7.649058018e-01 -2.746201679e+01
-7.599317386e-01 1.966591964e-02 -6.497053211e-01 4.539012608e+01 -2.070393830e-02 9.983026978e-01 5.443409390e-02 1.004445897e+01 6.496730713e-01 5.481765450e-02 -7.582347428e-01 -2.818645091e+01
-7.513931090e-01 1.200814769e-02 -6.597455571e-01 4.477870153e+01 -3.017065624e-02 9.981635041e-01 5.252952080e-02 1.005316669e+01 6.591647193e-01 5.937527635e-02 -7.496508850e-01 -2.890224388e+01
-7.404574224e-01 3.336383538e-03 -6.720949889e-01 4.419606059e+01 -4.185242645e-02 9.978181027e-01 5.106278765e-02 1.006686930e+01 6.707989118e-01 6.593862622e-02 -7.387021846e-01 -2.960570943e+01
-7.276228407e-01 -9.133809284e-04 -6.859767981e-01 4.362445733e+01 -4.781280055e-02 9.976346234e-01 4.938718833e-02 1.008801197e+01 6.843090952e-01 6.873371809e-02 -7.259454099e-01 -3.027054567e+01
-7.128046502e-01 -5.355576908e-03 -7.013421764e-01 4.304980043e+01 -5.383585231e-02 9.974384068e-01 4.709910353e-02 1.009976205e+01 6.992933802e-01 7.132981384e-02 -7.112670568e-01 -3.087641194e+01
-6.936655149e-01 -1.170264119e-02 -7.202021950e-01 4.249500148e+01 -6.442533376e-02 9.968685232e-01 4.585328662e-02 1.012503015e+01 7.174102939e-01 7.820611045e-02 -6.922472640e-01 -3.145034904e+01
-6.704774627e-01 -1.477858154e-02 -7.417826943e-01 4.192923569e+01 -7.281286603e-02 9.962858769e-01 4.596453093e-02 1.014140407e+01 7.383483314e-01 8.482950601e-02 -6.690632977e-01 -3.198554144e+01
-6.446042839e-01 -1.382876673e-02 -7.643913150e-01 4.136688242e+01 -7.492240053e-02 9.961662769e-01 4.515952575e-02 1.017432322e+01 7.608363497e-01 8.638005602e-02 -6.431691339e-01 -3.245029320e+01
-6.155954024e-01 -1.215454823e-02 -7.879686336e-01 4.080586098e+01 -7.510220118e-02 9.962350367e-01 4.330601689e-02 1.022545427e+01 7.844755955e-01 8.583716373e-02 -6.141905416e-01 -3.289882419e+01
-5.840686841e-01 -1.399629003e-02 -8.115835608e-01 4.026667922e+01 -7.961148163e-02 9.960184068e-01 4.011664651e-02 1.025538953e+01 8.077906810e-01 8.804224668e-02 -5.828574256e-01 -3.330925670e+01
-5.487957284e-01 -1.385538461e-02 -8.358416577e-01 3.974954834e+01 -8.131075635e-02 9.960063665e-01 3.687653540e-02 1.026378985e+01 8.319926739e-01 8.820060249e-02 -5.477306312e-01 -3.369005156e+01
-5.118840479e-01 -1.259620270e-02 -8.589621978e-01 3.920624147e+01 -8.186975838e-02 9.960566821e-01 3.418228593e-02 1.027795162e+01 8.551444698e-01 8.782039447e-02 -5.108967744e-01 -3.403953769e+01
-4.753869465e-01 -7.294182945e-03 -8.797465806e-01 3.865178363e+01 -7.748332176e-02 9.964270388e-01 3.360790400e-02 1.028889124e+01 8.763581380e-01 8.414244623e-02 -4.742535849e-01 -3.432479423e+01
-4.374353746e-01 9.018947118e-04 -8.992493979e-01 3.806750643e+01 -7.315674397e-02 9.966491522e-01 3.658631340e-02 1.027549113e+01 8.962691470e-01 8.179030567e-02 -4.359036155e-01 -3.456077651e+01
-3.942985634e-01 8.783891815e-03 -9.189404149e-01 3.750899258e+01 -6.939154646e-02 9.968149807e-01 3.930276811e-02 1.029093591e+01 9.163588032e-01 7.926372150e-02 -3.924331870e-01 -3.478320046e+01
-3.460014353e-01 1.641956100e-02 -9.380902967e-01 3.695543929e+01 -7.077855695e-02 9.965409879e-01 4.354831083e-02 1.032064086e+01 9.355604751e-01 8.146445554e-02 -3.436424593e-01 -3.499871681e+01
-2.918159360e-01 2.707071428e-02 -9.560913324e-01 3.641409393e+01 -7.251483235e-02 9.960963127e-01 5.033621864e-02 1.033307108e+01 9.537216882e-01 8.401971344e-02 -2.887137495e-01 -3.519533736e+01
-2.333113071e-01 3.702049417e-02 -9.716971323e-01 3.585061427e+01 -7.347904801e-02 9.957468244e-01 5.557959414e-02 1.036334308e+01 9.696219178e-01 8.436672799e-02 -2.295987625e-01 -3.534321823e+01
-1.745352917e-01 4.751536430e-02 -9.835037987e-01 3.529277812e+01 -7.139997659e-02 9.955948014e-01 6.077034527e-02 1.037052524e+01 9.820587942e-01 8.082871814e-02 -1.703738331e-01 -3.541093564e+01
-1.131220969e-01 5.541169203e-02 -9.920347451e-01 3.475521630e+01 -7.004214994e-02 9.955149549e-01 6.359301755e-02 1.039161678e+01 9.911092212e-01 7.667802186e-02 -1.087335851e-01 -3.549799804e+01
-5.160555302e-02 5.903728151e-02 -9.969209930e-01 3.419984001e+01 -7.200978752e-02 9.954326790e-01 6.267672628e-02 1.044484032e+01 9.960679984e-01 7.502253600e-02 -4.711859180e-02 -3.554407055e+01
8.699938946e-03 6.023184768e-02 -9.981465001e-01 3.366704211e+01 -7.667744725e-02 9.952855332e-01 5.939087851e-02 1.050097268e+01 9.970179939e-01 7.601862859e-02 1.327734770e-02 -3.554774225e+01
6.768302442e-02 6.246814520e-02 -9.957493354e-01 3.315101096e+01 -8.130181420e-02 9.950640827e-01 5.689891312e-02 1.053236812e+01 9.943887686e-01 7.710513693e-02 7.242772015e-02 -3.551587362e+01
1.288011386e-01 6.465544582e-02 -9.895604782e-01 3.262775531e+01 -8.377180875e-02 9.950148737e-01 5.410808847e-02 1.054544889e+01 9.881257768e-01 7.592808772e-02 1.335753523e-01 -3.549124482e+01
1.898060348e-01 6.594393938e-02 -9.796045457e-01 3.209419478e+01 -8.554166029e-02 9.950585247e-01 5.040988825e-02 1.056199085e+01 9.780880806e-01 7.422889827e-02 1.945090670e-01 -3.543230316e+01
2.477986963e-01 6.810112195e-02 -9.664150471e-01 3.155930110e+01 -8.870498509e-02 9.949311102e-01 4.736572071e-02 1.055781720e+01 9.647420545e-01 7.398866850e-02 2.525835411e-01 -3.531474918e+01
3.043100013e-01 7.016615788e-02 -9.499853332e-01 3.105762910e+01 -9.375674390e-02 9.946473552e-01 4.343169000e-02 1.054432305e+01 9.479478340e-01 7.585083395e-02 3.092596885e-01 -3.516813665e+01
3.587885274e-01 6.952397488e-02 -9.308260898e-01 3.055728224e+01 -9.852148171e-02 9.944725470e-01 3.630249238e-02 1.055288650e+01 9.282048859e-01 7.868144780e-02 3.636549457e-01 -3.496914198e+01
4.135089333e-01 7.023024017e-02 -9.077874616e-01 3.005156877e+01 -1.016831842e-01 9.943458324e-01 3.060875234e-02 1.055847855e+01 9.048043391e-01 7.964972712e-02 4.183121190e-01 -3.476687149e+01
4.647251349e-01 7.178722480e-02 -8.825401653e-01 2.959122443e+01 -1.034204124e-01 9.942868312e-01 2.641809187e-02 1.057504241e+01 8.793945459e-01 7.899551654e-02 4.694943462e-01 -3.450657490e+01
5.130750752e-01 7.528331874e-02 -8.550358993e-01 2.914655658e+01 -1.055373934e-01 9.941208201e-01 2.420028041e-02 1.059054162e+01 8.518308669e-01 7.782169937e-02 5.180038197e-01 -3.419586810e+01
5.608613352e-01 8.038053076e-02 -8.239985030e-01 2.870759031e+01 -1.064981779e-01 9.940115929e-01 2.447634197e-02 1.057768295e+01 8.210314859e-01 7.402650536e-02 5.660630492e-01 -3.387247371e+01
6.072735811e-01 8.411220286e-02 -7.900278065e-01 2.824432680e+01 -1.078206828e-01 9.939056665e-01 2.293962661e-02 1.059565382e+01 7.871426161e-01 7.125070832e-02 6.126416885e-01 -3.353198451e+01
6.495168267e-01 8.798746040e-02 -7.552391003e-01 2.784133431e+01 -1.092954685e-01 9.937706347e-01 2.178132526e-02 1.058924786e+01 7.524509235e-01 6.839687403e-02 6.550873799e-01 -3.315541442e+01
6.889226804e-01 8.977560390e-02 -7.192536975e-01 2.745771374e+01 -1.115413466e-01 9.936112341e-01 1.718265080e-02 1.059784082e+01 7.162011368e-01 6.838900811e-02 6.945350065e-01 -3.274871190e+01
7.263059759e-01 8.862852279e-02 -6.816337832e-01 2.707112008e+01 -1.119780210e-01 9.936615385e-01 9.882797311e-03 1.061711159e+01 6.781891714e-01 6.915006732e-02 7.316267600e-01 -3.230841327e+01
7.603537275e-01 8.825461786e-02 -6.434853002e-01 2.672324355e+01 -1.119418091e-01 9.937066510e-01 4.015365858e-03 1.060907465e+01 6.397899971e-01 6.897981026e-02 7.654479377e-01 -3.184923168e+01
7.918507318e-01 8.762438778e-02 -6.043958845e-01 2.638665683e+01 -1.108976179e-01 9.938311011e-01 -1.208674815e-03 1.059696983e+01 6.005615180e-01 6.798315388e-02 7.966832206e-01 -3.135009705e+01
8.206166380e-01 8.592238671e-02 -5.649828996e-01 2.607999044e+01 -1.082499385e-01 9.941053257e-01 -6.045843839e-03 1.058788049e+01 5.611330361e-01 6.612068419e-02 8.250804633e-01 -3.083390675e+01
8.472613427e-01 8.451466030e-02 -5.244096580e-01 2.578317128e+01 -1.054894336e-01 9.943683170e-01 -1.017986323e-02 1.056754561e+01 5.205960013e-01 6.394468236e-02 8.514052390e-01 -3.029778282e+01
8.712691614e-01 8.223702037e-02 -4.838668421e-01 2.552108486e+01 -1.014478003e-01 9.947478246e-01 -1.360548438e-02 1.055131038e+01 4.802066141e-01 6.094126572e-02 8.750358678e-01 -2.974799695e+01
8.925456660e-01 8.007487216e-02 -4.437907715e-01 2.526876357e+01 -9.739122095e-02 9.951123611e-01 -1.631989112e-02 1.052790798e+01 4.403148693e-01 5.778757318e-02 8.959818147e-01 -2.917457705e+01
9.106647248e-01 7.786447919e-02 -4.057423837e-01 2.504174063e+01 -9.375307403e-02 9.954064786e-01 -1.939854112e-02 1.051113042e+01 4.023681401e-01 5.570516285e-02 9.137816012e-01 -2.856700791e+01
9.260472329e-01 7.732795430e-02 -3.694007442e-01 2.482409935e+01 -9.231197343e-02 9.954637221e-01 -2.303209857e-02 1.048771212e+01 3.659440147e-01 5.542892283e-02 9.289847214e-01 -2.796290055e+01
9.386686199e-01 7.629781835e-02 -3.362734973e-01 2.461708148e+01 -9.068074283e-02 9.955070705e-01 -2.725207358e-02 1.045595690e+01 3.326833705e-01 5.607419683e-02 9.413699907e-01 -2.732235367e+01
9.491532686e-01 7.274558494e-02 -3.062942255e-01 2.440611394e+01 -8.663474499e-02 9.957267579e-01 -3.197881356e-02 1.042846406e+01 3.026590386e-01 5.688851753e-02 9.513996021e-01 -2.665171312e+01
9.578765788e-01 6.851990623e-02 -2.788861458e-01 2.423243327e+01 -8.203763491e-02 9.959393168e-01 -3.707699579e-02 1.039640047e+01 2.752131653e-01 5.839434569e-02 9.596081565e-01 -2.598978836e+01
9.648537889e-01 6.683504517e-02 -2.541461051e-01 2.406547055e+01 -8.003312784e-02 9.959095478e-01 -4.193889582e-02 1.036554937e+01 2.503035446e-01 6.080501026e-02 9.662561184e-01 -2.531203559e+01
9.702337615e-01 6.581408913e-02 -2.330556879e-01 2.391328468e+01 -7.846193939e-02 9.958822962e-01 -4.541119113e-02 1.033057226e+01 2.291073374e-01 6.234547205e-02 9.714025273e-01 -2.463131959e+01
9.746875534e-01 6.284690918e-02 -2.145563776e-01 2.376661905e+01 -7.459128954e-02 9.961022231e-01 -4.707972642e-02 1.029439511e+01 2.107612694e-01 6.189206025e-02 9.755762708e-01 -2.392259882e+01
9.780271755e-01 5.975332089e-02 -1.997307803e-01 2.363795770e+01 -7.058448154e-02 9.963718769e-01 -4.754906888e-02 1.025151694e+01 1.961649177e-01 6.060217511e-02 9.786964297e-01 -2.319385174e+01
9.803958500e-01 5.756427807e-02 -1.884418510e-01 2.352390983e+01 -6.745273654e-02 9.966390236e-01 -4.648424458e-02 1.021158705e+01 1.851326704e-01 5.828387901e-02 9.809836307e-01 -2.244430561e+01
9.821556203e-01 5.458708682e-02 -1.799738522e-01 2.339583879e+01 -6.382312522e-02 9.969037358e-01 -4.592984075e-02 1.017937998e+01 1.769094294e-01 5.659674493e-02 9.825985255e-01 -2.168169095e+01
9.835010647e-01 5.076404764e-02 -1.736337154e-01 2.326451190e+01 -5.923960623e-02 9.972744706e-01 -4.398066958e-02 1.014578302e+01 1.709278348e-01 5.354102828e-02 9.838277459e-01 -2.093554086e+01
9.844884361e-01 4.686268212e-02 -1.690751556e-01 2.314576101e+01 -5.461583167e-02 9.976447235e-01 -4.149839243e-02 1.011541005e+01 1.667322109e-01 5.008886770e-02 9.847291380e-01 -2.016876089e+01
9.847904076e-01 4.741258476e-02 -1.671523253e-01 2.303511130e+01 -5.474411610e-02 9.977177271e-01 -3.952744357e-02 1.007662100e+01 1.648967398e-01 4.807685357e-02 9.851384072e-01 -1.940863035e+01
9.849529201e-01 4.915154901e-02 -1.656860600e-01 2.289431169e+01 -5.632644877e-02 9.976549146e-01 -3.888447689e-02 1.003174606e+01 1.633862797e-01 4.763188643e-02 9.854116536e-01 -1.862459071e+01
9.851215097e-01 4.828476322e-02 -1.649369359e-01 2.276048854e+01 -5.564986615e-02 9.976356501e-01 -4.032619483e-02 1.000100895e+01 1.625998265e-01 4.890492034e-02 9.854793784e-01 -1.783340953e+01
9.854161274e-01 4.597352929e-02 -1.638337282e-01 2.263932899e+01 -5.325551002e-02 9.977660282e-01 -4.033365289e-02 9.978398185e+00 1.616134479e-01 4.847048078e-02 9.856630793e-01 -1.702804333e+01
9.857172889e-01 4.406872277e-02 -1.625403769e-01 2.251566905e+01 -5.106736575e-02 9.979282516e-01 -3.913219577e-02 9.939735470e+00 1.604791282e-01 4.687379079e-02 9.859256043e-01 -1.622024028e+01
9.859078920e-01 4.623652323e-02 -1.607725486e-01 2.237903393e+01 -5.289916279e-02 9.978989188e-01 -3.740890830e-02 9.906237292e+00 1.587050945e-01 4.538647115e-02 9.862822929e-01 -1.540514555e+01
9.861300423e-01 4.510682891e-02 -1.597276234e-01 2.224362888e+01 -5.167159074e-02 9.979715800e-01 -3.718564465e-02 9.873093510e+00 1.577263022e-01 4.492326172e-02 9.864604980e-01 -1.456931961e+01
9.863234555e-01 4.315071966e-02 -1.590724880e-01 2.212250772e+01 -4.967397839e-02 9.980702036e-01 -3.726076414e-02 9.846255595e+00 1.571576817e-01 4.465292897e-02 9.865635200e-01 -1.372656426e+01
9.867842870e-01 4.060038373e-02 -1.568705826e-01 2.197816209e+01 -4.681803829e-02 9.982492927e-01 -3.614444527e-02 9.807157168e+00 1.551284698e-01 4.301114360e-02 9.869575469e-01 -1.289044670e+01
9.871224668e-01 3.857551003e-02 -1.552455011e-01 2.185497280e+01 -4.437556384e-02 9.984338381e-01 -3.406875863e-02 9.769031523e+00 1.536881417e-01 4.051914371e-02 9.872882832e-01 -1.204452200e+01
9.873538683e-01 3.630222749e-02 -1.543194320e-01 2.173172440e+01 -4.166156690e-02 9.986307730e-01 -3.163689548e-02 9.740580854e+00 1.529596439e-01 3.766600047e-02 9.875143643e-01 -1.116488425e+01
9.875890672e-01 3.469751398e-02 -1.531793617e-01 2.160252670e+01 -3.961014305e-02 9.987903394e-01 -2.913579494e-02 9.700955154e+00 1.519831270e-01 3.484164897e-02 9.877687931e-01 -1.028370345e+01
9.879263118e-01 3.197106380e-02 -1.515897539e-01 2.145667229e+01 -3.668691199e-02 9.989227640e-01 -2.841446820e-02 9.671128973e+00 1.505180152e-01 3.363276073e-02 9.880350017e-01 -9.413016724e+00
9.881263389e-01 2.865771134e-02 -1.509472553e-01 2.133471605e+01 -3.341004717e-02 9.990197005e-01 -2.904146476e-02 9.638013658e+00 1.499670199e-01 3.373979117e-02 9.881151347e-01 -8.532874033e+00
9.883464146e-01 2.622689956e-02 -1.499450382e-01 2.121544882e+01 -3.074102644e-02 9.991388482e-01 -2.786667094e-02 9.595548988e+00 1.490850564e-01 3.215138869e-02 9.883015401e-01 -7.668369147e+00
9.885575822e-01 2.436623290e-02 -1.488630017e-01 2.109038670e+01 -2.833429345e-02 9.992959257e-01 -2.459310457e-02 9.567909303e+00 1.481589498e-01 2.852962797e-02 9.885519642e-01 -6.821544633e+00
9.887322520e-01 2.140223820e-02 -1.481569370e-01 2.097894187e+01 -2.487005523e-02 9.994574574e-01 -2.159331321e-02 9.559014928e+00 1.476144103e-01 2.503467641e-02 9.887280975e-01 -5.974206544e+00
9.886770765e-01 2.104705522e-02 -1.485754348e-01 2.086712041e+01 -2.406022344e-02 9.995390985e-01 -1.851205604e-02 9.530448589e+00 1.481173319e-01 2.187720360e-02 9.887277906e-01 -5.147857082e+00
9.885366018e-01 1.866645925e-02 -1.498230630e-01 2.075967232e+01 -2.174868567e-02 9.995836650e-01 -1.896025899e-02 9.513851219e+00 1.494067655e-01 2.200136469e-02 9.885310103e-01 -4.326297827e+00
9.881754503e-01 1.760233403e-02 -1.523136151e-01 2.065275907e+01 -2.088963151e-02 9.995815428e-01 -2.000906360e-02 9.492181337e+00 1.518976722e-01 2.295424072e-02 9.881296474e-01 -3.507071499e+00
9.878062065e-01 1.606687513e-02 -1.548572052e-01 2.053150596e+01 -1.986507841e-02 9.995378326e-01 -2.301086473e-02 9.465207373e+00 1.544159225e-01 2.580652552e-02 9.876688444e-01 -2.714634608e+00
9.874216938e-01 1.830097157e-02 -1.570460855e-01 2.040134623e+01 -2.264418910e-02 9.994077534e-01 -2.591106084e-02 9.432700881e+00 1.564788779e-01 2.914132484e-02 9.872513074e-01 -1.934616183e+00
9.868783917e-01 2.120690063e-02 -1.600665714e-01 2.027630529e+01 -2.603336759e-02 9.992656058e-01 -2.811606132e-02 9.411886447e+00 1.593527649e-01 3.191420527e-02 9.867057210e-01 -1.163188771e+00
9.863149739e-01 2.273049865e-02 -1.632975711e-01 2.015384646e+01 -2.724703421e-02 9.993041522e-01 -2.547175762e-02 9.385171984e+00 1.626049551e-01 2.957255045e-02 9.862479875e-01 -3.990147303e-01
9.858300652e-01 2.397040719e-02 -1.660256067e-01 2.001824646e+01 -2.750173839e-02 9.994411088e-01 -1.900327469e-02 9.361044069e+00 1.654773002e-01 2.329999232e-02 9.859383213e-01 3.678084477e-01
9.853199567e-01 2.406063316e-02 -1.690138124e-01 1.989304518e+01 -2.674552329e-02 9.995493930e-01 -1.362673583e-02 9.332888411e+00 1.686097857e-01 1.794705761e-02 9.855194789e-01 1.099614146e+00
9.845371738e-01 2.568677948e-02 -1.732822634e-01 1.976663397e+01 -2.849297868e-02 9.994997488e-01 -1.372596952e-02 9.310117830e+00 1.728430028e-01 1.845105508e-02 9.847765508e-01 1.835283294e+00
9.835458474e-01 2.850652650e-02 -1.783954710e-01 1.963250878e+01 -3.193255657e-02 9.993560859e-01 -1.636231376e-02 9.287768093e+00 1.778141669e-01 2.178970922e-02 9.838228147e-01 2.559001655e+00
9.823103339e-01 3.262646650e-02 -1.843960997e-01 1.950667344e+01 -3.592186172e-02 9.992485577e-01 -1.455815168e-02 9.262832157e+00 1.837825556e-01 2.092447404e-02 9.827441878e-01 3.266727714e+00
9.811164344e-01 3.255444302e-02 -1.906587276e-01 1.938658546e+01 -3.493418541e-02 9.993478827e-01 -9.133018664e-03 9.242055218e+00 1.902370754e-01 1.562106205e-02 9.816138943e-01 3.980202931e+00
9.798599584e-01 3.180712927e-02 -1.971364211e-01 1.923852510e+01 -3.313247231e-02 9.994450915e-01 -3.427594542e-03 9.219414222e+00 1.969180064e-01 9.890179658e-03 9.803700746e-01 4.688338528e+00
9.783000360e-01 3.252072188e-02 -2.046251263e-01 1.909263741e+01 -3.363335415e-02 9.994323150e-01 -1.960908865e-03 9.203955567e+00 2.044451935e-01 8.800586553e-03 9.788384507e-01 5.378346509e+00
9.763881622e-01 3.077196844e-02 -2.138205851e-01 1.894306658e+01 -3.301102339e-02 9.994311129e-01 -6.908173955e-03 9.195590722e+00 2.134863672e-01 1.380349561e-02 9.768485218e-01 6.070885221e+00
9.740227214e-01 2.882905314e-02 -2.246077113e-01 1.878480593e+01 -3.247735688e-02 9.993934916e-01 -1.256464187e-02 9.184670613e+00 2.241092581e-01 1.953291146e-02 9.743682598e-01 6.742949418e+00
9.715135851e-01 2.579784531e-02 -2.355755190e-01 1.862413528e+01 -3.032558072e-02 9.994180717e-01 -1.561656683e-02 9.177013385e+00 2.350355572e-01 2.231567125e-02 9.717305685e-01 7.432712378e+00
9.685441528e-01 2.518427231e-02 -2.475640856e-01 1.845176474e+01 -2.989680206e-02 9.994359746e-01 -1.529424216e-02 9.167738998e+00 2.470392788e-01 2.221452328e-02 9.687507985e-01 8.116848815e+00
9.655024072e-01 2.515792874e-02 -2.591759640e-01 1.826498258e+01 -2.921657741e-02 9.995032260e-01 -1.181917041e-02 9.151396825e+00 2.587498663e-01 1.898367209e-02 9.657577993e-01 8.819666273e+00
9.625083209e-01 2.494108647e-02 -2.701030812e-01 1.806787396e+01 -2.846573630e-02 9.995529870e-01 -9.139364711e-03 9.140430947e+00 2.697543959e-01 1.648539766e-02 9.627880335e-01 9.526338441e+00
9.595513814e-01 2.504096580e-02 -2.804177179e-01 1.784229399e+01 -2.828887743e-02 9.995713507e-01 -7.540177655e-03 9.118093611e+00 2.801087037e-01 1.516789034e-02 9.598484512e-01 1.020932761e+01
9.563672545e-01 2.764189814e-02 -2.908566658e-01 1.757978111e+01 -3.167086640e-02 9.994564450e-01 -9.152639809e-03 9.095838639e+00 2.904455729e-01 1.796496761e-02 9.567228591e-01 1.094590888e+01
9.529122424e-01 2.796030645e-02 -3.019544328e-01 1.737926232e+01 -3.362128363e-02 9.993425751e-01 -1.356564993e-02 9.073672598e+00 3.013766207e-01 2.307896952e-02 9.532258356e-01 1.160302954e+01
9.495651383e-01 2.530764983e-02 -3.125469100e-01 1.714860838e+01 -3.267861555e-02 9.992971300e-01 -1.836720208e-02 9.063561883e+00 3.118623994e-01 2.765445510e-02 9.497247364e-01 1.229659285e+01
9.465316852e-01 2.255135556e-02 -3.218216980e-01 1.689741472e+01 -3.112077089e-02 9.992842062e-01 -2.150750655e-02 9.039865613e+00 3.211063166e-01 3.037287575e-02 9.465559793e-01 1.298814495e+01
