frame_id,time_s,x,y,yaw,gt_x,gt_y,gt_yaw
77,0.0,0.0,0.0,0.0,0.08699071828780544,1.1520298297921578,-1.308996938995747
78,0.06657290458679199,0.011398721823269856,-0.0034342905610358354,-0.020418785835627996,0.08705587414784946,1.1505772790426978,-1.308996938995747
79,0.13323092460632324,0.06649308026643214,0.02296839048461684,-0.0254785471482416,0.08713958379239256,1.1487486633701396,-1.308996938995747
80,0.1999189853668213,0.21238548718674852,0.06393566270020051,0.04493575846950755,0.08723625080156686,1.146657474526103,-1.308996938995747
81,0.26659607887268066,0.25932161162004597,0.08961756282768782,0.0631000108634,0.08736440764560355,1.1439464335077543,-1.308996938995747
82,0.3332328796386719,0.10938230465681673,0.03519612370801534,-0.03994187852605614,0.08750213139156085,1.1410477521914524,-1.308996938995747
83,0.399914026260376,0.22745214821359866,-0.016148972806307928,0.04780332578416495,0.08765731767507245,1.1378064199338864,-1.308996938995747
84,0.46670103073120117,0.33891550834315354,-0.11471435262113877,0.13787772427983092,0.08782149500545014,1.1345211758348548,-1.308996938995747
85,0.5333619117736816,0.5280732739795949,-0.13717965124788092,0.29172576603838785,0.08799359156053274,1.1312222734557944,-1.308996938995747
86,0.5999100208282471,0.5782516985438322,-0.22051647981024758,0.31822854223311864,0.08827188319689636,1.1279087880376124,-1.308996938995747
87,0.7332160472869873,0.769440214502214,-0.3515180680961273,0.4228528876688402,0.08886926480658086,1.1211445933404474,-1.308996938995747
88,0.8001461029052734,0.7453280794941514,-0.4323032543969178,0.3752746213112607,0.08914495654186616,1.1180478860563745,-1.308994009518548
89,0.8665719032287598,0.44696716074509374,-0.5871583585886164,0.14194437570584303,0.08940741083180545,1.1150839208641579,-1.308996938995747
90,0.9332590103149414,0.21395331108390822,-0.6701898449256345,-0.014519327404074162,0.08973572880897004,1.1114391627992535,-1.308996938995747
91,1.0000629425048828,-0.05677810493142452,-0.7076148265629962,-0.1958794489259767,0.09009563540780546,1.108053931504158,-1.308996938995747
92,1.0710439682006836,-0.052191675780324534,-0.7949704959066798,-0.19947879063044746,0.09050448596780544,1.104900671560158,-1.308996938995747
93,1.1332290172576904,0.08235505451563367,-0.8938086061062785,-0.1281166552981085,0.09092692112651504,1.101664236888932,-1.308996938995747
94,1.1999049186706543,0.04065990368437354,-0.9613613273988681,-0.1736003380847306,0.09141195029975807,1.097978671465711,-1.308752460807678
95,1.275501012802124,-0.015488565431090714,-1.0379156501444637,-0.21649347996023255,0.0919171808627169,1.0942093004250724,-1.3076006436362189
96,1.3332140445709229,-0.02983327367588871,-1.1048318448713554,-0.2312220649596341,0.09236354633919495,1.0911162016704603,-1.3045404052276086
97,1.3998970985412598,0.20088033455230966,-1.193348980410995,-0.08479355293707369,0.09286079593762862,1.087617648390074,-1.302367532094213
98,1.4760348796844482,0.44648361582076745,-1.2575357687983293,0.06815017898988912,0.09356491612017853,1.0836105237726106,-1.2991445745429988
99,1.5333569049835205,0.4538433611062583,-1.312940353671587,0.06416222413717942,0.09410583897012435,1.080609358809137,-1.295909899082989
100,1.600050926208496,0.8155682846663439,-1.2873872705285545,0.28649953365829367,0.09466027720930219,1.07744256512953,-1.2937253080407967
101,1.6767070293426514,0.9123057192944961,-1.2993076150528693,0.33157913435038017,0.09538648214907564,1.0733885920218715,-1.2905516189697495
102,1.733185052871704,0.8667445335988688,-1.3596049962684713,0.32661365295965883,0.09600531813583633,1.070023053406957,-1.2872820560994591
103,1.7998950481414795,0.8320198023961337,-1.4278011884989774,0.33528232689898463,0.09664404934178368,1.066689616562917,-1.2858247743509676
104,1.8763189315795898,0.7577012858443858,-1.5212190971655732,0.3182963994994263,0.09748432894585578,1.062614281504478,-1.2819938171228888
105,1.933232069015503,0.6309927645273343,-1.6119765082737318,0.24576562637343805,0.09823665614365276,1.0592652927319364,-1.2763330019098165
106,1.999891996383667,0.39911494347329113,-1.7214869331603717,0.10643387853201089,0.09901776877021455,1.055695235460035,-1.272350777131821
107,2.0768649578094482,0.11737340078599545,-1.785645043375435,-0.0870575866067641,0.09994432563641892,1.0515200705132717,-1.2660502706249113
108,2.1333649158477783,-0.0331152407484889,-1.8048178029494621,-0.19116410635128223,0.10067673495660674,1.048334901376363,-1.2595750607504925
109,2.2000579833984375,-0.08968236595783674,-1.840009172156666,-0.2534127628750695,0.10148557625764229,1.0448536598340585,-1.2560785965553278
110,2.2768149375915527,-0.16759158203580965,-1.874057528665944,-0.3296770542208507,0.10248854543382162,1.0407811878137558,-1.2520409780266584
111,2.33317494392395,-0.19110281839886015,-1.9138533414705998,-0.3618552672253063,0.10325840271490981,1.0378222350608148,-1.2490856681649976
112,2.3999269008636475,-0.13141720563563197,-1.9801884850422897,-0.343892999347963,0.1041234663355842,1.0344630927032459,-1.2475990916445152
113,2.480091094970703,-0.08544623298797727,-2.0275838382639173,-0.3181756069066694,0.10519425250558163,1.0302671328695907,-1.2449172884268056
114,2.5432639122009277,-0.26775507352112604,-1.9733486457248808,-0.42955207292939784,0.10599792500553079,1.0271773057671225,-1.242021018532094
115,2.5998899936676025,-0.29504201170082656,-1.9507675173358596,-0.41901783375609314,0.10669260241008544,1.0245251749401822,-1.2394716566298114
116,2.676888942718506,-0.28693792934594325,-1.9361331752230604,-0.388654549842159,0.1078202431926258,1.02053232619164,-1.237473220547816
117,2.7333409786224365,-0.08476815833182741,-1.9994719686019944,-0.248120422171753,0.10875036371095652,1.0173977123828948,-1.2345733044368288
118,2.7998929023742676,-0.004336140969844665,-1.9230876918909492,-0.20123508784271543,0.10974904447113763,1.0141247201086683,-1.233095516347944
119,2.8762409687042236,-0.16852895968605355,-1.8042061788263806,-0.3108121135893863,0.11091075599727636,1.0102436481385482,-1.2305617848868422
120,2.933173894882202,-0.08167920448425425,-1.7586944916896665,-0.2596152835851915,0.11178551594797383,1.0072913645794455,-1.228263743182213
121,2.9998860359191895,0.22774543598165936,-1.7448906812494325,-0.05820532671477549,0.11275528394528797,1.0040583448312759,-1.2273707852687097
122,3.0790390968322754,0.4810120203458304,-1.6943577435242458,0.11954804108765915,0.11401012089535728,1.000141600039807,-1.2253172217521495
123,3.133164882659912,0.633522661697429,-1.6377085967356182,0.21233488201309764,0.11496226614132064,0.9974059266382391,-1.2233360962172397
124,3.2000269889831543,0.6343043246952282,-1.6428517193653454,0.19644567007068378,0.11607111934357432,0.9941801805819742,-1.2221581800670975
125,3.276822090148926,0.7096744123390237,-1.6450610935222847,0.24319755632911327,0.11734454070843263,0.9904565562517088,-1.220171195577789
126,3.3382489681243896,0.7712489537926215,-1.6468919620701767,0.276940848182264,0.11838161491641423,0.9874268539744071,-1.2182020542677847
127,3.3998799324035645,0.7307850562720632,-1.6791773005646187,0.24638381940803064,0.11943098352453986,0.9843842904797111,-1.2166457029267421
128,3.4735159873962402,0.41579085990051556,-1.7323689501258395,-0.007705963714101066,0.12071254991570018,0.9807102618315295,-1.215080829470212
129,3.5334699153900146,0.46050044106654947,-1.7336608292242897,-0.003298810386930328,0.12185064392042011,0.9777399053604108,-1.2124714642341523
130,3.599876880645752,0.5155387622695227,-1.655607711892353,0.023582834329843077,0.12306767942267087,0.9746258145212991,-1.2112730417436164
131,3.675755023956299,0.5988646578984025,-1.5749240461406748,0.060955149864104746,0.1244038580010363,0.9711492570154523,-1.207994690441729
132,3.733457088470459,0.4591777651736211,-1.5173994827520951,-0.07020760900192619,0.12550007033207627,0.9682981766584529,-1.2044923672921657
133,3.8000199794769287,0.42068414702394574,-1.467372611833329,-0.13047157165072257,0.12689180389952998,0.9646799892602194,-1.2020925928338952
134,3.8754570484161377,0.4353645491267448,-1.4344556196560343,-0.16176068664570903,0.12846800879276576,0.9607311437761766,-1.197848579320745
135,3.9334380626678467,0.41016169487265886,-1.4031753272035945,-0.20505766889092275,0.12972010750294782,0.9576635286703823,-1.1933020307077615
136,3.9998939037323,0.32904021728277866,-1.3399737695618705,-0.26844015753133516,0.13112509903958233,0.9544302187427834,-1.1905384684445868
137,4.075205087661743,0.359199691884261,-1.2892369326532505,-0.2428604004240999,0.1327491317230169,0.9506516457100452,-1.1861141589256379
138,4.133452892303467,0.5789049598042949,-1.3251832309689442,-0.08049540651026965,0.13403541487272053,0.9476379220900435,-1.1815966387685364
139,4.199872970581055,0.8671711089217511,-1.3350532893219778,0.10131228979282314,0.1354417507821884,0.9443053894765685,-1.1787838080251947
140,4.278403997421265,1.2578522546282738,-1.2726691432352162,0.34563243362521856,0.1371989771909607,0.9403073188657298,-1.1742314004578134
141,4.333591938018799,1.1449427757454673,-1.336493497516236,0.2694804277024324,0.13854266728178027,0.937455874488487,-1.1697311908477976
142,4.400032997131348,1.2271495170958318,-1.341511487271439,0.30093926928770226,0.14001279730426322,0.934309398048797,-1.1670200928580967
143,4.475511074066162,1.365388826612073,-1.3216826403416906,0.37077664935741983,0.14169096197134345,0.9306869340092866,-1.1625957833391483
144,4.533312082290649,1.4628164865007627,-1.303555938436366,0.4206019095572333,0.1430867123375868,0.9277627415125338,-1.1580550936805634
145,4.5998899936676025,1.6897703632555099,-1.1660548488270508,0.5859985082527848,0.1446138354505795,0.9245628246191856,-1.155367165192346
146,4.780606031417847,2.216200438335442,-0.7418440497878951,1.0121459833994435,0.1487873558349235,0.9162025980435432,-1.150791588123481
147,4.84298300743103,2.30305399366805,-0.5773680246535586,1.145242413345855,0.15056283733953874,0.9126619797850737,-1.1402673081277057
148,4.908763885498047,2.328349228135432,-0.5691276718915467,1.1656420269431347,0.15218674901158105,0.9094579195912169,-1.1367213091362656
149,4.975543975830078,2.4120173737185713,-0.49407487928213295,1.2894322609418427,0.15384736143151834,0.9062964892122837,-1.1340072816693656
150,5.042562007904053,2.487147589963168,-0.47682357834190825,1.401682429668113,0.15552357190153843,0.9031303969084641,-1.131028535990112
151,5.108752012252808,2.5399205844040242,-0.5239675633851568,1.4376917604791855,0.15718052138164512,0.9000407812608217,-1.128079085082849
152,5.175894021987915,2.604836388570921,-0.5641379626825798,1.474832395443843,0.1588808845655229,0.896984626185884,-1.1262114102103766
153,5.242419958114624,2.6946091358717457,-0.517846775921753,1.5662669365310966,0.16062149459125305,0.8938710742484436,-1.1232473119171185
154,5.308892011642456,2.777819605944331,-0.4466987387042379,1.6958444860382387,0.16234014400387375,0.8907527599663483,-1.1205130444259344
155,5.379383087158203,2.8779629498375345,-0.5917243381033355,1.6676627549873222,0.16413729690598827,0.8875323814979571,-1.1187995665805772
156,5.442694902420044,2.9528370124933834,-0.5454801682210697,1.7573790762656323,0.16581796042599242,0.884533210226254,-1.1157888629682424
157,5.508764028549194,2.9328040838134113,-0.39110735129317825,1.9122224051440715,0.1675949495396661,0.8815183473981406,-1.113284426279132
158,5.575793027877808,2.868237845947389,-0.2332923101403156,2.090095392712353,0.1693879493542388,0.8785223452724991,-1.1113472429022084
159,5.642379999160767,2.8829008293302985,-0.2270008885555073,2.145073006098182,0.17121912960652247,0.8754956874895188,-1.1083799488156423
160,5.708765029907227,2.869480490028663,-0.2078259307329713,2.222667144247472,0.17308250193349325,0.8724184755007955,-1.1053838925893031
161,5.77574896812439,2.9527507342804493,-0.41410925338926097,2.0841891599619564,0.1749529374846761,0.8693453242547298,-1.1034437797351804
162,5.842674970626831,3.008471075636664,-0.6394867578428973,1.9367099245287367,0.17678570312407338,0.8663303049738663,-1.1004621045787275
163,5.90887188911438,3.0430513922863334,-0.8068468187165304,1.826647895428156,0.17863869815383027,0.8633407794320146,-1.0975446116045458
164,5.975929021835327,3.074460267612274,-1.0634153748651558,1.6639326450839116,0.1806016751150249,0.8603397817565833,-1.0957642884158276
165,6.042557954788208,3.0428672969818367,-1.0321547703371945,1.68707114336639,0.18252553074719907,0.8574156123498354,-1.0927653027122894
166,6.108758926391602,3.0282511023365153,-1.0257503070165832,1.6644810406885875,0.1843970066557934,0.854592369862071,-1.0897836275558368
167,6.175616979598999,3.0357760324655994,-1.0652825320244002,1.6100382537194686,0.18633539646685046,0.851631778407276,-1.0876919808356886
168,6.242556095123291,3.0524622953453218,-1.058340673621992,1.5937791180343248,0.18830804639589072,0.8486072343956957,-1.0846581077218702
169,6.3087379932403564,3.089841648437224,-1.0993328932602522,1.5689187287111181,0.1902429878893696,0.8456470042198961,-1.0818221074770449
170,6.375747919082642,3.0306329841224677,-1.4170253013769938,1.3696700389391019,0.192235843523422,0.8427886128629961,-1.0797829250303712
171,6.442691087722778,2.933601955419225,-1.7286301557092614,1.1829782802733049,0.19429606904904928,0.8398823847879147,-1.0766558412784004
172,6.508868932723999,2.816632186025344,-1.9976177067773815,1.0030905565239836,0.19634587814497156,0.8369470164304195,-1.0736509966204637
173,6.578325986862183,2.726609768548756,-2.1256136192057933,0.8976363465834825,0.19845867221359575,0.8339157417610057,-1.071518603535637
174,6.642401933670044,2.757415397335981,-2.0882037500552655,0.928319106288539,0.20045345259259162,0.8310111922327685,-1.0683917860997751
175,6.708756923675537,2.748504164004834,-2.107020615033023,0.9149253882617504,0.20235835123038046,0.8283494031426273,-1.0655962659035187
176,6.778785943984985,2.822636817389602,-2.0018642938640854,1.0059259500647988,0.20429371418370715,0.8256914573966436,-1.063571730842841
177,6.843158960342407,2.884800616302271,-1.8987569544949676,1.0919463469554997,0.2066547956998364,0.822520028740413,-1.0600315908057982
178,6.90873908996582,2.876303656895675,-1.8966985186535712,1.103628168912433,0.20889359046831607,0.8195429225956308,-1.0567969153457881
179,6.977751970291138,2.8907119204465612,-1.856024493188957,1.1293374424818696,0.21103552223523986,0.8167364818405328,-1.0545105915499553
180,7.0433080196380615,2.812777567667547,-1.9878203693709757,1.044739586483032,0.21317350152919468,0.8138703303492574,-1.0509936210143969
181,7.108872890472412,2.7589245445778614,-2.1058374360718117,0.9796010125027466,0.21533003969267794,0.8110112344778792,-1.0477269876213056
182,7.176155090332031,2.751949146128223,-2.0845881031755935,1.011440381573671,0.21757894872948091,0.8081553625471107,-1.0453562416189168
183,7.243149995803833,2.7561760432595377,-2.0575704907726555,1.036238888493931,0.21983054884260916,0.8052951884033543,-1.0416736224635552
184,7.308739900588989,2.6962387879258722,-2.1623352903082735,0.9580522382889631,0.22200116328634575,0.8025572136519923,-1.0382440036117515
185,7.389652967453003,2.6236350276070515,-2.2876730011255777,0.8884603713321005,0.22457854639924518,0.7993405200390796,-1.0359257218828373
186,7.443298101425171,2.733362170627596,-2.271728725530299,0.951180620611183,0.2264324695807367,0.7969624235619504,-1.0314574702059023
187,7.508727073669434,2.937055196234523,-1.9775780662836153,1.1913971611886924,0.22860183821186483,0.7942131789072594,-1.029334131868782
188,7.586824893951416,3.0849778532606296,-1.5504533781305838,1.4898044627092577,0.23122864054476813,0.7910495239571421,-1.0269255689789143
189,7.649211883544922,3.0877682611253605,-1.5453619714750824,1.4946590439329395,0.23342256479315504,0.7884259585082571,-1.0231412170699121
190,7.70878791809082,3.0875472941848456,-1.5673325950299661,1.4817787073002058,0.23554798440161523,0.7858928560686455,-1.0193771051851939
191,7.776501893997192,3.084945848785826,-1.5455926656004477,1.495867270014673,0.23788439658954474,0.7831473610954122,-1.01716614884821
192,7.842537879943848,3.083229042985039,-1.6042724658079182,1.4565151623797492,0.24024155263286373,0.7803485893675888,-1.013439853850971
193,7.908725023269653,3.0807466134536017,-1.6536221083316065,1.4203966184502332,0.2425321243829664,0.7776511669347514,-1.0098243463550798
194,7.97548508644104,3.0742231576444974,-1.7087236598866486,1.3897885231673823,0.24477660736559265,0.7750543831509188,-1.0073982066020175
195,8.04237699508667,3.0409112149932827,-1.818079513640719,1.3198832833029144,0.24718019773971156,0.7724025208888025,-1.0036458126260959
196,8.108865022659302,3.0409251508270208,-1.8087350217615565,1.326812248513608,0.2495801690493913,0.7697156258243468,-0.9999165881516578
197,8.175879955291748,3.0084325711776763,-1.8650531629637632,1.3033992193017934,0.25195962600714417,0.7670284652751074,-0.9973450398030773
198,8.24264407157898,3.028569796016909,-1.7939894201443805,1.345363744361094,0.2543641282276857,0.7643274030121409,-0.9936216742830375
199,8.308765888214111,3.033071027225067,-1.8145091651171912,1.3367008541489382,0.2567561625405118,0.7616668491044984,-0.9899419846048753
200,8.375885963439941,3.011785878646789,-1.9197416358271777,1.2666314435546493,0.2591889846774673,0.7590669047860007,-0.9875917449428803
201,8.442399024963379,2.9964257713595415,-1.9435697933811875,1.2519563195909915,0.26168196584657577,0.7564019802175198,-0.9838305625353612
202,8.508713960647583,2.9953757132409784,-1.9287643809936657,1.2655838348748365,0.26418076544320657,0.753757229419788,-0.9801535360182889
203,8.575853109359741,3.0075441720216953,-1.896779613107643,1.2879985219070058,0.26665112933887813,0.7511310287762477,-0.9777798605387011
204,8.642316102981567,3.015882039257258,-1.8786324252048539,1.299591273327559,0.269133744719524,0.748471658658865,-0.9740130854928934
205,8.708839893341064,3.029441063930985,-1.7617014068157517,1.3698303353442882,0.2715366839877593,0.745929741491745,-0.9703419179302187
206,8.776222944259644,3.030863086090714,-1.6360539751920087,1.4821536347066218,0.27399388935671637,0.7433982643558782,-0.9678984676300713
207,8.842348098754883,3.0128823989259046,-1.532344207612825,1.572488254006379,0.2765185317413761,0.740797690179812,-0.9641402146997513
208,8.908720970153809,2.98842784806828,-1.4580427433096075,1.630648309198268,0.27917091913860226,0.7381862376987036,-0.960565187252429
209,8.976206064224243,2.939959586134391,-1.3031521639083763,1.7187150153499278,0.2817419491197326,0.735655294759592,-0.9582527644779132
210,9.04264497756958,2.9373692431413345,-1.3581665632734339,1.660120722749951,0.2842115661341711,0.7331383788282394,-0.9545467095049588
211,9.108705043792725,2.918280606487765,-1.3717094356140038,1.634970601719339,0.2866849717732725,0.7306607833949496,-0.9514430615705808
212,9.175801992416382,2.927297351304015,-1.3633797793170033,1.6270398550622027,0.2891649669497108,0.728220426602262,-0.9494795128988653
213,9.242608070373535,2.953828159578283,-1.4833137195109003,1.5524922840163045,0.2917301355236071,0.7257927456615179,-0.9465705420401717
214,9.308849096298218,2.957756508053713,-1.4746614107731508,1.5561404406573707,0.29429667659907643,0.7233668487435553,-0.9436703596130752
215,9.44236707687378,2.971331627188059,-1.3997381921732228,1.611774901007293,0.29952387470057573,0.7184255225155536,-0.9387981063987753
216,9.50871205329895,2.9681274740778725,-1.309089209031197,1.6694145348496103,0.3021380534670992,0.7159297034987583,-0.9360609094303921
217,9.642337083816528,3.007502648379222,-1.2750460214973478,1.7074216979542465,0.3071379441572951,0.7112765659561723,-0.9312030372859782
218,9.708709955215454,3.0500468696548024,-1.3618243593530082,1.6505779046665074,0.3098175729963835,0.7088457440320199,-0.9284482634544005
219,9.779275894165039,3.092485112617099,-1.373022167106809,1.6443574668395493,0.3123732140441222,0.706605814086387,-0.9266359823326015
220,9.842617988586426,3.131671177488035,-1.3484618097953227,1.6452655506770346,0.3146786322988592,0.7045734500927677,-0.924023953935452
221,9.908859968185425,3.170039755720207,-1.2306111150208958,1.7194513772011801,0.3175521259666747,0.7019724636198895,-0.9215541383405123
222,9.977219104766846,3.197830632640129,-1.1026742321853396,1.800925125873778,0.3203122186191265,0.6995124642244355,-0.919922419540621
223,10.042342901229858,3.16806035954131,-0.9045875534129243,1.9262031179070078,0.3228724687331026,0.6972256836272898,-0.9173130543045612
224,10.108747959136963,3.0848323199659524,-0.6909372519320199,2.0689649468262292,0.32553246698654886,0.6949384576082336,-0.9147939702294554
225,10.176660060882568,2.930046082797238,-0.41901457868532194,2.2622046318201594,0.3282235787067157,0.692671014655688,-0.913161985113455
226,10.242348909378052,2.747623903574536,-0.19799398349550806,2.428637641007966,0.33090905690342926,0.6904303248387775,-0.9105294503759115
227,10.308698892593384,2.543185864065314,-0.013063663452063945,2.584734282119755,0.3336429553945381,0.6881031418970086,-0.9080481831882844
228,10.376787900924683,2.2752629645625166,0.10243213438974683,2.7937794571350585,0.33641282107770343,0.6857390400102276,-0.9064774507773555
229,10.442611932754517,2.2054448553626305,0.13366407857453647,2.881586938044535,0.3389875955271565,0.6835528644008476,-0.903865422380206
230,10.508728981018066,2.0405219425857997,0.14579825414939948,3.017467355897244,0.3416125649460536,0.68135780632049,-0.901238480280952
231,10.577691078186035,1.8499276407666154,0.11117825767459932,3.177965127438539,0.3443871862748429,0.67911376893964,-0.8991907757187899
232,10.642338037490845,1.6820903188369594,0.10137653760304008,3.3401108909224986,0.34713327577930664,0.6768780833318621,-0.8959909876690595
233,10.708688974380493,1.452351377962126,0.05765796546014638,3.5395158175730908,0.3499548410718423,0.6745981686524803,-0.8930878757647647
234,10.776865005493164,1.2144083698912567,-0.04598126329563015,3.7574435808971014,0.3527451184592753,0.6723967223518195,-0.8909498900416487
235,10.842343091964722,1.031705542788149,-0.19023351683569512,3.960995193128177,0.3554718972359592,0.6701777822153364,-0.8873543562539328
236,10.908838033676147,0.889860822261765,-0.28378550070255903,4.1166948855228025,0.35820020604881797,0.6679169135809665,-0.8837359192808423
237,10.977216005325317,0.7900707273743758,-0.32057923768023133,4.239757401275628,0.3610721710493385,0.665704863819851,-0.881245863661618
238,11.042628049850464,0.7168314884200722,-0.31977010824250846,4.327663509648945,0.3639266367232088,0.6634903398356666,-0.8771850756314654
239,11.108711957931519,0.6801130616558664,-0.35831967849370905,4.428328835750501,0.3667564893087386,0.6612490544415214,-0.8732087098078679
240,11.177043914794922,0.6852331956349533,-0.3997255849842837,4.520789840406286,0.36966890657540774,0.6589937383860387,-0.8704014717028156
241,11.24233889579773,0.600164166505064,-0.5155459537229624,4.638060012976958,0.37257774874303407,0.656728577982781,-0.8661923455999455
242,11.308685064315796,0.5199777079291739,-0.5720812949071037,4.7077336811551485,0.3752198770862265,0.6546627641479399,-0.8619978668830702
243,11.37685489654541,0.44544750032432406,-0.36451598055980106,4.563944780323367,0.3778286174279787,0.6526575111792419,-0.8592460225286914
244,11.442655086517334,0.3603911016043686,-0.21245588311276364,4.460904595537688,0.3810164178073757,0.6502822615901137,-0.8548651225355113
245,11.508815050125122,0.3560846122958838,0.0011125621869511049,4.330547241136456,0.3840179818766748,0.6480707256343203,-0.8506386858855554
246,11.575700998306274,0.35464413939252526,0.15398496295746833,4.238968658849269,0.3868477504893355,0.6460312113652014,-0.8477704613915402
247,11.642302989959717,0.346306728727684,0.2545872828842862,4.180684697344269,0.3898647417180646,0.643759558293511,-0.8434188561703508
248,11.70869493484497,0.3540973776193075,0.3757981447040534,4.113306252876343,0.39285370073776404,0.6415214820785351,-0.839270716456443
249,11.776103019714355,0.3082751524575913,0.4569168761067321,4.0850055535727625,0.39577798328664965,0.6393837581304395,-0.8364722667829877
250,11.842329978942871,0.23667227469727697,0.5276762071421671,4.070538916860035,0.3987098808293101,0.6372637562688133,-0.8321089436530023
251,11.908888101577759,0.11036001291928355,0.5272853932224912,4.121556427205101,0.40163462588351845,0.6351811079245977,-0.8279405639148103
252,11.97577691078186,-0.005464529961280079,0.55143918817663,4.140663173745183,0.4045903084114547,0.6331181483726345,-0.8250315930561166
253,12.042414903640747,-0.026338730984220293,0.605827366451008,4.11196642831776,0.40759570114731064,0.6309902807385661,-0.8206682699261306
254,12.108849048614502,-0.08838946901048801,0.5383481678255561,4.1462528271805414,0.41056077180803363,0.6288920031257188,-0.8163427636836239
255,12.17599892616272,-0.15556310126132838,0.4646944271994167,4.1866159867445365,0.4135364713640527,0.6268448974130362,-0.8134252707094419
256,12.242340087890625,-0.1940777195627839,0.38704987179941314,4.244137576184934,0.4165729438229209,0.6247357410881308,-0.8090502296706599
257,12.308679103851318,-0.23417137127772583,0.3849036973714601,4.259888782141845,0.41956470749488634,0.6226639417338073,-0.8047305823825516
258,12.375684022903442,-0.2697333554612429,0.3907868412150173,4.265172073136018,0.4225687816161118,0.620656752357658,-0.8018887231833278
259,12.442285060882568,-0.3531623188224888,0.2508589412803711,4.340112928556729,0.42571572197537166,0.6185689133270446,-0.7975283295305412
260,12.50868010520935,-0.34252823426625706,0.26093288787633256,4.309494066499373,0.4284223913975226,0.6167158673896131,-0.7931676695616455
261,12.575958013534546,-0.30502903125095326,0.32810024811451177,4.227364082205892,0.4309832521002054,0.6149785741635629,-0.7903140924536256
262,12.642575025558472,-0.15808844016712403,0.5085886451589875,4.039456082137674,0.43438794661861546,0.6126954064255778,-0.7859246703449568
263,12.708718061447144,0.02237319788459327,0.6742723724834366,3.834778013309864,0.4376320497077852,0.6105554003192246,-0.7815672061693695
264,12.78662395477295,0.17817094229376812,0.8116772095374994,3.639129994032599,0.44114777204611083,0.6083159667573498,-0.778827079723787
265,12.851562023162842,0.43778294340178137,0.9201299975474873,3.403368274575522,0.4441418628885286,0.6063867025384755,-0.7744578976394026
266,12.912899017333984,0.6692234382719753,0.9884930321429025,3.189962166334854,0.44700734164097244,0.6045423299406076,-0.7702953768556089
267,12.976034879684448,0.9006398994913312,0.9881730670547261,2.9941465004219685,0.44993256901913925,0.6026915571197333,-0.7675406030240309
268,13.042346000671387,1.0454685105458847,0.9578386971404959,2.8823007303589714,0.4530744076378901,0.6006966254133702,-0.7631743504168459
269,13.108679056167603,1.090068286573274,0.9300145382302926,2.8614539727404473,0.45619882139002665,0.5987290153008158,-0.7589766759066632
270,13.175755023956299,1.1038114919083994,0.9292946584331637,2.8504841521381397,0.4591094017084886,0.5969135216895826,-0.7562250978683934
271,13.242569923400879,1.1158191206793115,0.9277036639642555,2.8409518020902413,0.46219195846671285,0.5949842987566236,-0.7518471273524118
272,13.308743953704834,1.0503335845666162,0.9848541629953051,2.8954104972587307,0.46541057990699364,0.5930137478269547,-0.7474808747452271
273,13.378865003585815,1.1598900960288214,0.985253897328744,2.8229423015477315,0.46858554791258744,0.5910987819909509,-0.744525564883566
274,13.445920944213867,1.3555402546635023,0.9394270482106355,2.696615904480011,0.47166782910306476,0.5892145423812916,-0.7401446648903856
275,13.508693933486938,1.54072320308034,0.86506131872857,2.5741525744613516,0.4746165174277,0.5874357656002068,-0.7357405953957219
276,13.576704978942871,1.7765694999770578,0.6976562238983264,2.40581486907839,0.47770785522861503,0.5856138916526793,-0.7329975394729401
277,13.642316102981567,1.8865958829458358,0.6276252070700433,2.3476883452155684,0.4808072444532988,0.5837647502061818,-0.7287708365068757
278,13.70884895324707,1.9207102374335603,0.5929514305244952,2.31476801207073,0.4839542879281391,0.5819287801973133,-0.7250418783485464
279,13.777020931243896,2.045722822547554,0.460649119128948,2.2122982544967527,0.4870874497954582,0.5801389111340614,-0.7227757945769979
280,13.842416048049927,2.1360403600031264,0.3557582636088237,2.127614195402591,0.4901336922630728,0.5783744362268589,-0.7192327250627567
281,13.908674001693726,2.29233954956971,0.12460099782843953,1.9247052689819375,0.49317582185476927,0.5766306200000241,-0.7166001903252134
282,13.979475975036621,2.3986667058145588,-0.14765799023688259,1.7448019526641794,0.49635946907835593,0.5748303442703815,-0.7151194727591291
283,14.042273998260498,2.409671133745205,-0.20570585082349205,1.7089886741531448,0.49918776778663076,0.573224506411076,-0.7134470075945595
284,14.108680963516235,2.421981608710445,-0.27096518841424616,1.6676940642397913,0.5021673729601909,0.5715562649134829,-0.7120246132563482
285,14.176177024841309,2.436342585344125,-0.3355472274942961,1.6235557418466238,0.5052097678012438,0.5699218951553866,-0.7110296562730943
286,14.242281913757324,2.437698190828672,-0.30868392429145264,1.643182717407846,0.5082424624880216,0.5682805684989551,-0.7094384175217722
287,14.308816909790039,2.4708880507804927,-0.37310709939015796,1.5709972792462068,0.5112934815221901,0.566633507141904,-0.7080423884783529
288,14.375690937042236,2.497554255873362,-0.4334789596596564,1.4995006947362173,0.514286060194829,0.5650258305467114,-0.7070213325164163
289,14.442332983016968,2.526123164293742,-0.5583233453862929,1.388891780884057,0.5173100439790254,0.5633955490549283,-0.7054183758562973
290,14.50869607925415,2.581035916471773,-0.5305293962579594,1.383135453583995,0.5203401926567189,0.5617752461656235,-0.7038535023997671
291,14.575320959091187,2.641241274023268,-0.48927015392601275,1.3857332069855677,0.5233888332933753,0.560191908133294,-0.7027538831856733
292,14.642293930053711,2.6856057041554564,-0.4864518463505816,1.3509757701224536,0.5265035085365299,0.5585850637606963,-0.7011570517960619
293,14.708679914474487,2.716847507128652,-0.5188507215855058,1.2953922500726642,0.5296167201183198,0.5570061007904046,-0.6995889825462234
294,14.782074928283691,2.797467450771812,-0.5174922650249779,1.3020292823396347,0.5330278046039395,0.5552784945627468,-0.6985649971070877
295,14.842303037643433,2.8655259987023682,-0.42320048852533554,1.351738966898521,0.5358879552348724,0.5538007112339686,-0.6969740246718741
296,14.909451961517334,2.9021432020424505,-0.49861275894269935,1.2656288022115902,0.5388560433435455,0.5522545152751684,-0.6954991660601886
297,14.976102113723755,2.9366056600945214,-0.5695300699308803,1.2111231255230797,0.5417252640812177,0.5507719041970305,-0.6944868985298495
298,15.042148113250732,2.9169679348787736,-0.7669776297561917,1.0594375873823345,0.5447965813287489,0.5492567862304826,-0.6928898008241289
299,15.109864950180054,2.908412890238039,-0.9383511020785857,0.9442436159932414,0.5479527478049185,0.5477040721416411,-0.6913715326866746
300,15.178611040115356,2.8902793585746798,-1.0948181081499084,0.8382565854437901,0.5511435257009468,0.5461467151816584,-0.6903270409071456
301,15.242146968841553,2.979428225288992,-1.1976768096096584,0.796091421195341,0.5541324677588603,0.5446959131801137,-0.6887214210859368
302,15.309863090515137,2.9308094877189843,-1.2563316756192566,0.7172190058913734,0.5572997385706879,0.5431567898318902,-0.687220463495568
303,15.375617027282715,2.9524282375780726,-1.246374705957366,0.7601340176373963,0.5603280259523453,0.5416508946287052,-0.6861674496005506
304,15.442264080047607,2.8230857497463315,-1.3874876112640786,0.6435154075741127,0.5634554812016143,0.5401459238330506,-0.6845618297793419
305,15.51004695892334,2.6633298487702044,-1.5328098810597424,0.4857245742662537,0.5666568390126656,0.5386609000158692,-0.6829532804809343
306,15.576787948608398,2.477792407567893,-1.6436087033416287,0.3247265267696261,0.5697566291339047,0.5371966540402764,-0.6819263655645996
307,15.64212703704834,2.279499696832453,-1.742304067496725,0.17431341434363234,0.5728202421125277,0.5357393558119949,-0.6803292678588789
308,15.709848880767822,2.140843122905417,-1.7504220363261995,0.08418330860953971,0.5759657235359364,0.534265382929218,-0.678819521836913
309,15.776192903518677,1.9555829977875858,-1.7765573725762864,-0.04180554414859855,0.5790546915188456,0.532842971059238,-0.6777635784646966
310,15.842122077941895,2.052996311571488,-1.7414795550884827,0.04432021878411932,0.5821824640398588,0.5313994767481749,-0.6761201417560085
311,15.909971952438354,2.1387419696737795,-1.6878835287190996,0.12770409673870903,0.5853901634186346,0.5299141585440976,-0.6743632543848839
312,15.97628402709961,2.0729863729716325,-1.6699486184011239,0.08560918161846097,0.5884884252233753,0.5285054905541327,-0.6731472550311537
313,16.042239904403687,2.099352093023743,-1.6488852017662567,0.1136932281066712,0.5916785660827927,0.527045248474453,-0.6700755650298559
314,16.110174894332886,2.033214336400082,-1.6607396318584176,0.07061378060828843,0.5950088816539377,0.5255242059796302,-0.6662126498686961
315,16.176659107208252,2.003263493467537,-1.6709257725511135,0.05386925686009905,0.5982277136620591,0.5240732944613861,-0.6631058061410098
316,16.242120027542114,2.066632485256721,-1.6676164195098464,0.0936202935254433,0.6015645345539672,0.5224812282496216,-0.6578436661431222
317,16.30977702140808,2.344551813366027,-1.6143054912239536,0.28780275017095974,0.604996847870381,0.5208781949214237,-0.6529015049502073
318,16.378228902816772,2.4206188266250472,-1.575806823842541,0.3410747572367428,0.608391396543982,0.5193570153289407,-0.6494487165969199
319,16.44211196899414,2.423374531545874,-1.5460415081743701,0.3290705457078855,0.611725418904673,0.5178714125381999,-0.644206816623317
320,16.509972095489502,2.425203029110003,-1.5521495853398977,0.329865495812711,0.6151774215861893,0.5163535604458043,-0.6393024723178815
321,16.576000928878784,2.4153192328364783,-1.546968177458731,0.3206397853610543,0.6180647413465916,0.5150713818674121,-0.6361696627695668
322,16.64226508140564,2.608215618210494,-1.4686246220968227,0.514934466477786,0.6212981020150374,0.5136133004752276,-0.6308783611577429
323,16.709808111190796,2.8099737671215994,-1.3086452704809712,0.7397242738435774,0.6251969203337479,0.5119186487708148,-0.625642320138538
324,16.775641918182373,2.983876761073384,-1.1081294529071104,0.962835511657111,0.6286301969873627,0.5104404980271933,-0.622026679484592
325,16.842008113861084,3.041407790721769,-0.9894184781427151,1.0781331718545628,0.632109468134504,0.5089198421969887,-0.6167557510551068
326,16.90978503227234,3.0527010464545725,-0.9685811807427775,1.1154549018861455,0.63546188355445,0.5074947769327303,-0.6115633858777797
327,16.97619104385376,3.074509759465805,-0.9535257006512883,1.1536860486703227,0.6387217982071342,0.506147081148285,-0.6083345693721677
328,17.042280912399292,3.0050812727124194,-1.0732204751820364,1.0770876468492947,0.6421209279916011,0.5047208103719579,-0.6038781687620831
329,17.109292030334473,2.9419008977008794,-1.1382491344179744,1.0542260053862529,0.6454978264942374,0.5033170756477325,-0.6000180499200679
330,17.175780057907104,2.8792241930556965,-1.1850086825416701,1.0399564333164832,0.6487680208884892,0.5019822165255728,-0.5974931068905639
331,17.24203896522522,2.8381318610041077,-1.2251656175969357,1.0354617116962437,0.6521350310738836,0.5005855634611334,-0.593676663890426
332,17.309191942214966,2.775333181129314,-1.2731540581685254,1.0010577579889597,0.6554630297036745,0.4992282663355421,-0.5898543619358896
333,17.37598204612732,2.7988477074098195,-1.3065721223827067,1.0035618629331828,0.6586243139922215,0.4979789375522973,-0.5875999960731373
334,17.442051887512207,2.8196172062749922,-1.435845490499826,0.9337631541164019,0.6620054949752288,0.4966423546097626,-0.583771968322258
335,17.509164094924927,2.838371307120667,-1.5570380081912205,0.8686277694944669,0.6654395923364779,0.49528642822901925,-0.579900131571446
336,17.576239109039307,2.853436737934479,-1.6241269556308304,0.8508637690551385,0.6687841279657408,0.4939897159540223,-0.5773345753353178
337,17.642182111740112,2.8815172089811267,-1.6678323528468275,0.8456099517383422,0.672223105787339,0.49265033349454757,-0.5734948296756421
338,17.70930504798889,2.9033526800887213,-1.7237331841307564,0.8566244606413711,0.6757223743353356,0.49129721824466344,-0.5697307177909239
339,17.77597999572754,2.907724693633495,-1.7874231897865425,0.8441639576881665,0.6789405871046149,0.49007241187988165,-0.5672232184665598
340,17.842041015625,2.8837529576015415,-1.8174313805579474,0.7983708392275322,0.682232108812346,0.4888243805505098,-0.5634796129222356
341,17.909168004989624,2.8302628220194834,-1.8730929436649868,0.7219902665046002,0.6855926779424085,0.48758636841240066,-0.5597678321529377
342,17.978646993637085,2.7724843244510486,-1.9282003181427259,0.6426542018067469,0.6889873674134772,0.48633173523496137,-0.5574989520622442
343,18.04207706451416,2.6176853489936556,-2.016366735016355,0.5034369325805077,0.6922161249262355,0.48510574909672544,-0.5537493544054674
344,18.109407901763916,2.5001506890680574,-2.052991556058875,0.4177061380786796,0.6956495282312097,0.48383184668381335,-0.5504070872374176
345,18.17619490623474,2.4581887594850818,-2.0587640137374654,0.38875237325925666,0.6990328550165382,0.48260872652737064,-0.5481061160555895
346,18.242181062698364,2.3010119812801,-2.1248056581060752,0.26894326046724776,0.7025190396757948,0.4813365513176354,-0.5443653068304098
347,18.309279918670654,2.0384299849785217,-2.1712925352968533,0.0977877645045665,0.7058286158640399,0.48016095805301273,-0.5408804273859866
348,18.375607013702393,1.7078328733437933,-2.1372805854925576,-0.14208160794114055,0.7090414078041369,0.47904198581518265,-0.5384136744263003
349,18.44204592704773,1.7189814604216407,-2.139663983953039,-0.13436323904270053,0.7124770627782369,0.47782650011611283,-0.5347223999973963
350,18.509138107299805,1.7258222605411913,-2.1500790421491525,-0.1290489076487655,0.7159256392916189,0.47660877336436924,-0.5310570913891203
351,18.575963020324707,1.7164561209318554,-2.1495264284481532,-0.13551692574168522,0.7192657528282317,0.47544988009170996,-0.5286079152926288
352,18.64189600944519,1.733403840010608,-2.1501885538181664,-0.1240475659512048,0.7226804476397557,0.4742512077007785,-0.5248728318637927
353,18.709122896194458,1.7321358927250536,-2.1505510398204604,-0.12295656639788324,0.7261195488329512,0.47307174122660217,-0.5213792971458265
354,18.77613091468811,1.7476186062611894,-2.1508015578760533,-0.11638808028307454,0.7294257898673984,0.472002244353769,-0.5189417058000774
355,18.842209100723267,1.7777195832424433,-2.1563608173002686,-0.0959553151810076,0.7328382779278453,0.47085278070312886,-0.5152124813256393
356,18.909148931503296,1.8142034471616044,-2.145372607350416,-0.06567606380548127,0.7363103758497236,0.4696776286040948,-0.5116462423099141
357,18.9763240814209,2.0163200108636246,-2.091137436449421,0.07719939753849753,0.7397078730213839,0.468583721388209,-0.5093045247634075
358,19.04189705848694,2.2071312782640615,-2.022375086692844,0.22134653483118594,0.7430934635875572,0.46745582914669426,-0.5055666450154267
359,19.10913395881653,2.384415580591299,-1.9624060716610654,0.3531245392810432,0.7464166927384238,0.46634745543048867,-0.5030883073049992
360,19.175698041915894,2.4786488770329447,-1.9112408533680345,0.42810542862808415,0.7498600209283864,0.46523267672513663,-0.49948997719813854
361,19.24191188812256,2.555445779961694,-1.8510141591302636,0.49344301971894095,0.7533173545996068,0.4641295066714109,-0.49573172426781853
362,19.309120893478394,2.5014316113991164,-1.8491862954779332,0.46631757828366066,0.7566888492007088,0.4630841408307241,-0.49320092228391665
363,19.376347064971924,2.435833175253656,-1.858252741837602,0.42057649332222874,0.7602146628366877,0.46198205153420074,-0.4895124441741564
364,19.44207000732422,2.532084751315235,-1.8467173870597406,0.48693793394077983,0.7637480095980137,0.460885969797837,-0.48574846544749295
365,19.50919198989868,2.654752195797894,-1.8578863444775588,0.551585222594978,0.7671325260348832,0.4598438248695385,-0.48336307205910906
366,19.575929880142212,2.8371964186253082,-1.7822353822399153,0.6666218711093509,0.7705586934663885,0.4587663629089047,-0.47955834696776745
367,19.6418879032135,2.819995171068154,-1.822969925498329,0.6227134899585662,0.7738766875392737,0.45773343320062826,-0.47583498144772796
368,19.70913600921631,2.9401733851801852,-1.7604413422986935,0.7046385740730108,0.7772828132668296,0.4567201242946299,-0.4733419963513046
369,19.776726961135864,3.079749680466021,-1.7004869678342276,0.8008395039014298,0.7808883304222787,0.4556530119409934,-0.46971170831136294
370,19.841885089874268,3.196842335799844,-1.6064187021972383,0.8667792567486475,0.7843304468087557,0.4546306525281767,-0.4659534553810433
371,19.909271955490112,3.3195214262516863,-1.467208174872151,0.9573205451109505,0.7877767350141393,0.4536284237466,-0.46346925871621697
372,19.978638887405396,3.30197368870882,-1.5139913050985827,0.9398163103405688,0.7913805296864076,0.4525643631986391,-0.4598360411990766
373,20.04203701019287,3.3526941727276087,-1.3944137220657142,1.0225356725722567,0.7946525275308013,0.45159977247381766,-0.45606327404081604
374,20.109143018722534,3.396233578402494,-1.357251816204851,1.0472854304763939,0.7979599142795262,0.45065402342277006,-0.4537885349957241
375,20.176148891448975,3.432218813073289,-1.3519869970576632,1.0563654205676594,0.8014763317760472,0.44967788521864965,-0.4503967330313996
376,20.241869926452637,3.432198768308446,-1.4002678184522526,1.0119687398450337,0.8049340687966875,0.44872137892991204,-0.4468334234928737
377,20.309119939804077,3.388847021861321,-1.48269262229381,0.9318360445333264,0.8083591830583993,0.44780378307690594,-0.44446560696768456
378,20.37562608718872,3.413525319500171,-1.4482506079627784,0.9598215537769661,0.8118495027243658,0.4468416408922914,-0.4410040301827992
379,20.44187593460083,3.4532873480692943,-1.3723129660119981,1.0160193601109044,0.8153288256927331,0.4458783840289138,-0.4375802702853935
380,20.509268045425415,3.4637248232851774,-1.3603717635026609,1.0237611242804867,0.8186971484367668,0.4449472886652017,-0.43528808753516246
381,20.57574701309204,3.46888978450429,-1.3501805072283914,1.027839176441087,0.8221423299282743,0.4440153433802838,-0.4319166587531764
382,20.64188003540039,3.4643655357543826,-1.3529763571323552,1.0261299636586485,0.8256250070144644,0.4431228481851684,-0.4285859763358689
383,20.70913004875183,3.47626065083822,-1.329028084342488,1.0440985566269885,0.8290866338980953,0.4422332473638738,-0.4263286809959178
384,20.775624990463257,3.4734972975081875,-1.3424424541490658,1.0310366412301109,0.8325961648529105,0.4413123930125871,-0.42298921014701296
385,20.841869115829468,3.4890945008941308,-1.3169582675248848,1.0528580106792027,0.8361212401629432,0.44040045605067357,-0.4196120555686831
386,20.909113883972168,3.467929452981411,-1.3474519656346344,1.027361217795744,0.839504169698759,0.439541943513158,-0.4174419787544326
387,20.975516080856323,3.470715195882074,-1.3332474249821735,1.0348577746443801,0.8428271303094799,0.4386818855538264,-0.4141230142459211
388,21.042021989822388,3.4641653571470363,-1.3433086350472412,1.0284728852995115,0.8462874447029173,0.43781828771049786,-0.4107807470778713
389,21.109262943267822,3.428478674745414,-1.314345131526047,1.0080423512159273,0.8497235941547469,0.43698844363732153,-0.40865434610549783
390,21.17607092857361,3.3368685870435963,-1.4078833842814427,0.9008498507420198,0.8532673042920931,0.43613157504074873,-0.4052043540713547
391,21.24186611175537,3.2094998308467737,-1.5344363503039142,0.7791047683516521,0.8567544642109848,0.4352894191619603,-0.40184464319816543
392,21.30911087989807,3.05154991352287,-1.6582658641436978,0.647488615067233,0.8602318514065647,0.4344658726376451,-0.39957562994941737
393,21.375881910324097,2.955450476100494,-1.712492026903827,0.5691627314266451,0.8636700983002537,0.4336392172876897,-0.39639914455922576
394,21.441869020462036,2.839159833405118,-1.74181999311707,0.5051497433933141,0.8671037169846654,0.432820969125729,-0.3930598068683755
395,21.50912094116211,3.0171759606379442,-1.554413375360837,0.6897465442210002,0.8705726208996817,0.43203495307966766,-0.3909420611695445
396,21.575736045837402,2.9105588312672768,-1.535975274242935,0.6391247591956988,0.8741004616448876,0.43123669255943353,-0.38770458939038976
397,21.642786026000977,2.7942029860082487,-1.5814065521138287,0.5412561977118201,0.8776647212609855,0.43043771951730947,-0.38432730165400564
398,21.70923900604248,2.653339619905819,-1.6154772254116667,0.4385308656553534,0.8812286441174745,0.4296271200173545,-0.3809472175984768
399,21.775938987731934,2.534047980957697,-1.6133798688136205,0.3676024409988491,0.8846400067335219,0.4288707195854981,-0.37872773914600494
400,21.842214107513428,2.3986702648896707,-1.6126472249449189,0.28570517269383444,0.8879875303800175,0.42812044593568527,-0.3753563103640191
401,21.909176111221313,2.299838592997062,-1.6091508612996526,0.2256426057843378,0.8914368819722385,0.4273668286497459,-0.3731078034556649
402,21.975581884384155,2.14702589786985,-1.614606446447536,0.11733976400732093,0.8949930797415884,0.4265828537615116,-0.36979163526629866
403,22.04185199737549,2.0423040886231574,-1.5733365877742702,0.04270428085244206,0.8985285444976128,0.42586164185913145,-0.36642020648431267
404,22.109230041503906,1.9874246108178577,-1.5214685295537174,6.917484623178427e-05,0.9020374217667916,0.425151483503617,-0.36414253796202206
405,22.175792932510376,1.8878720610482191,-1.4625905355575666,-0.08567016287126243,0.905583142237049,0.4244076349317765,-0.3608584608637914
406,22.24201488494873,1.8609915210074959,-1.398952239378452,-0.126724293658865,0.9090428876904166,0.42369072675977537,-0.35753363740088173
407,22.309273958206177,1.8517900079905234,-1.3482917164268229,-0.15329859998944625,0.9124702392444619,0.4229995402720174,-0.35528499733447383
408,22.376161098480225,1.888346947582129,-1.3444991440871161,-0.1488338211624527,0.9160371953124843,0.4222766725321563,-0.35195151859802115
409,22.44185709953308,1.8471540799977713,-1.3409854113413457,-0.1807325818559481,0.9195510115512198,0.42158031841688753,-0.34857423086163714
410,22.50910711288452,1.8275555656483333,-1.3358793949981567,-0.1945976909683096,0.9230533380101967,0.4209175089819385,-0.3463925692966443
411,22.578310012817383,1.7370918893333727,-1.319322981644817,-0.2776980979314894,0.9266496021305556,0.4202265601174912,-0.34320449915571055
412,22.6418399810791,1.8879763979732025,-1.3414721889572374,-0.17741242825310044,0.9300275675671644,0.4195785776740386,-0.3398272114193267
413,22.70926308631897,1.7894476041345826,-1.3221220742340527,-0.24837754632149003,0.9336549288407937,0.41892072461811447,-0.33778816213070756
414,22.77607488632202,1.78108207948216,-1.3136754080912554,-0.252607308470416,0.9371495134999084,0.4182559312438162,-0.33441380387152236
415,22.841989040374756,1.7011460617370364,-1.2826002591929273,-0.2962503902282297,0.9404689733781856,0.417615942329305,-0.33112093834169404
416,22.909106016159058,1.750041245446514,-1.2691078236421336,-0.2622014954969475,0.9439542186396804,0.4169991884800506,-0.32906151587073595
417,22.97649097442627,1.7566914064063037,-1.2505842628876291,-0.2556912121115806,0.9475682700727657,0.41635477742417004,-0.3256493407240718
418,23.041845083236694,1.7238556736689201,-1.243345339226607,-0.27740633220371685,0.9510790175882301,0.4157482978582744,-0.32232744673836145
419,23.109097003936768,1.6583453308444494,-1.2025189393476932,-0.3284527470570312,0.9545253698313413,0.41517564636174514,-0.3202737500637468
420,23.181641101837158,1.6273070066118258,-1.1765367181408102,-0.35899259965420094,0.95830958758594,0.4145338677420068,-0.31694306764643954
421,23.241928100585938,1.606967274463281,-1.1616061421802042,-0.38178386829660416,0.961570168439,0.4139611989504491,-0.3136008004783895
422,23.310187101364136,1.5038344823195,-1.124792675203812,-0.4588577321771391,0.9651281908817768,0.41336559191609445,-0.3115557590773179
423,23.377031087875366,1.4384472117748068,-1.0932262212332702,-0.5102498834324998,0.9687016474208239,0.412766331882199,-0.30839099159592215
424,23.441860914230347,1.3827107795600473,-1.0713634167193853,-0.5272336200754114,0.9722192666872242,0.412207386536641,-0.3050311475646783
425,23.50908088684082,1.3471144348650823,-1.0426989139794107,-0.5386470595025897,0.9757612355294797,0.41166930976799754,-0.3027884996107219
426,23.581712007522583,1.1919152230148238,-0.8701306123052717,-0.7075025394608792,0.9795154279818515,0.41108679326349895,-0.29944609928461857
427,23.641858100891113,0.9393623253013641,-0.5862724357765503,-0.997363442729666,0.9827119901979376,0.41058974494176764,-0.29610383211656904
428,23.709086894989014,0.7463404379875189,-0.2267130131138908,-1.327813903334281,0.9861829035740376,0.41007728582847147,-0.29424507883374806
429,23.77974009513855,0.703631293496803,0.2645211901692413,-1.7383118196874956,0.9896879162447282,0.4095270088002046,-0.29077471361726576
430,23.84198808670044,0.8003281987333484,0.6161579529316766,-2.0572647290259254,0.9927552600305453,0.4090405110977587,-0.28744696067715736
431,23.909276962280273,1.003347935797657,0.9261143283865272,-2.388240255551642,0.996667966305104,0.40852533095219457,-0.28557955212079367
432,23.976979970932007,1.2907434669869322,1.158229893887216,-2.7173076878666764,1.0004386054750165,0.40800894956317907,-0.2823652498431227
433,24.04183292388916,1.5470344970156886,1.2800864829684802,-2.965207986600694,1.0038561816129525,0.4075327065019735,-0.27902577899421827
434,24.10926103591919,1.6998752804107888,1.298915837350406,-3.1088164592163556,1.0073752633793664,0.4070542551644517,-0.27706515979970153
435,24.17624306678772,1.7005597942339228,1.306192563482001,-3.1489137697263,1.0109807088332927,0.40654999984169343,-0.2737054489265121
436,24.24182891845703,1.7201282705834497,1.3060104978300524,-3.185739648107745,1.0144972357630735,0.40606349138988834,-0.2703282943481828
437,24.30910897254944,1.6344390384586345,1.3128273555635714,-3.139326016607297,1.0180307804294728,0.4056147557516683,-0.26807965428177427
438,24.376410007476807,1.662227637171768,1.3158542601623742,-3.1578031026283844,1.0216596698459466,0.40515804500628283,-0.2647722745240047
439,24.44196105003357,1.734720145835586,1.275372863129719,-3.217371267584843,1.025089439192407,0.40473695913252816,-0.261418289447159
440,24.50923204421997,1.8715525698895397,1.220857238530038,-3.3139997972977486,1.0285398745213972,0.40432947622869536,-0.25929188847478557
441,24.576798915863037,1.9769037242655518,1.165420659192418,-3.4044924485331305,1.0321468105246794,0.40389288357182085,-0.2561067478110504
442,24.64183211326599,2.082979104714007,1.1176288263157554,-3.494041699021827,1.0357453967770753,0.4034563580270243,-0.2527817911900867
443,24.709091901779175,2.177006695545851,1.1153851405323074,-3.573455697377793,1.0393784976869103,0.40303534615978825,-0.2508503336095067
444,24.776241064071655,2.0088269806106123,1.1636281396871997,-3.4483272729665937,1.0429514928764212,0.40263730037165835,-0.24747610850837629
445,24.841815948486328,1.7852443109762879,1.2000759597957604,-3.288543227689482,1.0464082515314173,0.40225817559484434,-0.2441191939543317
446,24.90907096862793,1.673919484686452,1.2200672320577133,-3.2117122122216464,1.0498125646297147,0.4019059208268697,-0.24185031386363812
447,24.977864980697632,1.583686347299661,1.2292377410643274,-3.150412489936759,1.0534492996277638,0.40152361579495555,-0.23850511721838977
448,25.04215908050537,1.629336352498205,1.2385834146996606,-3.1823147487947914,1.056894050421354,0.40116170634861675,-0.23519760430256567
449,25.109101057052612,1.6222052590114906,1.2360012329685366,-3.175178751741338,1.0604271080705296,0.4008094764032888,-0.23342034374910153
450,25.176527976989746,1.5415475945029016,1.2381135029579893,-3.1173832287909296,1.0641330863185854,0.4004346379345756,-0.22996169644141565
451,25.24181604385376,1.66381151239815,1.2424369923216927,-3.2037471574901826,1.0677345960836513,0.4000827409545549,-0.2266368729785061
452,25.309065103530884,1.9098358012936962,1.2349280158544886,-3.387449857607284,1.0712910906720037,0.3997736013740214,-0.2245308451884714
453,25.376386880874634,2.115966949198835,1.2068232662984797,-3.5346793898657336,1.0749054233226456,0.3994522403371538,-0.2211680716800286
454,25.44182801246643,2.3304001588657575,1.136791699004691,-3.679706088561881,1.078306574872572,0.39915738858156885,-0.21790143828693717
455,25.50906205177307,2.535567209285886,1.0212446707164,-3.828143895831956,1.0817585866953714,0.3988662439145988,-0.2157517346550252
456,25.5781409740448,2.581444249847006,1.0265757160131836,-3.8763719639859953,1.0854376622217021,0.39854000089708186,-0.2123629953259538
457,25.641977071762085,2.6398168631502488,0.9655215136012468,-3.968336018351777,1.0889112886102637,0.398241283237802,-0.20903803870499016
458,25.709084033966064,2.716391274287428,0.9326648766599183,-4.087888648343293,1.092459667079177,0.39796877204731806,-0.20699605993917164
459,25.777085065841675,2.8601391374487912,0.7818531419281185,-4.319537853574164,1.0961778668106075,0.39770885400080197,-0.20367696227260632
460,25.841814041137695,2.889912822377267,0.8266268844157287,-4.363681275503984,1.099697199142997,0.3974533573090931,-0.20001471629958364
461,25.909066915512085,2.933480541766699,0.7887689208626578,-4.435070170659978,1.1032239642115529,0.397208586182212,-0.19746367429139627
462,25.976521968841553,2.987767085591776,0.79551560553321,-4.445614950134209,1.1068407696206486,0.3969469904285645,-0.19353378062882162
463,26.041824102401733,3.004804670760396,0.7457344619134563,-4.4820324207479265,1.1104124680783114,0.39668915622760786,-0.18956021112436883
464,26.109225034713745,2.979046918395104,0.6109605008410899,-4.566183988685681,1.1140770837633933,0.3964411412269236,-0.186939261137567
465,26.176898956298828,2.9496746856366207,0.5160744655717469,-4.6272841788064865,1.117660793070043,0.39622608611824595,-0.18318686716164556
466,26.241806030273438,2.8997706643020997,0.2864222578866257,-4.817049608253455,1.121088355388463,0.3960315107165865,-0.17925111454467182
467,26.3090660572052,2.8361907938190574,0.3145573408239772,-4.776373970671258,1.1247058365101392,0.39585126080419974,-0.17678143210778685
468,26.376171112060547,2.782261043237258,0.33303352560089644,-4.740850514152355,1.1284301893809607,0.3956483696155019,-0.1726945450989512
469,26.441828966140747,2.7281539213356356,0.338088072593781,-4.716986694862247,1.1320733013750708,0.3954476235507033,-0.1685115179747636
470,26.509066104888916,2.6525077436744167,0.277022174869817,-4.714302164368843,1.13568211281049,0.39526324178994243,-0.16575394782404135
471,26.577183961868286,2.595801635441074,0.32594695973441384,-4.672063890831013,1.1394383084482158,0.39506766559804457,-0.16146625846901344
472,26.641977071762085,2.530369402689515,0.41676704947167287,-4.579751781472238,1.1429588534346733,0.394917354299041,-0.15718429491032965
473,26.709217071533203,2.4454390643925636,0.5463570937413251,-4.451013563843255,1.1465386662366799,0.3947868458186023,-0.15428704196043258
474,26.77748203277588,2.367750207091608,0.561746519193714,-4.4187404215774135,1.1503256390393415,0.3946426234451905,-0.14997618310392122
475,26.841798067092896,2.2938428364406063,0.5976227870572476,-4.396012855874526,1.153903212321744,0.39450630006625326,-0.14546731822036266
476,26.90904998779297,2.2074545571016477,0.6446227146210393,-4.361371404825715,1.1574999461415498,0.394387954228492,-0.142823198732077
477,26.977652072906494,2.0665587101594625,0.7780866445056852,-4.249612450469609,1.161438108980235,0.39423560554268416,-0.13763669250914834
478,27.041795015335083,1.9577984774070696,0.8568141870275567,-4.172326690970839,1.1650225841829842,0.3941162868805196,-0.13214179223198755
479,27.109061002731323,1.8365959702977195,0.929296372299878,-4.085827499882669,1.1685351928374401,0.3940306941385827,-0.12833693398259147
480,27.176809072494507,1.7442569384584767,0.9650237592251026,-4.031966325369371,1.1723835283916995,0.3939425004464945,-0.1225598717879369
481,27.241955041885376,1.7033049925809554,1.0505923391954455,-3.9617729469279412,1.176129349307583,0.3938588616956665,-0.11684685861749895
482,27.30921196937561,1.652575287137496,1.1381534192788805,-3.888186932626122,1.179885042197913,0.39379456839620264,-0.1131060493923192
483,27.375696897506714,1.662913793730444,1.1228323299778855,-3.900644229740696,1.1836426257624268,0.3937157473919398,-0.10751514215786107
484,27.441790103912354,1.6607308850225604,1.1252381704704602,-3.901386867667097,1.1873425033863256,0.39363922965580606,-0.10185738958004205
485,27.509057998657227,1.6591288709845067,1.1288619862580078,-3.8988122178138322,1.1909799173152666,0.39358155911919723,-0.09807290451298568
486,27.575419902801514,1.7817183853568281,1.0344306994328478,-4.00673856572432,1.1947493210665499,0.3935106857141978,-0.09240063770722567
487,27.641829013824463,1.9294944355006578,0.7967748206980158,-4.19998484565463,1.1985429011389237,0.39344286800453077,-0.08689987847566728
488,27.709078073501587,2.02792953712719,0.6087667826890206,-4.318314378187548,1.2022081007239136,0.39339041453996326,-0.08322604775190291
489,27.776052951812744,2.0835125166502757,0.40192998141427616,-4.435425142066437,1.2060164771697957,0.3933274508989106,-0.07767295740492383
490,27.84193992614746,2.102026300912639,0.18874714015962943,-4.557914961499615,1.2098527377209018,0.3932663553421728,-0.0720646064653263
491,27.90906310081482,2.078225843392118,0.13322322396955769,-4.563769371286414,1.2135020595777717,0.39321960439353215,-0.06844017737978282
492,27.976135969161987,2.087997260289319,0.06107741869285799,-4.584449928330432,1.2171878952786,0.39316701549947347,-0.06317510790469616
493,28.04179811477661,2.035858469686698,0.09918718869203834,-4.523641896754342,1.220836218785625,0.3931660435631431,-0.058488876492538124
494,28.109049081802368,1.947441844561671,0.2270320525916873,-4.397210098852524,1.224455923476817,0.39318285147162957,-0.05553636295002148
495,28.17612600326538,1.9066737929805588,0.3492821056474048,-4.263435856840968,1.2282629850432571,0.39319563052705353,-0.05107130706639487
496,28.241792917251587,1.8143311143686232,0.5137021291765735,-4.084152736927806,1.2318606216320072,0.3932085525918003,-0.04680385773565231
497,28.309197902679443,1.809307454841567,0.5293789920567735,-4.00942886043841,1.2353102064216839,0.39322876103044696,-0.0443022173656862
498,28.4419949054718,1.7928292013044107,0.5589434249777867,-3.860810999087123,1.2423781138938335,0.3932795388414127,-0.03940080253744975
499,28.509082078933716,1.6221944893028444,0.6368473790511279,-3.643675938164333,1.2457410027182312,0.39333890694329704,-0.03890625352302231
500,28.57750105857849,1.393603434834875,0.7082196125244521,-3.4376141499373274,1.24922651823048,0.39341677492170657,-0.03796376081324263
501,28.641798973083496,1.2375798521297272,0.7412036356365193,-3.284485105126036,1.2525086249138726,0.3934989651769575,-0.037117275060761123
502,28.709045886993408,1.1878973521124871,0.7059415414458657,-3.2203561823523748,1.2559993151494637,0.3935876560772966,-0.03665481713746909
503,28.777756929397583,1.2575129212583782,0.698791495478844,-3.2179903225718753,1.2595710086564094,0.39367700102129677,-0.03581991613572938
504,28.841784954071045,1.3538242199984671,0.6925873707637792,-3.269205207960992,1.2628736443840163,0.3937595915564074,-0.034915373471483796
505,28.909203052520752,1.3781720341945296,0.6841981611198695,-3.2618810388452237,1.2662051760272837,0.39384452344794996,-0.03438886652397531
506,28.97636389732361,1.414764227019152,0.6994337023784911,-3.2514604455973997,1.269556945519014,0.39393161787607583,-0.033123465532024145
507,29.041922092437744,1.4293725978063303,0.7200073487490484,-3.2344602285020767,1.272976345510307,0.3940692500806108,-0.031706796990156216
508,29.109023094177246,1.4409709721350905,0.7390840553739862,-3.2260819464447037,1.276422865305459,0.3942128180196858,-0.030746860575237265
509,29.17609691619873,1.5563768102871507,0.7275813705853894,-3.2978896082505242,1.2799076332332986,0.39435636508525423,-0.02908584700335535
510,29.241987943649292,1.6736489826077534,0.6885648092442275,-3.375139963103562,1.2833644264113728,0.39449368589110156,-0.026732677864160923
511,29.309048891067505,1.6664158004073806,0.6651290908945972,-3.3882084858130472,1.286852896299863,0.39463436151416814,-0.024757544441703683
512,29.376328945159912,1.755329415447661,0.6570672362158178,-3.460344281079056,1.2905340699136487,0.394774014763212,-0.02118251699438162
513,29.441776990890503,1.7572062676428875,0.675704809023098,-3.4687009924604704,1.2942018996522633,0.3949245224783427,-0.016420651807264996
514,29.509201049804688,1.6728432548999517,0.69105192231013,-3.4085764877820806,1.2978477999913371,0.39509695298235914,-0.012967730295922979
515,29.641802072525024,1.561223966457041,0.7080399943220873,-3.3313996248599356,1.3053085255346228,0.3954808176897139,-0.002367816525189173
516,29.70904302597046,1.630714728276225,0.6773452736532781,-3.397439444699402,1.3091126497805603,0.3956934834833219,0.0012711267882947906
517,29.776197910308838,1.693294203863759,0.6661911409817427,-3.44196935132404,1.312838506027409,0.3958975358857331,0.00655656944572072
518,29.841773986816406,1.7762908968781825,0.645799226777096,-3.500342875929453,1.3163633031622852,0.39609287180307085,0.011888617422222974
519,29.909044981002808,1.7568873190182015,0.6524884753540598,-3.4850773996039672,1.3200146076861268,0.39630165983314286,0.015271630954950322
520,29.980125904083252,1.8300327236249179,0.6235858980869146,-3.540050607648248,1.324021979680884,0.3965481050871592,0.020722855390233465
521,30.041917085647583,1.8326920408142056,0.6269194392300802,-3.545945460589366,1.3275302505971964,0.3967973862350596,0.02601122752485838
522,30.10924005508423,1.7717762412453446,0.6699014411834887,-3.4689725881026443,1.3311154997350456,0.39706410346651405,0.02910049438935026
523,30.175889015197754,1.697865965993719,0.7124743985819373,-3.412372822347028,1.3347771527950114,0.3973325905144972,0.03364411352513442
524,30.241774082183838,1.5906511861698074,0.7372846815009046,-3.3393881238165237,1.3384699807478608,0.3976037183444915,0.038333274414491504
525,30.309103965759277,1.6056339732961207,0.7398715643218937,-3.350941970170217,1.342095300757956,0.3978761552444897,0.04143998498412337
526,30.37620496749878,1.604213760624719,0.7447791217383856,-3.3543820659075947,1.3457933964757125,0.39815205910468376,0.04581782234205046
527,30.441772937774658,1.600635363252481,0.7431294917964056,-3.3555030815485027,1.3495111089339404,0.3984532562068473,0.050550525915230286
528,30.509376049041748,1.6269015145091112,0.7405373296913558,-3.351692744704394,1.3531629336764484,0.39876450657297235,0.053596116937844905
529,30.57597804069519,1.69211363550681,0.73704445352348,-3.354772970293389,1.3564921936503505,0.3990621533510034,0.05804386227438605
530,30.641927003860474,1.7723165619976364,0.7149786360250239,-3.3731328986416496,1.3599614611606574,0.3993759826385505,0.06252356554400813
531,30.709996938705444,1.8517355607243589,0.6917172395065616,-3.3897666726834985,1.363949594048529,0.39974836784445644,0.0654992485880085
532,30.775520086288452,1.952854029696221,0.6523599113356671,-3.429063934453401,1.3675862230344482,0.40009029867542006,0.06981609955697234
533,30.841763019561768,2.09097726509072,0.5898466442002235,-3.5271052123959175,1.371215830749197,0.40043274323538625,0.07424626803031902
534,30.90970206260681,2.1987573434843,0.5217459861678538,-3.612498816415265,1.3748336992083434,0.40077302611865373,0.07717268259415269
535,30.97551393508911,2.2354526185980403,0.4998131304408679,-3.6439238018647777,1.378492828408295,0.4011444643545702,0.08175704809461506
536,31.041768074035645,2.2806093578161772,0.47837705926470275,-3.679156856981103,1.3821716181010768,0.4015427542525914,0.08617563181722006
537,31.109950065612793,2.345382105564951,0.4433192018873262,-3.730563866042852,1.3858303015223967,0.40195423887750054,0.08915144801927476
538,31.178087949752808,2.3950420310640603,0.4086282625770311,-3.773062629379252,1.3895828458434527,0.40237384451823077,0.09368055292711792
539,31.241914987564087,2.3757424581229287,0.4181660854725341,-3.7628038130513497,1.3930525521419936,0.4027591473672492,0.09810792508131995
540,31.30975604057312,2.3896638558367407,0.4075299122475194,-3.7760580798987067,1.3966368683654582,0.403159960766661,0.10080144620782609
541,31.375804901123047,2.396341570025484,0.4088813452814144,-3.7819873795498986,1.400309016075674,0.4035698492439199,0.10528114947744847
542,31.44176197052002,2.4336043558139195,0.38385247170091147,-3.8124373823571847,1.4039505845896971,0.4040026938996522,0.10984234547642743
543,31.509648084640503,2.195252021730511,0.5273499036020377,-3.5986693804813266,1.4075502936764805,0.40444755397643195,0.1128501196115626
544,31.575999975204468,2.1123017687130607,0.5614247476946499,-3.534745874312779,1.411184645313803,0.40492316439704135,0.11752463311492421
545,31.641748905181885,2.0753005677263814,0.5767328218470363,-3.5095420617054156,1.4148537803512062,0.4053996318610374,0.12194028736033034
546,31.709812879562378,2.2436730191290106,0.492735509904486,-3.6507921290404455,1.4185262098352571,0.40587640934838576,0.12466017378162815
547,31.778687953948975,2.447638883031936,0.30017410101413855,-3.8469952565146204,1.4222510735799339,0.4063603876829027,0.12930858830630676
548,31.841909885406494,2.5070487828368173,0.26450307146482416,-3.9077577442649107,1.4257072637117074,0.4068095183628343,0.13387843957882847
549,31.909642934799194,2.5462798667500937,0.23581171011728252,-3.9569715000713632,1.429280255587415,0.4072722537323521,0.13693561535218468
550,31.97614288330078,2.5652207990437175,0.21223223294343435,-3.989446762015248,1.4329385101238579,0.40780554094140664,0.14129307952777245
551,32.04175591468811,2.559694408101548,0.21282885010218341,-4.002650819769631,1.4365729492028567,0.4083483077674276,0.14583390234441218
552,32.109874963760376,2.604442218897747,0.17625284281180745,-4.059022013673745,1.4401723243044378,0.4088716399270201,0.14871078211197025
553,32.1770920753479,2.578949468816792,0.2379378919110715,-4.035751857041436,1.443867305583315,0.4094202777944924,0.15314973901691414
554,32.24176597595215,2.553192738521128,0.291181007853731,-4.0137806579290025,1.4474152626408003,0.40995689812226743,0.15716112540884625
555,32.309808015823364,2.338815295066713,0.5193225810951314,-3.7645746485563163,1.450672333902442,0.4104424618836343,0.15954052668477728
556,32.378360986709595,2.035855879363507,0.6895250907078635,-3.487838728832834,1.4540358122836825,0.410946277102479,0.16328133590995733
557,32.44175910949707,1.736469798375166,0.7689969034557941,-3.2356991587536195,1.4578725217272555,0.41156157471566385,0.16710363786449328
558,32.50965690612793,1.5043018147829386,0.7736172618991815,-3.034838163056965,1.461580652932178,0.4121683822831044,0.16956746134698036
559,32.57603192329407,1.2311361780746946,0.7242076916520351,-2.8177437856754226,1.4651282925157094,0.4127598007689642,0.1733752490735754
560,32.6417510509491,1.153311685712926,0.6985906193751055,-2.737024150808477,1.4687143373680904,0.41335829882645236,0.17701712186425897
561,32.70899796485901,1.0677136191287782,0.703364257434954,-2.6328074247210442,1.4722247759942388,0.4139433577120358,0.17925990297626915
562,32.77548694610596,0.9468945584731775,0.591260456719135,-2.463602080647934,1.4757084874263386,0.4145260687029516,0.1829599658367706
563,32.841896057128906,0.7275527406562811,0.2861485700357706,-2.1318745554753455,1.4792631680048074,0.4151298338567179,0.1866106270590513
564,32.9091579914093,0.6595872047764283,-0.0019265490789429074,-1.8668983789994467,1.4828041934704181,0.4157358716930191,0.18906273263274162
565,32.97562289237976,0.631735266777246,-0.22249139844646185,-1.6269240821552953,1.486360260839909,0.41639329345680354,0.19269022435353872
566,33.041743993759155,0.6911344623413904,-0.4651645506182609,-1.394188309558778,1.48988809212117,0.4170466070797787,0.19631758291628124
567,33.10900592803955,0.7811875252170047,-0.6034223362023504,-1.2499273597853886,1.4933626559240587,0.41768959622423013,0.1988075053774507
568,33.17859888076782,0.8568415406155304,-0.7070311853912963,-1.136864997054055,1.49706571037161,0.4183770239594312,0.20245244080338765
569,33.24175691604614,0.9351078206433409,-0.7911336046718782,-1.0326687000713126,1.5004611708061626,0.41900791660382974,0.20608259568527446
570,33.30899405479431,0.9704977514573493,-0.8368926818137908,-0.9910318258754205,1.5039877192440985,0.4196511547135978,0.20848543277879866
571,33.37595295906067,1.004242541011578,-0.8837925564303756,-0.9353831940964855,1.5075637005160492,0.4203383749991336,0.21207790393126105
572,33.441893100738525,1.105262317654913,-0.9808968763544506,-0.8155550833183111,1.5110560728734261,0.42104708569844396,0.21569354458520718
573,33.50915002822876,1.1464534377595563,-1.039021160543357,-0.7568259007638893,1.5145898305986674,0.42176648043464604,0.218145783316952
574,33.582751989364624,1.2255457768267561,-1.1292534196732487,-0.6577097913995456,1.5185108955295026,0.4225674752878693,0.22183426142671175
575,33.6417191028595,1.245049317669832,-1.147426421479277,-0.6280121519372912,1.5216027285877085,0.4232005926518329,0.22540635939683532
576,33.70999097824097,1.2352460859814391,-1.17137818749043,-0.6039938890050154,1.5251012882759418,0.4239141417371283,0.22746591502584781
577,33.78644895553589,1.1369065148957664,-1.0848221049829105,-0.6806442485349495,1.5291951013710714,0.42475342908479474,0.23103508351877208
578,33.84174704551697,1.087684899402948,-1.04205130368517,-0.7065839705329165,1.532216867293471,0.42538353608280655,0.23470891424253648
579,33.908998012542725,1.0227689825351574,-0.9829079713626645,-0.7481430717558016,1.5357391991310596,0.42612746647906136,0.2370768639257803
580,33.975769996643066,0.8345826367209122,-0.7422136197456067,-0.9829234882422875,1.5393705889022278,0.42693792548571335,0.24066640560104363
581,34.04189491271973,0.6659161244328731,-0.2905049117394003,-1.3829108838235344,1.5428050539811857,0.42771385935828576,0.2442530177991079
582,34.10898995399475,0.7065970228264579,0.11932786480647006,-1.6962899335928097,1.5460923939433389,0.42846061675299585,0.24668488334851402
583,34.175880908966064,0.9138795351028208,0.5899296071029043,-2.09317359946687,1.5497279666790216,0.4292750438666073,0.25037043198107434
584,34.241734981536865,1.1559493459104555,0.8111180496859378,-2.3740211100102724,1.5532801715257603,0.4300719041862948,0.2540501216592369
585,34.308993101119995,1.4182155140061763,0.9334317620535559,-2.640925301697153,1.5567246845009914,0.43084241228475495,0.2564906424821853
586,34.37565302848816,1.776042596828379,1.0023905944436526,-2.931020860206306,1.5602405569277036,0.43167526515392113,0.26005115570156684
587,34.44172406196594,2.174278582280676,0.9869008919661393,-3.2475007211524987,1.563729226100503,0.4325206213964574,0.26357957782981284
588,34.50911903381348,2.634436504438569,0.8252163654978373,-3.6238361952961267,1.5671604215834645,0.4333517259014432,0.2659532533094005
589,34.57547998428345,2.9401650586605235,0.5091698396184806,-3.9907301941367486,1.5706592869235896,0.43420312536405126,0.26967661882944033
590,34.64188289642334,3.1446613625251207,0.13755975547022004,-4.348775521730532,1.5741632734275628,0.4350561378070459,0.27321675886648283
591,34.708975076675415,3.181258372615214,-0.2408672076113505,-4.640690460276785,1.5776413427714806,0.435900437921025,0.27570388500850757
592,34.841734886169434,3.063190682103223,-0.8976470317786484,-5.1835319987529855,1.5846431252619075,0.4376531452026912,0.2829323699972553
593,34.908989906311035,2.872937436666847,-1.1033745959922086,-5.405423735733984,1.5880562876215059,0.43853380609508874,0.28511403156224807
594,34.98362493515015,2.7051652389726812,-1.1834745289739952,-5.5511515047819735,1.591942517309462,0.43955453461160454,0.2886571010764896
595,35.04172897338867,2.574278804433569,-1.2518025975766802,-5.667006609525389,1.5950045523203034,0.44036099789353617,0.29221175534147287
596,35.109127044677734,2.5789085835315624,-1.2553364308449395,-5.691828083204371,1.5984271437125013,0.44125744736925776,0.2943585294961859
597,35.17562294006348,2.5521095713143196,-1.2887037906847996,-5.731698542104765,1.6020245586503723,0.44220580766020273,0.29812264138090355
598,35.241727113723755,2.327761056674737,-1.3808825076605877,-5.913995762568863,1.6055414464479245,0.44313520095981496,0.301761584694388
599,35.30898594856262,2.1131195729621406,-1.40625815839626,-6.089124702499074,1.6089846970451493,0.44404259632928644,0.30422247869967584
600,35.375760078430176,1.9964566556677272,-1.3824808696349604,-6.14477791711957,1.6123827551640322,0.4450134742203711,0.3076433091198824
601,35.44171500205994,1.8930287880430374,-1.3910230585397942,-6.195827444309902,1.615788446493461,0.44598929504827933,0.3112329839532003
602,35.50898790359497,1.8428494185281632,-1.4027679734652119,-6.2093000871048645,1.6192746096627044,0.44697368216634503,0.31368508952689084
603,35.5757520198822,1.810988794787871,-1.4354073847241398,-6.230632704180194,1.6227753894921726,0.4479667593401464,0.31738515238739257
604,35.64188599586487,1.8475306789005463,-1.4303115827802004,-6.205105002966511,1.6262084717462013,0.44894145766201077,0.3210097146309901
605,35.709145069122314,1.8374061622298972,-1.4364644928794197,-6.213864375105664,1.629723001124543,0.44993536572114234,0.3234414470223416
606,35.776062965393066,1.879073338236519,-1.4360488514508656,-6.183742950349305,1.6332367720149146,0.4509576626480998,0.3271561572688383
607,35.8417329788208,1.916938316336581,-1.4295017749848207,-6.156446402161139,1.636546910471745,0.4519597745236608,0.33076021317204274
608,35.90897488594055,2.0392785993153617,-1.4213393006727693,-6.076463511435307,1.6399338554962457,0.4529839835845617,0.33309607176415124
609,35.975656032562256,2.164369194032603,-1.3801767323285727,-5.980773174704437,1.6434478272035125,0.4540529059995095,0.3367904088283091
610,36.04172897338867,2.268605588539846,-1.3065589830069748,-5.872571581422849,1.6470334062518526,0.45514439515537375,0.3404177673910516
611,36.10897088050842,2.388753221422704,-1.1952292019434216,-5.717656673794498,1.6504695759425008,0.4561790008248108,0.3428641471683984
612,36.17562294006348,2.4649924531847063,-1.0969853242891594,-5.61096584542434,1.653824561395583,0.45718552890233644,0.3465293226186199
613,36.241880893707275,2.531311136252724,-0.9851001197151141,-5.508493006687847,1.6572214197090933,0.4582659634906479,0.35017119540930325
614,36.309340953826904,2.681512470118053,-0.7922743207412758,-5.332169122360907,1.6606140851662863,0.45935792936855896,0.3526350188917901
615,36.37587094306946,2.799589949101808,-0.534345433206258,-5.127145886795438,1.6641110679646454,0.4604942914021802,0.35623334899865067
616,36.44170093536377,2.862363074257734,-0.31384528496634784,-4.9400992987571275,1.6675290993502943,0.4616069713350302,0.35981996119671494
617,36.50895309448242,2.9086905519044297,-0.07532418242799893,-4.743446031049872,1.670877839979135,0.46269360149317995,0.36215874926602265
618,36.57581400871277,2.8869892166344426,-0.19276916972704197,-4.814813417348218,1.6744070632809411,0.46384292581752595,0.3657773193971676
619,36.64166188240051,2.847945338824097,-0.32022496012879714,-4.898569910649801,1.6778495888879568,0.4649705976900293,0.36935820579888834
620,36.70894694328308,2.7926231627050666,-0.47384905804698163,-5.0110005914500615,1.6811115390758657,0.466053007937023,0.3717115080961366
621,36.776001930236816,2.686543398127298,-0.6336139683256224,-5.122321784716866,1.6845417805553589,0.46721308860095256,0.37544073257057464
622,36.84223294258118,2.570695170240706,-0.7662675568463577,-5.230135220199825,1.6879833584581105,0.4683880435632283,0.3791698238869582
623,36.90895891189575,2.4440059974777575,-0.913906734976248,-5.3609947132612525,1.6913801968089845,0.46958091823792947,0.38163364736944483
624,36.97622299194336,2.342930762809604,-1.019908854395041,-5.458061780630433,1.6948638376314749,0.4707987571518717,0.38526100593218726
625,37.041691064834595,2.3864364306145807,-1.001673823692359,-5.453332659321651,1.6982144885142108,0.47194623325992213,0.38903097677130355
626,37.10893702507019,2.43699095937846,-0.9493043970485905,-5.431128023535126,1.7015135468222247,0.47309963316727605,0.3915296876640703
627,37.175426959991455,2.4549837293692756,-0.9220155465566476,-5.407702240117096,1.7048522910636246,0.4742899606370223,0.395258912138508
628,37.241902112960815,2.444056523174352,-0.9504163272936558,-5.426636971006348,1.708264978171736,0.4755492990561461,0.39910438359452843
629,37.309104919433594,2.3867465225772806,-1.0236680259126383,-5.495046186892931,1.7116462176588707,0.4767849094002477,0.4016410445328288
630,37.37565588951111,2.337489469202552,-1.0688748189334223,-5.538420016564828,1.7151404838724444,0.4780565301366617,0.4054457696241707
631,37.44186592102051,2.3417427342631054,-1.0643307208853219,-5.534382304561106,1.7185690171204164,0.47933662277588607,0.4091662056670112
632,37.508934020996094,2.2919230904295125,-1.0890543065340885,-5.565954842607927,1.7219338526517527,0.4805965213462532,0.4117173808332525
633,37.57614302635193,2.2527780652937373,-1.1152421030488524,-5.596353182567093,1.7253751300295228,0.4818736421374269,0.41555992281207327
634,37.64170789718628,2.2132496258311956,-1.1372268447325684,-5.624141942766473,1.7286866401476955,0.4831305209204756,0.41932696417399035
635,37.708954095840454,2.1280731429708415,-1.2415057392473272,-5.703366410645381,1.731925498846159,0.48438530534702007,0.42179371713367636
636,37.78077292442322,2.2409343515251408,-1.1734525875957726,-5.597319058423889,1.7353011502316955,0.4857106437746608,0.4257236107962517
637,37.84169292449951,2.3937950640562824,-1.0213181285784438,-5.422649368343295,1.738169930709906,0.4868419991331747,0.4295110253405078
638,37.90907597541809,2.4489877660677095,-0.9591083010407515,-5.343953334932506,1.7418475433698168,0.4882556511571088,0.4318118633642818
639,37.97557210922241,2.5408706635726843,-0.8498791548647765,-5.19988584878106,1.7453959161098203,0.4896541555801928,0.43571858752537357
640,38.041693925857544,2.6094972162882835,-0.7328788450602528,-5.0696213412380855,1.7487281060840736,0.49099100879182495,0.4395233126167154
641,38.10892605781555,2.642074283353883,-0.7461399236886987,-5.05025714015825,1.7519906869375568,0.49231164505856234,0.4421354741719194
642,38.17634892463684,2.69774680832058,-0.6563963172842895,-4.946297452164312,1.7553682959520307,0.493696414731438,0.44599852249113414
643,38.24168610572815,2.744170435339276,-0.5565533127097557,-4.83977689117162,1.7587006167525905,0.4950867113218941,0.4498935287434294
644,38.30896210670471,2.786509418513388,-0.48800219760454977,-4.777527210960753,1.762099835259206,0.4964844414969357,0.4524911760706927
645,38.37612199783325,2.794567416385041,-0.403817319400528,-4.6992654764736335,1.7656335198690096,0.49793729945397913,0.45643851343840774
646,38.44169902801514,2.7865805292036065,-0.305859388007228,-4.611587893761493,1.7687809269868635,0.4992778533653022,0.46030149517859553
647,38.50907301902771,2.7998841200579974,-0.35509197534036196,-4.62909927174537,1.7719712356125643,0.5006307573145782,0.462765318661082
648,38.57629108428955,2.8047032042488653,-0.21971404144889117,-4.538432718395358,1.775398127750932,0.5020954946625779,0.4668552017261441
649,38.64169001579285,2.7874847226301944,-0.11323454699039151,-4.462408619004932,1.7787008477834565,0.5035423178643704,0.4708927536757859
650,38.70893096923828,2.7251715600473494,0.0450820465379512,-4.380752249817116,1.781979028018089,0.5049859204806117,0.4735950632338893
651,38.7761549949646,2.6443450874784715,0.24212069258460145,-4.240020605991616,1.785377158858561,0.5064895027654145,0.4776122420011922
652,38.84166598320007,2.577845716045999,0.41200167525625564,-4.101735263134923,1.7886746001925573,0.507950869380491,0.4816643081787748
653,38.909311056137085,2.4917011980543653,0.538736165019622,-3.9875488928496283,1.7919411676565349,0.5093915639346956,0.4843841280210456
654,38.985209941864014,2.396966529434944,0.6260162596825306,-3.9012875979492385,1.7957081746786066,0.5110759327474862,0.4885060355982157
655,39.041847944259644,2.273749931284067,0.7457657088620939,-3.757120043040969,1.7985868651893007,0.5123770199523717,0.49247953852364107
656,39.10906410217285,2.0463606994179253,0.8710021818116882,-3.5637606961069013,1.8018378384827365,0.5138641256176659,0.494888101413509
657,39.17592096328735,1.8094621763822978,0.9284352285680862,-3.4018065644583184,1.805227318165743,0.5154522415064619,0.499079783811239
658,39.24168300628662,1.548182900767317,0.9534444517010225,-3.2272883654599553,1.8085876645159649,0.5170528477439126,0.5031987619112103
659,39.30892610549927,1.2786460067359453,0.9410963759919813,-3.0476836160469962,1.8118922114554856,0.5185760758005745,0.5059215112306799
660,39.37643098831177,1.026507243092317,0.8893623129544876,-2.8823368869833668,1.815254697198813,0.5201357429243788,0.5099880916362036
661,39.44167900085449,0.7955693938726262,0.8056662379677022,-2.727611233750833,1.8183644632193199,0.5216036816478354,0.5139994780281354
662,39.50892901420593,0.7400499947052523,0.7661223876435121,-2.6637814361316368,1.8213700566415143,0.5230659639711069,0.5165708932186615
663,39.57635188102722,0.6694522961341536,0.7376764091784241,-2.5912131525881423,1.8244202261193112,0.5245986569448335,0.5206055156911042
664,39.64181399345398,0.6177886242512812,0.7118893673764868,-2.514269724772295,1.8278015688028364,0.5262792405561347,0.5247303527454735
665,39.709091901779175,0.5305995655943612,0.6742791113764154,-2.395782392880426,1.8312529519587921,0.5279805079098097,0.5275112255557342
666,39.79388999938965,0.42975290597776733,0.6264439701737956,-2.2601573617181696,1.8353878416109644,0.5300251335255147,0.5316505768380444
667,39.84167194366455,0.39078665733302437,0.6216125998675113,-2.222152931129663,1.8378218476199313,0.5312417321696032,0.5357491817556763
668,39.908926010131836,0.33929070330402644,0.5977525702299478,-2.1378687399545147,1.8410348984104605,0.5328301719568247,0.5384980966328561
669,39.97782897949219,0.29046475848590736,0.5808321167317098,-2.0624085574743325,1.8444266684119992,0.5345676987296569,0.5427188740654957
670,40.041677951812744,0.26034347927241935,0.5972488648160356,-2.0326121193857496,1.8475648699034815,0.5362004278068749,0.5467622183905084
671,40.10905694961548,0.2813298173466121,0.6319489835249598,-2.043234395844411,1.8507356683531107,0.5378790842057868,0.5493161898758945
672,40.17775797843933,0.35030061796699147,0.7632029731163579,-2.122227713237424,1.8540094058143062,0.5396013875782458,0.5534206537479246
673,40.24182605743408,0.4381611202564065,0.8829563832026189,-2.208086516571285,1.857070315529966,0.5412056964644176,0.5575337728934971
674,40.308927059173584,0.5355182099183148,0.9948203607928339,-2.293827138249581,1.860265532691098,0.5428447300932305,0.560241941405999
675,40.3778440952301,0.632968126894238,1.1126320621017456,-2.3849644122434275,1.8635971243747762,0.5446245870001564,0.5641165744759551
676,40.44166588783264,0.7524957105430516,1.2210278508549377,-2.482652807130302,1.8666915473416046,0.5463454290997382,0.5682123164954153
677,40.508928060531616,1.0159958313542532,1.4232614848367642,-2.687311503147952,1.8698440332770545,0.548080097078751,0.5707721469351996
678,40.57635498046875,1.0593832241975183,1.433527892714357,-2.7030389420001706,1.8731050506978526,0.5498776793426569,0.5749318048208214
679,40.6416699886322,1.2766449788129148,1.4784352937892902,-2.8326708142414687,1.8762260892677367,0.5515766660752638,0.5790420610682225
680,40.70906090736389,1.4854949952429761,1.4985202565882259,-2.951867966442961,1.8793614365358302,0.553305091639944,0.5818200709803114
681,40.77657389640808,1.4629142614535235,1.492149178408728,-2.9481605382704763,1.8825942177403214,0.555123958793309,0.5857819225759677
682,40.84168100357056,1.4579780742627129,1.4632764523429622,-2.949975780884386,1.8857237325346814,0.5568937387957023,0.5897351188980815
683,40.908940076828,1.5921628154678142,1.4563058912207965,-3.052231645304319,1.8888504347632644,0.5586733645856115,0.5921989423805681
684,40.979023933410645,1.8056481632566,1.437464654953529,-3.211008076503644,1.8922258834216745,0.560671812910597,0.5964052055852666
685,41.04165196418762,1.9006267808596222,1.4024676668307625,-3.2521225960949054,1.8950219206028276,0.5623168230212926,0.6004339691033111
686,41.108932971954346,1.7675269786160692,1.402101616511676,-3.1626524033376002,1.8977635871091596,0.5639110937236764,0.6030577819882844
687,41.175395011901855,1.6421405236558788,1.3751707895678107,-3.081007541066864,1.9011190028460438,0.5658701015867704,0.6071884114180248
688,41.24180507659912,1.53924265715707,1.3404074175812746,-3.0037020944633577,1.9045155425787645,0.5678637055073658,0.6112695726305167
689,41.30909609794617,1.4372162709660836,1.3079533992531094,-2.9183203686787604,1.9075431753511825,0.5696562961501787,0.6140388606900355
690,41.376445055007935,1.3565917382014905,1.2657569284156531,-2.8480878797962346,1.9107043688802774,0.5716031401871848,0.6181810748705177
691,41.441662073135376,1.2558820817408083,1.2310345347243548,-2.7785740199204723,1.9137906174789818,0.5735310502263771,0.6223145671984295
692,41.50890493392944,1.1371286995379764,1.1820903013482194,-2.6901403419233483,1.9168733714801158,0.5753877027490931,0.6250809257807493
693,41.57566499710083,1.0667219573002615,1.1447463098562802,-2.649830028493394,1.9200096986641895,0.5773142082550888,0.6291533651406712
694,41.64167404174805,0.9101213583399229,1.0380528049694302,-2.534690642733672,1.9231010016929668,0.5792519219633747,0.6332694803424703
695,41.70889091491699,0.7944951641014695,0.9575153427102474,-2.4335823692945,1.9259161005563585,0.581033738446889,0.6360707263350702
696,41.77560496330261,0.724187754785624,0.8719836686213206,-2.3556819557072015,1.9287167837769783,0.5828251468399946,0.6401460285931643
697,41.841821908950806,0.7031766340866875,0.836452169253522,-2.3244230828466055,1.9321171969810889,0.5850256823914908,0.6443610136504325
698,41.909111976623535,0.6908611856940908,0.8011937258113442,-2.301723981903895,1.9353169865176012,0.5870760596550694,0.6471768404500003
699,41.97585391998291,0.6022756044930566,0.7378943826253196,-2.229502355807713,1.9383134884980062,0.5889899301154371,0.6512463503327234
700,42.04165601730347,0.4513140557167181,0.5870953945888919,-2.0968157368065548,1.941357798663942,0.5909643480441351,0.6553449552503552
701,42.10892105102539,0.35859216142149597,0.4677616091007415,-2.001739399679356,1.9443877358024326,0.5929458601931257,0.6581723668006653
702,42.17872595787048,0.28812063302125435,0.327023973705532,-1.9116182512689608,1.9475729309551717,0.5951223195171408,0.6623815594825626
703,42.241650104522705,0.2722930221671665,0.25647664902861816,-1.8578319813339752,1.950461710547206,0.5970803210135963,0.6664336256601454
704,42.30890893936157,0.24886637564302436,0.22715062075566114,-1.8221466938491966,1.9534323602976842,0.599067521202274,0.6689061709952023
705,42.376041889190674,0.2376591689812764,0.11536527847235588,-1.7382130475563848,1.9564616275769262,0.6011716203035813,0.6731414626557826
706,42.44180393218994,0.2323679136441873,0.08790172435523705,-1.7171660584631032,1.959430386343491,0.6032213966973957,0.6772720920855225
707,42.50906801223755,0.22703746344032283,0.10071813770657181,-1.7241383396107917,1.9623975515824352,0.6052128827991159,0.6801140844428011
708,42.57570004463196,0.21585860543774674,-0.021343445789955937,-1.6558687169311423,1.965381138858588,0.6073159391998151,0.6841719429957547
709,42.64164900779724,0.21806066855095924,-0.11597966061749568,-1.6098138673808886,1.9683293330940315,0.6094471169830286,0.6884189525651312
710,42.70890402793884,0.23706990477882242,-0.1969403027834153,-1.5497213672054713,1.9713445490353991,0.6116129837668698,0.6912492935926401
711,42.77541899681091,0.252347592292477,-0.28022953743046186,-1.4936268062394555,1.9743244653170753,0.6137636179740815,0.6952780571106845
712,42.84164500236511,0.24601801889053898,-0.2512988826916419,-1.5144982602590165,1.9771602944260693,0.6158150885512387,0.6995104858730933
713,42.90890598297119,0.2427460163963035,-0.22282818939369553,-1.533536234017111,1.9800608757365161,0.6179027134257579,0.7024019464476193
714,42.97552490234375,0.2408354424674253,-0.21911716664156775,-1.5311181850513125,1.9830549592469722,0.6200756487153489,0.7066169315048877
715,43.04180192947388,0.23317509426778782,-0.17665923188652727,-1.5657423402162043,1.985983309272505,0.6222770503800572,0.710852223165468
716,43.10893392562866,0.23528346006295775,-0.14089211691250064,-1.586006345424811,1.9888630801097704,0.6244290890731503,0.7137029373753161
717,43.17562794685364,0.23499297783049902,-0.1200079986032043,-1.6045218138440485,1.9918101803523014,0.6266367133894337,0.7179033416256164
718,43.24164009094238,0.23871780802917816,-0.141218933586622,-1.5955746310978767,1.9946769817129093,0.6288459691689247,0.7222143336401821
719,43.308887004852295,0.23924286435597766,-0.2066619837359479,-1.548903025536353,1.9975074314837833,0.631022424358773,0.7250824915551702
720,43.378040075302124,0.23963540695860167,-0.2037519521509476,-1.546742542166939,2.0006021551451,0.6333437402073061,0.7292858252826696
721,43.441648960113525,0.262138659151699,-0.30114894349668175,-1.490485939514526,2.0033924608034814,0.6355246930987903,0.7333699159723605
722,43.50911903381348,0.28073847676943264,-0.3654239451192272,-1.4646936333540483,2.006179318649615,0.6377731460397902,0.7359122361279775
723,43.57574701309204,0.29062087140980686,-0.41052774123855185,-1.4334732055287958,2.00900429185782,0.640047855581281,0.7402406718476832
724,43.64187788963318,0.2992141867384581,-0.43827863518752985,-1.414880825080525,2.0118335692534006,0.6423243865686072,0.7444294913472417
725,43.708900928497314,0.32366046806243987,-0.5296066386448219,-1.3496328700324423,2.014751162148963,0.6446619584945902,0.7473296071953106
726,43.776041984558105,0.3470998232474124,-0.6764391801280563,-1.2423295694157848,2.0176376816774857,0.6469884360794002,0.7515824091400581
727,43.84159994125366,0.39666540142059936,-0.8639382814219922,-1.0938350262432113,2.0203855358686473,0.6492078175630464,0.7558468624145749
728,43.90894889831543,0.427992713208461,-1.0036342554493216,-0.9492911347702978,2.0229262443275298,0.6513086257676073,0.7586887881928257
729,43.9753839969635,0.43542878401760327,-1.0499733882874476,-0.8884917537538909,2.0255447498267203,0.6534957976503474,0.7628455831802758
730,44.04177808761597,0.5119607188903008,-1.155925754657832,-0.771611283095007,2.028663536201587,0.656187839214978,0.7671419943878734
731,44.110618114471436,0.5152164774238411,-1.1988843627439532,-0.7135054028193479,2.0315127535501496,0.6586140059545702,0.7700363844395987
732,44.18555688858032,0.5260326790053207,-1.2575507307380116,-0.6570970688691763,2.0345406195913704,0.6611865993526693,0.7740622184804442
733,44.241633892059326,0.5581288814068202,-1.3767585113336849,-0.5683807589715711,2.0369930786224573,0.663289369565929,0.778317949902391
734,44.30928897857666,0.594488161428193,-1.4858246698803839,-0.480257369317337,2.039778705823775,0.6656887495492664,0.7811657346350398
735,44.37617588043213,0.6160175969244985,-1.616838446472137,-0.42310305045711527,2.04254885154306,0.668127732331556,0.7853807196923082
736,44.4416229724884,0.6900903663924142,-1.7484342112692777,-0.3082171623207375,2.0452477300617096,0.6705993264557615,0.7896654795701369
737,44.50948691368103,0.7490063307288318,-1.8180461737433586,-0.21820962738887642,2.0479408139457727,0.6730761870804755,0.792519123257184
738,44.57566595077515,0.8562086473618076,-1.8773893018692753,-0.1208238950359733,2.050584266479119,0.6754119543375166,0.7966904324725751
739,44.64178991317749,1.0139293368838034,-1.8815108461268548,-0.012567709537267463,2.0532680961744365,0.6778164362514658,0.8009199317577843
740,44.71001195907593,1.1459630171645034,-1.8499962941916925,0.08681447701235841,2.0559980593702383,0.680287769551241,0.8037589946378634
741,44.77613401412964,1.2436341062038854,-1.8375038905385224,0.1552072692627035,2.058616052439826,0.6827543477945741,0.807924578056911
742,44.84162402153015,1.3540683382569003,-1.7802271966192982,0.211409126814913,2.0612182830152785,0.685217368862687,0.8122238521626801
743,44.909790992736816,1.383650193384464,-1.7404715799396764,0.2150130972193524,2.0639304393046065,0.6877405483827247,0.8150949395548673
744,44.975898027420044,1.3664179434867392,-1.743057211686193,0.1912068896447053,2.0665810014312416,0.6902636609838834,0.819365185204755
745,45.0416259765625,1.3274230329135976,-1.7576222600567433,0.15926071973423633,2.0691628837262126,0.6927593389916552,0.8235336315219745
746,45.10975408554077,1.3623481224495775,-1.7529232469909313,0.18232168385629374,2.071794393651669,0.6952627274084584,0.8262446629326476
747,45.17527103424072,1.3132144618568449,-1.7624294686915223,0.14440969295796638,2.0744085057950357,0.6978040615357468,0.8305352817648742
748,45.241859912872314,1.3520530889502234,-1.7615500359729022,0.1702564122403883,2.0770156839818434,0.70046601950425,0.8346891472751253
749,45.30990791320801,1.3639603052845604,-1.7612427879776957,0.17697332622401118,2.0795609011777376,0.7030051020657303,0.8375136959272633
750,45.37583088874817,1.3641866655839245,-1.761114834416321,0.17474638743840112,2.082078339280667,0.7054948193510702,0.8416530472095736
751,45.44162607192993,1.3074962974476323,-1.7205921018078576,0.12086494101246471,2.0846544999113195,0.708129368534069,0.8458418001301048
752,45.5097599029541,1.2653150290827142,-1.6560003521466573,0.07095694730176413,2.0872277175050304,0.7107527150256736,0.8486198100421938
753,45.5752739906311,1.1841113944670683,-1.5897088762818978,-0.006685652076359308,2.0897596067099804,0.7133401517195169,0.8527649536998747
754,45.641618967056274,1.1180753365103335,-1.534076559586362,-0.07352852863778653,2.092106741668467,0.7158347789907891,0.8570351993497624
755,45.709763050079346,1.0808418786003766,-1.5599951817886812,-0.11505059164447555,2.0943403286961395,0.7182474115898053,0.8598917059349813
756,45.7754271030426,1.0323096367475828,-1.5861628378670232,-0.15935313406373208,2.0970412616540237,0.7210898717962712,0.8641793952900085
757,45.84177589416504,1.0694003672366783,-1.6215373620783549,-0.14160462111983174,2.099730879706868,0.7239283737896367,0.8684583627924665
758,45.909790992736816,1.1071286991519134,-1.6571756480250757,-0.12075264250296858,2.102217133747054,0.7265737884981337,0.8713061475251155
759,45.97536492347717,1.0797008245414572,-1.65549468217999,-0.10923105675248848,2.104669767280449,0.7292839221973638,0.8755763931750028
760,46.041609048843384,0.928594165783837,-1.6149625514556505,-0.18356584473207826,2.1071367523507036,0.7320417408691269,0.8798903146667677
761,46.109745025634766,0.7185899655192838,-1.5452735692018664,-0.29461514603654126,2.1095718317504653,0.7347891062009191,0.8827787791850676
762,46.17526602745056,0.586273213339846,-1.4768107493364298,-0.37524812340122915,2.11197341805494,0.7375292223360705,0.886938503649717
763,46.241621017456055,0.5289447213772093,-1.437207736849597,-0.40148523563978655,2.1143988943483185,0.7403216353074846,0.8912378443345137
764,46.309268951416016,0.4659955191520722,-1.4159790305825997,-0.4351907683918505,2.1165957297389224,0.7427867586655128,0.8941089317267008
765,46.37868905067444,0.3098625843435168,-1.354252716563702,-0.5632047542460786,2.1188874911332,0.7453623511405042,0.89834715286448
766,46.44176697731018,0.1931655575211223,-1.2829917627921343,-0.6683995139414951,2.1213424424170646,0.7483579577129551,0.9025766521496895
767,46.50913190841675,0.1305288573146066,-1.2347981420187697,-0.7396623489286347,2.1238003768034175,0.7513023003897543,0.9053633839143483
768,46.576822996139526,0.13842244220095032,-1.2224726334162999,-0.7516156459332344,2.1262770754567137,0.754233942112203,0.9094968762422605
769,46.64160394668579,0.09004262239840043,-1.1490439724637216,-0.8215506856780898,2.1285141331631734,0.7569702853259314,0.9137176536748995
770,46.709112882614136,0.03188364173666148,-1.018131353917607,-0.9124033271164843,2.1307511017127223,0.7597040785602972,0.916332744707303
771,46.77993297576904,0.06740133780427097,-1.0059785502608545,-0.8963536593861329,2.133159072799979,0.7626466649058001,0.9202190291070285
772,46.841598987579346,0.13399314528350242,-1.0911327160488968,-0.8231838615735693,2.1352518105488754,0.7652565026244947,0.9236951201198543
773,46.909229040145874,0.14389712546160457,-1.0923884922810114,-0.8145775549195158,2.1374542586416467,0.7680242276668567,0.9257080704297909
774,46.97759389877319,0.12740573399739027,-1.0788949044986298,-0.8297040131652372,2.1397078084359245,0.7709593938201111,0.9291114571448575
775,47.04159092903137,0.17528710540452455,-1.1271304341418416,-0.7825896723131056,2.1418324530229267,0.7737101153142776,0.9324741640742733
776,47.109113931655884,0.23575536772442957,-1.2102812648985828,-0.7149079872225454,2.1440115721846293,0.7764975769961839,0.9344783925316398
777,47.17685794830322,0.2719608154563859,-1.256955624878902,-0.6975458012755008,2.146197584868024,0.7793626675976252,0.9373319696396595
778,47.24159908294678,0.3290131135080768,-1.3169603888872787,-0.6654479729680765,2.148253202256723,0.7820871774442577,0.9397143669718173
779,47.309154987335205,0.38864213491075655,-1.3691876159978225,-0.6340272192342282,2.1503155551231234,0.7849024950410499,0.9411077328541467
780,47.37627410888672,0.4490214660459436,-1.4182049469656999,-0.6032956559427645,2.152325557621057,0.7876470195583493,0.9433291577286322
781,47.441755056381226,0.5007129754809864,-1.4471304866635994,-0.5631158442541431,2.1541993753411326,0.7902062947752567,0.94562811590942
782,47.50926899909973,0.5083770376654015,-1.4485250859671372,-0.5604018583583622,2.1563699059037,0.7931372661528951,0.9470941860895086
783,47.57559394836426,0.497056366692278,-1.4403848970945363,-0.5697014075772442,2.158671823338346,0.7962590884667071,0.9493107350647816
784,47.64158892631531,0.4562165285909422,-1.414382790804562,-0.6009123214207798,2.1605891356959464,0.7990177847792554,0.9514022486268752
785,47.709086894989014,0.33553489426613897,-1.3341884762339316,-0.6922624035852014,2.1625662648574253,0.8018879550327893,0.9528362942948557
786,47.77518606185913,0.2219467199354181,-1.2518529507979894,-0.7866286308545023,2.1645815414536074,0.8048333256678734,0.9549801389723694
787,47.84158897399902,0.14370072093496855,-1.179415454277685,-0.8657109610557608,2.1665141014878926,0.8077044865698432,0.9564695118119964
788,47.91115689277649,0.023376602151397585,-1.0439072343174502,-0.9725692397758235,2.168572543244782,0.8107571812557353,0.9586279372964783
789,47.97514200210571,-0.05528839362471542,-0.9312873626561896,-1.0493267827885833,2.1705090907588622,0.8136038388973909,0.9607892256791322
790,48.041752099990845,-0.16454711540550193,-0.8041981138814019,-1.1471961040477405,2.1723026064014803,0.8163134865623409,0.9622669471889898
791,48.10924410820007,-0.25839751611306033,-0.6345770861039954,-1.2854857894999911,2.1740222263050115,0.8189637590609112,0.9644195137190736
792,48.17954897880554,-0.28991153072150616,-0.5122281378184498,-1.3926327989213696,2.1761049505365886,0.8222211787372136,0.9665720802491574
793,48.24158811569214,-0.29902021031363085,-0.5187407615195001,-1.4038278553822923,2.177932634100488,0.8251034369539023,0.9686693861866219
794,48.309091091156006,-0.2968062446467265,-0.5121354931629133,-1.4080051259647393,2.1796430417116084,0.8278365335600707,0.9700074248973051
795,48.37600493431091,-0.2864003001198013,-0.5128991419096459,-1.4034756708514,2.1815278681673886,0.8308573356892607,0.9721512695748189
796,48.44159007072449,-0.273363773680681,-0.5679612670232101,-1.3662956307001106,2.1835484132306715,0.8341152141805355,0.9742689486946225
797,48.50908398628235,-0.23345451853949656,-0.6834047639275884,-1.2779894863123418,2.1853261712281085,0.8370728240226123,0.9757757652393895
798,48.575258016586304,-0.21027335335555628,-0.7620634878403931,-1.2224149816049994,2.187112294695454,0.8400793598712546,0.9780708774668196
799,48.64174199104309,-0.2760687951678913,-0.5779763470189179,-1.356162246521634,2.1888842218376503,0.8431318906484077,0.9796678420144856
800,48.70908808708191,-0.3008358803841856,-0.4886536806561417,-1.4256324064044246,2.1905602029872226,0.8459771429928452,0.9819280668316359
801,48.77544808387756,-0.32034790131886787,-0.37702456537789636,-1.505688721119629,2.1921719690667105,0.8487004265081148,0.9843103975847664
802,48.84159302711487,-0.32399091166928523,-0.32799215572447765,-1.5359546887318465,2.1939986480850306,0.8519385599301798,0.9858841260519214
803,48.90907096862793,-0.32495476910154353,-0.3217706326775526,-1.5405028127284723,2.195846018881718,0.8552365823239583,0.9882374283491699
804,48.97580289840698,-0.322957440070757,-0.21447349840175628,-1.6122498459187131,2.197584778045854,0.8583585400882905,0.9906256180566986
805,49.04158306121826,-0.32101670142346905,-0.16049042684717357,-1.6491556942313526,2.1992543905619253,0.8614394626288865,0.9933512302743401
806,49.10922908782959,-0.29837608985552405,-0.06669196892218057,-1.71742696165141,2.200938407451218,0.8645575468048269,0.9952187054097309
807,49.24172401428223,-0.2967420505010205,-0.05894048898573927,-1.722469044839772,2.2043726151048593,0.8709088292076512,1.0009230633066264
808,49.31048393249512,-0.2868191997303573,0.004963698095539898,-1.7650997380326163,2.2059537624857386,0.874090821875054,1.0028429361364641
809,49.385092973709106,-0.26232651041028715,0.1804546276212672,-1.8659186776772614,2.2077023435482923,0.8775028281119371,1.0056005062871867
810,49.4417839050293,-0.26758733357670234,0.1675555264461289,-1.8360423672493713,2.2090796131708546,0.8802036772644606,1.0085792519664405
811,49.50906491279602,-0.24774033648498944,0.3328248094342769,-1.9102694498724992,2.2106737482393637,0.8834339752950288,1.0105398045819296
812,49.58026194572449,-0.2586754041921402,0.43327306042890046,-1.95438773995635,2.2123716311959147,0.886821438578134,1.0133846931268933
813,49.641562938690186,-0.24868998383236965,0.5664787888545805,-2.0260795818835446,2.213839949725426,0.8897281467667817,1.016217963631601
814,49.70928597450256,-0.18198744645476211,0.6886147600613024,-2.1107762462315924,2.2153539328121132,0.8930215527238156,1.018059273209282
815,49.776071071624756,-0.080127956741226,0.8322779072764495,-2.2223818013554815,2.216825423964466,0.8962152051282799,1.0211339592668058
816,49.841598987579346,-0.12534112180571552,0.7674272307405265,-2.202522559644512,2.2181406062479634,0.89909689085419,1.02414466287914
817,49.91240310668945,-0.18501847656711606,0.6088256999413344,-2.0824178612874267,2.2196929144574233,0.9025035264368859,1.0262186994465803
818,49.975878953933716,-0.2505112348294195,0.42348796428242863,-1.9407277745233165,2.221286032435502,0.9059588918373481,1.0294359312014507
819,50.04158401489258,-0.23966144285250576,0.4937672762945003,-1.9594405985265455,2.2226772927553005,0.9091172315226842,1.0317717565040454
820,50.10908102989197,-0.24370755377985762,0.5311374251666228,-1.954922196352192,2.2241202014938324,0.9124452470605428,1.0349133544839573
821,50.179117918014526,-0.26771632465930084,0.5718172762472629,-1.9538237920612513,2.225593700939885,0.9159419310141427,1.0381654736491077
822,50.24171495437622,-0.328752902549842,0.4822728522486712,-1.8239607420269188,2.2269070952821535,0.9189977585226743,1.0416706596968426
823,50.30923008918762,-0.3485053367396852,0.43342879949868585,-1.7314531968923568,2.2282655106663363,0.9222036533753372,1.0440443351764301
824,50.376046895980835,-0.38497630755188217,0.390121653115178,-1.660895919313416,2.2297059127640257,0.9256595270123362,1.048038211284195
825,50.441582918167114,-0.4162566972006362,0.3264993739814819,-1.598763547832694,2.2310277450630127,0.9289254076604494,1.0509034730114977
826,50.509068965911865,-0.4104501329721869,0.021516131210360168,-1.363096988727303,2.2323997911729134,0.9323418102581994,1.0553133348815324
827,50.57542705535889,-0.45678456588302224,-0.10721190084133675,-1.2604682207748321,2.233758687726863,0.9358964821086402,1.0599210030415331
828,50.64158391952515,-0.4580086574431171,-0.2932287625198655,-1.1132592314465164,2.235054747925918,0.9393398683358952,1.063408745384128
829,50.7090699672699,-0.41214883619460974,-0.443532672701517,-0.9667014451923486,2.23638445003677,0.9427776022158018,1.0684731123815636
830,50.778486013412476,-0.250478060150931,-0.6686397086319203,-0.7432061603546528,2.237769304582318,0.9463726405074895,1.0736422081888666
831,50.84172701835632,-0.28732357336587183,-0.6878162416039588,-0.7346714291653935,2.239049420640168,0.94969922470489,1.0785669256766413
832,50.90919899940491,-0.3797910077564598,-0.7040561291303239,-0.7699725521507416,2.240267214605891,0.9532638839830043,1.0816765324339586
833,50.97532796859741,-0.41464192417708223,-0.7595778005207092,-0.7331356195997114,2.241514486517882,0.9568537822177401,1.0869008888338807
834,51.041563987731934,-0.3274597752789159,-0.9146718580450941,-0.6002397772072595,2.2426421006804294,0.9601615485467598,1.0903333705838565
835,51.109052896499634,-0.36046540437234215,-1.009926107298261,-0.5590030950839827,2.2438534410314097,0.9636230114279873,1.0953628168814984
836,51.175796031951904,-0.40875325846102584,-1.0983184775574182,-0.5276971843316104,2.2450521241526347,0.9670415714865933,1.1003311769216366
837,51.2421190738678,-0.325865920419121,-1.2183339069020618,-0.42697869614532785,2.246159915541306,0.9704692746970704,1.103507695601342
838,51.30902600288391,-0.2481102463478616,-1.3379890294837693,-0.33439251807835824,2.247294754512521,0.974022957481292,1.1080891649141191
839,51.37547707557678,0.03462951726459085,-1.4737578622637735,-0.11477207199813466,2.2483784631757375,0.9775621104374125,1.1128510301012353
840,51.44207501411438,0.2928549904394395,-1.5419643823754698,0.05797433788510828,2.249431299399286,0.981047954798536,1.1158704555661398
841,51.50917911529541,0.5384894759047271,-1.526591173150013,0.23151215437882366,2.2505453233271755,0.9846735678363643,1.1202308492189268
842,51.57571792602539,0.7660402242036363,-1.4373671367258045,0.3955876955869202,2.2516204451507,0.9882191133682756,1.1245912761612271
843,51.64153790473938,0.8976676939654803,-1.3618752772465608,0.4786705265857122,2.2525888166844306,0.991583261330008,1.1277096047711144
844,51.70904588699341,1.0080789709237106,-1.2794295021979791,0.5554111013767189,2.2535504041118837,0.9950335682125825,1.1318169315413162
845,51.775996923446655,1.1021511907061223,-1.2158706024338795,0.6297182621918415,2.254462015964601,0.9983631606681057,1.1364129483715477
846,51.841541051864624,1.2578882771911886,-1.0675025404741527,0.765886667491646,2.255292154205007,1.0014903272284135,1.1394789125765015
847,51.909199953079224,1.3960288890766177,-0.8686568768545515,0.9125651475281921,2.2563416098228855,1.0055281010676411,1.144141874618635
848,51.979305028915405,1.550631280122928,-0.5785273970189482,1.1424696907636838,2.25735367260678,1.0094131945737537,1.1484120869790089
849,52.04170107841492,1.6130929938323515,-0.35229439724289696,1.3066538644667838,2.258233526983432,1.012720618120741,1.1529237814712257
850,52.10905408859253,1.6525676763724737,-0.17746986169101564,1.4327909998252206,2.2590737968555157,1.0163013721896907,1.155821034421123
851,52.175337076187134,1.6374478914653712,0.053182124787248514,1.5806167988818578,2.2599316465474053,1.0199323058199914,1.1603763381761898
852,52.24154496192932,1.6191905090923142,0.10160638427742252,1.6002548027578212,2.260679523441779,1.0233227420088515,1.1631775841687897
853,52.30928111076355,1.6025301530031613,0.10062385021762496,1.596329556105019,2.2615089766728276,1.0269912260472485,1.1674798210412718
854,52.375710010528564,1.6047840736899484,0.05618749537662186,1.5645763651225364,2.2623318036230025,1.030644492520174,1.171654059733862
855,52.44156193733215,1.6024135272676994,-0.0190034728223496,1.51435670456005,2.2630705740504955,1.0340004591046765,1.1745425908311893
856,52.50917291641235,1.5953472457987514,-0.1532477106306753,1.4367105712026729,2.2638375337156678,1.037555997639751,1.178786637633853
