1.000000000e+00 0.000000000e+00 0.000000000e+00 0.000000000e+00 0.000000000e+00 1.000000000e+00 0.000000000e+00 0.000000000e+00 0.000000000e+00 0.000000000e+00 1.000000000e+00 0.000000000e+00
9.999898748e-01 4.500037194e-03 0.000000000e+00 1.864773222e-03 -4.500037194e-03 9.999898748e-01 0.000000000e+00 2.181127451e-03 0.000000000e+00 0.000000000e+00 1.000000000e+00 0.000000000e+00
9.978387906e-01 6.570957292e-02 0.000000000e+00 -7.295866257e-02 -6.570957292e-02 9.978387906e-01 0.000000000e+00 -3.622947617e-03 0.000000000e+00 0.000000000e+00 1.000000000e+00 0.000000000e+00
9.840743108e-01 1.777575619e-01 0.000000000e+00 -2.300904802e-01 -1.777575619e-01 9.840743108e-01 0.000000000e+00 -5.549573245e-03 0.000000000e+00 0.000000000e+00 1.000000000e+00 0.000000000e+00
9.431509525e-01 3.323646805e-01 0.000000000e+00 -4.577511680e-01 -3.323646805e-01 9.431509525e-01 0.000000000e+00 4.313864927e-02 0.000000000e+00 0.000000000e+00 1.000000000e+00 0.000000000e+00
9.343091167e-01 3.564638473e-01 0.000000000e+00 -5.068689907e-01 -3.564638473e-01 9.343091167e-01 0.000000000e+00 3.141965185e-03 0.000000000e+00 0.000000000e+00 1.000000000e+00 0.000000000e+00
9.216571372e-01 3.880053110e-01 0.000000000e+00 -5.509674812e-01 -3.880053110e-01 9.216571372e-01 0.000000000e+00 5.013824404e-03 0.000000000e+00 0.000000000e+00 1.000000000e+00 0.000000000e+00
9.245060286e-01 3.811674213e-01 0.000000000e+00 -5.699203117e-01 -3.811674213e-01 9.245060286e-01 0.000000000e+00 -4.083482790e-03 0.000000000e+00 0.000000000e+00 1.000000000e+00 0.000000000e+00
9.285391724e-01 3.712344345e-01 0.000000000e+00 -5.999265030e-01 -3.712344345e-01 9.285391724e-01 0.000000000e+00 -1.655908135e-03 0.000000000e+00 0.000000000e+00 1.000000000e+00 0.000000000e+00
9.242971207e-01 3.816737254e-01 0.000000000e+00 -6.256466542e-01 -3.816737254e-01 9.242971207e-01 0.000000000e+00 1.611349754e-02 0.000000000e+00 0.000000000e+00 1.000000000e+00 0.000000000e+00
9.253134758e-01 3.792030743e-01 0.000000000e+00 -6.251431015e-01 -3.792030743e-01 9.253134758e-01 0.000000000e+00 1.854476357e-02 0.000000000e+00 0.000000000e+00 1.000000000e+00 0.000000000e+00
9.302167972e-01 3.670105042e-01 0.000000000e+00 -5.858300888e-01 -3.670105042e-01 9.302167972e-01 0.000000000e+00 1.273691458e-02 0.000000000e+00 0.000000000e+00 1.000000000e+00 0.000000000e+00
9.092032536e-01 4.163525472e-01 0.000000000e+00 -6.625483696e-01 -4.163525472e-01 9.092032536e-01 0.000000000e+00 4.901282561e-02 0.000000000e+00 0.000000000e+00 1.000000000e+00 0.000000000e+00
8.562441506e-01 5.165713451e-01 0.000000000e+00 -7.899864565e-01 -5.165713451e-01 8.562441506e-01 0.000000000e+00 1.067077595e-01 0.000000000e+00 0.000000000e+00 1.000000000e+00 0.000000000e+00
7.066130153e-01 7.076002025e-01 0.000000000e+00 -1.048989107e+00 -7.076002025e-01 7.066130153e-01 0.000000000e+00 3.141786238e-01 0.000000000e+00 0.000000000e+00 1.000000000e+00 0.000000000e+00
5.554276256e-01 8.315648818e-01 0.000000000e+00 -1.206369113e+00 -8.315648818e-01 5.554276256e-01 0.000000000e+00 5.245397899e-01 0.000000000e+00 0.000000000e+00 1.000000000e+00 0.000000000e+00
3.786039323e-01 9.255587839e-01 0.000000000e+00 -1.325495984e+00 -9.255587839e-01 3.786039323e-01 0.000000000e+00 7.682228528e-01 0.000000000e+00 0.000000000e+00 1.000000000e+00 0.000000000e+00
2.558989848e-01 9.667035272e-01 0.000000000e+00 -1.346092998e+00 -9.667035272e-01 2.558989848e-01 0.000000000e+00 9.540434767e-01 0.000000000e+00 0.000000000e+00 1.000000000e+00 0.000000000e+00
1.467366672e-01 9.891755913e-01 0.000000000e+00 -1.320683477e+00 -9.891755913e-01 1.467366672e-01 0.000000000e+00 1.071203225e+00 0.000000000e+00 0.000000000e+00 1.000000000e+00 0.000000000e+00
2.845381165e-03 9.999959519e-01 0.000000000e+00 -1.305062480e+00 -9.999959519e-01 2.845381165e-03 0.000000000e+00 1.227776984e+00 0.000000000e+00 0.000000000e+00 1.000000000e+00 0.000000000e+00
-1.425293365e-01 9.897905780e-01 0.000000000e+00 -1.266571186e+00 -9.897905780e-01 -1.425293365e-01 0.000000000e+00 1.382740153e+00 0.000000000e+00 0.000000000e+00 1.000000000e+00 0.000000000e+00
-2.185029196e-01 9.758362947e-01 0.000000000e+00 -1.233662014e+00 -9.758362947e-01 -2.185029196e-01 0.000000000e+00 1.446743587e+00 0.000000000e+00 0.000000000e+00 1.000000000e+00 0.000000000e+00
-2.740960186e-01 9.617023306e-01 0.000000000e+00 -1.198881025e+00 -9.617023306e-01 -2.740960186e-01 0.000000000e+00 1.468914928e+00 0.000000000e+00 0.000000000e+00 1.000000000e+00 0.000000000e+00
-2.070548076e-01 9.783293447e-01 0.000000000e+00 -1.142433152e+00 -9.783293447e-01 -2.070548076e-01 0.000000000e+00 1.340689399e+00 0.000000000e+00 0.000000000e+00 1.000000000e+00 0.000000000e+00
-2.317878265e-01 9.727663664e-01 0.000000000e+00 -1.076594716e+00 -9.727663664e-01 -2.317878265e-01 0.000000000e+00 1.381240814e+00 0.000000000e+00 0.000000000e+00 1.000000000e+00 0.000000000e+00
-2.635814867e-01 9.646371338e-01 0.000000000e+00 -9.992227390e-01 -9.646371338e-01 -2.635814867e-01 0.000000000e+00 1.424907163e+00 0.000000000e+00 0.000000000e+00 1.000000000e+00 0.000000000e+00
-2.719547373e-01 9.623100441e-01 0.000000000e+00 -9.433844343e-01 -9.623100441e-01 -2.719547373e-01 0.000000000e+00 1.441199153e+00 0.000000000e+00 0.000000000e+00 1.000000000e+00 0.000000000e+00
-2.633579577e-01 9.646981839e-01 0.000000000e+00 -8.788157470e-01 -9.646981839e-01 -2.633579577e-01 0.000000000e+00 1.415104717e+00 0.000000000e+00 0.000000000e+00 1.000000000e+00 0.000000000e+00
-2.405368548e-01 9.706400061e-01 0.000000000e+00 -8.180517417e-01 -9.706400061e-01 -2.405368548e-01 0.000000000e+00 1.375191615e+00 0.000000000e+00 0.000000000e+00 1.000000000e+00 0.000000000e+00
-2.757998921e-01 9.612150745e-01 0.000000000e+00 -7.423309785e-01 -9.612150745e-01 -2.757998921e-01 0.000000000e+00 1.430304479e+00 0.000000000e+00 0.000000000e+00 1.000000000e+00 0.000000000e+00
-3.077826065e-01 9.514567080e-01 0.000000000e+00 -6.656063066e-01 -9.514567080e-01 -3.077826065e-01 0.000000000e+00 1.477025835e+00 0.000000000e+00 0.000000000e+00 1.000000000e+00 0.000000000e+00
-3.195885522e-01 9.475564138e-01 0.000000000e+00 -5.941757277e-01 -9.475564138e-01 -3.195885522e-01 0.000000000e+00 1.485296696e+00 0.000000000e+00 0.000000000e+00 1.000000000e+00 0.000000000e+00
-3.396024037e-01 9.405690870e-01 0.000000000e+00 -5.201131901e-01 -9.405690870e-01 -3.396024037e-01 0.000000000e+00 1.497745621e+00 0.000000000e+00 0.000000000e+00 1.000000000e+00 0.000000000e+00
-3.650443351e-01 9.309901361e-01 0.000000000e+00 -4.399969919e-01 -9.309901361e-01 -3.650443351e-01 0.000000000e+00 1.506553761e+00 0.000000000e+00 0.000000000e+00 1.000000000e+00 0.000000000e+00
-3.846455470e-01 9.230643548e-01 0.000000000e+00 -3.645208574e-01 -9.230643548e-01 -3.846455470e-01 0.000000000e+00 1.516648447e+00 0.000000000e+00 0.000000000e+00 1.000000000e+00 0.000000000e+00
-4.069013351e-01 9.134721143e-01 0.000000000e+00 -3.017179146e-01 -9.134721143e-01 -4.069013351e-01 0.000000000e+00 1.545750933e+00 0.000000000e+00 0.000000000e+00 1.000000000e+00 0.000000000e+00
-4.246645207e-01 9.053507855e-01 0.000000000e+00 -2.380523698e-01 -9.053507855e-01 -4.246645207e-01 0.000000000e+00 1.564342268e+00 0.000000000e+00 0.000000000e+00 1.000000000e+00 0.000000000e+00
-3.894463033e-01 9.210491718e-01 0.000000000e+00 -1.901921681e-01 -9.210491718e-01 -3.894463033e-01 0.000000000e+00 1.458333998e+00 0.000000000e+00 0.000000000e+00 1.000000000e+00 0.000000000e+00
-3.716393021e-01 9.283772019e-01 0.000000000e+00 -1.754064558e-01 -9.283772019e-01 -3.716393021e-01 0.000000000e+00 1.405335964e+00 0.000000000e+00 0.000000000e+00 1.000000000e+00 0.000000000e+00
-3.584224449e-01 9.335595059e-01 0.000000000e+00 -1.436245621e-01 -9.335595059e-01 -3.584224449e-01 0.000000000e+00 1.350003028e+00 0.000000000e+00 0.000000000e+00 1.000000000e+00 0.000000000e+00
-3.632367704e-01 9.316968652e-01 0.000000000e+00 -1.042077652e-01 -9.316968652e-01 -3.632367704e-01 0.000000000e+00 1.292253902e+00 0.000000000e+00 0.000000000e+00 1.000000000e+00 0.000000000e+00
-4.240761373e-01 9.056265399e-01 0.000000000e+00 2.257824378e-03 -9.056265399e-01 -4.240761373e-01 0.000000000e+00 1.325277406e+00 0.000000000e+00 0.000000000e+00 1.000000000e+00 0.000000000e+00
-4.406052970e-01 8.977009370e-01 0.000000000e+00 8.923241337e-02 -8.977009370e-01 -4.406052970e-01 0.000000000e+00 1.290985004e+00 0.000000000e+00 0.000000000e+00 1.000000000e+00 0.000000000e+00
-4.427866602e-01 8.966269980e-01 0.000000000e+00 1.216256800e-01 -8.966269980e-01 -4.427866602e-01 0.000000000e+00 1.252031678e+00 0.000000000e+00 0.000000000e+00 1.000000000e+00 0.000000000e+00
-4.537745949e-01 8.911165003e-01 0.000000000e+00 1.615166099e-01 -8.911165003e-01 -4.537745949e-01 0.000000000e+00 1.224196368e+00 0.000000000e+00 0.000000000e+00 1.000000000e+00 0.000000000e+00
-4.339924677e-01 9.009164989e-01 0.000000000e+00 1.883895333e-01 -9.009164989e-01 -4.339924677e-01 0.000000000e+00 1.142077330e+00 0.000000000e+00 0.000000000e+00 1.000000000e+00 0.000000000e+00
-4.082091225e-01 9.128884446e-01 0.000000000e+00 2.227082549e-01 -9.128884446e-01 -4.082091225e-01 0.000000000e+00 1.064832627e+00 0.000000000e+00 0.000000000e+00 1.000000000e+00 0.000000000e+00
-4.719695136e-01 8.816148696e-01 0.000000000e+00 3.054110490e-01 -8.816148696e-01 -4.719695136e-01 0.000000000e+00 1.062384145e+00 0.000000000e+00 0.000000000e+00 1.000000000e+00 0.000000000e+00
-5.395954174e-01 8.419244536e-01 0.000000000e+00 3.994502543e-01 -8.419244536e-01 -5.395954174e-01 0.000000000e+00 1.090843438e+00 0.000000000e+00 0.000000000e+00 1.000000000e+00 0.000000000e+00
-5.538990235e-01 8.325838527e-01 0.000000000e+00 4.598436385e-01 -8.325838527e-01 -5.538990235e-01 0.000000000e+00 1.036640139e+00 0.000000000e+00 0.000000000e+00 1.000000000e+00 0.000000000e+00
-6.147108699e-01 7.887525255e-01 0.000000000e+00 5.690901376e-01 -7.887525255e-01 -6.147108699e-01 0.000000000e+00 1.047710235e+00 0.000000000e+00 0.000000000e+00 1.000000000e+00 0.000000000e+00
-6.891188313e-01 7.246483535e-01 0.000000000e+00 6.879202318e-01 -7.246483535e-01 -6.891188313e-01 0.000000000e+00 1.024101520e+00 0.000000000e+00 0.000000000e+00 1.000000000e+00 0.000000000e+00
-6.936101898e-01 7.203505429e-01 0.000000000e+00 6.950659034e-01 -7.203505429e-01 -6.936101898e-01 0.000000000e+00 8.914290127e-01 0.000000000e+00 0.000000000e+00 1.000000000e+00 0.000000000e+00
-6.894774714e-01 7.243071285e-01 0.000000000e+00 6.735591742e-01 -7.243071285e-01 -6.894774714e-01 0.000000000e+00 7.238354421e-01 0.000000000e+00 0.000000000e+00 1.000000000e+00 0.000000000e+00
-7.064030509e-01 7.078098118e-01 0.000000000e+00 6.838937762e-01 -7.078098118e-01 -7.064030509e-01 0.000000000e+00 6.232406031e-01 0.000000000e+00 0.000000000e+00 1.000000000e+00 0.000000000e+00
-7.656783440e-01 6.432236574e-01 0.000000000e+00 7.457691333e-01 -6.432236574e-01 -7.656783440e-01 0.000000000e+00 4.566155307e-01 0.000000000e+00 0.000000000e+00 1.000000000e+00 0.000000000e+00
-7.824866364e-01 6.226673781e-01 0.000000000e+00 7.148950549e-01 -6.226673781e-01 -7.824866364e-01 0.000000000e+00 3.614510283e-01 0.000000000e+00 0.000000000e+00 1.000000000e+00 0.000000000e+00
-7.806607698e-01 6.249550084e-01 0.000000000e+00 6.347736193e-01 -6.249550084e-01 -7.806607698e-01 0.000000000e+00 2.515148193e-01 0.000000000e+00 0.000000000e+00 1.000000000e+00 0.000000000e+00
-7.832552042e-01 6.217003178e-01 0.000000000e+00 5.579816958e-01 -6.217003178e-01 -7.832552042e-01 0.000000000e+00 1.522264877e-01 0.000000000e+00 0.000000000e+00 1.000000000e+00 0.000000000e+00
-7.362282752e-01 6.767332760e-01 0.000000000e+00 4.384014301e-01 -6.767332760e-01 -7.362282752e-01 0.000000000e+00 1.805930557e-02 0.000000000e+00 0.000000000e+00 1.000000000e+00 0.000000000e+00
-6.804352523e-01 7.328082064e-01 0.000000000e+00 3.210520503e-01 -7.328082064e-01 -6.804352523e-01 0.000000000e+00 -1.168474667e-01 0.000000000e+00 0.000000000e+00 1.000000000e+00 0.000000000e+00
-5.722503078e-01 8.200790115e-01 0.000000000e+00 1.886898501e-01 -8.200790115e-01 -5.722503078e-01 0.000000000e+00 -3.259342797e-01 0.000000000e+00 0.000000000e+00 1.000000000e+00 0.000000000e+00
-4.937831632e-01 8.695850664e-01 0.000000000e+00 1.075689580e-01 -8.695850664e-01 -4.937831632e-01 0.000000000e+00 -4.932273969e-01 0.000000000e+00 0.000000000e+00 1.000000000e+00 0.000000000e+00
-4.807304415e-01 8.768684295e-01 0.000000000e+00 7.989421737e-02 -8.768684295e-01 -4.807304415e-01 0.000000000e+00 -5.788027494e-01 0.000000000e+00 0.000000000e+00 1.000000000e+00 0.000000000e+00
-5.023732561e-01 8.646508611e-01 0.000000000e+00 5.848057125e-02 -8.646508611e-01 -5.023732561e-01 0.000000000e+00 -6.009871974e-01 0.000000000e+00 0.000000000e+00 1.000000000e+00 0.000000000e+00
-5.277876115e-01 8.493763813e-01 0.000000000e+00 3.520468331e-02 -8.493763813e-01 -5.277876115e-01 0.000000000e+00 -6.159436094e-01 0.000000000e+00 0.000000000e+00 1.000000000e+00 0.000000000e+00
-5.322391928e-01 8.465940241e-01 0.000000000e+00 4.422158856e-02 -8.465940241e-01 -5.322391928e-01 0.000000000e+00 -6.268881865e-01 0.000000000e+00 0.000000000e+00 1.000000000e+00 0.000000000e+00
-5.640048992e-01 8.257714415e-01 0.000000000e+00 7.357901862e-02 -8.257714415e-01 -5.640048992e-01 0.000000000e+00 -5.815281745e-01 0.000000000e+00 0.000000000e+00 1.000000000e+00 0.000000000e+00
-5.766110952e-01 8.170187543e-01 0.000000000e+00 9.001406428e-02 -8.170187543e-01 -5.766110952e-01 0.000000000e+00 -5.631433220e-01 0.000000000e+00 0.000000000e+00 1.000000000e+00 0.000000000e+00
-5.908473338e-01 8.067833837e-01 0.000000000e+00 1.059434704e-01 -8.067833837e-01 -5.908473338e-01 0.000000000e+00 -5.189083846e-01 0.000000000e+00 0.000000000e+00 1.000000000e+00 0.000000000e+00
-5.855313819e-01 8.106497399e-01 0.000000000e+00 1.213994029e-01 -8.106497399e-01 -5.855313819e-01 0.000000000e+00 -4.962369663e-01 0.000000000e+00 0.000000000e+00 1.000000000e+00 0.000000000e+00
-5.530314761e-01 8.331603606e-01 0.000000000e+00 1.165639427e-01 -8.331603606e-01 -5.530314761e-01 0.000000000e+00 -4.697010916e-01 0.000000000e+00 0.000000000e+00 1.000000000e+00 0.000000000e+00
-5.213123919e-01 8.533659180e-01 0.000000000e+00 1.189722844e-01 -8.533659180e-01 -5.213123919e-01 0.000000000e+00 -4.289383316e-01 0.000000000e+00 0.000000000e+00 1.000000000e+00 0.000000000e+00
-5.528152149e-01 8.333038690e-01 0.000000000e+00 1.864081961e-01 -8.333038690e-01 -5.528152149e-01 0.000000000e+00 -2.773632479e-01 0.000000000e+00 0.000000000e+00 1.000000000e+00 0.000000000e+00
-5.992979151e-01 8.005260826e-01 0.000000000e+00 3.072978447e-01 -8.005260826e-01 -5.992979151e-01 0.000000000e+00 -1.834521373e-01 0.000000000e+00 0.000000000e+00 1.000000000e+00 0.000000000e+00
-6.367074939e-01 7.711054190e-01 0.000000000e+00 4.072384431e-01 -7.711054190e-01 -6.367074939e-01 0.000000000e+00 -1.124143869e-01 0.000000000e+00 0.000000000e+00 1.000000000e+00 0.000000000e+00
-5.556347564e-01 8.314264955e-01 0.000000000e+00 3.871712695e-01 -8.314264955e-01 -5.556347564e-01 0.000000000e+00 -2.064123234e-01 0.000000000e+00 0.000000000e+00 1.000000000e+00 0.000000000e+00
-4.392124083e-01 8.983832481e-01 0.000000000e+00 4.099818362e-01 -8.983832481e-01 -4.392124083e-01 0.000000000e+00 -3.062505339e-01 0.000000000e+00 0.000000000e+00 1.000000000e+00 0.000000000e+00
-3.273981781e-01 9.448864656e-01 0.000000000e+00 4.578481353e-01 -9.448864656e-01 -3.273981781e-01 0.000000000e+00 -3.718538598e-01 0.000000000e+00 0.000000000e+00 1.000000000e+00 0.000000000e+00
-1.539085511e-01 9.880850965e-01 0.000000000e+00 5.207239925e-01 -9.880850965e-01 -1.539085511e-01 0.000000000e+00 -5.158452668e-01 0.000000000e+00 0.000000000e+00 1.000000000e+00 0.000000000e+00
1.156319598e-01 9.932921272e-01 0.000000000e+00 6.162514457e-01 -9.932921272e-01 1.156319598e-01 0.000000000e+00 -7.755526962e-01 0.000000000e+00 0.000000000e+00 1.000000000e+00 0.000000000e+00
3.771438468e-01 9.261546949e-01 0.000000000e+00 7.365048103e-01 -9.261546949e-01 3.771438468e-01 0.000000000e+00 -9.514781431e-01 0.000000000e+00 0.000000000e+00 1.000000000e+00 0.000000000e+00
6.622646557e-01 7.492699953e-01 0.000000000e+00 9.803353528e-01 -7.492699953e-01 6.622646557e-01 0.000000000e+00 -1.188148977e+00 0.000000000e+00 0.000000000e+00 1.000000000e+00 0.000000000e+00
8.307638620e-01 5.566250135e-01 0.000000000e+00 1.209317132e+00 -5.566250135e-01 8.307638620e-01 0.000000000e+00 -1.279167814e+00 0.000000000e+00 0.000000000e+00 1.000000000e+00 0.000000000e+00
8.613019229e-01 5.080934929e-01 0.000000000e+00 1.261310140e+00 -5.080934929e-01 8.613019229e-01 0.000000000e+00 -1.220142022e+00 0.000000000e+00 0.000000000e+00 1.000000000e+00 0.000000000e+00
9.372295014e-01 3.487131511e-01 0.000000000e+00 1.427824737e+00 -3.487131511e-01 9.372295014e-01 0.000000000e+00 -1.240005307e+00 0.000000000e+00 0.000000000e+00 1.000000000e+00 0.000000000e+00
9.999845880e-01 5.551912649e-03 0.000000000e+00 1.726404854e+00 -5.551912649e-03 9.999845880e-01 0.000000000e+00 -1.292870154e+00 0.000000000e+00 0.000000000e+00 1.000000000e+00 0.000000000e+00
9.931199005e-01 -1.171019349e-01 0.000000000e+00 1.852207224e+00 1.171019349e-01 9.931199005e-01 0.000000000e+00 -1.283363487e+00 0.000000000e+00 0.000000000e+00 1.000000000e+00 0.000000000e+00
9.528592527e-01 -3.034126639e-01 0.000000000e+00 2.044112839e+00 3.034126639e-01 9.528592527e-01 0.000000000e+00 -1.233709890e+00 0.000000000e+00 0.000000000e+00 1.000000000e+00 0.000000000e+00
7.816626329e-01 -6.237014737e-01 0.000000000e+00 2.416351521e+00 6.237014737e-01 7.816626329e-01 0.000000000e+00 -1.016287564e+00 0.000000000e+00 0.000000000e+00 1.000000000e+00 0.000000000e+00
4.728253631e-01 -8.811561587e-01 0.000000000e+00 2.712075751e+00 8.811561587e-01 4.728253631e-01 0.000000000e+00 -6.418873350e-01 0.000000000e+00 0.000000000e+00 1.000000000e+00 0.000000000e+00
7.837528529e-02 -9.969239262e-01 0.000000000e+00 2.838688947e+00 9.969239262e-01 7.837528529e-02 0.000000000e+00 -1.743326165e-01 0.000000000e+00 0.000000000e+00 1.000000000e+00 0.000000000e+00
-2.285794944e-01 -9.735252512e-01 0.000000000e+00 2.798505696e+00 9.735252512e-01 -2.285794944e-01 0.000000000e+00 1.571523716e-01 0.000000000e+00 0.000000000e+00 1.000000000e+00 0.000000000e+00
-4.730781024e-01 -8.810204930e-01 0.000000000e+00 2.702692158e+00 8.810204930e-01 -4.730781024e-01 0.000000000e+00 4.094076410e-01 0.000000000e+00 0.000000000e+00 1.000000000e+00 0.000000000e+00
-6.040425924e-01 -7.969520353e-01 0.000000000e+00 2.611079243e+00 7.969520353e-01 -6.040425924e-01 0.000000000e+00 5.183559942e-01 0.000000000e+00 0.000000000e+00 1.000000000e+00 0.000000000e+00
-7.268553083e-01 -6.867906237e-01 0.000000000e+00 2.496366408e+00 6.867906237e-01 -7.268553083e-01 0.000000000e+00 6.255090707e-01 0.000000000e+00 0.000000000e+00 1.000000000e+00 0.000000000e+00
-8.313452689e-01 -5.557562810e-01 0.000000000e+00 2.412633293e+00 5.557562810e-01 -8.313452689e-01 0.000000000e+00 6.916841991e-01 0.000000000e+00 0.000000000e+00 1.000000000e+00 0.000000000e+00
-8.736385151e-01 -4.865755285e-01 0.000000000e+00 2.417122074e+00 4.865755285e-01 -8.736385151e-01 0.000000000e+00 6.935470511e-01 0.000000000e+00 0.000000000e+00 1.000000000e+00 0.000000000e+00
-9.275461378e-01 -3.737086595e-01 0.000000000e+00 2.339683419e+00 3.737086595e-01 -9.275461378e-01 0.000000000e+00 7.205176170e-01 0.000000000e+00 0.000000000e+00 1.000000000e+00 0.000000000e+00
-9.484563399e-01 -3.169078279e-01 0.000000000e+00 2.305152331e+00 3.169078279e-01 -9.484563399e-01 0.000000000e+00 7.345391308e-01 0.000000000e+00 0.000000000e+00 1.000000000e+00 0.000000000e+00
-9.730159357e-01 -2.307379225e-01 0.000000000e+00 2.223172773e+00 2.307379225e-01 -9.730159357e-01 0.000000000e+00 7.418696756e-01 0.000000000e+00 0.000000000e+00 1.000000000e+00 0.000000000e+00
-9.965902437e-01 -8.250991614e-02 0.000000000e+00 2.026381483e+00 8.250991614e-02 -9.965902437e-01 0.000000000e+00 7.707108793e-01 0.000000000e+00 0.000000000e+00 1.000000000e+00 0.000000000e+00
-9.998616594e-01 -1.663316347e-02 0.000000000e+00 1.940980749e+00 1.663316347e-02 -9.998616594e-01 0.000000000e+00 7.720277461e-01 0.000000000e+00 0.000000000e+00 1.000000000e+00 0.000000000e+00
-9.945695848e-01 1.040737286e-01 0.000000000e+00 1.781613091e+00 -1.040737286e-01 -9.945695848e-01 0.000000000e+00 7.565531718e-01 0.000000000e+00 0.000000000e+00 1.000000000e+00 0.000000000e+00
-9.962012583e-01 8.708072704e-02 0.000000000e+00 1.803897012e+00 -8.708072704e-02 -9.962012583e-01 0.000000000e+00 7.600364308e-01 0.000000000e+00 0.000000000e+00 1.000000000e+00 0.000000000e+00
-9.901844274e-01 1.397669479e-01 0.000000000e+00 1.729653456e+00 -1.397669479e-01 -9.901844274e-01 0.000000000e+00 7.546362327e-01 0.000000000e+00 0.000000000e+00 1.000000000e+00 0.000000000e+00
-9.165289274e-01 3.999684053e-01 0.000000000e+00 1.368471954e+00 -3.999684053e-01 -9.165289274e-01 0.000000000e+00 6.444506799e-01 0.000000000e+00 0.000000000e+00 1.000000000e+00 0.000000000e+00
-7.523675772e-01 6.587435228e-01 0.000000000e+00 1.018956097e+00 -6.587435228e-01 -7.523675772e-01 0.000000000e+00 4.100659959e-01 0.000000000e+00 0.000000000e+00 1.000000000e+00 0.000000000e+00
-3.512933915e-01 9.362654288e-01 0.000000000e+00 6.359765832e-01 -9.362654288e-01 -3.512933915e-01 0.000000000e+00 -7.206289349e-02 0.000000000e+00 0.000000000e+00 1.000000000e+00 0.000000000e+00
1.132117422e-01 9.935708839e-01 0.000000000e+00 5.245859820e-01 -9.935708839e-01 1.132117422e-01 0.000000000e+00 -6.300750790e-01 0.000000000e+00 0.000000000e+00 1.000000000e+00 0.000000000e+00
5.762336844e-01 8.172849815e-01 0.000000000e+00 7.057422960e-01 -8.172849815e-01 5.762336844e-01 0.000000000e+00 -1.219498643e+00 0.000000000e+00 0.000000000e+00 1.000000000e+00 0.000000000e+00
9.200078589e-01 3.918999102e-01 0.000000000e+00 1.254843009e+00 -3.918999102e-01 9.200078589e-01 0.000000000e+00 -1.672139135e+00 0.000000000e+00 0.000000000e+00 1.000000000e+00 0.000000000e+00
9.999104453e-01 -1.338287325e-02 0.000000000e+00 1.818038090e+00 1.338287325e-02 9.999104453e-01 0.000000000e+00 -1.791106226e+00 0.000000000e+00 0.000000000e+00 1.000000000e+00 0.000000000e+00
9.628651145e-01 -2.699829091e-01 0.000000000e+00 2.155740549e+00 2.699829091e-01 9.628651145e-01 0.000000000e+00 -1.730996801e+00 0.000000000e+00 0.000000000e+00 1.000000000e+00 0.000000000e+00
9.534758041e-01 -3.014695522e-01 0.000000000e+00 2.184552509e+00 3.014695522e-01 9.534758041e-01 0.000000000e+00 -1.699758147e+00 0.000000000e+00 0.000000000e+00 1.000000000e+00 0.000000000e+00
9.524471919e-01 -3.047037031e-01 0.000000000e+00 2.193395495e+00 3.047037031e-01 9.524471919e-01 0.000000000e+00 -1.698120347e+00 0.000000000e+00 0.000000000e+00 1.000000000e+00 0.000000000e+00
8.534368658e-01 -5.211962356e-01 0.000000000e+00 2.463883804e+00 5.211962356e-01 8.534368658e-01 0.000000000e+00 -1.523989888e+00 0.000000000e+00 0.000000000e+00 1.000000000e+00 0.000000000e+00
8.637592226e-01 -5.039047583e-01 0.000000000e+00 2.462748327e+00 5.039047583e-01 8.637592226e-01 0.000000000e+00 -1.527722540e+00 0.000000000e+00 0.000000000e+00 1.000000000e+00 0.000000000e+00
8.678795430e-01 -4.967746962e-01 0.000000000e+00 2.449768770e+00 4.967746962e-01 8.678795430e-01 0.000000000e+00 -1.536284511e+00 0.000000000e+00 0.000000000e+00 1.000000000e+00 0.000000000e+00
8.878998722e-01 -4.600367561e-01 0.000000000e+00 2.408771512e+00 4.600367561e-01 8.878998722e-01 0.000000000e+00 -1.566514494e+00 0.000000000e+00 0.000000000e+00 1.000000000e+00 0.000000000e+00
9.036531421e-01 -4.282651034e-01 0.000000000e+00 2.347287719e+00 4.282651034e-01 9.036531421e-01 0.000000000e+00 -1.557443811e+00 0.000000000e+00 0.000000000e+00 1.000000000e+00 0.000000000e+00
9.444051531e-01 -3.287839819e-01 0.000000000e+00 2.199019567e+00 3.287839819e-01 9.444051531e-01 0.000000000e+00 -1.596645327e+00 0.000000000e+00 0.000000000e+00 1.000000000e+00 0.000000000e+00
9.719241334e-01 -2.352944515e-01 0.000000000e+00 2.097353116e+00 2.352944515e-01 9.719241334e-01 0.000000000e+00 -1.602002455e+00 0.000000000e+00 0.000000000e+00 1.000000000e+00 0.000000000e+00
9.886584046e-01 -1.501817533e-01 0.000000000e+00 1.993450071e+00 1.501817533e-01 9.886584046e-01 0.000000000e+00 -1.606131126e+00 0.000000000e+00 0.000000000e+00 1.000000000e+00 0.000000000e+00
9.963449614e-01 -8.542082874e-02 0.000000000e+00 1.910431197e+00 8.542082874e-02 9.963449614e-01 0.000000000e+00 -1.622232938e+00 0.000000000e+00 0.000000000e+00 1.000000000e+00 0.000000000e+00
9.999940860e-01 -3.439176995e-03 0.000000000e+00 1.748288426e+00 3.439176995e-03 9.999940860e-01 0.000000000e+00 -1.741193404e+00 0.000000000e+00 0.000000000e+00 1.000000000e+00 0.000000000e+00
9.992828106e-01 -3.786640364e-02 0.000000000e+00 1.741816022e+00 3.786640364e-02 9.992828106e-01 0.000000000e+00 -1.832717359e+00 0.000000000e+00 0.000000000e+00 1.000000000e+00 0.000000000e+00
9.999384928e-01 -1.109101094e-02 0.000000000e+00 1.660282207e+00 1.109101094e-02 9.999384928e-01 0.000000000e+00 -1.916665944e+00 0.000000000e+00 0.000000000e+00 1.000000000e+00 0.000000000e+00
9.680879632e-01 -2.506106451e-01 0.000000000e+00 2.018927184e+00 2.506106451e-01 9.680879632e-01 0.000000000e+00 -1.984986686e+00 0.000000000e+00 0.000000000e+00 1.000000000e+00 0.000000000e+00
8.963144061e-01 -4.434190856e-01 0.000000000e+00 2.299989284e+00 4.434190856e-01 8.963144061e-01 0.000000000e+00 -1.973368193e+00 0.000000000e+00 0.000000000e+00 1.000000000e+00 0.000000000e+00
6.762623420e-01 -7.366608750e-01 0.000000000e+00 2.725314410e+00 7.366608750e-01 6.762623420e-01 0.000000000e+00 -1.749069854e+00 0.000000000e+00 0.000000000e+00 1.000000000e+00 0.000000000e+00
7.554186292e-01 -6.552424701e-01 0.000000000e+00 2.620585951e+00 6.552424701e-01 7.554186292e-01 0.000000000e+00 -1.906049587e+00 0.000000000e+00 0.000000000e+00 1.000000000e+00 0.000000000e+00
6.946422595e-01 -7.193553582e-01 0.000000000e+00 2.687949067e+00 7.193553582e-01 6.946422595e-01 0.000000000e+00 -1.889080330e+00 0.000000000e+00 0.000000000e+00 1.000000000e+00 0.000000000e+00
9.284118510e-01 -3.715527350e-01 0.000000000e+00 2.247956739e+00 3.715527350e-01 9.284118510e-01 0.000000000e+00 -2.276496490e+00 0.000000000e+00 0.000000000e+00 1.000000000e+00 0.000000000e+00
8.681491842e-01 4.963033285e-01 0.000000000e+00 1.085608513e+00 -4.963033285e-01 8.681491842e-01 0.000000000e+00 -2.317260837e+00 0.000000000e+00 0.000000000e+00 1.000000000e+00 0.000000000e+00
7.194836457e-01 6.945093833e-01 0.000000000e+00 7.804118407e-01 -6.945093833e-01 7.194836457e-01 0.000000000e+00 -2.167111776e+00 0.000000000e+00 0.000000000e+00 1.000000000e+00 0.000000000e+00
6.977056339e-01 7.163845675e-01 0.000000000e+00 6.963202042e-01 -7.163845675e-01 6.977056339e-01 0.000000000e+00 -2.160733774e+00 0.000000000e+00 0.000000000e+00 1.000000000e+00 0.000000000e+00
6.797024886e-01 7.334879188e-01 0.000000000e+00 6.395721560e-01 -7.334879188e-01 6.797024886e-01 0.000000000e+00 -2.249808801e+00 0.000000000e+00 0.000000000e+00 1.000000000e+00 0.000000000e+00
7.894186578e-01 6.138551806e-01 0.000000000e+00 7.633764186e-01 -6.138551806e-01 7.894186578e-01 0.000000000e+00 -2.364987886e+00 0.000000000e+00 0.000000000e+00 1.000000000e+00 0.000000000e+00
9.209480838e-01 3.896852922e-01 0.000000000e+00 1.016375105e+00 -3.896852922e-01 9.209480838e-01 0.000000000e+00 -2.503472663e+00 0.000000000e+00 0.000000000e+00 1.000000000e+00 0.000000000e+00
9.732467067e-01 2.297625903e-01 0.000000000e+00 1.165358561e+00 -2.297625903e-01 9.732467067e-01 0.000000000e+00 -2.562015520e+00 0.000000000e+00 0.000000000e+00 1.000000000e+00 0.000000000e+00
9.474112033e-01 3.200187681e-01 0.000000000e+00 1.044945726e+00 -3.200187681e-01 9.474112033e-01 0.000000000e+00 -2.547960332e+00 0.000000000e+00 0.000000000e+00 1.000000000e+00 0.000000000e+00
9.222331010e-01 3.866343330e-01 0.000000000e+00 9.527101878e-01 -3.866343330e-01 9.222331010e-01 0.000000000e+00 -2.514472337e+00 0.000000000e+00 0.000000000e+00 1.000000000e+00 0.000000000e+00
9.233072886e-01 3.840620403e-01 0.000000000e+00 9.573156139e-01 -3.840620403e-01 9.233072886e-01 0.000000000e+00 -2.515818043e+00 0.000000000e+00 0.000000000e+00 1.000000000e+00 0.000000000e+00
9.326036073e-01 3.609023574e-01 0.000000000e+00 9.869403776e-01 -3.609023574e-01 9.326036073e-01 0.000000000e+00 -2.525878634e+00 0.000000000e+00 0.000000000e+00 1.000000000e+00 0.000000000e+00
8.850968724e-01 4.654068398e-01 0.000000000e+00 8.619010526e-01 -4.654068398e-01 8.850968724e-01 0.000000000e+00 -2.490417706e+00 0.000000000e+00 0.000000000e+00 1.000000000e+00 0.000000000e+00
8.445053617e-01 5.355470979e-01 0.000000000e+00 7.838231629e-01 -5.355470979e-01 8.445053617e-01 0.000000000e+00 -2.460930039e+00 0.000000000e+00 0.000000000e+00 1.000000000e+00 0.000000000e+00
6.232910305e-01 7.819899560e-01 0.000000000e+00 5.137519317e-01 -7.819899560e-01 6.232910305e-01 0.000000000e+00 -2.274232769e+00 0.000000000e+00 0.000000000e+00 1.000000000e+00 0.000000000e+00
-1.031603091e-01 9.946647428e-01 0.000000000e+00 2.545545026e-01 -9.946647428e-01 -1.031603091e-01 0.000000000e+00 -1.563257317e+00 0.000000000e+00 0.000000000e+00 1.000000000e+00 0.000000000e+00
-5.065739829e-01 8.621964972e-01 0.000000000e+00 2.808647756e-01 -8.621964972e-01 -5.065739829e-01 0.000000000e+00 -1.190117053e+00 0.000000000e+00 0.000000000e+00 1.000000000e+00 0.000000000e+00
-8.461520685e-01 5.329415325e-01 0.000000000e+00 5.384470983e-01 -5.329415325e-01 -8.461520685e-01 0.000000000e+00 -8.474384360e-01 0.000000000e+00 0.000000000e+00 1.000000000e+00 0.000000000e+00
-9.498171260e-01 3.128057339e-01 0.000000000e+00 7.254385389e-01 -3.128057339e-01 -9.498171260e-01 0.000000000e+00 -6.972735616e-01 0.000000000e+00 0.000000000e+00 1.000000000e+00 0.000000000e+00
-9.477485424e-01 3.190183387e-01 0.000000000e+00 6.458072819e-01 -3.190183387e-01 -9.477485424e-01 0.000000000e+00 -6.577590758e-01 0.000000000e+00 0.000000000e+00 1.000000000e+00 0.000000000e+00
-9.840420004e-01 1.779363408e-01 0.000000000e+00 7.589135200e-01 -1.779363408e-01 -9.840420004e-01 0.000000000e+00 -6.109695261e-01 0.000000000e+00 0.000000000e+00 1.000000000e+00 0.000000000e+00
-9.778418649e-01 2.093449001e-01 0.000000000e+00 6.812743220e-01 -2.093449001e-01 -9.778418649e-01 0.000000000e+00 -5.641474985e-01 0.000000000e+00 0.000000000e+00 1.000000000e+00 0.000000000e+00
-9.732637295e-01 2.296904718e-01 0.000000000e+00 6.255074316e-01 -2.296904718e-01 -9.732637295e-01 0.000000000e+00 -5.218955979e-01 0.000000000e+00 0.000000000e+00 1.000000000e+00 0.000000000e+00
-9.304474485e-01 3.664253616e-01 0.000000000e+00 4.277841326e-01 -3.664253616e-01 -9.304474485e-01 0.000000000e+00 -5.354126149e-01 0.000000000e+00 0.000000000e+00 1.000000000e+00 0.000000000e+00
-8.841732328e-01 4.671591746e-01 0.000000000e+00 2.928823198e-01 -4.671591746e-01 -8.841732328e-01 0.000000000e+00 -5.154630984e-01 0.000000000e+00 0.000000000e+00 1.000000000e+00 0.000000000e+00
-8.230812187e-01 5.679236811e-01 0.000000000e+00 1.399844168e-01 -5.679236811e-01 -8.230812187e-01 0.000000000e+00 -5.321442729e-01 0.000000000e+00 0.000000000e+00 1.000000000e+00 0.000000000e+00
-6.397958036e-01 7.685449432e-01 0.000000000e+00 -1.527906909e-01 -7.685449432e-01 -6.397958036e-01 0.000000000e+00 -7.252870820e-01 0.000000000e+00 0.000000000e+00 1.000000000e+00 0.000000000e+00
-2.743267304e-01 9.616365452e-01 0.000000000e+00 -4.482272364e-01 -9.616365452e-01 -2.743267304e-01 0.000000000e+00 -1.156011669e+00 0.000000000e+00 0.000000000e+00 1.000000000e+00 0.000000000e+00
5.461159385e-02 9.985076734e-01 0.000000000e+00 -5.139082949e-01 -9.985076734e-01 5.461159385e-02 0.000000000e+00 -1.521852129e+00 0.000000000e+00 0.000000000e+00 1.000000000e+00 0.000000000e+00
3.052722407e-01 9.522651202e-01 0.000000000e+00 -5.213274035e-01 -9.522651202e-01 3.052722407e-01 0.000000000e+00 -1.734712552e+00 0.000000000e+00 0.000000000e+00 1.000000000e+00 0.000000000e+00
4.184912999e-01 9.082208057e-01 0.000000000e+00 -4.398378586e-01 -9.082208057e-01 4.184912999e-01 0.000000000e+00 -1.781941810e+00 0.000000000e+00 0.000000000e+00 1.000000000e+00 0.000000000e+00
4.341419792e-01 9.008444604e-01 0.000000000e+00 -4.701916839e-01 -9.008444604e-01 4.341419792e-01 0.000000000e+00 -1.669384538e+00 0.000000000e+00 0.000000000e+00 1.000000000e+00 0.000000000e+00
4.582132075e-01 8.888423125e-01 0.000000000e+00 -5.259762511e-01 -8.888423125e-01 4.582132075e-01 0.000000000e+00 -1.597983615e+00 0.000000000e+00 0.000000000e+00 1.000000000e+00 0.000000000e+00
4.434041372e-01 8.963218011e-01 0.000000000e+00 -6.168974975e-01 -8.963218011e-01 4.434041372e-01 0.000000000e+00 -1.479952100e+00 0.000000000e+00 0.000000000e+00 1.000000000e+00 0.000000000e+00
4.014444154e-01 9.158833885e-01 0.000000000e+00 -6.469888387e-01 -9.158833885e-01 4.014444154e-01 0.000000000e+00 -1.273376711e+00 0.000000000e+00 0.000000000e+00 1.000000000e+00 0.000000000e+00
3.619691020e-01 9.321900928e-01 0.000000000e+00 -5.933219724e-01 -9.321900928e-01 3.619691020e-01 0.000000000e+00 -9.968979631e-01 0.000000000e+00 0.000000000e+00 1.000000000e+00 0.000000000e+00
3.039963505e-01 9.526731963e-01 0.000000000e+00 -5.275721295e-01 -9.526731963e-01 3.039963505e-01 0.000000000e+00 -7.597109520e-01 0.000000000e+00 0.000000000e+00 1.000000000e+00 0.000000000e+00
2.943756887e-01 9.556897791e-01 0.000000000e+00 -3.967563998e-01 -9.556897791e-01 2.943756887e-01 0.000000000e+00 -5.910379137e-01 0.000000000e+00 0.000000000e+00 1.000000000e+00 0.000000000e+00
2.566230839e-01 9.665115585e-01 0.000000000e+00 -2.639011463e-01 -9.665115585e-01 2.566230839e-01 0.000000000e+00 -4.004770479e-01 0.000000000e+00 0.000000000e+00 1.000000000e+00 0.000000000e+00
2.182459049e-01 9.758938083e-01 0.000000000e+00 -1.295764830e-01 -9.758938083e-01 2.182459049e-01 0.000000000e+00 -2.597518691e-01 0.000000000e+00 0.000000000e+00 1.000000000e+00 0.000000000e+00
2.361454898e-01 9.717177099e-01 0.000000000e+00 3.436830470e-02 -9.717177099e-01 2.361454898e-01 0.000000000e+00 -2.188651169e-01 0.000000000e+00 0.000000000e+00 1.000000000e+00 0.000000000e+00
2.775072320e-01 9.607235483e-01 0.000000000e+00 1.967265225e-01 -9.607235483e-01 2.775072320e-01 0.000000000e+00 -2.020431925e-01 0.000000000e+00 0.000000000e+00 1.000000000e+00 0.000000000e+00
2.532635875e-01 9.673973099e-01 0.000000000e+00 3.156446323e-01 -9.673973099e-01 2.532635875e-01 0.000000000e+00 -7.345532730e-02 0.000000000e+00 0.000000000e+00 1.000000000e+00 0.000000000e+00
2.878042131e-01 9.576892685e-01 0.000000000e+00 4.484389496e-01 -9.576892685e-01 2.878042131e-01 0.000000000e+00 -2.998308516e-02 0.000000000e+00 0.000000000e+00 1.000000000e+00 0.000000000e+00
3.754155397e-01 9.268566084e-01 0.000000000e+00 6.156522565e-01 -9.268566084e-01 3.754155397e-01 0.000000000e+00 -2.947391788e-02 0.000000000e+00 0.000000000e+00 1.000000000e+00 0.000000000e+00
3.638415786e-01 9.314608449e-01 0.000000000e+00 7.395472359e-01 -9.314608449e-01 3.638415786e-01 0.000000000e+00 1.002590351e-01 0.000000000e+00 0.000000000e+00 1.000000000e+00 0.000000000e+00
3.428344760e-01 9.393958282e-01 0.000000000e+00 8.419236137e-01 -9.393958282e-01 3.428344760e-01 0.000000000e+00 1.853130613e-01 0.000000000e+00 0.000000000e+00 1.000000000e+00 0.000000000e+00
3.526985242e-01 9.357370095e-01 0.000000000e+00 9.369104304e-01 -9.357370095e-01 3.526985242e-01 0.000000000e+00 2.231324426e-01 0.000000000e+00 0.000000000e+00 1.000000000e+00 0.000000000e+00
4.209966220e-01 9.070622053e-01 0.000000000e+00 1.078128703e+00 -9.070622053e-01 4.209966220e-01 0.000000000e+00 1.697391731e-01 0.000000000e+00 0.000000000e+00 1.000000000e+00 0.000000000e+00
3.968442332e-01 9.178859703e-01 0.000000000e+00 1.154970393e+00 -9.178859703e-01 3.968442332e-01 0.000000000e+00 2.273122636e-01 0.000000000e+00 0.000000000e+00 1.000000000e+00 0.000000000e+00
3.981195604e-01 9.173335357e-01 0.000000000e+00 1.250240134e+00 -9.173335357e-01 3.981195604e-01 0.000000000e+00 2.462853362e-01 0.000000000e+00 0.000000000e+00 1.000000000e+00 0.000000000e+00
3.396263040e-01 9.405604572e-01 0.000000000e+00 1.278394942e+00 -9.405604572e-01 3.396263040e-01 0.000000000e+00 3.133556558e-01 0.000000000e+00 0.000000000e+00 1.000000000e+00 0.000000000e+00
2.678875767e-01 9.634501784e-01 0.000000000e+00 1.310923180e+00 -9.634501784e-01 2.678875767e-01 0.000000000e+00 3.952008010e-01 0.000000000e+00 0.000000000e+00 1.000000000e+00 0.000000000e+00
2.771782790e-01 9.608185061e-01 0.000000000e+00 1.299215909e+00 -9.608185061e-01 2.771782790e-01 0.000000000e+00 3.744394817e-01 0.000000000e+00 0.000000000e+00 1.000000000e+00 0.000000000e+00
2.876841182e-01 9.577253511e-01 0.000000000e+00 1.309962669e+00 -9.577253511e-01 2.876841182e-01 0.000000000e+00 3.856447733e-01 0.000000000e+00 0.000000000e+00 1.000000000e+00 0.000000000e+00
3.188756401e-01 9.477965637e-01 0.000000000e+00 1.319748314e+00 -9.477965637e-01 3.188756401e-01 0.000000000e+00 3.611149009e-01 0.000000000e+00 0.000000000e+00 1.000000000e+00 0.000000000e+00
3.687052949e-01 9.295463439e-01 0.000000000e+00 1.334089918e+00 -9.295463439e-01 3.687052949e-01 0.000000000e+00 3.092261265e-01 0.000000000e+00 0.000000000e+00 1.000000000e+00 0.000000000e+00
5.055002507e-01 8.628264579e-01 0.000000000e+00 1.389722556e+00 -8.628264579e-01 5.055002507e-01 0.000000000e+00 1.485808050e-01 0.000000000e+00 0.000000000e+00 1.000000000e+00 0.000000000e+00
6.082143645e-01 7.937728181e-01 0.000000000e+00 1.494909400e+00 -7.937728181e-01 6.082143645e-01 0.000000000e+00 2.410931786e-02 0.000000000e+00 0.000000000e+00 1.000000000e+00 0.000000000e+00
7.112435403e-01 7.029456781e-01 0.000000000e+00 1.628052336e+00 -7.029456781e-01 7.112435403e-01 0.000000000e+00 -8.078115994e-02 0.000000000e+00 0.000000000e+00 1.000000000e+00 0.000000000e+00
8.097434947e-01 5.867840087e-01 0.000000000e+00 1.797389315e+00 -5.867840087e-01 8.097434947e-01 0.000000000e+00 -2.090915102e-01 0.000000000e+00 0.000000000e+00 1.000000000e+00 0.000000000e+00
7.870832323e-01 6.168468087e-01 0.000000000e+00 1.798418198e+00 -6.168468087e-01 7.870832323e-01 0.000000000e+00 -1.500964909e-01 0.000000000e+00 0.000000000e+00 1.000000000e+00 0.000000000e+00
7.684240365e-01 6.399410130e-01 0.000000000e+00 1.819050702e+00 -6.399410130e-01 7.684240365e-01 0.000000000e+00 -9.634699873e-02 0.000000000e+00 0.000000000e+00 1.000000000e+00 0.000000000e+00
7.620804546e-01 6.474823401e-01 0.000000000e+00 1.858774309e+00 -6.474823401e-01 7.620804546e-01 0.000000000e+00 -5.903457181e-02 0.000000000e+00 0.000000000e+00 1.000000000e+00 0.000000000e+00
7.598006388e-01 6.501561269e-01 0.000000000e+00 1.886055864e+00 -6.501561269e-01 7.598006388e-01 0.000000000e+00 -2.792832424e-02 0.000000000e+00 0.000000000e+00 1.000000000e+00 0.000000000e+00
8.012926468e-01 5.982725919e-01 0.000000000e+00 2.002238534e+00 -5.982725919e-01 8.012926468e-01 0.000000000e+00 -5.282447073e-02 0.000000000e+00 0.000000000e+00 1.000000000e+00 0.000000000e+00
8.523756189e-01 5.229300186e-01 0.000000000e+00 2.124694028e+00 -5.229300186e-01 8.523756189e-01 0.000000000e+00 -9.174325558e-02 0.000000000e+00 0.000000000e+00 1.000000000e+00 0.000000000e+00
8.865293494e-01 4.626723600e-01 0.000000000e+00 2.200367450e+00 -4.626723600e-01 8.865293494e-01 0.000000000e+00 -1.259310664e-01 0.000000000e+00 0.000000000e+00 1.000000000e+00 0.000000000e+00
8.695418014e-01 4.938593479e-01 0.000000000e+00 2.190322327e+00 -4.938593479e-01 8.695418014e-01 0.000000000e+00 -1.093952361e-01 0.000000000e+00 0.000000000e+00 1.000000000e+00 0.000000000e+00
8.392659351e-01 5.437211512e-01 0.000000000e+00 2.150969024e+00 -5.437211512e-01 8.392659351e-01 0.000000000e+00 -7.517490548e-02 0.000000000e+00 0.000000000e+00 1.000000000e+00 0.000000000e+00
8.153177656e-01 5.790137659e-01 0.000000000e+00 2.111986753e+00 -5.790137659e-01 8.153177656e-01 0.000000000e+00 -4.506275589e-02 0.000000000e+00 0.000000000e+00 1.000000000e+00 0.000000000e+00
7.457950601e-01 6.661754486e-01 0.000000000e+00 2.009162125e+00 -6.661754486e-01 7.457950601e-01 0.000000000e+00 4.635042972e-02 0.000000000e+00 0.000000000e+00 1.000000000e+00 0.000000000e+00
6.373480192e-01 7.705760848e-01 0.000000000e+00 1.871049232e+00 -7.705760848e-01 6.373480192e-01 0.000000000e+00 1.791981031e-01 0.000000000e+00 0.000000000e+00 1.000000000e+00 0.000000000e+00
6.398982331e-01 7.684596615e-01 0.000000000e+00 1.874407455e+00 -7.684596615e-01 6.398982331e-01 0.000000000e+00 1.763397693e-01 0.000000000e+00 0.000000000e+00 1.000000000e+00 0.000000000e+00
6.755331005e-01 7.373296618e-01 0.000000000e+00 1.911604295e+00 -7.373296618e-01 6.755331005e-01 0.000000000e+00 1.360905683e-01 0.000000000e+00 0.000000000e+00 1.000000000e+00 0.000000000e+00
6.893686902e-01 7.244106632e-01 0.000000000e+00 1.926203519e+00 -7.244106632e-01 6.893686902e-01 0.000000000e+00 1.232646569e-01 0.000000000e+00 0.000000000e+00 1.000000000e+00 0.000000000e+00
7.145394980e-01 6.995951013e-01 0.000000000e+00 1.939503877e+00 -6.995951013e-01 7.145394980e-01 0.000000000e+00 7.828329218e-02 0.000000000e+00 0.000000000e+00 1.000000000e+00 0.000000000e+00
7.490504998e-01 6.625129046e-01 0.000000000e+00 1.952783066e+00 -6.625129046e-01 7.490504998e-01 0.000000000e+00 1.933550284e-02 0.000000000e+00 0.000000000e+00 1.000000000e+00 0.000000000e+00
8.085458969e-01 5.884331164e-01 0.000000000e+00 1.993097846e+00 -5.884331164e-01 8.085458969e-01 0.000000000e+00 -7.934639074e-02 0.000000000e+00 0.000000000e+00 1.000000000e+00 0.000000000e+00
7.689453504e-01 6.393145142e-01 0.000000000e+00 1.882369899e+00 -6.393145142e-01 7.689453504e-01 0.000000000e+00 -4.000889795e-02 0.000000000e+00 0.000000000e+00 1.000000000e+00 0.000000000e+00
6.876142783e-01 7.260761698e-01 0.000000000e+00 1.739131499e+00 -7.260761698e-01 6.876142783e-01 0.000000000e+00 4.412354707e-02 0.000000000e+00 0.000000000e+00 1.000000000e+00 0.000000000e+00
6.858908490e-01 7.277044340e-01 0.000000000e+00 1.684561667e+00 -7.277044340e-01 6.858908490e-01 0.000000000e+00 1.084041938e-02 0.000000000e+00 0.000000000e+00 1.000000000e+00 0.000000000e+00
6.492165993e-01 7.606035809e-01 0.000000000e+00 1.624659197e+00 -7.606035809e-01 6.492165993e-01 0.000000000e+00 2.764877705e-02 0.000000000e+00 0.000000000e+00 1.000000000e+00 0.000000000e+00
6.593614065e-01 7.518261339e-01 0.000000000e+00 1.658300485e+00 -7.518261339e-01 6.593614065e-01 0.000000000e+00 1.409843589e-02 0.000000000e+00 0.000000000e+00 1.000000000e+00 0.000000000e+00
6.704942320e-01 7.419147423e-01 0.000000000e+00 1.686145479e+00 -7.419147423e-01 6.704942320e-01 0.000000000e+00 3.196340002e-05 0.000000000e+00 0.000000000e+00 1.000000000e+00 0.000000000e+00
6.907253883e-01 7.231171675e-01 0.000000000e+00 1.727689520e+00 -7.231171675e-01 6.907253883e-01 0.000000000e+00 -3.806664228e-02 0.000000000e+00 0.000000000e+00 1.000000000e+00 0.000000000e+00
7.142148565e-01 6.999265238e-01 0.000000000e+00 1.763800716e+00 -6.999265238e-01 7.142148565e-01 0.000000000e+00 -6.668981567e-02 0.000000000e+00 0.000000000e+00 1.000000000e+00 0.000000000e+00
6.960930276e-01 7.179515979e-01 0.000000000e+00 1.745501510e+00 -7.179515979e-01 6.960930276e-01 0.000000000e+00 -4.760718887e-02 0.000000000e+00 0.000000000e+00 1.000000000e+00 0.000000000e+00
6.810004144e-01 7.322830297e-01 0.000000000e+00 1.727798570e+00 -7.322830297e-01 6.810004144e-01 0.000000000e+00 -2.462389948e-02 0.000000000e+00 0.000000000e+00 1.000000000e+00 0.000000000e+00
7.444089116e-01 6.677240241e-01 0.000000000e+00 1.797359894e+00 -6.677240241e-01 7.444089116e-01 0.000000000e+00 -9.867667058e-02 0.000000000e+00 0.000000000e+00 1.000000000e+00 0.000000000e+00
7.797599129e-01 6.260786518e-01 0.000000000e+00 1.830033124e+00 -6.260786518e-01 7.797599129e-01 0.000000000e+00 -1.534797765e-01 0.000000000e+00 0.000000000e+00 1.000000000e+00 0.000000000e+00
8.110669230e-01 5.849533711e-01 0.000000000e+00 1.862507074e+00 -5.849533711e-01 8.110669230e-01 0.000000000e+00 -1.764263785e-01 0.000000000e+00 0.000000000e+00 1.000000000e+00 0.000000000e+00
8.503177849e-01 5.262695741e-01 0.000000000e+00 1.923931765e+00 -5.262695741e-01 8.503177849e-01 0.000000000e+00 -2.147349600e-01 0.000000000e+00 0.000000000e+00 1.000000000e+00 0.000000000e+00
8.595492817e-01 5.110528664e-01 0.000000000e+00 1.941066193e+00 -5.110528664e-01 8.595492817e-01 0.000000000e+00 -1.911948523e-01 0.000000000e+00 0.000000000e+00 1.000000000e+00 0.000000000e+00
8.144848421e-01 5.801848344e-01 0.000000000e+00 1.862489279e+00 -5.801848344e-01 8.144848421e-01 0.000000000e+00 -7.978986687e-02 0.000000000e+00 0.000000000e+00 1.000000000e+00 0.000000000e+00
7.479438090e-01 6.637620496e-01 0.000000000e+00 1.758762217e+00 -6.637620496e-01 7.479438090e-01 0.000000000e+00 2.172496565e-02 0.000000000e+00 0.000000000e+00 1.000000000e+00 0.000000000e+00
6.691978537e-01 7.430842702e-01 0.000000000e+00 1.668133782e+00 -7.430842702e-01 6.691978537e-01 0.000000000e+00 1.546039031e-01 0.000000000e+00 0.000000000e+00 1.000000000e+00 0.000000000e+00
6.442666633e-01 7.648009327e-01 0.000000000e+00 1.648897741e+00 -7.648009327e-01 6.442666633e-01 0.000000000e+00 2.416560804e-01 0.000000000e+00 0.000000000e+00 1.000000000e+00 0.000000000e+00
5.855029836e-01 8.106702512e-01 0.000000000e+00 1.579172902e+00 -8.106702512e-01 5.855029836e-01 0.000000000e+00 3.306796202e-01 0.000000000e+00 0.000000000e+00 1.000000000e+00 0.000000000e+00
5.355983386e-01 8.444728650e-01 0.000000000e+00 1.528323243e+00 -8.444728650e-01 5.355983386e-01 0.000000000e+00 4.015866311e-01 0.000000000e+00 0.000000000e+00 1.000000000e+00 0.000000000e+00
4.393499936e-01 8.983159707e-01 0.000000000e+00 1.453487104e+00 -8.983159707e-01 4.393499936e-01 0.000000000e+00 5.236274629e-01 0.000000000e+00 0.000000000e+00 1.000000000e+00 0.000000000e+00
3.811870974e-01 9.244979161e-01 0.000000000e+00 1.402973417e+00 -9.244979161e-01 3.811870974e-01 0.000000000e+00 5.519889994e-01 0.000000000e+00 0.000000000e+00 1.000000000e+00 0.000000000e+00
3.355465591e-01 9.420236232e-01 0.000000000e+00 1.377858179e+00 -9.420236232e-01 3.355465591e-01 0.000000000e+00 5.653556549e-01 0.000000000e+00 0.000000000e+00 1.000000000e+00 0.000000000e+00
3.516716331e-01 9.361234227e-01 0.000000000e+00 1.352902900e+00 -9.361234227e-01 3.516716331e-01 0.000000000e+00 4.808580781e-01 0.000000000e+00 0.000000000e+00 1.000000000e+00 0.000000000e+00
3.079112903e-01 9.514150710e-01 0.000000000e+00 1.284507043e+00 -9.514150710e-01 3.079112903e-01 0.000000000e+00 4.885823206e-01 0.000000000e+00 0.000000000e+00 1.000000000e+00 0.000000000e+00
2.886824980e-01 9.574248876e-01 0.000000000e+00 1.218609274e+00 -9.574248876e-01 2.886824980e-01 0.000000000e+00 4.820091552e-01 0.000000000e+00 0.000000000e+00 1.000000000e+00 0.000000000e+00
2.954277466e-01 9.553650855e-01 0.000000000e+00 1.154419457e+00 -9.553650855e-01 2.954277466e-01 0.000000000e+00 4.361418010e-01 0.000000000e+00 0.000000000e+00 1.000000000e+00 0.000000000e+00
2.359483369e-01 9.717656005e-01 0.000000000e+00 1.058335000e+00 -9.717656005e-01 2.359483369e-01 0.000000000e+00 5.116076808e-01 0.000000000e+00 0.000000000e+00 1.000000000e+00 0.000000000e+00
1.706974629e-01 9.853234881e-01 0.000000000e+00 9.746354760e-01 -9.853234881e-01 1.706974629e-01 0.000000000e+00 5.882491125e-01 0.000000000e+00 0.000000000e+00 1.000000000e+00 0.000000000e+00
1.312362078e-01 9.913511274e-01 0.000000000e+00 9.068377557e-01 -9.913511274e-01 1.312362078e-01 0.000000000e+00 6.386513679e-01 0.000000000e+00 0.000000000e+00 1.000000000e+00 0.000000000e+00
6.554124302e-02 9.978498612e-01 0.000000000e+00 8.285752429e-01 -9.978498612e-01 6.554124302e-02 0.000000000e+00 7.385942550e-01 0.000000000e+00 0.000000000e+00 1.000000000e+00 0.000000000e+00
-7.721751977e-02 9.970142700e-01 0.000000000e+00 7.826895833e-01 -9.970142700e-01 -7.721751977e-02 0.000000000e+00 9.501539729e-01 0.000000000e+00 0.000000000e+00 1.000000000e+00 0.000000000e+00
-2.002802759e-01 9.797386443e-01 0.000000000e+00 7.614212333e-01 -9.797386443e-01 -2.002802759e-01 0.000000000e+00 1.141297840e+00 0.000000000e+00 0.000000000e+00 1.000000000e+00 0.000000000e+00
-3.051028309e-01 9.523194121e-01 0.000000000e+00 7.607462712e-01 -9.523194121e-01 -3.051028309e-01 0.000000000e+00 1.287768338e+00 0.000000000e+00 0.000000000e+00 1.000000000e+00 0.000000000e+00
-4.062551552e-01 9.137596779e-01 0.000000000e+00 7.635234052e-01 -9.137596779e-01 -4.062551552e-01 0.000000000e+00 1.441583813e+00 0.000000000e+00 0.000000000e+00 1.000000000e+00 0.000000000e+00
-4.501405928e-01 8.929576959e-01 0.000000000e+00 7.215446987e-01 -8.929576959e-01 -4.501405928e-01 0.000000000e+00 1.509164243e+00 0.000000000e+00 0.000000000e+00 1.000000000e+00 0.000000000e+00
-5.544866265e-01 8.321926346e-01 0.000000000e+00 7.474798742e-01 -8.321926346e-01 -5.544866265e-01 0.000000000e+00 1.662639991e+00 0.000000000e+00 0.000000000e+00 1.000000000e+00 0.000000000e+00
-6.841530658e-01 7.293384554e-01 0.000000000e+00 8.562055724e-01 -7.293384554e-01 -6.841530658e-01 0.000000000e+00 1.855613616e+00 0.000000000e+00 0.000000000e+00 1.000000000e+00 0.000000000e+00
-7.501093727e-01 6.613137901e-01 0.000000000e+00 9.502692327e-01 -6.613137901e-01 -7.501093727e-01 0.000000000e+00 1.967673487e+00 0.000000000e+00 0.000000000e+00 1.000000000e+00 0.000000000e+00
-8.436479105e-01 5.368968272e-01 0.000000000e+00 1.135513394e+00 -5.368968272e-01 -8.436479105e-01 0.000000000e+00 2.125973831e+00 0.000000000e+00 0.000000000e+00 1.000000000e+00 0.000000000e+00
-8.874472096e-01 4.609093731e-01 0.000000000e+00 1.166273100e+00 -4.609093731e-01 -8.874472096e-01 0.000000000e+00 2.228316143e+00 0.000000000e+00 0.000000000e+00 1.000000000e+00 0.000000000e+00
-9.142608496e-01 4.051260283e-01 0.000000000e+00 1.196762096e+00 -4.051260283e-01 -9.142608496e-01 0.000000000e+00 2.305655516e+00 0.000000000e+00 0.000000000e+00 1.000000000e+00 0.000000000e+00
-9.360799666e-01 3.517872882e-01 0.000000000e+00 1.233255557e+00 -3.517872882e-01 -9.360799666e-01 0.000000000e+00 2.383097024e+00 0.000000000e+00 0.000000000e+00 1.000000000e+00 0.000000000e+00
-9.171954089e-01 3.984376763e-01 0.000000000e+00 1.129668427e+00 -3.984376763e-01 -9.171954089e-01 0.000000000e+00 2.379822142e+00 0.000000000e+00 0.000000000e+00 1.000000000e+00 0.000000000e+00
-9.012742508e-01 4.332490332e-01 0.000000000e+00 1.076638486e+00 -4.332490332e-01 -9.012742508e-01 0.000000000e+00 2.429613583e+00 0.000000000e+00 0.000000000e+00 1.000000000e+00 0.000000000e+00
-9.062496578e-01 4.227428979e-01 0.000000000e+00 1.070253631e+00 -4.227428979e-01 -9.062496578e-01 0.000000000e+00 2.513058313e+00 0.000000000e+00 0.000000000e+00 1.000000000e+00 0.000000000e+00
-8.960308089e-01 4.439918799e-01 0.000000000e+00 1.011623934e+00 -4.439918799e-01 -8.960308089e-01 0.000000000e+00 2.574984887e+00 0.000000000e+00 0.000000000e+00 1.000000000e+00 0.000000000e+00
-9.026607793e-01 4.303527826e-01 0.000000000e+00 9.942514134e-01 -4.303527826e-01 -9.026607793e-01 0.000000000e+00 2.660597299e+00 0.000000000e+00 0.000000000e+00 1.000000000e+00 0.000000000e+00
-8.729181399e-01 4.878667042e-01 0.000000000e+00 8.445124281e-01 -4.878667042e-01 -8.729181399e-01 0.000000000e+00 2.709442560e+00 0.000000000e+00 0.000000000e+00 1.000000000e+00 0.000000000e+00
-8.609354785e-01 5.087141652e-01 0.000000000e+00 7.411222347e-01 -5.087141652e-01 -8.609354785e-01 0.000000000e+00 2.764201009e+00 0.000000000e+00 0.000000000e+00 1.000000000e+00 0.000000000e+00
-8.814921521e-01 4.721986720e-01 0.000000000e+00 7.495655651e-01 -4.721986720e-01 -8.814921521e-01 0.000000000e+00 2.846197288e+00 0.000000000e+00 0.000000000e+00 1.000000000e+00 0.000000000e+00
-8.924900456e-01 4.510670887e-01 0.000000000e+00 7.518699756e-01 -4.510670887e-01 -8.924900456e-01 0.000000000e+00 2.883615010e+00 0.000000000e+00 0.000000000e+00 1.000000000e+00 0.000000000e+00
-9.038423328e-01 4.278656770e-01 0.000000000e+00 7.439771474e-01 -4.278656770e-01 -9.038423328e-01 0.000000000e+00 2.912328777e+00 0.000000000e+00 0.000000000e+00 1.000000000e+00 0.000000000e+00
-9.218604461e-01 3.875220224e-01 0.000000000e+00 7.838560213e-01 -3.875220224e-01 -9.218604461e-01 0.000000000e+00 2.918019516e+00 0.000000000e+00 0.000000000e+00 1.000000000e+00 0.000000000e+00
-9.334269856e-01 3.587674212e-01 0.000000000e+00 8.166400364e-01 -3.587674212e-01 -9.334269856e-01 0.000000000e+00 2.915767351e+00 0.000000000e+00 0.000000000e+00 1.000000000e+00 0.000000000e+00
-9.437458563e-01 3.306716780e-01 0.000000000e+00 8.325386732e-01 -3.306716780e-01 -9.437458563e-01 0.000000000e+00 2.910469634e+00 0.000000000e+00 0.000000000e+00 1.000000000e+00 0.000000000e+00
-9.406586774e-01 3.393541699e-01 0.000000000e+00 7.921124991e-01 -3.393541699e-01 -9.406586774e-01 0.000000000e+00 2.858019296e+00 0.000000000e+00 0.000000000e+00 1.000000000e+00 0.000000000e+00
-9.431333313e-01 3.324146798e-01 0.000000000e+00 8.020965933e-01 -3.324146798e-01 -9.431333313e-01 0.000000000e+00 2.836802751e+00 0.000000000e+00 0.000000000e+00 1.000000000e+00 0.000000000e+00
-9.706101900e-01 2.406571401e-01 0.000000000e+00 9.312440993e-01 -2.406571401e-01 -9.706101900e-01 0.000000000e+00 2.874089433e+00 0.000000000e+00 0.000000000e+00 1.000000000e+00 0.000000000e+00
-9.859503595e-01 1.670385844e-01 0.000000000e+00 1.047087087e+00 -1.670385844e-01 -9.859503595e-01 0.000000000e+00 2.911047717e+00 0.000000000e+00 0.000000000e+00 1.000000000e+00 0.000000000e+00
-9.912107876e-01 1.322920049e-01 0.000000000e+00 1.073005733e+00 -1.322920049e-01 -9.912107876e-01 0.000000000e+00 2.922214055e+00 0.000000000e+00 0.000000000e+00 1.000000000e+00 0.000000000e+00
-9.921517257e-01 1.250398067e-01 0.000000000e+00 1.043748861e+00 -1.250398067e-01 -9.921517257e-01 0.000000000e+00 2.948168575e+00 0.000000000e+00 0.000000000e+00 1.000000000e+00 0.000000000e+00
-9.913357891e-01 1.313520201e-01 0.000000000e+00 9.785000018e-01 -1.313520201e-01 -9.913357891e-01 0.000000000e+00 2.976798667e+00 0.000000000e+00 0.000000000e+00 1.000000000e+00 0.000000000e+00
-9.980698023e-01 6.210209175e-02 0.000000000e+00 1.035107165e+00 -6.210209175e-02 -9.980698023e-01 0.000000000e+00 3.030706209e+00 0.000000000e+00 0.000000000e+00 1.000000000e+00 0.000000000e+00
-9.999929886e-01 -3.744692103e-03 0.000000000e+00 1.089874885e+00 3.744692103e-03 -9.999929886e-01 0.000000000e+00 3.079095824e+00 0.000000000e+00 0.000000000e+00 1.000000000e+00 0.000000000e+00
-9.989298911e-01 -4.625011001e-02 0.000000000e+00 1.122137563e+00 4.625011001e-02 -9.989298911e-01 0.000000000e+00 3.130740384e+00 0.000000000e+00 0.000000000e+00 1.000000000e+00 0.000000000e+00
-9.861898366e-01 -1.656188582e-01 0.000000000e+00 1.213247948e+00 1.656188582e-01 -9.861898366e-01 0.000000000e+00 3.182625802e+00 0.000000000e+00 0.000000000e+00 1.000000000e+00 0.000000000e+00
-9.624165020e-01 -2.715777544e-01 0.000000000e+00 1.308107548e+00 2.715777544e-01 -9.624165020e-01 0.000000000e+00 3.223826699e+00 0.000000000e+00 0.000000000e+00 1.000000000e+00 0.000000000e+00
-9.219870034e-01 -3.872208227e-01 0.000000000e+00 1.453748092e+00 3.872208227e-01 -9.219870034e-01 0.000000000e+00 3.235730779e+00 0.000000000e+00 0.000000000e+00 1.000000000e+00 0.000000000e+00
-8.831719106e-01 -4.690494392e-01 0.000000000e+00 1.535154376e+00 4.690494392e-01 -8.831719106e-01 0.000000000e+00 3.247536064e+00 0.000000000e+00 0.000000000e+00 1.000000000e+00 0.000000000e+00
-8.126754834e-01 -5.827165337e-01 0.000000000e+00 1.644244134e+00 5.827165337e-01 -8.126754834e-01 0.000000000e+00 3.201709909e+00 0.000000000e+00 0.000000000e+00 1.000000000e+00 0.000000000e+00
-7.506455883e-01 -6.607050785e-01 0.000000000e+00 1.754570161e+00 6.607050785e-01 -7.506455883e-01 0.000000000e+00 3.111736232e+00 0.000000000e+00 0.000000000e+00 1.000000000e+00 0.000000000e+00
-6.584073617e-01 -7.526617740e-01 0.000000000e+00 1.897923372e+00 7.526617740e-01 -6.584073617e-01 0.000000000e+00 2.955067800e+00 0.000000000e+00 0.000000000e+00 1.000000000e+00 0.000000000e+00
-5.319491177e-01 -8.467763200e-01 0.000000000e+00 2.039035611e+00 8.467763200e-01 -5.319491177e-01 0.000000000e+00 2.764705780e+00 0.000000000e+00 0.000000000e+00 1.000000000e+00 0.000000000e+00
-3.978389923e-01 -9.174552502e-01 0.000000000e+00 2.147873255e+00 9.174552502e-01 -3.978389923e-01 0.000000000e+00 2.560708594e+00 0.000000000e+00 0.000000000e+00 1.000000000e+00 0.000000000e+00
-2.764874451e-01 -9.610175299e-01 0.000000000e+00 2.210467416e+00 9.610175299e-01 -2.764874451e-01 0.000000000e+00 2.384378007e+00 0.000000000e+00 0.000000000e+00 1.000000000e+00 0.000000000e+00
-1.353937333e-01 -9.907918737e-01 0.000000000e+00 2.251717051e+00 9.907918737e-01 -1.353937333e-01 0.000000000e+00 2.179614125e+00 0.000000000e+00 0.000000000e+00 1.000000000e+00 0.000000000e+00
-6.456065006e-02 -9.979137851e-01 0.000000000e+00 2.237502846e+00 9.979137851e-01 -6.456065006e-02 0.000000000e+00 2.017059777e+00 0.000000000e+00 0.000000000e+00 1.000000000e+00 0.000000000e+00
4.409074973e-02 -9.990275300e-01 0.000000000e+00 2.202266673e+00 9.990275300e-01 4.409074973e-02 0.000000000e+00 1.829763511e+00 0.000000000e+00 0.000000000e+00 1.000000000e+00 0.000000000e+00
1.945113869e-01 -9.809002602e-01 0.000000000e+00 2.135741405e+00 9.809002602e-01 1.945113869e-01 0.000000000e+00 1.581631991e+00 0.000000000e+00 0.000000000e+00 1.000000000e+00 0.000000000e+00
3.449299550e-01 -9.386284282e-01 0.000000000e+00 2.025219510e+00 9.386284282e-01 3.449299550e-01 0.000000000e+00 1.358368938e+00 0.000000000e+00 0.000000000e+00 1.000000000e+00 0.000000000e+00
4.987751070e-01 -8.667314421e-01 0.000000000e+00 1.885579113e+00 8.667314421e-01 4.987751070e-01 0.000000000e+00 1.123433771e+00 0.000000000e+00 0.000000000e+00 1.000000000e+00 0.000000000e+00
6.341180771e-01 -7.732362280e-01 0.000000000e+00 1.713124852e+00 7.732362280e-01 6.341180771e-01 0.000000000e+00 9.220078403e-01 0.000000000e+00 0.000000000e+00 1.000000000e+00 0.000000000e+00
7.525686041e-01 -6.585138542e-01 0.000000000e+00 1.503690181e+00 6.585138542e-01 7.525686041e-01 0.000000000e+00 7.356807776e-01 0.000000000e+00 0.000000000e+00 1.000000000e+00 0.000000000e+00
8.269581916e-01 -5.622634164e-01 0.000000000e+00 1.331572931e+00 5.622634164e-01 8.269581916e-01 0.000000000e+00 6.379199668e-01 0.000000000e+00 0.000000000e+00 1.000000000e+00 0.000000000e+00
8.792352321e-01 -4.763878742e-01 0.000000000e+00 1.174902393e+00 4.763878742e-01 8.792352321e-01 0.000000000e+00 5.997263617e-01 0.000000000e+00 0.000000000e+00 1.000000000e+00 0.000000000e+00
9.446511104e-01 -3.280766368e-01 0.000000000e+00 9.265453580e-01 3.280766368e-01 9.446511104e-01 0.000000000e+00 5.379804690e-01 0.000000000e+00 0.000000000e+00 1.000000000e+00 0.000000000e+00
9.837446097e-01 -1.795732241e-01 0.000000000e+00 6.879459754e-01 1.795732241e-01 9.837446097e-01 0.000000000e+00 5.235585763e-01 0.000000000e+00 0.000000000e+00 1.000000000e+00 0.000000000e+00
9.910314157e-01 1.336290875e-01 0.000000000e+00 2.054382984e-01 -1.336290875e-01 9.910314157e-01 0.000000000e+00 5.724939235e-01 0.000000000e+00 0.000000000e+00 1.000000000e+00 0.000000000e+00
9.636024282e-01 2.673394104e-01 0.000000000e+00 1.375253474e-02 -2.673394104e-01 9.636024282e-01 0.000000000e+00 6.570305120e-01 0.000000000e+00 0.000000000e+00 1.000000000e+00 0.000000000e+00
9.599108628e-01 2.803054326e-01 0.000000000e+00 -8.275183384e-03 -2.803054326e-01 9.599108628e-01 0.000000000e+00 6.612088114e-01 0.000000000e+00 0.000000000e+00 1.000000000e+00 0.000000000e+00
9.581501427e-01 2.862661420e-01 0.000000000e+00 4.215480196e-03 -2.862661420e-01 9.581501427e-01 0.000000000e+00 6.869553860e-01 0.000000000e+00 0.000000000e+00 1.000000000e+00 0.000000000e+00
9.321266727e-01 3.621323875e-01 0.000000000e+00 -5.787692889e-02 -3.621323875e-01 9.321266727e-01 0.000000000e+00 7.185175153e-01 0.000000000e+00 0.000000000e+00 1.000000000e+00 0.000000000e+00
9.160658559e-01 4.010278639e-01 0.000000000e+00 -9.552144044e-02 -4.010278639e-01 9.160658559e-01 0.000000000e+00 7.000493935e-01 0.000000000e+00 0.000000000e+00 1.000000000e+00 0.000000000e+00
9.017542659e-01 4.322490531e-01 0.000000000e+00 -1.565024426e-01 -4.322490531e-01 9.017542659e-01 0.000000000e+00 7.170575558e-01 0.000000000e+00 0.000000000e+00 1.000000000e+00 0.000000000e+00
8.758544042e-01 4.825754476e-01 0.000000000e+00 -2.277502111e-01 -4.825754476e-01 8.758544042e-01 0.000000000e+00 7.650819170e-01 0.000000000e+00 0.000000000e+00 1.000000000e+00 0.000000000e+00
8.199314475e-01 5.724617204e-01 0.000000000e+00 -3.617803636e-01 -5.724617204e-01 8.199314475e-01 0.000000000e+00 8.520784228e-01 0.000000000e+00 0.000000000e+00 1.000000000e+00 0.000000000e+00
8.128783246e-01 5.824335408e-01 0.000000000e+00 -3.850532698e-01 -5.824335408e-01 8.128783246e-01 0.000000000e+00 8.595298140e-01 0.000000000e+00 0.000000000e+00 1.000000000e+00 0.000000000e+00
8.154890522e-01 5.787724991e-01 0.000000000e+00 -3.934319182e-01 -5.787724991e-01 8.154890522e-01 0.000000000e+00 8.623733649e-01 0.000000000e+00 0.000000000e+00 1.000000000e+00 0.000000000e+00
8.105813287e-01 5.856260834e-01 0.000000000e+00 -4.317394836e-01 -5.856260834e-01 8.105813287e-01 0.000000000e+00 8.687847982e-01 0.000000000e+00 0.000000000e+00 1.000000000e+00 0.000000000e+00
8.162847875e-01 5.776496739e-01 0.000000000e+00 -4.083467074e-01 -5.776496739e-01 8.162847875e-01 0.000000000e+00 8.553996799e-01 0.000000000e+00 0.000000000e+00 1.000000000e+00 0.000000000e+00
8.239240323e-01 5.667002637e-01 0.000000000e+00 -3.437817521e-01 -5.667002637e-01 8.239240323e-01 0.000000000e+00 8.456055929e-01 0.000000000e+00 0.000000000e+00 1.000000000e+00 0.000000000e+00
8.245417387e-01 5.658011322e-01 0.000000000e+00 -2.973689224e-01 -5.658011322e-01 8.245417387e-01 0.000000000e+00 8.460477368e-01 0.000000000e+00 0.000000000e+00 1.000000000e+00 0.000000000e+00
7.661434801e-01 6.426695636e-01 0.000000000e+00 -3.653332442e-01 -6.426695636e-01 7.661434801e-01 0.000000000e+00 9.527776175e-01 0.000000000e+00 0.000000000e+00 1.000000000e+00 0.000000000e+00
7.164889336e-01 6.975984576e-01 0.000000000e+00 -3.934779162e-01 -6.975984576e-01 7.164889336e-01 0.000000000e+00 1.046634875e+00 0.000000000e+00 0.000000000e+00 1.000000000e+00 0.000000000e+00
6.843329376e-01 7.291696857e-01 0.000000000e+00 -3.903307802e-01 -7.291696857e-01 6.843329376e-01 0.000000000e+00 1.135877394e+00 0.000000000e+00 0.000000000e+00 1.000000000e+00 0.000000000e+00
6.285404733e-01 7.777768790e-01 0.000000000e+00 -4.105290828e-01 -7.777768790e-01 6.285404733e-01 0.000000000e+00 1.240387054e+00 0.000000000e+00 0.000000000e+00 1.000000000e+00 0.000000000e+00
6.296866519e-01 7.768492263e-01 0.000000000e+00 -3.503217416e-01 -7.768492263e-01 6.296866519e-01 0.000000000e+00 1.267710197e+00 0.000000000e+00 0.000000000e+00 1.000000000e+00 0.000000000e+00
6.105322771e-01 7.919913753e-01 0.000000000e+00 -3.260047645e-01 -7.919913753e-01 6.105322771e-01 0.000000000e+00 1.327739204e+00 0.000000000e+00 0.000000000e+00 1.000000000e+00 0.000000000e+00
5.488991729e-01 8.358885679e-01 0.000000000e+00 -2.901018027e-01 -8.358885679e-01 5.488991729e-01 0.000000000e+00 1.438193016e+00 0.000000000e+00 0.000000000e+00 1.000000000e+00 0.000000000e+00
5.278539075e-01 8.493351826e-01 0.000000000e+00 -2.133731361e-01 -8.493351826e-01 5.278539075e-01 0.000000000e+00 1.505993674e+00 0.000000000e+00 0.000000000e+00 1.000000000e+00 0.000000000e+00
5.098767325e-01 8.602474747e-01 0.000000000e+00 -1.815431095e-01 -8.602474747e-01 5.098767325e-01 0.000000000e+00 1.563955033e+00 0.000000000e+00 0.000000000e+00 1.000000000e+00 0.000000000e+00
5.549916281e-01 8.318559327e-01 0.000000000e+00 -1.334754964e-01 -8.318559327e-01 5.549916281e-01 0.000000000e+00 1.531898775e+00 0.000000000e+00 0.000000000e+00 1.000000000e+00 0.000000000e+00
5.551153335e-01 8.317733865e-01 0.000000000e+00 -1.127841632e-01 -8.317733865e-01 5.551153335e-01 0.000000000e+00 1.508314003e+00 0.000000000e+00 0.000000000e+00 1.000000000e+00 0.000000000e+00
6.538254136e-01 7.566454444e-01 0.000000000e+00 1.296382700e-02 -7.566454444e-01 6.538254136e-01 0.000000000e+00 1.381355497e+00 0.000000000e+00 0.000000000e+00 1.000000000e+00 0.000000000e+00
7.535256124e-01 6.574185512e-01 0.000000000e+00 1.707695123e-01 -6.574185512e-01 7.535256124e-01 0.000000000e+00 1.256335974e+00 0.000000000e+00 0.000000000e+00 1.000000000e+00 0.000000000e+00
8.352886517e-01 5.498116662e-01 0.000000000e+00 3.375416146e-01 -5.498116662e-01 8.352886517e-01 0.000000000e+00 1.159053639e+00 0.000000000e+00 0.000000000e+00 1.000000000e+00 0.000000000e+00
9.008903277e-01 4.340467918e-01 0.000000000e+00 5.253346165e-01 -4.340467918e-01 9.008903277e-01 0.000000000e+00 1.097132423e+00 0.000000000e+00 0.000000000e+00 1.000000000e+00 0.000000000e+00
9.532099734e-01 3.023090250e-01 0.000000000e+00 7.015088575e-01 -3.023090250e-01 9.532099734e-01 0.000000000e+00 1.032189184e+00 0.000000000e+00 0.000000000e+00 1.000000000e+00 0.000000000e+00
9.739528853e-01 2.267504737e-01 0.000000000e+00 7.836212910e-01 -2.267504737e-01 9.739528853e-01 0.000000000e+00 1.025171732e+00 0.000000000e+00 0.000000000e+00 1.000000000e+00 0.000000000e+00
9.864758592e-01 1.639066173e-01 0.000000000e+00 8.524259381e-01 -1.639066173e-01 9.864758592e-01 0.000000000e+00 1.025404595e+00 0.000000000e+00 0.000000000e+00 1.000000000e+00 0.000000000e+00
9.943347376e-01 1.062940712e-01 0.000000000e+00 9.051920471e-01 -1.062940712e-01 9.943347376e-01 0.000000000e+00 1.040209467e+00 0.000000000e+00 0.000000000e+00 1.000000000e+00 0.000000000e+00
9.995828390e-01 -2.888161925e-02 0.000000000e+00 1.077906432e+00 2.888161925e-02 9.995828390e-01 0.000000000e+00 1.030705069e+00 0.000000000e+00 0.000000000e+00 1.000000000e+00 0.000000000e+00
9.923522966e-01 -1.234379176e-01 0.000000000e+00 1.223937387e+00 1.234379176e-01 9.923522966e-01 0.000000000e+00 1.033646282e+00 0.000000000e+00 0.000000000e+00 1.000000000e+00 0.000000000e+00
9.781378361e-01 -2.079576244e-01 0.000000000e+00 1.356444020e+00 2.079576244e-01 9.781378361e-01 0.000000000e+00 1.060520953e+00 0.000000000e+00 0.000000000e+00 1.000000000e+00 0.000000000e+00
9.627357306e-01 -2.704439184e-01 0.000000000e+00 1.447230951e+00 2.704439184e-01 9.627357306e-01 0.000000000e+00 1.080157216e+00 0.000000000e+00 0.000000000e+00 1.000000000e+00 0.000000000e+00
9.510262125e-01 -3.091102444e-01 0.000000000e+00 1.503264515e+00 3.091102444e-01 9.510262125e-01 0.000000000e+00 1.109157101e+00 0.000000000e+00 0.000000000e+00 1.000000000e+00 0.000000000e+00
9.285300719e-01 -3.712571960e-01 0.000000000e+00 1.547504703e+00 3.712571960e-01 9.285300719e-01 0.000000000e+00 1.147653655e+00 0.000000000e+00 0.000000000e+00 1.000000000e+00 0.000000000e+00
9.148468128e-01 -4.038010762e-01 0.000000000e+00 1.554192954e+00 4.038010762e-01 9.148468128e-01 0.000000000e+00 1.187235282e+00 0.000000000e+00 0.000000000e+00 1.000000000e+00 0.000000000e+00
9.313288889e-01 -3.641792150e-01 0.000000000e+00 1.468196743e+00 3.641792150e-01 9.313288889e-01 0.000000000e+00 1.208595280e+00 0.000000000e+00 0.000000000e+00 1.000000000e+00 0.000000000e+00
9.418136661e-01 -3.361354167e-01 0.000000000e+00 1.394530954e+00 3.361354167e-01 9.418136661e-01 0.000000000e+00 1.228832913e+00 0.000000000e+00 0.000000000e+00 1.000000000e+00 0.000000000e+00
9.349739587e-01 -3.547163606e-01 0.000000000e+00 1.396778750e+00 3.547163606e-01 9.349739587e-01 0.000000000e+00 1.294363738e+00 0.000000000e+00 0.000000000e+00 1.000000000e+00 0.000000000e+00
9.316050345e-01 -3.634722269e-01 0.000000000e+00 1.383011553e+00 3.634722269e-01 9.316050345e-01 0.000000000e+00 1.384368886e+00 0.000000000e+00 0.000000000e+00 1.000000000e+00 0.000000000e+00
9.357086727e-01 -3.527736950e-01 0.000000000e+00 1.354574469e+00 3.527736950e-01 9.357086727e-01 0.000000000e+00 1.424560396e+00 0.000000000e+00 0.000000000e+00 1.000000000e+00 0.000000000e+00
9.440605772e-01 -3.297720827e-01 0.000000000e+00 1.310380371e+00 3.297720827e-01 9.440605772e-01 0.000000000e+00 1.448270165e+00 0.000000000e+00 0.000000000e+00 1.000000000e+00 0.000000000e+00
9.637631077e-01 -2.667595774e-01 0.000000000e+00 1.219725970e+00 2.667595774e-01 9.637631077e-01 0.000000000e+00 1.426504964e+00 0.000000000e+00 0.000000000e+00 1.000000000e+00 0.000000000e+00
9.725798548e-01 -2.325691853e-01 0.000000000e+00 1.181649759e+00 2.325691853e-01 9.725798548e-01 0.000000000e+00 1.398649202e+00 0.000000000e+00 0.000000000e+00 1.000000000e+00 0.000000000e+00
9.780398979e-01 -2.084177489e-01 0.000000000e+00 1.160685178e+00 2.084177489e-01 9.780398979e-01 0.000000000e+00 1.373222983e+00 0.000000000e+00 0.000000000e+00 1.000000000e+00 0.000000000e+00
9.930825779e-01 -1.174180286e-01 0.000000000e+00 1.072125038e+00 1.174180286e-01 9.930825779e-01 0.000000000e+00 1.355516670e+00 0.000000000e+00 0.000000000e+00 1.000000000e+00 0.000000000e+00
9.973424101e-01 -7.285682570e-02 0.000000000e+00 1.027824072e+00 7.285682570e-02 9.973424101e-01 0.000000000e+00 1.352300782e+00 0.000000000e+00 0.000000000e+00 1.000000000e+00 0.000000000e+00
9.956635442e-01 -9.302745192e-02 0.000000000e+00 1.068723743e+00 9.302745192e-02 9.956635442e-01 0.000000000e+00 1.379655022e+00 0.000000000e+00 0.000000000e+00 1.000000000e+00 0.000000000e+00
9.788760812e-01 -2.044544389e-01 0.000000000e+00 1.240612649e+00 2.044544389e-01 9.788760812e-01 0.000000000e+00 1.431248326e+00 0.000000000e+00 0.000000000e+00 1.000000000e+00 0.000000000e+00
9.385055674e-01 -3.452641017e-01 0.000000000e+00 1.384541254e+00 3.452641017e-01 9.385055674e-01 0.000000000e+00 1.492818075e+00 0.000000000e+00 0.000000000e+00 1.000000000e+00 0.000000000e+00
9.084459999e-01 -4.180022312e-01 0.000000000e+00 1.471540584e+00 4.180022312e-01 9.084459999e-01 0.000000000e+00 1.546966409e+00 0.000000000e+00 0.000000000e+00 1.000000000e+00 0.000000000e+00
8.488364527e-01 -5.286555368e-01 0.000000000e+00 1.623944848e+00 5.286555368e-01 8.488364527e-01 0.000000000e+00 1.626124728e+00 0.000000000e+00 0.000000000e+00 1.000000000e+00 0.000000000e+00
7.918937226e-01 -6.106589327e-01 0.000000000e+00 1.738778737e+00 6.106589327e-01 7.918937226e-01 0.000000000e+00 1.739241960e+00 0.000000000e+00 0.000000000e+00 1.000000000e+00 0.000000000e+00
7.748883103e-01 -6.320981780e-01 0.000000000e+00 1.766534652e+00 6.320981780e-01 7.748883103e-01 0.000000000e+00 1.753547640e+00 0.000000000e+00 0.000000000e+00 1.000000000e+00 0.000000000e+00
7.768795127e-01 -6.296492855e-01 0.000000000e+00 1.773284990e+00 6.296492855e-01 7.768795127e-01 0.000000000e+00 1.756729522e+00 0.000000000e+00 0.000000000e+00 1.000000000e+00 0.000000000e+00
8.482745509e-01 -5.295566885e-01 0.000000000e+00 1.620393997e+00 5.295566885e-01 8.482745509e-01 0.000000000e+00 1.643213097e+00 0.000000000e+00 0.000000000e+00 1.000000000e+00 0.000000000e+00
9.271847443e-01 -3.746043912e-01 0.000000000e+00 1.420679429e+00 3.746043912e-01 9.271847443e-01 0.000000000e+00 1.570721927e+00 0.000000000e+00 0.000000000e+00 1.000000000e+00 0.000000000e+00
9.675102112e-01 -2.528319426e-01 0.000000000e+00 1.241888385e+00 2.528319426e-01 9.675102112e-01 0.000000000e+00 1.535185429e+00 0.000000000e+00 0.000000000e+00 1.000000000e+00 0.000000000e+00
9.786433582e-01 -2.055655062e-01 0.000000000e+00 1.162276700e+00 2.055655062e-01 9.786433582e-01 0.000000000e+00 1.530834428e+00 0.000000000e+00 0.000000000e+00 1.000000000e+00 0.000000000e+00
9.967473589e-01 -8.058971702e-02 0.000000000e+00 1.008846456e+00 8.058971702e-02 9.967473589e-01 0.000000000e+00 1.542733964e+00 0.000000000e+00 0.000000000e+00 1.000000000e+00 0.000000000e+00
9.999149734e-01 -1.304016865e-02 0.000000000e+00 9.232140567e-01 1.304016865e-02 9.999149734e-01 0.000000000e+00 1.558830085e+00 0.000000000e+00 0.000000000e+00 1.000000000e+00 0.000000000e+00
9.995109826e-01 3.126972511e-02 0.000000000e+00 8.640580859e-01 -3.126972511e-02 9.995109826e-01 0.000000000e+00 1.577940360e+00 0.000000000e+00 0.000000000e+00 1.000000000e+00 0.000000000e+00
9.955227374e-01 9.452237426e-02 0.000000000e+00 7.845984789e-01 -9.452237426e-02 9.955227374e-01 0.000000000e+00 1.604110386e+00 0.000000000e+00 0.000000000e+00 1.000000000e+00 0.000000000e+00
9.925807473e-01 1.215872527e-01 0.000000000e+00 8.136957510e-01 -1.215872527e-01 9.925807473e-01 0.000000000e+00 1.621213005e+00 0.000000000e+00 0.000000000e+00 1.000000000e+00 0.000000000e+00
9.963082592e-01 8.584784612e-02 0.000000000e+00 8.519851087e-01 -8.584784612e-02 9.963082592e-01 0.000000000e+00 1.642254245e+00 0.000000000e+00 0.000000000e+00 1.000000000e+00 0.000000000e+00
9.997699182e-01 -2.145019172e-02 0.000000000e+00 9.871610777e-01 2.145019172e-02 9.997699182e-01 0.000000000e+00 1.667532632e+00 0.000000000e+00 0.000000000e+00 1.000000000e+00 0.000000000e+00
9.872211440e-01 -1.593562450e-01 0.000000000e+00 1.139056187e+00 1.593562450e-01 9.872211440e-01 0.000000000e+00 1.644218199e+00 0.000000000e+00 0.000000000e+00 1.000000000e+00 0.000000000e+00
9.596635472e-01 -2.811509848e-01 0.000000000e+00 1.276773855e+00 2.811509848e-01 9.596635472e-01 0.000000000e+00 1.634721439e+00 0.000000000e+00 0.000000000e+00 1.000000000e+00 0.000000000e+00
9.220731130e-01 -3.870157288e-01 0.000000000e+00 1.400080924e+00 3.870157288e-01 9.220731130e-01 0.000000000e+00 1.653942996e+00 0.000000000e+00 0.000000000e+00 1.000000000e+00 0.000000000e+00
8.768903048e-01 -4.806905381e-01 0.000000000e+00 1.497764069e+00 4.806905381e-01 8.768903048e-01 0.000000000e+00 1.682539202e+00 0.000000000e+00 0.000000000e+00 1.000000000e+00 0.000000000e+00
8.204656799e-01 -5.716957828e-01 0.000000000e+00 1.596602719e+00 5.716957828e-01 8.204656799e-01 0.000000000e+00 1.722864913e+00 0.000000000e+00 0.000000000e+00 1.000000000e+00 0.000000000e+00
7.777038573e-01 -6.286308220e-01 0.000000000e+00 1.660482688e+00 6.286308220e-01 7.777038573e-01 0.000000000e+00 1.798565911e+00 0.000000000e+00 0.000000000e+00 1.000000000e+00 0.000000000e+00
6.728386514e-01 -7.397892600e-01 0.000000000e+00 1.766221558e+00 7.397892600e-01 6.728386514e-01 0.000000000e+00 1.912857048e+00 0.000000000e+00 0.000000000e+00 1.000000000e+00 0.000000000e+00
6.283549728e-01 -7.779267499e-01 0.000000000e+00 1.823069782e+00 7.779267499e-01 6.283549728e-01 0.000000000e+00 1.933752722e+00 0.000000000e+00 0.000000000e+00 1.000000000e+00 0.000000000e+00
5.729886381e-01 -8.195633109e-01 0.000000000e+00 1.893382399e+00 8.195633109e-01 5.729886381e-01 0.000000000e+00 1.984279270e+00 0.000000000e+00 0.000000000e+00 1.000000000e+00 0.000000000e+00
5.169057508e-01 -8.560423149e-01 0.000000000e+00 1.957899804e+00 8.560423149e-01 5.169057508e-01 0.000000000e+00 2.035330084e+00 0.000000000e+00 0.000000000e+00 1.000000000e+00 0.000000000e+00
3.415261254e-01 -9.398722816e-01 0.000000000e+00 2.078528503e+00 9.398722816e-01 3.415261254e-01 0.000000000e+00 2.249254549e+00 0.000000000e+00 0.000000000e+00 1.000000000e+00 0.000000000e+00
1.124388366e-01 -9.936586476e-01 0.000000000e+00 2.130068178e+00 9.936586476e-01 1.124388366e-01 0.000000000e+00 2.535919089e+00 0.000000000e+00 0.000000000e+00 1.000000000e+00 0.000000000e+00
-1.426828297e-01 -9.897684629e-01 0.000000000e+00 2.123169691e+00 9.897684629e-01 -1.426828297e-01 0.000000000e+00 2.855226093e+00 0.000000000e+00 0.000000000e+00 1.000000000e+00 0.000000000e+00
-2.899401486e-01 -9.570447796e-01 0.000000000e+00 2.071765015e+00 9.570447796e-01 -2.899401486e-01 0.000000000e+00 3.055791724e+00 0.000000000e+00 0.000000000e+00 1.000000000e+00 0.000000000e+00
-4.506157002e-01 -8.927180354e-01 0.000000000e+00 1.978182589e+00 8.927180354e-01 -4.506157002e-01 0.000000000e+00 3.269407107e+00 0.000000000e+00 0.000000000e+00 1.000000000e+00 0.000000000e+00
-5.207440993e-01 -8.537128223e-01 0.000000000e+00 1.947666149e+00 8.537128223e-01 -5.207440993e-01 0.000000000e+00 3.345229056e+00 0.000000000e+00 0.000000000e+00 1.000000000e+00 0.000000000e+00
-6.241247423e-01 -7.813247123e-01 0.000000000e+00 1.850620643e+00 7.813247123e-01 -6.241247423e-01 0.000000000e+00 3.496535623e+00 0.000000000e+00 0.000000000e+00 1.000000000e+00 0.000000000e+00
-6.683839694e-01 -7.438164219e-01 0.000000000e+00 1.783574035e+00 7.438164219e-01 -6.683839694e-01 0.000000000e+00 3.545094461e+00 0.000000000e+00 0.000000000e+00 1.000000000e+00 0.000000000e+00
-6.827043471e-01 -7.306947205e-01 0.000000000e+00 1.764206941e+00 7.306947205e-01 -6.827043471e-01 0.000000000e+00 3.539093326e+00 0.000000000e+00 0.000000000e+00 1.000000000e+00 0.000000000e+00
-6.173281389e-01 -7.867057702e-01 0.000000000e+00 1.815064025e+00 7.867057702e-01 -6.173281389e-01 0.000000000e+00 3.402476737e+00 0.000000000e+00 0.000000000e+00 1.000000000e+00 0.000000000e+00
-5.251444443e-01 -8.510131096e-01 0.000000000e+00 1.882121681e+00 8.510131096e-01 -5.251444443e-01 0.000000000e+00 3.252589082e+00 0.000000000e+00 0.000000000e+00 1.000000000e+00 0.000000000e+00
-5.355013750e-01 -8.445343553e-01 0.000000000e+00 1.901378393e+00 8.445343553e-01 -5.355013750e-01 0.000000000e+00 3.266664624e+00 0.000000000e+00 0.000000000e+00 1.000000000e+00 0.000000000e+00
-6.083542132e-01 -7.936656420e-01 0.000000000e+00 1.870370662e+00 7.936656420e-01 -6.083542132e-01 0.000000000e+00 3.338323825e+00 0.000000000e+00 0.000000000e+00 1.000000000e+00 0.000000000e+00
-6.363990034e-01 -7.713600382e-01 0.000000000e+00 1.908395844e+00 7.713600382e-01 -6.363990034e-01 0.000000000e+00 3.336352240e+00 0.000000000e+00 0.000000000e+00 1.000000000e+00 0.000000000e+00
-5.738372695e-01 -8.189693450e-01 0.000000000e+00 2.009529264e+00 8.189693450e-01 -5.738372695e-01 0.000000000e+00 3.212011856e+00 0.000000000e+00 0.000000000e+00 1.000000000e+00 0.000000000e+00
-5.049327217e-01 -8.631587030e-01 0.000000000e+00 2.100959504e+00 8.631587030e-01 -5.049327217e-01 0.000000000e+00 3.089798972e+00 0.000000000e+00 0.000000000e+00 1.000000000e+00 0.000000000e+00
-3.473756190e-01 -9.377260684e-01 0.000000000e+00 2.258889325e+00 9.377260684e-01 -3.473756190e-01 0.000000000e+00 2.815145194e+00 0.000000000e+00 0.000000000e+00 1.000000000e+00 0.000000000e+00
-1.980322577e-01 -9.801955034e-01 0.000000000e+00 2.375531934e+00 9.801955034e-01 -1.980322577e-01 0.000000000e+00 2.573951520e+00 0.000000000e+00 0.000000000e+00 1.000000000e+00 0.000000000e+00
-1.029561899e-01 -9.946858916e-01 0.000000000e+00 2.449800098e+00 9.946858916e-01 -1.029561899e-01 0.000000000e+00 2.407553708e+00 0.000000000e+00 0.000000000e+00 1.000000000e+00 0.000000000e+00
-3.397270320e-02 -9.994227611e-01 0.000000000e+00 2.513077270e+00 9.994227611e-01 -3.397270320e-02 0.000000000e+00 2.293992720e+00 0.000000000e+00 0.000000000e+00 1.000000000e+00 0.000000000e+00
-1.774678749e-02 -9.998425134e-01 0.000000000e+00 2.487464707e+00 9.998425134e-01 -1.774678749e-02 0.000000000e+00 2.241476563e+00 0.000000000e+00 0.000000000e+00 1.000000000e+00 0.000000000e+00
-2.711405078e-02 -9.996323465e-01 0.000000000e+00 2.460393395e+00 9.996323465e-01 -2.711405078e-02 0.000000000e+00 2.253271318e+00 0.000000000e+00 0.000000000e+00 1.000000000e+00 0.000000000e+00
4.006310695e-03 -9.999919747e-01 0.000000000e+00 2.469838261e+00 9.999919747e-01 4.006310695e-03 0.000000000e+00 2.213122712e+00 0.000000000e+00 0.000000000e+00 1.000000000e+00 0.000000000e+00
3.190482257e-02 -9.994909116e-01 0.000000000e+00 2.484450509e+00 9.994909116e-01 3.190482257e-02 0.000000000e+00 2.173559174e+00 0.000000000e+00 0.000000000e+00 1.000000000e+00 0.000000000e+00
2.173114895e-02 -9.997638507e-01 0.000000000e+00 2.534771504e+00 9.997638507e-01 2.173114895e-02 0.000000000e+00 2.179587208e+00 0.000000000e+00 0.000000000e+00 1.000000000e+00 0.000000000e+00
1.023856050e-02 -9.999475846e-01 0.000000000e+00 2.529077773e+00 9.999475846e-01 1.023856050e-02 0.000000000e+00 2.170985936e+00 0.000000000e+00 0.000000000e+00 1.000000000e+00 0.000000000e+00
5.990086612e-03 -9.999820593e-01 0.000000000e+00 2.521410743e+00 9.999820593e-01 5.990086612e-03 0.000000000e+00 2.187074151e+00 0.000000000e+00 0.000000000e+00 1.000000000e+00 0.000000000e+00
3.065794418e-03 -9.999953004e-01 0.000000000e+00 2.513493009e+00 9.999953004e-01 3.065794418e-03 0.000000000e+00 2.203647879e+00 0.000000000e+00 0.000000000e+00 1.000000000e+00 0.000000000e+00
3.500627174e-02 -9.993870926e-01 0.000000000e+00 2.515151669e+00 9.993870926e-01 3.500627174e-02 0.000000000e+00 2.166525883e+00 0.000000000e+00 0.000000000e+00 1.000000000e+00 0.000000000e+00
4.406168752e-02 -9.990288122e-01 0.000000000e+00 2.539103960e+00 9.990288122e-01 4.406168752e-02 0.000000000e+00 2.143427473e+00 0.000000000e+00 0.000000000e+00 1.000000000e+00 0.000000000e+00
3.019067382e-02 -9.995441577e-01 0.000000000e+00 2.555419989e+00 9.995441577e-01 3.019067382e-02 0.000000000e+00 2.163949823e+00 0.000000000e+00 0.000000000e+00 1.000000000e+00 0.000000000e+00
2.797715833e-02 -9.996085627e-01 0.000000000e+00 2.582632762e+00 9.996085627e-01 2.797715833e-02 0.000000000e+00 2.178039181e+00 0.000000000e+00 0.000000000e+00 1.000000000e+00 0.000000000e+00
-3.560349595e-02 -9.993659946e-01 0.000000000e+00 2.594169296e+00 9.993659946e-01 -3.560349595e-02 0.000000000e+00 2.287687945e+00 0.000000000e+00 0.000000000e+00 1.000000000e+00 0.000000000e+00
-3.392797239e-02 -9.994242806e-01 0.000000000e+00 2.627115137e+00 9.994242806e-01 -3.392797239e-02 0.000000000e+00 2.278690797e+00 0.000000000e+00 0.000000000e+00 1.000000000e+00 0.000000000e+00
3.528213709e-02 -9.993773916e-01 0.000000000e+00 2.658932039e+00 9.993773916e-01 3.528213709e-02 0.000000000e+00 2.206726272e+00 0.000000000e+00 0.000000000e+00 1.000000000e+00 0.000000000e+00
9.870427081e-02 -9.951168107e-01 0.000000000e+00 2.661408800e+00 9.951168107e-01 9.870427081e-02 0.000000000e+00 2.124506158e+00 0.000000000e+00 0.000000000e+00 1.000000000e+00 0.000000000e+00
1.933867485e-01 -9.811226047e-01 0.000000000e+00 2.636873671e+00 9.811226047e-01 1.933867485e-01 0.000000000e+00 1.981427504e+00 0.000000000e+00 0.000000000e+00 1.000000000e+00 0.000000000e+00
2.628782853e-01 -9.648290041e-01 0.000000000e+00 2.606137001e+00 9.648290041e-01 2.628782853e-01 0.000000000e+00 1.894803976e+00 0.000000000e+00 0.000000000e+00 1.000000000e+00 0.000000000e+00
3.058675606e-01 -9.520740703e-01 0.000000000e+00 2.570087562e+00 9.520740703e-01 3.058675606e-01 0.000000000e+00 1.817537513e+00 0.000000000e+00 0.000000000e+00 1.000000000e+00 0.000000000e+00
2.204933151e-01 -9.753884857e-01 0.000000000e+00 2.603940845e+00 9.753884857e-01 2.204933151e-01 0.000000000e+00 1.938529251e+00 0.000000000e+00 0.000000000e+00 1.000000000e+00 0.000000000e+00
1.771210305e-01 -9.841890776e-01 0.000000000e+00 2.614948520e+00 9.841890776e-01 1.771210305e-01 0.000000000e+00 2.006694165e+00 0.000000000e+00 0.000000000e+00 1.000000000e+00 0.000000000e+00
1.269687220e-01 -9.919067212e-01 0.000000000e+00 2.623311015e+00 9.919067212e-01 1.269687220e-01 0.000000000e+00 2.084833687e+00 0.000000000e+00 0.000000000e+00 1.000000000e+00 0.000000000e+00
5.580105759e-02 -9.984419072e-01 0.000000000e+00 2.613801335e+00 9.984419072e-01 5.580105759e-02 0.000000000e+00 2.190121028e+00 0.000000000e+00 0.000000000e+00 1.000000000e+00 0.000000000e+00
4.537496966e-02 -9.989700256e-01 0.000000000e+00 2.581296773e+00 9.989700256e-01 4.537496966e-02 0.000000000e+00 2.206690143e+00 0.000000000e+00 0.000000000e+00 1.000000000e+00 0.000000000e+00
7.622399372e-02 -9.970907194e-01 0.000000000e+00 2.550924874e+00 9.970907194e-01 7.622399372e-02 0.000000000e+00 2.172363984e+00 0.000000000e+00 0.000000000e+00 1.000000000e+00 0.000000000e+00
8.082831848e-02 -9.967280386e-01 0.000000000e+00 2.509554866e+00 9.967280386e-01 8.082831848e-02 0.000000000e+00 2.156894041e+00 0.000000000e+00 0.000000000e+00 1.000000000e+00 0.000000000e+00
8.306049591e-02 -9.965445068e-01 0.000000000e+00 2.459523471e+00 9.965445068e-01 8.306049591e-02 0.000000000e+00 2.177395905e+00 0.000000000e+00 0.000000000e+00 1.000000000e+00 0.000000000e+00
3.952785164e-02 -9.992184691e-01 0.000000000e+00 2.415363245e+00 9.992184691e-01 3.952785164e-02 0.000000000e+00 2.242023153e+00 0.000000000e+00 0.000000000e+00 1.000000000e+00 0.000000000e+00
-4.186963427e-02 -9.991230824e-01 0.000000000e+00 2.357677014e+00 9.991230824e-01 -4.186963427e-02 0.000000000e+00 2.366614609e+00 0.000000000e+00 0.000000000e+00 1.000000000e+00 0.000000000e+00
-1.237024840e-01 -9.923193516e-01 0.000000000e+00 2.287470483e+00 9.923193516e-01 -1.237024840e-01 0.000000000e+00 2.486588082e+00 0.000000000e+00 0.000000000e+00 1.000000000e+00 0.000000000e+00
-2.412056195e-01 -9.704740332e-01 0.000000000e+00 2.182963717e+00 9.704740332e-01 -2.412056195e-01 0.000000000e+00 2.643009267e+00 0.000000000e+00 0.000000000e+00 1.000000000e+00 0.000000000e+00
-2.559431905e-01 -9.666918243e-01 0.000000000e+00 2.103877338e+00 9.666918243e-01 -2.559431905e-01 0.000000000e+00 2.649222411e+00 0.000000000e+00 0.000000000e+00 1.000000000e+00 0.000000000e+00
-2.617125447e-01 -9.651458667e-01 0.000000000e+00 2.047946357e+00 9.651458667e-01 -2.617125447e-01 0.000000000e+00 2.632012852e+00 0.000000000e+00 0.000000000e+00 1.000000000e+00 0.000000000e+00
-2.304339810e-01 -9.730879613e-01 0.000000000e+00 2.013226057e+00 9.730879613e-01 -2.304339810e-01 0.000000000e+00 2.564219809e+00 0.000000000e+00 0.000000000e+00 1.000000000e+00 0.000000000e+00
-2.244261071e-01 -9.744911095e-01 0.000000000e+00 2.004187465e+00 9.744911095e-01 -2.244261071e-01 0.000000000e+00 2.552317182e+00 0.000000000e+00 0.000000000e+00 1.000000000e+00 0.000000000e+00
-2.296159461e-01 -9.732813146e-01 0.000000000e+00 2.003457958e+00 9.732813146e-01 -2.296159461e-01 0.000000000e+00 2.575476252e+00 0.000000000e+00 0.000000000e+00 1.000000000e+00 0.000000000e+00
-2.310068687e-01 -9.729521194e-01 0.000000000e+00 2.020947150e+00 9.729521194e-01 -2.310068687e-01 0.000000000e+00 2.588495013e+00 0.000000000e+00 0.000000000e+00 1.000000000e+00 0.000000000e+00
-1.563139535e-01 -9.877074202e-01 0.000000000e+00 2.059832540e+00 9.877074202e-01 -1.563139535e-01 0.000000000e+00 2.474114811e+00 0.000000000e+00 0.000000000e+00 1.000000000e+00 0.000000000e+00
-8.619697075e-02 -9.962781149e-01 0.000000000e+00 2.087281599e+00 9.962781149e-01 -8.619697075e-02 0.000000000e+00 2.367023149e+00 0.000000000e+00 0.000000000e+00 1.000000000e+00 0.000000000e+00
-2.034136083e-03 -9.999979311e-01 0.000000000e+00 2.111990214e+00 9.999979311e-01 -2.034136083e-03 0.000000000e+00 2.236618632e+00 0.000000000e+00 0.000000000e+00 1.000000000e+00 0.000000000e+00
4.830117272e-02 -9.988328172e-01 0.000000000e+00 2.106329858e+00 9.988328172e-01 4.830117272e-02 0.000000000e+00 2.152483605e+00 0.000000000e+00 0.000000000e+00 1.000000000e+00 0.000000000e+00
1.047567249e-01 -9.944978776e-01 0.000000000e+00 2.099074803e+00 9.944978776e-01 1.047567249e-01 0.000000000e+00 2.082923627e+00 0.000000000e+00 0.000000000e+00 1.000000000e+00 0.000000000e+00
1.915923412e-01 -9.814745920e-01 0.000000000e+00 2.101412252e+00 9.814745920e-01 1.915923412e-01 0.000000000e+00 1.993578199e+00 0.000000000e+00 0.000000000e+00 1.000000000e+00 0.000000000e+00
2.494188260e-01 -9.683957090e-01 0.000000000e+00 2.102544477e+00 9.683957090e-01 2.494188260e-01 0.000000000e+00 1.933905968e+00 0.000000000e+00 0.000000000e+00 1.000000000e+00 0.000000000e+00
3.080975044e-01 -9.513547854e-01 0.000000000e+00 2.117109779e+00 9.513547854e-01 3.080975044e-01 0.000000000e+00 1.876773760e+00 0.000000000e+00 0.000000000e+00 1.000000000e+00 0.000000000e+00
3.583895893e-01 -9.335721195e-01 0.000000000e+00 2.136276419e+00 9.335721195e-01 3.583895893e-01 0.000000000e+00 1.815252805e+00 0.000000000e+00 0.000000000e+00 1.000000000e+00 0.000000000e+00
3.781792538e-01 -9.257323868e-01 0.000000000e+00 2.138378098e+00 9.257323868e-01 3.781792538e-01 0.000000000e+00 1.792870762e+00 0.000000000e+00 0.000000000e+00 1.000000000e+00 0.000000000e+00
3.885649424e-01 -9.214213398e-01 0.000000000e+00 2.142787816e+00 9.214213398e-01 3.885649424e-01 0.000000000e+00 1.779595670e+00 0.000000000e+00 0.000000000e+00 1.000000000e+00 0.000000000e+00
4.396953239e-01 -8.981469936e-01 0.000000000e+00 2.122965570e+00 8.981469936e-01 4.396953239e-01 0.000000000e+00 1.714395829e+00 0.000000000e+00 0.000000000e+00 1.000000000e+00 0.000000000e+00
4.869824790e-01 -8.734117386e-01 0.000000000e+00 2.096356471e+00 8.734117386e-01 4.869824790e-01 0.000000000e+00 1.680726977e+00 0.000000000e+00 0.000000000e+00 1.000000000e+00 0.000000000e+00
4.941522297e-01 -8.693753929e-01 0.000000000e+00 2.113626339e+00 8.693753929e-01 4.941522297e-01 0.000000000e+00 1.711350162e+00 0.000000000e+00 0.000000000e+00 1.000000000e+00 0.000000000e+00
5.235344897e-01 -8.520044824e-01 0.000000000e+00 2.110430335e+00 8.520044824e-01 5.235344897e-01 0.000000000e+00 1.710232842e+00 0.000000000e+00 0.000000000e+00 1.000000000e+00 0.000000000e+00
6.100905974e-01 -7.923316622e-01 0.000000000e+00 2.080432631e+00 7.923316622e-01 6.100905974e-01 0.000000000e+00 1.633032275e+00 0.000000000e+00 0.000000000e+00 1.000000000e+00 0.000000000e+00
6.926706097e-01 -7.212540651e-01 0.000000000e+00 2.037393185e+00 7.212540651e-01 6.926706097e-01 0.000000000e+00 1.552418662e+00 0.000000000e+00 0.000000000e+00 1.000000000e+00 0.000000000e+00
7.877211315e-01 -6.160319950e-01 0.000000000e+00 1.973359358e+00 6.160319950e-01 7.877211315e-01 0.000000000e+00 1.440900251e+00 0.000000000e+00 0.000000000e+00 1.000000000e+00 0.000000000e+00
8.933218920e-01 -4.494173977e-01 0.000000000e+00 1.834233440e+00 4.494173977e-01 8.933218920e-01 0.000000000e+00 1.283581594e+00 0.000000000e+00 0.000000000e+00 1.000000000e+00 0.000000000e+00
9.286574196e-01 -3.709385353e-01 0.000000000e+00 1.747977188e+00 3.709385353e-01 9.286574196e-01 0.000000000e+00 1.177145832e+00 0.000000000e+00 0.000000000e+00 1.000000000e+00 0.000000000e+00
9.639322114e-01 -2.661478758e-01 0.000000000e+00 1.671636451e+00 2.661478758e-01 9.639322114e-01 0.000000000e+00 1.122870309e+00 0.000000000e+00 0.000000000e+00 1.000000000e+00 0.000000000e+00
9.845118506e-01 -1.753180426e-01 0.000000000e+00 1.598564030e+00 1.753180426e-01 9.845118506e-01 0.000000000e+00 1.080157695e+00 0.000000000e+00 0.000000000e+00 1.000000000e+00 0.000000000e+00
9.807192091e-01 -1.954221913e-01 0.000000000e+00 1.650226231e+00 1.954221913e-01 9.807192091e-01 0.000000000e+00 1.099566374e+00 0.000000000e+00 0.000000000e+00 1.000000000e+00 0.000000000e+00
9.734682212e-01 -2.288222506e-01 0.000000000e+00 1.705954127e+00 2.288222506e-01 9.734682212e-01 0.000000000e+00 1.121787888e+00 0.000000000e+00 0.000000000e+00 1.000000000e+00 0.000000000e+00
9.703875756e-01 -2.415532099e-01 0.000000000e+00 1.704664822e+00 2.415532099e-01 9.703875756e-01 0.000000000e+00 1.125614124e+00 0.000000000e+00 0.000000000e+00 1.000000000e+00 0.000000000e+00
9.609948300e-01 -2.765663334e-01 0.000000000e+00 1.762913071e+00 2.765663334e-01 9.609948300e-01 0.000000000e+00 1.153162921e+00 0.000000000e+00 0.000000000e+00 1.000000000e+00 0.000000000e+00
9.429102149e-01 -3.330470338e-01 0.000000000e+00 1.829379049e+00 3.330470338e-01 9.429102149e-01 0.000000000e+00 1.188954081e+00 0.000000000e+00 0.000000000e+00 1.000000000e+00 0.000000000e+00
9.393866917e-01 -3.428595097e-01 0.000000000e+00 1.821031849e+00 3.428595097e-01 9.393866917e-01 0.000000000e+00 1.217696285e+00 0.000000000e+00 0.000000000e+00 1.000000000e+00 0.000000000e+00
9.407572691e-01 -3.390807584e-01 0.000000000e+00 1.786613501e+00 3.390807584e-01 9.407572691e-01 0.000000000e+00 1.256578657e+00 0.000000000e+00 0.000000000e+00 1.000000000e+00 0.000000000e+00
9.579290688e-01 -2.870050507e-01 0.000000000e+00 1.698754580e+00 2.870050507e-01 9.579290688e-01 0.000000000e+00 1.263085527e+00 0.000000000e+00 0.000000000e+00 1.000000000e+00 0.000000000e+00
9.789404331e-01 -2.041460961e-01 0.000000000e+00 1.562659763e+00 2.041460961e-01 9.789404331e-01 0.000000000e+00 1.253552091e+00 0.000000000e+00 0.000000000e+00 1.000000000e+00 0.000000000e+00
9.948372973e-01 -1.014827661e-01 0.000000000e+00 1.400951427e+00 1.014827661e-01 9.948372973e-01 0.000000000e+00 1.267474282e+00 0.000000000e+00 0.000000000e+00 1.000000000e+00 0.000000000e+00
9.974758564e-01 -7.100644959e-02 0.000000000e+00 1.351760094e+00 7.100644959e-02 9.974758564e-01 0.000000000e+00 1.280269828e+00 0.000000000e+00 0.000000000e+00 1.000000000e+00 0.000000000e+00
9.999399386e-01 -1.095988817e-02 0.000000000e+00 1.255215540e+00 1.095988817e-02 9.999399386e-01 0.000000000e+00 1.292878408e+00 0.000000000e+00 0.000000000e+00 1.000000000e+00 0.000000000e+00
9.992079984e-01 3.979165770e-02 0.000000000e+00 1.154372812e+00 -3.979165770e-02 9.992079984e-01 0.000000000e+00 1.301243392e+00 0.000000000e+00 0.000000000e+00 1.000000000e+00 0.000000000e+00
9.939701469e-01 1.096510243e-01 0.000000000e+00 1.037244499e+00 -1.096510243e-01 9.939701469e-01 0.000000000e+00 1.321089123e+00 0.000000000e+00 0.000000000e+00 1.000000000e+00 0.000000000e+00
9.873883035e-01 1.583172073e-01 0.000000000e+00 9.423948628e-01 -1.583172073e-01 9.873883035e-01 0.000000000e+00 1.309957327e+00 0.000000000e+00 0.000000000e+00 1.000000000e+00 0.000000000e+00
9.763979914e-01 2.159790786e-01 0.000000000e+00 8.367394005e-01 -2.159790786e-01 9.763979914e-01 0.000000000e+00 1.311441170e+00 0.000000000e+00 0.000000000e+00 1.000000000e+00 0.000000000e+00
9.600926545e-01 2.796821315e-01 0.000000000e+00 7.351288180e-01 -2.796821315e-01 9.600926545e-01 0.000000000e+00 1.348638084e+00 0.000000000e+00 0.000000000e+00 1.000000000e+00 0.000000000e+00
9.449577593e-01 3.271923488e-01 0.000000000e+00 6.688671189e-01 -3.271923488e-01 9.449577593e-01 0.000000000e+00 1.375011542e+00 0.000000000e+00 0.000000000e+00 1.000000000e+00 0.000000000e+00
9.250174770e-01 3.799245548e-01 0.000000000e+00 5.874500031e-01 -3.799245548e-01 9.250174770e-01 0.000000000e+00 1.409879771e+00 0.000000000e+00 0.000000000e+00 1.000000000e+00 0.000000000e+00
9.250457242e-01 3.798557728e-01 0.000000000e+00 5.340283589e-01 -3.798557728e-01 9.250457242e-01 0.000000000e+00 1.436465134e+00 0.000000000e+00 0.000000000e+00 1.000000000e+00 0.000000000e+00
8.957088538e-01 4.446410341e-01 0.000000000e+00 4.192043279e-01 -4.446410341e-01 8.957088538e-01 0.000000000e+00 1.452083256e+00 0.000000000e+00 0.000000000e+00 1.000000000e+00 0.000000000e+00
8.625118515e-01 5.060368624e-01 0.000000000e+00 3.098461414e-01 -5.060368624e-01 8.625118515e-01 0.000000000e+00 1.466837406e+00 0.000000000e+00 0.000000000e+00 1.000000000e+00 0.000000000e+00
8.739912971e-01 4.859415732e-01 0.000000000e+00 3.080992916e-01 -4.859415732e-01 8.739912971e-01 0.000000000e+00 1.430595454e+00 0.000000000e+00 0.000000000e+00 1.000000000e+00 0.000000000e+00
8.589810952e-01 5.120073028e-01 0.000000000e+00 2.823161932e-01 -5.120073028e-01 8.589810952e-01 0.000000000e+00 1.433471010e+00 0.000000000e+00 0.000000000e+00 1.000000000e+00 0.000000000e+00
8.339505017e-01 5.518392527e-01 0.000000000e+00 2.507439699e-01 -5.518392527e-01 8.339505017e-01 0.000000000e+00 1.472347710e+00 0.000000000e+00 0.000000000e+00 1.000000000e+00 0.000000000e+00
8.050631348e-01 5.931891342e-01 0.000000000e+00 2.280369827e-01 -5.931891342e-01 8.050631348e-01 0.000000000e+00 1.538534513e+00 0.000000000e+00 0.000000000e+00 1.000000000e+00 0.000000000e+00
7.653196935e-01 6.436503451e-01 0.000000000e+00 1.647428230e-01 -6.436503451e-01 7.653196935e-01 0.000000000e+00 1.626669994e+00 0.000000000e+00 0.000000000e+00 1.000000000e+00 0.000000000e+00
7.505669740e-01 6.607943837e-01 0.000000000e+00 1.608329069e-01 -6.607943837e-01 7.505669740e-01 0.000000000e+00 1.663477614e+00 0.000000000e+00 0.000000000e+00 1.000000000e+00 0.000000000e+00
7.887588550e-01 6.147027482e-01 0.000000000e+00 2.063268726e-01 -6.147027482e-01 7.887588550e-01 0.000000000e+00 1.641849125e+00 0.000000000e+00 0.000000000e+00 1.000000000e+00 0.000000000e+00
8.320119568e-01 5.547576982e-01 0.000000000e+00 2.687047323e-01 -5.547576982e-01 8.320119568e-01 0.000000000e+00 1.606734038e+00 0.000000000e+00 0.000000000e+00 1.000000000e+00 0.000000000e+00
8.804778386e-01 4.740873081e-01 0.000000000e+00 3.526930972e-01 -4.740873081e-01 8.804778386e-01 0.000000000e+00 1.577351835e+00 0.000000000e+00 0.000000000e+00 1.000000000e+00 0.000000000e+00
9.185306935e-01 3.953496744e-01 0.000000000e+00 4.346875307e-01 -3.953496744e-01 9.185306935e-01 0.000000000e+00 1.555482654e+00 0.000000000e+00 0.000000000e+00 1.000000000e+00 0.000000000e+00
9.482569361e-01 3.175039891e-01 0.000000000e+00 5.150686963e-01 -3.175039891e-01 9.482569361e-01 0.000000000e+00 1.563348362e+00 0.000000000e+00 0.000000000e+00 1.000000000e+00 0.000000000e+00
9.747203786e-01 2.234282514e-01 0.000000000e+00 6.039403152e-01 -2.234282514e-01 9.747203786e-01 0.000000000e+00 1.536453928e+00 0.000000000e+00 0.000000000e+00 1.000000000e+00 0.000000000e+00
9.919454981e-01 1.266654210e-01 0.000000000e+00 6.914048524e-01 -1.266654210e-01 9.919454981e-01 0.000000000e+00 1.519062356e+00 0.000000000e+00 0.000000000e+00 1.000000000e+00 0.000000000e+00
9.944662977e-01 1.050560935e-01 0.000000000e+00 6.948838209e-01 -1.050560935e-01 9.944662977e-01 0.000000000e+00 1.535469969e+00 0.000000000e+00 0.000000000e+00 1.000000000e+00 0.000000000e+00
9.980317596e-01 6.271049982e-02 0.000000000e+00 7.382409590e-01 -6.271049982e-02 9.980317596e-01 0.000000000e+00 1.539196299e+00 0.000000000e+00 0.000000000e+00 1.000000000e+00 0.000000000e+00
9.998799563e-01 1.549428591e-02 0.000000000e+00 7.760349158e-01 -1.549428591e-02 9.998799563e-01 0.000000000e+00 1.581515117e+00 0.000000000e+00 0.000000000e+00 1.000000000e+00 0.000000000e+00
9.999762567e-01 -6.891013342e-03 0.000000000e+00 8.021582705e-01 6.891013342e-03 9.999762567e-01 0.000000000e+00 1.642189647e+00 0.000000000e+00 0.000000000e+00 1.000000000e+00 0.000000000e+00
9.983432800e-01 -5.753864195e-02 0.000000000e+00 8.499672873e-01 5.753864195e-02 9.983432800e-01 0.000000000e+00 1.703380266e+00 0.000000000e+00 0.000000000e+00 1.000000000e+00 0.000000000e+00
9.938665518e-01 -1.105860625e-01 0.000000000e+00 9.038470136e-01 1.105860625e-01 9.938665518e-01 0.000000000e+00 1.764957988e+00 0.000000000e+00 0.000000000e+00 1.000000000e+00 0.000000000e+00
9.682173804e-01 -2.501101842e-01 0.000000000e+00 1.057554282e+00 2.501101842e-01 9.682173804e-01 0.000000000e+00 1.844142768e+00 0.000000000e+00 0.000000000e+00 1.000000000e+00 0.000000000e+00
8.896626565e-01 -4.566183939e-01 0.000000000e+00 1.368007457e+00 4.566183939e-01 8.896626565e-01 0.000000000e+00 1.962659346e+00 0.000000000e+00 0.000000000e+00 1.000000000e+00 0.000000000e+00
7.563978867e-01 -6.541117924e-01 0.000000000e+00 1.626406237e+00 6.541117924e-01 7.563978867e-01 0.000000000e+00 2.153940575e+00 0.000000000e+00 0.000000000e+00 1.000000000e+00 0.000000000e+00
5.877779264e-01 -8.090223169e-01 0.000000000e+00 1.825776552e+00 8.090223169e-01 5.877779264e-01 0.000000000e+00 2.403103082e+00 0.000000000e+00 0.000000000e+00 1.000000000e+00 0.000000000e+00
3.824885886e-01 -9.239602154e-01 0.000000000e+00 1.989634752e+00 9.239602154e-01 3.824885886e-01 0.000000000e+00 2.709153884e+00 0.000000000e+00 0.000000000e+00 1.000000000e+00 0.000000000e+00
1.796118087e-01 -9.837375657e-01 0.000000000e+00 2.086956956e+00 9.837375657e-01 1.796118087e-01 0.000000000e+00 3.023941512e+00 0.000000000e+00 0.000000000e+00 1.000000000e+00 0.000000000e+00
-6.860442364e-02 -9.976439410e-01 0.000000000e+00 2.130742056e+00 9.976439410e-01 -6.860442364e-02 0.000000000e+00 3.384749523e+00 0.000000000e+00 0.000000000e+00 1.000000000e+00 0.000000000e+00
-2.730831513e-01 -9.619904326e-01 0.000000000e+00 2.114680465e+00 9.619904326e-01 -2.730831513e-01 0.000000000e+00 3.683981465e+00 0.000000000e+00 0.000000000e+00 1.000000000e+00 0.000000000e+00
-4.265276578e-01 -9.044745199e-01 0.000000000e+00 2.060660099e+00 9.044745199e-01 -4.265276578e-01 0.000000000e+00 3.917441491e+00 0.000000000e+00 0.000000000e+00 1.000000000e+00 0.000000000e+00
-5.426374464e-01 -8.399670242e-01 0.000000000e+00 2.000312748e+00 8.399670242e-01 -5.426374464e-01 0.000000000e+00 4.097693209e+00 0.000000000e+00 0.000000000e+00 1.000000000e+00 0.000000000e+00
-6.422866695e-01 -7.664645029e-01 0.000000000e+00 1.883671627e+00 7.664645029e-01 -6.422866695e-01 0.000000000e+00 4.240172317e+00 0.000000000e+00 0.000000000e+00 1.000000000e+00 0.000000000e+00
-6.862611867e-01 -7.273551977e-01 0.000000000e+00 1.813454294e+00 7.273551977e-01 -6.862611867e-01 0.000000000e+00 4.305505377e+00 0.000000000e+00 0.000000000e+00 1.000000000e+00 0.000000000e+00
-7.380497738e-01 -6.747462719e-01 0.000000000e+00 1.729532729e+00 6.747462719e-01 -7.380497738e-01 0.000000000e+00 4.372689727e+00 0.000000000e+00 0.000000000e+00 1.000000000e+00 0.000000000e+00
-7.854166878e-01 -6.189673872e-01 0.000000000e+00 1.668241264e+00 6.189673872e-01 -7.854166878e-01 0.000000000e+00 4.457549741e+00 0.000000000e+00 0.000000000e+00 1.000000000e+00 0.000000000e+00
-8.220873483e-01 -5.693613894e-01 0.000000000e+00 1.605067367e+00 5.693613894e-01 -8.220873483e-01 0.000000000e+00 4.515126887e+00 0.000000000e+00 0.000000000e+00 1.000000000e+00 0.000000000e+00
-8.611256800e-01 -5.083921353e-01 0.000000000e+00 1.530691208e+00 5.083921353e-01 -8.611256800e-01 0.000000000e+00 4.576418723e+00 0.000000000e+00 0.000000000e+00 1.000000000e+00 0.000000000e+00
-9.112141604e-01 -4.119329483e-01 0.000000000e+00 1.401978813e+00 4.119329483e-01 -9.112141604e-01 0.000000000e+00 4.643488661e+00 0.000000000e+00 0.000000000e+00 1.000000000e+00 0.000000000e+00
-9.258068677e-01 -3.779968833e-01 0.000000000e+00 1.348222157e+00 3.779968833e-01 -9.258068677e-01 0.000000000e+00 4.682410160e+00 0.000000000e+00 0.000000000e+00 1.000000000e+00 0.000000000e+00
-9.269003220e-01 -3.753075980e-01 0.000000000e+00 1.333176655e+00 3.753075980e-01 -9.269003220e-01 0.000000000e+00 4.705302038e+00 0.000000000e+00 0.000000000e+00 1.000000000e+00 0.000000000e+00
-9.319355464e-01 -3.626239614e-01 0.000000000e+00 1.252630889e+00 3.626239614e-01 -9.319355464e-01 0.000000000e+00 4.741026095e+00 0.000000000e+00 0.000000000e+00 1.000000000e+00 0.000000000e+00
-9.291854867e-01 -3.696137596e-01 0.000000000e+00 1.204716152e+00 3.696137596e-01 -9.291854867e-01 0.000000000e+00 4.762910600e+00 0.000000000e+00 0.000000000e+00 1.000000000e+00 0.000000000e+00
-9.301387195e-01 -3.672083366e-01 0.000000000e+00 1.138439880e+00 3.672083366e-01 -9.301387195e-01 0.000000000e+00 4.758192902e+00 0.000000000e+00 0.000000000e+00 1.000000000e+00 0.000000000e+00
-8.916711034e-01 -4.526838228e-01 0.000000000e+00 1.211619602e+00 4.526838228e-01 -8.916711034e-01 0.000000000e+00 4.713686697e+00 0.000000000e+00 0.000000000e+00 1.000000000e+00 0.000000000e+00
-8.451822710e-01 -5.344781837e-01 0.000000000e+00 1.300591172e+00 5.344781837e-01 -8.451822710e-01 0.000000000e+00 4.656530420e+00 0.000000000e+00 0.000000000e+00 1.000000000e+00 0.000000000e+00
-7.364357242e-01 -6.765075197e-01 0.000000000e+00 1.472643312e+00 6.765075197e-01 -7.364357242e-01 0.000000000e+00 4.506037007e+00 0.000000000e+00 0.000000000e+00 1.000000000e+00 0.000000000e+00
-6.929078919e-01 -7.210261114e-01 0.000000000e+00 1.508270676e+00 7.210261114e-01 -6.929078919e-01 0.000000000e+00 4.442772422e+00 0.000000000e+00 0.000000000e+00 1.000000000e+00 0.000000000e+00
-6.450596319e-01 -7.641322342e-01 0.000000000e+00 1.544212984e+00 7.641322342e-01 -6.450596319e-01 0.000000000e+00 4.379698879e+00 0.000000000e+00 0.000000000e+00 1.000000000e+00 0.000000000e+00
-5.876837843e-01 -8.090907055e-01 0.000000000e+00 1.583893111e+00 8.090907055e-01 -5.876837843e-01 0.000000000e+00 4.306533562e+00 0.000000000e+00 0.000000000e+00 1.000000000e+00 0.000000000e+00
-5.710046055e-01 -8.209468561e-01 0.000000000e+00 1.579337484e+00 8.209468561e-01 -5.710046055e-01 0.000000000e+00 4.281623582e+00 0.000000000e+00 0.000000000e+00 1.000000000e+00 0.000000000e+00
-5.665186828e-01 -8.240488954e-01 0.000000000e+00 1.592870013e+00 8.240488954e-01 -5.665186828e-01 0.000000000e+00 4.255850839e+00 0.000000000e+00 0.000000000e+00 1.000000000e+00 0.000000000e+00
-5.786273618e-01 -8.155920403e-01 0.000000000e+00 1.550549946e+00 8.155920403e-01 -5.786273618e-01 0.000000000e+00 4.225670233e+00 0.000000000e+00 0.000000000e+00 1.000000000e+00 0.000000000e+00
-5.852263256e-01 -8.108699944e-01 0.000000000e+00 1.516078370e+00 8.108699944e-01 -5.852263256e-01 0.000000000e+00 4.200450007e+00 0.000000000e+00 0.000000000e+00 1.000000000e+00 0.000000000e+00
-6.218465143e-01 -7.831391400e-01 0.000000000e+00 1.453514108e+00 7.831391400e-01 -6.218465143e-01 0.000000000e+00 4.212343352e+00 0.000000000e+00 0.000000000e+00 1.000000000e+00 0.000000000e+00
-6.385315155e-01 -7.695956754e-01 0.000000000e+00 1.404053008e+00 7.695956754e-01 -6.385315155e-01 0.000000000e+00 4.233177505e+00 0.000000000e+00 0.000000000e+00 1.000000000e+00 0.000000000e+00
-6.409020036e-01 -7.676227080e-01 0.000000000e+00 1.331562500e+00 7.676227080e-01 -6.409020036e-01 0.000000000e+00 4.230226851e+00 0.000000000e+00 0.000000000e+00 1.000000000e+00 0.000000000e+00
-6.166987556e-01 -7.871992409e-01 0.000000000e+00 1.314297722e+00 7.871992409e-01 -6.166987556e-01 0.000000000e+00 4.174166398e+00 0.000000000e+00 0.000000000e+00 1.000000000e+00 0.000000000e+00
-5.878485024e-01 -8.089710367e-01 0.000000000e+00 1.295188114e+00 8.089710367e-01 -5.878485024e-01 0.000000000e+00 4.115881745e+00 0.000000000e+00 0.000000000e+00 1.000000000e+00 0.000000000e+00
-5.683032081e-01 -8.228192169e-01 0.000000000e+00 1.265683990e+00 8.228192169e-01 -5.683032081e-01 0.000000000e+00 4.073840349e+00 0.000000000e+00 0.000000000e+00 1.000000000e+00 0.000000000e+00
-5.752598562e-01 -8.179707195e-01 0.000000000e+00 1.207083586e+00 8.179707195e-01 -5.752598562e-01 0.000000000e+00 4.064290285e+00 0.000000000e+00 0.000000000e+00 1.000000000e+00 0.000000000e+00
-5.711903563e-01 -8.208176271e-01 0.000000000e+00 1.159660544e+00 8.208176271e-01 -5.711903563e-01 0.000000000e+00 4.033937683e+00 0.000000000e+00 0.000000000e+00 1.000000000e+00 0.000000000e+00
-5.820503665e-01 -8.131527353e-01 0.000000000e+00 1.147155799e+00 8.131527353e-01 -5.820503665e-01 0.000000000e+00 4.041331846e+00 0.000000000e+00 0.000000000e+00 1.000000000e+00 0.000000000e+00
-5.880058880e-01 -8.088566472e-01 0.000000000e+00 1.141480176e+00 8.088566472e-01 -5.880058880e-01 0.000000000e+00 4.038188703e+00 0.000000000e+00 0.000000000e+00 1.000000000e+00 0.000000000e+00
-6.225797027e-01 -7.825563966e-01 0.000000000e+00 1.105513259e+00 7.825563966e-01 -6.225797027e-01 0.000000000e+00 4.079182544e+00 0.000000000e+00 0.000000000e+00 1.000000000e+00 0.000000000e+00
-6.579266299e-01 -7.530820338e-01 0.000000000e+00 1.036407818e+00 7.530820338e-01 -6.579266299e-01 0.000000000e+00 4.121177810e+00 0.000000000e+00 0.000000000e+00 1.000000000e+00 0.000000000e+00
-7.150065651e-01 -6.991177382e-01 0.000000000e+00 9.245795864e-01 6.991177382e-01 -7.150065651e-01 0.000000000e+00 4.184640343e+00 0.000000000e+00 0.000000000e+00 1.000000000e+00 0.000000000e+00
-7.319767983e-01 -6.813295581e-01 0.000000000e+00 8.600422640e-01 6.813295581e-01 -7.319767983e-01 0.000000000e+00 4.195381173e+00 0.000000000e+00 0.000000000e+00 1.000000000e+00 0.000000000e+00
-7.234094328e-01 -6.904192875e-01 0.000000000e+00 8.184295974e-01 6.904192875e-01 -7.234094328e-01 0.000000000e+00 4.198124955e+00 0.000000000e+00 0.000000000e+00 1.000000000e+00 0.000000000e+00
-7.287700953e-01 -6.847584597e-01 0.000000000e+00 7.971355282e-01 6.847584597e-01 -7.287700953e-01 0.000000000e+00 4.222654002e+00 0.000000000e+00 0.000000000e+00 1.000000000e+00 0.000000000e+00
-7.405480946e-01 -6.720033628e-01 0.000000000e+00 7.816770700e-01 6.720033628e-01 -7.405480946e-01 0.000000000e+00 4.252119175e+00 0.000000000e+00 0.000000000e+00 1.000000000e+00 0.000000000e+00
-7.260356898e-01 -6.876570200e-01 0.000000000e+00 7.955893718e-01 6.876570200e-01 -7.260356898e-01 0.000000000e+00 4.254600984e+00 0.000000000e+00 0.000000000e+00 1.000000000e+00 0.000000000e+00
-7.184472717e-01 -6.955814243e-01 0.000000000e+00 7.937346306e-01 6.955814243e-01 -7.184472717e-01 0.000000000e+00 4.268525615e+00 0.000000000e+00 0.000000000e+00 1.000000000e+00 0.000000000e+00
-7.487490427e-01 -6.628535819e-01 0.000000000e+00 7.531660544e-01 6.628535819e-01 -7.487490427e-01 0.000000000e+00 4.328579632e+00 0.000000000e+00 0.000000000e+00 1.000000000e+00 0.000000000e+00
-7.841898708e-01 -6.205209477e-01 0.000000000e+00 6.933597531e-01 6.205209477e-01 -7.841898708e-01 0.000000000e+00 4.395697158e+00 0.000000000e+00 0.000000000e+00 1.000000000e+00 0.000000000e+00
-8.498109767e-01 -5.270875676e-01 0.000000000e+00 5.687987134e-01 5.270875676e-01 -8.498109767e-01 0.000000000e+00 4.499416266e+00 0.000000000e+00 0.000000000e+00 1.000000000e+00 0.000000000e+00
-8.531354011e-01 -5.216895508e-01 0.000000000e+00 5.766658775e-01 5.216895508e-01 -8.531354011e-01 0.000000000e+00 4.504041416e+00 0.000000000e+00 0.000000000e+00 1.000000000e+00 0.000000000e+00
-8.349774055e-01 -5.502842287e-01 0.000000000e+00 5.810553606e-01 5.502842287e-01 -8.349774055e-01 0.000000000e+00 4.450495634e+00 0.000000000e+00 0.000000000e+00 1.000000000e+00 0.000000000e+00
-7.880577468e-01 -6.156013221e-01 0.000000000e+00 6.211242386e-01 6.156013221e-01 -7.880577468e-01 0.000000000e+00 4.357674857e+00 0.000000000e+00 0.000000000e+00 1.000000000e+00 0.000000000e+00
-7.232490529e-01 -6.905872917e-01 0.000000000e+00 6.586554075e-01 6.905872917e-01 -7.232490529e-01 0.000000000e+00 4.213454566e+00 0.000000000e+00 0.000000000e+00 1.000000000e+00 0.000000000e+00
-6.650778225e-01 -7.467740555e-01 0.000000000e+00 7.258363765e-01 7.467740555e-01 -6.650778225e-01 0.000000000e+00 4.076192446e+00 0.000000000e+00 0.000000000e+00 1.000000000e+00 0.000000000e+00
-6.108156295e-01 -7.917728631e-01 0.000000000e+00 7.813587788e-01 7.917728631e-01 -6.108156295e-01 0.000000000e+00 3.939843983e+00 0.000000000e+00 0.000000000e+00 1.000000000e+00 0.000000000e+00
-5.101849263e-01 -8.600647307e-01 0.000000000e+00 8.340441676e-01 8.600647307e-01 -5.101849263e-01 0.000000000e+00 3.777173047e+00 0.000000000e+00 0.000000000e+00 1.000000000e+00 0.000000000e+00
-4.238728688e-01 -9.057216963e-01 0.000000000e+00 8.603950691e-01 9.057216963e-01 -4.238728688e-01 0.000000000e+00 3.634624156e+00 0.000000000e+00 0.000000000e+00 1.000000000e+00 0.000000000e+00
-3.938599743e-01 -9.191704524e-01 0.000000000e+00 8.184579132e-01 9.191704524e-01 -3.938599743e-01 0.000000000e+00 3.554221659e+00 0.000000000e+00 0.000000000e+00 1.000000000e+00 0.000000000e+00
-4.032698123e-01 -9.150811212e-01 0.000000000e+00 7.367473934e-01 9.150811212e-01 -4.032698123e-01 0.000000000e+00 3.547990220e+00 0.000000000e+00 0.000000000e+00 1.000000000e+00 0.000000000e+00
-4.120593526e-01 -9.111570062e-01 0.000000000e+00 7.138181798e-01 9.111570062e-01 -4.120593526e-01 0.000000000e+00 3.586146621e+00 0.000000000e+00 0.000000000e+00 1.000000000e+00 0.000000000e+00
-4.382486524e-01 -8.988537805e-01 0.000000000e+00 6.892058870e-01 8.988537805e-01 -4.382486524e-01 0.000000000e+00 3.630446502e+00 0.000000000e+00 0.000000000e+00 1.000000000e+00 0.000000000e+00
-4.884911470e-01 -8.725688507e-01 0.000000000e+00 6.539647435e-01 8.725688507e-01 -4.884911470e-01 0.000000000e+00 3.692112737e+00 0.000000000e+00 0.000000000e+00 1.000000000e+00 0.000000000e+00
-5.377199892e-01 -8.431234863e-01 0.000000000e+00 6.183517636e-01 8.431234863e-01 -5.377199892e-01 0.000000000e+00 3.766492145e+00 0.000000000e+00 0.000000000e+00 1.000000000e+00 0.000000000e+00
-6.140631634e-01 -7.892568855e-01 0.000000000e+00 5.638546957e-01 7.892568855e-01 -6.140631634e-01 0.000000000e+00 3.906811913e+00 0.000000000e+00 0.000000000e+00 1.000000000e+00 0.000000000e+00
-7.147105047e-01 -6.994203990e-01 0.000000000e+00 4.421440398e-01 6.994203990e-01 -7.147105047e-01 0.000000000e+00 4.041216995e+00 0.000000000e+00 0.000000000e+00 1.000000000e+00 0.000000000e+00
-7.841305366e-01 -6.205959246e-01 0.000000000e+00 3.387386626e-01 6.205959246e-01 -7.841305366e-01 0.000000000e+00 4.156891321e+00 0.000000000e+00 0.000000000e+00 1.000000000e+00 0.000000000e+00
-8.315719795e-01 -5.554169991e-01 0.000000000e+00 2.577383580e-01 5.554169991e-01 -8.315719795e-01 0.000000000e+00 4.257389381e+00 0.000000000e+00 0.000000000e+00 1.000000000e+00 0.000000000e+00
-9.004012802e-01 -4.350603805e-01 0.000000000e+00 1.268115722e-01 4.350603805e-01 -9.004012802e-01 0.000000000e+00 4.389405705e+00 0.000000000e+00 0.000000000e+00 1.000000000e+00 0.000000000e+00
-9.453363553e-01 -3.260968804e-01 0.000000000e+00 -1.800699048e-02 3.260968804e-01 -9.453363553e-01 0.000000000e+00 4.486634193e+00 0.000000000e+00 0.000000000e+00 1.000000000e+00 0.000000000e+00
-9.712118617e-01 -2.382173789e-01 0.000000000e+00 -1.550193962e-01 2.382173789e-01 -9.712118617e-01 0.000000000e+00 4.556970147e+00 0.000000000e+00 0.000000000e+00 1.000000000e+00 0.000000000e+00
-9.894517326e-01 -1.448629314e-01 0.000000000e+00 -3.052029875e-01 1.448629314e-01 -9.894517326e-01 0.000000000e+00 4.615943763e+00 0.000000000e+00 0.000000000e+00 1.000000000e+00 0.000000000e+00
-9.985091222e-01 -5.458509757e-02 0.000000000e+00 -4.606429352e-01 5.458509757e-02 -9.985091222e-01 0.000000000e+00 4.657725450e+00 0.000000000e+00 0.000000000e+00 1.000000000e+00 0.000000000e+00
-9.990683309e-01 -4.315634576e-02 0.000000000e+00 -5.090498992e-01 4.315634576e-02 -9.990683309e-01 0.000000000e+00 4.686600733e+00 0.000000000e+00 0.000000000e+00 1.000000000e+00 0.000000000e+00
-9.997909539e-01 -2.044623593e-02 0.000000000e+00 -5.613343865e-01 2.044623593e-02 -9.997909539e-01 0.000000000e+00 4.714683932e+00 0.000000000e+00 0.000000000e+00 1.000000000e+00 0.000000000e+00
-9.997511439e-01 2.230807448e-02 0.000000000e+00 -6.344565217e-01 -2.230807448e-02 -9.997511439e-01 0.000000000e+00 4.750738978e+00 0.000000000e+00 0.000000000e+00 1.000000000e+00 0.000000000e+00
-9.934180635e-01 1.145449741e-01 0.000000000e+00 -7.938018600e-01 -1.145449741e-01 -9.934180635e-01 0.000000000e+00 4.730055965e+00 0.000000000e+00 0.000000000e+00 1.000000000e+00 0.000000000e+00
-9.705749430e-01 2.407992526e-01 0.000000000e+00 -9.797491438e-01 -2.407992526e-01 -9.705749430e-01 0.000000000e+00 4.723040152e+00 0.000000000e+00 0.000000000e+00 1.000000000e+00 0.000000000e+00
-9.269754327e-01 3.751220430e-01 0.000000000e+00 -1.174166399e+00 -3.751220430e-01 -9.269754327e-01 0.000000000e+00 4.682784880e+00 0.000000000e+00 0.000000000e+00 1.000000000e+00 0.000000000e+00
-8.670255078e-01 4.982637542e-01 0.000000000e+00 -1.339689129e+00 -4.982637542e-01 -8.670255078e-01 0.000000000e+00 4.595815282e+00 0.000000000e+00 0.000000000e+00 1.000000000e+00 0.000000000e+00
-7.721797241e-01 6.354041813e-01 0.000000000e+00 -1.517883508e+00 -6.354041813e-01 -7.721797241e-01 0.000000000e+00 4.467917396e+00 0.000000000e+00 0.000000000e+00 1.000000000e+00 0.000000000e+00
-6.210797640e-01 7.837473615e-01 0.000000000e+00 -1.708881467e+00 -7.837473615e-01 -6.210797640e-01 0.000000000e+00 4.263914465e+00 0.000000000e+00 0.000000000e+00 1.000000000e+00 0.000000000e+00
-4.424660787e-01 8.967852414e-01 0.000000000e+00 -1.853315755e+00 -8.967852414e-01 -4.424660787e-01 0.000000000e+00 4.026295057e+00 0.000000000e+00 0.000000000e+00 1.000000000e+00 0.000000000e+00
-2.317941245e-01 9.727648657e-01 0.000000000e+00 -1.953920102e+00 -9.727648657e-01 -2.317941245e-01 0.000000000e+00 3.719413718e+00 0.000000000e+00 0.000000000e+00 1.000000000e+00 0.000000000e+00
-4.694070207e-02 9.988976777e-01 0.000000000e+00 -1.968656086e+00 -9.988976777e-01 -4.694070207e-02 0.000000000e+00 3.440140420e+00 0.000000000e+00 0.000000000e+00 1.000000000e+00 0.000000000e+00
1.139411720e-01 9.934874983e-01 0.000000000e+00 -1.954294431e+00 -9.934874983e-01 1.139411720e-01 0.000000000e+00 3.225831254e+00 0.000000000e+00 0.000000000e+00 1.000000000e+00 0.000000000e+00
