1.000000000e+00 0.000000000e+00 0.000000000e+00 0.000000000e+00 0.000000000e+00 1.000000000e+00 0.000000000e+00 0.000000000e+00 0.000000000e+00 0.000000000e+00 1.000000000e+00 0.000000000e+00
9.999506515e-01 -9.934514849e-03 0.000000000e+00 4.324719068e-03 9.934514849e-03 9.999506515e-01 0.000000000e+00 7.439239983e-03 0.000000000e+00 0.000000000e+00 1.000000000e+00 0.000000000e+00
9.979217244e-01 -6.443781470e-02 0.000000000e+00 9.492885627e-02 6.443781470e-02 9.979217244e-01 0.000000000e+00 1.088955123e-02 0.000000000e+00 0.000000000e+00 1.000000000e+00 0.000000000e+00
9.985753456e-01 -5.335990254e-02 0.000000000e+00 8.394478384e-02 5.335990254e-02 9.985753456e-01 0.000000000e+00 1.478566592e-02 0.000000000e+00 0.000000000e+00 1.000000000e+00 0.000000000e+00
9.999227494e-01 1.242961167e-02 0.000000000e+00 1.214502808e-02 -1.242961167e-02 9.999227494e-01 0.000000000e+00 1.413573952e-02 0.000000000e+00 0.000000000e+00 1.000000000e+00 0.000000000e+00
9.991054227e-01 4.228893898e-02 0.000000000e+00 -2.744373932e-02 -4.228893898e-02 9.991054227e-01 0.000000000e+00 1.480549571e-02 0.000000000e+00 0.000000000e+00 1.000000000e+00 0.000000000e+00
9.999055466e-01 1.374401564e-02 0.000000000e+00 4.675659250e-03 -1.374401564e-02 9.999055466e-01 0.000000000e+00 7.663636965e-03 0.000000000e+00 0.000000000e+00 1.000000000e+00 0.000000000e+00
9.957874324e-01 9.169181772e-02 0.000000000e+00 -6.854667321e-02 -9.169181772e-02 9.957874324e-01 0.000000000e+00 1.338634953e-03 0.000000000e+00 0.000000000e+00 1.000000000e+00 0.000000000e+00
9.728285737e-01 2.315265993e-01 0.000000000e+00 -2.279277923e-01 -2.315265993e-01 9.728285737e-01 0.000000000e+00 -5.887016482e-03 0.000000000e+00 0.000000000e+00 1.000000000e+00 0.000000000e+00
9.531853714e-01 3.023865867e-01 0.000000000e+00 -3.001565787e-01 -3.023865867e-01 9.531853714e-01 0.000000000e+00 1.461747305e-02 0.000000000e+00 0.000000000e+00 1.000000000e+00 0.000000000e+00
9.387672327e-01 3.445520031e-01 0.000000000e+00 -3.411517724e-01 -3.445520031e-01 9.387672327e-01 0.000000000e+00 2.897919526e-02 0.000000000e+00 0.000000000e+00 1.000000000e+00 0.000000000e+00
8.653413937e-01 5.011828731e-01 0.000000000e+00 -5.289755345e-01 -5.011828731e-01 8.653413937e-01 0.000000000e+00 1.048382632e-01 0.000000000e+00 0.000000000e+00 1.000000000e+00 0.000000000e+00
7.514441098e-01 6.597967489e-01 0.000000000e+00 -7.215498776e-01 -6.597967489e-01 7.514441098e-01 0.000000000e+00 2.269796967e-01 0.000000000e+00 0.000000000e+00 1.000000000e+00 0.000000000e+00
6.584827661e-01 7.525958057e-01 0.000000000e+00 -8.077895609e-01 -7.525958057e-01 6.584827661e-01 0.000000000e+00 2.907402284e-01 0.000000000e+00 0.000000000e+00 1.000000000e+00 0.000000000e+00
5.894254385e-01 8.078227853e-01 0.000000000e+00 -8.491741504e-01 -8.078227853e-01 5.894254385e-01 0.000000000e+00 3.465618989e-01 0.000000000e+00 0.000000000e+00 1.000000000e+00 0.000000000e+00
5.685119701e-01 8.226749904e-01 0.000000000e+00 -8.616889546e-01 -8.226749904e-01 5.685119701e-01 0.000000000e+00 3.452376667e-01 0.000000000e+00 0.000000000e+00 1.000000000e+00 0.000000000e+00
5.178585047e-01 8.554662875e-01 0.000000000e+00 -9.033284573e-01 -8.554662875e-01 5.178585047e-01 0.000000000e+00 3.979098011e-01 0.000000000e+00 0.000000000e+00 1.000000000e+00 0.000000000e+00
5.023097978e-01 8.646877281e-01 0.000000000e+00 -9.156906633e-01 -8.646877281e-01 5.023097978e-01 0.000000000e+00 4.165069031e-01 0.000000000e+00 0.000000000e+00 1.000000000e+00 0.000000000e+00
5.314880996e-01 8.470657589e-01 0.000000000e+00 -8.980112238e-01 -8.470657589e-01 5.314880996e-01 0.000000000e+00 3.693683841e-01 0.000000000e+00 0.000000000e+00 1.000000000e+00 0.000000000e+00
5.305625483e-01 8.476457882e-01 0.000000000e+00 -8.968121371e-01 -8.476457882e-01 5.305625483e-01 0.000000000e+00 3.761679500e-01 0.000000000e+00 0.000000000e+00 1.000000000e+00 0.000000000e+00
5.193297923e-01 8.545739095e-01 0.000000000e+00 -9.088285795e-01 -8.545739095e-01 5.193297923e-01 0.000000000e+00 3.904873068e-01 0.000000000e+00 0.000000000e+00 1.000000000e+00 0.000000000e+00
4.849089141e-01 8.745646603e-01 0.000000000e+00 -9.010724996e-01 -8.745646603e-01 4.849089141e-01 0.000000000e+00 4.194202849e-01 0.000000000e+00 0.000000000e+00 1.000000000e+00 0.000000000e+00
3.354439201e-01 9.420601767e-01 0.000000000e+00 -9.711243869e-01 -9.420601767e-01 3.354439201e-01 0.000000000e+00 5.818087523e-01 0.000000000e+00 0.000000000e+00 1.000000000e+00 0.000000000e+00
2.603098347e-01 9.655251369e-01 0.000000000e+00 -9.720001579e-01 -9.655251369e-01 2.603098347e-01 0.000000000e+00 6.461513591e-01 0.000000000e+00 0.000000000e+00 1.000000000e+00 0.000000000e+00
1.823717239e-01 9.832296549e-01 0.000000000e+00 -9.428122200e-01 -9.832296549e-01 1.823717239e-01 0.000000000e+00 7.350637156e-01 0.000000000e+00 0.000000000e+00 1.000000000e+00 0.000000000e+00
7.535374985e-02 9.971568645e-01 0.000000000e+00 -9.787206875e-01 -9.971568645e-01 7.535374985e-02 0.000000000e+00 8.407450213e-01 0.000000000e+00 0.000000000e+00 1.000000000e+00 0.000000000e+00
-4.136021441e-02 9.991443002e-01 0.000000000e+00 -1.000217952e+00 -9.991443002e-01 -4.136021441e-02 0.000000000e+00 9.691566392e-01 0.000000000e+00 0.000000000e+00 1.000000000e+00 0.000000000e+00
-1.357505225e-01 9.907430523e-01 0.000000000e+00 -9.682725779e-01 -9.907430523e-01 -1.357505225e-01 0.000000000e+00 1.051271937e+00 0.000000000e+00 0.000000000e+00 1.000000000e+00 0.000000000e+00
-2.422781313e-01 9.702068373e-01 0.000000000e+00 -9.218128035e-01 -9.702068373e-01 -2.422781313e-01 0.000000000e+00 1.109410354e+00 0.000000000e+00 0.000000000e+00 1.000000000e+00 0.000000000e+00
-3.063967735e-01 9.519038907e-01 0.000000000e+00 -8.634226873e-01 -9.519038907e-01 -3.063967735e-01 0.000000000e+00 1.131470908e+00 0.000000000e+00 0.000000000e+00 1.000000000e+00 0.000000000e+00
-3.446657578e-01 9.387254739e-01 0.000000000e+00 -8.365038769e-01 -9.387254739e-01 -3.446657578e-01 0.000000000e+00 1.081733869e+00 0.000000000e+00 0.000000000e+00 1.000000000e+00 0.000000000e+00
-3.886298331e-01 9.213939727e-01 0.000000000e+00 -8.085018493e-01 -9.213939727e-01 -3.886298331e-01 0.000000000e+00 1.044138227e+00 0.000000000e+00 0.000000000e+00 1.000000000e+00 0.000000000e+00
-4.393715893e-01 8.983054083e-01 0.000000000e+00 -7.857613454e-01 -8.983054083e-01 -4.393715893e-01 0.000000000e+00 1.022655997e+00 0.000000000e+00 0.000000000e+00 1.000000000e+00 0.000000000e+00
-4.488528648e-01 8.936056769e-01 0.000000000e+00 -7.774893715e-01 -8.936056769e-01 -4.488528648e-01 0.000000000e+00 9.620261588e-01 0.000000000e+00 0.000000000e+00 1.000000000e+00 0.000000000e+00
-5.838541269e-01 8.118585828e-01 0.000000000e+00 -6.232798748e-01 -8.118585828e-01 -5.838541269e-01 0.000000000e+00 1.082135411e+00 0.000000000e+00 0.000000000e+00 1.000000000e+00 0.000000000e+00
-6.311250413e-01 7.756811086e-01 0.000000000e+00 -5.430663167e-01 -7.756811086e-01 -6.311250413e-01 0.000000000e+00 1.080172154e+00 0.000000000e+00 0.000000000e+00 1.000000000e+00 0.000000000e+00
-7.327915508e-01 6.804531895e-01 0.000000000e+00 -3.949568664e-01 -6.804531895e-01 -7.327915508e-01 0.000000000e+00 1.164761275e+00 0.000000000e+00 0.000000000e+00 1.000000000e+00 0.000000000e+00
-7.408031527e-01 6.717221813e-01 0.000000000e+00 -3.712798358e-01 -6.717221813e-01 -7.408031527e-01 0.000000000e+00 1.133835492e+00 0.000000000e+00 0.000000000e+00 1.000000000e+00 0.000000000e+00
-7.225773176e-01 6.912901128e-01 0.000000000e+00 -3.747378033e-01 -6.912901128e-01 -7.225773176e-01 0.000000000e+00 1.083715764e+00 0.000000000e+00 0.000000000e+00 1.000000000e+00 0.000000000e+00
-6.965192354e-01 7.175381208e-01 0.000000000e+00 -3.770816167e-01 -7.175381208e-01 -6.965192354e-01 0.000000000e+00 1.037383990e+00 0.000000000e+00 0.000000000e+00 1.000000000e+00 0.000000000e+00
-6.990013519e-01 7.151203466e-01 0.000000000e+00 -3.644877033e-01 -7.151203466e-01 -6.990013519e-01 0.000000000e+00 9.851086860e-01 0.000000000e+00 0.000000000e+00 1.000000000e+00 0.000000000e+00
-6.931252319e-01 7.208171841e-01 0.000000000e+00 -3.503902806e-01 -7.208171841e-01 -6.931252319e-01 0.000000000e+00 9.068975846e-01 0.000000000e+00 0.000000000e+00 1.000000000e+00 0.000000000e+00
-7.009739878e-01 7.131868398e-01 0.000000000e+00 -3.076343938e-01 -7.131868398e-01 -7.009739878e-01 0.000000000e+00 8.474349036e-01 0.000000000e+00 0.000000000e+00 1.000000000e+00 0.000000000e+00
-7.357119491e-01 6.772945651e-01 0.000000000e+00 -2.385743177e-01 -6.772945651e-01 -7.357119491e-01 0.000000000e+00 8.444978637e-01 0.000000000e+00 0.000000000e+00 1.000000000e+00 0.000000000e+00
-7.614686841e-01 6.482016994e-01 0.000000000e+00 -1.900299809e-01 -6.482016994e-01 -7.614686841e-01 0.000000000e+00 8.945714102e-01 0.000000000e+00 0.000000000e+00 1.000000000e+00 0.000000000e+00
-7.715822416e-01 6.361295815e-01 0.000000000e+00 -1.606038312e-01 -6.361295815e-01 -7.715822416e-01 0.000000000e+00 9.447913688e-01 0.000000000e+00 0.000000000e+00 1.000000000e+00 0.000000000e+00
-7.972507403e-01 6.036482892e-01 0.000000000e+00 -1.231714466e-01 -6.036482892e-01 -7.972507403e-01 0.000000000e+00 9.773848910e-01 0.000000000e+00 0.000000000e+00 1.000000000e+00 0.000000000e+00
-8.137881243e-01 5.811616717e-01 0.000000000e+00 -9.308968578e-02 -5.811616717e-01 -8.137881243e-01 0.000000000e+00 9.993994492e-01 0.000000000e+00 0.000000000e+00 1.000000000e+00 0.000000000e+00
-8.337115566e-01 5.522001815e-01 0.000000000e+00 -5.897539208e-02 -5.522001815e-01 -8.337115566e-01 0.000000000e+00 1.027042533e+00 0.000000000e+00 0.000000000e+00 1.000000000e+00 0.000000000e+00
-8.467822758e-01 5.319396369e-01 0.000000000e+00 -3.474723896e-02 -5.319396369e-01 -8.467822758e-01 0.000000000e+00 1.045579247e+00 0.000000000e+00 0.000000000e+00 1.000000000e+00 0.000000000e+00
-8.616726522e-01 5.074645214e-01 0.000000000e+00 -4.450251000e-03 -5.074645214e-01 -8.616726522e-01 0.000000000e+00 1.068972290e+00 0.000000000e+00 0.000000000e+00 1.000000000e+00 0.000000000e+00
-8.722065327e-01 4.891377764e-01 0.000000000e+00 1.427449253e-02 -4.891377764e-01 -8.722065327e-01 0.000000000e+00 1.085542306e+00 0.000000000e+00 0.000000000e+00 1.000000000e+00 0.000000000e+00
-8.984721300e-01 4.390305589e-01 0.000000000e+00 9.374884326e-02 -4.390305589e-01 -8.984721300e-01 0.000000000e+00 1.114734213e+00 0.000000000e+00 0.000000000e+00 1.000000000e+00 0.000000000e+00
-9.273409087e-01 3.742176359e-01 0.000000000e+00 1.986528470e-01 -3.742176359e-01 -9.273409087e-01 0.000000000e+00 1.144567897e+00 0.000000000e+00 0.000000000e+00 1.000000000e+00 0.000000000e+00
-9.554158152e-01 2.952636450e-01 0.000000000e+00 3.359907100e-01 -2.952636450e-01 -9.554158152e-01 0.000000000e+00 1.188672428e+00 0.000000000e+00 0.000000000e+00 1.000000000e+00 0.000000000e+00
-9.802117078e-01 1.979520345e-01 0.000000000e+00 4.788762189e-01 -1.979520345e-01 -9.802117078e-01 0.000000000e+00 1.214709357e+00 0.000000000e+00 0.000000000e+00 1.000000000e+00 0.000000000e+00
-9.864384110e-01 1.641318412e-01 0.000000000e+00 5.293707950e-01 -1.641318412e-01 -9.864384110e-01 0.000000000e+00 1.247522920e+00 0.000000000e+00 0.000000000e+00 1.000000000e+00 0.000000000e+00
-9.787944758e-01 2.048447563e-01 0.000000000e+00 4.838636183e-01 -2.048447563e-01 -9.787944758e-01 0.000000000e+00 1.231784084e+00 0.000000000e+00 0.000000000e+00 1.000000000e+00 0.000000000e+00
-9.756426377e-01 2.193660036e-01 0.000000000e+00 4.579192634e-01 -2.193660036e-01 -9.756426377e-01 0.000000000e+00 1.231552057e+00 0.000000000e+00 0.000000000e+00 1.000000000e+00 0.000000000e+00
-9.657738556e-01 2.593855429e-01 0.000000000e+00 3.635879541e-01 -2.593855429e-01 -9.657738556e-01 0.000000000e+00 1.243786113e+00 0.000000000e+00 0.000000000e+00 1.000000000e+00 0.000000000e+00
-9.651561396e-01 2.616746571e-01 0.000000000e+00 3.558169782e-01 -2.616746571e-01 -9.651561396e-01 0.000000000e+00 1.227057800e+00 0.000000000e+00 0.000000000e+00 1.000000000e+00 0.000000000e+00
-9.431307652e-01 3.324219603e-01 0.000000000e+00 2.515236293e-01 -3.324219603e-01 -9.431307652e-01 0.000000000e+00 1.207752313e+00 0.000000000e+00 0.000000000e+00 1.000000000e+00 0.000000000e+00
-9.554315363e-01 2.952127698e-01 0.000000000e+00 2.538494119e-01 -2.952127698e-01 -9.554315363e-01 0.000000000e+00 1.250974382e+00 0.000000000e+00 0.000000000e+00 1.000000000e+00 0.000000000e+00
-9.641476367e-01 2.653664157e-01 0.000000000e+00 2.504151249e-01 -2.653664157e-01 -9.641476367e-01 0.000000000e+00 1.289902435e+00 0.000000000e+00 0.000000000e+00 1.000000000e+00 0.000000000e+00
-9.803468723e-01 1.972815499e-01 0.000000000e+00 2.974545500e-01 -1.972815499e-01 -9.803468723e-01 0.000000000e+00 1.333138554e+00 0.000000000e+00 0.000000000e+00 1.000000000e+00 0.000000000e+00
-9.777198685e-01 2.099139317e-01 0.000000000e+00 2.558153396e-01 -2.099139317e-01 -9.777198685e-01 0.000000000e+00 1.338922372e+00 0.000000000e+00 0.000000000e+00 1.000000000e+00 0.000000000e+00
-9.577980969e-01 2.874418298e-01 0.000000000e+00 1.585930535e-01 -2.874418298e-01 -9.577980969e-01 0.000000000e+00 1.302517765e+00 0.000000000e+00 0.000000000e+00 1.000000000e+00 0.000000000e+00
-9.323504264e-01 3.615559187e-01 0.000000000e+00 5.825627830e-02 -3.615559187e-01 -9.323504264e-01 0.000000000e+00 1.288766288e+00 0.000000000e+00 0.000000000e+00 1.000000000e+00 0.000000000e+00
-9.277014614e-01 3.733229146e-01 0.000000000e+00 2.421821977e-02 -3.733229146e-01 -9.277014614e-01 0.000000000e+00 1.295121645e+00 0.000000000e+00 0.000000000e+00 1.000000000e+00 0.000000000e+00
-8.728889031e-01 4.879190126e-01 0.000000000e+00 -1.312081250e-01 -4.879190126e-01 -8.728889031e-01 0.000000000e+00 1.204145775e+00 0.000000000e+00 0.000000000e+00 1.000000000e+00 0.000000000e+00
-8.802378649e-01 4.745327187e-01 0.000000000e+00 -1.399572997e-01 -4.745327187e-01 -8.802378649e-01 0.000000000e+00 1.253896416e+00 0.000000000e+00 0.000000000e+00 1.000000000e+00 0.000000000e+00
-8.902607626e-01 4.554511769e-01 0.000000000e+00 -1.230322264e-01 -4.554511769e-01 -8.902607626e-01 0.000000000e+00 1.281740095e+00 0.000000000e+00 0.000000000e+00 1.000000000e+00 0.000000000e+00
-8.789711758e-01 4.768749020e-01 0.000000000e+00 -1.585894065e-01 -4.768749020e-01 -8.789711758e-01 0.000000000e+00 1.268494984e+00 0.000000000e+00 0.000000000e+00 1.000000000e+00 0.000000000e+00
-8.575075571e-01 5.144713690e-01 0.000000000e+00 -2.403644888e-01 -5.144713690e-01 -8.575075571e-01 0.000000000e+00 1.241548556e+00 0.000000000e+00 0.000000000e+00 1.000000000e+00 0.000000000e+00
-8.503885598e-01 5.261552027e-01 0.000000000e+00 -2.737081699e-01 -5.261552027e-01 -8.503885598e-01 0.000000000e+00 1.239668056e+00 0.000000000e+00 0.000000000e+00 1.000000000e+00 0.000000000e+00
-8.403558142e-01 5.420351515e-01 0.000000000e+00 -3.123854101e-01 -5.420351515e-01 -8.403558142e-01 0.000000000e+00 1.239699769e+00 0.000000000e+00 0.000000000e+00 1.000000000e+00 0.000000000e+00
-8.224533382e-01 5.688325821e-01 0.000000000e+00 -3.467630138e-01 -5.688325821e-01 -8.224533382e-01 0.000000000e+00 1.213303537e+00 0.000000000e+00 0.000000000e+00 1.000000000e+00 0.000000000e+00
-8.273995203e-01 5.616137764e-01 0.000000000e+00 -3.326034842e-01 -5.616137764e-01 -8.273995203e-01 0.000000000e+00 1.217646677e+00 0.000000000e+00 0.000000000e+00 1.000000000e+00 0.000000000e+00
-8.861636948e-01 4.633723190e-01 0.000000000e+00 -1.599827363e-01 -4.633723190e-01 -8.861636948e-01 0.000000000e+00 1.281074164e+00 0.000000000e+00 0.000000000e+00 1.000000000e+00 0.000000000e+00
-9.502850021e-01 3.113814619e-01 0.000000000e+00 9.425477719e-02 -3.113814619e-01 -9.502850021e-01 0.000000000e+00 1.404116352e+00 0.000000000e+00 0.000000000e+00 1.000000000e+00 0.000000000e+00
-9.858032512e-01 1.679045859e-01 0.000000000e+00 3.470396863e-01 -1.679045859e-01 -9.858032512e-01 0.000000000e+00 1.483169297e+00 0.000000000e+00 0.000000000e+00 1.000000000e+00 0.000000000e+00
-9.931547257e-01 -1.168062105e-01 0.000000000e+00 8.820235894e-01 1.168062105e-01 -9.931547257e-01 0.000000000e+00 1.586792985e+00 0.000000000e+00 0.000000000e+00 1.000000000e+00 0.000000000e+00
-9.945695293e-01 -1.040742595e-01 0.000000000e+00 9.113344777e-01 1.040742595e-01 -9.945695293e-01 0.000000000e+00 1.549652766e+00 0.000000000e+00 0.000000000e+00 1.000000000e+00 0.000000000e+00
-9.927421327e-01 -1.202624542e-01 0.000000000e+00 9.389058530e-01 1.202624542e-01 -9.927421327e-01 0.000000000e+00 1.548449978e+00 0.000000000e+00 0.000000000e+00 1.000000000e+00 0.000000000e+00
-9.897523993e-01 -1.427942159e-01 0.000000000e+00 9.645481028e-01 1.427942159e-01 -9.897523993e-01 0.000000000e+00 1.541894013e+00 0.000000000e+00 0.000000000e+00 1.000000000e+00 0.000000000e+00
-9.946236398e-01 -1.035558552e-01 0.000000000e+00 9.441418591e-01 1.035558552e-01 -9.946236398e-01 0.000000000e+00 1.507349678e+00 0.000000000e+00 0.000000000e+00 1.000000000e+00 0.000000000e+00
-9.997177101e-01 -2.375921063e-02 0.000000000e+00 9.045907906e-01 2.375921063e-02 -9.997177101e-01 0.000000000e+00 1.454997526e+00 0.000000000e+00 0.000000000e+00 1.000000000e+00 0.000000000e+00
-9.960202142e-01 8.912762091e-02 0.000000000e+00 7.962663624e-01 -8.912762091e-02 -9.960202142e-01 0.000000000e+00 1.391459622e+00 0.000000000e+00 0.000000000e+00 1.000000000e+00 0.000000000e+00
-9.810930849e-01 1.935364533e-01 0.000000000e+00 7.051872364e-01 -1.935364533e-01 -9.810930849e-01 0.000000000e+00 1.338966896e+00 0.000000000e+00 0.000000000e+00 1.000000000e+00 0.000000000e+00
-9.815605605e-01 1.911514217e-01 0.000000000e+00 7.243580796e-01 -1.911514217e-01 -9.815605605e-01 0.000000000e+00 1.273713738e+00 0.000000000e+00 0.000000000e+00 1.000000000e+00 0.000000000e+00
-9.710964252e-01 2.386875218e-01 0.000000000e+00 6.634973677e-01 -2.386875218e-01 -9.710964252e-01 0.000000000e+00 1.188196680e+00 0.000000000e+00 0.000000000e+00 1.000000000e+00 0.000000000e+00
-9.716660230e-01 2.363580752e-01 0.000000000e+00 6.707100045e-01 -2.363580752e-01 -9.716660230e-01 0.000000000e+00 1.104319448e+00 0.000000000e+00 0.000000000e+00 1.000000000e+00 0.000000000e+00
-9.748685486e-01 2.227808630e-01 0.000000000e+00 6.774757568e-01 -2.227808630e-01 -9.748685486e-01 0.000000000e+00 1.050652614e+00 0.000000000e+00 0.000000000e+00 1.000000000e+00 0.000000000e+00
-9.781638115e-01 2.078354104e-01 0.000000000e+00 6.591088469e-01 -2.078354104e-01 -9.781638115e-01 0.000000000e+00 9.927120823e-01 0.000000000e+00 0.000000000e+00 1.000000000e+00 0.000000000e+00
-9.911572184e-01 1.326927592e-01 0.000000000e+00 6.689658429e-01 -1.326927592e-01 -9.911572184e-01 0.000000000e+00 8.850883279e-01 0.000000000e+00 0.000000000e+00 1.000000000e+00 0.000000000e+00
-9.806620630e-01 1.957087586e-01 0.000000000e+00 5.479884125e-01 -1.957087586e-01 -9.806620630e-01 0.000000000e+00 8.056780240e-01 0.000000000e+00 0.000000000e+00 1.000000000e+00 0.000000000e+00
-9.771633888e-01 2.124893211e-01 0.000000000e+00 4.889557366e-01 -2.124893211e-01 -9.771633888e-01 0.000000000e+00 7.460031943e-01 0.000000000e+00 0.000000000e+00 1.000000000e+00 0.000000000e+00
-9.897228674e-01 1.429987615e-01 0.000000000e+00 5.508479839e-01 -1.429987615e-01 -9.897228674e-01 0.000000000e+00 7.287386725e-01 0.000000000e+00 0.000000000e+00 1.000000000e+00 0.000000000e+00
-9.961090536e-01 8.812918587e-02 0.000000000e+00 5.900613276e-01 -8.812918587e-02 -9.961090536e-01 0.000000000e+00 7.104536558e-01 0.000000000e+00 0.000000000e+00 1.000000000e+00 0.000000000e+00
-9.864545850e-01 1.640346050e-01 0.000000000e+00 4.967806402e-01 -1.640346050e-01 -9.864545850e-01 0.000000000e+00 7.146148793e-01 0.000000000e+00 0.000000000e+00 1.000000000e+00 0.000000000e+00
-9.696216177e-01 2.446097269e-01 0.000000000e+00 4.140800862e-01 -2.446097269e-01 -9.696216177e-01 0.000000000e+00 7.175690973e-01 0.000000000e+00 0.000000000e+00 1.000000000e+00 0.000000000e+00
-9.483373339e-01 3.172637721e-01 0.000000000e+00 3.257721181e-01 -3.172637721e-01 -9.483373339e-01 0.000000000e+00 7.071389859e-01 0.000000000e+00 0.000000000e+00 1.000000000e+00 0.000000000e+00
-9.205394469e-01 3.906496214e-01 0.000000000e+00 2.331980662e-01 -3.906496214e-01 -9.205394469e-01 0.000000000e+00 6.777465331e-01 0.000000000e+00 0.000000000e+00 1.000000000e+00 0.000000000e+00
-8.866671866e-01 4.624081532e-01 0.000000000e+00 1.231989770e-01 -4.624081532e-01 -8.866671866e-01 0.000000000e+00 6.417138292e-01 0.000000000e+00 0.000000000e+00 1.000000000e+00 0.000000000e+00
-8.501890608e-01 5.264775028e-01 0.000000000e+00 3.967924289e-02 -5.264775028e-01 -8.501890608e-01 0.000000000e+00 5.685922889e-01 0.000000000e+00 0.000000000e+00 1.000000000e+00 0.000000000e+00
-7.666978176e-01 6.420081436e-01 0.000000000e+00 -1.013803091e-01 -6.420081436e-01 -7.666978176e-01 0.000000000e+00 4.433478493e-01 0.000000000e+00 0.000000000e+00 1.000000000e+00 0.000000000e+00
-7.146130964e-01 6.995199228e-01 0.000000000e+00 -1.795722800e-01 -6.995199228e-01 -7.146130964e-01 0.000000000e+00 3.657009853e-01 0.000000000e+00 0.000000000e+00 1.000000000e+00 0.000000000e+00
-6.523923619e-01 7.578813932e-01 0.000000000e+00 -2.331690740e-01 -7.578813932e-01 -6.523923619e-01 0.000000000e+00 2.620169084e-01 0.000000000e+00 0.000000000e+00 1.000000000e+00 0.000000000e+00
-6.896912294e-01 7.241035893e-01 0.000000000e+00 -1.896322663e-01 -7.241035893e-01 -6.896912294e-01 0.000000000e+00 3.147202562e-01 0.000000000e+00 0.000000000e+00 1.000000000e+00 0.000000000e+00
-7.526392342e-01 6.584331273e-01 0.000000000e+00 -7.032164826e-02 -6.584331273e-01 -7.526392342e-01 0.000000000e+00 4.275667113e-01 0.000000000e+00 0.000000000e+00 1.000000000e+00 0.000000000e+00
-7.803333738e-01 6.253637547e-01 0.000000000e+00 -1.067874377e-02 -6.253637547e-01 -7.803333738e-01 0.000000000e+00 4.652698297e-01 0.000000000e+00 0.000000000e+00 1.000000000e+00 0.000000000e+00
-8.185879961e-01 5.743811388e-01 0.000000000e+00 5.343639423e-02 -5.743811388e-01 -8.185879961e-01 0.000000000e+00 5.273745999e-01 0.000000000e+00 0.000000000e+00 1.000000000e+00 0.000000000e+00
-8.116536967e-01 5.841389189e-01 0.000000000e+00 3.308148902e-02 -5.841389189e-01 -8.116536967e-01 0.000000000e+00 5.236927648e-01 0.000000000e+00 0.000000000e+00 1.000000000e+00 0.000000000e+00
-7.715507041e-01 6.361678324e-01 0.000000000e+00 -3.404133902e-02 -6.361678324e-01 -7.715507041e-01 0.000000000e+00 4.651679392e-01 0.000000000e+00 0.000000000e+00 1.000000000e+00 0.000000000e+00
-6.835110074e-01 7.299402049e-01 0.000000000e+00 -1.485579398e-01 -7.299402049e-01 -6.835110074e-01 0.000000000e+00 3.790606515e-01 0.000000000e+00 0.000000000e+00 1.000000000e+00 0.000000000e+00
-5.651476556e-01 8.249897741e-01 0.000000000e+00 -2.262571473e-01 -8.249897741e-01 -5.651476556e-01 0.000000000e+00 2.174897244e-01 0.000000000e+00 0.000000000e+00 1.000000000e+00 0.000000000e+00
-6.326475475e-01 7.744398496e-01 0.000000000e+00 -1.676662343e-01 -7.744398496e-01 -6.326475475e-01 0.000000000e+00 3.070502504e-01 0.000000000e+00 0.000000000e+00 1.000000000e+00 0.000000000e+00
-6.936722977e-01 7.202907354e-01 0.000000000e+00 -8.993782365e-02 -7.202907354e-01 -6.936722977e-01 0.000000000e+00 3.566449291e-01 0.000000000e+00 0.000000000e+00 1.000000000e+00 0.000000000e+00
-8.268757517e-01 5.623846471e-01 0.000000000e+00 1.100715311e-01 -5.623846471e-01 -8.268757517e-01 0.000000000e+00 5.577458267e-01 0.000000000e+00 0.000000000e+00 1.000000000e+00 0.000000000e+00
-9.406446346e-01 3.393930929e-01 0.000000000e+00 3.848326091e-01 -3.393930929e-01 -9.406446346e-01 0.000000000e+00 7.369962316e-01 0.000000000e+00 0.000000000e+00 1.000000000e+00 0.000000000e+00
-9.954403291e-01 9.538632641e-02 0.000000000e+00 6.999290625e-01 -9.538632641e-02 -9.954403291e-01 0.000000000e+00 8.165223072e-01 0.000000000e+00 0.000000000e+00 1.000000000e+00 0.000000000e+00
-9.946477767e-01 -1.033237643e-01 0.000000000e+00 9.497430914e-01 1.033237643e-01 -9.946477767e-01 0.000000000e+00 8.585296541e-01 0.000000000e+00 0.000000000e+00 1.000000000e+00 0.000000000e+00
-9.780484481e-01 -2.083776215e-01 0.000000000e+00 1.102024245e+00 2.083776215e-01 -9.780484481e-01 0.000000000e+00 8.337765006e-01 0.000000000e+00 0.000000000e+00 1.000000000e+00 0.000000000e+00
-9.426067733e-01 -3.339048829e-01 0.000000000e+00 1.280372403e+00 3.339048829e-01 -9.426067733e-01 0.000000000e+00 7.846597903e-01 0.000000000e+00 0.000000000e+00 1.000000000e+00 0.000000000e+00
-9.036410017e-01 -4.282907191e-01 0.000000000e+00 1.424499435e+00 4.282907191e-01 -9.036410017e-01 0.000000000e+00 7.308759567e-01 0.000000000e+00 0.000000000e+00 1.000000000e+00 0.000000000e+00
-8.222117016e-01 -5.691817967e-01 0.000000000e+00 1.586280054e+00 5.691817967e-01 -8.222117016e-01 0.000000000e+00 6.076040534e-01 0.000000000e+00 0.000000000e+00 1.000000000e+00 0.000000000e+00
-7.074773351e-01 -7.067360330e-01 0.000000000e+00 1.746999940e+00 7.067360330e-01 -7.074773351e-01 0.000000000e+00 4.500290576e-01 0.000000000e+00 0.000000000e+00 1.000000000e+00 0.000000000e+00
-5.975638575e-01 -8.018213244e-01 0.000000000e+00 1.899423096e+00 8.018213244e-01 -5.975638575e-01 0.000000000e+00 3.363527979e-01 0.000000000e+00 0.000000000e+00 1.000000000e+00 0.000000000e+00
-4.261056258e-01 -9.046734193e-01 0.000000000e+00 2.031763537e+00 9.046734193e-01 -4.261056258e-01 0.000000000e+00 1.137835362e-01 0.000000000e+00 0.000000000e+00 1.000000000e+00 0.000000000e+00
-3.889652409e-01 -9.212524309e-01 0.000000000e+00 2.056571362e+00 9.212524309e-01 -3.889652409e-01 0.000000000e+00 6.188612241e-02 0.000000000e+00 0.000000000e+00 1.000000000e+00 0.000000000e+00
-3.742558812e-01 -9.273254744e-01 0.000000000e+00 2.064368906e+00 9.273254744e-01 -3.742558812e-01 0.000000000e+00 5.157388077e-02 0.000000000e+00 0.000000000e+00 1.000000000e+00 0.000000000e+00
-2.963164054e-01 -9.550898324e-01 0.000000000e+00 2.099317841e+00 9.550898324e-01 -2.963164054e-01 0.000000000e+00 -4.504662029e-02 0.000000000e+00 0.000000000e+00 1.000000000e+00 0.000000000e+00
-2.442852364e-01 -9.697034203e-01 0.000000000e+00 2.125146324e+00 9.697034203e-01 -2.442852364e-01 0.000000000e+00 -1.258663986e-01 0.000000000e+00 0.000000000e+00 1.000000000e+00 0.000000000e+00
-1.199627562e-01 -9.927783928e-01 0.000000000e+00 2.156962924e+00 9.927783928e-01 -1.199627562e-01 0.000000000e+00 -3.095710153e-01 0.000000000e+00 0.000000000e+00 1.000000000e+00 0.000000000e+00
5.256583599e-03 -9.999861841e-01 0.000000000e+00 2.164416449e+00 9.999861841e-01 5.256583599e-03 0.000000000e+00 -4.975733823e-01 0.000000000e+00 0.000000000e+00 1.000000000e+00 0.000000000e+00
9.308646283e-02 -9.956580289e-01 0.000000000e+00 2.169295533e+00 9.956580289e-01 9.308646283e-02 0.000000000e+00 -6.415507835e-01 0.000000000e+00 0.000000000e+00 1.000000000e+00 0.000000000e+00
1.590080433e-01 -9.872772874e-01 0.000000000e+00 2.133863680e+00 9.872772874e-01 1.590080433e-01 0.000000000e+00 -7.673244290e-01 0.000000000e+00 0.000000000e+00 1.000000000e+00 0.000000000e+00
1.957986972e-01 -9.806441099e-01 0.000000000e+00 2.095350011e+00 9.806441099e-01 1.957986972e-01 0.000000000e+00 -8.278782433e-01 0.000000000e+00 0.000000000e+00 1.000000000e+00 0.000000000e+00
3.634703338e-01 -9.316057731e-01 0.000000000e+00 2.030105158e+00 9.316057731e-01 3.634703338e-01 0.000000000e+00 -1.019201887e+00 0.000000000e+00 0.000000000e+00 1.000000000e+00 0.000000000e+00
4.055451289e-01 -9.140750234e-01 0.000000000e+00 1.995463529e+00 9.140750234e-01 4.055451289e-01 0.000000000e+00 -1.016703178e+00 0.000000000e+00 0.000000000e+00 1.000000000e+00 0.000000000e+00
4.472588494e-01 -8.944045626e-01 0.000000000e+00 1.958997498e+00 8.944045626e-01 4.472588494e-01 0.000000000e+00 -1.015390311e+00 0.000000000e+00 0.000000000e+00 1.000000000e+00 0.000000000e+00
4.603531532e-01 -8.877358697e-01 0.000000000e+00 1.934338132e+00 8.877358697e-01 4.603531532e-01 0.000000000e+00 -9.996120677e-01 0.000000000e+00 0.000000000e+00 1.000000000e+00 0.000000000e+00
4.644180450e-01 -8.856161017e-01 0.000000000e+00 1.908013211e+00 8.856161017e-01 4.644180450e-01 0.000000000e+00 -9.707083117e-01 0.000000000e+00 0.000000000e+00 1.000000000e+00 0.000000000e+00
4.704662155e-01 -8.824180076e-01 0.000000000e+00 1.870123915e+00 8.824180076e-01 4.704662155e-01 0.000000000e+00 -9.550891426e-01 0.000000000e+00 0.000000000e+00 1.000000000e+00 0.000000000e+00
4.913902249e-01 -8.709395196e-01 0.000000000e+00 1.853964044e+00 8.709395196e-01 4.913902249e-01 0.000000000e+00 -9.784437129e-01 0.000000000e+00 0.000000000e+00 1.000000000e+00 0.000000000e+00
4.976472373e-01 -8.673795174e-01 0.000000000e+00 1.838423920e+00 8.673795174e-01 4.976472373e-01 0.000000000e+00 -9.892924598e-01 0.000000000e+00 0.000000000e+00 1.000000000e+00 0.000000000e+00
4.361105117e-01 -8.998931168e-01 0.000000000e+00 1.877487087e+00 8.998931168e-01 4.361105117e-01 0.000000000e+00 -8.950850287e-01 0.000000000e+00 0.000000000e+00 1.000000000e+00 0.000000000e+00
4.334811009e-01 -9.011626574e-01 0.000000000e+00 1.877903611e+00 9.011626574e-01 4.334811009e-01 0.000000000e+00 -8.858085370e-01 0.000000000e+00 0.000000000e+00 1.000000000e+00 0.000000000e+00
4.130621882e-01 -9.107028213e-01 0.000000000e+00 1.884761202e+00 9.107028213e-01 4.130621882e-01 0.000000000e+00 -8.632458147e-01 0.000000000e+00 0.000000000e+00 1.000000000e+00 0.000000000e+00
3.387747547e-01 -9.408675069e-01 0.000000000e+00 1.936072425e+00 9.408675069e-01 3.387747547e-01 0.000000000e+00 -7.509007340e-01 0.000000000e+00 0.000000000e+00 1.000000000e+00 0.000000000e+00
2.600857707e-01 -9.655855176e-01 0.000000000e+00 1.967031328e+00 9.655855176e-01 2.600857707e-01 0.000000000e+00 -6.541063845e-01 0.000000000e+00 0.000000000e+00 1.000000000e+00 0.000000000e+00
2.234546200e-01 -9.747143339e-01 0.000000000e+00 1.979963241e+00 9.747143339e-01 2.234546200e-01 0.000000000e+00 -6.088009799e-01 0.000000000e+00 0.000000000e+00 1.000000000e+00 0.000000000e+00
3.024016844e-01 -9.531805817e-01 0.000000000e+00 1.973513900e+00 9.531805817e-01 3.024016844e-01 0.000000000e+00 -6.930666113e-01 0.000000000e+00 0.000000000e+00 1.000000000e+00 0.000000000e+00
3.670138512e-01 -9.302154767e-01 0.000000000e+00 1.971036054e+00 9.302154767e-01 3.670138512e-01 0.000000000e+00 -7.566943781e-01 0.000000000e+00 0.000000000e+00 1.000000000e+00 0.000000000e+00
3.446327641e-01 -9.387375874e-01 0.000000000e+00 2.038827516e+00 9.387375874e-01 3.446327641e-01 0.000000000e+00 -6.834391512e-01 0.000000000e+00 0.000000000e+00 1.000000000e+00 0.000000000e+00
3.598325024e-01 -9.330169185e-01 0.000000000e+00 2.096076145e+00 9.330169185e-01 3.598325024e-01 0.000000000e+00 -7.014359877e-01 0.000000000e+00 0.000000000e+00 1.000000000e+00 0.000000000e+00
4.394862347e-01 -8.982493248e-01 0.000000000e+00 2.109244236e+00 8.982493248e-01 4.394862347e-01 0.000000000e+00 -8.414025677e-01 0.000000000e+00 0.000000000e+00 1.000000000e+00 0.000000000e+00
5.086329205e-01 -8.609834796e-01 0.000000000e+00 2.106871512e+00 8.609834796e-01 5.086329205e-01 0.000000000e+00 -9.696876225e-01 0.000000000e+00 0.000000000e+00 1.000000000e+00 0.000000000e+00
5.682279312e-01 -8.228712039e-01 0.000000000e+00 2.099851000e+00 8.228712039e-01 5.682279312e-01 0.000000000e+00 -1.050309021e+00 0.000000000e+00 0.000000000e+00 1.000000000e+00 0.000000000e+00
6.330787404e-01 -7.740874036e-01 0.000000000e+00 2.075202563e+00 7.740874036e-01 6.330787404e-01 0.000000000e+00 -1.145464409e+00 0.000000000e+00 0.000000000e+00 1.000000000e+00 0.000000000e+00
6.689524118e-01 -7.433052339e-01 0.000000000e+00 2.042546246e+00 7.433052339e-01 6.689524118e-01 0.000000000e+00 -1.217846282e+00 0.000000000e+00 0.000000000e+00 1.000000000e+00 0.000000000e+00
6.739420377e-01 -7.387842241e-01 0.000000000e+00 2.017616761e+00 7.387842241e-01 6.739420377e-01 0.000000000e+00 -1.277367979e+00 0.000000000e+00 0.000000000e+00 1.000000000e+00 0.000000000e+00
6.213912194e-01 -7.835004482e-01 0.000000000e+00 2.048984716e+00 7.835004482e-01 6.213912194e-01 0.000000000e+00 -1.226922793e+00 0.000000000e+00 0.000000000e+00 1.000000000e+00 0.000000000e+00
5.449094111e-01 -8.384949217e-01 0.000000000e+00 2.062804515e+00 8.384949217e-01 5.449094111e-01 0.000000000e+00 -1.123486670e+00 0.000000000e+00 0.000000000e+00 1.000000000e+00 0.000000000e+00
4.584198980e-01 -8.887357296e-01 0.000000000e+00 2.081678676e+00 8.887357296e-01 4.584198980e-01 0.000000000e+00 -1.021504074e+00 0.000000000e+00 0.000000000e+00 1.000000000e+00 0.000000000e+00
4.679041930e-01 -8.837791954e-01 0.000000000e+00 2.053421467e+00 8.837791954e-01 4.679041930e-01 0.000000000e+00 -1.047068575e+00 0.000000000e+00 0.000000000e+00 1.000000000e+00 0.000000000e+00
4.768644634e-01 -8.789768390e-01 0.000000000e+00 2.030523032e+00 8.789768390e-01 4.768644634e-01 0.000000000e+00 -1.066716716e+00 0.000000000e+00 0.000000000e+00 1.000000000e+00 0.000000000e+00
4.382250179e-01 -8.988653034e-01 0.000000000e+00 2.023593730e+00 8.988653034e-01 4.382250179e-01 0.000000000e+00 -1.006913413e+00 0.000000000e+00 0.000000000e+00 1.000000000e+00 0.000000000e+00
4.572253237e-01 -8.893508888e-01 0.000000000e+00 1.997370903e+00 8.893508888e-01 4.572253237e-01 0.000000000e+00 -1.038960938e+00 0.000000000e+00 0.000000000e+00 1.000000000e+00 0.000000000e+00
4.654016183e-01 -8.850996179e-01 0.000000000e+00 1.994111945e+00 8.850996179e-01 4.654016183e-01 0.000000000e+00 -1.054158194e+00 0.000000000e+00 0.000000000e+00 1.000000000e+00 0.000000000e+00
4.500533232e-01 -8.930016832e-01 0.000000000e+00 2.004152738e+00 8.930016832e-01 4.500533232e-01 0.000000000e+00 -1.040244463e+00 0.000000000e+00 0.000000000e+00 1.000000000e+00 0.000000000e+00
4.873016413e-01 -8.732337089e-01 0.000000000e+00 1.983894675e+00 8.732337089e-01 4.873016413e-01 0.000000000e+00 -1.083052150e+00 0.000000000e+00 0.000000000e+00 1.000000000e+00 0.000000000e+00
5.011475787e-01 -8.653618343e-01 0.000000000e+00 1.966113552e+00 8.653618343e-01 5.011475787e-01 0.000000000e+00 -1.109351304e+00 0.000000000e+00 0.000000000e+00 1.000000000e+00 0.000000000e+00
4.921429119e-01 -8.705144194e-01 0.000000000e+00 1.973856022e+00 8.705144194e-01 4.921429119e-01 0.000000000e+00 -1.097118140e+00 0.000000000e+00 0.000000000e+00 1.000000000e+00 0.000000000e+00
4.446276921e-01 -8.957154768e-01 0.000000000e+00 1.996991924e+00 8.957154768e-01 4.446276921e-01 0.000000000e+00 -1.026399525e+00 0.000000000e+00 0.000000000e+00 1.000000000e+00 0.000000000e+00
3.152710563e-01 -9.490016655e-01 0.000000000e+00 2.073520298e+00 9.490016655e-01 3.152710563e-01 0.000000000e+00 -8.323983016e-01 0.000000000e+00 0.000000000e+00 1.000000000e+00 0.000000000e+00
1.222259057e-01 -9.925023063e-01 0.000000000e+00 2.115898821e+00 9.925023063e-01 1.222259057e-01 0.000000000e+00 -5.565106658e-01 0.000000000e+00 0.000000000e+00 1.000000000e+00 0.000000000e+00
-6.602587694e-02 -9.978179110e-01 0.000000000e+00 2.121283445e+00 9.978179110e-01 -6.602587694e-02 0.000000000e+00 -2.771864179e-01 0.000000000e+00 0.000000000e+00 1.000000000e+00 0.000000000e+00
-3.108525957e-01 -9.504581336e-01 0.000000000e+00 2.047612076e+00 9.504581336e-01 -3.108525957e-01 0.000000000e+00 5.869685756e-02 0.000000000e+00 0.000000000e+00 1.000000000e+00 0.000000000e+00
-5.371711230e-01 -8.434732862e-01 0.000000000e+00 1.892372724e+00 8.434732862e-01 -5.371711230e-01 0.000000000e+00 3.675511372e-01 0.000000000e+00 0.000000000e+00 1.000000000e+00 0.000000000e+00
-6.311635663e-01 -7.756497615e-01 0.000000000e+00 1.828562437e+00 7.756497615e-01 -6.311635663e-01 0.000000000e+00 5.329565280e-01 0.000000000e+00 0.000000000e+00 1.000000000e+00 0.000000000e+00
-6.530767309e-01 -7.572917427e-01 0.000000000e+00 1.828073796e+00 7.572917427e-01 -6.530767309e-01 0.000000000e+00 5.936948280e-01 0.000000000e+00 0.000000000e+00 1.000000000e+00 0.000000000e+00
-6.467741648e-01 -7.626815716e-01 0.000000000e+00 1.839764875e+00 7.626815716e-01 -6.467741648e-01 0.000000000e+00 5.859146123e-01 0.000000000e+00 0.000000000e+00 1.000000000e+00 0.000000000e+00
-7.187606754e-01 -6.952575720e-01 0.000000000e+00 1.757444364e+00 6.952575720e-01 -7.187606754e-01 0.000000000e+00 6.468182704e-01 0.000000000e+00 0.000000000e+00 1.000000000e+00 0.000000000e+00
-6.434630027e-01 -7.654772133e-01 0.000000000e+00 1.822611412e+00 7.654772133e-01 -6.434630027e-01 0.000000000e+00 5.346841493e-01 0.000000000e+00 0.000000000e+00 1.000000000e+00 0.000000000e+00
-4.495810758e-01 -8.932395291e-01 0.000000000e+00 1.951579085e+00 8.932395291e-01 -4.495810758e-01 0.000000000e+00 2.758987862e-01 0.000000000e+00 0.000000000e+00 1.000000000e+00 0.000000000e+00
-4.395339923e-01 -8.982259569e-01 0.000000000e+00 1.923937349e+00 8.982259569e-01 -4.395339923e-01 0.000000000e+00 2.639604634e-01 0.000000000e+00 0.000000000e+00 1.000000000e+00 0.000000000e+00
-3.952073155e-01 -9.185919539e-01 0.000000000e+00 1.891076925e+00 9.185919539e-01 -3.952073155e-01 0.000000000e+00 2.256025993e-01 0.000000000e+00 0.000000000e+00 1.000000000e+00 0.000000000e+00
-4.563171335e-01 -8.898172136e-01 0.000000000e+00 1.810711179e+00 8.898172136e-01 -4.563171335e-01 0.000000000e+00 2.978568061e-01 0.000000000e+00 0.000000000e+00 1.000000000e+00 0.000000000e+00
-4.569501356e-01 -8.894923123e-01 0.000000000e+00 1.787926268e+00 8.894923123e-01 -4.569501356e-01 0.000000000e+00 2.970347976e-01 0.000000000e+00 0.000000000e+00 1.000000000e+00 0.000000000e+00
-4.594028816e-01 -8.882280070e-01 0.000000000e+00 1.783845291e+00 8.882280070e-01 -4.594028816e-01 0.000000000e+00 3.015737194e-01 0.000000000e+00 0.000000000e+00 1.000000000e+00 0.000000000e+00
-4.655331216e-01 -8.850304586e-01 0.000000000e+00 1.778391997e+00 8.850304586e-01 -4.655331216e-01 0.000000000e+00 3.010685983e-01 0.000000000e+00 0.000000000e+00 1.000000000e+00 0.000000000e+00
-5.261912682e-01 -8.503662442e-01 0.000000000e+00 1.729659913e+00 8.503662442e-01 -5.261912682e-01 0.000000000e+00 3.400227664e-01 0.000000000e+00 0.000000000e+00 1.000000000e+00 0.000000000e+00
-6.874369794e-01 -7.262440357e-01 0.000000000e+00 1.543368741e+00 7.262440357e-01 -6.874369794e-01 0.000000000e+00 5.020844460e-01 0.000000000e+00 0.000000000e+00 1.000000000e+00 0.000000000e+00
-7.154474064e-01 -6.986665934e-01 0.000000000e+00 1.498151851e+00 6.986665934e-01 -7.154474064e-01 0.000000000e+00 5.680738302e-01 0.000000000e+00 0.000000000e+00 1.000000000e+00 0.000000000e+00
-6.638740753e-01 -7.478443769e-01 0.000000000e+00 1.563874577e+00 7.478443769e-01 -6.638740753e-01 0.000000000e+00 5.056401841e-01 0.000000000e+00 0.000000000e+00 1.000000000e+00 0.000000000e+00
-6.112994474e-01 -7.913993844e-01 0.000000000e+00 1.621610190e+00 7.913993844e-01 -6.112994474e-01 0.000000000e+00 4.484064773e-01 0.000000000e+00 0.000000000e+00 1.000000000e+00 0.000000000e+00
-5.373567539e-01 -8.433550374e-01 0.000000000e+00 1.688678444e+00 8.433550374e-01 -5.373567539e-01 0.000000000e+00 3.427437342e-01 0.000000000e+00 0.000000000e+00 1.000000000e+00 0.000000000e+00
-4.986712684e-01 -8.667911895e-01 0.000000000e+00 1.708806946e+00 8.667911895e-01 -4.986712684e-01 0.000000000e+00 2.953648695e-01 0.000000000e+00 0.000000000e+00 1.000000000e+00 0.000000000e+00
-5.342339259e-01 -8.453366858e-01 0.000000000e+00 1.686459506e+00 8.453366858e-01 -5.342339259e-01 0.000000000e+00 3.320943987e-01 0.000000000e+00 0.000000000e+00 1.000000000e+00 0.000000000e+00
-5.553141913e-01 -8.316406369e-01 0.000000000e+00 1.682603564e+00 8.316406369e-01 -5.553141913e-01 0.000000000e+00 3.606535444e-01 0.000000000e+00 0.000000000e+00 1.000000000e+00 0.000000000e+00
-5.873169335e-01 -8.093570409e-01 0.000000000e+00 1.659095540e+00 8.093570409e-01 -5.873169335e-01 0.000000000e+00 4.028309030e-01 0.000000000e+00 0.000000000e+00 1.000000000e+00 0.000000000e+00
-5.860811170e-01 -8.102523831e-01 0.000000000e+00 1.659407370e+00 8.102523831e-01 -5.860811170e-01 0.000000000e+00 3.944406132e-01 0.000000000e+00 0.000000000e+00 1.000000000e+00 0.000000000e+00
-6.173230328e-01 -7.867097770e-01 0.000000000e+00 1.633538706e+00 7.867097770e-01 -6.173230328e-01 0.000000000e+00 4.287911020e-01 0.000000000e+00 0.000000000e+00 1.000000000e+00 0.000000000e+00
-6.183827445e-01 -7.858770777e-01 0.000000000e+00 1.634405910e+00 7.858770777e-01 -6.183827445e-01 0.000000000e+00 4.221272367e-01 0.000000000e+00 0.000000000e+00 1.000000000e+00 0.000000000e+00
-5.847379970e-01 -8.112222106e-01 0.000000000e+00 1.658871477e+00 8.112222106e-01 -5.847379970e-01 0.000000000e+00 3.730222164e-01 0.000000000e+00 0.000000000e+00 1.000000000e+00 0.000000000e+00
-5.130285528e-01 -8.583715419e-01 0.000000000e+00 1.708622492e+00 8.583715419e-01 -5.130285528e-01 0.000000000e+00 2.818519398e-01 0.000000000e+00 0.000000000e+00 1.000000000e+00 0.000000000e+00
-4.785216802e-01 -8.780757379e-01 0.000000000e+00 1.734685673e+00 8.780757379e-01 -4.785216802e-01 0.000000000e+00 2.431850046e-01 0.000000000e+00 0.000000000e+00 1.000000000e+00 0.000000000e+00
-4.399556504e-01 -8.980195018e-01 0.000000000e+00 1.726301146e+00 8.980195018e-01 -4.399556504e-01 0.000000000e+00 2.030155079e-01 0.000000000e+00 0.000000000e+00 1.000000000e+00 0.000000000e+00
-2.934841385e-01 -9.559639431e-01 0.000000000e+00 1.786879245e+00 9.559639431e-01 -2.934841385e-01 0.000000000e+00 2.713097947e-02 0.000000000e+00 0.000000000e+00 1.000000000e+00 0.000000000e+00
-1.148029773e-01 -9.933882808e-01 0.000000000e+00 1.810870821e+00 9.933882808e-01 -1.148029773e-01 0.000000000e+00 -1.985181902e-01 0.000000000e+00 0.000000000e+00 1.000000000e+00 0.000000000e+00
1.039484716e-01 -9.945826840e-01 0.000000000e+00 1.784421204e+00 9.945826840e-01 1.039484716e-01 0.000000000e+00 -4.593944287e-01 0.000000000e+00 0.000000000e+00 1.000000000e+00 0.000000000e+00
2.385692766e-01 -9.711254812e-01 0.000000000e+00 1.744894160e+00 9.711254812e-01 2.385692766e-01 0.000000000e+00 -6.020540654e-01 0.000000000e+00 0.000000000e+00 1.000000000e+00 0.000000000e+00
4.134531717e-01 -9.105253839e-01 0.000000000e+00 1.645200018e+00 9.105253839e-01 4.134531717e-01 0.000000000e+00 -7.847968362e-01 0.000000000e+00 0.000000000e+00 1.000000000e+00 0.000000000e+00
5.498904686e-01 -8.352367763e-01 0.000000000e+00 1.543735709e+00 8.352367763e-01 5.498904686e-01 0.000000000e+00 -9.596721809e-01 0.000000000e+00 0.000000000e+00 1.000000000e+00 0.000000000e+00
6.175145693e-01 -7.865594426e-01 0.000000000e+00 1.457939587e+00 7.865594426e-01 6.175145693e-01 0.000000000e+00 -1.037971507e+00 0.000000000e+00 0.000000000e+00 1.000000000e+00 0.000000000e+00
7.298466949e-01 -6.836108556e-01 0.000000000e+00 1.313383508e+00 6.836108556e-01 7.298466949e-01 0.000000000e+00 -1.170937468e+00 0.000000000e+00 0.000000000e+00 1.000000000e+00 0.000000000e+00
7.328321233e-01 -6.804094937e-01 0.000000000e+00 1.314675290e+00 6.804094937e-01 7.328321233e-01 0.000000000e+00 -1.134724376e+00 0.000000000e+00 0.000000000e+00 1.000000000e+00 0.000000000e+00
7.650031443e-01 -6.440265439e-01 0.000000000e+00 1.304277624e+00 6.440265439e-01 7.650031443e-01 0.000000000e+00 -1.155504291e+00 0.000000000e+00 0.000000000e+00 1.000000000e+00 0.000000000e+00
7.888071783e-01 -6.146407369e-01 0.000000000e+00 1.273806253e+00 6.146407369e-01 7.888071783e-01 0.000000000e+00 -1.214352699e+00 0.000000000e+00 0.000000000e+00 1.000000000e+00 0.000000000e+00
7.774597624e-01 -6.289326815e-01 0.000000000e+00 1.356423793e+00 6.289326815e-01 7.774597624e-01 0.000000000e+00 -1.196633321e+00 0.000000000e+00 0.000000000e+00 1.000000000e+00 0.000000000e+00
7.800344643e-01 -6.257365536e-01 0.000000000e+00 1.442587099e+00 6.257365536e-01 7.800344643e-01 0.000000000e+00 -1.208720036e+00 0.000000000e+00 0.000000000e+00 1.000000000e+00 0.000000000e+00
7.811902462e-01 -6.242930395e-01 0.000000000e+00 1.464893491e+00 6.242930395e-01 7.811902462e-01 0.000000000e+00 -1.229073693e+00 0.000000000e+00 0.000000000e+00 1.000000000e+00 0.000000000e+00
7.836886364e-01 -6.211538628e-01 0.000000000e+00 1.493045050e+00 6.211538628e-01 7.836886364e-01 0.000000000e+00 -1.239286521e+00 0.000000000e+00 0.000000000e+00 1.000000000e+00 0.000000000e+00
7.750634519e-01 -6.318834113e-01 0.000000000e+00 1.537712884e+00 6.318834113e-01 7.750634519e-01 0.000000000e+00 -1.251425076e+00 0.000000000e+00 0.000000000e+00 1.000000000e+00 0.000000000e+00
7.451058423e-01 -6.669462376e-01 0.000000000e+00 1.610131887e+00 6.669462376e-01 7.451058423e-01 0.000000000e+00 -1.205309249e+00 0.000000000e+00 0.000000000e+00 1.000000000e+00 0.000000000e+00
7.546371951e-01 -6.561422892e-01 0.000000000e+00 1.586193817e+00 6.561422892e-01 7.546371951e-01 0.000000000e+00 -1.217667734e+00 0.000000000e+00 0.000000000e+00 1.000000000e+00 0.000000000e+00
7.648492460e-01 -6.442093067e-01 0.000000000e+00 1.573835722e+00 6.442093067e-01 7.648492460e-01 0.000000000e+00 -1.225488000e+00 0.000000000e+00 0.000000000e+00 1.000000000e+00 0.000000000e+00
7.261395651e-01 -6.875473307e-01 0.000000000e+00 1.617090662e+00 6.875473307e-01 7.261395651e-01 0.000000000e+00 -1.173226529e+00 0.000000000e+00 0.000000000e+00 1.000000000e+00 0.000000000e+00
7.363752551e-01 -6.765733395e-01 0.000000000e+00 1.610055186e+00 6.765733395e-01 7.363752551e-01 0.000000000e+00 -1.186026853e+00 0.000000000e+00 0.000000000e+00 1.000000000e+00 0.000000000e+00
7.304531432e-01 -6.829628142e-01 0.000000000e+00 1.611636933e+00 6.829628142e-01 7.304531432e-01 0.000000000e+00 -1.176057673e+00 0.000000000e+00 0.000000000e+00 1.000000000e+00 0.000000000e+00
7.338855666e-01 -6.792731226e-01 0.000000000e+00 1.608954537e+00 6.792731226e-01 7.338855666e-01 0.000000000e+00 -1.179355399e+00 0.000000000e+00 0.000000000e+00 1.000000000e+00 0.000000000e+00
7.430941785e-01 -6.691868513e-01 0.000000000e+00 1.588966386e+00 6.691868513e-01 7.430941785e-01 0.000000000e+00 -1.191811975e+00 0.000000000e+00 0.000000000e+00 1.000000000e+00 0.000000000e+00
7.770067426e-01 -6.294922732e-01 0.000000000e+00 1.518054756e+00 6.294922732e-01 7.770067426e-01 0.000000000e+00 -1.222503709e+00 0.000000000e+00 0.000000000e+00 1.000000000e+00 0.000000000e+00
6.909819397e-01 -7.228720212e-01 0.000000000e+00 1.605901624e+00 7.228720212e-01 6.909819397e-01 0.000000000e+00 -1.115825013e+00 0.000000000e+00 0.000000000e+00 1.000000000e+00 0.000000000e+00
5.645315487e-01 -8.254114916e-01 0.000000000e+00 1.719681472e+00 8.254114916e-01 5.645315487e-01 0.000000000e+00 -9.494660878e-01 0.000000000e+00 0.000000000e+00 1.000000000e+00 0.000000000e+00
4.137912455e-01 -9.103717950e-01 0.000000000e+00 1.805177464e+00 9.103717950e-01 4.137912455e-01 0.000000000e+00 -7.358756042e-01 0.000000000e+00 0.000000000e+00 1.000000000e+00 0.000000000e+00
3.092640704e-01 -9.509762009e-01 0.000000000e+00 1.830632642e+00 9.509762009e-01 3.092640704e-01 0.000000000e+00 -5.597333495e-01 0.000000000e+00 0.000000000e+00 1.000000000e+00 0.000000000e+00
2.856435206e-01 -9.583359427e-01 0.000000000e+00 1.821986264e+00 9.583359427e-01 2.856435206e-01 0.000000000e+00 -5.109922905e-01 0.000000000e+00 0.000000000e+00 1.000000000e+00 0.000000000e+00
2.118180795e-01 -9.773091124e-01 0.000000000e+00 1.818859481e+00 9.773091124e-01 2.118180795e-01 0.000000000e+00 -4.182633835e-01 0.000000000e+00 0.000000000e+00 1.000000000e+00 0.000000000e+00
1.465575133e-01 -9.892021509e-01 0.000000000e+00 1.762160705e+00 9.892021509e-01 1.465575133e-01 0.000000000e+00 -3.490610054e-01 0.000000000e+00 0.000000000e+00 1.000000000e+00 0.000000000e+00
-2.089534534e-02 -9.997816684e-01 0.000000000e+00 1.729853709e+00 9.997816684e-01 -2.089534534e-02 0.000000000e+00 -1.590939530e-01 0.000000000e+00 0.000000000e+00 1.000000000e+00 0.000000000e+00
-1.561957405e-01 -9.877261213e-01 0.000000000e+00 1.727409613e+00 9.877261213e-01 -1.561957405e-01 0.000000000e+00 -1.547610351e-02 0.000000000e+00 0.000000000e+00 1.000000000e+00 0.000000000e+00
-3.012886864e-01 -9.535329713e-01 0.000000000e+00 1.608329801e+00 9.535329713e-01 -3.012886864e-01 0.000000000e+00 1.225985544e-01 0.000000000e+00 0.000000000e+00 1.000000000e+00 0.000000000e+00
-4.786996866e-01 -8.779787071e-01 0.000000000e+00 1.450864944e+00 8.779787071e-01 -4.786996866e-01 0.000000000e+00 2.779227214e-01 0.000000000e+00 0.000000000e+00 1.000000000e+00 0.000000000e+00
-6.140912253e-01 -7.892350518e-01 0.000000000e+00 1.245778169e+00 7.892350518e-01 -6.140912253e-01 0.000000000e+00 4.452866041e-01 0.000000000e+00 0.000000000e+00 1.000000000e+00 0.000000000e+00
-7.023697151e-01 -7.118123231e-01 0.000000000e+00 1.071231598e+00 7.118123231e-01 -7.023697151e-01 0.000000000e+00 5.095802004e-01 0.000000000e+00 0.000000000e+00 1.000000000e+00 0.000000000e+00
-8.130192580e-01 -5.822367956e-01 0.000000000e+00 8.415862644e-01 5.822367956e-01 -8.130192580e-01 0.000000000e+00 5.845164397e-01 0.000000000e+00 0.000000000e+00 1.000000000e+00 0.000000000e+00
-8.954135195e-01 -4.452354761e-01 0.000000000e+00 6.715276398e-01 4.452354761e-01 -8.954135195e-01 0.000000000e+00 6.323650039e-01 0.000000000e+00 0.000000000e+00 1.000000000e+00 0.000000000e+00
-9.569774922e-01 -2.901621606e-01 0.000000000e+00 4.936612008e-01 2.901621606e-01 -9.569774922e-01 0.000000000e+00 6.694564534e-01 0.000000000e+00 0.000000000e+00 1.000000000e+00 0.000000000e+00
-9.861137860e-01 -1.660710722e-01 0.000000000e+00 3.575286026e-01 1.660710722e-01 -9.861137860e-01 0.000000000e+00 6.918139707e-01 0.000000000e+00 0.000000000e+00 1.000000000e+00 0.000000000e+00
-9.925392365e-01 -1.219256498e-01 0.000000000e+00 3.065447074e-01 1.219256498e-01 -9.925392365e-01 0.000000000e+00 6.857823666e-01 0.000000000e+00 0.000000000e+00 1.000000000e+00 0.000000000e+00
-9.713877390e-01 -2.374991800e-01 0.000000000e+00 4.405502697e-01 2.374991800e-01 -9.713877390e-01 0.000000000e+00 6.687920021e-01 0.000000000e+00 0.000000000e+00 1.000000000e+00 0.000000000e+00
-9.208087568e-01 -3.900144016e-01 0.000000000e+00 6.693231293e-01 3.900144016e-01 -9.208087568e-01 0.000000000e+00 6.392495190e-01 0.000000000e+00 0.000000000e+00 1.000000000e+00 0.000000000e+00
-8.024878362e-01 -5.966684780e-01 0.000000000e+00 9.372732081e-01 5.966684780e-01 -8.024878362e-01 0.000000000e+00 5.941626754e-01 0.000000000e+00 0.000000000e+00 1.000000000e+00 0.000000000e+00
-6.746168387e-01 -7.381680845e-01 0.000000000e+00 1.118760992e+00 7.381680845e-01 -6.746168387e-01 0.000000000e+00 5.661145851e-01 0.000000000e+00 0.000000000e+00 1.000000000e+00 0.000000000e+00
-5.090927486e-01 -8.607116668e-01 0.000000000e+00 1.270958183e+00 8.607116668e-01 -5.090927486e-01 0.000000000e+00 4.848892385e-01 0.000000000e+00 0.000000000e+00 1.000000000e+00 0.000000000e+00
-3.033468524e-01 -9.528802061e-01 0.000000000e+00 1.414650259e+00 9.528802061e-01 -3.033468524e-01 0.000000000e+00 3.131673780e-01 0.000000000e+00 0.000000000e+00 1.000000000e+00 0.000000000e+00
1.247867773e-01 -9.921835819e-01 0.000000000e+00 1.438131812e+00 9.921835819e-01 1.247867773e-01 0.000000000e+00 -1.883069812e-01 0.000000000e+00 0.000000000e+00 1.000000000e+00 0.000000000e+00
4.538636966e-01 -8.910711223e-01 0.000000000e+00 1.315528099e+00 8.910711223e-01 4.538636966e-01 0.000000000e+00 -6.121728420e-01 0.000000000e+00 0.000000000e+00 1.000000000e+00 0.000000000e+00
7.484276568e-01 -6.632164371e-01 0.000000000e+00 1.031106661e+00 6.632164371e-01 7.484276568e-01 0.000000000e+00 -9.879859866e-01 0.000000000e+00 0.000000000e+00 1.000000000e+00 0.000000000e+00
9.104500975e-01 -4.136189309e-01 0.000000000e+00 6.807622100e-01 4.136189309e-01 9.104500975e-01 0.000000000e+00 -1.232916358e+00 0.000000000e+00 0.000000000e+00 1.000000000e+00 0.000000000e+00
9.723877501e-01 -2.333710855e-01 0.000000000e+00 3.368866506e-01 2.333710855e-01 9.723877501e-01 0.000000000e+00 -1.354328280e+00 0.000000000e+00 0.000000000e+00 1.000000000e+00 0.000000000e+00
9.999035215e-01 1.389056365e-02 0.000000000e+00 -8.162469882e-02 -1.389056365e-02 9.999035215e-01 0.000000000e+00 -1.395183934e+00 0.000000000e+00 0.000000000e+00 1.000000000e+00 0.000000000e+00
9.385795914e-01 3.450628213e-01 0.000000000e+00 -5.883392165e-01 -3.450628213e-01 9.385795914e-01 0.000000000e+00 -1.315074435e+00 0.000000000e+00 0.000000000e+00 1.000000000e+00 0.000000000e+00
8.440723685e-01 5.362292762e-01 0.000000000e+00 -9.210013197e-01 -5.362292762e-01 8.440723685e-01 0.000000000e+00 -1.199081475e+00 0.000000000e+00 0.000000000e+00 1.000000000e+00 0.000000000e+00
7.524435785e-01 6.586567097e-01 0.000000000e+00 -1.143598777e+00 -6.586567097e-01 7.524435785e-01 0.000000000e+00 -1.078668557e+00 0.000000000e+00 0.000000000e+00 1.000000000e+00 0.000000000e+00
6.435658532e-01 7.653907450e-01 0.000000000e+00 -1.350102541e+00 -7.653907450e-01 6.435658532e-01 0.000000000e+00 -9.374548758e-01 0.000000000e+00 0.000000000e+00 1.000000000e+00 0.000000000e+00
5.770415120e-01 8.167148177e-01 0.000000000e+00 -1.431926435e+00 -8.167148177e-01 5.770415120e-01 0.000000000e+00 -8.353935474e-01 0.000000000e+00 0.000000000e+00 1.000000000e+00 0.000000000e+00
5.168579613e-01 8.560711699e-01 0.000000000e+00 -1.493083074e+00 -8.560711699e-01 5.168579613e-01 0.000000000e+00 -7.292013511e-01 0.000000000e+00 0.000000000e+00 1.000000000e+00 0.000000000e+00
5.277201848e-01 8.494182754e-01 0.000000000e+00 -1.515774939e+00 -8.494182754e-01 5.277201848e-01 0.000000000e+00 -7.536859730e-01 0.000000000e+00 0.000000000e+00 1.000000000e+00 0.000000000e+00
5.199200438e-01 8.542149308e-01 0.000000000e+00 -1.536507473e+00 -8.542149308e-01 5.199200438e-01 0.000000000e+00 -7.564481869e-01 0.000000000e+00 0.000000000e+00 1.000000000e+00 0.000000000e+00
6.099474060e-01 7.924418981e-01 0.000000000e+00 -1.433622001e+00 -7.924418981e-01 6.099474060e-01 0.000000000e+00 -8.247364800e-01 0.000000000e+00 0.000000000e+00 1.000000000e+00 0.000000000e+00
6.685491965e-01 7.436679177e-01 0.000000000e+00 -1.390776936e+00 -7.436679177e-01 6.685491965e-01 0.000000000e+00 -8.497606779e-01 0.000000000e+00 0.000000000e+00 1.000000000e+00 0.000000000e+00
7.289314146e-01 6.845867314e-01 0.000000000e+00 -1.329053178e+00 -6.845867314e-01 7.289314146e-01 0.000000000e+00 -8.957049962e-01 0.000000000e+00 0.000000000e+00 1.000000000e+00 0.000000000e+00
7.204152394e-01 6.935429928e-01 0.000000000e+00 -1.347766986e+00 -6.935429928e-01 7.204152394e-01 0.000000000e+00 -8.690391245e-01 0.000000000e+00 0.000000000e+00 1.000000000e+00 0.000000000e+00
7.325638742e-01 6.806982960e-01 0.000000000e+00 -1.305191876e+00 -6.806982960e-01 7.325638742e-01 0.000000000e+00 -8.278367917e-01 0.000000000e+00 0.000000000e+00 1.000000000e+00 0.000000000e+00
7.283420707e-01 6.852137098e-01 0.000000000e+00 -1.287155950e+00 -6.852137098e-01 7.283420707e-01 0.000000000e+00 -7.691998139e-01 0.000000000e+00 0.000000000e+00 1.000000000e+00 0.000000000e+00
7.318958603e-01 6.814165024e-01 0.000000000e+00 -1.247355699e+00 -6.814165024e-01 7.318958603e-01 0.000000000e+00 -7.650184239e-01 0.000000000e+00 0.000000000e+00 1.000000000e+00 0.000000000e+00
6.919336130e-01 7.219611314e-01 0.000000000e+00 -1.290693939e+00 -7.219611314e-01 6.919336130e-01 0.000000000e+00 -7.132466283e-01 0.000000000e+00 0.000000000e+00 1.000000000e+00 0.000000000e+00
6.647774476e-01 7.470414615e-01 0.000000000e+00 -1.305357916e+00 -7.470414615e-01 6.647774476e-01 0.000000000e+00 -6.945379573e-01 0.000000000e+00 0.000000000e+00 1.000000000e+00 0.000000000e+00
6.781085819e-01 7.349617345e-01 0.000000000e+00 -1.265001194e+00 -7.349617345e-01 6.781085819e-01 0.000000000e+00 -7.039963312e-01 0.000000000e+00 0.000000000e+00 1.000000000e+00 0.000000000e+00
7.808403129e-01 6.247306665e-01 0.000000000e+00 -1.090896371e+00 -6.247306665e-01 7.808403129e-01 0.000000000e+00 -8.212793442e-01 0.000000000e+00 0.000000000e+00 1.000000000e+00 0.000000000e+00
8.685843654e-01 4.955413204e-01 0.000000000e+00 -9.099521395e-01 -4.955413204e-01 8.685843654e-01 0.000000000e+00 -9.797300926e-01 0.000000000e+00 0.000000000e+00 1.000000000e+00 0.000000000e+00
9.902777432e-01 1.391042462e-01 0.000000000e+00 -4.375683829e-01 -1.391042462e-01 9.902777432e-01 0.000000000e+00 -1.273929209e+00 0.000000000e+00 0.000000000e+00 1.000000000e+00 0.000000000e+00
9.968993534e-01 7.868722324e-02 0.000000000e+00 -3.221032994e-01 -7.868722324e-02 9.968993534e-01 0.000000000e+00 -1.295196190e+00 0.000000000e+00 0.000000000e+00 1.000000000e+00 0.000000000e+00
9.947324649e-01 1.025052357e-01 0.000000000e+00 -3.087149715e-01 -1.025052357e-01 9.947324649e-01 0.000000000e+00 -1.333451268e+00 0.000000000e+00 0.000000000e+00 1.000000000e+00 0.000000000e+00
9.745521556e-01 2.241608711e-01 0.000000000e+00 -4.382310147e-01 -2.241608711e-01 9.745521556e-01 0.000000000e+00 -1.313106800e+00 0.000000000e+00 0.000000000e+00 1.000000000e+00 0.000000000e+00
9.313087796e-01 3.642306372e-01 0.000000000e+00 -5.951693076e-01 -3.642306372e-01 9.313087796e-01 0.000000000e+00 -1.299552615e+00 0.000000000e+00 0.000000000e+00 1.000000000e+00 0.000000000e+00
9.307328972e-01 3.656997047e-01 0.000000000e+00 -6.005300457e-01 -3.656997047e-01 9.307328972e-01 0.000000000e+00 -1.297319574e+00 0.000000000e+00 0.000000000e+00 1.000000000e+00 0.000000000e+00
9.078641746e-01 4.192644040e-01 0.000000000e+00 -6.687115961e-01 -4.192644040e-01 9.078641746e-01 0.000000000e+00 -1.245935419e+00 0.000000000e+00 0.000000000e+00 1.000000000e+00 0.000000000e+00
9.231910866e-01 3.843412776e-01 0.000000000e+00 -6.360893897e-01 -3.843412776e-01 9.231910866e-01 0.000000000e+00 -1.267133446e+00 0.000000000e+00 0.000000000e+00 1.000000000e+00 0.000000000e+00
9.116882103e-01 4.108827170e-01 0.000000000e+00 -6.508816750e-01 -4.108827170e-01 9.116882103e-01 0.000000000e+00 -1.258184755e+00 0.000000000e+00 0.000000000e+00 1.000000000e+00 0.000000000e+00
9.054269948e-01 4.245020107e-01 0.000000000e+00 -6.698858181e-01 -4.245020107e-01 9.054269948e-01 0.000000000e+00 -1.249572835e+00 0.000000000e+00 0.000000000e+00 1.000000000e+00 0.000000000e+00
9.185017548e-01 3.954169021e-01 0.000000000e+00 -6.310748968e-01 -3.954169021e-01 9.185017548e-01 0.000000000e+00 -1.259335449e+00 0.000000000e+00 0.000000000e+00 1.000000000e+00 0.000000000e+00
9.296048215e-01 3.685578324e-01 0.000000000e+00 -5.906209525e-01 -3.685578324e-01 9.296048215e-01 0.000000000e+00 -1.278699306e+00 0.000000000e+00 0.000000000e+00 1.000000000e+00 0.000000000e+00
9.394313349e-01 3.427371691e-01 0.000000000e+00 -5.551188243e-01 -3.427371691e-01 9.394313349e-01 0.000000000e+00 -1.302070704e+00 0.000000000e+00 0.000000000e+00 1.000000000e+00 0.000000000e+00
9.503590622e-01 3.111553518e-01 0.000000000e+00 -5.238747871e-01 -3.111553518e-01 9.503590622e-01 0.000000000e+00 -1.322676733e+00 0.000000000e+00 0.000000000e+00 1.000000000e+00 0.000000000e+00
9.444646409e-01 3.286130582e-01 0.000000000e+00 -4.907813841e-01 -3.286130582e-01 9.444646409e-01 0.000000000e+00 -1.278408117e+00 0.000000000e+00 0.000000000e+00 1.000000000e+00 0.000000000e+00
9.171046960e-01 3.986464304e-01 0.000000000e+00 -5.806496916e-01 -3.986464304e-01 9.171046960e-01 0.000000000e+00 -1.223346145e+00 0.000000000e+00 0.000000000e+00 1.000000000e+00 0.000000000e+00
9.121174165e-01 4.099290407e-01 0.000000000e+00 -5.618583349e-01 -4.099290407e-01 9.121174165e-01 0.000000000e+00 -1.220049641e+00 0.000000000e+00 0.000000000e+00 1.000000000e+00 0.000000000e+00
9.101118176e-01 4.143627391e-01 0.000000000e+00 -5.520140500e-01 -4.143627391e-01 9.101118176e-01 0.000000000e+00 -1.221471913e+00 0.000000000e+00 0.000000000e+00 1.000000000e+00 0.000000000e+00
8.818048999e-01 4.716143748e-01 0.000000000e+00 -6.027803151e-01 -4.716143748e-01 8.818048999e-01 0.000000000e+00 -1.201033283e+00 0.000000000e+00 0.000000000e+00 1.000000000e+00 0.000000000e+00
8.576929515e-01 5.141622321e-01 0.000000000e+00 -6.238618942e-01 -5.141622321e-01 8.576929515e-01 0.000000000e+00 -1.161352204e+00 0.000000000e+00 0.000000000e+00 1.000000000e+00 0.000000000e+00
8.529980027e-01 5.219141762e-01 0.000000000e+00 -6.526802789e-01 -5.219141762e-01 8.529980027e-01 0.000000000e+00 -1.197520580e+00 0.000000000e+00 0.000000000e+00 1.000000000e+00 0.000000000e+00
8.576179968e-01 5.142872461e-01 0.000000000e+00 -6.453625836e-01 -5.142872461e-01 8.576179968e-01 0.000000000e+00 -1.205759834e+00 0.000000000e+00 0.000000000e+00 1.000000000e+00 0.000000000e+00
8.534898776e-01 5.211094212e-01 0.000000000e+00 -6.482938234e-01 -5.211094212e-01 8.534898776e-01 0.000000000e+00 -1.201838926e+00 0.000000000e+00 0.000000000e+00 1.000000000e+00 0.000000000e+00
8.669316197e-01 4.984270927e-01 0.000000000e+00 -6.209463631e-01 -4.984270927e-01 8.669316197e-01 0.000000000e+00 -1.219024223e+00 0.000000000e+00 0.000000000e+00 1.000000000e+00 0.000000000e+00
8.908822779e-01 4.542342644e-01 0.000000000e+00 -5.765704508e-01 -4.542342644e-01 8.908822779e-01 0.000000000e+00 -1.226238041e+00 0.000000000e+00 0.000000000e+00 1.000000000e+00 0.000000000e+00
8.780586157e-01 4.785530977e-01 0.000000000e+00 -6.468451835e-01 -4.785530977e-01 8.780586157e-01 0.000000000e+00 -1.225914008e+00 0.000000000e+00 0.000000000e+00 1.000000000e+00 0.000000000e+00
8.857646737e-01 4.641346172e-01 0.000000000e+00 -6.574892332e-01 -4.641346172e-01 8.857646737e-01 0.000000000e+00 -1.267973961e+00 0.000000000e+00 0.000000000e+00 1.000000000e+00 0.000000000e+00
9.057536624e-01 4.238045576e-01 0.000000000e+00 -6.192711702e-01 -4.238045576e-01 9.057536624e-01 0.000000000e+00 -1.312856372e+00 0.000000000e+00 0.000000000e+00 1.000000000e+00 0.000000000e+00
9.125368291e-01 4.089945423e-01 0.000000000e+00 -6.025267003e-01 -4.089945423e-01 9.125368291e-01 0.000000000e+00 -1.318113414e+00 0.000000000e+00 0.000000000e+00 1.000000000e+00 0.000000000e+00
9.539861812e-01 2.998505730e-01 0.000000000e+00 -4.597235547e-01 -2.998505730e-01 9.539861812e-01 0.000000000e+00 -1.403874923e+00 0.000000000e+00 0.000000000e+00 1.000000000e+00 0.000000000e+00
9.457254139e-01 3.249668313e-01 0.000000000e+00 -4.872665916e-01 -3.249668313e-01 9.457254139e-01 0.000000000e+00 -1.461338451e+00 0.000000000e+00 0.000000000e+00 1.000000000e+00 0.000000000e+00
9.566330281e-01 2.912958112e-01 0.000000000e+00 -4.598579536e-01 -2.912958112e-01 9.566330281e-01 0.000000000e+00 -1.519939018e+00 0.000000000e+00 0.000000000e+00 1.000000000e+00 0.000000000e+00
9.287961851e-01 3.705909424e-01 0.000000000e+00 -5.328544159e-01 -3.705909424e-01 9.287961851e-01 0.000000000e+00 -1.503353640e+00 0.000000000e+00 0.000000000e+00 1.000000000e+00 0.000000000e+00
9.100273708e-01 4.145481689e-01 0.000000000e+00 -5.818373749e-01 -4.145481689e-01 9.100273708e-01 0.000000000e+00 -1.467138847e+00 0.000000000e+00 0.000000000e+00 1.000000000e+00 0.000000000e+00
8.736147441e-01 4.866182065e-01 0.000000000e+00 -6.477875640e-01 -4.866182065e-01 8.736147441e-01 0.000000000e+00 -1.433042325e+00 0.000000000e+00 0.000000000e+00 1.000000000e+00 0.000000000e+00
8.320800397e-01 5.546555756e-01 0.000000000e+00 -7.111516923e-01 -5.546555756e-01 8.320800397e-01 0.000000000e+00 -1.383826915e+00 0.000000000e+00 0.000000000e+00 1.000000000e+00 0.000000000e+00
7.315899832e-01 6.817448910e-01 0.000000000e+00 -8.687398285e-01 -6.817448910e-01 7.315899832e-01 0.000000000e+00 -1.283565817e+00 0.000000000e+00 0.000000000e+00 1.000000000e+00 0.000000000e+00
7.327211823e-01 6.805289626e-01 0.000000000e+00 -8.893688735e-01 -6.805289626e-01 7.327211823e-01 0.000000000e+00 -1.324380822e+00 0.000000000e+00 0.000000000e+00 1.000000000e+00 0.000000000e+00
7.285650283e-01 6.849766416e-01 0.000000000e+00 -9.207118488e-01 -6.849766416e-01 7.285650283e-01 0.000000000e+00 -1.342403928e+00 0.000000000e+00 0.000000000e+00 1.000000000e+00 0.000000000e+00
7.062371084e-01 7.079753857e-01 0.000000000e+00 -9.370827668e-01 -7.079753857e-01 7.062371084e-01 0.000000000e+00 -1.316445519e+00 0.000000000e+00 0.000000000e+00 1.000000000e+00 0.000000000e+00
8.051182438e-01 5.931143342e-01 0.000000000e+00 -8.073317775e-01 -5.931143342e-01 8.051182438e-01 0.000000000e+00 -1.433266640e+00 0.000000000e+00 0.000000000e+00 1.000000000e+00 0.000000000e+00
9.082550946e-01 4.184168771e-01 0.000000000e+00 -6.122299841e-01 -4.184168771e-01 9.082550946e-01 0.000000000e+00 -1.581753397e+00 0.000000000e+00 0.000000000e+00 1.000000000e+00 0.000000000e+00
8.762451026e-01 4.818656661e-01 0.000000000e+00 -6.818283120e-01 -4.818656661e-01 8.762451026e-01 0.000000000e+00 -1.544406073e+00 0.000000000e+00 0.000000000e+00 1.000000000e+00 0.000000000e+00
8.509979471e-01 5.251690147e-01 0.000000000e+00 -7.125571488e-01 -5.251690147e-01 8.509979471e-01 0.000000000e+00 -1.527769982e+00 0.000000000e+00 0.000000000e+00 1.000000000e+00 0.000000000e+00
7.167500086e-01 6.973302124e-01 0.000000000e+00 -9.272759795e-01 -6.973302124e-01 7.167500086e-01 0.000000000e+00 -1.349538572e+00 0.000000000e+00 0.000000000e+00 1.000000000e+00 0.000000000e+00
5.543467367e-01 8.322858256e-01 0.000000000e+00 -1.095965050e+00 -8.322858256e-01 5.543467367e-01 0.000000000e+00 -1.137412999e+00 0.000000000e+00 0.000000000e+00 1.000000000e+00 0.000000000e+00
3.858562856e-01 9.225589016e-01 0.000000000e+00 -1.220205944e+00 -9.225589016e-01 3.858562856e-01 0.000000000e+00 -9.220990211e-01 0.000000000e+00 0.000000000e+00 1.000000000e+00 0.000000000e+00
3.734774128e-01 9.276392737e-01 0.000000000e+00 -1.188148892e+00 -9.276392737e-01 3.734774128e-01 0.000000000e+00 -9.115865347e-01 0.000000000e+00 0.000000000e+00 1.000000000e+00 0.000000000e+00
4.790940429e-01 8.777635775e-01 0.000000000e+00 -1.149782286e+00 -8.777635775e-01 4.790940429e-01 0.000000000e+00 -9.852704278e-01 0.000000000e+00 0.000000000e+00 1.000000000e+00 0.000000000e+00
4.582429610e-01 8.888269734e-01 0.000000000e+00 -1.157069294e+00 -8.888269734e-01 4.582429610e-01 0.000000000e+00 -9.584929373e-01 0.000000000e+00 0.000000000e+00 1.000000000e+00 0.000000000e+00
3.749871596e-01 9.270300050e-01 0.000000000e+00 -1.225675993e+00 -9.270300050e-01 3.749871596e-01 0.000000000e+00 -8.537402300e-01 0.000000000e+00 0.000000000e+00 1.000000000e+00 0.000000000e+00
3.466920160e-01 9.379790222e-01 0.000000000e+00 -1.255930112e+00 -9.379790222e-01 3.466920160e-01 0.000000000e+00 -7.799858790e-01 0.000000000e+00 0.000000000e+00 1.000000000e+00 0.000000000e+00
3.000513922e-01 9.539230378e-01 0.000000000e+00 -1.285951156e+00 -9.539230378e-01 3.000513922e-01 0.000000000e+00 -7.046988119e-01 0.000000000e+00 0.000000000e+00 1.000000000e+00 0.000000000e+00
2.497210099e-01 9.683178286e-01 0.000000000e+00 -1.315428653e+00 -9.683178286e-01 2.497210099e-01 0.000000000e+00 -6.314818702e-01 0.000000000e+00 0.000000000e+00 1.000000000e+00 0.000000000e+00
2.271822215e-01 9.738522671e-01 0.000000000e+00 -1.326164108e+00 -9.738522671e-01 2.271822215e-01 0.000000000e+00 -5.906153932e-01 0.000000000e+00 0.000000000e+00 1.000000000e+00 0.000000000e+00
1.869614230e-01 9.823672563e-01 0.000000000e+00 -1.340372359e+00 -9.823672563e-01 1.869614230e-01 0.000000000e+00 -5.299722772e-01 0.000000000e+00 0.000000000e+00 1.000000000e+00 0.000000000e+00
1.392701149e-01 9.902544295e-01 0.000000000e+00 -1.349443086e+00 -9.902544295e-01 1.392701149e-01 0.000000000e+00 -4.514509907e-01 0.000000000e+00 0.000000000e+00 1.000000000e+00 0.000000000e+00
1.271079185e-01 9.918888935e-01 0.000000000e+00 -1.349347101e+00 -9.918888935e-01 1.271079185e-01 0.000000000e+00 -4.434836272e-01 0.000000000e+00 0.000000000e+00 1.000000000e+00 0.000000000e+00
1.115435989e-01 9.937595411e-01 0.000000000e+00 -1.347666423e+00 -9.937595411e-01 1.115435989e-01 0.000000000e+00 -4.251468677e-01 0.000000000e+00 0.000000000e+00 1.000000000e+00 0.000000000e+00
9.411080671e-02 9.955617289e-01 0.000000000e+00 -1.349334496e+00 -9.955617289e-01 9.411080671e-02 0.000000000e+00 -4.060308411e-01 0.000000000e+00 0.000000000e+00 1.000000000e+00 0.000000000e+00
-1.530444280e-03 9.999988289e-01 0.000000000e+00 -1.354214382e+00 -9.999988289e-01 -1.530444280e-03 0.000000000e+00 -2.764622369e-01 0.000000000e+00 0.000000000e+00 1.000000000e+00 0.000000000e+00
-1.112434508e-01 9.937931850e-01 0.000000000e+00 -1.331080320e+00 -9.937931850e-01 -1.112434508e-01 0.000000000e+00 -1.466856443e-01 0.000000000e+00 0.000000000e+00 1.000000000e+00 0.000000000e+00
-1.668872621e-01 9.859759844e-01 0.000000000e+00 -1.320762573e+00 -9.859759844e-01 -1.668872621e-01 0.000000000e+00 -8.607018504e-02 0.000000000e+00 0.000000000e+00 1.000000000e+00 0.000000000e+00
-1.458818180e-01 9.893020243e-01 0.000000000e+00 -1.314304927e+00 -9.893020243e-01 -1.458818180e-01 0.000000000e+00 -1.129854397e-01 0.000000000e+00 0.000000000e+00 1.000000000e+00 0.000000000e+00
-1.269183434e-01 9.919131686e-01 0.000000000e+00 -1.306485668e+00 -9.919131686e-01 -1.269183434e-01 0.000000000e+00 -1.386198298e-01 0.000000000e+00 0.000000000e+00 1.000000000e+00 0.000000000e+00
5.507783135e-02 9.984820642e-01 0.000000000e+00 -1.287989629e+00 -9.984820642e-01 5.507783135e-02 0.000000000e+00 -3.834113934e-01 0.000000000e+00 0.000000000e+00 1.000000000e+00 0.000000000e+00
5.113968023e-02 9.986915105e-01 0.000000000e+00 -1.291457203e+00 -9.986915105e-01 5.113968023e-02 0.000000000e+00 -3.999770187e-01 0.000000000e+00 0.000000000e+00 1.000000000e+00 0.000000000e+00
-4.733428794e-02 9.988791044e-01 0.000000000e+00 -1.276818398e+00 -9.988791044e-01 -4.733428794e-02 0.000000000e+00 -3.029527587e-01 0.000000000e+00 0.000000000e+00 1.000000000e+00 0.000000000e+00
9.532916537e-03 9.999545607e-01 0.000000000e+00 -1.275207498e+00 -9.999545607e-01 9.532916537e-03 0.000000000e+00 -3.736597578e-01 0.000000000e+00 0.000000000e+00 1.000000000e+00 0.000000000e+00
9.789751365e-02 9.951965016e-01 0.000000000e+00 -1.284482048e+00 -9.951965016e-01 9.789751365e-02 0.000000000e+00 -4.601015331e-01 0.000000000e+00 0.000000000e+00 1.000000000e+00 0.000000000e+00
1.283239776e-01 9.917323010e-01 0.000000000e+00 -1.287775472e+00 -9.917323010e-01 1.283239776e-01 0.000000000e+00 -4.944679782e-01 0.000000000e+00 0.000000000e+00 1.000000000e+00 0.000000000e+00
8.774621002e-02 9.961428626e-01 0.000000000e+00 -1.293030288e+00 -9.961428626e-01 8.774621002e-02 0.000000000e+00 -4.706412419e-01 0.000000000e+00 0.000000000e+00 1.000000000e+00 0.000000000e+00
7.855743767e-02 9.969095892e-01 0.000000000e+00 -1.287294783e+00 -9.969095892e-01 7.855743767e-02 0.000000000e+00 -4.801130806e-01 0.000000000e+00 0.000000000e+00 1.000000000e+00 0.000000000e+00
8.536120144e-02 9.963500717e-01 0.000000000e+00 -1.287179942e+00 -9.963500717e-01 8.536120144e-02 0.000000000e+00 -5.015016235e-01 0.000000000e+00 0.000000000e+00 1.000000000e+00 0.000000000e+00
1.144877677e-01 9.934246580e-01 0.000000000e+00 -1.274693245e+00 -9.934246580e-01 1.144877677e-01 0.000000000e+00 -5.475530712e-01 0.000000000e+00 0.000000000e+00 1.000000000e+00 0.000000000e+00
1.259022201e-01 9.920426558e-01 0.000000000e+00 -1.273939085e+00 -9.920426558e-01 1.259022201e-01 0.000000000e+00 -5.556438030e-01 0.000000000e+00 0.000000000e+00 1.000000000e+00 0.000000000e+00
2.075569650e-01 9.782229328e-01 0.000000000e+00 -1.254568325e+00 -9.782229328e-01 2.075569650e-01 0.000000000e+00 -6.493299669e-01 0.000000000e+00 0.000000000e+00 1.000000000e+00 0.000000000e+00
1.986889951e-01 9.800625915e-01 0.000000000e+00 -1.255821721e+00 -9.800625915e-01 1.986889951e-01 0.000000000e+00 -6.390241056e-01 0.000000000e+00 0.000000000e+00 1.000000000e+00 0.000000000e+00
2.033726146e-01 9.791014144e-01 0.000000000e+00 -1.256552652e+00 -9.791014144e-01 2.033726146e-01 0.000000000e+00 -6.316568773e-01 0.000000000e+00 0.000000000e+00 1.000000000e+00 0.000000000e+00
1.865241903e-01 9.824503684e-01 0.000000000e+00 -1.260748135e+00 -9.824503684e-01 1.865241903e-01 0.000000000e+00 -6.103877314e-01 0.000000000e+00 0.000000000e+00 1.000000000e+00 0.000000000e+00
1.982416474e-01 9.801531764e-01 0.000000000e+00 -1.259930078e+00 -9.801531764e-01 1.982416474e-01 0.000000000e+00 -6.262831549e-01 0.000000000e+00 0.000000000e+00 1.000000000e+00 0.000000000e+00
2.298928590e-01 9.732159439e-01 0.000000000e+00 -1.260568944e+00 -9.732159439e-01 2.298928590e-01 0.000000000e+00 -6.645615670e-01 0.000000000e+00 0.000000000e+00 1.000000000e+00 0.000000000e+00
1.786581595e-01 9.839112064e-01 0.000000000e+00 -1.266423779e+00 -9.839112064e-01 1.786581595e-01 0.000000000e+00 -5.667057431e-01 0.000000000e+00 0.000000000e+00 1.000000000e+00 0.000000000e+00
2.242079085e-01 9.745413351e-01 0.000000000e+00 -1.259583449e+00 -9.745413351e-01 2.242079085e-01 0.000000000e+00 -6.199765400e-01 0.000000000e+00 0.000000000e+00 1.000000000e+00 0.000000000e+00
1.979467150e-01 9.802127820e-01 0.000000000e+00 -1.265516720e+00 -9.802127820e-01 1.979467150e-01 0.000000000e+00 -5.937525844e-01 0.000000000e+00 0.000000000e+00 1.000000000e+00 0.000000000e+00
1.523629379e-01 9.883246102e-01 0.000000000e+00 -1.270312442e+00 -9.883246102e-01 1.523629379e-01 0.000000000e+00 -5.394047554e-01 0.000000000e+00 0.000000000e+00 1.000000000e+00 0.000000000e+00
1.269763464e-01 9.919057452e-01 0.000000000e+00 -1.349540357e+00 -9.919057452e-01 1.269763464e-01 0.000000000e+00 -5.158658832e-01 0.000000000e+00 0.000000000e+00 1.000000000e+00 0.000000000e+00
6.024463448e-02 9.981836424e-01 0.000000000e+00 -1.334289731e+00 -9.981836424e-01 6.024463448e-02 0.000000000e+00 -4.492789214e-01 0.000000000e+00 0.000000000e+00 1.000000000e+00 0.000000000e+00
6.569209664e-02 9.978399413e-01 0.000000000e+00 -1.337150613e+00 -9.978399413e-01 6.569209664e-02 0.000000000e+00 -4.367415573e-01 0.000000000e+00 0.000000000e+00 1.000000000e+00 0.000000000e+00
4.971939907e-02 9.987632259e-01 0.000000000e+00 -1.333312294e+00 -9.987632259e-01 4.971939907e-02 0.000000000e+00 -3.818710095e-01 0.000000000e+00 0.000000000e+00 1.000000000e+00 0.000000000e+00
7.099547872e-03 9.999747979e-01 0.000000000e+00 -1.351312475e+00 -9.999747979e-01 7.099547872e-03 0.000000000e+00 -3.129658900e-01 0.000000000e+00 0.000000000e+00 1.000000000e+00 0.000000000e+00
-6.777994170e-02 9.977002954e-01 0.000000000e+00 -1.336297269e+00 -9.977002954e-01 -6.777994170e-02 0.000000000e+00 -2.230961064e-01 0.000000000e+00 0.000000000e+00 1.000000000e+00 0.000000000e+00
-9.534243177e-02 9.954445342e-01 0.000000000e+00 -1.335877314e+00 -9.954445342e-01 -9.534243177e-02 0.000000000e+00 -1.854837958e-01 0.000000000e+00 0.000000000e+00 1.000000000e+00 0.000000000e+00
5.122668812e-02 9.986870513e-01 0.000000000e+00 -1.324883433e+00 -9.986870513e-01 5.122668812e-02 0.000000000e+00 -3.716227295e-01 0.000000000e+00 0.000000000e+00 1.000000000e+00 0.000000000e+00
1.518021574e-01 9.884108989e-01 0.000000000e+00 -1.261546174e+00 -9.884108989e-01 1.518021574e-01 0.000000000e+00 -4.843952497e-01 0.000000000e+00 0.000000000e+00 1.000000000e+00 0.000000000e+00
1.714797483e-01 9.851876450e-01 0.000000000e+00 -1.248656923e+00 -9.851876450e-01 1.714797483e-01 0.000000000e+00 -4.845924291e-01 0.000000000e+00 0.000000000e+00 1.000000000e+00 0.000000000e+00
1.216292852e-01 9.925755976e-01 0.000000000e+00 -1.210775074e+00 -9.925755976e-01 1.216292852e-01 0.000000000e+00 -4.041470813e-01 0.000000000e+00 0.000000000e+00 1.000000000e+00 0.000000000e+00
1.080276791e-01 9.941478867e-01 0.000000000e+00 -1.217300760e+00 -9.941478867e-01 1.080276791e-01 0.000000000e+00 -3.531076850e-01 0.000000000e+00 0.000000000e+00 1.000000000e+00 0.000000000e+00
7.302655741e-02 9.973299965e-01 0.000000000e+00 -1.221727474e+00 -9.973299965e-01 7.302655741e-02 0.000000000e+00 -2.786049442e-01 0.000000000e+00 0.000000000e+00 1.000000000e+00 0.000000000e+00
-1.884941384e-03 9.999982235e-01 0.000000000e+00 -1.213456082e+00 -9.999982235e-01 -1.884941384e-03 0.000000000e+00 -1.447271929e-01 0.000000000e+00 0.000000000e+00 1.000000000e+00 0.000000000e+00
1.829610938e-02 9.998326122e-01 0.000000000e+00 -1.273847864e+00 -9.998326122e-01 1.829610938e-02 0.000000000e+00 -1.338444760e-01 0.000000000e+00 0.000000000e+00 1.000000000e+00 0.000000000e+00
-4.939428337e-02 9.987793574e-01 0.000000000e+00 -1.276560234e+00 -9.987793574e-01 -4.939428337e-02 0.000000000e+00 -1.568288941e-02 0.000000000e+00 0.000000000e+00 1.000000000e+00 0.000000000e+00
-1.220939954e-01 9.925185420e-01 0.000000000e+00 -1.274674482e+00 -9.925185420e-01 -1.220939954e-01 0.000000000e+00 1.016071130e-01 0.000000000e+00 0.000000000e+00 1.000000000e+00 0.000000000e+00
-1.604136561e-01 9.870498766e-01 0.000000000e+00 -1.266886063e+00 -9.870498766e-01 -1.604136561e-01 0.000000000e+00 1.705378873e-01 0.000000000e+00 0.000000000e+00 1.000000000e+00 0.000000000e+00
-1.420012240e-01 9.898664821e-01 0.000000000e+00 -1.271693171e+00 -9.898664821e-01 -1.420012240e-01 0.000000000e+00 1.513571299e-01 0.000000000e+00 0.000000000e+00 1.000000000e+00 0.000000000e+00
-2.251021826e-01 9.743351617e-01 0.000000000e+00 -1.254970305e+00 -9.743351617e-01 -2.251021826e-01 0.000000000e+00 2.170362144e-01 0.000000000e+00 0.000000000e+00 1.000000000e+00 0.000000000e+00
-1.211527245e-01 9.926338788e-01 0.000000000e+00 -1.270694211e+00 -9.926338788e-01 -1.211527245e-01 0.000000000e+00 9.303190561e-02 0.000000000e+00 0.000000000e+00 1.000000000e+00 0.000000000e+00
3.225922803e-02 9.994795357e-01 0.000000000e+00 -1.237458799e+00 -9.994795357e-01 3.225922803e-02 0.000000000e+00 -7.050021881e-02 0.000000000e+00 0.000000000e+00 1.000000000e+00 0.000000000e+00
2.284163953e-01 9.735635318e-01 0.000000000e+00 -1.161567973e+00 -9.735635318e-01 2.284163953e-01 0.000000000e+00 -3.239430884e-01 0.000000000e+00 0.000000000e+00 1.000000000e+00 0.000000000e+00
2.367112883e-01 9.715800358e-01 0.000000000e+00 -1.163378617e+00 -9.715800358e-01 2.367112883e-01 0.000000000e+00 -3.325043118e-01 0.000000000e+00 0.000000000e+00 1.000000000e+00 0.000000000e+00
1.557713809e-01 9.877931347e-01 0.000000000e+00 -1.176514057e+00 -9.877931347e-01 1.557713809e-01 0.000000000e+00 -2.371818317e-01 0.000000000e+00 0.000000000e+00 1.000000000e+00 0.000000000e+00
2.077818312e-01 9.781751942e-01 0.000000000e+00 -1.165800798e+00 -9.781751942e-01 2.077818312e-01 0.000000000e+00 -3.023440399e-01 0.000000000e+00 0.000000000e+00 1.000000000e+00 0.000000000e+00
1.928991068e-01 9.812185967e-01 0.000000000e+00 -1.167809112e+00 -9.812185967e-01 1.928991068e-01 0.000000000e+00 -2.782333923e-01 0.000000000e+00 0.000000000e+00 1.000000000e+00 0.000000000e+00
1.373309208e-01 9.905252234e-01 0.000000000e+00 -1.183028225e+00 -9.905252234e-01 1.373309208e-01 0.000000000e+00 -2.108790299e-01 0.000000000e+00 0.000000000e+00 1.000000000e+00 0.000000000e+00
4.812881866e-02 9.988411369e-01 0.000000000e+00 -1.167409050e+00 -9.988411369e-01 4.812881866e-02 0.000000000e+00 -1.347967289e-01 0.000000000e+00 0.000000000e+00 1.000000000e+00 0.000000000e+00
-1.561020557e-02 9.998781533e-01 0.000000000e+00 -1.161090161e+00 -9.998781533e-01 -1.561020557e-02 0.000000000e+00 -6.098227335e-02 0.000000000e+00 0.000000000e+00 1.000000000e+00 0.000000000e+00
1.833534664e-03 9.999983191e-01 0.000000000e+00 -1.163488902e+00 -9.999983191e-01 1.833534664e-03 0.000000000e+00 -8.165337506e-02 0.000000000e+00 0.000000000e+00 1.000000000e+00 0.000000000e+00
-4.321398052e-02 9.990658396e-01 0.000000000e+00 -1.168548156e+00 -9.990658396e-01 -4.321398052e-02 0.000000000e+00 -2.323527137e-02 0.000000000e+00 0.000000000e+00 1.000000000e+00 0.000000000e+00
-2.887578857e-02 9.995830075e-01 0.000000000e+00 -1.177575092e+00 -9.995830075e-01 -2.887578857e-02 0.000000000e+00 -4.200464993e-02 0.000000000e+00 0.000000000e+00 1.000000000e+00 0.000000000e+00
-3.167994576e-02 9.994980645e-01 0.000000000e+00 -1.185405573e+00 -9.994980645e-01 -3.167994576e-02 0.000000000e+00 -2.504681447e-02 0.000000000e+00 0.000000000e+00 1.000000000e+00 0.000000000e+00
-6.161791678e-02 9.980998108e-01 0.000000000e+00 -1.188563037e+00 -9.980998108e-01 -6.161791678e-02 0.000000000e+00 -1.620302707e-02 0.000000000e+00 0.000000000e+00 1.000000000e+00 0.000000000e+00
-1.190649833e-01 9.928864637e-01 0.000000000e+00 -1.172247340e+00 -9.928864637e-01 -1.190649833e-01 0.000000000e+00 5.132861670e-02 0.000000000e+00 0.000000000e+00 1.000000000e+00 0.000000000e+00
-2.396188424e-01 9.708670405e-01 0.000000000e+00 -1.122578654e+00 -9.708670405e-01 -2.396188424e-01 0.000000000e+00 2.097629211e-01 0.000000000e+00 0.000000000e+00 1.000000000e+00 0.000000000e+00
-2.457286004e-01 9.693386689e-01 0.000000000e+00 -1.116653888e+00 -9.693386689e-01 -2.457286004e-01 0.000000000e+00 1.876941789e-01 0.000000000e+00 0.000000000e+00 1.000000000e+00 0.000000000e+00
-2.595195400e-01 9.657378570e-01 0.000000000e+00 -1.111795111e+00 -9.657378570e-01 -2.595195400e-01 0.000000000e+00 2.033601393e-01 0.000000000e+00 0.000000000e+00 1.000000000e+00 0.000000000e+00
-2.218876406e-01 9.750722409e-01 0.000000000e+00 -1.117142941e+00 -9.750722409e-01 -2.218876406e-01 0.000000000e+00 1.577672035e-01 0.000000000e+00 0.000000000e+00 1.000000000e+00 0.000000000e+00
-1.764783656e-01 9.843045192e-01 0.000000000e+00 -1.142563117e+00 -9.843045192e-01 -1.764783656e-01 0.000000000e+00 1.132069193e-01 0.000000000e+00 0.000000000e+00 1.000000000e+00 0.000000000e+00
-3.884923343e-02 9.992450836e-01 0.000000000e+00 -1.177338488e+00 -9.992450836e-01 -3.884923343e-02 0.000000000e+00 -6.751124747e-02 0.000000000e+00 0.000000000e+00 1.000000000e+00 0.000000000e+00
1.249901275e-02 9.999218843e-01 0.000000000e+00 -1.173224693e+00 -9.999218843e-01 1.249901275e-02 0.000000000e+00 -1.359750955e-01 0.000000000e+00 0.000000000e+00 1.000000000e+00 0.000000000e+00
-1.214063651e-01 9.926028886e-01 0.000000000e+00 -1.160881036e+00 -9.926028886e-01 -1.214063651e-01 0.000000000e+00 3.798836717e-02 0.000000000e+00 0.000000000e+00 1.000000000e+00 0.000000000e+00
-7.868516721e-02 9.968995157e-01 0.000000000e+00 -1.158614902e+00 -9.968995157e-01 -7.868516721e-02 0.000000000e+00 -1.704280014e-02 0.000000000e+00 0.000000000e+00 1.000000000e+00 0.000000000e+00
-7.490355921e-02 9.971907826e-01 0.000000000e+00 -1.159470320e+00 -9.971907826e-01 -7.490355921e-02 0.000000000e+00 -2.336913962e-02 0.000000000e+00 0.000000000e+00 1.000000000e+00 0.000000000e+00
-5.841839792e-02 9.982921871e-01 0.000000000e+00 -1.147493498e+00 -9.982921871e-01 -5.841839792e-02 0.000000000e+00 -7.379097373e-02 0.000000000e+00 0.000000000e+00 1.000000000e+00 0.000000000e+00
-2.547191556e-02 9.996755381e-01 0.000000000e+00 -1.150542957e+00 -9.996755381e-01 -2.547191556e-02 0.000000000e+00 -1.070274884e-01 0.000000000e+00 0.000000000e+00 1.000000000e+00 0.000000000e+00
-6.142484392e-02 9.981117115e-01 0.000000000e+00 -1.143862391e+00 -9.981117115e-01 -6.142484392e-02 0.000000000e+00 -6.345412505e-02 0.000000000e+00 0.000000000e+00 1.000000000e+00 0.000000000e+00
-6.892655285e-02 9.976217371e-01 0.000000000e+00 -1.148709618e+00 -9.976217371e-01 -6.892655285e-02 0.000000000e+00 -5.995538825e-02 0.000000000e+00 0.000000000e+00 1.000000000e+00 0.000000000e+00
-7.681768980e-02 9.970451557e-01 0.000000000e+00 -1.149400746e+00 -9.970451557e-01 -7.681768980e-02 0.000000000e+00 -5.170339573e-02 0.000000000e+00 0.000000000e+00 1.000000000e+00 0.000000000e+00
-6.812266134e-02 9.976769532e-01 0.000000000e+00 -1.143844096e+00 -9.976769532e-01 -6.812266134e-02 0.000000000e+00 -6.115377953e-02 0.000000000e+00 0.000000000e+00 1.000000000e+00 0.000000000e+00
-6.634453921e-02 9.977967740e-01 0.000000000e+00 -1.142196899e+00 -9.977967740e-01 -6.634453921e-02 0.000000000e+00 -6.540492609e-02 0.000000000e+00 0.000000000e+00 1.000000000e+00 0.000000000e+00
-7.788459318e-02 9.969623815e-01 0.000000000e+00 -1.144041184e+00 -9.969623815e-01 -7.788459318e-02 0.000000000e+00 -6.024262525e-02 0.000000000e+00 0.000000000e+00 1.000000000e+00 0.000000000e+00
-5.186073210e-02 9.986543268e-01 0.000000000e+00 -1.145688961e+00 -9.986543268e-01 -5.186073210e-02 0.000000000e+00 -9.778776501e-02 0.000000000e+00 0.000000000e+00 1.000000000e+00 0.000000000e+00
-9.395383719e-02 9.955765548e-01 0.000000000e+00 -1.127268956e+00 -9.955765548e-01 -9.395383719e-02 0.000000000e+00 -8.153912416e-02 0.000000000e+00 0.000000000e+00 1.000000000e+00 0.000000000e+00
-1.074522714e-01 9.942102441e-01 0.000000000e+00 -1.126800215e+00 -9.942102441e-01 -1.074522714e-01 0.000000000e+00 -6.657792180e-02 0.000000000e+00 0.000000000e+00 1.000000000e+00 0.000000000e+00
-1.766736131e-01 9.842694928e-01 0.000000000e+00 -1.119062810e+00 -9.842694928e-01 -1.766736131e-01 0.000000000e+00 3.077617986e-02 0.000000000e+00 0.000000000e+00 1.000000000e+00 0.000000000e+00
-2.529339081e-01 9.674835596e-01 0.000000000e+00 -1.101224004e+00 -9.674835596e-01 -2.529339081e-01 0.000000000e+00 1.353429089e-01 0.000000000e+00 0.000000000e+00 1.000000000e+00 0.000000000e+00
-4.114274587e-01 9.114425085e-01 0.000000000e+00 -1.030050564e+00 -9.114425085e-01 -4.114274587e-01 0.000000000e+00 2.946920131e-01 0.000000000e+00 0.000000000e+00 1.000000000e+00 0.000000000e+00
-4.263313535e-01 9.045670661e-01 0.000000000e+00 -1.021092795e+00 -9.045670661e-01 -4.263313535e-01 0.000000000e+00 3.134581480e-01 0.000000000e+00 0.000000000e+00 1.000000000e+00 0.000000000e+00
-4.347634313e-01 9.005447012e-01 0.000000000e+00 -1.017768640e+00 -9.005447012e-01 -4.347634313e-01 0.000000000e+00 3.266636752e-01 0.000000000e+00 0.000000000e+00 1.000000000e+00 0.000000000e+00
-4.642021777e-01 8.857292691e-01 0.000000000e+00 -1.003304772e+00 -8.857292691e-01 -4.642021777e-01 0.000000000e+00 3.623529591e-01 0.000000000e+00 0.000000000e+00 1.000000000e+00 0.000000000e+00
-5.905175341e-01 8.070248087e-01 0.000000000e+00 -9.239029463e-01 -8.070248087e-01 -5.905175341e-01 0.000000000e+00 5.460325597e-01 0.000000000e+00 0.000000000e+00 1.000000000e+00 0.000000000e+00
-6.638610595e-01 7.478559311e-01 0.000000000e+00 -8.522112252e-01 -7.478559311e-01 -6.638610595e-01 0.000000000e+00 6.452771086e-01 0.000000000e+00 0.000000000e+00 1.000000000e+00 0.000000000e+00
-7.008086072e-01 7.133493507e-01 0.000000000e+00 -8.204509741e-01 -7.133493507e-01 -7.008086072e-01 0.000000000e+00 7.077573566e-01 0.000000000e+00 0.000000000e+00 1.000000000e+00 0.000000000e+00
-6.913695685e-01 7.225012940e-01 0.000000000e+00 -8.323637135e-01 -7.225012940e-01 -6.913695685e-01 0.000000000e+00 6.907439120e-01 0.000000000e+00 0.000000000e+00 1.000000000e+00 0.000000000e+00
-6.618070721e-01 7.496741955e-01 0.000000000e+00 -8.670218787e-01 -7.496741955e-01 -6.618070721e-01 0.000000000e+00 6.599826241e-01 0.000000000e+00 0.000000000e+00 1.000000000e+00 0.000000000e+00
-6.584982612e-01 7.525822480e-01 0.000000000e+00 -8.777475092e-01 -7.525822480e-01 -6.584982612e-01 0.000000000e+00 6.534568934e-01 0.000000000e+00 0.000000000e+00 1.000000000e+00 0.000000000e+00
-6.488300458e-01 7.609333556e-01 0.000000000e+00 -8.900359231e-01 -7.609333556e-01 -6.488300458e-01 0.000000000e+00 6.398697183e-01 0.000000000e+00 0.000000000e+00 1.000000000e+00 0.000000000e+00
-6.272066134e-01 7.788529156e-01 0.000000000e+00 -9.073309681e-01 -7.788529156e-01 -6.272066134e-01 0.000000000e+00 6.150106663e-01 0.000000000e+00 0.000000000e+00 1.000000000e+00 0.000000000e+00
-6.875467638e-01 7.261401019e-01 0.000000000e+00 -8.436491423e-01 -7.261401019e-01 -6.875467638e-01 0.000000000e+00 7.021475406e-01 0.000000000e+00 0.000000000e+00 1.000000000e+00 0.000000000e+00
-7.449553060e-01 6.671143771e-01 0.000000000e+00 -7.653826733e-01 -6.671143771e-01 -7.449553060e-01 0.000000000e+00 7.613261672e-01 0.000000000e+00 0.000000000e+00 1.000000000e+00 0.000000000e+00
-7.689581214e-01 6.392991533e-01 0.000000000e+00 -7.544205742e-01 -6.392991533e-01 -7.689581214e-01 0.000000000e+00 7.833569657e-01 0.000000000e+00 0.000000000e+00 1.000000000e+00 0.000000000e+00
-7.469822780e-01 6.648439489e-01 0.000000000e+00 -7.869713379e-01 -6.648439489e-01 -7.469822780e-01 0.000000000e+00 7.617387297e-01 0.000000000e+00 0.000000000e+00 1.000000000e+00 0.000000000e+00
-7.301770308e-01 6.832580067e-01 0.000000000e+00 -8.111586968e-01 -6.832580067e-01 -7.301770308e-01 0.000000000e+00 7.366270849e-01 0.000000000e+00 0.000000000e+00 1.000000000e+00 0.000000000e+00
-6.887991151e-01 7.249522598e-01 0.000000000e+00 -8.649737078e-01 -7.249522598e-01 -6.887991151e-01 0.000000000e+00 6.935221117e-01 0.000000000e+00 0.000000000e+00 1.000000000e+00 0.000000000e+00
-6.428063544e-01 7.660287140e-01 0.000000000e+00 -9.130535300e-01 -7.660287140e-01 -6.428063544e-01 0.000000000e+00 6.402021570e-01 0.000000000e+00 0.000000000e+00 1.000000000e+00 0.000000000e+00
-6.075812530e-01 7.942575282e-01 0.000000000e+00 -9.545404658e-01 -7.942575282e-01 -6.075812530e-01 0.000000000e+00 6.076559555e-01 0.000000000e+00 0.000000000e+00 1.000000000e+00 0.000000000e+00
-6.454339345e-01 7.638161010e-01 0.000000000e+00 -9.206456806e-01 -7.638161010e-01 -6.454339345e-01 0.000000000e+00 6.545865387e-01 0.000000000e+00 0.000000000e+00 1.000000000e+00 0.000000000e+00
-6.931853193e-01 7.207594003e-01 0.000000000e+00 -8.689253933e-01 -7.207594003e-01 -6.931853193e-01 0.000000000e+00 7.128452697e-01 0.000000000e+00 0.000000000e+00 1.000000000e+00 0.000000000e+00
-7.105184251e-01 7.036785968e-01 0.000000000e+00 -8.594467523e-01 -7.036785968e-01 -7.105184251e-01 0.000000000e+00 7.484231538e-01 0.000000000e+00 0.000000000e+00 1.000000000e+00 0.000000000e+00
-7.050409485e-01 7.091665961e-01 0.000000000e+00 -8.619091504e-01 -7.091665961e-01 -7.050409485e-01 0.000000000e+00 7.393514426e-01 0.000000000e+00 0.000000000e+00 1.000000000e+00 0.000000000e+00
-7.465002949e-01 6.653850838e-01 0.000000000e+00 -8.316456824e-01 -6.653850838e-01 -7.465002949e-01 0.000000000e+00 7.776097765e-01 0.000000000e+00 0.000000000e+00 1.000000000e+00 0.000000000e+00
-7.568462115e-01 6.535930019e-01 0.000000000e+00 -8.138811562e-01 -6.535930019e-01 -7.568462115e-01 0.000000000e+00 7.949147737e-01 0.000000000e+00 0.000000000e+00 1.000000000e+00 0.000000000e+00
-7.616796455e-01 6.479537928e-01 0.000000000e+00 -8.101717827e-01 -6.479537928e-01 -7.616796455e-01 0.000000000e+00 7.986414001e-01 0.000000000e+00 0.000000000e+00 1.000000000e+00 0.000000000e+00
-7.820297408e-01 6.232411127e-01 0.000000000e+00 -7.779855179e-01 -6.232411127e-01 -7.820297408e-01 0.000000000e+00 8.217527007e-01 0.000000000e+00 0.000000000e+00 1.000000000e+00 0.000000000e+00
-7.834730267e-01 6.214257932e-01 0.000000000e+00 -7.754290799e-01 -6.214257932e-01 -7.834730267e-01 0.000000000e+00 8.190800041e-01 0.000000000e+00 0.000000000e+00 1.000000000e+00 0.000000000e+00
-7.545507745e-01 6.562416694e-01 0.000000000e+00 -8.182210836e-01 -6.562416694e-01 -7.545507745e-01 0.000000000e+00 7.904249878e-01 0.000000000e+00 0.000000000e+00 1.000000000e+00 0.000000000e+00
-7.350884468e-01 6.779712202e-01 0.000000000e+00 -8.456018357e-01 -6.779712202e-01 -7.350884468e-01 0.000000000e+00 7.617794037e-01 0.000000000e+00 0.000000000e+00 1.000000000e+00 0.000000000e+00
-7.186161965e-01 6.954069040e-01 0.000000000e+00 -8.622714808e-01 -6.954069040e-01 -7.186161965e-01 0.000000000e+00 7.456103767e-01 0.000000000e+00 0.000000000e+00 1.000000000e+00 0.000000000e+00
-7.229235326e-01 6.909280469e-01 0.000000000e+00 -8.564650360e-01 -6.909280469e-01 -7.229235326e-01 0.000000000e+00 7.499329586e-01 0.000000000e+00 0.000000000e+00 1.000000000e+00 0.000000000e+00
-6.742024979e-01 7.385465401e-01 0.000000000e+00 -9.376371900e-01 -7.385465401e-01 -6.742024979e-01 0.000000000e+00 6.825923426e-01 0.000000000e+00 0.000000000e+00 1.000000000e+00 0.000000000e+00
-6.617649818e-01 7.497113504e-01 0.000000000e+00 -9.509624672e-01 -7.497113504e-01 -6.617649818e-01 0.000000000e+00 6.737662019e-01 0.000000000e+00 0.000000000e+00 1.000000000e+00 0.000000000e+00
-6.155549802e-01 7.880939451e-01 0.000000000e+00 -9.951489187e-01 -7.880939451e-01 -6.155549802e-01 0.000000000e+00 6.270993461e-01 0.000000000e+00 0.000000000e+00 1.000000000e+00 0.000000000e+00
-5.991478913e-01 8.006383731e-01 0.000000000e+00 -1.011633376e+00 -8.006383731e-01 -5.991478913e-01 0.000000000e+00 6.047229225e-01 0.000000000e+00 0.000000000e+00 1.000000000e+00 0.000000000e+00
-5.809538559e-01 8.139364946e-01 0.000000000e+00 -1.024663644e+00 -8.139364946e-01 -5.809538559e-01 0.000000000e+00 5.813410856e-01 0.000000000e+00 0.000000000e+00 1.000000000e+00 0.000000000e+00
-5.595354988e-01 8.288063861e-01 0.000000000e+00 -1.047196512e+00 -8.288063861e-01 -5.595354988e-01 0.000000000e+00 5.574804615e-01 0.000000000e+00 0.000000000e+00 1.000000000e+00 0.000000000e+00
-5.121646371e-01 8.588872944e-01 0.000000000e+00 -1.089272360e+00 -8.588872944e-01 -5.121646371e-01 0.000000000e+00 5.051416858e-01 0.000000000e+00 0.000000000e+00 1.000000000e+00 0.000000000e+00
-4.646972488e-01 8.854696307e-01 0.000000000e+00 -1.130551463e+00 -8.854696307e-01 -4.646972488e-01 0.000000000e+00 4.557208023e-01 0.000000000e+00 0.000000000e+00 1.000000000e+00 0.000000000e+00
-3.483927599e-01 9.373486464e-01 0.000000000e+00 -1.228908062e+00 -9.373486464e-01 -3.483927599e-01 0.000000000e+00 3.290851745e-01 0.000000000e+00 0.000000000e+00 1.000000000e+00 0.000000000e+00
-2.814902710e-01 9.595640819e-01 0.000000000e+00 -1.261631807e+00 -9.595640819e-01 -2.814902710e-01 0.000000000e+00 2.367176846e-01 0.000000000e+00 0.000000000e+00 1.000000000e+00 0.000000000e+00
-3.186530730e-01 9.478714148e-01 0.000000000e+00 -1.248745732e+00 -9.478714148e-01 -3.186530730e-01 0.000000000e+00 2.758827014e-01 0.000000000e+00 0.000000000e+00 1.000000000e+00 0.000000000e+00
-3.957047342e-01 9.183777890e-01 0.000000000e+00 -1.209299102e+00 -9.183777890e-01 -3.957047342e-01 0.000000000e+00 3.400926003e-01 0.000000000e+00 0.000000000e+00 1.000000000e+00 0.000000000e+00
-4.792932323e-01 8.776548282e-01 0.000000000e+00 -1.142591933e+00 -8.776548282e-01 -4.792932323e-01 0.000000000e+00 4.281848515e-01 0.000000000e+00 0.000000000e+00 1.000000000e+00 0.000000000e+00
-4.504186485e-01 8.928174736e-01 0.000000000e+00 -1.165079978e+00 -8.928174736e-01 -4.504186485e-01 0.000000000e+00 3.946276046e-01 0.000000000e+00 0.000000000e+00 1.000000000e+00 0.000000000e+00
-3.227139176e-01 9.464965544e-01 0.000000000e+00 -1.272299264e+00 -9.464965544e-01 -3.227139176e-01 0.000000000e+00 2.625185061e-01 0.000000000e+00 0.000000000e+00 1.000000000e+00 0.000000000e+00
-3.804901976e-01 9.247849531e-01 0.000000000e+00 -1.279777931e+00 -9.247849531e-01 -3.804901976e-01 0.000000000e+00 3.556089566e-01 0.000000000e+00 0.000000000e+00 1.000000000e+00 0.000000000e+00
-4.233852423e-01 9.059497429e-01 0.000000000e+00 -1.246046322e+00 -9.059497429e-01 -4.233852423e-01 0.000000000e+00 4.196096107e-01 0.000000000e+00 0.000000000e+00 1.000000000e+00 0.000000000e+00
-4.335455336e-01 9.011316609e-01 0.000000000e+00 -1.238559212e+00 -9.011316609e-01 -4.335455336e-01 0.000000000e+00 4.508788070e-01 0.000000000e+00 0.000000000e+00 1.000000000e+00 0.000000000e+00
-4.340490100e-01 9.008892590e-01 0.000000000e+00 -1.231774987e+00 -9.008892590e-01 -4.340490100e-01 0.000000000e+00 4.878995093e-01 0.000000000e+00 0.000000000e+00 1.000000000e+00 0.000000000e+00
-3.836302523e-01 9.234867782e-01 0.000000000e+00 -1.236978440e+00 -9.234867782e-01 -3.836302523e-01 0.000000000e+00 4.566144644e-01 0.000000000e+00 0.000000000e+00 1.000000000e+00 0.000000000e+00
-3.956581437e-01 9.183978622e-01 0.000000000e+00 -1.206646000e+00 -9.183978622e-01 -3.956581437e-01 0.000000000e+00 5.003004732e-01 0.000000000e+00 0.000000000e+00 1.000000000e+00 0.000000000e+00
-4.071223087e-01 9.133736507e-01 0.000000000e+00 -1.180180766e+00 -9.133736507e-01 -4.071223087e-01 0.000000000e+00 5.238744253e-01 0.000000000e+00 0.000000000e+00 1.000000000e+00 0.000000000e+00
-4.245176083e-01 9.054196818e-01 0.000000000e+00 -1.163705049e+00 -9.054196818e-01 -4.245176083e-01 0.000000000e+00 5.900754938e-01 0.000000000e+00 0.000000000e+00 1.000000000e+00 0.000000000e+00
-4.277790509e-01 9.038833352e-01 0.000000000e+00 -1.190112089e+00 -9.038833352e-01 -4.277790509e-01 0.000000000e+00 6.359858760e-01 0.000000000e+00 0.000000000e+00 1.000000000e+00 0.000000000e+00
-3.467920246e-01 9.379420514e-01 0.000000000e+00 -1.221292878e+00 -9.379420514e-01 -3.467920246e-01 0.000000000e+00 5.581486091e-01 0.000000000e+00 0.000000000e+00 1.000000000e+00 0.000000000e+00
-2.546301978e-01 9.670385010e-01 0.000000000e+00 -1.267395257e+00 -9.670385010e-01 -2.546301978e-01 0.000000000e+00 4.536357084e-01 0.000000000e+00 0.000000000e+00 1.000000000e+00 0.000000000e+00
-1.902809369e-01 9.817296802e-01 0.000000000e+00 -1.283397401e+00 -9.817296802e-01 -1.902809369e-01 0.000000000e+00 3.714338918e-01 0.000000000e+00 0.000000000e+00 1.000000000e+00 0.000000000e+00
-9.010986619e-02 9.959318310e-01 0.000000000e+00 -1.319389593e+00 -9.959318310e-01 -9.010986619e-02 0.000000000e+00 3.099704790e-01 0.000000000e+00 0.000000000e+00 1.000000000e+00 0.000000000e+00
5.873139613e-04 9.999998275e-01 0.000000000e+00 -1.394580141e+00 -9.999998275e-01 5.873139613e-04 0.000000000e+00 2.152714216e-01 0.000000000e+00 0.000000000e+00 1.000000000e+00 0.000000000e+00
2.397962097e-02 9.997124475e-01 0.000000000e+00 -1.440672926e+00 -9.997124475e-01 2.397962097e-02 0.000000000e+00 1.822019760e-01 0.000000000e+00 0.000000000e+00 1.000000000e+00 0.000000000e+00
1.841444783e-02 9.998304397e-01 0.000000000e+00 -1.466680542e+00 -9.998304397e-01 1.841444783e-02 0.000000000e+00 1.835898845e-01 0.000000000e+00 0.000000000e+00 1.000000000e+00 0.000000000e+00
1.975998313e-02 9.998047525e-01 0.000000000e+00 -1.463318405e+00 -9.998047525e-01 1.975998313e-02 0.000000000e+00 1.828848604e-01 0.000000000e+00 0.000000000e+00 1.000000000e+00 0.000000000e+00
-6.263460064e-02 9.980365258e-01 0.000000000e+00 -1.410374773e+00 -9.980365258e-01 -6.263460064e-02 0.000000000e+00 3.487702195e-01 0.000000000e+00 0.000000000e+00 1.000000000e+00 0.000000000e+00
-2.446756096e-01 9.696049949e-01 0.000000000e+00 -1.358089111e+00 -9.696049949e-01 -2.446756096e-01 0.000000000e+00 6.354323018e-01 0.000000000e+00 0.000000000e+00 1.000000000e+00 0.000000000e+00
-3.999264194e-01 9.165472487e-01 0.000000000e+00 -1.268911316e+00 -9.165472487e-01 -3.999264194e-01 0.000000000e+00 8.633347533e-01 0.000000000e+00 0.000000000e+00 1.000000000e+00 0.000000000e+00
-5.098132646e-01 8.602850895e-01 0.000000000e+00 -1.158134254e+00 -8.602850895e-01 -5.098132646e-01 0.000000000e+00 1.032949417e+00 0.000000000e+00 0.000000000e+00 1.000000000e+00 0.000000000e+00
-5.678609992e-01 8.231244654e-01 0.000000000e+00 -1.059753531e+00 -8.231244654e-01 -5.678609992e-01 0.000000000e+00 1.139733346e+00 0.000000000e+00 0.000000000e+00 1.000000000e+00 0.000000000e+00
-6.279600523e-01 7.782455735e-01 0.000000000e+00 -9.508675330e-01 -7.782455735e-01 -6.279600523e-01 0.000000000e+00 1.228888271e+00 0.000000000e+00 0.000000000e+00 1.000000000e+00 0.000000000e+00
-6.859949179e-01 7.276063308e-01 0.000000000e+00 -8.454844371e-01 -7.276063308e-01 -6.859949179e-01 0.000000000e+00 1.314715588e+00 0.000000000e+00 0.000000000e+00 1.000000000e+00 0.000000000e+00
-6.872965043e-01 7.263769787e-01 0.000000000e+00 -8.261158784e-01 -7.263769787e-01 -6.872965043e-01 0.000000000e+00 1.326659512e+00 0.000000000e+00 0.000000000e+00 1.000000000e+00 0.000000000e+00
-7.525013543e-01 6.585907013e-01 0.000000000e+00 -7.291474387e-01 -6.585907013e-01 -7.525013543e-01 0.000000000e+00 1.414160356e+00 0.000000000e+00 0.000000000e+00 1.000000000e+00 0.000000000e+00
-7.285583561e-01 6.849837383e-01 0.000000000e+00 -7.582504446e-01 -6.849837383e-01 -7.285583561e-01 0.000000000e+00 1.370312995e+00 0.000000000e+00 0.000000000e+00 1.000000000e+00 0.000000000e+00
-6.944542753e-01 7.195368368e-01 0.000000000e+00 -7.954216396e-01 -7.195368368e-01 -6.944542753e-01 0.000000000e+00 1.305295411e+00 0.000000000e+00 0.000000000e+00 1.000000000e+00 0.000000000e+00
-6.572618243e-01 7.536623211e-01 0.000000000e+00 -8.382727166e-01 -7.536623211e-01 -6.572618243e-01 0.000000000e+00 1.265138092e+00 0.000000000e+00 0.000000000e+00 1.000000000e+00 0.000000000e+00
-6.179261657e-01 7.862361310e-01 0.000000000e+00 -8.779587952e-01 -7.862361310e-01 -6.179261657e-01 0.000000000e+00 1.246316209e+00 0.000000000e+00 0.000000000e+00 1.000000000e+00 0.000000000e+00
-5.761848745e-01 8.173193932e-01 0.000000000e+00 -9.026035774e-01 -8.173193932e-01 -5.761848745e-01 0.000000000e+00 1.245321453e+00 0.000000000e+00 0.000000000e+00 1.000000000e+00 0.000000000e+00
-5.873205113e-01 8.093544446e-01 0.000000000e+00 -8.667077920e-01 -8.093544446e-01 -5.873205113e-01 0.000000000e+00 1.308619418e+00 0.000000000e+00 0.000000000e+00 1.000000000e+00 0.000000000e+00
-5.910489361e-01 8.066357016e-01 0.000000000e+00 -8.472064993e-01 -8.066357016e-01 -5.910489361e-01 0.000000000e+00 1.355137786e+00 0.000000000e+00 0.000000000e+00 1.000000000e+00 0.000000000e+00
-5.482349757e-01 8.363243458e-01 0.000000000e+00 -8.543231256e-01 -8.363243458e-01 -5.482349757e-01 0.000000000e+00 1.341518508e+00 0.000000000e+00 0.000000000e+00 1.000000000e+00 0.000000000e+00
-5.290946422e-01 8.485628200e-01 0.000000000e+00 -8.597845121e-01 -8.485628200e-01 -5.290946422e-01 0.000000000e+00 1.353926891e+00 0.000000000e+00 0.000000000e+00 1.000000000e+00 0.000000000e+00
-5.110782224e-01 8.595342056e-01 0.000000000e+00 -8.656459866e-01 -8.595342056e-01 -5.110782224e-01 0.000000000e+00 1.360732469e+00 0.000000000e+00 0.000000000e+00 1.000000000e+00 0.000000000e+00
-4.713083346e-01 8.819685106e-01 0.000000000e+00 -8.854998165e-01 -8.819685106e-01 -4.713083346e-01 0.000000000e+00 1.391442560e+00 0.000000000e+00 0.000000000e+00 1.000000000e+00 0.000000000e+00
-4.556640497e-01 8.901518263e-01 0.000000000e+00 -9.080572622e-01 -8.901518263e-01 -4.556640497e-01 0.000000000e+00 1.461000868e+00 0.000000000e+00 0.000000000e+00 1.000000000e+00 0.000000000e+00
-4.523685501e-01 8.918310910e-01 0.000000000e+00 -9.191247164e-01 -8.918310910e-01 -4.523685501e-01 0.000000000e+00 1.547253716e+00 0.000000000e+00 0.000000000e+00 1.000000000e+00 0.000000000e+00
-3.488138838e-01 9.371920158e-01 0.000000000e+00 -1.043598101e+00 -9.371920158e-01 -3.488138838e-01 0.000000000e+00 1.541648471e+00 0.000000000e+00 0.000000000e+00 1.000000000e+00 0.000000000e+00
-3.384859640e-01 9.409714407e-01 0.000000000e+00 -1.035743966e+00 -9.409714407e-01 -3.384859640e-01 0.000000000e+00 1.592418413e+00 0.000000000e+00 0.000000000e+00 1.000000000e+00 0.000000000e+00
-4.824333606e-01 8.759326758e-01 0.000000000e+00 -9.520882153e-01 -8.759326758e-01 -4.824333606e-01 0.000000000e+00 1.770686969e+00 0.000000000e+00 0.000000000e+00 1.000000000e+00 0.000000000e+00
-6.079069042e-01 7.940083097e-01 0.000000000e+00 -8.273716521e-01 -7.940083097e-01 -6.079069042e-01 0.000000000e+00 1.918563029e+00 0.000000000e+00 0.000000000e+00 1.000000000e+00 0.000000000e+00
-6.266089887e-01 7.793338022e-01 0.000000000e+00 -8.048667722e-01 -7.793338022e-01 -6.266089887e-01 0.000000000e+00 1.956646197e+00 0.000000000e+00 0.000000000e+00 1.000000000e+00 0.000000000e+00
-6.281861636e-01 7.780630719e-01 0.000000000e+00 -8.052255978e-01 -7.780630719e-01 -6.281861636e-01 0.000000000e+00 1.959904345e+00 0.000000000e+00 0.000000000e+00 1.000000000e+00 0.000000000e+00
-5.704990658e-01 8.212982503e-01 0.000000000e+00 -8.596683971e-01 -8.212982503e-01 -5.704990658e-01 0.000000000e+00 1.889003693e+00 0.000000000e+00 0.000000000e+00 1.000000000e+00 0.000000000e+00
-4.375378680e-01 8.991999856e-01 0.000000000e+00 -9.532522081e-01 -8.991999856e-01 -4.375378680e-01 0.000000000e+00 1.714920386e+00 0.000000000e+00 0.000000000e+00 1.000000000e+00 0.000000000e+00
-2.120841104e-01 9.772514160e-01 0.000000000e+00 -1.050978199e+00 -9.772514160e-01 -2.120841104e-01 0.000000000e+00 1.427451263e+00 0.000000000e+00 0.000000000e+00 1.000000000e+00 0.000000000e+00
7.803194548e-02 9.969508591e-01 0.000000000e+00 -1.097534051e+00 -9.969508591e-01 7.803194548e-02 0.000000000e+00 1.086308300e+00 0.000000000e+00 0.000000000e+00 1.000000000e+00 0.000000000e+00
2.468332138e-01 9.690579779e-01 0.000000000e+00 -1.053044415e+00 -9.690579779e-01 2.468332138e-01 0.000000000e+00 8.988977153e-01 0.000000000e+00 0.000000000e+00 1.000000000e+00 0.000000000e+00
4.524060291e-01 8.918120793e-01 0.000000000e+00 -9.394346866e-01 -8.918120793e-01 4.524060291e-01 0.000000000e+00 6.663543827e-01 0.000000000e+00 0.000000000e+00 1.000000000e+00 0.000000000e+00
6.461534750e-01 7.632074991e-01 0.000000000e+00 -7.701596052e-01 -7.632074991e-01 6.461534750e-01 0.000000000e+00 4.518576122e-01 0.000000000e+00 0.000000000e+00 1.000000000e+00 0.000000000e+00
6.835614471e-01 7.298929702e-01 0.000000000e+00 -7.232351137e-01 -7.298929702e-01 6.835614471e-01 0.000000000e+00 4.255062006e-01 0.000000000e+00 0.000000000e+00 1.000000000e+00 0.000000000e+00
6.750223547e-01 7.377972761e-01 0.000000000e+00 -7.443431988e-01 -7.377972761e-01 6.750223547e-01 0.000000000e+00 4.456589305e-01 0.000000000e+00 0.000000000e+00 1.000000000e+00 0.000000000e+00
6.220373513e-01 7.829875692e-01 0.000000000e+00 -8.209598337e-01 -7.829875692e-01 6.220373513e-01 0.000000000e+00 5.266504137e-01 0.000000000e+00 0.000000000e+00 1.000000000e+00 0.000000000e+00
6.315607247e-01 7.753264158e-01 0.000000000e+00 -8.446347397e-01 -7.753264158e-01 6.315607247e-01 0.000000000e+00 5.425349058e-01 0.000000000e+00 0.000000000e+00 1.000000000e+00 0.000000000e+00
5.853870813e-01 8.107539485e-01 0.000000000e+00 -9.116306659e-01 -8.107539485e-01 5.853870813e-01 0.000000000e+00 6.171361001e-01 0.000000000e+00 0.000000000e+00 1.000000000e+00 0.000000000e+00
5.272302059e-01 8.497224900e-01 0.000000000e+00 -9.731931506e-01 -8.497224900e-01 5.272302059e-01 0.000000000e+00 7.216147787e-01 0.000000000e+00 0.000000000e+00 1.000000000e+00 0.000000000e+00
4.633409205e-01 8.861801123e-01 0.000000000e+00 -1.030222864e+00 -8.861801123e-01 4.633409205e-01 0.000000000e+00 8.224417033e-01 0.000000000e+00 0.000000000e+00 1.000000000e+00 0.000000000e+00
3.350758146e-01 9.421911687e-01 0.000000000e+00 -1.076247444e+00 -9.421911687e-01 3.350758146e-01 0.000000000e+00 1.018520854e+00 0.000000000e+00 0.000000000e+00 1.000000000e+00 0.000000000e+00
2.701803733e-01 9.628097247e-01 0.000000000e+00 -1.040016730e+00 -9.628097247e-01 2.701803733e-01 0.000000000e+00 1.102114636e+00 0.000000000e+00 0.000000000e+00 1.000000000e+00 0.000000000e+00
2.275391432e-01 9.737689348e-01 0.000000000e+00 -1.053580608e+00 -9.737689348e-01 2.275391432e-01 0.000000000e+00 1.152578929e+00 0.000000000e+00 0.000000000e+00 1.000000000e+00 0.000000000e+00
2.122551198e-01 9.772142877e-01 0.000000000e+00 -1.044478162e+00 -9.772142877e-01 2.122551198e-01 0.000000000e+00 1.153552286e+00 0.000000000e+00 0.000000000e+00 1.000000000e+00 0.000000000e+00
1.262440179e-01 9.919992177e-01 0.000000000e+00 -1.063225336e+00 -9.919992177e-01 1.262440179e-01 0.000000000e+00 1.233651028e+00 0.000000000e+00 0.000000000e+00 1.000000000e+00 0.000000000e+00
5.755300022e-02 9.983424524e-01 0.000000000e+00 -1.072858008e+00 -9.983424524e-01 5.755300022e-02 0.000000000e+00 1.309750624e+00 0.000000000e+00 0.000000000e+00 1.000000000e+00 0.000000000e+00
-3.295660777e-03 9.999945693e-01 0.000000000e+00 -1.078052376e+00 -9.999945693e-01 -3.295660777e-03 0.000000000e+00 1.374897447e+00 0.000000000e+00 0.000000000e+00 1.000000000e+00 0.000000000e+00
1.213585673e-02 9.999263578e-01 0.000000000e+00 -1.086066954e+00 -9.999263578e-01 1.213585673e-02 0.000000000e+00 1.377994754e+00 0.000000000e+00 0.000000000e+00 1.000000000e+00 0.000000000e+00
-3.515731801e-02 9.993817904e-01 0.000000000e+00 -1.063546357e+00 -9.993817904e-01 -3.515731801e-02 0.000000000e+00 1.449256114e+00 0.000000000e+00 0.000000000e+00 1.000000000e+00 0.000000000e+00
-9.572761633e-02 9.954075665e-01 0.000000000e+00 -1.057902992e+00 -9.954075665e-01 -9.572761633e-02 0.000000000e+00 1.568939366e+00 0.000000000e+00 0.000000000e+00 1.000000000e+00 0.000000000e+00
-1.373095336e-01 9.905281884e-01 0.000000000e+00 -1.059714853e+00 -9.905281884e-01 -1.373095336e-01 0.000000000e+00 1.665777189e+00 0.000000000e+00 0.000000000e+00 1.000000000e+00 0.000000000e+00
-2.006808708e-01 9.796566685e-01 0.000000000e+00 -1.063177193e+00 -9.796566685e-01 -2.006808708e-01 0.000000000e+00 1.773434482e+00 0.000000000e+00 0.000000000e+00 1.000000000e+00 0.000000000e+00
-3.209534534e-01 9.470949692e-01 0.000000000e+00 -1.026525764e+00 -9.470949692e-01 -3.209534534e-01 0.000000000e+00 1.985491660e+00 0.000000000e+00 0.000000000e+00 1.000000000e+00 0.000000000e+00
-4.603617101e-01 8.877314323e-01 0.000000000e+00 -9.252970235e-01 -8.877314323e-01 -4.603617101e-01 0.000000000e+00 2.209005434e+00 0.000000000e+00 0.000000000e+00 1.000000000e+00 0.000000000e+00
-6.293933047e-01 7.770869114e-01 0.000000000e+00 -7.698271771e-01 -7.770869114e-01 -6.293933047e-01 0.000000000e+00 2.479099409e+00 0.000000000e+00 0.000000000e+00 1.000000000e+00 0.000000000e+00
-7.683145004e-01 6.400725181e-01 0.000000000e+00 -5.704745057e-01 -6.400725181e-01 -7.683145004e-01 0.000000000e+00 2.705039395e+00 0.000000000e+00 0.000000000e+00 1.000000000e+00 0.000000000e+00
-7.478044839e-01 6.639190115e-01 0.000000000e+00 -6.195550435e-01 -6.639190115e-01 -7.478044839e-01 0.000000000e+00 2.701029179e+00 0.000000000e+00 0.000000000e+00 1.000000000e+00 0.000000000e+00
-7.472275658e-01 6.645682545e-01 0.000000000e+00 -6.375642007e-01 -6.645682545e-01 -7.472275658e-01 0.000000000e+00 2.715250825e+00 0.000000000e+00 0.000000000e+00 1.000000000e+00 0.000000000e+00
-7.523891590e-01 6.587188728e-01 0.000000000e+00 -6.499554041e-01 -6.587188728e-01 -7.523891590e-01 0.000000000e+00 2.735058228e+00 0.000000000e+00 0.000000000e+00 1.000000000e+00 0.000000000e+00
-7.514573821e-01 6.597816327e-01 0.000000000e+00 -6.642205222e-01 -6.597816327e-01 -7.514573821e-01 0.000000000e+00 2.743320228e+00 0.000000000e+00 0.000000000e+00 1.000000000e+00 0.000000000e+00
-7.531807695e-01 6.578135970e-01 0.000000000e+00 -6.496639853e-01 -6.578135970e-01 -7.531807695e-01 0.000000000e+00 2.758787952e+00 0.000000000e+00 0.000000000e+00 1.000000000e+00 0.000000000e+00
-7.455387242e-01 6.664623100e-01 0.000000000e+00 -6.704912238e-01 -6.664623100e-01 -7.455387242e-01 0.000000000e+00 2.748636946e+00 0.000000000e+00 0.000000000e+00 1.000000000e+00 0.000000000e+00
-7.464820385e-01 6.654055652e-01 0.000000000e+00 -6.435341056e-01 -6.654055652e-01 -7.464820385e-01 0.000000000e+00 2.801510954e+00 0.000000000e+00 0.000000000e+00 1.000000000e+00 0.000000000e+00
-7.492533860e-01 6.622834466e-01 0.000000000e+00 -6.285330003e-01 -6.622834466e-01 -7.492533860e-01 0.000000000e+00 2.788708509e+00 0.000000000e+00 0.000000000e+00 1.000000000e+00 0.000000000e+00
-7.176485289e-01 6.964054774e-01 0.000000000e+00 -6.780686348e-01 -6.964054774e-01 -7.176485289e-01 0.000000000e+00 2.730558651e+00 0.000000000e+00 0.000000000e+00 1.000000000e+00 0.000000000e+00
-7.090347039e-01 7.051735877e-01 0.000000000e+00 -6.968958027e-01 -7.051735877e-01 -7.090347039e-01 0.000000000e+00 2.709320843e+00 0.000000000e+00 0.000000000e+00 1.000000000e+00 0.000000000e+00
-6.975771185e-01 7.165097095e-01 0.000000000e+00 -7.170599420e-01 -7.165097095e-01 -6.975771185e-01 0.000000000e+00 2.672326961e+00 0.000000000e+00 0.000000000e+00 1.000000000e+00 0.000000000e+00
-7.023991667e-01 7.117832609e-01 0.000000000e+00 -7.195245160e-01 -7.117832609e-01 -7.023991667e-01 0.000000000e+00 2.660926995e+00 0.000000000e+00 0.000000000e+00 1.000000000e+00 0.000000000e+00
-6.684924667e-01 7.437189133e-01 0.000000000e+00 -7.825815642e-01 -7.437189133e-01 -6.684924667e-01 0.000000000e+00 2.617197214e+00 0.000000000e+00 0.000000000e+00 1.000000000e+00 0.000000000e+00
-6.593555657e-01 7.518312564e-01 0.000000000e+00 -7.919594600e-01 -7.518312564e-01 -6.593555657e-01 0.000000000e+00 2.590746835e+00 0.000000000e+00 0.000000000e+00 1.000000000e+00 0.000000000e+00
-6.613480818e-01 7.500791389e-01 0.000000000e+00 -8.025165631e-01 -7.500791389e-01 -6.613480818e-01 0.000000000e+00 2.547230377e+00 0.000000000e+00 0.000000000e+00 1.000000000e+00 0.000000000e+00
-6.136562763e-01 7.895732864e-01 0.000000000e+00 -8.581399115e-01 -7.895732864e-01 -6.136562763e-01 0.000000000e+00 2.465316981e+00 0.000000000e+00 0.000000000e+00 1.000000000e+00 0.000000000e+00
-5.998910408e-01 8.000817078e-01 0.000000000e+00 -8.767186696e-01 -8.000817078e-01 -5.998910408e-01 0.000000000e+00 2.427590087e+00 0.000000000e+00 0.000000000e+00 1.000000000e+00 0.000000000e+00
-5.842893129e-01 8.115454386e-01 0.000000000e+00 -8.990587997e-01 -8.115454386e-01 -5.842893129e-01 0.000000000e+00 2.388014098e+00 0.000000000e+00 0.000000000e+00 1.000000000e+00 0.000000000e+00
-5.514708090e-01 8.341941901e-01 0.000000000e+00 -9.360179386e-01 -8.341941901e-01 -5.514708090e-01 0.000000000e+00 2.332551484e+00 0.000000000e+00 0.000000000e+00 1.000000000e+00 0.000000000e+00
-5.447954295e-01 8.385689834e-01 0.000000000e+00 -9.487965347e-01 -8.385689834e-01 -5.447954295e-01 0.000000000e+00 2.300921193e+00 0.000000000e+00 0.000000000e+00 1.000000000e+00 0.000000000e+00
-6.177679602e-01 7.863604437e-01 0.000000000e+00 -9.033996831e-01 -7.863604437e-01 -6.177679602e-01 0.000000000e+00 2.370740093e+00 0.000000000e+00 0.000000000e+00 1.000000000e+00 0.000000000e+00
-7.035822324e-01 7.106138489e-01 0.000000000e+00 -8.097894928e-01 -7.106138489e-01 -7.035822324e-01 0.000000000e+00 2.444297208e+00 0.000000000e+00 0.000000000e+00 1.000000000e+00 0.000000000e+00
-6.497899064e-01 7.601138583e-01 0.000000000e+00 -8.878440706e-01 -7.601138583e-01 -6.497899064e-01 0.000000000e+00 2.316112860e+00 0.000000000e+00 0.000000000e+00 1.000000000e+00 0.000000000e+00
-5.128429297e-01 8.584824573e-01 0.000000000e+00 -1.010694370e+00 -8.584824573e-01 -5.128429297e-01 0.000000000e+00 2.092879902e+00 0.000000000e+00 0.000000000e+00 1.000000000e+00 0.000000000e+00
-3.496997031e-01 9.368618455e-01 0.000000000e+00 -1.104540595e+00 -9.368618455e-01 -3.496997031e-01 0.000000000e+00 1.836681806e+00 0.000000000e+00 0.000000000e+00 1.000000000e+00 0.000000000e+00
-1.022442462e-01 9.947593247e-01 0.000000000e+00 -1.222461947e+00 -9.947593247e-01 -1.022442462e-01 0.000000000e+00 1.443523326e+00 0.000000000e+00 0.000000000e+00 1.000000000e+00 0.000000000e+00
1.380990726e-01 9.904184197e-01 0.000000000e+00 -1.245492945e+00 -9.904184197e-01 1.380990726e-01 0.000000000e+00 1.051014715e+00 0.000000000e+00 0.000000000e+00 1.000000000e+00 0.000000000e+00
2.192269466e-01 9.756738932e-01 0.000000000e+00 -1.230075588e+00 -9.756738932e-01 2.192269466e-01 0.000000000e+00 9.507544532e-01 0.000000000e+00 0.000000000e+00 1.000000000e+00 0.000000000e+00
1.733617906e-01 9.848582078e-01 0.000000000e+00 -1.255732970e+00 -9.848582078e-01 1.733617906e-01 0.000000000e+00 1.020457778e+00 0.000000000e+00 0.000000000e+00 1.000000000e+00 0.000000000e+00
1.236962540e-01 9.923201282e-01 0.000000000e+00 -1.274612874e+00 -9.923201282e-01 1.236962540e-01 0.000000000e+00 1.093862932e+00 0.000000000e+00 0.000000000e+00 1.000000000e+00 0.000000000e+00
9.871709085e-02 9.951155390e-01 0.000000000e+00 -1.298684154e+00 -9.951155390e-01 9.871709085e-02 0.000000000e+00 1.139496731e+00 0.000000000e+00 0.000000000e+00 1.000000000e+00 0.000000000e+00
4.975639888e-02 9.987613833e-01 0.000000000e+00 -1.312415070e+00 -9.987613833e-01 4.975639888e-02 0.000000000e+00 1.224621525e+00 0.000000000e+00 0.000000000e+00 1.000000000e+00 0.000000000e+00
1.348396722e-02 9.999090872e-01 0.000000000e+00 -1.312426578e+00 -9.999090872e-01 1.348396722e-02 0.000000000e+00 1.267824437e+00 0.000000000e+00 0.000000000e+00 1.000000000e+00 0.000000000e+00
-5.206230023e-02 9.986438389e-01 0.000000000e+00 -1.312720342e+00 -9.986438389e-01 -5.206230023e-02 0.000000000e+00 1.347802342e+00 0.000000000e+00 0.000000000e+00 1.000000000e+00 0.000000000e+00
-9.113750391e-02 9.958383179e-01 0.000000000e+00 -1.312194932e+00 -9.958383179e-01 -9.113750391e-02 0.000000000e+00 1.389006303e+00 0.000000000e+00 0.000000000e+00 1.000000000e+00 0.000000000e+00
-1.354891295e-01 9.907788329e-01 0.000000000e+00 -1.305458156e+00 -9.907788329e-01 -1.354891295e-01 0.000000000e+00 1.442161193e+00 0.000000000e+00 0.000000000e+00 1.000000000e+00 0.000000000e+00
-1.803938826e-01 9.835944526e-01 0.000000000e+00 -1.275993053e+00 -9.835944526e-01 -1.803938826e-01 0.000000000e+00 1.496023187e+00 0.000000000e+00 0.000000000e+00 1.000000000e+00 0.000000000e+00
-2.317997235e-01 9.727635315e-01 0.000000000e+00 -1.239528531e+00 -9.727635315e-01 -2.317997235e-01 0.000000000e+00 1.549070683e+00 0.000000000e+00 0.000000000e+00 1.000000000e+00 0.000000000e+00
-2.510187718e-01 9.679822189e-01 0.000000000e+00 -1.227878697e+00 -9.679822189e-01 -2.510187718e-01 0.000000000e+00 1.566398313e+00 0.000000000e+00 0.000000000e+00 1.000000000e+00 0.000000000e+00
-2.340563926e-01 9.722230223e-01 0.000000000e+00 -1.235968079e+00 -9.722230223e-01 -2.340563926e-01 0.000000000e+00 1.546729000e+00 0.000000000e+00 0.000000000e+00 1.000000000e+00 0.000000000e+00
-1.837116494e-01 9.829801778e-01 0.000000000e+00 -1.264352311e+00 -9.829801778e-01 -1.837116494e-01 0.000000000e+00 1.470439688e+00 0.000000000e+00 0.000000000e+00 1.000000000e+00 0.000000000e+00
1.606727130e-02 9.998709131e-01 0.000000000e+00 -1.291342313e+00 -9.998709131e-01 1.606727130e-02 0.000000000e+00 1.215942415e+00 0.000000000e+00 0.000000000e+00 1.000000000e+00 0.000000000e+00
7.162105184e-02 9.974319149e-01 0.000000000e+00 -1.283849227e+00 -9.974319149e-01 7.162105184e-02 0.000000000e+00 1.095780787e+00 0.000000000e+00 0.000000000e+00 1.000000000e+00 0.000000000e+00
8.417070719e-02 9.964513496e-01 0.000000000e+00 -1.269603006e+00 -9.964513496e-01 8.417070719e-02 0.000000000e+00 1.055820966e+00 0.000000000e+00 0.000000000e+00 1.000000000e+00 0.000000000e+00
1.295908948e-01 9.915675469e-01 0.000000000e+00 -1.247389525e+00 -9.915675469e-01 1.295908948e-01 0.000000000e+00 9.525328884e-01 0.000000000e+00 0.000000000e+00 1.000000000e+00 0.000000000e+00
1.926907738e-01 9.812595302e-01 0.000000000e+00 -1.229806963e+00 -9.812595302e-01 1.926907738e-01 0.000000000e+00 8.395837351e-01 0.000000000e+00 0.000000000e+00 1.000000000e+00 0.000000000e+00
2.326875786e-01 9.725515363e-01 0.000000000e+00 -1.187219450e+00 -9.725515363e-01 2.326875786e-01 0.000000000e+00 7.635630131e-01 0.000000000e+00 0.000000000e+00 1.000000000e+00 0.000000000e+00
2.241336868e-01 9.745584079e-01 0.000000000e+00 -1.153671780e+00 -9.745584079e-01 2.241336868e-01 0.000000000e+00 7.439330613e-01 0.000000000e+00 0.000000000e+00 1.000000000e+00 0.000000000e+00
1.929546421e-01 9.812076774e-01 0.000000000e+00 -1.169126594e+00 -9.812076774e-01 1.929546421e-01 0.000000000e+00 7.833554975e-01 0.000000000e+00 0.000000000e+00 1.000000000e+00 0.000000000e+00
1.729074069e-01 9.849380837e-01 0.000000000e+00 -1.180179892e+00 -9.849380837e-01 1.729074069e-01 0.000000000e+00 8.089648262e-01 0.000000000e+00 0.000000000e+00 1.000000000e+00 0.000000000e+00
1.716863274e-01 9.851516660e-01 0.000000000e+00 -1.197260278e+00 -9.851516660e-01 1.716863274e-01 0.000000000e+00 8.063252033e-01 0.000000000e+00 0.000000000e+00 1.000000000e+00 0.000000000e+00
1.039739086e-01 9.945800251e-01 0.000000000e+00 -1.202796253e+00 -9.945800251e-01 1.039739086e-01 0.000000000e+00 8.989458443e-01 0.000000000e+00 0.000000000e+00 1.000000000e+00 0.000000000e+00
5.267573448e-02 9.986116698e-01 0.000000000e+00 -1.203520315e+00 -9.986116698e-01 5.267573448e-02 0.000000000e+00 9.663244059e-01 0.000000000e+00 0.000000000e+00 1.000000000e+00 0.000000000e+00
-1.663039131e-03 9.999986171e-01 0.000000000e+00 -1.197159663e+00 -9.999986171e-01 -1.663039131e-03 0.000000000e+00 1.037388461e+00 0.000000000e+00 0.000000000e+00 1.000000000e+00 0.000000000e+00
-3.423640824e-02 9.994137623e-01 0.000000000e+00 -1.214023919e+00 -9.994137623e-01 -3.423640824e-02 0.000000000e+00 1.114840314e+00 0.000000000e+00 0.000000000e+00 1.000000000e+00 0.000000000e+00
-9.521278220e-02 9.954569434e-01 0.000000000e+00 -1.221488595e+00 -9.954569434e-01 -9.521278220e-02 0.000000000e+00 1.205828812e+00 0.000000000e+00 0.000000000e+00 1.000000000e+00 0.000000000e+00
-1.798929251e-01 9.836861977e-01 0.000000000e+00 -1.218475727e+00 -9.836861977e-01 -1.798929251e-01 0.000000000e+00 1.336109282e+00 0.000000000e+00 0.000000000e+00 1.000000000e+00 0.000000000e+00
-1.745404012e-01 9.846500131e-01 0.000000000e+00 -1.240120206e+00 -9.846500131e-01 -1.745404012e-01 0.000000000e+00 1.323782720e+00 0.000000000e+00 0.000000000e+00 1.000000000e+00 0.000000000e+00
-1.928766078e-01 9.812230196e-01 0.000000000e+00 -1.234881706e+00 -9.812230196e-01 -1.928766078e-01 0.000000000e+00 1.345336528e+00 0.000000000e+00 0.000000000e+00 1.000000000e+00 0.000000000e+00
-2.001401173e-01 9.797672854e-01 0.000000000e+00 -1.231812103e+00 -9.797672854e-01 -2.001401173e-01 0.000000000e+00 1.353409990e+00 0.000000000e+00 0.000000000e+00 1.000000000e+00 0.000000000e+00
-1.964930485e-01 9.805052177e-01 0.000000000e+00 -1.236660522e+00 -9.805052177e-01 -1.964930485e-01 0.000000000e+00 1.344926172e+00 0.000000000e+00 0.000000000e+00 1.000000000e+00 0.000000000e+00
-2.231836845e-01 9.747764067e-01 0.000000000e+00 -1.238087730e+00 -9.747764067e-01 -2.231836845e-01 0.000000000e+00 1.376807363e+00 0.000000000e+00 0.000000000e+00 1.000000000e+00 0.000000000e+00
-2.013009480e-01 9.795294423e-01 0.000000000e+00 -1.244548615e+00 -9.795294423e-01 -2.013009480e-01 0.000000000e+00 1.374335617e+00 0.000000000e+00 0.000000000e+00 1.000000000e+00 0.000000000e+00
-2.454827769e-01 9.694009523e-01 0.000000000e+00 -1.217768977e+00 -9.694009523e-01 -2.454827769e-01 0.000000000e+00 1.410718232e+00 0.000000000e+00 0.000000000e+00 1.000000000e+00 0.000000000e+00
-2.913047332e-01 9.566303113e-01 0.000000000e+00 -1.192496493e+00 -9.566303113e-01 -2.913047332e-01 0.000000000e+00 1.481714106e+00 0.000000000e+00 0.000000000e+00 1.000000000e+00 0.000000000e+00
-3.774258298e-01 9.260398172e-01 0.000000000e+00 -1.134350987e+00 -9.260398172e-01 -3.774258298e-01 0.000000000e+00 1.596098378e+00 0.000000000e+00 0.000000000e+00 1.000000000e+00 0.000000000e+00
-4.236486702e-01 9.058265862e-01 0.000000000e+00 -1.083163929e+00 -9.058265862e-01 -4.236486702e-01 0.000000000e+00 1.658746042e+00 0.000000000e+00 0.000000000e+00 1.000000000e+00 0.000000000e+00
-3.675256098e-01 9.300134010e-01 0.000000000e+00 -1.113835945e+00 -9.300134010e-01 -3.675256098e-01 0.000000000e+00 1.601188920e+00 0.000000000e+00 0.000000000e+00 1.000000000e+00 0.000000000e+00
-3.438012188e-01 9.390424495e-01 0.000000000e+00 -1.128800275e+00 -9.390424495e-01 -3.438012188e-01 0.000000000e+00 1.580100255e+00 0.000000000e+00 0.000000000e+00 1.000000000e+00 0.000000000e+00
-3.298933740e-01 9.440181999e-01 0.000000000e+00 -1.137342215e+00 -9.440181999e-01 -3.298933740e-01 0.000000000e+00 1.567191857e+00 0.000000000e+00 0.000000000e+00 1.000000000e+00 0.000000000e+00
-3.291297078e-01 9.442847216e-01 0.000000000e+00 -1.144715156e+00 -9.442847216e-01 -3.291297078e-01 0.000000000e+00 1.569663110e+00 0.000000000e+00 0.000000000e+00 1.000000000e+00 0.000000000e+00
-3.916033141e-01 9.201341448e-01 0.000000000e+00 -1.118679266e+00 -9.201341448e-01 -3.916033141e-01 0.000000000e+00 1.668609164e+00 0.000000000e+00 0.000000000e+00 1.000000000e+00 0.000000000e+00
-3.952317649e-01 9.185814346e-01 0.000000000e+00 -1.124833882e+00 -9.185814346e-01 -3.952317649e-01 0.000000000e+00 1.690138992e+00 0.000000000e+00 0.000000000e+00 1.000000000e+00 0.000000000e+00
-4.037836635e-01 9.148544983e-01 0.000000000e+00 -1.129763226e+00 -9.148544983e-01 -4.037836635e-01 0.000000000e+00 1.717620510e+00 0.000000000e+00 0.000000000e+00 1.000000000e+00 0.000000000e+00
-4.071722343e-01 9.133513955e-01 0.000000000e+00 -1.138832275e+00 -9.133513955e-01 -4.071722343e-01 0.000000000e+00 1.751822785e+00 0.000000000e+00 0.000000000e+00 1.000000000e+00 0.000000000e+00
-4.146598030e-01 9.099765094e-01 0.000000000e+00 -1.180222354e+00 -9.099765094e-01 -4.146598030e-01 0.000000000e+00 1.761844880e+00 0.000000000e+00 0.000000000e+00 1.000000000e+00 0.000000000e+00
-4.931712798e-01 8.699322323e-01 0.000000000e+00 -1.167378359e+00 -8.699322323e-01 -4.931712798e-01 0.000000000e+00 1.854368869e+00 0.000000000e+00 0.000000000e+00 1.000000000e+00 0.000000000e+00
-5.868583748e-01 8.096895998e-01 0.000000000e+00 -1.124050459e+00 -8.096895998e-01 -5.868583748e-01 0.000000000e+00 1.968604135e+00 0.000000000e+00 0.000000000e+00 1.000000000e+00 0.000000000e+00
-6.466432209e-01 7.627925962e-01 0.000000000e+00 -1.085495770e+00 -7.627925962e-01 -6.466432209e-01 0.000000000e+00 2.067008260e+00 0.000000000e+00 0.000000000e+00 1.000000000e+00 0.000000000e+00
-7.090973415e-01 7.051106014e-01 0.000000000e+00 -1.035863902e+00 -7.051106014e-01 -7.090973415e-01 0.000000000e+00 2.141337229e+00 0.000000000e+00 0.000000000e+00 1.000000000e+00 0.000000000e+00
-7.031348396e-01 7.110565360e-01 0.000000000e+00 -1.071948378e+00 -7.110565360e-01 -7.031348396e-01 0.000000000e+00 2.093576444e+00 0.000000000e+00 0.000000000e+00 1.000000000e+00 0.000000000e+00
-6.917494254e-01 7.221376133e-01 0.000000000e+00 -1.099148531e+00 -7.221376133e-01 -6.917494254e-01 0.000000000e+00 2.065540793e+00 0.000000000e+00 0.000000000e+00 1.000000000e+00 0.000000000e+00
-6.976764227e-01 7.164130158e-01 0.000000000e+00 -1.096407353e+00 -7.164130158e-01 -6.976764227e-01 0.000000000e+00 2.052961477e+00 0.000000000e+00 0.000000000e+00 1.000000000e+00 0.000000000e+00
-7.039674799e-01 7.102322065e-01 0.000000000e+00 -1.097095912e+00 -7.102322065e-01 -7.039674799e-01 0.000000000e+00 2.044754774e+00 0.000000000e+00 0.000000000e+00 1.000000000e+00 0.000000000e+00
-7.112494398e-01 7.029397089e-01 0.000000000e+00 -1.105596827e+00 -7.029397089e-01 -7.112494398e-01 0.000000000e+00 2.078812652e+00 0.000000000e+00 0.000000000e+00 1.000000000e+00 0.000000000e+00
-7.249365628e-01 6.888156356e-01 0.000000000e+00 -1.084085576e+00 -6.888156356e-01 -7.249365628e-01 0.000000000e+00 2.091719112e+00 0.000000000e+00 0.000000000e+00 1.000000000e+00 0.000000000e+00
-7.754129602e-01 6.314544648e-01 0.000000000e+00 -1.020894392e+00 -6.314544648e-01 -7.754129602e-01 0.000000000e+00 2.161868624e+00 0.000000000e+00 0.000000000e+00 1.000000000e+00 0.000000000e+00
-8.079564504e-01 5.892422033e-01 0.000000000e+00 -1.029216514e+00 -5.892422033e-01 -8.079564504e-01 0.000000000e+00 2.190455650e+00 0.000000000e+00 0.000000000e+00 1.000000000e+00 0.000000000e+00
-8.384943021e-01 5.449103645e-01 0.000000000e+00 -1.031861083e+00 -5.449103645e-01 -8.384943021e-01 0.000000000e+00 2.220434796e+00 0.000000000e+00 0.000000000e+00 1.000000000e+00 0.000000000e+00
-8.765457253e-01 4.813185966e-01 0.000000000e+00 -9.511852739e-01 -4.813185966e-01 -8.765457253e-01 0.000000000e+00 2.242966789e+00 0.000000000e+00 0.000000000e+00 1.000000000e+00 0.000000000e+00
-8.980088939e-01 4.399773022e-01 0.000000000e+00 -8.997002150e-01 -4.399773022e-01 -8.980088939e-01 0.000000000e+00 2.256529190e+00 0.000000000e+00 0.000000000e+00 1.000000000e+00 0.000000000e+00
-9.143823661e-01 4.048516870e-01 0.000000000e+00 -8.614721132e-01 -4.048516870e-01 -9.143823661e-01 0.000000000e+00 2.282742613e+00 0.000000000e+00 0.000000000e+00 1.000000000e+00 0.000000000e+00
-9.151893637e-01 4.030241042e-01 0.000000000e+00 -8.558618189e-01 -4.030241042e-01 -9.151893637e-01 0.000000000e+00 2.284610406e+00 0.000000000e+00 0.000000000e+00 1.000000000e+00 0.000000000e+00
-9.192801541e-01 3.936038596e-01 0.000000000e+00 -8.403499974e-01 -3.936038596e-01 -9.192801541e-01 0.000000000e+00 2.291585540e+00 0.000000000e+00 0.000000000e+00 1.000000000e+00 0.000000000e+00
-9.208668741e-01 3.898771603e-01 0.000000000e+00 -8.532699021e-01 -3.898771603e-01 -9.208668741e-01 0.000000000e+00 2.277644869e+00 0.000000000e+00 0.000000000e+00 1.000000000e+00 0.000000000e+00
-9.287292499e-01 3.707586551e-01 0.000000000e+00 -8.266498387e-01 -3.707586551e-01 -9.287292499e-01 0.000000000e+00 2.261590961e+00 0.000000000e+00 0.000000000e+00 1.000000000e+00 0.000000000e+00
-9.518450466e-01 3.065795284e-01 0.000000000e+00 -7.459983874e-01 -3.065795284e-01 -9.518450466e-01 0.000000000e+00 2.284277238e+00 0.000000000e+00 0.000000000e+00 1.000000000e+00 0.000000000e+00
-9.761820727e-01 2.169529005e-01 0.000000000e+00 -6.361577916e-01 -2.169529005e-01 -9.761820727e-01 0.000000000e+00 2.307018092e+00 0.000000000e+00 0.000000000e+00 1.000000000e+00 0.000000000e+00
-9.455468745e-01 3.254859569e-01 0.000000000e+00 -7.542059119e-01 -3.254859569e-01 -9.455468745e-01 0.000000000e+00 2.318028984e+00 0.000000000e+00 0.000000000e+00 1.000000000e+00 0.000000000e+00
-9.242863834e-01 3.816997269e-01 0.000000000e+00 -8.035247713e-01 -3.816997269e-01 -9.242863834e-01 0.000000000e+00 2.299470057e+00 0.000000000e+00 0.000000000e+00 1.000000000e+00 0.000000000e+00
-8.981205281e-01 4.397493797e-01 0.000000000e+00 -8.430615559e-01 -4.397493797e-01 -8.981205281e-01 0.000000000e+00 2.251134807e+00 0.000000000e+00 0.000000000e+00 1.000000000e+00 0.000000000e+00
-8.636098368e-01 5.041607381e-01 0.000000000e+00 -8.902130692e-01 -5.041607381e-01 -8.636098368e-01 0.000000000e+00 2.190614713e+00 0.000000000e+00 0.000000000e+00 1.000000000e+00 0.000000000e+00
-7.956691393e-01 6.057314758e-01 0.000000000e+00 -9.938854985e-01 -6.057314758e-01 -7.956691393e-01 0.000000000e+00 2.109643563e+00 0.000000000e+00 0.000000000e+00 1.000000000e+00 0.000000000e+00
-7.875836322e-01 6.162077753e-01 0.000000000e+00 -9.983279418e-01 -6.162077753e-01 -7.875836322e-01 0.000000000e+00 2.108739977e+00 0.000000000e+00 0.000000000e+00 1.000000000e+00 0.000000000e+00
-7.887781641e-01 6.146779709e-01 0.000000000e+00 -1.006883804e+00 -6.146779709e-01 -7.887781641e-01 0.000000000e+00 2.087046127e+00 0.000000000e+00 0.000000000e+00 1.000000000e+00 0.000000000e+00
-7.737213842e-01 6.335260213e-01 0.000000000e+00 -1.036937347e+00 -6.335260213e-01 -7.737213842e-01 0.000000000e+00 2.047330797e+00 0.000000000e+00 0.000000000e+00 1.000000000e+00 0.000000000e+00
-7.476720893e-01 6.640681041e-01 0.000000000e+00 -1.084177946e+00 -6.640681041e-01 -7.476720893e-01 0.000000000e+00 1.987174395e+00 0.000000000e+00 0.000000000e+00 1.000000000e+00 0.000000000e+00
-7.494000489e-01 6.621174871e-01 0.000000000e+00 -1.089717044e+00 -6.621174871e-01 -7.494000489e-01 0.000000000e+00 1.989643548e+00 0.000000000e+00 0.000000000e+00 1.000000000e+00 0.000000000e+00
-7.666586681e-01 6.420548938e-01 0.000000000e+00 -1.069031809e+00 -6.420548938e-01 -7.666586681e-01 0.000000000e+00 2.009451437e+00 0.000000000e+00 0.000000000e+00 1.000000000e+00 0.000000000e+00
-7.592634043e-01 6.507834378e-01 0.000000000e+00 -1.077829830e+00 -6.507834378e-01 -7.592634043e-01 0.000000000e+00 2.003535042e+00 0.000000000e+00 0.000000000e+00 1.000000000e+00 0.000000000e+00
-7.344434863e-01 6.786698501e-01 0.000000000e+00 -1.105704006e+00 -6.786698501e-01 -7.344434863e-01 0.000000000e+00 1.971220866e+00 0.000000000e+00 0.000000000e+00 1.000000000e+00 0.000000000e+00
-7.269868607e-01 6.866513703e-01 0.000000000e+00 -1.080018438e+00 -6.866513703e-01 -7.269868607e-01 0.000000000e+00 1.955835670e+00 0.000000000e+00 0.000000000e+00 1.000000000e+00 0.000000000e+00
-6.436799423e-01 7.652948006e-01 0.000000000e+00 -1.118936442e+00 -7.652948006e-01 -6.436799423e-01 0.000000000e+00 1.872100641e+00 0.000000000e+00 0.000000000e+00 1.000000000e+00 0.000000000e+00
-5.503288842e-01 8.349479740e-01 0.000000000e+00 -1.187758495e+00 -8.349479740e-01 -5.503288842e-01 0.000000000e+00 1.776723979e+00 0.000000000e+00 0.000000000e+00 1.000000000e+00 0.000000000e+00
-4.833251913e-01 8.754408943e-01 0.000000000e+00 -1.195036704e+00 -8.754408943e-01 -4.833251913e-01 0.000000000e+00 1.725428821e+00 0.000000000e+00 0.000000000e+00 1.000000000e+00 0.000000000e+00
-3.689495867e-01 9.294494082e-01 0.000000000e+00 -1.259275724e+00 -9.294494082e-01 -3.689495867e-01 0.000000000e+00 1.590591553e+00 0.000000000e+00 0.000000000e+00 1.000000000e+00 0.000000000e+00
-2.651071468e-01 9.642189589e-01 0.000000000e+00 -1.331604535e+00 -9.642189589e-01 -2.651071468e-01 0.000000000e+00 1.477894481e+00 0.000000000e+00 0.000000000e+00 1.000000000e+00 0.000000000e+00
-1.711226699e-01 9.852497307e-01 0.000000000e+00 -1.371502990e+00 -9.852497307e-01 -1.711226699e-01 0.000000000e+00 1.367050634e+00 0.000000000e+00 0.000000000e+00 1.000000000e+00 0.000000000e+00
-1.310278179e-01 9.913786920e-01 0.000000000e+00 -1.372902811e+00 -9.913786920e-01 -1.310278179e-01 0.000000000e+00 1.320258471e+00 0.000000000e+00 0.000000000e+00 1.000000000e+00 0.000000000e+00
-1.204253287e-01 9.927223883e-01 0.000000000e+00 -1.380259705e+00 -9.927223883e-01 -1.204253287e-01 0.000000000e+00 1.304646385e+00 0.000000000e+00 0.000000000e+00 1.000000000e+00 0.000000000e+00
-5.208466393e-02 9.986426727e-01 0.000000000e+00 -1.376857432e+00 -9.986426727e-01 -5.208466393e-02 0.000000000e+00 1.191931820e+00 0.000000000e+00 0.000000000e+00 1.000000000e+00 0.000000000e+00
4.860551393e-03 9.999881875e-01 0.000000000e+00 -1.366549292e+00 -9.999881875e-01 4.860551393e-03 0.000000000e+00 1.098009108e+00 0.000000000e+00 0.000000000e+00 1.000000000e+00 0.000000000e+00
8.318653381e-04 9.999996540e-01 0.000000000e+00 -1.355020178e+00 -9.999996540e-01 8.318653381e-04 0.000000000e+00 1.063696458e+00 0.000000000e+00 0.000000000e+00 1.000000000e+00 0.000000000e+00
3.560641791e-02 9.993658905e-01 0.000000000e+00 -1.329074681e+00 -9.993658905e-01 3.560641791e-02 0.000000000e+00 9.858459360e-01 0.000000000e+00 0.000000000e+00 1.000000000e+00 0.000000000e+00
5.884471624e-02 9.982671483e-01 0.000000000e+00 -1.294757432e+00 -9.982671483e-01 5.884471624e-02 0.000000000e+00 9.449332377e-01 0.000000000e+00 0.000000000e+00 1.000000000e+00 0.000000000e+00
7.082257374e-02 9.974889288e-01 0.000000000e+00 -1.297146163e+00 -9.974889288e-01 7.082257374e-02 0.000000000e+00 9.280315536e-01 0.000000000e+00 0.000000000e+00 1.000000000e+00 0.000000000e+00
4.864489336e-02 9.988161364e-01 0.000000000e+00 -1.309589821e+00 -9.988161364e-01 4.864489336e-02 0.000000000e+00 9.512584368e-01 0.000000000e+00 0.000000000e+00 1.000000000e+00 0.000000000e+00
2.950812334e-02 9.995645405e-01 0.000000000e+00 -1.338001324e+00 -9.995645405e-01 2.950812334e-02 0.000000000e+00 9.890124224e-01 0.000000000e+00 0.000000000e+00 1.000000000e+00 0.000000000e+00
8.398928294e-03 9.999647284e-01 0.000000000e+00 -1.337229465e+00 -9.999647284e-01 8.398928294e-03 0.000000000e+00 1.009339822e+00 0.000000000e+00 0.000000000e+00 1.000000000e+00 0.000000000e+00
-6.478364893e-03 9.999790152e-01 0.000000000e+00 -1.338930856e+00 -9.999790152e-01 -6.478364893e-03 0.000000000e+00 1.028911327e+00 0.000000000e+00 0.000000000e+00 1.000000000e+00 0.000000000e+00
-3.513112809e-02 9.993827114e-01 0.000000000e+00 -1.334481650e+00 -9.993827114e-01 -3.513112809e-02 0.000000000e+00 1.073294122e+00 0.000000000e+00 0.000000000e+00 1.000000000e+00 0.000000000e+00
-6.987512114e-02 9.975557465e-01 0.000000000e+00 -1.330393892e+00 -9.975557465e-01 -6.987512114e-02 0.000000000e+00 1.118441192e+00 0.000000000e+00 0.000000000e+00 1.000000000e+00 0.000000000e+00
-1.804239723e-02 9.998372227e-01 0.000000000e+00 -1.320801413e+00 -9.998372227e-01 -1.804239723e-02 0.000000000e+00 1.044050453e+00 0.000000000e+00 0.000000000e+00 1.000000000e+00 0.000000000e+00
1.884982633e-02 9.998223262e-01 0.000000000e+00 -1.329982455e+00 -9.998223262e-01 1.884982633e-02 0.000000000e+00 9.949388380e-01 0.000000000e+00 0.000000000e+00 1.000000000e+00 0.000000000e+00
1.011996867e-01 9.948661334e-01 0.000000000e+00 -1.370642650e+00 -9.948661334e-01 1.011996867e-01 0.000000000e+00 9.069096693e-01 0.000000000e+00 0.000000000e+00 1.000000000e+00 0.000000000e+00
5.997498243e-02 9.981998805e-01 0.000000000e+00 -1.434360867e+00 -9.981998805e-01 5.997498243e-02 0.000000000e+00 9.596521803e-01 0.000000000e+00 0.000000000e+00 1.000000000e+00 0.000000000e+00
1.749683365e-01 9.845740608e-01 0.000000000e+00 -1.460352056e+00 -9.845740608e-01 1.749683365e-01 0.000000000e+00 8.592933331e-01 0.000000000e+00 0.000000000e+00 1.000000000e+00 0.000000000e+00
3.410044764e-01 9.400616719e-01 0.000000000e+00 -1.481062545e+00 -9.400616719e-01 3.410044764e-01 0.000000000e+00 7.049969740e-01 0.000000000e+00 0.000000000e+00 1.000000000e+00 0.000000000e+00
2.901881067e-01 9.569696248e-01 0.000000000e+00 -1.545355216e+00 -9.569696248e-01 2.901881067e-01 0.000000000e+00 7.828133700e-01 0.000000000e+00 0.000000000e+00 1.000000000e+00 0.000000000e+00
2.228608676e-01 9.748502622e-01 0.000000000e+00 -1.597091352e+00 -9.748502622e-01 2.228608676e-01 0.000000000e+00 9.007911867e-01 0.000000000e+00 0.000000000e+00 1.000000000e+00 0.000000000e+00
1.073337741e-01 9.942230439e-01 0.000000000e+00 -1.650079531e+00 -9.942230439e-01 1.073337741e-01 0.000000000e+00 1.089534959e+00 0.000000000e+00 0.000000000e+00 1.000000000e+00 0.000000000e+00
-1.292572697e-02 9.999164593e-01 0.000000000e+00 -1.668206731e+00 -9.999164593e-01 -1.292572697e-02 0.000000000e+00 1.323147345e+00 0.000000000e+00 0.000000000e+00 1.000000000e+00 0.000000000e+00
-1.499837142e-01 9.886884674e-01 0.000000000e+00 -1.639488028e+00 -9.886884674e-01 -1.499837142e-01 0.000000000e+00 1.573412715e+00 0.000000000e+00 0.000000000e+00 1.000000000e+00 0.000000000e+00
-3.052074801e-01 9.522858783e-01 0.000000000e+00 -1.567711632e+00 -9.522858783e-01 -3.052074801e-01 0.000000000e+00 1.837605884e+00 0.000000000e+00 0.000000000e+00 1.000000000e+00 0.000000000e+00
-4.107941944e-01 9.117281008e-01 0.000000000e+00 -1.507605305e+00 -9.117281008e-01 -4.107941944e-01 0.000000000e+00 1.970553931e+00 0.000000000e+00 0.000000000e+00 1.000000000e+00 0.000000000e+00
-4.884893939e-01 8.725698322e-01 0.000000000e+00 -1.456140542e+00 -8.725698322e-01 -4.884893939e-01 0.000000000e+00 2.006340023e+00 0.000000000e+00 0.000000000e+00 1.000000000e+00 0.000000000e+00
-4.927887689e-01 8.701489696e-01 0.000000000e+00 -1.484633674e+00 -8.701489696e-01 -4.927887689e-01 0.000000000e+00 1.979586728e+00 0.000000000e+00 0.000000000e+00 1.000000000e+00 0.000000000e+00
-5.411168950e-01 8.409473859e-01 0.000000000e+00 -1.445732844e+00 -8.409473859e-01 -5.411168950e-01 0.000000000e+00 2.040615589e+00 0.000000000e+00 0.000000000e+00 1.000000000e+00 0.000000000e+00
-5.668900152e-01 8.237934879e-01 0.000000000e+00 -1.425477328e+00 -8.237934879e-01 -5.668900152e-01 0.000000000e+00 2.071603509e+00 0.000000000e+00 0.000000000e+00 1.000000000e+00 0.000000000e+00
-5.790247133e-01 8.153099910e-01 0.000000000e+00 -1.407316023e+00 -8.153099910e-01 -5.790247133e-01 0.000000000e+00 2.078256880e+00 0.000000000e+00 0.000000000e+00 1.000000000e+00 0.000000000e+00
-5.932217525e-01 8.050390999e-01 0.000000000e+00 -1.383779644e+00 -8.050390999e-01 -5.932217525e-01 0.000000000e+00 2.073376274e+00 0.000000000e+00 0.000000000e+00 1.000000000e+00 0.000000000e+00
-5.434779272e-01 8.394234585e-01 0.000000000e+00 -1.408376857e+00 -8.394234585e-01 -5.434779272e-01 0.000000000e+00 1.959587146e+00 0.000000000e+00 0.000000000e+00 1.000000000e+00 0.000000000e+00
-5.164868413e-01 8.562951260e-01 0.000000000e+00 -1.363146623e+00 -8.562951260e-01 -5.164868413e-01 0.000000000e+00 1.881693584e+00 0.000000000e+00 0.000000000e+00 1.000000000e+00 0.000000000e+00
-5.104568722e-01 8.599033560e-01 0.000000000e+00 -1.261208918e+00 -8.599033560e-01 -5.104568722e-01 0.000000000e+00 1.881958489e+00 0.000000000e+00 0.000000000e+00 1.000000000e+00 0.000000000e+00
-4.841158882e-01 8.750038896e-01 0.000000000e+00 -1.212385424e+00 -8.750038896e-01 -4.841158882e-01 0.000000000e+00 1.820622135e+00 0.000000000e+00 0.000000000e+00 1.000000000e+00 0.000000000e+00
-4.176735499e-01 9.085971636e-01 0.000000000e+00 -1.173074076e+00 -9.085971636e-01 -4.176735499e-01 0.000000000e+00 1.737854428e+00 0.000000000e+00 0.000000000e+00 1.000000000e+00 0.000000000e+00
-3.640605996e-01 9.313752626e-01 0.000000000e+00 -1.134403138e+00 -9.313752626e-01 -3.640605996e-01 0.000000000e+00 1.694860241e+00 0.000000000e+00 0.000000000e+00 1.000000000e+00 0.000000000e+00
-2.612346168e-01 9.652753364e-01 0.000000000e+00 -1.115135460e+00 -9.652753364e-01 -2.612346168e-01 0.000000000e+00 1.578860069e+00 0.000000000e+00 0.000000000e+00 1.000000000e+00 0.000000000e+00
-1.148386757e-01 9.933841546e-01 0.000000000e+00 -1.134330501e+00 -9.933841546e-01 -1.148386757e-01 0.000000000e+00 1.395938547e+00 0.000000000e+00 0.000000000e+00 1.000000000e+00 0.000000000e+00
1.170313848e-02 9.999315159e-01 0.000000000e+00 -1.108427378e+00 -9.999315159e-01 1.170313848e-02 0.000000000e+00 1.239766586e+00 0.000000000e+00 0.000000000e+00 1.000000000e+00 0.000000000e+00
1.324489628e-01 9.911898266e-01 0.000000000e+00 -1.072313217e+00 -9.911898266e-01 1.324489628e-01 0.000000000e+00 1.092428861e+00 0.000000000e+00 0.000000000e+00 1.000000000e+00 0.000000000e+00
2.571204068e-01 9.663793750e-01 0.000000000e+00 -1.008405794e+00 -9.663793750e-01 2.571204068e-01 0.000000000e+00 9.570353357e-01 0.000000000e+00 0.000000000e+00 1.000000000e+00 0.000000000e+00
3.788648370e-01 9.254520168e-01 0.000000000e+00 -9.165832865e-01 -9.254520168e-01 3.788648370e-01 0.000000000e+00 7.990186012e-01 0.000000000e+00 0.000000000e+00 1.000000000e+00 0.000000000e+00
4.660671668e-01 8.847493408e-01 0.000000000e+00 -8.182829033e-01 -8.847493408e-01 4.660671668e-01 0.000000000e+00 6.297143649e-01 0.000000000e+00 0.000000000e+00 1.000000000e+00 0.000000000e+00
4.956685100e-01 8.685117893e-01 0.000000000e+00 -7.777918759e-01 -8.685117893e-01 4.956685100e-01 0.000000000e+00 5.936063959e-01 0.000000000e+00 0.000000000e+00 1.000000000e+00 0.000000000e+00
5.537159083e-01 8.327056460e-01 0.000000000e+00 -7.376039631e-01 -8.327056460e-01 5.537159083e-01 0.000000000e+00 5.345405514e-01 0.000000000e+00 0.000000000e+00 1.000000000e+00 0.000000000e+00
5.919788656e-01 8.059534866e-01 0.000000000e+00 -7.045964769e-01 -8.059534866e-01 5.919788656e-01 0.000000000e+00 4.941442485e-01 0.000000000e+00 0.000000000e+00 1.000000000e+00 0.000000000e+00
6.047221325e-01 7.964365276e-01 0.000000000e+00 -6.937119042e-01 -7.964365276e-01 6.047221325e-01 0.000000000e+00 4.778747042e-01 0.000000000e+00 0.000000000e+00 1.000000000e+00 0.000000000e+00
5.977560123e-01 8.016780836e-01 0.000000000e+00 -7.012960773e-01 -8.016780836e-01 5.977560123e-01 0.000000000e+00 4.834577610e-01 0.000000000e+00 0.000000000e+00 1.000000000e+00 0.000000000e+00
5.699276993e-01 8.216948445e-01 0.000000000e+00 -7.237574989e-01 -8.216948445e-01 5.699276993e-01 0.000000000e+00 5.048655922e-01 0.000000000e+00 0.000000000e+00 1.000000000e+00 0.000000000e+00
5.439883756e-01 8.390927525e-01 0.000000000e+00 -7.244712686e-01 -8.390927525e-01 5.439883756e-01 0.000000000e+00 5.651214754e-01 0.000000000e+00 0.000000000e+00 1.000000000e+00 0.000000000e+00
5.014580147e-01 8.651819805e-01 0.000000000e+00 -7.309317099e-01 -8.651819805e-01 5.014580147e-01 0.000000000e+00 6.720205859e-01 0.000000000e+00 0.000000000e+00 1.000000000e+00 0.000000000e+00
5.271703074e-01 8.497596525e-01 0.000000000e+00 -6.617079846e-01 -8.497596525e-01 5.271703074e-01 0.000000000e+00 6.820304266e-01 0.000000000e+00 0.000000000e+00 1.000000000e+00 0.000000000e+00
