1.000000000e+00 6.640705348e-19 0.000000000e+00 0.000000000e+00 6.640705348e-19 1.000000000e+00 0.000000000e+00 -1.110223025e-16 0.000000000e+00 0.000000000e+00 1.000000000e+00 0.000000000e+00
9.999933791e-01 -3.638935282e-03 0.000000000e+00 9.207700305e-04 3.638935282e-03 9.999933791e-01 0.000000000e+00 -3.898443180e-04 0.000000000e+00 0.000000000e+00 1.000000000e+00 0.000000000e+00
9.999792234e-01 -6.446136775e-03 0.000000000e+00 2.229868931e-03 6.446136775e-03 9.999792234e-01 0.000000000e+00 -1.104966515e-03 0.000000000e+00 0.000000000e+00 1.000000000e+00 0.000000000e+00
9.999396771e-01 -1.098372074e-02 0.000000000e+00 4.288540166e-03 1.098372074e-02 9.999396771e-01 0.000000000e+00 -2.217280039e-03 0.000000000e+00 0.000000000e+00 1.000000000e+00 0.000000000e+00
9.998787251e-01 -1.557353646e-02 0.000000000e+00 6.574125979e-03 1.557353646e-02 9.998787251e-01 0.000000000e+00 -3.479888104e-03 0.000000000e+00 0.000000000e+00 1.000000000e+00 0.000000000e+00
9.998288174e-01 -1.850232111e-02 0.000000000e+00 9.043673011e-03 1.850232111e-02 9.998288174e-01 0.000000000e+00 -4.983304695e-03 0.000000000e+00 0.000000000e+00 1.000000000e+00 0.000000000e+00
9.997305925e-01 -2.321082639e-02 0.000000000e+00 1.212265367e-02 2.321082639e-02 9.997305925e-01 0.000000000e+00 -6.773139407e-03 0.000000000e+00 0.000000000e+00 1.000000000e+00 0.000000000e+00
9.996048970e-01 -2.810782710e-02 0.000000000e+00 1.519658180e-02 2.810782710e-02 9.996048970e-01 0.000000000e+00 -8.539618763e-03 0.000000000e+00 0.000000000e+00 1.000000000e+00 0.000000000e+00
9.995152948e-01 -3.113158335e-02 0.000000000e+00 1.815944669e-02 3.113158335e-02 9.995152948e-01 0.000000000e+00 -1.035842353e-02 0.000000000e+00 0.000000000e+00 1.000000000e+00 0.000000000e+00
9.993466016e-01 -3.614373870e-02 0.000000000e+00 2.186644623e-02 3.614373870e-02 9.993466016e-01 0.000000000e+00 -1.249210558e-02 0.000000000e+00 0.000000000e+00 1.000000000e+00 0.000000000e+00
9.991495384e-01 -4.123348161e-02 0.000000000e+00 2.479869202e-02 4.123348161e-02 9.991495384e-01 0.000000000e+00 -1.404021420e-02 0.000000000e+00 0.000000000e+00 1.000000000e+00 0.000000000e+00
9.990310101e-01 -4.401182638e-02 0.000000000e+00 2.792778024e-02 4.401182638e-02 9.990310101e-01 0.000000000e+00 -1.584364102e-02 0.000000000e+00 0.000000000e+00 1.000000000e+00 0.000000000e+00
9.987639961e-01 -4.970392513e-02 0.000000000e+00 3.147038642e-02 4.970392513e-02 9.987639961e-01 0.000000000e+00 -1.769106819e-02 0.000000000e+00 0.000000000e+00 1.000000000e+00 0.000000000e+00
9.984659963e-01 -5.536835101e-02 0.000000000e+00 3.475079336e-02 5.536835101e-02 9.984659963e-01 0.000000000e+00 -1.937222375e-02 0.000000000e+00 0.000000000e+00 1.000000000e+00 0.000000000e+00
9.982544608e-01 -5.905955909e-02 0.000000000e+00 3.789393275e-02 5.905955909e-02 9.982544608e-01 0.000000000e+00 -2.110072575e-02 0.000000000e+00 0.000000000e+00 1.000000000e+00 0.000000000e+00
9.979045220e-01 -6.470367000e-02 0.000000000e+00 4.134775757e-02 6.470367000e-02 9.979045220e-01 0.000000000e+00 -2.288658746e-02 0.000000000e+00 0.000000000e+00 1.000000000e+00 0.000000000e+00
9.975239081e-01 -7.032817845e-02 0.000000000e+00 4.470875491e-02 7.032817845e-02 9.975239081e-01 0.000000000e+00 -2.451182633e-02 0.000000000e+00 0.000000000e+00 1.000000000e+00 0.000000000e+00
9.972600838e-01 -7.397516647e-02 0.000000000e+00 4.801038630e-02 7.397516647e-02 9.972600838e-01 0.000000000e+00 -2.619775661e-02 0.000000000e+00 0.000000000e+00 1.000000000e+00 0.000000000e+00
9.968318541e-01 -7.953775636e-02 0.000000000e+00 5.150993478e-02 7.953775636e-02 9.968318541e-01 0.000000000e+00 -2.785867418e-02 0.000000000e+00 0.000000000e+00 1.000000000e+00 0.000000000e+00
9.963648877e-01 -8.518808925e-02 0.000000000e+00 5.473096564e-02 8.518808925e-02 9.963648877e-01 0.000000000e+00 -2.934130666e-02 0.000000000e+00 0.000000000e+00 1.000000000e+00 0.000000000e+00
9.960457184e-01 -8.884214628e-02 0.000000000e+00 5.769760366e-02 8.884214628e-02 9.960457184e-01 0.000000000e+00 -3.079809970e-02 0.000000000e+00 0.000000000e+00 1.000000000e+00 0.000000000e+00
9.955427811e-01 -9.431103297e-02 0.000000000e+00 6.133027622e-02 9.431103297e-02 9.955427811e-01 0.000000000e+00 -3.252030519e-02 0.000000000e+00 0.000000000e+00 1.000000000e+00 0.000000000e+00
9.949955904e-01 -9.991884219e-02 0.000000000e+00 6.489886993e-02 9.991884219e-02 9.949955904e-01 0.000000000e+00 -3.417253457e-02 0.000000000e+00 0.000000000e+00 1.000000000e+00 0.000000000e+00
9.946383289e-01 -1.034146734e-01 0.000000000e+00 6.830242766e-02 1.034146734e-01 9.946383289e-01 0.000000000e+00 -3.573503118e-02 0.000000000e+00 0.000000000e+00 1.000000000e+00 0.000000000e+00
9.941229798e-01 -1.082566443e-01 0.000000000e+00 7.190940769e-02 1.082566443e-01 9.941229798e-01 0.000000000e+00 -3.731757560e-02 0.000000000e+00 0.000000000e+00 1.000000000e+00 0.000000000e+00
9.935524259e-01 -1.133736172e-01 0.000000000e+00 7.532042101e-02 1.133736172e-01 9.935524259e-01 0.000000000e+00 -3.877773104e-02 0.000000000e+00 0.000000000e+00 1.000000000e+00 0.000000000e+00
9.931872688e-01 -1.165291769e-01 0.000000000e+00 7.832929764e-02 1.165291769e-01 9.931872688e-01 0.000000000e+00 -4.016005329e-02 0.000000000e+00 0.000000000e+00 1.000000000e+00 0.000000000e+00
9.925719965e-01 -1.216586688e-01 0.000000000e+00 8.163034148e-02 1.216586688e-01 9.925719965e-01 0.000000000e+00 -4.156525645e-02 0.000000000e+00 0.000000000e+00 1.000000000e+00 0.000000000e+00
9.919354312e-01 -1.267442318e-01 0.000000000e+00 8.521043143e-02 1.267442318e-01 9.919354312e-01 0.000000000e+00 -4.306247177e-02 0.000000000e+00 0.000000000e+00 1.000000000e+00 0.000000000e+00
9.915531123e-01 -1.297012932e-01 0.000000000e+00 8.865685691e-02 1.297012932e-01 9.915531123e-01 0.000000000e+00 -4.456303011e-02 0.000000000e+00 0.000000000e+00 1.000000000e+00 0.000000000e+00
9.909477036e-01 -1.342484592e-01 0.000000000e+00 9.231374905e-02 1.342484592e-01 9.909477036e-01 0.000000000e+00 -4.601805951e-02 0.000000000e+00 0.000000000e+00 1.000000000e+00 0.000000000e+00
9.902964022e-01 -1.389713490e-01 0.000000000e+00 9.674601054e-02 1.389713490e-01 9.902964022e-01 0.000000000e+00 -4.782748062e-02 0.000000000e+00 0.000000000e+00 1.000000000e+00 0.000000000e+00
9.891017063e-01 -1.472338771e-01 0.000000000e+00 1.033090096e-01 1.472338771e-01 9.891017063e-01 0.000000000e+00 -5.044379534e-02 0.000000000e+00 0.000000000e+00 1.000000000e+00 0.000000000e+00
9.879594290e-01 -1.547131753e-01 0.000000000e+00 1.092962030e-01 1.547131753e-01 9.879594290e-01 0.000000000e+00 -5.268158173e-02 0.000000000e+00 0.000000000e+00 1.000000000e+00 0.000000000e+00
9.875866465e-01 -1.570751910e-01 0.000000000e+00 1.127698732e-01 1.570751910e-01 9.875866465e-01 0.000000000e+00 -5.402191778e-02 0.000000000e+00 0.000000000e+00 1.000000000e+00 0.000000000e+00
9.868100916e-01 -1.618821889e-01 0.000000000e+00 1.162259705e-01 1.618821889e-01 9.868100916e-01 0.000000000e+00 -5.520954243e-02 0.000000000e+00 0.000000000e+00 1.000000000e+00 0.000000000e+00
9.863004982e-01 -1.649585622e-01 0.000000000e+00 1.194899343e-01 1.649585622e-01 9.863004982e-01 0.000000000e+00 -5.641722792e-02 0.000000000e+00 0.000000000e+00 1.000000000e+00 0.000000000e+00
9.855378328e-01 -1.694555405e-01 0.000000000e+00 1.229019727e-01 1.694555405e-01 9.855378328e-01 0.000000000e+00 -5.760093534e-02 0.000000000e+00 0.000000000e+00 1.000000000e+00 0.000000000e+00
9.846877898e-01 -1.743271538e-01 0.000000000e+00 1.261436272e-01 1.743271538e-01 9.846877898e-01 0.000000000e+00 -5.868697744e-02 0.000000000e+00 0.000000000e+00 1.000000000e+00 0.000000000e+00
9.841156746e-01 -1.775284173e-01 0.000000000e+00 1.297669655e-01 1.775284173e-01 9.841156746e-01 0.000000000e+00 -5.994101234e-02 0.000000000e+00 0.000000000e+00 1.000000000e+00 0.000000000e+00
9.832755760e-01 -1.821239734e-01 0.000000000e+00 1.337232849e-01 1.821239734e-01 9.832755760e-01 0.000000000e+00 -6.120823080e-02 0.000000000e+00 0.000000000e+00 1.000000000e+00 0.000000000e+00
9.824183930e-01 -1.866925309e-01 0.000000000e+00 1.371805232e-01 1.866925309e-01 9.824183930e-01 0.000000000e+00 -6.226010515e-02 0.000000000e+00 0.000000000e+00 1.000000000e+00 0.000000000e+00
9.818794318e-01 -1.895066793e-01 0.000000000e+00 1.406154846e-01 1.895066793e-01 9.818794318e-01 0.000000000e+00 -6.341818489e-02 0.000000000e+00 0.000000000e+00 1.000000000e+00 0.000000000e+00
9.809845358e-01 -1.940859101e-01 0.000000000e+00 1.443183792e-01 1.940859101e-01 9.809845358e-01 0.000000000e+00 -6.457392223e-02 0.000000000e+00 0.000000000e+00 1.000000000e+00 0.000000000e+00
9.800757957e-01 -1.986238523e-01 0.000000000e+00 1.474366133e-01 1.986238523e-01 9.800757957e-01 0.000000000e+00 -6.549186854e-02 0.000000000e+00 0.000000000e+00 1.000000000e+00 0.000000000e+00
9.794874196e-01 -2.015053223e-01 0.000000000e+00 1.507576061e-01 2.015053223e-01 9.794874196e-01 0.000000000e+00 -6.653013166e-02 0.000000000e+00 0.000000000e+00 1.000000000e+00 0.000000000e+00
9.785545630e-01 -2.059877842e-01 0.000000000e+00 1.552497809e-01 2.059877842e-01 9.785545630e-01 0.000000000e+00 -6.777520421e-02 0.000000000e+00 0.000000000e+00 1.000000000e+00 0.000000000e+00
9.776158762e-01 -2.103977155e-01 0.000000000e+00 1.582930137e-01 2.103977155e-01 9.776158762e-01 0.000000000e+00 -6.855388794e-02 0.000000000e+00 0.000000000e+00 1.000000000e+00 0.000000000e+00
9.770709727e-01 -2.129138659e-01 0.000000000e+00 1.617453421e-01 2.129138659e-01 9.770709727e-01 0.000000000e+00 -6.957401773e-02 0.000000000e+00 0.000000000e+00 1.000000000e+00 0.000000000e+00
9.760637294e-01 -2.174847032e-01 0.000000000e+00 1.655920140e-01 2.174847032e-01 9.760637294e-01 0.000000000e+00 -7.061078574e-02 0.000000000e+00 0.000000000e+00 1.000000000e+00 0.000000000e+00
9.750319100e-01 -2.220647981e-01 0.000000000e+00 1.689636687e-01 2.220647981e-01 9.750319100e-01 0.000000000e+00 -7.146740259e-02 0.000000000e+00 0.000000000e+00 1.000000000e+00 0.000000000e+00
9.743655116e-01 -2.249707756e-01 0.000000000e+00 1.723908060e-01 2.249707756e-01 9.743655116e-01 0.000000000e+00 -7.242537277e-02 0.000000000e+00 0.000000000e+00 1.000000000e+00 0.000000000e+00
9.734178828e-01 -2.290362972e-01 0.000000000e+00 1.762744538e-01 2.290362972e-01 9.734178828e-01 0.000000000e+00 -7.337343675e-02 0.000000000e+00 0.000000000e+00 1.000000000e+00 0.000000000e+00
9.726550502e-01 -2.322545013e-01 0.000000000e+00 1.829042020e-01 2.322545013e-01 9.726550502e-01 0.000000000e+00 -7.515946955e-02 0.000000000e+00 0.000000000e+00 1.000000000e+00 0.000000000e+00
9.723033587e-01 -2.337224392e-01 0.000000000e+00 1.863230474e-01 2.337224392e-01 9.723033587e-01 0.000000000e+00 -7.606817830e-02 0.000000000e+00 0.000000000e+00 1.000000000e+00 0.000000000e+00
9.720710213e-01 -2.346868757e-01 0.000000000e+00 1.894472000e-01 2.346868757e-01 9.720710213e-01 0.000000000e+00 -7.691070528e-02 0.000000000e+00 0.000000000e+00 1.000000000e+00 0.000000000e+00
9.720717088e-01 -2.346840280e-01 0.000000000e+00 1.927772226e-01 2.346840280e-01 9.720717088e-01 0.000000000e+00 -7.783962696e-02 0.000000000e+00 0.000000000e+00 1.000000000e+00 0.000000000e+00
9.720744587e-01 -2.346726374e-01 0.000000000e+00 1.960212170e-01 2.346726374e-01 9.720744587e-01 0.000000000e+00 -7.870069168e-02 0.000000000e+00 0.000000000e+00 1.000000000e+00 0.000000000e+00
9.720737712e-01 -2.346754850e-01 0.000000000e+00 1.990028146e-01 2.346754850e-01 9.720737712e-01 0.000000000e+00 -7.943181102e-02 0.000000000e+00 0.000000000e+00 1.000000000e+00 0.000000000e+00
9.720737712e-01 -2.346754850e-01 0.000000000e+00 2.022460537e-01 2.346754850e-01 9.720737712e-01 0.000000000e+00 -8.026405326e-02 0.000000000e+00 0.000000000e+00 1.000000000e+00 0.000000000e+00
9.720737712e-01 -2.346754850e-01 0.000000000e+00 2.056069300e-01 2.346754850e-01 9.720737712e-01 0.000000000e+00 -8.112903840e-02 0.000000000e+00 0.000000000e+00 1.000000000e+00 0.000000000e+00
9.720737712e-01 -2.346754850e-01 0.000000000e+00 2.088487838e-01 2.346754850e-01 9.720737712e-01 0.000000000e+00 -8.192524632e-02 0.000000000e+00 0.000000000e+00 1.000000000e+00 0.000000000e+00
9.720737712e-01 -2.346754850e-01 0.000000000e+00 2.121146044e-01 2.346754850e-01 9.720737712e-01 0.000000000e+00 -8.268734484e-02 0.000000000e+00 0.000000000e+00 1.000000000e+00 0.000000000e+00
9.720737712e-01 -2.346754850e-01 0.000000000e+00 2.153977028e-01 2.346754850e-01 9.720737712e-01 0.000000000e+00 -8.341070945e-02 0.000000000e+00 0.000000000e+00 1.000000000e+00 0.000000000e+00
9.720730838e-01 -2.346783327e-01 0.000000000e+00 2.186297811e-01 2.346783327e-01 9.720730838e-01 0.000000000e+00 -8.410290753e-02 0.000000000e+00 0.000000000e+00 1.000000000e+00 0.000000000e+00
9.720737712e-01 -2.346754850e-01 0.000000000e+00 2.219489752e-01 2.346754850e-01 9.720737712e-01 0.000000000e+00 -8.481636315e-02 0.000000000e+00 0.000000000e+00 1.000000000e+00 0.000000000e+00
9.720737712e-01 -2.346754850e-01 0.000000000e+00 2.251345505e-01 2.346754850e-01 9.720737712e-01 0.000000000e+00 -8.551997490e-02 0.000000000e+00 0.000000000e+00 1.000000000e+00 0.000000000e+00
9.720737712e-01 -2.346754850e-01 0.000000000e+00 2.281056410e-01 2.346754850e-01 9.720737712e-01 0.000000000e+00 -8.614409889e-02 0.000000000e+00 0.000000000e+00 1.000000000e+00 0.000000000e+00
9.720737712e-01 -2.346754850e-01 0.000000000e+00 2.310294683e-01 2.346754850e-01 9.720737712e-01 0.000000000e+00 -8.673408239e-02 0.000000000e+00 0.000000000e+00 1.000000000e+00 0.000000000e+00
9.720355096e-01 -2.348339158e-01 0.000000000e+00 2.349172316e-01 2.348339158e-01 9.720355096e-01 0.000000000e+00 -8.743232770e-02 0.000000000e+00 0.000000000e+00 1.000000000e+00 0.000000000e+00
9.718439398e-01 -2.356254584e-01 0.000000000e+00 2.380992330e-01 2.356254584e-01 9.718439398e-01 0.000000000e+00 -8.795661531e-02 0.000000000e+00 0.000000000e+00 1.000000000e+00 0.000000000e+00
9.715160094e-01 -2.369739301e-01 0.000000000e+00 2.415258346e-01 2.369739301e-01 9.715160094e-01 0.000000000e+00 -8.849975515e-02 0.000000000e+00 0.000000000e+00 1.000000000e+00 0.000000000e+00
9.712639057e-01 -2.380050956e-01 0.000000000e+00 2.450566726e-01 2.380050956e-01 9.712639057e-01 0.000000000e+00 -8.907408294e-02 0.000000000e+00 0.000000000e+00 1.000000000e+00 0.000000000e+00
9.705660363e-01 -2.408351495e-01 0.000000000e+00 2.484138623e-01 2.408351495e-01 9.705660363e-01 0.000000000e+00 -8.954092089e-02 0.000000000e+00 0.000000000e+00 1.000000000e+00 0.000000000e+00
9.697201801e-01 -2.442186975e-01 0.000000000e+00 2.521727621e-01 2.442186975e-01 9.697201801e-01 0.000000000e+00 -9.000778260e-02 0.000000000e+00 0.000000000e+00 1.000000000e+00 0.000000000e+00
9.691693236e-01 -2.463956617e-01 0.000000000e+00 2.559545074e-01 2.463956617e-01 9.691693236e-01 0.000000000e+00 -9.049539494e-02 0.000000000e+00 0.000000000e+00 1.000000000e+00 0.000000000e+00
9.682539080e-01 -2.499687373e-01 0.000000000e+00 2.594917478e-01 2.499687373e-01 9.682539080e-01 0.000000000e+00 -9.084263464e-02 0.000000000e+00 0.000000000e+00 1.000000000e+00 0.000000000e+00
9.673378434e-01 -2.534906244e-01 0.000000000e+00 2.628759913e-01 2.534906244e-01 9.673378434e-01 0.000000000e+00 -9.118639497e-02 0.000000000e+00 0.000000000e+00 1.000000000e+00 0.000000000e+00
9.667408731e-01 -2.557578627e-01 0.000000000e+00 2.661548028e-01 2.557578627e-01 9.667408731e-01 0.000000000e+00 -9.157235918e-02 0.000000000e+00 0.000000000e+00 1.000000000e+00 0.000000000e+00
9.657698057e-01 -2.594006214e-01 0.000000000e+00 2.699944827e-01 2.594006214e-01 9.657698057e-01 0.000000000e+00 -9.192977264e-02 0.000000000e+00 0.000000000e+00 1.000000000e+00 0.000000000e+00
9.648079854e-01 -2.629554168e-01 0.000000000e+00 2.738877547e-01 2.629554168e-01 9.648079854e-01 0.000000000e+00 -9.226894619e-02 0.000000000e+00 0.000000000e+00 1.000000000e+00 0.000000000e+00
9.641594784e-01 -2.653233878e-01 0.000000000e+00 2.777947091e-01 2.653233878e-01 9.641594784e-01 0.000000000e+00 -9.262553146e-02 0.000000000e+00 0.000000000e+00 1.000000000e+00 0.000000000e+00
9.631273656e-01 -2.690458652e-01 0.000000000e+00 2.811418379e-01 2.690458652e-01 9.631273656e-01 0.000000000e+00 -9.283182465e-02 0.000000000e+00 0.000000000e+00 1.000000000e+00 0.000000000e+00
9.621030697e-01 -2.726860525e-01 0.000000000e+00 2.847384657e-01 2.726860525e-01 9.621030697e-01 0.000000000e+00 -9.306073009e-02 0.000000000e+00 0.000000000e+00 1.000000000e+00 0.000000000e+00
9.614707013e-01 -2.749074219e-01 0.000000000e+00 2.884928447e-01 2.749074219e-01 9.614707013e-01 0.000000000e+00 -9.335854740e-02 0.000000000e+00 0.000000000e+00 1.000000000e+00 0.000000000e+00
9.604193925e-01 -2.785580559e-01 0.000000000e+00 2.920884924e-01 2.785580559e-01 9.604193925e-01 0.000000000e+00 -9.359671021e-02 0.000000000e+00 0.000000000e+00 1.000000000e+00 0.000000000e+00
9.597325917e-01 -2.809152051e-01 0.000000000e+00 2.955967082e-01 2.809152051e-01 9.597325917e-01 0.000000000e+00 -9.388780446e-02 0.000000000e+00 0.000000000e+00 1.000000000e+00 0.000000000e+00
9.586791581e-01 -2.844894933e-01 0.000000000e+00 2.994517048e-01 2.844894933e-01 9.586791581e-01 0.000000000e+00 -9.402041319e-02 0.000000000e+00 0.000000000e+00 1.000000000e+00 0.000000000e+00
9.575814146e-01 -2.881628608e-01 0.000000000e+00 3.027844885e-01 2.881628608e-01 9.575814146e-01 0.000000000e+00 -9.409970014e-02 0.000000000e+00 0.000000000e+00 1.000000000e+00 0.000000000e+00
9.565052233e-01 -2.917151998e-01 0.000000000e+00 3.061646523e-01 2.917151998e-01 9.565052233e-01 0.000000000e+00 -9.419711055e-02 0.000000000e+00 0.000000000e+00 1.000000000e+00 0.000000000e+00
9.558802153e-01 -2.937567259e-01 0.000000000e+00 3.099314480e-01 2.937567259e-01 9.558802153e-01 0.000000000e+00 -9.437680586e-02 0.000000000e+00 0.000000000e+00 1.000000000e+00 0.000000000e+00
9.547703263e-01 -2.973442855e-01 0.000000000e+00 3.139930001e-01 2.973442855e-01 9.547703263e-01 0.000000000e+00 -9.451719013e-02 0.000000000e+00 0.000000000e+00 1.000000000e+00 0.000000000e+00
9.536784632e-01 -3.008278393e-01 0.000000000e+00 3.175622233e-01 3.008278393e-01 9.536784632e-01 0.000000000e+00 -9.463493450e-02 0.000000000e+00 0.000000000e+00 1.000000000e+00 0.000000000e+00
9.530304566e-01 -3.028744768e-01 0.000000000e+00 3.210353670e-01 3.028744768e-01 9.530304566e-01 0.000000000e+00 -9.476131057e-02 0.000000000e+00 0.000000000e+00 1.000000000e+00 0.000000000e+00
9.519112773e-01 -3.063738243e-01 0.000000000e+00 3.243018825e-01 3.063738243e-01 9.519112773e-01 0.000000000e+00 -9.474904022e-02 0.000000000e+00 0.000000000e+00 1.000000000e+00 0.000000000e+00
9.507981863e-01 -3.098109246e-01 0.000000000e+00 3.279701823e-01 3.098109246e-01 9.507981863e-01 0.000000000e+00 -9.473626214e-02 0.000000000e+00 0.000000000e+00 1.000000000e+00 0.000000000e+00
9.500982575e-01 -3.119507992e-01 0.000000000e+00 3.319254680e-01 3.119507992e-01 9.500982575e-01 0.000000000e+00 -9.476441493e-02 0.000000000e+00 0.000000000e+00 1.000000000e+00 0.000000000e+00
9.489476000e-01 -3.154337529e-01 0.000000000e+00 3.355534698e-01 3.154337529e-01 9.489476000e-01 0.000000000e+00 -9.478999704e-02 0.000000000e+00 0.000000000e+00 1.000000000e+00 0.000000000e+00
9.477981023e-01 -3.188710668e-01 0.000000000e+00 3.392370450e-01 3.188710668e-01 9.477981023e-01 0.000000000e+00 -9.477838307e-02 0.000000000e+00 0.000000000e+00 1.000000000e+00 0.000000000e+00
9.470880410e-01 -3.209738971e-01 0.000000000e+00 3.428046329e-01 3.209738971e-01 9.470880410e-01 0.000000000e+00 -9.474850421e-02 0.000000000e+00 0.000000000e+00 1.000000000e+00 0.000000000e+00
9.458920360e-01 -3.244815192e-01 0.000000000e+00 3.463576793e-01 3.244815192e-01 9.458920360e-01 0.000000000e+00 -9.464117884e-02 0.000000000e+00 0.000000000e+00 1.000000000e+00 0.000000000e+00
9.447040454e-01 -3.279241782e-01 0.000000000e+00 3.500325473e-01 3.279241782e-01 9.447040454e-01 0.000000000e+00 -9.452799439e-02 0.000000000e+00 0.000000000e+00 1.000000000e+00 0.000000000e+00
9.439076106e-01 -3.302096646e-01 0.000000000e+00 3.534831005e-01 3.302096646e-01 9.439076106e-01 0.000000000e+00 -9.445413736e-02 0.000000000e+00 0.000000000e+00 1.000000000e+00 0.000000000e+00
9.426541140e-01 -3.337712112e-01 0.000000000e+00 3.569256858e-01 3.337712112e-01 9.426541140e-01 0.000000000e+00 -9.433409724e-02 0.000000000e+00 0.000000000e+00 1.000000000e+00 0.000000000e+00
9.418347628e-01 -3.360763001e-01 0.000000000e+00 3.607764572e-01 3.360763001e-01 9.418347628e-01 0.000000000e+00 -9.425941377e-02 0.000000000e+00 0.000000000e+00 1.000000000e+00 0.000000000e+00
9.407072414e-01 -3.392195248e-01 0.000000000e+00 3.646100260e-01 3.392195248e-01 9.407072414e-01 0.000000000e+00 -9.409489050e-02 0.000000000e+00 0.000000000e+00 1.000000000e+00 0.000000000e+00
9.394186993e-01 -3.427718007e-01 0.000000000e+00 3.683227085e-01 3.427718007e-01 9.394186993e-01 0.000000000e+00 -9.389553154e-02 0.000000000e+00 0.000000000e+00 1.000000000e+00 0.000000000e+00
9.381601303e-01 -3.462016317e-01 0.000000000e+00 3.729008595e-01 3.462016317e-01 9.381601303e-01 0.000000000e+00 -9.364278065e-02 0.000000000e+00 0.000000000e+00 1.000000000e+00 0.000000000e+00
9.369815123e-01 -3.493789427e-01 0.000000000e+00 3.767136529e-01 3.493789427e-01 9.369815123e-01 0.000000000e+00 -9.342000417e-02 0.000000000e+00 0.000000000e+00 1.000000000e+00 0.000000000e+00
9.358054653e-01 -3.525168523e-01 0.000000000e+00 3.802893614e-01 3.525168523e-01 9.358054653e-01 0.000000000e+00 -9.320456699e-02 0.000000000e+00 0.000000000e+00 1.000000000e+00 0.000000000e+00
9.338460154e-01 -3.576752991e-01 0.000000000e+00 3.872381442e-01 3.576752991e-01 9.338460154e-01 0.000000000e+00 -9.278575552e-02 0.000000000e+00 0.000000000e+00 1.000000000e+00 0.000000000e+00
9.329629396e-01 -3.599724340e-01 0.000000000e+00 3.899480210e-01 3.599724340e-01 9.329629396e-01 0.000000000e+00 -9.258043912e-02 0.000000000e+00 0.000000000e+00 1.000000000e+00 0.000000000e+00
9.327596501e-01 -3.604988699e-01 0.000000000e+00 3.934699491e-01 3.604988699e-01 9.327596501e-01 0.000000000e+00 -9.234761625e-02 0.000000000e+00 0.000000000e+00 1.000000000e+00 0.000000000e+00
9.322311913e-01 -3.618632421e-01 0.000000000e+00 3.971812626e-01 3.618632421e-01 9.322311913e-01 0.000000000e+00 -9.204801063e-02 0.000000000e+00 0.000000000e+00 1.000000000e+00 0.000000000e+00
9.317239992e-01 -3.631671645e-01 0.000000000e+00 4.000668352e-01 3.631671645e-01 9.317239992e-01 0.000000000e+00 -9.183054747e-02 0.000000000e+00 0.000000000e+00 1.000000000e+00 0.000000000e+00
9.314479897e-01 -3.638744872e-01 0.000000000e+00 4.032072930e-01 3.638744872e-01 9.314479897e-01 0.000000000e+00 -9.162038199e-02 0.000000000e+00 0.000000000e+00 1.000000000e+00 0.000000000e+00
9.309931647e-01 -3.650366109e-01 0.000000000e+00 4.073439044e-01 3.650366109e-01 9.309931647e-01 0.000000000e+00 -9.135649032e-02 0.000000000e+00 0.000000000e+00 1.000000000e+00 0.000000000e+00
9.304783144e-01 -3.663469754e-01 0.000000000e+00 4.106181952e-01 3.663469754e-01 9.304783144e-01 0.000000000e+00 -9.103211556e-02 0.000000000e+00 0.000000000e+00 1.000000000e+00 0.000000000e+00
9.301817568e-01 -3.670993044e-01 0.000000000e+00 4.138387516e-01 3.670993044e-01 9.301817568e-01 0.000000000e+00 -9.068956625e-02 0.000000000e+00 0.000000000e+00 1.000000000e+00 0.000000000e+00
9.296811721e-01 -3.683651968e-01 0.000000000e+00 4.171576325e-01 3.683651968e-01 9.296811721e-01 0.000000000e+00 -9.035010915e-02 0.000000000e+00 0.000000000e+00 1.000000000e+00 0.000000000e+00
9.291766497e-01 -3.696359744e-01 0.000000000e+00 4.203837968e-01 3.696359744e-01 9.291766497e-01 0.000000000e+00 -9.001867097e-02 0.000000000e+00 0.000000000e+00 1.000000000e+00 0.000000000e+00
9.288472952e-01 -3.704628216e-01 0.000000000e+00 4.243885476e-01 3.704628216e-01 9.288472952e-01 0.000000000e+00 -8.963022762e-02 0.000000000e+00 0.000000000e+00 1.000000000e+00 0.000000000e+00
9.283496566e-01 -3.717081046e-01 0.000000000e+00 4.279642983e-01 3.717081046e-01 9.283496566e-01 0.000000000e+00 -8.925060685e-02 0.000000000e+00 0.000000000e+00 1.000000000e+00 0.000000000e+00
9.278199525e-01 -3.730283310e-01 0.000000000e+00 4.310315651e-01 3.730283310e-01 9.278199525e-01 0.000000000e+00 -8.890049076e-02 0.000000000e+00 0.000000000e+00 1.000000000e+00 0.000000000e+00
9.274081566e-01 -3.740509472e-01 0.000000000e+00 4.345905809e-01 3.740509472e-01 9.274081566e-01 0.000000000e+00 -8.844406215e-02 0.000000000e+00 0.000000000e+00 1.000000000e+00 0.000000000e+00
9.266030172e-01 -3.760410196e-01 0.000000000e+00 4.380835794e-01 3.760410196e-01 9.266030172e-01 0.000000000e+00 -8.798237353e-02 0.000000000e+00 0.000000000e+00 1.000000000e+00 0.000000000e+00
9.251887278e-01 -3.795073359e-01 0.000000000e+00 4.412421025e-01 3.795073359e-01 9.251887278e-01 0.000000000e+00 -8.752815860e-02 0.000000000e+00 0.000000000e+00 1.000000000e+00 0.000000000e+00
9.242964256e-01 -3.816754087e-01 0.000000000e+00 4.446709763e-01 3.816754087e-01 9.242964256e-01 0.000000000e+00 -8.706288576e-02 0.000000000e+00 0.000000000e+00 1.000000000e+00 0.000000000e+00
9.224875892e-01 -3.860267449e-01 0.000000000e+00 4.486652488e-01 3.860267449e-01 9.224875892e-01 0.000000000e+00 -8.644948934e-02 0.000000000e+00 0.000000000e+00 1.000000000e+00 0.000000000e+00
9.204002422e-01 -3.909774855e-01 0.000000000e+00 4.525184402e-01 3.909774855e-01 9.204002422e-01 0.000000000e+00 -8.576735537e-02 0.000000000e+00 0.000000000e+00 1.000000000e+00 0.000000000e+00
9.189805426e-01 -3.943028815e-01 0.000000000e+00 4.563841701e-01 3.943028815e-01 9.189805426e-01 0.000000000e+00 -8.512966285e-02 0.000000000e+00 0.000000000e+00 1.000000000e+00 0.000000000e+00
9.167361483e-01 -3.994932220e-01 0.000000000e+00 4.604674605e-01 3.994932220e-01 9.167361483e-01 0.000000000e+00 -8.440616305e-02 0.000000000e+00 0.000000000e+00 1.000000000e+00 0.000000000e+00
9.142845842e-01 -4.050724615e-01 0.000000000e+00 4.640882012e-01 4.050724615e-01 9.142845842e-01 0.000000000e+00 -8.367525272e-02 0.000000000e+00 0.000000000e+00 1.000000000e+00 0.000000000e+00
9.126309396e-01 -4.087845009e-01 0.000000000e+00 4.677274025e-01 4.087845009e-01 9.126309396e-01 0.000000000e+00 -8.300171150e-02 0.000000000e+00 0.000000000e+00 1.000000000e+00 0.000000000e+00
9.102613724e-01 -4.140340975e-01 0.000000000e+00 4.716800997e-01 4.140340975e-01 9.102613724e-01 0.000000000e+00 -8.225438273e-02 0.000000000e+00 0.000000000e+00 1.000000000e+00 0.000000000e+00
9.077347795e-01 -4.195444793e-01 0.000000000e+00 4.764017107e-01 4.195444793e-01 9.077347795e-01 0.000000000e+00 -8.136594679e-02 0.000000000e+00 0.000000000e+00 1.000000000e+00 0.000000000e+00
9.052056723e-01 -4.249737530e-01 0.000000000e+00 4.792341374e-01 4.249737530e-01 9.052056723e-01 0.000000000e+00 -8.075795818e-02 0.000000000e+00 0.000000000e+00 1.000000000e+00 0.000000000e+00
9.034775081e-01 -4.286355005e-01 0.000000000e+00 4.830287236e-01 4.286355005e-01 9.034775081e-01 0.000000000e+00 -7.994629147e-02 0.000000000e+00 0.000000000e+00 1.000000000e+00 0.000000000e+00
9.009521042e-01 -4.339185476e-01 0.000000000e+00 4.867283972e-01 4.339185476e-01 9.009521042e-01 0.000000000e+00 -7.911352860e-02 0.000000000e+00 0.000000000e+00 1.000000000e+00 0.000000000e+00
8.992322667e-01 -4.374715197e-01 0.000000000e+00 4.903648601e-01 4.374715197e-01 8.992322667e-01 0.000000000e+00 -7.836017428e-02 0.000000000e+00 0.000000000e+00 1.000000000e+00 0.000000000e+00
8.966165778e-01 -4.428077602e-01 0.000000000e+00 4.944151959e-01 4.428077602e-01 8.966165778e-01 0.000000000e+00 -7.749981164e-02 0.000000000e+00 0.000000000e+00 1.000000000e+00 0.000000000e+00
8.939483367e-01 -4.481700251e-01 0.000000000e+00 4.980795815e-01 4.481700251e-01 8.939483367e-01 0.000000000e+00 -7.669467502e-02 0.000000000e+00 0.000000000e+00 1.000000000e+00 0.000000000e+00
8.924060900e-01 -4.512331666e-01 0.000000000e+00 5.015530522e-01 4.512331666e-01 8.924060900e-01 0.000000000e+00 -7.589723951e-02 0.000000000e+00 0.000000000e+00 1.000000000e+00 0.000000000e+00
8.902459345e-01 -4.554801600e-01 0.000000000e+00 5.056248183e-01 4.554801600e-01 8.902459345e-01 0.000000000e+00 -7.495547066e-02 0.000000000e+00 0.000000000e+00 1.000000000e+00 0.000000000e+00
8.879412074e-01 -4.599569678e-01 0.000000000e+00 5.089246227e-01 4.599569678e-01 8.879412074e-01 0.000000000e+00 -7.416769962e-02 0.000000000e+00 0.000000000e+00 1.000000000e+00 0.000000000e+00
8.864904724e-01 -4.627468447e-01 0.000000000e+00 5.125264957e-01 4.627468447e-01 8.864904724e-01 0.000000000e+00 -7.332234513e-02 0.000000000e+00 0.000000000e+00 1.000000000e+00 0.000000000e+00
8.844547865e-01 -4.666259000e-01 0.000000000e+00 5.163424928e-01 4.666259000e-01 8.844547865e-01 0.000000000e+00 -7.239681775e-02 0.000000000e+00 0.000000000e+00 1.000000000e+00 0.000000000e+00
8.827809377e-01 -4.697848615e-01 0.000000000e+00 5.194154209e-01 4.697848615e-01 8.827809377e-01 0.000000000e+00 -7.169008019e-02 0.000000000e+00 0.000000000e+00 1.000000000e+00 0.000000000e+00
8.817813734e-01 -4.716583611e-01 0.000000000e+00 5.227324149e-01 4.716583611e-01 8.817813734e-01 0.000000000e+00 -7.094831562e-02 0.000000000e+00 0.000000000e+00 1.000000000e+00 0.000000000e+00
8.802538181e-01 -4.745031250e-01 0.000000000e+00 5.268240234e-01 4.745031250e-01 8.802538181e-01 0.000000000e+00 -6.994572173e-02 0.000000000e+00 0.000000000e+00 1.000000000e+00 0.000000000e+00
8.788753700e-01 -4.770514479e-01 0.000000000e+00 5.301593493e-01 4.770514479e-01 8.788753700e-01 0.000000000e+00 -6.906839667e-02 0.000000000e+00 0.000000000e+00 1.000000000e+00 0.000000000e+00
8.781194234e-01 -4.784415097e-01 0.000000000e+00 5.335321319e-01 4.784415097e-01 8.781194234e-01 0.000000000e+00 -6.822128236e-02 0.000000000e+00 0.000000000e+00 1.000000000e+00 0.000000000e+00
8.768890022e-01 -4.806929142e-01 0.000000000e+00 5.371839139e-01 4.806929142e-01 8.768890022e-01 0.000000000e+00 -6.730377271e-02 0.000000000e+00 0.000000000e+00 1.000000000e+00 0.000000000e+00
8.757764433e-01 -4.827169163e-01 0.000000000e+00 5.404673673e-01 4.827169163e-01 8.757764433e-01 0.000000000e+00 -6.647827601e-02 0.000000000e+00 0.000000000e+00 1.000000000e+00 0.000000000e+00
8.751339860e-01 -4.838806739e-01 0.000000000e+00 5.438108185e-01 4.838806739e-01 8.751339860e-01 0.000000000e+00 -6.566624493e-02 0.000000000e+00 0.000000000e+00 1.000000000e+00 0.000000000e+00
8.740733941e-01 -4.857938882e-01 0.000000000e+00 5.475684020e-01 4.857938882e-01 8.740733941e-01 0.000000000e+00 -6.466934288e-02 0.000000000e+00 0.000000000e+00 1.000000000e+00 0.000000000e+00
8.721589642e-01 -4.892225885e-01 0.000000000e+00 5.541540748e-01 4.892225885e-01 8.721589642e-01 0.000000000e+00 -6.288081786e-02 0.000000000e+00 0.000000000e+00 1.000000000e+00 0.000000000e+00
8.710023833e-01 -4.912787888e-01 0.000000000e+00 5.577226731e-01 4.912787888e-01 8.710023833e-01 0.000000000e+00 -6.189661526e-02 0.000000000e+00 0.000000000e+00 1.000000000e+00 0.000000000e+00
8.690304693e-01 -4.947585708e-01 0.000000000e+00 5.642622333e-01 4.947585708e-01 8.690304693e-01 0.000000000e+00 -6.013203175e-02 0.000000000e+00 0.000000000e+00 1.000000000e+00 0.000000000e+00
8.678825345e-01 -4.967694700e-01 0.000000000e+00 5.678137425e-01 4.967694700e-01 8.678825345e-01 0.000000000e+00 -5.914125814e-02 0.000000000e+00 0.000000000e+00 1.000000000e+00 0.000000000e+00
8.666733542e-01 -4.988760337e-01 0.000000000e+00 5.712551594e-01 4.988760337e-01 8.666733542e-01 0.000000000e+00 -5.812474072e-02 0.000000000e+00 0.000000000e+00 1.000000000e+00 0.000000000e+00
8.658872192e-01 -5.002392663e-01 0.000000000e+00 5.745737231e-01 5.002392663e-01 8.658872192e-01 0.000000000e+00 -5.712263180e-02 0.000000000e+00 0.000000000e+00 1.000000000e+00 0.000000000e+00
8.634454357e-01 -5.044422461e-01 0.000000000e+00 5.810164510e-01 5.044422461e-01 8.634454357e-01 0.000000000e+00 -5.513876365e-02 0.000000000e+00 0.000000000e+00 1.000000000e+00 0.000000000e+00
8.626858354e-01 -5.057401996e-01 0.000000000e+00 5.844562553e-01 5.057401996e-01 8.626858354e-01 0.000000000e+00 -5.412141800e-02 0.000000000e+00 0.000000000e+00 1.000000000e+00 0.000000000e+00
8.602352082e-01 -5.098974275e-01 0.000000000e+00 5.911739833e-01 5.098974275e-01 8.602352082e-01 0.000000000e+00 -5.204053717e-02 0.000000000e+00 0.000000000e+00 1.000000000e+00 0.000000000e+00
8.594599199e-01 -5.112031359e-01 0.000000000e+00 5.947191632e-01 5.112031359e-01 8.594599199e-01 0.000000000e+00 -5.092016363e-02 0.000000000e+00 0.000000000e+00 1.000000000e+00 0.000000000e+00
8.582336812e-01 -5.132591435e-01 0.000000000e+00 5.982649141e-01 5.132591435e-01 8.582336812e-01 0.000000000e+00 -4.976129816e-02 0.000000000e+00 0.000000000e+00 1.000000000e+00 0.000000000e+00
8.569799480e-01 -5.153497537e-01 0.000000000e+00 6.013623478e-01 5.153497537e-01 8.569799480e-01 0.000000000e+00 -4.873979408e-02 0.000000000e+00 0.000000000e+00 1.000000000e+00 0.000000000e+00
8.561663873e-01 -5.167002199e-01 0.000000000e+00 6.044107045e-01 5.167002199e-01 8.561663873e-01 0.000000000e+00 -4.775476736e-02 0.000000000e+00 0.000000000e+00 1.000000000e+00 0.000000000e+00
8.549133904e-01 -5.187707537e-01 0.000000000e+00 6.084084212e-01 5.187707537e-01 8.549133904e-01 0.000000000e+00 -4.645338419e-02 0.000000000e+00 0.000000000e+00 1.000000000e+00 0.000000000e+00
8.536629456e-01 -5.208258589e-01 0.000000000e+00 6.118436458e-01 5.208258589e-01 8.536629456e-01 0.000000000e+00 -4.530953909e-02 0.000000000e+00 0.000000000e+00 1.000000000e+00 0.000000000e+00
8.528680801e-01 -5.221264578e-01 0.000000000e+00 6.150551155e-01 5.221264578e-01 8.528680801e-01 0.000000000e+00 -4.421634537e-02 0.000000000e+00 0.000000000e+00 1.000000000e+00 0.000000000e+00
8.515516308e-01 -5.242707507e-01 0.000000000e+00 6.185561028e-01 5.242707507e-01 8.515516308e-01 0.000000000e+00 -4.298848197e-02 0.000000000e+00 0.000000000e+00 1.000000000e+00 0.000000000e+00
8.502649766e-01 -5.263548893e-01 0.000000000e+00 6.216541540e-01 5.263548893e-01 8.502649766e-01 0.000000000e+00 -4.188976109e-02 0.000000000e+00 0.000000000e+00 1.000000000e+00 0.000000000e+00
8.494540288e-01 -5.276626317e-01 0.000000000e+00 6.250442376e-01 5.276626317e-01 8.494540288e-01 0.000000000e+00 -4.071434974e-02 0.000000000e+00 0.000000000e+00 1.000000000e+00 0.000000000e+00
8.478491899e-01 -5.302374480e-01 0.000000000e+00 6.286553023e-01 5.302374480e-01 8.478491899e-01 0.000000000e+00 -3.942782138e-02 0.000000000e+00 0.000000000e+00 1.000000000e+00 0.000000000e+00
8.457774855e-01 -5.335357954e-01 0.000000000e+00 6.315540767e-01 5.335357954e-01 8.457774855e-01 0.000000000e+00 -3.835800663e-02 0.000000000e+00 0.000000000e+00 1.000000000e+00 0.000000000e+00
8.444448332e-01 -5.356425335e-01 0.000000000e+00 6.347563640e-01 5.356425335e-01 8.444448332e-01 0.000000000e+00 -3.719316559e-02 0.000000000e+00 0.000000000e+00 1.000000000e+00 0.000000000e+00
8.423411221e-01 -5.389447412e-01 0.000000000e+00 6.383608974e-01 5.389447412e-01 8.423411221e-01 0.000000000e+00 -3.582546752e-02 0.000000000e+00 0.000000000e+00 1.000000000e+00 0.000000000e+00
8.401156702e-01 -5.424072831e-01 0.000000000e+00 6.420252985e-01 5.424072831e-01 8.401156702e-01 0.000000000e+00 -3.440773920e-02 0.000000000e+00 0.000000000e+00 1.000000000e+00 0.000000000e+00
8.386483752e-01 -5.446732073e-01 0.000000000e+00 6.456231084e-01 5.446732073e-01 8.386483752e-01 0.000000000e+00 -3.304458541e-02 0.000000000e+00 0.000000000e+00 1.000000000e+00 0.000000000e+00
8.364631607e-01 -5.480231572e-01 0.000000000e+00 6.492698193e-01 5.480231572e-01 8.364631607e-01 0.000000000e+00 -3.163127834e-02 0.000000000e+00 0.000000000e+00 1.000000000e+00 0.000000000e+00
8.342501012e-01 -5.513862245e-01 0.000000000e+00 6.538445131e-01 5.513862245e-01 8.342501012e-01 0.000000000e+00 -2.988001528e-02 0.000000000e+00 0.000000000e+00 1.000000000e+00 0.000000000e+00
8.313726136e-01 -5.557153744e-01 0.000000000e+00 6.566030838e-01 5.557153744e-01 8.313726136e-01 0.000000000e+00 -2.874629889e-02 0.000000000e+00 0.000000000e+00 1.000000000e+00 0.000000000e+00
8.298759632e-01 -5.579479238e-01 0.000000000e+00 6.605573794e-01 5.579479238e-01 8.298759632e-01 0.000000000e+00 -2.722939088e-02 0.000000000e+00 0.000000000e+00 1.000000000e+00 0.000000000e+00
8.277226159e-01 -5.611374797e-01 0.000000000e+00 6.634403225e-01 5.611374797e-01 8.277226159e-01 0.000000000e+00 -2.601414362e-02 0.000000000e+00 0.000000000e+00 1.000000000e+00 0.000000000e+00
8.262244577e-01 -5.633410561e-01 0.000000000e+00 6.662304748e-01 5.633410561e-01 8.262244577e-01 0.000000000e+00 -2.484806960e-02 0.000000000e+00 0.000000000e+00 1.000000000e+00 0.000000000e+00
8.248882546e-01 -5.652958229e-01 0.000000000e+00 6.698180737e-01 5.652958229e-01 8.248882546e-01 0.000000000e+00 -2.340279955e-02 0.000000000e+00 0.000000000e+00 1.000000000e+00 0.000000000e+00
8.229744628e-01 -5.680783692e-01 0.000000000e+00 6.731598919e-01 5.680783692e-01 8.229744628e-01 0.000000000e+00 -2.202954480e-02 0.000000000e+00 0.000000000e+00 1.000000000e+00 0.000000000e+00
8.220810731e-01 -5.693704500e-01 0.000000000e+00 6.763214228e-01 5.693704500e-01 8.220810731e-01 0.000000000e+00 -2.077015557e-02 0.000000000e+00 0.000000000e+00 1.000000000e+00 0.000000000e+00
8.207655221e-01 -5.712652254e-01 0.000000000e+00 6.795363546e-01 5.712652254e-01 8.207655221e-01 0.000000000e+00 -1.946419823e-02 0.000000000e+00 0.000000000e+00 1.000000000e+00 0.000000000e+00
8.195522857e-01 -5.730044075e-01 0.000000000e+00 6.823102945e-01 5.730044075e-01 8.195522857e-01 0.000000000e+00 -1.832952405e-02 0.000000000e+00 0.000000000e+00 1.000000000e+00 0.000000000e+00
8.189884893e-01 -5.738099462e-01 0.000000000e+00 6.857772156e-01 5.738099462e-01 8.189884893e-01 0.000000000e+00 -1.687411170e-02 0.000000000e+00 0.000000000e+00 1.000000000e+00 0.000000000e+00
8.182768133e-01 -5.748243705e-01 0.000000000e+00 6.889606285e-01 5.748243705e-01 8.182768133e-01 0.000000000e+00 -1.551801818e-02 0.000000000e+00 0.000000000e+00 1.000000000e+00 0.000000000e+00
8.180844927e-01 -5.750980462e-01 0.000000000e+00 6.917937478e-01 5.750980462e-01 8.180844927e-01 0.000000000e+00 -1.434777702e-02 0.000000000e+00 0.000000000e+00 1.000000000e+00 0.000000000e+00
8.180828080e-01 -5.751004427e-01 0.000000000e+00 6.948406042e-01 5.751004427e-01 8.180828080e-01 0.000000000e+00 -1.309789102e-02 0.000000000e+00 0.000000000e+00 1.000000000e+00 0.000000000e+00
8.180844927e-01 -5.750980462e-01 0.000000000e+00 6.982756964e-01 5.750980462e-01 8.180844927e-01 0.000000000e+00 -1.168892508e-02 0.000000000e+00 0.000000000e+00 1.000000000e+00 0.000000000e+00
8.180861775e-01 -5.750956496e-01 0.000000000e+00 7.013677147e-01 5.750956496e-01 8.180861775e-01 0.000000000e+00 -1.042059825e-02 0.000000000e+00 0.000000000e+00 1.000000000e+00 0.000000000e+00
8.180861775e-01 -5.750956496e-01 0.000000000e+00 7.043993933e-01 5.750956496e-01 8.180861775e-01 0.000000000e+00 -9.148413642e-03 0.000000000e+00 0.000000000e+00 1.000000000e+00 0.000000000e+00
8.180861775e-01 -5.750956496e-01 0.000000000e+00 7.074923201e-01 5.750956496e-01 8.180861775e-01 0.000000000e+00 -7.804227939e-03 0.000000000e+00 0.000000000e+00 1.000000000e+00 0.000000000e+00
8.180861775e-01 -5.750956496e-01 0.000000000e+00 7.105948198e-01 5.750956496e-01 8.180861775e-01 0.000000000e+00 -6.434232475e-03 0.000000000e+00 0.000000000e+00 1.000000000e+00 0.000000000e+00
8.180861775e-01 -5.750956496e-01 0.000000000e+00 7.137189428e-01 5.750956496e-01 8.180861775e-01 0.000000000e+00 -5.051529953e-03 0.000000000e+00 0.000000000e+00 1.000000000e+00 0.000000000e+00
8.180861775e-01 -5.750956496e-01 0.000000000e+00 7.167091358e-01 5.750956496e-01 8.180861775e-01 0.000000000e+00 -3.751306684e-03 0.000000000e+00 0.000000000e+00 1.000000000e+00 0.000000000e+00
8.180861775e-01 -5.750956496e-01 0.000000000e+00 7.197517942e-01 5.750956496e-01 8.180861775e-01 0.000000000e+00 -2.419256959e-03 0.000000000e+00 0.000000000e+00 1.000000000e+00 0.000000000e+00
8.180861775e-01 -5.750956496e-01 0.000000000e+00 7.229004007e-01 5.750956496e-01 8.180861775e-01 0.000000000e+00 -1.031506539e-03 0.000000000e+00 0.000000000e+00 1.000000000e+00 0.000000000e+00
8.180861775e-01 -5.750956496e-01 0.000000000e+00 7.259916613e-01 5.750956496e-01 8.180861775e-01 0.000000000e+00 3.777774493e-04 0.000000000e+00 0.000000000e+00 1.000000000e+00 0.000000000e+00
8.180861775e-01 -5.750956496e-01 0.000000000e+00 7.289461447e-01 5.750956496e-01 8.180861775e-01 0.000000000e+00 1.739829465e-03 0.000000000e+00 0.000000000e+00 1.000000000e+00 0.000000000e+00
8.180861775e-01 -5.750956496e-01 0.000000000e+00 7.318043784e-01 5.750956496e-01 8.180861775e-01 0.000000000e+00 3.079205073e-03 0.000000000e+00 0.000000000e+00 1.000000000e+00 0.000000000e+00
8.180861775e-01 -5.750956496e-01 0.000000000e+00 7.348302896e-01 5.750956496e-01 8.180861775e-01 0.000000000e+00 4.465111168e-03 0.000000000e+00 0.000000000e+00 1.000000000e+00 0.000000000e+00
8.180861775e-01 -5.750956496e-01 0.000000000e+00 7.378297183e-01 5.750956496e-01 8.180861775e-01 0.000000000e+00 5.814341341e-03 0.000000000e+00 0.000000000e+00 1.000000000e+00 0.000000000e+00
8.180861775e-01 -5.750956496e-01 0.000000000e+00 7.408554373e-01 5.750956496e-01 8.180861775e-01 0.000000000e+00 7.181541722e-03 0.000000000e+00 0.000000000e+00 1.000000000e+00 0.000000000e+00
8.180861775e-01 -5.750956496e-01 0.000000000e+00 7.439555181e-01 5.750956496e-01 8.180861775e-01 0.000000000e+00 8.616852345e-03 0.000000000e+00 0.000000000e+00 1.000000000e+00 0.000000000e+00
8.180861775e-01 -5.750956496e-01 0.000000000e+00 7.469894660e-01 5.750956496e-01 8.180861775e-01 0.000000000e+00 1.010817472e-02 0.000000000e+00 0.000000000e+00 1.000000000e+00 0.000000000e+00
8.180861775e-01 -5.750956496e-01 0.000000000e+00 7.498125050e-01 5.750956496e-01 8.180861775e-01 0.000000000e+00 1.148170465e-02 0.000000000e+00 0.000000000e+00 1.000000000e+00 0.000000000e+00
8.180861775e-01 -5.750956496e-01 0.000000000e+00 7.526487047e-01 5.750956496e-01 8.180861775e-01 0.000000000e+00 1.285246221e-02 0.000000000e+00 0.000000000e+00 1.000000000e+00 0.000000000e+00
8.180861775e-01 -5.750956496e-01 0.000000000e+00 7.554679939e-01 5.750956496e-01 8.180861775e-01 0.000000000e+00 1.419397726e-02 0.000000000e+00 0.000000000e+00 1.000000000e+00 0.000000000e+00
8.180861775e-01 -5.750956496e-01 0.000000000e+00 7.584490613e-01 5.750956496e-01 8.180861775e-01 0.000000000e+00 1.561421411e-02 0.000000000e+00 0.000000000e+00 1.000000000e+00 0.000000000e+00
8.180058385e-01 -5.752099166e-01 0.000000000e+00 7.621639739e-01 5.752099166e-01 8.180058385e-01 0.000000000e+00 1.744518145e-02 0.000000000e+00 0.000000000e+00 1.000000000e+00 0.000000000e+00
8.176811036e-01 -5.756714452e-01 0.000000000e+00 7.650476815e-01 5.756714452e-01 8.176811036e-01 0.000000000e+00 1.890116131e-02 0.000000000e+00 0.000000000e+00 1.000000000e+00 0.000000000e+00
8.172236737e-01 -5.763206288e-01 0.000000000e+00 7.680231384e-01 5.763206288e-01 8.172236737e-01 0.000000000e+00 2.041832390e-02 0.000000000e+00 0.000000000e+00 1.000000000e+00 0.000000000e+00
8.164938198e-01 -5.773541740e-01 0.000000000e+00 7.714062871e-01 5.773541740e-01 8.164938198e-01 0.000000000e+00 2.215546733e-02 0.000000000e+00 0.000000000e+00 1.000000000e+00 0.000000000e+00
8.149761031e-01 -5.794945655e-01 0.000000000e+00 7.742980403e-01 5.794945655e-01 8.149761031e-01 0.000000000e+00 2.365612858e-02 0.000000000e+00 0.000000000e+00 1.000000000e+00 0.000000000e+00
8.139178278e-01 -5.809800079e-01 0.000000000e+00 7.770386384e-01 5.809800079e-01 8.139178278e-01 0.000000000e+00 2.505364233e-02 0.000000000e+00 0.000000000e+00 1.000000000e+00 0.000000000e+00
8.119375282e-01 -5.837443364e-01 0.000000000e+00 7.807419955e-01 5.837443364e-01 8.119375282e-01 0.000000000e+00 2.700084636e-02 0.000000000e+00 0.000000000e+00 1.000000000e+00 0.000000000e+00
8.097771629e-01 -5.867375447e-01 0.000000000e+00 7.838824132e-01 5.867375447e-01 8.097771629e-01 0.000000000e+00 2.868783043e-02 0.000000000e+00 0.000000000e+00 1.000000000e+00 0.000000000e+00
8.084472127e-01 -5.885686912e-01 0.000000000e+00 7.871046656e-01 5.885686912e-01 8.084472127e-01 0.000000000e+00 3.041342502e-02 0.000000000e+00 0.000000000e+00 1.000000000e+00 0.000000000e+00
8.063930280e-01 -5.913799830e-01 0.000000000e+00 7.906971251e-01 5.913799830e-01 8.063930280e-01 0.000000000e+00 3.236731146e-02 0.000000000e+00 0.000000000e+00 1.000000000e+00 0.000000000e+00
8.041664449e-01 -5.944041797e-01 0.000000000e+00 7.936552233e-01 5.944041797e-01 8.041664449e-01 0.000000000e+00 3.400116469e-02 0.000000000e+00 0.000000000e+00 1.000000000e+00 0.000000000e+00
8.026266707e-01 -5.964817076e-01 0.000000000e+00 7.968283319e-01 5.964817076e-01 8.026266707e-01 0.000000000e+00 3.573093714e-02 0.000000000e+00 0.000000000e+00 1.000000000e+00 0.000000000e+00
8.001385342e-01 -5.998152433e-01 0.000000000e+00 8.002575790e-01 5.998152433e-01 8.001385342e-01 0.000000000e+00 3.762527556e-02 0.000000000e+00 0.000000000e+00 1.000000000e+00 0.000000000e+00
7.972082850e-01 -6.037043567e-01 0.000000000e+00 8.032748422e-01 6.037043567e-01 7.972082850e-01 0.000000000e+00 3.931579242e-02 0.000000000e+00 0.000000000e+00 1.000000000e+00 0.000000000e+00
7.952954072e-01 -6.062220842e-01 0.000000000e+00 8.064688865e-01 6.062220842e-01 7.952954072e-01 0.000000000e+00 4.107613143e-02 0.000000000e+00 0.000000000e+00 1.000000000e+00 0.000000000e+00
7.923428726e-01 -6.100760381e-01 0.000000000e+00 8.100529573e-01 6.100760381e-01 7.923428726e-01 0.000000000e+00 4.308153905e-02 0.000000000e+00 0.000000000e+00 1.000000000e+00 0.000000000e+00
7.891840958e-01 -6.141567088e-01 0.000000000e+00 8.131282775e-01 6.141567088e-01 7.891840958e-01 0.000000000e+00 4.490346094e-02 0.000000000e+00 0.000000000e+00 1.000000000e+00 0.000000000e+00
7.873709646e-01 -6.164794921e-01 0.000000000e+00 8.162434440e-01 6.164794921e-01 7.873709646e-01 0.000000000e+00 4.670440811e-02 0.000000000e+00 0.000000000e+00 1.000000000e+00 0.000000000e+00
7.849169460e-01 -6.196009909e-01 0.000000000e+00 8.196757819e-01 6.196009909e-01 7.849169460e-01 0.000000000e+00 4.868348420e-02 0.000000000e+00 0.000000000e+00 1.000000000e+00 0.000000000e+00
7.827222043e-01 -6.223712324e-01 0.000000000e+00 8.226666492e-01 6.223712324e-01 7.827222043e-01 0.000000000e+00 5.041086024e-02 0.000000000e+00 0.000000000e+00 1.000000000e+00 0.000000000e+00
7.814624165e-01 -6.239523152e-01 0.000000000e+00 8.256918737e-01 6.239523152e-01 7.814624165e-01 0.000000000e+00 5.212988346e-02 0.000000000e+00 0.000000000e+00 1.000000000e+00 0.000000000e+00
7.793926635e-01 -6.265357740e-01 0.000000000e+00 8.291152296e-01 6.265357740e-01 7.793926635e-01 0.000000000e+00 5.411327961e-02 0.000000000e+00 0.000000000e+00 1.000000000e+00 0.000000000e+00
7.776107504e-01 -6.287459908e-01 0.000000000e+00 8.319233771e-01 6.287459908e-01 7.776107504e-01 0.000000000e+00 5.575366113e-02 0.000000000e+00 0.000000000e+00 1.000000000e+00 0.000000000e+00
7.772667854e-01 -6.291711566e-01 0.000000000e+00 8.346210488e-01 6.291711566e-01 7.772667854e-01 0.000000000e+00 5.730473857e-02 0.000000000e+00 0.000000000e+00 1.000000000e+00 0.000000000e+00
7.770360890e-01 -6.294560480e-01 0.000000000e+00 8.381206081e-01 6.294560480e-01 7.770360890e-01 0.000000000e+00 5.934779232e-02 0.000000000e+00 0.000000000e+00 1.000000000e+00 0.000000000e+00
7.769463968e-01 -6.295667530e-01 0.000000000e+00 8.408371049e-01 6.295667530e-01 7.769463968e-01 0.000000000e+00 6.094476063e-02 0.000000000e+00 0.000000000e+00 1.000000000e+00 0.000000000e+00
7.769079165e-01 -6.296142385e-01 0.000000000e+00 8.434038583e-01 6.296142385e-01 7.769079165e-01 0.000000000e+00 6.241173531e-02 0.000000000e+00 0.000000000e+00 1.000000000e+00 0.000000000e+00
7.768584496e-01 -6.296752729e-01 0.000000000e+00 8.461783374e-01 6.296752729e-01 7.768584496e-01 0.000000000e+00 6.400464744e-02 0.000000000e+00 0.000000000e+00 1.000000000e+00 0.000000000e+00
7.768658280e-01 -6.296661697e-01 0.000000000e+00 8.492931560e-01 6.296661697e-01 7.768658280e-01 0.000000000e+00 6.581155035e-02 0.000000000e+00 0.000000000e+00 1.000000000e+00 0.000000000e+00
7.768658280e-01 -6.296661697e-01 0.000000000e+00 8.523286237e-01 6.296661697e-01 7.768658280e-01 0.000000000e+00 6.762793000e-02 0.000000000e+00 0.000000000e+00 1.000000000e+00 0.000000000e+00
7.768675887e-01 -6.296639974e-01 0.000000000e+00 8.552515344e-01 6.296639974e-01 7.768675887e-01 0.000000000e+00 6.939455934e-02 0.000000000e+00 0.000000000e+00 1.000000000e+00 0.000000000e+00
7.768639834e-01 -6.296684455e-01 0.000000000e+00 8.577623197e-01 6.296684455e-01 7.768639834e-01 0.000000000e+00 7.093102849e-02 0.000000000e+00 0.000000000e+00 1.000000000e+00 0.000000000e+00
7.768658280e-01 -6.296661697e-01 0.000000000e+00 8.604661606e-01 6.296661697e-01 7.768658280e-01 0.000000000e+00 7.257814392e-02 0.000000000e+00 0.000000000e+00 1.000000000e+00 0.000000000e+00
7.768327919e-01 -6.297069266e-01 0.000000000e+00 8.637758030e-01 6.297069266e-01 7.768327919e-01 0.000000000e+00 7.457775547e-02 0.000000000e+00 0.000000000e+00 1.000000000e+00 0.000000000e+00
7.767174006e-01 -6.298492516e-01 0.000000000e+00 8.664768182e-01 6.298492516e-01 7.767174006e-01 0.000000000e+00 7.621150062e-02 0.000000000e+00 0.000000000e+00 1.000000000e+00 0.000000000e+00
7.763783715e-01 -6.302671055e-01 0.000000000e+00 8.694159277e-01 6.302671055e-01 7.763783715e-01 0.000000000e+00 7.800766283e-02 0.000000000e+00 0.000000000e+00 1.000000000e+00 0.000000000e+00
7.741533193e-01 -6.329981345e-01 0.000000000e+00 8.754085703e-01 6.329981345e-01 7.741533193e-01 0.000000000e+00 8.181024479e-02 0.000000000e+00 0.000000000e+00 1.000000000e+00 0.000000000e+00
7.731967709e-01 -6.341661876e-01 0.000000000e+00 8.782842721e-01 6.341661876e-01 7.731967709e-01 0.000000000e+00 8.366220240e-02 0.000000000e+00 0.000000000e+00 1.000000000e+00 0.000000000e+00
7.711784539e-01 -6.366190323e-01 0.000000000e+00 8.816036548e-01 6.366190323e-01 7.711784539e-01 0.000000000e+00 8.574797197e-02 0.000000000e+00 0.000000000e+00 1.000000000e+00 0.000000000e+00
7.679705825e-01 -6.404851165e-01 0.000000000e+00 8.874052926e-01 6.404851165e-01 7.679705825e-01 0.000000000e+00 8.947240975e-02 0.000000000e+00 0.000000000e+00 1.000000000e+00 0.000000000e+00
7.658817075e-01 -6.429815006e-01 0.000000000e+00 8.907128204e-01 6.429815006e-01 7.658817075e-01 0.000000000e+00 9.163514343e-02 0.000000000e+00 0.000000000e+00 1.000000000e+00 0.000000000e+00
7.639236807e-01 -6.453066016e-01 0.000000000e+00 8.936650094e-01 6.453066016e-01 7.639236807e-01 0.000000000e+00 9.357154465e-02 0.000000000e+00 0.000000000e+00 1.000000000e+00 0.000000000e+00
7.626420264e-01 -6.468207940e-01 0.000000000e+00 8.972459088e-01 6.468207940e-01 7.626420264e-01 0.000000000e+00 9.590971957e-02 0.000000000e+00 0.000000000e+00 1.000000000e+00 0.000000000e+00
7.601168767e-01 -6.497863755e-01 0.000000000e+00 9.004797134e-01 6.497863755e-01 7.601168767e-01 0.000000000e+00 9.808888756e-02 0.000000000e+00 0.000000000e+00 1.000000000e+00 0.000000000e+00
7.579256745e-01 -6.523409170e-01 0.000000000e+00 9.041399812e-01 6.523409170e-01 7.579256745e-01 0.000000000e+00 1.005508572e-01 0.000000000e+00 0.000000000e+00 1.000000000e+00 0.000000000e+00
7.556419911e-01 -6.549848710e-01 0.000000000e+00 9.065188897e-01 6.549848710e-01 7.556419911e-01 0.000000000e+00 1.021588975e-01 0.000000000e+00 0.000000000e+00 1.000000000e+00 0.000000000e+00
7.522174754e-01 -6.589149184e-01 0.000000000e+00 9.113351825e-01 6.589149184e-01 7.522174754e-01 0.000000000e+00 1.054034685e-01 0.000000000e+00 0.000000000e+00 1.000000000e+00 0.000000000e+00
7.505187106e-01 -6.608491999e-01 0.000000000e+00 9.142364709e-01 6.608491999e-01 7.505187106e-01 0.000000000e+00 1.073708518e-01 0.000000000e+00 0.000000000e+00 1.000000000e+00 0.000000000e+00
7.479660578e-01 -6.637369783e-01 0.000000000e+00 9.178839239e-01 6.637369783e-01 7.479660578e-01 0.000000000e+00 1.099013950e-01 0.000000000e+00 0.000000000e+00 1.000000000e+00 0.000000000e+00
7.454061993e-01 -6.666105295e-01 0.000000000e+00 9.208242467e-01 6.666105295e-01 7.454061993e-01 0.000000000e+00 1.119545372e-01 0.000000000e+00 0.000000000e+00 1.000000000e+00 0.000000000e+00
7.438004234e-01 -6.684017730e-01 0.000000000e+00 9.237700990e-01 6.684017730e-01 7.438004234e-01 0.000000000e+00 1.139844498e-01 0.000000000e+00 0.000000000e+00 1.000000000e+00 0.000000000e+00
7.415427315e-01 -6.709056397e-01 0.000000000e+00 9.268138001e-01 6.709056397e-01 7.415427315e-01 0.000000000e+00 1.160786089e-01 0.000000000e+00 0.000000000e+00 1.000000000e+00 0.000000000e+00
7.395918952e-01 -6.730555909e-01 0.000000000e+00 9.294387007e-01 6.730555909e-01 7.395918952e-01 0.000000000e+00 1.179078162e-01 0.000000000e+00 0.000000000e+00 1.000000000e+00 0.000000000e+00
7.383357124e-01 -6.744333739e-01 0.000000000e+00 9.321348388e-01 6.744333739e-01 7.383357124e-01 0.000000000e+00 1.197845513e-01 0.000000000e+00 0.000000000e+00 1.000000000e+00 0.000000000e+00
7.368310631e-01 -6.760769072e-01 0.000000000e+00 9.353534991e-01 6.760769072e-01 7.368310631e-01 0.000000000e+00 1.220631149e-01 0.000000000e+00 0.000000000e+00 1.000000000e+00 0.000000000e+00
7.354055933e-01 -6.776271934e-01 0.000000000e+00 9.382342422e-01 6.776271934e-01 7.354055933e-01 0.000000000e+00 1.241176218e-01 0.000000000e+00 0.000000000e+00 1.000000000e+00 0.000000000e+00
7.348751679e-01 -6.782023943e-01 0.000000000e+00 9.410669809e-01 6.782023943e-01 7.348751679e-01 0.000000000e+00 1.261191449e-01 0.000000000e+00 0.000000000e+00 1.000000000e+00 0.000000000e+00
7.342731558e-01 -6.788541321e-01 0.000000000e+00 9.440408354e-01 6.788541321e-01 7.342731558e-01 0.000000000e+00 1.282368990e-01 0.000000000e+00 0.000000000e+00 1.000000000e+00 0.000000000e+00
7.339689937e-01 -6.791829771e-01 0.000000000e+00 9.465634626e-01 6.791829771e-01 7.339689937e-01 0.000000000e+00 1.300354406e-01 0.000000000e+00 0.000000000e+00 1.000000000e+00 0.000000000e+00
7.339116529e-01 -6.792449379e-01 0.000000000e+00 9.493574187e-01 6.792449379e-01 7.339116529e-01 0.000000000e+00 1.319556452e-01 0.000000000e+00 0.000000000e+00 1.000000000e+00 0.000000000e+00
7.338562970e-01 -6.793047441e-01 0.000000000e+00 9.521919715e-01 6.793047441e-01 7.338562970e-01 0.000000000e+00 1.339446092e-01 0.000000000e+00 0.000000000e+00 1.000000000e+00 0.000000000e+00
7.338582870e-01 -6.793025943e-01 0.000000000e+00 9.548047207e-01 6.793025943e-01 7.338582870e-01 0.000000000e+00 1.358395631e-01 0.000000000e+00 0.000000000e+00 1.000000000e+00 0.000000000e+00
7.338602770e-01 -6.793004445e-01 0.000000000e+00 9.575886029e-01 6.793004445e-01 7.338602770e-01 0.000000000e+00 1.378626722e-01 0.000000000e+00 0.000000000e+00 1.000000000e+00 0.000000000e+00
7.338602770e-01 -6.793004445e-01 0.000000000e+00 9.604332395e-01 6.793004445e-01 7.338602770e-01 0.000000000e+00 1.399316114e-01 0.000000000e+00 0.000000000e+00 1.000000000e+00 0.000000000e+00
7.338602770e-01 -6.793004445e-01 0.000000000e+00 9.629949159e-01 6.793004445e-01 7.338602770e-01 0.000000000e+00 1.417954190e-01 0.000000000e+00 0.000000000e+00 1.000000000e+00 0.000000000e+00
7.338602770e-01 -6.793004445e-01 0.000000000e+00 9.654569063e-01 6.793004445e-01 7.338602770e-01 0.000000000e+00 1.435863904e-01 0.000000000e+00 0.000000000e+00 1.000000000e+00 0.000000000e+00
7.338622670e-01 -6.792982947e-01 0.000000000e+00 9.681303296e-01 6.792982947e-01 7.338622670e-01 0.000000000e+00 1.455306927e-01 0.000000000e+00 0.000000000e+00 1.000000000e+00 0.000000000e+00
7.338602770e-01 -6.793004445e-01 0.000000000e+00 9.706932466e-01 6.793004445e-01 7.338602770e-01 0.000000000e+00 1.474087949e-01 0.000000000e+00 0.000000000e+00 1.000000000e+00 0.000000000e+00
7.338010266e-01 -6.793644481e-01 0.000000000e+00 9.736938261e-01 6.793644481e-01 7.338010266e-01 0.000000000e+00 1.496248314e-01 0.000000000e+00 0.000000000e+00 1.000000000e+00 0.000000000e+00
7.335104833e-01 -6.796781377e-01 0.000000000e+00 9.765648055e-01 6.796781377e-01 7.335104833e-01 0.000000000e+00 1.517934143e-01 0.000000000e+00 0.000000000e+00 1.000000000e+00 0.000000000e+00
7.325824906e-01 -6.806782606e-01 0.000000000e+00 9.790899965e-01 6.806782606e-01 7.325824906e-01 0.000000000e+00 1.537024700e-01 0.000000000e+00 0.000000000e+00 1.000000000e+00 0.000000000e+00
7.316631190e-01 -6.816663996e-01 0.000000000e+00 9.819012604e-01 6.816663996e-01 7.316631190e-01 0.000000000e+00 1.558163592e-01 0.000000000e+00 0.000000000e+00 1.000000000e+00 0.000000000e+00
7.300609313e-01 -6.833820576e-01 0.000000000e+00 9.846600405e-01 6.833820576e-01 7.300609313e-01 0.000000000e+00 1.579551341e-01 0.000000000e+00 0.000000000e+00 1.000000000e+00 0.000000000e+00
7.280520155e-01 -6.855218908e-01 0.000000000e+00 9.871205875e-01 6.855218908e-01 7.280520155e-01 0.000000000e+00 1.598803845e-01 0.000000000e+00 0.000000000e+00 1.000000000e+00 0.000000000e+00
7.265626672e-01 -6.871002042e-01 0.000000000e+00 9.899263835e-01 6.871002042e-01 7.265626672e-01 0.000000000e+00 1.619895624e-01 0.000000000e+00 0.000000000e+00 1.000000000e+00 0.000000000e+00
7.243583568e-01 -6.894236513e-01 0.000000000e+00 9.930994433e-01 6.894236513e-01 7.243583568e-01 0.000000000e+00 1.644340130e-01 0.000000000e+00 0.000000000e+00 1.000000000e+00 0.000000000e+00
7.217400991e-01 -6.921641636e-01 0.000000000e+00 9.961147970e-01 6.921641636e-01 7.217400991e-01 0.000000000e+00 1.668301481e-01 0.000000000e+00 0.000000000e+00 1.000000000e+00 0.000000000e+00
7.200143361e-01 -6.939591889e-01 0.000000000e+00 9.989369680e-01 6.939591889e-01 7.200143361e-01 0.000000000e+00 1.690795402e-01 0.000000000e+00 0.000000000e+00 1.000000000e+00 0.000000000e+00
7.174275282e-01 -6.966331472e-01 0.000000000e+00 1.002018722e+00 6.966331472e-01 7.174275282e-01 0.000000000e+00 1.715442322e-01 0.000000000e+00 0.000000000e+00 1.000000000e+00 0.000000000e+00
7.145235276e-01 -6.996114125e-01 0.000000000e+00 1.004905628e+00 6.996114125e-01 7.145235276e-01 0.000000000e+00 1.738526705e-01 0.000000000e+00 0.000000000e+00 1.000000000e+00 0.000000000e+00
7.125895306e-01 -7.015811862e-01 0.000000000e+00 1.007573233e+00 7.015811862e-01 7.125895306e-01 0.000000000e+00 1.759599150e-01 0.000000000e+00 0.000000000e+00 1.000000000e+00 0.000000000e+00
7.096219271e-01 -7.045826571e-01 0.000000000e+00 1.010579641e+00 7.045826571e-01 7.096219271e-01 0.000000000e+00 1.783457605e-01 0.000000000e+00 0.000000000e+00 1.000000000e+00 0.000000000e+00
7.066623149e-01 -7.075509683e-01 0.000000000e+00 1.013287431e+00 7.075509683e-01 7.066623149e-01 0.000000000e+00 1.805829453e-01 0.000000000e+00 0.000000000e+00 1.000000000e+00 0.000000000e+00
7.047518720e-01 -7.094538737e-01 0.000000000e+00 1.016279285e+00 7.094538737e-01 7.047518720e-01 0.000000000e+00 1.830255287e-01 0.000000000e+00 0.000000000e+00 1.000000000e+00 0.000000000e+00
7.018029033e-01 -7.123711708e-01 0.000000000e+00 1.019315735e+00 7.123711708e-01 7.018029033e-01 0.000000000e+00 1.855129521e-01 0.000000000e+00 0.000000000e+00 1.000000000e+00 0.000000000e+00
6.987587052e-01 -7.153574435e-01 0.000000000e+00 1.022074564e+00 7.153574435e-01 6.987587052e-01 0.000000000e+00 1.878095171e-01 0.000000000e+00 0.000000000e+00 1.000000000e+00 0.000000000e+00
6.967291499e-01 -7.173342956e-01 0.000000000e+00 1.024893702e+00 7.173342956e-01 6.967291499e-01 0.000000000e+00 1.901385537e-01 0.000000000e+00 0.000000000e+00 1.000000000e+00 0.000000000e+00
6.938271564e-01 -7.201415674e-01 0.000000000e+00 1.027596514e+00 7.201415674e-01 6.938271564e-01 0.000000000e+00 1.923635487e-01 0.000000000e+00 0.000000000e+00 1.000000000e+00 0.000000000e+00
6.908088196e-01 -7.230374643e-01 0.000000000e+00 1.030107471e+00 7.230374643e-01 6.908088196e-01 0.000000000e+00 1.944555550e-01 0.000000000e+00 0.000000000e+00 1.000000000e+00 0.000000000e+00
6.888165199e-01 -7.249357226e-01 0.000000000e+00 1.032945281e+00 7.249357226e-01 6.888165199e-01 0.000000000e+00 1.968400270e-01 0.000000000e+00 0.000000000e+00 1.000000000e+00 0.000000000e+00
6.859305070e-01 -7.276670527e-01 0.000000000e+00 1.036160749e+00 7.276670527e-01 6.859305070e-01 0.000000000e+00 1.995702505e-01 0.000000000e+00 0.000000000e+00 1.000000000e+00 0.000000000e+00
6.828870840e-01 -7.305239425e-01 0.000000000e+00 1.039034597e+00 7.305239425e-01 6.828870840e-01 0.000000000e+00 2.020294393e-01 0.000000000e+00 0.000000000e+00 1.000000000e+00 0.000000000e+00
6.809317504e-01 -7.323468791e-01 0.000000000e+00 1.041765886e+00 7.323468791e-01 6.809317504e-01 0.000000000e+00 2.043481693e-01 0.000000000e+00 0.000000000e+00 1.000000000e+00 0.000000000e+00
6.780036269e-01 -7.350585568e-01 0.000000000e+00 1.044602700e+00 7.350585568e-01 6.780036269e-01 0.000000000e+00 2.067783368e-01 0.000000000e+00 0.000000000e+00 1.000000000e+00 0.000000000e+00
6.755087187e-01 -7.373519993e-01 0.000000000e+00 1.047508462e+00 7.373519993e-01 6.755087187e-01 0.000000000e+00 2.092574598e-01 0.000000000e+00 0.000000000e+00 1.000000000e+00 0.000000000e+00
6.730340230e-01 -7.396115223e-01 0.000000000e+00 1.050022953e+00 7.396115223e-01 6.730340230e-01 0.000000000e+00 2.114170470e-01 0.000000000e+00 0.000000000e+00 1.000000000e+00 0.000000000e+00
6.715848043e-01 -7.409276960e-01 0.000000000e+00 1.053049475e+00 7.409276960e-01 6.715848043e-01 0.000000000e+00 2.140018711e-01 0.000000000e+00 0.000000000e+00 1.000000000e+00 0.000000000e+00
6.690484690e-01 -7.432187740e-01 0.000000000e+00 1.055663369e+00 7.432187740e-01 6.690484690e-01 0.000000000e+00 2.163072948e-01 0.000000000e+00 0.000000000e+00 1.000000000e+00 0.000000000e+00
6.675337016e-01 -7.445795842e-01 0.000000000e+00 1.058206841e+00 7.445795842e-01 6.675337016e-01 0.000000000e+00 2.185304348e-01 0.000000000e+00 0.000000000e+00 1.000000000e+00 0.000000000e+00
6.650109637e-01 -7.468335947e-01 0.000000000e+00 1.060983218e+00 7.468335947e-01 6.650109637e-01 0.000000000e+00 2.209785369e-01 0.000000000e+00 0.000000000e+00 1.000000000e+00 0.000000000e+00
6.625394630e-01 -7.490270089e-01 0.000000000e+00 1.063394407e+00 7.490270089e-01 6.625394630e-01 0.000000000e+00 2.230992686e-01 0.000000000e+00 0.000000000e+00 1.000000000e+00 0.000000000e+00
6.608470013e-01 -7.505206466e-01 0.000000000e+00 1.066117426e+00 7.505206466e-01 6.608470013e-01 0.000000000e+00 2.254701279e-01 0.000000000e+00 0.000000000e+00 1.000000000e+00 0.000000000e+00
6.584705770e-01 -7.526064704e-01 0.000000000e+00 1.069269297e+00 7.526064704e-01 6.584705770e-01 0.000000000e+00 2.282618763e-01 0.000000000e+00 0.000000000e+00 1.000000000e+00 0.000000000e+00
6.559558138e-01 -7.547992914e-01 0.000000000e+00 1.071938996e+00 7.547992914e-01 6.559558138e-01 0.000000000e+00 2.306678555e-01 0.000000000e+00 0.000000000e+00 1.000000000e+00 0.000000000e+00
6.546242757e-01 -7.559544018e-01 0.000000000e+00 1.074602602e+00 7.559544018e-01 6.546242757e-01 0.000000000e+00 2.330517885e-01 0.000000000e+00 0.000000000e+00 1.000000000e+00 0.000000000e+00
6.529448402e-01 -7.574054632e-01 0.000000000e+00 1.077334049e+00 7.574054632e-01 6.529448402e-01 0.000000000e+00 2.355037681e-01 0.000000000e+00 0.000000000e+00 1.000000000e+00 0.000000000e+00
6.511937765e-01 -7.589115004e-01 0.000000000e+00 1.079882400e+00 7.589115004e-01 6.511937765e-01 0.000000000e+00 2.378085528e-01 0.000000000e+00 0.000000000e+00 1.000000000e+00 0.000000000e+00
6.501179974e-01 -7.598332642e-01 0.000000000e+00 1.082557943e+00 7.598332642e-01 6.501179974e-01 0.000000000e+00 2.402265918e-01 0.000000000e+00 0.000000000e+00 1.000000000e+00 0.000000000e+00
6.484875402e-01 -7.612252691e-01 0.000000000e+00 1.085235324e+00 7.612252691e-01 6.484875402e-01 0.000000000e+00 2.426490744e-01 0.000000000e+00 0.000000000e+00 1.000000000e+00 0.000000000e+00
6.466544366e-01 -7.627830882e-01 0.000000000e+00 1.087735259e+00 7.627830882e-01 6.466544366e-01 0.000000000e+00 2.449215003e-01 0.000000000e+00 0.000000000e+00 1.000000000e+00 0.000000000e+00
6.455088035e-01 -7.637528295e-01 0.000000000e+00 1.090288940e+00 7.637528295e-01 6.455088035e-01 0.000000000e+00 2.472592032e-01 0.000000000e+00 0.000000000e+00 1.000000000e+00 0.000000000e+00
6.438031156e-01 -7.651911841e-01 0.000000000e+00 1.093065120e+00 7.651911841e-01 6.438031156e-01 0.000000000e+00 2.498221427e-01 0.000000000e+00 0.000000000e+00 1.000000000e+00 0.000000000e+00
6.419649773e-01 -7.667339616e-01 0.000000000e+00 1.095501173e+00 7.667339616e-01 6.419649773e-01 0.000000000e+00 2.520873670e-01 0.000000000e+00 0.000000000e+00 1.000000000e+00 0.000000000e+00
6.408580907e-01 -7.676593695e-01 0.000000000e+00 1.098029475e+00 7.676593695e-01 6.408580907e-01 0.000000000e+00 2.544443187e-01 0.000000000e+00 0.000000000e+00 1.000000000e+00 0.000000000e+00
6.388729885e-01 -7.693122283e-01 0.000000000e+00 1.100767560e+00 7.693122283e-01 6.388729885e-01 0.000000000e+00 2.570164595e-01 0.000000000e+00 0.000000000e+00 1.000000000e+00 0.000000000e+00
6.368836234e-01 -7.709599537e-01 0.000000000e+00 1.103266339e+00 7.709599537e-01 6.368836234e-01 0.000000000e+00 2.593590629e-01 0.000000000e+00 0.000000000e+00 1.000000000e+00 0.000000000e+00
6.355348339e-01 -7.720721954e-01 0.000000000e+00 1.105895225e+00 7.720721954e-01 6.355348339e-01 0.000000000e+00 2.618256792e-01 0.000000000e+00 0.000000000e+00 1.000000000e+00 0.000000000e+00
6.336284939e-01 -7.736374679e-01 0.000000000e+00 1.108685384e+00 7.736374679e-01 6.336284939e-01 0.000000000e+00 2.644701841e-01 0.000000000e+00 0.000000000e+00 1.000000000e+00 0.000000000e+00
6.316234313e-01 -7.752753324e-01 0.000000000e+00 1.111034176e+00 7.752753324e-01 6.316234313e-01 0.000000000e+00 2.667302871e-01 0.000000000e+00 0.000000000e+00 1.000000000e+00 0.000000000e+00
6.303551821e-01 -7.763068622e-01 0.000000000e+00 1.113524105e+00 7.763068622e-01 6.303551821e-01 0.000000000e+00 2.691147188e-01 0.000000000e+00 0.000000000e+00 1.000000000e+00 0.000000000e+00
6.284881288e-01 -7.778191769e-01 0.000000000e+00 1.116842580e+00 7.778191769e-01 6.284881288e-01 0.000000000e+00 2.723217390e-01 0.000000000e+00 0.000000000e+00 1.000000000e+00 0.000000000e+00
6.263385674e-01 -7.795511523e-01 0.000000000e+00 1.119435460e+00 7.795511523e-01 6.263385674e-01 0.000000000e+00 2.748194257e-01 0.000000000e+00 0.000000000e+00 1.000000000e+00 0.000000000e+00
6.242000459e-01 -7.812645536e-01 0.000000000e+00 1.122008672e+00 7.812645536e-01 6.242000459e-01 0.000000000e+00 2.772982489e-01 0.000000000e+00 0.000000000e+00 1.000000000e+00 0.000000000e+00
6.205617781e-01 -7.841575604e-01 0.000000000e+00 1.126314494e+00 7.841575604e-01 6.205617781e-01 0.000000000e+00 2.814829174e-01 0.000000000e+00 0.000000000e+00 1.000000000e+00 0.000000000e+00
6.190733486e-01 -7.853331708e-01 0.000000000e+00 1.128658247e+00 7.853331708e-01 6.190733486e-01 0.000000000e+00 2.838224825e-01 0.000000000e+00 0.000000000e+00 1.000000000e+00 0.000000000e+00
6.165779365e-01 -7.872938766e-01 0.000000000e+00 1.131217409e+00 7.872938766e-01 6.165779365e-01 0.000000000e+00 2.863916972e-01 0.000000000e+00 0.000000000e+00 1.000000000e+00 0.000000000e+00
6.137089427e-01 -7.895323512e-01 0.000000000e+00 1.133616032e+00 7.895323512e-01 6.137089427e-01 0.000000000e+00 2.888093278e-01 0.000000000e+00 0.000000000e+00 1.000000000e+00 0.000000000e+00
6.117939399e-01 -7.910171775e-01 0.000000000e+00 1.136432970e+00 7.910171775e-01 6.117939399e-01 0.000000000e+00 2.916146493e-01 0.000000000e+00 0.000000000e+00 1.000000000e+00 0.000000000e+00
6.087867826e-01 -7.933338851e-01 0.000000000e+00 1.139435200e+00 7.933338851e-01 6.087867826e-01 0.000000000e+00 2.946290972e-01 0.000000000e+00 0.000000000e+00 1.000000000e+00 0.000000000e+00
6.055717617e-01 -7.957907021e-01 0.000000000e+00 1.141849554e+00 7.957907021e-01 6.055717617e-01 0.000000000e+00 2.970747415e-01 0.000000000e+00 0.000000000e+00 1.000000000e+00 0.000000000e+00
6.034678174e-01 -7.973873546e-01 0.000000000e+00 1.144227390e+00 7.973873546e-01 6.034678174e-01 0.000000000e+00 2.994994545e-01 0.000000000e+00 0.000000000e+00 1.000000000e+00 0.000000000e+00
6.000037045e-01 -7.999972216e-01 0.000000000e+00 1.146710420e+00 7.999972216e-01 6.000037045e-01 0.000000000e+00 3.020754418e-01 0.000000000e+00 0.000000000e+00 1.000000000e+00 0.000000000e+00
5.963602894e-01 -8.027168898e-01 0.000000000e+00 1.149577950e+00 8.027168898e-01 5.963602894e-01 0.000000000e+00 3.050659371e-01 0.000000000e+00 0.000000000e+00 1.000000000e+00 0.000000000e+00
5.938987460e-01 -8.045397936e-01 0.000000000e+00 1.152251165e+00 8.045397936e-01 5.938987460e-01 0.000000000e+00 3.078326562e-01 0.000000000e+00 0.000000000e+00 1.000000000e+00 0.000000000e+00
5.905423328e-01 -8.070066624e-01 0.000000000e+00 1.154836371e+00 8.070066624e-01 5.905423328e-01 0.000000000e+00 3.105349431e-01 0.000000000e+00 0.000000000e+00 1.000000000e+00 0.000000000e+00
5.870342490e-01 -8.095620980e-01 0.000000000e+00 1.157338293e+00 8.095620980e-01 5.870342490e-01 0.000000000e+00 3.131591041e-01 0.000000000e+00 0.000000000e+00 1.000000000e+00 0.000000000e+00
5.847806928e-01 -8.111914332e-01 0.000000000e+00 1.159876496e+00 8.111914332e-01 5.847806928e-01 0.000000000e+00 3.157981638e-01 0.000000000e+00 0.000000000e+00 1.000000000e+00 0.000000000e+00
5.776130138e-01 -8.163107290e-01 0.000000000e+00 1.165084346e+00 8.163107290e-01 5.776130138e-01 0.000000000e+00 3.213695426e-01 0.000000000e+00 0.000000000e+00 1.000000000e+00 0.000000000e+00
5.752979239e-01 -8.179439460e-01 0.000000000e+00 1.167609268e+00 8.179439460e-01 5.752979239e-01 0.000000000e+00 3.240689464e-01 0.000000000e+00 0.000000000e+00 1.000000000e+00 0.000000000e+00
5.677743397e-01 -8.231842437e-01 0.000000000e+00 1.172224072e+00 8.231842437e-01 5.677743397e-01 0.000000000e+00 3.290838657e-01 0.000000000e+00 0.000000000e+00 1.000000000e+00 0.000000000e+00
5.653341567e-01 -8.248619832e-01 0.000000000e+00 1.174976164e+00 8.248619832e-01 5.653341567e-01 0.000000000e+00 3.320409805e-01 0.000000000e+00 0.000000000e+00 1.000000000e+00 0.000000000e+00
5.615467605e-01 -8.274450047e-01 0.000000000e+00 1.177833136e+00 8.274450047e-01 5.615467605e-01 0.000000000e+00 3.351582697e-01 0.000000000e+00 0.000000000e+00 1.000000000e+00 0.000000000e+00
5.578295676e-01 -8.299555250e-01 0.000000000e+00 1.180287038e+00 8.299555250e-01 5.578295676e-01 0.000000000e+00 3.378576781e-01 0.000000000e+00 0.000000000e+00 1.000000000e+00 0.000000000e+00
5.556137440e-01 -8.314405376e-01 0.000000000e+00 1.182677872e+00 8.314405376e-01 5.556137440e-01 0.000000000e+00 3.405022125e-01 0.000000000e+00 0.000000000e+00 1.000000000e+00 0.000000000e+00
5.523129059e-01 -8.336368837e-01 0.000000000e+00 1.185203352e+00 8.336368837e-01 5.523129059e-01 0.000000000e+00 3.433238603e-01 0.000000000e+00 0.000000000e+00 1.000000000e+00 0.000000000e+00
5.495624150e-01 -8.354526630e-01 0.000000000e+00 1.187479030e+00 8.354526630e-01 5.495624150e-01 0.000000000e+00 3.458613479e-01 0.000000000e+00 0.000000000e+00 1.000000000e+00 0.000000000e+00
5.478552938e-01 -8.365731152e-01 0.000000000e+00 1.189889352e+00 8.365731152e-01 5.478552938e-01 0.000000000e+00 3.485082199e-01 0.000000000e+00 0.000000000e+00 1.000000000e+00 0.000000000e+00
5.452585750e-01 -8.382679085e-01 0.000000000e+00 1.192438557e+00 8.382679085e-01 5.452585750e-01 0.000000000e+00 3.513341791e-01 0.000000000e+00 0.000000000e+00 1.000000000e+00 0.000000000e+00
5.427127592e-01 -8.399183657e-01 0.000000000e+00 1.194831617e+00 8.399183657e-01 5.427127592e-01 0.000000000e+00 3.540111140e-01 0.000000000e+00 0.000000000e+00 1.000000000e+00 0.000000000e+00
5.413829511e-01 -8.407761297e-01 0.000000000e+00 1.197089562e+00 8.407761297e-01 5.413829511e-01 0.000000000e+00 3.565301398e-01 0.000000000e+00 0.000000000e+00 1.000000000e+00 0.000000000e+00
5.396771958e-01 -8.418720356e-01 0.000000000e+00 1.199216158e+00 8.418720356e-01 5.396771958e-01 0.000000000e+00 3.589465313e-01 0.000000000e+00 0.000000000e+00 1.000000000e+00 0.000000000e+00
5.381334300e-01 -8.428596630e-01 0.000000000e+00 1.201313167e+00 8.428596630e-01 5.381334300e-01 0.000000000e+00 3.613350889e-01 0.000000000e+00 0.000000000e+00 1.000000000e+00 0.000000000e+00
5.374418903e-01 -8.433007853e-01 0.000000000e+00 1.204140501e+00 8.433007853e-01 5.374418903e-01 0.000000000e+00 3.645204361e-01 0.000000000e+00 0.000000000e+00 1.000000000e+00 0.000000000e+00
5.366762848e-01 -8.437882230e-01 0.000000000e+00 1.206575350e+00 8.437882230e-01 5.366762848e-01 0.000000000e+00 3.672617557e-01 0.000000000e+00 0.000000000e+00 1.000000000e+00 0.000000000e+00
5.363080392e-01 -8.440223262e-01 0.000000000e+00 1.208405247e+00 8.440223262e-01 5.363080392e-01 0.000000000e+00 3.693158997e-01 0.000000000e+00 0.000000000e+00 1.000000000e+00 0.000000000e+00
5.361779995e-01 -8.441049419e-01 0.000000000e+00 1.210468319e+00 8.441049419e-01 5.361779995e-01 0.000000000e+00 3.716234013e-01 0.000000000e+00 0.000000000e+00 1.000000000e+00 0.000000000e+00
5.359717306e-01 -8.442359291e-01 0.000000000e+00 1.212931505e+00 8.442359291e-01 5.359717306e-01 0.000000000e+00 3.744429141e-01 0.000000000e+00 0.000000000e+00 1.000000000e+00 0.000000000e+00
5.357752115e-01 -8.443606591e-01 0.000000000e+00 1.215135492e+00 8.443606591e-01 5.357752115e-01 0.000000000e+00 3.769876734e-01 0.000000000e+00 0.000000000e+00 1.000000000e+00 0.000000000e+00
5.356229680e-01 -8.444572436e-01 0.000000000e+00 1.217448003e+00 8.444572436e-01 5.356229680e-01 0.000000000e+00 3.796623889e-01 0.000000000e+00 0.000000000e+00 1.000000000e+00 0.000000000e+00
5.354141388e-01 -8.445896636e-01 0.000000000e+00 1.219690931e+00 8.445896636e-01 5.354141388e-01 0.000000000e+00 3.822549940e-01 0.000000000e+00 0.000000000e+00 1.000000000e+00 0.000000000e+00
5.351905418e-01 -8.447313679e-01 0.000000000e+00 1.221716239e+00 8.447313679e-01 5.351905418e-01 0.000000000e+00 3.845955309e-01 0.000000000e+00 0.000000000e+00 1.000000000e+00 0.000000000e+00
5.350209070e-01 -8.448388184e-01 0.000000000e+00 1.223999446e+00 8.448388184e-01 5.350209070e-01 0.000000000e+00 3.872426262e-01 0.000000000e+00 0.000000000e+00 1.000000000e+00 0.000000000e+00
5.347210686e-01 -8.450286261e-01 0.000000000e+00 1.226220745e+00 8.450286261e-01 5.347210686e-01 0.000000000e+00 3.898401951e-01 0.000000000e+00 0.000000000e+00 1.000000000e+00 0.000000000e+00
5.342170984e-01 -8.453473202e-01 0.000000000e+00 1.228050225e+00 8.453473202e-01 5.342170984e-01 0.000000000e+00 3.920153989e-01 0.000000000e+00 0.000000000e+00 1.000000000e+00 0.000000000e+00
5.335111309e-01 -8.457930439e-01 0.000000000e+00 1.230219625e+00 8.457930439e-01 5.335111309e-01 0.000000000e+00 3.946156249e-01 0.000000000e+00 0.000000000e+00 1.000000000e+00 0.000000000e+00
5.321597497e-01 -8.466439634e-01 0.000000000e+00 1.232783066e+00 8.466439634e-01 5.321597497e-01 0.000000000e+00 3.977191338e-01 0.000000000e+00 0.000000000e+00 1.000000000e+00 0.000000000e+00
5.298501527e-01 -8.480912779e-01 0.000000000e+00 1.235004178e+00 8.480912779e-01 5.298501527e-01 0.000000000e+00 4.004316019e-01 0.000000000e+00 0.000000000e+00 1.000000000e+00 0.000000000e+00
5.281814894e-01 -8.491315059e-01 0.000000000e+00 1.237281987e+00 8.491315059e-01 5.281814894e-01 0.000000000e+00 4.031971715e-01 0.000000000e+00 0.000000000e+00 1.000000000e+00 0.000000000e+00
5.256844656e-01 -8.506796357e-01 0.000000000e+00 1.239671257e+00 8.506796357e-01 5.256844656e-01 0.000000000e+00 4.061195621e-01 0.000000000e+00 0.000000000e+00 1.000000000e+00 0.000000000e+00
5.231705349e-01 -8.522280161e-01 0.000000000e+00 1.241791316e+00 8.522280161e-01 5.231705349e-01 0.000000000e+00 4.087579988e-01 0.000000000e+00 0.000000000e+00 1.000000000e+00 0.000000000e+00
5.215434003e-01 -8.532247544e-01 0.000000000e+00 1.243971894e+00 8.532247544e-01 5.215434003e-01 0.000000000e+00 4.114615303e-01 0.000000000e+00 0.000000000e+00 1.000000000e+00 0.000000000e+00
5.187657448e-01 -8.549164298e-01 0.000000000e+00 1.246422012e+00 8.549164298e-01 5.187657448e-01 0.000000000e+00 4.145643324e-01 0.000000000e+00 0.000000000e+00 1.000000000e+00 0.000000000e+00
5.157908493e-01 -8.567145381e-01 0.000000000e+00 1.248588297e+00 8.567145381e-01 5.157908493e-01 0.000000000e+00 4.173216712e-01 0.000000000e+00 0.000000000e+00 1.000000000e+00 0.000000000e+00
5.138556791e-01 -8.578766467e-01 0.000000000e+00 1.250804365e+00 8.578766467e-01 5.138556791e-01 0.000000000e+00 4.201146541e-01 0.000000000e+00 0.000000000e+00 1.000000000e+00 0.000000000e+00
5.105603899e-01 -8.598418972e-01 0.000000000e+00 1.253249335e+00 8.598418972e-01 5.105603899e-01 0.000000000e+00 4.232290057e-01 0.000000000e+00 0.000000000e+00 1.000000000e+00 0.000000000e+00
5.069216587e-01 -8.619921299e-01 0.000000000e+00 1.255444476e+00 8.619921299e-01 5.069216587e-01 0.000000000e+00 4.260545648e-01 0.000000000e+00 0.000000000e+00 1.000000000e+00 0.000000000e+00
5.045502034e-01 -8.633823558e-01 0.000000000e+00 1.257636195e+00 8.633823558e-01 5.045502034e-01 0.000000000e+00 4.288727561e-01 0.000000000e+00 0.000000000e+00 1.000000000e+00 0.000000000e+00
5.011960646e-01 -8.653337534e-01 0.000000000e+00 1.259866188e+00 8.653337534e-01 5.011960646e-01 0.000000000e+00 4.317981232e-01 0.000000000e+00 0.000000000e+00 1.000000000e+00 0.000000000e+00
4.977865675e-01 -8.672995637e-01 0.000000000e+00 1.261792745e+00 8.672995637e-01 4.977865675e-01 0.000000000e+00 4.343596302e-01 0.000000000e+00 0.000000000e+00 1.000000000e+00 0.000000000e+00
4.956507301e-01 -8.685219363e-01 0.000000000e+00 1.264056123e+00 8.685219363e-01 4.956507301e-01 0.000000000e+00 4.373215098e-01 0.000000000e+00 0.000000000e+00 1.000000000e+00 0.000000000e+00
4.921805094e-01 -8.704931626e-01 0.000000000e+00 1.266587082e+00 8.704931626e-01 4.921805094e-01 0.000000000e+00 4.406646852e-01 0.000000000e+00 0.000000000e+00 1.000000000e+00 0.000000000e+00
4.888445232e-01 -8.723709258e-01 0.000000000e+00 1.268815288e+00 8.723709258e-01 4.888445232e-01 0.000000000e+00 4.436180650e-01 0.000000000e+00 0.000000000e+00 1.000000000e+00 0.000000000e+00
4.867039101e-01 -8.735670002e-01 0.000000000e+00 1.270853966e+00 8.735670002e-01 4.867039101e-01 0.000000000e+00 4.462954552e-01 0.000000000e+00 0.000000000e+00 1.000000000e+00 0.000000000e+00
4.830607817e-01 -8.755868210e-01 0.000000000e+00 1.273103502e+00 8.755868210e-01 4.830607817e-01 0.000000000e+00 4.492880841e-01 0.000000000e+00 0.000000000e+00 1.000000000e+00 0.000000000e+00
4.797488258e-01 -8.774058720e-01 0.000000000e+00 1.275255192e+00 8.774058720e-01 4.797488258e-01 0.000000000e+00 4.521516690e-01 0.000000000e+00 0.000000000e+00 1.000000000e+00 0.000000000e+00
4.776009244e-01 -8.785768931e-01 0.000000000e+00 1.277569869e+00 8.785768931e-01 4.776009244e-01 0.000000000e+00 4.551915499e-01 0.000000000e+00 0.000000000e+00 1.000000000e+00 0.000000000e+00
4.741573104e-01 -8.804401428e-01 0.000000000e+00 1.279953498e+00 8.804401428e-01 4.741573104e-01 0.000000000e+00 4.583608382e-01 0.000000000e+00 0.000000000e+00 1.000000000e+00 0.000000000e+00
4.707834952e-01 -8.822487748e-01 0.000000000e+00 1.282005653e+00 8.822487748e-01 4.707834952e-01 0.000000000e+00 4.611025082e-01 0.000000000e+00 0.000000000e+00 1.000000000e+00 0.000000000e+00
4.686520044e-01 -8.833828721e-01 0.000000000e+00 1.284189142e+00 8.833828721e-01 4.686520044e-01 0.000000000e+00 4.639748098e-01 0.000000000e+00 0.000000000e+00 1.000000000e+00 0.000000000e+00
4.653287262e-01 -8.851379421e-01 0.000000000e+00 1.286547769e+00 8.851379421e-01 4.653287262e-01 0.000000000e+00 4.671138499e-01 0.000000000e+00 0.000000000e+00 1.000000000e+00 0.000000000e+00
4.618233769e-01 -8.869719097e-01 0.000000000e+00 1.288610406e+00 8.869719097e-01 4.618233769e-01 0.000000000e+00 4.699152376e-01 0.000000000e+00 0.000000000e+00 1.000000000e+00 0.000000000e+00
4.595384777e-01 -8.881578618e-01 0.000000000e+00 1.290818886e+00 8.881578618e-01 4.595384777e-01 0.000000000e+00 4.729048973e-01 0.000000000e+00 0.000000000e+00 1.000000000e+00 0.000000000e+00
4.560782272e-01 -8.899396893e-01 0.000000000e+00 1.293101819e+00 8.899396893e-01 4.560782272e-01 0.000000000e+00 4.760518699e-01 0.000000000e+00 0.000000000e+00 1.000000000e+00 0.000000000e+00
4.527744440e-01 -8.916250910e-01 0.000000000e+00 1.295067595e+00 8.916250910e-01 4.527744440e-01 0.000000000e+00 4.787773597e-01 0.000000000e+00 0.000000000e+00 1.000000000e+00 0.000000000e+00
4.508982689e-01 -8.925753476e-01 0.000000000e+00 1.296984976e+00 8.925753476e-01 4.508982689e-01 0.000000000e+00 4.813912000e-01 0.000000000e+00 0.000000000e+00 1.000000000e+00 0.000000000e+00
4.482896527e-01 -8.938883528e-01 0.000000000e+00 1.299227499e+00 8.938883528e-01 4.482896527e-01 0.000000000e+00 4.844632475e-01 0.000000000e+00 0.000000000e+00 1.000000000e+00 0.000000000e+00
4.464476904e-01 -8.948097338e-01 0.000000000e+00 1.302168974e+00 8.948097338e-01 4.464476904e-01 0.000000000e+00 4.884481566e-01 0.000000000e+00 0.000000000e+00 1.000000000e+00 0.000000000e+00
4.448774267e-01 -8.955914667e-01 0.000000000e+00 1.303889790e+00 8.955914667e-01 4.448774267e-01 0.000000000e+00 4.908139128e-01 0.000000000e+00 0.000000000e+00 1.000000000e+00 0.000000000e+00
4.443902033e-01 -8.958333256e-01 0.000000000e+00 1.306000797e+00 8.958333256e-01 4.443902033e-01 0.000000000e+00 4.937049858e-01 0.000000000e+00 0.000000000e+00 1.000000000e+00 0.000000000e+00
4.437934291e-01 -8.961291159e-01 0.000000000e+00 1.309880733e+00 8.961291159e-01 4.437934291e-01 0.000000000e+00 4.990814744e-01 0.000000000e+00 0.000000000e+00 1.000000000e+00 0.000000000e+00
4.437803031e-01 -8.961356162e-01 0.000000000e+00 1.311476144e+00 8.961356162e-01 4.437803031e-01 0.000000000e+00 5.012855055e-01 0.000000000e+00 0.000000000e+00 1.000000000e+00 0.000000000e+00
4.437803031e-01 -8.961356162e-01 0.000000000e+00 1.313220141e+00 8.961356162e-01 4.437803031e-01 0.000000000e+00 5.036904925e-01 0.000000000e+00 0.000000000e+00 1.000000000e+00 0.000000000e+00
4.437803031e-01 -8.961356162e-01 0.000000000e+00 1.314998718e+00 8.961356162e-01 4.437803031e-01 0.000000000e+00 5.061436525e-01 0.000000000e+00 0.000000000e+00 1.000000000e+00 0.000000000e+00
4.437803031e-01 -8.961356162e-01 0.000000000e+00 1.317219491e+00 8.961356162e-01 4.437803031e-01 0.000000000e+00 5.092114457e-01 0.000000000e+00 0.000000000e+00 1.000000000e+00 0.000000000e+00
4.437829283e-01 -8.961343161e-01 0.000000000e+00 1.319221291e+00 8.961343161e-01 4.437829283e-01 0.000000000e+00 5.120273358e-01 0.000000000e+00 0.000000000e+00 1.000000000e+00 0.000000000e+00
4.437829283e-01 -8.961343161e-01 0.000000000e+00 1.321062625e+00 8.961343161e-01 4.437829283e-01 0.000000000e+00 5.146436705e-01 0.000000000e+00 0.000000000e+00 1.000000000e+00 0.000000000e+00
4.437829283e-01 -8.961343161e-01 0.000000000e+00 1.322807946e+00 8.961343161e-01 4.437829283e-01 0.000000000e+00 5.171413517e-01 0.000000000e+00 0.000000000e+00 1.000000000e+00 0.000000000e+00
4.437829283e-01 -8.961343161e-01 0.000000000e+00 1.324635951e+00 8.961343161e-01 4.437829283e-01 0.000000000e+00 5.197565636e-01 0.000000000e+00 0.000000000e+00 1.000000000e+00 0.000000000e+00
4.437829283e-01 -8.961343161e-01 0.000000000e+00 1.326729482e+00 8.961343161e-01 4.437829283e-01 0.000000000e+00 5.227483974e-01 0.000000000e+00 0.000000000e+00 1.000000000e+00 0.000000000e+00
4.436891344e-01 -8.961807585e-01 0.000000000e+00 1.328809408e+00 8.961807585e-01 4.436891344e-01 0.000000000e+00 5.257228734e-01 0.000000000e+00 0.000000000e+00 1.000000000e+00 0.000000000e+00
4.433110459e-01 -8.963678467e-01 0.000000000e+00 1.330689821e+00 8.963678467e-01 4.433110459e-01 0.000000000e+00 5.284259507e-01 0.000000000e+00 0.000000000e+00 1.000000000e+00 0.000000000e+00
4.421321162e-01 -8.969499383e-01 0.000000000e+00 1.332648594e+00 8.969499383e-01 4.421321162e-01 0.000000000e+00 5.312945043e-01 0.000000000e+00 0.000000000e+00 1.000000000e+00 0.000000000e+00
4.390534452e-01 -8.984609464e-01 0.000000000e+00 1.336300693e+00 8.984609464e-01 4.390534452e-01 0.000000000e+00 5.367629338e-01 0.000000000e+00 0.000000000e+00 1.000000000e+00 0.000000000e+00
4.366003258e-01 -8.996555761e-01 0.000000000e+00 1.338376176e+00 8.996555761e-01 4.366003258e-01 0.000000000e+00 5.399129277e-01 0.000000000e+00 0.000000000e+00 1.000000000e+00 0.000000000e+00
4.346732403e-01 -9.005882378e-01 0.000000000e+00 1.340774151e+00 9.005882378e-01 4.346732403e-01 0.000000000e+00 5.435283714e-01 0.000000000e+00 0.000000000e+00 1.000000000e+00 0.000000000e+00
4.312355624e-01 -9.022393750e-01 0.000000000e+00 1.342534802e+00 9.022393750e-01 4.312355624e-01 0.000000000e+00 5.462423152e-01 0.000000000e+00 0.000000000e+00 1.000000000e+00 0.000000000e+00
4.277417835e-01 -9.039009717e-01 0.000000000e+00 1.344561036e+00 9.039009717e-01 4.277417835e-01 0.000000000e+00 5.493546058e-01 0.000000000e+00 0.000000000e+00 1.000000000e+00 0.000000000e+00
4.254318537e-01 -9.049904628e-01 0.000000000e+00 1.346859150e+00 9.049904628e-01 4.254318537e-01 0.000000000e+00 5.528442248e-01 0.000000000e+00 0.000000000e+00 1.000000000e+00 0.000000000e+00
4.170317573e-01 -9.088919151e-01 0.000000000e+00 1.350524209e+00 9.088919151e-01 4.170317573e-01 0.000000000e+00 5.586946369e-01 0.000000000e+00 0.000000000e+00 1.000000000e+00 0.000000000e+00
4.144920925e-01 -9.100529134e-01 0.000000000e+00 1.352504678e+00 9.100529134e-01 4.144920925e-01 0.000000000e+00 5.618227435e-01 0.000000000e+00 0.000000000e+00 1.000000000e+00 0.000000000e+00
4.076479335e-01 -9.131391802e-01 0.000000000e+00 1.356371414e+00 9.131391802e-01 4.076479335e-01 0.000000000e+00 5.679943659e-01 0.000000000e+00 0.000000000e+00 1.000000000e+00 0.000000000e+00
4.037235809e-01 -9.148810142e-01 0.000000000e+00 1.358407939e+00 9.148810142e-01 4.037235809e-01 0.000000000e+00 5.712581237e-01 0.000000000e+00 0.000000000e+00 1.000000000e+00 0.000000000e+00
3.953504764e-01 -9.185303483e-01 0.000000000e+00 1.362462996e+00 9.185303483e-01 3.953504764e-01 0.000000000e+00 5.778275651e-01 0.000000000e+00 0.000000000e+00 1.000000000e+00 0.000000000e+00
3.927169967e-01 -9.196593720e-01 0.000000000e+00 1.364551973e+00 9.196593720e-01 3.927169967e-01 0.000000000e+00 5.812329739e-01 0.000000000e+00 0.000000000e+00 1.000000000e+00 0.000000000e+00
3.860133557e-01 -9.224931920e-01 0.000000000e+00 1.368151376e+00 9.224931920e-01 3.860133557e-01 0.000000000e+00 5.872126424e-01 0.000000000e+00 0.000000000e+00 1.000000000e+00 0.000000000e+00
3.818125128e-01 -9.242397985e-01 0.000000000e+00 1.370139768e+00 9.242397985e-01 3.818125128e-01 0.000000000e+00 5.905376945e-01 0.000000000e+00 0.000000000e+00 1.000000000e+00 0.000000000e+00
3.753778542e-01 -9.268718717e-01 0.000000000e+00 1.373902014e+00 9.268718717e-01 3.753778542e-01 0.000000000e+00 5.967854221e-01 0.000000000e+00 0.000000000e+00 1.000000000e+00 0.000000000e+00
3.722075880e-01 -9.281495092e-01 0.000000000e+00 1.375890293e+00 9.281495092e-01 3.722075880e-01 0.000000000e+00 6.000998483e-01 0.000000000e+00 0.000000000e+00 1.000000000e+00 0.000000000e+00
3.693197059e-01 -9.293024023e-01 0.000000000e+00 1.377445352e+00 9.293024023e-01 3.693197059e-01 0.000000000e+00 6.027667577e-01 0.000000000e+00 0.000000000e+00 1.000000000e+00 0.000000000e+00
3.665256334e-01 -9.304079536e-01 0.000000000e+00 1.379181452e+00 9.304079536e-01 3.665256334e-01 0.000000000e+00 6.057384455e-01 0.000000000e+00 0.000000000e+00 1.000000000e+00 0.000000000e+00
3.646086305e-01 -9.311608597e-01 0.000000000e+00 1.381217284e+00 9.311608597e-01 3.646086305e-01 0.000000000e+00 6.091932819e-01 0.000000000e+00 0.000000000e+00 1.000000000e+00 0.000000000e+00
3.618577802e-01 -9.322333114e-01 0.000000000e+00 1.382971160e+00 9.322333114e-01 3.618577802e-01 0.000000000e+00 6.122225082e-01 0.000000000e+00 0.000000000e+00 1.000000000e+00 0.000000000e+00
3.602762852e-01 -9.328456455e-01 0.000000000e+00 1.384720849e+00 9.328456455e-01 3.602762852e-01 0.000000000e+00 6.152018632e-01 0.000000000e+00 0.000000000e+00 1.000000000e+00 0.000000000e+00
3.577405815e-01 -9.338210087e-01 0.000000000e+00 1.386607020e+00 9.338210087e-01 3.577405815e-01 0.000000000e+00 6.184318677e-01 0.000000000e+00 0.000000000e+00 1.000000000e+00 0.000000000e+00
3.550905808e-01 -9.348318990e-01 0.000000000e+00 1.388367410e+00 9.348318990e-01 3.550905808e-01 0.000000000e+00 6.214793354e-01 0.000000000e+00 0.000000000e+00 1.000000000e+00 0.000000000e+00
3.533986855e-01 -9.354728051e-01 0.000000000e+00 1.390122134e+00 9.354728051e-01 3.533986855e-01 0.000000000e+00 6.244963941e-01 0.000000000e+00 0.000000000e+00 1.000000000e+00 0.000000000e+00
3.507032405e-01 -9.364866454e-01 0.000000000e+00 1.391935452e+00 9.364866454e-01 3.507032405e-01 0.000000000e+00 6.277286703e-01 0.000000000e+00 0.000000000e+00 1.000000000e+00 0.000000000e+00
3.480757922e-01 -9.374663956e-01 0.000000000e+00 1.393863378e+00 9.374663956e-01 3.480757922e-01 0.000000000e+00 6.311597561e-01 0.000000000e+00 0.000000000e+00 1.000000000e+00 0.000000000e+00
3.455165836e-01 -9.384126440e-01 0.000000000e+00 1.395474192e+00 9.384126440e-01 3.455165836e-01 0.000000000e+00 6.340403389e-01 0.000000000e+00 0.000000000e+00 1.000000000e+00 0.000000000e+00
3.440475390e-01 -9.389522304e-01 0.000000000e+00 1.397263487e+00 9.389522304e-01 3.440475390e-01 0.000000000e+00 6.371810815e-01 0.000000000e+00 0.000000000e+00 1.000000000e+00 0.000000000e+00
3.409676056e-01 -9.400750459e-01 0.000000000e+00 1.398930829e+00 9.400750459e-01 3.409676056e-01 0.000000000e+00 6.401693414e-01 0.000000000e+00 0.000000000e+00 1.000000000e+00 0.000000000e+00
3.391155546e-01 -9.407447266e-01 0.000000000e+00 1.400682199e+00 9.407447266e-01 3.391155546e-01 0.000000000e+00 6.432871793e-01 0.000000000e+00 0.000000000e+00 1.000000000e+00 0.000000000e+00
3.360818183e-01 -9.418327938e-01 0.000000000e+00 1.402493687e+00 9.418327938e-01 3.360818183e-01 0.000000000e+00 6.465852423e-01 0.000000000e+00 0.000000000e+00 1.000000000e+00 0.000000000e+00
3.329101168e-01 -9.429585644e-01 0.000000000e+00 1.404247207e+00 9.429585644e-01 3.329101168e-01 0.000000000e+00 6.498261044e-01 0.000000000e+00 0.000000000e+00 1.000000000e+00 0.000000000e+00
3.308355227e-01 -9.436884321e-01 0.000000000e+00 1.405934865e+00 9.436884321e-01 3.308355227e-01 0.000000000e+00 6.529368126e-01 0.000000000e+00 0.000000000e+00 1.000000000e+00 0.000000000e+00
3.275642551e-01 -9.448289045e-01 0.000000000e+00 1.407749532e+00 9.448289045e-01 3.275642551e-01 0.000000000e+00 6.563318157e-01 0.000000000e+00 0.000000000e+00 1.000000000e+00 0.000000000e+00
3.244182900e-01 -9.459137239e-01 0.000000000e+00 1.409402097e+00 9.459137239e-01 3.244182900e-01 0.000000000e+00 6.594324628e-01 0.000000000e+00 0.000000000e+00 1.000000000e+00 0.000000000e+00
3.225189765e-01 -9.465629983e-01 0.000000000e+00 1.411112827e+00 9.465629983e-01 3.225189765e-01 0.000000000e+00 6.625996882e-01 0.000000000e+00 0.000000000e+00 1.000000000e+00 0.000000000e+00
3.191577944e-01 -9.477015893e-01 0.000000000e+00 1.412846270e+00 9.477015893e-01 3.191577944e-01 0.000000000e+00 6.658755550e-01 0.000000000e+00 0.000000000e+00 1.000000000e+00 0.000000000e+00
3.158643553e-01 -9.488043576e-01 0.000000000e+00 1.414507899e+00 9.488043576e-01 3.158643553e-01 0.000000000e+00 6.690328435e-01 0.000000000e+00 0.000000000e+00 1.000000000e+00 0.000000000e+00
3.137024760e-01 -9.495213302e-01 0.000000000e+00 1.416204615e+00 9.495213302e-01 3.137024760e-01 0.000000000e+00 6.722335303e-01 0.000000000e+00 0.000000000e+00 1.000000000e+00 0.000000000e+00
3.105657811e-01 -9.505518900e-01 0.000000000e+00 1.417887840e+00 9.505518900e-01 3.105657811e-01 0.000000000e+00 6.755408678e-01 0.000000000e+00 0.000000000e+00 1.000000000e+00 0.000000000e+00
3.073926293e-01 -9.515827717e-01 0.000000000e+00 1.419462463e+00 9.515827717e-01 3.073926293e-01 0.000000000e+00 6.786218802e-01 0.000000000e+00 0.000000000e+00 1.000000000e+00 0.000000000e+00
3.055179800e-01 -9.521863074e-01 0.000000000e+00 1.421202265e+00 9.521863074e-01 3.055179800e-01 0.000000000e+00 6.819463142e-01 0.000000000e+00 0.000000000e+00 1.000000000e+00 0.000000000e+00
3.021702057e-01 -9.532539886e-01 0.000000000e+00 1.422877568e+00 9.532539886e-01 3.021702057e-01 0.000000000e+00 6.852304104e-01 0.000000000e+00 0.000000000e+00 1.000000000e+00 0.000000000e+00
2.989353521e-01 -9.542733651e-01 0.000000000e+00 1.424410603e+00 9.542733651e-01 2.989353521e-01 0.000000000e+00 6.882463169e-01 0.000000000e+00 0.000000000e+00 1.000000000e+00 0.000000000e+00
2.969498862e-01 -9.548930647e-01 0.000000000e+00 1.426056873e+00 9.548930647e-01 2.969498862e-01 0.000000000e+00 6.914243295e-01 0.000000000e+00 0.000000000e+00 1.000000000e+00 0.000000000e+00
2.940569723e-01 -9.557878933e-01 0.000000000e+00 1.427627531e+00 9.557878933e-01 2.940569723e-01 0.000000000e+00 6.945722550e-01 0.000000000e+00 0.000000000e+00 1.000000000e+00 0.000000000e+00
2.910835264e-01 -9.566976433e-01 0.000000000e+00 1.429032118e+00 9.566976433e-01 2.910835264e-01 0.000000000e+00 6.974414940e-01 0.000000000e+00 0.000000000e+00 1.000000000e+00 0.000000000e+00
2.892712366e-01 -9.572471738e-01 0.000000000e+00 1.430735819e+00 9.572471738e-01 2.892712366e-01 0.000000000e+00 7.008569823e-01 0.000000000e+00 0.000000000e+00 1.000000000e+00 0.000000000e+00
2.866025257e-01 -9.580495771e-01 0.000000000e+00 1.432517904e+00 9.580495771e-01 2.866025257e-01 0.000000000e+00 7.044651733e-01 0.000000000e+00 0.000000000e+00 1.000000000e+00 0.000000000e+00
2.836778832e-01 -9.589196309e-01 0.000000000e+00 1.434057923e+00 9.589196309e-01 2.836778832e-01 0.000000000e+00 7.076119139e-01 0.000000000e+00 0.000000000e+00 1.000000000e+00 0.000000000e+00
2.819674371e-01 -9.594239753e-01 0.000000000e+00 1.435644592e+00 9.594239753e-01 2.819674371e-01 0.000000000e+00 7.107994784e-01 0.000000000e+00 0.000000000e+00 1.000000000e+00 0.000000000e+00
2.789184235e-01 -9.603147989e-01 0.000000000e+00 1.437357867e+00 9.603147989e-01 2.789184235e-01 0.000000000e+00 7.143043088e-01 0.000000000e+00 0.000000000e+00 1.000000000e+00 0.000000000e+00
2.759980397e-01 -9.611581983e-01 0.000000000e+00 1.438809232e+00 9.611581983e-01 2.759980397e-01 0.000000000e+00 7.173449626e-01 0.000000000e+00 0.000000000e+00 1.000000000e+00 0.000000000e+00
2.741354552e-01 -9.616910898e-01 0.000000000e+00 1.440334008e+00 9.616910898e-01 2.741354552e-01 0.000000000e+00 7.205271684e-01 0.000000000e+00 0.000000000e+00 1.000000000e+00 0.000000000e+00
2.711604117e-01 -9.625341714e-01 0.000000000e+00 1.441860577e+00 9.625341714e-01 2.711604117e-01 0.000000000e+00 7.238134920e-01 0.000000000e+00 0.000000000e+00 1.000000000e+00 0.000000000e+00
2.682782146e-01 -9.633414761e-01 0.000000000e+00 1.443331212e+00 9.633414761e-01 2.682782146e-01 0.000000000e+00 7.269418239e-01 0.000000000e+00 0.000000000e+00 1.000000000e+00 0.000000000e+00
2.654186486e-01 -9.641332589e-01 0.000000000e+00 1.444712972e+00 9.641332589e-01 2.654186486e-01 0.000000000e+00 7.298811541e-01 0.000000000e+00 0.000000000e+00 1.000000000e+00 0.000000000e+00
2.636457577e-01 -9.646195698e-01 0.000000000e+00 1.446651675e+00 9.646195698e-01 2.636457577e-01 0.000000000e+00 7.339354349e-01 0.000000000e+00 0.000000000e+00 1.000000000e+00 0.000000000e+00
2.607320277e-01 -9.654112128e-01 0.000000000e+00 1.448457668e+00 9.654112128e-01 2.607320277e-01 0.000000000e+00 7.378120169e-01 0.000000000e+00 0.000000000e+00 1.000000000e+00 0.000000000e+00
2.555638624e-01 -9.667921763e-01 0.000000000e+00 1.451173647e+00 9.667921763e-01 2.555638624e-01 0.000000000e+00 7.437671876e-01 0.000000000e+00 0.000000000e+00 1.000000000e+00 0.000000000e+00
2.534765842e-01 -9.673415225e-01 0.000000000e+00 1.452211381e+00 9.673415225e-01 2.534765842e-01 0.000000000e+00 7.460682113e-01 0.000000000e+00 0.000000000e+00 1.000000000e+00 0.000000000e+00
2.517230742e-01 -9.677993046e-01 0.000000000e+00 1.453690139e+00 9.677993046e-01 2.517230742e-01 0.000000000e+00 7.493248599e-01 0.000000000e+00 0.000000000e+00 1.000000000e+00 0.000000000e+00
2.486335506e-01 -9.685976241e-01 0.000000000e+00 1.455308750e+00 9.685976241e-01 2.486335506e-01 0.000000000e+00 7.529439014e-01 0.000000000e+00 0.000000000e+00 1.000000000e+00 0.000000000e+00
2.456908398e-01 -9.693482404e-01 0.000000000e+00 1.456850333e+00 9.693482404e-01 2.456908398e-01 0.000000000e+00 7.563932513e-01 0.000000000e+00 0.000000000e+00 1.000000000e+00 0.000000000e+00
2.439479107e-01 -9.697883361e-01 0.000000000e+00 1.458317052e+00 9.697883361e-01 2.439479107e-01 0.000000000e+00 7.596269486e-01 0.000000000e+00 0.000000000e+00 1.000000000e+00 0.000000000e+00
2.410552368e-01 -9.705113976e-01 0.000000000e+00 1.459838402e+00 9.705113976e-01 2.410552368e-01 0.000000000e+00 7.630706331e-01 0.000000000e+00 0.000000000e+00 1.000000000e+00 0.000000000e+00
2.380503614e-01 -9.712528123e-01 0.000000000e+00 1.461264347e+00 9.712528123e-01 2.380503614e-01 0.000000000e+00 7.663823208e-01 0.000000000e+00 0.000000000e+00 1.000000000e+00 0.000000000e+00
2.363689726e-01 -9.716633722e-01 0.000000000e+00 1.462596532e+00 9.716633722e-01 2.363689726e-01 0.000000000e+00 7.694493168e-01 0.000000000e+00 0.000000000e+00 1.000000000e+00 0.000000000e+00
2.333011218e-01 -9.724045385e-01 0.000000000e+00 1.463883554e+00 9.724045385e-01 2.333011218e-01 0.000000000e+00 7.724932768e-01 0.000000000e+00 0.000000000e+00 1.000000000e+00 0.000000000e+00
2.304149479e-01 -9.730924683e-01 0.000000000e+00 1.465332235e+00 9.730924683e-01 2.304149479e-01 0.000000000e+00 7.759270195e-01 0.000000000e+00 0.000000000e+00 1.000000000e+00 0.000000000e+00
2.286708868e-01 -9.735037882e-01 0.000000000e+00 1.466844875e+00 9.735037882e-01 2.286708868e-01 0.000000000e+00 7.794329673e-01 0.000000000e+00 0.000000000e+00 1.000000000e+00 0.000000000e+00
2.255490077e-01 -9.742318231e-01 0.000000000e+00 1.468350549e+00 9.742318231e-01 2.255490077e-01 0.000000000e+00 7.829432106e-01 0.000000000e+00 0.000000000e+00 1.000000000e+00 0.000000000e+00
2.225213976e-01 -9.749278064e-01 0.000000000e+00 1.469734103e+00 9.749278064e-01 2.225213976e-01 0.000000000e+00 7.862487921e-01 0.000000000e+00 0.000000000e+00 1.000000000e+00 0.000000000e+00
2.205867804e-01 -9.753673525e-01 0.000000000e+00 1.471134856e+00 9.753673525e-01 2.205867804e-01 0.000000000e+00 7.895777509e-01 0.000000000e+00 0.000000000e+00 1.000000000e+00 0.000000000e+00
2.177230630e-01 -9.760105880e-01 0.000000000e+00 1.472360848e+00 9.760105880e-01 2.177230630e-01 0.000000000e+00 7.926565677e-01 0.000000000e+00 0.000000000e+00 1.000000000e+00 0.000000000e+00
2.148233974e-01 -9.766529107e-01 0.000000000e+00 1.473578910e+00 9.766529107e-01 2.148233974e-01 0.000000000e+00 7.957003661e-01 0.000000000e+00 0.000000000e+00 1.000000000e+00 0.000000000e+00
2.132037301e-01 -9.770077633e-01 0.000000000e+00 1.475074563e+00 9.770077633e-01 2.132037301e-01 0.000000000e+00 7.992821511e-01 0.000000000e+00 0.000000000e+00 1.000000000e+00 0.000000000e+00
2.105200806e-01 -9.775895333e-01 0.000000000e+00 1.476506947e+00 9.775895333e-01 2.105200806e-01 0.000000000e+00 8.028040745e-01 0.000000000e+00 0.000000000e+00 1.000000000e+00 0.000000000e+00
2.074934448e-01 -9.782364082e-01 0.000000000e+00 1.477829358e+00 9.782364082e-01 2.074934448e-01 0.000000000e+00 8.060865644e-01 0.000000000e+00 0.000000000e+00 1.000000000e+00 0.000000000e+00
2.056092402e-01 -9.786341708e-01 0.000000000e+00 1.479236496e+00 9.786341708e-01 2.056092402e-01 0.000000000e+00 8.094887208e-01 0.000000000e+00 0.000000000e+00 1.000000000e+00 0.000000000e+00
2.026477223e-01 -9.792517044e-01 0.000000000e+00 1.480585865e+00 9.792517044e-01 2.026477223e-01 0.000000000e+00 8.129357640e-01 0.000000000e+00 0.000000000e+00 1.000000000e+00 0.000000000e+00
1.996586459e-01 -9.798655138e-01 0.000000000e+00 1.481771615e+00 9.798655138e-01 1.996586459e-01 0.000000000e+00 8.160884330e-01 0.000000000e+00 0.000000000e+00 1.000000000e+00 0.000000000e+00
1.978711716e-01 -9.802280344e-01 0.000000000e+00 1.483062650e+00 9.802280344e-01 1.978711716e-01 0.000000000e+00 8.194099212e-01 0.000000000e+00 0.000000000e+00 1.000000000e+00 0.000000000e+00
1.947907178e-01 -9.808448278e-01 0.000000000e+00 1.484509958e+00 9.808448278e-01 1.947907178e-01 0.000000000e+00 8.231838386e-01 0.000000000e+00 0.000000000e+00 1.000000000e+00 0.000000000e+00
1.918767957e-01 -9.814190212e-01 0.000000000e+00 1.485650301e+00 9.814190212e-01 1.918767957e-01 0.000000000e+00 8.261841723e-01 0.000000000e+00 0.000000000e+00 1.000000000e+00 0.000000000e+00
1.901236282e-01 -9.817601571e-01 0.000000000e+00 1.486914533e+00 9.817601571e-01 1.901236282e-01 0.000000000e+00 8.294374298e-01 0.000000000e+00 0.000000000e+00 1.000000000e+00 0.000000000e+00
1.870041275e-01 -9.823591280e-01 0.000000000e+00 1.488089616e+00 9.823591280e-01 1.870041275e-01 0.000000000e+00 8.325412395e-01 0.000000000e+00 0.000000000e+00 1.000000000e+00 0.000000000e+00
1.840885564e-01 -9.829096619e-01 0.000000000e+00 1.489408268e+00 9.829096619e-01 1.840885564e-01 0.000000000e+00 8.360976796e-01 0.000000000e+00 0.000000000e+00 1.000000000e+00 0.000000000e+00
1.823871383e-01 -9.832267957e-01 0.000000000e+00 1.490769630e+00 9.832267957e-01 1.823871383e-01 0.000000000e+00 8.397466756e-01 0.000000000e+00 0.000000000e+00 1.000000000e+00 0.000000000e+00
1.793517048e-01 -9.837850202e-01 0.000000000e+00 1.492034597e+00 9.837850202e-01 1.793517048e-01 0.000000000e+00 8.432495947e-01 0.000000000e+00 0.000000000e+00 1.000000000e+00 0.000000000e+00
1.761943031e-01 -9.843554071e-01 0.000000000e+00 1.493206620e+00 9.843554071e-01 1.761943031e-01 0.000000000e+00 8.465144810e-01 0.000000000e+00 0.000000000e+00 1.000000000e+00 0.000000000e+00
1.741208341e-01 -9.847242940e-01 0.000000000e+00 1.494377603e+00 9.847242940e-01 1.741208341e-01 0.000000000e+00 8.497233267e-01 0.000000000e+00 0.000000000e+00 1.000000000e+00 0.000000000e+00
1.712528121e-01 -9.852271182e-01 0.000000000e+00 1.495547428e+00 9.852271182e-01 1.712528121e-01 0.000000000e+00 8.530171074e-01 0.000000000e+00 0.000000000e+00 1.000000000e+00 0.000000000e+00
1.681538968e-01 -9.857607555e-01 0.000000000e+00 1.496612636e+00 9.857607555e-01 1.681538968e-01 0.000000000e+00 8.560410108e-01 0.000000000e+00 0.000000000e+00 1.000000000e+00 0.000000000e+00
1.661835825e-01 -9.860948316e-01 0.000000000e+00 1.497829319e+00 9.860948316e-01 1.661835825e-01 0.000000000e+00 8.593931707e-01 0.000000000e+00 0.000000000e+00 1.000000000e+00 0.000000000e+00
1.631480452e-01 -9.866015991e-01 0.000000000e+00 1.499180549e+00 9.866015991e-01 1.631480452e-01 0.000000000e+00 8.633095438e-01 0.000000000e+00 0.000000000e+00 1.000000000e+00 0.000000000e+00
1.600850688e-01 -9.871032219e-01 0.000000000e+00 1.500314968e+00 9.871032219e-01 1.600850688e-01 0.000000000e+00 8.666993901e-01 0.000000000e+00 0.000000000e+00 1.000000000e+00 0.000000000e+00
1.592149348e-01 -9.872439438e-01 0.000000000e+00 1.501527104e+00 9.872439438e-01 1.592149348e-01 0.000000000e+00 8.700944529e-01 0.000000000e+00 0.000000000e+00 1.000000000e+00 0.000000000e+00
1.560408173e-01 -9.877506079e-01 0.000000000e+00 1.502706881e+00 9.877506079e-01 1.560408173e-01 0.000000000e+00 8.735548286e-01 0.000000000e+00 0.000000000e+00 1.000000000e+00 0.000000000e+00
1.530490521e-01 -9.882185931e-01 0.000000000e+00 1.503698791e+00 9.882185931e-01 1.530490521e-01 0.000000000e+00 8.765068640e-01 0.000000000e+00 0.000000000e+00 1.000000000e+00 0.000000000e+00
1.513068365e-01 -9.884868442e-01 0.000000000e+00 1.504813584e+00 9.884868442e-01 1.513068365e-01 0.000000000e+00 8.797501116e-01 0.000000000e+00 0.000000000e+00 1.000000000e+00 0.000000000e+00
1.482351687e-01 -9.889521398e-01 0.000000000e+00 1.506015720e+00 9.889521398e-01 1.482351687e-01 0.000000000e+00 8.833296792e-01 0.000000000e+00 0.000000000e+00 1.000000000e+00 0.000000000e+00
1.451764966e-01 -9.894057736e-01 0.000000000e+00 1.507184606e+00 9.894057736e-01 1.451764966e-01 0.000000000e+00 8.869908342e-01 0.000000000e+00 0.000000000e+00 1.000000000e+00 0.000000000e+00
1.432939607e-01 -9.896801710e-01 0.000000000e+00 1.508348914e+00 9.896801710e-01 1.432939607e-01 0.000000000e+00 8.905739125e-01 0.000000000e+00 0.000000000e+00 1.000000000e+00 0.000000000e+00
1.405786769e-01 -9.900695105e-01 0.000000000e+00 1.509497198e+00 9.900695105e-01 1.405786769e-01 0.000000000e+00 8.941586810e-01 0.000000000e+00 0.000000000e+00 1.000000000e+00 0.000000000e+00
1.354187195e-01 -9.907884590e-01 0.000000000e+00 1.511631251e+00 9.907884590e-01 1.354187195e-01 0.000000000e+00 9.008589453e-01 0.000000000e+00 0.000000000e+00 1.000000000e+00 0.000000000e+00
1.326802323e-01 -9.911588954e-01 0.000000000e+00 1.512736599e+00 9.911588954e-01 1.326802323e-01 0.000000000e+00 9.043871381e-01 0.000000000e+00 0.000000000e+00 1.000000000e+00 0.000000000e+00
1.278897793e-01 -9.917883869e-01 0.000000000e+00 1.514814098e+00 9.917883869e-01 1.278897793e-01 0.000000000e+00 9.110831964e-01 0.000000000e+00 0.000000000e+00 1.000000000e+00 0.000000000e+00
1.243865695e-01 -9.922338340e-01 0.000000000e+00 1.515886342e+00 9.922338340e-01 1.243865695e-01 0.000000000e+00 9.147873515e-01 0.000000000e+00 0.000000000e+00 1.000000000e+00 0.000000000e+00
1.181931255e-01 -9.929906269e-01 0.000000000e+00 1.517941474e+00 9.929906269e-01 1.181931255e-01 0.000000000e+00 9.215897904e-01 0.000000000e+00 0.000000000e+00 1.000000000e+00 0.000000000e+00
1.091878582e-01 -9.940211324e-01 0.000000000e+00 1.519858761e+00 9.940211324e-01 1.091878582e-01 0.000000000e+00 9.283539625e-01 0.000000000e+00 0.000000000e+00 1.000000000e+00 0.000000000e+00
1.064752270e-01 -9.943153554e-01 0.000000000e+00 1.520867133e+00 9.943153554e-01 1.064752270e-01 0.000000000e+00 9.319421799e-01 0.000000000e+00 0.000000000e+00 1.000000000e+00 0.000000000e+00
9.714282262e-02 -9.952704517e-01 0.000000000e+00 1.522944039e+00 9.952704517e-01 9.714282262e-02 0.000000000e+00 9.395637468e-01 0.000000000e+00 0.000000000e+00 1.000000000e+00 0.000000000e+00
9.418072122e-02 -9.955551174e-01 0.000000000e+00 1.523969787e+00 9.955551174e-01 9.418072122e-02 0.000000000e+00 9.432713671e-01 0.000000000e+00 0.000000000e+00 1.000000000e+00 0.000000000e+00
8.936364117e-02 -9.959990661e-01 0.000000000e+00 1.524976951e+00 9.959990661e-01 8.936364117e-02 0.000000000e+00 9.470634787e-01 0.000000000e+00 0.000000000e+00 1.000000000e+00 0.000000000e+00
8.473294219e-02 -9.964036976e-01 0.000000000e+00 1.525808550e+00 9.964036976e-01 8.473294219e-02 0.000000000e+00 9.502437061e-01 0.000000000e+00 0.000000000e+00 1.000000000e+00 0.000000000e+00
8.181961289e-02 -9.966471547e-01 0.000000000e+00 1.526720022e+00 9.966471547e-01 8.181961289e-02 0.000000000e+00 9.536086430e-01 0.000000000e+00 0.000000000e+00 1.000000000e+00 0.000000000e+00
7.732810254e-02 -9.970056994e-01 0.000000000e+00 1.527799468e+00 9.970056994e-01 7.732810254e-02 0.000000000e+00 9.577410956e-01 0.000000000e+00 0.000000000e+00 1.000000000e+00 0.000000000e+00
7.235041046e-02 -9.973792750e-01 0.000000000e+00 1.528666941e+00 9.973792750e-01 7.235041046e-02 0.000000000e+00 9.613096921e-01 0.000000000e+00 0.000000000e+00 1.000000000e+00 0.000000000e+00
6.904260770e-02 -9.976137120e-01 0.000000000e+00 1.529566850e+00 9.976137120e-01 6.904260770e-02 0.000000000e+00 9.648982921e-01 0.000000000e+00 0.000000000e+00 1.000000000e+00 0.000000000e+00
6.409394255e-02 -9.979438694e-01 0.000000000e+00 1.530520265e+00 9.979438694e-01 6.409394255e-02 0.000000000e+00 9.688147331e-01 0.000000000e+00 0.000000000e+00 1.000000000e+00 0.000000000e+00
5.863558750e-02 -9.982794538e-01 0.000000000e+00 1.531354228e+00 9.982794538e-01 5.863558750e-02 0.000000000e+00 9.722945639e-01 0.000000000e+00 0.000000000e+00 1.000000000e+00 0.000000000e+00
5.522608990e-02 -9.984738750e-01 0.000000000e+00 1.532196709e+00 9.984738750e-01 5.522608990e-02 0.000000000e+00 9.756224749e-01 0.000000000e+00 0.000000000e+00 1.000000000e+00 0.000000000e+00
4.972719898e-02 -9.987628376e-01 0.000000000e+00 1.533108706e+00 9.987628376e-01 4.972719898e-02 0.000000000e+00 9.796188372e-01 0.000000000e+00 0.000000000e+00 1.000000000e+00 0.000000000e+00
4.440113247e-02 -9.990137834e-01 0.000000000e+00 1.533974835e+00 9.990137834e-01 4.440113247e-02 0.000000000e+00 9.834905524e-01 0.000000000e+00 0.000000000e+00 1.000000000e+00 0.000000000e+00
4.136705823e-02 -9.991440169e-01 0.000000000e+00 1.534863807e+00 9.991440169e-01 4.136705823e-02 0.000000000e+00 9.872406969e-01 0.000000000e+00 0.000000000e+00 1.000000000e+00 0.000000000e+00
3.628612436e-02 -9.993414417e-01 0.000000000e+00 1.535702431e+00 9.993414417e-01 3.628612436e-02 0.000000000e+00 9.910377802e-01 0.000000000e+00 0.000000000e+00 1.000000000e+00 0.000000000e+00
3.138752115e-02 -9.995072904e-01 0.000000000e+00 1.536452623e+00 9.995072904e-01 3.138752115e-02 0.000000000e+00 9.945014333e-01 0.000000000e+00 0.000000000e+00 1.000000000e+00 0.000000000e+00
2.826475807e-02 -9.996004719e-01 0.000000000e+00 1.537271977e+00 9.996004719e-01 2.826475807e-02 0.000000000e+00 9.980921877e-01 0.000000000e+00 0.000000000e+00 1.000000000e+00 0.000000000e+00
2.367901454e-02 -9.997196128e-01 0.000000000e+00 1.538116218e+00 9.997196128e-01 2.367901454e-02 0.000000000e+00 1.001924231e+00 0.000000000e+00 0.000000000e+00 1.000000000e+00 0.000000000e+00
1.899678318e-02 -9.998195448e-01 0.000000000e+00 1.539039570e+00 9.998195448e-01 1.899678318e-02 0.000000000e+00 1.006099335e+00 0.000000000e+00 0.000000000e+00 1.000000000e+00 0.000000000e+00
1.449734163e-02 -9.998949080e-01 0.000000000e+00 1.539828447e+00 9.998949080e-01 1.449734163e-02 0.000000000e+00 1.010089781e+00 0.000000000e+00 0.000000000e+00 1.000000000e+00 0.000000000e+00
1.126293590e-02 -9.999365711e-01 0.000000000e+00 1.540576784e+00 9.999365711e-01 1.126293590e-02 0.000000000e+00 1.013786030e+00 0.000000000e+00 0.000000000e+00 1.000000000e+00 0.000000000e+00
9.066874014e-03 -9.999588951e-01 0.000000000e+00 1.541115746e+00 9.999588951e-01 9.066874014e-03 0.000000000e+00 1.016396351e+00 0.000000000e+00 0.000000000e+00 1.000000000e+00 0.000000000e+00
7.481548654e-03 -9.999720128e-01 0.000000000e+00 1.541878285e+00 9.999720128e-01 7.481548654e-03 0.000000000e+00 1.019894502e+00 0.000000000e+00 0.000000000e+00 1.000000000e+00 0.000000000e+00
6.222036266e-03 -9.999806429e-01 0.000000000e+00 1.542653042e+00 9.999806429e-01 6.222036266e-03 0.000000000e+00 1.023357337e+00 0.000000000e+00 0.000000000e+00 1.000000000e+00 0.000000000e+00
3.958978356e-03 -9.999921632e-01 0.000000000e+00 1.543360600e+00 9.999921632e-01 3.958978356e-03 0.000000000e+00 1.026711082e+00 0.000000000e+00 0.000000000e+00 1.000000000e+00 0.000000000e+00
2.641253519e-03 -9.999965119e-01 0.000000000e+00 1.544085065e+00 9.999965119e-01 2.641253519e-03 0.000000000e+00 1.030117767e+00 0.000000000e+00 0.000000000e+00 1.000000000e+00 0.000000000e+00
3.839612407e-04 -9.999999263e-01 0.000000000e+00 1.544789028e+00 9.999999263e-01 3.839612407e-04 0.000000000e+00 1.033759341e+00 0.000000000e+00 0.000000000e+00 1.000000000e+00 0.000000000e+00
-1.899498505e-03 -9.999981960e-01 0.000000000e+00 1.545398825e+00 9.999981960e-01 -1.899498505e-03 0.000000000e+00 1.036985308e+00 0.000000000e+00 0.000000000e+00 1.000000000e+00 0.000000000e+00
-3.156106968e-03 -9.999950195e-01 0.000000000e+00 1.546091915e+00 9.999950195e-01 -3.156106968e-03 0.000000000e+00 1.040542973e+00 0.000000000e+00 0.000000000e+00 1.000000000e+00 0.000000000e+00
-5.477429182e-03 -9.999849988e-01 0.000000000e+00 1.546795884e+00 9.999849988e-01 -5.477429182e-03 0.000000000e+00 1.044263815e+00 0.000000000e+00 0.000000000e+00 1.000000000e+00 0.000000000e+00
-7.725886619e-03 -9.999701549e-01 0.000000000e+00 1.547348432e+00 9.999701549e-01 -7.725886619e-03 0.000000000e+00 1.047263059e+00 0.000000000e+00 0.000000000e+00 1.000000000e+00 0.000000000e+00
-8.790515489e-03 -9.999613627e-01 0.000000000e+00 1.547996630e+00 9.999613627e-01 -8.790515489e-03 0.000000000e+00 1.050704348e+00 0.000000000e+00 0.000000000e+00 1.000000000e+00 0.000000000e+00
-1.116114297e-02 -9.999377125e-01 0.000000000e+00 1.548629682e+00 9.999377125e-01 -1.116114297e-02 0.000000000e+00 1.054296095e+00 0.000000000e+00 0.000000000e+00 1.000000000e+00 0.000000000e+00
-1.348517322e-02 -9.999090709e-01 0.000000000e+00 1.549209481e+00 9.999090709e-01 -1.348517322e-02 0.000000000e+00 1.057652905e+00 0.000000000e+00 0.000000000e+00 1.000000000e+00 0.000000000e+00
-1.489004891e-02 -9.998891371e-01 0.000000000e+00 1.549842385e+00 9.998891371e-01 -1.489004891e-02 0.000000000e+00 1.061191115e+00 0.000000000e+00 0.000000000e+00 1.000000000e+00 0.000000000e+00
-1.714412510e-02 -9.998530287e-01 0.000000000e+00 1.550471112e+00 9.998530287e-01 -1.714412510e-02 0.000000000e+00 1.064852604e+00 0.000000000e+00 0.000000000e+00 1.000000000e+00 0.000000000e+00
-1.958137141e-02 -9.998082666e-01 0.000000000e+00 1.551012917e+00 9.998082666e-01 -1.958137141e-02 0.000000000e+00 1.068141980e+00 0.000000000e+00 0.000000000e+00 1.000000000e+00 0.000000000e+00
-2.119251508e-02 -9.997754134e-01 0.000000000e+00 1.551566018e+00 9.997754134e-01 -2.119251508e-02 0.000000000e+00 1.071407172e+00 0.000000000e+00 0.000000000e+00 1.000000000e+00 0.000000000e+00
-2.374297900e-02 -9.997180957e-01 0.000000000e+00 1.552118501e+00 9.997180957e-01 -2.374297900e-02 0.000000000e+00 1.074778693e+00 0.000000000e+00 0.000000000e+00 1.000000000e+00 0.000000000e+00
-2.689228771e-02 -9.996383370e-01 0.000000000e+00 1.552653047e+00 9.996383370e-01 -2.689228771e-02 0.000000000e+00 1.078486678e+00 0.000000000e+00 0.000000000e+00 1.000000000e+00 0.000000000e+00
-2.909924901e-02 -9.995765272e-01 0.000000000e+00 1.553195638e+00 9.995765272e-01 -2.909924901e-02 0.000000000e+00 1.082141885e+00 0.000000000e+00 0.000000000e+00 1.000000000e+00 0.000000000e+00
-3.340227601e-02 -9.994419883e-01 0.000000000e+00 1.553702172e+00 9.994419883e-01 -3.340227601e-02 0.000000000e+00 1.085754200e+00 0.000000000e+00 0.000000000e+00 1.000000000e+00 0.000000000e+00
-3.801864507e-02 -9.992770300e-01 0.000000000e+00 1.554188385e+00 9.992770300e-01 -3.801864507e-02 0.000000000e+00 1.089383574e+00 0.000000000e+00 0.000000000e+00 1.000000000e+00 0.000000000e+00
-4.087292750e-02 -9.991643527e-01 0.000000000e+00 1.554753703e+00 9.991643527e-01 -4.087292750e-02 0.000000000e+00 1.093386971e+00 0.000000000e+00 0.000000000e+00 1.000000000e+00 0.000000000e+00
-4.522934155e-02 -9.989766297e-01 0.000000000e+00 1.555250826e+00 9.989766297e-01 -4.522934155e-02 0.000000000e+00 1.097304455e+00 0.000000000e+00 0.000000000e+00 1.000000000e+00 0.000000000e+00
-4.970392513e-02 -9.987639961e-01 0.000000000e+00 1.555675430e+00 9.987639961e-01 -4.970392513e-02 0.000000000e+00 1.100808682e+00 0.000000000e+00 0.000000000e+00 1.000000000e+00 0.000000000e+00
-5.221687625e-02 -9.986357684e-01 0.000000000e+00 1.556158670e+00 9.986357684e-01 -5.221687625e-02 0.000000000e+00 1.104502753e+00 0.000000000e+00 0.000000000e+00 1.000000000e+00 0.000000000e+00
-5.717490196e-02 -9.983641773e-01 0.000000000e+00 1.556581722e+00 9.983641773e-01 -5.717490196e-02 0.000000000e+00 1.108359572e+00 0.000000000e+00 0.000000000e+00 1.000000000e+00 0.000000000e+00
-6.186146130e-02 -9.980847457e-01 0.000000000e+00 1.556971091e+00 9.980847457e-01 -6.186146130e-02 0.000000000e+00 1.111935298e+00 0.000000000e+00 0.000000000e+00 1.000000000e+00 0.000000000e+00
-6.487196036e-02 -9.978935959e-01 0.000000000e+00 1.557436359e+00 9.978935959e-01 -6.487196036e-02 0.000000000e+00 1.115688306e+00 0.000000000e+00 0.000000000e+00 1.000000000e+00 0.000000000e+00
-7.028461069e-02 -9.975269788e-01 0.000000000e+00 1.557843622e+00 9.975269788e-01 -7.028461069e-02 0.000000000e+00 1.119495563e+00 0.000000000e+00 0.000000000e+00 1.000000000e+00 0.000000000e+00
-7.540806117e-02 -9.971527588e-01 0.000000000e+00 1.558179156e+00 9.971527588e-01 -7.540806117e-02 0.000000000e+00 1.122819846e+00 0.000000000e+00 0.000000000e+00 1.000000000e+00 0.000000000e+00
-7.827059277e-02 -9.969321513e-01 0.000000000e+00 1.558591479e+00 9.969321513e-01 -7.827059277e-02 0.000000000e+00 1.126602501e+00 0.000000000e+00 0.000000000e+00 1.000000000e+00 0.000000000e+00
-8.359376999e-02 -9.964999155e-01 0.000000000e+00 1.558986171e+00 9.964999155e-01 -8.359376999e-02 0.000000000e+00 1.130868437e+00 0.000000000e+00 0.000000000e+00 1.000000000e+00 0.000000000e+00
-8.889718822e-02 -9.960408074e-01 0.000000000e+00 1.559298973e+00 9.960408074e-01 -8.889718822e-02 0.000000000e+00 1.134703169e+00 0.000000000e+00 0.000000000e+00 1.000000000e+00 0.000000000e+00
-9.205779274e-02 -9.957536657e-01 0.000000000e+00 1.559631737e+00 9.957536657e-01 -9.205779274e-02 0.000000000e+00 1.138342135e+00 0.000000000e+00 0.000000000e+00 1.000000000e+00 0.000000000e+00
-9.727316335e-02 -9.952577212e-01 0.000000000e+00 1.559936757e+00 9.952577212e-01 -9.727316335e-02 0.000000000e+00 1.142124847e+00 0.000000000e+00 0.000000000e+00 1.000000000e+00 0.000000000e+00
-1.027288533e-01 -9.947093961e-01 0.000000000e+00 1.560227032e+00 9.947093961e-01 -1.027288533e-01 0.000000000e+00 1.145848901e+00 0.000000000e+00 0.000000000e+00 1.000000000e+00 0.000000000e+00
-1.062872155e-01 -9.943354705e-01 0.000000000e+00 1.560531592e+00 9.943354705e-01 -1.062872155e-01 0.000000000e+00 1.149565221e+00 0.000000000e+00 0.000000000e+00 1.000000000e+00 0.000000000e+00
-1.116452842e-01 -9.937481223e-01 0.000000000e+00 1.560795037e+00 9.937481223e-01 -1.116452842e-01 0.000000000e+00 1.153673657e+00 0.000000000e+00 0.000000000e+00 1.000000000e+00 0.000000000e+00
-1.169278378e-01 -9.931404134e-01 0.000000000e+00 1.561039990e+00 9.931404134e-01 -1.169278378e-01 0.000000000e+00 1.157303797e+00 0.000000000e+00 0.000000000e+00 1.000000000e+00 0.000000000e+00
-1.202090427e-01 -9.927486016e-01 0.000000000e+00 1.561335826e+00 9.927486016e-01 -1.202090427e-01 0.000000000e+00 1.161066224e+00 0.000000000e+00 0.000000000e+00 1.000000000e+00 0.000000000e+00
-1.256506960e-01 -9.920745449e-01 0.000000000e+00 1.561511458e+00 9.920745449e-01 -1.256506960e-01 0.000000000e+00 1.165204957e+00 0.000000000e+00 0.000000000e+00 1.000000000e+00 0.000000000e+00
-1.307799942e-01 -9.914114147e-01 0.000000000e+00 1.561670910e+00 9.914114147e-01 -1.307799942e-01 0.000000000e+00 1.168571083e+00 0.000000000e+00 0.000000000e+00 1.000000000e+00 0.000000000e+00
-1.336777417e-01 -9.910248541e-01 0.000000000e+00 1.561907712e+00 9.910248541e-01 -1.336777417e-01 0.000000000e+00 1.171831467e+00 0.000000000e+00 0.000000000e+00 1.000000000e+00 0.000000000e+00
-1.387957673e-01 -9.903210262e-01 0.000000000e+00 1.562126574e+00 9.903210262e-01 -1.387957673e-01 0.000000000e+00 1.175959818e+00 0.000000000e+00 0.000000000e+00 1.000000000e+00 0.000000000e+00
-1.436394234e-01 -9.896300905e-01 0.000000000e+00 1.562304909e+00 9.896300905e-01 -1.436394234e-01 0.000000000e+00 1.179922067e+00 0.000000000e+00 0.000000000e+00 1.000000000e+00 0.000000000e+00
-1.465348063e-01 -9.892055148e-01 0.000000000e+00 1.562456605e+00 9.892055148e-01 -1.465348063e-01 0.000000000e+00 1.183459117e+00 0.000000000e+00 0.000000000e+00 1.000000000e+00 0.000000000e+00
-1.508899009e-01 -9.885505742e-01 0.000000000e+00 1.562595993e+00 9.885505742e-01 -1.508899009e-01 0.000000000e+00 1.187327167e+00 0.000000000e+00 0.000000000e+00 1.000000000e+00 0.000000000e+00
-1.553828191e-01 -9.878543311e-01 0.000000000e+00 1.562718192e+00 9.878543311e-01 -1.553828191e-01 0.000000000e+00 1.190992979e+00 0.000000000e+00 0.000000000e+00 1.000000000e+00 0.000000000e+00
-1.582500120e-01 -9.873990752e-01 0.000000000e+00 1.562876303e+00 9.873990752e-01 -1.582500120e-01 0.000000000e+00 1.194686575e+00 0.000000000e+00 0.000000000e+00 1.000000000e+00 0.000000000e+00
-1.627290132e-01 -9.866708003e-01 0.000000000e+00 1.562991598e+00 9.866708003e-01 -1.627290132e-01 0.000000000e+00 1.198593518e+00 0.000000000e+00 0.000000000e+00 1.000000000e+00 0.000000000e+00
-1.672276382e-01 -9.859183115e-01 0.000000000e+00 1.563040435e+00 9.859183115e-01 -1.672276382e-01 0.000000000e+00 1.202196330e+00 0.000000000e+00 0.000000000e+00 1.000000000e+00 0.000000000e+00
-1.700547159e-01 -9.854346217e-01 0.000000000e+00 1.563133564e+00 9.854346217e-01 -1.700547159e-01 0.000000000e+00 1.205885143e+00 0.000000000e+00 0.000000000e+00 1.000000000e+00 0.000000000e+00
-1.744359160e-01 -9.846685286e-01 0.000000000e+00 1.563213886e+00 9.846685286e-01 -1.744359160e-01 0.000000000e+00 1.210022409e+00 0.000000000e+00 0.000000000e+00 1.000000000e+00 0.000000000e+00
-1.788766164e-01 -9.838715140e-01 0.000000000e+00 1.563238767e+00 9.838715140e-01 -1.788766164e-01 0.000000000e+00 1.213502503e+00 0.000000000e+00 0.000000000e+00 1.000000000e+00 0.000000000e+00
-1.815633625e-01 -9.833792480e-01 0.000000000e+00 1.563302647e+00 9.833792480e-01 -1.815633625e-01 0.000000000e+00 1.217044090e+00 0.000000000e+00 0.000000000e+00 1.000000000e+00 0.000000000e+00
-1.857037877e-01 -9.826057720e-01 0.000000000e+00 1.563345326e+00 9.826057720e-01 -1.857037877e-01 0.000000000e+00 1.220937539e+00 0.000000000e+00 0.000000000e+00 1.000000000e+00 0.000000000e+00
-1.900893770e-01 -9.817667894e-01 0.000000000e+00 1.563338499e+00 9.817667894e-01 -1.900893770e-01 0.000000000e+00 1.224518181e+00 0.000000000e+00 0.000000000e+00 1.000000000e+00 0.000000000e+00
-1.925904748e-01 -9.812792207e-01 0.000000000e+00 1.563362486e+00 9.812792207e-01 -1.925904748e-01 0.000000000e+00 1.228235894e+00 0.000000000e+00 0.000000000e+00 1.000000000e+00 0.000000000e+00
-1.970242500e-01 -9.803986153e-01 0.000000000e+00 1.563306106e+00 9.803986153e-01 -1.970242500e-01 0.000000000e+00 1.232296935e+00 0.000000000e+00 0.000000000e+00 1.000000000e+00 0.000000000e+00
-2.011149394e-01 -9.795676501e-01 0.000000000e+00 1.563248709e+00 9.795676501e-01 -2.011149394e-01 0.000000000e+00 1.235664661e+00 0.000000000e+00 0.000000000e+00 1.000000000e+00 0.000000000e+00
-2.034281387e-01 -9.790898796e-01 0.000000000e+00 1.563231660e+00 9.790898796e-01 -2.034281387e-01 0.000000000e+00 1.239402377e+00 0.000000000e+00 0.000000000e+00 1.000000000e+00 0.000000000e+00
-2.070722296e-01 -9.783256573e-01 0.000000000e+00 1.563184622e+00 9.783256573e-01 -2.070722296e-01 0.000000000e+00 1.243213521e+00 0.000000000e+00 0.000000000e+00 1.000000000e+00 0.000000000e+00
-2.103324311e-01 -9.776299241e-01 0.000000000e+00 1.563135049e+00 9.776299241e-01 -2.103324311e-01 0.000000000e+00 1.246588290e+00 0.000000000e+00 0.000000000e+00 1.000000000e+00 0.000000000e+00
-2.120781896e-01 -9.772527009e-01 0.000000000e+00 1.563076061e+00 9.772527009e-01 -2.120781896e-01 0.000000000e+00 1.250084613e+00 0.000000000e+00 0.000000000e+00 1.000000000e+00 0.000000000e+00
-2.151188593e-01 -9.765878744e-01 0.000000000e+00 1.562950736e+00 9.765878744e-01 -2.151188593e-01 0.000000000e+00 1.253889928e+00 0.000000000e+00 0.000000000e+00 1.000000000e+00 0.000000000e+00
-2.181914920e-01 -9.759059754e-01 0.000000000e+00 1.562797893e+00 9.759059754e-01 -2.181914920e-01 0.000000000e+00 1.257372220e+00 0.000000000e+00 0.000000000e+00 1.000000000e+00 0.000000000e+00
-2.201469910e-01 -9.754667100e-01 0.000000000e+00 1.562690487e+00 9.754667100e-01 -2.201469910e-01 0.000000000e+00 1.260892125e+00 0.000000000e+00 0.000000000e+00 1.000000000e+00 0.000000000e+00
-2.230544680e-01 -9.748059829e-01 0.000000000e+00 1.562570243e+00 9.748059829e-01 -2.230544680e-01 0.000000000e+00 1.264691458e+00 0.000000000e+00 0.000000000e+00 1.000000000e+00 0.000000000e+00
-2.274048581e-01 -9.738003032e-01 0.000000000e+00 1.562359266e+00 9.738003032e-01 -2.274048581e-01 0.000000000e+00 1.271654459e+00 0.000000000e+00 0.000000000e+00 1.000000000e+00 0.000000000e+00
-2.296392382e-01 -9.732758192e-01 0.000000000e+00 1.562177473e+00 9.732758192e-01 -2.296392382e-01 0.000000000e+00 1.275442512e+00 0.000000000e+00 0.000000000e+00 1.000000000e+00 0.000000000e+00
-2.314705900e-01 -9.728419018e-01 0.000000000e+00 1.561995380e+00 9.728419018e-01 -2.314705900e-01 0.000000000e+00 1.278763175e+00 0.000000000e+00 0.000000000e+00 1.000000000e+00 0.000000000e+00
-2.323138196e-01 -9.726408840e-01 0.000000000e+00 1.561828060e+00 9.726408840e-01 -2.323138196e-01 0.000000000e+00 1.282151024e+00 0.000000000e+00 0.000000000e+00 1.000000000e+00 0.000000000e+00
-2.353117591e-01 -9.719199432e-01 0.000000000e+00 1.561460295e+00 9.719199432e-01 -2.353117591e-01 0.000000000e+00 1.289062347e+00 0.000000000e+00 0.000000000e+00 1.000000000e+00 0.000000000e+00
-2.361202226e-01 -9.717238499e-01 0.000000000e+00 1.561291852e+00 9.717238499e-01 -2.361202226e-01 0.000000000e+00 1.292483806e+00 0.000000000e+00 0.000000000e+00 1.000000000e+00 0.000000000e+00
-2.371518679e-01 -9.714725892e-01 0.000000000e+00 1.560940862e+00 9.714725892e-01 -2.371518679e-01 0.000000000e+00 1.296865667e+00 0.000000000e+00 0.000000000e+00 1.000000000e+00 0.000000000e+00
-2.377989356e-01 -9.713144013e-01 0.000000000e+00 1.560719676e+00 9.713144013e-01 -2.377989356e-01 0.000000000e+00 1.299913287e+00 0.000000000e+00 0.000000000e+00 1.000000000e+00 0.000000000e+00
-2.380447355e-01 -9.712541912e-01 0.000000000e+00 1.560483727e+00 9.712541912e-01 -2.380447355e-01 0.000000000e+00 1.303579524e+00 0.000000000e+00 0.000000000e+00 1.000000000e+00 0.000000000e+00
-2.381295106e-01 -9.712334097e-01 0.000000000e+00 1.560251528e+00 9.712334097e-01 -2.381295106e-01 0.000000000e+00 1.306771261e+00 0.000000000e+00 0.000000000e+00 1.000000000e+00 0.000000000e+00
-2.381266654e-01 -9.712341073e-01 0.000000000e+00 1.560054800e+00 9.712341073e-01 -2.381266654e-01 0.000000000e+00 1.309516748e+00 0.000000000e+00 0.000000000e+00 1.000000000e+00 0.000000000e+00
-2.381238202e-01 -9.712348049e-01 0.000000000e+00 1.559839124e+00 9.712348049e-01 -2.381238202e-01 0.000000000e+00 1.312849290e+00 0.000000000e+00 0.000000000e+00 1.000000000e+00 0.000000000e+00
-2.381238202e-01 -9.712348049e-01 0.000000000e+00 1.559563798e+00 9.712348049e-01 -2.381238202e-01 0.000000000e+00 1.316142003e+00 0.000000000e+00 0.000000000e+00 1.000000000e+00 0.000000000e+00
-2.381238202e-01 -9.712348049e-01 0.000000000e+00 1.559222224e+00 9.712348049e-01 -2.381238202e-01 0.000000000e+00 1.319278813e+00 0.000000000e+00 0.000000000e+00 1.000000000e+00 0.000000000e+00
-2.381238202e-01 -9.712348049e-01 0.000000000e+00 1.558885114e+00 9.712348049e-01 -2.381238202e-01 0.000000000e+00 1.322351563e+00 0.000000000e+00 0.000000000e+00 1.000000000e+00 0.000000000e+00
-2.381238202e-01 -9.712348049e-01 0.000000000e+00 1.558546383e+00 9.712348049e-01 -2.381238202e-01 0.000000000e+00 1.325432560e+00 0.000000000e+00 0.000000000e+00 1.000000000e+00 0.000000000e+00
-2.381238202e-01 -9.712348049e-01 0.000000000e+00 1.558190857e+00 9.712348049e-01 -2.381238202e-01 0.000000000e+00 1.329252708e+00 0.000000000e+00 0.000000000e+00 1.000000000e+00 0.000000000e+00
-2.381238202e-01 -9.712348049e-01 0.000000000e+00 1.557846640e+00 9.712348049e-01 -2.381238202e-01 0.000000000e+00 1.332759283e+00 0.000000000e+00 0.000000000e+00 1.000000000e+00 0.000000000e+00
-2.381238202e-01 -9.712348049e-01 0.000000000e+00 1.557506641e+00 9.712348049e-01 -2.381238202e-01 0.000000000e+00 1.335993506e+00 0.000000000e+00 0.000000000e+00 1.000000000e+00 0.000000000e+00
-2.381238202e-01 -9.712348049e-01 0.000000000e+00 1.557058714e+00 9.712348049e-01 -2.381238202e-01 0.000000000e+00 1.339296354e+00 0.000000000e+00 0.000000000e+00 1.000000000e+00 0.000000000e+00
-2.381238202e-01 -9.712348049e-01 0.000000000e+00 1.556614146e+00 9.712348049e-01 -2.381238202e-01 0.000000000e+00 1.342580380e+00 0.000000000e+00 0.000000000e+00 1.000000000e+00 0.000000000e+00
-2.383103064e-01 -9.711890639e-01 0.000000000e+00 1.556171556e+00 9.711890639e-01 -2.383103064e-01 0.000000000e+00 1.346204825e+00 0.000000000e+00 0.000000000e+00 1.000000000e+00 0.000000000e+00
-2.390588786e-01 -9.710050734e-01 0.000000000e+00 1.555781469e+00 9.710050734e-01 -2.390588786e-01 0.000000000e+00 1.349212074e+00 0.000000000e+00 0.000000000e+00 1.000000000e+00 0.000000000e+00
-2.400925382e-01 -9.707500055e-01 0.000000000e+00 1.555379588e+00 9.707500055e-01 -2.400925382e-01 0.000000000e+00 1.352200300e+00 0.000000000e+00 0.000000000e+00 1.000000000e+00 0.000000000e+00
-2.432200365e-01 -9.699711407e-01 0.000000000e+00 1.554779897e+00 9.699711407e-01 -2.432200365e-01 0.000000000e+00 1.356282859e+00 0.000000000e+00 0.000000000e+00 1.000000000e+00 0.000000000e+00
-2.469651932e-01 -9.690243513e-01 0.000000000e+00 1.554193731e+00 9.690243513e-01 -2.469651932e-01 0.000000000e+00 1.359995037e+00 0.000000000e+00 0.000000000e+00 1.000000000e+00 0.000000000e+00
-2.491998442e-01 -9.684520833e-01 0.000000000e+00 1.553602519e+00 9.684520833e-01 -2.491998442e-01 0.000000000e+00 1.363541273e+00 0.000000000e+00 0.000000000e+00 1.000000000e+00 0.000000000e+00
-2.525731985e-01 -9.675777898e-01 0.000000000e+00 1.552968078e+00 9.675777898e-01 -2.525731985e-01 0.000000000e+00 1.367276944e+00 0.000000000e+00 0.000000000e+00 1.000000000e+00 0.000000000e+00
-2.564299610e-01 -9.665628149e-01 0.000000000e+00 1.552321273e+00 9.665628149e-01 -2.564299610e-01 0.000000000e+00 1.371047899e+00 0.000000000e+00 0.000000000e+00 1.000000000e+00 0.000000000e+00
-2.604652075e-01 -9.654832343e-01 0.000000000e+00 1.551736066e+00 9.654832343e-01 -2.604652075e-01 0.000000000e+00 1.374415429e+00 0.000000000e+00 0.000000000e+00 1.000000000e+00 0.000000000e+00
-2.631322540e-01 -9.647597716e-01 0.000000000e+00 1.551077509e+00 9.647597716e-01 -2.631322540e-01 0.000000000e+00 1.378173666e+00 0.000000000e+00 0.000000000e+00 1.000000000e+00 0.000000000e+00
-2.678466008e-01 -9.634615708e-01 0.000000000e+00 1.550369710e+00 9.634615708e-01 -2.678466008e-01 0.000000000e+00 1.381896144e+00 0.000000000e+00 0.000000000e+00 1.000000000e+00 0.000000000e+00
-2.706984588e-01 -9.626641909e-01 0.000000000e+00 1.549682215e+00 9.626641909e-01 -2.706984588e-01 0.000000000e+00 1.385407069e+00 0.000000000e+00 0.000000000e+00 1.000000000e+00 0.000000000e+00
-2.758386934e-01 -9.612039405e-01 0.000000000e+00 1.548889003e+00 9.612039405e-01 -2.758386934e-01 0.000000000e+00 1.389287355e+00 0.000000000e+00 0.000000000e+00 1.000000000e+00 0.000000000e+00
-2.816995877e-01 -9.595026536e-01 0.000000000e+00 1.548089164e+00 9.595026536e-01 -2.816995877e-01 0.000000000e+00 1.393145678e+00 0.000000000e+00 0.000000000e+00 1.000000000e+00 0.000000000e+00
-2.854151846e-01 -9.584039714e-01 0.000000000e+00 1.547330426e+00 9.584039714e-01 -2.854151846e-01 0.000000000e+00 1.396815880e+00 0.000000000e+00 0.000000000e+00 1.000000000e+00 0.000000000e+00
-2.912755003e-01 -9.566392125e-01 0.000000000e+00 1.546458008e+00 9.566392125e-01 -2.912755003e-01 0.000000000e+00 1.400848898e+00 0.000000000e+00 0.000000000e+00 1.000000000e+00 0.000000000e+00
-2.973943128e-01 -9.547547448e-01 0.000000000e+00 1.545621879e+00 9.547547448e-01 -2.973943128e-01 0.000000000e+00 1.404584178e+00 0.000000000e+00 0.000000000e+00 1.000000000e+00 0.000000000e+00
-3.012134198e-01 -9.535567501e-01 0.000000000e+00 1.544816512e+00 9.535567501e-01 -3.012134198e-01 0.000000000e+00 1.408211334e+00 0.000000000e+00 0.000000000e+00 1.000000000e+00 0.000000000e+00
-3.071545298e-01 -9.516596528e-01 0.000000000e+00 1.543893917e+00 9.516596528e-01 -3.071545298e-01 0.000000000e+00 1.412065276e+00 0.000000000e+00 0.000000000e+00 1.000000000e+00 0.000000000e+00
-3.128986075e-01 -9.497865347e-01 0.000000000e+00 1.542993344e+00 9.497865347e-01 -3.128986075e-01 0.000000000e+00 1.415811590e+00 0.000000000e+00 0.000000000e+00 1.000000000e+00 0.000000000e+00
-3.163638636e-01 -9.486379213e-01 0.000000000e+00 1.542119747e+00 9.486379213e-01 -3.163638636e-01 0.000000000e+00 1.419532760e+00 0.000000000e+00 0.000000000e+00 1.000000000e+00 0.000000000e+00
-3.217204458e-01 -9.468347030e-01 0.000000000e+00 1.541175527e+00 9.468347030e-01 -3.217204458e-01 0.000000000e+00 1.423312150e+00 0.000000000e+00 0.000000000e+00 1.000000000e+00 0.000000000e+00
-3.271491711e-01 -9.449727085e-01 0.000000000e+00 1.540240073e+00 9.449727085e-01 -3.271491711e-01 0.000000000e+00 1.426947861e+00 0.000000000e+00 0.000000000e+00 1.000000000e+00 0.000000000e+00
-3.304622246e-01 -9.438192190e-01 0.000000000e+00 1.539281278e+00 9.438192190e-01 -3.304622246e-01 0.000000000e+00 1.430570562e+00 0.000000000e+00 0.000000000e+00 1.000000000e+00 0.000000000e+00
-3.357475098e-01 -9.419520209e-01 0.000000000e+00 1.538246634e+00 9.419520209e-01 -3.357475098e-01 0.000000000e+00 1.434469465e+00 0.000000000e+00 0.000000000e+00 1.000000000e+00 0.000000000e+00
-3.408554432e-01 -9.401157199e-01 0.000000000e+00 1.537301761e+00 9.401157199e-01 -3.408554432e-01 0.000000000e+00 1.438040709e+00 0.000000000e+00 0.000000000e+00 1.000000000e+00 0.000000000e+00
-3.439683944e-01 -9.389812265e-01 0.000000000e+00 1.536344978e+00 9.389812265e-01 -3.439683944e-01 0.000000000e+00 1.441613888e+00 0.000000000e+00 0.000000000e+00 1.000000000e+00 0.000000000e+00
-3.485366269e-01 -9.372951614e-01 0.000000000e+00 1.535282633e+00 9.372951614e-01 -3.485366269e-01 0.000000000e+00 1.445523299e+00 0.000000000e+00 0.000000000e+00 1.000000000e+00 0.000000000e+00
-3.524950455e-01 -9.358136796e-01 0.000000000e+00 1.534314700e+00 9.358136796e-01 -3.524950455e-01 0.000000000e+00 1.449081854e+00 0.000000000e+00 0.000000000e+00 1.000000000e+00 0.000000000e+00
-3.549111669e-01 -9.349000287e-01 0.000000000e+00 1.533332505e+00 9.349000287e-01 -3.549111669e-01 0.000000000e+00 1.452399613e+00 0.000000000e+00 0.000000000e+00 1.000000000e+00 0.000000000e+00
-3.588078561e-01 -9.334114433e-01 0.000000000e+00 1.532230076e+00 9.334114433e-01 -3.588078561e-01 0.000000000e+00 1.455942780e+00 0.000000000e+00 0.000000000e+00 1.000000000e+00 0.000000000e+00
-3.625275159e-01 -9.319730684e-01 0.000000000e+00 1.531136128e+00 9.319730684e-01 -3.625275159e-01 0.000000000e+00 1.459554394e+00 0.000000000e+00 0.000000000e+00 1.000000000e+00 0.000000000e+00
-3.649174114e-01 -9.310398933e-01 0.000000000e+00 1.530089323e+00 9.310398933e-01 -3.649174114e-01 0.000000000e+00 1.463001693e+00 0.000000000e+00 0.000000000e+00 1.000000000e+00 0.000000000e+00
-3.685680873e-01 -9.296007557e-01 0.000000000e+00 1.528954642e+00 9.296007557e-01 -3.685680873e-01 0.000000000e+00 1.466636159e+00 0.000000000e+00 0.000000000e+00 1.000000000e+00 0.000000000e+00
-3.722022427e-01 -9.281516528e-01 0.000000000e+00 1.527864549e+00 9.281516528e-01 -3.722022427e-01 0.000000000e+00 1.470114573e+00 0.000000000e+00 0.000000000e+00 1.000000000e+00 0.000000000e+00
-3.744420744e-01 -9.272503076e-01 0.000000000e+00 1.526775567e+00 9.272503076e-01 -3.744420744e-01 0.000000000e+00 1.473596272e+00 0.000000000e+00 0.000000000e+00 1.000000000e+00 0.000000000e+00
-3.780804875e-01 -9.257727286e-01 0.000000000e+00 1.525587040e+00 9.257727286e-01 -3.780804875e-01 0.000000000e+00 1.477114831e+00 0.000000000e+00 0.000000000e+00 1.000000000e+00 0.000000000e+00
-3.818555561e-01 -9.242220157e-01 0.000000000e+00 1.524441880e+00 9.242220157e-01 -3.818555561e-01 0.000000000e+00 1.480494975e+00 0.000000000e+00 0.000000000e+00 1.000000000e+00 0.000000000e+00
-3.842684678e-01 -9.232213952e-01 0.000000000e+00 1.523225495e+00 9.232213952e-01 -3.842684678e-01 0.000000000e+00 1.484123696e+00 0.000000000e+00 0.000000000e+00 1.000000000e+00 0.000000000e+00
-3.879875106e-01 -9.216646308e-01 0.000000000e+00 1.522089312e+00 9.216646308e-01 -3.879875106e-01 0.000000000e+00 1.487398636e+00 0.000000000e+00 0.000000000e+00 1.000000000e+00 0.000000000e+00
-3.916975513e-01 -9.200940323e-01 0.000000000e+00 1.521001765e+00 9.200940323e-01 -3.916975513e-01 0.000000000e+00 1.490515861e+00 0.000000000e+00 0.000000000e+00 1.000000000e+00 0.000000000e+00
-3.940889687e-01 -9.190722957e-01 0.000000000e+00 1.519618523e+00 9.190722957e-01 -3.940889687e-01 0.000000000e+00 1.494398676e+00 0.000000000e+00 0.000000000e+00 1.000000000e+00 0.000000000e+00
-3.978125221e-01 -9.174667281e-01 0.000000000e+00 1.518288327e+00 9.174667281e-01 -3.978125221e-01 0.000000000e+00 1.498019650e+00 0.000000000e+00 0.000000000e+00 1.000000000e+00 0.000000000e+00
-4.014069993e-01 -9.158997876e-01 0.000000000e+00 1.517162605e+00 9.158997876e-01 -4.014069993e-01 0.000000000e+00 1.501014930e+00 0.000000000e+00 0.000000000e+00 1.000000000e+00 0.000000000e+00
-4.036810335e-01 -9.148997886e-01 0.000000000e+00 1.515862653e+00 9.148997886e-01 -4.036810335e-01 0.000000000e+00 1.504508419e+00 0.000000000e+00 0.000000000e+00 1.000000000e+00 0.000000000e+00
-4.073822989e-01 -9.132577197e-01 0.000000000e+00 1.514431872e+00 9.132577197e-01 -4.073822989e-01 0.000000000e+00 1.508291140e+00 0.000000000e+00 0.000000000e+00 1.000000000e+00 0.000000000e+00
-4.109177706e-01 -9.116724115e-01 0.000000000e+00 1.513220020e+00 9.116724115e-01 -4.109177706e-01 0.000000000e+00 1.511409485e+00 0.000000000e+00 0.000000000e+00 1.000000000e+00 0.000000000e+00
-4.130779575e-01 -9.106956687e-01 0.000000000e+00 1.511913076e+00 9.106956687e-01 -4.130779575e-01 0.000000000e+00 1.514738988e+00 0.000000000e+00 0.000000000e+00 1.000000000e+00 0.000000000e+00
-4.167012977e-01 -9.090434690e-01 0.000000000e+00 1.510358494e+00 9.090434690e-01 -4.167012977e-01 0.000000000e+00 1.518594429e+00 0.000000000e+00 0.000000000e+00 1.000000000e+00 0.000000000e+00
-4.203127437e-01 -9.073793019e-01 0.000000000e+00 1.508980925e+00 9.073793019e-01 -4.203127437e-01 0.000000000e+00 1.521932487e+00 0.000000000e+00 0.000000000e+00 1.000000000e+00 0.000000000e+00
-4.225839877e-01 -9.063237685e-01 0.000000000e+00 1.507583179e+00 9.063237685e-01 -4.225839877e-01 0.000000000e+00 1.525336157e+00 0.000000000e+00 0.000000000e+00 1.000000000e+00 0.000000000e+00
-4.262714219e-01 -9.045953100e-01 0.000000000e+00 1.506124832e+00 9.045953100e-01 -4.262714219e-01 0.000000000e+00 1.528865275e+00 0.000000000e+00 0.000000000e+00 1.000000000e+00 0.000000000e+00
-4.298440945e-01 -9.029031257e-01 0.000000000e+00 1.504725669e+00 9.029031257e-01 -4.298440945e-01 0.000000000e+00 1.532162024e+00 0.000000000e+00 0.000000000e+00 1.000000000e+00 0.000000000e+00
-4.319598401e-01 -9.018928409e-01 0.000000000e+00 1.503338808e+00 9.018928409e-01 -4.319598401e-01 0.000000000e+00 1.535407923e+00 0.000000000e+00 0.000000000e+00 1.000000000e+00 0.000000000e+00
-4.350032326e-01 -9.004288909e-01 0.000000000e+00 1.501902629e+00 9.004288909e-01 -4.350032326e-01 0.000000000e+00 1.538590629e+00 0.000000000e+00 0.000000000e+00 1.000000000e+00 0.000000000e+00
-4.401768847e-01 -8.979110815e-01 0.000000000e+00 1.498888389e+00 8.979110815e-01 -4.401768847e-01 0.000000000e+00 1.545275231e+00 0.000000000e+00 0.000000000e+00 1.000000000e+00 0.000000000e+00
-4.431676905e-01 -8.964387308e-01 0.000000000e+00 1.497283193e+00 8.964387308e-01 -4.431676905e-01 0.000000000e+00 1.548827577e+00 0.000000000e+00 0.000000000e+00 1.000000000e+00 0.000000000e+00
-4.464607374e-01 -8.948032241e-01 0.000000000e+00 1.495785409e+00 8.948032241e-01 -4.464607374e-01 0.000000000e+00 1.552101236e+00 0.000000000e+00 0.000000000e+00 1.000000000e+00 0.000000000e+00
-4.484924358e-01 -8.937866272e-01 0.000000000e+00 1.494369162e+00 8.937866272e-01 -4.484924358e-01 0.000000000e+00 1.555059926e+00 0.000000000e+00 0.000000000e+00 1.000000000e+00 0.000000000e+00
-4.512695582e-01 -8.923876881e-01 0.000000000e+00 1.492595422e+00 8.923876881e-01 -4.512695582e-01 0.000000000e+00 1.558695216e+00 0.000000000e+00 0.000000000e+00 1.000000000e+00 0.000000000e+00
-4.536379708e-01 -8.911860588e-01 0.000000000e+00 1.491001685e+00 8.911860588e-01 -4.536379708e-01 0.000000000e+00 1.561875555e+00 0.000000000e+00 0.000000000e+00 1.000000000e+00 0.000000000e+00
-4.541511966e-01 -8.909246268e-01 0.000000000e+00 1.489488310e+00 8.909246268e-01 -4.541511966e-01 0.000000000e+00 1.564994713e+00 0.000000000e+00 0.000000000e+00 1.000000000e+00 0.000000000e+00
-4.548093418e-01 -8.905888291e-01 0.000000000e+00 1.487941997e+00 8.905888291e-01 -4.548093418e-01 0.000000000e+00 1.568178577e+00 0.000000000e+00 0.000000000e+00 1.000000000e+00 0.000000000e+00
