1.000000000e+00 1.231376331e-16 0.000000000e+00 0.000000000e+00 1.841794192e-17 1.000000000e+00 0.000000000e+00 -1.110223025e-16 0.000000000e+00 0.000000000e+00 1.000000000e+00 0.000000000e+00
9.999755682e-01 -6.990208301e-03 0.000000000e+00 1.525337271e-03 6.990208301e-03 9.999755682e-01 0.000000000e+00 -4.503982219e-04 0.000000000e+00 0.000000000e+00 1.000000000e+00 0.000000000e+00
9.998893521e-01 -1.487560286e-02 0.000000000e+00 3.333906144e-03 1.487560286e-02 9.998893521e-01 0.000000000e+00 -9.925234932e-04 0.000000000e+00 0.000000000e+00 1.000000000e+00 0.000000000e+00
9.997965283e-01 -2.017181070e-02 0.000000000e+00 5.385620729e-03 2.017181070e-02 9.997965283e-01 0.000000000e+00 -1.739105934e-03 0.000000000e+00 0.000000000e+00 1.000000000e+00 0.000000000e+00
9.996169011e-01 -2.767762772e-02 0.000000000e+00 7.805941672e-03 2.767762772e-02 9.996169011e-01 0.000000000e+00 -2.566282266e-03 0.000000000e+00 0.000000000e+00 1.000000000e+00 0.000000000e+00
9.993745759e-01 -3.536180224e-02 0.000000000e+00 1.672503879e-02 3.536180224e-02 9.993745759e-01 0.000000000e+00 -6.387774968e-03 0.000000000e+00 0.000000000e+00 1.000000000e+00 0.000000000e+00
9.987269908e-01 -5.044202525e-02 0.000000000e+00 2.069374474e-02 5.044202525e-02 9.987269908e-01 0.000000000e+00 -7.600010076e-03 0.000000000e+00 0.000000000e+00 1.000000000e+00 0.000000000e+00
9.984171303e-01 -5.624263380e-02 0.000000000e+00 2.455968744e-02 5.624263380e-02 9.984171303e-01 0.000000000e+00 -9.105593425e-03 0.000000000e+00 0.000000000e+00 1.000000000e+00 0.000000000e+00
9.982018360e-01 -5.994242786e-02 0.000000000e+00 2.823939027e-02 5.994242786e-02 9.982018360e-01 0.000000000e+00 -1.050097412e-02 0.000000000e+00 0.000000000e+00 1.000000000e+00 0.000000000e+00
9.978406129e-01 -6.568189413e-02 0.000000000e+00 3.145605870e-02 6.568189413e-02 9.978406129e-01 0.000000000e+00 -1.161322936e-02 0.000000000e+00 0.000000000e+00 1.000000000e+00 0.000000000e+00
9.975239081e-01 -7.032817845e-02 0.000000000e+00 3.492041224e-02 7.032817845e-02 9.975239081e-01 0.000000000e+00 -1.286173548e-02 0.000000000e+00 0.000000000e+00 1.000000000e+00 0.000000000e+00
9.972501851e-01 -7.410849020e-02 0.000000000e+00 3.865245947e-02 7.410849020e-02 9.972501851e-01 0.000000000e+00 -1.425307852e-02 0.000000000e+00 0.000000000e+00 1.000000000e+00 0.000000000e+00
9.968065760e-01 -7.985392996e-02 0.000000000e+00 4.179257027e-02 7.985392996e-02 9.968065760e-01 0.000000000e+00 -1.532073277e-02 0.000000000e+00 0.000000000e+00 1.000000000e+00 0.000000000e+00
9.964403129e-01 -8.430126255e-02 0.000000000e+00 4.529087719e-02 8.430126255e-02 9.964403129e-01 0.000000000e+00 -1.658486861e-02 0.000000000e+00 0.000000000e+00 1.000000000e+00 0.000000000e+00
9.962192389e-01 -8.687478373e-02 0.000000000e+00 4.895654461e-02 8.687478373e-02 9.962192389e-01 0.000000000e+00 -1.788256816e-02 0.000000000e+00 0.000000000e+00 1.000000000e+00 0.000000000e+00
9.959834388e-01 -8.953764420e-02 0.000000000e+00 5.185415598e-02 8.953764420e-02 9.959834388e-01 0.000000000e+00 -1.884561634e-02 0.000000000e+00 0.000000000e+00 1.000000000e+00 0.000000000e+00
9.958171516e-01 -9.136848800e-02 0.000000000e+00 5.532904714e-02 9.136848800e-02 9.958171516e-01 0.000000000e+00 -2.005082761e-02 0.000000000e+00 0.000000000e+00 1.000000000e+00 0.000000000e+00
9.957139364e-01 -9.248652244e-02 0.000000000e+00 5.865441009e-02 9.248652244e-02 9.957139364e-01 0.000000000e+00 -2.122731667e-02 0.000000000e+00 0.000000000e+00 1.000000000e+00 0.000000000e+00
9.955578383e-01 -9.415195432e-02 0.000000000e+00 6.153204186e-02 9.415195432e-02 9.955578383e-01 0.000000000e+00 -2.221914509e-02 0.000000000e+00 0.000000000e+00 1.000000000e+00 0.000000000e+00
9.954553792e-01 -9.522913473e-02 0.000000000e+00 6.451440064e-02 9.522913473e-02 9.954553792e-01 0.000000000e+00 -2.325871525e-02 0.000000000e+00 0.000000000e+00 1.000000000e+00 0.000000000e+00
9.953402571e-01 -9.642495800e-02 0.000000000e+00 6.851997458e-02 9.642495800e-02 9.953402571e-01 0.000000000e+00 -2.462703534e-02 0.000000000e+00 0.000000000e+00 1.000000000e+00 0.000000000e+00
9.951787210e-01 -9.807809790e-02 0.000000000e+00 7.149039799e-02 9.807809790e-02 9.951787210e-01 0.000000000e+00 -2.552542764e-02 0.000000000e+00 0.000000000e+00 1.000000000e+00 0.000000000e+00
9.949810242e-01 -1.000637870e-01 0.000000000e+00 7.498657441e-02 1.000637870e-01 9.949810242e-01 0.000000000e+00 -2.658117009e-02 0.000000000e+00 0.000000000e+00 1.000000000e+00 0.000000000e+00
9.948326596e-01 -1.015282197e-01 0.000000000e+00 7.854379992e-02 1.015282197e-01 9.948326596e-01 0.000000000e+00 -2.767402636e-02 0.000000000e+00 0.000000000e+00 1.000000000e+00 0.000000000e+00
9.944192563e-01 -1.055004391e-01 0.000000000e+00 8.166343280e-02 1.055004391e-01 9.944192563e-01 0.000000000e+00 -2.853984249e-02 0.000000000e+00 0.000000000e+00 1.000000000e+00 0.000000000e+00
9.940271647e-01 -1.091329278e-01 0.000000000e+00 8.514019481e-02 1.091329278e-01 9.940271647e-01 0.000000000e+00 -2.952184168e-02 0.000000000e+00 0.000000000e+00 1.000000000e+00 0.000000000e+00
9.936178693e-01 -1.127986246e-01 0.000000000e+00 8.877205450e-02 1.127986246e-01 9.936178693e-01 0.000000000e+00 -3.050833563e-02 0.000000000e+00 0.000000000e+00 1.000000000e+00 0.000000000e+00
9.929703255e-01 -1.183635614e-01 0.000000000e+00 9.213155840e-02 1.183635614e-01 9.929703255e-01 0.000000000e+00 -3.129921679e-02 0.000000000e+00 0.000000000e+00 1.000000000e+00 0.000000000e+00
9.924050893e-01 -1.230127583e-01 0.000000000e+00 9.588892296e-02 1.230127583e-01 9.924050893e-01 0.000000000e+00 -3.219376754e-02 0.000000000e+00 0.000000000e+00 1.000000000e+00 0.000000000e+00
9.919420457e-01 -1.266924546e-01 0.000000000e+00 9.930644745e-02 1.266924546e-01 9.919420457e-01 0.000000000e+00 -3.303341162e-02 0.000000000e+00 0.000000000e+00 1.000000000e+00 0.000000000e+00
9.912170759e-01 -1.322448809e-01 0.000000000e+00 1.023469120e-01 1.322448809e-01 9.912170759e-01 0.000000000e+00 -3.370434104e-02 0.000000000e+00 0.000000000e+00 1.000000000e+00 0.000000000e+00
9.905900546e-01 -1.368624991e-01 0.000000000e+00 1.059829981e-01 1.368624991e-01 9.905900546e-01 0.000000000e+00 -3.455989979e-02 0.000000000e+00 0.000000000e+00 1.000000000e+00 0.000000000e+00
9.900609072e-01 -1.406392552e-01 0.000000000e+00 1.099170634e-01 1.406392552e-01 9.900609072e-01 0.000000000e+00 -3.547818483e-02 0.000000000e+00 0.000000000e+00 1.000000000e+00 0.000000000e+00
9.892625424e-01 -1.461493146e-01 0.000000000e+00 1.135591668e-01 1.461493146e-01 9.892625424e-01 0.000000000e+00 -3.620676845e-02 0.000000000e+00 0.000000000e+00 1.000000000e+00 0.000000000e+00
9.885031179e-01 -1.512004826e-01 0.000000000e+00 1.169893458e-01 1.512004826e-01 9.885031179e-01 0.000000000e+00 -3.685832691e-02 0.000000000e+00 0.000000000e+00 1.000000000e+00 0.000000000e+00
9.879584813e-01 -1.547192268e-01 0.000000000e+00 1.207527246e-01 1.547192268e-01 9.879584813e-01 0.000000000e+00 -3.763269459e-02 0.000000000e+00 0.000000000e+00 1.000000000e+00 0.000000000e+00
9.871845556e-01 -1.595827473e-01 0.000000000e+00 1.243041741e-01 1.595827473e-01 9.871845556e-01 0.000000000e+00 -3.831365092e-02 0.000000000e+00 0.000000000e+00 1.000000000e+00 0.000000000e+00
9.864616910e-01 -1.639918659e-01 0.000000000e+00 1.292754712e-01 1.639918659e-01 9.864616910e-01 0.000000000e+00 -3.934034717e-02 0.000000000e+00 0.000000000e+00 1.000000000e+00 0.000000000e+00
9.857631848e-01 -1.681396549e-01 0.000000000e+00 1.331489725e-01 1.681396549e-01 9.857631848e-01 0.000000000e+00 -4.006239929e-02 0.000000000e+00 0.000000000e+00 1.000000000e+00 0.000000000e+00
9.850632469e-01 -1.721929138e-01 0.000000000e+00 1.356878653e-01 1.721929138e-01 9.850632469e-01 0.000000000e+00 -4.045140862e-02 0.000000000e+00 0.000000000e+00 1.000000000e+00 0.000000000e+00
9.841012041e-01 -1.776086150e-01 0.000000000e+00 1.424175775e-01 1.776086150e-01 9.841012041e-01 0.000000000e+00 -4.160564239e-02 0.000000000e+00 0.000000000e+00 1.000000000e+00 0.000000000e+00
9.837709267e-01 -1.794289936e-01 0.000000000e+00 1.455960464e-01 1.794289936e-01 9.837709267e-01 0.000000000e+00 -4.216674075e-02 0.000000000e+00 0.000000000e+00 1.000000000e+00 0.000000000e+00
9.833194907e-01 -1.818867210e-01 0.000000000e+00 1.492328850e-01 1.818867210e-01 9.833194907e-01 0.000000000e+00 -4.279549135e-02 0.000000000e+00 0.000000000e+00 1.000000000e+00 0.000000000e+00
9.830154804e-01 -1.835226561e-01 0.000000000e+00 1.530183449e-01 1.835226561e-01 9.830154804e-01 0.000000000e+00 -4.346509767e-02 0.000000000e+00 0.000000000e+00 1.000000000e+00 0.000000000e+00
9.825138246e-01 -1.861896463e-01 0.000000000e+00 1.560665531e-01 1.861896463e-01 9.825138246e-01 0.000000000e+00 -4.390923185e-02 0.000000000e+00 0.000000000e+00 1.000000000e+00 0.000000000e+00
9.820021165e-01 -1.888699106e-01 0.000000000e+00 1.595344671e-01 1.888699106e-01 9.820021165e-01 0.000000000e+00 -4.436753585e-02 0.000000000e+00 0.000000000e+00 1.000000000e+00 0.000000000e+00
9.816771015e-01 -1.905520099e-01 0.000000000e+00 1.630466581e-01 1.905520099e-01 9.816771015e-01 0.000000000e+00 -4.486008024e-02 0.000000000e+00 0.000000000e+00 1.000000000e+00 0.000000000e+00
9.806248748e-01 -1.958950101e-01 0.000000000e+00 1.697750223e-01 1.958950101e-01 9.806248748e-01 0.000000000e+00 -4.574216929e-02 0.000000000e+00 0.000000000e+00 1.000000000e+00 0.000000000e+00
9.802705640e-01 -1.976603687e-01 0.000000000e+00 1.736353877e-01 1.976603687e-01 9.802705640e-01 0.000000000e+00 -4.625613233e-02 0.000000000e+00 0.000000000e+00 1.000000000e+00 0.000000000e+00
9.797276178e-01 -2.003342082e-01 0.000000000e+00 1.768234380e-01 2.003342082e-01 9.797276178e-01 0.000000000e+00 -4.662871990e-02 0.000000000e+00 0.000000000e+00 1.000000000e+00 0.000000000e+00
9.793341409e-01 -2.022489569e-01 0.000000000e+00 1.803094382e-01 2.022489569e-01 9.793341409e-01 0.000000000e+00 -4.698711079e-02 0.000000000e+00 0.000000000e+00 1.000000000e+00 0.000000000e+00
9.783491297e-01 -2.069613018e-01 0.000000000e+00 1.873503117e-01 2.069613018e-01 9.783491297e-01 0.000000000e+00 -4.766899169e-02 0.000000000e+00 0.000000000e+00 1.000000000e+00 0.000000000e+00
9.779165490e-01 -2.089957492e-01 0.000000000e+00 1.908836624e-01 2.089957492e-01 9.779165490e-01 0.000000000e+00 -4.801965087e-02 0.000000000e+00 0.000000000e+00 1.000000000e+00 0.000000000e+00
9.763677169e-01 -2.161158979e-01 0.000000000e+00 1.981055257e-01 2.161158979e-01 9.763677169e-01 0.000000000e+00 -4.857147106e-02 0.000000000e+00 0.000000000e+00 1.000000000e+00 0.000000000e+00
9.753827415e-01 -2.205187238e-01 0.000000000e+00 2.018866484e-01 2.205187238e-01 9.753827415e-01 0.000000000e+00 -4.878318221e-02 0.000000000e+00 0.000000000e+00 1.000000000e+00 0.000000000e+00
9.737155100e-01 -2.277676572e-01 0.000000000e+00 2.086626961e-01 2.277676572e-01 9.737155100e-01 0.000000000e+00 -4.911919045e-02 0.000000000e+00 0.000000000e+00 1.000000000e+00 0.000000000e+00
9.727859620e-01 -2.317055719e-01 0.000000000e+00 2.120576259e-01 2.317055719e-01 9.727859620e-01 0.000000000e+00 -4.927782067e-02 0.000000000e+00 0.000000000e+00 1.000000000e+00 0.000000000e+00
9.711606243e-01 -2.384261769e-01 0.000000000e+00 2.197315160e-01 2.384261769e-01 9.711606243e-01 0.000000000e+00 -4.964738503e-02 0.000000000e+00 0.000000000e+00 1.000000000e+00 0.000000000e+00
9.702217824e-01 -2.422182753e-01 0.000000000e+00 2.234009447e-01 2.422182753e-01 9.702217824e-01 0.000000000e+00 -4.973661980e-02 0.000000000e+00 0.000000000e+00 1.000000000e+00 0.000000000e+00
9.695921146e-01 -2.447266459e-01 0.000000000e+00 2.272491571e-01 2.447266459e-01 9.695921146e-01 0.000000000e+00 -4.983429667e-02 0.000000000e+00 0.000000000e+00 1.000000000e+00 0.000000000e+00
9.686055695e-01 -2.486025961e-01 0.000000000e+00 2.305420494e-01 2.486025961e-01 9.686055695e-01 0.000000000e+00 -4.986972523e-02 0.000000000e+00 0.000000000e+00 1.000000000e+00 0.000000000e+00
9.676746968e-01 -2.522016676e-01 0.000000000e+00 2.339159287e-01 2.522016676e-01 9.676746968e-01 0.000000000e+00 -4.991312313e-02 0.000000000e+00 0.000000000e+00 1.000000000e+00 0.000000000e+00
9.670125707e-01 -2.547286557e-01 0.000000000e+00 2.376631051e-01 2.547286557e-01 9.670125707e-01 0.000000000e+00 -4.997442273e-02 0.000000000e+00 0.000000000e+00 1.000000000e+00 0.000000000e+00
9.659927916e-01 -2.585689976e-01 0.000000000e+00 2.413684869e-01 2.585689976e-01 9.659927916e-01 0.000000000e+00 -4.996779372e-02 0.000000000e+00 0.000000000e+00 1.000000000e+00 0.000000000e+00
9.650324966e-01 -2.621302739e-01 0.000000000e+00 2.451356017e-01 2.621302739e-01 9.650324966e-01 0.000000000e+00 -4.990803155e-02 0.000000000e+00 0.000000000e+00 1.000000000e+00 0.000000000e+00
9.644183397e-01 -2.643809109e-01 0.000000000e+00 2.490252903e-01 2.643809109e-01 9.644183397e-01 0.000000000e+00 -4.987351936e-02 0.000000000e+00 0.000000000e+00 1.000000000e+00 0.000000000e+00
9.633796547e-01 -2.681410841e-01 0.000000000e+00 2.521208472e-01 2.681410841e-01 9.633796547e-01 0.000000000e+00 -4.981622943e-02 0.000000000e+00 0.000000000e+00 1.000000000e+00 0.000000000e+00
9.623817556e-01 -2.717008583e-01 0.000000000e+00 2.558020225e-01 2.717008583e-01 9.623817556e-01 0.000000000e+00 -4.973809301e-02 0.000000000e+00 0.000000000e+00 1.000000000e+00 0.000000000e+00
9.618026008e-01 -2.737439625e-01 0.000000000e+00 2.598299690e-01 2.737439625e-01 9.618026008e-01 0.000000000e+00 -4.966915242e-02 0.000000000e+00 0.000000000e+00 1.000000000e+00 0.000000000e+00
9.608968341e-01 -2.769066165e-01 0.000000000e+00 2.628029861e-01 2.769066165e-01 9.608968341e-01 0.000000000e+00 -4.955048941e-02 0.000000000e+00 0.000000000e+00 1.000000000e+00 0.000000000e+00
9.599724629e-01 -2.800943958e-01 0.000000000e+00 2.662536768e-01 2.800943958e-01 9.599724629e-01 0.000000000e+00 -4.940529979e-02 0.000000000e+00 0.000000000e+00 1.000000000e+00 0.000000000e+00
9.593706049e-01 -2.821489720e-01 0.000000000e+00 2.700506298e-01 2.821489720e-01 9.593706049e-01 0.000000000e+00 -4.923349216e-02 0.000000000e+00 0.000000000e+00 1.000000000e+00 0.000000000e+00
9.584470775e-01 -2.852703973e-01 0.000000000e+00 2.733656647e-01 2.852703973e-01 9.584470775e-01 0.000000000e+00 -4.905470979e-02 0.000000000e+00 0.000000000e+00 1.000000000e+00 0.000000000e+00
9.576015188e-01 -2.880960450e-01 0.000000000e+00 2.775075864e-01 2.880960450e-01 9.576015188e-01 0.000000000e+00 -4.885316195e-02 0.000000000e+00 0.000000000e+00 1.000000000e+00 0.000000000e+00
9.566391737e-01 -2.912756277e-01 0.000000000e+00 2.811480204e-01 2.912756277e-01 9.566391737e-01 0.000000000e+00 -4.866022322e-02 0.000000000e+00 0.000000000e+00 1.000000000e+00 0.000000000e+00
9.559886190e-01 -2.934037497e-01 0.000000000e+00 2.841056013e-01 2.934037497e-01 9.559886190e-01 0.000000000e+00 -4.848172289e-02 0.000000000e+00 0.000000000e+00 1.000000000e+00 0.000000000e+00
9.550751306e-01 -2.963637881e-01 0.000000000e+00 2.873126526e-01 2.963637881e-01 9.550751306e-01 0.000000000e+00 -4.822137242e-02 0.000000000e+00 0.000000000e+00 1.000000000e+00 0.000000000e+00
9.544245441e-01 -2.984523238e-01 0.000000000e+00 2.911246782e-01 2.984523238e-01 9.544245441e-01 0.000000000e+00 -4.792563923e-02 0.000000000e+00 0.000000000e+00 1.000000000e+00 0.000000000e+00
9.534409854e-01 -3.015796534e-01 0.000000000e+00 2.946607198e-01 3.015796534e-01 9.534409854e-01 0.000000000e+00 -4.761882580e-02 0.000000000e+00 0.000000000e+00 1.000000000e+00 0.000000000e+00
9.525526142e-01 -3.043739757e-01 0.000000000e+00 2.981798728e-01 3.043739757e-01 9.525526142e-01 0.000000000e+00 -4.731896595e-02 0.000000000e+00 0.000000000e+00 1.000000000e+00 0.000000000e+00
9.518551258e-01 -3.065482336e-01 0.000000000e+00 3.017761861e-01 3.065482336e-01 9.518551258e-01 0.000000000e+00 -4.702091011e-02 0.000000000e+00 0.000000000e+00 1.000000000e+00 0.000000000e+00
9.508485858e-01 -3.096562075e-01 0.000000000e+00 3.048276453e-01 3.096562075e-01 9.508485858e-01 0.000000000e+00 -4.673745347e-02 0.000000000e+00 0.000000000e+00 1.000000000e+00 0.000000000e+00
9.499202341e-01 -3.124924782e-01 0.000000000e+00 3.085560815e-01 3.124924782e-01 9.499202341e-01 0.000000000e+00 -4.635996825e-02 0.000000000e+00 0.000000000e+00 1.000000000e+00 0.000000000e+00
9.492746661e-01 -3.144481012e-01 0.000000000e+00 3.127419755e-01 3.144481012e-01 9.492746661e-01 0.000000000e+00 -4.591734255e-02 0.000000000e+00 0.000000000e+00 1.000000000e+00 0.000000000e+00
9.482331136e-01 -3.175751287e-01 0.000000000e+00 3.159596794e-01 3.175751287e-01 9.482331136e-01 0.000000000e+00 -4.552562912e-02 0.000000000e+00 0.000000000e+00 1.000000000e+00 0.000000000e+00
9.472755089e-01 -3.204202089e-01 0.000000000e+00 3.194586867e-01 3.204202089e-01 9.472755089e-01 0.000000000e+00 -4.509383630e-02 0.000000000e+00 0.000000000e+00 1.000000000e+00 0.000000000e+00
9.466229775e-01 -3.223428896e-01 0.000000000e+00 3.232234141e-01 3.223428896e-01 9.466229775e-01 0.000000000e+00 -4.463451349e-02 0.000000000e+00 0.000000000e+00 1.000000000e+00 0.000000000e+00
9.455668593e-01 -3.254278945e-01 0.000000000e+00 3.265170695e-01 3.254278945e-01 9.455668593e-01 0.000000000e+00 -4.419977068e-02 0.000000000e+00 0.000000000e+00 1.000000000e+00 0.000000000e+00
9.444815260e-01 -3.285645249e-01 0.000000000e+00 3.301939746e-01 3.285645249e-01 9.444815260e-01 0.000000000e+00 -4.369943081e-02 0.000000000e+00 0.000000000e+00 1.000000000e+00 0.000000000e+00
9.437576194e-01 -3.306381040e-01 0.000000000e+00 3.339639489e-01 3.306381040e-01 9.437576194e-01 0.000000000e+00 -4.314465785e-02 0.000000000e+00 0.000000000e+00 1.000000000e+00 0.000000000e+00
9.426608693e-01 -3.337521318e-01 0.000000000e+00 3.370468784e-01 3.337521318e-01 9.426608693e-01 0.000000000e+00 -4.266611557e-02 0.000000000e+00 0.000000000e+00 1.000000000e+00 0.000000000e+00
9.415351827e-01 -3.369146774e-01 0.000000000e+00 3.405010171e-01 3.369146774e-01 9.415351827e-01 0.000000000e+00 -4.213471725e-02 0.000000000e+00 0.000000000e+00 1.000000000e+00 0.000000000e+00
9.408531431e-01 -3.388146442e-01 0.000000000e+00 3.443743340e-01 3.388146442e-01 9.408531431e-01 0.000000000e+00 -4.159791451e-02 0.000000000e+00 0.000000000e+00 1.000000000e+00 0.000000000e+00
9.397413420e-01 -3.418862533e-01 0.000000000e+00 3.476719001e-01 3.418862533e-01 9.397413420e-01 0.000000000e+00 -4.108547772e-02 0.000000000e+00 0.000000000e+00 1.000000000e+00 0.000000000e+00
9.387619184e-01 -3.445664820e-01 0.000000000e+00 3.511731422e-01 3.445664820e-01 9.387619184e-01 0.000000000e+00 -4.049176990e-02 0.000000000e+00 0.000000000e+00 1.000000000e+00 0.000000000e+00
9.379918024e-01 -3.466574370e-01 0.000000000e+00 3.549683215e-01 3.466574370e-01 9.379918024e-01 0.000000000e+00 -3.980057830e-02 0.000000000e+00 0.000000000e+00 1.000000000e+00 0.000000000e+00
9.368482499e-01 -3.497361242e-01 0.000000000e+00 3.582955055e-01 3.497361242e-01 9.368482499e-01 0.000000000e+00 -3.915628835e-02 0.000000000e+00 0.000000000e+00 1.000000000e+00 0.000000000e+00
9.357664520e-01 -3.526204011e-01 0.000000000e+00 3.616857456e-01 3.526204011e-01 9.357664520e-01 0.000000000e+00 -3.852910023e-02 0.000000000e+00 0.000000000e+00 1.000000000e+00 0.000000000e+00
9.350093777e-01 -3.546229881e-01 0.000000000e+00 3.653333753e-01 3.546229881e-01 9.350093777e-01 0.000000000e+00 -3.787187715e-02 0.000000000e+00 0.000000000e+00 1.000000000e+00 0.000000000e+00
9.338272013e-01 -3.577244165e-01 0.000000000e+00 3.685544712e-01 3.577244165e-01 9.338272013e-01 0.000000000e+00 -3.726833373e-02 0.000000000e+00 0.000000000e+00 1.000000000e+00 0.000000000e+00
9.330623655e-01 -3.597146399e-01 0.000000000e+00 3.720572247e-01 3.597146399e-01 9.330623655e-01 0.000000000e+00 -3.656801971e-02 0.000000000e+00 0.000000000e+00 1.000000000e+00 0.000000000e+00
9.322216985e-01 -3.618876964e-01 0.000000000e+00 3.758317571e-01 3.618876964e-01 9.322216985e-01 0.000000000e+00 -3.579290202e-02 0.000000000e+00 0.000000000e+00 1.000000000e+00 0.000000000e+00
9.310408894e-01 -3.649148699e-01 0.000000000e+00 3.789870949e-01 3.649148699e-01 9.310408894e-01 0.000000000e+00 -3.513196573e-02 0.000000000e+00 0.000000000e+00 1.000000000e+00 0.000000000e+00
9.299091290e-01 -3.677893578e-01 0.000000000e+00 3.823296978e-01 3.677893578e-01 9.299091290e-01 0.000000000e+00 -3.440932555e-02 0.000000000e+00 0.000000000e+00 1.000000000e+00 0.000000000e+00
9.292023895e-01 -3.695712641e-01 0.000000000e+00 3.859232448e-01 3.695712641e-01 9.292023895e-01 0.000000000e+00 -3.361835880e-02 0.000000000e+00 0.000000000e+00 1.000000000e+00 0.000000000e+00
9.280042702e-01 -3.725695565e-01 0.000000000e+00 3.890883161e-01 3.725695565e-01 9.280042702e-01 0.000000000e+00 -3.293633111e-02 0.000000000e+00 0.000000000e+00 1.000000000e+00 0.000000000e+00
9.268521765e-01 -3.754264814e-01 0.000000000e+00 3.929086352e-01 3.754264814e-01 9.268521765e-01 0.000000000e+00 -3.210749960e-02 0.000000000e+00 0.000000000e+00 1.000000000e+00 0.000000000e+00
9.260188550e-01 -3.774772579e-01 0.000000000e+00 3.967410116e-01 3.774772579e-01 9.260188550e-01 0.000000000e+00 -3.114549132e-02 0.000000000e+00 0.000000000e+00 1.000000000e+00 0.000000000e+00
9.248118415e-01 -3.804248385e-01 0.000000000e+00 3.998004466e-01 3.804248385e-01 9.248118415e-01 0.000000000e+00 -3.037375116e-02 0.000000000e+00 0.000000000e+00 1.000000000e+00 0.000000000e+00
9.235853379e-01 -3.833929103e-01 0.000000000e+00 4.032207724e-01 3.833929103e-01 9.235853379e-01 0.000000000e+00 -2.952414608e-02 0.000000000e+00 0.000000000e+00 1.000000000e+00 0.000000000e+00
9.227769830e-01 -3.853344518e-01 0.000000000e+00 4.080692090e-01 3.853344518e-01 9.227769830e-01 0.000000000e+00 -2.835146920e-02 0.000000000e+00 0.000000000e+00 1.000000000e+00 0.000000000e+00
9.212124922e-01 -3.890598208e-01 0.000000000e+00 4.109913608e-01 3.890598208e-01 9.212124922e-01 0.000000000e+00 -2.759565969e-02 0.000000000e+00 0.000000000e+00 1.000000000e+00 0.000000000e+00
9.203762920e-01 -3.910338618e-01 0.000000000e+00 4.146255455e-01 3.910338618e-01 9.203762920e-01 0.000000000e+00 -2.668665146e-02 0.000000000e+00 0.000000000e+00 1.000000000e+00 0.000000000e+00
9.180719923e-01 -3.964136941e-01 0.000000000e+00 4.200248488e-01 3.964136941e-01 9.180719923e-01 0.000000000e+00 -2.517095979e-02 0.000000000e+00 0.000000000e+00 1.000000000e+00 0.000000000e+00
9.172118643e-01 -3.983997942e-01 0.000000000e+00 4.236775538e-01 3.983997942e-01 9.172118643e-01 0.000000000e+00 -2.416580392e-02 0.000000000e+00 0.000000000e+00 1.000000000e+00 0.000000000e+00
9.164173741e-01 -4.002239328e-01 0.000000000e+00 4.276051904e-01 4.002239328e-01 9.164173741e-01 0.000000000e+00 -2.308888061e-02 0.000000000e+00 0.000000000e+00 1.000000000e+00 0.000000000e+00
9.151907729e-01 -4.030209042e-01 0.000000000e+00 4.307422653e-01 4.030209042e-01 9.151907729e-01 0.000000000e+00 -2.221011618e-02 0.000000000e+00 0.000000000e+00 1.000000000e+00 0.000000000e+00
9.141690644e-01 -4.053330997e-01 0.000000000e+00 4.340426002e-01 4.053330997e-01 9.141690644e-01 0.000000000e+00 -2.129049757e-02 0.000000000e+00 0.000000000e+00 1.000000000e+00 0.000000000e+00
9.135524983e-01 -4.067208290e-01 0.000000000e+00 4.376127230e-01 4.067208290e-01 9.135524983e-01 0.000000000e+00 -2.028499011e-02 0.000000000e+00 0.000000000e+00 1.000000000e+00 0.000000000e+00
9.126202159e-01 -4.088084410e-01 0.000000000e+00 4.407562071e-01 4.088084410e-01 9.126202159e-01 0.000000000e+00 -1.929124116e-02 0.000000000e+00 0.000000000e+00 1.000000000e+00 0.000000000e+00
9.116783482e-01 -4.109045990e-01 0.000000000e+00 4.440701334e-01 4.109045990e-01 9.116783482e-01 0.000000000e+00 -1.825635235e-02 0.000000000e+00 0.000000000e+00 1.000000000e+00 0.000000000e+00
9.111277534e-01 -4.121240311e-01 0.000000000e+00 4.473959759e-01 4.121240311e-01 9.111277534e-01 0.000000000e+00 -1.724661879e-02 0.000000000e+00 0.000000000e+00 1.000000000e+00 0.000000000e+00
9.101770016e-01 -4.142195382e-01 0.000000000e+00 4.503345857e-01 4.142195382e-01 9.101770016e-01 0.000000000e+00 -1.634089802e-02 0.000000000e+00 0.000000000e+00 1.000000000e+00 0.000000000e+00
9.092990241e-01 -4.161433464e-01 0.000000000e+00 4.539903232e-01 4.161433464e-01 9.092990241e-01 0.000000000e+00 -1.521414031e-02 0.000000000e+00 0.000000000e+00 1.000000000e+00 0.000000000e+00
9.086879518e-01 -4.174759949e-01 0.000000000e+00 4.574884834e-01 4.174759949e-01 9.086879518e-01 0.000000000e+00 -1.409625694e-02 0.000000000e+00 0.000000000e+00 1.000000000e+00 0.000000000e+00
9.079567186e-01 -4.190639536e-01 0.000000000e+00 4.604920395e-01 4.190639536e-01 9.079567186e-01 0.000000000e+00 -1.310615625e-02 0.000000000e+00 0.000000000e+00 1.000000000e+00 0.000000000e+00
9.076566076e-01 -4.197135723e-01 0.000000000e+00 4.638261441e-01 4.197135723e-01 9.076566076e-01 0.000000000e+00 -1.199751852e-02 0.000000000e+00 0.000000000e+00 1.000000000e+00 0.000000000e+00
9.070770222e-01 -4.209646967e-01 0.000000000e+00 4.701686209e-01 4.209646967e-01 9.070770222e-01 0.000000000e+00 -9.889591819e-03 0.000000000e+00 0.000000000e+00 1.000000000e+00 0.000000000e+00
9.067951997e-01 -4.215714243e-01 0.000000000e+00 4.734607264e-01 4.215714243e-01 9.067951997e-01 0.000000000e+00 -8.795125042e-03 0.000000000e+00 0.000000000e+00 1.000000000e+00 0.000000000e+00
9.066062685e-01 -4.219775752e-01 0.000000000e+00 4.770817757e-01 4.219775752e-01 9.066062685e-01 0.000000000e+00 -7.548227544e-03 0.000000000e+00 0.000000000e+00 1.000000000e+00 0.000000000e+00
9.062524046e-01 -4.227370094e-01 0.000000000e+00 4.798882318e-01 4.227370094e-01 9.062524046e-01 0.000000000e+00 -6.558079790e-03 0.000000000e+00 0.000000000e+00 1.000000000e+00 0.000000000e+00
9.057414117e-01 -4.238307389e-01 0.000000000e+00 4.830886039e-01 4.238307389e-01 9.057414117e-01 0.000000000e+00 -5.426292136e-03 0.000000000e+00 0.000000000e+00 1.000000000e+00 0.000000000e+00
9.053934583e-01 -4.245735339e-01 0.000000000e+00 4.868236791e-01 4.245735339e-01 9.053934583e-01 0.000000000e+00 -4.077988028e-03 0.000000000e+00 0.000000000e+00 1.000000000e+00 0.000000000e+00
9.047861365e-01 -4.258662316e-01 0.000000000e+00 4.894572877e-01 4.258662316e-01 9.047861365e-01 0.000000000e+00 -3.089218892e-03 0.000000000e+00 0.000000000e+00 1.000000000e+00 0.000000000e+00
9.040502016e-01 -4.274262895e-01 0.000000000e+00 4.927435067e-01 4.274262895e-01 9.040502016e-01 0.000000000e+00 -1.877914096e-03 0.000000000e+00 0.000000000e+00 1.000000000e+00 0.000000000e+00
9.035260742e-01 -4.285331180e-01 0.000000000e+00 4.961785183e-01 4.285331180e-01 9.035260742e-01 0.000000000e+00 -6.194404496e-04 0.000000000e+00 0.000000000e+00 1.000000000e+00 0.000000000e+00
9.024186274e-01 -4.308603265e-01 0.000000000e+00 4.992333658e-01 4.308603265e-01 9.024186274e-01 0.000000000e+00 5.699451936e-04 0.000000000e+00 0.000000000e+00 1.000000000e+00 0.000000000e+00
9.014399456e-01 -4.329041747e-01 0.000000000e+00 5.025901351e-01 4.329041747e-01 9.014399456e-01 0.000000000e+00 1.882769833e-03 0.000000000e+00 0.000000000e+00 1.000000000e+00 0.000000000e+00
8.986919282e-01 -4.385804581e-01 0.000000000e+00 5.089204491e-01 4.385804581e-01 8.986919282e-01 0.000000000e+00 4.402536007e-03 0.000000000e+00 0.000000000e+00 1.000000000e+00 0.000000000e+00
8.970900121e-01 -4.418478361e-01 0.000000000e+00 5.120376125e-01 4.418478361e-01 8.970900121e-01 0.000000000e+00 5.648983831e-03 0.000000000e+00 0.000000000e+00 1.000000000e+00 0.000000000e+00
8.938882931e-01 -4.482897717e-01 0.000000000e+00 5.193411133e-01 4.482897717e-01 8.938882931e-01 0.000000000e+00 8.597826927e-03 0.000000000e+00 0.000000000e+00 1.000000000e+00 0.000000000e+00
8.921420426e-01 -4.517549954e-01 0.000000000e+00 5.225981528e-01 4.517549954e-01 8.921420426e-01 0.000000000e+00 9.979930768e-03 0.000000000e+00 0.000000000e+00 1.000000000e+00 0.000000000e+00
8.888718672e-01 -4.581558727e-01 0.000000000e+00 5.287260127e-01 4.581558727e-01 8.888718672e-01 0.000000000e+00 1.260818269e-02 0.000000000e+00 0.000000000e+00 1.000000000e+00 0.000000000e+00
8.872282706e-01 -4.613306795e-01 0.000000000e+00 5.324063842e-01 4.613306795e-01 8.872282706e-01 0.000000000e+00 1.422085110e-02 0.000000000e+00 0.000000000e+00 1.000000000e+00 0.000000000e+00
8.837464881e-01 -4.679659653e-01 0.000000000e+00 5.392211597e-01 4.679659653e-01 8.837464881e-01 0.000000000e+00 1.711599913e-02 0.000000000e+00 0.000000000e+00 1.000000000e+00 0.000000000e+00
8.822966643e-01 -4.706937392e-01 0.000000000e+00 5.425442449e-01 4.706937392e-01 8.822966643e-01 0.000000000e+00 1.860992606e-02 0.000000000e+00 0.000000000e+00 1.000000000e+00 0.000000000e+00
8.791693790e-01 -4.765093944e-01 0.000000000e+00 5.490689686e-01 4.765093944e-01 8.791693790e-01 0.000000000e+00 2.158772689e-02 0.000000000e+00 0.000000000e+00 1.000000000e+00 0.000000000e+00
8.773988448e-01 -4.797616775e-01 0.000000000e+00 5.524797156e-01 4.797616775e-01 8.773988448e-01 0.000000000e+00 2.315206369e-02 0.000000000e+00 0.000000000e+00 1.000000000e+00 0.000000000e+00
8.762183059e-01 -4.819143911e-01 0.000000000e+00 5.560319270e-01 4.819143911e-01 8.762183059e-01 0.000000000e+00 2.477058611e-02 0.000000000e+00 0.000000000e+00 1.000000000e+00 0.000000000e+00
8.744052301e-01 -4.851963453e-01 0.000000000e+00 5.586947122e-01 4.851963453e-01 8.744052301e-01 0.000000000e+00 2.597631338e-02 0.000000000e+00 0.000000000e+00 1.000000000e+00 0.000000000e+00
8.731419124e-01 -4.874661022e-01 0.000000000e+00 5.616826383e-01 4.874661022e-01 8.731419124e-01 0.000000000e+00 2.733504062e-02 0.000000000e+00 0.000000000e+00 1.000000000e+00 0.000000000e+00
8.722257286e-01 -4.891035456e-01 0.000000000e+00 5.653948508e-01 4.891035456e-01 8.722257286e-01 0.000000000e+00 2.916459560e-02 0.000000000e+00 0.000000000e+00 1.000000000e+00 0.000000000e+00
8.709165419e-01 -4.914309484e-01 0.000000000e+00 5.684148280e-01 4.914309484e-01 8.709165419e-01 0.000000000e+00 3.063946309e-02 0.000000000e+00 0.000000000e+00 1.000000000e+00 0.000000000e+00
8.697892509e-01 -4.934234075e-01 0.000000000e+00 5.717218114e-01 4.934234075e-01 8.697892509e-01 0.000000000e+00 3.224454686e-02 0.000000000e+00 0.000000000e+00 1.000000000e+00 0.000000000e+00
8.688590605e-01 -4.950595247e-01 0.000000000e+00 5.750206402e-01 4.950595247e-01 8.688590605e-01 0.000000000e+00 3.384391569e-02 0.000000000e+00 0.000000000e+00 1.000000000e+00 0.000000000e+00
8.675426572e-01 -4.973627829e-01 0.000000000e+00 5.778507359e-01 4.973627829e-01 8.675426572e-01 0.000000000e+00 3.520971603e-02 0.000000000e+00 0.000000000e+00 1.000000000e+00 0.000000000e+00
8.663610995e-01 -4.994181066e-01 0.000000000e+00 5.811526745e-01 4.994181066e-01 8.663610995e-01 0.000000000e+00 3.678231331e-02 0.000000000e+00 0.000000000e+00 1.000000000e+00 0.000000000e+00
8.654838090e-01 -5.009368985e-01 0.000000000e+00 5.850304866e-01 5.009368985e-01 8.654838090e-01 0.000000000e+00 3.877045523e-02 0.000000000e+00 0.000000000e+00 1.000000000e+00 0.000000000e+00
8.638940616e-01 -5.036735554e-01 0.000000000e+00 5.873295407e-01 5.036735554e-01 8.638940616e-01 0.000000000e+00 3.997451902e-02 0.000000000e+00 0.000000000e+00 1.000000000e+00 0.000000000e+00
8.630944624e-01 -5.050425220e-01 0.000000000e+00 5.905531841e-01 5.050425220e-01 8.630944624e-01 0.000000000e+00 4.162942316e-02 0.000000000e+00 0.000000000e+00 1.000000000e+00 0.000000000e+00
8.622278840e-01 -5.065205583e-01 0.000000000e+00 5.939778844e-01 5.065205583e-01 8.622278840e-01 0.000000000e+00 4.336845261e-02 0.000000000e+00 0.000000000e+00 1.000000000e+00 0.000000000e+00
8.608618570e-01 -5.088387399e-01 0.000000000e+00 5.968131931e-01 5.088387399e-01 8.608618570e-01 0.000000000e+00 4.480202363e-02 0.000000000e+00 0.000000000e+00 1.000000000e+00 0.000000000e+00
8.599398481e-01 -5.103953934e-01 0.000000000e+00 5.996807973e-01 5.103953934e-01 8.599398481e-01 0.000000000e+00 4.629640633e-02 0.000000000e+00 0.000000000e+00 1.000000000e+00 0.000000000e+00
8.590953185e-01 -5.118156248e-01 0.000000000e+00 6.027152480e-01 5.118156248e-01 8.590953185e-01 0.000000000e+00 4.789183337e-02 0.000000000e+00 0.000000000e+00 1.000000000e+00 0.000000000e+00
8.577270355e-01 -5.141053711e-01 0.000000000e+00 6.057822627e-01 5.141053711e-01 8.577270355e-01 0.000000000e+00 4.955345163e-02 0.000000000e+00 0.000000000e+00 1.000000000e+00 0.000000000e+00
8.566439253e-01 -5.159081171e-01 0.000000000e+00 6.090988602e-01 5.159081171e-01 8.566439253e-01 0.000000000e+00 5.135088254e-02 0.000000000e+00 0.000000000e+00 1.000000000e+00 0.000000000e+00
8.559092342e-01 -5.171260803e-01 0.000000000e+00 6.126384354e-01 5.171260803e-01 8.559092342e-01 0.000000000e+00 5.326885650e-02 0.000000000e+00 0.000000000e+00 1.000000000e+00 0.000000000e+00
8.545222325e-01 -5.194148190e-01 0.000000000e+00 6.152353140e-01 5.194148190e-01 8.545222325e-01 0.000000000e+00 5.468371347e-02 0.000000000e+00 0.000000000e+00 1.000000000e+00 0.000000000e+00
8.532930142e-01 -5.214317135e-01 0.000000000e+00 6.182883885e-01 5.214317135e-01 8.532930142e-01 0.000000000e+00 5.633445003e-02 0.000000000e+00 0.000000000e+00 1.000000000e+00 0.000000000e+00
8.525093368e-01 -5.227119958e-01 0.000000000e+00 6.217192973e-01 5.227119958e-01 8.525093368e-01 0.000000000e+00 5.815937401e-02 0.000000000e+00 0.000000000e+00 1.000000000e+00 0.000000000e+00
8.511074682e-01 -5.249915024e-01 0.000000000e+00 6.243968084e-01 5.249915024e-01 8.511074682e-01 0.000000000e+00 5.965835813e-02 0.000000000e+00 0.000000000e+00 1.000000000e+00 0.000000000e+00
8.497408554e-01 -5.272006057e-01 0.000000000e+00 6.274943871e-01 5.272006057e-01 8.497408554e-01 0.000000000e+00 6.141986468e-02 0.000000000e+00 0.000000000e+00 1.000000000e+00 0.000000000e+00
8.488286591e-01 -5.286680503e-01 0.000000000e+00 6.308979882e-01 5.286680503e-01 8.488286591e-01 0.000000000e+00 6.340047146e-02 0.000000000e+00 0.000000000e+00 1.000000000e+00 0.000000000e+00
8.474092387e-01 -5.309402811e-01 0.000000000e+00 6.335723691e-01 5.309402811e-01 8.474092387e-01 0.000000000e+00 6.494964076e-02 0.000000000e+00 0.000000000e+00 1.000000000e+00 0.000000000e+00
8.461915625e-01 -5.328788226e-01 0.000000000e+00 6.366436794e-01 5.328788226e-01 8.461915625e-01 0.000000000e+00 6.670743579e-02 0.000000000e+00 0.000000000e+00 1.000000000e+00 0.000000000e+00
8.453130313e-01 -5.342713535e-01 0.000000000e+00 6.401054318e-01 5.342713535e-01 8.453130313e-01 0.000000000e+00 6.868554966e-02 0.000000000e+00 0.000000000e+00 1.000000000e+00 0.000000000e+00
8.438708954e-01 -5.365462812e-01 0.000000000e+00 6.428809461e-01 5.365462812e-01 8.438708954e-01 0.000000000e+00 7.028343616e-02 0.000000000e+00 0.000000000e+00 1.000000000e+00 0.000000000e+00
8.424742919e-01 -5.387365474e-01 0.000000000e+00 6.458660724e-01 5.387365474e-01 8.424742919e-01 0.000000000e+00 7.206295373e-02 0.000000000e+00 0.000000000e+00 1.000000000e+00 0.000000000e+00
8.415436845e-01 -5.401890660e-01 0.000000000e+00 6.490803899e-01 5.401890660e-01 8.415436845e-01 0.000000000e+00 7.398437274e-02 0.000000000e+00 0.000000000e+00 1.000000000e+00 0.000000000e+00
8.396435005e-01 -5.431379125e-01 0.000000000e+00 6.517185974e-01 5.431379125e-01 8.396435005e-01 0.000000000e+00 7.557461985e-02 0.000000000e+00 0.000000000e+00 1.000000000e+00 0.000000000e+00
8.377186584e-01 -5.461020503e-01 0.000000000e+00 6.548381833e-01 5.461020503e-01 8.377186584e-01 0.000000000e+00 7.742925846e-02 0.000000000e+00 0.000000000e+00 1.000000000e+00 0.000000000e+00
8.364614823e-01 -5.480257190e-01 0.000000000e+00 6.582200370e-01 5.480257190e-01 8.364614823e-01 0.000000000e+00 7.944619586e-02 0.000000000e+00 0.000000000e+00 1.000000000e+00 0.000000000e+00
8.345209993e-01 -5.509761354e-01 0.000000000e+00 6.614587444e-01 5.509761354e-01 8.345209993e-01 0.000000000e+00 8.143158418e-02 0.000000000e+00 0.000000000e+00 1.000000000e+00 0.000000000e+00
8.328229418e-01 -5.535394725e-01 0.000000000e+00 6.649694370e-01 5.535394725e-01 8.328229418e-01 0.000000000e+00 8.360399941e-02 0.000000000e+00 0.000000000e+00 1.000000000e+00 0.000000000e+00
8.309261379e-01 -5.563827400e-01 0.000000000e+00 6.679969645e-01 5.563827400e-01 8.309261379e-01 0.000000000e+00 8.549459531e-02 0.000000000e+00 0.000000000e+00 1.000000000e+00 0.000000000e+00
8.276605185e-01 -5.612290674e-01 0.000000000e+00 6.736919700e-01 5.612290674e-01 8.276605185e-01 0.000000000e+00 8.909071507e-02 0.000000000e+00 0.000000000e+00 1.000000000e+00 0.000000000e+00
8.258013745e-01 -5.639610712e-01 0.000000000e+00 6.763024766e-01 5.639610712e-01 8.258013745e-01 0.000000000e+00 9.074206639e-02 0.000000000e+00 0.000000000e+00 1.000000000e+00 0.000000000e+00
8.244538327e-01 -5.659292162e-01 0.000000000e+00 6.788314140e-01 5.659292162e-01 8.244538327e-01 0.000000000e+00 9.233950349e-02 0.000000000e+00 0.000000000e+00 1.000000000e+00 0.000000000e+00
8.224237652e-01 -5.688753383e-01 0.000000000e+00 6.821661695e-01 5.688753383e-01 8.224237652e-01 0.000000000e+00 9.444843678e-02 0.000000000e+00 0.000000000e+00 1.000000000e+00 0.000000000e+00
8.210711241e-01 -5.708259010e-01 0.000000000e+00 6.856039076e-01 5.708259010e-01 8.210711241e-01 0.000000000e+00 9.667053518e-02 0.000000000e+00 0.000000000e+00 1.000000000e+00 0.000000000e+00
8.189233085e-01 -5.739029664e-01 0.000000000e+00 6.882951954e-01 5.739029664e-01 8.189233085e-01 0.000000000e+00 9.842957961e-02 0.000000000e+00 0.000000000e+00 1.000000000e+00 0.000000000e+00
8.169016146e-01 -5.767770384e-01 0.000000000e+00 6.912814338e-01 5.767770384e-01 8.169016146e-01 0.000000000e+00 1.004039119e-01 0.000000000e+00 0.000000000e+00 1.000000000e+00 0.000000000e+00
8.155016426e-01 -5.787547589e-01 0.000000000e+00 6.946118471e-01 5.787547589e-01 8.155016426e-01 0.000000000e+00 1.026018737e-01 0.000000000e+00 0.000000000e+00 1.000000000e+00 0.000000000e+00
8.128059628e-01 -5.825345199e-01 0.000000000e+00 6.974029260e-01 5.825345199e-01 8.128059628e-01 0.000000000e+00 1.044541086e-01 0.000000000e+00 0.000000000e+00 1.000000000e+00 0.000000000e+00
8.114226385e-01 -5.844598375e-01 0.000000000e+00 7.002919864e-01 5.844598375e-01 8.114226385e-01 0.000000000e+00 1.063626492e-01 0.000000000e+00 0.000000000e+00 1.000000000e+00 0.000000000e+00
8.099290182e-01 -5.865279068e-01 0.000000000e+00 7.035518487e-01 5.865279068e-01 8.099290182e-01 0.000000000e+00 1.085187371e-01 0.000000000e+00 0.000000000e+00 1.000000000e+00 0.000000000e+00
8.077223590e-01 -5.895630507e-01 0.000000000e+00 7.061775841e-01 5.895630507e-01 8.077223590e-01 0.000000000e+00 1.102658260e-01 0.000000000e+00 0.000000000e+00 1.000000000e+00 0.000000000e+00
8.055974276e-01 -5.924633193e-01 0.000000000e+00 7.092241576e-01 5.924633193e-01 8.055974276e-01 0.000000000e+00 1.123504896e-01 0.000000000e+00 0.000000000e+00 1.000000000e+00 0.000000000e+00
8.041231479e-01 -5.944627515e-01 0.000000000e+00 7.124319794e-01 5.944627515e-01 8.041231479e-01 0.000000000e+00 1.145624134e-01 0.000000000e+00 0.000000000e+00 1.000000000e+00 0.000000000e+00
8.018833329e-01 -5.974806444e-01 0.000000000e+00 7.151762502e-01 5.974806444e-01 8.018833329e-01 0.000000000e+00 1.164611248e-01 0.000000000e+00 0.000000000e+00 1.000000000e+00 0.000000000e+00
8.001088215e-01 -5.998548772e-01 0.000000000e+00 7.181683971e-01 5.998548772e-01 8.001088215e-01 0.000000000e+00 1.185429258e-01 0.000000000e+00 0.000000000e+00 1.000000000e+00 0.000000000e+00
7.985269121e-01 -6.019591105e-01 0.000000000e+00 7.214015088e-01 6.019591105e-01 7.985269121e-01 0.000000000e+00 1.208088583e-01 0.000000000e+00 0.000000000e+00 1.000000000e+00 0.000000000e+00
7.962624273e-01 -6.049513591e-01 0.000000000e+00 7.239754726e-01 6.049513591e-01 7.962624273e-01 0.000000000e+00 1.226138625e-01 0.000000000e+00 0.000000000e+00 1.000000000e+00 0.000000000e+00
7.947818831e-01 -6.068951790e-01 0.000000000e+00 7.267122280e-01 6.068951790e-01 7.947818831e-01 0.000000000e+00 1.245371340e-01 0.000000000e+00 0.000000000e+00 1.000000000e+00 0.000000000e+00
7.933568259e-01 -6.087568864e-01 0.000000000e+00 7.296340577e-01 6.087568864e-01 7.933568259e-01 0.000000000e+00 1.266385073e-01 0.000000000e+00 0.000000000e+00 1.000000000e+00 0.000000000e+00
7.910633661e-01 -6.117342158e-01 0.000000000e+00 7.322116618e-01 6.117342158e-01 7.910633661e-01 0.000000000e+00 1.284982954e-01 0.000000000e+00 0.000000000e+00 1.000000000e+00 0.000000000e+00
7.887962200e-01 -6.146548002e-01 0.000000000e+00 7.355668826e-01 6.146548002e-01 7.887962200e-01 0.000000000e+00 1.309155235e-01 0.000000000e+00 0.000000000e+00 1.000000000e+00 0.000000000e+00
7.873260597e-01 -6.165368406e-01 0.000000000e+00 7.386670716e-01 6.165368406e-01 7.873260597e-01 0.000000000e+00 1.331166631e-01 0.000000000e+00 0.000000000e+00 1.000000000e+00 0.000000000e+00
7.849781608e-01 -6.195234355e-01 0.000000000e+00 7.413560233e-01 6.195234355e-01 7.849781608e-01 0.000000000e+00 1.350516860e-01 0.000000000e+00 0.000000000e+00 1.000000000e+00 0.000000000e+00
7.834819038e-01 -6.214146011e-01 0.000000000e+00 7.443294921e-01 6.214146011e-01 7.834819038e-01 0.000000000e+00 1.372354557e-01 0.000000000e+00 0.000000000e+00 1.000000000e+00 0.000000000e+00
7.819121977e-01 -6.233885747e-01 0.000000000e+00 7.475641512e-01 6.233885747e-01 7.819121977e-01 0.000000000e+00 1.396426165e-01 0.000000000e+00 0.000000000e+00 1.000000000e+00 0.000000000e+00
7.795619944e-01 -6.263250728e-01 0.000000000e+00 7.498701757e-01 6.263250728e-01 7.795619944e-01 0.000000000e+00 1.413760789e-01 0.000000000e+00 0.000000000e+00 1.000000000e+00 0.000000000e+00
7.775118644e-01 -6.288682698e-01 0.000000000e+00 7.529480575e-01 6.288682698e-01 7.775118644e-01 0.000000000e+00 1.436847555e-01 0.000000000e+00 0.000000000e+00 1.000000000e+00 0.000000000e+00
7.760830376e-01 -6.306307308e-01 0.000000000e+00 7.560590179e-01 6.306307308e-01 7.760830376e-01 0.000000000e+00 1.460012972e-01 0.000000000e+00 0.000000000e+00 1.000000000e+00 0.000000000e+00
7.737092641e-01 -6.335408231e-01 0.000000000e+00 7.585385846e-01 6.335408231e-01 7.737092641e-01 0.000000000e+00 1.478423281e-01 0.000000000e+00 0.000000000e+00 1.000000000e+00 0.000000000e+00
7.715338630e-01 -6.361882569e-01 0.000000000e+00 7.614620231e-01 6.361882569e-01 7.715338630e-01 0.000000000e+00 1.500533141e-01 0.000000000e+00 0.000000000e+00 1.000000000e+00 0.000000000e+00
7.699788512e-01 -6.380694075e-01 0.000000000e+00 7.645083958e-01 6.380694075e-01 7.699788512e-01 0.000000000e+00 1.523775777e-01 0.000000000e+00 0.000000000e+00 1.000000000e+00 0.000000000e+00
7.659172379e-01 -6.429391765e-01 0.000000000e+00 7.698363093e-01 6.429391765e-01 7.659172379e-01 0.000000000e+00 1.565255173e-01 0.000000000e+00 0.000000000e+00 1.000000000e+00 0.000000000e+00
7.642670258e-01 -6.448999250e-01 0.000000000e+00 7.726546963e-01 6.448999250e-01 7.642670258e-01 0.000000000e+00 1.587238052e-01 0.000000000e+00 0.000000000e+00 1.000000000e+00 0.000000000e+00
7.618341418e-01 -6.477721362e-01 0.000000000e+00 7.752457664e-01 6.477721362e-01 7.618341418e-01 0.000000000e+00 1.607511018e-01 0.000000000e+00 0.000000000e+00 1.000000000e+00 0.000000000e+00
7.594358598e-01 -6.505821815e-01 0.000000000e+00 7.784407289e-01 6.505821815e-01 7.594358598e-01 0.000000000e+00 1.632480451e-01 0.000000000e+00 0.000000000e+00 1.000000000e+00 0.000000000e+00
7.578591324e-01 -6.524182213e-01 0.000000000e+00 7.814296812e-01 6.524182213e-01 7.578591324e-01 0.000000000e+00 1.655811090e-01 0.000000000e+00 0.000000000e+00 1.000000000e+00 0.000000000e+00
7.553960745e-01 -6.552684722e-01 0.000000000e+00 7.840452744e-01 6.552684722e-01 7.553960745e-01 0.000000000e+00 1.676597794e-01 0.000000000e+00 0.000000000e+00 1.000000000e+00 0.000000000e+00
7.533548640e-01 -6.576142098e-01 0.000000000e+00 7.869357997e-01 6.576142098e-01 7.533548640e-01 0.000000000e+00 1.699776375e-01 0.000000000e+00 0.000000000e+00 1.000000000e+00 0.000000000e+00
7.517035302e-01 -6.595011772e-01 0.000000000e+00 7.899174419e-01 6.595011772e-01 7.517035302e-01 0.000000000e+00 1.723616700e-01 0.000000000e+00 0.000000000e+00 1.000000000e+00 0.000000000e+00
7.492312083e-01 -6.623085357e-01 0.000000000e+00 7.923162300e-01 6.623085357e-01 7.492312083e-01 0.000000000e+00 1.742997173e-01 0.000000000e+00 0.000000000e+00 1.000000000e+00 0.000000000e+00
7.467058010e-01 -6.651544533e-01 0.000000000e+00 7.949600488e-01 6.651544533e-01 7.467058010e-01 0.000000000e+00 1.764759339e-01 0.000000000e+00 0.000000000e+00 1.000000000e+00 0.000000000e+00
7.451539659e-01 -6.668924705e-01 0.000000000e+00 7.979642640e-01 6.668924705e-01 7.451539659e-01 0.000000000e+00 1.789265434e-01 0.000000000e+00 0.000000000e+00 1.000000000e+00 0.000000000e+00
7.426501169e-01 -6.696796278e-01 0.000000000e+00 8.007291615e-01 6.696796278e-01 7.426501169e-01 0.000000000e+00 1.811770751e-01 0.000000000e+00 0.000000000e+00 1.000000000e+00 0.000000000e+00
7.411717825e-01 -6.713154168e-01 0.000000000e+00 8.035828069e-01 6.713154168e-01 7.411717825e-01 0.000000000e+00 1.835283219e-01 0.000000000e+00 0.000000000e+00 1.000000000e+00 0.000000000e+00
7.388278334e-01 -6.738942295e-01 0.000000000e+00 8.066604678e-01 6.738942295e-01 7.388278334e-01 0.000000000e+00 1.860789360e-01 0.000000000e+00 0.000000000e+00 1.000000000e+00 0.000000000e+00
7.362840098e-01 -6.766726365e-01 0.000000000e+00 8.090431206e-01 6.766726365e-01 7.362840098e-01 0.000000000e+00 1.880669035e-01 0.000000000e+00 0.000000000e+00 1.000000000e+00 0.000000000e+00
7.337969558e-01 -6.793688451e-01 0.000000000e+00 8.118419051e-01 6.793688451e-01 7.337969558e-01 0.000000000e+00 1.904374660e-01 0.000000000e+00 0.000000000e+00 1.000000000e+00 0.000000000e+00
7.296213519e-01 -6.838513602e-01 0.000000000e+00 8.172869957e-01 6.838513602e-01 7.296213519e-01 0.000000000e+00 1.950576777e-01 0.000000000e+00 0.000000000e+00 1.000000000e+00 0.000000000e+00
7.279641955e-01 -6.856151472e-01 0.000000000e+00 8.200331628e-01 6.856151472e-01 7.279641955e-01 0.000000000e+00 1.973779708e-01 0.000000000e+00 0.000000000e+00 1.000000000e+00 0.000000000e+00
7.228705793e-01 -6.909834482e-01 0.000000000e+00 8.255105813e-01 6.909834482e-01 7.228705793e-01 0.000000000e+00 2.020915883e-01 0.000000000e+00 0.000000000e+00 1.000000000e+00 0.000000000e+00
7.218929869e-01 -6.920047077e-01 0.000000000e+00 8.282610612e-01 6.920047077e-01 7.218929869e-01 0.000000000e+00 2.044862929e-01 0.000000000e+00 0.000000000e+00 1.000000000e+00 0.000000000e+00
7.173727034e-01 -6.966896041e-01 0.000000000e+00 8.335231069e-01 6.966896041e-01 7.173727034e-01 0.000000000e+00 2.090902107e-01 0.000000000e+00 0.000000000e+00 1.000000000e+00 0.000000000e+00
7.165048426e-01 -6.975821174e-01 0.000000000e+00 8.360606929e-01 6.975821174e-01 7.165048426e-01 0.000000000e+00 2.113005022e-01 0.000000000e+00 0.000000000e+00 1.000000000e+00 0.000000000e+00
7.130382735e-01 -7.011251105e-01 0.000000000e+00 8.409424879e-01 7.011251105e-01 7.130382735e-01 0.000000000e+00 2.155746515e-01 0.000000000e+00 0.000000000e+00 1.000000000e+00 0.000000000e+00
7.121770464e-01 -7.019998964e-01 0.000000000e+00 8.437709439e-01 7.019998964e-01 7.121770464e-01 0.000000000e+00 2.181163878e-01 0.000000000e+00 0.000000000e+00 1.000000000e+00 0.000000000e+00
7.103389134e-01 -7.038598071e-01 0.000000000e+00 8.489948159e-01 7.038598071e-01 7.103389134e-01 0.000000000e+00 2.228263764e-01 0.000000000e+00 0.000000000e+00 1.000000000e+00 0.000000000e+00
7.099743232e-01 -7.042275629e-01 0.000000000e+00 8.516195045e-01 7.042275629e-01 7.099743232e-01 0.000000000e+00 2.251907045e-01 0.000000000e+00 0.000000000e+00 1.000000000e+00 0.000000000e+00
7.088200504e-01 -7.053893507e-01 0.000000000e+00 8.566854976e-01 7.053893507e-01 7.088200504e-01 0.000000000e+00 2.297228222e-01 0.000000000e+00 0.000000000e+00 1.000000000e+00 0.000000000e+00
7.085696870e-01 -7.056408426e-01 0.000000000e+00 8.591722947e-01 7.056408426e-01 7.085696870e-01 0.000000000e+00 2.320013801e-01 0.000000000e+00 0.000000000e+00 1.000000000e+00 0.000000000e+00
7.080994391e-01 -7.061127278e-01 0.000000000e+00 8.618475784e-01 7.061127278e-01 7.080994391e-01 0.000000000e+00 2.345019433e-01 0.000000000e+00 0.000000000e+00 1.000000000e+00 0.000000000e+00
7.075755274e-01 -7.066377241e-01 0.000000000e+00 8.639993555e-01 7.066377241e-01 7.075755274e-01 0.000000000e+00 2.365089420e-01 0.000000000e+00 0.000000000e+00 1.000000000e+00 0.000000000e+00
7.072424484e-01 -7.069710880e-01 0.000000000e+00 8.666123364e-01 7.069710880e-01 7.072424484e-01 0.000000000e+00 2.389444072e-01 0.000000000e+00 0.000000000e+00 1.000000000e+00 0.000000000e+00
7.067157334e-01 -7.074976128e-01 0.000000000e+00 8.693303643e-01 7.074976128e-01 7.067157334e-01 0.000000000e+00 2.414786236e-01 0.000000000e+00 0.000000000e+00 1.000000000e+00 0.000000000e+00
7.061907949e-01 -7.080215824e-01 0.000000000e+00 8.714544778e-01 7.080215824e-01 7.061907949e-01 0.000000000e+00 2.434607318e-01 0.000000000e+00 0.000000000e+00 1.000000000e+00 0.000000000e+00
7.058261253e-01 -7.083851218e-01 0.000000000e+00 8.739431692e-01 7.083851218e-01 7.058261253e-01 0.000000000e+00 2.457840385e-01 0.000000000e+00 0.000000000e+00 1.000000000e+00 0.000000000e+00
7.046341533e-01 -7.095707928e-01 0.000000000e+00 8.767387958e-01 7.095707928e-01 7.046341533e-01 0.000000000e+00 2.484319853e-01 0.000000000e+00 0.000000000e+00 1.000000000e+00 0.000000000e+00
7.019168187e-01 -7.122589274e-01 0.000000000e+00 8.790653047e-01 7.122589274e-01 7.019168187e-01 0.000000000e+00 2.506632062e-01 0.000000000e+00 0.000000000e+00 1.000000000e+00 0.000000000e+00
7.000580745e-01 -7.140859138e-01 0.000000000e+00 8.817370265e-01 7.140859138e-01 7.000580745e-01 0.000000000e+00 2.532459606e-01 0.000000000e+00 0.000000000e+00 1.000000000e+00 0.000000000e+00
6.971941801e-01 -7.168823301e-01 0.000000000e+00 8.854528617e-01 7.168823301e-01 6.971941801e-01 0.000000000e+00 2.568417425e-01 0.000000000e+00 0.000000000e+00 1.000000000e+00 0.000000000e+00
6.904469194e-01 -7.233830600e-01 0.000000000e+00 8.902796527e-01 7.233830600e-01 6.904469194e-01 0.000000000e+00 2.615327688e-01 0.000000000e+00 0.000000000e+00 1.000000000e+00 0.000000000e+00
6.884262417e-01 -7.253063558e-01 0.000000000e+00 8.932429340e-01 7.253063558e-01 6.884262417e-01 0.000000000e+00 2.643922133e-01 0.000000000e+00 0.000000000e+00 1.000000000e+00 0.000000000e+00
6.855578569e-01 -7.280181487e-01 0.000000000e+00 8.947689606e-01 7.280181487e-01 6.855578569e-01 0.000000000e+00 2.658776724e-01 0.000000000e+00 0.000000000e+00 1.000000000e+00 0.000000000e+00
6.845979291e-01 -7.289208980e-01 0.000000000e+00 8.972198680e-01 7.289208980e-01 6.845979291e-01 0.000000000e+00 2.683118018e-01 0.000000000e+00 0.000000000e+00 1.000000000e+00 0.000000000e+00
6.817322574e-01 -7.316017559e-01 0.000000000e+00 8.999320235e-01 7.316017559e-01 6.817322574e-01 0.000000000e+00 2.710386692e-01 0.000000000e+00 0.000000000e+00 1.000000000e+00 0.000000000e+00
6.788006478e-01 -7.343225998e-01 0.000000000e+00 9.022412320e-01 7.343225998e-01 6.788006478e-01 0.000000000e+00 2.733812935e-01 0.000000000e+00 0.000000000e+00 1.000000000e+00 0.000000000e+00
6.775607974e-01 -7.354667673e-01 0.000000000e+00 9.046257080e-01 7.354667673e-01 6.775607974e-01 0.000000000e+00 2.757781866e-01 0.000000000e+00 0.000000000e+00 1.000000000e+00 0.000000000e+00
6.747296420e-01 -7.380649769e-01 0.000000000e+00 9.072919615e-01 7.380649769e-01 6.747296420e-01 0.000000000e+00 2.784565666e-01 0.000000000e+00 0.000000000e+00 1.000000000e+00 0.000000000e+00
6.718864524e-01 -7.406541670e-01 0.000000000e+00 9.097493237e-01 7.406541670e-01 6.718864524e-01 0.000000000e+00 2.809087229e-01 0.000000000e+00 0.000000000e+00 1.000000000e+00 0.000000000e+00
6.701437847e-01 -7.422313034e-01 0.000000000e+00 9.125013497e-01 7.422313034e-01 6.701437847e-01 0.000000000e+00 2.836715238e-01 0.000000000e+00 0.000000000e+00 1.000000000e+00 0.000000000e+00
6.678389184e-01 -7.443058371e-01 0.000000000e+00 9.151729597e-01 7.443058371e-01 6.678389184e-01 0.000000000e+00 2.864568927e-01 0.000000000e+00 0.000000000e+00 1.000000000e+00 0.000000000e+00
6.653301275e-01 -7.465492759e-01 0.000000000e+00 9.173782581e-01 7.465492759e-01 6.653301275e-01 0.000000000e+00 2.887503230e-01 0.000000000e+00 0.000000000e+00 1.000000000e+00 0.000000000e+00
6.637150666e-01 -7.479855015e-01 0.000000000e+00 9.198589649e-01 7.479855015e-01 6.637150666e-01 0.000000000e+00 2.913191258e-01 0.000000000e+00 0.000000000e+00 1.000000000e+00 0.000000000e+00
6.611939149e-01 -7.502150404e-01 0.000000000e+00 9.226394577e-01 7.502150404e-01 6.611939149e-01 0.000000000e+00 2.942044421e-01 0.000000000e+00 0.000000000e+00 1.000000000e+00 0.000000000e+00
6.586872159e-01 -7.524168736e-01 0.000000000e+00 9.248476360e-01 7.524168736e-01 6.586872159e-01 0.000000000e+00 2.965001464e-01 0.000000000e+00 0.000000000e+00 1.000000000e+00 0.000000000e+00
6.572326265e-01 -7.536877833e-01 0.000000000e+00 9.276637929e-01 7.536877833e-01 6.572326265e-01 0.000000000e+00 2.994141268e-01 0.000000000e+00 0.000000000e+00 1.000000000e+00 0.000000000e+00
6.538498463e-01 -7.566243311e-01 0.000000000e+00 9.298316245e-01 7.566243311e-01 6.538498463e-01 0.000000000e+00 3.017120738e-01 0.000000000e+00 0.000000000e+00 1.000000000e+00 0.000000000e+00
6.521402574e-01 -7.580983344e-01 0.000000000e+00 9.318538968e-01 7.580983344e-01 6.521402574e-01 0.000000000e+00 3.038505390e-01 0.000000000e+00 0.000000000e+00 1.000000000e+00 0.000000000e+00
6.511892291e-01 -7.589154024e-01 0.000000000e+00 9.344541024e-01 7.589154024e-01 6.511892291e-01 0.000000000e+00 3.066246654e-01 0.000000000e+00 0.000000000e+00 1.000000000e+00 0.000000000e+00
6.486048098e-01 -7.611253515e-01 0.000000000e+00 9.372236707e-01 7.611253515e-01 6.486048098e-01 0.000000000e+00 3.095954693e-01 0.000000000e+00 0.000000000e+00 1.000000000e+00 0.000000000e+00
6.460639140e-01 -7.632833151e-01 0.000000000e+00 9.394059979e-01 7.632833151e-01 6.460639140e-01 0.000000000e+00 3.119407018e-01 0.000000000e+00 0.000000000e+00 1.000000000e+00 0.000000000e+00
6.448974826e-01 -7.642690867e-01 0.000000000e+00 9.416414441e-01 7.642690867e-01 6.448974826e-01 0.000000000e+00 3.143328328e-01 0.000000000e+00 0.000000000e+00 1.000000000e+00 0.000000000e+00
6.422882608e-01 -7.664631694e-01 0.000000000e+00 9.443156282e-01 7.664631694e-01 6.422882608e-01 0.000000000e+00 3.172076986e-01 0.000000000e+00 0.000000000e+00 1.000000000e+00 0.000000000e+00
6.396826283e-01 -7.686391449e-01 0.000000000e+00 9.465681549e-01 7.686391449e-01 6.396826283e-01 0.000000000e+00 3.196518640e-01 0.000000000e+00 0.000000000e+00 1.000000000e+00 0.000000000e+00
6.388214597e-01 -7.693550173e-01 0.000000000e+00 9.490179951e-01 7.693550173e-01 6.388214597e-01 0.000000000e+00 3.223246781e-01 0.000000000e+00 0.000000000e+00 1.000000000e+00 0.000000000e+00
6.360848989e-01 -7.716190779e-01 0.000000000e+00 9.516250130e-01 7.716190779e-01 6.360848989e-01 0.000000000e+00 3.252153376e-01 0.000000000e+00 0.000000000e+00 1.000000000e+00 0.000000000e+00
6.335225874e-01 -7.737241958e-01 0.000000000e+00 9.539250582e-01 7.737241958e-01 6.335225874e-01 0.000000000e+00 3.277688168e-01 0.000000000e+00 0.000000000e+00 1.000000000e+00 0.000000000e+00
6.324078936e-01 -7.746355634e-01 0.000000000e+00 9.563372405e-01 7.746355634e-01 6.324078936e-01 0.000000000e+00 3.304351299e-01 0.000000000e+00 0.000000000e+00 1.000000000e+00 0.000000000e+00
6.298085008e-01 -7.767504441e-01 0.000000000e+00 9.589038001e-01 7.767504441e-01 6.298085008e-01 0.000000000e+00 3.332842453e-01 0.000000000e+00 0.000000000e+00 1.000000000e+00 0.000000000e+00
6.271657359e-01 -7.788858322e-01 0.000000000e+00 9.611143138e-01 7.788858322e-01 6.271657359e-01 0.000000000e+00 3.357435481e-01 0.000000000e+00 0.000000000e+00 1.000000000e+00 0.000000000e+00
6.258326010e-01 -7.799574062e-01 0.000000000e+00 9.634347169e-01 7.799574062e-01 6.258326010e-01 0.000000000e+00 3.383132505e-01 0.000000000e+00 0.000000000e+00 1.000000000e+00 0.000000000e+00
6.232336350e-01 -7.820357000e-01 0.000000000e+00 9.659140664e-01 7.820357000e-01 6.232336350e-01 0.000000000e+00 3.411497647e-01 0.000000000e+00 0.000000000e+00 1.000000000e+00 0.000000000e+00
6.205890306e-01 -7.841359927e-01 0.000000000e+00 9.680365121e-01 7.841359927e-01 6.205890306e-01 0.000000000e+00 3.435793513e-01 0.000000000e+00 0.000000000e+00 1.000000000e+00 0.000000000e+00
6.195026345e-01 -7.849945769e-01 0.000000000e+00 9.704545543e-01 7.849945769e-01 6.195026345e-01 0.000000000e+00 3.463195922e-01 0.000000000e+00 0.000000000e+00 1.000000000e+00 0.000000000e+00
6.168617883e-01 -7.870714924e-01 0.000000000e+00 9.730818263e-01 7.870714924e-01 6.168617883e-01 0.000000000e+00 3.493431133e-01 0.000000000e+00 0.000000000e+00 1.000000000e+00 0.000000000e+00
6.142300563e-01 -7.891270100e-01 0.000000000e+00 9.751716578e-01 7.891270100e-01 6.142300563e-01 0.000000000e+00 3.517627331e-01 0.000000000e+00 0.000000000e+00 1.000000000e+00 0.000000000e+00
6.126816992e-01 -7.903297637e-01 0.000000000e+00 9.775109587e-01 7.903297637e-01 6.126816992e-01 0.000000000e+00 3.544177095e-01 0.000000000e+00 0.000000000e+00 1.000000000e+00 0.000000000e+00
6.101427163e-01 -7.922915283e-01 0.000000000e+00 9.799777690e-01 7.922915283e-01 6.101427163e-01 0.000000000e+00 3.572673795e-01 0.000000000e+00 0.000000000e+00 1.000000000e+00 0.000000000e+00
6.074658781e-01 -7.943457729e-01 0.000000000e+00 9.820133718e-01 7.943457729e-01 6.074658781e-01 0.000000000e+00 3.596612512e-01 0.000000000e+00 0.000000000e+00 1.000000000e+00 0.000000000e+00
6.057361019e-01 -7.956656175e-01 0.000000000e+00 9.843448766e-01 7.956656175e-01 6.057361019e-01 0.000000000e+00 3.624261208e-01 0.000000000e+00 0.000000000e+00 1.000000000e+00 0.000000000e+00
6.029851255e-01 -7.977524293e-01 0.000000000e+00 9.870105647e-01 7.977524293e-01 6.029851255e-01 0.000000000e+00 3.656030878e-01 0.000000000e+00 0.000000000e+00 1.000000000e+00 0.000000000e+00
6.003201465e-01 -7.997597900e-01 0.000000000e+00 9.890861158e-01 7.997597900e-01 6.003201465e-01 0.000000000e+00 3.680705014e-01 0.000000000e+00 0.000000000e+00 1.000000000e+00 0.000000000e+00
5.986764177e-01 -8.009909780e-01 0.000000000e+00 9.912412752e-01 8.009909780e-01 5.986764177e-01 0.000000000e+00 3.706220601e-01 0.000000000e+00 0.000000000e+00 1.000000000e+00 0.000000000e+00
5.961127080e-01 -8.029007656e-01 0.000000000e+00 9.934628593e-01 8.029007656e-01 5.961127080e-01 0.000000000e+00 3.732605102e-01 0.000000000e+00 0.000000000e+00 1.000000000e+00 0.000000000e+00
5.934000445e-01 -8.049076886e-01 0.000000000e+00 9.956332480e-01 8.049076886e-01 5.934000445e-01 0.000000000e+00 3.758634226e-01 0.000000000e+00 0.000000000e+00 1.000000000e+00 0.000000000e+00
5.925311129e-01 -8.055475654e-01 0.000000000e+00 9.980317369e-01 8.055475654e-01 5.925311129e-01 0.000000000e+00 3.787400850e-01 0.000000000e+00 0.000000000e+00 1.000000000e+00 0.000000000e+00
5.899434064e-01 -8.074445970e-01 0.000000000e+00 1.000594590e+00 8.074445970e-01 5.899434064e-01 0.000000000e+00 3.818780747e-01 0.000000000e+00 0.000000000e+00 1.000000000e+00 0.000000000e+00
5.872978959e-01 -8.093708553e-01 0.000000000e+00 1.002639331e+00 8.093708553e-01 5.872978959e-01 0.000000000e+00 3.843886882e-01 0.000000000e+00 0.000000000e+00 1.000000000e+00 0.000000000e+00
5.860776562e-01 -8.102548863e-01 0.000000000e+00 1.004744577e+00 8.102548863e-01 5.860776562e-01 0.000000000e+00 3.869605522e-01 0.000000000e+00 0.000000000e+00 1.000000000e+00 0.000000000e+00
5.834466538e-01 -8.121514651e-01 0.000000000e+00 1.007201138e+00 8.121514651e-01 5.834466538e-01 0.000000000e+00 3.899729655e-01 0.000000000e+00 0.000000000e+00 1.000000000e+00 0.000000000e+00
5.807691899e-01 -8.140682699e-01 0.000000000e+00 1.009282334e+00 8.140682699e-01 5.807691899e-01 0.000000000e+00 3.925381494e-01 0.000000000e+00 0.000000000e+00 1.000000000e+00 0.000000000e+00
5.796485459e-01 -8.148665923e-01 0.000000000e+00 1.011523102e+00 8.148665923e-01 5.796485459e-01 0.000000000e+00 3.953019042e-01 0.000000000e+00 0.000000000e+00 1.000000000e+00 0.000000000e+00
5.770287211e-01 -8.167238548e-01 0.000000000e+00 1.013907553e+00 8.167238548e-01 5.770287211e-01 0.000000000e+00 3.982853897e-01 0.000000000e+00 0.000000000e+00 1.000000000e+00 0.000000000e+00
5.743623968e-01 -8.186011465e-01 0.000000000e+00 1.015894497e+00 8.186011465e-01 5.743623968e-01 0.000000000e+00 4.007895301e-01 0.000000000e+00 0.000000000e+00 1.000000000e+00 0.000000000e+00
5.736097043e-01 -8.191287488e-01 0.000000000e+00 1.017888548e+00 8.191287488e-01 5.736097043e-01 0.000000000e+00 4.033023117e-01 0.000000000e+00 0.000000000e+00 1.000000000e+00 0.000000000e+00
5.710550391e-01 -8.209117750e-01 0.000000000e+00 1.020237887e+00 8.209117750e-01 5.710550391e-01 0.000000000e+00 4.062798027e-01 0.000000000e+00 0.000000000e+00 1.000000000e+00 0.000000000e+00
5.684062044e-01 -8.227480701e-01 0.000000000e+00 1.022367138e+00 8.227480701e-01 5.684062044e-01 0.000000000e+00 4.089824517e-01 0.000000000e+00 0.000000000e+00 1.000000000e+00 0.000000000e+00
5.667440758e-01 -8.238938964e-01 0.000000000e+00 1.024653818e+00 8.238938964e-01 5.667440758e-01 0.000000000e+00 4.118738022e-01 0.000000000e+00 0.000000000e+00 1.000000000e+00 0.000000000e+00
5.641048931e-01 -8.257031365e-01 0.000000000e+00 1.027092021e+00 8.257031365e-01 5.641048931e-01 0.000000000e+00 4.149781894e-01 0.000000000e+00 0.000000000e+00 1.000000000e+00 0.000000000e+00
5.614455000e-01 -8.275137162e-01 0.000000000e+00 1.029067638e+00 8.275137162e-01 5.614455000e-01 0.000000000e+00 4.175536215e-01 0.000000000e+00 0.000000000e+00 1.000000000e+00 0.000000000e+00
5.601474320e-01 -8.283929348e-01 0.000000000e+00 1.031115548e+00 8.283929348e-01 5.601474320e-01 0.000000000e+00 4.202161803e-01 0.000000000e+00 0.000000000e+00 1.000000000e+00 0.000000000e+00
5.574335280e-01 -8.302215740e-01 0.000000000e+00 1.033268706e+00 8.302215740e-01 5.574335280e-01 0.000000000e+00 4.230396583e-01 0.000000000e+00 0.000000000e+00 1.000000000e+00 0.000000000e+00
5.547523204e-01 -8.320155425e-01 0.000000000e+00 1.035345777e+00 8.320155425e-01 5.547523204e-01 0.000000000e+00 4.257659361e-01 0.000000000e+00 0.000000000e+00 1.000000000e+00 0.000000000e+00
5.538298783e-01 -8.326298493e-01 0.000000000e+00 1.037669392e+00 8.326298493e-01 5.538298783e-01 0.000000000e+00 4.287946235e-01 0.000000000e+00 0.000000000e+00 1.000000000e+00 0.000000000e+00
5.512720218e-01 -8.343255707e-01 0.000000000e+00 1.039948657e+00 8.343255707e-01 5.512720218e-01 0.000000000e+00 4.317849252e-01 0.000000000e+00 0.000000000e+00 1.000000000e+00 0.000000000e+00
5.485777181e-01 -8.360995678e-01 0.000000000e+00 1.041920344e+00 8.360995678e-01 5.485777181e-01 0.000000000e+00 4.344005816e-01 0.000000000e+00 0.000000000e+00 1.000000000e+00 0.000000000e+00
5.471492910e-01 -8.370350371e-01 0.000000000e+00 1.044090918e+00 8.370350371e-01 5.471492910e-01 0.000000000e+00 4.372847839e-01 0.000000000e+00 0.000000000e+00 1.000000000e+00 0.000000000e+00
5.445705760e-01 -8.387150218e-01 0.000000000e+00 1.046384907e+00 8.387150218e-01 5.445705760e-01 0.000000000e+00 4.403858345e-01 0.000000000e+00 0.000000000e+00 1.000000000e+00 0.000000000e+00
5.418670715e-01 -8.404642032e-01 0.000000000e+00 1.048267047e+00 8.404642032e-01 5.418670715e-01 0.000000000e+00 4.429423231e-01 0.000000000e+00 0.000000000e+00 1.000000000e+00 0.000000000e+00
5.407174265e-01 -8.412042943e-01 0.000000000e+00 1.050181587e+00 8.412042943e-01 5.407174265e-01 0.000000000e+00 4.455261003e-01 0.000000000e+00 0.000000000e+00 1.000000000e+00 0.000000000e+00
5.380107530e-01 -8.429379750e-01 0.000000000e+00 1.052454731e+00 8.429379750e-01 5.380107530e-01 0.000000000e+00 4.486099033e-01 0.000000000e+00 0.000000000e+00 1.000000000e+00 0.000000000e+00
5.354828525e-01 -8.445460998e-01 0.000000000e+00 1.054563090e+00 8.445460998e-01 5.354828525e-01 0.000000000e+00 4.514720312e-01 0.000000000e+00 0.000000000e+00 1.000000000e+00 0.000000000e+00
5.343128876e-01 -8.452867787e-01 0.000000000e+00 1.056687314e+00 8.452867787e-01 5.343128876e-01 0.000000000e+00 4.543639411e-01 0.000000000e+00 0.000000000e+00 1.000000000e+00 0.000000000e+00
5.322311106e-01 -8.465991052e-01 0.000000000e+00 1.058921585e+00 8.465991052e-01 5.322311106e-01 0.000000000e+00 4.574419416e-01 0.000000000e+00 0.000000000e+00 1.000000000e+00 0.000000000e+00
5.302200616e-01 -8.478600629e-01 0.000000000e+00 1.060725166e+00 8.478600629e-01 5.302200616e-01 0.000000000e+00 4.599684986e-01 0.000000000e+00 0.000000000e+00 1.000000000e+00 0.000000000e+00
5.297267144e-01 -8.481683842e-01 0.000000000e+00 1.062693048e+00 8.481683842e-01 5.297267144e-01 0.000000000e+00 4.627078659e-01 0.000000000e+00 0.000000000e+00 1.000000000e+00 0.000000000e+00
5.281196394e-01 -8.491699750e-01 0.000000000e+00 1.065138709e+00 8.491699750e-01 5.281196394e-01 0.000000000e+00 4.661234466e-01 0.000000000e+00 0.000000000e+00 1.000000000e+00 0.000000000e+00
5.267134091e-01 -8.500429311e-01 0.000000000e+00 1.067073137e+00 8.500429311e-01 5.267134091e-01 0.000000000e+00 4.688271283e-01 0.000000000e+00 0.000000000e+00 1.000000000e+00 0.000000000e+00
5.257264900e-01 -8.506536650e-01 0.000000000e+00 1.069088255e+00 8.506536650e-01 5.257264900e-01 0.000000000e+00 4.716407247e-01 0.000000000e+00 0.000000000e+00 1.000000000e+00 0.000000000e+00
5.245208685e-01 -8.513975913e-01 0.000000000e+00 1.071229397e+00 8.513975913e-01 5.245208685e-01 0.000000000e+00 4.746344062e-01 0.000000000e+00 0.000000000e+00 1.000000000e+00 0.000000000e+00
5.234778075e-01 -8.520393096e-01 0.000000000e+00 1.072953356e+00 8.520393096e-01 5.234778075e-01 0.000000000e+00 4.771143541e-01 0.000000000e+00 0.000000000e+00 1.000000000e+00 0.000000000e+00
5.226571653e-01 -8.525429535e-01 0.000000000e+00 1.075143955e+00 8.525429535e-01 5.226571653e-01 0.000000000e+00 4.802695869e-01 0.000000000e+00 0.000000000e+00 1.000000000e+00 0.000000000e+00
5.214439848e-01 -8.532855154e-01 0.000000000e+00 1.076916325e+00 8.532855154e-01 5.214439848e-01 0.000000000e+00 4.828186784e-01 0.000000000e+00 0.000000000e+00 1.000000000e+00 0.000000000e+00
5.205824657e-01 -8.538113939e-01 0.000000000e+00 1.078619007e+00 8.538113939e-01 5.205824657e-01 0.000000000e+00 4.852702703e-01 0.000000000e+00 0.000000000e+00 1.000000000e+00 0.000000000e+00
5.201601505e-01 -8.540687430e-01 0.000000000e+00 1.080496740e+00 8.540687430e-01 5.201601505e-01 0.000000000e+00 4.879752164e-01 0.000000000e+00 0.000000000e+00 1.000000000e+00 0.000000000e+00
5.188776441e-01 -8.548485190e-01 0.000000000e+00 1.082529159e+00 8.548485190e-01 5.188776441e-01 0.000000000e+00 4.909217582e-01 0.000000000e+00 0.000000000e+00 1.000000000e+00 0.000000000e+00
5.175789294e-01 -8.556354667e-01 0.000000000e+00 1.084158153e+00 8.556354667e-01 5.175789294e-01 0.000000000e+00 4.932882263e-01 0.000000000e+00 0.000000000e+00 1.000000000e+00 0.000000000e+00
5.172454031e-01 -8.558371299e-01 0.000000000e+00 1.086195100e+00 8.558371299e-01 5.172454031e-01 0.000000000e+00 4.962862790e-01 0.000000000e+00 0.000000000e+00 1.000000000e+00 0.000000000e+00
5.159502080e-01 -8.566185749e-01 0.000000000e+00 1.088500742e+00 8.566185749e-01 5.159502080e-01 0.000000000e+00 4.997224923e-01 0.000000000e+00 0.000000000e+00 1.000000000e+00 0.000000000e+00
5.143121964e-01 -8.576030344e-01 0.000000000e+00 1.090194259e+00 8.576030344e-01 5.143121964e-01 0.000000000e+00 5.022692971e-01 0.000000000e+00 0.000000000e+00 1.000000000e+00 0.000000000e+00
5.130018746e-01 -8.583874863e-01 0.000000000e+00 1.092097789e+00 8.583874863e-01 5.130018746e-01 0.000000000e+00 5.051169239e-01 0.000000000e+00 0.000000000e+00 1.000000000e+00 0.000000000e+00
5.109754888e-01 -8.595952826e-01 0.000000000e+00 1.094235304e+00 8.595952826e-01 5.109754888e-01 0.000000000e+00 5.083191060e-01 0.000000000e+00 0.000000000e+00 1.000000000e+00 0.000000000e+00
5.085279429e-01 -8.610454873e-01 0.000000000e+00 1.095757060e+00 8.610454873e-01 5.085279429e-01 0.000000000e+00 5.106100207e-01 0.000000000e+00 0.000000000e+00 1.000000000e+00 0.000000000e+00
5.067009178e-01 -8.621219055e-01 0.000000000e+00 1.097701363e+00 8.621219055e-01 5.067009178e-01 0.000000000e+00 5.135480037e-01 0.000000000e+00 0.000000000e+00 1.000000000e+00 0.000000000e+00
5.035627731e-01 -8.639586411e-01 0.000000000e+00 1.100216958e+00 8.639586411e-01 5.035627731e-01 0.000000000e+00 5.173999954e-01 0.000000000e+00 0.000000000e+00 1.000000000e+00 0.000000000e+00
5.000402455e-01 -8.660021668e-01 0.000000000e+00 1.101999011e+00 8.660021668e-01 5.000402455e-01 0.000000000e+00 5.201802257e-01 0.000000000e+00 0.000000000e+00 1.000000000e+00 0.000000000e+00
4.980211053e-01 -8.671649086e-01 0.000000000e+00 1.103899321e+00 8.671649086e-01 4.980211053e-01 0.000000000e+00 5.231317382e-01 0.000000000e+00 0.000000000e+00 1.000000000e+00 0.000000000e+00
4.945031589e-01 -8.691758314e-01 0.000000000e+00 1.106199397e+00 8.691758314e-01 4.945031589e-01 0.000000000e+00 5.267166832e-01 0.000000000e+00 0.000000000e+00 1.000000000e+00 0.000000000e+00
4.909618963e-01 -8.711810468e-01 0.000000000e+00 1.107790690e+00 8.711810468e-01 4.909618963e-01 0.000000000e+00 5.292099624e-01 0.000000000e+00 0.000000000e+00 1.000000000e+00 0.000000000e+00
4.888901747e-01 -8.723453428e-01 0.000000000e+00 1.109733653e+00 8.723453428e-01 4.888901747e-01 0.000000000e+00 5.322335294e-01 0.000000000e+00 0.000000000e+00 1.000000000e+00 0.000000000e+00
4.855140619e-01 -8.742288577e-01 0.000000000e+00 1.111817278e+00 8.742288577e-01 4.855140619e-01 0.000000000e+00 5.355234823e-01 0.000000000e+00 0.000000000e+00 1.000000000e+00 0.000000000e+00
4.818121800e-01 -8.762745136e-01 0.000000000e+00 1.113564677e+00 8.762745136e-01 4.818121800e-01 0.000000000e+00 5.383221037e-01 0.000000000e+00 0.000000000e+00 1.000000000e+00 0.000000000e+00
4.802284731e-01 -8.771434396e-01 0.000000000e+00 1.115459202e+00 8.771434396e-01 4.802284731e-01 0.000000000e+00 5.413715797e-01 0.000000000e+00 0.000000000e+00 1.000000000e+00 0.000000000e+00
4.765143113e-01 -8.791667141e-01 0.000000000e+00 1.117554006e+00 8.791667141e-01 4.765143113e-01 0.000000000e+00 5.447642024e-01 0.000000000e+00 0.000000000e+00 1.000000000e+00 0.000000000e+00
4.728249482e-01 -8.811563813e-01 0.000000000e+00 1.119265209e+00 8.811563813e-01 4.728249482e-01 0.000000000e+00 5.475449667e-01 0.000000000e+00 0.000000000e+00 1.000000000e+00 0.000000000e+00
4.716839576e-01 -8.817676815e-01 0.000000000e+00 1.121069290e+00 8.817676815e-01 4.716839576e-01 0.000000000e+00 5.504478133e-01 0.000000000e+00 0.000000000e+00 1.000000000e+00 0.000000000e+00
4.681482385e-01 -8.836499458e-01 0.000000000e+00 1.123284474e+00 8.836499458e-01 4.681482385e-01 0.000000000e+00 5.540483586e-01 0.000000000e+00 0.000000000e+00 1.000000000e+00 0.000000000e+00
4.649218131e-01 -8.853517423e-01 0.000000000e+00 1.124978539e+00 8.853517423e-01 4.649218131e-01 0.000000000e+00 5.568161211e-01 0.000000000e+00 0.000000000e+00 1.000000000e+00 0.000000000e+00
4.633423869e-01 -8.861793456e-01 0.000000000e+00 1.126594874e+00 8.861793456e-01 4.633423869e-01 0.000000000e+00 5.594997810e-01 0.000000000e+00 0.000000000e+00 1.000000000e+00 0.000000000e+00
4.603106950e-01 -8.877578860e-01 0.000000000e+00 1.128543779e+00 8.877578860e-01 4.603106950e-01 0.000000000e+00 5.627685885e-01 0.000000000e+00 0.000000000e+00 1.000000000e+00 0.000000000e+00
4.571702407e-01 -8.893792054e-01 0.000000000e+00 1.130256418e+00 8.893792054e-01 4.571702407e-01 0.000000000e+00 5.656594670e-01 0.000000000e+00 0.000000000e+00 1.000000000e+00 0.000000000e+00
4.554308453e-01 -8.902711638e-01 0.000000000e+00 1.132065793e+00 8.902711638e-01 4.554308453e-01 0.000000000e+00 5.686923663e-01 0.000000000e+00 0.000000000e+00 1.000000000e+00 0.000000000e+00
4.523619378e-01 -8.918344450e-01 0.000000000e+00 1.133907060e+00 8.918344450e-01 4.523619378e-01 0.000000000e+00 5.717913040e-01 0.000000000e+00 0.000000000e+00 1.000000000e+00 0.000000000e+00
4.492149773e-01 -8.934236980e-01 0.000000000e+00 1.135673472e+00 8.934236980e-01 4.492149773e-01 0.000000000e+00 5.747694488e-01 0.000000000e+00 0.000000000e+00 1.000000000e+00 0.000000000e+00
4.478708615e-01 -8.940982560e-01 0.000000000e+00 1.137585431e+00 8.940982560e-01 4.478708615e-01 0.000000000e+00 5.779964356e-01 0.000000000e+00 0.000000000e+00 1.000000000e+00 0.000000000e+00
4.446767090e-01 -8.956911435e-01 0.000000000e+00 1.139605549e+00 8.956911435e-01 4.446767090e-01 0.000000000e+00 5.815178196e-01 0.000000000e+00 0.000000000e+00 1.000000000e+00 0.000000000e+00
4.415188280e-01 -8.972519850e-01 0.000000000e+00 1.141213009e+00 8.972519850e-01 4.415188280e-01 0.000000000e+00 5.843351150e-01 0.000000000e+00 0.000000000e+00 1.000000000e+00 0.000000000e+00
4.398580692e-01 -8.980673020e-01 0.000000000e+00 1.142930989e+00 8.980673020e-01 4.398580692e-01 0.000000000e+00 5.873298250e-01 0.000000000e+00 0.000000000e+00 1.000000000e+00 0.000000000e+00
4.367049051e-01 -8.996048165e-01 0.000000000e+00 1.144924480e+00 8.996048165e-01 4.367049051e-01 0.000000000e+00 5.908105961e-01 0.000000000e+00 0.000000000e+00 1.000000000e+00 0.000000000e+00
4.336066021e-01 -9.011022775e-01 0.000000000e+00 1.146525501e+00 9.011022775e-01 4.336066021e-01 0.000000000e+00 5.936162759e-01 0.000000000e+00 0.000000000e+00 1.000000000e+00 0.000000000e+00
4.325289110e-01 -9.016200647e-01 0.000000000e+00 1.148232592e+00 9.016200647e-01 4.325289110e-01 0.000000000e+00 5.965804987e-01 0.000000000e+00 0.000000000e+00 1.000000000e+00 0.000000000e+00
4.298097989e-01 -9.029194520e-01 0.000000000e+00 1.150140769e+00 9.029194520e-01 4.298097989e-01 0.000000000e+00 5.999937479e-01 0.000000000e+00 0.000000000e+00 1.000000000e+00 0.000000000e+00
4.274497638e-01 -9.040391028e-01 0.000000000e+00 1.151680864e+00 9.040391028e-01 4.274497638e-01 0.000000000e+00 6.027747759e-01 0.000000000e+00 0.000000000e+00 1.000000000e+00 0.000000000e+00
4.262713616e-01 -9.045953384e-01 0.000000000e+00 1.153331777e+00 9.045953384e-01 4.262713616e-01 0.000000000e+00 6.057595876e-01 0.000000000e+00 0.000000000e+00 1.000000000e+00 0.000000000e+00
4.240044048e-01 -9.056601265e-01 0.000000000e+00 1.155147168e+00 9.056601265e-01 4.240044048e-01 0.000000000e+00 6.090534353e-01 0.000000000e+00 0.000000000e+00 1.000000000e+00 0.000000000e+00
4.216530476e-01 -9.067572483e-01 0.000000000e+00 1.156565139e+00 9.067572483e-01 4.216530476e-01 0.000000000e+00 6.116337521e-01 0.000000000e+00 0.000000000e+00 1.000000000e+00 0.000000000e+00
4.209512895e-01 -9.070832442e-01 0.000000000e+00 1.158281997e+00 9.070832442e-01 4.209512895e-01 0.000000000e+00 6.147341776e-01 0.000000000e+00 0.000000000e+00 1.000000000e+00 0.000000000e+00
4.162435986e-01 -9.092531367e-01 0.000000000e+00 1.161807550e+00 9.092531367e-01 4.162435986e-01 0.000000000e+00 6.212390124e-01 0.000000000e+00 0.000000000e+00 1.000000000e+00 0.000000000e+00
4.151086868e-01 -9.097718275e-01 0.000000000e+00 1.163425168e+00 9.097718275e-01 4.151086868e-01 0.000000000e+00 6.242666826e-01 0.000000000e+00 0.000000000e+00 1.000000000e+00 0.000000000e+00
4.128368047e-01 -9.108050135e-01 0.000000000e+00 1.165240178e+00 9.108050135e-01 4.128368047e-01 0.000000000e+00 6.276974765e-01 0.000000000e+00 0.000000000e+00 1.000000000e+00 0.000000000e+00
4.104614503e-01 -9.118779512e-01 0.000000000e+00 1.166685497e+00 9.118779512e-01 4.104614503e-01 0.000000000e+00 6.304375905e-01 0.000000000e+00 0.000000000e+00 1.000000000e+00 0.000000000e+00
4.097982460e-01 -9.121761878e-01 0.000000000e+00 1.168224792e+00 9.121761878e-01 4.097982460e-01 0.000000000e+00 6.333328649e-01 0.000000000e+00 0.000000000e+00 1.000000000e+00 0.000000000e+00
4.074114237e-01 -9.132447273e-01 0.000000000e+00 1.169941814e+00 9.132447273e-01 4.074114237e-01 0.000000000e+00 6.365833415e-01 0.000000000e+00 0.000000000e+00 1.000000000e+00 0.000000000e+00
4.050350856e-01 -9.143011426e-01 0.000000000e+00 1.171422345e+00 9.143011426e-01 4.050350856e-01 0.000000000e+00 6.393926786e-01 0.000000000e+00 0.000000000e+00 1.000000000e+00 0.000000000e+00
4.040374970e-01 -9.147424233e-01 0.000000000e+00 1.173272135e+00 9.147424233e-01 4.040374970e-01 0.000000000e+00 6.428786538e-01 0.000000000e+00 0.000000000e+00 1.000000000e+00 0.000000000e+00
4.015427662e-01 -9.158402737e-01 0.000000000e+00 1.175044754e+00 9.158402737e-01 4.015427662e-01 0.000000000e+00 6.462429858e-01 0.000000000e+00 0.000000000e+00 1.000000000e+00 0.000000000e+00
3.972198934e-01 -9.177234639e-01 0.000000000e+00 1.178180058e+00 9.177234639e-01 3.972198934e-01 0.000000000e+00 6.521938730e-01 0.000000000e+00 0.000000000e+00 1.000000000e+00 0.000000000e+00
3.952407618e-01 -9.185775635e-01 0.000000000e+00 1.179949837e+00 9.185775635e-01 3.952407618e-01 0.000000000e+00 6.555481147e-01 0.000000000e+00 0.000000000e+00 1.000000000e+00 0.000000000e+00
3.921952537e-01 -9.198819940e-01 0.000000000e+00 1.181228689e+00 9.198819940e-01 3.921952537e-01 0.000000000e+00 6.579984917e-01 0.000000000e+00 0.000000000e+00 1.000000000e+00 0.000000000e+00
3.899570669e-01 -9.208330392e-01 0.000000000e+00 1.182986696e+00 9.208330392e-01 3.899570669e-01 0.000000000e+00 6.613442726e-01 0.000000000e+00 0.000000000e+00 1.000000000e+00 0.000000000e+00
3.865391598e-01 -9.222729953e-01 0.000000000e+00 1.184967847e+00 9.222729953e-01 3.865391598e-01 0.000000000e+00 6.651933064e-01 0.000000000e+00 0.000000000e+00 1.000000000e+00 0.000000000e+00
3.830058497e-01 -9.237459170e-01 0.000000000e+00 1.186348126e+00 9.237459170e-01 3.830058497e-01 0.000000000e+00 6.679501632e-01 0.000000000e+00 0.000000000e+00 1.000000000e+00 0.000000000e+00
3.806425503e-01 -9.247222550e-01 0.000000000e+00 1.187996963e+00 9.247222550e-01 3.806425503e-01 0.000000000e+00 6.712155656e-01 0.000000000e+00 0.000000000e+00 1.000000000e+00 0.000000000e+00
3.770568660e-01 -9.261901100e-01 0.000000000e+00 1.189971732e+00 9.261901100e-01 3.770568660e-01 0.000000000e+00 6.751398398e-01 0.000000000e+00 0.000000000e+00 1.000000000e+00 0.000000000e+00
3.735219707e-01 -9.276213330e-01 0.000000000e+00 1.191318894e+00 9.276213330e-01 3.735219707e-01 0.000000000e+00 6.778375518e-01 0.000000000e+00 0.000000000e+00 1.000000000e+00 0.000000000e+00
3.712704583e-01 -9.285247691e-01 0.000000000e+00 1.192830542e+00 9.285247691e-01 3.712704583e-01 0.000000000e+00 6.808372583e-01 0.000000000e+00 0.000000000e+00 1.000000000e+00 0.000000000e+00
3.676754362e-01 -9.299541782e-01 0.000000000e+00 1.194472897e+00 9.299541782e-01 3.676754362e-01 0.000000000e+00 6.841182780e-01 0.000000000e+00 0.000000000e+00 1.000000000e+00 0.000000000e+00
3.641236501e-01 -9.313506147e-01 0.000000000e+00 1.195906831e+00 9.313506147e-01 3.641236501e-01 0.000000000e+00 6.870386230e-01 0.000000000e+00 0.000000000e+00 1.000000000e+00 0.000000000e+00
3.619336251e-01 -9.322038677e-01 0.000000000e+00 1.197618992e+00 9.322038677e-01 3.619336251e-01 0.000000000e+00 6.905233573e-01 0.000000000e+00 0.000000000e+00 1.000000000e+00 0.000000000e+00
3.583895800e-01 -9.335721230e-01 0.000000000e+00 1.199470076e+00 9.335721230e-01 3.583895800e-01 0.000000000e+00 6.943672361e-01 0.000000000e+00 0.000000000e+00 1.000000000e+00 0.000000000e+00
3.548403625e-01 -9.349269047e-01 0.000000000e+00 1.200804753e+00 9.349269047e-01 3.548403625e-01 0.000000000e+00 6.971612680e-01 0.000000000e+00 0.000000000e+00 1.000000000e+00 0.000000000e+00
3.525766644e-01 -9.357829319e-01 0.000000000e+00 1.202281884e+00 9.357829319e-01 3.525766644e-01 0.000000000e+00 7.002277104e-01 0.000000000e+00 0.000000000e+00 1.000000000e+00 0.000000000e+00
3.489862715e-01 -9.371278367e-01 0.000000000e+00 1.204066628e+00 9.371278367e-01 3.489862715e-01 0.000000000e+00 7.039416306e-01 0.000000000e+00 0.000000000e+00 1.000000000e+00 0.000000000e+00
3.454044945e-01 -9.384539068e-01 0.000000000e+00 1.205433443e+00 9.384539068e-01 3.454044945e-01 0.000000000e+00 7.068054351e-01 0.000000000e+00 0.000000000e+00 1.000000000e+00 0.000000000e+00
3.432607356e-01 -9.392401543e-01 0.000000000e+00 1.206968955e+00 9.392401543e-01 3.432607356e-01 0.000000000e+00 7.099917984e-01 0.000000000e+00 0.000000000e+00 1.000000000e+00 0.000000000e+00
3.398104474e-01 -9.404939446e-01 0.000000000e+00 1.208903464e+00 9.404939446e-01 3.398104474e-01 0.000000000e+00 7.141366348e-01 0.000000000e+00 0.000000000e+00 1.000000000e+00 0.000000000e+00
3.351911131e-01 -9.421501566e-01 0.000000000e+00 1.210041719e+00 9.421501566e-01 3.351911131e-01 0.000000000e+00 7.166556177e-01 0.000000000e+00 0.000000000e+00 1.000000000e+00 0.000000000e+00
3.328002473e-01 -9.429973464e-01 0.000000000e+00 1.211762796e+00 9.429973464e-01 3.328002473e-01 0.000000000e+00 7.203729883e-01 0.000000000e+00 0.000000000e+00 1.000000000e+00 0.000000000e+00
3.268192230e-01 -9.450868719e-01 0.000000000e+00 1.214599615e+00 9.450868719e-01 3.268192230e-01 0.000000000e+00 7.265615628e-01 0.000000000e+00 0.000000000e+00 1.000000000e+00 0.000000000e+00
3.245143928e-01 -9.458807583e-01 0.000000000e+00 1.216058924e+00 9.458807583e-01 3.245143928e-01 0.000000000e+00 7.297296930e-01 0.000000000e+00 0.000000000e+00 1.000000000e+00 0.000000000e+00
3.172549029e-01 -9.483403011e-01 0.000000000e+00 1.219039402e+00 9.483403011e-01 3.172549029e-01 0.000000000e+00 7.363368768e-01 0.000000000e+00 0.000000000e+00 1.000000000e+00 0.000000000e+00
3.152956380e-01 -9.489934987e-01 0.000000000e+00 1.220416917e+00 9.489934987e-01 3.152956380e-01 0.000000000e+00 7.394212632e-01 0.000000000e+00 0.000000000e+00 1.000000000e+00 0.000000000e+00
3.120943882e-01 -9.500511001e-01 0.000000000e+00 1.221861572e+00 9.500511001e-01 3.120943882e-01 0.000000000e+00 7.427278828e-01 0.000000000e+00 0.000000000e+00 1.000000000e+00 0.000000000e+00
3.073537288e-01 -9.515953370e-01 0.000000000e+00 1.224699578e+00 9.515953370e-01 3.073537288e-01 0.000000000e+00 7.491655935e-01 0.000000000e+00 0.000000000e+00 1.000000000e+00 0.000000000e+00
3.010746977e-01 -9.536005591e-01 0.000000000e+00 1.227582226e+00 9.536005591e-01 3.010746977e-01 0.000000000e+00 7.557573877e-01 0.000000000e+00 0.000000000e+00 1.000000000e+00 0.000000000e+00
2.992988753e-01 -9.541594119e-01 0.000000000e+00 1.229008384e+00 9.541594119e-01 2.992988753e-01 0.000000000e+00 7.589915052e-01 0.000000000e+00 0.000000000e+00 1.000000000e+00 0.000000000e+00
2.929306759e-01 -9.561336826e-01 0.000000000e+00 1.231744894e+00 9.561336826e-01 2.929306759e-01 0.000000000e+00 7.655371476e-01 0.000000000e+00 0.000000000e+00 1.000000000e+00 0.000000000e+00
2.907911482e-01 -9.567865531e-01 0.000000000e+00 1.233124879e+00 9.567865531e-01 2.907911482e-01 0.000000000e+00 7.688068594e-01 0.000000000e+00 0.000000000e+00 1.000000000e+00 0.000000000e+00
2.846148489e-01 -9.586419497e-01 0.000000000e+00 1.235943578e+00 9.586419497e-01 2.846148489e-01 0.000000000e+00 7.755727520e-01 0.000000000e+00 0.000000000e+00 1.000000000e+00 0.000000000e+00
2.828631323e-01 -9.591602829e-01 0.000000000e+00 1.237283163e+00 9.591602829e-01 2.828631323e-01 0.000000000e+00 7.787449773e-01 0.000000000e+00 0.000000000e+00 1.000000000e+00 0.000000000e+00
2.765235087e-01 -9.610071535e-01 0.000000000e+00 1.239981951e+00 9.610071535e-01 2.765235087e-01 0.000000000e+00 7.853194703e-01 0.000000000e+00 0.000000000e+00 1.000000000e+00 0.000000000e+00
2.752177464e-01 -9.613819179e-01 0.000000000e+00 1.241278581e+00 9.613819179e-01 2.752177464e-01 0.000000000e+00 7.885132991e-01 0.000000000e+00 0.000000000e+00 1.000000000e+00 0.000000000e+00
2.720869490e-01 -9.622726704e-01 0.000000000e+00 1.242867153e+00 9.622726704e-01 2.720869490e-01 0.000000000e+00 7.924957157e-01 0.000000000e+00 0.000000000e+00 1.000000000e+00 0.000000000e+00
2.689196667e-01 -9.631626098e-01 0.000000000e+00 1.243917768e+00 9.631626098e-01 2.689196667e-01 0.000000000e+00 7.951599565e-01 0.000000000e+00 0.000000000e+00 1.000000000e+00 0.000000000e+00
2.669298928e-01 -9.637159500e-01 0.000000000e+00 1.245232091e+00 9.637159500e-01 2.669298928e-01 0.000000000e+00 7.984439354e-01 0.000000000e+00 0.000000000e+00 1.000000000e+00 0.000000000e+00
2.638364962e-01 -9.645674177e-01 0.000000000e+00 1.246756415e+00 9.645674177e-01 2.638364962e-01 0.000000000e+00 8.022725966e-01 0.000000000e+00 0.000000000e+00 1.000000000e+00 0.000000000e+00
2.607655797e-01 -9.654021506e-01 0.000000000e+00 1.247929497e+00 9.654021506e-01 2.607655797e-01 0.000000000e+00 8.052454683e-01 0.000000000e+00 0.000000000e+00 1.000000000e+00 0.000000000e+00
2.595774421e-01 -9.657222953e-01 0.000000000e+00 1.249192550e+00 9.657222953e-01 2.595774421e-01 0.000000000e+00 8.084037467e-01 0.000000000e+00 0.000000000e+00 1.000000000e+00 0.000000000e+00
2.533104165e-01 -9.673850489e-01 0.000000000e+00 1.251701745e+00 9.673850489e-01 2.533104165e-01 0.000000000e+00 8.150523862e-01 0.000000000e+00 0.000000000e+00 1.000000000e+00 0.000000000e+00
2.517567092e-01 -9.677905555e-01 0.000000000e+00 1.252931115e+00 9.677905555e-01 2.517567092e-01 0.000000000e+00 8.182716366e-01 0.000000000e+00 0.000000000e+00 1.000000000e+00 0.000000000e+00
2.487376333e-01 -9.685709008e-01 0.000000000e+00 1.254240415e+00 9.685709008e-01 2.487376333e-01 0.000000000e+00 8.217392484e-01 0.000000000e+00 0.000000000e+00 1.000000000e+00 0.000000000e+00
2.457049091e-01 -9.693446743e-01 0.000000000e+00 1.255295255e+00 9.693446743e-01 2.457049091e-01 0.000000000e+00 8.245514091e-01 0.000000000e+00 0.000000000e+00 1.000000000e+00 0.000000000e+00
2.445514410e-01 -9.696363198e-01 0.000000000e+00 1.256607867e+00 9.696363198e-01 2.445514410e-01 0.000000000e+00 8.279984497e-01 0.000000000e+00 0.000000000e+00 1.000000000e+00 0.000000000e+00
2.420234476e-01 -9.702704009e-01 0.000000000e+00 1.258030935e+00 9.702704009e-01 2.420234476e-01 0.000000000e+00 8.318073293e-01 0.000000000e+00 0.000000000e+00 1.000000000e+00 0.000000000e+00
2.393439685e-01 -9.709348406e-01 0.000000000e+00 1.259154046e+00 9.709348406e-01 2.393439685e-01 0.000000000e+00 8.348557978e-01 0.000000000e+00 0.000000000e+00 1.000000000e+00 0.000000000e+00
2.383469043e-01 -9.711800828e-01 0.000000000e+00 1.260326408e+00 9.711800828e-01 2.383469043e-01 0.000000000e+00 8.380649814e-01 0.000000000e+00 0.000000000e+00 1.000000000e+00 0.000000000e+00
2.357498184e-01 -9.718137801e-01 0.000000000e+00 1.261679572e+00 9.718137801e-01 2.357498184e-01 0.000000000e+00 8.418235673e-01 0.000000000e+00 0.000000000e+00 1.000000000e+00 0.000000000e+00
2.331256679e-01 -9.724466170e-01 0.000000000e+00 1.262754358e+00 9.724466170e-01 2.331256679e-01 0.000000000e+00 8.448268713e-01 0.000000000e+00 0.000000000e+00 1.000000000e+00 0.000000000e+00
2.315893780e-01 -9.728136307e-01 0.000000000e+00 1.264019032e+00 9.728136307e-01 2.315893780e-01 0.000000000e+00 8.483163358e-01 0.000000000e+00 0.000000000e+00 1.000000000e+00 0.000000000e+00
2.289114728e-01 -9.734472444e-01 0.000000000e+00 1.265094313e+00 9.734472444e-01 2.289114728e-01 0.000000000e+00 8.513221042e-01 0.000000000e+00 0.000000000e+00 1.000000000e+00 0.000000000e+00
2.263112133e-01 -9.740550471e-01 0.000000000e+00 1.266195355e+00 9.740550471e-01 2.263112133e-01 0.000000000e+00 8.544160485e-01 0.000000000e+00 0.000000000e+00 1.000000000e+00 0.000000000e+00
2.246278466e-01 -9.744446267e-01 0.000000000e+00 1.267453134e+00 9.744446267e-01 2.246278466e-01 0.000000000e+00 8.579650845e-01 0.000000000e+00 0.000000000e+00 1.000000000e+00 0.000000000e+00
2.220986844e-01 -9.750241917e-01 0.000000000e+00 1.268743719e+00 9.750241917e-01 2.220986844e-01 0.000000000e+00 8.617487379e-01 0.000000000e+00 0.000000000e+00 1.000000000e+00 0.000000000e+00
2.195764710e-01 -9.755952918e-01 0.000000000e+00 1.269735630e+00 9.755952918e-01 2.195764710e-01 0.000000000e+00 8.646932443e-01 0.000000000e+00 0.000000000e+00 1.000000000e+00 0.000000000e+00
2.188272248e-01 -9.757636218e-01 0.000000000e+00 1.270816141e+00 9.757636218e-01 2.188272248e-01 0.000000000e+00 8.678515088e-01 0.000000000e+00 0.000000000e+00 1.000000000e+00 0.000000000e+00
2.163088303e-01 -9.763249920e-01 0.000000000e+00 1.272116704e+00 9.763249920e-01 2.163088303e-01 0.000000000e+00 8.716703063e-01 0.000000000e+00 0.000000000e+00 1.000000000e+00 0.000000000e+00
2.137719554e-01 -9.768835914e-01 0.000000000e+00 1.273137969e+00 9.768835914e-01 2.137719554e-01 0.000000000e+00 8.746756662e-01 0.000000000e+00 0.000000000e+00 1.000000000e+00 0.000000000e+00
2.131723768e-01 -9.770146047e-01 0.000000000e+00 1.274204637e+00 9.770146047e-01 2.131723768e-01 0.000000000e+00 8.777373284e-01 0.000000000e+00 0.000000000e+00 1.000000000e+00 0.000000000e+00
2.105796999e-01 -9.775766926e-01 0.000000000e+00 1.275408226e+00 9.775766926e-01 2.105796999e-01 0.000000000e+00 8.813766731e-01 0.000000000e+00 0.000000000e+00 1.000000000e+00 0.000000000e+00
2.080737168e-01 -9.781131470e-01 0.000000000e+00 1.276407510e+00 9.781131470e-01 2.080737168e-01 0.000000000e+00 8.844424959e-01 0.000000000e+00 0.000000000e+00 1.000000000e+00 0.000000000e+00
2.073083415e-01 -9.782756521e-01 0.000000000e+00 1.277530516e+00 9.782756521e-01 2.073083415e-01 0.000000000e+00 8.878591671e-01 0.000000000e+00 0.000000000e+00 1.000000000e+00 0.000000000e+00
2.047351489e-01 -9.788174083e-01 0.000000000e+00 1.278757378e+00 9.788174083e-01 2.047351489e-01 0.000000000e+00 8.916794717e-01 0.000000000e+00 0.000000000e+00 1.000000000e+00 0.000000000e+00
2.022402196e-01 -9.793359452e-01 0.000000000e+00 1.279640853e+00 9.793359452e-01 2.022402196e-01 0.000000000e+00 8.944740476e-01 0.000000000e+00 0.000000000e+00 1.000000000e+00 0.000000000e+00
2.005591136e-01 -9.796816023e-01 0.000000000e+00 1.280720541e+00 9.796816023e-01 2.005591136e-01 0.000000000e+00 8.978251812e-01 0.000000000e+00 0.000000000e+00 1.000000000e+00 0.000000000e+00
1.974975939e-01 -9.803033716e-01 0.000000000e+00 1.281936221e+00 9.803033716e-01 1.974975939e-01 0.000000000e+00 9.016434435e-01 0.000000000e+00 0.000000000e+00 1.000000000e+00 0.000000000e+00
1.942741385e-01 -9.809472764e-01 0.000000000e+00 1.282866608e+00 9.809472764e-01 1.942741385e-01 0.000000000e+00 9.046210993e-01 0.000000000e+00 0.000000000e+00 1.000000000e+00 0.000000000e+00
1.921279638e-01 -9.813698821e-01 0.000000000e+00 1.283932263e+00 9.813698821e-01 1.921279638e-01 0.000000000e+00 9.080718034e-01 0.000000000e+00 0.000000000e+00 1.000000000e+00 0.000000000e+00
1.890295678e-01 -9.819713960e-01 0.000000000e+00 1.285094785e+00 9.819713960e-01 1.890295678e-01 0.000000000e+00 9.119342450e-01 0.000000000e+00 0.000000000e+00 1.000000000e+00 0.000000000e+00
1.856979652e-01 -9.826068724e-01 0.000000000e+00 1.286027844e+00 9.826068724e-01 1.856979652e-01 0.000000000e+00 9.150633468e-01 0.000000000e+00 0.000000000e+00 1.000000000e+00 0.000000000e+00
1.845230023e-01 -9.828281954e-01 0.000000000e+00 1.287038054e+00 9.828281954e-01 1.845230023e-01 0.000000000e+00 9.183771412e-01 0.000000000e+00 0.000000000e+00 1.000000000e+00 0.000000000e+00
1.807279343e-01 -9.835331279e-01 0.000000000e+00 1.288166277e+00 9.835331279e-01 1.807279343e-01 0.000000000e+00 9.221591493e-01 0.000000000e+00 0.000000000e+00 1.000000000e+00 0.000000000e+00
1.764375071e-01 -9.843118439e-01 0.000000000e+00 1.289055914e+00 9.843118439e-01 1.764375071e-01 0.000000000e+00 9.251872977e-01 0.000000000e+00 0.000000000e+00 1.000000000e+00 0.000000000e+00
1.736538165e-01 -9.848067587e-01 0.000000000e+00 1.290082930e+00 9.848067587e-01 1.736538165e-01 0.000000000e+00 9.286134388e-01 0.000000000e+00 0.000000000e+00 1.000000000e+00 0.000000000e+00
1.693924174e-01 -9.855486842e-01 0.000000000e+00 1.291222892e+00 9.855486842e-01 1.693924174e-01 0.000000000e+00 9.326513158e-01 0.000000000e+00 0.000000000e+00 1.000000000e+00 0.000000000e+00
1.650646790e-01 -9.862827443e-01 0.000000000e+00 1.292081906e+00 9.862827443e-01 1.650646790e-01 0.000000000e+00 9.357632881e-01 0.000000000e+00 0.000000000e+00 1.000000000e+00 0.000000000e+00
1.622696801e-01 -9.867464471e-01 0.000000000e+00 1.293012223e+00 9.867464471e-01 1.622696801e-01 0.000000000e+00 9.391221788e-01 0.000000000e+00 0.000000000e+00 1.000000000e+00 0.000000000e+00
1.580631101e-01 -9.874290117e-01 0.000000000e+00 1.294013435e+00 9.874290117e-01 1.580631101e-01 0.000000000e+00 9.427183610e-01 0.000000000e+00 0.000000000e+00 1.000000000e+00 0.000000000e+00
1.544630847e-01 -9.879985605e-01 0.000000000e+00 1.294816409e+00 9.879985605e-01 1.544630847e-01 0.000000000e+00 9.455959260e-01 0.000000000e+00 0.000000000e+00 1.000000000e+00 0.000000000e+00
1.526465078e-01 -9.882808526e-01 0.000000000e+00 1.295865670e+00 9.882808526e-01 1.526465078e-01 0.000000000e+00 9.492881555e-01 0.000000000e+00 0.000000000e+00 1.000000000e+00 0.000000000e+00
1.490664559e-01 -9.888271799e-01 0.000000000e+00 1.297004579e+00 9.888271799e-01 1.490664559e-01 0.000000000e+00 9.534139086e-01 0.000000000e+00 0.000000000e+00 1.000000000e+00 0.000000000e+00
1.454094878e-01 -9.893715585e-01 0.000000000e+00 1.297815375e+00 9.893715585e-01 1.454094878e-01 0.000000000e+00 9.564368865e-01 0.000000000e+00 0.000000000e+00 1.000000000e+00 0.000000000e+00
1.429052531e-01 -9.897363733e-01 0.000000000e+00 1.298662732e+00 9.897363733e-01 1.429052531e-01 0.000000000e+00 9.596780213e-01 0.000000000e+00 0.000000000e+00 1.000000000e+00 0.000000000e+00
1.395272738e-01 -9.902182284e-01 0.000000000e+00 1.299559471e+00 9.902182284e-01 1.395272738e-01 0.000000000e+00 9.631796989e-01 0.000000000e+00 0.000000000e+00 1.000000000e+00 0.000000000e+00
1.358883143e-01 -9.907241624e-01 0.000000000e+00 1.300481034e+00 9.907241624e-01 1.358883143e-01 0.000000000e+00 9.666899182e-01 0.000000000e+00 0.000000000e+00 1.000000000e+00 0.000000000e+00
1.341791838e-01 -9.909570862e-01 0.000000000e+00 1.301446320e+00 9.909570862e-01 1.341791838e-01 0.000000000e+00 9.703103590e-01 0.000000000e+00 0.000000000e+00 1.000000000e+00 0.000000000e+00
1.306039509e-01 -9.914346211e-01 0.000000000e+00 1.302633853e+00 9.914346211e-01 1.306039509e-01 0.000000000e+00 9.748624546e-01 0.000000000e+00 0.000000000e+00 1.000000000e+00 0.000000000e+00
1.245365288e-01 -9.922150236e-01 0.000000000e+00 1.304330172e+00 9.922150236e-01 1.245365288e-01 0.000000000e+00 9.815322142e-01 0.000000000e+00 0.000000000e+00 1.000000000e+00 0.000000000e+00
1.217219775e-01 -9.925642348e-01 0.000000000e+00 1.305100935e+00 9.925642348e-01 1.217219775e-01 0.000000000e+00 9.847275488e-01 0.000000000e+00 0.000000000e+00 1.000000000e+00 0.000000000e+00
1.196428428e-01 -9.928169973e-01 0.000000000e+00 1.305903823e+00 9.928169973e-01 1.196428428e-01 0.000000000e+00 9.880613667e-01 0.000000000e+00 0.000000000e+00 1.000000000e+00 0.000000000e+00
1.172079935e-01 -9.931073891e-01 0.000000000e+00 1.306489092e+00 9.931073891e-01 1.172079935e-01 0.000000000e+00 9.905441899e-01 0.000000000e+00 0.000000000e+00 1.000000000e+00 0.000000000e+00
1.152346067e-01 -9.933383036e-01 0.000000000e+00 1.307483410e+00 9.933383036e-01 1.152346067e-01 0.000000000e+00 9.945628647e-01 0.000000000e+00 0.000000000e+00 1.000000000e+00 0.000000000e+00
1.121481732e-01 -9.936914950e-01 0.000000000e+00 1.308283359e+00 9.936914950e-01 1.121481732e-01 0.000000000e+00 9.978577292e-01 0.000000000e+00 0.000000000e+00 1.000000000e+00 0.000000000e+00
1.107200818e-01 -9.938516305e-01 0.000000000e+00 1.309146391e+00 9.938516305e-01 1.107200818e-01 0.000000000e+00 1.001368554e+00 0.000000000e+00 0.000000000e+00 1.000000000e+00 0.000000000e+00
1.077273918e-01 -9.941804711e-01 0.000000000e+00 1.309981017e+00 9.941804711e-01 1.077273918e-01 0.000000000e+00 1.004954835e+00 0.000000000e+00 0.000000000e+00 1.000000000e+00 0.000000000e+00
1.045659405e-01 -9.945179556e-01 0.000000000e+00 1.310609781e+00 9.945179556e-01 1.045659405e-01 0.000000000e+00 1.007748882e+00 0.000000000e+00 0.000000000e+00 1.000000000e+00 0.000000000e+00
1.030846170e-01 -9.946725902e-01 0.000000000e+00 1.311423842e+00 9.946725902e-01 1.030846170e-01 0.000000000e+00 1.011326187e+00 0.000000000e+00 0.000000000e+00 1.000000000e+00 0.000000000e+00
9.997660839e-02 -9.949897878e-01 0.000000000e+00 1.312419502e+00 9.949897878e-01 9.997660839e-02 0.000000000e+00 1.015744003e+00 0.000000000e+00 0.000000000e+00 1.000000000e+00 0.000000000e+00
9.687637104e-02 -9.952964225e-01 0.000000000e+00 1.313065389e+00 9.952964225e-01 9.687637104e-02 0.000000000e+00 1.018634113e+00 0.000000000e+00 0.000000000e+00 1.000000000e+00 0.000000000e+00
9.541417694e-02 -9.954376599e-01 0.000000000e+00 1.313843099e+00 9.954376599e-01 9.541417694e-02 0.000000000e+00 1.022055695e+00 0.000000000e+00 0.000000000e+00 1.000000000e+00 0.000000000e+00
9.238787701e-02 -9.957230941e-01 0.000000000e+00 1.314723949e+00 9.957230941e-01 9.238787701e-02 0.000000000e+00 1.026038081e+00 0.000000000e+00 0.000000000e+00 1.000000000e+00 0.000000000e+00
8.930846891e-02 -9.960040147e-01 0.000000000e+00 1.315369715e+00 9.960040147e-01 8.930846891e-02 0.000000000e+00 1.029058252e+00 0.000000000e+00 0.000000000e+00 1.000000000e+00 0.000000000e+00
8.729767880e-02 -9.961822701e-01 0.000000000e+00 1.316095948e+00 9.961822701e-01 8.729767880e-02 0.000000000e+00 1.032509408e+00 0.000000000e+00 0.000000000e+00 1.000000000e+00 0.000000000e+00
8.401691719e-02 -9.964643283e-01 0.000000000e+00 1.316893081e+00 9.964643283e-01 8.401691719e-02 0.000000000e+00 1.036527866e+00 0.000000000e+00 0.000000000e+00 1.000000000e+00 0.000000000e+00
8.034954444e-02 -9.967667484e-01 0.000000000e+00 1.317467571e+00 9.967667484e-01 8.034954444e-02 0.000000000e+00 1.039493651e+00 0.000000000e+00 0.000000000e+00 1.000000000e+00 0.000000000e+00
7.789344572e-02 -9.969616899e-01 0.000000000e+00 1.318139463e+00 9.969616899e-01 7.789344572e-02 0.000000000e+00 1.042848624e+00 0.000000000e+00 0.000000000e+00 1.000000000e+00 0.000000000e+00
7.423889120e-02 -9.972404861e-01 0.000000000e+00 1.319029647e+00 9.972404861e-01 7.423889120e-02 0.000000000e+00 1.047158216e+00 0.000000000e+00 0.000000000e+00 1.000000000e+00 0.000000000e+00
7.058918373e-02 -9.975054722e-01 0.000000000e+00 1.319616888e+00 9.975054722e-01 7.058918373e-02 0.000000000e+00 1.050109146e+00 0.000000000e+00 0.000000000e+00 1.000000000e+00 0.000000000e+00
6.864487837e-02 -9.976411583e-01 0.000000000e+00 1.320298691e+00 9.976411583e-01 6.864487837e-02 0.000000000e+00 1.053442188e+00 0.000000000e+00 0.000000000e+00 1.000000000e+00 0.000000000e+00
6.481661675e-02 -9.978971922e-01 0.000000000e+00 1.321045071e+00 9.978971922e-01 6.481661675e-02 0.000000000e+00 1.057490007e+00 0.000000000e+00 0.000000000e+00 1.000000000e+00 0.000000000e+00
6.094393928e-02 -9.981411905e-01 0.000000000e+00 1.321586464e+00 9.981411905e-01 6.094393928e-02 0.000000000e+00 1.060517139e+00 0.000000000e+00 0.000000000e+00 1.000000000e+00 0.000000000e+00
5.831888134e-02 -9.982980056e-01 0.000000000e+00 1.322247531e+00 9.982980056e-01 5.831888134e-02 0.000000000e+00 1.064112797e+00 0.000000000e+00 0.000000000e+00 1.000000000e+00 0.000000000e+00
5.433141474e-02 -9.985229579e-01 0.000000000e+00 1.322967888e+00 9.985229579e-01 5.433141474e-02 0.000000000e+00 1.068165250e+00 0.000000000e+00 0.000000000e+00 1.000000000e+00 0.000000000e+00
5.031688264e-02 -9.987333034e-01 0.000000000e+00 1.323489866e+00 9.987333034e-01 5.031688264e-02 0.000000000e+00 1.071198506e+00 0.000000000e+00 0.000000000e+00 1.000000000e+00 0.000000000e+00
4.783275387e-02 -9.988553587e-01 0.000000000e+00 1.324150358e+00 9.988553587e-01 4.783275387e-02 0.000000000e+00 1.074800207e+00 0.000000000e+00 0.000000000e+00 1.000000000e+00 0.000000000e+00
4.378487773e-02 -9.990409824e-01 0.000000000e+00 1.324881407e+00 9.990409824e-01 4.378487773e-02 0.000000000e+00 1.078929321e+00 0.000000000e+00 0.000000000e+00 1.000000000e+00 0.000000000e+00
3.970155582e-02 -9.992115824e-01 0.000000000e+00 1.325418790e+00 9.992115824e-01 3.970155582e-02 0.000000000e+00 1.082109710e+00 0.000000000e+00 0.000000000e+00 1.000000000e+00 0.000000000e+00
3.716969727e-02 -9.993089680e-01 0.000000000e+00 1.325974253e+00 9.993089680e-01 3.716969727e-02 0.000000000e+00 1.085500215e+00 0.000000000e+00 0.000000000e+00 1.000000000e+00 0.000000000e+00
2.898577965e-02 -9.995798240e-01 0.000000000e+00 1.327122461e+00 9.995798240e-01 2.898577965e-02 0.000000000e+00 1.092702829e+00 0.000000000e+00 0.000000000e+00 1.000000000e+00 0.000000000e+00
2.619139100e-02 -9.996569467e-01 0.000000000e+00 1.327697459e+00 9.996569467e-01 2.619139100e-02 0.000000000e+00 1.096173326e+00 0.000000000e+00 0.000000000e+00 1.000000000e+00 0.000000000e+00
1.864763805e-02 -9.998261177e-01 0.000000000e+00 1.328772261e+00 9.998261177e-01 1.864763805e-02 0.000000000e+00 1.103034224e+00 0.000000000e+00 0.000000000e+00 1.000000000e+00 0.000000000e+00
1.639941030e-02 -9.998655206e-01 0.000000000e+00 1.329365133e+00 9.998655206e-01 1.639941030e-02 0.000000000e+00 1.106825817e+00 0.000000000e+00 0.000000000e+00 1.000000000e+00 0.000000000e+00
9.235445052e-03 -9.999573524e-01 0.000000000e+00 1.330373534e+00 9.999573524e-01 9.235445052e-03 0.000000000e+00 1.113988381e+00 0.000000000e+00 0.000000000e+00 1.000000000e+00 0.000000000e+00
7.365105144e-03 -9.999728772e-01 0.000000000e+00 1.330896806e+00 9.999728772e-01 7.365105144e-03 0.000000000e+00 1.117574814e+00 0.000000000e+00 0.000000000e+00 1.000000000e+00 0.000000000e+00
1.727724898e-03 -9.999985075e-01 0.000000000e+00 1.331792004e+00 9.999985075e-01 1.727724898e-03 0.000000000e+00 1.123898401e+00 0.000000000e+00 0.000000000e+00 1.000000000e+00 0.000000000e+00
1.016661744e-04 -9.999999948e-01 0.000000000e+00 1.332372593e+00 9.999999948e-01 1.016661744e-04 0.000000000e+00 1.127913911e+00 0.000000000e+00 0.000000000e+00 1.000000000e+00 0.000000000e+00
-5.349532745e-03 -9.999856911e-01 0.000000000e+00 1.333241180e+00 9.999856911e-01 -5.349532745e-03 0.000000000e+00 1.134943456e+00 0.000000000e+00 0.000000000e+00 1.000000000e+00 0.000000000e+00
-6.963910225e-03 -9.999757517e-01 0.000000000e+00 1.333685675e+00 9.999757517e-01 -6.963910225e-03 0.000000000e+00 1.138460027e+00 0.000000000e+00 0.000000000e+00 1.000000000e+00 0.000000000e+00
-9.497488607e-03 -9.999548978e-01 0.000000000e+00 1.334192628e+00 9.999548978e-01 -9.497488607e-03 0.000000000e+00 1.142458316e+00 0.000000000e+00 0.000000000e+00 1.000000000e+00 0.000000000e+00
-1.199312529e-02 -9.999280799e-01 0.000000000e+00 1.334577766e+00 9.999280799e-01 -1.199312529e-02 0.000000000e+00 1.145469716e+00 0.000000000e+00 0.000000000e+00 1.000000000e+00 0.000000000e+00
-1.363363080e-02 -9.999070577e-01 0.000000000e+00 1.335014258e+00 9.999070577e-01 -1.363363080e-02 0.000000000e+00 1.148866518e+00 0.000000000e+00 0.000000000e+00 1.000000000e+00 0.000000000e+00
-1.604485706e-02 -9.998712730e-01 0.000000000e+00 1.335490298e+00 9.998712730e-01 -1.604485706e-02 0.000000000e+00 1.152761011e+00 0.000000000e+00 0.000000000e+00 1.000000000e+00 0.000000000e+00
-1.854605602e-02 -9.998280071e-01 0.000000000e+00 1.335804359e+00 9.998280071e-01 -1.854605602e-02 0.000000000e+00 1.155877958e+00 0.000000000e+00 0.000000000e+00 1.000000000e+00 0.000000000e+00
-2.014565046e-02 -9.997970558e-01 0.000000000e+00 1.336176132e+00 9.997970558e-01 -2.014565046e-02 0.000000000e+00 1.159344697e+00 0.000000000e+00 0.000000000e+00 1.000000000e+00 0.000000000e+00
-2.250713686e-02 -9.997466823e-01 0.000000000e+00 1.336690681e+00 9.997466823e-01 -2.250713686e-02 0.000000000e+00 1.163956299e+00 0.000000000e+00 0.000000000e+00 1.000000000e+00 0.000000000e+00
-2.499642279e-02 -9.996875406e-01 0.000000000e+00 1.336926164e+00 9.996875406e-01 -2.499642279e-02 0.000000000e+00 1.166434749e+00 0.000000000e+00 0.000000000e+00 1.000000000e+00 0.000000000e+00
-2.651731525e-02 -9.996483542e-01 0.000000000e+00 1.337279504e+00 9.996483542e-01 -2.651731525e-02 0.000000000e+00 1.169910233e+00 0.000000000e+00 0.000000000e+00 1.000000000e+00 0.000000000e+00
-2.897147117e-02 -9.995802388e-01 0.000000000e+00 1.337678833e+00 9.995802388e-01 -2.897147117e-02 0.000000000e+00 1.173540017e+00 0.000000000e+00 0.000000000e+00 1.000000000e+00 0.000000000e+00
-3.151262780e-02 -9.995033538e-01 0.000000000e+00 1.337960297e+00 9.995033538e-01 -3.151262780e-02 0.000000000e+00 1.176310441e+00 0.000000000e+00 0.000000000e+00 1.000000000e+00 0.000000000e+00
-3.357688138e-02 -9.994361375e-01 0.000000000e+00 1.338322253e+00 9.994361375e-01 -3.357688138e-02 0.000000000e+00 1.180202510e+00 0.000000000e+00 0.000000000e+00 1.000000000e+00 0.000000000e+00
-3.669032261e-02 -9.993266834e-01 0.000000000e+00 1.338688082e+00 9.993266834e-01 -3.669032261e-02 0.000000000e+00 1.184496466e+00 0.000000000e+00 0.000000000e+00 1.000000000e+00 0.000000000e+00
-4.050977362e-02 -9.991791422e-01 0.000000000e+00 1.338939774e+00 9.991791422e-01 -4.050977362e-02 0.000000000e+00 1.187735693e+00 0.000000000e+00 0.000000000e+00 1.000000000e+00 0.000000000e+00
-4.311964978e-02 -9.990699154e-01 0.000000000e+00 1.339190355e+00 9.990699154e-01 -4.311964978e-02 0.000000000e+00 1.191043092e+00 0.000000000e+00 0.000000000e+00 1.000000000e+00 0.000000000e+00
-4.696420909e-02 -9.988965728e-01 0.000000000e+00 1.339517203e+00 9.988965728e-01 -4.696420909e-02 0.000000000e+00 1.195056273e+00 0.000000000e+00 0.000000000e+00 1.000000000e+00 0.000000000e+00
-5.094458255e-02 -9.987014817e-01 0.000000000e+00 1.339788039e+00 9.987014817e-01 -5.094458255e-02 0.000000000e+00 1.198313438e+00 0.000000000e+00 0.000000000e+00 1.000000000e+00 0.000000000e+00
-5.337307076e-02 -9.985746418e-01 0.000000000e+00 1.340054987e+00 9.985746418e-01 -5.337307076e-02 0.000000000e+00 1.201789532e+00 0.000000000e+00 0.000000000e+00 1.000000000e+00 0.000000000e+00
-5.737829933e-02 -9.983525083e-01 0.000000000e+00 1.340333558e+00 9.983525083e-01 -5.737829933e-02 0.000000000e+00 1.205888900e+00 0.000000000e+00 0.000000000e+00 1.000000000e+00 0.000000000e+00
-6.144932377e-02 -9.981102046e-01 0.000000000e+00 1.340521049e+00 9.981102046e-01 -6.144932377e-02 0.000000000e+00 1.209164233e+00 0.000000000e+00 0.000000000e+00 1.000000000e+00 0.000000000e+00
-6.417247695e-02 -9.979388224e-01 0.000000000e+00 1.340745369e+00 9.979388224e-01 -6.417247695e-02 0.000000000e+00 1.212775809e+00 0.000000000e+00 0.000000000e+00 1.000000000e+00 0.000000000e+00
-6.813727275e-02 -9.976759554e-01 0.000000000e+00 1.340993342e+00 9.976759554e-01 -6.813727275e-02 0.000000000e+00 1.216958796e+00 0.000000000e+00 0.000000000e+00 1.000000000e+00 0.000000000e+00
-7.228095114e-02 -9.973843111e-01 0.000000000e+00 1.341130445e+00 9.973843111e-01 -7.228095114e-02 0.000000000e+00 1.219824139e+00 0.000000000e+00 0.000000000e+00 1.000000000e+00 0.000000000e+00
-7.526890812e-02 -9.971632722e-01 0.000000000e+00 1.341304411e+00 9.971632722e-01 -7.526890812e-02 0.000000000e+00 1.223047298e+00 0.000000000e+00 0.000000000e+00 1.000000000e+00 0.000000000e+00
-8.000769999e-02 -9.967942455e-01 0.000000000e+00 1.341574516e+00 9.967942455e-01 -8.000769999e-02 0.000000000e+00 1.227586354e+00 0.000000000e+00 0.000000000e+00 1.000000000e+00 0.000000000e+00
-8.523445873e-02 -9.963609221e-01 0.000000000e+00 1.341692611e+00 9.963609221e-01 -8.523445873e-02 0.000000000e+00 1.230785369e+00 0.000000000e+00 0.000000000e+00 1.000000000e+00 0.000000000e+00
-8.868869057e-02 -9.960593939e-01 0.000000000e+00 1.341815897e+00 9.960593939e-01 -8.868869057e-02 0.000000000e+00 1.234076705e+00 0.000000000e+00 0.000000000e+00 1.000000000e+00 0.000000000e+00
-9.372614197e-02 -9.955980164e-01 0.000000000e+00 1.341988937e+00 9.955980164e-01 -9.372614197e-02 0.000000000e+00 1.238780073e+00 0.000000000e+00 0.000000000e+00 1.000000000e+00 0.000000000e+00
-9.898989963e-02 -9.950884382e-01 0.000000000e+00 1.342090141e+00 9.950884382e-01 -9.898989963e-02 0.000000000e+00 1.242112552e+00 0.000000000e+00 0.000000000e+00 1.000000000e+00 0.000000000e+00
-1.017075161e-01 -9.948143451e-01 0.000000000e+00 1.342228802e+00 9.948143451e-01 -1.017075161e-01 0.000000000e+00 1.245612812e+00 0.000000000e+00 0.000000000e+00 1.000000000e+00 0.000000000e+00
-1.053038671e-01 -9.944400915e-01 0.000000000e+00 1.342379019e+00 9.944400915e-01 -1.053038671e-01 0.000000000e+00 1.249720306e+00 0.000000000e+00 0.000000000e+00 1.000000000e+00 0.000000000e+00
-1.091532455e-01 -9.940249338e-01 0.000000000e+00 1.342473533e+00 9.940249338e-01 -1.091532455e-01 0.000000000e+00 1.252913753e+00 0.000000000e+00 0.000000000e+00 1.000000000e+00 0.000000000e+00
-1.115240070e-01 -9.937617400e-01 0.000000000e+00 1.342541436e+00 9.937617400e-01 -1.115240070e-01 0.000000000e+00 1.256305781e+00 0.000000000e+00 0.000000000e+00 1.000000000e+00 0.000000000e+00
-1.153967032e-01 -9.933194858e-01 0.000000000e+00 1.342626415e+00 9.933194858e-01 -1.153967032e-01 0.000000000e+00 1.260984193e+00 0.000000000e+00 0.000000000e+00 1.000000000e+00 0.000000000e+00
-1.243549258e-01 -9.922378003e-01 0.000000000e+00 1.342669901e+00 9.922378003e-01 -1.243549258e-01 0.000000000e+00 1.267050106e+00 0.000000000e+00 0.000000000e+00 1.000000000e+00 0.000000000e+00
-1.252813942e-01 -9.921212488e-01 0.000000000e+00 1.342738055e+00 9.921212488e-01 -1.252813942e-01 0.000000000e+00 1.270839912e+00 0.000000000e+00 0.000000000e+00 1.000000000e+00 0.000000000e+00
-1.289081939e-01 -9.916565320e-01 0.000000000e+00 1.342785813e+00 9.916565320e-01 -1.289081939e-01 0.000000000e+00 1.274256018e+00 0.000000000e+00 0.000000000e+00 1.000000000e+00 0.000000000e+00
-1.303445981e-01 -9.914687518e-01 0.000000000e+00 1.342839678e+00 9.914687518e-01 -1.303445981e-01 0.000000000e+00 1.277735135e+00 0.000000000e+00 0.000000000e+00 1.000000000e+00 0.000000000e+00
-1.322536581e-01 -9.912159048e-01 0.000000000e+00 1.342867565e+00 9.912159048e-01 -1.322536581e-01 0.000000000e+00 1.281469217e+00 0.000000000e+00 0.000000000e+00 1.000000000e+00 0.000000000e+00
-1.341880906e-01 -9.909558801e-01 0.000000000e+00 1.342865887e+00 9.909558801e-01 -1.341880906e-01 0.000000000e+00 1.284528306e+00 0.000000000e+00 0.000000000e+00 1.000000000e+00 0.000000000e+00
-1.352344089e-01 -9.908136326e-01 0.000000000e+00 1.342873877e+00 9.908136326e-01 -1.352344089e-01 0.000000000e+00 1.288233330e+00 0.000000000e+00 0.000000000e+00 1.000000000e+00 0.000000000e+00
-1.370672128e-01 -9.905617493e-01 0.000000000e+00 1.342874515e+00 9.905617493e-01 -1.370672128e-01 0.000000000e+00 1.292276776e+00 0.000000000e+00 0.000000000e+00 1.000000000e+00 0.000000000e+00
-1.389168222e-01 -9.903040526e-01 0.000000000e+00 1.342868823e+00 9.903040526e-01 -1.389168222e-01 0.000000000e+00 1.295274839e+00 0.000000000e+00 0.000000000e+00 1.000000000e+00 0.000000000e+00
-1.400488749e-01 -9.901445918e-01 0.000000000e+00 1.342874109e+00 9.901445918e-01 -1.400488749e-01 0.000000000e+00 1.298805022e+00 0.000000000e+00 0.000000000e+00 1.000000000e+00 0.000000000e+00
-1.419178671e-01 -9.898784365e-01 0.000000000e+00 1.342798316e+00 9.898784365e-01 -1.419178671e-01 0.000000000e+00 1.302888103e+00 0.000000000e+00 0.000000000e+00 1.000000000e+00 0.000000000e+00
-1.437835203e-01 -9.896091649e-01 0.000000000e+00 1.342728322e+00 9.896091649e-01 -1.437835203e-01 0.000000000e+00 1.305726459e+00 0.000000000e+00 0.000000000e+00 1.000000000e+00 0.000000000e+00
-1.450701098e-01 -9.894213780e-01 0.000000000e+00 1.342640469e+00 9.894213780e-01 -1.450701098e-01 0.000000000e+00 1.308739426e+00 0.000000000e+00 0.000000000e+00 1.000000000e+00 0.000000000e+00
-1.470384871e-01 -9.891307716e-01 0.000000000e+00 1.342554507e+00 9.891307716e-01 -1.470384871e-01 0.000000000e+00 1.313023063e+00 0.000000000e+00 0.000000000e+00 1.000000000e+00 0.000000000e+00
-1.493513843e-01 -9.887841848e-01 0.000000000e+00 1.342497992e+00 9.887841848e-01 -1.493513843e-01 0.000000000e+00 1.316129531e+00 0.000000000e+00 0.000000000e+00 1.000000000e+00 0.000000000e+00
-1.505995768e-01 -9.885948450e-01 0.000000000e+00 1.342426818e+00 9.885948450e-01 -1.505995768e-01 0.000000000e+00 1.319511616e+00 0.000000000e+00 0.000000000e+00 1.000000000e+00 0.000000000e+00
-1.533452526e-01 -9.881726739e-01 0.000000000e+00 1.342290590e+00 9.881726739e-01 -1.533452526e-01 0.000000000e+00 1.323634612e+00 0.000000000e+00 0.000000000e+00 1.000000000e+00 0.000000000e+00
-1.566270711e-01 -9.876578155e-01 0.000000000e+00 1.342146648e+00 9.876578155e-01 -1.566270711e-01 0.000000000e+00 1.326830206e+00 0.000000000e+00 0.000000000e+00 1.000000000e+00 0.000000000e+00
-1.588101576e-01 -9.873091379e-01 0.000000000e+00 1.341990454e+00 9.873091379e-01 -1.588101576e-01 0.000000000e+00 1.330300284e+00 0.000000000e+00 0.000000000e+00 1.000000000e+00 0.000000000e+00
-1.621321098e-01 -9.867690606e-01 0.000000000e+00 1.341790201e+00 9.867690606e-01 -1.621321098e-01 0.000000000e+00 1.334291678e+00 0.000000000e+00 0.000000000e+00 1.000000000e+00 0.000000000e+00
-1.655985173e-01 -9.861932524e-01 0.000000000e+00 1.341606258e+00 9.861932524e-01 -1.655985173e-01 0.000000000e+00 1.337440016e+00 0.000000000e+00 0.000000000e+00 1.000000000e+00 0.000000000e+00
-1.677697458e-01 -9.858262080e-01 0.000000000e+00 1.341441941e+00 9.858262080e-01 -1.677697458e-01 0.000000000e+00 1.340963108e+00 0.000000000e+00 0.000000000e+00 1.000000000e+00 0.000000000e+00
-1.711554676e-01 -9.852440337e-01 0.000000000e+00 1.341273497e+00 9.852440337e-01 -1.711554676e-01 0.000000000e+00 1.344992786e+00 0.000000000e+00 0.000000000e+00 1.000000000e+00 0.000000000e+00
-1.746823441e-01 -9.846248416e-01 0.000000000e+00 1.341054558e+00 9.846248416e-01 -1.746823441e-01 0.000000000e+00 1.348224625e+00 0.000000000e+00 0.000000000e+00 1.000000000e+00 0.000000000e+00
-1.769502908e-01 -9.842197898e-01 0.000000000e+00 1.340820495e+00 9.842197898e-01 -1.769502908e-01 0.000000000e+00 1.351844049e+00 0.000000000e+00 0.000000000e+00 1.000000000e+00 0.000000000e+00
-1.805221183e-01 -9.835709252e-01 0.000000000e+00 1.340528754e+00 9.835709252e-01 -1.805221183e-01 0.000000000e+00 1.355896832e+00 0.000000000e+00 0.000000000e+00 1.000000000e+00 0.000000000e+00
-1.840773005e-01 -9.829117699e-01 0.000000000e+00 1.340299257e+00 9.829117699e-01 -1.840773005e-01 0.000000000e+00 1.358955711e+00 0.000000000e+00 0.000000000e+00 1.000000000e+00 0.000000000e+00
-1.864469818e-01 -9.824650238e-01 0.000000000e+00 1.340056355e+00 9.824650238e-01 -1.864469818e-01 0.000000000e+00 1.362399249e+00 0.000000000e+00 0.000000000e+00 1.000000000e+00 0.000000000e+00
-1.899095545e-01 -9.818015895e-01 0.000000000e+00 1.339729613e+00 9.818015895e-01 -1.899095545e-01 0.000000000e+00 1.366503211e+00 0.000000000e+00 0.000000000e+00 1.000000000e+00 0.000000000e+00
-1.934297323e-01 -9.811141313e-01 0.000000000e+00 1.339468080e+00 9.811141313e-01 -1.934297323e-01 0.000000000e+00 1.369541058e+00 0.000000000e+00 0.000000000e+00 1.000000000e+00 0.000000000e+00
-1.957294996e-01 -9.806579235e-01 0.000000000e+00 1.339183256e+00 9.806579235e-01 -1.957294996e-01 0.000000000e+00 1.372780428e+00 0.000000000e+00 0.000000000e+00 1.000000000e+00 0.000000000e+00
-1.992227026e-01 -9.799542412e-01 0.000000000e+00 1.338820536e+00 9.799542412e-01 -1.992227026e-01 0.000000000e+00 1.376887588e+00 0.000000000e+00 0.000000000e+00 1.000000000e+00 0.000000000e+00
-2.062697501e-01 -9.784951662e-01 0.000000000e+00 1.338155998e+00 9.784951662e-01 -2.062697501e-01 0.000000000e+00 1.383992552e+00 0.000000000e+00 0.000000000e+00 1.000000000e+00 0.000000000e+00
-2.085491466e-01 -9.780118882e-01 0.000000000e+00 1.337778211e+00 9.780118882e-01 -2.085491466e-01 0.000000000e+00 1.388030885e+00 0.000000000e+00 0.000000000e+00 1.000000000e+00 0.000000000e+00
-2.120328394e-01 -9.772625415e-01 0.000000000e+00 1.337473421e+00 9.772625415e-01 -2.120328394e-01 0.000000000e+00 1.391092224e+00 0.000000000e+00 0.000000000e+00 1.000000000e+00 0.000000000e+00
-2.142922447e-01 -9.767695910e-01 0.000000000e+00 1.337075787e+00 9.767695910e-01 -2.142922447e-01 0.000000000e+00 1.394617642e+00 0.000000000e+00 0.000000000e+00 1.000000000e+00 0.000000000e+00
-2.177544492e-01 -9.760035860e-01 0.000000000e+00 1.336587626e+00 9.760035860e-01 -2.177544492e-01 0.000000000e+00 1.398704258e+00 0.000000000e+00 0.000000000e+00 1.000000000e+00 0.000000000e+00
-2.212224214e-01 -9.752233797e-01 0.000000000e+00 1.336235245e+00 9.752233797e-01 -2.212224214e-01 0.000000000e+00 1.401766046e+00 0.000000000e+00 0.000000000e+00 1.000000000e+00 0.000000000e+00
-2.235535972e-01 -9.746916380e-01 0.000000000e+00 1.335822936e+00 9.746916380e-01 -2.235535972e-01 0.000000000e+00 1.405254548e+00 0.000000000e+00 0.000000000e+00 1.000000000e+00 0.000000000e+00
-2.268808962e-01 -9.739225118e-01 0.000000000e+00 1.335304201e+00 9.739225118e-01 -2.268808962e-01 0.000000000e+00 1.409283417e+00 0.000000000e+00 0.000000000e+00 1.000000000e+00 0.000000000e+00
-2.303046132e-01 -9.731185874e-01 0.000000000e+00 1.334934984e+00 9.731185874e-01 -2.303046132e-01 0.000000000e+00 1.412447388e+00 0.000000000e+00 0.000000000e+00 1.000000000e+00 0.000000000e+00
-2.325289383e-01 -9.725894781e-01 0.000000000e+00 1.334519951e+00 9.725894781e-01 -2.325289383e-01 0.000000000e+00 1.416047070e+00 0.000000000e+00 0.000000000e+00 1.000000000e+00 0.000000000e+00
-2.360468561e-01 -9.717416744e-01 0.000000000e+00 1.333959551e+00 9.717416744e-01 -2.360468561e-01 0.000000000e+00 1.420059658e+00 0.000000000e+00 0.000000000e+00 1.000000000e+00 0.000000000e+00
-2.395701510e-01 -9.708790567e-01 0.000000000e+00 1.333505810e+00 9.708790567e-01 -2.395701510e-01 0.000000000e+00 1.423062364e+00 0.000000000e+00 0.000000000e+00 1.000000000e+00 0.000000000e+00
-2.419022567e-01 -9.703006226e-01 0.000000000e+00 1.332978078e+00 9.703006226e-01 -2.419022567e-01 0.000000000e+00 1.426527539e+00 0.000000000e+00 0.000000000e+00 1.000000000e+00 0.000000000e+00
-2.488703442e-01 -9.685368097e-01 0.000000000e+00 1.331948686e+00 9.685368097e-01 -2.488703442e-01 0.000000000e+00 1.433815749e+00 0.000000000e+00 0.000000000e+00 1.000000000e+00 0.000000000e+00
-2.511770108e-01 -9.679411703e-01 0.000000000e+00 1.331438609e+00 9.679411703e-01 -2.511770108e-01 0.000000000e+00 1.437346508e+00 0.000000000e+00 0.000000000e+00 1.000000000e+00 0.000000000e+00
-2.579817552e-01 -9.661497886e-01 0.000000000e+00 1.330286714e+00 9.661497886e-01 -2.579817552e-01 0.000000000e+00 1.444385390e+00 0.000000000e+00 0.000000000e+00 1.000000000e+00 0.000000000e+00
-2.602658668e-01 -9.655369898e-01 0.000000000e+00 1.329739928e+00 9.655369898e-01 -2.602658668e-01 0.000000000e+00 1.447593966e+00 0.000000000e+00 0.000000000e+00 1.000000000e+00 0.000000000e+00
-2.672777045e-01 -9.636195456e-01 0.000000000e+00 1.328484979e+00 9.636195456e-01 -2.672777045e-01 0.000000000e+00 1.454837741e+00 0.000000000e+00 0.000000000e+00 1.000000000e+00 0.000000000e+00
-2.695502925e-01 -9.629863134e-01 0.000000000e+00 1.327859280e+00 9.629863134e-01 -2.695502925e-01 0.000000000e+00 1.458510597e+00 0.000000000e+00 0.000000000e+00 1.000000000e+00 0.000000000e+00
-2.764259333e-01 -9.610352248e-01 0.000000000e+00 1.326532236e+00 9.610352248e-01 -2.764259333e-01 0.000000000e+00 1.465677802e+00 0.000000000e+00 0.000000000e+00 1.000000000e+00 0.000000000e+00
-2.785693739e-01 -9.604161098e-01 0.000000000e+00 1.325882087e+00 9.604161098e-01 -2.785693739e-01 0.000000000e+00 1.469011299e+00 0.000000000e+00 0.000000000e+00 1.000000000e+00 0.000000000e+00
-2.854877353e-01 -9.583823626e-01 0.000000000e+00 1.324511290e+00 9.583823626e-01 -2.854877353e-01 0.000000000e+00 1.475854947e+00 0.000000000e+00 0.000000000e+00 1.000000000e+00 0.000000000e+00
-2.877841345e-01 -9.576953022e-01 0.000000000e+00 1.323761051e+00 9.576953022e-01 -2.877841345e-01 0.000000000e+00 1.479636348e+00 0.000000000e+00 0.000000000e+00 1.000000000e+00 0.000000000e+00
-2.912533354e-01 -9.566459610e-01 0.000000000e+00 1.322915725e+00 9.566459610e-01 -2.912533354e-01 0.000000000e+00 1.483675979e+00 0.000000000e+00 0.000000000e+00 1.000000000e+00 0.000000000e+00
-2.947326434e-01 -9.555797554e-01 0.000000000e+00 1.322242267e+00 9.555797554e-01 -2.947326434e-01 0.000000000e+00 1.486737124e+00 0.000000000e+00 0.000000000e+00 1.000000000e+00 0.000000000e+00
-2.970195010e-01 -9.548714133e-01 0.000000000e+00 1.321453738e+00 9.548714133e-01 -2.970195010e-01 0.000000000e+00 1.490278045e+00 0.000000000e+00 0.000000000e+00 1.000000000e+00 0.000000000e+00
-3.003785155e-01 -9.538200813e-01 0.000000000e+00 1.320582704e+00 9.538200813e-01 -3.003785155e-01 0.000000000e+00 1.494264431e+00 0.000000000e+00 0.000000000e+00 1.000000000e+00 0.000000000e+00
-3.037560739e-01 -9.527498347e-01 0.000000000e+00 1.319933137e+00 9.527498347e-01 -3.037560739e-01 0.000000000e+00 1.497184663e+00 0.000000000e+00 0.000000000e+00 1.000000000e+00 0.000000000e+00
-3.059391507e-01 -9.520510680e-01 0.000000000e+00 1.319219167e+00 9.520510680e-01 -3.059391507e-01 0.000000000e+00 1.500346212e+00 0.000000000e+00 0.000000000e+00 1.000000000e+00 0.000000000e+00
-3.094043630e-01 -9.509305654e-01 0.000000000e+00 1.318280510e+00 9.509305654e-01 -3.094043630e-01 0.000000000e+00 1.504450790e+00 0.000000000e+00 0.000000000e+00 1.000000000e+00 0.000000000e+00
-3.128075464e-01 -9.498165291e-01 0.000000000e+00 1.317534894e+00 9.498165291e-01 -3.128075464e-01 0.000000000e+00 1.507660636e+00 0.000000000e+00 0.000000000e+00 1.000000000e+00 0.000000000e+00
-3.147354021e-01 -9.491794491e-01 0.000000000e+00 1.316640508e+00 9.491794491e-01 -3.147354021e-01 0.000000000e+00 1.511237501e+00 0.000000000e+00 0.000000000e+00 1.000000000e+00 0.000000000e+00
-3.181156801e-01 -9.480519047e-01 0.000000000e+00 1.315606234e+00 9.480519047e-01 -3.181156801e-01 0.000000000e+00 1.515298285e+00 0.000000000e+00 0.000000000e+00 1.000000000e+00 0.000000000e+00
-3.214561093e-01 -9.469244795e-01 0.000000000e+00 1.314860838e+00 9.469244795e-01 -3.214561093e-01 0.000000000e+00 1.518191395e+00 0.000000000e+00 0.000000000e+00 1.000000000e+00 0.000000000e+00
-3.236203062e-01 -9.461870309e-01 0.000000000e+00 1.314003455e+00 9.461870309e-01 -3.236203062e-01 0.000000000e+00 1.521564201e+00 0.000000000e+00 0.000000000e+00 1.000000000e+00 0.000000000e+00
-3.269073767e-01 -9.450563830e-01 0.000000000e+00 1.312984460e+00 9.450563830e-01 -3.269073767e-01 0.000000000e+00 1.525534338e+00 0.000000000e+00 0.000000000e+00 1.000000000e+00 0.000000000e+00
-3.301850295e-01 -9.439162284e-01 0.000000000e+00 1.312187729e+00 9.439162284e-01 -3.301850295e-01 0.000000000e+00 1.528548374e+00 0.000000000e+00 0.000000000e+00 1.000000000e+00 0.000000000e+00
-3.323011948e-01 -9.431733223e-01 0.000000000e+00 1.311252457e+00 9.431733223e-01 -3.323011948e-01 0.000000000e+00 1.532023128e+00 0.000000000e+00 0.000000000e+00 1.000000000e+00 0.000000000e+00
-3.356681751e-01 -9.419802950e-01 0.000000000e+00 1.309966154e+00 9.419802950e-01 -3.356681751e-01 0.000000000e+00 1.536545397e+00 0.000000000e+00 0.000000000e+00 1.000000000e+00 0.000000000e+00
-3.390308723e-01 -9.407752482e-01 0.000000000e+00 1.308895178e+00 9.407752482e-01 -3.390308723e-01 0.000000000e+00 1.540179762e+00 0.000000000e+00 0.000000000e+00 1.000000000e+00 0.000000000e+00
-3.422416723e-01 -9.396119613e-01 0.000000000e+00 1.307867757e+00 9.396119613e-01 -3.422416723e-01 0.000000000e+00 1.543709106e+00 0.000000000e+00 0.000000000e+00 1.000000000e+00 0.000000000e+00
-3.455821852e-01 -9.383884874e-01 0.000000000e+00 1.306809819e+00 9.383884874e-01 -3.455821852e-01 0.000000000e+00 1.547408611e+00 0.000000000e+00 0.000000000e+00 1.000000000e+00 0.000000000e+00
-3.484930684e-01 -9.373113577e-01 0.000000000e+00 1.305990758e+00 9.373113577e-01 -3.484930684e-01 0.000000000e+00 1.550236289e+00 0.000000000e+00 0.000000000e+00 1.000000000e+00 0.000000000e+00
-3.507278688e-01 -9.364774221e-01 0.000000000e+00 1.305266156e+00 9.364774221e-01 -3.507278688e-01 0.000000000e+00 1.552740270e+00 0.000000000e+00 0.000000000e+00 1.000000000e+00 0.000000000e+00
-3.529333887e-01 -9.356484506e-01 0.000000000e+00 1.304022302e+00 9.356484506e-01 -3.529333887e-01 0.000000000e+00 1.556759165e+00 0.000000000e+00 0.000000000e+00 1.000000000e+00 0.000000000e+00
-3.562298725e-01 -9.343983508e-01 0.000000000e+00 1.303075742e+00 9.343983508e-01 -3.562298725e-01 0.000000000e+00 1.559741698e+00 0.000000000e+00 0.000000000e+00 1.000000000e+00 0.000000000e+00
-3.582377274e-01 -9.336304037e-01 0.000000000e+00 1.302074334e+00 9.336304037e-01 -3.582377274e-01 0.000000000e+00 1.562919950e+00 0.000000000e+00 0.000000000e+00 1.000000000e+00 0.000000000e+00
-3.619880557e-01 -9.321827329e-01 0.000000000e+00 1.300768706e+00 9.321827329e-01 -3.619880557e-01 0.000000000e+00 1.566966225e+00 0.000000000e+00 0.000000000e+00 1.000000000e+00 0.000000000e+00
-3.663037337e-01 -9.304953384e-01 0.000000000e+00 1.299798166e+00 9.304953384e-01 -3.663037337e-01 0.000000000e+00 1.569909090e+00 0.000000000e+00 0.000000000e+00 1.000000000e+00 0.000000000e+00
-3.691765296e-01 -9.293592900e-01 0.000000000e+00 1.298668127e+00 9.293592900e-01 -3.691765296e-01 0.000000000e+00 1.573290358e+00 0.000000000e+00 0.000000000e+00 1.000000000e+00 0.000000000e+00
-3.736868026e-01 -9.275549437e-01 0.000000000e+00 1.297313625e+00 9.275549437e-01 -3.736868026e-01 0.000000000e+00 1.577294532e+00 0.000000000e+00 0.000000000e+00 1.000000000e+00 0.000000000e+00
-3.781452363e-01 -9.257462829e-01 0.000000000e+00 1.296262629e+00 9.257462829e-01 -3.781452363e-01 0.000000000e+00 1.580361659e+00 0.000000000e+00 0.000000000e+00 1.000000000e+00 0.000000000e+00
-3.809225401e-01 -9.246069535e-01 0.000000000e+00 1.295066498e+00 9.246069535e-01 -3.809225401e-01 0.000000000e+00 1.583832364e+00 0.000000000e+00 0.000000000e+00 1.000000000e+00 0.000000000e+00
-3.855196784e-01 -9.226996140e-01 0.000000000e+00 1.293623604e+00 9.226996140e-01 -3.855196784e-01 0.000000000e+00 1.587937565e+00 0.000000000e+00 0.000000000e+00 1.000000000e+00 0.000000000e+00
-3.899840423e-01 -9.208216151e-01 0.000000000e+00 1.292547170e+00 9.208216151e-01 -3.899840423e-01 0.000000000e+00 1.590905514e+00 0.000000000e+00 0.000000000e+00 1.000000000e+00 0.000000000e+00
-3.929445154e-01 -9.195621827e-01 0.000000000e+00 1.291138363e+00 9.195621827e-01 -3.929445154e-01 0.000000000e+00 1.594798293e+00 0.000000000e+00 0.000000000e+00 1.000000000e+00 0.000000000e+00
-3.974443060e-01 -9.176262985e-01 0.000000000e+00 1.289913991e+00 9.176262985e-01 -3.974443060e-01 0.000000000e+00 1.598109028e+00 0.000000000e+00 0.000000000e+00 1.000000000e+00 0.000000000e+00
-4.020491084e-01 -9.156181051e-01 0.000000000e+00 1.288765787e+00 9.156181051e-01 -4.020491084e-01 0.000000000e+00 1.601165204e+00 0.000000000e+00 0.000000000e+00 1.000000000e+00 0.000000000e+00
-4.051044800e-01 -9.142703978e-01 0.000000000e+00 1.287460041e+00 9.142703978e-01 -4.051044800e-01 0.000000000e+00 1.604654198e+00 0.000000000e+00 0.000000000e+00 1.000000000e+00 0.000000000e+00
-4.098276399e-01 -9.121629819e-01 0.000000000e+00 1.285960794e+00 9.121629819e-01 -4.098276399e-01 0.000000000e+00 1.608447809e+00 0.000000000e+00 0.000000000e+00 1.000000000e+00 0.000000000e+00
-4.143095252e-01 -9.101360433e-01 0.000000000e+00 1.284772177e+00 9.101360433e-01 -4.143095252e-01 0.000000000e+00 1.611434042e+00 0.000000000e+00 0.000000000e+00 1.000000000e+00 0.000000000e+00
-4.172698622e-01 -9.087826264e-01 0.000000000e+00 1.283395114e+00 9.087826264e-01 -4.172698622e-01 0.000000000e+00 1.614909304e+00 0.000000000e+00 0.000000000e+00 1.000000000e+00 0.000000000e+00
-4.217798227e-01 -9.066982856e-01 0.000000000e+00 1.281830891e+00 9.066982856e-01 -4.217798227e-01 0.000000000e+00 1.618759472e+00 0.000000000e+00 0.000000000e+00 1.000000000e+00 0.000000000e+00
-4.261583723e-01 -9.046485736e-01 0.000000000e+00 1.280616045e+00 9.046485736e-01 -4.261583723e-01 0.000000000e+00 1.621700149e+00 0.000000000e+00 0.000000000e+00 1.000000000e+00 0.000000000e+00
-4.290167099e-01 -9.032965530e-01 0.000000000e+00 1.279151140e+00 9.032965530e-01 -4.290167099e-01 0.000000000e+00 1.625122065e+00 0.000000000e+00 0.000000000e+00 1.000000000e+00 0.000000000e+00
-4.332607618e-01 -9.012686127e-01 0.000000000e+00 1.277451432e+00 9.012686127e-01 -4.332607618e-01 0.000000000e+00 1.629176966e+00 0.000000000e+00 0.000000000e+00 1.000000000e+00 0.000000000e+00
-4.373277662e-01 -8.993021877e-01 0.000000000e+00 1.276278747e+00 8.993021877e-01 -4.373277662e-01 0.000000000e+00 1.632013847e+00 0.000000000e+00 0.000000000e+00 1.000000000e+00 0.000000000e+00
-4.397955850e-01 -8.980979030e-01 0.000000000e+00 1.274972180e+00 8.980979030e-01 -4.397955850e-01 0.000000000e+00 1.635021020e+00 0.000000000e+00 0.000000000e+00 1.000000000e+00 0.000000000e+00
-4.435927699e-01 -8.962284611e-01 0.000000000e+00 1.273431820e+00 8.962284611e-01 -4.435927699e-01 0.000000000e+00 1.638503386e+00 0.000000000e+00 0.000000000e+00 1.000000000e+00 0.000000000e+00
-4.474158295e-01 -8.943260454e-01 0.000000000e+00 1.271996276e+00 8.943260454e-01 -4.474158295e-01 0.000000000e+00 1.641717008e+00 0.000000000e+00 0.000000000e+00 1.000000000e+00 0.000000000e+00
-4.499374926e-01 -8.930600499e-01 0.000000000e+00 1.270522949e+00 8.930600499e-01 -4.499374926e-01 0.000000000e+00 1.644989124e+00 0.000000000e+00 0.000000000e+00 1.000000000e+00 0.000000000e+00
-4.539309984e-01 -8.910368391e-01 0.000000000e+00 1.268881258e+00 8.910368391e-01 -4.539309984e-01 0.000000000e+00 1.648578103e+00 0.000000000e+00 0.000000000e+00 1.000000000e+00 0.000000000e+00
-4.584997347e-01 -8.886945444e-01 0.000000000e+00 1.267480301e+00 8.886945444e-01 -4.584997347e-01 0.000000000e+00 1.651569453e+00 0.000000000e+00 0.000000000e+00 1.000000000e+00 0.000000000e+00
-4.618209557e-01 -8.869731703e-01 0.000000000e+00 1.265826892e+00 8.869731703e-01 -4.618209557e-01 0.000000000e+00 1.655104041e+00 0.000000000e+00 0.000000000e+00 1.000000000e+00 0.000000000e+00
-4.671996472e-01 -8.841518476e-01 0.000000000e+00 1.263953842e+00 8.841518476e-01 -4.671996472e-01 0.000000000e+00 1.659093723e+00 0.000000000e+00 0.000000000e+00 1.000000000e+00 0.000000000e+00
-4.728174389e-01 -8.811604108e-01 0.000000000e+00 1.262491047e+00 8.811604108e-01 -4.728174389e-01 0.000000000e+00 1.662070380e+00 0.000000000e+00 0.000000000e+00 1.000000000e+00 0.000000000e+00
-4.764633858e-01 -8.791943141e-01 0.000000000e+00 1.260884986e+00 8.791943141e-01 -4.764633858e-01 0.000000000e+00 1.665305130e+00 0.000000000e+00 0.000000000e+00 1.000000000e+00 0.000000000e+00
-4.820341540e-01 -8.761524265e-01 0.000000000e+00 1.258913133e+00 8.761524265e-01 -4.820341540e-01 0.000000000e+00 1.669263281e+00 0.000000000e+00 0.000000000e+00 1.000000000e+00 0.000000000e+00
-4.877759782e-01 -8.729688397e-01 0.000000000e+00 1.257380464e+00 8.729688397e-01 -4.877759782e-01 0.000000000e+00 1.672319036e+00 0.000000000e+00 0.000000000e+00 1.000000000e+00 0.000000000e+00
-4.915930073e-01 -8.708250772e-01 0.000000000e+00 1.255745756e+00 8.708250772e-01 -4.915930073e-01 0.000000000e+00 1.675596646e+00 0.000000000e+00 0.000000000e+00 1.000000000e+00 0.000000000e+00
-4.970977562e-01 -8.676945435e-01 0.000000000e+00 1.253877042e+00 8.676945435e-01 -4.970977562e-01 0.000000000e+00 1.679169666e+00 0.000000000e+00 0.000000000e+00 1.000000000e+00 0.000000000e+00
-5.027032676e-01 -8.644590359e-01 0.000000000e+00 1.252385771e+00 8.644590359e-01 -5.027032676e-01 0.000000000e+00 1.681960435e+00 0.000000000e+00 0.000000000e+00 1.000000000e+00 0.000000000e+00
-5.064277294e-01 -8.622824102e-01 0.000000000e+00 1.250508971e+00 8.622824102e-01 -5.064277294e-01 0.000000000e+00 1.685454308e+00 0.000000000e+00 0.000000000e+00 1.000000000e+00 0.000000000e+00
-5.120804545e-01 -8.589374879e-01 0.000000000e+00 1.248313106e+00 8.589374879e-01 -5.120804545e-01 0.000000000e+00 1.689517993e+00 0.000000000e+00 0.000000000e+00 1.000000000e+00 0.000000000e+00
-5.177683333e-01 -8.555208665e-01 0.000000000e+00 1.246782091e+00 8.555208665e-01 -5.177683333e-01 0.000000000e+00 1.692328432e+00 0.000000000e+00 0.000000000e+00 1.000000000e+00 0.000000000e+00
-5.207365950e-01 -8.537173997e-01 0.000000000e+00 1.245031030e+00 8.537173997e-01 -5.207365950e-01 0.000000000e+00 1.695560127e+00 0.000000000e+00 0.000000000e+00 1.000000000e+00 0.000000000e+00
-5.224713726e-01 -8.526568271e-01 0.000000000e+00 1.243095846e+00 8.526568271e-01 -5.224713726e-01 0.000000000e+00 1.699079098e+00 0.000000000e+00 0.000000000e+00 1.000000000e+00 0.000000000e+00
-5.238001833e-01 -8.518411636e-01 0.000000000e+00 1.241573785e+00 8.518411636e-01 -5.238001833e-01 0.000000000e+00 1.701705806e+00 0.000000000e+00 0.000000000e+00 1.000000000e+00 0.000000000e+00
-5.246547809e-01 -8.513150773e-01 0.000000000e+00 1.239854472e+00 8.513150773e-01 -5.246547809e-01 0.000000000e+00 1.704675739e+00 0.000000000e+00 0.000000000e+00 1.000000000e+00 0.000000000e+00
-5.259443785e-01 -8.505189655e-01 0.000000000e+00 1.237968470e+00 8.505189655e-01 -5.259443785e-01 0.000000000e+00 1.707931198e+00 0.000000000e+00 0.000000000e+00 1.000000000e+00 0.000000000e+00
-5.272599515e-01 -8.497040329e-01 0.000000000e+00 1.236411208e+00 8.497040329e-01 -5.272599515e-01 0.000000000e+00 1.710617007e+00 0.000000000e+00 0.000000000e+00 1.000000000e+00 0.000000000e+00
-5.281371092e-01 -8.491591099e-01 0.000000000e+00 1.234620472e+00 8.491591099e-01 -5.281371092e-01 0.000000000e+00 1.713690801e+00 0.000000000e+00 0.000000000e+00 1.000000000e+00 0.000000000e+00
-5.292432715e-01 -8.484701288e-01 0.000000000e+00 1.232663332e+00 8.484701288e-01 -5.292432715e-01 0.000000000e+00 1.716974690e+00 0.000000000e+00 0.000000000e+00 1.000000000e+00 0.000000000e+00
-5.301314891e-01 -8.479154464e-01 0.000000000e+00 1.231168155e+00 8.479154464e-01 -5.301314891e-01 0.000000000e+00 1.719402930e+00 0.000000000e+00 0.000000000e+00 1.000000000e+00 0.000000000e+00
-5.306444404e-01 -8.475945244e-01 0.000000000e+00 1.229386162e+00 8.475945244e-01 -5.306444404e-01 0.000000000e+00 1.722253508e+00 0.000000000e+00 0.000000000e+00 1.000000000e+00 0.000000000e+00
-5.315416094e-01 -8.470321821e-01 0.000000000e+00 1.227289468e+00 8.470321821e-01 -5.315416094e-01 0.000000000e+00 1.725609481e+00 0.000000000e+00 0.000000000e+00 1.000000000e+00 0.000000000e+00
-5.324061431e-01 -8.464890424e-01 0.000000000e+00 1.225718585e+00 8.464890424e-01 -5.324061431e-01 0.000000000e+00 1.728123448e+00 0.000000000e+00 0.000000000e+00 1.000000000e+00 0.000000000e+00
-5.329526805e-01 -8.461450469e-01 0.000000000e+00 1.223939477e+00 8.461450469e-01 -5.329526805e-01 0.000000000e+00 1.730970140e+00 0.000000000e+00 0.000000000e+00 1.000000000e+00 0.000000000e+00
-5.337720557e-01 -8.456284010e-01 0.000000000e+00 1.221783447e+00 8.456284010e-01 -5.337720557e-01 0.000000000e+00 1.734300502e+00 0.000000000e+00 0.000000000e+00 1.000000000e+00 0.000000000e+00
-5.346081476e-01 -8.451000701e-01 0.000000000e+00 1.220101787e+00 8.451000701e-01 -5.346081476e-01 0.000000000e+00 1.736860977e+00 0.000000000e+00 0.000000000e+00 1.000000000e+00 0.000000000e+00
-5.351537594e-01 -8.447546708e-01 0.000000000e+00 1.218266071e+00 8.447546708e-01 -5.351537594e-01 0.000000000e+00 1.739584883e+00 0.000000000e+00 0.000000000e+00 1.000000000e+00 0.000000000e+00
-5.359644235e-01 -8.442405680e-01 0.000000000e+00 1.216139438e+00 8.442405680e-01 -5.359644235e-01 0.000000000e+00 1.742741694e+00 0.000000000e+00 0.000000000e+00 1.000000000e+00 0.000000000e+00
-5.370690836e-01 -8.435382620e-01 0.000000000e+00 1.214472898e+00 8.435382620e-01 -5.370690836e-01 0.000000000e+00 1.745217977e+00 0.000000000e+00 0.000000000e+00 1.000000000e+00 0.000000000e+00
-5.378270810e-01 -8.430551767e-01 0.000000000e+00 1.212485126e+00 8.430551767e-01 -5.378270810e-01 0.000000000e+00 1.748130455e+00 0.000000000e+00 0.000000000e+00 1.000000000e+00 0.000000000e+00
-5.389791753e-01 -8.423190896e-01 0.000000000e+00 1.210215191e+00 8.423190896e-01 -5.389791753e-01 0.000000000e+00 1.751417053e+00 0.000000000e+00 0.000000000e+00 1.000000000e+00 0.000000000e+00
-5.401155817e-01 -8.415908498e-01 0.000000000e+00 1.208530315e+00 8.415908498e-01 -5.401155817e-01 0.000000000e+00 1.753790592e+00 0.000000000e+00 0.000000000e+00 1.000000000e+00 0.000000000e+00
-5.409256423e-01 -8.410704189e-01 0.000000000e+00 1.206615914e+00 8.410704189e-01 -5.409256423e-01 0.000000000e+00 1.756444234e+00 0.000000000e+00 0.000000000e+00 1.000000000e+00 0.000000000e+00
-5.423170023e-01 -8.401739516e-01 0.000000000e+00 1.204518720e+00 8.401739516e-01 -5.423170023e-01 0.000000000e+00 1.759300256e+00 0.000000000e+00 0.000000000e+00 1.000000000e+00 0.000000000e+00
-5.439534154e-01 -8.391154163e-01 0.000000000e+00 1.202714229e+00 8.391154163e-01 -5.439534154e-01 0.000000000e+00 1.761786387e+00 0.000000000e+00 0.000000000e+00 1.000000000e+00 0.000000000e+00
-5.453098364e-01 -8.382345628e-01 0.000000000e+00 1.200470381e+00 8.382345628e-01 -5.453098364e-01 0.000000000e+00 1.764881277e+00 0.000000000e+00 0.000000000e+00 1.000000000e+00 0.000000000e+00
-5.500582027e-01 -8.351263219e-01 0.000000000e+00 1.196197648e+00 8.351263219e-01 -5.500582027e-01 0.000000000e+00 1.770655636e+00 0.000000000e+00 0.000000000e+00 1.000000000e+00 0.000000000e+00
-5.519007029e-01 -8.339098357e-01 0.000000000e+00 1.194025974e+00 8.339098357e-01 -5.519007029e-01 0.000000000e+00 1.773413753e+00 0.000000000e+00 0.000000000e+00 1.000000000e+00 0.000000000e+00
-5.577331393e-01 -8.300203283e-01 0.000000000e+00 1.189667950e+00 8.300203283e-01 -5.577331393e-01 0.000000000e+00 1.779093208e+00 0.000000000e+00 0.000000000e+00 1.000000000e+00 0.000000000e+00
-5.596752263e-01 -8.287120375e-01 0.000000000e+00 1.187423742e+00 8.287120375e-01 -5.596752263e-01 0.000000000e+00 1.781942833e+00 0.000000000e+00 0.000000000e+00 1.000000000e+00 0.000000000e+00
-5.652550989e-01 -8.249161613e-01 0.000000000e+00 1.182961950e+00 8.249161613e-01 -5.652550989e-01 0.000000000e+00 1.787522575e+00 0.000000000e+00 0.000000000e+00 1.000000000e+00 0.000000000e+00
-5.664375121e-01 -8.241046929e-01 0.000000000e+00 1.180299051e+00 8.241046929e-01 -5.664375121e-01 0.000000000e+00 1.790737950e+00 0.000000000e+00 0.000000000e+00 1.000000000e+00 0.000000000e+00
-5.705679581e-01 -8.212503913e-01 0.000000000e+00 1.177734745e+00 8.212503913e-01 -5.705679581e-01 0.000000000e+00 1.793853501e+00 0.000000000e+00 0.000000000e+00 1.000000000e+00 0.000000000e+00
-5.748696970e-01 -8.182449703e-01 0.000000000e+00 1.175737611e+00 8.182449703e-01 -5.748696970e-01 0.000000000e+00 1.796279795e+00 0.000000000e+00 0.000000000e+00 1.000000000e+00 0.000000000e+00
-5.776677693e-01 -8.162719818e-01 0.000000000e+00 1.173344515e+00 8.162719818e-01 -5.776677693e-01 0.000000000e+00 1.799125409e+00 0.000000000e+00 0.000000000e+00 1.000000000e+00 0.000000000e+00
-5.861108595e-01 -8.102308686e-01 0.000000000e+00 1.168827256e+00 8.102308686e-01 -5.861108595e-01 0.000000000e+00 1.804437148e+00 0.000000000e+00 0.000000000e+00 1.000000000e+00 0.000000000e+00
-5.885616670e-01 -8.084523265e-01 0.000000000e+00 1.166542081e+00 8.084523265e-01 -5.885616670e-01 0.000000000e+00 1.807022490e+00 0.000000000e+00 0.000000000e+00 1.000000000e+00 0.000000000e+00
-5.955989239e-01 -8.032819691e-01 0.000000000e+00 1.161786670e+00 8.032819691e-01 -5.955989239e-01 0.000000000e+00 1.812345504e+00 0.000000000e+00 0.000000000e+00 1.000000000e+00 0.000000000e+00
-5.979237320e-01 -8.015529993e-01 0.000000000e+00 1.159188962e+00 8.015529993e-01 -5.979237320e-01 0.000000000e+00 1.815267603e+00 0.000000000e+00 0.000000000e+00 1.000000000e+00 0.000000000e+00
-6.013201653e-01 -7.990081719e-01 0.000000000e+00 1.156433227e+00 7.990081719e-01 -6.013201653e-01 0.000000000e+00 1.818338323e+00 0.000000000e+00 0.000000000e+00 1.000000000e+00 0.000000000e+00
-6.047799231e-01 -7.963926447e-01 0.000000000e+00 1.154224241e+00 7.963926447e-01 -6.047799231e-01 0.000000000e+00 1.820724561e+00 0.000000000e+00 0.000000000e+00 1.000000000e+00 0.000000000e+00
-6.070893354e-01 -7.946335878e-01 0.000000000e+00 1.151685295e+00 7.946335878e-01 -6.070893354e-01 0.000000000e+00 1.823361900e+00 0.000000000e+00 0.000000000e+00 1.000000000e+00 0.000000000e+00
-6.102743191e-01 -7.921901637e-01 0.000000000e+00 1.148797012e+00 7.921901637e-01 -6.102743191e-01 0.000000000e+00 1.826370636e+00 0.000000000e+00 0.000000000e+00 1.000000000e+00 0.000000000e+00
-6.132219833e-01 -7.899106273e-01 0.000000000e+00 1.146695856e+00 7.899106273e-01 -6.132219833e-01 0.000000000e+00 1.828568946e+00 0.000000000e+00 0.000000000e+00 1.000000000e+00 0.000000000e+00
-6.145033290e-01 -7.889142277e-01 0.000000000e+00 1.144561841e+00 7.889142277e-01 -6.145033290e-01 0.000000000e+00 1.830772418e+00 0.000000000e+00 0.000000000e+00 1.000000000e+00 0.000000000e+00
-6.162940308e-01 -7.875161380e-01 0.000000000e+00 1.141802550e+00 7.875161380e-01 -6.162940308e-01 0.000000000e+00 1.833593710e+00 0.000000000e+00 0.000000000e+00 1.000000000e+00 0.000000000e+00
-6.180197901e-01 -7.861625398e-01 0.000000000e+00 1.139361175e+00 7.861625398e-01 -6.180197901e-01 0.000000000e+00 1.836061847e+00 0.000000000e+00 0.000000000e+00 1.000000000e+00 0.000000000e+00
-6.191831185e-01 -7.852466274e-01 0.000000000e+00 1.136786988e+00 7.852466274e-01 -6.191831185e-01 0.000000000e+00 1.838518830e+00 0.000000000e+00 0.000000000e+00 1.000000000e+00 0.000000000e+00
-6.208720044e-01 -7.839119556e-01 0.000000000e+00 1.133869306e+00 7.839119556e-01 -6.208720044e-01 0.000000000e+00 1.841306548e+00 0.000000000e+00 0.000000000e+00 1.000000000e+00 0.000000000e+00
-6.226695335e-01 -7.824849213e-01 0.000000000e+00 1.131746067e+00 7.824849213e-01 -6.226695335e-01 0.000000000e+00 1.843357940e+00 0.000000000e+00 0.000000000e+00 1.000000000e+00 0.000000000e+00
-6.238660473e-01 -7.815312886e-01 0.000000000e+00 1.129297282e+00 7.815312886e-01 -6.238660473e-01 0.000000000e+00 1.845720490e+00 0.000000000e+00 0.000000000e+00 1.000000000e+00 0.000000000e+00
-6.254561222e-01 -7.802593410e-01 0.000000000e+00 1.126459159e+00 7.802593410e-01 -6.254561222e-01 0.000000000e+00 1.848456367e+00 0.000000000e+00 0.000000000e+00 1.000000000e+00 0.000000000e+00
-6.271908865e-01 -7.788655801e-01 0.000000000e+00 1.124276850e+00 7.788655801e-01 -6.271908865e-01 0.000000000e+00 1.850485600e+00 0.000000000e+00 0.000000000e+00 1.000000000e+00 0.000000000e+00
-6.283456538e-01 -7.779342770e-01 0.000000000e+00 1.121709194e+00 7.779342770e-01 -6.283456538e-01 0.000000000e+00 1.852825288e+00 0.000000000e+00 0.000000000e+00 1.000000000e+00 0.000000000e+00
-6.301226713e-01 -7.764956015e-01 0.000000000e+00 1.118602273e+00 7.764956015e-01 -6.301226713e-01 0.000000000e+00 1.855603872e+00 0.000000000e+00 0.000000000e+00 1.000000000e+00 0.000000000e+00
-6.318490486e-01 -7.750914654e-01 0.000000000e+00 1.116531201e+00 7.750914654e-01 -6.318490486e-01 0.000000000e+00 1.857456337e+00 0.000000000e+00 0.000000000e+00 1.000000000e+00 0.000000000e+00
-6.330229776e-01 -7.741330053e-01 0.000000000e+00 1.114247296e+00 7.741330053e-01 -6.330229776e-01 0.000000000e+00 1.859478639e+00 0.000000000e+00 0.000000000e+00 1.000000000e+00 0.000000000e+00
-6.348407286e-01 -7.726430284e-01 0.000000000e+00 1.110981323e+00 7.726430284e-01 -6.348407286e-01 0.000000000e+00 1.862393761e+00 0.000000000e+00 0.000000000e+00 1.000000000e+00 0.000000000e+00
-6.365787261e-01 -7.712117254e-01 0.000000000e+00 1.108603112e+00 7.712117254e-01 -6.365787261e-01 0.000000000e+00 1.864484312e+00 0.000000000e+00 0.000000000e+00 1.000000000e+00 0.000000000e+00
-6.378968866e-01 -7.701217839e-01 0.000000000e+00 1.105979565e+00 7.701217839e-01 -6.378968866e-01 0.000000000e+00 1.866722786e+00 0.000000000e+00 0.000000000e+00 1.000000000e+00 0.000000000e+00
-6.399041649e-01 -7.684547220e-01 0.000000000e+00 1.103083422e+00 7.684547220e-01 -6.399041649e-01 0.000000000e+00 1.869153205e+00 0.000000000e+00 0.000000000e+00 1.000000000e+00 0.000000000e+00
-6.420944269e-01 -7.666255585e-01 0.000000000e+00 1.100924221e+00 7.666255585e-01 -6.420944269e-01 0.000000000e+00 1.870972902e+00 0.000000000e+00 0.000000000e+00 1.000000000e+00 0.000000000e+00
-6.439968924e-01 -7.650281058e-01 0.000000000e+00 1.098008664e+00 7.650281058e-01 -6.439968924e-01 0.000000000e+00 1.873403179e+00 0.000000000e+00 0.000000000e+00 1.000000000e+00 0.000000000e+00
-6.470848918e-01 -7.624179581e-01 0.000000000e+00 1.094649682e+00 7.624179581e-01 -6.470848918e-01 0.000000000e+00 1.876213344e+00 0.000000000e+00 0.000000000e+00 1.000000000e+00 0.000000000e+00
-6.506064259e-01 -7.594150898e-01 0.000000000e+00 1.092132462e+00 7.594150898e-01 -6.506064259e-01 0.000000000e+00 1.878341280e+00 0.000000000e+00 0.000000000e+00 1.000000000e+00 0.000000000e+00
-6.529603465e-01 -7.573920952e-01 0.000000000e+00 1.089360015e+00 7.573920952e-01 -6.529603465e-01 0.000000000e+00 1.880549385e+00 0.000000000e+00 0.000000000e+00 1.000000000e+00 0.000000000e+00
-6.564103158e-01 -7.544040676e-01 0.000000000e+00 1.086080761e+00 7.544040676e-01 -6.564103158e-01 0.000000000e+00 1.883149063e+00 0.000000000e+00 0.000000000e+00 1.000000000e+00 0.000000000e+00
-6.596848325e-01 -7.515423619e-01 0.000000000e+00 1.083535529e+00 7.515423619e-01 -6.596848325e-01 0.000000000e+00 1.885164093e+00 0.000000000e+00 0.000000000e+00 1.000000000e+00 0.000000000e+00
-6.610609913e-01 -7.503321703e-01 0.000000000e+00 1.080906097e+00 7.503321703e-01 -6.610609913e-01 0.000000000e+00 1.887184284e+00 0.000000000e+00 0.000000000e+00 1.000000000e+00 0.000000000e+00
-6.629751852e-01 -7.486413720e-01 0.000000000e+00 1.078006619e+00 7.486413720e-01 -6.629751852e-01 0.000000000e+00 1.889416848e+00 0.000000000e+00 0.000000000e+00 1.000000000e+00 0.000000000e+00
-6.647524862e-01 -7.470636734e-01 0.000000000e+00 1.075518603e+00 7.470636734e-01 -6.647524862e-01 0.000000000e+00 1.891350702e+00 0.000000000e+00 0.000000000e+00 1.000000000e+00 0.000000000e+00
-6.657406856e-01 -7.461831809e-01 0.000000000e+00 1.072573172e+00 7.461831809e-01 -6.657406856e-01 0.000000000e+00 1.893562815e+00 0.000000000e+00 0.000000000e+00 1.000000000e+00 0.000000000e+00
-6.670333308e-01 -7.450278758e-01 0.000000000e+00 1.069098328e+00 7.450278758e-01 -6.670333308e-01 0.000000000e+00 1.896033791e+00 0.000000000e+00 0.000000000e+00 1.000000000e+00 0.000000000e+00
-6.680188336e-01 -7.441443663e-01 0.000000000e+00 1.066884751e+00 7.441443663e-01 -6.680188336e-01 0.000000000e+00 1.897612455e+00 0.000000000e+00 0.000000000e+00 1.000000000e+00 0.000000000e+00
-6.682807088e-01 -7.439091976e-01 0.000000000e+00 1.064185160e+00 7.439091976e-01 -6.682807088e-01 0.000000000e+00 1.899509356e+00 0.000000000e+00 0.000000000e+00 1.000000000e+00 0.000000000e+00
-6.685662918e-01 -7.436525489e-01 0.000000000e+00 1.061283330e+00 7.436525489e-01 -6.685662918e-01 0.000000000e+00 1.901548094e+00 0.000000000e+00 0.000000000e+00 1.000000000e+00 0.000000000e+00
-6.687025614e-01 -7.435300158e-01 0.000000000e+00 1.059065414e+00 7.435300158e-01 -6.687025614e-01 0.000000000e+00 1.903100308e+00 0.000000000e+00 0.000000000e+00 1.000000000e+00 0.000000000e+00
-6.687631268e-01 -7.434755412e-01 0.000000000e+00 1.056036223e+00 7.434755412e-01 -6.687631268e-01 0.000000000e+00 1.905197841e+00 0.000000000e+00 0.000000000e+00 1.000000000e+00 0.000000000e+00
-6.688193567e-01 -7.434249579e-01 0.000000000e+00 1.053103264e+00 7.434249579e-01 -6.688193567e-01 0.000000000e+00 1.907126840e+00 0.000000000e+00 0.000000000e+00 1.000000000e+00 0.000000000e+00
