1.000000000e+00 -4.268913590e-18 0.000000000e+00 0.000000000e+00 5.124223764e-17 1.000000000e+00 0.000000000e+00 0.000000000e+00 0.000000000e+00 0.000000000e+00 1.000000000e+00 0.000000000e+00
1.000000000e+00 -4.268913590e-18 0.000000000e+00 1.735967744e-03 5.124223764e-17 1.000000000e+00 0.000000000e+00 -7.138342124e-04 0.000000000e+00 0.000000000e+00 1.000000000e+00 0.000000000e+00
1.000000000e+00 -4.268913590e-18 0.000000000e+00 3.698479981e-03 5.124223764e-17 1.000000000e+00 0.000000000e+00 -1.521086815e-03 0.000000000e+00 0.000000000e+00 1.000000000e+00 0.000000000e+00
9.999997118e-01 -7.592671538e-04 0.000000000e+00 5.885721616e-03 7.592671538e-04 9.999997118e-01 0.000000000e+00 -2.389557294e-03 0.000000000e+00 0.000000000e+00 1.000000000e+00 0.000000000e+00
9.999987664e-01 -1.570731765e-03 0.000000000e+00 8.720464751e-03 1.570731765e-03 9.999987664e-01 0.000000000e+00 -3.515389668e-03 0.000000000e+00 0.000000000e+00 1.000000000e+00 0.000000000e+00
9.999970291e-01 -2.437588932e-03 0.000000000e+00 1.210856350e-02 2.437588932e-03 9.999970291e-01 0.000000000e+00 -4.859762114e-03 0.000000000e+00 0.000000000e+00 1.000000000e+00 0.000000000e+00
9.999838295e-01 -5.686883538e-03 0.000000000e+00 1.546606837e-02 5.686883538e-03 9.999838295e-01 0.000000000e+00 -6.087653662e-03 0.000000000e+00 0.000000000e+00 1.000000000e+00 0.000000000e+00
9.999355517e-01 -1.135307814e-02 0.000000000e+00 1.914878206e-02 1.135307814e-02 9.999355517e-01 0.000000000e+00 -7.306090152e-03 0.000000000e+00 0.000000000e+00 1.000000000e+00 0.000000000e+00
9.998786339e-01 -1.557939471e-02 0.000000000e+00 2.278727461e-02 1.557939471e-02 9.998786339e-01 0.000000000e+00 -8.522313742e-03 0.000000000e+00 0.000000000e+00 1.000000000e+00 0.000000000e+00
9.997603101e-01 -2.189342952e-02 0.000000000e+00 2.651311798e-02 2.189342952e-02 9.997603101e-01 0.000000000e+00 -9.632909136e-03 0.000000000e+00 0.000000000e+00 1.000000000e+00 0.000000000e+00
9.996044103e-01 -2.812513081e-02 0.000000000e+00 3.021781476e-02 2.812513081e-02 9.996044103e-01 0.000000000e+00 -1.072876785e-02 0.000000000e+00 0.000000000e+00 1.000000000e+00 0.000000000e+00
9.994783009e-01 -3.229746107e-02 0.000000000e+00 3.389213580e-02 3.229746107e-02 9.994783009e-01 0.000000000e+00 -1.189567415e-02 0.000000000e+00 0.000000000e+00 1.000000000e+00 0.000000000e+00
9.992199867e-01 -3.948946833e-02 0.000000000e+00 3.773219149e-02 3.948946833e-02 9.992199867e-01 0.000000000e+00 -1.299239286e-02 0.000000000e+00 0.000000000e+00 1.000000000e+00 0.000000000e+00
9.988735089e-01 -4.745222128e-02 0.000000000e+00 4.169143084e-02 4.745222128e-02 9.988735089e-01 0.000000000e+00 -1.409036061e-02 0.000000000e+00 0.000000000e+00 1.000000000e+00 0.000000000e+00
9.985839475e-01 -5.319868208e-02 0.000000000e+00 4.547760524e-02 5.319868208e-02 9.985839475e-01 0.000000000e+00 -1.511981717e-02 0.000000000e+00 0.000000000e+00 1.000000000e+00 0.000000000e+00
9.980885207e-01 -6.180052515e-02 0.000000000e+00 4.935461113e-02 6.180052515e-02 9.980885207e-01 0.000000000e+00 -1.604664439e-02 0.000000000e+00 0.000000000e+00 1.000000000e+00 0.000000000e+00
9.975689151e-01 -6.968686872e-02 0.000000000e+00 5.304980483e-02 6.968686872e-02 9.975689151e-01 0.000000000e+00 -1.691048142e-02 0.000000000e+00 0.000000000e+00 1.000000000e+00 0.000000000e+00
9.971927522e-01 -7.487733316e-02 0.000000000e+00 5.680111343e-02 7.487733316e-02 9.971927522e-01 0.000000000e+00 -1.789689096e-02 0.000000000e+00 0.000000000e+00 1.000000000e+00 0.000000000e+00
9.966796787e-01 -8.142246696e-02 0.000000000e+00 6.090163286e-02 8.142246696e-02 9.966796787e-01 0.000000000e+00 -1.894172416e-02 0.000000000e+00 0.000000000e+00 1.000000000e+00 0.000000000e+00
9.959036181e-01 -9.042114473e-02 0.000000000e+00 6.822178544e-02 9.042114473e-02 9.959036181e-01 0.000000000e+00 -2.082876604e-02 0.000000000e+00 0.000000000e+00 1.000000000e+00 0.000000000e+00
9.954268033e-01 -9.552737448e-02 0.000000000e+00 7.185515529e-02 9.552737448e-02 9.954268033e-01 0.000000000e+00 -2.164716409e-02 0.000000000e+00 0.000000000e+00 1.000000000e+00 0.000000000e+00
9.949387511e-01 -1.004832406e-01 0.000000000e+00 7.537916159e-02 1.004832406e-01 9.949387511e-01 0.000000000e+00 -2.243251821e-02 0.000000000e+00 0.000000000e+00 1.000000000e+00 0.000000000e+00
9.946278031e-01 -1.035158602e-01 0.000000000e+00 7.873198136e-02 1.035158602e-01 9.946278031e-01 0.000000000e+00 -2.323971575e-02 0.000000000e+00 0.000000000e+00 1.000000000e+00 0.000000000e+00
9.941666632e-01 -1.078547435e-01 0.000000000e+00 8.258513659e-02 1.078547435e-01 9.941666632e-01 0.000000000e+00 -2.411393185e-02 0.000000000e+00 0.000000000e+00 1.000000000e+00 0.000000000e+00
9.937782871e-01 -1.113764608e-01 0.000000000e+00 8.626887294e-02 1.113764608e-01 9.937782871e-01 0.000000000e+00 -2.497140964e-02 0.000000000e+00 0.000000000e+00 1.000000000e+00 0.000000000e+00
9.935451472e-01 -1.134373853e-01 0.000000000e+00 8.976119781e-02 1.134373853e-01 9.935451472e-01 0.000000000e+00 -2.583479739e-02 0.000000000e+00 0.000000000e+00 1.000000000e+00 0.000000000e+00
9.934477790e-01 -1.142869650e-01 0.000000000e+00 9.319720485e-02 1.142869650e-01 9.934477790e-01 0.000000000e+00 -2.661722358e-02 0.000000000e+00 0.000000000e+00 1.000000000e+00 0.000000000e+00
9.934491182e-01 -1.142753238e-01 0.000000000e+00 9.642348578e-02 1.142753238e-01 9.934491182e-01 0.000000000e+00 -2.735833250e-02 0.000000000e+00 0.000000000e+00 1.000000000e+00 0.000000000e+00
9.934487834e-01 -1.142782341e-01 0.000000000e+00 9.956480729e-02 1.142782341e-01 9.934487834e-01 0.000000000e+00 -2.807960480e-02 0.000000000e+00 0.000000000e+00 1.000000000e+00 0.000000000e+00
9.934487834e-01 -1.142782341e-01 0.000000000e+00 1.028206222e-01 1.142782341e-01 9.934487834e-01 0.000000000e+00 -2.882716594e-02 0.000000000e+00 0.000000000e+00 1.000000000e+00 0.000000000e+00
9.934487834e-01 -1.142782341e-01 0.000000000e+00 1.060404893e-01 1.142782341e-01 9.934487834e-01 0.000000000e+00 -2.956638749e-02 0.000000000e+00 0.000000000e+00 1.000000000e+00 0.000000000e+00
9.934487834e-01 -1.142782341e-01 0.000000000e+00 1.093415667e-01 1.142782341e-01 9.934487834e-01 0.000000000e+00 -3.028891589e-02 0.000000000e+00 0.000000000e+00 1.000000000e+00 0.000000000e+00
9.934487834e-01 -1.142782341e-01 0.000000000e+00 1.126908224e-01 1.142782341e-01 9.934487834e-01 0.000000000e+00 -3.099305366e-02 0.000000000e+00 0.000000000e+00 1.000000000e+00 0.000000000e+00
9.934487834e-01 -1.142782341e-01 0.000000000e+00 1.158131469e-01 1.142782341e-01 9.934487834e-01 0.000000000e+00 -3.158000554e-02 0.000000000e+00 0.000000000e+00 1.000000000e+00 0.000000000e+00
9.934168192e-01 -1.145557651e-01 0.000000000e+00 1.225423311e-01 1.145557651e-01 9.934168192e-01 0.000000000e+00 -3.286138872e-02 0.000000000e+00 0.000000000e+00 1.000000000e+00 0.000000000e+00
9.932885877e-01 -1.156623604e-01 0.000000000e+00 1.258235003e-01 1.156623604e-01 9.932885877e-01 0.000000000e+00 -3.342981800e-02 0.000000000e+00 0.000000000e+00 1.000000000e+00 0.000000000e+00
9.929964646e-01 -1.181440700e-01 0.000000000e+00 1.293379240e-01 1.181440700e-01 9.929964646e-01 0.000000000e+00 -3.398102405e-02 0.000000000e+00 0.000000000e+00 1.000000000e+00 0.000000000e+00
9.924747416e-01 -1.224495292e-01 0.000000000e+00 1.331559174e-01 1.224495292e-01 9.924747416e-01 0.000000000e+00 -3.449284124e-02 0.000000000e+00 0.000000000e+00 1.000000000e+00 0.000000000e+00
9.918737468e-01 -1.272260600e-01 0.000000000e+00 1.369326262e-01 1.272260600e-01 9.918737468e-01 0.000000000e+00 -3.493613118e-02 0.000000000e+00 0.000000000e+00 1.000000000e+00 0.000000000e+00
9.914003791e-01 -1.308636249e-01 0.000000000e+00 1.407326200e-01 1.308636249e-01 9.914003791e-01 0.000000000e+00 -3.539383098e-02 0.000000000e+00 0.000000000e+00 1.000000000e+00 0.000000000e+00
9.906330152e-01 -1.365511965e-01 0.000000000e+00 1.446066433e-01 1.365511965e-01 9.906330152e-01 0.000000000e+00 -3.580311771e-02 0.000000000e+00 0.000000000e+00 1.000000000e+00 0.000000000e+00
9.898458216e-01 -1.421451702e-01 0.000000000e+00 1.488694412e-01 1.421451702e-01 9.898458216e-01 0.000000000e+00 -3.627773235e-02 0.000000000e+00 0.000000000e+00 1.000000000e+00 0.000000000e+00
9.884604357e-01 -1.514792629e-01 0.000000000e+00 1.559556390e-01 1.514792629e-01 9.884604357e-01 0.000000000e+00 -3.698135129e-02 0.000000000e+00 0.000000000e+00 1.000000000e+00 0.000000000e+00
9.876323267e-01 -1.567877141e-01 0.000000000e+00 1.596245730e-01 1.567877141e-01 9.876323267e-01 0.000000000e+00 -3.725421841e-02 0.000000000e+00 0.000000000e+00 1.000000000e+00 0.000000000e+00
9.870033862e-01 -1.606994576e-01 0.000000000e+00 1.634478812e-01 1.606994576e-01 9.870033862e-01 0.000000000e+00 -3.754124995e-02 0.000000000e+00 0.000000000e+00 1.000000000e+00 0.000000000e+00
9.851483300e-01 -1.717054683e-01 0.000000000e+00 1.709984717e-01 1.717054683e-01 9.851483300e-01 0.000000000e+00 -3.803764494e-02 0.000000000e+00 0.000000000e+00 1.000000000e+00 0.000000000e+00
9.845490366e-01 -1.751090931e-01 0.000000000e+00 1.746461475e-01 1.751090931e-01 9.845490366e-01 0.000000000e+00 -3.832726261e-02 0.000000000e+00 0.000000000e+00 1.000000000e+00 0.000000000e+00
9.836972553e-01 -1.798324494e-01 0.000000000e+00 1.784959607e-01 1.798324494e-01 9.836972553e-01 0.000000000e+00 -3.857526887e-02 0.000000000e+00 0.000000000e+00 1.000000000e+00 0.000000000e+00
9.828222733e-01 -1.845545422e-01 0.000000000e+00 1.822447319e-01 1.845545422e-01 9.828222733e-01 0.000000000e+00 -3.873158355e-02 0.000000000e+00 0.000000000e+00 1.000000000e+00 0.000000000e+00
9.822212585e-01 -1.877269275e-01 0.000000000e+00 1.859490287e-01 1.877269275e-01 9.822212585e-01 0.000000000e+00 -3.891204528e-02 0.000000000e+00 0.000000000e+00 1.000000000e+00 0.000000000e+00
9.813167335e-01 -1.923992426e-01 0.000000000e+00 1.898711395e-01 1.923992426e-01 9.813167335e-01 0.000000000e+00 -3.905738210e-02 0.000000000e+00 0.000000000e+00 1.000000000e+00 0.000000000e+00
9.804209353e-01 -1.969131524e-01 0.000000000e+00 1.936052388e-01 1.969131524e-01 9.804209353e-01 0.000000000e+00 -3.917390561e-02 0.000000000e+00 0.000000000e+00 1.000000000e+00 0.000000000e+00
9.798468992e-01 -1.997499789e-01 0.000000000e+00 1.971473170e-01 1.997499789e-01 9.798468992e-01 0.000000000e+00 -3.931341137e-02 0.000000000e+00 0.000000000e+00 1.000000000e+00 0.000000000e+00
9.789897385e-01 -2.039095190e-01 0.000000000e+00 2.005096655e-01 2.039095190e-01 9.789897385e-01 0.000000000e+00 -3.938707237e-02 0.000000000e+00 0.000000000e+00 1.000000000e+00 0.000000000e+00
9.782684191e-01 -2.073424709e-01 0.000000000e+00 2.040818244e-01 2.073424709e-01 9.782684191e-01 0.000000000e+00 -3.945368880e-02 0.000000000e+00 0.000000000e+00 1.000000000e+00 0.000000000e+00
9.776470754e-01 -2.102526955e-01 0.000000000e+00 2.081478315e-01 2.102526955e-01 9.776470754e-01 0.000000000e+00 -3.950558841e-02 0.000000000e+00 0.000000000e+00 1.000000000e+00 0.000000000e+00
9.767490415e-01 -2.143858903e-01 0.000000000e+00 2.116281141e-01 2.143858903e-01 9.767490415e-01 0.000000000e+00 -3.952785500e-02 0.000000000e+00 0.000000000e+00 1.000000000e+00 0.000000000e+00
9.760080366e-01 -2.177344998e-01 0.000000000e+00 2.156538359e-01 2.177344998e-01 9.760080366e-01 0.000000000e+00 -3.958228173e-02 0.000000000e+00 0.000000000e+00 1.000000000e+00 0.000000000e+00
9.750603480e-01 -2.219398966e-01 0.000000000e+00 2.206658607e-01 2.219398966e-01 9.750603480e-01 0.000000000e+00 -3.961561701e-02 0.000000000e+00 0.000000000e+00 1.000000000e+00 0.000000000e+00
9.731955836e-01 -2.299790341e-01 0.000000000e+00 2.277824068e-01 2.299790341e-01 9.731955836e-01 0.000000000e+00 -3.941807052e-02 0.000000000e+00 0.000000000e+00 1.000000000e+00 0.000000000e+00
9.726341399e-01 -2.323420537e-01 0.000000000e+00 2.310935413e-01 2.323420537e-01 9.726341399e-01 0.000000000e+00 -3.934075328e-02 0.000000000e+00 0.000000000e+00 1.000000000e+00 0.000000000e+00
9.719992874e-01 -2.349837980e-01 0.000000000e+00 2.340108675e-01 2.349837980e-01 9.719992874e-01 0.000000000e+00 -3.925840597e-02 0.000000000e+00 0.000000000e+00 1.000000000e+00 0.000000000e+00
9.711051018e-01 -2.386522181e-01 0.000000000e+00 2.375518281e-01 2.386522181e-01 9.711051018e-01 0.000000000e+00 -3.914586059e-02 0.000000000e+00 0.000000000e+00 1.000000000e+00 0.000000000e+00
9.704145425e-01 -2.414448500e-01 0.000000000e+00 2.409276819e-01 2.414448500e-01 9.704145425e-01 0.000000000e+00 -3.905249220e-02 0.000000000e+00 0.000000000e+00 1.000000000e+00 0.000000000e+00
9.694039304e-01 -2.454710162e-01 0.000000000e+00 2.444879715e-01 2.454710162e-01 9.694039304e-01 0.000000000e+00 -3.892587765e-02 0.000000000e+00 0.000000000e+00 1.000000000e+00 0.000000000e+00
9.684013265e-01 -2.493970146e-01 0.000000000e+00 2.481588987e-01 2.493970146e-01 9.684013265e-01 0.000000000e+00 -3.869674051e-02 0.000000000e+00 0.000000000e+00 1.000000000e+00 0.000000000e+00
9.677318968e-01 -2.519820944e-01 0.000000000e+00 2.518504606e-01 2.519820944e-01 9.677318968e-01 0.000000000e+00 -3.848560975e-02 0.000000000e+00 0.000000000e+00 1.000000000e+00 0.000000000e+00
9.667282030e-01 -2.558057497e-01 0.000000000e+00 2.559572532e-01 2.558057497e-01 9.667282030e-01 0.000000000e+00 -3.822186015e-02 0.000000000e+00 0.000000000e+00 1.000000000e+00 0.000000000e+00
9.657109225e-01 -2.596197492e-01 0.000000000e+00 2.594811513e-01 2.596197492e-01 9.657109225e-01 0.000000000e+00 -3.800136357e-02 0.000000000e+00 0.000000000e+00 1.000000000e+00 0.000000000e+00
9.649959070e-01 -2.622649413e-01 0.000000000e+00 2.628126823e-01 2.622649413e-01 9.649959070e-01 0.000000000e+00 -3.781729256e-02 0.000000000e+00 0.000000000e+00 1.000000000e+00 0.000000000e+00
9.639260703e-01 -2.661701168e-01 0.000000000e+00 2.669110097e-01 2.661701168e-01 9.639260703e-01 0.000000000e+00 -3.752231553e-02 0.000000000e+00 0.000000000e+00 1.000000000e+00 0.000000000e+00
9.628584089e-01 -2.700068229e-01 0.000000000e+00 2.707133940e-01 2.700068229e-01 9.628584089e-01 0.000000000e+00 -3.716705315e-02 0.000000000e+00 0.000000000e+00 1.000000000e+00 0.000000000e+00
9.621094238e-01 -2.726636329e-01 0.000000000e+00 2.742899099e-01 2.726636329e-01 9.621094238e-01 0.000000000e+00 -3.680179774e-02 0.000000000e+00 0.000000000e+00 1.000000000e+00 0.000000000e+00
9.609725339e-01 -2.766437944e-01 0.000000000e+00 2.781641686e-01 2.766437944e-01 9.609725339e-01 0.000000000e+00 -3.640896124e-02 0.000000000e+00 0.000000000e+00 1.000000000e+00 0.000000000e+00
9.598354689e-01 -2.805634913e-01 0.000000000e+00 2.818941249e-01 2.805634913e-01 9.598354689e-01 0.000000000e+00 -3.602847744e-02 0.000000000e+00 0.000000000e+00 1.000000000e+00 0.000000000e+00
9.590556957e-01 -2.832175358e-01 0.000000000e+00 2.854675249e-01 2.832175358e-01 9.590556957e-01 0.000000000e+00 -3.568635463e-02 0.000000000e+00 0.000000000e+00 1.000000000e+00 0.000000000e+00
9.579677921e-01 -2.868757733e-01 0.000000000e+00 2.889427216e-01 2.868757733e-01 9.579677921e-01 0.000000000e+00 -3.530815781e-02 0.000000000e+00 0.000000000e+00 1.000000000e+00 0.000000000e+00
9.569360837e-01 -2.902986939e-01 0.000000000e+00 2.922249769e-01 2.902986939e-01 9.569360837e-01 0.000000000e+00 -3.493907363e-02 0.000000000e+00 0.000000000e+00 1.000000000e+00 0.000000000e+00
9.562902722e-01 -2.924190747e-01 0.000000000e+00 2.959197594e-01 2.924190747e-01 9.562902722e-01 0.000000000e+00 -3.446334511e-02 0.000000000e+00 0.000000000e+00 1.000000000e+00 0.000000000e+00
9.553041261e-01 -2.956248073e-01 0.000000000e+00 2.998402852e-01 2.956248073e-01 9.553041261e-01 0.000000000e+00 -3.393061414e-02 0.000000000e+00 0.000000000e+00 1.000000000e+00 0.000000000e+00
9.543177379e-01 -2.987936666e-01 0.000000000e+00 3.034148050e-01 2.987936666e-01 9.543177379e-01 0.000000000e+00 -3.345683213e-02 0.000000000e+00 0.000000000e+00 1.000000000e+00 0.000000000e+00
9.536294600e-01 -3.009831441e-01 0.000000000e+00 3.070424769e-01 3.009831441e-01 9.536294600e-01 0.000000000e+00 -3.299516999e-02 0.000000000e+00 0.000000000e+00 1.000000000e+00 0.000000000e+00
9.525818724e-01 -3.042823958e-01 0.000000000e+00 3.108369430e-01 3.042823958e-01 9.525818724e-01 0.000000000e+00 -3.248048567e-02 0.000000000e+00 0.000000000e+00 1.000000000e+00 0.000000000e+00
9.515246725e-01 -3.075724266e-01 0.000000000e+00 3.142883305e-01 3.075724266e-01 9.515246725e-01 0.000000000e+00 -3.192905904e-02 0.000000000e+00 0.000000000e+00 1.000000000e+00 0.000000000e+00
9.508045391e-01 -3.097914272e-01 0.000000000e+00 3.177359872e-01 3.097914272e-01 9.508045391e-01 0.000000000e+00 -3.138560455e-02 0.000000000e+00 0.000000000e+00 1.000000000e+00 0.000000000e+00
9.497383170e-01 -3.130449315e-01 0.000000000e+00 3.213552145e-01 3.130449315e-01 9.497383170e-01 0.000000000e+00 -3.078423815e-02 0.000000000e+00 0.000000000e+00 1.000000000e+00 0.000000000e+00
9.486673636e-01 -3.162755654e-01 0.000000000e+00 3.250113139e-01 3.162755654e-01 9.486673636e-01 0.000000000e+00 -3.017665962e-02 0.000000000e+00 0.000000000e+00 1.000000000e+00 0.000000000e+00
9.479278672e-01 -3.184850995e-01 0.000000000e+00 3.285541685e-01 3.184850995e-01 9.479278672e-01 0.000000000e+00 -2.960280564e-02 0.000000000e+00 0.000000000e+00 1.000000000e+00 0.000000000e+00
9.468290694e-01 -3.217370251e-01 0.000000000e+00 3.318799920e-01 3.217370251e-01 9.468290694e-01 0.000000000e+00 -2.903548801e-02 0.000000000e+00 0.000000000e+00 1.000000000e+00 0.000000000e+00
9.457192023e-01 -3.249849080e-01 0.000000000e+00 3.353387348e-01 3.249849080e-01 9.457192023e-01 0.000000000e+00 -2.840970164e-02 0.000000000e+00 0.000000000e+00 1.000000000e+00 0.000000000e+00
9.449974058e-01 -3.270778241e-01 0.000000000e+00 3.393309821e-01 3.270778241e-01 9.449974058e-01 0.000000000e+00 -2.764112774e-02 0.000000000e+00 0.000000000e+00 1.000000000e+00 0.000000000e+00
9.438893616e-01 -3.302618250e-01 0.000000000e+00 3.427043418e-01 3.302618250e-01 9.438893616e-01 0.000000000e+00 -2.699020351e-02 0.000000000e+00 0.000000000e+00 1.000000000e+00 0.000000000e+00
9.428714243e-01 -3.331568358e-01 0.000000000e+00 3.458706958e-01 3.331568358e-01 9.428714243e-01 0.000000000e+00 -2.638191374e-02 0.000000000e+00 0.000000000e+00 1.000000000e+00 0.000000000e+00
9.420954682e-01 -3.353447909e-01 0.000000000e+00 3.497339345e-01 3.353447909e-01 9.420954682e-01 0.000000000e+00 -2.563223067e-02 0.000000000e+00 0.000000000e+00 1.000000000e+00 0.000000000e+00
9.409309883e-01 -3.385983982e-01 0.000000000e+00 3.533263401e-01 3.385983982e-01 9.409309883e-01 0.000000000e+00 -2.487863289e-02 0.000000000e+00 0.000000000e+00 1.000000000e+00 0.000000000e+00
9.398019664e-01 -3.417195692e-01 0.000000000e+00 3.565054982e-01 3.417195692e-01 9.398019664e-01 0.000000000e+00 -2.418412856e-02 0.000000000e+00 0.000000000e+00 1.000000000e+00 0.000000000e+00
9.390312325e-01 -3.438318548e-01 0.000000000e+00 3.599703385e-01 3.438318548e-01 9.390312325e-01 0.000000000e+00 -2.340835321e-02 0.000000000e+00 0.000000000e+00 1.000000000e+00 0.000000000e+00
9.378404922e-01 -3.470665802e-01 0.000000000e+00 3.637084505e-01 3.470665802e-01 9.378404922e-01 0.000000000e+00 -2.254342132e-02 0.000000000e+00 0.000000000e+00 1.000000000e+00 0.000000000e+00
9.366630489e-01 -3.502318273e-01 0.000000000e+00 3.675780488e-01 3.502318273e-01 9.366630489e-01 0.000000000e+00 -2.164989808e-02 0.000000000e+00 0.000000000e+00 1.000000000e+00 0.000000000e+00
9.358957011e-01 -3.522772157e-01 0.000000000e+00 3.711661590e-01 3.522772157e-01 9.358957011e-01 0.000000000e+00 -2.085574468e-02 0.000000000e+00 0.000000000e+00 1.000000000e+00 0.000000000e+00
9.347161001e-01 -3.553952900e-01 0.000000000e+00 3.747850270e-01 3.553952900e-01 9.347161001e-01 0.000000000e+00 -2.004022975e-02 0.000000000e+00 0.000000000e+00 1.000000000e+00 0.000000000e+00
9.335543691e-01 -3.584358239e-01 0.000000000e+00 3.783442982e-01 3.584358239e-01 9.335543691e-01 0.000000000e+00 -1.915877857e-02 0.000000000e+00 0.000000000e+00 1.000000000e+00 0.000000000e+00
9.327910887e-01 -3.604175146e-01 0.000000000e+00 3.817857968e-01 3.604175146e-01 9.327910887e-01 0.000000000e+00 -1.828548140e-02 0.000000000e+00 0.000000000e+00 1.000000000e+00 0.000000000e+00
9.315653908e-01 -3.635738200e-01 0.000000000e+00 3.853297956e-01 3.635738200e-01 9.315653908e-01 0.000000000e+00 -1.731813607e-02 0.000000000e+00 0.000000000e+00 1.000000000e+00 0.000000000e+00
9.304474321e-01 -3.664254032e-01 0.000000000e+00 3.885399978e-01 3.664254032e-01 9.304474321e-01 0.000000000e+00 -1.646355391e-02 0.000000000e+00 0.000000000e+00 1.000000000e+00 0.000000000e+00
9.296307882e-01 -3.684923304e-01 0.000000000e+00 3.917088566e-01 3.684923304e-01 9.296307882e-01 0.000000000e+00 -1.563617400e-02 0.000000000e+00 0.000000000e+00 1.000000000e+00 0.000000000e+00
9.284123053e-01 -3.715515999e-01 0.000000000e+00 3.956614659e-01 3.715515999e-01 9.284123053e-01 0.000000000e+00 -1.459622963e-02 0.000000000e+00 0.000000000e+00 1.000000000e+00 0.000000000e+00
9.271794649e-01 -3.746174580e-01 0.000000000e+00 3.993724118e-01 3.746174580e-01 9.271794649e-01 0.000000000e+00 -1.357674181e-02 0.000000000e+00 0.000000000e+00 1.000000000e+00 0.000000000e+00
9.263710037e-01 -3.766122191e-01 0.000000000e+00 4.028587859e-01 3.766122191e-01 9.263710037e-01 0.000000000e+00 -1.258937553e-02 0.000000000e+00 0.000000000e+00 1.000000000e+00 0.000000000e+00
9.251192274e-01 -3.796767245e-01 0.000000000e+00 4.063387592e-01 3.796767245e-01 9.251192274e-01 0.000000000e+00 -1.159227845e-02 0.000000000e+00 0.000000000e+00 1.000000000e+00 0.000000000e+00
9.238951247e-01 -3.826457873e-01 0.000000000e+00 4.096545879e-01 3.826457873e-01 9.238951247e-01 0.000000000e+00 -1.062801805e-02 0.000000000e+00 0.000000000e+00 1.000000000e+00 0.000000000e+00
9.230972508e-01 -3.845665943e-01 0.000000000e+00 4.130558832e-01 3.845665943e-01 9.230972508e-01 0.000000000e+00 -9.602870553e-03 0.000000000e+00 0.000000000e+00 1.000000000e+00 0.000000000e+00
9.218429022e-01 -3.875637544e-01 0.000000000e+00 4.166765411e-01 3.875637544e-01 9.218429022e-01 0.000000000e+00 -8.517121190e-03 0.000000000e+00 0.000000000e+00 1.000000000e+00 0.000000000e+00
9.205332589e-01 -3.906642028e-01 0.000000000e+00 4.202054604e-01 3.906642028e-01 9.205332589e-01 0.000000000e+00 -7.467611752e-03 0.000000000e+00 0.000000000e+00 1.000000000e+00 0.000000000e+00
9.196936207e-01 -3.926367839e-01 0.000000000e+00 4.235431493e-01 3.926367839e-01 9.196936207e-01 0.000000000e+00 -6.403916044e-03 0.000000000e+00 0.000000000e+00 1.000000000e+00 0.000000000e+00
9.183911531e-01 -3.956737165e-01 0.000000000e+00 4.270775091e-01 3.956737165e-01 9.183911531e-01 0.000000000e+00 -5.265720220e-03 0.000000000e+00 0.000000000e+00 1.000000000e+00 0.000000000e+00
9.170484989e-01 -3.987756896e-01 0.000000000e+00 4.306263580e-01 3.987756896e-01 9.170484989e-01 0.000000000e+00 -4.134976841e-03 0.000000000e+00 0.000000000e+00 1.000000000e+00 0.000000000e+00
9.162078070e-01 -4.007034494e-01 0.000000000e+00 4.339321692e-01 4.007034494e-01 9.162078070e-01 0.000000000e+00 -3.053037162e-03 0.000000000e+00 0.000000000e+00 1.000000000e+00 0.000000000e+00
9.148269782e-01 -4.038460102e-01 0.000000000e+00 4.373005889e-01 4.038460102e-01 9.148269782e-01 0.000000000e+00 -1.913485395e-03 0.000000000e+00 0.000000000e+00 1.000000000e+00 0.000000000e+00
9.135111168e-01 -4.068137651e-01 0.000000000e+00 4.408020630e-01 4.068137651e-01 9.135111168e-01 0.000000000e+00 -7.546570079e-04 0.000000000e+00 0.000000000e+00 1.000000000e+00 0.000000000e+00
9.124976937e-01 -4.090818488e-01 0.000000000e+00 4.442440305e-01 4.090818488e-01 9.124976937e-01 0.000000000e+00 4.098557133e-04 0.000000000e+00 0.000000000e+00 1.000000000e+00 0.000000000e+00
9.110174167e-01 -4.123678776e-01 0.000000000e+00 4.476982604e-01 4.123678776e-01 9.110174167e-01 0.000000000e+00 1.650652780e-03 0.000000000e+00 0.000000000e+00 1.000000000e+00 0.000000000e+00
9.095591757e-01 -4.155744289e-01 0.000000000e+00 4.511575267e-01 4.155744289e-01 9.095591757e-01 0.000000000e+00 2.893867962e-03 0.000000000e+00 0.000000000e+00 1.000000000e+00 0.000000000e+00
9.085385781e-01 -4.178009719e-01 0.000000000e+00 4.546429471e-01 4.178009719e-01 9.085385781e-01 0.000000000e+00 4.133968015e-03 0.000000000e+00 0.000000000e+00 1.000000000e+00 0.000000000e+00
9.069373958e-01 -4.212654272e-01 0.000000000e+00 4.581608304e-01 4.212654272e-01 9.069373958e-01 0.000000000e+00 5.370106922e-03 0.000000000e+00 0.000000000e+00 1.000000000e+00 0.000000000e+00
9.052786584e-01 -4.248182560e-01 0.000000000e+00 4.615390601e-01 4.248182560e-01 9.052786584e-01 0.000000000e+00 6.600360071e-03 0.000000000e+00 0.000000000e+00 1.000000000e+00 0.000000000e+00
9.041918709e-01 -4.271265159e-01 0.000000000e+00 4.649035715e-01 4.271265159e-01 9.041918709e-01 0.000000000e+00 7.859974132e-03 0.000000000e+00 0.000000000e+00 1.000000000e+00 0.000000000e+00
9.024675029e-01 -4.307579438e-01 0.000000000e+00 4.684412090e-01 4.307579438e-01 9.024675029e-01 0.000000000e+00 9.235100060e-03 0.000000000e+00 0.000000000e+00 1.000000000e+00 0.000000000e+00
9.008347206e-01 -4.341621888e-01 0.000000000e+00 4.718417774e-01 4.341621888e-01 9.008347206e-01 0.000000000e+00 1.056605325e-02 0.000000000e+00 0.000000000e+00 1.000000000e+00 0.000000000e+00
8.978790324e-01 -4.402422552e-01 0.000000000e+00 4.787100189e-01 4.402422552e-01 8.978790324e-01 0.000000000e+00 1.323657121e-02 0.000000000e+00 0.000000000e+00 1.000000000e+00 0.000000000e+00
8.962143729e-01 -4.436212323e-01 0.000000000e+00 4.816774812e-01 4.436212323e-01 8.962143729e-01 0.000000000e+00 1.437904377e-02 0.000000000e+00 0.000000000e+00 1.000000000e+00 0.000000000e+00
8.948876566e-01 -4.462914765e-01 0.000000000e+00 4.851584296e-01 4.462914765e-01 8.948876566e-01 0.000000000e+00 1.577772271e-02 0.000000000e+00 0.000000000e+00 1.000000000e+00 0.000000000e+00
8.929475357e-01 -4.501607474e-01 0.000000000e+00 4.888932759e-01 4.501607474e-01 8.929475357e-01 0.000000000e+00 1.733030380e-02 0.000000000e+00 0.000000000e+00 1.000000000e+00 0.000000000e+00
8.909418310e-01 -4.541174450e-01 0.000000000e+00 4.920213823e-01 4.541174450e-01 8.909418310e-01 0.000000000e+00 1.866074661e-02 0.000000000e+00 0.000000000e+00 1.000000000e+00 0.000000000e+00
8.896130958e-01 -4.567149436e-01 0.000000000e+00 4.953521560e-01 4.567149436e-01 8.896130958e-01 0.000000000e+00 2.006343229e-02 0.000000000e+00 0.000000000e+00 1.000000000e+00 0.000000000e+00
8.875997562e-01 -4.606155369e-01 0.000000000e+00 4.998976511e-01 4.606155369e-01 8.875997562e-01 0.000000000e+00 2.198303387e-02 0.000000000e+00 0.000000000e+00 1.000000000e+00 0.000000000e+00
8.855680152e-01 -4.645097313e-01 0.000000000e+00 5.035292620e-01 4.645097313e-01 8.855680152e-01 0.000000000e+00 2.352644119e-02 0.000000000e+00 0.000000000e+00 1.000000000e+00 0.000000000e+00
8.835885979e-01 -4.682640170e-01 0.000000000e+00 5.075919523e-01 4.682640170e-01 8.835885979e-01 0.000000000e+00 2.528261160e-02 0.000000000e+00 0.000000000e+00 1.000000000e+00 0.000000000e+00
8.802442140e-01 -4.745209413e-01 0.000000000e+00 5.127033463e-01 4.745209413e-01 8.802442140e-01 0.000000000e+00 2.756726482e-02 0.000000000e+00 0.000000000e+00 1.000000000e+00 0.000000000e+00
8.788892812e-01 -4.770258183e-01 0.000000000e+00 5.157440636e-01 4.770258183e-01 8.788892812e-01 0.000000000e+00 2.894432762e-02 0.000000000e+00 0.000000000e+00 1.000000000e+00 0.000000000e+00
8.755544644e-01 -4.831194261e-01 0.000000000e+00 5.223397455e-01 4.831194261e-01 8.755544644e-01 0.000000000e+00 3.194251686e-02 0.000000000e+00 0.000000000e+00 1.000000000e+00 0.000000000e+00
8.745435199e-01 -4.849470402e-01 0.000000000e+00 5.259096907e-01 4.849470402e-01 8.745435199e-01 0.000000000e+00 3.355020065e-02 0.000000000e+00 0.000000000e+00 1.000000000e+00 0.000000000e+00
8.731604112e-01 -4.874329661e-01 0.000000000e+00 5.293781007e-01 4.874329661e-01 8.731604112e-01 0.000000000e+00 3.515826943e-02 0.000000000e+00 0.000000000e+00 1.000000000e+00 0.000000000e+00
8.719382982e-01 -4.896157719e-01 0.000000000e+00 5.325568444e-01 4.896157719e-01 8.719382982e-01 0.000000000e+00 3.664957147e-02 0.000000000e+00 0.000000000e+00 1.000000000e+00 0.000000000e+00
8.711495340e-01 -4.910178096e-01 0.000000000e+00 5.358595096e-01 4.910178096e-01 8.711495340e-01 0.000000000e+00 3.823422197e-02 0.000000000e+00 0.000000000e+00 1.000000000e+00 0.000000000e+00
8.701794532e-01 -4.927349381e-01 0.000000000e+00 5.390151141e-01 4.927349381e-01 8.701794532e-01 0.000000000e+00 3.975221367e-02 0.000000000e+00 0.000000000e+00 1.000000000e+00 0.000000000e+00
8.693670521e-01 -4.941669037e-01 0.000000000e+00 5.417207517e-01 4.941669037e-01 8.693670521e-01 0.000000000e+00 4.105394342e-02 0.000000000e+00 0.000000000e+00 1.000000000e+00 0.000000000e+00
8.687770427e-01 -4.952034432e-01 0.000000000e+00 5.448915155e-01 4.952034432e-01 8.687770427e-01 0.000000000e+00 4.257388838e-02 0.000000000e+00 0.000000000e+00 1.000000000e+00 0.000000000e+00
8.678319261e-01 -4.968578751e-01 0.000000000e+00 5.484076448e-01 4.968578751e-01 8.678319261e-01 0.000000000e+00 4.427581244e-02 0.000000000e+00 0.000000000e+00 1.000000000e+00 0.000000000e+00
8.670112806e-01 -4.982885101e-01 0.000000000e+00 5.514651125e-01 4.982885101e-01 8.670112806e-01 0.000000000e+00 4.579501768e-02 0.000000000e+00 0.000000000e+00 1.000000000e+00 0.000000000e+00
8.664729999e-01 -4.992239382e-01 0.000000000e+00 5.546210481e-01 4.992239382e-01 8.664729999e-01 0.000000000e+00 4.738345971e-02 0.000000000e+00 0.000000000e+00 1.000000000e+00 0.000000000e+00
8.657212439e-01 -5.005264507e-01 0.000000000e+00 5.579424433e-01 5.005264507e-01 8.657212439e-01 0.000000000e+00 4.907749641e-02 0.000000000e+00 0.000000000e+00 1.000000000e+00 0.000000000e+00
8.649806937e-01 -5.018051411e-01 0.000000000e+00 5.606130086e-01 5.018051411e-01 8.649806937e-01 0.000000000e+00 5.044185072e-02 0.000000000e+00 0.000000000e+00 1.000000000e+00 0.000000000e+00
8.645058894e-01 -5.026226886e-01 0.000000000e+00 5.633482890e-01 5.026226886e-01 8.645058894e-01 0.000000000e+00 5.183588799e-02 0.000000000e+00 0.000000000e+00 1.000000000e+00 0.000000000e+00
8.637314433e-01 -5.039523726e-01 0.000000000e+00 5.668610834e-01 5.039523726e-01 8.637314433e-01 0.000000000e+00 5.362894684e-02 0.000000000e+00 0.000000000e+00 1.000000000e+00 0.000000000e+00
8.632032536e-01 -5.048565568e-01 0.000000000e+00 5.699721578e-01 5.048565568e-01 8.632032536e-01 0.000000000e+00 5.524878527e-02 0.000000000e+00 0.000000000e+00 1.000000000e+00 0.000000000e+00
8.626711542e-01 -5.057652418e-01 0.000000000e+00 5.730937563e-01 5.057652418e-01 8.626711542e-01 0.000000000e+00 5.689454142e-02 0.000000000e+00 0.000000000e+00 1.000000000e+00 0.000000000e+00
8.618962635e-01 -5.070846389e-01 0.000000000e+00 5.762027351e-01 5.070846389e-01 8.618962635e-01 0.000000000e+00 5.854162018e-02 0.000000000e+00 0.000000000e+00 1.000000000e+00 0.000000000e+00
8.609921912e-01 -5.086181737e-01 0.000000000e+00 5.791604443e-01 5.086181737e-01 8.609921912e-01 0.000000000e+00 6.012204882e-02 0.000000000e+00 0.000000000e+00 1.000000000e+00 0.000000000e+00
8.603241401e-01 -5.097473628e-01 0.000000000e+00 5.822222141e-01 5.097473628e-01 8.603241401e-01 0.000000000e+00 6.177620332e-02 0.000000000e+00 0.000000000e+00 1.000000000e+00 0.000000000e+00
8.590760308e-01 -5.118479983e-01 0.000000000e+00 5.854393447e-01 5.118479983e-01 8.590760308e-01 0.000000000e+00 6.352040623e-02 0.000000000e+00 0.000000000e+00 1.000000000e+00 0.000000000e+00
8.579573081e-01 -5.137209919e-01 0.000000000e+00 5.884427586e-01 5.137209919e-01 8.579573081e-01 0.000000000e+00 6.515502054e-02 0.000000000e+00 0.000000000e+00 1.000000000e+00 0.000000000e+00
8.568900389e-01 -5.154992349e-01 0.000000000e+00 5.915877098e-01 5.154992349e-01 8.568900389e-01 0.000000000e+00 6.694622714e-02 0.000000000e+00 0.000000000e+00 1.000000000e+00 0.000000000e+00
8.551472033e-01 -5.183852435e-01 0.000000000e+00 5.947385105e-01 5.183852435e-01 8.551472033e-01 0.000000000e+00 6.874725440e-02 0.000000000e+00 0.000000000e+00 1.000000000e+00 0.000000000e+00
8.534158866e-01 -5.212305866e-01 0.000000000e+00 5.976200022e-01 5.212305866e-01 8.534158866e-01 0.000000000e+00 7.039863954e-02 0.000000000e+00 0.000000000e+00 1.000000000e+00 0.000000000e+00
8.522173573e-01 -5.231878974e-01 0.000000000e+00 6.005712342e-01 5.231878974e-01 8.522173573e-01 0.000000000e+00 7.208748119e-02 0.000000000e+00 0.000000000e+00 1.000000000e+00 0.000000000e+00
8.504134601e-01 -5.261149560e-01 0.000000000e+00 6.037683814e-01 5.261149560e-01 8.504134601e-01 0.000000000e+00 7.392210004e-02 0.000000000e+00 0.000000000e+00 1.000000000e+00 0.000000000e+00
8.485795024e-01 -5.290678860e-01 0.000000000e+00 6.071994716e-01 5.290678860e-01 8.485795024e-01 0.000000000e+00 7.585649025e-02 0.000000000e+00 0.000000000e+00 1.000000000e+00 0.000000000e+00
8.474247214e-01 -5.309155691e-01 0.000000000e+00 6.104520905e-01 5.309155691e-01 8.474247214e-01 0.000000000e+00 7.774065815e-02 0.000000000e+00 0.000000000e+00 1.000000000e+00 0.000000000e+00
8.456191610e-01 -5.337866939e-01 0.000000000e+00 6.136248529e-01 5.337866939e-01 8.456191610e-01 0.000000000e+00 7.964686148e-02 0.000000000e+00 0.000000000e+00 1.000000000e+00 0.000000000e+00
8.445741210e-01 -5.354386557e-01 0.000000000e+00 6.167360974e-01 5.354386557e-01 8.445741210e-01 0.000000000e+00 8.151969836e-02 0.000000000e+00 0.000000000e+00 1.000000000e+00 0.000000000e+00
8.427375381e-01 -5.383246621e-01 0.000000000e+00 6.199187846e-01 5.383246621e-01 8.427375381e-01 0.000000000e+00 8.344141153e-02 0.000000000e+00 0.000000000e+00 1.000000000e+00 0.000000000e+00
8.408721397e-01 -5.412338171e-01 0.000000000e+00 6.227440082e-01 5.412338171e-01 8.408721397e-01 0.000000000e+00 8.514981728e-02 0.000000000e+00 0.000000000e+00 1.000000000e+00 0.000000000e+00
8.390600922e-01 -5.440387502e-01 0.000000000e+00 6.257376776e-01 5.440387502e-01 8.390600922e-01 0.000000000e+00 8.695963964e-02 0.000000000e+00 0.000000000e+00 1.000000000e+00 0.000000000e+00
8.378537426e-01 -5.458947755e-01 0.000000000e+00 6.291001508e-01 5.458947755e-01 8.378537426e-01 0.000000000e+00 8.898607601e-02 0.000000000e+00 0.000000000e+00 1.000000000e+00 0.000000000e+00
8.360260744e-01 -5.486897145e-01 0.000000000e+00 6.323276480e-01 5.486897145e-01 8.360260744e-01 0.000000000e+00 9.098300236e-02 0.000000000e+00 0.000000000e+00 1.000000000e+00 0.000000000e+00
8.341826940e-01 -5.514881984e-01 0.000000000e+00 6.353262963e-01 5.514881984e-01 8.341826940e-01 0.000000000e+00 9.285406787e-02 0.000000000e+00 0.000000000e+00 1.000000000e+00 0.000000000e+00
8.330081240e-01 -5.532607571e-01 0.000000000e+00 6.380472105e-01 5.532607571e-01 8.330081240e-01 0.000000000e+00 9.457733947e-02 0.000000000e+00 0.000000000e+00 1.000000000e+00 0.000000000e+00
8.311818719e-01 -5.560006258e-01 0.000000000e+00 6.411656203e-01 5.560006258e-01 8.311818719e-01 0.000000000e+00 9.655567703e-02 0.000000000e+00 0.000000000e+00 1.000000000e+00 0.000000000e+00
8.294033710e-01 -5.586502020e-01 0.000000000e+00 6.445111017e-01 5.586502020e-01 8.294033710e-01 0.000000000e+00 9.867829891e-02 0.000000000e+00 0.000000000e+00 1.000000000e+00 0.000000000e+00
8.282119407e-01 -5.604150081e-01 0.000000000e+00 6.475203559e-01 5.604150081e-01 8.282119407e-01 0.000000000e+00 1.005861756e-01 0.000000000e+00 0.000000000e+00 1.000000000e+00 0.000000000e+00
8.266241460e-01 -5.627544059e-01 0.000000000e+00 6.506054574e-01 5.627544059e-01 8.266241460e-01 0.000000000e+00 1.025596178e-01 0.000000000e+00 0.000000000e+00 1.000000000e+00 0.000000000e+00
8.251167933e-01 -5.649621911e-01 0.000000000e+00 6.535289690e-01 5.649621911e-01 8.251167933e-01 0.000000000e+00 1.044521872e-01 0.000000000e+00 0.000000000e+00 1.000000000e+00 0.000000000e+00
8.241789047e-01 -5.663295269e-01 0.000000000e+00 6.565526768e-01 5.663295269e-01 8.241789047e-01 0.000000000e+00 1.064442060e-01 0.000000000e+00 0.000000000e+00 1.000000000e+00 0.000000000e+00
8.226471652e-01 -5.685522330e-01 0.000000000e+00 6.596739833e-01 5.685522330e-01 8.226471652e-01 0.000000000e+00 1.085129805e-01 0.000000000e+00 0.000000000e+00 1.000000000e+00 0.000000000e+00
8.216634837e-01 -5.699729112e-01 0.000000000e+00 6.625008261e-01 5.699729112e-01 8.216634837e-01 0.000000000e+00 1.103579700e-01 0.000000000e+00 0.000000000e+00 1.000000000e+00 0.000000000e+00
8.201285471e-01 -5.721793130e-01 0.000000000e+00 6.654787447e-01 5.721793130e-01 8.201285471e-01 0.000000000e+00 1.123352000e-01 0.000000000e+00 0.000000000e+00 1.000000000e+00 0.000000000e+00
8.186428265e-01 -5.743029885e-01 0.000000000e+00 6.690249867e-01 5.743029885e-01 8.186428265e-01 0.000000000e+00 1.147309417e-01 0.000000000e+00 0.000000000e+00 1.000000000e+00 0.000000000e+00
8.172119320e-01 -5.763372781e-01 0.000000000e+00 6.713847836e-01 5.763372781e-01 8.172119320e-01 0.000000000e+00 1.163240693e-01 0.000000000e+00 0.000000000e+00 1.000000000e+00 0.000000000e+00
8.162771163e-01 -5.776605140e-01 0.000000000e+00 6.742773684e-01 5.776605140e-01 8.162771163e-01 0.000000000e+00 1.182843500e-01 0.000000000e+00 0.000000000e+00 1.000000000e+00 0.000000000e+00
8.152221839e-01 -5.791483324e-01 0.000000000e+00 6.772571671e-01 5.791483324e-01 8.152221839e-01 0.000000000e+00 1.203530677e-01 0.000000000e+00 0.000000000e+00 1.000000000e+00 0.000000000e+00
8.144093274e-01 -5.802908300e-01 0.000000000e+00 6.799492381e-01 5.802908300e-01 8.144093274e-01 0.000000000e+00 1.222215188e-01 0.000000000e+00 0.000000000e+00 1.000000000e+00 0.000000000e+00
8.138755859e-01 -5.810391817e-01 0.000000000e+00 6.825051275e-01 5.810391817e-01 8.138755859e-01 0.000000000e+00 1.239945275e-01 0.000000000e+00 0.000000000e+00 1.000000000e+00 0.000000000e+00
8.131126361e-01 -5.821063829e-01 0.000000000e+00 6.855166678e-01 5.821063829e-01 8.131126361e-01 0.000000000e+00 1.260844719e-01 0.000000000e+00 0.000000000e+00 1.000000000e+00 0.000000000e+00
8.127501092e-01 -5.826124440e-01 0.000000000e+00 6.885862829e-01 5.826124440e-01 8.127501092e-01 0.000000000e+00 1.282183236e-01 0.000000000e+00 0.000000000e+00 1.000000000e+00 0.000000000e+00
8.119714950e-01 -5.836970887e-01 0.000000000e+00 6.913659473e-01 5.836970887e-01 8.119714950e-01 0.000000000e+00 1.301664917e-01 0.000000000e+00 0.000000000e+00 1.000000000e+00 0.000000000e+00
8.111658917e-01 -5.848161217e-01 0.000000000e+00 6.940371207e-01 5.848161217e-01 8.111658917e-01 0.000000000e+00 1.320773410e-01 0.000000000e+00 0.000000000e+00 1.000000000e+00 0.000000000e+00
8.104593043e-01 -5.857949436e-01 0.000000000e+00 6.965453971e-01 5.857949436e-01 8.104593043e-01 0.000000000e+00 1.338944912e-01 0.000000000e+00 0.000000000e+00 1.000000000e+00 0.000000000e+00
8.099631470e-01 -5.864807759e-01 0.000000000e+00 6.996194035e-01 5.864807759e-01 8.099631470e-01 0.000000000e+00 1.361221406e-01 0.000000000e+00 0.000000000e+00 1.000000000e+00 0.000000000e+00
8.089895996e-01 -5.878229561e-01 0.000000000e+00 7.027115641e-01 5.878229561e-01 8.089895996e-01 0.000000000e+00 1.383519745e-01 0.000000000e+00 0.000000000e+00 1.000000000e+00 0.000000000e+00
8.084986221e-01 -5.884980698e-01 0.000000000e+00 7.053654985e-01 5.884980698e-01 8.084986221e-01 0.000000000e+00 1.402422575e-01 0.000000000e+00 0.000000000e+00 1.000000000e+00 0.000000000e+00
8.073381409e-01 -5.900890833e-01 0.000000000e+00 7.082016106e-01 5.900890833e-01 8.073381409e-01 0.000000000e+00 1.423163715e-01 0.000000000e+00 0.000000000e+00 1.000000000e+00 0.000000000e+00
8.061296969e-01 -5.917388882e-01 0.000000000e+00 7.110585132e-01 5.917388882e-01 8.061296969e-01 0.000000000e+00 1.444311424e-01 0.000000000e+00 0.000000000e+00 1.000000000e+00 0.000000000e+00
8.054579255e-01 -5.926529594e-01 0.000000000e+00 7.138367134e-01 5.926529594e-01 8.054579255e-01 0.000000000e+00 1.465274524e-01 0.000000000e+00 0.000000000e+00 1.000000000e+00 0.000000000e+00
8.041024873e-01 -5.944906979e-01 0.000000000e+00 7.166266616e-01 5.944906979e-01 8.041024873e-01 0.000000000e+00 1.486317314e-01 0.000000000e+00 0.000000000e+00 1.000000000e+00 0.000000000e+00
8.026925896e-01 -5.963929967e-01 0.000000000e+00 7.191701933e-01 5.963929967e-01 8.026925896e-01 0.000000000e+00 1.505511602e-01 0.000000000e+00 0.000000000e+00 1.000000000e+00 0.000000000e+00
8.013913050e-01 -5.981404320e-01 0.000000000e+00 7.220492641e-01 5.981404320e-01 8.013913050e-01 0.000000000e+00 1.527254103e-01 0.000000000e+00 0.000000000e+00 1.000000000e+00 0.000000000e+00
8.003653085e-01 -5.995126129e-01 0.000000000e+00 7.252522635e-01 5.995126129e-01 8.003653085e-01 0.000000000e+00 1.551456031e-01 0.000000000e+00 0.000000000e+00 1.000000000e+00 0.000000000e+00
7.986214859e-01 -6.018336333e-01 0.000000000e+00 7.280396820e-01 6.018336333e-01 7.986214859e-01 0.000000000e+00 1.572514943e-01 0.000000000e+00 0.000000000e+00 1.000000000e+00 0.000000000e+00
7.974891551e-01 -6.033332806e-01 0.000000000e+00 7.307725144e-01 6.033332806e-01 7.974891551e-01 0.000000000e+00 1.593398196e-01 0.000000000e+00 0.000000000e+00 1.000000000e+00 0.000000000e+00
7.956356115e-01 -6.057755143e-01 0.000000000e+00 7.337630553e-01 6.057755143e-01 7.956356115e-01 0.000000000e+00 1.616480658e-01 0.000000000e+00 0.000000000e+00 1.000000000e+00 0.000000000e+00
7.935250780e-01 -6.085375507e-01 0.000000000e+00 7.366394864e-01 6.085375507e-01 7.935250780e-01 0.000000000e+00 1.639292724e-01 0.000000000e+00 0.000000000e+00 1.000000000e+00 0.000000000e+00
7.913515558e-01 -6.113613622e-01 0.000000000e+00 7.398339221e-01 6.113613622e-01 7.913515558e-01 0.000000000e+00 1.664640308e-01 0.000000000e+00 0.000000000e+00 1.000000000e+00 0.000000000e+00
7.892520500e-01 -6.140693784e-01 0.000000000e+00 7.429829207e-01 6.140693784e-01 7.892520500e-01 0.000000000e+00 1.689394566e-01 0.000000000e+00 0.000000000e+00 1.000000000e+00 0.000000000e+00
7.878191275e-01 -6.159066669e-01 0.000000000e+00 7.455229663e-01 6.159066669e-01 7.878191275e-01 0.000000000e+00 1.709383985e-01 0.000000000e+00 0.000000000e+00 1.000000000e+00 0.000000000e+00
7.838741308e-01 -6.209197590e-01 0.000000000e+00 7.509575984e-01 6.209197590e-01 7.838741308e-01 0.000000000e+00 1.752463208e-01 0.000000000e+00 0.000000000e+00 1.000000000e+00 0.000000000e+00
7.823781587e-01 -6.228036743e-01 0.000000000e+00 7.535449163e-01 6.228036743e-01 7.823781587e-01 0.000000000e+00 1.773266891e-01 0.000000000e+00 0.000000000e+00 1.000000000e+00 0.000000000e+00
7.809703148e-01 -6.245681447e-01 0.000000000e+00 7.560983674e-01 6.245681447e-01 7.809703148e-01 0.000000000e+00 1.794141222e-01 0.000000000e+00 0.000000000e+00 1.000000000e+00 0.000000000e+00
7.787871947e-01 -6.272882155e-01 0.000000000e+00 7.587571468e-01 6.272882155e-01 7.787871947e-01 0.000000000e+00 1.816005088e-01 0.000000000e+00 0.000000000e+00 1.000000000e+00 0.000000000e+00
7.768327919e-01 -6.297069266e-01 0.000000000e+00 7.616023049e-01 6.297069266e-01 7.768327919e-01 0.000000000e+00 1.839609415e-01 0.000000000e+00 0.000000000e+00 1.000000000e+00 0.000000000e+00
7.754571369e-01 -6.314002129e-01 0.000000000e+00 7.645442302e-01 6.314002129e-01 7.754571369e-01 0.000000000e+00 1.863768733e-01 0.000000000e+00 0.000000000e+00 1.000000000e+00 0.000000000e+00
7.736596575e-01 -6.336014003e-01 0.000000000e+00 7.675450761e-01 6.336014003e-01 7.736596575e-01 0.000000000e+00 1.888512758e-01 0.000000000e+00 0.000000000e+00 1.000000000e+00 0.000000000e+00
7.718410292e-01 -6.358155595e-01 0.000000000e+00 7.704275178e-01 6.358155595e-01 7.718410292e-01 0.000000000e+00 1.912582980e-01 0.000000000e+00 0.000000000e+00 1.000000000e+00 0.000000000e+00
7.708764978e-01 -6.369846349e-01 0.000000000e+00 7.729101854e-01 6.369846349e-01 7.708764978e-01 0.000000000e+00 1.933580526e-01 0.000000000e+00 0.000000000e+00 1.000000000e+00 0.000000000e+00
7.691132948e-01 -6.391124625e-01 0.000000000e+00 7.753958112e-01 6.391124625e-01 7.691132948e-01 0.000000000e+00 1.954697930e-01 0.000000000e+00 0.000000000e+00 1.000000000e+00 0.000000000e+00
7.673610391e-01 -6.412152803e-01 0.000000000e+00 7.783778665e-01 6.412152803e-01 7.673610391e-01 0.000000000e+00 1.980053272e-01 0.000000000e+00 0.000000000e+00 1.000000000e+00 0.000000000e+00
7.662183387e-01 -6.425803120e-01 0.000000000e+00 7.811727720e-01 6.425803120e-01 7.662183387e-01 0.000000000e+00 2.003832900e-01 0.000000000e+00 0.000000000e+00 1.000000000e+00 0.000000000e+00
7.644808949e-01 -6.446463847e-01 0.000000000e+00 7.838810782e-01 6.446463847e-01 7.644808949e-01 0.000000000e+00 2.026871691e-01 0.000000000e+00 0.000000000e+00 1.000000000e+00 0.000000000e+00
7.626927543e-01 -6.467609779e-01 0.000000000e+00 7.866790101e-01 6.467609779e-01 7.626927543e-01 0.000000000e+00 2.050897527e-01 0.000000000e+00 0.000000000e+00 1.000000000e+00 0.000000000e+00
7.616646225e-01 -6.479714522e-01 0.000000000e+00 7.893489504e-01 6.479714522e-01 7.616646225e-01 0.000000000e+00 2.073979511e-01 0.000000000e+00 0.000000000e+00 1.000000000e+00 0.000000000e+00
7.580110557e-01 -6.522417032e-01 0.000000000e+00 7.947198608e-01 6.522417032e-01 7.580110557e-01 0.000000000e+00 2.121186369e-01 0.000000000e+00 0.000000000e+00 1.000000000e+00 0.000000000e+00
7.571262140e-01 -6.532686248e-01 0.000000000e+00 7.973037856e-01 6.532686248e-01 7.571262140e-01 0.000000000e+00 2.143721724e-01 0.000000000e+00 0.000000000e+00 1.000000000e+00 0.000000000e+00
7.534084523e-01 -6.575528146e-01 0.000000000e+00 8.028634657e-01 6.575528146e-01 7.534084523e-01 0.000000000e+00 2.192848415e-01 0.000000000e+00 0.000000000e+00 1.000000000e+00 0.000000000e+00
7.522251965e-01 -6.589061039e-01 0.000000000e+00 8.053919020e-01 6.589061039e-01 7.522251965e-01 0.000000000e+00 2.215571607e-01 0.000000000e+00 0.000000000e+00 1.000000000e+00 0.000000000e+00
7.504206733e-01 -6.609605231e-01 0.000000000e+00 8.080827347e-01 6.609605231e-01 7.504206733e-01 0.000000000e+00 2.239991594e-01 0.000000000e+00 0.000000000e+00 1.000000000e+00 0.000000000e+00
7.473518371e-01 -6.644285000e-01 0.000000000e+00 8.133485756e-01 6.644285000e-01 7.473518371e-01 0.000000000e+00 2.288158810e-01 0.000000000e+00 0.000000000e+00 1.000000000e+00 0.000000000e+00
7.454410828e-01 -6.665715206e-01 0.000000000e+00 8.159785657e-01 6.665715206e-01 7.454410828e-01 0.000000000e+00 2.312131967e-01 0.000000000e+00 0.000000000e+00 1.000000000e+00 0.000000000e+00
7.435631834e-01 -6.686656805e-01 0.000000000e+00 8.187149247e-01 6.686656805e-01 7.435631834e-01 0.000000000e+00 2.336886306e-01 0.000000000e+00 0.000000000e+00 1.000000000e+00 0.000000000e+00
7.423073269e-01 -6.700595738e-01 0.000000000e+00 8.212406611e-01 6.700595738e-01 7.423073269e-01 0.000000000e+00 2.360134143e-01 0.000000000e+00 0.000000000e+00 1.000000000e+00 0.000000000e+00
7.404038762e-01 -6.721622573e-01 0.000000000e+00 8.238706350e-01 6.721622573e-01 7.404038762e-01 0.000000000e+00 2.384538428e-01 0.000000000e+00 0.000000000e+00 1.000000000e+00 0.000000000e+00
7.385063206e-01 -6.742465532e-01 0.000000000e+00 8.266556303e-01 6.742465532e-01 7.385063206e-01 0.000000000e+00 2.410789986e-01 0.000000000e+00 0.000000000e+00 1.000000000e+00 0.000000000e+00
7.373952635e-01 -6.754614907e-01 0.000000000e+00 8.292228479e-01 6.754614907e-01 7.373952635e-01 0.000000000e+00 2.435070532e-01 0.000000000e+00 0.000000000e+00 1.000000000e+00 0.000000000e+00
7.355789942e-01 -6.774389591e-01 0.000000000e+00 8.318382444e-01 6.774389591e-01 7.355789942e-01 0.000000000e+00 2.459868095e-01 0.000000000e+00 0.000000000e+00 1.000000000e+00 0.000000000e+00
7.337536223e-01 -6.794156473e-01 0.000000000e+00 8.344388807e-01 6.794156473e-01 7.337536223e-01 0.000000000e+00 2.484531104e-01 0.000000000e+00 0.000000000e+00 1.000000000e+00 0.000000000e+00
7.328418428e-01 -6.803990252e-01 0.000000000e+00 8.373192144e-01 6.803990252e-01 7.328418428e-01 0.000000000e+00 2.511882911e-01 0.000000000e+00 0.000000000e+00 1.000000000e+00 0.000000000e+00
7.307463232e-01 -6.826491128e-01 0.000000000e+00 8.395967283e-01 6.826491128e-01 7.307463232e-01 0.000000000e+00 2.533488052e-01 0.000000000e+00 0.000000000e+00 1.000000000e+00 0.000000000e+00
7.296771694e-01 -6.837918020e-01 0.000000000e+00 8.421022893e-01 6.837918020e-01 7.296771694e-01 0.000000000e+00 2.557505621e-01 0.000000000e+00 0.000000000e+00 1.000000000e+00 0.000000000e+00
7.286001181e-01 -6.849393170e-01 0.000000000e+00 8.444394305e-01 6.849393170e-01 7.286001181e-01 0.000000000e+00 2.580168574e-01 0.000000000e+00 0.000000000e+00 1.000000000e+00 0.000000000e+00
7.270482216e-01 -6.865863992e-01 0.000000000e+00 8.469917939e-01 6.865863992e-01 7.270482216e-01 0.000000000e+00 2.604940061e-01 0.000000000e+00 0.000000000e+00 1.000000000e+00 0.000000000e+00
7.254764722e-01 -6.882469675e-01 0.000000000e+00 8.495824809e-01 6.882469675e-01 7.254764722e-01 0.000000000e+00 2.630211410e-01 0.000000000e+00 0.000000000e+00 1.000000000e+00 0.000000000e+00
7.245027459e-01 -6.892719138e-01 0.000000000e+00 8.520351886e-01 6.892719138e-01 7.245027459e-01 0.000000000e+00 2.654610840e-01 0.000000000e+00 0.000000000e+00 1.000000000e+00 0.000000000e+00
7.229450112e-01 -6.909055730e-01 0.000000000e+00 8.545704888e-01 6.909055730e-01 7.229450112e-01 0.000000000e+00 2.679650806e-01 0.000000000e+00 0.000000000e+00 1.000000000e+00 0.000000000e+00
7.213594315e-01 -6.925608786e-01 0.000000000e+00 8.571793973e-01 6.925608786e-01 7.213594315e-01 0.000000000e+00 2.705293118e-01 0.000000000e+00 0.000000000e+00 1.000000000e+00 0.000000000e+00
7.203957726e-01 -6.935632132e-01 0.000000000e+00 8.597247608e-01 6.935632132e-01 7.203957726e-01 0.000000000e+00 2.730583971e-01 0.000000000e+00 0.000000000e+00 1.000000000e+00 0.000000000e+00
7.188242885e-01 -6.951918025e-01 0.000000000e+00 8.621326864e-01 6.951918025e-01 7.188242885e-01 0.000000000e+00 2.754658623e-01 0.000000000e+00 0.000000000e+00 1.000000000e+00 0.000000000e+00
7.172268535e-01 -6.968397524e-01 0.000000000e+00 8.646265886e-01 6.968397524e-01 7.172268535e-01 0.000000000e+00 2.779999397e-01 0.000000000e+00 0.000000000e+00 1.000000000e+00 0.000000000e+00
7.162106004e-01 -6.978842138e-01 0.000000000e+00 8.670760605e-01 6.978842138e-01 7.162106004e-01 0.000000000e+00 2.804925393e-01 0.000000000e+00 0.000000000e+00 1.000000000e+00 0.000000000e+00
7.146415498e-01 -6.994908543e-01 0.000000000e+00 8.696154601e-01 6.994908543e-01 7.146415498e-01 0.000000000e+00 2.830749841e-01 0.000000000e+00 0.000000000e+00 1.000000000e+00 0.000000000e+00
7.130404208e-01 -7.011229267e-01 0.000000000e+00 8.721108504e-01 7.011229267e-01 7.130404208e-01 0.000000000e+00 2.856125886e-01 0.000000000e+00 0.000000000e+00 1.000000000e+00 0.000000000e+00
7.120526174e-01 -7.021261069e-01 0.000000000e+00 8.745444748e-01 7.021261069e-01 7.120526174e-01 0.000000000e+00 2.880931964e-01 0.000000000e+00 0.000000000e+00 1.000000000e+00 0.000000000e+00
7.104740512e-01 -7.037233992e-01 0.000000000e+00 8.771152363e-01 7.037233992e-01 7.104740512e-01 0.000000000e+00 2.907178373e-01 0.000000000e+00 0.000000000e+00 1.000000000e+00 0.000000000e+00
7.088611898e-01 -7.053480088e-01 0.000000000e+00 8.795724694e-01 7.053480088e-01 7.088611898e-01 0.000000000e+00 2.932761227e-01 0.000000000e+00 0.000000000e+00 1.000000000e+00 0.000000000e+00
7.078695114e-01 -7.063432273e-01 0.000000000e+00 8.818546743e-01 7.063432273e-01 7.078695114e-01 0.000000000e+00 2.956765409e-01 0.000000000e+00 0.000000000e+00 1.000000000e+00 0.000000000e+00
7.062938342e-01 -7.079187947e-01 0.000000000e+00 8.843268094e-01 7.079187947e-01 7.062938342e-01 0.000000000e+00 2.982767129e-01 0.000000000e+00 0.000000000e+00 1.000000000e+00 0.000000000e+00
7.045640419e-01 -7.096404095e-01 0.000000000e+00 8.868247171e-01 7.096404095e-01 7.045640419e-01 0.000000000e+00 3.009035462e-01 0.000000000e+00 0.000000000e+00 1.000000000e+00 0.000000000e+00
7.034050762e-01 -7.107892084e-01 0.000000000e+00 8.891561835e-01 7.107892084e-01 7.034050762e-01 0.000000000e+00 3.033574365e-01 0.000000000e+00 0.000000000e+00 1.000000000e+00 0.000000000e+00
7.017531960e-01 -7.124201372e-01 0.000000000e+00 8.916502246e-01 7.124201372e-01 7.017531960e-01 0.000000000e+00 3.059805387e-01 0.000000000e+00 0.000000000e+00 1.000000000e+00 0.000000000e+00
7.000082476e-01 -7.141347585e-01 0.000000000e+00 8.941853328e-01 7.141347585e-01 7.000082476e-01 0.000000000e+00 3.086529092e-01 0.000000000e+00 0.000000000e+00 1.000000000e+00 0.000000000e+00
6.988231904e-01 -7.152944488e-01 0.000000000e+00 8.962854696e-01 7.152944488e-01 6.988231904e-01 0.000000000e+00 3.108995912e-01 0.000000000e+00 0.000000000e+00 1.000000000e+00 0.000000000e+00
6.971171410e-01 -7.169572454e-01 0.000000000e+00 8.985716090e-01 7.169572454e-01 6.971171410e-01 0.000000000e+00 3.133564768e-01 0.000000000e+00 0.000000000e+00 1.000000000e+00 0.000000000e+00
6.953067500e-01 -7.187131023e-01 0.000000000e+00 9.012739377e-01 7.187131023e-01 6.953067500e-01 0.000000000e+00 3.162957817e-01 0.000000000e+00 0.000000000e+00 1.000000000e+00 0.000000000e+00
6.944449289e-01 -7.195458572e-01 0.000000000e+00 9.034684624e-01 7.195458572e-01 6.944449289e-01 0.000000000e+00 3.187057908e-01 0.000000000e+00 0.000000000e+00 1.000000000e+00 0.000000000e+00
6.926489557e-01 -7.212748603e-01 0.000000000e+00 9.056628923e-01 7.212748603e-01 6.926489557e-01 0.000000000e+00 3.211137756e-01 0.000000000e+00 0.000000000e+00 1.000000000e+00 0.000000000e+00
6.908003470e-01 -7.230455591e-01 0.000000000e+00 9.083592279e-01 7.230455591e-01 6.908003470e-01 0.000000000e+00 3.240167990e-01 0.000000000e+00 0.000000000e+00 1.000000000e+00 0.000000000e+00
6.896700517e-01 -7.241237600e-01 0.000000000e+00 9.108569886e-01 7.241237600e-01 6.896700517e-01 0.000000000e+00 3.267637842e-01 0.000000000e+00 0.000000000e+00 1.000000000e+00 0.000000000e+00
6.879493723e-01 -7.257586797e-01 0.000000000e+00 9.132800894e-01 7.257586797e-01 6.879493723e-01 0.000000000e+00 3.294670607e-01 0.000000000e+00 0.000000000e+00 1.000000000e+00 0.000000000e+00
6.861379308e-01 -7.274714702e-01 0.000000000e+00 9.156341229e-01 7.274714702e-01 6.861379308e-01 0.000000000e+00 3.321111699e-01 0.000000000e+00 0.000000000e+00 1.000000000e+00 0.000000000e+00
6.850368149e-01 -7.285084503e-01 0.000000000e+00 9.179494590e-01 7.285084503e-01 6.850368149e-01 0.000000000e+00 3.347175467e-01 0.000000000e+00 0.000000000e+00 1.000000000e+00 0.000000000e+00
6.832801712e-01 -7.301562899e-01 0.000000000e+00 9.203660583e-01 7.301562899e-01 6.832801712e-01 0.000000000e+00 3.374340208e-01 0.000000000e+00 0.000000000e+00 1.000000000e+00 0.000000000e+00
6.814535906e-01 -7.318613283e-01 0.000000000e+00 9.226076975e-01 7.318613283e-01 6.814535906e-01 0.000000000e+00 3.399396758e-01 0.000000000e+00 0.000000000e+00 1.000000000e+00 0.000000000e+00
6.803115853e-01 -7.329230157e-01 0.000000000e+00 9.246889530e-01 7.329230157e-01 6.803115853e-01 0.000000000e+00 3.422613197e-01 0.000000000e+00 0.000000000e+00 1.000000000e+00 0.000000000e+00
6.784781007e-01 -7.346206279e-01 0.000000000e+00 9.272649556e-01 7.346206279e-01 6.784781007e-01 0.000000000e+00 3.451939315e-01 0.000000000e+00 0.000000000e+00 1.000000000e+00 0.000000000e+00
6.767989048e-01 -7.361679445e-01 0.000000000e+00 9.298634922e-01 7.361679445e-01 6.767989048e-01 0.000000000e+00 3.481827269e-01 0.000000000e+00 0.000000000e+00 1.000000000e+00 0.000000000e+00
6.758089105e-01 -7.370768729e-01 0.000000000e+00 9.320884032e-01 7.370768729e-01 6.758089105e-01 0.000000000e+00 3.507725004e-01 0.000000000e+00 0.000000000e+00 1.000000000e+00 0.000000000e+00
6.743303328e-01 -7.384298221e-01 0.000000000e+00 9.343100356e-01 7.384298221e-01 6.743303328e-01 0.000000000e+00 3.533547488e-01 0.000000000e+00 0.000000000e+00 1.000000000e+00 0.000000000e+00
6.728790909e-01 -7.397524782e-01 0.000000000e+00 9.365552066e-01 7.397524782e-01 6.728790909e-01 0.000000000e+00 3.559650140e-01 0.000000000e+00 0.000000000e+00 1.000000000e+00 0.000000000e+00
6.719080508e-01 -7.406345734e-01 0.000000000e+00 9.388410345e-01 7.406345734e-01 6.719080508e-01 0.000000000e+00 3.586260301e-01 0.000000000e+00 0.000000000e+00 1.000000000e+00 0.000000000e+00
6.704914095e-01 -7.419172931e-01 0.000000000e+00 9.412446806e-01 7.419172931e-01 6.704914095e-01 0.000000000e+00 3.614229183e-01 0.000000000e+00 0.000000000e+00 1.000000000e+00 0.000000000e+00
6.690181850e-01 -7.432460347e-01 0.000000000e+00 9.441266565e-01 7.432460347e-01 6.690181850e-01 0.000000000e+00 3.647863444e-01 0.000000000e+00 0.000000000e+00 1.000000000e+00 0.000000000e+00
6.675640399e-01 -7.445523840e-01 0.000000000e+00 9.466149530e-01 7.445523840e-01 6.675640399e-01 0.000000000e+00 3.677653748e-01 0.000000000e+00 0.000000000e+00 1.000000000e+00 0.000000000e+00
6.650131515e-01 -7.468316466e-01 0.000000000e+00 9.503993020e-01 7.468316466e-01 6.650131515e-01 0.000000000e+00 3.723071178e-01 0.000000000e+00 0.000000000e+00 1.000000000e+00 0.000000000e+00
6.640306408e-01 -7.477053618e-01 0.000000000e+00 9.521442329e-01 7.477053618e-01 6.640306408e-01 0.000000000e+00 3.744051770e-01 0.000000000e+00 0.000000000e+00 1.000000000e+00 0.000000000e+00
6.631710736e-01 -7.484678531e-01 0.000000000e+00 9.546946088e-01 7.484678531e-01 6.631710736e-01 0.000000000e+00 3.774764567e-01 0.000000000e+00 0.000000000e+00 1.000000000e+00 0.000000000e+00
6.617982779e-01 -7.496819589e-01 0.000000000e+00 9.570009865e-01 7.496819589e-01 6.617982779e-01 0.000000000e+00 3.802498239e-01 0.000000000e+00 0.000000000e+00 1.000000000e+00 0.000000000e+00
6.608884745e-01 -7.504841266e-01 0.000000000e+00 9.591270288e-01 7.504841266e-01 6.608884745e-01 0.000000000e+00 3.828150808e-01 0.000000000e+00 0.000000000e+00 1.000000000e+00 0.000000000e+00
6.594901666e-01 -7.517131900e-01 0.000000000e+00 9.612709734e-01 7.517131900e-01 6.594901666e-01 0.000000000e+00 3.854176565e-01 0.000000000e+00 0.000000000e+00 1.000000000e+00 0.000000000e+00
6.580019414e-01 -7.530162316e-01 0.000000000e+00 9.633779079e-01 7.530162316e-01 6.580019414e-01 0.000000000e+00 3.880217655e-01 0.000000000e+00 0.000000000e+00 1.000000000e+00 0.000000000e+00
6.572086402e-01 -7.537086992e-01 0.000000000e+00 9.654235672e-01 7.537086992e-01 6.572086402e-01 0.000000000e+00 3.905864463e-01 0.000000000e+00 0.000000000e+00 1.000000000e+00 0.000000000e+00
6.557318540e-01 -7.549938646e-01 0.000000000e+00 9.677909994e-01 7.549938646e-01 6.557318540e-01 0.000000000e+00 3.935308331e-01 0.000000000e+00 0.000000000e+00 1.000000000e+00 0.000000000e+00
6.542107614e-01 -7.563122898e-01 0.000000000e+00 9.702421715e-01 7.563122898e-01 6.542107614e-01 0.000000000e+00 3.965755023e-01 0.000000000e+00 0.000000000e+00 1.000000000e+00 0.000000000e+00
6.532686248e-01 -7.571262140e-01 0.000000000e+00 9.723405854e-01 7.571262140e-01 6.532686248e-01 0.000000000e+00 3.991853703e-01 0.000000000e+00 0.000000000e+00 1.000000000e+00 0.000000000e+00
6.517785914e-01 -7.584093009e-01 0.000000000e+00 9.745037326e-01 7.584093009e-01 6.517785914e-01 0.000000000e+00 4.018888900e-01 0.000000000e+00 0.000000000e+00 1.000000000e+00 0.000000000e+00
6.502284768e-01 -7.597387235e-01 0.000000000e+00 9.767052525e-01 7.597387235e-01 6.502284768e-01 0.000000000e+00 4.046521322e-01 0.000000000e+00 0.000000000e+00 1.000000000e+00 0.000000000e+00
6.491538564e-01 -7.606571309e-01 0.000000000e+00 9.788207344e-01 7.606571309e-01 6.491538564e-01 0.000000000e+00 4.073699641e-01 0.000000000e+00 0.000000000e+00 1.000000000e+00 0.000000000e+00
6.457576287e-01 -7.635424578e-01 0.000000000e+00 9.831770532e-01 7.635424578e-01 6.457576287e-01 0.000000000e+00 4.129849897e-01 0.000000000e+00 0.000000000e+00 1.000000000e+00 0.000000000e+00
6.448753985e-01 -7.642877209e-01 0.000000000e+00 9.852724107e-01 7.642877209e-01 6.448753985e-01 0.000000000e+00 4.156680722e-01 0.000000000e+00 0.000000000e+00 1.000000000e+00 0.000000000e+00
6.430906162e-01 -7.657900883e-01 0.000000000e+00 9.874934052e-01 7.657900883e-01 6.430906162e-01 0.000000000e+00 4.184962859e-01 0.000000000e+00 0.000000000e+00 1.000000000e+00 0.000000000e+00
6.412241699e-01 -7.673536107e-01 0.000000000e+00 9.897391311e-01 7.673536107e-01 6.412241699e-01 0.000000000e+00 4.213564905e-01 0.000000000e+00 0.000000000e+00 1.000000000e+00 0.000000000e+00
6.400650329e-01 -7.683207362e-01 0.000000000e+00 9.918441814e-01 7.683207362e-01 6.400650329e-01 0.000000000e+00 4.240934543e-01 0.000000000e+00 0.000000000e+00 1.000000000e+00 0.000000000e+00
6.382663446e-01 -7.698156100e-01 0.000000000e+00 9.939589726e-01 7.698156100e-01 6.382663446e-01 0.000000000e+00 4.268923579e-01 0.000000000e+00 0.000000000e+00 1.000000000e+00 0.000000000e+00
6.364126054e-01 -7.713488159e-01 0.000000000e+00 9.962137670e-01 7.713488159e-01 6.364126054e-01 0.000000000e+00 4.298975512e-01 0.000000000e+00 0.000000000e+00 1.000000000e+00 0.000000000e+00
6.352990663e-01 -7.722662082e-01 0.000000000e+00 9.983131713e-01 7.722662082e-01 6.352990663e-01 0.000000000e+00 4.327021672e-01 0.000000000e+00 0.000000000e+00 1.000000000e+00 0.000000000e+00
6.334168752e-01 -7.738107406e-01 0.000000000e+00 1.000415680e+00 7.738107406e-01 6.334168752e-01 0.000000000e+00 4.354880860e-01 0.000000000e+00 0.000000000e+00 1.000000000e+00 0.000000000e+00
6.315196753e-01 -7.753598517e-01 0.000000000e+00 1.002563788e+00 7.753598517e-01 6.315196753e-01 0.000000000e+00 4.383242181e-01 0.000000000e+00 0.000000000e+00 1.000000000e+00 0.000000000e+00
6.304049025e-01 -7.762664870e-01 0.000000000e+00 1.004656868e+00 7.762664870e-01 6.304049025e-01 0.000000000e+00 4.410860362e-01 0.000000000e+00 0.000000000e+00 1.000000000e+00 0.000000000e+00
6.285016968e-01 -7.778082136e-01 0.000000000e+00 1.006760940e+00 7.778082136e-01 6.285016968e-01 0.000000000e+00 4.439485255e-01 0.000000000e+00 0.000000000e+00 1.000000000e+00 0.000000000e+00
6.265267449e-01 -7.793999217e-01 0.000000000e+00 1.008862251e+00 7.793999217e-01 6.265267449e-01 0.000000000e+00 4.468185022e-01 0.000000000e+00 0.000000000e+00 1.000000000e+00 0.000000000e+00
6.252585145e-01 -7.804177023e-01 0.000000000e+00 1.010702427e+00 7.804177023e-01 6.252585145e-01 0.000000000e+00 4.493436066e-01 0.000000000e+00 0.000000000e+00 1.000000000e+00 0.000000000e+00
6.212344121e-01 -7.836247860e-01 0.000000000e+00 1.015162638e+00 7.836247860e-01 6.212344121e-01 0.000000000e+00 4.554556573e-01 0.000000000e+00 0.000000000e+00 1.000000000e+00 0.000000000e+00
6.202582962e-01 -7.843976326e-01 0.000000000e+00 1.017191794e+00 7.843976326e-01 6.202582962e-01 0.000000000e+00 4.582273198e-01 0.000000000e+00 0.000000000e+00 1.000000000e+00 0.000000000e+00
6.161977347e-01 -7.875914879e-01 0.000000000e+00 1.021467765e+00 7.875914879e-01 6.161977347e-01 0.000000000e+00 4.641289035e-01 0.000000000e+00 0.000000000e+00 1.000000000e+00 0.000000000e+00
6.150171046e-01 -7.885137672e-01 0.000000000e+00 1.023307528e+00 7.885137672e-01 6.150171046e-01 0.000000000e+00 4.667376948e-01 0.000000000e+00 0.000000000e+00 1.000000000e+00 0.000000000e+00
6.109007707e-01 -7.917071734e-01 0.000000000e+00 1.027490147e+00 7.917071734e-01 6.109007707e-01 0.000000000e+00 4.726818896e-01 0.000000000e+00 0.000000000e+00 1.000000000e+00 0.000000000e+00
6.097025817e-01 -7.926302807e-01 0.000000000e+00 1.029549178e+00 7.926302807e-01 6.097025817e-01 0.000000000e+00 4.756087967e-01 0.000000000e+00 0.000000000e+00 1.000000000e+00 0.000000000e+00
6.055463295e-01 -7.958100545e-01 0.000000000e+00 1.033782954e+00 7.958100545e-01 6.055463295e-01 0.000000000e+00 4.816229496e-01 0.000000000e+00 0.000000000e+00 1.000000000e+00 0.000000000e+00
6.044137616e-01 -7.966705748e-01 0.000000000e+00 1.035779924e+00 7.966705748e-01 6.044137616e-01 0.000000000e+00 4.844889460e-01 0.000000000e+00 0.000000000e+00 1.000000000e+00 0.000000000e+00
6.022772029e-01 -7.982870228e-01 0.000000000e+00 1.037812682e+00 7.982870228e-01 6.022772029e-01 0.000000000e+00 4.874666464e-01 0.000000000e+00 0.000000000e+00 1.000000000e+00 0.000000000e+00
5.987371046e-01 -8.009456159e-01 0.000000000e+00 1.041493060e+00 8.009456159e-01 5.987371046e-01 0.000000000e+00 4.928410353e-01 0.000000000e+00 0.000000000e+00 1.000000000e+00 0.000000000e+00
5.967058038e-01 -8.024600823e-01 0.000000000e+00 1.043582957e+00 8.024600823e-01 5.967058038e-01 0.000000000e+00 4.959027764e-01 0.000000000e+00 0.000000000e+00 1.000000000e+00 0.000000000e+00
5.945468025e-01 -8.040610049e-01 0.000000000e+00 1.045837932e+00 8.040610049e-01 5.945468025e-01 0.000000000e+00 4.992185128e-01 0.000000000e+00 0.000000000e+00 1.000000000e+00 0.000000000e+00
5.931753723e-01 -8.050732748e-01 0.000000000e+00 1.047818332e+00 8.050732748e-01 5.931753723e-01 0.000000000e+00 5.021473219e-01 0.000000000e+00 0.000000000e+00 1.000000000e+00 0.000000000e+00
5.909553295e-01 -8.067042819e-01 0.000000000e+00 1.049819714e+00 8.067042819e-01 5.909553295e-01 0.000000000e+00 5.051390365e-01 0.000000000e+00 0.000000000e+00 1.000000000e+00 0.000000000e+00
5.888061445e-01 -8.082742877e-01 0.000000000e+00 1.051799165e+00 8.082742877e-01 5.888061445e-01 0.000000000e+00 5.081288301e-01 0.000000000e+00 0.000000000e+00 1.000000000e+00 0.000000000e+00
5.874534033e-01 -8.092579928e-01 0.000000000e+00 1.053643458e+00 8.092579928e-01 5.874534033e-01 0.000000000e+00 5.109351930e-01 0.000000000e+00 0.000000000e+00 1.000000000e+00 0.000000000e+00
5.852077096e-01 -8.108834297e-01 0.000000000e+00 1.055606938e+00 8.108834297e-01 5.852077096e-01 0.000000000e+00 5.139101897e-01 0.000000000e+00 0.000000000e+00 1.000000000e+00 0.000000000e+00
5.826668795e-01 -8.127110849e-01 0.000000000e+00 1.057666040e+00 8.127110849e-01 5.826668795e-01 0.000000000e+00 5.170179665e-01 0.000000000e+00 0.000000000e+00 1.000000000e+00 0.000000000e+00
5.810297531e-01 -8.138823170e-01 0.000000000e+00 1.059459244e+00 8.138823170e-01 5.810297531e-01 0.000000000e+00 5.197410350e-01 0.000000000e+00 0.000000000e+00 1.000000000e+00 0.000000000e+00
5.778314768e-01 -8.161561030e-01 0.000000000e+00 1.061381627e+00 8.161561030e-01 5.778314768e-01 0.000000000e+00 5.226539134e-01 0.000000000e+00 0.000000000e+00 1.000000000e+00 0.000000000e+00
5.744005474e-01 -8.185743773e-01 0.000000000e+00 1.063640166e+00 8.185743773e-01 5.744005474e-01 0.000000000e+00 5.261533818e-01 0.000000000e+00 0.000000000e+00 1.000000000e+00 0.000000000e+00
5.722603416e-01 -8.200720099e-01 0.000000000e+00 1.065705077e+00 8.200720099e-01 5.722603416e-01 0.000000000e+00 5.293882909e-01 0.000000000e+00 0.000000000e+00 1.000000000e+00 0.000000000e+00
5.685499326e-01 -8.226487550e-01 0.000000000e+00 1.067760834e+00 8.226487550e-01 5.685499326e-01 0.000000000e+00 5.326111984e-01 0.000000000e+00 0.000000000e+00 1.000000000e+00 0.000000000e+00
5.646837460e-01 -8.253073773e-01 0.000000000e+00 1.069816060e+00 8.253073773e-01 5.646837460e-01 0.000000000e+00 5.358347837e-01 0.000000000e+00 0.000000000e+00 1.000000000e+00 0.000000000e+00
5.622421344e-01 -8.269726611e-01 0.000000000e+00 1.071682811e+00 8.269726611e-01 5.622421344e-01 0.000000000e+00 5.387760756e-01 0.000000000e+00 0.000000000e+00 1.000000000e+00 0.000000000e+00
5.584112934e-01 -8.295642395e-01 0.000000000e+00 1.073837923e+00 8.295642395e-01 5.584112934e-01 0.000000000e+00 5.421804428e-01 0.000000000e+00 0.000000000e+00 1.000000000e+00 0.000000000e+00
5.543700379e-01 -8.322703053e-01 0.000000000e+00 1.075865262e+00 8.322703053e-01 5.543700379e-01 0.000000000e+00 5.453864731e-01 0.000000000e+00 0.000000000e+00 1.000000000e+00 0.000000000e+00
5.518181684e-01 -8.339644531e-01 0.000000000e+00 1.077679265e+00 8.339644531e-01 5.518181684e-01 0.000000000e+00 5.482673655e-01 0.000000000e+00 0.000000000e+00 1.000000000e+00 0.000000000e+00
5.479452990e-01 -8.365141657e-01 0.000000000e+00 1.079663390e+00 8.365141657e-01 5.479452990e-01 0.000000000e+00 5.514831994e-01 0.000000000e+00 0.000000000e+00 1.000000000e+00 0.000000000e+00
5.439264591e-01 -8.391328900e-01 0.000000000e+00 1.081685795e+00 8.391328900e-01 5.439264591e-01 0.000000000e+00 5.547791756e-01 0.000000000e+00 0.000000000e+00 1.000000000e+00 0.000000000e+00
5.412239638e-01 -8.408784817e-01 0.000000000e+00 1.083543237e+00 8.408784817e-01 5.412239638e-01 0.000000000e+00 5.578177438e-01 0.000000000e+00 0.000000000e+00 1.000000000e+00 0.000000000e+00
5.371082279e-01 -8.435133381e-01 0.000000000e+00 1.085560577e+00 8.435133381e-01 5.371082279e-01 0.000000000e+00 5.611137510e-01 0.000000000e+00 0.000000000e+00 1.000000000e+00 0.000000000e+00
5.330854567e-01 -8.460614019e-01 0.000000000e+00 1.087629204e+00 8.460614019e-01 5.330854567e-01 0.000000000e+00 5.644986289e-01 0.000000000e+00 0.000000000e+00 1.000000000e+00 0.000000000e+00
5.305407708e-01 -8.476594189e-01 0.000000000e+00 1.089514940e+00 8.476594189e-01 5.305407708e-01 0.000000000e+00 5.676048159e-01 0.000000000e+00 0.000000000e+00 1.000000000e+00 0.000000000e+00
5.270101613e-01 -8.498589823e-01 0.000000000e+00 1.091427147e+00 8.498589823e-01 5.270101613e-01 0.000000000e+00 5.707759480e-01 0.000000000e+00 0.000000000e+00 1.000000000e+00 0.000000000e+00
5.234258437e-01 -8.520712330e-01 0.000000000e+00 1.093155566e+00 8.520712330e-01 5.234258437e-01 0.000000000e+00 5.737069510e-01 0.000000000e+00 0.000000000e+00 1.000000000e+00 0.000000000e+00
5.215334023e-01 -8.532308658e-01 0.000000000e+00 1.094885047e+00 8.532308658e-01 5.215334023e-01 0.000000000e+00 5.766504069e-01 0.000000000e+00 0.000000000e+00 1.000000000e+00 0.000000000e+00
5.184549300e-01 -8.551049558e-01 0.000000000e+00 1.096961154e+00 8.551049558e-01 5.184549300e-01 0.000000000e+00 5.801822622e-01 0.000000000e+00 0.000000000e+00 1.000000000e+00 0.000000000e+00
5.162243954e-01 -8.564533692e-01 0.000000000e+00 1.098865187e+00 8.564533692e-01 5.162243954e-01 0.000000000e+00 5.834260240e-01 0.000000000e+00 0.000000000e+00 1.000000000e+00 0.000000000e+00
5.150355639e-01 -8.571688095e-01 0.000000000e+00 1.100617908e+00 8.571688095e-01 5.150355639e-01 0.000000000e+00 5.864147499e-01 0.000000000e+00 0.000000000e+00 1.000000000e+00 0.000000000e+00
5.130494231e-01 -8.583590679e-01 0.000000000e+00 1.102339642e+00 8.583590679e-01 5.130494231e-01 0.000000000e+00 5.893480332e-01 0.000000000e+00 0.000000000e+00 1.000000000e+00 0.000000000e+00
5.111655978e-01 -8.594822463e-01 0.000000000e+00 1.104358359e+00 8.594822463e-01 5.111655978e-01 0.000000000e+00 5.928748854e-01 0.000000000e+00 0.000000000e+00 1.000000000e+00 0.000000000e+00
5.094344683e-01 -8.605094552e-01 0.000000000e+00 1.106135793e+00 8.605094552e-01 5.094344683e-01 0.000000000e+00 5.960082421e-01 0.000000000e+00 0.000000000e+00 1.000000000e+00 0.000000000e+00
5.081848544e-01 -8.612480211e-01 0.000000000e+00 1.107643282e+00 8.612480211e-01 5.081848544e-01 0.000000000e+00 5.986756351e-01 0.000000000e+00 0.000000000e+00 1.000000000e+00 0.000000000e+00
5.051202113e-01 -8.630489975e-01 0.000000000e+00 1.111536704e+00 8.630489975e-01 5.051202113e-01 0.000000000e+00 6.055680036e-01 0.000000000e+00 0.000000000e+00 1.000000000e+00 0.000000000e+00
5.033719043e-01 -8.640698617e-01 0.000000000e+00 1.112815419e+00 8.640698617e-01 5.033719043e-01 0.000000000e+00 6.078294799e-01 0.000000000e+00 0.000000000e+00 1.000000000e+00 0.000000000e+00
5.020417003e-01 -8.648434143e-01 0.000000000e+00 1.114494749e+00 8.648434143e-01 5.020417003e-01 0.000000000e+00 6.108146668e-01 0.000000000e+00 0.000000000e+00 1.000000000e+00 0.000000000e+00
5.008663662e-01 -8.655246289e-01 0.000000000e+00 1.116217248e+00 8.655246289e-01 5.008663662e-01 0.000000000e+00 6.139529435e-01 0.000000000e+00 0.000000000e+00 1.000000000e+00 0.000000000e+00
4.989643156e-01 -8.666225313e-01 0.000000000e+00 1.117900717e+00 8.666225313e-01 4.989643156e-01 0.000000000e+00 6.170305695e-01 0.000000000e+00 0.000000000e+00 1.000000000e+00 0.000000000e+00
4.970446066e-01 -8.677249904e-01 0.000000000e+00 1.119505407e+00 8.677249904e-01 4.970446066e-01 0.000000000e+00 6.199792043e-01 0.000000000e+00 0.000000000e+00 1.000000000e+00 0.000000000e+00
4.957972525e-01 -8.684383020e-01 0.000000000e+00 1.121045942e+00 8.684383020e-01 4.957972525e-01 0.000000000e+00 6.228152726e-01 0.000000000e+00 0.000000000e+00 1.000000000e+00 0.000000000e+00
4.938862679e-01 -8.695265116e-01 0.000000000e+00 1.122602233e+00 8.695265116e-01 4.938862679e-01 0.000000000e+00 6.256777921e-01 0.000000000e+00 0.000000000e+00 1.000000000e+00 0.000000000e+00
4.918993943e-01 -8.706520464e-01 0.000000000e+00 1.124311009e+00 8.706520464e-01 4.918993943e-01 0.000000000e+00 6.288136609e-01 0.000000000e+00 0.000000000e+00 1.000000000e+00 0.000000000e+00
4.906401816e-01 -8.713622738e-01 0.000000000e+00 1.126038270e+00 8.713622738e-01 4.906401816e-01 0.000000000e+00 6.320178188e-01 0.000000000e+00 0.000000000e+00 1.000000000e+00 0.000000000e+00
4.885374736e-01 -8.725429141e-01 0.000000000e+00 1.127873502e+00 8.725429141e-01 4.885374736e-01 0.000000000e+00 6.354771328e-01 0.000000000e+00 0.000000000e+00 1.000000000e+00 0.000000000e+00
4.862819517e-01 -8.738019590e-01 0.000000000e+00 1.129609106e+00 8.738019590e-01 4.862819517e-01 0.000000000e+00 6.387932581e-01 0.000000000e+00 0.000000000e+00 1.000000000e+00 0.000000000e+00
4.849648573e-01 -8.745336398e-01 0.000000000e+00 1.131285132e+00 8.745336398e-01 4.849648573e-01 0.000000000e+00 6.420062735e-01 0.000000000e+00 0.000000000e+00 1.000000000e+00 0.000000000e+00
4.826022780e-01 -8.758396207e-01 0.000000000e+00 1.132967754e+00 8.758396207e-01 4.826022780e-01 0.000000000e+00 6.452264166e-01 0.000000000e+00 0.000000000e+00 1.000000000e+00 0.000000000e+00
4.801316440e-01 -8.771964457e-01 0.000000000e+00 1.134588509e+00 8.771964457e-01 4.801316440e-01 0.000000000e+00 6.483285792e-01 0.000000000e+00 0.000000000e+00 1.000000000e+00 0.000000000e+00
4.786126842e-01 -8.780261377e-01 0.000000000e+00 1.136135091e+00 8.780261377e-01 4.786126842e-01 0.000000000e+00 6.512949002e-01 0.000000000e+00 0.000000000e+00 1.000000000e+00 0.000000000e+00
4.761819208e-01 -8.793467907e-01 0.000000000e+00 1.137799788e+00 8.793467907e-01 4.761819208e-01 0.000000000e+00 6.545309096e-01 0.000000000e+00 0.000000000e+00 1.000000000e+00 0.000000000e+00
4.735733625e-01 -8.807543757e-01 0.000000000e+00 1.139440507e+00 8.807543757e-01 4.735733625e-01 0.000000000e+00 6.577492065e-01 0.000000000e+00 0.000000000e+00 1.000000000e+00 0.000000000e+00
4.716994563e-01 -8.817593906e-01 0.000000000e+00 1.141008142e+00 8.817593906e-01 4.716994563e-01 0.000000000e+00 6.608781789e-01 0.000000000e+00 0.000000000e+00 1.000000000e+00 0.000000000e+00
4.688113848e-01 -8.832982993e-01 0.000000000e+00 1.142690329e+00 8.832982993e-01 4.688113848e-01 0.000000000e+00 6.642330865e-01 0.000000000e+00 0.000000000e+00 1.000000000e+00 0.000000000e+00
4.656377353e-01 -8.849754231e-01 0.000000000e+00 1.144397329e+00 8.849754231e-01 4.656377353e-01 0.000000000e+00 6.676391399e-01 0.000000000e+00 0.000000000e+00 1.000000000e+00 0.000000000e+00
4.634894109e-01 -8.861024579e-01 0.000000000e+00 1.145966574e+00 8.861024579e-01 4.634894109e-01 0.000000000e+00 6.707748825e-01 0.000000000e+00 0.000000000e+00 1.000000000e+00 0.000000000e+00
4.602255801e-01 -8.878020136e-01 0.000000000e+00 1.147586717e+00 8.878020136e-01 4.602255801e-01 0.000000000e+00 6.740240429e-01 0.000000000e+00 0.000000000e+00 1.000000000e+00 0.000000000e+00
4.570332141e-01 -8.894496283e-01 0.000000000e+00 1.149194494e+00 8.894496283e-01 4.570332141e-01 0.000000000e+00 6.772689826e-01 0.000000000e+00 0.000000000e+00 1.000000000e+00 0.000000000e+00
4.550450513e-01 -8.904684168e-01 0.000000000e+00 1.150773135e+00 8.904684168e-01 4.550450513e-01 0.000000000e+00 6.805439729e-01 0.000000000e+00 0.000000000e+00 1.000000000e+00 0.000000000e+00
4.518405263e-01 -8.920987270e-01 0.000000000e+00 1.152411156e+00 8.920987270e-01 4.518405263e-01 0.000000000e+00 6.839562142e-01 0.000000000e+00 0.000000000e+00 1.000000000e+00 0.000000000e+00
4.486145707e-01 -8.937253308e-01 0.000000000e+00 1.154042440e+00 8.937253308e-01 4.486145707e-01 0.000000000e+00 6.873560864e-01 0.000000000e+00 0.000000000e+00 1.000000000e+00 0.000000000e+00
4.464320816e-01 -8.948175214e-01 0.000000000e+00 1.155615807e+00 8.948175214e-01 4.464320816e-01 0.000000000e+00 6.906446540e-01 0.000000000e+00 0.000000000e+00 1.000000000e+00 0.000000000e+00
4.431807016e-01 -8.964322985e-01 0.000000000e+00 1.157214613e+00 8.964322985e-01 4.431807016e-01 0.000000000e+00 6.939859213e-01 0.000000000e+00 0.000000000e+00 1.000000000e+00 0.000000000e+00
4.399678448e-01 -8.980135275e-01 0.000000000e+00 1.158641704e+00 8.980135275e-01 4.399678448e-01 0.000000000e+00 6.969689597e-01 0.000000000e+00 0.000000000e+00 1.000000000e+00 0.000000000e+00
4.379554455e-01 -8.989966784e-01 0.000000000e+00 1.160013857e+00 8.989966784e-01 4.379554455e-01 0.000000000e+00 6.998420923e-01 0.000000000e+00 0.000000000e+00 1.000000000e+00 0.000000000e+00
4.346706021e-01 -9.005895112e-01 0.000000000e+00 1.161776380e+00 9.005895112e-01 4.346706021e-01 0.000000000e+00 7.035374204e-01 0.000000000e+00 0.000000000e+00 1.000000000e+00 0.000000000e+00
4.313615855e-01 -9.021791300e-01 0.000000000e+00 1.163333886e+00 9.021791300e-01 4.313615855e-01 0.000000000e+00 7.068046120e-01 0.000000000e+00 0.000000000e+00 1.000000000e+00 0.000000000e+00
4.296418288e-01 -9.029993903e-01 0.000000000e+00 1.164740271e+00 9.029993903e-01 4.296418288e-01 0.000000000e+00 7.097566149e-01 0.000000000e+00 0.000000000e+00 1.000000000e+00 0.000000000e+00
4.261924625e-01 -9.046325137e-01 0.000000000e+00 1.166315855e+00 9.046325137e-01 4.261924625e-01 0.000000000e+00 7.130675418e-01 0.000000000e+00 0.000000000e+00 1.000000000e+00 0.000000000e+00
4.228107403e-01 -9.062180079e-01 0.000000000e+00 1.167914855e+00 9.062180079e-01 4.228107403e-01 0.000000000e+00 7.164313249e-01 0.000000000e+00 0.000000000e+00 1.000000000e+00 0.000000000e+00
4.205687246e-01 -9.072606835e-01 0.000000000e+00 1.169620172e+00 9.072606835e-01 4.205687246e-01 0.000000000e+00 7.200178598e-01 0.000000000e+00 0.000000000e+00 1.000000000e+00 0.000000000e+00
4.173569282e-01 -9.087426448e-01 0.000000000e+00 1.171256995e+00 9.087426448e-01 4.173569282e-01 0.000000000e+00 7.235242148e-01 0.000000000e+00 0.000000000e+00 1.000000000e+00 0.000000000e+00
4.139545831e-01 -9.102975355e-01 0.000000000e+00 1.172831641e+00 9.102975355e-01 4.139545831e-01 0.000000000e+00 7.269313506e-01 0.000000000e+00 0.000000000e+00 1.000000000e+00 0.000000000e+00
4.118112336e-01 -9.112691742e-01 0.000000000e+00 1.174339469e+00 9.112691742e-01 4.118112336e-01 0.000000000e+00 7.302455951e-01 0.000000000e+00 0.000000000e+00 1.000000000e+00 0.000000000e+00
4.083357843e-01 -9.128317957e-01 0.000000000e+00 1.175876682e+00 9.128317957e-01 4.083357843e-01 0.000000000e+00 7.336271815e-01 0.000000000e+00 0.000000000e+00 1.000000000e+00 0.000000000e+00
4.048703560e-01 -9.143741001e-01 0.000000000e+00 1.177408498e+00 9.143741001e-01 4.048703560e-01 0.000000000e+00 7.369995416e-01 0.000000000e+00 0.000000000e+00 1.000000000e+00 0.000000000e+00
4.026534487e-01 -9.153525005e-01 0.000000000e+00 1.178781962e+00 9.153525005e-01 4.026534487e-01 0.000000000e+00 7.400230909e-01 0.000000000e+00 0.000000000e+00 1.000000000e+00 0.000000000e+00
3.991625062e-01 -9.168801959e-01 0.000000000e+00 1.180141128e+00 9.168801959e-01 3.991625062e-01 0.000000000e+00 7.430220456e-01 0.000000000e+00 0.000000000e+00 1.000000000e+00 0.000000000e+00
3.956817877e-01 -9.183876757e-01 0.000000000e+00 1.181765693e+00 9.183876757e-01 3.956817877e-01 0.000000000e+00 7.466265281e-01 0.000000000e+00 0.000000000e+00 1.000000000e+00 0.000000000e+00
3.934311876e-01 -9.193540670e-01 0.000000000e+00 1.183337691e+00 9.193540670e-01 3.934311876e-01 0.000000000e+00 7.501726873e-01 0.000000000e+00 0.000000000e+00 1.000000000e+00 0.000000000e+00
3.900214395e-01 -9.208057758e-01 0.000000000e+00 1.184864291e+00 9.208057758e-01 3.900214395e-01 0.000000000e+00 7.536904732e-01 0.000000000e+00 0.000000000e+00 1.000000000e+00 0.000000000e+00
3.865204929e-01 -9.222808187e-01 0.000000000e+00 1.186316605e+00 9.222808187e-01 3.865204929e-01 0.000000000e+00 7.570392448e-01 0.000000000e+00 0.000000000e+00 1.000000000e+00 0.000000000e+00
3.842281757e-01 -9.232381648e-01 0.000000000e+00 1.187732801e+00 9.232381648e-01 3.842281757e-01 0.000000000e+00 7.603029594e-01 0.000000000e+00 0.000000000e+00 1.000000000e+00 0.000000000e+00
3.775418698e-01 -9.259925143e-01 0.000000000e+00 1.190659932e+00 9.259925143e-01 3.775418698e-01 0.000000000e+00 7.670691117e-01 0.000000000e+00 0.000000000e+00 1.000000000e+00 0.000000000e+00
3.754129054e-01 -9.268576754e-01 0.000000000e+00 1.192103600e+00 9.268576754e-01 3.754129054e-01 0.000000000e+00 7.704049528e-01 0.000000000e+00 0.000000000e+00 1.000000000e+00 0.000000000e+00
3.686708256e-01 -9.295600155e-01 0.000000000e+00 1.194926648e+00 9.295600155e-01 3.686708256e-01 0.000000000e+00 7.771324914e-01 0.000000000e+00 0.000000000e+00 1.000000000e+00 0.000000000e+00
3.665905516e-01 -9.303823770e-01 0.000000000e+00 1.196360243e+00 9.303823770e-01 3.665905516e-01 0.000000000e+00 7.806004017e-01 0.000000000e+00 0.000000000e+00 1.000000000e+00 0.000000000e+00
3.598936699e-01 -9.329933260e-01 0.000000000e+00 1.199089948e+00 9.329933260e-01 3.598936699e-01 0.000000000e+00 7.872270798e-01 0.000000000e+00 0.000000000e+00 1.000000000e+00 0.000000000e+00
3.579605393e-01 -9.337367147e-01 0.000000000e+00 1.200675014e+00 9.337367147e-01 3.579605393e-01 0.000000000e+00 7.910666277e-01 0.000000000e+00 0.000000000e+00 1.000000000e+00 0.000000000e+00
3.510927753e-01 -9.363406769e-01 0.000000000e+00 1.203277896e+00 9.363406769e-01 3.510927753e-01 0.000000000e+00 7.974232966e-01 0.000000000e+00 0.000000000e+00 1.000000000e+00 0.000000000e+00
3.487847338e-01 -9.372028646e-01 0.000000000e+00 1.204647188e+00 9.372028646e-01 3.487847338e-01 0.000000000e+00 8.008664854e-01 0.000000000e+00 0.000000000e+00 1.000000000e+00 0.000000000e+00
3.420118849e-01 -9.396956266e-01 0.000000000e+00 1.207331245e+00 9.396956266e-01 3.420118849e-01 0.000000000e+00 8.077159877e-01 0.000000000e+00 0.000000000e+00 1.000000000e+00 0.000000000e+00
3.398269783e-01 -9.404879716e-01 0.000000000e+00 1.208618543e+00 9.404879716e-01 3.398269783e-01 0.000000000e+00 8.109971059e-01 0.000000000e+00 0.000000000e+00 1.000000000e+00 0.000000000e+00
3.365173404e-01 -9.416772694e-01 0.000000000e+00 1.209939890e+00 9.416772694e-01 3.365173404e-01 0.000000000e+00 8.143764133e-01 0.000000000e+00 0.000000000e+00 1.000000000e+00 0.000000000e+00
3.331267034e-01 -9.428820708e-01 0.000000000e+00 1.211298668e+00 9.428820708e-01 3.331267034e-01 0.000000000e+00 8.178533361e-01 0.000000000e+00 0.000000000e+00 1.000000000e+00 0.000000000e+00
3.309179542e-01 -9.436595295e-01 0.000000000e+00 1.212631577e+00 9.436595295e-01 3.309179542e-01 0.000000000e+00 8.212699524e-01 0.000000000e+00 0.000000000e+00 1.000000000e+00 0.000000000e+00
3.276686767e-01 -9.447926959e-01 0.000000000e+00 1.213935841e+00 9.447926959e-01 3.276686767e-01 0.000000000e+00 8.247133612e-01 0.000000000e+00 0.000000000e+00 1.000000000e+00 0.000000000e+00
3.244952481e-01 -9.458873263e-01 0.000000000e+00 1.215156103e+00 9.458873263e-01 3.244952481e-01 0.000000000e+00 8.279644127e-01 0.000000000e+00 0.000000000e+00 1.000000000e+00 0.000000000e+00
3.222601993e-01 -9.466511311e-01 0.000000000e+00 1.216274330e+00 9.466511311e-01 3.222601993e-01 0.000000000e+00 8.309660258e-01 0.000000000e+00 0.000000000e+00 1.000000000e+00 0.000000000e+00
3.190640306e-01 -9.477331610e-01 0.000000000e+00 1.217570806e+00 9.477331610e-01 3.190640306e-01 0.000000000e+00 8.344560253e-01 0.000000000e+00 0.000000000e+00 1.000000000e+00 0.000000000e+00
3.158560168e-01 -9.488071335e-01 0.000000000e+00 1.218920797e+00 9.488071335e-01 3.158560168e-01 0.000000000e+00 8.380953509e-01 0.000000000e+00 0.000000000e+00 1.000000000e+00 0.000000000e+00
3.137246023e-01 -9.495140198e-01 0.000000000e+00 1.220069832e+00 9.495140198e-01 3.137246023e-01 0.000000000e+00 8.411970690e-01 0.000000000e+00 0.000000000e+00 1.000000000e+00 0.000000000e+00
3.105216065e-01 -9.505663217e-01 0.000000000e+00 1.221320408e+00 9.505663217e-01 3.105216065e-01 0.000000000e+00 8.445888080e-01 0.000000000e+00 0.000000000e+00 1.000000000e+00 0.000000000e+00
3.073676671e-01 -9.515908350e-01 0.000000000e+00 1.222743790e+00 9.515908350e-01 3.073676671e-01 0.000000000e+00 8.484520309e-01 0.000000000e+00 0.000000000e+00 1.000000000e+00 0.000000000e+00
3.054377200e-01 -9.522120558e-01 0.000000000e+00 1.223938190e+00 9.522120558e-01 3.054377200e-01 0.000000000e+00 8.518217160e-01 0.000000000e+00 0.000000000e+00 1.000000000e+00 0.000000000e+00
3.022284676e-01 -9.532355183e-01 0.000000000e+00 1.225515140e+00 9.532355183e-01 3.022284676e-01 0.000000000e+00 8.562817586e-01 0.000000000e+00 0.000000000e+00 1.000000000e+00 0.000000000e+00
2.990296359e-01 -9.542438246e-01 0.000000000e+00 1.226721464e+00 9.542438246e-01 2.990296359e-01 0.000000000e+00 8.596979931e-01 0.000000000e+00 0.000000000e+00 1.000000000e+00 0.000000000e+00
2.960720327e-01 -9.551656147e-01 0.000000000e+00 1.227781331e+00 9.551656147e-01 2.960720327e-01 0.000000000e+00 8.627311783e-01 0.000000000e+00 0.000000000e+00 1.000000000e+00 0.000000000e+00
2.908580345e-01 -9.567662221e-01 0.000000000e+00 1.230125646e+00 9.567662221e-01 2.908580345e-01 0.000000000e+00 8.693941969e-01 0.000000000e+00 0.000000000e+00 1.000000000e+00 0.000000000e+00
2.876474249e-01 -9.577363724e-01 0.000000000e+00 1.231191698e+00 9.577363724e-01 2.876474249e-01 0.000000000e+00 8.724751592e-01 0.000000000e+00 0.000000000e+00 1.000000000e+00 0.000000000e+00
2.856186670e-01 -9.583433503e-01 0.000000000e+00 1.232326518e+00 9.583433503e-01 2.856186670e-01 0.000000000e+00 8.758061101e-01 0.000000000e+00 0.000000000e+00 1.000000000e+00 0.000000000e+00
2.824001147e-01 -9.592967086e-01 0.000000000e+00 1.233459332e+00 9.592967086e-01 2.824001147e-01 0.000000000e+00 8.792000373e-01 0.000000000e+00 0.000000000e+00 1.000000000e+00 0.000000000e+00
2.804657154e-01 -9.598640438e-01 0.000000000e+00 1.234580315e+00 9.598640438e-01 2.804657154e-01 0.000000000e+00 8.825620805e-01 0.000000000e+00 0.000000000e+00 1.000000000e+00 0.000000000e+00
2.771973088e-01 -9.608130161e-01 0.000000000e+00 1.235785212e+00 9.608130161e-01 2.771973088e-01 0.000000000e+00 8.861943747e-01 0.000000000e+00 0.000000000e+00 1.000000000e+00 0.000000000e+00
2.739703858e-01 -9.617381284e-01 0.000000000e+00 1.236899411e+00 9.617381284e-01 2.739703858e-01 0.000000000e+00 8.895582786e-01 0.000000000e+00 0.000000000e+00 1.000000000e+00 0.000000000e+00
2.720283911e-01 -9.622892260e-01 0.000000000e+00 1.237919650e+00 9.622892260e-01 2.720283911e-01 0.000000000e+00 8.926235547e-01 0.000000000e+00 0.000000000e+00 1.000000000e+00 0.000000000e+00
2.687937201e-01 -9.631977658e-01 0.000000000e+00 1.239089217e+00 9.631977658e-01 2.687937201e-01 0.000000000e+00 8.961754641e-01 0.000000000e+00 0.000000000e+00 1.000000000e+00 0.000000000e+00
2.655673119e-01 -9.640923207e-01 0.000000000e+00 1.240305052e+00 9.640923207e-01 2.655673119e-01 0.000000000e+00 8.999074072e-01 0.000000000e+00 0.000000000e+00 1.000000000e+00 0.000000000e+00
2.634043978e-01 -9.646855048e-01 0.000000000e+00 1.241396614e+00 9.646855048e-01 2.634043978e-01 0.000000000e+00 9.033813395e-01 0.000000000e+00 0.000000000e+00 1.000000000e+00 0.000000000e+00
2.602433671e-01 -9.655430544e-01 0.000000000e+00 1.242493244e+00 9.655430544e-01 2.602433671e-01 0.000000000e+00 9.068877820e-01 0.000000000e+00 0.000000000e+00 1.000000000e+00 0.000000000e+00
2.569922968e-01 -9.664134516e-01 0.000000000e+00 1.243575408e+00 9.664134516e-01 2.569922968e-01 0.000000000e+00 9.103535647e-01 0.000000000e+00 0.000000000e+00 1.000000000e+00 0.000000000e+00
2.548410662e-01 -9.669829528e-01 0.000000000e+00 1.244677487e+00 9.669829528e-01 2.548410662e-01 0.000000000e+00 9.138690572e-01 0.000000000e+00 0.000000000e+00 1.000000000e+00 0.000000000e+00
2.516864748e-01 -9.678088233e-01 0.000000000e+00 1.245789445e+00 9.678088233e-01 2.516864748e-01 0.000000000e+00 9.174350013e-01 0.000000000e+00 0.000000000e+00 1.000000000e+00 0.000000000e+00
2.484363403e-01 -9.686482255e-01 0.000000000e+00 1.246874874e+00 9.686482255e-01 2.484363403e-01 0.000000000e+00 9.209211118e-01 0.000000000e+00 0.000000000e+00 1.000000000e+00 0.000000000e+00
2.462942249e-01 -9.691951067e-01 0.000000000e+00 1.247890443e+00 9.691951067e-01 2.462942249e-01 0.000000000e+00 9.242679487e-01 0.000000000e+00 0.000000000e+00 1.000000000e+00 0.000000000e+00
2.430337840e-01 -9.700178245e-01 0.000000000e+00 1.248880311e+00 9.700178245e-01 2.430337840e-01 0.000000000e+00 9.276168684e-01 0.000000000e+00 0.000000000e+00 1.000000000e+00 0.000000000e+00
2.397649070e-01 -9.708309788e-01 0.000000000e+00 1.249950767e+00 9.708309788e-01 2.397649070e-01 0.000000000e+00 9.312357441e-01 0.000000000e+00 0.000000000e+00 1.000000000e+00 0.000000000e+00
2.381718005e-01 -9.712230400e-01 0.000000000e+00 1.250978444e+00 9.712230400e-01 2.381718005e-01 0.000000000e+00 9.346944262e-01 0.000000000e+00 0.000000000e+00 1.000000000e+00 0.000000000e+00
2.349186944e-01 -9.720150241e-01 0.000000000e+00 1.251975065e+00 9.720150241e-01 2.349186944e-01 0.000000000e+00 9.381013889e-01 0.000000000e+00 0.000000000e+00 1.000000000e+00 0.000000000e+00
2.316488355e-01 -9.727994742e-01 0.000000000e+00 1.252976434e+00 9.727994742e-01 2.316488355e-01 0.000000000e+00 9.415290453e-01 0.000000000e+00 0.000000000e+00 1.000000000e+00 0.000000000e+00
2.296901705e-01 -9.732638006e-01 0.000000000e+00 1.253978000e+00 9.732638006e-01 2.296901705e-01 0.000000000e+00 9.449368461e-01 0.000000000e+00 0.000000000e+00 1.000000000e+00 0.000000000e+00
2.265209383e-01 -9.740062959e-01 0.000000000e+00 1.254997352e+00 9.740062959e-01 2.265209383e-01 0.000000000e+00 9.484767452e-01 0.000000000e+00 0.000000000e+00 1.000000000e+00 0.000000000e+00
2.232415753e-01 -9.747631502e-01 0.000000000e+00 1.255955190e+00 9.747631502e-01 2.232415753e-01 0.000000000e+00 9.518727321e-01 0.000000000e+00 0.000000000e+00 1.000000000e+00 0.000000000e+00
2.211683349e-01 -9.752356472e-01 0.000000000e+00 1.256823053e+00 9.752356472e-01 2.211683349e-01 0.000000000e+00 9.550233088e-01 0.000000000e+00 0.000000000e+00 1.000000000e+00 0.000000000e+00
2.179643989e-01 -9.759567208e-01 0.000000000e+00 1.257829423e+00 9.759567208e-01 2.179643989e-01 0.000000000e+00 9.587197502e-01 0.000000000e+00 0.000000000e+00 1.000000000e+00 0.000000000e+00
2.146869737e-01 -9.766829083e-01 0.000000000e+00 1.258895974e+00 9.766829083e-01 2.146869737e-01 0.000000000e+00 9.626464787e-01 0.000000000e+00 0.000000000e+00 1.000000000e+00 0.000000000e+00
2.126069380e-01 -9.771378050e-01 0.000000000e+00 1.259858307e+00 9.771378050e-01 2.126069380e-01 0.000000000e+00 9.661038616e-01 0.000000000e+00 0.000000000e+00 1.000000000e+00 0.000000000e+00
2.094307850e-01 -9.778234740e-01 0.000000000e+00 1.260818545e+00 9.778234740e-01 2.094307850e-01 0.000000000e+00 9.696190514e-01 0.000000000e+00 0.000000000e+00 1.000000000e+00 0.000000000e+00
2.061273360e-01 -9.785251767e-01 0.000000000e+00 1.261732419e+00 9.785251767e-01 2.061273360e-01 0.000000000e+00 9.730121242e-01 0.000000000e+00 0.000000000e+00 1.000000000e+00 0.000000000e+00
2.041173088e-01 -9.789464358e-01 0.000000000e+00 1.262569522e+00 9.789464358e-01 2.041173088e-01 0.000000000e+00 9.761813827e-01 0.000000000e+00 0.000000000e+00 1.000000000e+00 0.000000000e+00
2.009411937e-01 -9.796033058e-01 0.000000000e+00 1.263426124e+00 9.796033058e-01 2.009411937e-01 0.000000000e+00 9.794686393e-01 0.000000000e+00 0.000000000e+00 1.000000000e+00 0.000000000e+00
1.976287801e-01 -9.802769329e-01 0.000000000e+00 1.264388856e+00 9.802769329e-01 1.976287801e-01 0.000000000e+00 9.832457484e-01 0.000000000e+00 0.000000000e+00 1.000000000e+00 0.000000000e+00
1.953728006e-01 -9.807290496e-01 0.000000000e+00 1.265319857e+00 9.807290496e-01 1.953728006e-01 0.000000000e+00 9.868811476e-01 0.000000000e+00 0.000000000e+00 1.000000000e+00 0.000000000e+00
1.919339043e-01 -9.814078543e-01 0.000000000e+00 1.266259129e+00 9.814078543e-01 1.919339043e-01 0.000000000e+00 9.905793850e-01 0.000000000e+00 0.000000000e+00 1.000000000e+00 0.000000000e+00
1.882212924e-01 -9.821266441e-01 0.000000000e+00 1.267144615e+00 9.821266441e-01 1.882212924e-01 0.000000000e+00 9.941219405e-01 0.000000000e+00 0.000000000e+00 1.000000000e+00 0.000000000e+00
1.858866360e-01 -9.825711977e-01 0.000000000e+00 1.268019694e+00 9.825711977e-01 1.858866360e-01 0.000000000e+00 9.975969813e-01 0.000000000e+00 0.000000000e+00 1.000000000e+00 0.000000000e+00
1.823642265e-01 -9.832310455e-01 0.000000000e+00 1.268935536e+00 9.832310455e-01 1.823642265e-01 0.000000000e+00 1.001269525e+00 0.000000000e+00 0.000000000e+00 1.000000000e+00 0.000000000e+00
1.786762323e-01 -9.839079246e-01 0.000000000e+00 1.269809121e+00 9.839079246e-01 1.786762323e-01 0.000000000e+00 1.004914326e+00 0.000000000e+00 0.000000000e+00 1.000000000e+00 0.000000000e+00
1.765608417e-01 -9.842897283e-01 0.000000000e+00 1.270649695e+00 9.842897283e-01 1.765608417e-01 0.000000000e+00 1.008459364e+00 0.000000000e+00 0.000000000e+00 1.000000000e+00 0.000000000e+00
1.729548235e-01 -9.849297584e-01 0.000000000e+00 1.271407198e+00 9.849297584e-01 1.729548235e-01 0.000000000e+00 1.011698500e+00 0.000000000e+00 0.000000000e+00 1.000000000e+00 0.000000000e+00
1.691745653e-01 -9.855861030e-01 0.000000000e+00 1.272174852e+00 9.855861030e-01 1.691745653e-01 0.000000000e+00 1.014990790e+00 0.000000000e+00 0.000000000e+00 1.000000000e+00 0.000000000e+00
1.666711687e-01 -9.860125362e-01 0.000000000e+00 1.273084166e+00 9.860125362e-01 1.666711687e-01 0.000000000e+00 1.018840331e+00 0.000000000e+00 0.000000000e+00 1.000000000e+00 0.000000000e+00
1.629298947e-01 -9.866376485e-01 0.000000000e+00 1.273946916e+00 9.866376485e-01 1.629298947e-01 0.000000000e+00 1.022574342e+00 0.000000000e+00 0.000000000e+00 1.000000000e+00 0.000000000e+00
1.590828166e-01 -9.872652417e-01 0.000000000e+00 1.274760743e+00 9.872652417e-01 1.590828166e-01 0.000000000e+00 1.026139713e+00 0.000000000e+00 0.000000000e+00 1.000000000e+00 0.000000000e+00
1.563798846e-01 -9.876969837e-01 0.000000000e+00 1.275543259e+00 9.876969837e-01 1.563798846e-01 0.000000000e+00 1.029674717e+00 0.000000000e+00 0.000000000e+00 1.000000000e+00 0.000000000e+00
1.521549721e-01 -9.883566484e-01 0.000000000e+00 1.276344374e+00 9.883566484e-01 1.521549721e-01 0.000000000e+00 1.033398772e+00 0.000000000e+00 0.000000000e+00 1.000000000e+00 0.000000000e+00
1.477375050e-01 -9.890266071e-01 0.000000000e+00 1.277120170e+00 9.890266071e-01 1.477375050e-01 0.000000000e+00 1.037091954e+00 0.000000000e+00 0.000000000e+00 1.000000000e+00 0.000000000e+00
1.447907952e-01 -9.894622912e-01 0.000000000e+00 1.277912424e+00 9.894622912e-01 1.447907952e-01 0.000000000e+00 1.040722119e+00 0.000000000e+00 0.000000000e+00 1.000000000e+00 0.000000000e+00
1.404433462e-01 -9.900887165e-01 0.000000000e+00 1.278743080e+00 9.900887165e-01 1.404433462e-01 0.000000000e+00 1.044567201e+00 0.000000000e+00 0.000000000e+00 1.000000000e+00 0.000000000e+00
1.360181253e-01 -9.907063488e-01 0.000000000e+00 1.279475031e+00 9.907063488e-01 1.360181253e-01 0.000000000e+00 1.048033943e+00 0.000000000e+00 0.000000000e+00 1.000000000e+00 0.000000000e+00
1.332914760e-01 -9.910768802e-01 0.000000000e+00 1.280169354e+00 9.910768802e-01 1.332914760e-01 0.000000000e+00 1.051376659e+00 0.000000000e+00 0.000000000e+00 1.000000000e+00 0.000000000e+00
1.289542122e-01 -9.916505489e-01 0.000000000e+00 1.280852161e+00 9.916505489e-01 1.289542122e-01 0.000000000e+00 1.054837966e+00 0.000000000e+00 0.000000000e+00 1.000000000e+00 0.000000000e+00
1.245395676e-01 -9.922146422e-01 0.000000000e+00 1.281635650e+00 9.922146422e-01 1.245395676e-01 0.000000000e+00 1.058791665e+00 0.000000000e+00 0.000000000e+00 1.000000000e+00 0.000000000e+00
1.218924723e-01 -9.925433115e-01 0.000000000e+00 1.282425656e+00 9.925433115e-01 1.218924723e-01 0.000000000e+00 1.062725870e+00 0.000000000e+00 0.000000000e+00 1.000000000e+00 0.000000000e+00
1.174681060e-01 -9.930766557e-01 0.000000000e+00 1.283111753e+00 9.930766557e-01 1.174681060e-01 0.000000000e+00 1.066286335e+00 0.000000000e+00 0.000000000e+00 1.000000000e+00 0.000000000e+00
1.130211642e-01 -9.935925807e-01 0.000000000e+00 1.283768653e+00 9.935925807e-01 1.130211642e-01 0.000000000e+00 1.069714099e+00 0.000000000e+00 0.000000000e+00 1.000000000e+00 0.000000000e+00
1.100639192e-01 -9.939245111e-01 0.000000000e+00 1.284409127e+00 9.939245111e-01 1.100639192e-01 0.000000000e+00 1.073002255e+00 0.000000000e+00 0.000000000e+00 1.000000000e+00 0.000000000e+00
1.056596005e-01 -9.944023576e-01 0.000000000e+00 1.285179684e+00 9.944023576e-01 1.056596005e-01 0.000000000e+00 1.077068173e+00 0.000000000e+00 0.000000000e+00 1.000000000e+00 0.000000000e+00
1.012183674e-01 -9.948642330e-01 0.000000000e+00 1.285924129e+00 9.948642330e-01 1.012183674e-01 0.000000000e+00 1.081105110e+00 0.000000000e+00 0.000000000e+00 1.000000000e+00 0.000000000e+00
9.846000196e-02 -9.951410091e-01 0.000000000e+00 1.286541984e+00 9.951410091e-01 9.846000196e-02 0.000000000e+00 1.084590112e+00 0.000000000e+00 0.000000000e+00 1.000000000e+00 0.000000000e+00
9.424448536e-02 -9.955490832e-01 0.000000000e+00 1.287181458e+00 9.955490832e-01 9.424448536e-02 0.000000000e+00 1.088267657e+00 0.000000000e+00 0.000000000e+00 1.000000000e+00 0.000000000e+00
9.027911573e-02 -9.959165032e-01 0.000000000e+00 1.287810078e+00 9.959165032e-01 9.027911573e-02 0.000000000e+00 1.091883409e+00 0.000000000e+00 0.000000000e+00 1.000000000e+00 0.000000000e+00
8.792071730e-02 -9.961274755e-01 0.000000000e+00 1.288447164e+00 9.961274755e-01 8.792071730e-02 0.000000000e+00 1.095471449e+00 0.000000000e+00 0.000000000e+00 1.000000000e+00 0.000000000e+00
8.391262455e-02 -9.964731163e-01 0.000000000e+00 1.289069796e+00 9.964731163e-01 8.391262455e-02 0.000000000e+00 1.099071863e+00 0.000000000e+00 0.000000000e+00 1.000000000e+00 0.000000000e+00
7.950881984e-02 -9.968341625e-01 0.000000000e+00 1.289640581e+00 9.968341625e-01 7.950881984e-02 0.000000000e+00 1.102419527e+00 0.000000000e+00 0.000000000e+00 1.000000000e+00 0.000000000e+00
7.687558438e-02 -9.970406935e-01 0.000000000e+00 1.290210428e+00 9.970406935e-01 7.687558438e-02 0.000000000e+00 1.105830232e+00 0.000000000e+00 0.000000000e+00 1.000000000e+00 0.000000000e+00
6.496198465e-02 -9.978877395e-01 0.000000000e+00 1.291459241e+00 9.978877395e-01 6.496198465e-02 0.000000000e+00 1.113948187e+00 0.000000000e+00 0.000000000e+00 1.000000000e+00 0.000000000e+00
6.330731432e-02 -9.979940801e-01 0.000000000e+00 1.292045910e+00 9.979940801e-01 6.330731432e-02 0.000000000e+00 1.117640914e+00 0.000000000e+00 0.000000000e+00 1.000000000e+00 0.000000000e+00
5.293726223e-02 -9.985978401e-01 0.000000000e+00 1.293160731e+00 9.985978401e-01 5.293726223e-02 0.000000000e+00 1.125304736e+00 0.000000000e+00 0.000000000e+00 1.000000000e+00 0.000000000e+00
4.958768850e-02 -9.987697738e-01 0.000000000e+00 1.293698836e+00 9.987697738e-01 4.958768850e-02 0.000000000e+00 1.128821203e+00 0.000000000e+00 0.000000000e+00 1.000000000e+00 0.000000000e+00
3.926567020e-02 -9.992288062e-01 0.000000000e+00 1.294776901e+00 9.992288062e-01 3.926567020e-02 0.000000000e+00 1.136486216e+00 0.000000000e+00 0.000000000e+00 1.000000000e+00 0.000000000e+00
3.625711501e-02 -9.993424946e-01 0.000000000e+00 1.295279103e+00 9.993424946e-01 3.625711501e-02 0.000000000e+00 1.140158957e+00 0.000000000e+00 0.000000000e+00 1.000000000e+00 0.000000000e+00
3.193705508e-02 -9.994898821e-01 0.000000000e+00 1.295956386e+00 9.994898821e-01 3.193705508e-02 0.000000000e+00 1.145144212e+00 0.000000000e+00 0.000000000e+00 1.000000000e+00 0.000000000e+00
2.402219835e-02 -9.997114254e-01 0.000000000e+00 1.296867861e+00 9.997114254e-01 2.402219835e-02 0.000000000e+00 1.152047446e+00 0.000000000e+00 0.000000000e+00 1.000000000e+00 0.000000000e+00
2.157352630e-02 -9.997672644e-01 0.000000000e+00 1.297215837e+00 9.997672644e-01 2.157352630e-02 0.000000000e+00 1.154704656e+00 0.000000000e+00 0.000000000e+00 1.000000000e+00 0.000000000e+00
1.795846086e-02 -9.998387338e-01 0.000000000e+00 1.297624655e+00 9.998387338e-01 1.795846086e-02 0.000000000e+00 1.157919635e+00 0.000000000e+00 0.000000000e+00 1.000000000e+00 0.000000000e+00
1.592835866e-02 -9.998731356e-01 0.000000000e+00 1.298079561e+00 9.998731356e-01 1.592835866e-02 0.000000000e+00 1.161628160e+00 0.000000000e+00 0.000000000e+00 1.000000000e+00 0.000000000e+00
1.274061742e-02 -9.999188350e-01 0.000000000e+00 1.298544649e+00 9.999188350e-01 1.274061742e-02 0.000000000e+00 1.165602232e+00 0.000000000e+00 0.000000000e+00 1.000000000e+00 0.000000000e+00
1.008788310e-02 -9.999491160e-01 0.000000000e+00 1.298983402e+00 9.999491160e-01 1.008788310e-02 0.000000000e+00 1.169321266e+00 0.000000000e+00 0.000000000e+00 1.000000000e+00 0.000000000e+00
8.514156293e-03 -9.999637539e-01 0.000000000e+00 1.299369072e+00 9.999637539e-01 8.514156293e-03 0.000000000e+00 1.172527376e+00 0.000000000e+00 0.000000000e+00 1.000000000e+00 0.000000000e+00
6.341343529e-03 -9.999798935e-01 0.000000000e+00 1.299741131e+00 9.999798935e-01 6.341343529e-03 0.000000000e+00 1.175686480e+00 0.000000000e+00 0.000000000e+00 1.000000000e+00 0.000000000e+00
4.308049212e-03 -9.999907203e-01 0.000000000e+00 1.300204930e+00 9.999907203e-01 4.308049212e-03 0.000000000e+00 1.179420689e+00 0.000000000e+00 0.000000000e+00 1.000000000e+00 0.000000000e+00
3.199782589e-03 -9.999948807e-01 0.000000000e+00 1.300622862e+00 9.999948807e-01 3.199782589e-03 0.000000000e+00 1.183009860e+00 0.000000000e+00 0.000000000e+00 1.000000000e+00 0.000000000e+00
1.233309588e-03 -9.999992395e-01 0.000000000e+00 1.300965008e+00 9.999992395e-01 1.233309588e-03 0.000000000e+00 1.186530212e+00 0.000000000e+00 0.000000000e+00 1.000000000e+00 0.000000000e+00
-6.719154925e-04 -9.999997743e-01 0.000000000e+00 1.301319541e+00 9.999997743e-01 -6.719154925e-04 0.000000000e+00 1.190074216e+00 0.000000000e+00 0.000000000e+00 1.000000000e+00 0.000000000e+00
-1.684182277e-03 -9.999985818e-01 0.000000000e+00 1.301677215e+00 9.999985818e-01 -1.684182277e-03 0.000000000e+00 1.193536854e+00 0.000000000e+00 0.000000000e+00 1.000000000e+00 0.000000000e+00
-3.543062101e-03 -9.999937233e-01 0.000000000e+00 1.302048049e+00 9.999937233e-01 -3.543062101e-03 0.000000000e+00 1.197209240e+00 0.000000000e+00 0.000000000e+00 1.000000000e+00 0.000000000e+00
-4.817107150e-03 -9.999883977e-01 0.000000000e+00 1.302395272e+00 9.999883977e-01 -4.817107150e-03 0.000000000e+00 1.200603377e+00 0.000000000e+00 0.000000000e+00 1.000000000e+00 0.000000000e+00
-6.693272790e-03 -9.999775998e-01 0.000000000e+00 1.302719349e+00 9.999775998e-01 -6.693272790e-03 0.000000000e+00 1.203847903e+00 0.000000000e+00 0.000000000e+00 1.000000000e+00 0.000000000e+00
-8.520015035e-03 -9.999637040e-01 0.000000000e+00 1.303046350e+00 9.999637040e-01 -8.520015035e-03 0.000000000e+00 1.207477369e+00 0.000000000e+00 0.000000000e+00 1.000000000e+00 0.000000000e+00
-1.042821718e-02 -9.999456247e-01 0.000000000e+00 1.303359469e+00 9.999456247e-01 -1.042821718e-02 0.000000000e+00 1.211088528e+00 0.000000000e+00 0.000000000e+00 1.000000000e+00 0.000000000e+00
-1.171670859e-02 -9.999313570e-01 0.000000000e+00 1.303635729e+00 9.999313570e-01 -1.171670859e-02 0.000000000e+00 1.214430517e+00 0.000000000e+00 0.000000000e+00 1.000000000e+00 0.000000000e+00
-1.354921640e-02 -9.999082052e-01 0.000000000e+00 1.303905495e+00 9.999082052e-01 -1.354921640e-02 0.000000000e+00 1.217887054e+00 0.000000000e+00 0.000000000e+00 1.000000000e+00 0.000000000e+00
-1.546009946e-02 -9.998804855e-01 0.000000000e+00 1.304191495e+00 9.998804855e-01 -1.546009946e-02 0.000000000e+00 1.221634119e+00 0.000000000e+00 0.000000000e+00 1.000000000e+00 0.000000000e+00
-1.655079046e-02 -9.998630263e-01 0.000000000e+00 1.304479373e+00 9.998630263e-01 -1.655079046e-02 0.000000000e+00 1.224883165e+00 0.000000000e+00 0.000000000e+00 1.000000000e+00 0.000000000e+00
-1.842962921e-02 -9.998301600e-01 0.000000000e+00 1.304771100e+00 9.998301600e-01 -1.842962921e-02 0.000000000e+00 1.228490319e+00 0.000000000e+00 0.000000000e+00 1.000000000e+00 0.000000000e+00
-1.981694886e-02 -9.998036250e-01 0.000000000e+00 1.304999677e+00 9.998036250e-01 -1.981694886e-02 0.000000000e+00 1.231846483e+00 0.000000000e+00 0.000000000e+00 1.000000000e+00 0.000000000e+00
-2.184104436e-02 -9.997614559e-01 0.000000000e+00 1.305220886e+00 9.997614559e-01 -2.184104436e-02 0.000000000e+00 1.235166429e+00 0.000000000e+00 0.000000000e+00 1.000000000e+00 0.000000000e+00
-2.405707568e-02 -9.997105867e-01 0.000000000e+00 1.305436773e+00 9.997105867e-01 -2.405707568e-02 0.000000000e+00 1.238433862e+00 0.000000000e+00 0.000000000e+00 1.000000000e+00 0.000000000e+00
-2.564189919e-02 -9.996711924e-01 0.000000000e+00 1.305681012e+00 9.996711924e-01 -2.564189919e-02 0.000000000e+00 1.242274016e+00 0.000000000e+00 0.000000000e+00 1.000000000e+00 0.000000000e+00
-2.777625990e-02 -9.996141653e-01 0.000000000e+00 1.305918878e+00 9.996141653e-01 -2.777625990e-02 0.000000000e+00 1.246155019e+00 0.000000000e+00 0.000000000e+00 1.000000000e+00 0.000000000e+00
-3.018960033e-02 -9.995441901e-01 0.000000000e+00 1.306129755e+00 9.995441901e-01 -3.018960033e-02 0.000000000e+00 1.249674617e+00 0.000000000e+00 0.000000000e+00 1.000000000e+00 0.000000000e+00
-3.176257344e-02 -9.994954422e-01 0.000000000e+00 1.306330191e+00 9.994954422e-01 -3.176257344e-02 0.000000000e+00 1.253049613e+00 0.000000000e+00 0.000000000e+00 1.000000000e+00 0.000000000e+00
-3.404186963e-02 -9.994204076e-01 0.000000000e+00 1.306520935e+00 9.994204076e-01 -3.404186963e-02 0.000000000e+00 1.256511816e+00 0.000000000e+00 0.000000000e+00 1.000000000e+00 0.000000000e+00
-3.639078400e-02 -9.993376361e-01 0.000000000e+00 1.306653247e+00 9.993376361e-01 -3.639078400e-02 0.000000000e+00 1.259802795e+00 0.000000000e+00 0.000000000e+00 1.000000000e+00 0.000000000e+00
-3.797506730e-02 -9.992786870e-01 0.000000000e+00 1.306792256e+00 9.992786870e-01 -3.797506730e-02 0.000000000e+00 1.263112747e+00 0.000000000e+00 0.000000000e+00 1.000000000e+00 0.000000000e+00
-4.017828043e-02 -9.991925269e-01 0.000000000e+00 1.306953592e+00 9.991925269e-01 -4.017828043e-02 0.000000000e+00 1.267039545e+00 0.000000000e+00 0.000000000e+00 1.000000000e+00 0.000000000e+00
-4.254992382e-02 -9.990943419e-01 0.000000000e+00 1.307084644e+00 9.990943419e-01 -4.254992382e-02 0.000000000e+00 1.270725195e+00 0.000000000e+00 0.000000000e+00 1.000000000e+00 0.000000000e+00
-4.412503379e-02 -9.990260164e-01 0.000000000e+00 1.307217454e+00 9.990260164e-01 -4.412503379e-02 0.000000000e+00 1.274221464e+00 0.000000000e+00 0.000000000e+00 1.000000000e+00 0.000000000e+00
-4.647299335e-02 -9.989195468e-01 0.000000000e+00 1.307382359e+00 9.989195468e-01 -4.647299335e-02 0.000000000e+00 1.277821735e+00 0.000000000e+00 0.000000000e+00 1.000000000e+00 0.000000000e+00
-4.887010535e-02 -9.988051426e-01 0.000000000e+00 1.307499141e+00 9.988051426e-01 -4.887010535e-02 0.000000000e+00 1.281452521e+00 0.000000000e+00 0.000000000e+00 1.000000000e+00 0.000000000e+00
-5.043896652e-02 -9.987271452e-01 0.000000000e+00 1.307579001e+00 9.987271452e-01 -5.043896652e-02 0.000000000e+00 1.284976667e+00 0.000000000e+00 0.000000000e+00 1.000000000e+00 0.000000000e+00
-5.279784126e-02 -9.986052213e-01 0.000000000e+00 1.307649401e+00 9.986052213e-01 -5.279784126e-02 0.000000000e+00 1.288482581e+00 0.000000000e+00 0.000000000e+00 1.000000000e+00 0.000000000e+00
-5.515349641e-02 -9.984778875e-01 0.000000000e+00 1.307719318e+00 9.984778875e-01 -5.515349641e-02 0.000000000e+00 1.292002373e+00 0.000000000e+00 0.000000000e+00 1.000000000e+00 0.000000000e+00
-5.672761883e-02 -9.983896921e-01 0.000000000e+00 1.307794328e+00 9.983896921e-01 -5.672761883e-02 0.000000000e+00 1.295485311e+00 0.000000000e+00 0.000000000e+00 1.000000000e+00 0.000000000e+00
-5.908860331e-02 -9.982527420e-01 0.000000000e+00 1.307865351e+00 9.982527420e-01 -5.908860331e-02 0.000000000e+00 1.299070829e+00 0.000000000e+00 0.000000000e+00 1.000000000e+00 0.000000000e+00
-6.139988251e-02 -9.981132473e-01 0.000000000e+00 1.307937173e+00 9.981132473e-01 -6.139988251e-02 0.000000000e+00 1.302684327e+00 0.000000000e+00 0.000000000e+00 1.000000000e+00 0.000000000e+00
-6.299953587e-02 -9.980135563e-01 0.000000000e+00 1.307932568e+00 9.980135563e-01 -6.299953587e-02 0.000000000e+00 1.306146518e+00 0.000000000e+00 0.000000000e+00 1.000000000e+00 0.000000000e+00
-6.480518924e-02 -9.978979344e-01 0.000000000e+00 1.307934370e+00 9.978979344e-01 -6.480518924e-02 0.000000000e+00 1.309546574e+00 0.000000000e+00 0.000000000e+00 1.000000000e+00 0.000000000e+00
-6.719102817e-02 -9.977401294e-01 0.000000000e+00 1.307951346e+00 9.977401294e-01 -6.719102817e-02 0.000000000e+00 1.312836730e+00 0.000000000e+00 0.000000000e+00 1.000000000e+00 0.000000000e+00
-6.876689503e-02 -9.976327552e-01 0.000000000e+00 1.307964854e+00 9.976327552e-01 -6.876689503e-02 0.000000000e+00 1.316306959e+00 0.000000000e+00 0.000000000e+00 1.000000000e+00 0.000000000e+00
-7.113767754e-02 -9.974665061e-01 0.000000000e+00 1.307961943e+00 9.974665061e-01 -7.113767754e-02 0.000000000e+00 1.320216681e+00 0.000000000e+00 0.000000000e+00 1.000000000e+00 0.000000000e+00
-7.348767377e-02 -9.972961254e-01 0.000000000e+00 1.307935767e+00 9.972961254e-01 -7.348767377e-02 0.000000000e+00 1.323823430e+00 0.000000000e+00 0.000000000e+00 1.000000000e+00 0.000000000e+00
-7.504543695e-02 -9.971801153e-01 0.000000000e+00 1.307913242e+00 9.971801153e-01 -7.504543695e-02 0.000000000e+00 1.327538450e+00 0.000000000e+00 0.000000000e+00 1.000000000e+00 0.000000000e+00
-7.747015425e-02 -9.969946716e-01 0.000000000e+00 1.307882939e+00 9.969946716e-01 -7.747015425e-02 0.000000000e+00 1.331089886e+00 0.000000000e+00 0.000000000e+00 1.000000000e+00 0.000000000e+00
-7.975238894e-02 -9.968147052e-01 0.000000000e+00 1.307817148e+00 9.968147052e-01 -7.975238894e-02 0.000000000e+00 1.334692101e+00 0.000000000e+00 0.000000000e+00 1.000000000e+00 0.000000000e+00
-8.132969817e-02 -9.966872530e-01 0.000000000e+00 1.307748051e+00 9.966872530e-01 -8.132969817e-02 0.000000000e+00 1.338073568e+00 0.000000000e+00 0.000000000e+00 1.000000000e+00 0.000000000e+00
-8.369235972e-02 -9.964916402e-01 0.000000000e+00 1.307676303e+00 9.964916402e-01 -8.369235972e-02 0.000000000e+00 1.341299257e+00 0.000000000e+00 0.000000000e+00 1.000000000e+00 0.000000000e+00
-8.607478215e-02 -9.962886790e-01 0.000000000e+00 1.307599476e+00 9.962886790e-01 -8.607478215e-02 0.000000000e+00 1.344765453e+00 0.000000000e+00 0.000000000e+00 1.000000000e+00 0.000000000e+00
-8.765993934e-02 -9.961504580e-01 0.000000000e+00 1.307520993e+00 9.961504580e-01 -8.765993934e-02 0.000000000e+00 1.348593280e+00 0.000000000e+00 0.000000000e+00 1.000000000e+00 0.000000000e+00
-8.986488715e-02 -9.959539658e-01 0.000000000e+00 1.307416482e+00 9.959539658e-01 -8.986488715e-02 0.000000000e+00 1.351918228e+00 0.000000000e+00 0.000000000e+00 1.000000000e+00 0.000000000e+00
-9.213887282e-02 -9.957461665e-01 0.000000000e+00 1.307304761e+00 9.957461665e-01 -9.213887282e-02 0.000000000e+00 1.355247490e+00 0.000000000e+00 0.000000000e+00 1.000000000e+00 0.000000000e+00
-9.374344259e-02 -9.955963876e-01 0.000000000e+00 1.307147530e+00 9.955963876e-01 -9.374344259e-02 0.000000000e+00 1.359026864e+00 0.000000000e+00 0.000000000e+00 1.000000000e+00 0.000000000e+00
-9.573282355e-02 -9.954070657e-01 0.000000000e+00 1.306977208e+00 9.954070657e-01 -9.573282355e-02 0.000000000e+00 1.362703710e+00 0.000000000e+00 0.000000000e+00 1.000000000e+00 0.000000000e+00
-9.804901058e-02 -9.951815872e-01 0.000000000e+00 1.306796125e+00 9.951815872e-01 -9.804901058e-02 0.000000000e+00 1.366301842e+00 0.000000000e+00 0.000000000e+00 1.000000000e+00 0.000000000e+00
-9.962364634e-02 -9.950251902e-01 0.000000000e+00 1.306652268e+00 9.950251902e-01 -9.962364634e-02 0.000000000e+00 1.369673503e+00 0.000000000e+00 0.000000000e+00 1.000000000e+00 0.000000000e+00
-1.017508329e-01 -9.948099155e-01 0.000000000e+00 1.306497221e+00 9.948099155e-01 -1.017508329e-01 0.000000000e+00 1.373214058e+00 0.000000000e+00 0.000000000e+00 1.000000000e+00 0.000000000e+00
-1.041147473e-01 -9.945652917e-01 0.000000000e+00 1.306325224e+00 9.945652917e-01 -1.041147473e-01 0.000000000e+00 1.376983378e+00 0.000000000e+00 0.000000000e+00 1.000000000e+00 0.000000000e+00
-1.056827065e-01 -9.943999022e-01 0.000000000e+00 1.306129563e+00 9.943999022e-01 -1.056827065e-01 0.000000000e+00 1.380413347e+00 0.000000000e+00 0.000000000e+00 1.000000000e+00 0.000000000e+00
-1.076841686e-01 -9.941851537e-01 0.000000000e+00 1.305907034e+00 9.941851537e-01 -1.076841686e-01 0.000000000e+00 1.383846841e+00 0.000000000e+00 0.000000000e+00 1.000000000e+00 0.000000000e+00
-1.100841686e-01 -9.939222685e-01 0.000000000e+00 1.305667367e+00 9.939222685e-01 -1.100841686e-01 0.000000000e+00 1.387536712e+00 0.000000000e+00 0.000000000e+00 1.000000000e+00 0.000000000e+00
-1.116857096e-01 -9.937435797e-01 0.000000000e+00 1.305436588e+00 9.937435797e-01 -1.116857096e-01 0.000000000e+00 1.390982040e+00 0.000000000e+00 0.000000000e+00 1.000000000e+00 0.000000000e+00
-1.138563647e-01 -9.934972210e-01 0.000000000e+00 1.305183649e+00 9.934972210e-01 -1.138563647e-01 0.000000000e+00 1.394449917e+00 0.000000000e+00 0.000000000e+00 1.000000000e+00 0.000000000e+00
-1.160524652e-01 -9.932430847e-01 0.000000000e+00 1.304930592e+00 9.932430847e-01 -1.160524652e-01 0.000000000e+00 1.398180878e+00 0.000000000e+00 0.000000000e+00 1.000000000e+00 0.000000000e+00
-1.174622876e-01 -9.930773439e-01 0.000000000e+00 1.304685829e+00 9.930773439e-01 -1.174622876e-01 0.000000000e+00 1.401796631e+00 0.000000000e+00 0.000000000e+00 1.000000000e+00 0.000000000e+00
-1.193484246e-01 -9.928524329e-01 0.000000000e+00 1.304371659e+00 9.928524329e-01 -1.193484246e-01 0.000000000e+00 1.405103434e+00 0.000000000e+00 0.000000000e+00 1.000000000e+00 0.000000000e+00
-1.212456964e-01 -9.926225270e-01 0.000000000e+00 1.304063361e+00 9.926225270e-01 -1.212456964e-01 0.000000000e+00 1.408608059e+00 0.000000000e+00 0.000000000e+00 1.000000000e+00 0.000000000e+00
-1.225622574e-01 -9.924608270e-01 0.000000000e+00 1.303788174e+00 9.924608270e-01 -1.225622574e-01 0.000000000e+00 1.412086281e+00 0.000000000e+00 0.000000000e+00 1.000000000e+00 0.000000000e+00
-1.243462056e-01 -9.922388932e-01 0.000000000e+00 1.303490728e+00 9.922388932e-01 -1.243462056e-01 0.000000000e+00 1.415564730e+00 0.000000000e+00 0.000000000e+00 1.000000000e+00 0.000000000e+00
-1.262769039e-01 -9.919950320e-01 0.000000000e+00 1.303094486e+00 9.919950320e-01 -1.262769039e-01 0.000000000e+00 1.419882139e+00 0.000000000e+00 0.000000000e+00 1.000000000e+00 0.000000000e+00
-1.298109461e-01 -9.915387629e-01 0.000000000e+00 1.302390448e+00 9.915387629e-01 -1.298109461e-01 0.000000000e+00 1.426775973e+00 0.000000000e+00 0.000000000e+00 1.000000000e+00 0.000000000e+00
-1.324812686e-01 -9.911855091e-01 0.000000000e+00 1.301665363e+00 9.911855091e-01 -1.324812686e-01 0.000000000e+00 1.433614598e+00 0.000000000e+00 0.000000000e+00 1.000000000e+00 0.000000000e+00
-1.336229769e-01 -9.910322397e-01 0.000000000e+00 1.301324750e+00 9.910322397e-01 -1.336229769e-01 0.000000000e+00 1.436714438e+00 0.000000000e+00 0.000000000e+00 1.000000000e+00 0.000000000e+00
-1.354418075e-01 -9.907853031e-01 0.000000000e+00 1.300972169e+00 9.907853031e-01 -1.354418075e-01 0.000000000e+00 1.439907715e+00 0.000000000e+00 0.000000000e+00 1.000000000e+00 0.000000000e+00
-1.367126534e-01 -9.906107462e-01 0.000000000e+00 1.300562690e+00 9.906107462e-01 -1.367126534e-01 0.000000000e+00 1.443346263e+00 0.000000000e+00 0.000000000e+00 1.000000000e+00 0.000000000e+00
-1.385393429e-01 -9.903569308e-01 0.000000000e+00 1.300104911e+00 9.903569308e-01 -1.385393429e-01 0.000000000e+00 1.447016232e+00 0.000000000e+00 0.000000000e+00 1.000000000e+00 0.000000000e+00
-1.404001031e-01 -9.900948495e-01 0.000000000e+00 1.299708936e+00 9.900948495e-01 -1.404001031e-01 0.000000000e+00 1.450166115e+00 0.000000000e+00 0.000000000e+00 1.000000000e+00 0.000000000e+00
-1.416672253e-01 -9.899143384e-01 0.000000000e+00 1.299314950e+00 9.899143384e-01 -1.416672253e-01 0.000000000e+00 1.453254196e+00 0.000000000e+00 0.000000000e+00 1.000000000e+00 0.000000000e+00
-1.434293014e-01 -9.896605658e-01 0.000000000e+00 1.298773495e+00 9.896605658e-01 -1.434293014e-01 0.000000000e+00 1.457056281e+00 0.000000000e+00 0.000000000e+00 1.000000000e+00 0.000000000e+00
-1.465463318e-01 -9.892038074e-01 0.000000000e+00 1.297808536e+00 9.892038074e-01 -1.465463318e-01 0.000000000e+00 1.464197060e+00 0.000000000e+00 0.000000000e+00 1.000000000e+00 0.000000000e+00
-1.481661644e-01 -9.889624804e-01 0.000000000e+00 1.297333672e+00 9.889624804e-01 -1.481661644e-01 0.000000000e+00 1.467751059e+00 0.000000000e+00 0.000000000e+00 1.000000000e+00 0.000000000e+00
-1.513327008e-01 -9.884828849e-01 0.000000000e+00 1.296319591e+00 9.884828849e-01 -1.513327008e-01 0.000000000e+00 1.474502959e+00 0.000000000e+00 0.000000000e+00 1.000000000e+00 0.000000000e+00
-1.531180703e-01 -9.882079015e-01 0.000000000e+00 1.295776325e+00 9.882079015e-01 -1.531180703e-01 0.000000000e+00 1.477940445e+00 0.000000000e+00 0.000000000e+00 1.000000000e+00 0.000000000e+00
-1.570981386e-01 -9.875829964e-01 0.000000000e+00 1.294655304e+00 9.875829964e-01 -1.570981386e-01 0.000000000e+00 1.485024198e+00 0.000000000e+00 0.000000000e+00 1.000000000e+00 0.000000000e+00
-1.595193873e-01 -9.871947959e-01 0.000000000e+00 1.294063842e+00 9.871947959e-01 -1.595193873e-01 0.000000000e+00 1.488588770e+00 0.000000000e+00 0.000000000e+00 1.000000000e+00 0.000000000e+00
-1.641064723e-01 -9.864426318e-01 0.000000000e+00 1.292824069e+00 9.864426318e-01 -1.641064723e-01 0.000000000e+00 1.495679447e+00 0.000000000e+00 0.000000000e+00 1.000000000e+00 0.000000000e+00
-1.668088961e-01 -9.859892455e-01 0.000000000e+00 1.292176787e+00 9.859892455e-01 -1.668088961e-01 0.000000000e+00 1.499316985e+00 0.000000000e+00 0.000000000e+00 1.000000000e+00 0.000000000e+00
-1.728689187e-01 -9.849448395e-01 0.000000000e+00 1.290872164e+00 9.849448395e-01 -1.728689187e-01 0.000000000e+00 1.506288387e+00 0.000000000e+00 0.000000000e+00 1.000000000e+00 0.000000000e+00
-1.760081737e-01 -9.843887051e-01 0.000000000e+00 1.290260391e+00 9.843887051e-01 -1.760081737e-01 0.000000000e+00 1.509774013e+00 0.000000000e+00 0.000000000e+00 1.000000000e+00 0.000000000e+00
-1.795119141e-01 -9.837557993e-01 0.000000000e+00 1.289538132e+00 9.837557993e-01 -1.795119141e-01 0.000000000e+00 1.513552817e+00 0.000000000e+00 0.000000000e+00 1.000000000e+00 0.000000000e+00
-1.820209951e-01 -9.832946442e-01 0.000000000e+00 1.288817835e+00 9.832946442e-01 -1.820209951e-01 0.000000000e+00 1.517163103e+00 0.000000000e+00 0.000000000e+00 1.000000000e+00 0.000000000e+00
-1.854722578e-01 -9.826495009e-01 0.000000000e+00 1.288036939e+00 9.826495009e-01 -1.854722578e-01 0.000000000e+00 1.520759233e+00 0.000000000e+00 0.000000000e+00 1.000000000e+00 0.000000000e+00
-1.891982421e-01 -9.819389111e-01 0.000000000e+00 1.287275857e+00 9.819389111e-01 -1.891982421e-01 0.000000000e+00 1.524436315e+00 0.000000000e+00 0.000000000e+00 1.000000000e+00 0.000000000e+00
-1.920423694e-01 -9.813866355e-01 0.000000000e+00 1.286555835e+00 9.813866355e-01 -1.920423694e-01 0.000000000e+00 1.528007991e+00 0.000000000e+00 0.000000000e+00 1.000000000e+00 0.000000000e+00
-1.961657563e-01 -9.805707501e-01 0.000000000e+00 1.285816148e+00 9.805707501e-01 -1.961657563e-01 0.000000000e+00 1.531541237e+00 0.000000000e+00 0.000000000e+00 1.000000000e+00 0.000000000e+00
-2.003940231e-01 -9.797153849e-01 0.000000000e+00 1.285031071e+00 9.797153849e-01 -2.003940231e-01 0.000000000e+00 1.535208288e+00 0.000000000e+00 0.000000000e+00 1.000000000e+00 0.000000000e+00
-2.032572808e-01 -9.791253637e-01 0.000000000e+00 1.284223365e+00 9.791253637e-01 -2.032572808e-01 0.000000000e+00 1.538846550e+00 0.000000000e+00 0.000000000e+00 1.000000000e+00 0.000000000e+00
-2.071177595e-01 -9.783160193e-01 0.000000000e+00 1.283416501e+00 9.783160193e-01 -2.071177595e-01 0.000000000e+00 1.542258992e+00 0.000000000e+00 0.000000000e+00 1.000000000e+00 0.000000000e+00
-2.111086889e-01 -9.774625934e-01 0.000000000e+00 1.282614618e+00 9.774625934e-01 -2.111086889e-01 0.000000000e+00 1.545543712e+00 0.000000000e+00 0.000000000e+00 1.000000000e+00 0.000000000e+00
-2.140221571e-01 -9.768288060e-01 0.000000000e+00 1.281717963e+00 9.768288060e-01 -2.140221571e-01 0.000000000e+00 1.549304504e+00 0.000000000e+00 0.000000000e+00 1.000000000e+00 0.000000000e+00
-2.181233978e-01 -9.759211973e-01 0.000000000e+00 1.280814116e+00 9.759211973e-01 -2.181233978e-01 0.000000000e+00 1.553173539e+00 0.000000000e+00 0.000000000e+00 1.000000000e+00 0.000000000e+00
-2.222689561e-01 -9.749853902e-01 0.000000000e+00 1.279976004e+00 9.749853902e-01 -2.222689561e-01 0.000000000e+00 1.556833955e+00 0.000000000e+00 0.000000000e+00 1.000000000e+00 0.000000000e+00
-2.249651965e-01 -9.743667997e-01 0.000000000e+00 1.279085240e+00 9.743667997e-01 -2.249651965e-01 0.000000000e+00 1.560431126e+00 0.000000000e+00 0.000000000e+00 1.000000000e+00 0.000000000e+00
-2.289342215e-01 -9.734418946e-01 0.000000000e+00 1.278146673e+00 9.734418946e-01 -2.289342215e-01 0.000000000e+00 1.564129017e+00 0.000000000e+00 0.000000000e+00 1.000000000e+00 0.000000000e+00
-2.326985904e-01 -9.725489016e-01 0.000000000e+00 1.277185429e+00 9.725489016e-01 -2.326985904e-01 0.000000000e+00 1.567765032e+00 0.000000000e+00 0.000000000e+00 1.000000000e+00 0.000000000e+00
-2.350318161e-01 -9.719876776e-01 0.000000000e+00 1.276268127e+00 9.719876776e-01 -2.350318161e-01 0.000000000e+00 1.571216775e+00 0.000000000e+00 0.000000000e+00 1.000000000e+00 0.000000000e+00
-2.384826238e-01 -9.711467645e-01 0.000000000e+00 1.275321004e+00 9.711467645e-01 -2.384826238e-01 0.000000000e+00 1.574786515e+00 0.000000000e+00 0.000000000e+00 1.000000000e+00 0.000000000e+00
-2.419698941e-01 -9.702837576e-01 0.000000000e+00 1.274388332e+00 9.702837576e-01 -2.419698941e-01 0.000000000e+00 1.578294262e+00 0.000000000e+00 0.000000000e+00 1.000000000e+00 0.000000000e+00
-2.441764085e-01 -9.697308294e-01 0.000000000e+00 1.273476749e+00 9.697308294e-01 -2.441764085e-01 0.000000000e+00 1.581658098e+00 0.000000000e+00 0.000000000e+00 1.000000000e+00 0.000000000e+00
-2.470384835e-01 -9.690056696e-01 0.000000000e+00 1.272463315e+00 9.690056696e-01 -2.470384835e-01 0.000000000e+00 1.585218145e+00 0.000000000e+00 0.000000000e+00 1.000000000e+00 0.000000000e+00
-2.502532768e-01 -9.681804054e-01 0.000000000e+00 1.271442802e+00 9.681804054e-01 -2.502532768e-01 0.000000000e+00 1.588738919e+00 0.000000000e+00 0.000000000e+00 1.000000000e+00 0.000000000e+00
-2.523001749e-01 -9.676490179e-01 0.000000000e+00 1.270469853e+00 9.676490179e-01 -2.523001749e-01 0.000000000e+00 1.592032908e+00 0.000000000e+00 0.000000000e+00 1.000000000e+00 0.000000000e+00
-2.551420340e-01 -9.669035849e-01 0.000000000e+00 1.269400302e+00 9.669035849e-01 -2.551420340e-01 0.000000000e+00 1.595561426e+00 0.000000000e+00 0.000000000e+00 1.000000000e+00 0.000000000e+00
-2.579338325e-01 -9.661625837e-01 0.000000000e+00 1.268349811e+00 9.661625837e-01 -2.579338325e-01 0.000000000e+00 1.599080225e+00 0.000000000e+00 0.000000000e+00 1.000000000e+00 0.000000000e+00
-2.599118988e-01 -9.656323342e-01 0.000000000e+00 1.267386935e+00 9.656323342e-01 -2.599118988e-01 0.000000000e+00 1.602440014e+00 0.000000000e+00 0.000000000e+00 1.000000000e+00 0.000000000e+00
-2.626635807e-01 -9.648874770e-01 0.000000000e+00 1.266392896e+00 9.648874770e-01 -2.626635807e-01 0.000000000e+00 1.605683087e+00 0.000000000e+00 0.000000000e+00 1.000000000e+00 0.000000000e+00
-2.657215531e-01 -9.640498204e-01 0.000000000e+00 1.265385440e+00 9.640498204e-01 -2.657215531e-01 0.000000000e+00 1.608849016e+00 0.000000000e+00 0.000000000e+00 1.000000000e+00 0.000000000e+00
-2.676896312e-01 -9.635051953e-01 0.000000000e+00 1.264160101e+00 9.635051953e-01 -2.676896312e-01 0.000000000e+00 1.612528273e+00 0.000000000e+00 0.000000000e+00 1.000000000e+00 0.000000000e+00
-2.703848362e-01 -9.627523256e-01 0.000000000e+00 1.262960176e+00 9.627523256e-01 -2.703848362e-01 0.000000000e+00 1.616186191e+00 0.000000000e+00 0.000000000e+00 1.000000000e+00 0.000000000e+00
-2.731953867e-01 -9.619585650e-01 0.000000000e+00 1.261891043e+00 9.619585650e-01 -2.731953867e-01 0.000000000e+00 1.619576127e+00 0.000000000e+00 0.000000000e+00 1.000000000e+00 0.000000000e+00
-2.751088033e-01 -9.614130987e-01 0.000000000e+00 1.260789101e+00 9.614130987e-01 -2.751088033e-01 0.000000000e+00 1.622898848e+00 0.000000000e+00 0.000000000e+00 1.000000000e+00 0.000000000e+00
-2.779266787e-01 -9.606022909e-01 0.000000000e+00 1.259624450e+00 9.606022909e-01 -2.779266787e-01 0.000000000e+00 1.626357452e+00 0.000000000e+00 0.000000000e+00 1.000000000e+00 0.000000000e+00
-2.807532834e-01 -9.597799716e-01 0.000000000e+00 1.258384977e+00 9.597799716e-01 -2.807532834e-01 0.000000000e+00 1.629954744e+00 0.000000000e+00 0.000000000e+00 1.000000000e+00 0.000000000e+00
-2.826790827e-01 -9.592145413e-01 0.000000000e+00 1.257251629e+00 9.592145413e-01 -2.826790827e-01 0.000000000e+00 1.633188407e+00 0.000000000e+00 0.000000000e+00 1.000000000e+00 0.000000000e+00
-2.853816843e-01 -9.584139472e-01 0.000000000e+00 1.256175884e+00 9.584139472e-01 -2.853816843e-01 0.000000000e+00 1.636214508e+00 0.000000000e+00 0.000000000e+00 1.000000000e+00 0.000000000e+00
-2.882046199e-01 -9.575688472e-01 0.000000000e+00 1.254934039e+00 9.575688472e-01 -2.882046199e-01 0.000000000e+00 1.639700831e+00 0.000000000e+00 0.000000000e+00 1.000000000e+00 0.000000000e+00
-2.900842324e-01 -9.570011171e-01 0.000000000e+00 1.253633484e+00 9.570011171e-01 -2.900842324e-01 0.000000000e+00 1.643322920e+00 0.000000000e+00 0.000000000e+00 1.000000000e+00 0.000000000e+00
-2.926359871e-01 -9.562239168e-01 0.000000000e+00 1.252372171e+00 9.562239168e-01 -2.926359871e-01 0.000000000e+00 1.646800027e+00 0.000000000e+00 0.000000000e+00 1.000000000e+00 0.000000000e+00
-2.952800586e-01 -9.554107426e-01 0.000000000e+00 1.250995622e+00 9.554107426e-01 -2.952800586e-01 0.000000000e+00 1.650446910e+00 0.000000000e+00 0.000000000e+00 1.000000000e+00 0.000000000e+00
-2.981496456e-01 -9.545191401e-01 0.000000000e+00 1.249762529e+00 9.545191401e-01 -2.981496456e-01 0.000000000e+00 1.653628144e+00 0.000000000e+00 0.000000000e+00 1.000000000e+00 0.000000000e+00
-2.999650100e-01 -9.539502046e-01 0.000000000e+00 1.248446470e+00 9.539502046e-01 -2.999650100e-01 0.000000000e+00 1.656995151e+00 0.000000000e+00 0.000000000e+00 1.000000000e+00 0.000000000e+00
-3.027691449e-01 -9.530639249e-01 0.000000000e+00 1.247140368e+00 9.530639249e-01 -3.027691449e-01 0.000000000e+00 1.660355600e+00 0.000000000e+00 0.000000000e+00 1.000000000e+00 0.000000000e+00
-3.046870005e-01 -9.524525351e-01 0.000000000e+00 1.245927305e+00 9.524525351e-01 -3.046870005e-01 0.000000000e+00 1.663461115e+00 0.000000000e+00 0.000000000e+00 1.000000000e+00 0.000000000e+00
-3.073926293e-01 -9.515827717e-01 0.000000000e+00 1.244600907e+00 9.515827717e-01 -3.073926293e-01 0.000000000e+00 1.666802507e+00 0.000000000e+00 0.000000000e+00 1.000000000e+00 0.000000000e+00
-3.100625441e-01 -9.507161610e-01 0.000000000e+00 1.243220021e+00 9.507161610e-01 -3.100625441e-01 0.000000000e+00 1.670239049e+00 0.000000000e+00 0.000000000e+00 1.000000000e+00 0.000000000e+00
-3.119867288e-01 -9.500864598e-01 0.000000000e+00 1.241868463e+00 9.500864598e-01 -3.119867288e-01 0.000000000e+00 1.673426423e+00 0.000000000e+00 0.000000000e+00 1.000000000e+00 0.000000000e+00
-3.147352757e-01 -9.491794911e-01 0.000000000e+00 1.240462439e+00 9.491794911e-01 -3.147352757e-01 0.000000000e+00 1.676754348e+00 0.000000000e+00 0.000000000e+00 1.000000000e+00 0.000000000e+00
-3.174729154e-01 -9.482673399e-01 0.000000000e+00 1.239070291e+00 9.482673399e-01 -3.174729154e-01 0.000000000e+00 1.680047760e+00 0.000000000e+00 0.000000000e+00 1.000000000e+00 0.000000000e+00
-3.193810860e-01 -9.476263620e-01 0.000000000e+00 1.237655606e+00 9.476263620e-01 -3.193810860e-01 0.000000000e+00 1.683373781e+00 0.000000000e+00 0.000000000e+00 1.000000000e+00 0.000000000e+00
-3.220041083e-01 -9.467382712e-01 0.000000000e+00 1.236176170e+00 9.467382712e-01 -3.220041083e-01 0.000000000e+00 1.686854894e+00 0.000000000e+00 0.000000000e+00 1.000000000e+00 0.000000000e+00
-3.247401519e-01 -9.458032743e-01 0.000000000e+00 1.234755206e+00 9.458032743e-01 -3.247401519e-01 0.000000000e+00 1.690054331e+00 0.000000000e+00 0.000000000e+00 1.000000000e+00 0.000000000e+00
-3.266488223e-01 -9.451457808e-01 0.000000000e+00 1.233319414e+00 9.451457808e-01 -3.266488223e-01 0.000000000e+00 1.693225028e+00 0.000000000e+00 0.000000000e+00 1.000000000e+00 0.000000000e+00
-3.293528332e-01 -9.442069219e-01 0.000000000e+00 1.231546291e+00 9.442069219e-01 -3.293528332e-01 0.000000000e+00 1.697081832e+00 0.000000000e+00 0.000000000e+00 1.000000000e+00 0.000000000e+00
-3.318593287e-01 -9.433288853e-01 0.000000000e+00 1.229560544e+00 9.433288853e-01 -3.318593287e-01 0.000000000e+00 1.701299186e+00 0.000000000e+00 0.000000000e+00 1.000000000e+00 0.000000000e+00
-3.361201316e-01 -9.418191213e-01 0.000000000e+00 1.227116765e+00 9.418191213e-01 -3.361201316e-01 0.000000000e+00 1.706682748e+00 0.000000000e+00 0.000000000e+00 1.000000000e+00 0.000000000e+00
-3.389677971e-01 -9.407979765e-01 0.000000000e+00 1.225724461e+00 9.407979765e-01 -3.389677971e-01 0.000000000e+00 1.709639790e+00 0.000000000e+00 0.000000000e+00 1.000000000e+00 0.000000000e+00
-3.408718423e-01 -9.401097740e-01 0.000000000e+00 1.224220366e+00 9.401097740e-01 -3.408718423e-01 0.000000000e+00 1.712694596e+00 0.000000000e+00 0.000000000e+00 1.000000000e+00 0.000000000e+00
-3.435504379e-01 -9.391342272e-01 0.000000000e+00 1.222563356e+00 9.391342272e-01 -3.435504379e-01 0.000000000e+00 1.716039170e+00 0.000000000e+00 0.000000000e+00 1.000000000e+00 0.000000000e+00
-3.462289274e-01 -9.381500572e-01 0.000000000e+00 1.220918299e+00 9.381500572e-01 -3.462289274e-01 0.000000000e+00 1.719353432e+00 0.000000000e+00 0.000000000e+00 1.000000000e+00 0.000000000e+00
-3.481166741e-01 -9.374512154e-01 0.000000000e+00 1.219529794e+00 9.374512154e-01 -3.481166741e-01 0.000000000e+00 1.722141422e+00 0.000000000e+00 0.000000000e+00 1.000000000e+00 0.000000000e+00
-3.505833379e-01 -9.365315388e-01 0.000000000e+00 1.218000004e+00 9.365315388e-01 -3.505833379e-01 0.000000000e+00 1.725214037e+00 0.000000000e+00 0.000000000e+00 1.000000000e+00 0.000000000e+00
-3.533224501e-01 -9.355016014e-01 0.000000000e+00 1.216217165e+00 9.355016014e-01 -3.533224501e-01 0.000000000e+00 1.728773117e+00 0.000000000e+00 0.000000000e+00 1.000000000e+00 0.000000000e+00
-3.552320487e-01 -9.347781510e-01 0.000000000e+00 1.214488978e+00 9.347781510e-01 -3.552320487e-01 0.000000000e+00 1.731995143e+00 0.000000000e+00 0.000000000e+00 1.000000000e+00 0.000000000e+00
-3.578057378e-01 -9.337960452e-01 0.000000000e+00 1.212796628e+00 9.337960452e-01 -3.578057378e-01 0.000000000e+00 1.735170591e+00 0.000000000e+00 0.000000000e+00 1.000000000e+00 0.000000000e+00
-3.606371676e-01 -9.327061881e-01 0.000000000e+00 1.211281420e+00 9.327061881e-01 -3.606371676e-01 0.000000000e+00 1.738069205e+00 0.000000000e+00 0.000000000e+00 1.000000000e+00 0.000000000e+00
-3.625057983e-01 -9.319815160e-01 0.000000000e+00 1.209645347e+00 9.319815160e-01 -3.625057983e-01 0.000000000e+00 1.741107256e+00 0.000000000e+00 0.000000000e+00 1.000000000e+00 0.000000000e+00
-3.650636360e-01 -9.309825679e-01 0.000000000e+00 1.207711832e+00 9.309825679e-01 -3.650636360e-01 0.000000000e+00 1.744631592e+00 0.000000000e+00 0.000000000e+00 1.000000000e+00 0.000000000e+00
-3.704818069e-01 -9.288397229e-01 0.000000000e+00 1.204450704e+00 9.288397229e-01 -3.704818069e-01 0.000000000e+00 1.750538884e+00 0.000000000e+00 0.000000000e+00 1.000000000e+00 0.000000000e+00
-3.717864148e-01 -9.283182977e-01 0.000000000e+00 1.202497169e+00 9.283182977e-01 -3.717864148e-01 0.000000000e+00 1.753875283e+00 0.000000000e+00 0.000000000e+00 1.000000000e+00 0.000000000e+00
-3.745634430e-01 -9.272012873e-01 0.000000000e+00 1.200573962e+00 9.272012873e-01 -3.745634430e-01 0.000000000e+00 1.757207986e+00 0.000000000e+00 0.000000000e+00 1.000000000e+00 0.000000000e+00
-3.763832630e-01 -9.264640518e-01 0.000000000e+00 1.198731158e+00 9.264640518e-01 -3.763832630e-01 0.000000000e+00 1.760373274e+00 0.000000000e+00 0.000000000e+00 1.000000000e+00 0.000000000e+00
-3.791762214e-01 -9.253244799e-01 0.000000000e+00 1.196981557e+00 9.253244799e-01 -3.791762214e-01 0.000000000e+00 1.763411158e+00 0.000000000e+00 0.000000000e+00 1.000000000e+00 0.000000000e+00
-3.836910007e-01 -9.234615401e-01 0.000000000e+00 1.193345790e+00 9.234615401e-01 -3.836910007e-01 0.000000000e+00 1.769477068e+00 0.000000000e+00 0.000000000e+00 1.000000000e+00 0.000000000e+00
-3.862065704e-01 -9.224123183e-01 0.000000000e+00 1.191491400e+00 9.224123183e-01 -3.862065704e-01 0.000000000e+00 1.772520342e+00 0.000000000e+00 0.000000000e+00 1.000000000e+00 0.000000000e+00
-3.890328340e-01 -9.212238892e-01 0.000000000e+00 1.189585575e+00 9.212238892e-01 -3.890328340e-01 0.000000000e+00 1.775625232e+00 0.000000000e+00 0.000000000e+00 1.000000000e+00 0.000000000e+00
-3.908569456e-01 -9.204514371e-01 0.000000000e+00 1.187578370e+00 9.204514371e-01 -3.908569456e-01 0.000000000e+00 1.778722618e+00 0.000000000e+00 0.000000000e+00 1.000000000e+00 0.000000000e+00
-3.936504908e-01 -9.192601868e-01 0.000000000e+00 1.185606899e+00 9.192601868e-01 -3.936504908e-01 0.000000000e+00 1.781845722e+00 0.000000000e+00 0.000000000e+00 1.000000000e+00 0.000000000e+00
-3.962987773e-01 -9.181216037e-01 0.000000000e+00 1.183714447e+00 9.181216037e-01 -3.962987773e-01 0.000000000e+00 1.784886434e+00 0.000000000e+00 0.000000000e+00 1.000000000e+00 0.000000000e+00
-3.981167293e-01 -9.173347643e-01 0.000000000e+00 1.181796285e+00 9.173347643e-01 -3.981167293e-01 0.000000000e+00 1.787819852e+00 0.000000000e+00 0.000000000e+00 1.000000000e+00 0.000000000e+00
-4.007754895e-01 -9.161762969e-01 0.000000000e+00 1.179805621e+00 9.161762969e-01 -4.007754895e-01 0.000000000e+00 1.790857178e+00 0.000000000e+00 0.000000000e+00 1.000000000e+00 0.000000000e+00
-4.036118046e-01 -9.149303313e-01 0.000000000e+00 1.177759187e+00 9.149303313e-01 -4.036118046e-01 0.000000000e+00 1.793930039e+00 0.000000000e+00 0.000000000e+00 1.000000000e+00 0.000000000e+00
-4.054181256e-01 -9.141313600e-01 0.000000000e+00 1.175837109e+00 9.141313600e-01 -4.054181256e-01 0.000000000e+00 1.796784118e+00 0.000000000e+00 0.000000000e+00 1.000000000e+00 0.000000000e+00
-4.081684626e-01 -9.129066251e-01 0.000000000e+00 1.173895015e+00 9.129066251e-01 -4.081684626e-01 0.000000000e+00 1.799700198e+00 0.000000000e+00 0.000000000e+00 1.000000000e+00 0.000000000e+00
-4.126328603e-01 -9.108974270e-01 0.000000000e+00 1.170072688e+00 9.108974270e-01 -4.126328603e-01 0.000000000e+00 1.805291424e+00 0.000000000e+00 0.000000000e+00 1.000000000e+00 0.000000000e+00
-4.153019618e-01 -9.096836156e-01 0.000000000e+00 1.167762166e+00 9.096836156e-01 -4.153019618e-01 0.000000000e+00 1.808462244e+00 0.000000000e+00 0.000000000e+00 1.000000000e+00 0.000000000e+00
-4.181286774e-01 -9.083878077e-01 0.000000000e+00 1.165549966e+00 9.083878077e-01 -4.181286774e-01 0.000000000e+00 1.811565186e+00 0.000000000e+00 0.000000000e+00 1.000000000e+00 0.000000000e+00
-4.199193891e-01 -9.075614066e-01 0.000000000e+00 1.163491154e+00 9.075614066e-01 -4.199193891e-01 0.000000000e+00 1.814450048e+00 0.000000000e+00 0.000000000e+00 1.000000000e+00 0.000000000e+00
-4.226077020e-01 -9.063127110e-01 0.000000000e+00 1.161585993e+00 9.063127110e-01 -4.226077020e-01 0.000000000e+00 1.817120480e+00 0.000000000e+00 0.000000000e+00 1.000000000e+00 0.000000000e+00
-4.271395793e-01 -9.041856998e-01 0.000000000e+00 1.157165127e+00 9.041856998e-01 -4.271395793e-01 0.000000000e+00 1.823106919e+00 0.000000000e+00 0.000000000e+00 1.000000000e+00 0.000000000e+00
-4.297154153e-01 -9.029643747e-01 0.000000000e+00 1.154850932e+00 9.029643747e-01 -4.297154153e-01 0.000000000e+00 1.826138183e+00 0.000000000e+00 0.000000000e+00 1.000000000e+00 0.000000000e+00
-4.342382377e-01 -9.007980644e-01 0.000000000e+00 1.150523219e+00 9.007980644e-01 -4.342382377e-01 0.000000000e+00 1.831743816e+00 0.000000000e+00 0.000000000e+00 1.000000000e+00 0.000000000e+00
-4.369797420e-01 -8.994713476e-01 0.000000000e+00 1.148352817e+00 8.994713476e-01 -4.369797420e-01 0.000000000e+00 1.834589824e+00 0.000000000e+00 0.000000000e+00 1.000000000e+00 0.000000000e+00
-4.396309036e-01 -8.981785282e-01 0.000000000e+00 1.146099729e+00 8.981785282e-01 -4.396309036e-01 0.000000000e+00 1.837554394e+00 0.000000000e+00 0.000000000e+00 1.000000000e+00 0.000000000e+00
-4.415528187e-01 -8.972352581e-01 0.000000000e+00 1.143649764e+00 8.972352581e-01 -4.415528187e-01 0.000000000e+00 1.840525349e+00 0.000000000e+00 0.000000000e+00 1.000000000e+00 0.000000000e+00
-4.446352030e-01 -8.957117484e-01 0.000000000e+00 1.141627067e+00 8.957117484e-01 -4.446352030e-01 0.000000000e+00 1.843010188e+00 0.000000000e+00 0.000000000e+00 1.000000000e+00 0.000000000e+00
-4.480087830e-01 -8.940291552e-01 0.000000000e+00 1.139196978e+00 8.940291552e-01 -4.480087830e-01 0.000000000e+00 1.845983996e+00 0.000000000e+00 0.000000000e+00 1.000000000e+00 0.000000000e+00
-4.504283187e-01 -8.928125949e-01 0.000000000e+00 1.136940031e+00 8.928125949e-01 -4.504283187e-01 0.000000000e+00 1.848714283e+00 0.000000000e+00 0.000000000e+00 1.000000000e+00 0.000000000e+00
-4.538764785e-01 -8.910646117e-01 0.000000000e+00 1.134559409e+00 8.910646117e-01 -4.538764785e-01 0.000000000e+00 1.851629659e+00 0.000000000e+00 0.000000000e+00 1.000000000e+00 0.000000000e+00
-4.583703877e-01 -8.887612658e-01 0.000000000e+00 1.132180529e+00 8.887612658e-01 -4.583703877e-01 0.000000000e+00 1.854570887e+00 0.000000000e+00 0.000000000e+00 1.000000000e+00 0.000000000e+00
-4.617847553e-01 -8.869920179e-01 0.000000000e+00 1.129894681e+00 8.869920179e-01 -4.617847553e-01 0.000000000e+00 1.857314427e+00 0.000000000e+00 0.000000000e+00 1.000000000e+00 0.000000000e+00
-4.665333284e-01 -8.845036198e-01 0.000000000e+00 1.127541733e+00 8.845036198e-01 -4.665333284e-01 0.000000000e+00 1.860069133e+00 0.000000000e+00 0.000000000e+00 1.000000000e+00 0.000000000e+00
-4.721020762e-01 -8.815438898e-01 0.000000000e+00 1.124968823e+00 8.815438898e-01 -4.721020762e-01 0.000000000e+00 1.863079002e+00 0.000000000e+00 0.000000000e+00 1.000000000e+00 0.000000000e+00
-4.758365795e-01 -8.795337115e-01 0.000000000e+00 1.122265070e+00 8.795337115e-01 -4.758365795e-01 0.000000000e+00 1.866127821e+00 0.000000000e+00 0.000000000e+00 1.000000000e+00 0.000000000e+00
-4.808102586e-01 -8.768246662e-01 0.000000000e+00 1.119715738e+00 8.768246662e-01 -4.808102586e-01 0.000000000e+00 1.869123462e+00 0.000000000e+00 0.000000000e+00 1.000000000e+00 0.000000000e+00
-4.864802642e-01 -8.736915661e-01 0.000000000e+00 1.117108061e+00 8.736915661e-01 -4.864802642e-01 0.000000000e+00 1.872163503e+00 0.000000000e+00 0.000000000e+00 1.000000000e+00 0.000000000e+00
-4.903080713e-01 -8.715491927e-01 0.000000000e+00 1.114588557e+00 8.715491927e-01 -4.903080713e-01 0.000000000e+00 1.874948704e+00 0.000000000e+00 0.000000000e+00 1.000000000e+00 0.000000000e+00
-4.958148874e-01 -8.684282339e-01 0.000000000e+00 1.111904892e+00 8.684282339e-01 -4.958148874e-01 0.000000000e+00 1.877932202e+00 0.000000000e+00 0.000000000e+00 1.000000000e+00 0.000000000e+00
-5.010224087e-01 -8.654343106e-01 0.000000000e+00 1.109189522e+00 8.654343106e-01 -5.010224087e-01 0.000000000e+00 1.880910808e+00 0.000000000e+00 0.000000000e+00 1.000000000e+00 0.000000000e+00
-5.047109750e-01 -8.632883827e-01 0.000000000e+00 1.106642949e+00 8.632883827e-01 -5.047109750e-01 0.000000000e+00 1.883598852e+00 0.000000000e+00 0.000000000e+00 1.000000000e+00 0.000000000e+00
-5.100375693e-01 -8.601521249e-01 0.000000000e+00 1.104030943e+00 8.601521249e-01 -5.100375693e-01 0.000000000e+00 1.886441436e+00 0.000000000e+00 0.000000000e+00 1.000000000e+00 0.000000000e+00
-5.150256337e-01 -8.571747760e-01 0.000000000e+00 1.101399627e+00 8.571747760e-01 -5.150256337e-01 0.000000000e+00 1.889319085e+00 0.000000000e+00 0.000000000e+00 1.000000000e+00 0.000000000e+00
-5.178154952e-01 -8.554923220e-01 0.000000000e+00 1.098738844e+00 8.554923220e-01 -5.178154952e-01 0.000000000e+00 1.892001329e+00 0.000000000e+00 0.000000000e+00 1.000000000e+00 0.000000000e+00
-5.215830510e-01 -8.532005163e-01 0.000000000e+00 1.096094560e+00 8.532005163e-01 -5.215830510e-01 0.000000000e+00 1.894671656e+00 0.000000000e+00 0.000000000e+00 1.000000000e+00 0.000000000e+00
-5.249220850e-01 -8.511502833e-01 0.000000000e+00 1.093496532e+00 8.511502833e-01 -5.249220850e-01 0.000000000e+00 1.897268169e+00 0.000000000e+00 0.000000000e+00 1.000000000e+00 0.000000000e+00
-5.267381975e-01 -8.500275709e-01 0.000000000e+00 1.091090797e+00 8.500275709e-01 -5.267381975e-01 0.000000000e+00 1.899606749e+00 0.000000000e+00 0.000000000e+00 1.000000000e+00 0.000000000e+00
-5.292061286e-01 -8.484932960e-01 0.000000000e+00 1.088776543e+00 8.484932960e-01 -5.292061286e-01 0.000000000e+00 1.901874500e+00 0.000000000e+00 0.000000000e+00 1.000000000e+00 0.000000000e+00
-5.313591324e-01 -8.471466652e-01 0.000000000e+00 1.086109804e+00 8.471466652e-01 -5.313591324e-01 0.000000000e+00 1.904456590e+00 0.000000000e+00 0.000000000e+00 1.000000000e+00 0.000000000e+00
-5.325808710e-01 -8.463791206e-01 0.000000000e+00 1.083388776e+00 8.463791206e-01 -5.325808710e-01 0.000000000e+00 1.907018706e+00 0.000000000e+00 0.000000000e+00 1.000000000e+00 0.000000000e+00
-5.343548143e-01 -8.452602750e-01 0.000000000e+00 1.081010154e+00 8.452602750e-01 -5.343548143e-01 0.000000000e+00 1.909182410e+00 0.000000000e+00 0.000000000e+00 1.000000000e+00 0.000000000e+00
-5.360871215e-01 -8.441626610e-01 0.000000000e+00 1.078403060e+00 8.441626610e-01 -5.360871215e-01 0.000000000e+00 1.911535878e+00 0.000000000e+00 0.000000000e+00 1.000000000e+00 0.000000000e+00
-5.371990360e-01 -8.434555091e-01 0.000000000e+00 1.075479901e+00 8.434555091e-01 -5.371990360e-01 0.000000000e+00 1.914123202e+00 0.000000000e+00 0.000000000e+00 1.000000000e+00 0.000000000e+00
-5.386237434e-01 -8.425464160e-01 0.000000000e+00 1.072926598e+00 8.425464160e-01 -5.386237434e-01 0.000000000e+00 1.916402335e+00 0.000000000e+00 0.000000000e+00 1.000000000e+00 0.000000000e+00
-5.402672244e-01 -8.414935094e-01 0.000000000e+00 1.070296108e+00 8.414935094e-01 -5.402672244e-01 0.000000000e+00 1.918746805e+00 0.000000000e+00 0.000000000e+00 1.000000000e+00 0.000000000e+00
-5.414025433e-01 -8.407635138e-01 0.000000000e+00 1.067461207e+00 8.407635138e-01 -5.414025433e-01 0.000000000e+00 1.921216267e+00 0.000000000e+00 0.000000000e+00 1.000000000e+00 0.000000000e+00
-5.429692992e-01 -8.397525470e-01 0.000000000e+00 1.064975149e+00 8.397525470e-01 -5.429692992e-01 0.000000000e+00 1.923340053e+00 0.000000000e+00 0.000000000e+00 1.000000000e+00 0.000000000e+00
-5.445975468e-01 -8.386975092e-01 0.000000000e+00 1.061501060e+00 8.386975092e-01 -5.445975468e-01 0.000000000e+00 1.926230837e+00 0.000000000e+00 0.000000000e+00 1.000000000e+00 0.000000000e+00
-5.479307070e-01 -8.365237237e-01 0.000000000e+00 1.056361443e+00 8.365237237e-01 -5.479307070e-01 0.000000000e+00 1.930524331e+00 0.000000000e+00 0.000000000e+00 1.000000000e+00 0.000000000e+00
-5.506434444e-01 -8.347405568e-01 0.000000000e+00 1.050913608e+00 8.347405568e-01 -5.506434444e-01 0.000000000e+00 1.934992563e+00 0.000000000e+00 0.000000000e+00 1.000000000e+00 0.000000000e+00
-5.528268950e-01 -8.332961204e-01 0.000000000e+00 1.048822033e+00 8.332961204e-01 -5.528268950e-01 0.000000000e+00 1.936732782e+00 0.000000000e+00 0.000000000e+00 1.000000000e+00 0.000000000e+00
-5.542077817e-01 -8.323783603e-01 0.000000000e+00 1.046231240e+00 8.323783603e-01 -5.542077817e-01 0.000000000e+00 1.938719561e+00 0.000000000e+00 0.000000000e+00 1.000000000e+00 0.000000000e+00
-5.557564449e-01 -8.313451594e-01 0.000000000e+00 1.043537123e+00 8.313451594e-01 -5.557564449e-01 0.000000000e+00 1.940798027e+00 0.000000000e+00 0.000000000e+00 1.000000000e+00 0.000000000e+00
-5.579575653e-01 -8.298694809e-01 0.000000000e+00 1.040489953e+00 8.298694809e-01 -5.579575653e-01 0.000000000e+00 1.943195757e+00 0.000000000e+00 0.000000000e+00 1.000000000e+00 0.000000000e+00
-5.606654905e-01 -8.280423949e-01 0.000000000e+00 1.037563203e+00 8.280423949e-01 -5.606654905e-01 0.000000000e+00 1.945514390e+00 0.000000000e+00 0.000000000e+00 1.000000000e+00 0.000000000e+00
