1.000000000e+00 -3.244259196e-17 0.000000000e+00 2.220446049e-16 -5.732756027e-17 1.000000000e+00 0.000000000e+00 5.551115123e-17 0.000000000e+00 0.000000000e+00 1.000000000e+00 0.000000000e+00
1.000000000e+00 -3.244259196e-17 0.000000000e+00 1.419919860e-03 -5.732756027e-17 1.000000000e+00 0.000000000e+00 -3.130120700e-04 0.000000000e+00 0.000000000e+00 1.000000000e+00 0.000000000e+00
1.000000000e+00 -3.244259196e-17 0.000000000e+00 3.207892615e-03 -5.732756027e-17 1.000000000e+00 0.000000000e+00 -7.054353246e-04 0.000000000e+00 0.000000000e+00 1.000000000e+00 0.000000000e+00
1.000000000e+00 -3.244259196e-17 0.000000000e+00 5.252845190e-03 -5.732756027e-17 1.000000000e+00 0.000000000e+00 -1.153301664e-03 0.000000000e+00 0.000000000e+00 1.000000000e+00 0.000000000e+00
1.000000000e+00 -3.244259196e-17 0.000000000e+00 7.904679158e-03 -5.732756027e-17 1.000000000e+00 0.000000000e+00 -1.731180706e-03 0.000000000e+00 0.000000000e+00 1.000000000e+00 0.000000000e+00
1.000000000e+00 -3.244259196e-17 0.000000000e+00 1.074023583e-02 -5.732756027e-17 1.000000000e+00 0.000000000e+00 -2.348383713e-03 0.000000000e+00 0.000000000e+00 1.000000000e+00 0.000000000e+00
1.000000000e+00 -3.244259196e-17 0.000000000e+00 1.391128754e-02 -5.732756027e-17 1.000000000e+00 0.000000000e+00 -3.037403794e-03 0.000000000e+00 0.000000000e+00 1.000000000e+00 0.000000000e+00
1.000000000e+00 -3.244259196e-17 0.000000000e+00 1.712708188e-02 -5.732756027e-17 1.000000000e+00 0.000000000e+00 -3.729104411e-03 0.000000000e+00 0.000000000e+00 1.000000000e+00 0.000000000e+00
1.000000000e+00 -3.244259196e-17 0.000000000e+00 2.035811875e-02 -5.732756027e-17 1.000000000e+00 0.000000000e+00 -4.416690667e-03 0.000000000e+00 0.000000000e+00 1.000000000e+00 0.000000000e+00
1.000000000e+00 -3.244259196e-17 0.000000000e+00 2.363072707e-02 -5.732756027e-17 1.000000000e+00 0.000000000e+00 -5.005474720e-03 0.000000000e+00 0.000000000e+00 1.000000000e+00 0.000000000e+00
1.000000000e+00 -3.244259196e-17 0.000000000e+00 3.031905116e-02 -5.732756027e-17 1.000000000e+00 0.000000000e+00 -6.179150808e-03 0.000000000e+00 0.000000000e+00 1.000000000e+00 0.000000000e+00
1.000000000e+00 -2.929477199e-06 0.000000000e+00 3.338159497e-02 2.929477199e-06 1.000000000e+00 0.000000000e+00 -6.714339863e-03 0.000000000e+00 0.000000000e+00 1.000000000e+00 0.000000000e+00
1.000000000e+00 -3.244259196e-17 0.000000000e+00 3.631249367e-02 -5.732756027e-17 1.000000000e+00 0.000000000e+00 -7.227959127e-03 0.000000000e+00 0.000000000e+00 1.000000000e+00 0.000000000e+00
1.000000000e+00 -3.244259196e-17 0.000000000e+00 3.991803456e-02 -5.732756027e-17 1.000000000e+00 0.000000000e+00 -7.854161115e-03 0.000000000e+00 0.000000000e+00 1.000000000e+00 0.000000000e+00
1.000000000e+00 -3.244259196e-17 0.000000000e+00 4.328106757e-02 -5.732756027e-17 1.000000000e+00 0.000000000e+00 -8.382680368e-03 0.000000000e+00 0.000000000e+00 1.000000000e+00 0.000000000e+00
1.000000000e+00 -3.244259196e-17 0.000000000e+00 4.643270110e-02 -5.732756027e-17 1.000000000e+00 0.000000000e+00 -8.803884780e-03 0.000000000e+00 0.000000000e+00 1.000000000e+00 0.000000000e+00
1.000000000e+00 -3.244259196e-17 0.000000000e+00 4.966819120e-02 -5.732756027e-17 1.000000000e+00 0.000000000e+00 -9.233494682e-03 0.000000000e+00 0.000000000e+00 1.000000000e+00 0.000000000e+00
9.999999701e-01 -2.444781856e-04 0.000000000e+00 5.335370882e-02 2.444781856e-04 9.999999701e-01 0.000000000e+00 -9.718887000e-03 0.000000000e+00 0.000000000e+00 1.000000000e+00 0.000000000e+00
9.999990252e-01 -1.396294906e-03 0.000000000e+00 5.712540494e-02 1.396294906e-03 9.999990252e-01 0.000000000e+00 -1.020645676e-02 0.000000000e+00 0.000000000e+00 1.000000000e+00 0.000000000e+00
9.999900697e-01 -4.456519017e-03 0.000000000e+00 6.022863680e-02 4.456519017e-03 9.999900697e-01 0.000000000e+00 -1.057585369e-02 0.000000000e+00 0.000000000e+00 1.000000000e+00 0.000000000e+00
9.999780256e-01 -6.629358342e-03 0.000000000e+00 6.373667744e-02 6.629358342e-03 9.999780256e-01 0.000000000e+00 -1.100103968e-02 0.000000000e+00 0.000000000e+00 1.000000000e+00 0.000000000e+00
9.999514658e-01 -9.852205060e-03 0.000000000e+00 6.778950231e-02 9.852205060e-03 9.999514658e-01 0.000000000e+00 -1.135803198e-02 0.000000000e+00 0.000000000e+00 1.000000000e+00 0.000000000e+00
9.999143659e-01 -1.308666635e-02 0.000000000e+00 7.082840619e-02 1.308666635e-02 9.999143659e-01 0.000000000e+00 -1.161229928e-02 0.000000000e+00 0.000000000e+00 1.000000000e+00 0.000000000e+00
9.998833909e-01 -1.527103735e-02 0.000000000e+00 7.403079317e-02 1.527103735e-02 9.998833909e-01 0.000000000e+00 -1.189637958e-02 0.000000000e+00 0.000000000e+00 1.000000000e+00 0.000000000e+00
9.998298899e-01 -1.844427410e-02 0.000000000e+00 7.813458616e-02 1.844427410e-02 9.998298899e-01 0.000000000e+00 -1.224416492e-02 0.000000000e+00 0.000000000e+00 1.000000000e+00 0.000000000e+00
9.997642412e-01 -2.171317638e-02 0.000000000e+00 8.154561337e-02 2.171317638e-02 9.997642412e-01 0.000000000e+00 -1.251748075e-02 0.000000000e+00 0.000000000e+00 1.000000000e+00 0.000000000e+00
9.997315374e-01 -2.317009099e-02 0.000000000e+00 8.493078190e-02 2.317009099e-02 9.997315374e-01 0.000000000e+00 -1.276327072e-02 0.000000000e+00 0.000000000e+00 1.000000000e+00 0.000000000e+00
9.996354379e-01 -2.699984035e-02 0.000000000e+00 8.908473365e-02 2.699984035e-02 9.996354379e-01 0.000000000e+00 -1.300639728e-02 0.000000000e+00 0.000000000e+00 1.000000000e+00 0.000000000e+00
9.994665810e-01 -3.265812902e-02 0.000000000e+00 9.251432501e-02 3.265812902e-02 9.994665810e-01 0.000000000e+00 -1.314648709e-02 0.000000000e+00 0.000000000e+00 1.000000000e+00 0.000000000e+00
9.993286046e-01 -3.663796014e-02 0.000000000e+00 9.616490235e-02 3.663796014e-02 9.993286046e-01 0.000000000e+00 -1.331598904e-02 0.000000000e+00 0.000000000e+00 1.000000000e+00 0.000000000e+00
9.990779336e-01 -4.293346767e-02 0.000000000e+00 1.004376126e-01 4.293346767e-02 9.990779336e-01 0.000000000e+00 -1.350161604e-02 0.000000000e+00 0.000000000e+00 1.000000000e+00 0.000000000e+00
9.987789875e-01 -4.940176170e-02 0.000000000e+00 1.037038112e-01 4.940176170e-02 9.987789875e-01 0.000000000e+00 -1.361854540e-02 0.000000000e+00 0.000000000e+00 1.000000000e+00 0.000000000e+00
9.986001512e-01 -5.289364758e-02 0.000000000e+00 1.072757758e-01 5.289364758e-02 9.986001512e-01 0.000000000e+00 -1.373827630e-02 0.000000000e+00 0.000000000e+00 1.000000000e+00 0.000000000e+00
9.983784477e-01 -5.692517195e-02 0.000000000e+00 1.114690692e-01 5.692517195e-02 9.983784477e-01 0.000000000e+00 -1.382351579e-02 0.000000000e+00 0.000000000e+00 1.000000000e+00 0.000000000e+00
9.982058566e-01 -5.987543674e-02 0.000000000e+00 1.145264519e-01 5.987543674e-02 9.982058566e-01 0.000000000e+00 -1.384572409e-02 0.000000000e+00 0.000000000e+00 1.000000000e+00 0.000000000e+00
9.981157442e-01 -6.135927942e-02 0.000000000e+00 1.179950292e-01 6.135927942e-02 9.981157442e-01 0.000000000e+00 -1.387954681e-02 0.000000000e+00 0.000000000e+00 1.000000000e+00 0.000000000e+00
9.979476016e-01 -6.403580558e-02 0.000000000e+00 1.223251550e-01 6.403580558e-02 9.979476016e-01 0.000000000e+00 -1.393124112e-02 0.000000000e+00 0.000000000e+00 1.000000000e+00 0.000000000e+00
9.977579513e-01 -6.692585855e-02 0.000000000e+00 1.255177045e-01 6.692585855e-02 9.977579513e-01 0.000000000e+00 -1.395465919e-02 0.000000000e+00 0.000000000e+00 1.000000000e+00 0.000000000e+00
9.975840910e-01 -6.946928442e-02 0.000000000e+00 1.282592619e-01 6.946928442e-02 9.975840910e-01 0.000000000e+00 -1.397007431e-02 0.000000000e+00 0.000000000e+00 1.000000000e+00 0.000000000e+00
9.974432691e-01 -7.146275242e-02 0.000000000e+00 1.324079126e-01 7.146275242e-02 9.974432691e-01 0.000000000e+00 -1.391428226e-02 0.000000000e+00 0.000000000e+00 1.000000000e+00 0.000000000e+00
9.972318394e-01 -7.435494969e-02 0.000000000e+00 1.356764499e-01 7.435494969e-02 9.972318394e-01 0.000000000e+00 -1.382715258e-02 0.000000000e+00 0.000000000e+00 1.000000000e+00 0.000000000e+00
9.971208696e-01 -7.582856529e-02 0.000000000e+00 1.390963953e-01 7.582856529e-02 9.971208696e-01 0.000000000e+00 -1.370961378e-02 0.000000000e+00 0.000000000e+00 1.000000000e+00 0.000000000e+00
9.969255400e-01 -7.835475571e-02 0.000000000e+00 1.431458960e-01 7.835475571e-02 9.969255400e-01 0.000000000e+00 -1.359198195e-02 0.000000000e+00 0.000000000e+00 1.000000000e+00 0.000000000e+00
9.967428453e-01 -8.064552326e-02 0.000000000e+00 1.462239875e-01 8.064552326e-02 9.967428453e-01 0.000000000e+00 -1.351113594e-02 0.000000000e+00 0.000000000e+00 1.000000000e+00 0.000000000e+00
9.966704348e-01 -8.153554040e-02 0.000000000e+00 1.495978392e-01 8.153554040e-02 9.966704348e-01 0.000000000e+00 -1.341117907e-02 0.000000000e+00 0.000000000e+00 1.000000000e+00 0.000000000e+00
9.965008950e-01 -8.358209308e-02 0.000000000e+00 1.537058998e-01 8.358209308e-02 9.965008950e-01 0.000000000e+00 -1.321282780e-02 0.000000000e+00 0.000000000e+00 1.000000000e+00 0.000000000e+00
9.963333529e-01 -8.555612114e-02 0.000000000e+00 1.565947907e-01 8.555612114e-02 9.963333529e-01 0.000000000e+00 -1.300117049e-02 0.000000000e+00 0.000000000e+00 1.000000000e+00 0.000000000e+00
9.962318838e-01 -8.672965866e-02 0.000000000e+00 1.599976145e-01 8.672965866e-02 9.962318838e-01 0.000000000e+00 -1.276498506e-02 0.000000000e+00 0.000000000e+00 1.000000000e+00 0.000000000e+00
9.960575868e-01 -8.870898345e-02 0.000000000e+00 1.639239451e-01 8.870898345e-02 9.960575868e-01 0.000000000e+00 -1.249869937e-02 0.000000000e+00 0.000000000e+00 1.000000000e+00 0.000000000e+00
9.958809753e-01 -9.067018834e-02 0.000000000e+00 1.671188273e-01 9.067018834e-02 9.958809753e-01 0.000000000e+00 -1.228110726e-02 0.000000000e+00 0.000000000e+00 1.000000000e+00 0.000000000e+00
9.957386546e-01 -9.222001859e-02 0.000000000e+00 1.703293146e-01 9.222001859e-02 9.957386546e-01 0.000000000e+00 -1.205496840e-02 0.000000000e+00 0.000000000e+00 1.000000000e+00 0.000000000e+00
9.955931228e-01 -9.377811003e-02 0.000000000e+00 1.742098475e-01 9.377811003e-02 9.955931228e-01 0.000000000e+00 -1.176797891e-02 0.000000000e+00 0.000000000e+00 1.000000000e+00 0.000000000e+00
9.953450323e-01 -9.637565391e-02 0.000000000e+00 1.773735519e-01 9.637565391e-02 9.953450323e-01 0.000000000e+00 -1.143744934e-02 0.000000000e+00 0.000000000e+00 1.000000000e+00 0.000000000e+00
9.952288188e-01 -9.756842829e-02 0.000000000e+00 1.806965247e-01 9.756842829e-02 9.952288188e-01 0.000000000e+00 -1.106786934e-02 0.000000000e+00 0.000000000e+00 1.000000000e+00 0.000000000e+00
9.949036077e-01 -1.008306078e-01 0.000000000e+00 1.844004498e-01 1.008306078e-01 9.949036077e-01 0.000000000e+00 -1.067701923e-02 0.000000000e+00 0.000000000e+00 1.000000000e+00 0.000000000e+00
9.945443651e-01 -1.043144562e-01 0.000000000e+00 1.874381026e-01 1.043144562e-01 9.945443651e-01 0.000000000e+00 -1.035607333e-02 0.000000000e+00 0.000000000e+00 1.000000000e+00 0.000000000e+00
9.942911705e-01 -1.067008357e-01 0.000000000e+00 1.912932104e-01 1.067008357e-01 9.942911705e-01 0.000000000e+00 -9.948217737e-03 0.000000000e+00 0.000000000e+00 1.000000000e+00 0.000000000e+00
9.938293776e-01 -1.109196473e-01 0.000000000e+00 1.955154541e-01 1.109196473e-01 9.938293776e-01 0.000000000e+00 -9.447757141e-03 0.000000000e+00 0.000000000e+00 1.000000000e+00 0.000000000e+00
9.933148060e-01 -1.154369789e-01 0.000000000e+00 1.988026097e-01 1.154369789e-01 9.933148060e-01 0.000000000e+00 -9.032279872e-03 0.000000000e+00 0.000000000e+00 1.000000000e+00 0.000000000e+00
9.929919961e-01 -1.181816219e-01 0.000000000e+00 2.022893859e-01 1.181816219e-01 9.929919961e-01 0.000000000e+00 -8.512004449e-03 0.000000000e+00 0.000000000e+00 1.000000000e+00 0.000000000e+00
9.924594070e-01 -1.225737548e-01 0.000000000e+00 2.063595377e-01 1.225737548e-01 9.924594070e-01 0.000000000e+00 -7.921276002e-03 0.000000000e+00 0.000000000e+00 1.000000000e+00 0.000000000e+00
9.918955525e-01 -1.270559442e-01 0.000000000e+00 2.096034858e-01 1.270559442e-01 9.918955525e-01 0.000000000e+00 -7.458830957e-03 0.000000000e+00 0.000000000e+00 1.000000000e+00 0.000000000e+00
9.915342421e-01 -1.298454722e-01 0.000000000e+00 2.131864516e-01 1.298454722e-01 9.915342421e-01 0.000000000e+00 -6.962937690e-03 0.000000000e+00 0.000000000e+00 1.000000000e+00 0.000000000e+00
9.909328602e-01 -1.343579791e-01 0.000000000e+00 2.175030949e-01 1.343579791e-01 9.909328602e-01 0.000000000e+00 -6.300364137e-03 0.000000000e+00 0.000000000e+00 1.000000000e+00 0.000000000e+00
9.903181891e-01 -1.388160092e-01 0.000000000e+00 2.206051513e-01 1.388160092e-01 9.903181891e-01 0.000000000e+00 -5.740467287e-03 0.000000000e+00 0.000000000e+00 1.000000000e+00 0.000000000e+00
9.899382063e-01 -1.415003454e-01 0.000000000e+00 2.240249118e-01 1.415003454e-01 9.899382063e-01 0.000000000e+00 -5.134798758e-03 0.000000000e+00 0.000000000e+00 1.000000000e+00 0.000000000e+00
9.893024782e-01 -1.458787392e-01 0.000000000e+00 2.279582843e-01 1.458787392e-01 9.893024782e-01 0.000000000e+00 -4.451378849e-03 0.000000000e+00 0.000000000e+00 1.000000000e+00 0.000000000e+00
9.886298918e-01 -1.503693355e-01 0.000000000e+00 2.311440842e-01 1.503693355e-01 9.886298918e-01 0.000000000e+00 -3.860024232e-03 0.000000000e+00 0.000000000e+00 1.000000000e+00 0.000000000e+00
9.882221389e-01 -1.530261555e-01 0.000000000e+00 2.346302151e-01 1.530261555e-01 9.882221389e-01 0.000000000e+00 -3.213136012e-03 0.000000000e+00 0.000000000e+00 1.000000000e+00 0.000000000e+00
9.875116137e-01 -1.575462244e-01 0.000000000e+00 2.437857604e-01 1.575462244e-01 9.875116137e-01 0.000000000e+00 -1.345610746e-03 0.000000000e+00 0.000000000e+00 1.000000000e+00 0.000000000e+00
9.857988956e-01 -1.679301564e-01 0.000000000e+00 2.476652635e-01 1.679301564e-01 9.857988956e-01 0.000000000e+00 -5.470067431e-04 0.000000000e+00 0.000000000e+00 1.000000000e+00 0.000000000e+00
9.851972189e-01 -1.714247352e-01 0.000000000e+00 2.511804472e-01 1.714247352e-01 9.851972189e-01 0.000000000e+00 1.922996807e-04 0.000000000e+00 0.000000000e+00 1.000000000e+00 0.000000000e+00
9.847283396e-01 -1.740979529e-01 0.000000000e+00 2.546639526e-01 1.740979529e-01 9.847283396e-01 0.000000000e+00 9.780897128e-04 0.000000000e+00 0.000000000e+00 1.000000000e+00 0.000000000e+00
9.842053781e-01 -1.770304314e-01 0.000000000e+00 2.581559981e-01 1.770304314e-01 9.842053781e-01 0.000000000e+00 1.777739709e-03 0.000000000e+00 0.000000000e+00 1.000000000e+00 0.000000000e+00
9.836789554e-01 -1.799325227e-01 0.000000000e+00 2.615691877e-01 1.799325227e-01 9.836789554e-01 0.000000000e+00 2.578578633e-03 0.000000000e+00 0.000000000e+00 1.000000000e+00 0.000000000e+00
9.833411845e-01 -1.817694002e-01 0.000000000e+00 2.649612932e-01 1.817694002e-01 9.833411845e-01 0.000000000e+00 3.430012209e-03 0.000000000e+00 0.000000000e+00 1.000000000e+00 0.000000000e+00
9.827980832e-01 -1.846833174e-01 0.000000000e+00 2.684192565e-01 1.846833174e-01 9.827980832e-01 0.000000000e+00 4.305465847e-03 0.000000000e+00 0.000000000e+00 1.000000000e+00 0.000000000e+00
9.822894364e-01 -1.873698565e-01 0.000000000e+00 2.718761360e-01 1.873698565e-01 9.822894364e-01 0.000000000e+00 5.158474576e-03 0.000000000e+00 0.000000000e+00 1.000000000e+00 0.000000000e+00
9.819669405e-01 -1.890527118e-01 0.000000000e+00 2.754519201e-01 1.890527118e-01 9.819669405e-01 0.000000000e+00 6.060895698e-03 0.000000000e+00 0.000000000e+00 1.000000000e+00 0.000000000e+00
9.813933092e-01 -1.920082620e-01 0.000000000e+00 2.787838848e-01 1.920082620e-01 9.813933092e-01 0.000000000e+00 6.908049352e-03 0.000000000e+00 0.000000000e+00 1.000000000e+00 0.000000000e+00
9.809093594e-01 -1.944654947e-01 0.000000000e+00 2.821559373e-01 1.944654947e-01 9.809093594e-01 0.000000000e+00 7.844185112e-03 0.000000000e+00 0.000000000e+00 1.000000000e+00 0.000000000e+00
9.805308038e-01 -1.963653299e-01 0.000000000e+00 2.855139156e-01 1.963653299e-01 9.805308038e-01 0.000000000e+00 8.800667530e-03 0.000000000e+00 0.000000000e+00 1.000000000e+00 0.000000000e+00
9.799438143e-01 -1.992739844e-01 0.000000000e+00 2.889113869e-01 1.992739844e-01 9.799438143e-01 0.000000000e+00 9.786095151e-03 0.000000000e+00 0.000000000e+00 1.000000000e+00 0.000000000e+00
9.793423810e-01 -2.022090524e-01 0.000000000e+00 2.923660217e-01 2.022090524e-01 9.793423810e-01 0.000000000e+00 1.078953354e-02 0.000000000e+00 0.000000000e+00 1.000000000e+00 0.000000000e+00
9.789482297e-01 -2.041087054e-01 0.000000000e+00 2.958185622e-01 2.041087054e-01 9.789482297e-01 0.000000000e+00 1.180084547e-02 0.000000000e+00 0.000000000e+00 1.000000000e+00 0.000000000e+00
9.783352931e-01 -2.070266994e-01 0.000000000e+00 2.992052018e-01 2.070266994e-01 9.783352931e-01 0.000000000e+00 1.279081672e-02 0.000000000e+00 0.000000000e+00 1.000000000e+00 0.000000000e+00
9.777271314e-01 -2.098801006e-01 0.000000000e+00 3.025724521e-01 2.098801006e-01 9.777271314e-01 0.000000000e+00 1.380692633e-02 0.000000000e+00 0.000000000e+00 1.000000000e+00 0.000000000e+00
9.773519277e-01 -2.116204373e-01 0.000000000e+00 3.059792491e-01 2.116204373e-01 9.773519277e-01 0.000000000e+00 1.492630112e-02 0.000000000e+00 0.000000000e+00 1.000000000e+00 0.000000000e+00
9.767128868e-01 -2.145505458e-01 0.000000000e+00 3.093017104e-01 2.145505458e-01 9.767128868e-01 0.000000000e+00 1.602777223e-02 0.000000000e+00 0.000000000e+00 1.000000000e+00 0.000000000e+00
9.760688261e-01 -2.174618283e-01 0.000000000e+00 3.125131268e-01 2.174618283e-01 9.760688261e-01 0.000000000e+00 1.710477022e-02 0.000000000e+00 0.000000000e+00 1.000000000e+00 0.000000000e+00
9.756118379e-01 -2.195029422e-01 0.000000000e+00 3.158745307e-01 2.195029422e-01 9.756118379e-01 0.000000000e+00 1.821085355e-02 0.000000000e+00 0.000000000e+00 1.000000000e+00 0.000000000e+00
9.749414049e-01 -2.224618100e-01 0.000000000e+00 3.193065753e-01 2.224618100e-01 9.749414049e-01 0.000000000e+00 1.933347747e-02 0.000000000e+00 0.000000000e+00 1.000000000e+00 0.000000000e+00
9.743065834e-01 -2.252258458e-01 0.000000000e+00 3.226667378e-01 2.252258458e-01 9.743065834e-01 0.000000000e+00 2.043632348e-02 0.000000000e+00 0.000000000e+00 1.000000000e+00 0.000000000e+00
9.738452814e-01 -2.272121650e-01 0.000000000e+00 3.259435208e-01 2.272121650e-01 9.738452814e-01 0.000000000e+00 2.162146808e-02 0.000000000e+00 0.000000000e+00 1.000000000e+00 0.000000000e+00
9.731300096e-01 -2.302563449e-01 0.000000000e+00 3.292839472e-01 2.302563449e-01 9.731300096e-01 0.000000000e+00 2.285930595e-02 0.000000000e+00 0.000000000e+00 1.000000000e+00 0.000000000e+00
9.724337329e-01 -2.331794055e-01 0.000000000e+00 3.326498249e-01 2.331794055e-01 9.724337329e-01 0.000000000e+00 2.407954026e-02 0.000000000e+00 0.000000000e+00 1.000000000e+00 0.000000000e+00
9.719342922e-01 -2.352524847e-01 0.000000000e+00 3.361246427e-01 2.352524847e-01 9.719342922e-01 0.000000000e+00 2.533579100e-02 0.000000000e+00 0.000000000e+00 1.000000000e+00 0.000000000e+00
9.711939506e-01 -2.382903909e-01 0.000000000e+00 3.394465093e-01 2.382903909e-01 9.711939506e-01 0.000000000e+00 2.651084815e-02 0.000000000e+00 0.000000000e+00 1.000000000e+00 0.000000000e+00
9.705240109e-01 -2.410044485e-01 0.000000000e+00 3.425106242e-01 2.410044485e-01 9.705240109e-01 0.000000000e+00 2.766191723e-02 0.000000000e+00 0.000000000e+00 1.000000000e+00 0.000000000e+00
9.700341003e-01 -2.429688131e-01 0.000000000e+00 3.455789114e-01 2.429688131e-01 9.700341003e-01 0.000000000e+00 2.884340731e-02 0.000000000e+00 0.000000000e+00 1.000000000e+00 0.000000000e+00
9.691678800e-01 -2.464013400e-01 0.000000000e+00 3.492533691e-01 2.464013400e-01 9.691678800e-01 0.000000000e+00 3.030321079e-02 0.000000000e+00 0.000000000e+00 1.000000000e+00 0.000000000e+00
9.683657828e-01 -2.495349890e-01 0.000000000e+00 3.527084755e-01 2.495349890e-01 9.683657828e-01 0.000000000e+00 3.169518871e-02 0.000000000e+00 0.000000000e+00 1.000000000e+00 0.000000000e+00
9.677927345e-01 -2.517483327e-01 0.000000000e+00 3.559736619e-01 2.517483327e-01 9.677927345e-01 0.000000000e+00 3.303777560e-02 0.000000000e+00 0.000000000e+00 1.000000000e+00 0.000000000e+00
9.669013595e-01 -2.551504672e-01 0.000000000e+00 3.592955014e-01 2.551504672e-01 9.669013595e-01 0.000000000e+00 3.436109043e-02 0.000000000e+00 0.000000000e+00 1.000000000e+00 0.000000000e+00
9.660627191e-01 -2.583076125e-01 0.000000000e+00 3.626153291e-01 2.583076125e-01 9.660627191e-01 0.000000000e+00 3.570415787e-02 0.000000000e+00 0.000000000e+00 1.000000000e+00 0.000000000e+00
9.654476231e-01 -2.605971738e-01 0.000000000e+00 3.659559500e-01 2.605971738e-01 9.654476231e-01 0.000000000e+00 3.713728315e-02 0.000000000e+00 0.000000000e+00 1.000000000e+00 0.000000000e+00
9.644813986e-01 -2.641507746e-01 0.000000000e+00 3.693014231e-01 2.641507746e-01 9.644813986e-01 0.000000000e+00 3.857189430e-02 0.000000000e+00 0.000000000e+00 1.000000000e+00 0.000000000e+00
9.635697917e-01 -2.674570182e-01 0.000000000e+00 3.725079000e-01 2.674570182e-01 9.635697917e-01 0.000000000e+00 3.995990684e-02 0.000000000e+00 0.000000000e+00 1.000000000e+00 0.000000000e+00
9.629471622e-01 -2.696901238e-01 0.000000000e+00 3.762820632e-01 2.696901238e-01 9.629471622e-01 0.000000000e+00 4.161692619e-02 0.000000000e+00 0.000000000e+00 1.000000000e+00 0.000000000e+00
9.617325101e-01 -2.739901075e-01 0.000000000e+00 3.790589587e-01 2.739901075e-01 9.617325101e-01 0.000000000e+00 4.279218181e-02 0.000000000e+00 0.000000000e+00 1.000000000e+00 0.000000000e+00
9.611485688e-01 -2.760315718e-01 0.000000000e+00 3.822759990e-01 2.760315718e-01 9.611485688e-01 0.000000000e+00 4.417607412e-02 0.000000000e+00 0.000000000e+00 1.000000000e+00 0.000000000e+00
9.604809422e-01 -2.783457557e-01 0.000000000e+00 3.860117215e-01 2.783457557e-01 9.604809422e-01 0.000000000e+00 4.589455618e-02 0.000000000e+00 0.000000000e+00 1.000000000e+00 0.000000000e+00
9.594207087e-01 -2.819785518e-01 0.000000000e+00 3.891137205e-01 2.819785518e-01 9.594207087e-01 0.000000000e+00 4.733469557e-02 0.000000000e+00 0.000000000e+00 1.000000000e+00 0.000000000e+00
9.583525156e-01 -2.855879125e-01 0.000000000e+00 3.921106086e-01 2.855879125e-01 9.583525156e-01 0.000000000e+00 4.873207811e-02 0.000000000e+00 0.000000000e+00 1.000000000e+00 0.000000000e+00
9.577187514e-01 -2.877060883e-01 0.000000000e+00 3.953672611e-01 2.877060883e-01 9.577187514e-01 0.000000000e+00 5.027829259e-02 0.000000000e+00 0.000000000e+00 1.000000000e+00 0.000000000e+00
9.566400270e-01 -2.912728252e-01 0.000000000e+00 3.986807439e-01 2.912728252e-01 9.566400270e-01 0.000000000e+00 5.183075507e-02 0.000000000e+00 0.000000000e+00 1.000000000e+00 0.000000000e+00
9.555806777e-01 -2.947296532e-01 0.000000000e+00 4.018790975e-01 2.947296532e-01 9.555806777e-01 0.000000000e+00 5.334513318e-02 0.000000000e+00 0.000000000e+00 1.000000000e+00 0.000000000e+00
9.548628107e-01 -2.970471557e-01 0.000000000e+00 4.049683129e-01 2.970471557e-01 9.548628107e-01 0.000000000e+00 5.484104016e-02 0.000000000e+00 0.000000000e+00 1.000000000e+00 0.000000000e+00
9.537414529e-01 -3.006280775e-01 0.000000000e+00 4.081519101e-01 3.006280775e-01 9.537414529e-01 0.000000000e+00 5.647637772e-02 0.000000000e+00 0.000000000e+00 1.000000000e+00 0.000000000e+00
9.526137140e-01 -3.041826948e-01 0.000000000e+00 4.113684098e-01 3.041826948e-01 9.526137140e-01 0.000000000e+00 5.809915237e-02 0.000000000e+00 0.000000000e+00 1.000000000e+00 0.000000000e+00
9.518283446e-01 -3.066313786e-01 0.000000000e+00 4.145798563e-01 3.066313786e-01 9.518283446e-01 0.000000000e+00 5.970204297e-02 0.000000000e+00 0.000000000e+00 1.000000000e+00 0.000000000e+00
9.506800488e-01 -3.101732497e-01 0.000000000e+00 4.178112131e-01 3.101732497e-01 9.506800488e-01 0.000000000e+00 6.132552741e-02 0.000000000e+00 0.000000000e+00 1.000000000e+00 0.000000000e+00
9.495322739e-01 -3.136693495e-01 0.000000000e+00 4.210002148e-01 3.136693495e-01 9.495322739e-01 0.000000000e+00 6.294745311e-02 0.000000000e+00 0.000000000e+00 1.000000000e+00 0.000000000e+00
9.487924540e-01 -3.159001096e-01 0.000000000e+00 4.241412289e-01 3.159001096e-01 9.487924540e-01 0.000000000e+00 6.462446374e-02 0.000000000e+00 0.000000000e+00 1.000000000e+00 0.000000000e+00
9.475975878e-01 -3.194664482e-01 0.000000000e+00 4.273605794e-01 3.194664482e-01 9.475975878e-01 0.000000000e+00 6.634276540e-02 0.000000000e+00 0.000000000e+00 1.000000000e+00 0.000000000e+00
9.464164979e-01 -3.229486221e-01 0.000000000e+00 4.305619494e-01 3.229486221e-01 9.464164979e-01 0.000000000e+00 6.807190859e-02 0.000000000e+00 0.000000000e+00 1.000000000e+00 0.000000000e+00
9.456472572e-01 -3.251941959e-01 0.000000000e+00 4.337380417e-01 3.251941959e-01 9.456472572e-01 0.000000000e+00 6.977838613e-02 0.000000000e+00 0.000000000e+00 1.000000000e+00 0.000000000e+00
9.444156180e-01 -3.287539209e-01 0.000000000e+00 4.369493441e-01 3.287539209e-01 9.444156180e-01 0.000000000e+00 7.148811281e-02 0.000000000e+00 0.000000000e+00 1.000000000e+00 0.000000000e+00
9.432023458e-01 -3.322188057e-01 0.000000000e+00 4.400265740e-01 3.322188057e-01 9.432023458e-01 0.000000000e+00 7.315127734e-02 0.000000000e+00 0.000000000e+00 1.000000000e+00 0.000000000e+00
9.423877708e-01 -3.345224797e-01 0.000000000e+00 4.431077647e-01 3.345224797e-01 9.423877708e-01 0.000000000e+00 7.486956097e-02 0.000000000e+00 0.000000000e+00 1.000000000e+00 0.000000000e+00
9.411238983e-01 -3.380618405e-01 0.000000000e+00 4.462731520e-01 3.380618405e-01 9.411238983e-01 0.000000000e+00 7.663510012e-02 0.000000000e+00 0.000000000e+00 1.000000000e+00 0.000000000e+00
9.399093064e-01 -3.414242168e-01 0.000000000e+00 4.494821097e-01 3.414242168e-01 9.399093064e-01 0.000000000e+00 7.852121598e-02 0.000000000e+00 0.000000000e+00 1.000000000e+00 0.000000000e+00
9.391172770e-01 -3.435967697e-01 0.000000000e+00 4.525922444e-01 3.435967697e-01 9.391172770e-01 0.000000000e+00 8.034958400e-02 0.000000000e+00 0.000000000e+00 1.000000000e+00 0.000000000e+00
9.378374420e-01 -3.470748223e-01 0.000000000e+00 4.556625824e-01 3.470748223e-01 9.378374420e-01 0.000000000e+00 8.208362508e-02 0.000000000e+00 0.000000000e+00 1.000000000e+00 0.000000000e+00
9.367557288e-01 -3.499838633e-01 0.000000000e+00 4.586959203e-01 3.499838633e-01 9.367557288e-01 0.000000000e+00 8.383150258e-02 0.000000000e+00 0.000000000e+00 1.000000000e+00 0.000000000e+00
9.360667130e-01 -3.518225529e-01 0.000000000e+00 4.616949939e-01 3.518225529e-01 9.360667130e-01 0.000000000e+00 8.559538315e-02 0.000000000e+00 0.000000000e+00 1.000000000e+00 0.000000000e+00
9.350393124e-01 -3.545440513e-01 0.000000000e+00 4.647038681e-01 3.545440513e-01 9.350393124e-01 0.000000000e+00 8.744481567e-02 0.000000000e+00 0.000000000e+00 1.000000000e+00 0.000000000e+00
9.340071391e-01 -3.572543410e-01 0.000000000e+00 4.677113743e-01 3.572543410e-01 9.340071391e-01 0.000000000e+00 8.929603565e-02 0.000000000e+00 0.000000000e+00 1.000000000e+00 0.000000000e+00
9.322554262e-01 -3.618008019e-01 0.000000000e+00 4.738372274e-01 3.618008019e-01 9.322554262e-01 0.000000000e+00 9.306621196e-02 0.000000000e+00 0.000000000e+00 1.000000000e+00 0.000000000e+00
9.312616151e-01 -3.643512101e-01 0.000000000e+00 4.769246027e-01 3.643512101e-01 9.312616151e-01 0.000000000e+00 9.494534925e-02 0.000000000e+00 0.000000000e+00 1.000000000e+00 0.000000000e+00
9.294806621e-01 -3.688708430e-01 0.000000000e+00 4.827132553e-01 3.688708430e-01 9.294806621e-01 0.000000000e+00 9.857055218e-02 0.000000000e+00 0.000000000e+00 1.000000000e+00 0.000000000e+00
9.284609808e-01 -3.714299491e-01 0.000000000e+00 4.857547880e-01 3.714299491e-01 9.284609808e-01 0.000000000e+00 1.005297319e-01 0.000000000e+00 0.000000000e+00 1.000000000e+00 0.000000000e+00
9.277863210e-01 -3.731119706e-01 0.000000000e+00 4.885798428e-01 3.731119706e-01 9.277863210e-01 0.000000000e+00 1.024185550e-01 0.000000000e+00 0.000000000e+00 1.000000000e+00 0.000000000e+00
9.268085780e-01 -3.755340992e-01 0.000000000e+00 4.911396418e-01 3.755340992e-01 9.268085780e-01 0.000000000e+00 1.041194036e-01 0.000000000e+00 0.000000000e+00 1.000000000e+00 0.000000000e+00
9.258782523e-01 -3.778219978e-01 0.000000000e+00 4.943957167e-01 3.778219978e-01 9.258782523e-01 0.000000000e+00 1.062218005e-01 0.000000000e+00 0.000000000e+00 1.000000000e+00 0.000000000e+00
9.252605207e-01 -3.793322671e-01 0.000000000e+00 4.974862582e-01 3.793322671e-01 9.252605207e-01 0.000000000e+00 1.082511505e-01 0.000000000e+00 0.000000000e+00 1.000000000e+00 0.000000000e+00
9.242675554e-01 -3.817453156e-01 0.000000000e+00 5.003577601e-01 3.817453156e-01 9.242675554e-01 0.000000000e+00 1.101322999e-01 0.000000000e+00 0.000000000e+00 1.000000000e+00 0.000000000e+00
9.233029753e-01 -3.840724096e-01 0.000000000e+00 5.032555090e-01 3.840724096e-01 9.233029753e-01 0.000000000e+00 1.121096832e-01 0.000000000e+00 0.000000000e+00 1.000000000e+00 0.000000000e+00
9.226749456e-01 -3.855787141e-01 0.000000000e+00 5.061422017e-01 3.855787141e-01 9.226749456e-01 0.000000000e+00 1.141222401e-01 0.000000000e+00 0.000000000e+00 1.000000000e+00 0.000000000e+00
9.216567002e-01 -3.880063491e-01 0.000000000e+00 5.090015947e-01 3.880063491e-01 9.216567002e-01 0.000000000e+00 1.161362797e-01 0.000000000e+00 0.000000000e+00 1.000000000e+00 0.000000000e+00
9.206911166e-01 -3.902920289e-01 0.000000000e+00 5.119570658e-01 3.902920289e-01 9.206911166e-01 0.000000000e+00 1.181747036e-01 0.000000000e+00 0.000000000e+00 1.000000000e+00 0.000000000e+00
9.200769368e-01 -3.917377062e-01 0.000000000e+00 5.149575069e-01 3.917377062e-01 9.200769368e-01 0.000000000e+00 1.202383138e-01 0.000000000e+00 0.000000000e+00 1.000000000e+00 0.000000000e+00
9.190505692e-01 -3.941396342e-01 0.000000000e+00 5.177355910e-01 3.941396342e-01 9.190505692e-01 0.000000000e+00 1.221595310e-01 0.000000000e+00 0.000000000e+00 1.000000000e+00 0.000000000e+00
9.180120173e-01 -3.965525641e-01 0.000000000e+00 5.205352464e-01 3.965525641e-01 9.180120173e-01 0.000000000e+00 1.241269340e-01 0.000000000e+00 0.000000000e+00 1.000000000e+00 0.000000000e+00
9.171980707e-01 -3.984315488e-01 0.000000000e+00 5.234209449e-01 3.984315488e-01 9.171980707e-01 0.000000000e+00 1.262262127e-01 0.000000000e+00 0.000000000e+00 1.000000000e+00 0.000000000e+00
9.159184810e-01 -4.013643435e-01 0.000000000e+00 5.262911916e-01 4.013643435e-01 9.159184810e-01 0.000000000e+00 1.283000935e-01 0.000000000e+00 0.000000000e+00 1.000000000e+00 0.000000000e+00
9.147494173e-01 -4.040216623e-01 0.000000000e+00 5.292236949e-01 4.040216623e-01 9.147494173e-01 0.000000000e+00 1.304354309e-01 0.000000000e+00 0.000000000e+00 1.000000000e+00 0.000000000e+00
9.138835347e-01 -4.059764586e-01 0.000000000e+00 5.320723057e-01 4.059764586e-01 9.138835347e-01 0.000000000e+00 1.325608557e-01 0.000000000e+00 0.000000000e+00 1.000000000e+00 0.000000000e+00
9.124179285e-01 -4.092597264e-01 0.000000000e+00 5.349213796e-01 4.092597264e-01 9.124179285e-01 0.000000000e+00 1.346204178e-01 0.000000000e+00 0.000000000e+00 1.000000000e+00 0.000000000e+00
9.109310781e-01 -4.125585668e-01 0.000000000e+00 5.378113493e-01 4.125585668e-01 9.109310781e-01 0.000000000e+00 1.366706059e-01 0.000000000e+00 0.000000000e+00 1.000000000e+00 0.000000000e+00
9.099009613e-01 -4.148255545e-01 0.000000000e+00 5.406913445e-01 4.148255545e-01 9.099009613e-01 0.000000000e+00 1.388721904e-01 0.000000000e+00 0.000000000e+00 1.000000000e+00 0.000000000e+00
9.082089452e-01 -4.185170390e-01 0.000000000e+00 5.435692005e-01 4.185170390e-01 9.082089452e-01 0.000000000e+00 1.410562316e-01 0.000000000e+00 0.000000000e+00 1.000000000e+00 0.000000000e+00
9.065375926e-01 -4.221250918e-01 0.000000000e+00 5.464665357e-01 4.221250918e-01 9.065375926e-01 0.000000000e+00 1.432095719e-01 0.000000000e+00 0.000000000e+00 1.000000000e+00 0.000000000e+00
9.053490165e-01 -4.246682921e-01 0.000000000e+00 5.493987927e-01 4.246682921e-01 9.053490165e-01 0.000000000e+00 1.454390322e-01 0.000000000e+00 0.000000000e+00 1.000000000e+00 0.000000000e+00
9.035535195e-01 -4.284752471e-01 0.000000000e+00 5.523396334e-01 4.284752471e-01 9.035535195e-01 0.000000000e+00 1.476624913e-01 0.000000000e+00 0.000000000e+00 1.000000000e+00 0.000000000e+00
9.017483461e-01 -4.322614028e-01 0.000000000e+00 5.550188895e-01 4.322614028e-01 9.017483461e-01 0.000000000e+00 1.496799194e-01 0.000000000e+00 0.000000000e+00 1.000000000e+00 0.000000000e+00
9.005554172e-01 -4.347412341e-01 0.000000000e+00 5.576310068e-01 4.347412341e-01 9.005554172e-01 0.000000000e+00 1.516807714e-01 0.000000000e+00 0.000000000e+00 1.000000000e+00 0.000000000e+00
8.986422235e-01 -4.386822928e-01 0.000000000e+00 5.607503852e-01 4.386822928e-01 8.986422235e-01 0.000000000e+00 1.541451903e-01 0.000000000e+00 0.000000000e+00 1.000000000e+00 0.000000000e+00
8.967801400e-01 -4.424764179e-01 0.000000000e+00 5.636634268e-01 4.424764179e-01 8.967801400e-01 0.000000000e+00 1.564720909e-01 0.000000000e+00 0.000000000e+00 1.000000000e+00 0.000000000e+00
8.955073313e-01 -4.450467611e-01 0.000000000e+00 5.663658443e-01 4.450467611e-01 8.955073313e-01 0.000000000e+00 1.586775724e-01 0.000000000e+00 0.000000000e+00 1.000000000e+00 0.000000000e+00
8.935621908e-01 -4.489394294e-01 0.000000000e+00 5.693409475e-01 4.489394294e-01 8.935621908e-01 0.000000000e+00 1.610038150e-01 0.000000000e+00 0.000000000e+00 1.000000000e+00 0.000000000e+00
8.916922448e-01 -4.526421771e-01 0.000000000e+00 5.722763626e-01 4.526421771e-01 8.916922448e-01 0.000000000e+00 1.633116710e-01 0.000000000e+00 0.000000000e+00 1.000000000e+00 0.000000000e+00
8.904220586e-01 -4.551357573e-01 0.000000000e+00 5.750981054e-01 4.551357573e-01 8.904220586e-01 0.000000000e+00 1.655830273e-01 0.000000000e+00 0.000000000e+00 1.000000000e+00 0.000000000e+00
8.884276843e-01 -4.590166116e-01 0.000000000e+00 5.779047009e-01 4.590166116e-01 8.884276843e-01 0.000000000e+00 1.678663260e-01 0.000000000e+00 0.000000000e+00 1.000000000e+00 0.000000000e+00
8.865066159e-01 -4.627159170e-01 0.000000000e+00 5.806733644e-01 4.627159170e-01 8.865066159e-01 0.000000000e+00 1.701523838e-01 0.000000000e+00 0.000000000e+00 1.000000000e+00 0.000000000e+00
8.851568399e-01 -4.652927775e-01 0.000000000e+00 5.834310173e-01 4.652927775e-01 8.851568399e-01 0.000000000e+00 1.724734206e-01 0.000000000e+00 0.000000000e+00 1.000000000e+00 0.000000000e+00
8.831181975e-01 -4.691505613e-01 0.000000000e+00 5.862642325e-01 4.691505613e-01 8.831181975e-01 0.000000000e+00 1.748256744e-01 0.000000000e+00 0.000000000e+00 1.000000000e+00 0.000000000e+00
8.810806286e-01 -4.729660938e-01 0.000000000e+00 5.890584298e-01 4.729660938e-01 8.810806286e-01 0.000000000e+00 1.771466386e-01 0.000000000e+00 0.000000000e+00 1.000000000e+00 0.000000000e+00
8.796970055e-01 -4.755346238e-01 0.000000000e+00 5.918059498e-01 4.755346238e-01 8.796970055e-01 0.000000000e+00 1.794911137e-01 0.000000000e+00 0.000000000e+00 1.000000000e+00 0.000000000e+00
8.776081096e-01 -4.793787710e-01 0.000000000e+00 5.946291352e-01 4.793787710e-01 8.776081096e-01 0.000000000e+00 1.818782310e-01 0.000000000e+00 0.000000000e+00 1.000000000e+00 0.000000000e+00
8.755291810e-01 -4.831652442e-01 0.000000000e+00 5.974046651e-01 4.831652442e-01 8.755291810e-01 0.000000000e+00 1.842318317e-01 0.000000000e+00 0.000000000e+00 1.000000000e+00 0.000000000e+00
8.741525598e-01 -4.856514205e-01 0.000000000e+00 6.001209728e-01 4.856514205e-01 8.741525598e-01 0.000000000e+00 1.866140456e-01 0.000000000e+00 0.000000000e+00 1.000000000e+00 0.000000000e+00
8.720266250e-01 -4.894584408e-01 0.000000000e+00 6.029521585e-01 4.894584408e-01 8.720266250e-01 0.000000000e+00 1.891133841e-01 0.000000000e+00 0.000000000e+00 1.000000000e+00 0.000000000e+00
8.698839790e-01 -4.932563868e-01 0.000000000e+00 6.054426011e-01 4.932563868e-01 8.698839790e-01 0.000000000e+00 1.912482224e-01 0.000000000e+00 0.000000000e+00 1.000000000e+00 0.000000000e+00
8.684728941e-01 -4.957366561e-01 0.000000000e+00 6.077834970e-01 4.957366561e-01 8.684728941e-01 0.000000000e+00 1.932721793e-01 0.000000000e+00 0.000000000e+00 1.000000000e+00 0.000000000e+00
8.662885372e-01 -4.995439623e-01 0.000000000e+00 6.108700674e-01 4.995439623e-01 8.662885372e-01 0.000000000e+00 1.959699344e-01 0.000000000e+00 0.000000000e+00 1.000000000e+00 0.000000000e+00
8.641035749e-01 -5.033140291e-01 0.000000000e+00 6.137767903e-01 5.033140291e-01 8.641035749e-01 0.000000000e+00 1.985496230e-01 0.000000000e+00 0.000000000e+00 1.000000000e+00 0.000000000e+00
8.627211885e-01 -5.056798897e-01 0.000000000e+00 6.168498529e-01 5.056798897e-01 8.627211885e-01 0.000000000e+00 2.013659419e-01 0.000000000e+00 0.000000000e+00 1.000000000e+00 0.000000000e+00
8.605035535e-01 -5.094444370e-01 0.000000000e+00 6.194883068e-01 5.094444370e-01 8.605035535e-01 0.000000000e+00 2.037586813e-01 0.000000000e+00 0.000000000e+00 1.000000000e+00 0.000000000e+00
8.583755318e-01 -5.130218771e-01 0.000000000e+00 6.220114744e-01 5.130218771e-01 8.583755318e-01 0.000000000e+00 2.060491625e-01 0.000000000e+00 0.000000000e+00 1.000000000e+00 0.000000000e+00
8.569590173e-01 -5.153845580e-01 0.000000000e+00 6.245562882e-01 5.153845580e-01 8.569590173e-01 0.000000000e+00 2.083956999e-01 0.000000000e+00 0.000000000e+00 1.000000000e+00 0.000000000e+00
8.547005567e-01 -5.191213330e-01 0.000000000e+00 6.272964119e-01 5.191213330e-01 8.547005567e-01 0.000000000e+00 2.109141566e-01 0.000000000e+00 0.000000000e+00 1.000000000e+00 0.000000000e+00
8.525139306e-01 -5.227045036e-01 0.000000000e+00 6.300056351e-01 5.227045036e-01 8.525139306e-01 0.000000000e+00 2.134228536e-01 0.000000000e+00 0.000000000e+00 1.000000000e+00 0.000000000e+00
8.510724429e-01 -5.250482805e-01 0.000000000e+00 6.325125809e-01 5.250482805e-01 8.510724429e-01 0.000000000e+00 2.157643740e-01 0.000000000e+00 0.000000000e+00 1.000000000e+00 0.000000000e+00
8.487656483e-01 -5.287692070e-01 0.000000000e+00 6.351738916e-01 5.287692070e-01 8.487656483e-01 0.000000000e+00 2.182425755e-01 0.000000000e+00 0.000000000e+00 1.000000000e+00 0.000000000e+00
8.464488252e-01 -5.324700802e-01 0.000000000e+00 6.379103381e-01 5.324700802e-01 8.464488252e-01 0.000000000e+00 2.208415090e-01 0.000000000e+00 0.000000000e+00 1.000000000e+00 0.000000000e+00
8.448715171e-01 -5.349692698e-01 0.000000000e+00 6.405817953e-01 5.349692698e-01 8.448715171e-01 0.000000000e+00 2.234126630e-01 0.000000000e+00 0.000000000e+00 1.000000000e+00 0.000000000e+00
8.425197702e-01 -5.386654220e-01 0.000000000e+00 6.431995840e-01 5.386654220e-01 8.425197702e-01 0.000000000e+00 2.259022409e-01 0.000000000e+00 0.000000000e+00 1.000000000e+00 0.000000000e+00
8.401392872e-01 -5.423707017e-01 0.000000000e+00 6.456809272e-01 5.423707017e-01 8.401392872e-01 0.000000000e+00 2.282900738e-01 0.000000000e+00 0.000000000e+00 1.000000000e+00 0.000000000e+00
8.386483752e-01 -5.446732073e-01 0.000000000e+00 6.482408194e-01 5.446732073e-01 8.386483752e-01 0.000000000e+00 2.308045411e-01 0.000000000e+00 0.000000000e+00 1.000000000e+00 0.000000000e+00
8.363387190e-01 -5.482130491e-01 0.000000000e+00 6.508291338e-01 5.482130491e-01 8.363387190e-01 0.000000000e+00 2.333197282e-01 0.000000000e+00 0.000000000e+00 1.000000000e+00 0.000000000e+00
8.342886455e-01 -5.513279024e-01 0.000000000e+00 6.534170594e-01 5.513279024e-01 8.342886455e-01 0.000000000e+00 2.358843547e-01 0.000000000e+00 0.000000000e+00 1.000000000e+00 0.000000000e+00
8.330371492e-01 -5.532170532e-01 0.000000000e+00 6.559568621e-01 5.532170532e-01 8.330371492e-01 0.000000000e+00 2.384475045e-01 0.000000000e+00 0.000000000e+00 1.000000000e+00 0.000000000e+00
8.310718382e-01 -5.561650832e-01 0.000000000e+00 6.584496396e-01 5.561650832e-01 8.310718382e-01 0.000000000e+00 2.409332691e-01 0.000000000e+00 0.000000000e+00 1.000000000e+00 0.000000000e+00
8.296048362e-01 -5.583509790e-01 0.000000000e+00 6.609213978e-01 5.583509790e-01 8.296048362e-01 0.000000000e+00 2.434204078e-01 0.000000000e+00 0.000000000e+00 1.000000000e+00 0.000000000e+00
8.287771669e-01 -5.595787769e-01 0.000000000e+00 6.634843192e-01 5.595787769e-01 8.287771669e-01 0.000000000e+00 2.460296292e-01 0.000000000e+00 0.000000000e+00 1.000000000e+00 0.000000000e+00
8.278401323e-01 -5.609640946e-01 0.000000000e+00 6.657674570e-01 5.609640946e-01 8.278401323e-01 0.000000000e+00 2.483459345e-01 0.000000000e+00 0.000000000e+00 1.000000000e+00 0.000000000e+00
8.270413829e-01 -5.621410418e-01 0.000000000e+00 6.681500331e-01 5.621410418e-01 8.270413829e-01 0.000000000e+00 2.507922395e-01 0.000000000e+00 0.000000000e+00 1.000000000e+00 0.000000000e+00
8.264816675e-01 -5.629636341e-01 0.000000000e+00 6.705161428e-01 5.629636341e-01 8.264816675e-01 0.000000000e+00 2.533079612e-01 0.000000000e+00 0.000000000e+00 1.000000000e+00 0.000000000e+00
8.255848120e-01 -5.642780504e-01 0.000000000e+00 6.728864617e-01 5.642780504e-01 8.255848120e-01 0.000000000e+00 2.558125127e-01 0.000000000e+00 0.000000000e+00 1.000000000e+00 0.000000000e+00
8.247962592e-01 -5.654300406e-01 0.000000000e+00 6.752670627e-01 5.654300406e-01 8.247962592e-01 0.000000000e+00 2.583332799e-01 0.000000000e+00 0.000000000e+00 1.000000000e+00 0.000000000e+00
8.242184937e-01 -5.662719088e-01 0.000000000e+00 6.775944954e-01 5.662719088e-01 8.242184937e-01 0.000000000e+00 2.608077916e-01 0.000000000e+00 0.000000000e+00 1.000000000e+00 0.000000000e+00
8.233097258e-01 -5.675923673e-01 0.000000000e+00 6.799518910e-01 5.675923673e-01 8.233097258e-01 0.000000000e+00 2.633067878e-01 0.000000000e+00 0.000000000e+00 1.000000000e+00 0.000000000e+00
8.224205079e-01 -5.688800473e-01 0.000000000e+00 6.823012436e-01 5.688800473e-01 8.224205079e-01 0.000000000e+00 2.658143214e-01 0.000000000e+00 0.000000000e+00 1.000000000e+00 0.000000000e+00
8.217944594e-01 -5.697840526e-01 0.000000000e+00 6.846196769e-01 5.697840526e-01 8.217944594e-01 0.000000000e+00 2.683492841e-01 0.000000000e+00 0.000000000e+00 1.000000000e+00 0.000000000e+00
8.208835629e-01 -5.710955928e-01 0.000000000e+00 6.869779067e-01 5.710955928e-01 8.208835629e-01 0.000000000e+00 2.709419474e-01 0.000000000e+00 0.000000000e+00 1.000000000e+00 0.000000000e+00
8.199870367e-01 -5.723820924e-01 0.000000000e+00 6.893088262e-01 5.723820924e-01 8.199870367e-01 0.000000000e+00 2.735404132e-01 0.000000000e+00 0.000000000e+00 1.000000000e+00 0.000000000e+00
8.194004959e-01 -5.732214470e-01 0.000000000e+00 6.918604193e-01 5.732214470e-01 8.194004959e-01 0.000000000e+00 2.763881304e-01 0.000000000e+00 0.000000000e+00 1.000000000e+00 0.000000000e+00
8.184874798e-01 -5.745243645e-01 0.000000000e+00 6.940281099e-01 5.745243645e-01 8.184874798e-01 0.000000000e+00 2.787683453e-01 0.000000000e+00 0.000000000e+00 1.000000000e+00 0.000000000e+00
8.176392477e-01 -5.757308926e-01 0.000000000e+00 6.962898182e-01 5.757308926e-01 8.176392477e-01 0.000000000e+00 2.812351133e-01 0.000000000e+00 0.000000000e+00 1.000000000e+00 0.000000000e+00
8.170560352e-01 -5.765582671e-01 0.000000000e+00 6.984645195e-01 5.765582671e-01 8.170560352e-01 0.000000000e+00 2.836228397e-01 0.000000000e+00 0.000000000e+00 1.000000000e+00 0.000000000e+00
8.161341736e-01 -5.778624496e-01 0.000000000e+00 7.007229265e-01 5.778624496e-01 8.161341736e-01 0.000000000e+00 2.861973630e-01 0.000000000e+00 0.000000000e+00 1.000000000e+00 0.000000000e+00
8.152558832e-01 -5.791008936e-01 0.000000000e+00 7.030396091e-01 5.791008936e-01 8.152558832e-01 0.000000000e+00 2.888441137e-01 0.000000000e+00 0.000000000e+00 1.000000000e+00 0.000000000e+00
8.146505725e-01 -5.799521056e-01 0.000000000e+00 7.053697345e-01 5.799521056e-01 8.146505725e-01 0.000000000e+00 2.915230949e-01 0.000000000e+00 0.000000000e+00 1.000000000e+00 0.000000000e+00
8.137183402e-01 -5.812593766e-01 0.000000000e+00 7.075446968e-01 5.812593766e-01 8.137183402e-01 0.000000000e+00 2.940346960e-01 0.000000000e+00 0.000000000e+00 1.000000000e+00 0.000000000e+00
8.128449782e-01 -5.824800781e-01 0.000000000e+00 7.098511258e-01 5.824800781e-01 8.128449782e-01 0.000000000e+00 2.966956902e-01 0.000000000e+00 0.000000000e+00 1.000000000e+00 0.000000000e+00
8.122311681e-01 -5.833356920e-01 0.000000000e+00 7.120894873e-01 5.833356920e-01 8.122311681e-01 0.000000000e+00 2.992310369e-01 0.000000000e+00 0.000000000e+00 1.000000000e+00 0.000000000e+00
8.112935062e-01 -5.846390740e-01 0.000000000e+00 7.143526224e-01 5.846390740e-01 8.112935062e-01 0.000000000e+00 3.018624116e-01 0.000000000e+00 0.000000000e+00 1.000000000e+00 0.000000000e+00
8.103520362e-01 -5.859433227e-01 0.000000000e+00 7.166156176e-01 5.859433227e-01 8.103520362e-01 0.000000000e+00 3.045703333e-01 0.000000000e+00 0.000000000e+00 1.000000000e+00 0.000000000e+00
8.097498951e-01 -5.867751762e-01 0.000000000e+00 7.188322554e-01 5.867751762e-01 8.097498951e-01 0.000000000e+00 3.071855259e-01 0.000000000e+00 0.000000000e+00 1.000000000e+00 0.000000000e+00
8.088117255e-01 -5.880676770e-01 0.000000000e+00 7.210328188e-01 5.880676770e-01 8.088117255e-01 0.000000000e+00 3.097675723e-01 0.000000000e+00 0.000000000e+00 1.000000000e+00 0.000000000e+00
8.079229712e-01 -5.892881066e-01 0.000000000e+00 7.232706777e-01 5.892881066e-01 8.079229712e-01 0.000000000e+00 3.124243817e-01 0.000000000e+00 0.000000000e+00 1.000000000e+00 0.000000000e+00
8.073002660e-01 -5.901408988e-01 0.000000000e+00 7.254441058e-01 5.901408988e-01 8.073002660e-01 0.000000000e+00 3.150399484e-01 0.000000000e+00 0.000000000e+00 1.000000000e+00 0.000000000e+00
8.063293170e-01 -5.914668482e-01 0.000000000e+00 7.276479414e-01 5.914668482e-01 8.063293170e-01 0.000000000e+00 3.176875409e-01 0.000000000e+00 0.000000000e+00 1.000000000e+00 0.000000000e+00
8.052889325e-01 -5.928825644e-01 0.000000000e+00 7.299128623e-01 5.928825644e-01 8.052889325e-01 0.000000000e+00 3.204015119e-01 0.000000000e+00 0.000000000e+00 1.000000000e+00 0.000000000e+00
8.045673925e-01 -5.938613567e-01 0.000000000e+00 7.320754202e-01 5.938613567e-01 8.045673925e-01 0.000000000e+00 3.230296129e-01 0.000000000e+00 0.000000000e+00 1.000000000e+00 0.000000000e+00
8.027394417e-01 -5.963299328e-01 0.000000000e+00 7.343115750e-01 5.963299328e-01 8.027394417e-01 0.000000000e+00 3.257331139e-01 0.000000000e+00 0.000000000e+00 1.000000000e+00 0.000000000e+00
8.004298862e-01 -5.994263902e-01 0.000000000e+00 7.366427383e-01 5.994263902e-01 8.004298862e-01 0.000000000e+00 3.285562769e-01 0.000000000e+00 0.000000000e+00 1.000000000e+00 0.000000000e+00
7.985637020e-01 -6.019103038e-01 0.000000000e+00 7.388773062e-01 6.019103038e-01 7.985637020e-01 0.000000000e+00 3.312899063e-01 0.000000000e+00 0.000000000e+00 1.000000000e+00 0.000000000e+00
7.953853242e-01 -6.061041049e-01 0.000000000e+00 7.412787569e-01 6.061041049e-01 7.953853242e-01 0.000000000e+00 3.341009708e-01 0.000000000e+00 0.000000000e+00 1.000000000e+00 0.000000000e+00
7.923801586e-01 -6.100276094e-01 0.000000000e+00 7.437155162e-01 6.100276094e-01 7.923801586e-01 0.000000000e+00 3.370014353e-01 0.000000000e+00 0.000000000e+00 1.000000000e+00 0.000000000e+00
7.902691433e-01 -6.127598886e-01 0.000000000e+00 7.460634367e-01 6.127598886e-01 7.902691433e-01 0.000000000e+00 3.398866073e-01 0.000000000e+00 0.000000000e+00 1.000000000e+00 0.000000000e+00
7.870462747e-01 -6.168939629e-01 0.000000000e+00 7.483613273e-01 6.168939629e-01 7.870462747e-01 0.000000000e+00 3.427225233e-01 0.000000000e+00 0.000000000e+00 1.000000000e+00 0.000000000e+00
7.840113612e-01 -6.207464744e-01 0.000000000e+00 7.507209039e-01 6.207464744e-01 7.840113612e-01 0.000000000e+00 3.456640528e-01 0.000000000e+00 0.000000000e+00 1.000000000e+00 0.000000000e+00
7.820628366e-01 -6.231995825e-01 0.000000000e+00 7.527066867e-01 6.231995825e-01 7.820628366e-01 0.000000000e+00 3.481211373e-01 0.000000000e+00 0.000000000e+00 1.000000000e+00 0.000000000e+00
7.787543670e-01 -6.273289695e-01 0.000000000e+00 7.549519404e-01 6.273289695e-01 7.787543670e-01 0.000000000e+00 3.508669446e-01 0.000000000e+00 0.000000000e+00 1.000000000e+00 0.000000000e+00
7.754589866e-01 -6.313979412e-01 0.000000000e+00 7.575979367e-01 6.313979412e-01 7.754589866e-01 0.000000000e+00 3.541943058e-01 0.000000000e+00 0.000000000e+00 1.000000000e+00 0.000000000e+00
7.731710148e-01 -6.341975890e-01 0.000000000e+00 7.599143181e-01 6.341975890e-01 7.731710148e-01 0.000000000e+00 3.571280228e-01 0.000000000e+00 0.000000000e+00 1.000000000e+00 0.000000000e+00
7.698174798e-01 -6.382640894e-01 0.000000000e+00 7.622836605e-01 6.382640894e-01 7.698174798e-01 0.000000000e+00 3.600951660e-01 0.000000000e+00 0.000000000e+00 1.000000000e+00 0.000000000e+00
7.664930171e-01 -6.422526409e-01 0.000000000e+00 7.645278368e-01 6.422526409e-01 7.664930171e-01 0.000000000e+00 3.629645166e-01 0.000000000e+00 0.000000000e+00 1.000000000e+00 0.000000000e+00
7.644153093e-01 -6.447241541e-01 0.000000000e+00 7.666733389e-01 6.447241541e-01 7.644153093e-01 0.000000000e+00 3.657645430e-01 0.000000000e+00 0.000000000e+00 1.000000000e+00 0.000000000e+00
7.615345793e-01 -6.481242817e-01 0.000000000e+00 7.689307702e-01 6.481242817e-01 7.615345793e-01 0.000000000e+00 3.686787042e-01 0.000000000e+00 0.000000000e+00 1.000000000e+00 0.000000000e+00
7.590270751e-01 -6.510590597e-01 0.000000000e+00 7.711606795e-01 6.510590597e-01 7.590270751e-01 0.000000000e+00 3.715772244e-01 0.000000000e+00 0.000000000e+00 1.000000000e+00 0.000000000e+00
7.573807703e-01 -6.529734825e-01 0.000000000e+00 7.732964430e-01 6.529734825e-01 7.573807703e-01 0.000000000e+00 3.743905027e-01 0.000000000e+00 0.000000000e+00 1.000000000e+00 0.000000000e+00
7.548832246e-01 -6.558592206e-01 0.000000000e+00 7.755169526e-01 6.558592206e-01 7.548832246e-01 0.000000000e+00 3.772813044e-01 0.000000000e+00 0.000000000e+00 1.000000000e+00 0.000000000e+00
7.523708243e-01 -6.587398142e-01 0.000000000e+00 7.776893504e-01 6.587398142e-01 7.523708243e-01 0.000000000e+00 3.801446098e-01 0.000000000e+00 0.000000000e+00 1.000000000e+00 0.000000000e+00
7.508838731e-01 -6.604342579e-01 0.000000000e+00 7.797143099e-01 6.604342579e-01 7.508838731e-01 0.000000000e+00 3.828748259e-01 0.000000000e+00 0.000000000e+00 1.000000000e+00 0.000000000e+00
7.483502170e-01 -6.633038163e-01 0.000000000e+00 7.818804639e-01 6.633038163e-01 7.483502170e-01 0.000000000e+00 3.857948628e-01 0.000000000e+00 0.000000000e+00 1.000000000e+00 0.000000000e+00
7.457764100e-01 -6.661963271e-01 0.000000000e+00 7.840789980e-01 6.661963271e-01 7.457764100e-01 0.000000000e+00 3.887610066e-01 0.000000000e+00 0.000000000e+00 1.000000000e+00 0.000000000e+00
7.440647934e-01 -6.681074638e-01 0.000000000e+00 7.861971554e-01 6.681074638e-01 7.440647934e-01 0.000000000e+00 3.916559661e-01 0.000000000e+00 0.000000000e+00 1.000000000e+00 0.000000000e+00
7.414939518e-01 -6.709595512e-01 0.000000000e+00 7.883809725e-01 6.709595512e-01 7.414939518e-01 0.000000000e+00 3.946311059e-01 0.000000000e+00 0.000000000e+00 1.000000000e+00 0.000000000e+00
7.389631380e-01 -6.737458576e-01 0.000000000e+00 7.905936588e-01 6.737458576e-01 7.389631380e-01 0.000000000e+00 3.976609277e-01 0.000000000e+00 0.000000000e+00 1.000000000e+00 0.000000000e+00
7.372713994e-01 -6.755966871e-01 0.000000000e+00 7.926096657e-01 6.755966871e-01 7.372713994e-01 0.000000000e+00 4.004524794e-01 0.000000000e+00 0.000000000e+00 1.000000000e+00 0.000000000e+00
7.347370715e-01 -6.783519999e-01 0.000000000e+00 7.946670799e-01 6.783519999e-01 7.347370715e-01 0.000000000e+00 4.033088309e-01 0.000000000e+00 0.000000000e+00 1.000000000e+00 0.000000000e+00
7.322141221e-01 -6.810745036e-01 0.000000000e+00 7.967326870e-01 6.810745036e-01 7.322141221e-01 0.000000000e+00 4.062344703e-01 0.000000000e+00 0.000000000e+00 1.000000000e+00 0.000000000e+00
7.306669624e-01 -6.827340552e-01 0.000000000e+00 7.988231799e-01 6.827340552e-01 7.306669624e-01 0.000000000e+00 4.091887656e-01 0.000000000e+00 0.000000000e+00 1.000000000e+00 0.000000000e+00
7.281018539e-01 -6.854689565e-01 0.000000000e+00 8.008430555e-01 6.854689565e-01 7.281018539e-01 0.000000000e+00 4.119901973e-01 0.000000000e+00 0.000000000e+00 1.000000000e+00 0.000000000e+00
7.258067711e-01 -6.878986343e-01 0.000000000e+00 8.029621809e-01 6.878986343e-01 7.258067711e-01 0.000000000e+00 4.149769000e-01 0.000000000e+00 0.000000000e+00 1.000000000e+00 0.000000000e+00
7.242220162e-01 -6.895668722e-01 0.000000000e+00 8.050192937e-01 6.895668722e-01 7.242220162e-01 0.000000000e+00 4.179283759e-01 0.000000000e+00 0.000000000e+00 1.000000000e+00 0.000000000e+00
7.216374168e-01 -6.922712175e-01 0.000000000e+00 8.071504116e-01 6.922712175e-01 7.216374168e-01 0.000000000e+00 4.209665085e-01 0.000000000e+00 0.000000000e+00 1.000000000e+00 0.000000000e+00
7.192205581e-01 -6.947818282e-01 0.000000000e+00 8.091425288e-01 6.947818282e-01 7.192205581e-01 0.000000000e+00 4.238590477e-01 0.000000000e+00 0.000000000e+00 1.000000000e+00 0.000000000e+00
7.175045165e-01 -6.965538520e-01 0.000000000e+00 8.110549047e-01 6.965538520e-01 7.175045165e-01 0.000000000e+00 4.266727551e-01 0.000000000e+00 0.000000000e+00 1.000000000e+00 0.000000000e+00
7.149284627e-01 -6.991976067e-01 0.000000000e+00 8.131181867e-01 6.991976067e-01 7.149284627e-01 0.000000000e+00 4.296767521e-01 0.000000000e+00 0.000000000e+00 1.000000000e+00 0.000000000e+00
7.123608911e-01 -7.018133376e-01 0.000000000e+00 8.151869777e-01 7.018133376e-01 7.123608911e-01 0.000000000e+00 4.326926504e-01 0.000000000e+00 0.000000000e+00 1.000000000e+00 0.000000000e+00
7.106398919e-01 -7.035559282e-01 0.000000000e+00 8.171708676e-01 7.035559282e-01 7.106398919e-01 0.000000000e+00 4.356190087e-01 0.000000000e+00 0.000000000e+00 1.000000000e+00 0.000000000e+00
7.080071009e-01 -7.062053137e-01 0.000000000e+00 8.192124843e-01 7.062053137e-01 7.080071009e-01 0.000000000e+00 4.386071113e-01 0.000000000e+00 0.000000000e+00 1.000000000e+00 0.000000000e+00
7.055356326e-01 -7.086744465e-01 0.000000000e+00 8.212418663e-01 7.086744465e-01 7.055356326e-01 0.000000000e+00 4.416237596e-01 0.000000000e+00 0.000000000e+00 1.000000000e+00 0.000000000e+00
7.038060795e-01 -7.103921470e-01 0.000000000e+00 8.231306391e-01 7.103921470e-01 7.038060795e-01 0.000000000e+00 4.445405370e-01 0.000000000e+00 0.000000000e+00 1.000000000e+00 0.000000000e+00
7.011519799e-01 -7.130118520e-01 0.000000000e+00 8.251241527e-01 7.130118520e-01 7.011519799e-01 0.000000000e+00 4.475392443e-01 0.000000000e+00 0.000000000e+00 1.000000000e+00 0.000000000e+00
6.986047560e-01 -7.155077882e-01 0.000000000e+00 8.271579075e-01 7.155077882e-01 6.986047560e-01 0.000000000e+00 4.505888816e-01 0.000000000e+00 0.000000000e+00 1.000000000e+00 0.000000000e+00
6.969273249e-01 -7.171417599e-01 0.000000000e+00 8.290938777e-01 7.171417599e-01 6.969273249e-01 0.000000000e+00 4.535874879e-01 0.000000000e+00 0.000000000e+00 1.000000000e+00 0.000000000e+00
6.942418729e-01 -7.197417745e-01 0.000000000e+00 8.310595933e-01 7.197417745e-01 6.942418729e-01 0.000000000e+00 4.565657972e-01 0.000000000e+00 0.000000000e+00 1.000000000e+00 0.000000000e+00
6.924559794e-01 -7.214601282e-01 0.000000000e+00 8.329903151e-01 7.214601282e-01 6.924559794e-01 0.000000000e+00 4.594889219e-01 0.000000000e+00 0.000000000e+00 1.000000000e+00 0.000000000e+00
6.898554504e-01 -7.239471373e-01 0.000000000e+00 8.349583075e-01 7.239471373e-01 6.898554504e-01 0.000000000e+00 4.625263955e-01 0.000000000e+00 0.000000000e+00 1.000000000e+00 0.000000000e+00
6.871298084e-01 -7.265346698e-01 0.000000000e+00 8.369187118e-01 7.265346698e-01 6.871298084e-01 0.000000000e+00 4.655804020e-01 0.000000000e+00 0.000000000e+00 1.000000000e+00 0.000000000e+00
6.852888945e-01 -7.282713307e-01 0.000000000e+00 8.388010646e-01 7.282713307e-01 6.852888945e-01 0.000000000e+00 4.685664551e-01 0.000000000e+00 0.000000000e+00 1.000000000e+00 0.000000000e+00
6.825980261e-01 -7.307940440e-01 0.000000000e+00 8.407781489e-01 7.307940440e-01 6.825980261e-01 0.000000000e+00 4.716868879e-01 0.000000000e+00 0.000000000e+00 1.000000000e+00 0.000000000e+00
6.798425040e-01 -7.333581456e-01 0.000000000e+00 8.427513800e-01 7.333581456e-01 6.798425040e-01 0.000000000e+00 4.748161519e-01 0.000000000e+00 0.000000000e+00 1.000000000e+00 0.000000000e+00
6.780912238e-01 -7.349777495e-01 0.000000000e+00 8.446339920e-01 7.349777495e-01 6.780912238e-01 0.000000000e+00 4.778156168e-01 0.000000000e+00 0.000000000e+00 1.000000000e+00 0.000000000e+00
6.752899343e-01 -7.375523742e-01 0.000000000e+00 8.465614977e-01 7.375523742e-01 6.752899343e-01 0.000000000e+00 4.808461727e-01 0.000000000e+00 0.000000000e+00 1.000000000e+00 0.000000000e+00
6.725390826e-01 -7.400616072e-01 0.000000000e+00 8.484179912e-01 7.400616072e-01 6.725390826e-01 0.000000000e+00 4.837837670e-01 0.000000000e+00 0.000000000e+00 1.000000000e+00 0.000000000e+00
6.706920320e-01 -7.417359356e-01 0.000000000e+00 8.502783427e-01 7.417359356e-01 6.706920320e-01 0.000000000e+00 4.868115682e-01 0.000000000e+00 0.000000000e+00 1.000000000e+00 0.000000000e+00
6.679949033e-01 -7.441658478e-01 0.000000000e+00 8.522422706e-01 7.441658478e-01 6.679949033e-01 0.000000000e+00 4.900180413e-01 0.000000000e+00 0.000000000e+00 1.000000000e+00 0.000000000e+00
6.651934289e-01 -7.466710803e-01 0.000000000e+00 8.541206792e-01 7.466710803e-01 6.651934289e-01 0.000000000e+00 4.930782644e-01 0.000000000e+00 0.000000000e+00 1.000000000e+00 0.000000000e+00
6.633365005e-01 -7.483212459e-01 0.000000000e+00 8.559807229e-01 7.483212459e-01 6.633365005e-01 0.000000000e+00 4.961477272e-01 0.000000000e+00 0.000000000e+00 1.000000000e+00 0.000000000e+00
6.606133145e-01 -7.507263474e-01 0.000000000e+00 8.579412571e-01 7.507263474e-01 6.606133145e-01 0.000000000e+00 4.993533265e-01 0.000000000e+00 0.000000000e+00 1.000000000e+00 0.000000000e+00
6.577763040e-01 -7.532133389e-01 0.000000000e+00 8.597198356e-01 7.532133389e-01 6.577763040e-01 0.000000000e+00 5.022641792e-01 0.000000000e+00 0.000000000e+00 1.000000000e+00 0.000000000e+00
6.560612399e-01 -7.547076583e-01 0.000000000e+00 8.614893737e-01 7.547076583e-01 6.560612399e-01 0.000000000e+00 5.052140916e-01 0.000000000e+00 0.000000000e+00 1.000000000e+00 0.000000000e+00
6.534976521e-01 -7.569285426e-01 0.000000000e+00 8.633423666e-01 7.569285426e-01 6.534976521e-01 0.000000000e+00 5.083580470e-01 0.000000000e+00 0.000000000e+00 1.000000000e+00 0.000000000e+00
6.507963383e-01 -7.592523467e-01 0.000000000e+00 8.651612090e-01 7.592523467e-01 6.507963383e-01 0.000000000e+00 5.114504024e-01 0.000000000e+00 0.000000000e+00 1.000000000e+00 0.000000000e+00
6.489967454e-01 -7.607911832e-01 0.000000000e+00 8.669340233e-01 7.607911832e-01 6.489967454e-01 0.000000000e+00 5.145213174e-01 0.000000000e+00 0.000000000e+00 1.000000000e+00 0.000000000e+00
6.463593253e-01 -7.630331727e-01 0.000000000e+00 8.687667425e-01 7.630331727e-01 6.463593253e-01 0.000000000e+00 5.176436866e-01 0.000000000e+00 0.000000000e+00 1.000000000e+00 0.000000000e+00
6.437430996e-01 -7.652416753e-01 0.000000000e+00 8.705976922e-01 7.652416753e-01 6.437430996e-01 0.000000000e+00 5.207551453e-01 0.000000000e+00 0.000000000e+00 1.000000000e+00 0.000000000e+00
6.419873363e-01 -7.667152405e-01 0.000000000e+00 8.723688473e-01 7.667152405e-01 6.419873363e-01 0.000000000e+00 5.237677100e-01 0.000000000e+00 0.000000000e+00 1.000000000e+00 0.000000000e+00
6.393987668e-01 -7.688752936e-01 0.000000000e+00 8.741607159e-01 7.688752936e-01 6.393987668e-01 0.000000000e+00 5.268542946e-01 0.000000000e+00 0.000000000e+00 1.000000000e+00 0.000000000e+00
6.368343455e-01 -7.710006591e-01 0.000000000e+00 8.759241833e-01 7.710006591e-01 6.368343455e-01 0.000000000e+00 5.299873076e-01 0.000000000e+00 0.000000000e+00 1.000000000e+00 0.000000000e+00
6.350923483e-01 -7.724362168e-01 0.000000000e+00 8.776794066e-01 7.724362168e-01 6.350923483e-01 0.000000000e+00 5.331007368e-01 0.000000000e+00 0.000000000e+00 1.000000000e+00 0.000000000e+00
6.325092836e-01 -7.745527782e-01 0.000000000e+00 8.794772171e-01 7.745527782e-01 6.325092836e-01 0.000000000e+00 5.362523487e-01 0.000000000e+00 0.000000000e+00 1.000000000e+00 0.000000000e+00
6.298898972e-01 -7.766844388e-01 0.000000000e+00 8.812704372e-01 7.766844388e-01 6.298898972e-01 0.000000000e+00 5.394212834e-01 0.000000000e+00 0.000000000e+00 1.000000000e+00 0.000000000e+00
6.282029505e-01 -7.780495184e-01 0.000000000e+00 8.829752632e-01 7.780495184e-01 6.282029505e-01 0.000000000e+00 5.424667430e-01 0.000000000e+00 0.000000000e+00 1.000000000e+00 0.000000000e+00
6.256171765e-01 -7.801302125e-01 0.000000000e+00 8.846660609e-01 7.801302125e-01 6.256171765e-01 0.000000000e+00 5.454538771e-01 0.000000000e+00 0.000000000e+00 1.000000000e+00 0.000000000e+00
6.230062834e-01 -7.822168311e-01 0.000000000e+00 8.863958276e-01 7.822168311e-01 6.230062834e-01 0.000000000e+00 5.485727685e-01 0.000000000e+00 0.000000000e+00 1.000000000e+00 0.000000000e+00
6.213415696e-01 -7.835398228e-01 0.000000000e+00 8.880867364e-01 7.835398228e-01 6.213415696e-01 0.000000000e+00 5.516770546e-01 0.000000000e+00 0.000000000e+00 1.000000000e+00 0.000000000e+00
6.186346710e-01 -7.856787790e-01 0.000000000e+00 8.898315875e-01 7.856787790e-01 6.186346710e-01 0.000000000e+00 5.548782418e-01 0.000000000e+00 0.000000000e+00 1.000000000e+00 0.000000000e+00
6.159915310e-01 -7.877527745e-01 0.000000000e+00 8.915475910e-01 7.877527745e-01 6.159915310e-01 0.000000000e+00 5.580286137e-01 0.000000000e+00 0.000000000e+00 1.000000000e+00 0.000000000e+00
6.142025254e-01 -7.891484384e-01 0.000000000e+00 8.932430899e-01 7.891484384e-01 6.142025254e-01 0.000000000e+00 5.611743622e-01 0.000000000e+00 0.000000000e+00 1.000000000e+00 0.000000000e+00
6.116927124e-01 -7.910954592e-01 0.000000000e+00 8.949314615e-01 7.910954592e-01 6.116927124e-01 0.000000000e+00 5.642814996e-01 0.000000000e+00 0.000000000e+00 1.000000000e+00 0.000000000e+00
6.090475719e-01 -7.931336931e-01 0.000000000e+00 8.966105144e-01 7.931336931e-01 6.090475719e-01 0.000000000e+00 5.673863423e-01 0.000000000e+00 0.000000000e+00 1.000000000e+00 0.000000000e+00
6.073665520e-01 -7.944217215e-01 0.000000000e+00 8.982675660e-01 7.944217215e-01 6.073665520e-01 0.000000000e+00 5.705336103e-01 0.000000000e+00 0.000000000e+00 1.000000000e+00 0.000000000e+00
6.047914556e-01 -7.963838869e-01 0.000000000e+00 8.999516988e-01 7.963838869e-01 6.047914556e-01 0.000000000e+00 5.737346377e-01 0.000000000e+00 0.000000000e+00 1.000000000e+00 0.000000000e+00
6.020983940e-01 -7.984218959e-01 0.000000000e+00 9.016459458e-01 7.984218959e-01 6.020983940e-01 0.000000000e+00 5.769706587e-01 0.000000000e+00 0.000000000e+00 1.000000000e+00 0.000000000e+00
5.993962266e-01 -8.004524743e-01 0.000000000e+00 9.033513359e-01 8.004524743e-01 5.993962266e-01 0.000000000e+00 5.802033453e-01 0.000000000e+00 0.000000000e+00 1.000000000e+00 0.000000000e+00
5.976181647e-01 -8.017808487e-01 0.000000000e+00 9.049648882e-01 8.017808487e-01 5.976181647e-01 0.000000000e+00 5.833026977e-01 0.000000000e+00 0.000000000e+00 1.000000000e+00 0.000000000e+00
5.949116263e-01 -8.037911152e-01 0.000000000e+00 9.065559998e-01 8.037911152e-01 5.949116263e-01 0.000000000e+00 5.863419721e-01 0.000000000e+00 0.000000000e+00 1.000000000e+00 0.000000000e+00
5.931027941e-01 -8.051267451e-01 0.000000000e+00 9.081766961e-01 8.051267451e-01 5.931027941e-01 0.000000000e+00 5.894787394e-01 0.000000000e+00 0.000000000e+00 1.000000000e+00 0.000000000e+00
5.904296021e-01 -8.070891431e-01 0.000000000e+00 9.098543694e-01 8.070891431e-01 5.904296021e-01 0.000000000e+00 5.927108550e-01 0.000000000e+00 0.000000000e+00 1.000000000e+00 0.000000000e+00
5.877052082e-01 -8.090751438e-01 0.000000000e+00 9.114660522e-01 8.090751438e-01 5.877052082e-01 0.000000000e+00 5.959391884e-01 0.000000000e+00 0.000000000e+00 1.000000000e+00 0.000000000e+00
5.858608803e-01 -8.104116416e-01 0.000000000e+00 9.130601768e-01 8.104116416e-01 5.858608803e-01 0.000000000e+00 5.991447010e-01 0.000000000e+00 0.000000000e+00 1.000000000e+00 0.000000000e+00
5.831962715e-01 -8.123312803e-01 0.000000000e+00 9.146963793e-01 8.123312803e-01 5.831962715e-01 0.000000000e+00 6.023770818e-01 0.000000000e+00 0.000000000e+00 1.000000000e+00 0.000000000e+00
5.804921949e-01 -8.142658114e-01 0.000000000e+00 9.162843074e-01 8.142658114e-01 5.804921949e-01 0.000000000e+00 6.055333898e-01 0.000000000e+00 0.000000000e+00 1.000000000e+00 0.000000000e+00
5.786597381e-01 -8.155690697e-01 0.000000000e+00 9.178390062e-01 8.155690697e-01 5.786597381e-01 0.000000000e+00 6.086650650e-01 0.000000000e+00 0.000000000e+00 1.000000000e+00 0.000000000e+00
5.759378460e-01 -8.174934847e-01 0.000000000e+00 9.194604389e-01 8.174934847e-01 5.759378460e-01 0.000000000e+00 6.119233880e-01 0.000000000e+00 0.000000000e+00 1.000000000e+00 0.000000000e+00
5.731736559e-01 -8.194339267e-01 0.000000000e+00 9.210425079e-01 8.194339267e-01 5.731736559e-01 0.000000000e+00 6.151372442e-01 0.000000000e+00 0.000000000e+00 1.000000000e+00 0.000000000e+00
5.713845658e-01 -8.206824465e-01 0.000000000e+00 9.225892015e-01 8.206824465e-01 5.713845658e-01 0.000000000e+00 6.183486840e-01 0.000000000e+00 0.000000000e+00 1.000000000e+00 0.000000000e+00
5.687652733e-01 -8.224998869e-01 0.000000000e+00 9.241873885e-01 8.224998869e-01 5.687652733e-01 0.000000000e+00 6.216435777e-01 0.000000000e+00 0.000000000e+00 1.000000000e+00 0.000000000e+00
5.659842161e-01 -8.244160765e-01 0.000000000e+00 9.256875732e-01 8.244160765e-01 5.659842161e-01 0.000000000e+00 6.247387316e-01 0.000000000e+00 0.000000000e+00 1.000000000e+00 0.000000000e+00
5.643020156e-01 -8.255684315e-01 0.000000000e+00 9.272618407e-01 8.255684315e-01 5.643020156e-01 0.000000000e+00 6.280722286e-01 0.000000000e+00 0.000000000e+00 1.000000000e+00 0.000000000e+00
5.615130446e-01 -8.274678850e-01 0.000000000e+00 9.288084468e-01 8.274678850e-01 5.615130446e-01 0.000000000e+00 6.312756770e-01 0.000000000e+00 0.000000000e+00 1.000000000e+00 0.000000000e+00
5.587852648e-01 -8.293123825e-01 0.000000000e+00 9.302857681e-01 8.293123825e-01 5.587852648e-01 0.000000000e+00 6.343163877e-01 0.000000000e+00 0.000000000e+00 1.000000000e+00 0.000000000e+00
5.570761765e-01 -8.304613980e-01 0.000000000e+00 9.317835544e-01 8.304613980e-01 5.570761765e-01 0.000000000e+00 6.375232485e-01 0.000000000e+00 0.000000000e+00 1.000000000e+00 0.000000000e+00
5.542392593e-01 -8.323574013e-01 0.000000000e+00 9.333413930e-01 8.323574013e-01 5.542392593e-01 0.000000000e+00 6.408473682e-01 0.000000000e+00 0.000000000e+00 1.000000000e+00 0.000000000e+00
5.514712033e-01 -8.341939294e-01 0.000000000e+00 9.348358556e-01 8.341939294e-01 5.514712033e-01 0.000000000e+00 6.440815215e-01 0.000000000e+00 0.000000000e+00 1.000000000e+00 0.000000000e+00
5.497568603e-01 -8.353247240e-01 0.000000000e+00 9.362809761e-01 8.353247240e-01 5.497568603e-01 0.000000000e+00 6.472622290e-01 0.000000000e+00 0.000000000e+00 1.000000000e+00 0.000000000e+00
5.469716147e-01 -8.371511529e-01 0.000000000e+00 9.378803143e-01 8.371511529e-01 5.469716147e-01 0.000000000e+00 6.507513981e-01 0.000000000e+00 0.000000000e+00 1.000000000e+00 0.000000000e+00
5.441705820e-01 -8.389745989e-01 0.000000000e+00 9.392773703e-01 8.389745989e-01 5.441705820e-01 0.000000000e+00 6.537526598e-01 0.000000000e+00 0.000000000e+00 1.000000000e+00 0.000000000e+00
5.424537075e-01 -8.400856951e-01 0.000000000e+00 9.407735664e-01 8.400856951e-01 5.424537075e-01 0.000000000e+00 6.570352911e-01 0.000000000e+00 0.000000000e+00 1.000000000e+00 0.000000000e+00
5.397923196e-01 -8.417982251e-01 0.000000000e+00 9.422772858e-01 8.417982251e-01 5.397923196e-01 0.000000000e+00 6.603318852e-01 0.000000000e+00 0.000000000e+00 1.000000000e+00 0.000000000e+00
5.369609674e-01 -8.436070883e-01 0.000000000e+00 9.437276124e-01 8.436070883e-01 5.369609674e-01 0.000000000e+00 6.635849788e-01 0.000000000e+00 0.000000000e+00 1.000000000e+00 0.000000000e+00
5.350677050e-01 -8.448091803e-01 0.000000000e+00 9.451640836e-01 8.448091803e-01 5.350677050e-01 0.000000000e+00 6.668669934e-01 0.000000000e+00 0.000000000e+00 1.000000000e+00 0.000000000e+00
5.322410309e-01 -8.465928685e-01 0.000000000e+00 9.466984079e-01 8.465928685e-01 5.322410309e-01 0.000000000e+00 6.703424985e-01 0.000000000e+00 0.000000000e+00 1.000000000e+00 0.000000000e+00
5.294085239e-01 -8.483670284e-01 0.000000000e+00 9.480058509e-01 8.483670284e-01 5.294085239e-01 0.000000000e+00 6.733014949e-01 0.000000000e+00 0.000000000e+00 1.000000000e+00 0.000000000e+00
5.278307053e-01 -8.493496021e-01 0.000000000e+00 9.493991869e-01 8.493496021e-01 5.278307053e-01 0.000000000e+00 6.765215056e-01 0.000000000e+00 0.000000000e+00 1.000000000e+00 0.000000000e+00
5.248799794e-01 -8.511762492e-01 0.000000000e+00 9.508378777e-01 8.511762492e-01 5.248799794e-01 0.000000000e+00 6.797646657e-01 0.000000000e+00 0.000000000e+00 1.000000000e+00 0.000000000e+00
5.220445741e-01 -8.529182039e-01 0.000000000e+00 9.521016854e-01 8.529182039e-01 5.220445741e-01 0.000000000e+00 6.826015774e-01 0.000000000e+00 0.000000000e+00 1.000000000e+00 0.000000000e+00
5.204509181e-01 -8.538915867e-01 0.000000000e+00 9.536119941e-01 8.538915867e-01 5.204509181e-01 0.000000000e+00 6.862476230e-01 0.000000000e+00 0.000000000e+00 1.000000000e+00 0.000000000e+00
5.177035686e-01 -8.555600593e-01 0.000000000e+00 9.550866934e-01 8.555600593e-01 5.177035686e-01 0.000000000e+00 6.897561314e-01 0.000000000e+00 0.000000000e+00 1.000000000e+00 0.000000000e+00
5.148435693e-01 -8.572841415e-01 0.000000000e+00 9.564312427e-01 8.572841415e-01 5.148435693e-01 0.000000000e+00 6.929339957e-01 0.000000000e+00 0.000000000e+00 1.000000000e+00 0.000000000e+00
5.131617731e-01 -8.582919053e-01 0.000000000e+00 9.578041966e-01 8.582919053e-01 5.131617731e-01 0.000000000e+00 6.962093354e-01 0.000000000e+00 0.000000000e+00 1.000000000e+00 0.000000000e+00
5.102752696e-01 -8.600111332e-01 0.000000000e+00 9.592244278e-01 8.600111332e-01 5.102752696e-01 0.000000000e+00 6.995614174e-01 0.000000000e+00 0.000000000e+00 1.000000000e+00 0.000000000e+00
5.073679747e-01 -8.617295041e-01 0.000000000e+00 9.606045030e-01 8.617295041e-01 5.073679747e-01 0.000000000e+00 7.028322039e-01 0.000000000e+00 0.000000000e+00 1.000000000e+00 0.000000000e+00
5.054289742e-01 -8.628682125e-01 0.000000000e+00 9.619524970e-01 8.628682125e-01 5.054289742e-01 0.000000000e+00 7.061292046e-01 0.000000000e+00 0.000000000e+00 1.000000000e+00 0.000000000e+00
5.025723821e-01 -8.645351356e-01 0.000000000e+00 9.633328714e-01 8.645351356e-01 5.025723821e-01 0.000000000e+00 7.095162372e-01 0.000000000e+00 0.000000000e+00 1.000000000e+00 0.000000000e+00
4.996699228e-01 -8.662158901e-01 0.000000000e+00 9.646272987e-01 8.662158901e-01 4.996699228e-01 0.000000000e+00 7.127201549e-01 0.000000000e+00 0.000000000e+00 1.000000000e+00 0.000000000e+00
4.978268723e-01 -8.672764295e-01 0.000000000e+00 9.659139354e-01 8.672764295e-01 4.978268723e-01 0.000000000e+00 7.159475552e-01 0.000000000e+00 0.000000000e+00 1.000000000e+00 0.000000000e+00
4.950619543e-01 -8.688576762e-01 0.000000000e+00 9.672691952e-01 8.688576762e-01 4.950619543e-01 0.000000000e+00 7.193185893e-01 0.000000000e+00 0.000000000e+00 1.000000000e+00 0.000000000e+00
4.921703090e-01 -8.704989299e-01 0.000000000e+00 9.686222292e-01 8.704989299e-01 4.921703090e-01 0.000000000e+00 7.226815756e-01 0.000000000e+00 0.000000000e+00 1.000000000e+00 0.000000000e+00
4.904880602e-01 -8.714479117e-01 0.000000000e+00 9.699692111e-01 8.714479117e-01 4.904880602e-01 0.000000000e+00 7.260819157e-01 0.000000000e+00 0.000000000e+00 1.000000000e+00 0.000000000e+00
4.875448122e-01 -8.730979648e-01 0.000000000e+00 9.712784530e-01 8.730979648e-01 4.875448122e-01 0.000000000e+00 7.294301422e-01 0.000000000e+00 0.000000000e+00 1.000000000e+00 0.000000000e+00
4.846111554e-01 -8.747296886e-01 0.000000000e+00 9.725393344e-01 8.747296886e-01 4.846111554e-01 0.000000000e+00 7.326709900e-01 0.000000000e+00 0.000000000e+00 1.000000000e+00 0.000000000e+00
4.826252530e-01 -8.758269608e-01 0.000000000e+00 9.737606875e-01 8.758269608e-01 4.826252530e-01 0.000000000e+00 7.358681337e-01 0.000000000e+00 0.000000000e+00 1.000000000e+00 0.000000000e+00
4.796927447e-01 -8.774365337e-01 0.000000000e+00 9.750712220e-01 8.774365337e-01 4.796927447e-01 0.000000000e+00 7.392820021e-01 0.000000000e+00 0.000000000e+00 1.000000000e+00 0.000000000e+00
4.767879935e-01 -8.790183214e-01 0.000000000e+00 9.763123668e-01 8.790183214e-01 4.767879935e-01 0.000000000e+00 7.425157068e-01 0.000000000e+00 0.000000000e+00 1.000000000e+00 0.000000000e+00
4.752249967e-01 -8.798643092e-01 0.000000000e+00 9.775670174e-01 8.798643092e-01 4.752249967e-01 0.000000000e+00 7.458372146e-01 0.000000000e+00 0.000000000e+00 1.000000000e+00 0.000000000e+00
4.721790201e-01 -8.815026790e-01 0.000000000e+00 9.788882614e-01 8.815026790e-01 4.721790201e-01 0.000000000e+00 7.493198994e-01 0.000000000e+00 0.000000000e+00 1.000000000e+00 0.000000000e+00
4.692455748e-01 -8.830677157e-01 0.000000000e+00 9.801603071e-01 8.830677157e-01 4.692455748e-01 0.000000000e+00 7.527076130e-01 0.000000000e+00 0.000000000e+00 1.000000000e+00 0.000000000e+00
4.673847704e-01 -8.840540008e-01 0.000000000e+00 9.813794015e-01 8.840540008e-01 4.673847704e-01 0.000000000e+00 7.560629118e-01 0.000000000e+00 0.000000000e+00 1.000000000e+00 0.000000000e+00
4.644092600e-01 -8.856207084e-01 0.000000000e+00 9.826252705e-01 8.856207084e-01 4.644092600e-01 0.000000000e+00 7.594709147e-01 0.000000000e+00 0.000000000e+00 1.000000000e+00 0.000000000e+00
4.615137891e-01 -8.871330354e-01 0.000000000e+00 9.837903583e-01 8.871330354e-01 4.615137891e-01 0.000000000e+00 7.626798616e-01 0.000000000e+00 0.000000000e+00 1.000000000e+00 0.000000000e+00
4.596056511e-01 -8.881231026e-01 0.000000000e+00 9.849650288e-01 8.881231026e-01 4.596056511e-01 0.000000000e+00 7.659388952e-01 0.000000000e+00 0.000000000e+00 1.000000000e+00 0.000000000e+00
4.565934002e-01 -8.896754840e-01 0.000000000e+00 9.862323702e-01 8.896754840e-01 4.565934002e-01 0.000000000e+00 7.694081713e-01 0.000000000e+00 0.000000000e+00 1.000000000e+00 0.000000000e+00
4.536327494e-01 -8.911887166e-01 0.000000000e+00 9.874199500e-01 8.911887166e-01 4.536327494e-01 0.000000000e+00 7.726861229e-01 0.000000000e+00 0.000000000e+00 1.000000000e+00 0.000000000e+00
4.518120165e-01 -8.921131665e-01 0.000000000e+00 9.886015635e-01 8.921131665e-01 4.518120165e-01 0.000000000e+00 7.760430623e-01 0.000000000e+00 0.000000000e+00 1.000000000e+00 0.000000000e+00
4.488485225e-01 -8.936078580e-01 0.000000000e+00 9.898149659e-01 8.936078580e-01 4.488485225e-01 0.000000000e+00 7.795672957e-01 0.000000000e+00 0.000000000e+00 1.000000000e+00 0.000000000e+00
4.455729081e-01 -8.952456554e-01 0.000000000e+00 9.909726270e-01 8.952456554e-01 4.455729081e-01 0.000000000e+00 7.829005822e-01 0.000000000e+00 0.000000000e+00 1.000000000e+00 0.000000000e+00
4.432876514e-01 -8.963794164e-01 0.000000000e+00 9.921218517e-01 8.963794164e-01 4.432876514e-01 0.000000000e+00 7.862438243e-01 0.000000000e+00 0.000000000e+00 1.000000000e+00 0.000000000e+00
4.397615616e-01 -8.981145634e-01 0.000000000e+00 9.933106320e-01 8.981145634e-01 4.397615616e-01 0.000000000e+00 7.896696841e-01 0.000000000e+00 0.000000000e+00 1.000000000e+00 0.000000000e+00
4.361893786e-01 -8.998548916e-01 0.000000000e+00 9.944841043e-01 8.998548916e-01 4.361893786e-01 0.000000000e+00 7.930529474e-01 0.000000000e+00 0.000000000e+00 1.000000000e+00 0.000000000e+00
4.338294085e-01 -9.009950301e-01 0.000000000e+00 9.956721407e-01 9.009950301e-01 4.338294085e-01 0.000000000e+00 7.965285034e-01 0.000000000e+00 0.000000000e+00 1.000000000e+00 0.000000000e+00
4.304454738e-01 -9.026165820e-01 0.000000000e+00 9.968074002e-01 9.026165820e-01 4.304454738e-01 0.000000000e+00 7.999344404e-01 0.000000000e+00 0.000000000e+00 1.000000000e+00 0.000000000e+00
4.268896736e-01 -9.043037137e-01 0.000000000e+00 9.978824640e-01 9.043037137e-01 4.268896736e-01 0.000000000e+00 8.031948515e-01 0.000000000e+00 0.000000000e+00 1.000000000e+00 0.000000000e+00
4.246550310e-01 -9.053552367e-01 0.000000000e+00 9.989928451e-01 9.053552367e-01 4.246550310e-01 0.000000000e+00 8.066424179e-01 0.000000000e+00 0.000000000e+00 1.000000000e+00 0.000000000e+00
4.209514103e-01 -9.070831881e-01 0.000000000e+00 1.000152756e+00 9.070831881e-01 4.209514103e-01 0.000000000e+00 8.101873544e-01 0.000000000e+00 0.000000000e+00 1.000000000e+00 0.000000000e+00
4.171533850e-01 -9.088360982e-01 0.000000000e+00 1.001289569e+00 9.088360982e-01 4.171533850e-01 0.000000000e+00 8.136543734e-01 0.000000000e+00 0.000000000e+00 1.000000000e+00 0.000000000e+00
4.146456228e-01 -9.099829710e-01 0.000000000e+00 1.002401697e+00 9.099829710e-01 4.146456228e-01 0.000000000e+00 8.170924961e-01 0.000000000e+00 0.000000000e+00 1.000000000e+00 0.000000000e+00
4.107400990e-01 -9.117524725e-01 0.000000000e+00 1.003562784e+00 9.117524725e-01 4.107400990e-01 0.000000000e+00 8.206700836e-01 0.000000000e+00 0.000000000e+00 1.000000000e+00 0.000000000e+00
4.068322546e-01 -9.135028827e-01 0.000000000e+00 1.004619158e+00 9.135028827e-01 4.068322546e-01 0.000000000e+00 8.240317655e-01 0.000000000e+00 0.000000000e+00 1.000000000e+00 0.000000000e+00
4.041839018e-01 -9.146777430e-01 0.000000000e+00 1.005671743e+00 9.146777430e-01 4.041839018e-01 0.000000000e+00 8.274558211e-01 0.000000000e+00 0.000000000e+00 1.000000000e+00 0.000000000e+00
4.002371118e-01 -9.164116184e-01 0.000000000e+00 1.006791192e+00 9.164116184e-01 4.002371118e-01 0.000000000e+00 8.310764284e-01 0.000000000e+00 0.000000000e+00 1.000000000e+00 0.000000000e+00
3.961010813e-01 -9.182069121e-01 0.000000000e+00 1.007848814e+00 9.182069121e-01 3.961010813e-01 0.000000000e+00 8.344968158e-01 0.000000000e+00 0.000000000e+00 1.000000000e+00 0.000000000e+00
3.936718507e-01 -9.192510397e-01 0.000000000e+00 1.008894031e+00 9.192510397e-01 3.936718507e-01 0.000000000e+00 8.379403637e-01 0.000000000e+00 0.000000000e+00 1.000000000e+00 0.000000000e+00
3.888988760e-01 -9.212804482e-01 0.000000000e+00 1.010060460e+00 9.212804482e-01 3.888988760e-01 0.000000000e+00 8.417049062e-01 0.000000000e+00 0.000000000e+00 1.000000000e+00 0.000000000e+00
3.838306861e-01 -9.234034895e-01 0.000000000e+00 1.011103443e+00 9.234034895e-01 3.838306861e-01 0.000000000e+00 8.451363614e-01 0.000000000e+00 0.000000000e+00 1.000000000e+00 0.000000000e+00
3.803144968e-01 -9.248572233e-01 0.000000000e+00 1.012095250e+00 9.248572233e-01 3.803144968e-01 0.000000000e+00 8.485071278e-01 0.000000000e+00 0.000000000e+00 1.000000000e+00 0.000000000e+00
3.749652225e-01 -9.270388783e-01 0.000000000e+00 1.013176461e+00 9.270388783e-01 3.749652225e-01 0.000000000e+00 8.522015083e-01 0.000000000e+00 0.000000000e+00 1.000000000e+00 0.000000000e+00
3.696629468e-01 -9.291659194e-01 0.000000000e+00 1.014226739e+00 9.291659194e-01 3.696629468e-01 0.000000000e+00 8.557980461e-01 0.000000000e+00 0.000000000e+00 1.000000000e+00 0.000000000e+00
3.661845360e-01 -9.305422535e-01 0.000000000e+00 1.015260887e+00 9.305422535e-01 3.661845360e-01 0.000000000e+00 8.594091266e-01 0.000000000e+00 0.000000000e+00 1.000000000e+00 0.000000000e+00
3.609762646e-01 -9.325750031e-01 0.000000000e+00 1.016309556e+00 9.325750031e-01 3.609762646e-01 0.000000000e+00 8.630182732e-01 0.000000000e+00 0.000000000e+00 1.000000000e+00 0.000000000e+00
3.556942367e-01 -9.346023807e-01 0.000000000e+00 1.017341065e+00 9.346023807e-01 3.556942367e-01 0.000000000e+00 8.665722763e-01 0.000000000e+00 0.000000000e+00 1.000000000e+00 0.000000000e+00
3.521547092e-01 -9.359418042e-01 0.000000000e+00 1.018338203e+00 9.359418042e-01 3.521547092e-01 0.000000000e+00 8.700708221e-01 0.000000000e+00 0.000000000e+00 1.000000000e+00 0.000000000e+00
3.468401608e-01 -9.379242522e-01 0.000000000e+00 1.019382255e+00 9.379242522e-01 3.468401608e-01 0.000000000e+00 8.736934432e-01 0.000000000e+00 0.000000000e+00 1.000000000e+00 0.000000000e+00
3.416756440e-01 -9.398179368e-01 0.000000000e+00 1.020429612e+00 9.398179368e-01 3.416756440e-01 0.000000000e+00 8.773402076e-01 0.000000000e+00 0.000000000e+00 1.000000000e+00 0.000000000e+00
3.382206139e-01 -9.410668501e-01 0.000000000e+00 1.021428902e+00 9.410668501e-01 3.382206139e-01 0.000000000e+00 8.808669426e-01 0.000000000e+00 0.000000000e+00 1.000000000e+00 0.000000000e+00
3.329895967e-01 -9.429305003e-01 0.000000000e+00 1.022475401e+00 9.429305003e-01 3.329895967e-01 0.000000000e+00 8.845292556e-01 0.000000000e+00 0.000000000e+00 1.000000000e+00 0.000000000e+00
3.276961024e-01 -9.447831838e-01 0.000000000e+00 1.023527312e+00 9.447831838e-01 3.276961024e-01 0.000000000e+00 8.882189860e-01 0.000000000e+00 0.000000000e+00 1.000000000e+00 0.000000000e+00
3.242696579e-01 -9.459646870e-01 0.000000000e+00 1.024516984e+00 9.459646870e-01 3.242696579e-01 0.000000000e+00 8.917318602e-01 0.000000000e+00 0.000000000e+00 1.000000000e+00 0.000000000e+00
3.192846166e-01 -9.476588699e-01 0.000000000e+00 1.025521745e+00 9.476588699e-01 3.192846166e-01 0.000000000e+00 8.952784931e-01 0.000000000e+00 0.000000000e+00 1.000000000e+00 0.000000000e+00
3.148401782e-01 -9.491447003e-01 0.000000000e+00 1.026466939e+00 9.491447003e-01 3.148401782e-01 0.000000000e+00 8.988022514e-01 0.000000000e+00 0.000000000e+00 1.000000000e+00 0.000000000e+00
3.120364474e-01 -9.500701319e-01 0.000000000e+00 1.027387553e+00 9.500701319e-01 3.120364474e-01 0.000000000e+00 9.023029679e-01 0.000000000e+00 0.000000000e+00 1.000000000e+00 0.000000000e+00
3.077912348e-01 -9.514539168e-01 0.000000000e+00 1.028360549e+00 9.514539168e-01 3.077912348e-01 0.000000000e+00 9.059836144e-01 0.000000000e+00 0.000000000e+00 1.000000000e+00 0.000000000e+00
3.037281631e-01 -9.527587328e-01 0.000000000e+00 1.029279204e+00 9.527587328e-01 3.037281631e-01 0.000000000e+00 9.094620090e-01 0.000000000e+00 0.000000000e+00 1.000000000e+00 0.000000000e+00
3.013437555e-01 -9.535155694e-01 0.000000000e+00 1.030152503e+00 9.535155694e-01 3.013437555e-01 0.000000000e+00 9.127992824e-01 0.000000000e+00 0.000000000e+00 1.000000000e+00 0.000000000e+00
2.966665792e-01 -9.549811207e-01 0.000000000e+00 1.031932764e+00 9.549811207e-01 2.966665792e-01 0.000000000e+00 9.196394990e-01 0.000000000e+00 0.000000000e+00 1.000000000e+00 0.000000000e+00
2.961942579e-01 -9.551277200e-01 0.000000000e+00 1.032745799e+00 9.551277200e-01 2.961942579e-01 0.000000000e+00 9.229031658e-01 0.000000000e+00 0.000000000e+00 1.000000000e+00 0.000000000e+00
2.952939256e-01 -9.554064567e-01 0.000000000e+00 1.033572702e+00 9.554064567e-01 2.952939256e-01 0.000000000e+00 9.262900689e-01 0.000000000e+00 0.000000000e+00 1.000000000e+00 0.000000000e+00
2.944850819e-01 -9.556560765e-01 0.000000000e+00 1.034342784e+00 9.556560765e-01 2.944850819e-01 0.000000000e+00 9.294816130e-01 0.000000000e+00 0.000000000e+00 1.000000000e+00 0.000000000e+00
2.940430998e-01 -9.557921612e-01 0.000000000e+00 1.035160572e+00 9.557921612e-01 2.940430998e-01 0.000000000e+00 9.328763157e-01 0.000000000e+00 0.000000000e+00 1.000000000e+00 0.000000000e+00
2.932450055e-01 -9.560373250e-01 0.000000000e+00 1.035998694e+00 9.560373250e-01 2.932450055e-01 0.000000000e+00 9.363494309e-01 0.000000000e+00 0.000000000e+00 1.000000000e+00 0.000000000e+00
2.923801091e-01 -9.563021864e-01 0.000000000e+00 1.036773703e+00 9.563021864e-01 2.923801091e-01 0.000000000e+00 9.395609080e-01 0.000000000e+00 0.000000000e+00 1.000000000e+00 0.000000000e+00
2.918765689e-01 -9.564559940e-01 0.000000000e+00 1.037553928e+00 9.564559940e-01 2.918765689e-01 0.000000000e+00 9.428009025e-01 0.000000000e+00 0.000000000e+00 1.000000000e+00 0.000000000e+00
2.906660352e-01 -9.568245691e-01 0.000000000e+00 1.038337303e+00 9.568245691e-01 2.906660352e-01 0.000000000e+00 9.460610049e-01 0.000000000e+00 0.000000000e+00 1.000000000e+00 0.000000000e+00
2.893102407e-01 -9.572353862e-01 0.000000000e+00 1.039089367e+00 9.572353862e-01 2.893102407e-01 0.000000000e+00 9.493995135e-01 0.000000000e+00 0.000000000e+00 1.000000000e+00 0.000000000e+00
2.883912224e-01 -9.575126646e-01 0.000000000e+00 1.039842716e+00 9.575126646e-01 2.883912224e-01 0.000000000e+00 9.527657541e-01 0.000000000e+00 0.000000000e+00 1.000000000e+00 0.000000000e+00
2.868003838e-01 -9.579903652e-01 0.000000000e+00 1.040605984e+00 9.579903652e-01 2.868003838e-01 0.000000000e+00 9.561689341e-01 0.000000000e+00 0.000000000e+00 1.000000000e+00 0.000000000e+00
2.845452784e-01 -9.586626020e-01 0.000000000e+00 1.041368026e+00 9.586626020e-01 2.845452784e-01 0.000000000e+00 9.595434812e-01 0.000000000e+00 0.000000000e+00 1.000000000e+00 0.000000000e+00
2.826512381e-01 -9.592227466e-01 0.000000000e+00 1.042135027e+00 9.592227466e-01 2.826512381e-01 0.000000000e+00 9.629494939e-01 0.000000000e+00 0.000000000e+00 1.000000000e+00 0.000000000e+00
2.792201915e-01 -9.602271006e-01 0.000000000e+00 1.042952890e+00 9.602271006e-01 2.792201915e-01 0.000000000e+00 9.665413794e-01 0.000000000e+00 0.000000000e+00 1.000000000e+00 0.000000000e+00
2.746445711e-01 -9.615458177e-01 0.000000000e+00 1.043756815e+00 9.615458177e-01 2.746445711e-01 0.000000000e+00 9.701231852e-01 0.000000000e+00 0.000000000e+00 1.000000000e+00 0.000000000e+00
2.713227982e-01 -9.624884099e-01 0.000000000e+00 1.044533888e+00 9.624884099e-01 2.713227982e-01 0.000000000e+00 9.736894828e-01 0.000000000e+00 0.000000000e+00 1.000000000e+00 0.000000000e+00
2.611054526e-01 -9.653102831e-01 0.000000000e+00 1.046094081e+00 9.653102831e-01 2.611054526e-01 0.000000000e+00 9.809953418e-01 0.000000000e+00 0.000000000e+00 1.000000000e+00 0.000000000e+00
2.575910221e-01 -9.662540377e-01 0.000000000e+00 1.046873242e+00 9.662540377e-01 2.575910221e-01 0.000000000e+00 9.847248856e-01 0.000000000e+00 0.000000000e+00 1.000000000e+00 0.000000000e+00
2.524803676e-01 -9.676020173e-01 0.000000000e+00 1.047640465e+00 9.676020173e-01 2.524803676e-01 0.000000000e+00 9.883765990e-01 0.000000000e+00 0.000000000e+00 1.000000000e+00 0.000000000e+00
2.473175026e-01 -9.689344936e-01 0.000000000e+00 1.048364069e+00 9.689344936e-01 2.473175026e-01 0.000000000e+00 9.918318482e-01 0.000000000e+00 0.000000000e+00 1.000000000e+00 0.000000000e+00
2.440381751e-01 -9.697656259e-01 0.000000000e+00 1.049107423e+00 9.697656259e-01 2.440381751e-01 0.000000000e+00 9.954127759e-01 0.000000000e+00 0.000000000e+00 1.000000000e+00 0.000000000e+00
2.387481653e-01 -9.710815175e-01 0.000000000e+00 1.049906559e+00 9.710815175e-01 2.387481653e-01 0.000000000e+00 9.993473847e-01 0.000000000e+00 0.000000000e+00 1.000000000e+00 0.000000000e+00
2.336094103e-01 -9.723305217e-01 0.000000000e+00 1.050573779e+00 9.723305217e-01 2.336094103e-01 0.000000000e+00 1.002800633e+00 0.000000000e+00 0.000000000e+00 1.000000000e+00 0.000000000e+00
2.306045119e-01 -9.730475626e-01 0.000000000e+00 1.051244081e+00 9.730475626e-01 2.306045119e-01 0.000000000e+00 1.006332749e+00 0.000000000e+00 0.000000000e+00 1.000000000e+00 0.000000000e+00
2.261809892e-01 -9.740852941e-01 0.000000000e+00 1.051932448e+00 9.740852941e-01 2.261809892e-01 0.000000000e+00 1.009939124e+00 0.000000000e+00 0.000000000e+00 1.000000000e+00 0.000000000e+00
2.216108766e-01 -9.751351800e-01 0.000000000e+00 1.052626333e+00 9.751351800e-01 2.216108766e-01 0.000000000e+00 1.013576295e+00 0.000000000e+00 0.000000000e+00 1.000000000e+00 0.000000000e+00
2.185803493e-01 -9.758189540e-01 0.000000000e+00 1.053301481e+00 9.758189540e-01 2.185803493e-01 0.000000000e+00 1.017148597e+00 0.000000000e+00 0.000000000e+00 1.000000000e+00 0.000000000e+00
2.143062917e-01 -9.767665091e-01 0.000000000e+00 1.053992116e+00 9.767665091e-01 2.143062917e-01 0.000000000e+00 1.020792092e+00 0.000000000e+00 0.000000000e+00 1.000000000e+00 0.000000000e+00
2.096811625e-01 -9.777698145e-01 0.000000000e+00 1.054663396e+00 9.777698145e-01 2.096811625e-01 0.000000000e+00 1.024461082e+00 0.000000000e+00 0.000000000e+00 1.000000000e+00 0.000000000e+00
2.067023077e-01 -9.784038818e-01 0.000000000e+00 1.055307913e+00 9.784038818e-01 2.067023077e-01 0.000000000e+00 1.028069032e+00 0.000000000e+00 0.000000000e+00 1.000000000e+00 0.000000000e+00
2.023485862e-01 -9.793135604e-01 0.000000000e+00 1.055882085e+00 9.793135604e-01 2.023485862e-01 0.000000000e+00 1.031361887e+00 0.000000000e+00 0.000000000e+00 1.000000000e+00 0.000000000e+00
1.979595364e-01 -9.802101927e-01 0.000000000e+00 1.056476861e+00 9.802101927e-01 1.979595364e-01 0.000000000e+00 1.034794167e+00 0.000000000e+00 0.000000000e+00 1.000000000e+00 0.000000000e+00
1.950418694e-01 -9.807949170e-01 0.000000000e+00 1.057149370e+00 9.807949170e-01 1.950418694e-01 0.000000000e+00 1.038742788e+00 0.000000000e+00 0.000000000e+00 1.000000000e+00 0.000000000e+00
1.908061197e-01 -9.816277424e-01 0.000000000e+00 1.057760319e+00 9.816277424e-01 1.908061197e-01 0.000000000e+00 1.042344000e+00 0.000000000e+00 0.000000000e+00 1.000000000e+00 0.000000000e+00
1.864554853e-01 -9.824634100e-01 0.000000000e+00 1.058368954e+00 9.824634100e-01 1.864554853e-01 0.000000000e+00 1.045938563e+00 0.000000000e+00 0.000000000e+00 1.000000000e+00 0.000000000e+00
1.835795957e-01 -9.830048484e-01 0.000000000e+00 1.058976639e+00 9.830048484e-01 1.835795957e-01 0.000000000e+00 1.049521227e+00 0.000000000e+00 0.000000000e+00 1.000000000e+00 0.000000000e+00
1.790712289e-01 -9.838361118e-01 0.000000000e+00 1.059564910e+00 9.838361118e-01 1.790712289e-01 0.000000000e+00 1.053151810e+00 0.000000000e+00 0.000000000e+00 1.000000000e+00 0.000000000e+00
1.747223328e-01 -9.846177464e-01 0.000000000e+00 1.060132332e+00 9.846177464e-01 1.747223328e-01 0.000000000e+00 1.056808333e+00 0.000000000e+00 0.000000000e+00 1.000000000e+00 0.000000000e+00
1.717915220e-01 -9.851333275e-01 0.000000000e+00 1.060681806e+00 9.851333275e-01 1.717915220e-01 0.000000000e+00 1.060448849e+00 0.000000000e+00 0.000000000e+00 1.000000000e+00 0.000000000e+00
1.673280031e-01 -9.859012828e-01 0.000000000e+00 1.061247728e+00 9.859012828e-01 1.673280031e-01 0.000000000e+00 1.064182131e+00 0.000000000e+00 0.000000000e+00 1.000000000e+00 0.000000000e+00
1.629614255e-01 -9.866324411e-01 0.000000000e+00 1.061773580e+00 9.866324411e-01 1.629614255e-01 0.000000000e+00 1.067633334e+00 0.000000000e+00 0.000000000e+00 1.000000000e+00 0.000000000e+00
1.603033223e-01 -9.870678016e-01 0.000000000e+00 1.062314113e+00 9.870678016e-01 1.603033223e-01 0.000000000e+00 1.071199255e+00 0.000000000e+00 0.000000000e+00 1.000000000e+00 0.000000000e+00
1.558799578e-01 -9.877760064e-01 0.000000000e+00 1.062868613e+00 9.877760064e-01 1.558799578e-01 0.000000000e+00 1.074852365e+00 0.000000000e+00 0.000000000e+00 1.000000000e+00 0.000000000e+00
1.513729119e-01 -9.884767279e-01 0.000000000e+00 1.063393024e+00 9.884767279e-01 1.513729119e-01 0.000000000e+00 1.078481878e+00 0.000000000e+00 0.000000000e+00 1.000000000e+00 0.000000000e+00
1.483991169e-01 -9.889275515e-01 0.000000000e+00 1.063894996e+00 9.889275515e-01 1.483991169e-01 0.000000000e+00 1.082074068e+00 0.000000000e+00 0.000000000e+00 1.000000000e+00 0.000000000e+00
1.437747573e-01 -9.896104381e-01 0.000000000e+00 1.064376231e+00 9.896104381e-01 1.437747573e-01 0.000000000e+00 1.085707679e+00 0.000000000e+00 0.000000000e+00 1.000000000e+00 0.000000000e+00
1.394035923e-01 -9.902356479e-01 0.000000000e+00 1.064865641e+00 9.902356479e-01 1.394035923e-01 0.000000000e+00 1.089375111e+00 0.000000000e+00 0.000000000e+00 1.000000000e+00 0.000000000e+00
1.367097514e-01 -9.906111466e-01 0.000000000e+00 1.065355604e+00 9.906111466e-01 1.367097514e-01 0.000000000e+00 1.093045804e+00 0.000000000e+00 0.000000000e+00 1.000000000e+00 0.000000000e+00
1.321035198e-01 -9.912359255e-01 0.000000000e+00 1.065852182e+00 9.912359255e-01 1.321035198e-01 0.000000000e+00 1.096769009e+00 0.000000000e+00 0.000000000e+00 1.000000000e+00 0.000000000e+00
1.275723554e-01 -9.918292666e-01 0.000000000e+00 1.066312883e+00 9.918292666e-01 1.275723554e-01 0.000000000e+00 1.100223676e+00 0.000000000e+00 0.000000000e+00 1.000000000e+00 0.000000000e+00
1.245395676e-01 -9.922146422e-01 0.000000000e+00 1.066790673e+00 9.922146422e-01 1.245395676e-01 0.000000000e+00 1.103794686e+00 0.000000000e+00 0.000000000e+00 1.000000000e+00 0.000000000e+00
1.202148591e-01 -9.927478973e-01 0.000000000e+00 1.067222383e+00 9.927478973e-01 1.202148591e-01 0.000000000e+00 1.107466313e+00 0.000000000e+00 0.000000000e+00 1.000000000e+00 0.000000000e+00
1.157057430e-01 -9.932835351e-01 0.000000000e+00 1.067638773e+00 9.932835351e-01 1.157057430e-01 0.000000000e+00 1.111117390e+00 0.000000000e+00 0.000000000e+00 1.000000000e+00 0.000000000e+00
1.128477108e-01 -9.936122957e-01 0.000000000e+00 1.068064860e+00 9.936122957e-01 1.128477108e-01 0.000000000e+00 1.114729568e+00 0.000000000e+00 0.000000000e+00 1.000000000e+00 0.000000000e+00
1.084360113e-01 -9.941034310e-01 0.000000000e+00 1.068491248e+00 9.941034310e-01 1.084360113e-01 0.000000000e+00 1.118440644e+00 0.000000000e+00 0.000000000e+00 1.000000000e+00 0.000000000e+00
1.044474166e-01 -9.945304104e-01 0.000000000e+00 1.068891191e+00 9.945304104e-01 1.044474166e-01 0.000000000e+00 1.122006595e+00 0.000000000e+00 0.000000000e+00 1.000000000e+00 0.000000000e+00
1.020807363e-01 -9.947761172e-01 0.000000000e+00 1.069265165e+00 9.947761172e-01 1.020807363e-01 0.000000000e+00 1.125278357e+00 0.000000000e+00 0.000000000e+00 1.000000000e+00 0.000000000e+00
9.835876302e-02 -9.951510206e-01 0.000000000e+00 1.069649049e+00 9.951510206e-01 9.835876302e-02 0.000000000e+00 1.128657625e+00 0.000000000e+00 0.000000000e+00 1.000000000e+00 0.000000000e+00
9.455428608e-02 -9.955197070e-01 0.000000000e+00 1.070047730e+00 9.955197070e-01 9.455428608e-02 0.000000000e+00 1.132522852e+00 0.000000000e+00 0.000000000e+00 1.000000000e+00 0.000000000e+00
9.210121674e-02 -9.957496502e-01 0.000000000e+00 1.070421334e+00 9.957496502e-01 9.210121674e-02 0.000000000e+00 1.136261685e+00 0.000000000e+00 0.000000000e+00 1.000000000e+00 0.000000000e+00
8.830895491e-02 -9.960931324e-01 0.000000000e+00 1.070768265e+00 9.960931324e-01 8.830895491e-02 0.000000000e+00 1.139841512e+00 0.000000000e+00 0.000000000e+00 1.000000000e+00 0.000000000e+00
8.468073282e-02 -9.964081360e-01 0.000000000e+00 1.071118297e+00 9.964081360e-01 8.468073282e-02 0.000000000e+00 1.143460268e+00 0.000000000e+00 0.000000000e+00 1.000000000e+00 0.000000000e+00
8.244579637e-02 -9.965955502e-01 0.000000000e+00 1.071461741e+00 9.965955502e-01 8.244579637e-02 0.000000000e+00 1.147002516e+00 0.000000000e+00 0.000000000e+00 1.000000000e+00 0.000000000e+00
7.875777424e-02 -9.968937822e-01 0.000000000e+00 1.071800537e+00 9.968937822e-01 7.875777424e-02 0.000000000e+00 1.150518339e+00 0.000000000e+00 0.000000000e+00 1.000000000e+00 0.000000000e+00
7.511793604e-02 -9.971746566e-01 0.000000000e+00 1.072137363e+00 9.971746566e-01 7.511793604e-02 0.000000000e+00 1.154108163e+00 0.000000000e+00 0.000000000e+00 1.000000000e+00 0.000000000e+00
7.267253512e-02 -9.973558556e-01 0.000000000e+00 1.072468461e+00 9.973558556e-01 7.267253512e-02 0.000000000e+00 1.157685385e+00 0.000000000e+00 0.000000000e+00 1.000000000e+00 0.000000000e+00
6.905416481e-02 -9.976129121e-01 0.000000000e+00 1.072753818e+00 9.976129121e-01 6.905416481e-02 0.000000000e+00 1.161290436e+00 0.000000000e+00 0.000000000e+00 1.000000000e+00 0.000000000e+00
6.543501871e-02 -9.978568326e-01 0.000000000e+00 1.073035835e+00 9.978568326e-01 6.543501871e-02 0.000000000e+00 1.164867149e+00 0.000000000e+00 0.000000000e+00 1.000000000e+00 0.000000000e+00
6.295023229e-02 -9.980166673e-01 0.000000000e+00 1.073314039e+00 9.980166673e-01 6.295023229e-02 0.000000000e+00 1.168389738e+00 0.000000000e+00 0.000000000e+00 1.000000000e+00 0.000000000e+00
5.931211588e-02 -9.982394868e-01 0.000000000e+00 1.073608456e+00 9.982394868e-01 5.931211588e-02 0.000000000e+00 1.172144533e+00 0.000000000e+00 0.000000000e+00 1.000000000e+00 0.000000000e+00
5.568796908e-02 -9.984482210e-01 0.000000000e+00 1.073877870e+00 9.984482210e-01 5.568796908e-02 0.000000000e+00 1.175587583e+00 0.000000000e+00 0.000000000e+00 1.000000000e+00 0.000000000e+00
5.328870221e-02 -9.985791477e-01 0.000000000e+00 1.074169288e+00 9.985791477e-01 5.328870221e-02 0.000000000e+00 1.179160450e+00 0.000000000e+00 0.000000000e+00 1.000000000e+00 0.000000000e+00
4.970099928e-02 -9.987641417e-01 0.000000000e+00 1.074431016e+00 9.987641417e-01 4.970099928e-02 0.000000000e+00 1.182792448e+00 0.000000000e+00 0.000000000e+00 1.000000000e+00 0.000000000e+00
4.608951004e-02 -9.989373139e-01 0.000000000e+00 1.074650346e+00 9.989373139e-01 4.608951004e-02 0.000000000e+00 1.186349249e+00 0.000000000e+00 0.000000000e+00 1.000000000e+00 0.000000000e+00
4.363974115e-02 -9.990473327e-01 0.000000000e+00 1.074870068e+00 9.990473327e-01 4.363974115e-02 0.000000000e+00 1.189948789e+00 0.000000000e+00 0.000000000e+00 1.000000000e+00 0.000000000e+00
3.995448843e-02 -9.992015006e-01 0.000000000e+00 1.075111213e+00 9.992015006e-01 3.995448843e-02 0.000000000e+00 1.193943560e+00 0.000000000e+00 0.000000000e+00 1.000000000e+00 0.000000000e+00
3.638499546e-02 -9.993378468e-01 0.000000000e+00 1.075299894e+00 9.993378468e-01 3.638499546e-02 0.000000000e+00 1.197093904e+00 0.000000000e+00 0.000000000e+00 1.000000000e+00 0.000000000e+00
3.432672786e-02 -9.994106642e-01 0.000000000e+00 1.075516152e+00 9.994106642e-01 3.432672786e-02 0.000000000e+00 1.200657934e+00 0.000000000e+00 0.000000000e+00 1.000000000e+00 0.000000000e+00
3.075945174e-02 -9.995268161e-01 0.000000000e+00 1.075765020e+00 9.995268161e-01 3.075945174e-02 0.000000000e+00 1.204829477e+00 0.000000000e+00 0.000000000e+00 1.000000000e+00 0.000000000e+00
2.708716009e-02 -9.996330756e-01 0.000000000e+00 1.075938474e+00 9.996330756e-01 2.708716009e-02 0.000000000e+00 1.207911362e+00 0.000000000e+00 0.000000000e+00 1.000000000e+00 0.000000000e+00
2.472000554e-02 -9.996944140e-01 0.000000000e+00 1.076131538e+00 9.996944140e-01 2.472000554e-02 0.000000000e+00 1.211506217e+00 0.000000000e+00 0.000000000e+00 1.000000000e+00 0.000000000e+00
2.113140922e-02 -9.997767068e-01 0.000000000e+00 1.076288568e+00 9.997767068e-01 2.113140922e-02 0.000000000e+00 1.215223632e+00 0.000000000e+00 0.000000000e+00 1.000000000e+00 0.000000000e+00
1.754546967e-02 -9.998460664e-01 0.000000000e+00 1.076427978e+00 9.998460664e-01 1.754546967e-02 0.000000000e+00 1.218741897e+00 0.000000000e+00 0.000000000e+00 1.000000000e+00 0.000000000e+00
1.511392898e-02 -9.998857781e-01 0.000000000e+00 1.076557492e+00 9.998857781e-01 1.511392898e-02 0.000000000e+00 1.222110499e+00 0.000000000e+00 0.000000000e+00 1.000000000e+00 0.000000000e+00
1.142870701e-02 -9.999346902e-01 0.000000000e+00 1.076711772e+00 9.999346902e-01 1.142870701e-02 0.000000000e+00 1.225832982e+00 0.000000000e+00 0.000000000e+00 1.000000000e+00 0.000000000e+00
7.749188581e-03 -9.999699746e-01 0.000000000e+00 1.076861442e+00 9.999699746e-01 7.749188581e-03 0.000000000e+00 1.229470391e+00 0.000000000e+00 0.000000000e+00 1.000000000e+00 0.000000000e+00
5.308720381e-03 -9.999859086e-01 0.000000000e+00 1.077008694e+00 9.999859086e-01 5.308720381e-03 0.000000000e+00 1.232996957e+00 0.000000000e+00 0.000000000e+00 1.000000000e+00 0.000000000e+00
1.748231207e-03 -9.999984718e-01 0.000000000e+00 1.077114195e+00 9.999984718e-01 1.748231207e-03 0.000000000e+00 1.236608587e+00 0.000000000e+00 0.000000000e+00 1.000000000e+00 0.000000000e+00
-1.780189090e-03 -9.999984155e-01 0.000000000e+00 1.077200577e+00 9.999984155e-01 -1.780189090e-03 0.000000000e+00 1.240197177e+00 0.000000000e+00 0.000000000e+00 1.000000000e+00 0.000000000e+00
-4.153853565e-03 -9.999913727e-01 0.000000000e+00 1.077285851e+00 9.999913727e-01 -4.153853565e-03 0.000000000e+00 1.243726563e+00 0.000000000e+00 0.000000000e+00 1.000000000e+00 0.000000000e+00
-7.877149566e-03 -9.999689748e-01 0.000000000e+00 1.077369035e+00 9.999689748e-01 -7.877149566e-03 0.000000000e+00 1.247326566e+00 0.000000000e+00 0.000000000e+00 1.000000000e+00 0.000000000e+00
-1.141712301e-02 -9.999348225e-01 0.000000000e+00 1.077451986e+00 9.999348225e-01 -1.141712301e-02 0.000000000e+00 1.250931933e+00 0.000000000e+00 0.000000000e+00 1.000000000e+00 0.000000000e+00
-1.390404918e-02 -9.999033340e-01 0.000000000e+00 1.077536646e+00 9.999033340e-01 -1.390404918e-02 0.000000000e+00 1.254510011e+00 0.000000000e+00 0.000000000e+00 1.000000000e+00 0.000000000e+00
-2.113140922e-02 -9.997767068e-01 0.000000000e+00 1.077655855e+00 9.997767068e-01 -2.113140922e-02 0.000000000e+00 1.261726847e+00 0.000000000e+00 0.000000000e+00 1.000000000e+00 0.000000000e+00
-2.331253162e-02 -9.997282260e-01 0.000000000e+00 1.077688594e+00 9.997282260e-01 -2.331253162e-02 0.000000000e+00 1.265251641e+00 0.000000000e+00 0.000000000e+00 1.000000000e+00 0.000000000e+00
-2.685448448e-02 -9.996393533e-01 0.000000000e+00 1.077708476e+00 9.996393533e-01 -2.685448448e-02 0.000000000e+00 1.269269634e+00 0.000000000e+00 0.000000000e+00 1.000000000e+00 0.000000000e+00
-3.040767963e-02 -9.995375796e-01 0.000000000e+00 1.077722005e+00 9.995375796e-01 -3.040767963e-02 0.000000000e+00 1.272436061e+00 0.000000000e+00 0.000000000e+00 1.000000000e+00 0.000000000e+00
-3.255338936e-02 -9.994699980e-01 0.000000000e+00 1.077741933e+00 9.994699980e-01 -3.255338936e-02 0.000000000e+00 1.275974049e+00 0.000000000e+00 0.000000000e+00 1.000000000e+00 0.000000000e+00
-3.631526675e-02 -9.993403832e-01 0.000000000e+00 1.077756967e+00 9.993403832e-01 -3.631526675e-02 0.000000000e+00 1.279694339e+00 0.000000000e+00 0.000000000e+00 1.000000000e+00 0.000000000e+00
-3.995156129e-02 -9.992016177e-01 0.000000000e+00 1.077769480e+00 9.992016177e-01 -3.995156129e-02 0.000000000e+00 1.283331936e+00 0.000000000e+00 0.000000000e+00 1.000000000e+00 0.000000000e+00
-4.241036711e-02 -9.991002756e-01 0.000000000e+00 1.077784182e+00 9.991002756e-01 -4.241036711e-02 0.000000000e+00 1.286892712e+00 0.000000000e+00 0.000000000e+00 1.000000000e+00 0.000000000e+00
-4.582786491e-02 -9.989493515e-01 0.000000000e+00 1.077725868e+00 9.989493515e-01 -4.582786491e-02 0.000000000e+00 1.290426266e+00 0.000000000e+00 0.000000000e+00 1.000000000e+00 0.000000000e+00
-4.941346530e-02 -9.987784086e-01 0.000000000e+00 1.077664755e+00 9.987784086e-01 -4.941346530e-02 0.000000000e+00 1.293968472e+00 0.000000000e+00 0.000000000e+00 1.000000000e+00 0.000000000e+00
-5.186242439e-02 -9.986542389e-01 0.000000000e+00 1.077616196e+00 9.986542389e-01 -5.186242439e-02 0.000000000e+00 1.297590625e+00 0.000000000e+00 0.000000000e+00 1.000000000e+00 0.000000000e+00
-5.555714441e-02 -9.984555091e-01 0.000000000e+00 1.077563025e+00 9.984555091e-01 -5.555714441e-02 0.000000000e+00 1.301229146e+00 0.000000000e+00 0.000000000e+00 1.000000000e+00 0.000000000e+00
-5.917573568e-02 -9.982475807e-01 0.000000000e+00 1.077510086e+00 9.982475807e-01 -5.917573568e-02 0.000000000e+00 1.304797519e+00 0.000000000e+00 0.000000000e+00 1.000000000e+00 0.000000000e+00
-6.160302930e-02 -9.981007298e-01 0.000000000e+00 1.077459672e+00 9.981007298e-01 -6.160302930e-02 0.000000000e+00 1.308449536e+00 0.000000000e+00 0.000000000e+00 1.000000000e+00 0.000000000e+00
-6.531025075e-02 -9.978650065e-01 0.000000000e+00 1.077381639e+00 9.978650065e-01 -6.531025075e-02 0.000000000e+00 1.312108168e+00 0.000000000e+00 0.000000000e+00 1.000000000e+00 0.000000000e+00
-6.890618007e-02 -9.976231445e-01 0.000000000e+00 1.077270401e+00 9.976231445e-01 -6.890618007e-02 0.000000000e+00 1.315564882e+00 0.000000000e+00 0.000000000e+00 1.000000000e+00 0.000000000e+00
-7.123629656e-02 -9.974594679e-01 0.000000000e+00 1.077157696e+00 9.974594679e-01 -7.123629656e-02 0.000000000e+00 1.319101505e+00 0.000000000e+00 0.000000000e+00 1.000000000e+00 0.000000000e+00
-7.492075354e-02 -9.971894909e-01 0.000000000e+00 1.077034680e+00 9.971894909e-01 -7.492075354e-02 0.000000000e+00 1.322772398e+00 0.000000000e+00 0.000000000e+00 1.000000000e+00 0.000000000e+00
-7.853741655e-02 -9.969111667e-01 0.000000000e+00 1.076908398e+00 9.969111667e-01 -7.853741655e-02 0.000000000e+00 1.326518300e+00 0.000000000e+00 0.000000000e+00 1.000000000e+00 0.000000000e+00
-8.097600242e-02 -9.967160514e-01 0.000000000e+00 1.076798392e+00 9.967160514e-01 -8.097600242e-02 0.000000000e+00 1.330105160e+00 0.000000000e+00 0.000000000e+00 1.000000000e+00 0.000000000e+00
-8.462858955e-02 -9.964125661e-01 0.000000000e+00 1.076694495e+00 9.964125661e-01 -8.462858955e-02 0.000000000e+00 1.333606336e+00 0.000000000e+00 0.000000000e+00 1.000000000e+00 0.000000000e+00
-8.825682812e-02 -9.960977524e-01 0.000000000e+00 1.076530047e+00 9.960977524e-01 -8.825682812e-02 0.000000000e+00 1.337167086e+00 0.000000000e+00 0.000000000e+00 1.000000000e+00 0.000000000e+00
-9.071076679e-02 -9.958772800e-01 0.000000000e+00 1.076353375e+00 9.958772800e-01 -9.071076679e-02 0.000000000e+00 1.340726771e+00 0.000000000e+00 0.000000000e+00 1.000000000e+00 0.000000000e+00
-9.429366700e-02 -9.955444261e-01 0.000000000e+00 1.076160819e+00 9.955444261e-01 -9.429366700e-02 0.000000000e+00 1.344398709e+00 0.000000000e+00 0.000000000e+00 1.000000000e+00 0.000000000e+00
-9.786368464e-02 -9.951998288e-01 0.000000000e+00 1.075970705e+00 9.951998288e-01 -9.786368464e-02 0.000000000e+00 1.347988257e+00 0.000000000e+00 0.000000000e+00 1.000000000e+00 0.000000000e+00
-1.001909763e-01 -9.949682247e-01 0.000000000e+00 1.075787818e+00 9.949682247e-01 -1.001909763e-01 0.000000000e+00 1.351504132e+00 0.000000000e+00 0.000000000e+00 1.000000000e+00 0.000000000e+00
-1.037906748e-01 -9.945991634e-01 0.000000000e+00 1.075591086e+00 9.945991634e-01 -1.037906748e-01 0.000000000e+00 1.355210567e+00 0.000000000e+00 0.000000000e+00 1.000000000e+00 0.000000000e+00
-1.073515484e-01 -9.942211248e-01 0.000000000e+00 1.075392830e+00 9.942211248e-01 -1.073515484e-01 0.000000000e+00 1.358827655e+00 0.000000000e+00 0.000000000e+00 1.000000000e+00 0.000000000e+00
-1.096909518e-01 -9.939657414e-01 0.000000000e+00 1.075191557e+00 9.939657414e-01 -1.096909518e-01 0.000000000e+00 1.362258605e+00 0.000000000e+00 0.000000000e+00 1.000000000e+00 0.000000000e+00
-1.133969019e-01 -9.935497686e-01 0.000000000e+00 1.074958817e+00 9.935497686e-01 -1.133969019e-01 0.000000000e+00 1.365872215e+00 0.000000000e+00 0.000000000e+00 1.000000000e+00 0.000000000e+00
-1.171011427e-01 -9.931199940e-01 0.000000000e+00 1.074714644e+00 9.931199940e-01 -1.171011427e-01 0.000000000e+00 1.369500625e+00 0.000000000e+00 0.000000000e+00 1.000000000e+00 0.000000000e+00
-1.195476571e-01 -9.928284634e-01 0.000000000e+00 1.074441582e+00 9.928284634e-01 -1.195476571e-01 0.000000000e+00 1.373090457e+00 0.000000000e+00 0.000000000e+00 1.000000000e+00 0.000000000e+00
-1.231482076e-01 -9.923882904e-01 0.000000000e+00 1.074166872e+00 9.923882904e-01 -1.231482076e-01 0.000000000e+00 1.376770596e+00 0.000000000e+00 0.000000000e+00 1.000000000e+00 0.000000000e+00
-1.268885985e-01 -9.919169741e-01 0.000000000e+00 1.073925708e+00 9.919169741e-01 -1.268885985e-01 0.000000000e+00 1.380304065e+00 0.000000000e+00 0.000000000e+00 1.000000000e+00 0.000000000e+00
-1.293667135e-01 -9.915968200e-01 0.000000000e+00 1.073665468e+00 9.915968200e-01 -1.293667135e-01 0.000000000e+00 1.383789232e+00 0.000000000e+00 0.000000000e+00 1.000000000e+00 0.000000000e+00
-1.330636925e-01 -9.911074885e-01 0.000000000e+00 1.073379830e+00 9.911074885e-01 -1.330636925e-01 0.000000000e+00 1.387322291e+00 0.000000000e+00 0.000000000e+00 1.000000000e+00 0.000000000e+00
-1.368739748e-01 -9.905884690e-01 0.000000000e+00 1.073046671e+00 9.905884690e-01 -1.368739748e-01 0.000000000e+00 1.390944634e+00 0.000000000e+00 0.000000000e+00 1.000000000e+00 0.000000000e+00
-1.393863189e-01 -9.902380795e-01 0.000000000e+00 1.072728293e+00 9.902380795e-01 -1.393863189e-01 0.000000000e+00 1.394530460e+00 0.000000000e+00 0.000000000e+00 1.000000000e+00 0.000000000e+00
-1.431528846e-01 -9.897005869e-01 0.000000000e+00 1.072404384e+00 9.897005869e-01 -1.431528846e-01 0.000000000e+00 1.398234782e+00 0.000000000e+00 0.000000000e+00 1.000000000e+00 0.000000000e+00
-1.468340031e-01 -9.891611474e-01 0.000000000e+00 1.072055279e+00 9.891611474e-01 -1.468340031e-01 0.000000000e+00 1.401877803e+00 0.000000000e+00 0.000000000e+00 1.000000000e+00 0.000000000e+00
-1.493570459e-01 -9.887833296e-01 0.000000000e+00 1.071709194e+00 9.887833296e-01 -1.493570459e-01 0.000000000e+00 1.405454070e+00 0.000000000e+00 0.000000000e+00 1.000000000e+00 0.000000000e+00
-1.531553753e-01 -9.882021205e-01 0.000000000e+00 1.071366258e+00 9.882021205e-01 -1.531553753e-01 0.000000000e+00 1.409108632e+00 0.000000000e+00 0.000000000e+00 1.000000000e+00 0.000000000e+00
-1.568768781e-01 -9.876181677e-01 0.000000000e+00 1.071009288e+00 9.876181677e-01 -1.568768781e-01 0.000000000e+00 1.412632609e+00 0.000000000e+00 0.000000000e+00 1.000000000e+00 0.000000000e+00
-1.593126084e-01 -9.872281868e-01 0.000000000e+00 1.070635538e+00 9.872281868e-01 -1.593126084e-01 0.000000000e+00 1.416085869e+00 0.000000000e+00 0.000000000e+00 1.000000000e+00 0.000000000e+00
-1.631910700e-01 -9.865944834e-01 0.000000000e+00 1.070229042e+00 9.865944834e-01 -1.631910700e-01 0.000000000e+00 1.419689520e+00 0.000000000e+00 0.000000000e+00 1.000000000e+00 0.000000000e+00
-1.669265329e-01 -9.859693366e-01 0.000000000e+00 1.069878732e+00 9.859693366e-01 -1.669265329e-01 0.000000000e+00 1.422753366e+00 0.000000000e+00 0.000000000e+00 1.000000000e+00 0.000000000e+00
-1.691946448e-01 -9.855826562e-01 0.000000000e+00 1.069465085e+00 9.855826562e-01 -1.691946448e-01 0.000000000e+00 1.426671547e+00 0.000000000e+00 0.000000000e+00 1.000000000e+00 0.000000000e+00
-1.730437434e-01 -9.849141398e-01 0.000000000e+00 1.069032620e+00 9.849141398e-01 -1.730437434e-01 0.000000000e+00 1.430460972e+00 0.000000000e+00 0.000000000e+00 1.000000000e+00 0.000000000e+00
-1.767898094e-01 -9.842486288e-01 0.000000000e+00 1.068603753e+00 9.842486288e-01 -1.767898094e-01 0.000000000e+00 1.434025623e+00 0.000000000e+00 0.000000000e+00 1.000000000e+00 0.000000000e+00
-1.793602198e-01 -9.837834678e-01 0.000000000e+00 1.068172535e+00 9.837834678e-01 -1.793602198e-01 0.000000000e+00 1.437518840e+00 0.000000000e+00 0.000000000e+00 1.000000000e+00 0.000000000e+00
-1.831592751e-01 -9.830832518e-01 0.000000000e+00 1.067709139e+00 9.830832518e-01 -1.831592751e-01 0.000000000e+00 1.441139764e+00 0.000000000e+00 0.000000000e+00 1.000000000e+00 0.000000000e+00
-1.869869914e-01 -9.823623899e-01 0.000000000e+00 1.067228684e+00 9.823623899e-01 -1.869869914e-01 0.000000000e+00 1.444718374e+00 0.000000000e+00 0.000000000e+00 1.000000000e+00 0.000000000e+00
-1.895381887e-01 -9.818733498e-01 0.000000000e+00 1.066758363e+00 9.818733498e-01 -1.895381887e-01 0.000000000e+00 1.448363527e+00 0.000000000e+00 0.000000000e+00 1.000000000e+00 0.000000000e+00
-1.934124874e-01 -9.811175310e-01 0.000000000e+00 1.066269595e+00 9.811175310e-01 -1.934124874e-01 0.000000000e+00 1.452152831e+00 0.000000000e+00 0.000000000e+00 1.000000000e+00 0.000000000e+00
-1.972010740e-01 -9.803630636e-01 0.000000000e+00 1.065789328e+00 9.803630636e-01 -1.972010740e-01 0.000000000e+00 1.455539954e+00 0.000000000e+00 0.000000000e+00 1.000000000e+00 0.000000000e+00
-1.996159145e-01 -9.798742198e-01 0.000000000e+00 1.065308236e+00 9.798742198e-01 -1.996159145e-01 0.000000000e+00 1.458971713e+00 0.000000000e+00 0.000000000e+00 1.000000000e+00 0.000000000e+00
-2.036218048e-01 -9.790496211e-01 0.000000000e+00 1.064780353e+00 9.790496211e-01 -2.036218048e-01 0.000000000e+00 1.462660938e+00 0.000000000e+00 0.000000000e+00 1.000000000e+00 0.000000000e+00
-2.075730981e-01 -9.782195096e-01 0.000000000e+00 1.064237636e+00 9.782195096e-01 -2.075730981e-01 0.000000000e+00 1.466225586e+00 0.000000000e+00 0.000000000e+00 1.000000000e+00 0.000000000e+00
-2.102157889e-01 -9.776550118e-01 0.000000000e+00 1.063691679e+00 9.776550118e-01 -2.102157889e-01 0.000000000e+00 1.469765697e+00 0.000000000e+00 0.000000000e+00 1.000000000e+00 0.000000000e+00
-2.141414971e-01 -9.768026511e-01 0.000000000e+00 1.063118831e+00 9.768026511e-01 -2.141414971e-01 0.000000000e+00 1.473437195e+00 0.000000000e+00 0.000000000e+00 1.000000000e+00 0.000000000e+00
-2.180977972e-01 -9.759269188e-01 0.000000000e+00 1.062560699e+00 9.759269188e-01 -2.180977972e-01 0.000000000e+00 1.477000508e+00 0.000000000e+00 0.000000000e+00 1.000000000e+00 0.000000000e+00
-2.207513327e-01 -9.753301231e-01 0.000000000e+00 1.062014545e+00 9.753301231e-01 -2.207513327e-01 0.000000000e+00 1.480528649e+00 0.000000000e+00 0.000000000e+00 1.000000000e+00 0.000000000e+00
-2.247696666e-01 -9.744119237e-01 0.000000000e+00 1.061362543e+00 9.744119237e-01 -2.247696666e-01 0.000000000e+00 1.484603245e+00 0.000000000e+00 0.000000000e+00 1.000000000e+00 0.000000000e+00
-2.286397107e-01 -9.735111107e-01 0.000000000e+00 1.060850849e+00 9.735111107e-01 -2.286397107e-01 0.000000000e+00 1.487720593e+00 0.000000000e+00 0.000000000e+00 1.000000000e+00 0.000000000e+00
-2.309838079e-01 -9.729575944e-01 0.000000000e+00 1.060255829e+00 9.729575944e-01 -2.309838079e-01 0.000000000e+00 1.491245683e+00 0.000000000e+00 0.000000000e+00 1.000000000e+00 0.000000000e+00
-2.350600960e-01 -9.719808389e-01 0.000000000e+00 1.059599089e+00 9.719808389e-01 -2.350600960e-01 0.000000000e+00 1.494930704e+00 0.000000000e+00 0.000000000e+00 1.000000000e+00 0.000000000e+00
-2.390616585e-01 -9.710043890e-01 0.000000000e+00 1.058922744e+00 9.710043890e-01 -2.390616585e-01 0.000000000e+00 1.498590817e+00 0.000000000e+00 0.000000000e+00 1.000000000e+00 0.000000000e+00
-2.417045706e-01 -9.703498856e-01 0.000000000e+00 1.058306698e+00 9.703498856e-01 -2.417045706e-01 0.000000000e+00 1.502177004e+00 0.000000000e+00 0.000000000e+00 1.000000000e+00 0.000000000e+00
-2.456485670e-01 -9.693589539e-01 0.000000000e+00 1.057670451e+00 9.693589539e-01 -2.456485670e-01 0.000000000e+00 1.505828588e+00 0.000000000e+00 0.000000000e+00 1.000000000e+00 0.000000000e+00
-2.495350535e-01 -9.683657662e-01 0.000000000e+00 1.057057397e+00 9.683657662e-01 -2.495350535e-01 0.000000000e+00 1.509212322e+00 0.000000000e+00 0.000000000e+00 1.000000000e+00 0.000000000e+00
-2.520242962e-01 -9.677209071e-01 0.000000000e+00 1.056422846e+00 9.677209071e-01 -2.520242962e-01 0.000000000e+00 1.512493968e+00 0.000000000e+00 0.000000000e+00 1.000000000e+00 0.000000000e+00
-2.559266229e-01 -9.666962106e-01 0.000000000e+00 1.055731820e+00 9.666962106e-01 -2.559266229e-01 0.000000000e+00 1.515836896e+00 0.000000000e+00 0.000000000e+00 1.000000000e+00 0.000000000e+00
-2.599118988e-01 -9.656323342e-01 0.000000000e+00 1.054983657e+00 9.656323342e-01 -2.599118988e-01 0.000000000e+00 1.519537989e+00 0.000000000e+00 0.000000000e+00 1.000000000e+00 0.000000000e+00
-2.625961910e-01 -9.649058195e-01 0.000000000e+00 1.054233643e+00 9.649058195e-01 -2.625961910e-01 0.000000000e+00 1.523312090e+00 0.000000000e+00 0.000000000e+00 1.000000000e+00 0.000000000e+00
-2.665880141e-01 -9.638105783e-01 0.000000000e+00 1.053328874e+00 9.638105783e-01 -2.665880141e-01 0.000000000e+00 1.527835274e+00 0.000000000e+00 0.000000000e+00 1.000000000e+00 0.000000000e+00
-2.705360426e-01 -9.627098471e-01 0.000000000e+00 1.052783697e+00 9.627098471e-01 -2.705360426e-01 0.000000000e+00 1.530501223e+00 0.000000000e+00 0.000000000e+00 1.000000000e+00 0.000000000e+00
-2.731814246e-01 -9.619625301e-01 0.000000000e+00 1.052080981e+00 9.619625301e-01 -2.731814246e-01 0.000000000e+00 1.534015910e+00 0.000000000e+00 0.000000000e+00 1.000000000e+00 0.000000000e+00
-2.772392089e-01 -9.608009269e-01 0.000000000e+00 1.051280514e+00 9.608009269e-01 -2.772392089e-01 0.000000000e+00 1.537741813e+00 0.000000000e+00 0.000000000e+00 1.000000000e+00 0.000000000e+00
-2.811217810e-01 -9.596721025e-01 0.000000000e+00 1.050515645e+00 9.596721025e-01 -2.811217810e-01 0.000000000e+00 1.541195664e+00 0.000000000e+00 0.000000000e+00 1.000000000e+00 0.000000000e+00
-2.835718367e-01 -9.589509964e-01 0.000000000e+00 1.049714850e+00 9.589509964e-01 -2.835718367e-01 0.000000000e+00 1.544692889e+00 0.000000000e+00 0.000000000e+00 1.000000000e+00 0.000000000e+00
-2.875054168e-01 -9.577790117e-01 0.000000000e+00 1.048898538e+00 9.577790117e-01 -2.875054168e-01 0.000000000e+00 1.548300841e+00 0.000000000e+00 0.000000000e+00 1.000000000e+00 0.000000000e+00
-2.914424329e-01 -9.565883693e-01 0.000000000e+00 1.048141117e+00 9.565883693e-01 -2.914424329e-01 0.000000000e+00 1.551672679e+00 0.000000000e+00 0.000000000e+00 1.000000000e+00 0.000000000e+00
-2.940319635e-01 -9.557955872e-01 0.000000000e+00 1.047384915e+00 9.557955872e-01 -2.940319635e-01 0.000000000e+00 1.555183235e+00 0.000000000e+00 0.000000000e+00 1.000000000e+00 0.000000000e+00
-2.977331043e-01 -9.546491495e-01 0.000000000e+00 1.046527985e+00 9.546491495e-01 -2.977331043e-01 0.000000000e+00 1.558861966e+00 0.000000000e+00 0.000000000e+00 1.000000000e+00 0.000000000e+00
-3.016405927e-01 -9.534217077e-01 0.000000000e+00 1.045666674e+00 9.534217077e-01 -3.016405927e-01 0.000000000e+00 1.562296336e+00 0.000000000e+00 0.000000000e+00 1.000000000e+00 0.000000000e+00
-3.040801997e-01 -9.526464361e-01 0.000000000e+00 1.044807037e+00 9.526464361e-01 -3.040801997e-01 0.000000000e+00 1.565790368e+00 0.000000000e+00 0.000000000e+00 1.000000000e+00 0.000000000e+00
-3.080402408e-01 -9.513733284e-01 0.000000000e+00 1.043914719e+00 9.513733284e-01 -3.080402408e-01 0.000000000e+00 1.569405518e+00 0.000000000e+00 0.000000000e+00 1.000000000e+00 0.000000000e+00
-3.119480159e-01 -9.500991713e-01 0.000000000e+00 1.043081408e+00 9.500991713e-01 -3.119480159e-01 0.000000000e+00 1.572859940e+00 0.000000000e+00 0.000000000e+00 1.000000000e+00 0.000000000e+00
-3.145861938e-01 -9.492289116e-01 0.000000000e+00 1.042223365e+00 9.492289116e-01 -3.145861938e-01 0.000000000e+00 1.576335802e+00 0.000000000e+00 0.000000000e+00 1.000000000e+00 0.000000000e+00
-3.183444191e-01 -9.479751214e-01 0.000000000e+00 1.041303180e+00 9.479751214e-01 -3.183444191e-01 0.000000000e+00 1.579929186e+00 0.000000000e+00 0.000000000e+00 1.000000000e+00 0.000000000e+00
-3.220894536e-01 -9.467092394e-01 0.000000000e+00 1.040403682e+00 9.467092394e-01 -3.220894536e-01 0.000000000e+00 1.583410118e+00 0.000000000e+00 0.000000000e+00 1.000000000e+00 0.000000000e+00
-3.244209981e-01 -9.459127951e-01 0.000000000e+00 1.039493945e+00 9.459127951e-01 -3.244209981e-01 0.000000000e+00 1.586890882e+00 0.000000000e+00 0.000000000e+00 1.000000000e+00 0.000000000e+00
-3.283968746e-01 -9.445398312e-01 0.000000000e+00 1.038437223e+00 9.445398312e-01 -3.283968746e-01 0.000000000e+00 1.590668551e+00 0.000000000e+00 0.000000000e+00 1.000000000e+00 0.000000000e+00
-3.321995268e-01 -9.432091361e-01 0.000000000e+00 1.037571933e+00 9.432091361e-01 -3.321995268e-01 0.000000000e+00 1.593795076e+00 0.000000000e+00 0.000000000e+00 1.000000000e+00 0.000000000e+00
-3.346731848e-01 -9.423342610e-01 0.000000000e+00 1.036741581e+00 9.423342610e-01 -3.346731848e-01 0.000000000e+00 1.596855950e+00 0.000000000e+00 0.000000000e+00 1.000000000e+00 0.000000000e+00
-3.385627522e-01 -9.409438149e-01 0.000000000e+00 1.035717770e+00 9.409438149e-01 -3.385627522e-01 0.000000000e+00 1.600604061e+00 0.000000000e+00 0.000000000e+00 1.000000000e+00 0.000000000e+00
-3.424000654e-01 -9.395542535e-01 0.000000000e+00 1.034671186e+00 9.395542535e-01 -3.424000654e-01 0.000000000e+00 1.604400849e+00 0.000000000e+00 0.000000000e+00 1.000000000e+00 0.000000000e+00
-3.450006456e-01 -9.386024476e-01 0.000000000e+00 1.033723285e+00 9.386024476e-01 -3.450006456e-01 0.000000000e+00 1.607789275e+00 0.000000000e+00 0.000000000e+00 1.000000000e+00 0.000000000e+00
-3.488855671e-01 -9.371653328e-01 0.000000000e+00 1.032660955e+00 9.371653328e-01 -3.488855671e-01 0.000000000e+00 1.611346633e+00 0.000000000e+00 0.000000000e+00 1.000000000e+00 0.000000000e+00
-3.527563413e-01 -9.357152151e-01 0.000000000e+00 1.031597517e+00 9.357152151e-01 -3.527563413e-01 0.000000000e+00 1.614826700e+00 0.000000000e+00 0.000000000e+00 1.000000000e+00 0.000000000e+00
-3.553435120e-01 -9.347357854e-01 0.000000000e+00 1.030602004e+00 9.347357854e-01 -3.553435120e-01 0.000000000e+00 1.618284949e+00 0.000000000e+00 0.000000000e+00 1.000000000e+00 0.000000000e+00
-3.591472096e-01 -9.332809233e-01 0.000000000e+00 1.029552884e+00 9.332809233e-01 -3.591472096e-01 0.000000000e+00 1.621813025e+00 0.000000000e+00 0.000000000e+00 1.000000000e+00 0.000000000e+00
-3.629856482e-01 -9.317947302e-01 0.000000000e+00 1.028481284e+00 9.317947302e-01 -3.629856482e-01 0.000000000e+00 1.625300511e+00 0.000000000e+00 0.000000000e+00 1.000000000e+00 0.000000000e+00
-3.655944069e-01 -9.307742635e-01 0.000000000e+00 1.027488783e+00 9.307742635e-01 -3.655944069e-01 0.000000000e+00 1.628480856e+00 0.000000000e+00 0.000000000e+00 1.000000000e+00 0.000000000e+00
-3.693845469e-01 -9.292766308e-01 0.000000000e+00 1.026483285e+00 9.292766308e-01 -3.693845469e-01 0.000000000e+00 1.631649759e+00 0.000000000e+00 0.000000000e+00 1.000000000e+00 0.000000000e+00
-3.732981412e-01 -9.277114302e-01 0.000000000e+00 1.025237823e+00 9.277114302e-01 -3.732981412e-01 0.000000000e+00 1.635503847e+00 0.000000000e+00 0.000000000e+00 1.000000000e+00 0.000000000e+00
-3.759089325e-01 -9.266566109e-01 0.000000000e+00 1.024085477e+00 9.266566109e-01 -3.759089325e-01 0.000000000e+00 1.639125283e+00 0.000000000e+00 0.000000000e+00 1.000000000e+00 0.000000000e+00
-3.796768476e-01 -9.251191768e-01 0.000000000e+00 1.023012372e+00 9.251191768e-01 -3.796768476e-01 0.000000000e+00 1.642515027e+00 0.000000000e+00 0.000000000e+00 1.000000000e+00 0.000000000e+00
-3.834653460e-01 -9.235552655e-01 0.000000000e+00 1.021893156e+00 9.235552655e-01 -3.834653460e-01 0.000000000e+00 1.645966622e+00 0.000000000e+00 0.000000000e+00 1.000000000e+00 0.000000000e+00
-3.860750806e-01 -9.224673610e-01 0.000000000e+00 1.020763368e+00 9.224673610e-01 -3.860750806e-01 0.000000000e+00 1.649406170e+00 0.000000000e+00 0.000000000e+00 1.000000000e+00 0.000000000e+00
-3.899544919e-01 -9.208341296e-01 0.000000000e+00 1.019485459e+00 9.208341296e-01 -3.899544919e-01 0.000000000e+00 1.653046141e+00 0.000000000e+00 0.000000000e+00 1.000000000e+00 0.000000000e+00
-3.936825612e-01 -9.192464528e-01 0.000000000e+00 1.018341846e+00 9.192464528e-01 -3.936825612e-01 0.000000000e+00 1.656343256e+00 0.000000000e+00 0.000000000e+00 1.000000000e+00 0.000000000e+00
-3.959542340e-01 -9.182702459e-01 0.000000000e+00 1.017191218e+00 9.182702459e-01 -3.959542340e-01 0.000000000e+00 1.659727009e+00 0.000000000e+00 0.000000000e+00 1.000000000e+00 0.000000000e+00
-3.998398134e-01 -9.165850335e-01 0.000000000e+00 1.015942847e+00 9.165850335e-01 -3.998398134e-01 0.000000000e+00 1.663197637e+00 0.000000000e+00 0.000000000e+00 1.000000000e+00 0.000000000e+00
-4.036224647e-01 -9.149256287e-01 0.000000000e+00 1.014731286e+00 9.149256287e-01 -4.036224647e-01 0.000000000e+00 1.666595759e+00 0.000000000e+00 0.000000000e+00 1.000000000e+00 0.000000000e+00
-4.062210429e-01 -9.137748433e-01 0.000000000e+00 1.013575617e+00 9.137748433e-01 -4.062210429e-01 0.000000000e+00 1.669977255e+00 0.000000000e+00 0.000000000e+00 1.000000000e+00 0.000000000e+00
-4.099256573e-01 -9.121189371e-01 0.000000000e+00 1.012316430e+00 9.121189371e-01 -4.099256573e-01 0.000000000e+00 1.673403490e+00 0.000000000e+00 0.000000000e+00 1.000000000e+00 0.000000000e+00
-4.137957266e-01 -9.103697582e-01 0.000000000e+00 1.011020919e+00 9.103697582e-01 -4.137957266e-01 0.000000000e+00 1.676802816e+00 0.000000000e+00 0.000000000e+00 1.000000000e+00 0.000000000e+00
-4.163707226e-01 -9.091949303e-01 0.000000000e+00 1.009709248e+00 9.091949303e-01 -4.163707226e-01 0.000000000e+00 1.680275859e+00 0.000000000e+00 0.000000000e+00 1.000000000e+00 0.000000000e+00
-4.200302650e-01 -9.075100972e-01 0.000000000e+00 1.008403154e+00 9.075100972e-01 -4.200302650e-01 0.000000000e+00 1.683710862e+00 0.000000000e+00 0.000000000e+00 1.000000000e+00 0.000000000e+00
-4.238674633e-01 -9.057242260e-01 0.000000000e+00 1.007155552e+00 9.057242260e-01 -4.238674633e-01 0.000000000e+00 1.686981022e+00 0.000000000e+00 0.000000000e+00 1.000000000e+00 0.000000000e+00
-4.264845536e-01 -9.044948455e-01 0.000000000e+00 1.005889787e+00 9.044948455e-01 -4.264845536e-01 0.000000000e+00 1.690323086e+00 0.000000000e+00 0.000000000e+00 1.000000000e+00 0.000000000e+00
-4.302931861e-01 -9.026891901e-01 0.000000000e+00 1.004565818e+00 9.026891901e-01 -4.302931861e-01 0.000000000e+00 1.693777545e+00 0.000000000e+00 0.000000000e+00 1.000000000e+00 0.000000000e+00
-4.341124675e-01 -9.008586824e-01 0.000000000e+00 1.003197340e+00 9.008586824e-01 -4.341124675e-01 0.000000000e+00 1.697175879e+00 0.000000000e+00 0.000000000e+00 1.000000000e+00 0.000000000e+00
-4.366787907e-01 -8.996174930e-01 0.000000000e+00 1.001863970e+00 8.996174930e-01 -4.366787907e-01 0.000000000e+00 1.700514513e+00 0.000000000e+00 0.000000000e+00 1.000000000e+00 0.000000000e+00
-4.404536845e-01 -8.977753348e-01 0.000000000e+00 1.000494334e+00 8.977753348e-01 -4.404536845e-01 0.000000000e+00 1.703932568e+00 0.000000000e+00 0.000000000e+00 1.000000000e+00 0.000000000e+00
-4.443198820e-01 -8.958682060e-01 0.000000000e+00 9.991023399e-01 8.958682060e-01 -4.443198820e-01 0.000000000e+00 1.707273483e+00 0.000000000e+00 0.000000000e+00 1.000000000e+00 0.000000000e+00
-4.468875424e-01 -8.945901433e-01 0.000000000e+00 9.977326200e-01 8.945901433e-01 -4.468875424e-01 0.000000000e+00 1.710570796e+00 0.000000000e+00 0.000000000e+00 1.000000000e+00 0.000000000e+00
-4.506438444e-01 -8.927038285e-01 0.000000000e+00 9.962913745e-01 8.927038285e-01 -4.506438444e-01 0.000000000e+00 1.714160870e+00 0.000000000e+00 0.000000000e+00 1.000000000e+00 0.000000000e+00
-4.542859594e-01 -8.908559183e-01 0.000000000e+00 9.949069200e-01 8.908559183e-01 -4.542859594e-01 0.000000000e+00 1.717420570e+00 0.000000000e+00 0.000000000e+00 1.000000000e+00 0.000000000e+00
-4.565493298e-01 -8.896981002e-01 0.000000000e+00 9.934563731e-01 8.896981002e-01 -4.565493298e-01 0.000000000e+00 1.720694411e+00 0.000000000e+00 0.000000000e+00 1.000000000e+00 0.000000000e+00
-4.603960420e-01 -8.877136275e-01 0.000000000e+00 9.919903293e-01 8.877136275e-01 -4.603960420e-01 0.000000000e+00 1.724011864e+00 0.000000000e+00 0.000000000e+00 1.000000000e+00 0.000000000e+00
-4.641104642e-01 -8.857773293e-01 0.000000000e+00 9.905236401e-01 8.857773293e-01 -4.641104642e-01 0.000000000e+00 1.727333945e+00 0.000000000e+00 0.000000000e+00 1.000000000e+00 0.000000000e+00
-4.666773657e-01 -8.844276320e-01 0.000000000e+00 9.890208476e-01 8.844276320e-01 -4.666773657e-01 0.000000000e+00 1.730757132e+00 0.000000000e+00 0.000000000e+00 1.000000000e+00 0.000000000e+00
-4.704344297e-01 -8.824349536e-01 0.000000000e+00 9.875207290e-01 8.824349536e-01 -4.704344297e-01 0.000000000e+00 1.734147432e+00 0.000000000e+00 0.000000000e+00 1.000000000e+00 0.000000000e+00
-4.741932434e-01 -8.804207903e-01 0.000000000e+00 9.860881681e-01 8.804207903e-01 -4.741932434e-01 0.000000000e+00 1.737376074e+00 0.000000000e+00 0.000000000e+00 1.000000000e+00 0.000000000e+00
-4.766934156e-01 -8.790696147e-01 0.000000000e+00 9.847165270e-01 8.790696147e-01 -4.766934156e-01 0.000000000e+00 1.740373939e+00 0.000000000e+00 0.000000000e+00 1.000000000e+00 0.000000000e+00
-4.803433989e-01 -8.770805089e-01 0.000000000e+00 9.832816003e-01 8.770805089e-01 -4.803433989e-01 0.000000000e+00 1.743469303e+00 0.000000000e+00 0.000000000e+00 1.000000000e+00 0.000000000e+00
-4.841072525e-01 -8.750086674e-01 0.000000000e+00 9.814884891e-01 8.750086674e-01 -4.841072525e-01 0.000000000e+00 1.747178571e+00 0.000000000e+00 0.000000000e+00 1.000000000e+00 0.000000000e+00
-4.866378375e-01 -8.736038090e-01 0.000000000e+00 9.798824237e-01 8.736038090e-01 -4.866378375e-01 0.000000000e+00 1.750558641e+00 0.000000000e+00 0.000000000e+00 1.000000000e+00 0.000000000e+00
-4.901508684e-01 -8.716376117e-01 0.000000000e+00 9.781811587e-01 8.716376117e-01 -4.901508684e-01 0.000000000e+00 1.754149171e+00 0.000000000e+00 0.000000000e+00 1.000000000e+00 0.000000000e+00
-4.938558742e-01 -8.695437744e-01 0.000000000e+00 9.767847817e-01 8.695437744e-01 -4.938558742e-01 0.000000000e+00 1.757062302e+00 0.000000000e+00 0.000000000e+00 1.000000000e+00 0.000000000e+00
-4.963301418e-01 -8.681338551e-01 0.000000000e+00 9.751881320e-01 8.681338551e-01 -4.963301418e-01 0.000000000e+00 1.760374016e+00 0.000000000e+00 0.000000000e+00 1.000000000e+00 0.000000000e+00
-4.999848932e-01 -8.660341255e-01 0.000000000e+00 9.735492220e-01 8.660341255e-01 -4.999848932e-01 0.000000000e+00 1.763681027e+00 0.000000000e+00 0.000000000e+00 1.000000000e+00 0.000000000e+00
-5.036910405e-01 -8.638838670e-01 0.000000000e+00 9.718603666e-01 8.638838670e-01 -5.036910405e-01 0.000000000e+00 1.766927639e+00 0.000000000e+00 0.000000000e+00 1.000000000e+00 0.000000000e+00
-5.061542031e-01 -8.624429968e-01 0.000000000e+00 9.701649243e-01 8.624429968e-01 -5.061542031e-01 0.000000000e+00 1.770170017e+00 0.000000000e+00 0.000000000e+00 1.000000000e+00 0.000000000e+00
-5.097473056e-01 -8.603241741e-01 0.000000000e+00 9.685929223e-01 8.603241741e-01 -5.097473056e-01 0.000000000e+00 1.773327937e+00 0.000000000e+00 0.000000000e+00 1.000000000e+00 0.000000000e+00
-5.133814758e-01 -8.581605096e-01 0.000000000e+00 9.669649973e-01 8.581605096e-01 -5.133814758e-01 0.000000000e+00 1.776542643e+00 0.000000000e+00 0.000000000e+00 1.000000000e+00 0.000000000e+00
-5.158157752e-01 -8.566995308e-01 0.000000000e+00 9.652844392e-01 8.566995308e-01 -5.158157752e-01 0.000000000e+00 1.779819213e+00 0.000000000e+00 0.000000000e+00 1.000000000e+00 0.000000000e+00
-5.193799430e-01 -8.545434306e-01 0.000000000e+00 9.635794940e-01 8.545434306e-01 -5.193799430e-01 0.000000000e+00 1.782986398e+00 0.000000000e+00 0.000000000e+00 1.000000000e+00 0.000000000e+00
-5.230490481e-01 -8.523025832e-01 0.000000000e+00 9.618739052e-01 8.523025832e-01 -5.230490481e-01 0.000000000e+00 1.786137436e+00 0.000000000e+00 0.000000000e+00 1.000000000e+00 0.000000000e+00
-5.254939242e-01 -8.507973529e-01 0.000000000e+00 9.601386586e-01 8.507973529e-01 -5.254939242e-01 0.000000000e+00 1.789410225e+00 0.000000000e+00 0.000000000e+00 1.000000000e+00 0.000000000e+00
-5.291222356e-01 -8.485456144e-01 0.000000000e+00 9.583875349e-01 8.485456144e-01 -5.291222356e-01 0.000000000e+00 1.792623501e+00 0.000000000e+00 0.000000000e+00 1.000000000e+00 0.000000000e+00
-5.326547452e-01 -8.463326310e-01 0.000000000e+00 9.566451354e-01 8.463326310e-01 -5.326547452e-01 0.000000000e+00 1.795763337e+00 0.000000000e+00 0.000000000e+00 1.000000000e+00 0.000000000e+00
-5.349472194e-01 -8.448854789e-01 0.000000000e+00 9.549081328e-01 8.448854789e-01 -5.349472194e-01 0.000000000e+00 1.798953105e+00 0.000000000e+00 0.000000000e+00 1.000000000e+00 0.000000000e+00
-5.385673658e-01 -8.425824544e-01 0.000000000e+00 9.531299745e-01 8.425824544e-01 -5.385673658e-01 0.000000000e+00 1.802135889e+00 0.000000000e+00 0.000000000e+00 1.000000000e+00 0.000000000e+00
-5.420626835e-01 -8.403380553e-01 0.000000000e+00 9.512335079e-01 8.403380553e-01 -5.420626835e-01 0.000000000e+00 1.805343195e+00 0.000000000e+00 0.000000000e+00 1.000000000e+00 0.000000000e+00
-5.444340938e-01 -8.388036227e-01 0.000000000e+00 9.494396932e-01 8.388036227e-01 -5.444340938e-01 0.000000000e+00 1.808458849e+00 0.000000000e+00 0.000000000e+00 1.000000000e+00 0.000000000e+00
-5.479015225e-01 -8.365428391e-01 0.000000000e+00 9.476863719e-01 8.365428391e-01 -5.479015225e-01 0.000000000e+00 1.811534894e+00 0.000000000e+00 0.000000000e+00 1.000000000e+00 0.000000000e+00
-5.514007769e-01 -8.342404829e-01 0.000000000e+00 9.458083522e-01 8.342404829e-01 -5.514007769e-01 0.000000000e+00 1.814705145e+00 0.000000000e+00 0.000000000e+00 1.000000000e+00 0.000000000e+00
-5.537161745e-01 -8.327054690e-01 0.000000000e+00 9.439403918e-01 8.327054690e-01 -5.537161745e-01 0.000000000e+00 1.817869655e+00 0.000000000e+00 0.000000000e+00 1.000000000e+00 0.000000000e+00
-5.571630914e-01 -8.304030886e-01 0.000000000e+00 9.420964210e-01 8.304030886e-01 -5.571630914e-01 0.000000000e+00 1.820984950e+00 0.000000000e+00 0.000000000e+00 1.000000000e+00 0.000000000e+00
-5.607040259e-01 -8.280163014e-01 0.000000000e+00 9.402942794e-01 8.280163014e-01 -5.607040259e-01 0.000000000e+00 1.823897765e+00 0.000000000e+00 0.000000000e+00 1.000000000e+00 0.000000000e+00
-5.630669691e-01 -8.264112707e-01 0.000000000e+00 9.385419501e-01 8.264112707e-01 -5.630669691e-01 0.000000000e+00 1.826679680e+00 0.000000000e+00 0.000000000e+00 1.000000000e+00 0.000000000e+00
-5.666051773e-01 -8.239894253e-01 0.000000000e+00 9.364953973e-01 8.239894253e-01 -5.666051773e-01 0.000000000e+00 1.830024264e+00 0.000000000e+00 0.000000000e+00 1.000000000e+00 0.000000000e+00
-5.701258034e-01 -8.215574042e-01 0.000000000e+00 9.344497392e-01 8.215574042e-01 -5.701258034e-01 0.000000000e+00 1.833356893e+00 0.000000000e+00 0.000000000e+00 1.000000000e+00 0.000000000e+00
-5.724631070e-01 -8.199304794e-01 0.000000000e+00 9.325379548e-01 8.199304794e-01 -5.724631070e-01 0.000000000e+00 1.836443114e+00 0.000000000e+00 0.000000000e+00 1.000000000e+00 0.000000000e+00
-5.759591815e-01 -8.174784531e-01 0.000000000e+00 9.305549549e-01 8.174784531e-01 -5.759591815e-01 0.000000000e+00 1.839513610e+00 0.000000000e+00 0.000000000e+00 1.000000000e+00 0.000000000e+00
-5.794803492e-01 -8.149862115e-01 0.000000000e+00 9.285296093e-01 8.149862115e-01 -5.794803492e-01 0.000000000e+00 1.842610311e+00 0.000000000e+00 0.000000000e+00 1.000000000e+00 0.000000000e+00
-5.818319873e-01 -8.133090056e-01 0.000000000e+00 9.265061031e-01 8.133090056e-01 -5.818319873e-01 0.000000000e+00 1.845673488e+00 0.000000000e+00 0.000000000e+00 1.000000000e+00 0.000000000e+00
-5.852100851e-01 -8.108817154e-01 0.000000000e+00 9.244809305e-01 8.108817154e-01 -5.852100851e-01 0.000000000e+00 1.848702436e+00 0.000000000e+00 0.000000000e+00 1.000000000e+00 0.000000000e+00
-5.886909225e-01 -8.083582113e-01 0.000000000e+00 9.224114261e-01 8.083582113e-01 -5.886909225e-01 0.000000000e+00 1.851767996e+00 0.000000000e+00 0.000000000e+00 1.000000000e+00 0.000000000e+00
-5.910093601e-01 -8.066646988e-01 0.000000000e+00 9.205988826e-01 8.066646988e-01 -5.910093601e-01 0.000000000e+00 1.854527997e+00 0.000000000e+00 0.000000000e+00 1.000000000e+00 0.000000000e+00
-5.944228652e-01 -8.041526331e-01 0.000000000e+00 9.187042028e-01 8.041526331e-01 -5.944228652e-01 0.000000000e+00 1.857408281e+00 0.000000000e+00 0.000000000e+00 1.000000000e+00 0.000000000e+00
-5.978187013e-01 -8.016313369e-01 0.000000000e+00 9.164460572e-01 8.016313369e-01 -5.978187013e-01 0.000000000e+00 1.860554902e+00 0.000000000e+00 0.000000000e+00 1.000000000e+00 0.000000000e+00
-6.000503087e-01 -7.999622660e-01 0.000000000e+00 9.142382008e-01 7.999622660e-01 -6.000503087e-01 0.000000000e+00 1.863691136e+00 0.000000000e+00 0.000000000e+00 1.000000000e+00 0.000000000e+00
-6.033518110e-01 -7.974751358e-01 0.000000000e+00 9.120474692e-01 7.974751358e-01 -6.033518110e-01 0.000000000e+00 1.866842208e+00 0.000000000e+00 0.000000000e+00 1.000000000e+00 0.000000000e+00
-6.067123917e-01 -7.949214261e-01 0.000000000e+00 9.099833577e-01 7.949214261e-01 -6.067123917e-01 0.000000000e+00 1.869711257e+00 0.000000000e+00 0.000000000e+00 1.000000000e+00 0.000000000e+00
-6.087891067e-01 -7.933321017e-01 0.000000000e+00 9.079216863e-01 7.933321017e-01 -6.087891067e-01 0.000000000e+00 1.872579561e+00 0.000000000e+00 0.000000000e+00 1.000000000e+00 0.000000000e+00
-6.118676158e-01 -7.909601891e-01 0.000000000e+00 9.057025949e-01 7.909601891e-01 -6.118676158e-01 0.000000000e+00 1.875667080e+00 0.000000000e+00 0.000000000e+00 1.000000000e+00 0.000000000e+00
-6.146133632e-01 -7.888285072e-01 0.000000000e+00 9.037233257e-01 7.888285072e-01 -6.146133632e-01 0.000000000e+00 1.878363985e+00 0.000000000e+00 0.000000000e+00 1.000000000e+00 0.000000000e+00
-6.161999895e-01 -7.875897237e-01 0.000000000e+00 9.016199441e-01 7.875897237e-01 -6.161999895e-01 0.000000000e+00 1.881207726e+00 0.000000000e+00 0.000000000e+00 1.000000000e+00 0.000000000e+00
-6.188768880e-01 -7.854879996e-01 0.000000000e+00 8.993680529e-01 7.854879996e-01 -6.188768880e-01 0.000000000e+00 1.884144165e+00 0.000000000e+00 0.000000000e+00 1.000000000e+00 0.000000000e+00
-6.215147499e-01 -7.834024609e-01 0.000000000e+00 8.972609584e-01 7.834024609e-01 -6.215147499e-01 0.000000000e+00 1.886908353e+00 0.000000000e+00 0.000000000e+00 1.000000000e+00 0.000000000e+00
-6.230836180e-01 -7.821552307e-01 0.000000000e+00 8.951324747e-01 7.821552307e-01 -6.230836180e-01 0.000000000e+00 1.889734669e+00 0.000000000e+00 0.000000000e+00 1.000000000e+00 0.000000000e+00
-6.253130184e-01 -7.803740315e-01 0.000000000e+00 8.929307915e-01 7.803740315e-01 -6.253130184e-01 0.000000000e+00 1.892587735e+00 0.000000000e+00 0.000000000e+00 1.000000000e+00 0.000000000e+00
-6.271704031e-01 -7.788820742e-01 0.000000000e+00 8.908311500e-01 7.788820742e-01 -6.271704031e-01 0.000000000e+00 1.895278464e+00 0.000000000e+00 0.000000000e+00 1.000000000e+00 0.000000000e+00
-6.282550616e-01 -7.780074405e-01 0.000000000e+00 8.886455382e-01 7.780074405e-01 -6.282550616e-01 0.000000000e+00 1.897999202e+00 0.000000000e+00 0.000000000e+00 1.000000000e+00 0.000000000e+00
-6.299817952e-01 -7.766099006e-01 0.000000000e+00 8.865147580e-01 7.766099006e-01 -6.299817952e-01 0.000000000e+00 1.900651050e+00 0.000000000e+00 0.000000000e+00 1.000000000e+00 0.000000000e+00
-6.317655225e-01 -7.751595478e-01 0.000000000e+00 8.845276677e-01 7.751595478e-01 -6.317655225e-01 0.000000000e+00 1.903123408e+00 0.000000000e+00 0.000000000e+00 1.000000000e+00 0.000000000e+00
-6.329012814e-01 -7.742325025e-01 0.000000000e+00 8.822583414e-01 7.742325025e-01 -6.329012814e-01 0.000000000e+00 1.905978571e+00 0.000000000e+00 0.000000000e+00 1.000000000e+00 0.000000000e+00
-6.346158495e-01 -7.728277450e-01 0.000000000e+00 8.798386727e-01 7.728277450e-01 -6.346158495e-01 0.000000000e+00 1.909010040e+00 0.000000000e+00 0.000000000e+00 1.000000000e+00 0.000000000e+00
-6.362308400e-01 -7.714987480e-01 0.000000000e+00 8.776702136e-01 7.714987480e-01 -6.362308400e-01 0.000000000e+00 1.911576024e+00 0.000000000e+00 0.000000000e+00 1.000000000e+00 0.000000000e+00
-6.373365499e-01 -7.705855710e-01 0.000000000e+00 8.754095607e-01 7.705855710e-01 -6.373365499e-01 0.000000000e+00 1.914228639e+00 0.000000000e+00 0.000000000e+00 1.000000000e+00 0.000000000e+00
-6.389870998e-01 -7.692174506e-01 0.000000000e+00 8.730861431e-01 7.692174506e-01 -6.389870998e-01 0.000000000e+00 1.916937565e+00 0.000000000e+00 0.000000000e+00 1.000000000e+00 0.000000000e+00
-6.401320422e-01 -7.682649078e-01 0.000000000e+00 8.708129980e-01 7.682649078e-01 -6.401320422e-01 0.000000000e+00 1.919547386e+00 0.000000000e+00 0.000000000e+00 1.000000000e+00 0.000000000e+00
-6.417887924e-01 -7.668814419e-01 0.000000000e+00 8.683970853e-01 7.668814419e-01 -6.417887924e-01 0.000000000e+00 1.922325783e+00 0.000000000e+00 0.000000000e+00 1.000000000e+00 0.000000000e+00
-6.434447441e-01 -7.654925612e-01 0.000000000e+00 8.661486405e-01 7.654925612e-01 -6.434447441e-01 0.000000000e+00 1.924933114e+00 0.000000000e+00 0.000000000e+00 1.000000000e+00 0.000000000e+00
-6.445752260e-01 -7.645408937e-01 0.000000000e+00 8.639955179e-01 7.645408937e-01 -6.445752260e-01 0.000000000e+00 1.927366825e+00 0.000000000e+00 0.000000000e+00 1.000000000e+00 0.000000000e+00
-6.462194565e-01 -7.631516324e-01 0.000000000e+00 8.618806216e-01 7.631516324e-01 -6.462194565e-01 0.000000000e+00 1.929713791e+00 0.000000000e+00 0.000000000e+00 1.000000000e+00 0.000000000e+00
-6.478606927e-01 -7.617588351e-01 0.000000000e+00 8.592732445e-01 7.617588351e-01 -6.478606927e-01 0.000000000e+00 1.932568631e+00 0.000000000e+00 0.000000000e+00 1.000000000e+00 0.000000000e+00
-6.494569080e-01 -7.603983986e-01 0.000000000e+00 8.569622362e-01 7.603983986e-01 -6.494569080e-01 0.000000000e+00 1.935080021e+00 0.000000000e+00 0.000000000e+00 1.000000000e+00 0.000000000e+00
-6.504737688e-01 -7.595287197e-01 0.000000000e+00 8.547649536e-01 7.595287197e-01 -6.504737688e-01 0.000000000e+00 1.937439525e+00 0.000000000e+00 0.000000000e+00 1.000000000e+00 0.000000000e+00
-6.521005844e-01 -7.581324606e-01 0.000000000e+00 8.523349118e-01 7.581324606e-01 -6.521005844e-01 0.000000000e+00 1.940041969e+00 0.000000000e+00 0.000000000e+00 1.000000000e+00 0.000000000e+00
-6.537046023e-01 -7.567498219e-01 0.000000000e+00 8.497109984e-01 7.567498219e-01 -6.537046023e-01 0.000000000e+00 1.942836867e+00 0.000000000e+00 0.000000000e+00 1.000000000e+00 0.000000000e+00
-6.548441429e-01 -7.557639503e-01 0.000000000e+00 8.473142843e-01 7.557639503e-01 -6.548441429e-01 0.000000000e+00 1.945319535e+00 0.000000000e+00 0.000000000e+00 1.000000000e+00 0.000000000e+00
-6.565769797e-01 -7.542590203e-01 0.000000000e+00 8.448724764e-01 7.542590203e-01 -6.565769797e-01 0.000000000e+00 1.947822946e+00 0.000000000e+00 0.000000000e+00 1.000000000e+00 0.000000000e+00
-6.577806669e-01 -7.532095288e-01 0.000000000e+00 8.423825666e-01 7.532095288e-01 -6.577806669e-01 0.000000000e+00 1.950324550e+00 0.000000000e+00 0.000000000e+00 1.000000000e+00 0.000000000e+00
-6.594814081e-01 -7.517208739e-01 0.000000000e+00 8.400680397e-01 7.517208739e-01 -6.594814081e-01 0.000000000e+00 1.952679829e+00 0.000000000e+00 0.000000000e+00 1.000000000e+00 0.000000000e+00
-6.612703828e-01 -7.501476394e-01 0.000000000e+00 8.378547056e-01 7.501476394e-01 -6.612703828e-01 0.000000000e+00 1.954941513e+00 0.000000000e+00 0.000000000e+00 1.000000000e+00 0.000000000e+00
-6.624500921e-01 -7.491060509e-01 0.000000000e+00 8.351996882e-01 7.491060509e-01 -6.624500921e-01 0.000000000e+00 1.957544040e+00 0.000000000e+00 0.000000000e+00 1.000000000e+00 0.000000000e+00
-6.642111291e-01 -7.475450327e-01 0.000000000e+00 8.324921780e-01 7.475450327e-01 -6.642111291e-01 0.000000000e+00 1.960182054e+00 0.000000000e+00 0.000000000e+00 1.000000000e+00 0.000000000e+00
-6.659945127e-01 -7.459566402e-01 0.000000000e+00 8.299266223e-01 7.459566402e-01 -6.659945127e-01 0.000000000e+00 1.962669588e+00 0.000000000e+00 0.000000000e+00 1.000000000e+00 0.000000000e+00
-6.680252248e-01 -7.441386289e-01 0.000000000e+00 8.273828072e-01 7.441386289e-01 -6.680252248e-01 0.000000000e+00 1.965079712e+00 0.000000000e+00 0.000000000e+00 1.000000000e+00 0.000000000e+00
-6.694137196e-01 -7.428898115e-01 0.000000000e+00 8.248068248e-01 7.428898115e-01 -6.694137196e-01 0.000000000e+00 1.967513367e+00 0.000000000e+00 0.000000000e+00 1.000000000e+00 0.000000000e+00
-6.736405147e-01 -7.390591701e-01 0.000000000e+00 8.195607954e-01 7.390591701e-01 -6.736405147e-01 0.000000000e+00 1.972474389e+00 0.000000000e+00 0.000000000e+00 1.000000000e+00 0.000000000e+00
-6.750581720e-01 -7.377645047e-01 0.000000000e+00 8.168964576e-01 7.377645047e-01 -6.750581720e-01 0.000000000e+00 1.974825221e+00 0.000000000e+00 0.000000000e+00 1.000000000e+00 0.000000000e+00
-6.770900401e-01 -7.359001818e-01 0.000000000e+00 8.140532787e-01 7.359001818e-01 -6.770900401e-01 0.000000000e+00 1.977397313e+00 0.000000000e+00 0.000000000e+00 1.000000000e+00 0.000000000e+00
-6.792790925e-01 -7.338800409e-01 0.000000000e+00 8.118009224e-01 7.338800409e-01 -6.792790925e-01 0.000000000e+00 1.979426684e+00 0.000000000e+00 0.000000000e+00 1.000000000e+00 0.000000000e+00
-6.807165965e-01 -7.325468690e-01 0.000000000e+00 8.090932866e-01 7.325468690e-01 -6.807165965e-01 0.000000000e+00 1.981802563e+00 0.000000000e+00 0.000000000e+00 1.000000000e+00 0.000000000e+00
-6.827978533e-01 -7.306073443e-01 0.000000000e+00 8.062606928e-01 7.306073443e-01 -6.827978533e-01 0.000000000e+00 1.984319332e+00 0.000000000e+00 0.000000000e+00 1.000000000e+00 0.000000000e+00
-6.848651182e-01 -7.286698635e-01 0.000000000e+00 8.038330571e-01 7.286698635e-01 -6.848651182e-01 0.000000000e+00 1.986489930e+00 0.000000000e+00 0.000000000e+00 1.000000000e+00 0.000000000e+00
-6.862056632e-01 -7.274075802e-01 0.000000000e+00 8.010437189e-01 7.274075802e-01 -6.862056632e-01 0.000000000e+00 1.988804722e+00 0.000000000e+00 0.000000000e+00 1.000000000e+00 0.000000000e+00
-6.884389661e-01 -7.252942782e-01 0.000000000e+00 7.983397375e-01 7.252942782e-01 -6.884389661e-01 0.000000000e+00 1.991052651e+00 0.000000000e+00 0.000000000e+00 1.000000000e+00 0.000000000e+00
-6.906194887e-01 -7.232183085e-01 0.000000000e+00 7.958966370e-01 7.232183085e-01 -6.906194887e-01 0.000000000e+00 1.993068855e+00 0.000000000e+00 0.000000000e+00 1.000000000e+00 0.000000000e+00
-6.921179835e-01 -7.217843840e-01 0.000000000e+00 7.930078466e-01 7.217843840e-01 -6.921179835e-01 0.000000000e+00 1.995449972e+00 0.000000000e+00 0.000000000e+00 1.000000000e+00 0.000000000e+00
-6.944365452e-01 -7.195539484e-01 0.000000000e+00 7.900825492e-01 7.195539484e-01 -6.944365452e-01 0.000000000e+00 1.997883120e+00 0.000000000e+00 0.000000000e+00 1.000000000e+00 0.000000000e+00
-6.961154016e-01 -7.179299045e-01 0.000000000e+00 7.873919120e-01 7.179299045e-01 -6.961154016e-01 0.000000000e+00 2.000044412e+00 0.000000000e+00 0.000000000e+00 1.000000000e+00 0.000000000e+00
-6.983674098e-01 -7.157394505e-01 0.000000000e+00 7.845507481e-01 7.157394505e-01 -6.983674098e-01 0.000000000e+00 2.002299509e+00 0.000000000e+00 0.000000000e+00 1.000000000e+00 0.000000000e+00
-7.006913826e-01 -7.134644955e-01 0.000000000e+00 7.815545805e-01 7.134644955e-01 -7.006913826e-01 0.000000000e+00 2.004627809e+00 0.000000000e+00 0.000000000e+00 1.000000000e+00 0.000000000e+00
-7.031878988e-01 -7.110040639e-01 0.000000000e+00 7.789428093e-01 7.110040639e-01 -7.031878988e-01 0.000000000e+00 2.006687356e+00 0.000000000e+00 0.000000000e+00 1.000000000e+00 0.000000000e+00
-7.048736092e-01 -7.093329226e-01 0.000000000e+00 7.761977364e-01 7.093329226e-01 -7.048736092e-01 0.000000000e+00 2.008829232e+00 0.000000000e+00 0.000000000e+00 1.000000000e+00 0.000000000e+00
-7.077009677e-01 -7.065120949e-01 0.000000000e+00 7.732324223e-01 7.065120949e-01 -7.077009677e-01 0.000000000e+00 2.011114999e+00 0.000000000e+00 0.000000000e+00 1.000000000e+00 0.000000000e+00
-7.097224020e-01 -7.044814491e-01 0.000000000e+00 7.704199392e-01 7.044814491e-01 -7.097224020e-01 0.000000000e+00 2.013237063e+00 0.000000000e+00 0.000000000e+00 1.000000000e+00 0.000000000e+00
-7.128221569e-01 -7.013448315e-01 0.000000000e+00 7.674750594e-01 7.013448315e-01 -7.128221569e-01 0.000000000e+00 2.015446588e+00 0.000000000e+00 0.000000000e+00 1.000000000e+00 0.000000000e+00
-7.160461429e-01 -6.980529502e-01 0.000000000e+00 7.643932184e-01 6.980529502e-01 -7.160461429e-01 0.000000000e+00 2.017679198e+00 0.000000000e+00 0.000000000e+00 1.000000000e+00 0.000000000e+00
-7.184764117e-01 -6.955513251e-01 0.000000000e+00 7.614026077e-01 6.955513251e-01 -7.184764117e-01 0.000000000e+00 2.019822310e+00 0.000000000e+00 0.000000000e+00 1.000000000e+00 0.000000000e+00
-7.219897101e-01 -6.919037928e-01 0.000000000e+00 7.584261640e-01 6.919037928e-01 -7.219897101e-01 0.000000000e+00 2.021996455e+00 0.000000000e+00 0.000000000e+00 1.000000000e+00 0.000000000e+00
-7.255565656e-01 -6.881625318e-01 0.000000000e+00 7.553120504e-01 6.881625318e-01 -7.255565656e-01 0.000000000e+00 2.024264586e+00 0.000000000e+00 0.000000000e+00 1.000000000e+00 0.000000000e+00
-7.289367596e-01 -6.845810402e-01 0.000000000e+00 7.524301352e-01 6.845810402e-01 -7.289367596e-01 0.000000000e+00 2.026362066e+00 0.000000000e+00 0.000000000e+00 1.000000000e+00 0.000000000e+00
-7.310620097e-01 -6.823110273e-01 0.000000000e+00 7.493021271e-01 6.823110273e-01 -7.310620097e-01 0.000000000e+00 2.028460967e+00 0.000000000e+00 0.000000000e+00 1.000000000e+00 0.000000000e+00
-7.346166527e-01 -6.784824048e-01 0.000000000e+00 7.461573694e-01 6.784824048e-01 -7.346166527e-01 0.000000000e+00 2.030594873e+00 0.000000000e+00 0.000000000e+00 1.000000000e+00 0.000000000e+00
-7.369411990e-01 -6.759568546e-01 0.000000000e+00 7.432541605e-01 6.759568546e-01 -7.369411990e-01 0.000000000e+00 2.032540177e+00 0.000000000e+00 0.000000000e+00 1.000000000e+00 0.000000000e+00
-7.403315528e-01 -6.722419147e-01 0.000000000e+00 7.402241620e-01 6.722419147e-01 -7.403315528e-01 0.000000000e+00 2.034606135e+00 0.000000000e+00 0.000000000e+00 1.000000000e+00 0.000000000e+00
-7.436623415e-01 -6.685553992e-01 0.000000000e+00 7.372323286e-01 6.685553992e-01 -7.436623415e-01 0.000000000e+00 2.036648762e+00 0.000000000e+00 0.000000000e+00 1.000000000e+00 0.000000000e+00
-7.457822648e-01 -6.661897729e-01 0.000000000e+00 7.342081390e-01 6.661897729e-01 -7.457822648e-01 0.000000000e+00 2.038605961e+00 0.000000000e+00 0.000000000e+00 1.000000000e+00 0.000000000e+00
-7.488265552e-01 -6.627660147e-01 0.000000000e+00 7.310692630e-01 6.627660147e-01 -7.488265552e-01 0.000000000e+00 2.040621893e+00 0.000000000e+00 0.000000000e+00 1.000000000e+00 0.000000000e+00
-7.519740558e-01 -6.591927028e-01 0.000000000e+00 7.279311882e-01 6.591927028e-01 -7.519740558e-01 0.000000000e+00 2.042584675e+00 0.000000000e+00 0.000000000e+00 1.000000000e+00 0.000000000e+00
-7.539610081e-01 -6.569191718e-01 0.000000000e+00 7.248366152e-01 6.569191718e-01 -7.539610081e-01 0.000000000e+00 2.044503839e+00 0.000000000e+00 0.000000000e+00 1.000000000e+00 0.000000000e+00
-7.568182577e-01 -6.536253704e-01 0.000000000e+00 7.216228725e-01 6.536253704e-01 -7.568182577e-01 0.000000000e+00 2.046518282e+00 0.000000000e+00 0.000000000e+00 1.000000000e+00 0.000000000e+00
-7.596611395e-01 -6.503191163e-01 0.000000000e+00 7.184764005e-01 6.503191163e-01 -7.596611395e-01 0.000000000e+00 2.048474424e+00 0.000000000e+00 0.000000000e+00 1.000000000e+00 0.000000000e+00
-7.616853515e-01 -6.479470853e-01 0.000000000e+00 7.154775161e-01 6.479470853e-01 -7.616853515e-01 0.000000000e+00 2.050280505e+00 0.000000000e+00 0.000000000e+00 1.000000000e+00 0.000000000e+00
-7.643402496e-01 -6.448131380e-01 0.000000000e+00 7.123936527e-01 6.448131380e-01 -7.643402496e-01 0.000000000e+00 2.052102332e+00 0.000000000e+00 0.000000000e+00 1.000000000e+00 0.000000000e+00
-7.672957385e-01 -6.412934194e-01 0.000000000e+00 7.094134559e-01 6.412934194e-01 -7.672957385e-01 0.000000000e+00 2.053844644e+00 0.000000000e+00 0.000000000e+00 1.000000000e+00 0.000000000e+00
-7.692583117e-01 -6.389379077e-01 0.000000000e+00 7.066077005e-01 6.389379077e-01 -7.692583117e-01 0.000000000e+00 2.055455866e+00 0.000000000e+00 0.000000000e+00 1.000000000e+00 0.000000000e+00
-7.722292811e-01 -6.353439521e-01 0.000000000e+00 7.029791296e-01 6.353439521e-01 -7.722292811e-01 0.000000000e+00 2.057514615e+00 0.000000000e+00 0.000000000e+00 1.000000000e+00 0.000000000e+00
-7.749352857e-01 -6.320405864e-01 0.000000000e+00 6.994883586e-01 6.320405864e-01 -7.749352857e-01 0.000000000e+00 2.059497729e+00 0.000000000e+00 0.000000000e+00 1.000000000e+00 0.000000000e+00
-7.777789631e-01 -6.285378943e-01 0.000000000e+00 6.965213558e-01 6.285378943e-01 -7.777789631e-01 0.000000000e+00 2.061203627e+00 0.000000000e+00 0.000000000e+00 1.000000000e+00 0.000000000e+00
-7.795967294e-01 -6.262818371e-01 0.000000000e+00 6.932800908e-01 6.262818371e-01 -7.795967294e-01 0.000000000e+00 2.062942033e+00 0.000000000e+00 0.000000000e+00 1.000000000e+00 0.000000000e+00
-7.824415349e-01 -6.227240516e-01 0.000000000e+00 6.899949061e-01 6.227240516e-01 -7.824415349e-01 0.000000000e+00 2.064710407e+00 0.000000000e+00 0.000000000e+00 1.000000000e+00 0.000000000e+00
-7.841828660e-01 -6.205298000e-01 0.000000000e+00 6.869135610e-01 6.205298000e-01 -7.841828660e-01 0.000000000e+00 2.066310310e+00 0.000000000e+00 0.000000000e+00 1.000000000e+00 0.000000000e+00
-7.868452667e-01 -6.171503272e-01 0.000000000e+00 6.835847558e-01 6.171503272e-01 -7.868452667e-01 0.000000000e+00 2.068060973e+00 0.000000000e+00 0.000000000e+00 1.000000000e+00 0.000000000e+00
-7.894145369e-01 -6.138604801e-01 0.000000000e+00 6.802689347e-01 6.138604801e-01 -7.894145369e-01 0.000000000e+00 2.069801298e+00 0.000000000e+00 0.000000000e+00 1.000000000e+00 0.000000000e+00
-7.911843962e-01 -6.115776739e-01 0.000000000e+00 6.772185277e-01 6.115776739e-01 -7.911843962e-01 0.000000000e+00 2.071383484e+00 0.000000000e+00 0.000000000e+00 1.000000000e+00 0.000000000e+00
-7.937728273e-01 -6.082143525e-01 0.000000000e+00 6.739826450e-01 6.082143525e-01 -7.937728273e-01 0.000000000e+00 2.073044551e+00 0.000000000e+00 0.000000000e+00 1.000000000e+00 0.000000000e+00
